gene	iso_a	iso_b	idx_a	idx_b	domain_count	gap	ft_a	ft_b	len_a	len_b	top_go_idx	top_go_gap
ENSG00000165269	BambuTx1020	ENST00000537089.5	19	26839	0	0.05658	Type0_NoDomain	Type0_NoDomain	273	311	39	0.31008
ENSG00000165269	ENST00000297988.6	ENST00000537089.5	6630	26839	0	0.05127	Type0_NoDomain	Type0_NoDomain	342	311	39	0.26747
ENSG00000165269	ENST00000377425.8	ENST00000537089.5	15850	26839	0	0.05987	Type0_NoDomain	Type0_NoDomain	216	311	39	0.33557
ENSG00000158169	BambuTx1054	ENST00000289081.8	47	5968	0	0.0781	Type0_NoDomain	Type0_NoDomain	117	558	44	0.36864
ENSG00000158169	BambuTx1054	ENST00000289081.8	47	5969	0	0.0781	Type0_NoDomain	Type0_NoDomain	117	558	44	0.36864
ENSG00000158169	BambuTx1054	ENST00000433644.2	47	21094	0	0.05106	Type0_NoDomain	Type0_NoDomain	117	145	44	0.33296
ENSG00000158169	BambuTx1054	ENST00000433644.2	47	21095	0	0.05106	Type0_NoDomain	Type0_NoDomain	117	145	44	0.33296
ENSG00000158169	BambuTx1054	ENST00000289081.8	48	5968	0	0.0781	Type0_NoDomain	Type0_NoDomain	117	558	44	0.36864
ENSG00000158169	BambuTx1054	ENST00000289081.8	48	5969	0	0.0781	Type0_NoDomain	Type0_NoDomain	117	558	44	0.36864
ENSG00000158169	BambuTx1054	ENST00000433644.2	48	21094	0	0.05106	Type0_NoDomain	Type0_NoDomain	117	145	44	0.33296
ENSG00000158169	BambuTx1054	ENST00000433644.2	48	21095	0	0.05106	Type0_NoDomain	Type0_NoDomain	117	145	44	0.33296
ENSG00000158169	BambuTx1055	ENST00000289081.8	49	5968	0	0.0781	Type0_NoDomain	Type0_NoDomain	117	558	44	0.36864
ENSG00000158169	BambuTx1055	ENST00000289081.8	49	5969	0	0.0781	Type0_NoDomain	Type0_NoDomain	117	558	44	0.36864
ENSG00000158169	BambuTx1055	ENST00000433644.2	49	21094	0	0.05106	Type0_NoDomain	Type0_NoDomain	117	145	44	0.33296
ENSG00000158169	BambuTx1055	ENST00000433644.2	49	21095	0	0.05106	Type0_NoDomain	Type0_NoDomain	117	145	44	0.33296
ENSG00000158169	BambuTx1055	ENST00000289081.8	50	5968	0	0.0781	Type0_NoDomain	Type0_NoDomain	117	558	44	0.36864
ENSG00000158169	BambuTx1055	ENST00000289081.8	50	5969	0	0.0781	Type0_NoDomain	Type0_NoDomain	117	558	44	0.36864
ENSG00000158169	BambuTx1055	ENST00000433644.2	50	21094	0	0.05106	Type0_NoDomain	Type0_NoDomain	117	145	44	0.33296
ENSG00000158169	BambuTx1055	ENST00000433644.2	50	21095	0	0.05106	Type0_NoDomain	Type0_NoDomain	117	145	44	0.33296
ENSG00000122435	ENST00000370141.8	ENST00000482437.5	14057	23973	0	0.05623	Type0_NoDomain	Type0_NoDomain	483	176	47	0.48442
ENSG00000121671	BambuTx1252	ENST00000443527.6	211	21720	0	0.06575	Type0_NoDomain	Type0_NoDomain	125	614	8	0.55616
ENSG00000121671	BambuTx1252	ENST00000443527.6	211	21721	0	0.06575	Type0_NoDomain	Type0_NoDomain	125	614	8	0.55616
ENSG00000121671	BambuTx1252	ENST00000616623.4	211	30730	0	0.06575	Type0_NoDomain	Type0_NoDomain	125	614	8	0.55616
ENSG00000121671	BambuTx1252	ENST00000616623.4	211	30731	0	0.06575	Type0_NoDomain	Type0_NoDomain	125	614	8	0.55616
ENSG00000121671	ENST00000443527.6	ENST00000616080.2	21720	30696	0	0.06575	Type0_NoDomain	Type0_NoDomain	614	598	8	0.55616
ENSG00000121671	ENST00000443527.6	ENST00000616080.2	21720	30697	0	0.06575	Type0_NoDomain	Type0_NoDomain	614	598	8	0.55616
ENSG00000121671	ENST00000443527.6	ENST00000616080.2	21721	30696	0	0.06575	Type0_NoDomain	Type0_NoDomain	614	598	8	0.55616
ENSG00000121671	ENST00000443527.6	ENST00000616080.2	21721	30697	0	0.06575	Type0_NoDomain	Type0_NoDomain	614	598	8	0.55616
ENSG00000121671	ENST00000616080.2	ENST00000616623.4	30696	30730	0	0.06575	Type0_NoDomain	Type0_NoDomain	598	614	8	0.55616
ENSG00000121671	ENST00000616080.2	ENST00000616623.4	30696	30731	0	0.06575	Type0_NoDomain	Type0_NoDomain	598	614	8	0.55616
ENSG00000121671	ENST00000616080.2	ENST00000616623.4	30697	30730	0	0.06575	Type0_NoDomain	Type0_NoDomain	598	614	8	0.55616
ENSG00000121671	ENST00000616080.2	ENST00000616623.4	30697	30731	0	0.06575	Type0_NoDomain	Type0_NoDomain	598	614	8	0.55616
ENSG00000305887	BambuTx129	ENST00000813743.1	245	36676	0	0.06441	Type1_DomainLoss	Type1_DomainLoss	123	112	39	0.51751
ENSG00000305887	ENST00000813743.1	ENST00000813744.1	36676	36677	0	0.0638	Type1_DomainLoss	Type1_DomainLoss	112	122	39	0.5011
ENSG00000305887	ENST00000813743.1	ENST00000813744.1	36676	36678	0	0.0638	Type1_DomainLoss	Type1_DomainLoss	112	122	39	0.5011
ENSG00000305887	ENST00000813743.1	ENST00000813751.1	36676	36679	0	0.07052	Type1_DomainLoss	Type1_DomainLoss	112	112	39	0.50956
ENSG00000305887	ENST00000813743.1	ENST00000813753.1	36676	36681	0	0.05459	Type1_DomainLoss	Type1_DomainLoss	112	152	39	0.44901
ENSG00000305887	ENST00000813743.1	ENST00000813755.1	36676	36682	0	0.0737	Type1_DomainLoss	Type1_DomainLoss	112	111	39	0.52125
ENSG00000305887	ENST00000813743.1	ENST00000813765.1	36676	36684	0	0.05746	Type1_DomainLoss	Type1_DomainLoss	112	113	75	0.47098
ENSG00000134283	ENST00000317560.13	ENST00000624028.1	8380	31224	0	0.05066	Type0_NoDomain	Type0_NoDomain	303	137	15	0.57142
ENSG00000134283	ENST00000317560.13	ENST00000624028.1	8380	31225	0	0.05066	Type0_NoDomain	Type0_NoDomain	303	137	15	0.57142
ENSG00000134283	ENST00000432191.6	ENST00000624028.1	20989	31224	0	0.05242	Type0_NoDomain	Type0_NoDomain	458	137	15	0.60037
ENSG00000134283	ENST00000432191.6	ENST00000624028.1	20989	31225	0	0.05242	Type0_NoDomain	Type0_NoDomain	458	137	15	0.60037
ENSG00000134283	ENST00000619544.4	ENST00000624028.1	30933	31224	0	0.05195	Type0_NoDomain	Type0_NoDomain	441	137	15	0.56594
ENSG00000134283	ENST00000619544.4	ENST00000624028.1	30933	31225	0	0.05195	Type0_NoDomain	Type0_NoDomain	441	137	15	0.56594
ENSG00000127325	ENST00000266661.8	ENST00000476098.5	4867	23649	0	0.0575	Type0_NoDomain	Type0_NoDomain	133	197	39	0.287
ENSG00000176834	BambuTx1394	ENST00000542195.1	302	27220	0	0.0701	Type1_DomainLoss	Type1_DomainLoss	117	99	3	0.47373
ENSG00000176834	ENST00000542195.1	ENST00000612851.1	27220	30466	0	0.06684	Type1_DomainLoss	Type1_DomainLoss	99	102	3	0.43463
ENSG00000152749	BambuTx1459	ENST00000376958.5	350	15763	0	0.07209	Type0_NoDomain	Type0_NoDomain	201	440	39	0.30793
ENSG00000152749	BambuTx1459	ENST00000376958.5	351	15763	0	0.07209	Type0_NoDomain	Type0_NoDomain	201	440	39	0.30793
ENSG00000067225	BambuTx1564	ENST00000564440.5	430	28471	0	0.07284	Type0_NoDomain	Type0_NoDomain	531	156	24	0.79778
ENSG00000067225	ENST00000319622.10	ENST00000564440.5	8579	28471	0	0.07284	Type0_NoDomain	Type0_NoDomain	531	156	24	0.79778
ENSG00000067225	ENST00000335181.10	ENST00000564440.5	9865	28471	0	0.07228	Type0_NoDomain	Type0_NoDomain	510	156	24	0.80252
ENSG00000067225	ENST00000564440.5	ENST00000565154.6	28471	28496	0	0.07729	Type0_NoDomain	Type0_NoDomain	156	605	24	0.77164
ENSG00000197562	BambuTx1597	ENST00000569575.5	454	28746	1	0.06712	Type1_DomainLoss	Type2_PartialTrunc	132	156	42	0.78259
ENSG00000197562	BambuTx1597	ENST00000569575.5	455	28746	1	0.06712	Type1_DomainLoss	Type2_PartialTrunc	132	156	42	0.78259
ENSG00000197562	BambuTx1597	ENST00000569575.5	456	28746	1	0.06712	Type1_DomainLoss	Type2_PartialTrunc	132	156	42	0.78259
ENSG00000140632	ENST00000321919.14	ENST00000436648.9	8771	21311	1	0.05251	Type3_SameDomain	Type3_SameDomain	553	476	61	0.66947
ENSG00000140632	ENST00000321919.14	ENST00000436648.9	8771	21312	1	0.05251	Type3_SameDomain	Type3_SameDomain	553	476	61	0.66947
ENSG00000140632	ENST00000321919.14	ENST00000436648.9	8772	21311	1	0.05251	Type3_SameDomain	Type3_SameDomain	553	476	61	0.66947
ENSG00000140632	ENST00000321919.14	ENST00000436648.9	8772	21312	1	0.05251	Type3_SameDomain	Type3_SameDomain	553	476	61	0.66947
ENSG00000140632	ENST00000436648.9	ENST00000591451.5	21311	29602	1	0.05257	Type3_SameDomain	Type3_SameDomain	476	547	61	0.67836
ENSG00000140632	ENST00000436648.9	ENST00000591451.5	21312	29602	1	0.05257	Type3_SameDomain	Type3_SameDomain	476	547	61	0.67836
ENSG00000174238	BambuTx1676	ENST00000313486.12	525	8033	1	0.06175	Type0_NoDomain	Type0_NoDomain	168	347	15	0.31772
ENSG00000174238	BambuTx1676	ENST00000313486.12	525	8034	1	0.06175	Type0_NoDomain	Type0_NoDomain	168	347	15	0.31772
ENSG00000174238	BambuTx1676	ENST00000313486.12	526	8033	1	0.06175	Type0_NoDomain	Type0_NoDomain	168	347	15	0.31772
ENSG00000174238	BambuTx1676	ENST00000313486.12	526	8034	1	0.06175	Type0_NoDomain	Type0_NoDomain	168	347	15	0.31772
ENSG00000174238	BambuTx1676	ENST00000313486.12	527	8033	1	0.06175	Type0_NoDomain	Type0_NoDomain	168	347	15	0.31772
ENSG00000174238	BambuTx1676	ENST00000313486.12	527	8034	1	0.06175	Type0_NoDomain	Type0_NoDomain	168	347	15	0.31772
ENSG00000286070	BambuTx2043	ENST00000652248.1	788	32650	1	0.0655	Type1_DomainLoss	Type3_SameDomain	126	366	39	0.28932
ENSG00000286070	BambuTx2043	ENST00000652248.1	788	32651	1	0.0655	Type1_DomainLoss	Type3_SameDomain	126	366	39	0.28932
ENSG00000286070	BambuTx2043	ENST00000652248.1	788	32652	1	0.0655	Type1_DomainLoss	Type3_SameDomain	126	366	39	0.28932
ENSG00000286070	BambuTx2043	ENST00000652248.1	789	32650	1	0.0655	Type1_DomainLoss	Type3_SameDomain	126	366	39	0.28932
ENSG00000286070	BambuTx2043	ENST00000652248.1	789	32651	1	0.0655	Type1_DomainLoss	Type3_SameDomain	126	366	39	0.28932
ENSG00000286070	BambuTx2043	ENST00000652248.1	789	32652	1	0.0655	Type1_DomainLoss	Type3_SameDomain	126	366	39	0.28932
ENSG00000124313	BambuTx2115	ENST00000638583.1	850	31646	0	0.05727	Type0_NoDomain	Type0_NoDomain	386	132	39	0.32853
ENSG00000173436	BambuTx25	ENST00000322753.7	908	8852	0	0.05121	Type0_NoDomain	Type0_NoDomain	110	111	39	0.23715
ENSG00000173436	BambuTx25	ENST00000322753.7	908	8853	0	0.05121	Type0_NoDomain	Type0_NoDomain	110	111	39	0.23715
ENSG00000173436	BambuTx26	ENST00000322753.7	931	8852	0	0.05121	Type0_NoDomain	Type0_NoDomain	110	111	39	0.23715
ENSG00000173436	BambuTx26	ENST00000322753.7	931	8853	0	0.05121	Type0_NoDomain	Type0_NoDomain	110	111	39	0.23715
ENSG00000289228	BambuTx2616	ENST00000838017.1	933	36728	0	0.07188	Type0_NoDomain	Type0_NoDomain	108	113	39	0.25811
ENSG00000289228	BambuTx2617	ENST00000838017.1	934	36728	0	0.07188	Type0_NoDomain	Type0_NoDomain	108	113	39	0.25811
ENSG00000103227	BambuTx2703	ENST00000568897.5	952	28699	0	0.07005	Type0_NoDomain	Type0_NoDomain	167	350	3	0.31638
ENSG00000103227	BambuTx2703	ENST00000568897.5	952	28700	0	0.07005	Type0_NoDomain	Type0_NoDomain	167	350	3	0.31638
ENSG00000103227	BambuTx2703	ENST00000568897.5	953	28699	0	0.07005	Type0_NoDomain	Type0_NoDomain	167	350	3	0.31638
ENSG00000103227	BambuTx2703	ENST00000568897.5	953	28700	0	0.07005	Type0_NoDomain	Type0_NoDomain	167	350	3	0.31638
ENSG00000158186	BambuTx518	ENST00000621127.4	1224	31044	1	0.06371	Type3_SameDomain	Type3_SameDomain	197	177	20	0.95312
ENSG00000158186	BambuTx518	ENST00000621127.4	1224	31045	1	0.06371	Type3_SameDomain	Type3_SameDomain	197	177	20	0.95312
ENSG00000158186	BambuTx519	ENST00000621127.4	1225	31044	1	0.06719	Type3_SameDomain	Type3_SameDomain	208	177	20	0.97417
ENSG00000158186	BambuTx519	ENST00000621127.4	1225	31045	1	0.06719	Type3_SameDomain	Type3_SameDomain	208	177	20	0.97417
ENSG00000158186	BambuTx519	ENST00000621127.4	1226	31044	1	0.06719	Type3_SameDomain	Type3_SameDomain	208	177	20	0.97417
ENSG00000158186	BambuTx519	ENST00000621127.4	1226	31045	1	0.06719	Type3_SameDomain	Type3_SameDomain	208	177	20	0.97417
ENSG00000158186	ENST00000289104.8	ENST00000621127.4	5970	31044	1	0.06719	Type3_SameDomain	Type3_SameDomain	208	177	20	0.97417
ENSG00000158186	ENST00000289104.8	ENST00000621127.4	5970	31045	1	0.06719	Type3_SameDomain	Type3_SameDomain	208	177	20	0.97417
ENSG00000158186	ENST00000289104.8	ENST00000621127.4	5971	31044	1	0.06719	Type3_SameDomain	Type3_SameDomain	208	177	20	0.97417
ENSG00000158186	ENST00000289104.8	ENST00000621127.4	5971	31045	1	0.06719	Type3_SameDomain	Type3_SameDomain	208	177	20	0.97417
ENSG00000174928	BambuTx533	ENST00000340171.7	1234	10442	0	0.06621	Type0_NoDomain	Type0_NoDomain	232	294	10	0.24184
ENSG00000174928	BambuTx533	ENST00000482061.6	1234	23962	0	0.07075	Type0_NoDomain	Type0_NoDomain	232	251	10	0.23153
ENSG00000174928	BambuTx533	ENST00000534941.2	1234	26716	0	0.06716	Type0_NoDomain	Type0_NoDomain	232	277	10	0.2399
ENSG00000188001	BambuTx554	ENST00000412373.5	1245	19684	0	0.06604	Type0_NoDomain	Type0_NoDomain	275	100	4	0.4853
ENSG00000188001	ENST00000345063.8	ENST00000412373.5	11008	19684	0	0.06604	Type0_NoDomain	Type0_NoDomain	275	100	4	0.4853
ENSG00000168785	BambuTx622	ENST00000508798.5	1297	25187	1	0.05188	Type3_SameDomain	Type3_SameDomain	219	193	62	0.38909
ENSG00000254685	ENST00000370898.9	ENST00000467578.7	14254	23190	0	0.0539	Type0_NoDomain	Type0_NoDomain	606	128	17	0.33704
ENSG00000104365	BambuTx959	ENST00000520810.6	1525	25829	0	0.10358	Type0_NoDomain	Type0_NoDomain	152	756	22	0.9286
ENSG00000104365	BambuTx959	ENST00000520810.6	1525	25830	0	0.10358	Type0_NoDomain	Type0_NoDomain	152	756	22	0.9286
ENSG00000070501	BambuTx960	ENST00000265421.9	1526	4734	0	0.05447	Type0_NoDomain	Type0_NoDomain	181	335	8	0.72052
ENSG00000070501	BambuTx960	ENST00000522610.5	1526	25947	0	0.05115	Type0_NoDomain	Type0_NoDomain	181	193	8	0.80282
ENSG00000070501	BambuTx960	ENST00000522610.5	1526	25948	0	0.05115	Type0_NoDomain	Type0_NoDomain	181	193	8	0.80282
ENSG00000173153	ENST00000000442.11	ENST00000405666.5	1553	19139	0	0.09667	Type1_DomainLoss	Type1_DomainLoss	498	423	65	0.768
ENSG00000173153	ENST00000000442.11	ENST00000405666.5	1553	19140	0	0.09667	Type1_DomainLoss	Type1_DomainLoss	498	423	65	0.768
ENSG00000173153	ENST00000000442.11	ENST00000406310.6	1553	19175	0	0.09605	Type1_DomainLoss	Type1_DomainLoss	498	506	65	0.7051
ENSG00000173153	ENST00000000442.11	ENST00000406310.6	1553	19176	0	0.09605	Type1_DomainLoss	Type1_DomainLoss	498	506	65	0.7051
ENSG00000173153	ENST00000000442.11	ENST00000405666.5	1554	19139	0	0.09667	Type1_DomainLoss	Type1_DomainLoss	498	423	65	0.768
ENSG00000173153	ENST00000000442.11	ENST00000405666.5	1554	19140	0	0.09667	Type1_DomainLoss	Type1_DomainLoss	498	423	65	0.768
ENSG00000173153	ENST00000000442.11	ENST00000406310.6	1554	19175	0	0.09605	Type1_DomainLoss	Type1_DomainLoss	498	506	65	0.7051
ENSG00000173153	ENST00000000442.11	ENST00000406310.6	1554	19176	0	0.09605	Type1_DomainLoss	Type1_DomainLoss	498	506	65	0.7051
ENSG00000012983	ENST00000554990.6	ENST00000557390.6	27971	28137	1	0.05737	Type2_PartialTrunc	Type2_PartialTrunc	520	724	22	0.91902
ENSG00000012983	ENST00000554990.6	ENST00000557390.6	27971	28138	1	0.05737	Type2_PartialTrunc	Type2_PartialTrunc	520	724	22	0.91902
ENSG00000012983	ENST00000554990.6	ENST00000557390.6	27972	28137	1	0.05737	Type2_PartialTrunc	Type2_PartialTrunc	520	724	22	0.91902
ENSG00000012983	ENST00000554990.6	ENST00000557390.6	27972	28138	1	0.05737	Type2_PartialTrunc	Type2_PartialTrunc	520	724	22	0.91902
ENSG00000184436	ENST00000471073.1	ENST00000476667.5	23377	23682	0	0.05577	Type0_NoDomain	Type0_NoDomain	249	272	53	0.22126
ENSG00000184436	ENST00000471073.1	ENST00000476667.5	23377	23683	0	0.05577	Type0_NoDomain	Type0_NoDomain	249	272	53	0.22126
ENSG00000184436	ENST00000471073.1	ENST00000476667.5	23378	23682	0	0.05577	Type0_NoDomain	Type0_NoDomain	249	272	53	0.22126
ENSG00000184436	ENST00000471073.1	ENST00000476667.5	23378	23683	0	0.05577	Type0_NoDomain	Type0_NoDomain	249	272	53	0.22126
ENSG00000184436	ENST00000476667.5	ENST00000498406.1	23682	24775	0	0.07675	Type0_NoDomain	Type0_NoDomain	272	112	8	0.49081
ENSG00000184436	ENST00000476667.5	ENST00000498406.1	23683	24775	0	0.07675	Type0_NoDomain	Type0_NoDomain	272	112	8	0.49081
ENSG00000075413	ENST00000678022.1	ENST00000679005.1	33694	33830	0	0.0798	Type1_DomainLoss	Type1_DomainLoss	622	132	78	0.82773
ENSG00000075413	ENST00000678022.1	ENST00000679005.1	33695	33830	0	0.0798	Type1_DomainLoss	Type1_DomainLoss	622	132	78	0.82773
ENSG00000103266	ENST00000219548.9	ENST00000563505.5	2111	28421	0	0.05964	Type3_SameDomain	Type3_SameDomain	303	265	77	0.83433
ENSG00000106415	ENST00000223145.10	ENST00000482540.1	2271	23982	0	0.06418	Type0_NoDomain	Type0_NoDomain	547	109	39	0.2445
ENSG00000106415	ENST00000223145.10	ENST00000482540.1	2271	23983	0	0.06418	Type0_NoDomain	Type0_NoDomain	547	109	39	0.2445
ENSG00000106415	ENST00000223145.10	ENST00000482540.1	2272	23982	0	0.06418	Type0_NoDomain	Type0_NoDomain	547	109	39	0.2445
ENSG00000106415	ENST00000223145.10	ENST00000482540.1	2272	23983	0	0.06418	Type0_NoDomain	Type0_NoDomain	547	109	39	0.2445
ENSG00000108654	ENST00000225792.10	ENST00000581230.5	2344	29114	2	0.06382	Type3_SameDomain	Type3_SameDomain	670	462	41	0.74466
ENSG00000108654	ENST00000225792.10	ENST00000581230.5	2344	29115	2	0.06382	Type3_SameDomain	Type3_SameDomain	670	462	41	0.74466
ENSG00000108654	ENST00000450599.7	ENST00000581230.5	22227	29114	2	0.06547	Type3_SameDomain	Type3_SameDomain	614	462	41	0.80392
ENSG00000108654	ENST00000450599.7	ENST00000581230.5	22227	29115	2	0.06547	Type3_SameDomain	Type3_SameDomain	614	462	41	0.80392
ENSG00000108654	ENST00000577922.6	ENST00000581230.5	29001	29114	2	0.06547	Type3_SameDomain	Type3_SameDomain	614	462	41	0.80392
ENSG00000108654	ENST00000577922.6	ENST00000581230.5	29001	29115	2	0.06547	Type3_SameDomain	Type3_SameDomain	614	462	41	0.80392
ENSG00000108654	ENST00000578804.5	ENST00000581230.5	29025	29114	2	0.06633	Type3_SameDomain	Type3_SameDomain	614	462	41	0.81589
ENSG00000108654	ENST00000578804.5	ENST00000581230.5	29025	29115	2	0.06633	Type3_SameDomain	Type3_SameDomain	614	462	41	0.81589
ENSG00000108654	ENST00000581230.5	ENST00000585111.2	29114	29226	2	0.06547	Type3_SameDomain	Type3_SameDomain	462	614	41	0.80392
ENSG00000108654	ENST00000581230.5	ENST00000585111.2	29115	29226	2	0.06547	Type3_SameDomain	Type3_SameDomain	462	614	41	0.80392
ENSG00000112335	ENST00000230085.13	ENST00000426155.6	2483	20562	1	0.07247	Type3_SameDomain	Type3_SameDomain	201	130	59	0.61866
ENSG00000112335	ENST00000349379.5	ENST00000426155.6	11271	20562	1	0.07595	Type3_SameDomain	Type3_SameDomain	140	130	59	0.63906
ENSG00000011638	ENST00000233047.9	ENST00000572258.5	2551	28835	0	0.05847	Type0_NoDomain	Type0_NoDomain	161	102	8	0.2769
ENSG00000011638	ENST00000261388.7	ENST00000572258.5	3860	28835	0	0.05847	Type0_NoDomain	Type0_NoDomain	161	102	8	0.2769
ENSG00000011638	ENST00000451578.6	ENST00000572258.5	22291	28835	0	0.05821	Type0_NoDomain	Type0_NoDomain	185	102	8	0.27699
ENSG00000239779	ENST00000233615.7	ENST00000464774.6	2576	23038	0	0.10613	Type0_NoDomain	Type0_NoDomain	324	117	8	0.30476
ENSG00000239779	ENST00000464774.6	ENST00000494741.5	23038	24587	0	0.05938	Type0_NoDomain	Type0_NoDomain	117	177	47	0.27437
ENSG00000116731	ENST00000235372.11	ENST00000503842.5	2634	24913	0	0.07706	Type1_DomainLoss	Type1_DomainLoss	1718	160	4	0.54233
ENSG00000116731	ENST00000235372.11	ENST00000505823.5	2634	25021	0	0.08806	Type1_DomainLoss	Type1_DomainLoss	1718	110	4	0.55265
ENSG00000116731	ENST00000235372.11	ENST00000503842.5	2635	24913	0	0.07706	Type1_DomainLoss	Type1_DomainLoss	1718	160	4	0.54233
ENSG00000116731	ENST00000235372.11	ENST00000505823.5	2635	25021	0	0.08806	Type1_DomainLoss	Type1_DomainLoss	1718	110	4	0.55265
ENSG00000116731	ENST00000235372.11	ENST00000503842.5	2636	24913	0	0.07706	Type1_DomainLoss	Type1_DomainLoss	1718	160	4	0.54233
ENSG00000116731	ENST00000235372.11	ENST00000505823.5	2636	25021	0	0.08806	Type1_DomainLoss	Type1_DomainLoss	1718	110	4	0.55265
ENSG00000116731	ENST00000311066.10	ENST00000503842.5	7815	24913	0	0.07706	Type1_DomainLoss	Type1_DomainLoss	1718	160	4	0.54233
ENSG00000116731	ENST00000311066.10	ENST00000505823.5	7815	25021	0	0.08806	Type1_DomainLoss	Type1_DomainLoss	1718	110	4	0.55265
ENSG00000116731	ENST00000311066.10	ENST00000503842.5	7816	24913	0	0.07706	Type1_DomainLoss	Type1_DomainLoss	1718	160	4	0.54233
ENSG00000116731	ENST00000311066.10	ENST00000505823.5	7816	25021	0	0.08806	Type1_DomainLoss	Type1_DomainLoss	1718	110	4	0.55265
ENSG00000116731	ENST00000311066.10	ENST00000503842.5	7817	24913	0	0.07706	Type1_DomainLoss	Type1_DomainLoss	1718	160	4	0.54233
ENSG00000116731	ENST00000311066.10	ENST00000505823.5	7817	25021	0	0.08806	Type1_DomainLoss	Type1_DomainLoss	1718	110	4	0.55265
ENSG00000122641	ENST00000242208.5	ENST00000442711.1	2799	21664	2	0.0672	Type3_SameDomain	Type3_SameDomain	502	426	45	0.93706
ENSG00000122641	ENST00000242208.5	ENST00000442711.1	2800	21664	2	0.0672	Type3_SameDomain	Type3_SameDomain	502	426	45	0.93706
ENSG00000124788	ENST00000244769.8	ENST00000467008.5	2903	23165	0	0.05347	Type0_NoDomain	Type0_NoDomain	815	146	15	0.33318
ENSG00000124788	ENST00000244769.8	ENST00000676138.1	2903	33449	0	0.06582	Type0_NoDomain	Type0_NoDomain	815	102	9	0.38024
ENSG00000124788	ENST00000244769.8	ENST00000467008.5	2904	23165	0	0.05347	Type0_NoDomain	Type0_NoDomain	815	146	15	0.33318
ENSG00000124788	ENST00000244769.8	ENST00000676138.1	2904	33449	0	0.06582	Type0_NoDomain	Type0_NoDomain	815	102	9	0.38024
ENSG00000124788	ENST00000436367.6	ENST00000467008.5	21293	23165	0	0.05347	Type0_NoDomain	Type0_NoDomain	815	146	15	0.33318
ENSG00000124788	ENST00000436367.6	ENST00000676138.1	21293	33449	0	0.06582	Type0_NoDomain	Type0_NoDomain	815	102	9	0.38024
ENSG00000124788	ENST00000436367.6	ENST00000467008.5	21294	23165	0	0.05347	Type0_NoDomain	Type0_NoDomain	815	146	15	0.33318
ENSG00000124788	ENST00000436367.6	ENST00000676138.1	21294	33449	0	0.06582	Type0_NoDomain	Type0_NoDomain	815	102	9	0.38024
ENSG00000125676	ENST00000245838.13	ENST00000441692.5	2934	21597	0	0.05916	Type0_NoDomain	Type0_NoDomain	1593	387	39	0.57897
ENSG00000125676	ENST00000245838.13	ENST00000441692.5	2934	21598	0	0.05916	Type0_NoDomain	Type0_NoDomain	1593	387	39	0.57897
ENSG00000132382	ENST00000254718.9	ENST00000571368.5	3360	28804	0	0.05171	Type0_NoDomain	Type0_NoDomain	1319	370	65	0.44849
ENSG00000132382	ENST00000254718.9	ENST00000571368.5	3360	28805	0	0.05171	Type0_NoDomain	Type0_NoDomain	1319	370	65	0.44849
ENSG00000132382	ENST00000254718.9	ENST00000571368.5	3361	28804	0	0.05171	Type0_NoDomain	Type0_NoDomain	1319	370	65	0.44849
ENSG00000132382	ENST00000254718.9	ENST00000571368.5	3361	28805	0	0.05171	Type0_NoDomain	Type0_NoDomain	1319	370	65	0.44849
ENSG00000132382	ENST00000381556.6	ENST00000571368.5	16671	28804	0	0.05171	Type0_NoDomain	Type0_NoDomain	1323	370	65	0.44849
ENSG00000132382	ENST00000381556.6	ENST00000571368.5	16671	28805	0	0.05171	Type0_NoDomain	Type0_NoDomain	1323	370	65	0.44849
ENSG00000133703	ENST00000311936.8	ENST00000685328.1	7901	34777	1	0.09561	Type3_SameDomain	Type3_SameDomain	188	249	20	0.95459
ENSG00000133703	ENST00000311936.8	ENST00000685328.1	7901	34778	1	0.09561	Type3_SameDomain	Type3_SameDomain	188	249	20	0.95459
ENSG00000133703	ENST00000311936.8	ENST00000692768.1	7901	35270	1	0.09561	Type3_SameDomain	Type3_SameDomain	188	206	20	0.95459
ENSG00000133703	ENST00000311936.8	ENST00000692768.1	7901	35271	1	0.09561	Type3_SameDomain	Type3_SameDomain	188	206	20	0.95459
ENSG00000133703	ENST00000311936.8	ENST00000685328.1	7902	34777	1	0.09561	Type3_SameDomain	Type3_SameDomain	188	249	20	0.95459
ENSG00000133703	ENST00000311936.8	ENST00000685328.1	7902	34778	1	0.09561	Type3_SameDomain	Type3_SameDomain	188	249	20	0.95459
ENSG00000133703	ENST00000311936.8	ENST00000692768.1	7902	35270	1	0.09561	Type3_SameDomain	Type3_SameDomain	188	206	20	0.95459
ENSG00000133703	ENST00000311936.8	ENST00000692768.1	7902	35271	1	0.09561	Type3_SameDomain	Type3_SameDomain	188	206	20	0.95459
ENSG00000138376	ENST00000260947.9	ENST00000455743.5	3801	22558	0	0.09069	Type0_NoDomain	Type0_NoDomain	752	624	25	0.59176
ENSG00000138376	ENST00000260947.9	ENST00000455743.5	3801	22559	0	0.09069	Type0_NoDomain	Type0_NoDomain	752	624	25	0.59176
ENSG00000138376	ENST00000260947.9	ENST00000455743.5	3802	22558	0	0.09069	Type0_NoDomain	Type0_NoDomain	752	624	25	0.59176
ENSG00000138376	ENST00000260947.9	ENST00000455743.5	3802	22559	0	0.09069	Type0_NoDomain	Type0_NoDomain	752	624	25	0.59176
ENSG00000069431	ENST00000261200.9	ENST00000326684.8	3826	9167	0	0.05174	Type1_DomainLoss	Type1_DomainLoss	1549	149	41	0.93792
ENSG00000069431	ENST00000261200.9	ENST00000538350.5	3826	26941	0	0.06322	Type1_DomainLoss	Type1_DomainLoss	1549	170	41	0.939
ENSG00000069431	ENST00000261200.9	ENST00000621589.2	3826	31082	0	0.05174	Type1_DomainLoss	Type1_DomainLoss	1549	149	41	0.93792
ENSG00000069431	ENST00000261200.9	ENST00000326684.8	3827	9167	0	0.05174	Type1_DomainLoss	Type1_DomainLoss	1549	149	41	0.93792
ENSG00000069431	ENST00000261200.9	ENST00000538350.5	3827	26941	0	0.06322	Type1_DomainLoss	Type1_DomainLoss	1549	170	41	0.939
ENSG00000069431	ENST00000261200.9	ENST00000621589.2	3827	31082	0	0.05174	Type1_DomainLoss	Type1_DomainLoss	1549	149	41	0.93792
ENSG00000069431	ENST00000261201.10	ENST00000326684.8	3828	9167	0	0.05174	Type1_DomainLoss	Type1_DomainLoss	1549	149	41	0.93792
ENSG00000069431	ENST00000261201.10	ENST00000538350.5	3828	26941	0	0.06322	Type1_DomainLoss	Type1_DomainLoss	1549	170	41	0.939
ENSG00000069431	ENST00000261201.10	ENST00000621589.2	3828	31082	0	0.05174	Type1_DomainLoss	Type1_DomainLoss	1549	149	41	0.93792
ENSG00000069431	ENST00000261201.10	ENST00000326684.8	3829	9167	0	0.05174	Type1_DomainLoss	Type1_DomainLoss	1549	149	41	0.93792
ENSG00000069431	ENST00000261201.10	ENST00000538350.5	3829	26941	0	0.06322	Type1_DomainLoss	Type1_DomainLoss	1549	170	41	0.939
ENSG00000069431	ENST00000261201.10	ENST00000621589.2	3829	31082	0	0.05174	Type1_DomainLoss	Type1_DomainLoss	1549	149	41	0.93792
ENSG00000072310	ENST00000261646.11	ENST00000662439.1	3927	32892	1	0.07731	Type3_SameDomain	Type3_SameDomain	1147	893	11	0.44052
ENSG00000072310	ENST00000261646.11	ENST00000662439.1	3928	32892	1	0.07731	Type3_SameDomain	Type3_SameDomain	1147	893	11	0.44052
ENSG00000072310	ENST00000355815.8	ENST00000662439.1	11786	32892	1	0.08138	Type3_SameDomain	Type3_SameDomain	1177	893	6	0.45008
ENSG00000082014	ENST00000262188.13	ENST00000469154.5	4084	23256	0	0.06524	Type0_NoDomain	Type0_NoDomain	483	188	12	0.53423
ENSG00000082014	ENST00000392811.6	ENST00000469154.5	17300	23256	0	0.06623	Type0_NoDomain	Type0_NoDomain	470	188	12	0.58108
ENSG00000100811	ENST00000262238.10	ENST00000651219.1	4094	32509	1	0.10877	Type3_SameDomain	Type3_SameDomain	414	118	65	0.6365
ENSG00000100811	ENST00000262238.10	ENST00000651219.1	4094	32510	1	0.10877	Type3_SameDomain	Type3_SameDomain	414	118	65	0.6365
ENSG00000100811	ENST00000262238.10	ENST00000651219.1	4095	32509	1	0.10877	Type3_SameDomain	Type3_SameDomain	414	118	65	0.6365
ENSG00000100811	ENST00000262238.10	ENST00000651219.1	4095	32510	1	0.10877	Type3_SameDomain	Type3_SameDomain	414	118	65	0.6365
ENSG00000100813	ENST00000338631.10	ENST00000473758.5	10266	23523	0	0.06388	Type1_DomainLoss	Type1_DomainLoss	620	189	7	0.67476
ENSG00000100813	ENST00000338631.10	ENST00000473758.5	10266	23524	0	0.06388	Type1_DomainLoss	Type1_DomainLoss	620	189	7	0.67476
ENSG00000100813	ENST00000357481.6	ENST00000473758.5	12123	23523	0	0.06462	Type1_DomainLoss	Type1_DomainLoss	583	189	7	0.67534
ENSG00000100813	ENST00000357481.6	ENST00000473758.5	12123	23524	0	0.06462	Type1_DomainLoss	Type1_DomainLoss	583	189	7	0.67534
ENSG00000100813	ENST00000473758.5	ENST00000557515.5	23523	28146	0	0.06513	Type1_DomainLoss	Type1_DomainLoss	189	582	7	0.67433
ENSG00000100813	ENST00000473758.5	ENST00000557515.5	23524	28146	0	0.06513	Type1_DomainLoss	Type1_DomainLoss	189	582	7	0.67433
ENSG00000054267	ENST00000366603.6	ENST00000474953.5	13106	23587	1	0.0622	Type3_SameDomain	Type3_SameDomain	1312	695	7	0.72577
ENSG00000054267	ENST00000366603.6	ENST00000474953.5	13106	23588	1	0.0622	Type3_SameDomain	Type3_SameDomain	1312	695	7	0.72577
ENSG00000054267	ENST00000471257.5	ENST00000474953.5	23389	23587	1	0.06552	Type3_SameDomain	Type3_SameDomain	927	695	7	0.79455
ENSG00000054267	ENST00000471257.5	ENST00000474953.5	23389	23588	1	0.06552	Type3_SameDomain	Type3_SameDomain	927	695	7	0.79455
ENSG00000055044	ENST00000264279.10	ENST00000478508.1	4510	23779	0	0.06841	Type0_NoDomain	Type0_NoDomain	529	114	8	0.47491
ENSG00000119772	ENST00000264709.7	ENST00000406659.3	4584	19198	0	0.05121	Type0_NoDomain	Type0_NoDomain	912	166	41	0.35014
ENSG00000119772	ENST00000264709.7	ENST00000406659.3	4585	19198	0	0.05121	Type0_NoDomain	Type0_NoDomain	912	166	41	0.35014
ENSG00000119772	ENST00000264709.7	ENST00000406659.3	4586	19198	0	0.05121	Type0_NoDomain	Type0_NoDomain	912	166	41	0.35014
ENSG00000119772	ENST00000321117.10	ENST00000406659.3	8699	19198	0	0.05121	Type0_NoDomain	Type0_NoDomain	912	166	41	0.35014
ENSG00000119772	ENST00000321117.10	ENST00000406659.3	8700	19198	0	0.05121	Type0_NoDomain	Type0_NoDomain	912	166	41	0.35014
ENSG00000119772	ENST00000321117.10	ENST00000406659.3	8701	19198	0	0.05121	Type0_NoDomain	Type0_NoDomain	912	166	41	0.35014
ENSG00000075426	ENST00000264716.9	ENST00000379619.5	4591	16296	0	0.0851	Type1_DomainLoss	Type1_DomainLoss	326	320	4	0.87488
ENSG00000075426	ENST00000264716.9	ENST00000379619.5	4591	16297	0	0.0851	Type1_DomainLoss	Type1_DomainLoss	326	320	4	0.87488
ENSG00000075426	ENST00000264716.9	ENST00000379619.5	4591	16298	0	0.0851	Type1_DomainLoss	Type1_DomainLoss	326	320	4	0.87488
ENSG00000075426	ENST00000264716.9	ENST00000379619.5	4591	16299	0	0.0851	Type1_DomainLoss	Type1_DomainLoss	326	320	4	0.87488
ENSG00000075426	ENST00000264716.9	ENST00000379619.5	4592	16296	0	0.0851	Type1_DomainLoss	Type1_DomainLoss	326	320	4	0.87488
ENSG00000075426	ENST00000264716.9	ENST00000379619.5	4592	16297	0	0.0851	Type1_DomainLoss	Type1_DomainLoss	326	320	4	0.87488
ENSG00000075426	ENST00000264716.9	ENST00000379619.5	4592	16298	0	0.0851	Type1_DomainLoss	Type1_DomainLoss	326	320	4	0.87488
ENSG00000075426	ENST00000264716.9	ENST00000379619.5	4592	16299	0	0.0851	Type1_DomainLoss	Type1_DomainLoss	326	320	4	0.87488
ENSG00000075426	ENST00000264716.9	ENST00000379619.5	4593	16296	0	0.0851	Type1_DomainLoss	Type1_DomainLoss	326	320	4	0.87488
ENSG00000075426	ENST00000264716.9	ENST00000379619.5	4593	16297	0	0.0851	Type1_DomainLoss	Type1_DomainLoss	326	320	4	0.87488
ENSG00000075426	ENST00000264716.9	ENST00000379619.5	4593	16298	0	0.0851	Type1_DomainLoss	Type1_DomainLoss	326	320	4	0.87488
ENSG00000075426	ENST00000264716.9	ENST00000379619.5	4593	16299	0	0.0851	Type1_DomainLoss	Type1_DomainLoss	326	320	4	0.87488
ENSG00000075426	ENST00000264716.9	ENST00000379619.5	4594	16296	0	0.0851	Type1_DomainLoss	Type1_DomainLoss	326	320	4	0.87488
ENSG00000075426	ENST00000264716.9	ENST00000379619.5	4594	16297	0	0.0851	Type1_DomainLoss	Type1_DomainLoss	326	320	4	0.87488
ENSG00000075426	ENST00000264716.9	ENST00000379619.5	4594	16298	0	0.0851	Type1_DomainLoss	Type1_DomainLoss	326	320	4	0.87488
ENSG00000075426	ENST00000264716.9	ENST00000379619.5	4594	16299	0	0.0851	Type1_DomainLoss	Type1_DomainLoss	326	320	4	0.87488
ENSG00000138750	ENST00000510569.6	ENST00000695547.1	25275	35401	0	0.0554	Type0_NoDomain	Type0_NoDomain	327	581	39	0.58614
ENSG00000138750	ENST00000510569.6	ENST00000695547.1	25275	35402	0	0.0554	Type0_NoDomain	Type0_NoDomain	327	581	39	0.58614
ENSG00000138750	ENST00000512151.5	ENST00000695547.1	25373	35401	0	0.0554	Type0_NoDomain	Type0_NoDomain	327	581	39	0.58614
ENSG00000138750	ENST00000512151.5	ENST00000695547.1	25373	35402	0	0.0554	Type0_NoDomain	Type0_NoDomain	327	581	39	0.58614
ENSG00000138750	ENST00000512151.5	ENST00000695547.1	25374	35401	0	0.0554	Type0_NoDomain	Type0_NoDomain	327	581	39	0.58614
ENSG00000138750	ENST00000512151.5	ENST00000695547.1	25374	35402	0	0.0554	Type0_NoDomain	Type0_NoDomain	327	581	39	0.58614
ENSG00000138750	ENST00000695546.1	ENST00000695547.1	35400	35401	0	0.0554	Type0_NoDomain	Type0_NoDomain	327	581	39	0.58614
ENSG00000138750	ENST00000695546.1	ENST00000695547.1	35400	35402	0	0.0554	Type0_NoDomain	Type0_NoDomain	327	581	39	0.58614
ENSG00000101216	ENST00000266068.5	ENST00000370069.5	4824	14033	0	0.05013	Type0_NoDomain	Type0_NoDomain	530	507	4	0.56008
ENSG00000101216	ENST00000266068.5	ENST00000370069.5	4824	14034	0	0.05013	Type0_NoDomain	Type0_NoDomain	530	507	4	0.56008
ENSG00000101216	ENST00000266068.5	ENST00000370069.5	4824	14035	0	0.05013	Type0_NoDomain	Type0_NoDomain	530	507	4	0.56008
ENSG00000101216	ENST00000266068.5	ENST00000370069.5	4825	14033	0	0.05013	Type0_NoDomain	Type0_NoDomain	530	507	4	0.56008
ENSG00000101216	ENST00000266068.5	ENST00000370069.5	4825	14034	0	0.05013	Type0_NoDomain	Type0_NoDomain	530	507	4	0.56008
ENSG00000101216	ENST00000266068.5	ENST00000370069.5	4825	14035	0	0.05013	Type0_NoDomain	Type0_NoDomain	530	507	4	0.56008
ENSG00000101216	ENST00000266068.5	ENST00000370069.5	4826	14033	0	0.05013	Type0_NoDomain	Type0_NoDomain	530	507	4	0.56008
ENSG00000101216	ENST00000266068.5	ENST00000370069.5	4826	14034	0	0.05013	Type0_NoDomain	Type0_NoDomain	530	507	4	0.56008
ENSG00000101216	ENST00000266068.5	ENST00000370069.5	4826	14035	0	0.05013	Type0_NoDomain	Type0_NoDomain	530	507	4	0.56008
ENSG00000101216	ENST00000266068.5	ENST00000370069.5	4827	14033	0	0.05013	Type0_NoDomain	Type0_NoDomain	530	507	4	0.56008
ENSG00000101216	ENST00000266068.5	ENST00000370069.5	4827	14034	0	0.05013	Type0_NoDomain	Type0_NoDomain	530	507	4	0.56008
ENSG00000101216	ENST00000266068.5	ENST00000370069.5	4827	14035	0	0.05013	Type0_NoDomain	Type0_NoDomain	530	507	4	0.56008
ENSG00000244754	ENST00000380121.7	ENST00000674276.1	16398	33240	0	0.05664	Type1_DomainLoss	Type1_DomainLoss	635	420	39	0.27491
ENSG00000244754	ENST00000380121.7	ENST00000674369.1	16398	33254	0	0.05664	Type1_DomainLoss	Type1_DomainLoss	635	420	39	0.27491
ENSG00000244754	ENST00000380121.7	ENST00000674433.1	16398	33272	0	0.07571	Type1_DomainLoss	Type1_DomainLoss	635	480	41	0.31789
ENSG00000244754	ENST00000674346.1	ENST00000674433.1	33251	33272	0	0.05282	Type1_DomainLoss	Type1_DomainLoss	321	480	41	0.37071
ENSG00000065361	ENST00000267101.8	ENST00000549832.1	4891	27671	1	0.07907	Type3_SameDomain	Type3_SameDomain	1342	462	24	0.80275
ENSG00000065361	ENST00000549832.1	ENST00000683164.1	27671	34498	1	0.07766	Type3_SameDomain	Type3_SameDomain	462	1283	24	0.78923
ENSG00000143363	ENST00000271620.8	ENST00000368936.5	5160	13740	0	0.05436	Type0_NoDomain	Type0_NoDomain	453	271	18	0.23154
ENSG00000143363	ENST00000271620.8	ENST00000368936.5	5160	13741	0	0.05436	Type0_NoDomain	Type0_NoDomain	453	271	18	0.23154
ENSG00000143363	ENST00000271620.8	ENST00000368936.5	5161	13740	0	0.05436	Type0_NoDomain	Type0_NoDomain	453	271	18	0.23154
ENSG00000143363	ENST00000271620.8	ENST00000368936.5	5161	13741	0	0.05436	Type0_NoDomain	Type0_NoDomain	453	271	18	0.23154
ENSG00000144357	ENST00000272793.11	ENST00000474426.1	5238	23558	0	0.05764	Type0_NoDomain	Type0_NoDomain	1888	394	77	0.60714
ENSG00000145390	ENST00000688980.1	ENST00000692078.1	35054	35223	1	0.06051	Type3_SameDomain	Type3_SameDomain	768	1073	26	0.55758
ENSG00000145390	ENST00000688980.1	ENST00000692078.1	35055	35223	1	0.06051	Type3_SameDomain	Type3_SameDomain	768	1073	26	0.55758
ENSG00000102225	ENST00000357227.9	ENST00000457458.6	12065	22664	1	0.05902	Type3_SameDomain	Type3_SameDomain	639	502	78	0.83958
ENSG00000102225	ENST00000357227.9	ENST00000457458.6	12065	22665	1	0.05902	Type3_SameDomain	Type3_SameDomain	639	502	78	0.83958
ENSG00000102225	ENST00000357227.9	ENST00000457458.6	12066	22664	1	0.05902	Type3_SameDomain	Type3_SameDomain	639	502	78	0.83958
ENSG00000102225	ENST00000357227.9	ENST00000457458.6	12066	22665	1	0.05902	Type3_SameDomain	Type3_SameDomain	639	502	78	0.83958
ENSG00000149313	ENST00000278618.9	ENST00000525660.1	5480	26115	0	0.06059	Type3_SameDomain	Type3_SameDomain	296	155	0	0.74702
ENSG00000116106	ENST00000281821.7	ENST00000469354.1	5618	23263	0	0.09575	Type0_NoDomain	Type0_NoDomain	986	113	41	0.87644
ENSG00000116106	ENST00000281821.7	ENST00000469354.1	5618	23264	0	0.09575	Type0_NoDomain	Type0_NoDomain	986	113	41	0.87644
ENSG00000116106	ENST00000281821.7	ENST00000469354.1	5619	23263	0	0.09575	Type0_NoDomain	Type0_NoDomain	986	113	41	0.87644
ENSG00000116106	ENST00000281821.7	ENST00000469354.1	5619	23264	0	0.09575	Type0_NoDomain	Type0_NoDomain	986	113	41	0.87644
ENSG00000116106	ENST00000281821.7	ENST00000469354.1	5620	23263	0	0.09575	Type0_NoDomain	Type0_NoDomain	986	113	41	0.87644
ENSG00000116106	ENST00000281821.7	ENST00000469354.1	5620	23264	0	0.09575	Type0_NoDomain	Type0_NoDomain	986	113	41	0.87644
ENSG00000123066	ENST00000281928.9	ENST00000648762.1	5624	32295	0	0.05112	Type0_NoDomain	Type0_NoDomain	2210	157	12	0.39958
ENSG00000123066	ENST00000281928.9	ENST00000648762.1	5624	32296	0	0.05112	Type0_NoDomain	Type0_NoDomain	2210	157	12	0.39958
ENSG00000154175	ENST00000470336.5	ENST00000471714.6	23338	23420	1	0.05147	Type3_SameDomain	Type3_SameDomain	486	1798	39	0.3131
ENSG00000154175	ENST00000470336.5	ENST00000710654.1	23338	36189	1	0.05147	Type3_SameDomain	Type3_SameDomain	486	1798	39	0.3131
ENSG00000257923	ENST00000292535.12	ENST00000292538.9	6164	6168	0	0.11523	Type1_DomainLoss	Type1_DomainLoss	1509	686	4	0.70379
ENSG00000257923	ENST00000292535.12	ENST00000437600.9	6164	21354	0	0.11755	Type1_DomainLoss	Type1_DomainLoss	1509	676	4	0.71656
ENSG00000257923	ENST00000292535.12	ENST00000622516.6	6164	31138	0	0.11523	Type1_DomainLoss	Type1_DomainLoss	1509	686	4	0.70379
ENSG00000257923	ENST00000292535.12	ENST00000292538.9	6165	6168	0	0.11523	Type1_DomainLoss	Type1_DomainLoss	1509	686	4	0.70379
ENSG00000257923	ENST00000292535.12	ENST00000437600.9	6165	21354	0	0.11755	Type1_DomainLoss	Type1_DomainLoss	1509	676	4	0.71656
ENSG00000257923	ENST00000292535.12	ENST00000622516.6	6165	31138	0	0.11523	Type1_DomainLoss	Type1_DomainLoss	1509	686	4	0.70379
ENSG00000257923	ENST00000292535.12	ENST00000292538.9	6166	6168	0	0.11523	Type1_DomainLoss	Type1_DomainLoss	1509	686	4	0.70379
ENSG00000257923	ENST00000292535.12	ENST00000437600.9	6166	21354	0	0.11755	Type1_DomainLoss	Type1_DomainLoss	1509	676	4	0.71656
ENSG00000257923	ENST00000292535.12	ENST00000622516.6	6166	31138	0	0.11523	Type1_DomainLoss	Type1_DomainLoss	1509	686	4	0.70379
ENSG00000257923	ENST00000292535.12	ENST00000292538.9	6167	6168	0	0.11523	Type1_DomainLoss	Type1_DomainLoss	1509	686	4	0.70379
ENSG00000257923	ENST00000292535.12	ENST00000437600.9	6167	21354	0	0.11755	Type1_DomainLoss	Type1_DomainLoss	1509	676	4	0.71656
ENSG00000257923	ENST00000292535.12	ENST00000622516.6	6167	31138	0	0.11523	Type1_DomainLoss	Type1_DomainLoss	1509	686	4	0.70379
ENSG00000082781	ENST00000296181.9	ENST00000460797.5	6425	22860	1	0.06399	Type0_NoDomain	Type0_NoDomain	799	140	34	0.6741
ENSG00000082781	ENST00000296181.9	ENST00000460797.5	6425	22861	1	0.06399	Type0_NoDomain	Type0_NoDomain	799	140	34	0.6741
ENSG00000113013	ENST00000649692.2	ENST00000677066.1	32380	33557	1	0.0552	Type3_SameDomain	Type3_SameDomain	443	610	58	0.47255
ENSG00000113013	ENST00000649692.2	ENST00000677527.1	32380	33635	1	0.0552	Type3_SameDomain	Type3_SameDomain	443	610	58	0.47255
ENSG00000113013	ENST00000649692.2	ENST00000677553.1	32380	33642	1	0.06163	Type3_SameDomain	Type3_SameDomain	443	647	58	0.49074
ENSG00000113013	ENST00000649692.2	ENST00000677693.1	32380	33660	1	0.05163	Type3_SameDomain	Type3_SameDomain	443	596	58	0.47226
ENSG00000113013	ENST00000649692.2	ENST00000677988.1	32380	33690	1	0.0552	Type3_SameDomain	Type3_SameDomain	443	610	58	0.47255
ENSG00000113013	ENST00000649692.2	ENST00000678300.1	32380	33739	1	0.0552	Type3_SameDomain	Type3_SameDomain	443	610	58	0.47255
ENSG00000113013	ENST00000649692.2	ENST00000678384.1	32380	33741	1	0.0552	Type3_SameDomain	Type3_SameDomain	443	610	58	0.47255
ENSG00000165338	ENST00000371681.8	ENST00000498446.1	14440	24777	0	0.07398	Type1_DomainLoss	Type1_DomainLoss	207	108	39	0.39001
ENSG00000166228	ENST00000299299.4	ENST00000493228.1	6736	24514	0	0.0503	Type0_NoDomain	Type0_NoDomain	104	213	13	0.63725
ENSG00000166794	ENST00000300026.4	ENST00000718122.1	6801	36439	1	0.05231	Type3_SameDomain	Type3_SameDomain	208	116	74	0.32524
ENSG00000166974	ENST00000300249.10	ENST00000413393.5	6832	19733	1	0.0683	Type3_SameDomain	Type3_SameDomain	327	357	44	0.71318
ENSG00000166974	ENST00000300249.10	ENST00000413393.5	6832	19734	1	0.0683	Type3_SameDomain	Type3_SameDomain	327	357	44	0.71318
ENSG00000166974	ENST00000300249.10	ENST00000413393.5	6833	19733	1	0.0683	Type3_SameDomain	Type3_SameDomain	327	357	44	0.71318
ENSG00000166974	ENST00000300249.10	ENST00000413393.5	6833	19734	1	0.0683	Type3_SameDomain	Type3_SameDomain	327	357	44	0.71318
ENSG00000166974	ENST00000413393.5	ENST00000436190.6	19733	21280	1	0.0568	Type3_SameDomain	Type3_SameDomain	357	315	44	0.75938
ENSG00000166974	ENST00000413393.5	ENST00000436190.6	19733	21281	1	0.0568	Type3_SameDomain	Type3_SameDomain	357	315	44	0.75938
ENSG00000166974	ENST00000413393.5	ENST00000436190.6	19734	21280	1	0.0568	Type3_SameDomain	Type3_SameDomain	357	315	44	0.75938
ENSG00000166974	ENST00000413393.5	ENST00000436190.6	19734	21281	1	0.0568	Type3_SameDomain	Type3_SameDomain	357	315	44	0.75938
ENSG00000018869	ENST00000301310.8	ENST00000586929.6	6919	29342	2	0.05595	Type3_SameDomain	Type3_SameDomain	570	548	4	0.69229
ENSG00000018869	ENST00000301310.8	ENST00000586929.6	6919	29343	2	0.05595	Type3_SameDomain	Type3_SameDomain	570	548	4	0.69229
ENSG00000018869	ENST00000301310.8	ENST00000586929.6	6919	29344	2	0.05595	Type3_SameDomain	Type3_SameDomain	570	548	4	0.69229
ENSG00000018869	ENST00000301310.8	ENST00000586929.6	6920	29342	2	0.05595	Type3_SameDomain	Type3_SameDomain	570	548	4	0.69229
ENSG00000018869	ENST00000301310.8	ENST00000586929.6	6920	29343	2	0.05595	Type3_SameDomain	Type3_SameDomain	570	548	4	0.69229
ENSG00000018869	ENST00000301310.8	ENST00000586929.6	6920	29344	2	0.05595	Type3_SameDomain	Type3_SameDomain	570	548	4	0.69229
ENSG00000171735	ENST00000461311.1	ENST00000557126.5	22891	28116	0	0.06773	Type1_DomainLoss	Type1_DomainLoss	103	101	10	0.43894
ENSG00000168393	ENST00000305784.7	ENST00000400770.6	7289	18795	0	0.05398	Type0_NoDomain	Type0_NoDomain	212	142	41	0.70025
ENSG00000168916	ENST00000306315.9	ENST00000509799.5	7347	25236	0	0.07159	Type0_NoDomain	Type0_NoDomain	1512	715	9	0.43952
ENSG00000168916	ENST00000306315.9	ENST00000509799.5	7347	25237	0	0.07159	Type0_NoDomain	Type0_NoDomain	1512	715	9	0.43952
ENSG00000168916	ENST00000509799.5	ENST00000513986.2	25236	25484	0	0.07159	Type0_NoDomain	Type0_NoDomain	715	1512	9	0.43952
ENSG00000168916	ENST00000509799.5	ENST00000513986.2	25237	25484	0	0.07159	Type0_NoDomain	Type0_NoDomain	715	1512	9	0.43952
ENSG00000178927	ENST00000306645.10	ENST00000434650.6	7379	21151	0	0.07661	Type0_NoDomain	Type0_NoDomain	217	229	62	0.34962
ENSG00000178927	ENST00000306645.10	ENST00000434650.6	7379	21152	0	0.07661	Type0_NoDomain	Type0_NoDomain	217	229	62	0.34962
ENSG00000178927	ENST00000306645.10	ENST00000434650.6	7380	21151	0	0.07661	Type0_NoDomain	Type0_NoDomain	217	229	62	0.34962
ENSG00000178927	ENST00000306645.10	ENST00000434650.6	7380	21152	0	0.07661	Type0_NoDomain	Type0_NoDomain	217	229	62	0.34962
ENSG00000084093	ENST00000309042.12	ENST00000616975.5	7622	30752	1	0.10357	Type3_SameDomain	Type3_SameDomain	1204	771	47	0.41122
ENSG00000084093	ENST00000309042.12	ENST00000616975.5	7622	30753	1	0.10357	Type3_SameDomain	Type3_SameDomain	1204	771	47	0.41122
ENSG00000084093	ENST00000309042.12	ENST00000616975.5	7622	30754	1	0.10357	Type3_SameDomain	Type3_SameDomain	1204	771	47	0.41122
ENSG00000084093	ENST00000309042.12	ENST00000616975.5	7623	30752	1	0.10357	Type3_SameDomain	Type3_SameDomain	1204	771	47	0.41122
ENSG00000084093	ENST00000309042.12	ENST00000616975.5	7623	30753	1	0.10357	Type3_SameDomain	Type3_SameDomain	1204	771	47	0.41122
ENSG00000084093	ENST00000309042.12	ENST00000616975.5	7623	30754	1	0.10357	Type3_SameDomain	Type3_SameDomain	1204	771	47	0.41122
ENSG00000084093	ENST00000514063.2	ENST00000638187.2	25488	31616	0	0.10357	Type1_DomainLoss	Type1_DomainLoss	771	1112	47	0.41122
ENSG00000084093	ENST00000514063.2	ENST00000638187.2	25488	31617	0	0.10357	Type1_DomainLoss	Type1_DomainLoss	771	1112	47	0.41122
ENSG00000084093	ENST00000514063.2	ENST00000638187.2	25489	31616	0	0.10357	Type1_DomainLoss	Type1_DomainLoss	771	1112	47	0.41122
ENSG00000084093	ENST00000514063.2	ENST00000638187.2	25489	31617	0	0.10357	Type1_DomainLoss	Type1_DomainLoss	771	1112	47	0.41122
ENSG00000084093	ENST00000514063.2	ENST00000638187.2	25490	31616	0	0.10357	Type1_DomainLoss	Type1_DomainLoss	771	1112	47	0.41122
ENSG00000084093	ENST00000514063.2	ENST00000638187.2	25490	31617	0	0.10357	Type1_DomainLoss	Type1_DomainLoss	771	1112	47	0.41122
ENSG00000173272	ENST00000309451.7	ENST00000445782.2	7666	21859	0	0.05352	Type0_NoDomain	Type0_NoDomain	158	156	39	0.45117
ENSG00000173272	ENST00000309451.7	ENST00000445782.2	7666	21860	0	0.05352	Type0_NoDomain	Type0_NoDomain	158	156	39	0.45117
ENSG00000135968	ENST00000309863.11	ENST00000480863.1	7697	23888	0	0.06961	Type0_NoDomain	Type0_NoDomain	1684	103	39	0.4554
ENSG00000135968	ENST00000480863.1	ENST00000482325.5	23888	23970	0	0.06058	Type0_NoDomain	Type0_NoDomain	103	1583	39	0.46826
ENSG00000135968	ENST00000480863.1	ENST00000687832.1	23888	34980	0	0.05944	Type0_NoDomain	Type0_NoDomain	103	1572	39	0.46642
ENSG00000135968	ENST00000480863.1	ENST00000688612.1	23888	35026	0	0.07071	Type0_NoDomain	Type0_NoDomain	103	933	39	0.45768
ENSG00000135968	ENST00000480863.1	ENST00000689620.1	23888	35096	0	0.07116	Type0_NoDomain	Type0_NoDomain	103	965	39	0.46031
ENSG00000135968	ENST00000480863.1	ENST00000692969.1	23888	35284	0	0.05716	Type0_NoDomain	Type0_NoDomain	103	864	39	0.46286
ENSG00000135821	ENST00000311223.9	ENST00000491322.1	7836	24395	0	0.05635	Type0_NoDomain	Type0_NoDomain	373	112	19	0.75354
ENSG00000135821	ENST00000311223.9	ENST00000491322.1	7836	24396	0	0.05635	Type0_NoDomain	Type0_NoDomain	373	112	19	0.75354
ENSG00000135821	ENST00000311223.9	ENST00000491322.1	7837	24395	0	0.05635	Type0_NoDomain	Type0_NoDomain	373	112	19	0.75354
ENSG00000135821	ENST00000311223.9	ENST00000491322.1	7837	24396	0	0.05635	Type0_NoDomain	Type0_NoDomain	373	112	19	0.75354
ENSG00000135821	ENST00000331872.11	ENST00000491322.1	9595	24395	0	0.05635	Type0_NoDomain	Type0_NoDomain	373	112	19	0.75354
ENSG00000135821	ENST00000331872.11	ENST00000491322.1	9595	24396	0	0.05635	Type0_NoDomain	Type0_NoDomain	373	112	19	0.75354
ENSG00000135821	ENST00000339526.9	ENST00000491322.1	10372	24395	0	0.05635	Type0_NoDomain	Type0_NoDomain	373	112	19	0.75354
ENSG00000135821	ENST00000339526.9	ENST00000491322.1	10372	24396	0	0.05635	Type0_NoDomain	Type0_NoDomain	373	112	19	0.75354
ENSG00000135821	ENST00000417584.6	ENST00000491322.1	19950	24395	0	0.05635	Type0_NoDomain	Type0_NoDomain	373	112	19	0.75354
ENSG00000135821	ENST00000417584.6	ENST00000491322.1	19950	24396	0	0.05635	Type0_NoDomain	Type0_NoDomain	373	112	19	0.75354
ENSG00000135821	ENST00000463851.6	ENST00000491322.1	22988	24395	0	0.06402	Type0_NoDomain	Type0_NoDomain	211	112	19	0.66434
ENSG00000135821	ENST00000463851.6	ENST00000491322.1	22988	24396	0	0.06402	Type0_NoDomain	Type0_NoDomain	211	112	19	0.66434
ENSG00000102786	ENST00000311234.9	ENST00000442263.4	7839	21638	0	0.05438	Type0_NoDomain	Type0_NoDomain	887	166	67	0.33548
ENSG00000102786	ENST00000311234.9	ENST00000442263.4	7839	21639	0	0.05438	Type0_NoDomain	Type0_NoDomain	887	166	67	0.33548
ENSG00000102786	ENST00000311234.9	ENST00000442263.4	7840	21638	0	0.05438	Type0_NoDomain	Type0_NoDomain	887	166	67	0.33548
ENSG00000102786	ENST00000311234.9	ENST00000442263.4	7840	21639	0	0.05438	Type0_NoDomain	Type0_NoDomain	887	166	67	0.33548
ENSG00000137309	ENST00000311487.9	ENST00000347617.10	7864	11144	0	0.11164	Type0_NoDomain	Type0_NoDomain	107	173	8	0.83231
ENSG00000137309	ENST00000311487.9	ENST00000401473.7	7864	18831	0	0.11486	Type0_NoDomain	Type0_NoDomain	107	211	8	0.84102
ENSG00000137309	ENST00000347617.10	ENST00000447654.5	11144	22000	0	0.11164	Type0_NoDomain	Type0_NoDomain	173	107	8	0.83231
ENSG00000137309	ENST00000401473.7	ENST00000447654.5	18831	22000	0	0.11486	Type0_NoDomain	Type0_NoDomain	211	107	8	0.84102
ENSG00000115875	ENST00000313117.11	ENST00000409276.5	7992	19413	1	0.06351	Type3_SameDomain	Type3_SameDomain	273	269	7	0.92739
ENSG00000115875	ENST00000313117.11	ENST00000409276.5	7993	19413	1	0.06351	Type3_SameDomain	Type3_SameDomain	273	269	7	0.92739
ENSG00000115875	ENST00000409276.5	ENST00000446327.6	19413	21898	1	0.06351	Type3_SameDomain	Type3_SameDomain	269	305	7	0.92739
ENSG00000115875	ENST00000409276.5	ENST00000446327.6	19413	21899	1	0.06351	Type3_SameDomain	Type3_SameDomain	269	305	7	0.92739
ENSG00000009950	ENST00000345114.9	ENST00000429400.6	11017	20793	0	0.0571	Type1_DomainLoss	Type1_DomainLoss	575	833	4	0.66015
ENSG00000009950	ENST00000345114.9	ENST00000429400.6	11017	20794	0	0.0571	Type1_DomainLoss	Type1_DomainLoss	575	833	4	0.66015
ENSG00000009950	ENST00000345114.9	ENST00000429400.6	11018	20793	0	0.0571	Type1_DomainLoss	Type1_DomainLoss	575	833	4	0.66015
ENSG00000009950	ENST00000345114.9	ENST00000429400.6	11018	20794	0	0.0571	Type1_DomainLoss	Type1_DomainLoss	575	833	4	0.66015
ENSG00000009950	ENST00000345114.9	ENST00000429400.6	11019	20793	0	0.0571	Type1_DomainLoss	Type1_DomainLoss	575	833	4	0.66015
ENSG00000009950	ENST00000345114.9	ENST00000429400.6	11019	20794	0	0.0571	Type1_DomainLoss	Type1_DomainLoss	575	833	4	0.66015
ENSG00000159200	ENST00000313806.9	ENST00000482533.5	8062	23980	0	0.05247	Type0_NoDomain	Type0_NoDomain	252	117	7	0.4481
ENSG00000159200	ENST00000313806.9	ENST00000482533.5	8062	23981	0	0.05247	Type0_NoDomain	Type0_NoDomain	252	117	7	0.4481
ENSG00000159200	ENST00000381132.6	ENST00000482533.5	16595	23980	0	0.05762	Type0_NoDomain	Type0_NoDomain	197	117	7	0.42663
ENSG00000159200	ENST00000381132.6	ENST00000482533.5	16595	23981	0	0.05762	Type0_NoDomain	Type0_NoDomain	197	117	7	0.42663
ENSG00000159200	ENST00000381135.7	ENST00000482533.5	16596	23980	0	0.0543	Type0_NoDomain	Type0_NoDomain	294	117	7	0.47303
ENSG00000159200	ENST00000381135.7	ENST00000482533.5	16596	23981	0	0.0543	Type0_NoDomain	Type0_NoDomain	294	117	7	0.47303
ENSG00000166133	ENST00000315616.12	ENST00000616318.1	8214	30711	0	0.05092	Type0_NoDomain	Type0_NoDomain	558	172	15	0.34659
ENSG00000143740	ENST00000480897.5	ENST00000681149.1	23893	34177	0	0.05797	Type1_DomainLoss	Type1_DomainLoss	232	419	69	0.32337
ENSG00000143740	ENST00000480897.5	ENST00000681149.1	23893	34178	0	0.05797	Type1_DomainLoss	Type1_DomainLoss	232	419	69	0.32337
ENSG00000143740	ENST00000480897.5	ENST00000681929.1	23893	34269	0	0.05909	Type1_DomainLoss	Type1_DomainLoss	232	275	69	0.32727
ENSG00000143740	ENST00000480897.5	ENST00000681149.1	23894	34177	0	0.05797	Type1_DomainLoss	Type1_DomainLoss	232	419	69	0.32337
ENSG00000143740	ENST00000480897.5	ENST00000681149.1	23894	34178	0	0.05797	Type1_DomainLoss	Type1_DomainLoss	232	419	69	0.32337
ENSG00000143740	ENST00000480897.5	ENST00000681929.1	23894	34269	0	0.05909	Type1_DomainLoss	Type1_DomainLoss	232	275	69	0.32727
ENSG00000120885	ENST00000316403.15	ENST00000405140.7	8274	19095	0	0.09955	Type0_NoDomain	Type0_NoDomain	474	449	39	0.50207
ENSG00000120885	ENST00000316403.15	ENST00000405140.7	8274	19096	0	0.09955	Type0_NoDomain	Type0_NoDomain	474	449	39	0.50207
ENSG00000120885	ENST00000316403.15	ENST00000523500.5	8274	25996	0	0.09955	Type0_NoDomain	Type0_NoDomain	474	449	39	0.50207
ENSG00000120885	ENST00000316403.15	ENST00000405140.7	8275	19095	0	0.09955	Type0_NoDomain	Type0_NoDomain	474	449	39	0.50207
ENSG00000120885	ENST00000316403.15	ENST00000405140.7	8275	19096	0	0.09955	Type0_NoDomain	Type0_NoDomain	474	449	39	0.50207
ENSG00000120885	ENST00000316403.15	ENST00000523500.5	8275	25996	0	0.09955	Type0_NoDomain	Type0_NoDomain	474	449	39	0.50207
ENSG00000168234	ENST00000317571.8	ENST00000584250.2	8382	29200	0	0.05422	Type0_NoDomain	Type0_NoDomain	583	226	41	0.18411
ENSG00000168234	ENST00000540918.3	ENST00000584250.2	27130	29200	0	0.05366	Type0_NoDomain	Type0_NoDomain	276	226	53	0.18006
ENSG00000168234	ENST00000540918.3	ENST00000584250.2	27131	29200	0	0.05366	Type0_NoDomain	Type0_NoDomain	276	226	53	0.18006
ENSG00000105976	ENST00000397752.8	ENST00000456159.1	18425	22587	0	0.05083	Type1_DomainLoss	Type1_DomainLoss	1390	190	22	0.6865
ENSG00000105976	ENST00000397752.8	ENST00000456159.1	18426	22587	0	0.05083	Type1_DomainLoss	Type1_DomainLoss	1390	190	22	0.6865
ENSG00000154556	ENST00000421420.6	ENST00000650145.1	20196	32432	2	0.0527	Type3_SameDomain	Type3_SameDomain	1572	394	39	0.44723
ENSG00000154556	ENST00000421420.6	ENST00000650145.1	20196	32433	2	0.0527	Type3_SameDomain	Type3_SameDomain	1572	394	39	0.44723
ENSG00000154556	ENST00000421420.6	ENST00000698537.1	20196	35627	2	0.0527	Type3_SameDomain	Type3_SameDomain	1572	295	39	0.44723
ENSG00000154556	ENST00000421420.6	ENST00000698537.1	20196	35628	2	0.0527	Type3_SameDomain	Type3_SameDomain	1572	295	39	0.44723
ENSG00000154556	ENST00000421420.6	ENST00000650145.1	20197	32432	2	0.0527	Type3_SameDomain	Type3_SameDomain	1572	394	39	0.44723
ENSG00000154556	ENST00000421420.6	ENST00000650145.1	20197	32433	2	0.0527	Type3_SameDomain	Type3_SameDomain	1572	394	39	0.44723
ENSG00000154556	ENST00000421420.6	ENST00000698537.1	20197	35627	2	0.0527	Type3_SameDomain	Type3_SameDomain	1572	295	39	0.44723
ENSG00000154556	ENST00000421420.6	ENST00000698537.1	20197	35628	2	0.0527	Type3_SameDomain	Type3_SameDomain	1572	295	39	0.44723
ENSG00000131943	ENST00000323670.14	ENST00000392275.1	8925	17183	0	0.09281	Type0_NoDomain	Type0_NoDomain	190	111	4	0.521
ENSG00000131943	ENST00000342680.5	ENST00000392275.1	10737	17183	0	0.09085	Type0_NoDomain	Type0_NoDomain	121	111	4	0.51879
ENSG00000131943	ENST00000392275.1	ENST00000623113.3	17183	31172	0	0.09947	Type0_NoDomain	Type0_NoDomain	111	152	4	0.52161
ENSG00000133226	ENST00000323848.14	ENST00000462710.5	8934	22943	0	0.06318	Type0_NoDomain	Type0_NoDomain	904	124	15	0.74943
ENSG00000133226	ENST00000462710.5	ENST00000705663.1	22943	36030	0	0.0632	Type0_NoDomain	Type0_NoDomain	124	917	15	0.7528
ENSG00000133226	ENST00000462710.5	ENST00000705681.1	22943	36031	0	0.06328	Type0_NoDomain	Type0_NoDomain	124	903	15	0.75021
ENSG00000133226	ENST00000462710.5	ENST00000705682.1	22943	36032	0	0.06299	Type0_NoDomain	Type0_NoDomain	124	915	15	0.74793
ENSG00000071054	ENST00000324219.9	ENST00000413150.6	8963	19719	0	0.08567	Type1_DomainLoss	Type1_DomainLoss	1384	1172	22	0.93552
ENSG00000071054	ENST00000324219.9	ENST00000413150.6	8963	19720	0	0.08567	Type1_DomainLoss	Type1_DomainLoss	1384	1172	22	0.93552
ENSG00000071054	ENST00000324219.9	ENST00000413150.6	8964	19719	0	0.08567	Type1_DomainLoss	Type1_DomainLoss	1384	1172	22	0.93552
ENSG00000071054	ENST00000324219.9	ENST00000413150.6	8964	19720	0	0.08567	Type1_DomainLoss	Type1_DomainLoss	1384	1172	22	0.93552
ENSG00000071054	ENST00000324219.9	ENST00000413150.6	8965	19719	0	0.08567	Type1_DomainLoss	Type1_DomainLoss	1384	1172	22	0.93552
ENSG00000071054	ENST00000324219.9	ENST00000413150.6	8965	19720	0	0.08567	Type1_DomainLoss	Type1_DomainLoss	1384	1172	22	0.93552
ENSG00000071054	ENST00000350878.9	ENST00000413150.6	11341	19719	0	0.07799	Type1_DomainLoss	Type1_DomainLoss	1273	1172	22	0.92793
ENSG00000071054	ENST00000350878.9	ENST00000413150.6	11341	19720	0	0.07799	Type1_DomainLoss	Type1_DomainLoss	1273	1172	22	0.92793
ENSG00000071054	ENST00000350878.9	ENST00000413150.6	11342	19719	0	0.07799	Type1_DomainLoss	Type1_DomainLoss	1273	1172	22	0.92793
ENSG00000071054	ENST00000350878.9	ENST00000413150.6	11342	19720	0	0.07799	Type1_DomainLoss	Type1_DomainLoss	1273	1172	22	0.92793
ENSG00000179583	ENST00000324288.14	ENST00000573379.1	8974	28865	0	0.09221	Type0_NoDomain	Type0_NoDomain	1130	174	41	0.59247
ENSG00000179583	ENST00000324288.14	ENST00000573379.1	8975	28865	0	0.09221	Type0_NoDomain	Type0_NoDomain	1130	174	41	0.59247
ENSG00000179583	ENST00000324288.14	ENST00000573379.1	8976	28865	0	0.09221	Type0_NoDomain	Type0_NoDomain	1130	174	41	0.59247
ENSG00000179583	ENST00000324288.14	ENST00000573379.1	8977	28865	0	0.09221	Type0_NoDomain	Type0_NoDomain	1130	174	41	0.59247
ENSG00000136758	ENST00000326799.7	ENST00000477432.1	9180	23715	0	0.05502	Type1_DomainLoss	Type1_DomainLoss	822	136	39	0.32106
ENSG00000136758	ENST00000326799.7	ENST00000477432.1	9181	23715	0	0.05502	Type1_DomainLoss	Type1_DomainLoss	822	136	39	0.32106
ENSG00000136758	ENST00000326799.7	ENST00000477432.1	9182	23715	0	0.05502	Type1_DomainLoss	Type1_DomainLoss	822	136	39	0.32106
ENSG00000136758	ENST00000376016.8	ENST00000491542.7	15601	24415	2	0.07013	Type3_SameDomain	Type3_SameDomain	774	652	51	0.7389
ENSG00000136758	ENST00000376016.8	ENST00000491542.7	15602	24415	2	0.07013	Type3_SameDomain	Type3_SameDomain	774	652	51	0.7389
ENSG00000136758	ENST00000376016.8	ENST00000491542.7	15603	24415	2	0.07013	Type3_SameDomain	Type3_SameDomain	774	652	51	0.7389
ENSG00000136758	ENST00000427324.6	ENST00000477432.1	20661	23715	0	0.05502	Type1_DomainLoss	Type1_DomainLoss	753	136	39	0.32106
ENSG00000136758	ENST00000427324.6	ENST00000477432.1	20662	23715	0	0.05502	Type1_DomainLoss	Type1_DomainLoss	753	136	39	0.32106
ENSG00000136758	ENST00000427324.6	ENST00000477432.1	20663	23715	0	0.05502	Type1_DomainLoss	Type1_DomainLoss	753	136	39	0.32106
ENSG00000185591	ENST00000327443.9	ENST00000426431.2	9233	20583	1	0.14052	Type3_SameDomain	Type3_SameDomain	785	798	4	0.84361
ENSG00000185591	ENST00000327443.9	ENST00000426431.2	9233	20584	1	0.14052	Type3_SameDomain	Type3_SameDomain	785	798	4	0.84361
ENSG00000185591	ENST00000327443.9	ENST00000426431.2	9234	20583	1	0.14052	Type3_SameDomain	Type3_SameDomain	785	798	4	0.84361
ENSG00000185591	ENST00000327443.9	ENST00000426431.2	9234	20584	1	0.14052	Type3_SameDomain	Type3_SameDomain	785	798	4	0.84361
ENSG00000101361	ENST00000329276.10	ENST00000492135.5	9373	24457	0	0.07661	Type0_NoDomain	Type0_NoDomain	594	174	8	0.48999
ENSG00000170004	ENST00000330494.12	ENST00000700753.1	9464	35833	0	0.08739	Type1_DomainLoss	Type1_DomainLoss	2000	2117	51	0.80687
ENSG00000170004	ENST00000330494.12	ENST00000700753.1	9464	35834	0	0.08739	Type1_DomainLoss	Type1_DomainLoss	2000	2117	51	0.80687
ENSG00000170004	ENST00000330494.12	ENST00000700753.1	9465	35833	0	0.08739	Type1_DomainLoss	Type1_DomainLoss	2000	2117	51	0.80687
ENSG00000170004	ENST00000330494.12	ENST00000700753.1	9465	35834	0	0.08739	Type1_DomainLoss	Type1_DomainLoss	2000	2117	51	0.80687
ENSG00000170004	ENST00000358181.8	ENST00000700753.1	12266	35833	0	0.08739	Type1_DomainLoss	Type1_DomainLoss	1966	2117	51	0.80687
ENSG00000170004	ENST00000358181.8	ENST00000700753.1	12266	35834	0	0.08739	Type1_DomainLoss	Type1_DomainLoss	1966	2117	51	0.80687
ENSG00000170004	ENST00000358181.8	ENST00000700753.1	12267	35833	0	0.08739	Type1_DomainLoss	Type1_DomainLoss	1966	2117	51	0.80687
ENSG00000170004	ENST00000358181.8	ENST00000700753.1	12267	35834	0	0.08739	Type1_DomainLoss	Type1_DomainLoss	1966	2117	51	0.80687
ENSG00000177752	ENST00000332990.6	ENST00000415895.9	9671	19866	0	0.06044	Type0_NoDomain	Type0_NoDomain	184	280	4	0.23137
ENSG00000239672	ENST00000336097.7	ENST00000393196.8	9961	17397	1	0.05707	Type0_NoDomain	Type0_NoDomain	177	188	78	0.34409
ENSG00000221926	ENST00000580110.5	ENST00000649191.2	29075	32339	0	0.06714	Type1_DomainLoss	Type1_DomainLoss	111	564	47	0.75538
ENSG00000221926	ENST00000580110.5	ENST00000649191.2	29075	32340	0	0.06714	Type1_DomainLoss	Type1_DomainLoss	111	564	47	0.75538
ENSG00000084090	ENST00000337288.10	ENST00000479456.1	10100	23822	0	0.06509	Type0_NoDomain	Type0_NoDomain	370	125	48	0.65704
ENSG00000197536	ENST00000337752.6	ENST00000378953.8	10158	16157	0	0.06274	Type0_NoDomain	Type0_NoDomain	107	275	41	0.21292
ENSG00000197536	ENST00000337752.6	ENST00000378953.8	10159	16157	0	0.06274	Type0_NoDomain	Type0_NoDomain	107	275	41	0.21292
ENSG00000197536	ENST00000337752.6	ENST00000378953.8	10160	16157	0	0.06274	Type0_NoDomain	Type0_NoDomain	107	275	41	0.21292
ENSG00000125812	ENST00000338121.10	ENST00000377051.2	10209	15784	0	0.06397	Type0_NoDomain	Type0_NoDomain	736	711	3	0.53194
ENSG00000125812	ENST00000338121.10	ENST00000377051.2	10209	15785	0	0.06397	Type0_NoDomain	Type0_NoDomain	736	711	3	0.53194
ENSG00000125812	ENST00000338121.10	ENST00000377051.2	10210	15784	0	0.06397	Type0_NoDomain	Type0_NoDomain	736	711	3	0.53194
ENSG00000125812	ENST00000338121.10	ENST00000377051.2	10210	15785	0	0.06397	Type0_NoDomain	Type0_NoDomain	736	711	3	0.53194
ENSG00000007866	ENST00000338863.13	ENST00000639578.3	10307	31684	0	0.05045	Type0_NoDomain	Type0_NoDomain	512	507	4	0.70351
ENSG00000007866	ENST00000338863.13	ENST00000639578.3	10308	31684	0	0.05045	Type0_NoDomain	Type0_NoDomain	512	507	4	0.70351
ENSG00000163349	ENST00000340480.8	ENST00000369558.5	10476	13886	0	0.08256	Type1_DomainLoss	Type1_DomainLoss	836	1287	22	0.85786
ENSG00000163349	ENST00000340480.8	ENST00000369558.5	10476	13887	0	0.08256	Type1_DomainLoss	Type1_DomainLoss	836	1287	22	0.85786
ENSG00000163349	ENST00000340480.8	ENST00000369558.5	10477	13886	0	0.08256	Type1_DomainLoss	Type1_DomainLoss	836	1287	22	0.85786
ENSG00000163349	ENST00000340480.8	ENST00000369558.5	10477	13887	0	0.08256	Type1_DomainLoss	Type1_DomainLoss	836	1287	22	0.85786
ENSG00000173230	ENST00000340645.10	ENST00000393667.8	10499	17500	0	0.05966	Type0_NoDomain	Type0_NoDomain	3259	3306	15	0.39803
ENSG00000173230	ENST00000340645.10	ENST00000393667.8	10499	17501	0	0.05966	Type0_NoDomain	Type0_NoDomain	3259	3306	15	0.39803
ENSG00000173230	ENST00000340645.10	ENST00000614479.5	10499	30590	0	0.05966	Type0_NoDomain	Type0_NoDomain	3259	3301	15	0.39803
ENSG00000173230	ENST00000340645.10	ENST00000614479.5	10499	30591	0	0.05966	Type0_NoDomain	Type0_NoDomain	3259	3301	15	0.39803
ENSG00000173230	ENST00000340645.10	ENST00000393667.8	10500	17500	0	0.05966	Type0_NoDomain	Type0_NoDomain	3259	3306	15	0.39803
ENSG00000173230	ENST00000340645.10	ENST00000393667.8	10500	17501	0	0.05966	Type0_NoDomain	Type0_NoDomain	3259	3306	15	0.39803
ENSG00000173230	ENST00000340645.10	ENST00000614479.5	10500	30590	0	0.05966	Type0_NoDomain	Type0_NoDomain	3259	3301	15	0.39803
ENSG00000173230	ENST00000340645.10	ENST00000614479.5	10500	30591	0	0.05966	Type0_NoDomain	Type0_NoDomain	3259	3301	15	0.39803
ENSG00000173230	ENST00000393667.8	ENST00000482512.6	17500	23978	0	0.0681	Type0_NoDomain	Type0_NoDomain	3306	3225	15	0.41489
ENSG00000173230	ENST00000393667.8	ENST00000482512.6	17500	23979	0	0.0681	Type0_NoDomain	Type0_NoDomain	3306	3225	15	0.41489
ENSG00000173230	ENST00000393667.8	ENST00000494517.6	17500	24580	0	0.07888	Type0_NoDomain	Type0_NoDomain	3306	3260	15	0.34325
ENSG00000173230	ENST00000393667.8	ENST00000694957.1	17500	35351	0	0.07121	Type0_NoDomain	Type0_NoDomain	3306	3184	15	0.42017
ENSG00000173230	ENST00000393667.8	ENST00000694957.1	17500	35352	0	0.07121	Type0_NoDomain	Type0_NoDomain	3306	3184	15	0.42017
ENSG00000173230	ENST00000393667.8	ENST00000482512.6	17501	23978	0	0.0681	Type0_NoDomain	Type0_NoDomain	3306	3225	15	0.41489
ENSG00000173230	ENST00000393667.8	ENST00000482512.6	17501	23979	0	0.0681	Type0_NoDomain	Type0_NoDomain	3306	3225	15	0.41489
ENSG00000173230	ENST00000393667.8	ENST00000494517.6	17501	24580	0	0.07888	Type0_NoDomain	Type0_NoDomain	3306	3260	15	0.34325
ENSG00000173230	ENST00000393667.8	ENST00000694957.1	17501	35351	0	0.07121	Type0_NoDomain	Type0_NoDomain	3306	3184	15	0.42017
ENSG00000173230	ENST00000393667.8	ENST00000694957.1	17501	35352	0	0.07121	Type0_NoDomain	Type0_NoDomain	3306	3184	15	0.42017
ENSG00000173230	ENST00000482512.6	ENST00000614479.5	23978	30590	0	0.0681	Type0_NoDomain	Type0_NoDomain	3225	3301	15	0.41489
ENSG00000173230	ENST00000482512.6	ENST00000614479.5	23978	30591	0	0.0681	Type0_NoDomain	Type0_NoDomain	3225	3301	15	0.41489
ENSG00000173230	ENST00000482512.6	ENST00000614479.5	23979	30590	0	0.0681	Type0_NoDomain	Type0_NoDomain	3225	3301	15	0.41489
ENSG00000173230	ENST00000482512.6	ENST00000614479.5	23979	30591	0	0.0681	Type0_NoDomain	Type0_NoDomain	3225	3301	15	0.41489
ENSG00000173230	ENST00000494517.6	ENST00000614479.5	24580	30590	0	0.07888	Type0_NoDomain	Type0_NoDomain	3260	3301	15	0.34325
ENSG00000173230	ENST00000494517.6	ENST00000614479.5	24580	30591	0	0.07888	Type0_NoDomain	Type0_NoDomain	3260	3301	15	0.34325
ENSG00000173230	ENST00000494517.6	ENST00000694974.1	24580	35353	0	0.05715	Type0_NoDomain	Type0_NoDomain	3260	2657	15	0.35244
ENSG00000173230	ENST00000494517.6	ENST00000694974.1	24580	35354	0	0.05715	Type0_NoDomain	Type0_NoDomain	3260	2657	15	0.35244
ENSG00000173230	ENST00000494517.6	ENST00000694974.1	24580	35355	0	0.05715	Type0_NoDomain	Type0_NoDomain	3260	2657	15	0.35244
ENSG00000173230	ENST00000494517.6	ENST00000695015.1	24580	35362	0	0.05831	Type0_NoDomain	Type0_NoDomain	3260	2657	15	0.35851
ENSG00000173230	ENST00000494517.6	ENST00000695015.1	24580	35363	0	0.05831	Type0_NoDomain	Type0_NoDomain	3260	2657	15	0.35851
ENSG00000173230	ENST00000494517.6	ENST00000695015.1	24580	35364	0	0.05831	Type0_NoDomain	Type0_NoDomain	3260	2657	15	0.35851
ENSG00000173230	ENST00000614479.5	ENST00000694957.1	30590	35351	0	0.07121	Type0_NoDomain	Type0_NoDomain	3301	3184	15	0.42017
ENSG00000173230	ENST00000614479.5	ENST00000694957.1	30590	35352	0	0.07121	Type0_NoDomain	Type0_NoDomain	3301	3184	15	0.42017
ENSG00000173230	ENST00000614479.5	ENST00000694957.1	30591	35351	0	0.07121	Type0_NoDomain	Type0_NoDomain	3301	3184	15	0.42017
ENSG00000173230	ENST00000614479.5	ENST00000694957.1	30591	35352	0	0.07121	Type0_NoDomain	Type0_NoDomain	3301	3184	15	0.42017
ENSG00000173230	ENST00000694957.1	ENST00000695015.1	35351	35362	0	0.05065	Type0_NoDomain	Type0_NoDomain	3184	2657	15	0.43543
ENSG00000173230	ENST00000694957.1	ENST00000695015.1	35351	35363	0	0.05065	Type0_NoDomain	Type0_NoDomain	3184	2657	15	0.43543
ENSG00000173230	ENST00000694957.1	ENST00000695015.1	35351	35364	0	0.05065	Type0_NoDomain	Type0_NoDomain	3184	2657	15	0.43543
ENSG00000173230	ENST00000694957.1	ENST00000695015.1	35352	35362	0	0.05065	Type0_NoDomain	Type0_NoDomain	3184	2657	15	0.43543
ENSG00000173230	ENST00000694957.1	ENST00000695015.1	35352	35363	0	0.05065	Type0_NoDomain	Type0_NoDomain	3184	2657	15	0.43543
ENSG00000173230	ENST00000694957.1	ENST00000695015.1	35352	35364	0	0.05065	Type0_NoDomain	Type0_NoDomain	3184	2657	15	0.43543
ENSG00000185630	ENST00000540236.4	ENST00000699848.1	27083	35741	1	0.10716	Type3_SameDomain	Type3_SameDomain	383	258	4	0.86253
ENSG00000185630	ENST00000540236.4	ENST00000699848.1	27083	35742	1	0.10716	Type3_SameDomain	Type3_SameDomain	383	258	4	0.86253
ENSG00000185630	ENST00000699847.1	ENST00000699848.1	35739	35741	1	0.10796	Type3_SameDomain	Type3_SameDomain	325	258	4	0.86865
ENSG00000185630	ENST00000699847.1	ENST00000699848.1	35739	35742	1	0.10796	Type3_SameDomain	Type3_SameDomain	325	258	4	0.86865
ENSG00000185630	ENST00000699847.1	ENST00000699848.1	35740	35741	1	0.10796	Type3_SameDomain	Type3_SameDomain	325	258	4	0.86865
ENSG00000185630	ENST00000699847.1	ENST00000699848.1	35740	35742	1	0.10796	Type3_SameDomain	Type3_SameDomain	325	258	4	0.86865
ENSG00000172977	ENST00000530446.5	ENST00000534650.5	26428	26696	0	0.05175	Type0_NoDomain	Type0_NoDomain	494	302	9	0.35042
ENSG00000008083	ENST00000341776.7	ENST00000397311.4	10641	18344	3	0.05317	Type3_SameDomain	Type3_SameDomain	1246	1267	8	0.49724
ENSG00000008083	ENST00000341776.7	ENST00000397311.4	10641	18345	3	0.05317	Type3_SameDomain	Type3_SameDomain	1246	1267	8	0.49724
ENSG00000008083	ENST00000341776.7	ENST00000397311.4	10642	18344	3	0.05317	Type3_SameDomain	Type3_SameDomain	1246	1267	8	0.49724
ENSG00000008083	ENST00000341776.7	ENST00000397311.4	10642	18345	3	0.05317	Type3_SameDomain	Type3_SameDomain	1246	1267	8	0.49724
ENSG00000117543	ENST00000342173.11	ENST00000464270.5	10676	23012	0	0.06155	Type0_NoDomain	Type0_NoDomain	284	164	20	0.24153
ENSG00000117543	ENST00000370109.8	ENST00000464270.5	14046	23012	0	0.06172	Type0_NoDomain	Type0_NoDomain	285	164	20	0.24156
ENSG00000155657	ENST00000360870.10	ENST00000470257.1	12743	23331	1	0.08627	Type2_PartialTrunc	Type2_PartialTrunc	5604	305	38	0.60424
ENSG00000155657	ENST00000470257.1	ENST00000634225.2	23331	31423	1	0.08905	Type2_PartialTrunc	Type2_PartialTrunc	305	3442	38	0.61408
ENSG00000112679	ENST00000344450.9	ENST00000603795.5	10934	30072	0	0.06913	Type1_DomainLoss	Type1_DomainLoss	184	102	4	0.32703
ENSG00000112679	ENST00000344450.9	ENST00000603795.5	10935	30072	0	0.06913	Type1_DomainLoss	Type1_DomainLoss	184	102	4	0.32703
ENSG00000151292	ENST00000360683.6	ENST00000696905.1	12704	35509	0	0.0863	Type1_DomainLoss	Type1_DomainLoss	465	456	22	0.93502
ENSG00000151292	ENST00000360683.6	ENST00000696905.1	12704	35510	0	0.0863	Type1_DomainLoss	Type1_DomainLoss	465	456	22	0.93502
ENSG00000151292	ENST00000360683.6	ENST00000696905.1	12705	35509	0	0.0863	Type1_DomainLoss	Type1_DomainLoss	465	456	22	0.93502
ENSG00000151292	ENST00000360683.6	ENST00000696905.1	12705	35510	0	0.0863	Type1_DomainLoss	Type1_DomainLoss	465	456	22	0.93502
ENSG00000102710	ENST00000350612.11	ENST00000464572.5	11327	23028	0	0.05907	Type0_NoDomain	Type0_NoDomain	779	136	39	0.34695
ENSG00000102710	ENST00000356185.7	ENST00000464572.5	11863	23028	0	0.06639	Type0_NoDomain	Type0_NoDomain	733	136	39	0.3532
ENSG00000102710	ENST00000360252.8	ENST00000464572.5	12627	23028	0	0.06639	Type0_NoDomain	Type0_NoDomain	733	136	39	0.3532
ENSG00000102710	ENST00000464572.5	ENST00000490716.5	23028	24368	0	0.05186	Type0_NoDomain	Type0_NoDomain	136	522	39	0.3263
ENSG00000102710	ENST00000464572.5	ENST00000490716.5	23028	24369	0	0.05186	Type0_NoDomain	Type0_NoDomain	136	522	39	0.3263
ENSG00000062485	ENST00000351328.8	ENST00000546585.1	11363	27494	0	0.06124	Type3_SameDomain	Type1_DomainLoss	466	129	39	0.35316
ENSG00000062485	ENST00000546585.1	ENST00000548567.5	27494	27606	0	0.05875	Type1_DomainLoss	Type3_SameDomain	129	557	39	0.31406
ENSG00000135316	ENST00000355238.11	ENST00000369622.8	11675	13895	1	0.06081	Type3_SameDomain	Type3_SameDomain	631	657	15	0.91773
ENSG00000135316	ENST00000355238.11	ENST00000676542.1	11675	33507	1	0.05959	Type3_SameDomain	Type3_SameDomain	631	609	7	0.92152
ENSG00000135316	ENST00000355238.11	ENST00000676688.1	11675	33525	1	0.06213	Type3_SameDomain	Type3_SameDomain	631	666	15	0.91832
ENSG00000135316	ENST00000355238.11	ENST00000710383.1	11675	36182	1	0.06269	Type3_SameDomain	Type3_SameDomain	631	692	15	0.91414
ENSG00000135316	ENST00000355238.11	ENST00000369622.8	11676	13895	1	0.06081	Type3_SameDomain	Type3_SameDomain	631	657	15	0.91773
ENSG00000135316	ENST00000355238.11	ENST00000676542.1	11676	33507	1	0.05959	Type3_SameDomain	Type3_SameDomain	631	609	7	0.92152
ENSG00000135316	ENST00000355238.11	ENST00000676688.1	11676	33525	1	0.06213	Type3_SameDomain	Type3_SameDomain	631	666	15	0.91832
ENSG00000135316	ENST00000355238.11	ENST00000710383.1	11676	36182	1	0.06269	Type3_SameDomain	Type3_SameDomain	631	692	15	0.91414
ENSG00000135316	ENST00000369622.8	ENST00000677771.1	13895	33668	1	0.06081	Type3_SameDomain	Type3_SameDomain	657	595	15	0.91773
ENSG00000135316	ENST00000369622.8	ENST00000677771.1	13895	33669	1	0.06081	Type3_SameDomain	Type3_SameDomain	657	595	15	0.91773
ENSG00000135316	ENST00000369622.8	ENST00000678528.1	13895	33756	1	0.06081	Type3_SameDomain	Type3_SameDomain	657	580	15	0.91773
ENSG00000135316	ENST00000369622.8	ENST00000678528.1	13895	33757	1	0.06081	Type3_SameDomain	Type3_SameDomain	657	580	15	0.91773
ENSG00000135316	ENST00000676542.1	ENST00000677771.1	33507	33668	1	0.05959	Type3_SameDomain	Type3_SameDomain	609	595	7	0.92152
ENSG00000135316	ENST00000676542.1	ENST00000677771.1	33507	33669	1	0.05959	Type3_SameDomain	Type3_SameDomain	609	595	7	0.92152
ENSG00000135316	ENST00000676542.1	ENST00000678528.1	33507	33756	1	0.05959	Type3_SameDomain	Type3_SameDomain	609	580	7	0.92152
ENSG00000135316	ENST00000676542.1	ENST00000678528.1	33507	33757	1	0.05959	Type3_SameDomain	Type3_SameDomain	609	580	7	0.92152
ENSG00000135316	ENST00000676688.1	ENST00000677771.1	33525	33668	1	0.06213	Type3_SameDomain	Type3_SameDomain	666	595	15	0.91832
ENSG00000135316	ENST00000676688.1	ENST00000677771.1	33525	33669	1	0.06213	Type3_SameDomain	Type3_SameDomain	666	595	15	0.91832
ENSG00000135316	ENST00000676688.1	ENST00000678528.1	33525	33756	1	0.06213	Type3_SameDomain	Type3_SameDomain	666	580	15	0.91832
ENSG00000135316	ENST00000676688.1	ENST00000678528.1	33525	33757	1	0.06213	Type3_SameDomain	Type3_SameDomain	666	580	15	0.91832
ENSG00000135316	ENST00000677771.1	ENST00000710383.1	33668	36182	1	0.06269	Type3_SameDomain	Type3_SameDomain	595	692	15	0.91414
ENSG00000135316	ENST00000677771.1	ENST00000710383.1	33669	36182	1	0.06269	Type3_SameDomain	Type3_SameDomain	595	692	15	0.91414
ENSG00000135316	ENST00000678528.1	ENST00000710383.1	33756	36182	1	0.06269	Type3_SameDomain	Type3_SameDomain	580	692	15	0.91414
ENSG00000135316	ENST00000678528.1	ENST00000710383.1	33757	36182	1	0.06269	Type3_SameDomain	Type3_SameDomain	580	692	15	0.91414
ENSG00000225830	ENST00000447839.7	ENST00000679552.1	22012	33922	0	0.0514	Type1_DomainLoss	Type1_DomainLoss	1061	260	65	0.59294
ENSG00000225830	ENST00000447839.7	ENST00000679552.1	22012	33923	0	0.0514	Type1_DomainLoss	Type1_DomainLoss	1061	260	65	0.59294
ENSG00000225830	ENST00000447839.7	ENST00000680107.1	22012	34004	0	0.05241	Type1_DomainLoss	Type1_DomainLoss	1061	593	8	0.67679
ENSG00000225830	ENST00000447839.7	ENST00000680107.1	22012	34005	0	0.05241	Type1_DomainLoss	Type1_DomainLoss	1061	593	8	0.67679
ENSG00000225830	ENST00000679552.1	ENST00000681659.1	33922	34241	0	0.06147	Type1_DomainLoss	Type1_DomainLoss	260	1440	41	0.81655
ENSG00000225830	ENST00000679552.1	ENST00000681659.1	33922	34242	0	0.06147	Type1_DomainLoss	Type1_DomainLoss	260	1440	41	0.81655
ENSG00000225830	ENST00000679552.1	ENST00000681659.1	33923	34241	0	0.06147	Type1_DomainLoss	Type1_DomainLoss	260	1440	41	0.81655
ENSG00000225830	ENST00000679552.1	ENST00000681659.1	33923	34242	0	0.06147	Type1_DomainLoss	Type1_DomainLoss	260	1440	41	0.81655
ENSG00000225830	ENST00000680107.1	ENST00000681659.1	34004	34241	0	0.06247	Type1_DomainLoss	Type1_DomainLoss	593	1440	41	0.84352
ENSG00000225830	ENST00000680107.1	ENST00000681659.1	34004	34242	0	0.06247	Type1_DomainLoss	Type1_DomainLoss	593	1440	41	0.84352
ENSG00000225830	ENST00000680107.1	ENST00000681659.1	34005	34241	0	0.06247	Type1_DomainLoss	Type1_DomainLoss	593	1440	41	0.84352
ENSG00000225830	ENST00000680107.1	ENST00000681659.1	34005	34242	0	0.06247	Type1_DomainLoss	Type1_DomainLoss	593	1440	41	0.84352
ENSG00000196233	ENST00000356016.7	ENST00000676067.1	11829	33442	0	0.08701	Type0_NoDomain	Type0_NoDomain	433	614	8	0.57083
ENSG00000196233	ENST00000356016.7	ENST00000676067.1	11829	33443	0	0.08701	Type0_NoDomain	Type0_NoDomain	433	614	8	0.57083
ENSG00000196233	ENST00000356016.7	ENST00000676067.1	11829	33444	0	0.08701	Type0_NoDomain	Type0_NoDomain	433	614	8	0.57083
ENSG00000196233	ENST00000356016.7	ENST00000676067.1	11830	33442	0	0.08701	Type0_NoDomain	Type0_NoDomain	433	614	8	0.57083
ENSG00000196233	ENST00000356016.7	ENST00000676067.1	11830	33443	0	0.08701	Type0_NoDomain	Type0_NoDomain	433	614	8	0.57083
ENSG00000196233	ENST00000356016.7	ENST00000676067.1	11830	33444	0	0.08701	Type0_NoDomain	Type0_NoDomain	433	614	8	0.57083
ENSG00000196233	ENST00000356016.7	ENST00000676067.1	11831	33442	0	0.08701	Type0_NoDomain	Type0_NoDomain	433	614	8	0.57083
ENSG00000196233	ENST00000356016.7	ENST00000676067.1	11831	33443	0	0.08701	Type0_NoDomain	Type0_NoDomain	433	614	8	0.57083
ENSG00000196233	ENST00000356016.7	ENST00000676067.1	11831	33444	0	0.08701	Type0_NoDomain	Type0_NoDomain	433	614	8	0.57083
ENSG00000196233	ENST00000371103.8	ENST00000676067.1	14307	33442	0	0.08701	Type0_NoDomain	Type0_NoDomain	433	614	8	0.57083
ENSG00000196233	ENST00000371103.8	ENST00000676067.1	14307	33443	0	0.08701	Type0_NoDomain	Type0_NoDomain	433	614	8	0.57083
ENSG00000196233	ENST00000371103.8	ENST00000676067.1	14307	33444	0	0.08701	Type0_NoDomain	Type0_NoDomain	433	614	8	0.57083
ENSG00000196233	ENST00000371103.8	ENST00000676067.1	14308	33442	0	0.08701	Type0_NoDomain	Type0_NoDomain	433	614	8	0.57083
ENSG00000196233	ENST00000371103.8	ENST00000676067.1	14308	33443	0	0.08701	Type0_NoDomain	Type0_NoDomain	433	614	8	0.57083
ENSG00000196233	ENST00000371103.8	ENST00000676067.1	14308	33444	0	0.08701	Type0_NoDomain	Type0_NoDomain	433	614	8	0.57083
ENSG00000196233	ENST00000371103.8	ENST00000676067.1	14309	33442	0	0.08701	Type0_NoDomain	Type0_NoDomain	433	614	8	0.57083
ENSG00000196233	ENST00000371103.8	ENST00000676067.1	14309	33443	0	0.08701	Type0_NoDomain	Type0_NoDomain	433	614	8	0.57083
ENSG00000196233	ENST00000371103.8	ENST00000676067.1	14309	33444	0	0.08701	Type0_NoDomain	Type0_NoDomain	433	614	8	0.57083
ENSG00000196233	ENST00000421806.4	ENST00000676067.1	20222	33442	0	0.08634	Type0_NoDomain	Type0_NoDomain	1557	614	39	0.44733
ENSG00000196233	ENST00000421806.4	ENST00000676067.1	20222	33443	0	0.08634	Type0_NoDomain	Type0_NoDomain	1557	614	39	0.44733
ENSG00000196233	ENST00000421806.4	ENST00000676067.1	20222	33444	0	0.08634	Type0_NoDomain	Type0_NoDomain	1557	614	39	0.44733
ENSG00000196233	ENST00000421806.4	ENST00000676067.1	20223	33442	0	0.08634	Type0_NoDomain	Type0_NoDomain	1557	614	39	0.44733
ENSG00000196233	ENST00000421806.4	ENST00000676067.1	20223	33443	0	0.08634	Type0_NoDomain	Type0_NoDomain	1557	614	39	0.44733
ENSG00000196233	ENST00000421806.4	ENST00000676067.1	20223	33444	0	0.08634	Type0_NoDomain	Type0_NoDomain	1557	614	39	0.44733
ENSG00000196233	ENST00000421806.4	ENST00000676067.1	20224	33442	0	0.08634	Type0_NoDomain	Type0_NoDomain	1557	614	39	0.44733
ENSG00000196233	ENST00000421806.4	ENST00000676067.1	20224	33443	0	0.08634	Type0_NoDomain	Type0_NoDomain	1557	614	39	0.44733
ENSG00000196233	ENST00000421806.4	ENST00000676067.1	20224	33444	0	0.08634	Type0_NoDomain	Type0_NoDomain	1557	614	39	0.44733
ENSG00000028203	ENST00000356859.8	ENST00000550106.5	11989	27696	0	0.05253	Type0_NoDomain	Type0_NoDomain	569	240	52	0.26487
ENSG00000028203	ENST00000356859.8	ENST00000550106.5	11989	27697	0	0.05253	Type0_NoDomain	Type0_NoDomain	569	240	52	0.26487
ENSG00000028203	ENST00000356859.8	ENST00000550106.5	11990	27696	0	0.05253	Type0_NoDomain	Type0_NoDomain	569	240	52	0.26487
ENSG00000028203	ENST00000356859.8	ENST00000550106.5	11990	27697	0	0.05253	Type0_NoDomain	Type0_NoDomain	569	240	52	0.26487
ENSG00000109065	ENST00000357814.8	ENST00000583834.5	12202	29185	0	0.05383	Type0_NoDomain	Type0_NoDomain	207	215	39	0.41642
ENSG00000109065	ENST00000357814.8	ENST00000583834.5	12202	29186	0	0.05383	Type0_NoDomain	Type0_NoDomain	207	215	39	0.41642
ENSG00000109065	ENST00000357814.8	ENST00000583834.5	12202	29187	0	0.05383	Type0_NoDomain	Type0_NoDomain	207	215	39	0.41642
ENSG00000109065	ENST00000357814.8	ENST00000583834.5	12203	29185	0	0.05383	Type0_NoDomain	Type0_NoDomain	207	215	39	0.41642
ENSG00000109065	ENST00000357814.8	ENST00000583834.5	12203	29186	0	0.05383	Type0_NoDomain	Type0_NoDomain	207	215	39	0.41642
ENSG00000109065	ENST00000357814.8	ENST00000583834.5	12203	29187	0	0.05383	Type0_NoDomain	Type0_NoDomain	207	215	39	0.41642
ENSG00000109065	ENST00000581136.5	ENST00000583834.5	29110	29185	0	0.05468	Type0_NoDomain	Type0_NoDomain	202	215	39	0.38644
ENSG00000109065	ENST00000581136.5	ENST00000583834.5	29110	29186	0	0.05468	Type0_NoDomain	Type0_NoDomain	202	215	39	0.38644
ENSG00000109065	ENST00000581136.5	ENST00000583834.5	29110	29187	0	0.05468	Type0_NoDomain	Type0_NoDomain	202	215	39	0.38644
ENSG00000109065	ENST00000583476.5	ENST00000583834.5	29178	29185	0	0.05684	Type0_NoDomain	Type0_NoDomain	135	215	39	0.40936
ENSG00000109065	ENST00000583476.5	ENST00000583834.5	29178	29186	0	0.05684	Type0_NoDomain	Type0_NoDomain	135	215	39	0.40936
ENSG00000109065	ENST00000583476.5	ENST00000583834.5	29178	29187	0	0.05684	Type0_NoDomain	Type0_NoDomain	135	215	39	0.40936
ENSG00000109065	ENST00000583757.5	ENST00000583834.5	29184	29185	0	0.05625	Type0_NoDomain	Type0_NoDomain	139	215	39	0.44022
ENSG00000109065	ENST00000583757.5	ENST00000583834.5	29184	29186	0	0.05625	Type0_NoDomain	Type0_NoDomain	139	215	39	0.44022
ENSG00000109065	ENST00000583757.5	ENST00000583834.5	29184	29187	0	0.05625	Type0_NoDomain	Type0_NoDomain	139	215	39	0.44022
ENSG00000173253	ENST00000382255.7	ENST00000412350.6	16781	19681	0	0.05351	Type0_NoDomain	Type0_NoDomain	328	226	3	0.47361
ENSG00000173253	ENST00000382255.7	ENST00000635183.1	16781	31462	0	0.05351	Type0_NoDomain	Type0_NoDomain	328	226	3	0.47361
ENSG00000173253	ENST00000382255.7	ENST00000635183.1	16781	31463	0	0.05351	Type0_NoDomain	Type0_NoDomain	328	226	3	0.47361
ENSG00000173253	ENST00000382255.7	ENST00000412350.6	16782	19681	0	0.05351	Type0_NoDomain	Type0_NoDomain	328	226	3	0.47361
ENSG00000173253	ENST00000382255.7	ENST00000635183.1	16782	31462	0	0.05351	Type0_NoDomain	Type0_NoDomain	328	226	3	0.47361
ENSG00000173253	ENST00000382255.7	ENST00000635183.1	16782	31463	0	0.05351	Type0_NoDomain	Type0_NoDomain	328	226	3	0.47361
ENSG00000196535	ENST00000359450.6	ENST00000527372.7	12483	26228	0	0.07367	Type0_NoDomain	Type0_NoDomain	159	2054	41	0.91631
ENSG00000196535	ENST00000359450.6	ENST00000527372.7	12483	26229	0	0.07367	Type0_NoDomain	Type0_NoDomain	159	2054	41	0.91631
ENSG00000196535	ENST00000359450.6	ENST00000527372.7	12483	26230	0	0.07367	Type0_NoDomain	Type0_NoDomain	159	2054	41	0.91631
ENSG00000196535	ENST00000359450.6	ENST00000527372.7	12484	26228	0	0.07367	Type0_NoDomain	Type0_NoDomain	159	2054	41	0.91631
ENSG00000196535	ENST00000359450.6	ENST00000527372.7	12484	26229	0	0.07367	Type0_NoDomain	Type0_NoDomain	159	2054	41	0.91631
ENSG00000196535	ENST00000359450.6	ENST00000527372.7	12484	26230	0	0.07367	Type0_NoDomain	Type0_NoDomain	159	2054	41	0.91631
ENSG00000196535	ENST00000527372.7	ENST00000636100.1	26228	31516	0	0.06068	Type0_NoDomain	Type0_NoDomain	2054	463	41	0.89821
ENSG00000196535	ENST00000527372.7	ENST00000636100.1	26229	31516	0	0.06068	Type0_NoDomain	Type0_NoDomain	2054	463	41	0.89821
ENSG00000196535	ENST00000527372.7	ENST00000636100.1	26230	31516	0	0.06068	Type0_NoDomain	Type0_NoDomain	2054	463	41	0.89821
ENSG00000197183	ENST00000359676.9	ENST00000621426.7	12527	31064	0	0.05922	Type0_NoDomain	Type0_NoDomain	412	827	4	0.59688
ENSG00000197183	ENST00000359676.9	ENST00000621426.7	12527	31065	0	0.05922	Type0_NoDomain	Type0_NoDomain	412	827	4	0.59688
ENSG00000197183	ENST00000359676.9	ENST00000621426.7	12527	31066	0	0.05922	Type0_NoDomain	Type0_NoDomain	412	827	4	0.59688
ENSG00000197183	ENST00000359676.9	ENST00000621426.7	12528	31064	0	0.05922	Type0_NoDomain	Type0_NoDomain	412	827	4	0.59688
ENSG00000197183	ENST00000359676.9	ENST00000621426.7	12528	31065	0	0.05922	Type0_NoDomain	Type0_NoDomain	412	827	4	0.59688
ENSG00000197183	ENST00000359676.9	ENST00000621426.7	12528	31066	0	0.05922	Type0_NoDomain	Type0_NoDomain	412	827	4	0.59688
ENSG00000197183	ENST00000359676.9	ENST00000621426.7	12529	31064	0	0.05922	Type0_NoDomain	Type0_NoDomain	412	827	4	0.59688
ENSG00000197183	ENST00000359676.9	ENST00000621426.7	12529	31065	0	0.05922	Type0_NoDomain	Type0_NoDomain	412	827	4	0.59688
ENSG00000197183	ENST00000359676.9	ENST00000621426.7	12529	31066	0	0.05922	Type0_NoDomain	Type0_NoDomain	412	827	4	0.59688
ENSG00000198586	ENST00000359766.7	ENST00000431350.7	12543	20937	0	0.06418	Type0_NoDomain	Type0_NoDomain	211	766	22	0.92286
ENSG00000198586	ENST00000359766.7	ENST00000431350.7	12543	20938	0	0.06418	Type0_NoDomain	Type0_NoDomain	211	766	22	0.92286
ENSG00000198586	ENST00000359766.7	ENST00000431350.7	12543	20939	0	0.06418	Type0_NoDomain	Type0_NoDomain	211	766	22	0.92286
ENSG00000198586	ENST00000359766.7	ENST00000431350.7	12544	20937	0	0.06418	Type0_NoDomain	Type0_NoDomain	211	766	22	0.92286
ENSG00000198586	ENST00000359766.7	ENST00000431350.7	12544	20938	0	0.06418	Type0_NoDomain	Type0_NoDomain	211	766	22	0.92286
ENSG00000198586	ENST00000359766.7	ENST00000431350.7	12544	20939	0	0.06418	Type0_NoDomain	Type0_NoDomain	211	766	22	0.92286
ENSG00000198586	ENST00000359766.7	ENST00000431350.7	12545	20937	0	0.06418	Type0_NoDomain	Type0_NoDomain	211	766	22	0.92286
ENSG00000198586	ENST00000359766.7	ENST00000431350.7	12545	20938	0	0.06418	Type0_NoDomain	Type0_NoDomain	211	766	22	0.92286
ENSG00000198586	ENST00000359766.7	ENST00000431350.7	12545	20939	0	0.06418	Type0_NoDomain	Type0_NoDomain	211	766	22	0.92286
ENSG00000198586	ENST00000359766.7	ENST00000431350.7	12546	20937	0	0.06418	Type0_NoDomain	Type0_NoDomain	211	766	22	0.92286
ENSG00000198586	ENST00000359766.7	ENST00000431350.7	12546	20938	0	0.06418	Type0_NoDomain	Type0_NoDomain	211	766	22	0.92286
ENSG00000198586	ENST00000359766.7	ENST00000431350.7	12546	20939	0	0.06418	Type0_NoDomain	Type0_NoDomain	211	766	22	0.92286
ENSG00000196937	ENST00000359943.8	ENST00000474082.1	12588	23541	0	0.07069	Type0_NoDomain	Type0_NoDomain	227	99	33	0.5435
ENSG00000198815	ENST00000361346.6	ENST00000372571.5	12866	14714	0	0.05638	Type1_DomainLoss	Type1_DomainLoss	622	136	4	0.58605
ENSG00000198815	ENST00000361346.6	ENST00000372571.5	12866	14715	0	0.05638	Type1_DomainLoss	Type1_DomainLoss	622	136	4	0.58605
ENSG00000198815	ENST00000361346.6	ENST00000372571.5	12867	14714	0	0.05638	Type1_DomainLoss	Type1_DomainLoss	622	136	4	0.58605
ENSG00000198815	ENST00000361346.6	ENST00000372571.5	12867	14715	0	0.05638	Type1_DomainLoss	Type1_DomainLoss	622	136	4	0.58605
ENSG00000198815	ENST00000372571.5	ENST00000545068.5	14714	27392	0	0.05638	Type1_DomainLoss	Type1_DomainLoss	136	622	4	0.58605
ENSG00000198815	ENST00000372571.5	ENST00000545068.5	14714	27393	0	0.05638	Type1_DomainLoss	Type1_DomainLoss	136	622	4	0.58605
ENSG00000198815	ENST00000372571.5	ENST00000545068.5	14715	27392	0	0.05638	Type1_DomainLoss	Type1_DomainLoss	136	622	4	0.58605
ENSG00000198815	ENST00000372571.5	ENST00000545068.5	14715	27393	0	0.05638	Type1_DomainLoss	Type1_DomainLoss	136	622	4	0.58605
ENSG00000117697	ENST00000366977.8	ENST00000626725.1	13222	31287	0	0.05271	Type0_NoDomain	Type0_NoDomain	285	217	39	0.36805
ENSG00000117697	ENST00000366977.8	ENST00000626725.1	13223	31287	0	0.05271	Type0_NoDomain	Type0_NoDomain	285	217	39	0.36805
ENSG00000291237	ENST00000367054.6	ENST00000538183.7	13241	26922	0	0.06095	Type0_NoDomain	Type0_NoDomain	203	246	49	0.70928
ENSG00000291237	ENST00000367054.6	ENST00000538183.7	13241	26923	0	0.06095	Type0_NoDomain	Type0_NoDomain	203	246	49	0.70928
ENSG00000291237	ENST00000367054.6	ENST00000538183.7	13241	26924	0	0.06095	Type0_NoDomain	Type0_NoDomain	203	246	49	0.70928
ENSG00000291237	ENST00000367054.6	ENST00000538183.7	13241	26925	0	0.06095	Type0_NoDomain	Type0_NoDomain	203	246	49	0.70928
ENSG00000291237	ENST00000367054.6	ENST00000538183.7	13241	26926	0	0.06095	Type0_NoDomain	Type0_NoDomain	203	246	49	0.70928
ENSG00000291237	ENST00000367054.6	ENST00000538183.7	13241	26927	0	0.06095	Type0_NoDomain	Type0_NoDomain	203	246	49	0.70928
ENSG00000291237	ENST00000367054.6	ENST00000538183.7	13241	26928	0	0.06095	Type0_NoDomain	Type0_NoDomain	203	246	49	0.70928
ENSG00000291237	ENST00000367054.6	ENST00000538183.7	13241	26929	0	0.06095	Type0_NoDomain	Type0_NoDomain	203	246	49	0.70928
ENSG00000291237	ENST00000367054.6	ENST00000538183.7	13241	26930	0	0.06095	Type0_NoDomain	Type0_NoDomain	203	246	49	0.70928
ENSG00000291237	ENST00000367054.6	ENST00000538183.7	13241	26931	0	0.06095	Type0_NoDomain	Type0_NoDomain	203	246	49	0.70928
ENSG00000291237	ENST00000367055.8	ENST00000538183.7	13242	26922	0	0.0563	Type0_NoDomain	Type0_NoDomain	244	246	49	0.81276
ENSG00000291237	ENST00000367055.8	ENST00000538183.7	13242	26923	0	0.0563	Type0_NoDomain	Type0_NoDomain	244	246	49	0.81276
ENSG00000291237	ENST00000367055.8	ENST00000538183.7	13242	26924	0	0.0563	Type0_NoDomain	Type0_NoDomain	244	246	49	0.81276
ENSG00000291237	ENST00000367055.8	ENST00000538183.7	13242	26925	0	0.0563	Type0_NoDomain	Type0_NoDomain	244	246	49	0.81276
ENSG00000291237	ENST00000367055.8	ENST00000538183.7	13242	26926	0	0.0563	Type0_NoDomain	Type0_NoDomain	244	246	49	0.81276
ENSG00000291237	ENST00000367055.8	ENST00000538183.7	13242	26927	0	0.0563	Type0_NoDomain	Type0_NoDomain	244	246	49	0.81276
ENSG00000291237	ENST00000367055.8	ENST00000538183.7	13242	26928	0	0.0563	Type0_NoDomain	Type0_NoDomain	244	246	49	0.81276
ENSG00000291237	ENST00000367055.8	ENST00000538183.7	13242	26929	0	0.0563	Type0_NoDomain	Type0_NoDomain	244	246	49	0.81276
ENSG00000291237	ENST00000367055.8	ENST00000538183.7	13242	26930	0	0.0563	Type0_NoDomain	Type0_NoDomain	244	246	49	0.81276
ENSG00000291237	ENST00000367055.8	ENST00000538183.7	13242	26931	0	0.0563	Type0_NoDomain	Type0_NoDomain	244	246	49	0.81276
ENSG00000120279	ENST00000367245.6	ENST00000529453.1	13298	26362	0	0.05037	Type0_NoDomain	Type0_NoDomain	237	106	8	0.26232
ENSG00000112701	ENST00000370010.6	ENST00000424947.6	14022	20454	0	0.05377	Type0_NoDomain	Type0_NoDomain	1105	582	47	0.23245
ENSG00000112701	ENST00000424947.6	ENST00000447266.7	20454	21956	0	0.05405	Type0_NoDomain	Type0_NoDomain	582	1112	47	0.23304
ENSG00000112701	ENST00000424947.6	ENST00000447266.7	20454	21957	0	0.05405	Type0_NoDomain	Type0_NoDomain	582	1112	47	0.23304
ENSG00000197021	ENST00000370404.5	ENST00000462691.5	14118	22942	0	0.07523	Type0_NoDomain	Type0_NoDomain	158	180	4	0.86389
ENSG00000197021	ENST00000370404.5	ENST00000462691.5	14119	22942	0	0.07523	Type0_NoDomain	Type0_NoDomain	158	180	4	0.86389
ENSG00000197021	ENST00000370406.8	ENST00000462691.5	14120	22942	0	0.07523	Type0_NoDomain	Type0_NoDomain	158	180	4	0.86389
ENSG00000162599	ENST00000603233.2	ENST00000662015.1	30063	32887	2	0.08693	Type2_PartialTrunc	Type2_PartialTrunc	231	271	4	0.66883
ENSG00000162599	ENST00000603233.2	ENST00000662015.1	30063	32888	2	0.08693	Type2_PartialTrunc	Type2_PartialTrunc	231	271	4	0.66883
ENSG00000162599	ENST00000603233.2	ENST00000662015.1	30064	32887	2	0.08693	Type2_PartialTrunc	Type2_PartialTrunc	231	271	4	0.66883
ENSG00000162599	ENST00000603233.2	ENST00000662015.1	30064	32888	2	0.08693	Type2_PartialTrunc	Type2_PartialTrunc	231	271	4	0.66883
ENSG00000162599	ENST00000603233.2	ENST00000662015.1	30065	32887	2	0.08693	Type2_PartialTrunc	Type2_PartialTrunc	231	271	4	0.66883
ENSG00000162599	ENST00000603233.2	ENST00000662015.1	30065	32888	2	0.08693	Type2_PartialTrunc	Type2_PartialTrunc	231	271	4	0.66883
ENSG00000142937	ENST00000372209.3	ENST00000485390.5	14600	24117	0	0.0529	Type0_NoDomain	Type0_NoDomain	188	121	17	0.90435
ENSG00000142937	ENST00000396651.8	ENST00000485390.5	18192	24117	0	0.05233	Type0_NoDomain	Type0_NoDomain	208	121	17	0.90141
ENSG00000164008	ENST00000372525.7	ENST00000692952.1	14698	35282	0	0.0648	Type0_NoDomain	Type0_NoDomain	199	119	4	0.32109
ENSG00000164008	ENST00000372525.7	ENST00000692952.1	14699	35282	0	0.0648	Type0_NoDomain	Type0_NoDomain	199	119	4	0.32109
ENSG00000164008	ENST00000685942.1	ENST00000692952.1	34821	35282	0	0.06145	Type0_NoDomain	Type0_NoDomain	171	119	4	0.42566
ENSG00000196968	ENST00000372841.8	ENST00000489264.2	14789	24297	0	0.06748	Type0_NoDomain	Type0_NoDomain	492	101	81	0.25298
ENSG00000127603	ENST00000497807.1	ENST00000530275.3	24745	26419	1	0.05559	Type2_PartialTrunc	Type2_PartialTrunc	173	1668	18	0.31564
ENSG00000127603	ENST00000497807.1	ENST00000530275.3	24746	26419	1	0.05559	Type2_PartialTrunc	Type2_PartialTrunc	173	1668	18	0.31564
ENSG00000112576	ENST00000415497.6	ENST00000511642.5	19842	25340	0	0.06201	Type1_DomainLoss	Type1_DomainLoss	125	211	44	0.2627
ENSG00000112576	ENST00000415497.6	ENST00000511642.5	19842	25341	0	0.06201	Type1_DomainLoss	Type1_DomainLoss	125	211	44	0.2627
ENSG00000112576	ENST00000415497.6	ENST00000511642.5	19843	25340	0	0.06201	Type1_DomainLoss	Type1_DomainLoss	125	211	44	0.2627
ENSG00000112576	ENST00000415497.6	ENST00000511642.5	19843	25341	0	0.06201	Type1_DomainLoss	Type1_DomainLoss	125	211	44	0.2627
ENSG00000183386	ENST00000475084.5	ENST00000485803.5	23597	24139	0	0.05799	Type1_DomainLoss	Type1_DomainLoss	189	254	4	0.26562
ENSG00000117298	ENST00000374893.11	ENST00000415912.6	15380	19869	0	0.06632	Type0_NoDomain	Type0_NoDomain	770	796	44	0.23413
ENSG00000117298	ENST00000374893.11	ENST00000415912.6	15380	19870	0	0.06632	Type0_NoDomain	Type0_NoDomain	770	796	44	0.23413
ENSG00000117298	ENST00000374893.11	ENST00000415912.6	15380	19871	0	0.06632	Type0_NoDomain	Type0_NoDomain	770	796	44	0.23413
ENSG00000117298	ENST00000374893.11	ENST00000415912.6	15380	19872	0	0.06632	Type0_NoDomain	Type0_NoDomain	770	796	44	0.23413
ENSG00000117298	ENST00000374893.11	ENST00000415912.6	15381	19869	0	0.06632	Type0_NoDomain	Type0_NoDomain	770	796	44	0.23413
ENSG00000117298	ENST00000374893.11	ENST00000415912.6	15381	19870	0	0.06632	Type0_NoDomain	Type0_NoDomain	770	796	44	0.23413
ENSG00000117298	ENST00000374893.11	ENST00000415912.6	15381	19871	0	0.06632	Type0_NoDomain	Type0_NoDomain	770	796	44	0.23413
ENSG00000117298	ENST00000374893.11	ENST00000415912.6	15381	19872	0	0.06632	Type0_NoDomain	Type0_NoDomain	770	796	44	0.23413
ENSG00000117298	ENST00000374893.11	ENST00000415912.6	15382	19869	0	0.06632	Type0_NoDomain	Type0_NoDomain	770	796	44	0.23413
ENSG00000117298	ENST00000374893.11	ENST00000415912.6	15382	19870	0	0.06632	Type0_NoDomain	Type0_NoDomain	770	796	44	0.23413
ENSG00000117298	ENST00000374893.11	ENST00000415912.6	15382	19871	0	0.06632	Type0_NoDomain	Type0_NoDomain	770	796	44	0.23413
ENSG00000117298	ENST00000374893.11	ENST00000415912.6	15382	19872	0	0.06632	Type0_NoDomain	Type0_NoDomain	770	796	44	0.23413
ENSG00000117298	ENST00000374893.11	ENST00000415912.6	15383	19869	0	0.06632	Type0_NoDomain	Type0_NoDomain	770	796	44	0.23413
ENSG00000117298	ENST00000374893.11	ENST00000415912.6	15383	19870	0	0.06632	Type0_NoDomain	Type0_NoDomain	770	796	44	0.23413
ENSG00000117298	ENST00000374893.11	ENST00000415912.6	15383	19871	0	0.06632	Type0_NoDomain	Type0_NoDomain	770	796	44	0.23413
ENSG00000117298	ENST00000374893.11	ENST00000415912.6	15383	19872	0	0.06632	Type0_NoDomain	Type0_NoDomain	770	796	44	0.23413
ENSG00000153531	ENST00000375418.8	ENST00000612156.3	15490	30418	0	0.06404	Type0_NoDomain	Type0_NoDomain	371	1831	0	0.63984
ENSG00000153531	ENST00000375418.8	ENST00000612156.3	15490	30419	0	0.06404	Type0_NoDomain	Type0_NoDomain	371	1831	0	0.63984
ENSG00000153531	ENST00000375418.8	ENST00000612156.3	15490	30420	0	0.06404	Type0_NoDomain	Type0_NoDomain	371	1831	0	0.63984
ENSG00000153531	ENST00000375418.8	ENST00000682618.1	15490	34411	0	0.05251	Type0_NoDomain	Type0_NoDomain	371	1603	0	0.69583
ENSG00000153531	ENST00000375418.8	ENST00000682618.1	15490	34412	0	0.05251	Type0_NoDomain	Type0_NoDomain	371	1603	0	0.69583
ENSG00000153531	ENST00000375418.8	ENST00000682618.1	15490	34413	0	0.05251	Type0_NoDomain	Type0_NoDomain	371	1603	0	0.69583
ENSG00000153531	ENST00000375418.8	ENST00000612156.3	15491	30418	0	0.06404	Type0_NoDomain	Type0_NoDomain	371	1831	0	0.63984
ENSG00000153531	ENST00000375418.8	ENST00000612156.3	15491	30419	0	0.06404	Type0_NoDomain	Type0_NoDomain	371	1831	0	0.63984
ENSG00000153531	ENST00000375418.8	ENST00000612156.3	15491	30420	0	0.06404	Type0_NoDomain	Type0_NoDomain	371	1831	0	0.63984
ENSG00000153531	ENST00000375418.8	ENST00000682618.1	15491	34411	0	0.05251	Type0_NoDomain	Type0_NoDomain	371	1603	0	0.69583
ENSG00000153531	ENST00000375418.8	ENST00000682618.1	15491	34412	0	0.05251	Type0_NoDomain	Type0_NoDomain	371	1603	0	0.69583
ENSG00000153531	ENST00000375418.8	ENST00000682618.1	15491	34413	0	0.05251	Type0_NoDomain	Type0_NoDomain	371	1603	0	0.69583
ENSG00000101306	ENST00000375994.6	ENST00000468730.1	15597	23231	1	0.053	Type3_SameDomain	Type3_SameDomain	596	242	22	0.71807
ENSG00000101306	ENST00000375994.6	ENST00000468730.1	15597	23232	1	0.053	Type3_SameDomain	Type3_SameDomain	596	242	22	0.71807
ENSG00000101306	ENST00000375994.6	ENST00000468730.1	15598	23231	1	0.053	Type3_SameDomain	Type3_SameDomain	596	242	22	0.71807
ENSG00000101306	ENST00000375994.6	ENST00000468730.1	15598	23232	1	0.053	Type3_SameDomain	Type3_SameDomain	596	242	22	0.71807
ENSG00000188026	ENST00000376874.9	ENST00000636882.1	15746	31555	0	0.07476	Type0_NoDomain	Type0_NoDomain	482	464	71	0.42205
ENSG00000188026	ENST00000376874.9	ENST00000636882.1	15747	31555	0	0.07476	Type0_NoDomain	Type0_NoDomain	482	464	71	0.42205
ENSG00000125821	ENST00000377452.4	ENST00000494921.2	15853	24591	0	0.07765	Type0_NoDomain	Type0_NoDomain	285	213	3	0.46617
ENSG00000125821	ENST00000377452.4	ENST00000494921.2	15854	24591	0	0.07765	Type0_NoDomain	Type0_NoDomain	285	213	3	0.46617
ENSG00000159884	ENST00000378406.5	ENST00000378407.7	16052	16054	0	0.05545	Type0_NoDomain	Type0_NoDomain	137	164	2	0.17564
ENSG00000159884	ENST00000378406.5	ENST00000378407.7	16052	16055	0	0.05545	Type0_NoDomain	Type0_NoDomain	137	164	2	0.17564
ENSG00000159884	ENST00000378406.5	ENST00000378409.7	16052	16056	0	0.05102	Type0_NoDomain	Type0_NoDomain	137	256	2	0.17183
ENSG00000159884	ENST00000378406.5	ENST00000426546.7	16052	20592	0	0.05022	Type0_NoDomain	Type0_NoDomain	137	283	2	0.17118
ENSG00000159884	ENST00000378406.5	ENST00000378407.7	16053	16054	0	0.05545	Type0_NoDomain	Type0_NoDomain	137	164	2	0.17564
ENSG00000159884	ENST00000378406.5	ENST00000378407.7	16053	16055	0	0.05545	Type0_NoDomain	Type0_NoDomain	137	164	2	0.17564
ENSG00000159884	ENST00000378406.5	ENST00000378409.7	16053	16056	0	0.05102	Type0_NoDomain	Type0_NoDomain	137	256	2	0.17183
ENSG00000159884	ENST00000378406.5	ENST00000426546.7	16053	20592	0	0.05022	Type0_NoDomain	Type0_NoDomain	137	283	2	0.17118
ENSG00000107262	ENST00000379707.7	ENST00000634734.3	16316	31445	0	0.05608	Type1_DomainLoss	Type1_DomainLoss	290	356	53	0.18857
ENSG00000107262	ENST00000379707.7	ENST00000634734.3	16316	31446	0	0.05608	Type1_DomainLoss	Type1_DomainLoss	290	356	53	0.18857
ENSG00000152520	ENST00000380958.8	ENST00000399613.1	16565	18704	0	0.08445	Type0_NoDomain	Type0_NoDomain	887	708	41	0.68712
ENSG00000152520	ENST00000380958.8	ENST00000399613.1	16565	18705	0	0.08445	Type0_NoDomain	Type0_NoDomain	887	708	41	0.68712
ENSG00000152520	ENST00000380958.8	ENST00000399613.1	16566	18704	0	0.08445	Type0_NoDomain	Type0_NoDomain	887	708	41	0.68712
ENSG00000152520	ENST00000380958.8	ENST00000399613.1	16566	18705	0	0.08445	Type0_NoDomain	Type0_NoDomain	887	708	41	0.68712
ENSG00000241878	ENST00000382151.6	ENST00000439502.7	16763	21476	0	0.05046	Type0_NoDomain	Type0_NoDomain	375	411	53	0.22136
ENSG00000241878	ENST00000382151.6	ENST00000439502.7	16763	21477	0	0.05046	Type0_NoDomain	Type0_NoDomain	375	411	53	0.22136
ENSG00000241878	ENST00000382151.6	ENST00000439502.7	16763	21478	0	0.05046	Type0_NoDomain	Type0_NoDomain	375	411	53	0.22136
ENSG00000241878	ENST00000382151.6	ENST00000439502.7	16764	21476	0	0.05046	Type0_NoDomain	Type0_NoDomain	375	411	53	0.22136
ENSG00000241878	ENST00000382151.6	ENST00000439502.7	16764	21477	0	0.05046	Type0_NoDomain	Type0_NoDomain	375	411	53	0.22136
ENSG00000241878	ENST00000382151.6	ENST00000439502.7	16764	21478	0	0.05046	Type0_NoDomain	Type0_NoDomain	375	411	53	0.22136
ENSG00000241878	ENST00000382151.6	ENST00000439502.7	16765	21476	0	0.05046	Type0_NoDomain	Type0_NoDomain	375	411	53	0.22136
ENSG00000241878	ENST00000382151.6	ENST00000439502.7	16765	21477	0	0.05046	Type0_NoDomain	Type0_NoDomain	375	411	53	0.22136
ENSG00000241878	ENST00000382151.6	ENST00000439502.7	16765	21478	0	0.05046	Type0_NoDomain	Type0_NoDomain	375	411	53	0.22136
ENSG00000156990	ENST00000383820.10	ENST00000484134.5	16921	24049	0	0.05208	Type0_NoDomain	Type0_NoDomain	349	136	15	0.53225
ENSG00000156990	ENST00000433535.7	ENST00000484134.5	21091	24049	0	0.05111	Type0_NoDomain	Type0_NoDomain	334	136	15	0.53166
ENSG00000131504	ENST00000389054.8	ENST00000476339.1	16964	23665	0	0.09085	Type0_NoDomain	Type0_NoDomain	1272	138	18	0.63879
ENSG00000131504	ENST00000389054.8	ENST00000476339.1	16965	23665	0	0.09085	Type0_NoDomain	Type0_NoDomain	1272	138	18	0.63879
ENSG00000131504	ENST00000476339.1	ENST00000647433.1	23665	32174	0	0.09085	Type0_NoDomain	Type0_NoDomain	138	1250	18	0.63879
ENSG00000131504	ENST00000476339.1	ENST00000647433.1	23665	32175	0	0.09085	Type0_NoDomain	Type0_NoDomain	138	1250	18	0.63879
ENSG00000070182	ENST00000389722.7	ENST00000556227.1	17020	28066	0	0.05026	Type1_DomainLoss	Type1_DomainLoss	2328	148	74	0.82232
ENSG00000070182	ENST00000389722.7	ENST00000556227.1	17020	28067	0	0.05026	Type1_DomainLoss	Type1_DomainLoss	2328	148	74	0.82232
ENSG00000070182	ENST00000389722.7	ENST00000556227.1	17021	28066	0	0.05026	Type1_DomainLoss	Type1_DomainLoss	2328	148	74	0.82232
ENSG00000070182	ENST00000389722.7	ENST00000556227.1	17021	28067	0	0.05026	Type1_DomainLoss	Type1_DomainLoss	2328	148	74	0.82232
ENSG00000070182	ENST00000389722.7	ENST00000556227.1	17022	28066	0	0.05026	Type1_DomainLoss	Type1_DomainLoss	2328	148	74	0.82232
ENSG00000070182	ENST00000389722.7	ENST00000556227.1	17022	28067	0	0.05026	Type1_DomainLoss	Type1_DomainLoss	2328	148	74	0.82232
ENSG00000131323	ENST00000392745.8	ENST00000560371.5	17280	28298	0	0.05372	Type0_NoDomain	Type0_NoDomain	568	640	47	0.77369
ENSG00000131323	ENST00000392745.8	ENST00000560371.5	17280	28299	0	0.05372	Type0_NoDomain	Type0_NoDomain	568	640	47	0.77369
ENSG00000131323	ENST00000392745.8	ENST00000560371.5	17281	28298	0	0.05372	Type0_NoDomain	Type0_NoDomain	568	640	47	0.77369
ENSG00000131323	ENST00000392745.8	ENST00000560371.5	17281	28299	0	0.05372	Type0_NoDomain	Type0_NoDomain	568	640	47	0.77369
ENSG00000131323	ENST00000392745.8	ENST00000560371.5	17282	28298	0	0.05372	Type0_NoDomain	Type0_NoDomain	568	640	47	0.77369
ENSG00000131323	ENST00000392745.8	ENST00000560371.5	17282	28299	0	0.05372	Type0_NoDomain	Type0_NoDomain	568	640	47	0.77369
ENSG00000243678	ENST00000393190.4	ENST00000512737.6	17395	25405	1	0.05444	Type0_NoDomain	Type0_NoDomain	152	182	8	0.37719
ENSG00000197620	ENST00000393985.8	ENST00000434353.6	17569	21128	0	0.07598	Type0_NoDomain	Type0_NoDomain	158	180	4	0.86786
ENSG00000197620	ENST00000393985.8	ENST00000434353.6	17570	21128	0	0.07598	Type0_NoDomain	Type0_NoDomain	158	180	4	0.86786
ENSG00000197620	ENST00000423421.5	ENST00000434353.6	20316	21128	0	0.07598	Type0_NoDomain	Type0_NoDomain	158	180	4	0.86786
ENSG00000197620	ENST00000423540.6	ENST00000434353.6	20327	21128	0	0.07598	Type0_NoDomain	Type0_NoDomain	158	180	4	0.86786
ENSG00000197620	ENST00000434353.6	ENST00000450602.6	21128	22228	0	0.07598	Type0_NoDomain	Type0_NoDomain	180	158	4	0.86786
ENSG00000173575	ENST00000394196.9	ENST00000625662.3	17630	31271	3	0.05926	Type3_SameDomain	Type3_SameDomain	1828	1148	41	0.91754
ENSG00000173575	ENST00000394196.9	ENST00000625662.3	17630	31272	3	0.05926	Type3_SameDomain	Type3_SameDomain	1828	1148	41	0.91754
ENSG00000173575	ENST00000625662.3	ENST00000626874.2	31271	31315	3	0.05926	Type3_SameDomain	Type3_SameDomain	1148	1739	41	0.91754
ENSG00000173575	ENST00000625662.3	ENST00000626874.2	31272	31315	3	0.05926	Type3_SameDomain	Type3_SameDomain	1148	1739	41	0.91754
ENSG00000151239	ENST00000395510.7	ENST00000547459.5	17938	27552	1	0.09213	Type3_SameDomain	Type3_SameDomain	350	252	41	0.62019
ENSG00000151239	ENST00000395510.7	ENST00000547459.5	17938	27553	1	0.09213	Type3_SameDomain	Type3_SameDomain	350	252	41	0.62019
ENSG00000129084	ENST00000396394.7	ENST00000531023.2	18138	26463	1	0.05733	Type3_SameDomain	Type3_SameDomain	263	124	70	0.26598
ENSG00000129084	ENST00000530457.5	ENST00000531023.2	26429	26463	1	0.05788	Type3_SameDomain	Type3_SameDomain	238	124	63	0.27274
ENSG00000116044	ENST00000699296.1	ENST00000699298.1	35697	35699	0	0.10109	Type0_NoDomain	Type0_NoDomain	238	409	4	0.71712
ENSG00000116044	ENST00000699296.1	ENST00000699298.1	35697	35700	0	0.10109	Type0_NoDomain	Type0_NoDomain	238	409	4	0.71712
ENSG00000116044	ENST00000699297.1	ENST00000699298.1	35698	35699	0	0.09451	Type0_NoDomain	Type0_NoDomain	219	409	4	0.65666
ENSG00000116044	ENST00000699297.1	ENST00000699298.1	35698	35700	0	0.09451	Type0_NoDomain	Type0_NoDomain	219	409	4	0.65666
ENSG00000116044	ENST00000699298.1	ENST00000699405.1	35699	35720	0	0.0969	Type0_NoDomain	Type0_NoDomain	409	316	4	0.7739
ENSG00000116044	ENST00000699298.1	ENST00000699405.1	35700	35720	0	0.0969	Type0_NoDomain	Type0_NoDomain	409	316	4	0.7739
ENSG00000243927	ENST00000399312.3	ENST00000715810.1	18660	36391	0	0.05694	Type0_NoDomain	Type0_NoDomain	166	107	8	0.20167
ENSG00000242259	ENST00000399562.9	ENST00000509549.5	18693	25227	0	0.06584	Type0_NoDomain	Type0_NoDomain	124	902	61	0.41239
ENSG00000242259	ENST00000399562.9	ENST00000509549.5	18694	25227	0	0.06584	Type0_NoDomain	Type0_NoDomain	124	902	61	0.41239
ENSG00000242259	ENST00000399562.9	ENST00000509549.5	18695	25227	0	0.06584	Type0_NoDomain	Type0_NoDomain	124	902	61	0.41239
ENSG00000164828	ENST00000403868.5	ENST00000457861.1	18999	22694	0	0.06501	Type1_DomainLoss	Type1_DomainLoss	264	274	47	0.46137
ENSG00000164828	ENST00000403868.5	ENST00000457861.1	18999	22695	0	0.06501	Type1_DomainLoss	Type1_DomainLoss	264	274	47	0.46137
ENSG00000164828	ENST00000457378.6	ENST00000457861.1	22658	22694	0	0.05501	Type1_DomainLoss	Type1_DomainLoss	278	274	47	0.37273
ENSG00000164828	ENST00000457378.6	ENST00000457861.1	22658	22695	0	0.05501	Type1_DomainLoss	Type1_DomainLoss	278	274	47	0.37273
ENSG00000164828	ENST00000457861.1	ENST00000467483.5	22694	23187	0	0.06425	Type1_DomainLoss	Type1_DomainLoss	274	263	47	0.46067
ENSG00000164828	ENST00000457861.1	ENST00000467483.5	22695	23187	0	0.06425	Type1_DomainLoss	Type1_DomainLoss	274	263	47	0.46067
ENSG00000222011	ENST00000409231.7	ENST00000442873.5	19403	21671	0	0.05712	Type0_NoDomain	Type0_NoDomain	275	144	17	0.49883
ENSG00000222011	ENST00000409231.7	ENST00000442873.5	19403	21672	0	0.05712	Type0_NoDomain	Type0_NoDomain	275	144	17	0.49883
ENSG00000222011	ENST00000413034.3	ENST00000442873.5	19713	21671	0	0.05607	Type0_NoDomain	Type0_NoDomain	392	144	17	0.49934
ENSG00000222011	ENST00000413034.3	ENST00000442873.5	19713	21672	0	0.05607	Type0_NoDomain	Type0_NoDomain	392	144	17	0.49934
ENSG00000222011	ENST00000420217.1	ENST00000442873.5	20113	21671	0	0.0566	Type0_NoDomain	Type0_NoDomain	120	144	17	0.51542
ENSG00000222011	ENST00000420217.1	ENST00000442873.5	20113	21672	0	0.0566	Type0_NoDomain	Type0_NoDomain	120	144	17	0.51542
ENSG00000250303	ENST00000419895.5	ENST00000691869.3	20101	35210	0	0.06932	Type0_NoDomain	Type0_NoDomain	109	155	39	0.29783
ENSG00000250303	ENST00000529938.2	ENST00000691869.3	26396	35210	0	0.05691	Type0_NoDomain	Type0_NoDomain	100	155	39	0.28903
ENSG00000250303	ENST00000691869.3	ENST00000693507.2	35210	35325	0	0.069	Type0_NoDomain	Type0_NoDomain	155	108	39	0.29879
ENSG00000187118	ENST00000423894.5	ENST00000466830.6	20357	23159	0	0.05951	Type0_NoDomain	Type0_NoDomain	134	164	4	0.38057
ENSG00000187118	ENST00000423894.5	ENST00000466830.6	20357	23160	0	0.05951	Type0_NoDomain	Type0_NoDomain	134	164	4	0.38057
ENSG00000198728	ENST00000425280.2	ENST00000673968.1	20480	33198	0	0.10267	Type0_NoDomain	Type0_NoDomain	467	497	12	0.67193
ENSG00000198728	ENST00000425280.2	ENST00000673968.1	20480	33199	0	0.10267	Type0_NoDomain	Type0_NoDomain	467	497	12	0.67193
ENSG00000290418	ENST00000426585.6	ENST00000725195.1	20593	36499	0	0.05048	Type0_NoDomain	Type0_NoDomain	133	133	8	0.43587
ENSG00000290418	ENST00000426585.6	ENST00000725198.1	20593	36500	0	0.05048	Type0_NoDomain	Type0_NoDomain	133	133	8	0.43587
ENSG00000290418	ENST00000426585.6	ENST00000725195.1	20594	36499	0	0.05048	Type0_NoDomain	Type0_NoDomain	133	133	8	0.43587
ENSG00000290418	ENST00000426585.6	ENST00000725198.1	20594	36500	0	0.05048	Type0_NoDomain	Type0_NoDomain	133	133	8	0.43587
ENSG00000237380	ENST00000426965.2	ENST00000651440.1	20630	32545	0	0.06236	Type0_NoDomain	Type0_NoDomain	104	103	23	0.25015
ENSG00000177565	ENST00000474363.1	ENST00000704383.1	23554	35962	0	0.10404	Type1_DomainLoss	Type1_DomainLoss	102	514	14	0.60447
ENSG00000177565	ENST00000474363.1	ENST00000704383.1	23554	35963	0	0.10404	Type1_DomainLoss	Type1_DomainLoss	102	514	14	0.60447
ENSG00000291140	ENST00000430983.6	ENST00000685100.2	20911	34765	0	0.06329	Type0_NoDomain	Type0_NoDomain	155	154	39	0.2203
ENSG00000291140	ENST00000430983.6	ENST00000685100.2	20911	34766	0	0.06329	Type0_NoDomain	Type0_NoDomain	155	154	39	0.2203
ENSG00000291140	ENST00000430983.6	ENST00000813193.1	20911	36668	0	0.06329	Type0_NoDomain	Type0_NoDomain	155	103	39	0.2203
ENSG00000291140	ENST00000430983.6	ENST00000813202.1	20911	36671	0	0.06329	Type0_NoDomain	Type0_NoDomain	155	151	39	0.2203
ENSG00000291140	ENST00000430983.6	ENST00000813202.1	20911	36672	0	0.06329	Type0_NoDomain	Type0_NoDomain	155	151	39	0.22031
ENSG00000291140	ENST00000430983.6	ENST00000813207.1	20911	36674	0	0.06329	Type0_NoDomain	Type0_NoDomain	155	103	39	0.22031
ENSG00000291140	ENST00000430983.6	ENST00000685100.2	20912	34765	0	0.06329	Type0_NoDomain	Type0_NoDomain	155	154	39	0.2203
ENSG00000291140	ENST00000430983.6	ENST00000685100.2	20912	34766	0	0.06329	Type0_NoDomain	Type0_NoDomain	155	154	39	0.2203
ENSG00000291140	ENST00000430983.6	ENST00000813193.1	20912	36668	0	0.06329	Type0_NoDomain	Type0_NoDomain	155	103	39	0.2203
ENSG00000291140	ENST00000430983.6	ENST00000813202.1	20912	36671	0	0.06329	Type0_NoDomain	Type0_NoDomain	155	151	39	0.2203
ENSG00000291140	ENST00000430983.6	ENST00000813202.1	20912	36672	0	0.06329	Type0_NoDomain	Type0_NoDomain	155	151	39	0.22031
ENSG00000291140	ENST00000430983.6	ENST00000813207.1	20912	36674	0	0.06329	Type0_NoDomain	Type0_NoDomain	155	103	39	0.22031
ENSG00000291140	ENST00000684992.1	ENST00000685100.2	34752	34765	0	0.08121	Type0_NoDomain	Type0_NoDomain	155	154	23	0.23277
ENSG00000291140	ENST00000684992.1	ENST00000685100.2	34752	34766	0	0.08121	Type0_NoDomain	Type0_NoDomain	155	154	23	0.23277
ENSG00000291140	ENST00000684992.1	ENST00000813193.1	34752	36668	0	0.08121	Type0_NoDomain	Type0_NoDomain	155	103	23	0.23277
ENSG00000291140	ENST00000684992.1	ENST00000813202.1	34752	36671	0	0.08121	Type0_NoDomain	Type0_NoDomain	155	151	23	0.23277
ENSG00000291140	ENST00000684992.1	ENST00000813202.1	34752	36672	0	0.08121	Type0_NoDomain	Type0_NoDomain	155	151	23	0.23277
ENSG00000291140	ENST00000684992.1	ENST00000813207.1	34752	36674	0	0.08121	Type0_NoDomain	Type0_NoDomain	155	103	23	0.23277
ENSG00000291140	ENST00000685100.2	ENST00000686520.2	34765	34870	0	0.06329	Type0_NoDomain	Type0_NoDomain	154	119	39	0.2203
ENSG00000291140	ENST00000685100.2	ENST00000687667.3	34765	34963	0	0.06329	Type0_NoDomain	Type0_NoDomain	154	154	39	0.2203
ENSG00000291140	ENST00000685100.2	ENST00000687667.3	34765	34964	0	0.06329	Type0_NoDomain	Type0_NoDomain	154	154	39	0.2203
ENSG00000291140	ENST00000685100.2	ENST00000690715.3	34765	35147	0	0.06031	Type0_NoDomain	Type0_NoDomain	154	122	39	0.21085
ENSG00000291140	ENST00000685100.2	ENST00000693419.3	34765	35316	0	0.06329	Type0_NoDomain	Type0_NoDomain	154	119	39	0.2203
ENSG00000291140	ENST00000685100.2	ENST00000813188.1	34765	36667	0	0.06031	Type0_NoDomain	Type0_NoDomain	154	122	39	0.21085
ENSG00000291140	ENST00000685100.2	ENST00000813196.1	34765	36669	0	0.06329	Type0_NoDomain	Type0_NoDomain	154	119	39	0.2203
ENSG00000291140	ENST00000685100.2	ENST00000813197.1	34765	36670	0	0.07122	Type0_NoDomain	Type0_NoDomain	154	154	23	0.23186
ENSG00000291140	ENST00000685100.2	ENST00000813206.1	34765	36673	0	0.06329	Type0_NoDomain	Type0_NoDomain	154	119	39	0.2203
ENSG00000291140	ENST00000685100.2	ENST00000813208.1	34765	36675	0	0.06329	Type0_NoDomain	Type0_NoDomain	154	119	39	0.2203
ENSG00000291140	ENST00000685100.2	ENST00000686520.2	34766	34870	0	0.06329	Type0_NoDomain	Type0_NoDomain	154	119	39	0.2203
ENSG00000291140	ENST00000685100.2	ENST00000687667.3	34766	34963	0	0.06329	Type0_NoDomain	Type0_NoDomain	154	154	39	0.2203
ENSG00000291140	ENST00000685100.2	ENST00000687667.3	34766	34964	0	0.06329	Type0_NoDomain	Type0_NoDomain	154	154	39	0.2203
ENSG00000291140	ENST00000685100.2	ENST00000690715.3	34766	35147	0	0.06031	Type0_NoDomain	Type0_NoDomain	154	122	39	0.21085
ENSG00000291140	ENST00000685100.2	ENST00000693419.3	34766	35316	0	0.06329	Type0_NoDomain	Type0_NoDomain	154	119	39	0.2203
ENSG00000291140	ENST00000685100.2	ENST00000813188.1	34766	36667	0	0.06031	Type0_NoDomain	Type0_NoDomain	154	122	39	0.21085
ENSG00000291140	ENST00000685100.2	ENST00000813196.1	34766	36669	0	0.06329	Type0_NoDomain	Type0_NoDomain	154	119	39	0.2203
ENSG00000291140	ENST00000685100.2	ENST00000813197.1	34766	36670	0	0.07122	Type0_NoDomain	Type0_NoDomain	154	154	23	0.23186
ENSG00000291140	ENST00000685100.2	ENST00000813206.1	34766	36673	0	0.06329	Type0_NoDomain	Type0_NoDomain	154	119	39	0.2203
ENSG00000291140	ENST00000685100.2	ENST00000813208.1	34766	36675	0	0.06329	Type0_NoDomain	Type0_NoDomain	154	119	39	0.2203
ENSG00000291140	ENST00000686520.2	ENST00000813193.1	34870	36668	0	0.06329	Type0_NoDomain	Type0_NoDomain	119	103	39	0.2203
ENSG00000291140	ENST00000686520.2	ENST00000813202.1	34870	36671	0	0.06329	Type0_NoDomain	Type0_NoDomain	119	151	39	0.2203
ENSG00000291140	ENST00000686520.2	ENST00000813202.1	34870	36672	0	0.06329	Type0_NoDomain	Type0_NoDomain	119	151	39	0.22031
ENSG00000291140	ENST00000686520.2	ENST00000813207.1	34870	36674	0	0.06329	Type0_NoDomain	Type0_NoDomain	119	103	39	0.22031
ENSG00000291140	ENST00000687667.3	ENST00000813193.1	34963	36668	0	0.06329	Type0_NoDomain	Type0_NoDomain	154	103	39	0.2203
ENSG00000291140	ENST00000687667.3	ENST00000813202.1	34963	36671	0	0.06329	Type0_NoDomain	Type0_NoDomain	154	151	39	0.2203
ENSG00000291140	ENST00000687667.3	ENST00000813202.1	34963	36672	0	0.06329	Type0_NoDomain	Type0_NoDomain	154	151	39	0.22031
ENSG00000291140	ENST00000687667.3	ENST00000813207.1	34963	36674	0	0.06329	Type0_NoDomain	Type0_NoDomain	154	103	39	0.22031
ENSG00000291140	ENST00000687667.3	ENST00000813193.1	34964	36668	0	0.06329	Type0_NoDomain	Type0_NoDomain	154	103	39	0.2203
ENSG00000291140	ENST00000687667.3	ENST00000813202.1	34964	36671	0	0.06329	Type0_NoDomain	Type0_NoDomain	154	151	39	0.2203
ENSG00000291140	ENST00000687667.3	ENST00000813202.1	34964	36672	0	0.06329	Type0_NoDomain	Type0_NoDomain	154	151	39	0.22031
ENSG00000291140	ENST00000687667.3	ENST00000813207.1	34964	36674	0	0.06329	Type0_NoDomain	Type0_NoDomain	154	103	39	0.22031
ENSG00000291140	ENST00000690715.3	ENST00000813193.1	35147	36668	0	0.06031	Type0_NoDomain	Type0_NoDomain	122	103	39	0.21085
ENSG00000291140	ENST00000690715.3	ENST00000813202.1	35147	36671	0	0.06031	Type0_NoDomain	Type0_NoDomain	122	151	39	0.21085
ENSG00000291140	ENST00000690715.3	ENST00000813202.1	35147	36672	0	0.06031	Type0_NoDomain	Type0_NoDomain	122	151	39	0.21085
ENSG00000291140	ENST00000690715.3	ENST00000813207.1	35147	36674	0	0.06031	Type0_NoDomain	Type0_NoDomain	122	103	39	0.21085
ENSG00000291140	ENST00000693419.3	ENST00000813193.1	35316	36668	0	0.06329	Type0_NoDomain	Type0_NoDomain	119	103	39	0.2203
ENSG00000291140	ENST00000693419.3	ENST00000813202.1	35316	36671	0	0.06329	Type0_NoDomain	Type0_NoDomain	119	151	39	0.2203
ENSG00000291140	ENST00000693419.3	ENST00000813202.1	35316	36672	0	0.06329	Type0_NoDomain	Type0_NoDomain	119	151	39	0.22031
ENSG00000291140	ENST00000693419.3	ENST00000813207.1	35316	36674	0	0.06329	Type0_NoDomain	Type0_NoDomain	119	103	39	0.22031
ENSG00000291140	ENST00000813188.1	ENST00000813193.1	36667	36668	0	0.06031	Type0_NoDomain	Type0_NoDomain	122	103	39	0.21085
ENSG00000291140	ENST00000813188.1	ENST00000813202.1	36667	36671	0	0.06031	Type0_NoDomain	Type0_NoDomain	122	151	39	0.21085
ENSG00000291140	ENST00000813188.1	ENST00000813202.1	36667	36672	0	0.06031	Type0_NoDomain	Type0_NoDomain	122	151	39	0.21085
ENSG00000291140	ENST00000813188.1	ENST00000813207.1	36667	36674	0	0.06031	Type0_NoDomain	Type0_NoDomain	122	103	39	0.21085
ENSG00000291140	ENST00000813193.1	ENST00000813196.1	36668	36669	0	0.06329	Type0_NoDomain	Type0_NoDomain	103	119	39	0.2203
ENSG00000291140	ENST00000813193.1	ENST00000813197.1	36668	36670	0	0.07122	Type0_NoDomain	Type0_NoDomain	103	154	23	0.23186
ENSG00000291140	ENST00000813193.1	ENST00000813206.1	36668	36673	0	0.06329	Type0_NoDomain	Type0_NoDomain	103	119	39	0.2203
ENSG00000291140	ENST00000813193.1	ENST00000813208.1	36668	36675	0	0.06329	Type0_NoDomain	Type0_NoDomain	103	119	39	0.2203
ENSG00000291140	ENST00000813196.1	ENST00000813202.1	36669	36671	0	0.06329	Type0_NoDomain	Type0_NoDomain	119	151	39	0.2203
ENSG00000291140	ENST00000813196.1	ENST00000813202.1	36669	36672	0	0.06329	Type0_NoDomain	Type0_NoDomain	119	151	39	0.22031
ENSG00000291140	ENST00000813196.1	ENST00000813207.1	36669	36674	0	0.06329	Type0_NoDomain	Type0_NoDomain	119	103	39	0.22031
ENSG00000291140	ENST00000813197.1	ENST00000813202.1	36670	36671	0	0.07122	Type0_NoDomain	Type0_NoDomain	154	151	23	0.23186
ENSG00000291140	ENST00000813197.1	ENST00000813202.1	36670	36672	0	0.07121	Type0_NoDomain	Type0_NoDomain	154	151	23	0.23186
ENSG00000291140	ENST00000813197.1	ENST00000813207.1	36670	36674	0	0.07121	Type0_NoDomain	Type0_NoDomain	154	103	23	0.23186
ENSG00000291140	ENST00000813202.1	ENST00000813206.1	36671	36673	0	0.06329	Type0_NoDomain	Type0_NoDomain	151	119	39	0.2203
ENSG00000291140	ENST00000813202.1	ENST00000813208.1	36671	36675	0	0.06329	Type0_NoDomain	Type0_NoDomain	151	119	39	0.2203
ENSG00000291140	ENST00000813202.1	ENST00000813206.1	36672	36673	0	0.06329	Type0_NoDomain	Type0_NoDomain	151	119	39	0.2203
ENSG00000291140	ENST00000813202.1	ENST00000813208.1	36672	36675	0	0.06329	Type0_NoDomain	Type0_NoDomain	151	119	39	0.2203
ENSG00000291140	ENST00000813206.1	ENST00000813207.1	36673	36674	0	0.06329	Type0_NoDomain	Type0_NoDomain	119	103	39	0.2203
ENSG00000291140	ENST00000813207.1	ENST00000813208.1	36674	36675	0	0.06329	Type0_NoDomain	Type0_NoDomain	103	119	39	0.2203
ENSG00000284874	ENST00000431044.5	ENST00000455843.5	20916	22568	1	0.07175	Type3_SameDomain	Type3_SameDomain	385	453	20	0.95329
ENSG00000284874	ENST00000431044.5	ENST00000455843.5	20916	22569	1	0.07175	Type3_SameDomain	Type3_SameDomain	385	453	20	0.95329
ENSG00000284874	ENST00000431044.5	ENST00000455843.5	20916	22570	1	0.07175	Type3_SameDomain	Type3_SameDomain	385	453	20	0.95329
ENSG00000284874	ENST00000431044.5	ENST00000455843.5	20917	22568	1	0.07175	Type3_SameDomain	Type3_SameDomain	385	453	20	0.95329
ENSG00000284874	ENST00000431044.5	ENST00000455843.5	20917	22569	1	0.07175	Type3_SameDomain	Type3_SameDomain	385	453	20	0.95329
ENSG00000284874	ENST00000431044.5	ENST00000455843.5	20917	22570	1	0.07175	Type3_SameDomain	Type3_SameDomain	385	453	20	0.95329
ENSG00000290763	ENST00000435731.6	ENST00000774717.1	21238	36582	0	0.05703	Type1_DomainLoss	Type3_SameDomain	255	200	49	0.33446
ENSG00000290763	ENST00000774661.1	ENST00000774717.1	36579	36582	0	0.07836	Type1_DomainLoss	Type3_SameDomain	239	200	49	0.27253
ENSG00000290763	ENST00000774661.1	ENST00000774747.1	36579	36583	0	0.06796	Type1_DomainLoss	Type3_SameDomain	239	100	49	0.36166
ENSG00000290763	ENST00000774670.1	ENST00000774717.1	36580	36582	0	0.07836	Type1_DomainLoss	Type3_SameDomain	239	200	49	0.27253
ENSG00000290763	ENST00000774670.1	ENST00000774747.1	36580	36583	0	0.06796	Type1_DomainLoss	Type3_SameDomain	239	100	49	0.36166
ENSG00000290763	ENST00000774691.1	ENST00000774717.1	36581	36582	0	0.07836	Type1_DomainLoss	Type3_SameDomain	239	200	49	0.27253
ENSG00000290763	ENST00000774691.1	ENST00000774747.1	36581	36583	0	0.06796	Type1_DomainLoss	Type3_SameDomain	239	100	49	0.36166
ENSG00000169814	ENST00000436193.6	ENST00000643237.3	21282	31845	0	0.05839	Type0_NoDomain	Type0_NoDomain	523	578	44	0.29106
ENSG00000169814	ENST00000436193.6	ENST00000643237.3	21282	31846	0	0.05839	Type0_NoDomain	Type0_NoDomain	523	578	44	0.29106
ENSG00000169814	ENST00000449107.7	ENST00000643237.3	22123	31845	0	0.05864	Type0_NoDomain	Type0_NoDomain	545	578	44	0.29098
ENSG00000169814	ENST00000449107.7	ENST00000643237.3	22123	31846	0	0.05864	Type0_NoDomain	Type0_NoDomain	545	578	44	0.29098
ENSG00000092108	ENST00000458591.7	ENST00000469043.2	22766	23247	1	0.05898	Type0_NoDomain	Type0_NoDomain	648	289	52	0.2382
ENSG00000092108	ENST00000458591.7	ENST00000678006.1	22766	33692	1	0.05226	Type0_NoDomain	Type0_NoDomain	648	467	62	0.41727
ENSG00000092108	ENST00000469043.2	ENST00000544052.6	23247	27340	1	0.05958	Type0_NoDomain	Type0_NoDomain	289	625	52	0.23858
ENSG00000092108	ENST00000469043.2	ENST00000677340.1	23247	33604	1	0.05886	Type0_NoDomain	Type0_NoDomain	289	616	52	0.23821
ENSG00000092108	ENST00000469043.2	ENST00000678124.1	23247	33711	1	0.059	Type0_NoDomain	Type0_NoDomain	289	575	52	0.23893
ENSG00000092108	ENST00000544052.6	ENST00000678006.1	27340	33692	1	0.05286	Type0_NoDomain	Type0_NoDomain	625	467	62	0.42242
ENSG00000092108	ENST00000677340.1	ENST00000678006.1	33604	33692	1	0.05215	Type0_NoDomain	Type0_NoDomain	616	467	62	0.42442
ENSG00000092108	ENST00000678006.1	ENST00000678124.1	33692	33711	1	0.05228	Type0_NoDomain	Type0_NoDomain	467	575	62	0.41912
ENSG00000157764	ENST00000469930.2	ENST00000646891.2	23304	32140	0	0.06244	Type1_DomainLoss	Type1_DomainLoss	172	766	22	0.88386
ENSG00000157764	ENST00000469930.2	ENST00000646891.2	23304	32141	0	0.06244	Type1_DomainLoss	Type1_DomainLoss	172	766	22	0.88386
ENSG00000127914	ENST00000487258.5	ENST00000493453.1	24199	24526	0	0.0518	Type0_NoDomain	Type0_NoDomain	803	1655	75	0.23192
ENSG00000127914	ENST00000493453.1	ENST00000674381.2	24526	33260	0	0.0631	Type0_NoDomain	Type0_NoDomain	1655	2629	57	0.2366
ENSG00000127914	ENST00000493453.1	ENST00000674381.2	24526	33261	0	0.0631	Type0_NoDomain	Type0_NoDomain	1655	2629	57	0.2366
ENSG00000127914	ENST00000674381.2	ENST00000679521.1	33260	33909	0	0.05118	Type0_NoDomain	Type0_NoDomain	2629	3889	15	0.21775
ENSG00000127914	ENST00000674381.2	ENST00000680181.1	33260	34015	0	0.05323	Type0_NoDomain	Type0_NoDomain	2629	3876	57	0.22704
ENSG00000127914	ENST00000674381.2	ENST00000680513.1	33260	34074	0	0.05323	Type0_NoDomain	Type0_NoDomain	2629	3860	57	0.22704
ENSG00000127914	ENST00000674381.2	ENST00000680534.1	33260	34076	0	0.05323	Type0_NoDomain	Type0_NoDomain	2629	3920	57	0.22704
ENSG00000127914	ENST00000674381.2	ENST00000680952.1	33260	34140	0	0.05323	Type0_NoDomain	Type0_NoDomain	2629	3827	57	0.22704
ENSG00000127914	ENST00000674381.2	ENST00000681412.1	33260	34208	0	0.05323	Type0_NoDomain	Type0_NoDomain	2629	3923	57	0.22704
ENSG00000127914	ENST00000674381.2	ENST00000681722.1	33260	34250	0	0.05323	Type0_NoDomain	Type0_NoDomain	2629	3915	57	0.22704
ENSG00000127914	ENST00000674381.2	ENST00000679521.1	33261	33909	0	0.05118	Type0_NoDomain	Type0_NoDomain	2629	3889	15	0.21775
ENSG00000127914	ENST00000674381.2	ENST00000680181.1	33261	34015	0	0.05323	Type0_NoDomain	Type0_NoDomain	2629	3876	57	0.22704
ENSG00000127914	ENST00000674381.2	ENST00000680513.1	33261	34074	0	0.05323	Type0_NoDomain	Type0_NoDomain	2629	3860	57	0.22704
ENSG00000127914	ENST00000674381.2	ENST00000680534.1	33261	34076	0	0.05323	Type0_NoDomain	Type0_NoDomain	2629	3920	57	0.22704
ENSG00000127914	ENST00000674381.2	ENST00000680952.1	33261	34140	0	0.05323	Type0_NoDomain	Type0_NoDomain	2629	3827	57	0.22704
ENSG00000127914	ENST00000674381.2	ENST00000681412.1	33261	34208	0	0.05323	Type0_NoDomain	Type0_NoDomain	2629	3923	57	0.22704
ENSG00000127914	ENST00000674381.2	ENST00000681722.1	33261	34250	0	0.05323	Type0_NoDomain	Type0_NoDomain	2629	3915	57	0.22704
ENSG00000145362	ENST00000502701.2	ENST00000683908.1	24846	34595	0	0.07804	Type1_DomainLoss	Type1_DomainLoss	106	315	35	0.54854
ENSG00000145362	ENST00000502701.2	ENST00000684378.1	24846	34666	0	0.06086	Type1_DomainLoss	Type1_DomainLoss	106	251	39	0.3017
ENSG00000145362	ENST00000502701.2	ENST00000684378.1	24846	34667	0	0.06086	Type1_DomainLoss	Type1_DomainLoss	106	251	39	0.3017
ENSG00000145362	ENST00000502701.2	ENST00000684730.1	24846	34729	0	0.06971	Type1_DomainLoss	Type1_DomainLoss	106	137	39	0.38759
ENSG00000145362	ENST00000502701.2	ENST00000684730.1	24846	34730	0	0.06971	Type1_DomainLoss	Type1_DomainLoss	106	137	39	0.38759
ENSG00000145362	ENST00000682198.1	ENST00000683908.1	34322	34595	0	0.06629	Type1_DomainLoss	Type1_DomainLoss	135	315	35	0.52935
ENSG00000145362	ENST00000682198.1	ENST00000684730.1	34322	34729	0	0.05796	Type1_DomainLoss	Type1_DomainLoss	135	137	39	0.30483
ENSG00000145362	ENST00000682198.1	ENST00000684730.1	34322	34730	0	0.05796	Type1_DomainLoss	Type1_DomainLoss	135	137	39	0.30483
ENSG00000138767	ENST00000504123.7	ENST00000649644.1	24929	32370	2	0.07688	Type3_SameDomain	Type3_SameDomain	575	555	19	0.85701
ENSG00000138767	ENST00000504123.7	ENST00000649644.1	24929	32371	2	0.07688	Type3_SameDomain	Type3_SameDomain	575	555	19	0.85701
ENSG00000138767	ENST00000504123.7	ENST00000649644.1	24930	32370	2	0.07688	Type3_SameDomain	Type3_SameDomain	575	555	19	0.85701
ENSG00000138767	ENST00000504123.7	ENST00000649644.1	24930	32371	2	0.07688	Type3_SameDomain	Type3_SameDomain	575	555	19	0.85701
ENSG00000137601	ENST00000507142.6	ENST00000509912.5	25089	25243	1	0.06648	Type3_SameDomain	Type3_SameDomain	1286	437	41	0.82632
ENSG00000137601	ENST00000507142.6	ENST00000509912.5	25089	25244	1	0.06648	Type3_SameDomain	Type3_SameDomain	1286	437	41	0.82632
ENSG00000137601	ENST00000509912.5	ENST00000511633.5	25243	25338	1	0.06022	Type3_SameDomain	Type3_SameDomain	437	1242	22	0.83205
ENSG00000137601	ENST00000509912.5	ENST00000686697.1	25243	34882	1	0.08176	Type3_SameDomain	Type3_SameDomain	437	1125	22	0.93915
ENSG00000137601	ENST00000509912.5	ENST00000687054.1	25243	34907	1	0.06824	Type3_SameDomain	Type3_SameDomain	437	1266	22	0.89304
ENSG00000137601	ENST00000509912.5	ENST00000692218.1	25243	35227	1	0.07029	Type3_SameDomain	Type3_SameDomain	437	458	22	0.96819
ENSG00000137601	ENST00000509912.5	ENST00000511633.5	25244	25338	1	0.06022	Type3_SameDomain	Type3_SameDomain	437	1242	22	0.83205
ENSG00000137601	ENST00000509912.5	ENST00000686697.1	25244	34882	1	0.08176	Type3_SameDomain	Type3_SameDomain	437	1125	22	0.93915
ENSG00000137601	ENST00000509912.5	ENST00000687054.1	25244	34907	1	0.06824	Type3_SameDomain	Type3_SameDomain	437	1266	22	0.89304
ENSG00000137601	ENST00000509912.5	ENST00000692218.1	25244	35227	1	0.07029	Type3_SameDomain	Type3_SameDomain	437	458	22	0.96819
ENSG00000146373	ENST00000519565.5	ENST00000521654.7	25750	25886	0	0.05013	Type0_NoDomain	Type0_NoDomain	105	542	77	0.83585
ENSG00000146373	ENST00000519565.5	ENST00000521654.7	25750	25887	0	0.05013	Type0_NoDomain	Type0_NoDomain	105	542	77	0.83585
ENSG00000173120	ENST00000524657.1	ENST00000529006.7	26065	26342	0	0.05548	Type1_DomainLoss	Type1_DomainLoss	286	1162	47	0.47009
ENSG00000173120	ENST00000524657.1	ENST00000529006.7	26065	26343	0	0.05548	Type1_DomainLoss	Type1_DomainLoss	286	1162	47	0.47009
ENSG00000184828	ENST00000535628.6	ENST00000590800.6	26758	29561	0	0.06618	Type0_NoDomain	Type0_NoDomain	742	619	5	0.56512
ENSG00000184828	ENST00000535628.6	ENST00000590800.6	26758	29562	0	0.06618	Type0_NoDomain	Type0_NoDomain	742	619	5	0.56512
ENSG00000184828	ENST00000535628.6	ENST00000590800.6	26759	29561	0	0.06618	Type0_NoDomain	Type0_NoDomain	742	619	5	0.56512
ENSG00000184828	ENST00000535628.6	ENST00000590800.6	26759	29562	0	0.06618	Type0_NoDomain	Type0_NoDomain	742	619	5	0.56512
ENSG00000255874	ENST00000538077.4	ENST00000693706.2	26911	35335	0	0.05473	Type0_NoDomain	Type0_NoDomain	164	218	8	0.25891
ENSG00000255874	ENST00000538077.4	ENST00000693706.2	26912	35335	0	0.05473	Type0_NoDomain	Type0_NoDomain	164	218	8	0.25891
ENSG00000255874	ENST00000538077.4	ENST00000693706.2	26913	35335	0	0.05473	Type0_NoDomain	Type0_NoDomain	164	218	8	0.25891
ENSG00000255874	ENST00000538077.4	ENST00000693706.2	26914	35335	0	0.05473	Type0_NoDomain	Type0_NoDomain	164	218	8	0.25891
ENSG00000255874	ENST00000538077.4	ENST00000693706.2	26915	35335	0	0.05473	Type0_NoDomain	Type0_NoDomain	164	218	8	0.25891
ENSG00000126749	ENST00000539196.2	ENST00000599672.6	27009	29917	0	0.06111	Type0_NoDomain	Type0_NoDomain	148	247	39	0.29045
ENSG00000126749	ENST00000539196.2	ENST00000599672.6	27009	29918	0	0.06111	Type0_NoDomain	Type0_NoDomain	148	247	39	0.29045
ENSG00000126749	ENST00000539196.2	ENST00000599672.6	27009	29919	0	0.06111	Type0_NoDomain	Type0_NoDomain	148	247	39	0.29045
ENSG00000100796	ENST00000554390.5	ENST00000555718.5	27928	28027	0	0.0682	Type0_NoDomain	Type0_NoDomain	706	220	39	0.32875
ENSG00000100796	ENST00000554390.5	ENST00000555718.5	27929	28027	0	0.0682	Type0_NoDomain	Type0_NoDomain	706	220	39	0.32875
ENSG00000100796	ENST00000554684.5	ENST00000555718.5	27946	28027	0	0.05315	Type0_NoDomain	Type0_NoDomain	820	220	3	0.2575
ENSG00000100796	ENST00000554684.5	ENST00000555718.5	27947	28027	0	0.05315	Type0_NoDomain	Type0_NoDomain	820	220	3	0.2575
ENSG00000100796	ENST00000554943.6	ENST00000555718.5	27965	28027	0	0.05288	Type0_NoDomain	Type0_NoDomain	833	220	3	0.25699
ENSG00000100796	ENST00000554943.6	ENST00000555718.5	27966	28027	0	0.05288	Type0_NoDomain	Type0_NoDomain	833	220	3	0.25699
ENSG00000259319	ENST00000558267.3	ENST00000560419.1	28187	28300	0	0.06643	Type0_NoDomain	Type0_NoDomain	110	126	39	0.25118
ENSG00000263072	ENST00000571963.5	ENST00000674022.1	28823	33201	0	0.0968	Type0_NoDomain	Type0_NoDomain	101	136	3	0.54452
ENSG00000263072	ENST00000571963.5	ENST00000674022.1	28823	33202	0	0.0968	Type0_NoDomain	Type0_NoDomain	101	136	3	0.54452
ENSG00000215386	ENST00000619222.5	ENST00000698067.1	30907	35579	0	0.05612	Type0_NoDomain	Type0_NoDomain	198	108	7	0.40994
ENSG00000215386	ENST00000670980.2	ENST00000698067.1	33042	35579	0	0.05275	Type0_NoDomain	Type0_NoDomain	104	108	39	0.46755
ENSG00000293514	ENST00000640327.1	ENST00000687129.2	31719	34915	0	0.05931	Type0_NoDomain	Type0_NoDomain	104	155	39	0.29564
ENSG00000293514	ENST00000640327.1	ENST00000687129.2	31719	34916	0	0.05931	Type0_NoDomain	Type0_NoDomain	104	155	39	0.29564
ENSG00000293514	ENST00000640327.1	ENST00000687129.2	31719	34917	0	0.05931	Type0_NoDomain	Type0_NoDomain	104	155	39	0.29564
ENSG00000293514	ENST00000640327.1	ENST00000687129.2	31719	34918	0	0.05931	Type0_NoDomain	Type0_NoDomain	104	155	39	0.29564
ENSG00000293514	ENST00000640327.1	ENST00000687129.2	31720	34915	0	0.05931	Type0_NoDomain	Type0_NoDomain	104	155	39	0.29564
ENSG00000293514	ENST00000640327.1	ENST00000687129.2	31720	34916	0	0.05931	Type0_NoDomain	Type0_NoDomain	104	155	39	0.29564
ENSG00000293514	ENST00000640327.1	ENST00000687129.2	31720	34917	0	0.05931	Type0_NoDomain	Type0_NoDomain	104	155	39	0.29564
ENSG00000293514	ENST00000640327.1	ENST00000687129.2	31720	34918	0	0.05931	Type0_NoDomain	Type0_NoDomain	104	155	39	0.29564
ENSG00000227354	ENST00000654024.2	ENST00000656024.1	32730	32774	0	0.05896	Type0_NoDomain	Type0_NoDomain	148	100	8	0.30234
ENSG00000291046	ENST00000700718.2	ENST00000700879.2	35825	35835	0	0.05011	Type0_NoDomain	Type0_NoDomain	139	99	8	0.23774
ENSG00000291046	ENST00000700718.2	ENST00000700879.2	35826	35835	0	0.05011	Type0_NoDomain	Type0_NoDomain	139	99	8	0.23774
ENSG00000291046	ENST00000700718.2	ENST00000700879.2	35827	35835	0	0.05011	Type0_NoDomain	Type0_NoDomain	139	99	8	0.23774
ENSG00000203709	ENST00000710902.1	ENST00000710905.2	36192	36193	0	0.05346	Type0_NoDomain	Type0_NoDomain	102	100	41	0.22814
