{
  "GO:0006096": {
    "auprc_v10b": 0.729168538680997,
    "v10b": {
      "pos": 0.6507450236421634,
      "all": 0.09346420281529287
    },
    "E1": {
      "mean_r": -0.07434134506682069,
      "median_r": -0.025649458802128853,
      "std_r": 0.7618533924963214,
      "n_genes": 14,
      "frac_sig_0.05": 0.5,
      "frac_sig_0.01": 0.42857142857142855
    },
    "length": {
      "pos": 0.42507997202616915,
      "all": 0.49118459556644956,
      "auprc": 0.0023465500918259078
    },
    "resid": {
      "pos": 0.6510303743833175,
      "all": 0.10210344903711678,
      "pearson_len_score": 0.032434771238968034
    },
    "esm2norm": {
      "pos": 0.10940039517257741,
      "all": 0.17022724773709727,
      "pearson_norm_len": -0.018210531117382488
    }
  },
  "GO:0003774": {
    "auprc_v10b": 0.8024082924716708,
    "v10b": {
      "pos": 1.0793035767552357,
      "all": 0.11168229546245356
    },
    "E1": {
      "mean_r": NaN,
      "median_r": NaN,
      "std_r": NaN,
      "n_genes": 16,
      "frac_sig_0.05": 0.25,
      "frac_sig_0.01": 0.1875
    },
    "length": {
      "pos": 0.7013876214714,
      "all": 0.4907151772720163,
      "auprc": 0.015651806029244403
    },
    "resid": {
      "pos": 1.0883182515739662,
      "all": 0.1199722765336592,
      "pearson_len_score": 0.029832976530178183
    },
    "esm2norm": {
      "pos": 0.16296058631018318,
      "all": 0.1706971133745252,
      "pearson_norm_len": -0.018210531117382488
    }
  },
  "GO:0007204": {
    "auprc_v10b": 0.7691658281009848,
    "v10b": {
      "pos": 0.39740659457760563,
      "all": 0.07070182235326371
    },
    "E1": {
      "mean_r": NaN,
      "median_r": NaN,
      "std_r": NaN,
      "n_genes": 27,
      "frac_sig_0.05": 0.14814814814814814,
      "frac_sig_0.01": 0.1111111111111111
    },
    "length": {
      "pos": 0.5509819361705842,
      "all": 0.49009948931963215,
      "auprc": 0.008945321532068503
    },
    "resid": {
      "pos": 0.4051501166785417,
      "all": 0.07611554856525643,
      "pearson_len_score": -0.01758876029473592
    },
    "esm2norm": {
      "pos": 0.11655434261988357,
      "all": 0.17039519502978331,
      "pearson_norm_len": -0.018210531117382488
    }
  },
  "GO:0030017": {
    "auprc_v10b": 0.7758058802105136,
    "v10b": {
      "pos": 1.0578960975749856,
      "all": 0.05476140156073902
    },
    "E1": {
      "mean_r": NaN,
      "median_r": NaN,
      "std_r": NaN,
      "n_genes": 57,
      "frac_sig_0.05": 0.2631578947368421,
      "frac_sig_0.01": 0.17543859649122806
    },
    "length": {
      "pos": 0.5691988827919607,
      "all": 0.4911859305779684,
      "auprc": 0.07959304528017219
    },
    "resid": {
      "pos": 1.0586710945243922,
      "all": 0.08466573016553035,
      "pearson_len_score": 0.07761017414791914
    },
    "esm2norm": {
      "pos": 0.2566836976466211,
      "all": 0.1706740129297542,
      "pearson_norm_len": -0.018210531117382488
    }
  },
  "GO:0006941": {
    "auprc_v10b": 0.6294676316681583,
    "v10b": {
      "pos": 1.4422251400814456,
      "all": 0.08350241732302027
    },
    "E1": {
      "mean_r": NaN,
      "median_r": NaN,
      "std_r": NaN,
      "n_genes": 23,
      "frac_sig_0.05": 0.34782608695652173,
      "frac_sig_0.01": 0.30434782608695654
    },
    "length": {
      "pos": 0.565867682082479,
      "all": 0.49062763614893423,
      "auprc": 0.03066999799359433
    },
    "resid": {
      "pos": 1.4491485820693994,
      "all": 0.10234197948636896,
      "pearson_len_score": 0.0632951302551653
    },
    "esm2norm": {
      "pos": 0.22981347822249829,
      "all": 0.17069149260709865,
      "pearson_norm_len": -0.018210531117382488
    }
  }
}