"gene_id","feature_id","lr","df","pvalue","adj_pvalue","cell_type"
"AAMP","AAMP-201",0.556024447036236,1,0.455866502976248,0.98209075514408,"Oligodendrocyte"
"AAMP","AAMP-204",0.556024447036236,1,0.455866502976248,0.98209075514408,"Oligodendrocyte"
"AAR2","AAR2-206",0.420740992615038,1,0.516567534776139,0.987123735128959,"Oligodendrocyte"
"AAR2","AAR2-201",0.420740992615038,1,0.516567534776139,0.987123735128959,"Oligodendrocyte"
"AARS1","AARS1-214",-0.00456289513783759,1,1,1,"Oligodendrocyte"
"AARS1","AARS1-234",1.22456422394077,1,0.268466777549781,0.92571897266236,"Oligodendrocyte"
"AARS1","AARS1-225",2.96764029270935,1,0.0849456785124075,0.849079714118972,"Oligodendrocyte"
"AARS1","AARS1-201",1.9965571602379,1,0.157656955966365,0.904355558333022,"Oligodendrocyte"
"AATF","AATF-208",2.03856520158104,1,0.153354236028302,0.904355558333022,"Oligodendrocyte"
"AATF","AATF-220",2.03856520158104,1,0.153354236028302,0.904355558333022,"Oligodendrocyte"
"ABCA2","ABCA2-211",0.537654199343706,1,0.463406531474446,0.98209075514408,"Oligodendrocyte"
"ABCA2","ABCA2-202",0.537654199343706,1,0.463406531474446,0.98209075514408,"Oligodendrocyte"
"ABCA8","ABCA8-204",6.31458840026608,1,0.0119748540323742,0.648906180608174,"Oligodendrocyte"
"ABCA8","ABCA8-214",3.16943637804798,1,0.0750283339493693,0.849079714118972,"Oligodendrocyte"
"ABCA8","ABCA8-206",1.29747977435909,1,0.254674085437186,0.92571897266236,"Oligodendrocyte"
"ABCA8","ABCA8-203",-0.194458961414057,1,1,1,"Oligodendrocyte"
"ABCA8","ABCA8-208",0.881951786413993,1,0.34766765761773,0.9518465083715,"Oligodendrocyte"
"ABCA8","ABCA8-202",0.0551932602393208,1,0.814261155965461,1,"Oligodendrocyte"
"ABCB7","ABCB7-201",0.0974848869654465,1,0.754869002864254,1,"Oligodendrocyte"
"ABCB7","ABCB7-203",0.0974848869653329,1,0.754869002864392,1,"Oligodendrocyte"
"ABCF1","ABCF1-201",0.384956939577705,1,0.534962232574246,0.991241525829912,"Oligodendrocyte"
"ABCF1","ABCF1-203",0.384956939577705,1,0.534962232574246,0.991241525829912,"Oligodendrocyte"
"ABCG1","ABCG1-203",2.96600878696654,1,0.0850314049945382,0.849079714118972,"Oligodendrocyte"
"ABCG1","ABCG1-205",2.96600878696654,1,0.0850314049945382,0.849079714118972,"Oligodendrocyte"
"ABHD6","ABHD6-201",1.51751511252706,1,0.217995918416259,0.917730617517697,"Oligodendrocyte"
"ABHD6","ABHD6-205",1.51751511252706,1,0.217995918416259,0.917730617517697,"Oligodendrocyte"
"ACAD11","ACAD11-208",3.16657997230777,1,0.0751596786796007,0.849079714118972,"Oligodendrocyte"
"ACAD11","ACAD11-202",3.16657997230777,1,0.0751596786796007,0.849079714118972,"Oligodendrocyte"
"ACADVL","ACADVL-203",1.13772897810281,1,0.286132717783417,0.930697544149248,"Oligodendrocyte"
"ACADVL","ACADVL-201",1.13772897810281,1,0.286132717783417,0.930697544149248,"Oligodendrocyte"
"ACER3","ACER3-218",0.0208645865657218,1,0.885148459853395,1,"Oligodendrocyte"
"ACER3","ACER3-212",0.0208645865657218,1,0.885148459853395,1,"Oligodendrocyte"
"ACSF3","ACSF3-218",0.460853876796648,1,0.497225182917683,0.986218906253136,"Oligodendrocyte"
"ACSF3","ACSF3-203",0.460853876796648,1,0.497225182917683,0.986218906253136,"Oligodendrocyte"
"ACSL3","ACSL3-201",3.04562324362837,1,0.0809550366002545,0.849079714118972,"Oligodendrocyte"
"ACSL3","ACSL3-231",1.49140790755337,1,0.221998143482238,0.917730617517697,"Oligodendrocyte"
"ACSL3","ACSL3-202",0.0140775870530661,1,0.905553436937651,1,"Oligodendrocyte"
"ACSL4","ACSL4-216",-0.0446594360321342,1,1,1,"Oligodendrocyte"
"ACSL4","ACSL4-213",0.106935088443493,1,0.743660844082728,1,"Oligodendrocyte"
"ACSL4","ACSL4-204",2.36634714443591,1,0.123976848276868,0.865806028004396,"Oligodendrocyte"
"ACSS1","ACSS1-204",1.07283093797923,1,0.300306878392396,0.936847468989248,"Oligodendrocyte"
"ACSS1","ACSS1-201",1.07283093797923,1,0.300306878392396,0.936847468989248,"Oligodendrocyte"
"ACTB","ACTB-206",1.04791110808583,1,0.30598866836443,0.940529003384364,"Oligodendrocyte"
"ACTB","ACTB-217",1.04791110808583,1,0.30598866836443,0.940529003384364,"Oligodendrocyte"
"ACTG1","ACTG1-205",1.35322398166682,1,0.24471528583174,0.92571897266236,"Oligodendrocyte"
"ACTG1","ACTG1-206",1.47991153395924,1,0.22378836414723,0.919109064742965,"Oligodendrocyte"
"ACTG1","ACTG1-213",0.587072772477768,1,0.44355329703465,0.981803694508639,"Oligodendrocyte"
"ADAM15","ADAM15-202",4.5058382516296,1,0.0337793355455796,0.818997589981106,"Oligodendrocyte"
"ADAM15","transcript238862.chr1.nnic",4.5058382516296,1,0.0337793355455796,0.818997589981106,"Oligodendrocyte"
"ADAR","transcript238794.chr1.nic",0.121460201186778,1,0.727456148211681,1,"Oligodendrocyte"
"ADAR","ADAR-201",2.51469030269345,1,0.112789789766086,0.855209329632008,"Oligodendrocyte"
"ADAR","ADAR-227",1.54274443894383,1,0.214209762780185,0.917730617517697,"Oligodendrocyte"
"ADARB2","ADARB2-202",0.104121169055929,1,0.746939024277739,1,"Oligodendrocyte"
"ADARB2","ADARB2-203",0.102421944468233,1,0.748942339515421,1,"Oligodendrocyte"
"ADARB2","ADARB2-204",0.714298011335131,1,0.398020658192402,0.963523459787408,"Oligodendrocyte"
"ADD1","ADD1-228",1.42347586240567,1,0.232832139397974,0.922533219692286,"Oligodendrocyte"
"ADD1","ADD1-208",4.15390642885632,1,0.0415385885218886,0.836623393063797,"Oligodendrocyte"
"ADD1","ADD1-205",0.362913403704852,1,0.54689264101733,0.992343398597519,"Oligodendrocyte"
"ADD1","ADD1-216",1.4099543555235,1,0.235063970628648,0.924584951139347,"Oligodendrocyte"
"ADD3","ADD3-201",0.159643371066522,1,0.689485068710809,1,"Oligodendrocyte"
"ADD3","ADD3-203",0.159643371066522,1,0.689485068710809,1,"Oligodendrocyte"
"ADGRB2","ADGRB2-206",0.051052917924352,1,0.82124114287198,1,"Oligodendrocyte"
"ADGRB2","ADGRB2-201",0.051052917924352,1,0.82124114287198,1,"Oligodendrocyte"
"ADGRL3","ADGRL3-201",1.73878626104965,1,0.187292688992197,0.917730617517697,"Oligodendrocyte"
"ADGRL3","ADGRL3-217",1.73878626104965,1,0.187292688992197,0.917730617517697,"Oligodendrocyte"
"ADPGK","ADPGK-202",0.930667568094776,1,0.334689517992799,0.945148303852849,"Oligodendrocyte"
"ADPGK","ADPGK-201",0.930667568094776,1,0.334689517992799,0.945148303852849,"Oligodendrocyte"
"AFF4","AFF4-206",0.238557521410257,1,0.625249895376482,1,"Oligodendrocyte"
"AFF4","AFF4-203",0.83131793866005,1,0.361891709975324,0.961019149398412,"Oligodendrocyte"
"AFF4","AFF4-201",2.14527067581685,1,0.143009811957548,0.888677046009816,"Oligodendrocyte"
"AGPAT4","AGPAT4-206",3.70456174451601,1,0.0542639201206238,0.836623393063797,"Oligodendrocyte"
"AGPAT4","AGPAT4-201",3.70456174451601,1,0.0542639201206238,0.836623393063797,"Oligodendrocyte"
"AGT","AGT-204",0.157052941692086,1,0.691884423642286,1,"Oligodendrocyte"
"AGT","AGT-201",0.157052941692086,1,0.691884423642286,1,"Oligodendrocyte"
"AHI1","AHI1-264",0.156954691403826,1,0.691975876199662,1,"Oligodendrocyte"
"AHI1","AHI1-252",1.17598133091678,1,0.27817563777194,0.92571897266236,"Oligodendrocyte"
"AHI1","AHI1-243",1.32132531963725,1,0.25035433571673,0.92571897266236,"Oligodendrocyte"
"AHI1","AHI1-201",0.640856784811831,1,0.423400713196686,0.973721990262353,"Oligodendrocyte"
"AIF1L","AIF1L-201",1.01266931082182,1,0.314264202963937,0.94318886854311,"Oligodendrocyte"
"AIF1L","AIF1L-208",1.01266931082182,1,0.314264202963937,0.94318886854311,"Oligodendrocyte"
"AIMP1","AIMP1-211",0.0102117009636231,1,0.919508418363,1,"Oligodendrocyte"
"AIMP1","AIMP1-216",0.0102117009636231,1,0.919508418363,1,"Oligodendrocyte"
"AK2","AK2-214",2.19619344092257,1,0.138352015942521,0.888677046009816,"Oligodendrocyte"
"AK2","AK2-221",0.00322168521483945,1,0.954736464826599,1,"Oligodendrocyte"
"AK2","AK2-220",5.80484634317486,1,0.0159820642999365,0.648906180608174,"Oligodendrocyte"
"AKAP17A","AKAP17A-201",2.61526464007954,1,0.105839866676194,0.85236699474703,"Oligodendrocyte"
"AKAP17A","AKAP17A-203",2.61526464007954,1,0.105839866676194,0.85236699474703,"Oligodendrocyte"
"AKAP6","AKAP6-201",0.0380127758435265,1,0.845417487565256,1,"Oligodendrocyte"
"AKAP6","AKAP6-213",0.0380127758435265,1,0.845417487565256,1,"Oligodendrocyte"
"AKAP8L","AKAP8L-234",6.27130140062741,1,0.0122708983817116,0.648906180608174,"Oligodendrocyte"
"AKAP8L","AKAP8L-239",2.55576328076518,1,0.1098927292786,0.85278573390443,"Oligodendrocyte"
"AKAP8L","AKAP8L-237",2.40869438703271,1,0.120662964634864,0.86472365295394,"Oligodendrocyte"
"AKAP8L","AKAP8L-201",3.41329916422751,1,0.0646730264488186,0.836623393063797,"Oligodendrocyte"
"AKAP9","AKAP9-212",1.32424622303097,1,0.249831405925444,0.92571897266236,"Oligodendrocyte"
"AKAP9","AKAP9-213",1.38534449744884,1,0.239192878584477,0.92571897266236,"Oligodendrocyte"
"AKAP9","AKAP9-218",0.312934877638327,1,0.575884786508422,1,"Oligodendrocyte"
"AKAP9","AKAP9-217",2.80107599401526,1,0.0942010700101091,0.849079714118972,"Oligodendrocyte"
"ALCAM","ALCAM-201",0.131248686617255,1,0.717140855009232,1,"Oligodendrocyte"
"ALCAM","ALCAM-204",0.110782398978699,1,0.739255137966493,1,"Oligodendrocyte"
"ALCAM","ALCAM-205",0.0141299442439049,1,0.905378791817103,1,"Oligodendrocyte"
"ALDH3A2","ALDH3A2-201",0.00350832151798386,1,0.952768050259131,1,"Oligodendrocyte"
"ALDH3A2","ALDH3A2-202",0.00350832151798386,1,0.952768050259131,1,"Oligodendrocyte"
"ALDOA","ALDOA-206",1.94420393486507,1,0.163212803522274,0.905935969553787,"Oligodendrocyte"
"ALDOA","ALDOA-219",1.94420393486507,1,0.163212803522274,0.905935969553787,"Oligodendrocyte"
"ALDOC","ALDOC-203",0.517987556708249,1,0.471701397709331,0.984823562153096,"Oligodendrocyte"
"ALDOC","ALDOC-201",0.517987556708249,1,0.471701397709331,0.984823562153096,"Oligodendrocyte"
"ALG11","ALG11-202",0.337566302228424,1,0.561237378233112,0.997607154754473,"Oligodendrocyte"
"ALG11","ALG11-216",0.00856172218391293,1,0.926277294837854,1,"Oligodendrocyte"
"ALG11","ALG11-214",0.0700241388649374,1,0.79130163720629,1,"Oligodendrocyte"
"ALG11","ALG11-211",0.0870438496103816,1,0.767969475335576,1,"Oligodendrocyte"
"AMD1","AMD1-203",3.5955271015564,1,0.0579352531686429,0.836623393063797,"Oligodendrocyte"
"AMD1","AMD1-209",3.5955271015564,1,0.0579352531686429,0.836623393063797,"Oligodendrocyte"
"AMER2","AMER2-201",1.08146707426204,1,0.29836959318672,0.936528332396554,"Oligodendrocyte"
"AMER2","AMER2-202",1.08146707426204,1,0.29836959318672,0.936528332396554,"Oligodendrocyte"
"ANAPC5","ANAPC5-213",0.111442731020361,1,0.738507547799715,1,"Oligodendrocyte"
"ANAPC5","ANAPC5-201",0.0976095988480665,1,0.754717287937878,1,"Oligodendrocyte"
"ANAPC5","ANAPC5-218",-0.0285575208463342,1,1,1,"Oligodendrocyte"
"ANAPC5","ANAPC5-209",-0.00367884530260199,1,1,1,"Oligodendrocyte"
"ANK2","ANK2-311",0.000226190655666869,1,0.988000558873991,1,"Oligodendrocyte"
"ANK2","ANK2-299",1.18398930040712,1,0.276545347168036,0.92571897266236,"Oligodendrocyte"
"ANK2","ANK2-297",-0.00888386074075243,1,1,1,"Oligodendrocyte"
"ANK2","ANK2-296",3.45990726924356,1,0.0628738409104415,0.836623393063797,"Oligodendrocyte"
"ANK2","ANK2-281",0.0222112650080817,1,0.881526455377314,1,"Oligodendrocyte"
"ANK3","ANK3-224",1.1848386663878,1,0.276373136142799,0.92571897266236,"Oligodendrocyte"
"ANK3","ANK3-205",0.0105332416878809,1,0.918255376125985,1,"Oligodendrocyte"
"ANK3","ANK3-201",-0.0932498757047142,1,1,1,"Oligodendrocyte"
"ANK3","ANK3-216",0.645722686229419,1,0.421646094768372,0.973046435822645,"Oligodendrocyte"
"ANK3","ANK3-214",0.316097519309551,1,0.573962385761879,1,"Oligodendrocyte"
"ANKHD1","ANKHD1-207",1.15529272864586,1,0.282443930708665,0.9286185727071,"Oligodendrocyte"
"ANKHD1","ANKHD1-203",1.15529272864586,1,0.282443930708665,0.9286185727071,"Oligodendrocyte"
"ANKRD10","transcript107483.chr13.nic",2.02618508796695,1,0.154608271966266,0.904355558333022,"Oligodendrocyte"
"ANKRD10","ANKRD10-201",2.02618508796695,1,0.154608271966266,0.904355558333022,"Oligodendrocyte"
"ANKRD12","ANKRD12-201",2.83828770297987,1,0.0920422493545835,0.849079714118972,"Oligodendrocyte"
"ANKRD12","ANKRD12-203",2.83828770297987,1,0.0920422493545835,0.849079714118972,"Oligodendrocyte"
"ANKRD17","ANKRD17-203",0.797083216799024,1,0.371966873023062,0.961019149398412,"Oligodendrocyte"
"ANKRD17","ANKRD17-202",0.797083216799024,1,0.371966873023062,0.961019149398412,"Oligodendrocyte"
"ANKRD18A","ANKRD18A-210",2.98857053947268,1,0.083854160291307,0.849079714118972,"Oligodendrocyte"
"ANKRD18A","ANKRD18A-201",2.98857053947268,1,0.083854160291307,0.849079714118972,"Oligodendrocyte"
"ANKRD26","ANKRD26-202",1.568997234672,1,0.210352699310218,0.917730617517697,"Oligodendrocyte"
"ANKRD26","ANKRD26-201",1.568997234672,1,0.210352699310218,0.917730617517697,"Oligodendrocyte"
"ANKRD36","ANKRD36-202",0.00686588327164372,1,0.933962362567406,1,"Oligodendrocyte"
"ANKRD36","ANKRD36-201",0.00686588327164372,1,0.933962362567406,1,"Oligodendrocyte"
"ANKRD36C","ANKRD36C-203",0.429290789937113,1,0.512337152127319,0.987123735128959,"Oligodendrocyte"
"ANKRD36C","ANKRD36C-201",-0.0109412363931369,1,1,1,"Oligodendrocyte"
"ANKRD36C","ANKRD36C-202",0.672467115307427,1,0.412192778507588,0.967776840465344,"Oligodendrocyte"
"ANKRD44","ANKRD44-204",1.25034102894665,1,0.263487352602125,0.92571897266236,"Oligodendrocyte"
"ANKRD44","ANKRD44-201",1.02563449034756,1,0.311186210394395,0.94318886854311,"Oligodendrocyte"
"ANKRD44","ANKRD44-209",4.36827595895124,1,0.0366140184932685,0.822943653753464,"Oligodendrocyte"
"ANKRD46","ANKRD46-201",0.386033427493203,1,0.534391804792019,0.991241525829912,"Oligodendrocyte"
"ANKRD46","ANKRD46-204",0.386033427493203,1,0.534391804792019,0.991241525829912,"Oligodendrocyte"
"ANKZF1","ANKZF1-211",0.062956084711459,1,0.801883297438702,1,"Oligodendrocyte"
"ANKZF1","ANKZF1-218",0.321799196019356,1,0.570528395018557,0.997758945878816,"Oligodendrocyte"
"ANKZF1","ANKZF1-201",2.40839892822032,1,0.120685742877841,0.86472365295394,"Oligodendrocyte"
"ANLN","ANLN-201",1.55421959138403,1,0.212513594412141,0.917730617517697,"Oligodendrocyte"
"ANLN","ANLN-202",1.55421959138403,1,0.212513594412141,0.917730617517697,"Oligodendrocyte"
"ANXA7","ANXA7-202",0.0161114811739935,1,0.898995003102682,1,"Oligodendrocyte"
"ANXA7","ANXA7-201",0.0161114811739935,1,0.898995003102682,1,"Oligodendrocyte"
"AOPEP","transcript164612.chr9.nnic",0.874286921688508,1,0.349771235016118,0.9518465083715,"Oligodendrocyte"
"AOPEP","transcript164761.chr9.nnic",0.288684121633196,1,0.59106501255293,1,"Oligodendrocyte"
"AOPEP","transcript164753.chr9.nic",0.346723671157633,1,0.555973665659909,0.996372359530999,"Oligodendrocyte"
"AP1S2","transcript19346.chrX.nic",1.74930802411586,1,0.185963747020754,0.917730617517697,"Oligodendrocyte"
"AP1S2","AP1S2-201",0.89355812214535,1,0.344514908551858,0.9518465083715,"Oligodendrocyte"
"AP1S2","AP1S2-202",0.103040409041796,1,0.748211088473594,1,"Oligodendrocyte"
"AP2B1","AP2B1-221",0.011146856572168,1,0.915916645214013,1,"Oligodendrocyte"
"AP2B1","AP2B1-211",0.011146856572168,1,0.915916645214013,1,"Oligodendrocyte"
"AP2M1","AP2M1-223",0.763085298154692,1,0.38236470786379,0.963523459787408,"Oligodendrocyte"
"AP2M1","AP2M1-202",2.6788202161697,1,0.10169104069737,0.849079714118972,"Oligodendrocyte"
"AP2M1","AP2M1-225",0.800789854421964,1,0.370857320922728,0.961019149398412,"Oligodendrocyte"
"AP2M1","AP2M1-208",1.18681452853525,1,0.275973046577412,0.92571897266236,"Oligodendrocyte"
"AP3M1","AP3M1-202",1.03330162895725,1,0.309384469529772,0.941366443951989,"Oligodendrocyte"
"AP3M1","AP3M1-201",1.03330162895725,1,0.309384469529772,0.941366443951989,"Oligodendrocyte"
"APBB2","APBB2-211",0.0961190446267892,1,0.756537598692016,1,"Oligodendrocyte"
"APBB2","APBB2-224",0.0961190446267892,1,0.756537598692016,1,"Oligodendrocyte"
"APC","APC-201",-0.192661438542927,1,1,1,"Oligodendrocyte"
"APC","APC-205",0.984480309953142,1,0.321095187331985,0.94318886854311,"Oligodendrocyte"
"APC","APC-203",0.86986219058781,1,0.35099346293036,0.9518465083715,"Oligodendrocyte"
"APC","APC-209",-0.0229749008922226,1,1,1,"Oligodendrocyte"
"APEX1","APEX1-201",0.368691424543272,1,0.543718419261072,0.99210169654318,"Oligodendrocyte"
"APEX1","APEX1-205",2.5210002809481,1,0.112339304430867,0.85350747189327,"Oligodendrocyte"
"APEX1","APEX1-216",0.207301564517877,1,0.648890681580623,1,"Oligodendrocyte"
"API5","API5-201",0.179370087722418,1,0.671915136922484,1,"Oligodendrocyte"
"API5","API5-208",0.179370087722418,1,0.671915136922484,1,"Oligodendrocyte"
"APLF","transcript88841.chr2.nic",1.98852027276848,1,0.158495683867344,0.904355558333022,"Oligodendrocyte"
"APLF","transcript88845.chr2.nnic",1.49773006189707,1,0.221020959563319,0.917730617517697,"Oligodendrocyte"
"APLF","transcript88827.chr2.nnic",0.651401022087953,1,0.419612222568622,0.970272965351572,"Oligodendrocyte"
"APLP1","APLP1-212",0.82064381481905,1,0.364991996754592,0.961019149398412,"Oligodendrocyte"
"APLP1","APLP1-201",0.82064381481905,1,0.364991996754592,0.961019149398412,"Oligodendrocyte"
"APLP2","APLP2-203",0.0059753217784646,1,0.938384727390844,1,"Oligodendrocyte"
"APLP2","APLP2-226",0.538300728035665,1,0.463137814232205,0.98209075514408,"Oligodendrocyte"
"APLP2","APLP2-210",-0.00331213703975664,1,1,1,"Oligodendrocyte"
"APP","APP-204",0.417785210403963,1,0.518044255101253,0.987123735128959,"Oligodendrocyte"
"APP","APP-202",0.196982418390689,1,0.657167655901213,1,"Oligodendrocyte"
"APP","APP-201",0.0907475947460625,1,0.763228886503941,1,"Oligodendrocyte"
"APP","APP-220",0.0133701315498911,1,0.907946352500155,1,"Oligodendrocyte"
"APPL2","APPL2-201",0.0382435183023517,1,0.844954961917627,1,"Oligodendrocyte"
"APPL2","transcript148299.chr12.nic",0.0382435183023517,1,0.844954961917627,1,"Oligodendrocyte"
"ARAP2","ARAP2-201",0.988524306078034,1,0.320103314621989,0.94318886854311,"Oligodendrocyte"
"ARAP2","ARAP2-206",0.988524306078034,1,0.320103314621989,0.94318886854311,"Oligodendrocyte"
"ARFGAP1","ARFGAP1-203",0.28075253838,1,0.59620840018508,1,"Oligodendrocyte"
"ARFGAP1","transcript77813.chr20.nnic",0.75126327628891,1,0.386076564541549,0.963523459787408,"Oligodendrocyte"
"ARFGAP1","ARFGAP1-204",1.7575140590518,1,0.184934892101751,0.917730617517697,"Oligodendrocyte"
"ARFGAP2","ARFGAP2-209",0.131389025168573,1,0.716996175176008,1,"Oligodendrocyte"
"ARFGAP2","ARFGAP2-205",0.131389025168573,1,0.716996175176008,1,"Oligodendrocyte"
"ARGLU1","ARGLU1-203",0.406576869703713,1,0.523712084517676,0.990749915400173,"Oligodendrocyte"
"ARGLU1","ARGLU1-204",0.406576869703713,1,0.523712084517676,0.990749915400173,"Oligodendrocyte"
"ARHGAP12","ARHGAP12-205",0.375531680825361,1,0.540004360237726,0.99210169654318,"Oligodendrocyte"
"ARHGAP12","ARHGAP12-204",0.375531680825361,1,0.540004360237726,0.99210169654318,"Oligodendrocyte"
"ARHGAP21","ARHGAP21-206",1.81890062656657,1,0.177444193920388,0.91284642539971,"Oligodendrocyte"
"ARHGAP21","ARHGAP21-214",1.15710127536568,1,0.282067522606295,0.9286185727071,"Oligodendrocyte"
"ARHGAP21","transcript54999.chr10.nnic",1.46401078926192,1,0.226293038861915,0.921771860563745,"Oligodendrocyte"
"ARHGAP21","ARHGAP21-210",0.035117363390782,1,0.851349944022128,1,"Oligodendrocyte"
"ARHGAP21","ARHGAP21-201",-0.13953538291662,1,1,1,"Oligodendrocyte"
"ARHGAP5","ARHGAP5-209",1.23809387199253,1,0.26583872763822,0.92571897266236,"Oligodendrocyte"
"ARHGAP5","ARHGAP5-202",1.23809387199253,1,0.26583872763822,0.92571897266236,"Oligodendrocyte"
"ARHGEF37","transcript205624.chr5.nnic",0.171673798463644,1,0.67862851418075,1,"Oligodendrocyte"
"ARHGEF37","ARHGEF37-201",0.171673798463644,1,0.67862851418075,1,"Oligodendrocyte"
"ARID4A","ARID4A-201",1.28608896765013,1,0.256769957044131,0.92571897266236,"Oligodendrocyte"
"ARID4A","ARID4A-202",1.28608896765013,1,0.256769957044131,0.92571897266236,"Oligodendrocyte"
"ARID4B","ARID4B-201",8.14390438371083,1,0.00432061524259146,0.494941177000629,"Oligodendrocyte"
"ARID4B","ARID4B-208",0.187765870612566,1,0.664782605220209,1,"Oligodendrocyte"
"ARID4B","ARID4B-202",6.32494856671565,1,0.0119050940117259,0.648906180608174,"Oligodendrocyte"
"ARIH2","ARIH2-207",0.0411605538618005,1,0.839228327074372,1,"Oligodendrocyte"
"ARIH2","ARIH2-205",3.23468915699118,1,0.0720939834224629,0.849079714118972,"Oligodendrocyte"
"ARIH2","ARIH2-201",1.84902448429034,1,0.173896895248232,0.912531263304659,"Oligodendrocyte"
"ARMCX3","ARMCX3-201",0.365506066000307,1,0.545464095808623,0.99210169654318,"Oligodendrocyte"
"ARMCX3","ARMCX3-203",0.365506066000307,1,0.545464095808623,0.99210169654318,"Oligodendrocyte"
"ARPP19","ARPP19-201",1.69091977841208,1,0.193479766510392,0.917730617517697,"Oligodendrocyte"
"ARPP19","ARPP19-208",1.69091977841208,1,0.193479766510392,0.917730617517697,"Oligodendrocyte"
"ASAH1","ASAH1-244",0.414904082031171,1,0.519490823453912,0.987123735128959,"Oligodendrocyte"
"ASAH1","ASAH1-225",0.276016415044978,1,0.59932416665813,1,"Oligodendrocyte"
"ASAH1","ASAH1-257",0.771399771429969,1,0.379784369888358,0.963523459787408,"Oligodendrocyte"
"ASB8","ASB8-205",0.605148384320046,1,0.436620399079882,0.981803694508639,"Oligodendrocyte"
"ASB8","ASB8-201",0.605148384320046,1,0.436620399079882,0.981803694508639,"Oligodendrocyte"
"ASCC3","ASCC3-207",1.19381088090995,1,0.274562202079569,0.92571897266236,"Oligodendrocyte"
"ASCC3","ASCC3-204",1.19381088090995,1,0.274562202079569,0.92571897266236,"Oligodendrocyte"
"ASH1L","ASH1L-210",0.0970610462909463,1,0.755385412498771,1,"Oligodendrocyte"
"ASH1L","ASH1L-213",0.102866931508288,1,0.748415957509443,1,"Oligodendrocyte"
"ASH1L","ASH1L-215",0.390241729841364,1,0.53217236566422,0.991241525829912,"Oligodendrocyte"
"ASPH","ASPH-203",0.288078946715586,1,0.591454224425897,1,"Oligodendrocyte"
"ASPH","ASPH-214",-0.0146683633299745,1,1,1,"Oligodendrocyte"
"ASPH","ASPH-201",0.281991511070828,1,0.595398871015114,1,"Oligodendrocyte"
"ASPSCR1","transcript141354.chr17.nic",0.0253679492142567,1,0.873453641986312,1,"Oligodendrocyte"
"ASPSCR1","ASPSCR1-202",0.0253679492142567,1,0.873453641986312,1,"Oligodendrocyte"
"ATE1","ATE1-201",0.424146283177777,1,0.514875346951551,0.987123735128959,"Oligodendrocyte"
"ATE1","ATE1-203",0.424146283177777,1,0.514875346951551,0.987123735128959,"Oligodendrocyte"
"ATF2","ATF2-202",0.407050825062953,1,0.523470198279461,0.990749915400173,"Oligodendrocyte"
"ATF2","ATF2-201",0.407050825062953,1,0.523470198279461,0.990749915400173,"Oligodendrocyte"
"ATF7IP","ATF7IP-210",3.66313937610818,1,0.0556287222696047,0.836623393063797,"Oligodendrocyte"
"ATF7IP","ATF7IP-213",3.66313937610818,1,0.0556287222696047,0.836623393063797,"Oligodendrocyte"
"ATG13","ATG13-201",0.00101678221585644,1,0.97456214777354,1,"Oligodendrocyte"
"ATG13","transcript55903.chr11.nic",0.00101678221585644,1,0.97456214777354,1,"Oligodendrocyte"
"ATG4C","ATG4C-203",0.290137578436315,1,0.590132380277878,1,"Oligodendrocyte"
"ATG4C","ATG4C-201",0.290137578436315,1,0.590132380277878,1,"Oligodendrocyte"
"ATG9A","ATG9A-201",0.775908767115311,1,0.378395312070667,0.963523459787408,"Oligodendrocyte"
"ATG9A","ATG9A-202",0.775908767115311,1,0.378395312070667,0.963523459787408,"Oligodendrocyte"
"ATL1","ATL1-221",3.68740382129397,1,0.0548248901993404,0.836623393063797,"Oligodendrocyte"
"ATL1","ATL1-217",0.171712530802552,1,0.678594290667528,1,"Oligodendrocyte"
"ATL1","ATL1-209",2.49022085903016,1,0.114555647934638,0.85681293798615,"Oligodendrocyte"
"ATL1","ATL1-222",0.230664865850486,1,0.631031278148187,1,"Oligodendrocyte"
"ATL1","ATL1-220",-0.0253991707858177,1,1,1,"Oligodendrocyte"
"ATM","ATM-228",0.75778742691773,1,0.384021829883626,0.963523459787408,"Oligodendrocyte"
"ATM","ATM-241",2.08564710075632,1,0.148689203263287,0.892607999240337,"Oligodendrocyte"
"ATM","ATM-203",-0.0175280155162909,1,1,1,"Oligodendrocyte"
"ATM","ATM-250",0.192955407483964,1,0.660468156691528,1,"Oligodendrocyte"
"ATOH8","ATOH8-201",0.893171572474159,1,0.344619286615828,0.9518465083715,"Oligodendrocyte"
"ATOH8","transcript121312.chr2.nnic",0.893171572474159,1,0.344619286615828,0.9518465083715,"Oligodendrocyte"
"ATP11A","ATP11A-217",0.791831456732268,1,0.373546907143682,0.961851612072165,"Oligodendrocyte"
"ATP11A","transcript109237.chr13.nic",0.791831456732268,1,0.373546907143682,0.961851612072165,"Oligodendrocyte"
"ATP1B1","ATP1B1-202",1.29819413651649,1,0.254543348973429,0.92571897266236,"Oligodendrocyte"
"ATP1B1","transcript256546.chr1.nnic",8.16560223140175,1,0.0042692295901341,0.494941177000629,"Oligodendrocyte"
"ATP1B1","ATP1B1-214",0.786556136103002,1,0.375143509960466,0.961851612072165,"Oligodendrocyte"
"ATP2B1","ATP2B1-207",0.123763443632981,1,0.72498804149844,1,"Oligodendrocyte"
"ATP2B1","ATP2B1-202",0.123763443632981,1,0.72498804149844,1,"Oligodendrocyte"
"ATP5F1A","ATP5F1A-201",0.061323030524818,1,0.804416925868409,1,"Oligodendrocyte"
"ATP5F1A","ATP5F1A-202",0.061323030524818,1,0.804416925868409,1,"Oligodendrocyte"
"ATP5F1C","ATP5F1C-202",0.00118539715793986,1,0.972534582367367,1,"Oligodendrocyte"
"ATP5F1C","transcript18403.chr10.nic",0.00118539715793986,1,0.972534582367367,1,"Oligodendrocyte"
"ATP6V0A1","ATP6V0A1-201",0.0925473087245337,1,0.760963418485303,1,"Oligodendrocyte"
"ATP6V0A1","ATP6V0A1-218",0.0925473087245337,1,0.760963418485303,1,"Oligodendrocyte"
"ATP6V0B","ATP6V0B-203",7.65066459919331,1,0.00567514100746286,0.553365136328263,"Oligodendrocyte"
"ATP6V0B","ATP6V0B-205",7.65066459919331,1,0.00567514100746286,0.553365136328263,"Oligodendrocyte"
"ATP6V1B2","ATP6V1B2-206",6.03331188290031,1,0.0140383693566938,0.648906180608174,"Oligodendrocyte"
"ATP6V1B2","ATP6V1B2-201",6.03331188290031,1,0.0140383693566938,0.648906180608174,"Oligodendrocyte"
"ATP6V1H","ATP6V1H-202",0.0757389240820885,1,0.783157165730592,1,"Oligodendrocyte"
"ATP6V1H","ATP6V1H-209",0.714212612493782,1,0.398048863882817,0.963523459787408,"Oligodendrocyte"
"ATP6V1H","ATP6V1H-201",0.214789256025824,1,0.643039253552656,1,"Oligodendrocyte"
"ATP8A1","ATP8A1-207",1.90273961193634,1,0.167771989614335,0.911476842042344,"Oligodendrocyte"
"ATP8A1","ATP8A1-201",1.40507718742833,1,0.235875330290293,0.92571897266236,"Oligodendrocyte"
"ATP8A1","ATP8A1-202",0.162923839779069,1,0.686478751303223,1,"Oligodendrocyte"
"ATRX","ATRX-202",0.00110249374120031,1,0.973512050940269,1,"Oligodendrocyte"
"ATRX","ATRX-213",0.0280952180182794,1,0.866885161182195,1,"Oligodendrocyte"
"ATRX","ATRX-214",0.361100334863295,1,0.547895771895602,0.992346615914945,"Oligodendrocyte"
"ATRX","ATRX-201",0.329796136327786,1,0.565779155050347,0.997607154754473,"Oligodendrocyte"
"AUP1","AUP1-201",0.241597983780821,1,0.623054341566001,1,"Oligodendrocyte"
"AUP1","AUP1-204",0.241597983780821,1,0.623054341566001,1,"Oligodendrocyte"
"AZIN1","AZIN1-201",6.84603136022793,1,0.00888383976484404,0.599024624143769,"Oligodendrocyte"
"AZIN1","AZIN1-202",6.84603136022793,1,0.00888383976484404,0.599024624143769,"Oligodendrocyte"
"BACE1","BACE1-212",0.185978355387078,1,0.666285090461071,1,"Oligodendrocyte"
"BACE1","BACE1-201",-0.0285824114396291,1,1,1,"Oligodendrocyte"
"BACE1","BACE1-202",0.131390662305193,1,0.716994487911587,1,"Oligodendrocyte"
"BACH1","transcript20855.chr21.nnic",0.0469099485786728,1,0.828530181764691,1,"Oligodendrocyte"
"BACH1","BACH1-201",0.0469099485786728,1,0.828530181764691,1,"Oligodendrocyte"
"BAZ2B","BAZ2B-203",0.0966530931218585,1,0.755883634297922,1,"Oligodendrocyte"
"BAZ2B","BAZ2B-202",0.0966530931218585,1,0.755883634297922,1,"Oligodendrocyte"
"BBIP1","BBIP1-207",1.50249850951457,1,0.220287325297966,0.917730617517697,"Oligodendrocyte"
"BBIP1","BBIP1-209",1.50249850951457,1,0.220287325297966,0.917730617517697,"Oligodendrocyte"
"BBS2","BBS2-302",0.863483983123842,1,0.352765556812353,0.9518465083715,"Oligodendrocyte"
"BBS2","BBS2-211",0.884905218493259,1,0.346861690045189,0.9518465083715,"Oligodendrocyte"
"BBS2","BBS2-220",-0.111228516656865,1,1,1,"Oligodendrocyte"
"BBS2","BBS2-258",0.599774810014878,1,0.438663959160249,0.981803694508639,"Oligodendrocyte"
"BBS2","BBS2-201",3.26246327893477,1,0.0708825734598073,0.849079714118972,"Oligodendrocyte"
"BBS2","BBS2-278",-0.712731365748823,1,1,1,"Oligodendrocyte"
"BBS2","BBS2-295",-0.0800968965254469,1,1,1,"Oligodendrocyte"
"BBX","BBX-201",0.890378326592327,1,0.345374805591229,0.9518465083715,"Oligodendrocyte"
"BBX","BBX-206",2.20872249240892,1,0.137232272394301,0.888677046009816,"Oligodendrocyte"
"BBX","BBX-203",0.110473564597669,1,0.739605632110531,1,"Oligodendrocyte"
"BCAR1","BCAR1-212",0.0886126601948831,1,0.765948335408419,1,"Oligodendrocyte"
"BCAR1","BCAR1-201",0.0886126601948831,1,0.765948335408419,1,"Oligodendrocyte"
"BCLAF1","BCLAF1-216",1.52799069235243,1,0.216414256645277,0.917730617517697,"Oligodendrocyte"
"BCLAF1","BCLAF1-206",0.00666444459011473,1,0.934936133541663,1,"Oligodendrocyte"
"BCLAF1","BCLAF1-224",5.75040438166388,1,0.0164848616608827,0.657415190044412,"Oligodendrocyte"
"BCLAF1","BCLAF1-214",0.234198787968126,1,0.62842781765291,1,"Oligodendrocyte"
"BCLAF1","BCLAF1-201",3.46890173235079,1,0.0625328162356958,0.836623393063797,"Oligodendrocyte"
"BDH2","BDH2-201",0.101543084638081,1,0.749985671882957,1,"Oligodendrocyte"
"BDH2","BDH2-204",0.101543084638081,1,0.749985671882957,1,"Oligodendrocyte"
"BET1L","BET1L-201",0.147815907114023,1,0.700631354558877,1,"Oligodendrocyte"
"BET1L","BET1L-203",0.147815907114023,1,0.700631354558877,1,"Oligodendrocyte"
"BICD2","BICD2-201",10.7587686016349,1,0.00103786414147962,0.217720833234837,"Oligodendrocyte"
"BICD2","BICD2-202",10.7587686016349,1,0.00103786414147962,0.217720833234837,"Oligodendrocyte"
"BIN1","BIN1-210",0.510138911455215,1,0.475078728562799,0.984823562153096,"Oligodendrocyte"
"BIN1","BIN1-203",0.102882201752436,1,0.748397916405474,1,"Oligodendrocyte"
"BIN1","BIN1-211",2.61995586645571,1,0.10552737580161,0.85236699474703,"Oligodendrocyte"
"BIN1","BIN1-204",1.42659815551451,1,0.232320424594314,0.922533219692286,"Oligodendrocyte"
"BIN1","BIN1-209",6.09047146336707,1,0.0135912815509712,0.648906180608174,"Oligodendrocyte"
"BIRC2","transcript157937.chr11.nnic",1.72697196049648,1,0.188798068572746,0.917730617517697,"Oligodendrocyte"
"BIRC2","BIRC2-201",1.72697196049648,1,0.188798068572746,0.917730617517697,"Oligodendrocyte"
"BIRC6","BIRC6-209",1.05964889263214,1,0.303295278050927,0.939568078257552,"Oligodendrocyte"
"BIRC6","BIRC6-201",1.05964889263214,1,0.303295278050927,0.939568078257552,"Oligodendrocyte"
"BLTP1","BLTP1-217",0.97327027714482,1,0.323865933278623,0.94318886854311,"Oligodendrocyte"
"BLTP1","BLTP1-219",-0.200659831906705,1,1,1,"Oligodendrocyte"
"BLTP1","BLTP1-224",1.41279625029301,1,0.234592753908507,0.924584951139347,"Oligodendrocyte"
"BMS1","transcript93504.chr10.nnic",0.0856176527154275,1,0.769824135032438,1,"Oligodendrocyte"
"BMS1","BMS1-201",0.0856176527154275,1,0.769824135032438,1,"Oligodendrocyte"
"BOK","BOK-201",0.17588850338052,1,0.674930668387874,1,"Oligodendrocyte"
"BOK","transcript411367.chr2.nic",0.447417242754454,1,0.503564023240772,0.987123735128959,"Oligodendrocyte"
"BOK","transcript411128.chr2.nnic",0.0070884841525185,1,0.932902875477391,1,"Oligodendrocyte"
"BORCS5","transcript26864.chr12.nnic",1.66805078690982,1,0.196519819000186,0.917730617517697,"Oligodendrocyte"
"BORCS5","transcript26725.chr12.nnic",1.15249377637724,1,0.28302772276587,0.9286185727071,"Oligodendrocyte"
"BORCS5","BORCS5-202",-0.000969276213027115,1,1,1,"Oligodendrocyte"
"BRAT1","BRAT1-201",0.504589344053329,1,0.477490515336103,0.984823562153096,"Oligodendrocyte"
"BRAT1","BRAT1-204",0.504589344053329,1,0.477490515336103,0.984823562153096,"Oligodendrocyte"
"BRD8","BRD8-201",0.00739211491469405,1,0.931484375460973,1,"Oligodendrocyte"
"BRD8","BRD8-203",0.00739211491469405,1,0.931484375460973,1,"Oligodendrocyte"
"BRWD1","BRWD1-203",1.01951969267975,1,0.312632966482916,0.94318886854311,"Oligodendrocyte"
"BRWD1","BRWD1-202",2.69849737591221,1,0.100442871176236,0.849079714118972,"Oligodendrocyte"
"BRWD1","BRWD1-201",0.458446008101419,1,0.49835113020064,0.986218906253136,"Oligodendrocyte"
"BSCL2","BSCL2-227",0.000395286068965106,1,0.984137661811875,1,"Oligodendrocyte"
"BSCL2","BSCL2-203",0.000395286068965106,1,0.984137661811875,1,"Oligodendrocyte"
"BTAF1","BTAF1-202",2.90037011224558,1,0.0885592166757707,0.849079714118972,"Oligodendrocyte"
"BTAF1","BTAF1-201",2.90037011224558,1,0.0885592166757707,0.849079714118972,"Oligodendrocyte"
"BTBD3","BTBD3-203",0.601678212256957,1,0.437938427538083,0.981803694508639,"Oligodendrocyte"
"BTBD3","BTBD3-204",0.238990410486167,1,0.624936246200875,1,"Oligodendrocyte"
"BTBD3","BTBD3-201",0.0490575432809237,1,0.824711408623127,1,"Oligodendrocyte"
"BTBD8","BTBD8-208",0.0524962585768662,1,0.818775167156606,1,"Oligodendrocyte"
"BTBD8","BTBD8-205",0.0524962585768662,1,0.818775167156606,1,"Oligodendrocyte"
"BTF3","BTF3-201",0.0141170092607581,1,0.905421907797004,1,"Oligodendrocyte"
"BTF3","BTF3-202",0.0141170092607581,1,0.905421907797004,1,"Oligodendrocyte"
"BTF3L4","BTF3L4-201",5.04192944447044,1,0.0247409189174635,0.778514248602853,"Oligodendrocyte"
"BTF3L4","BTF3L4-202",5.04192944447044,1,0.0247409189174635,0.778514248602853,"Oligodendrocyte"
"BTG2","BTG2-202",0.778490875748503,1,0.377603081330009,0.963523459787408,"Oligodendrocyte"
"BTG2","BTG2-201",0.778490875748503,1,0.377603081330009,0.963523459787408,"Oligodendrocyte"
"BUB3","BUB3-201",0.0608438926321924,1,0.805167071404013,1,"Oligodendrocyte"
"BUB3","BUB3-203",0.0608438926321924,1,0.805167071404013,1,"Oligodendrocyte"
"C10orf90","transcript213055.chr10.nnic",1.69349440055385,1,0.193140970094865,0.917730617517697,"Oligodendrocyte"
"C10orf90","C10orf90-208",1.69349440055385,1,0.193140970094865,0.917730617517697,"Oligodendrocyte"
"C18orf25","C18orf25-205",1.07567159743746,1,0.299667871118269,0.936847468989248,"Oligodendrocyte"
"C18orf25","C18orf25-206",1.07567159743746,1,0.299667871118269,0.936847468989248,"Oligodendrocyte"
"C18orf32","C18orf32-201",0.108949874871598,1,0.7413428700933,1,"Oligodendrocyte"
"C18orf32","C18orf32-203",0.108949874871598,1,0.7413428700933,1,"Oligodendrocyte"
"C21orf91","C21orf91-201",3.00880269428717,1,0.0828134404270765,0.849079714118972,"Oligodendrocyte"
"C21orf91","transcript11784.chr21.nnic",3.00880269428717,1,0.0828134404270765,0.849079714118972,"Oligodendrocyte"
"C2orf49-DT","transcript228253.chr2.nnic",2.16770131187764,1,0.140936764684996,0.888677046009816,"Oligodendrocyte"
"C2orf49-DT","C2orf49-DT-201",2.16770131187764,1,0.140936764684996,0.888677046009816,"Oligodendrocyte"
"CA2","CA2-201",0.148818595764169,1,0.699666916512364,1,"Oligodendrocyte"
"CA2","transcript132519.chr8.nnic",0.148818595764169,1,0.699666916512364,1,"Oligodendrocyte"
"CADM1","CADM1-201",1.17623174046287,1,0.278124475558261,0.92571897266236,"Oligodendrocyte"
"CADM1","CADM1-203",1.17623174046287,1,0.278124475558261,0.92571897266236,"Oligodendrocyte"
"CALCOCO1","CALCOCO1-218",0.0489610603552251,1,0.824881068478327,1,"Oligodendrocyte"
"CALCOCO1","CALCOCO1-201",0.0489610603552251,1,0.824881068478327,1,"Oligodendrocyte"
"CALM2","CALM2-209",0.00766314520456035,1,0.930242775067067,1,"Oligodendrocyte"
"CALM2","CALM2-201",-0.023662370477723,1,1,1,"Oligodendrocyte"
"CALM2","CALM2-205",0.237246103420603,1,0.626202237711724,1,"Oligodendrocyte"
"CALU","CALU-201",0.197185239399914,1,0.657002497254194,1,"Oligodendrocyte"
"CALU","CALU-202",0.197185239399914,1,0.657002497254194,1,"Oligodendrocyte"
"CAMSAP2","CAMSAP2-203",1.52015814495678,1,0.217595562770203,0.917730617517697,"Oligodendrocyte"
"CAMSAP2","CAMSAP2-202",1.52015814495678,1,0.217595562770203,0.917730617517697,"Oligodendrocyte"
"CANX","CANX-201",0.107263717269234,1,0.743281121878098,1,"Oligodendrocyte"
"CANX","CANX-202",0.107263717269234,1,0.743281121878098,1,"Oligodendrocyte"
"CAP1","CAP1-206",2.16463140260339,1,0.14121848149676,0.888677046009816,"Oligodendrocyte"
"CAP1","CAP1-203",2.16463140260339,1,0.14121848149676,0.888677046009816,"Oligodendrocyte"
"CAPN2","CAPN2-201",-0.0989697413506292,1,1,1,"Oligodendrocyte"
"CAPN2","CAPN2-206",0.016584357222996,1,0.897531519981808,1,"Oligodendrocyte"
"CAPN2","CAPN2-209",0.0655571037701748,1,0.79791901278931,1,"Oligodendrocyte"
"CAPN3","CAPN3-234",0.487345432842289,1,0.485113841670244,0.986196984921142,"Oligodendrocyte"
"CAPN3","CAPN3-236",-0.0722278255394144,1,1,1,"Oligodendrocyte"
"CAPN3","CAPN3-251",0.62193002582319,1,0.430330979310911,0.979921111974417,"Oligodendrocyte"
"CAPRIN1","CAPRIN1-209",1.29667898286561,1,0.254820737792959,0.92571897266236,"Oligodendrocyte"
"CAPRIN1","CAPRIN1-202",0.484831421268836,1,0.486241993225023,0.986218906253136,"Oligodendrocyte"
"CAPRIN1","CAPRIN1-201",0.237406660078932,1,0.626085467890397,1,"Oligodendrocyte"
"CAPZB","CAPZB-204",0.00428543384225577,1,0.947805185611932,1,"Oligodendrocyte"
"CAPZB","CAPZB-203",0.00428543384225577,1,0.947805185611932,1,"Oligodendrocyte"
"CARS1","CARS1-202",1.22271400929003,1,0.268828683496373,0.92571897266236,"Oligodendrocyte"
"CARS1","CARS1-201",0.839459129194893,1,0.359551505954696,0.961019149398412,"Oligodendrocyte"
"CARS1","CARS1-203",1.00151220799182,1,0.316944874256566,0.94318886854311,"Oligodendrocyte"
"CASC3","CASC3-203",5.80758378993426,1,0.0159572040406174,0.648906180608174,"Oligodendrocyte"
"CASC3","CASC3-201",5.80758378993426,1,0.0159572040406174,0.648906180608174,"Oligodendrocyte"
"CBFB","CBFB-201",0.412540859592809,1,0.52068267457596,0.987492606327887,"Oligodendrocyte"
"CBFB","CBFB-202",0.412540859592809,1,0.52068267457596,0.987492606327887,"Oligodendrocyte"
"CBLB","CBLB-201",0.263939487806681,1,0.607426500071005,1,"Oligodendrocyte"
"CBLB","CBLB-217",0.263939487806681,1,0.607426500071005,1,"Oligodendrocyte"
"CBR1","CBR1-205",0.0059227326578366,1,0.93865592899034,1,"Oligodendrocyte"
"CBR1","CBR1-201",0.00592273265601762,1,0.938655928999742,1,"Oligodendrocyte"
"CBR4","CBR4-201",0.225845396224173,1,0.634621664162443,1,"Oligodendrocyte"
"CBR4","CBR4-202",0.225845396224173,1,0.634621664162443,1,"Oligodendrocyte"
"CCDC144BP","CCDC144BP-213",0.274527595052859,1,0.600310666813821,1,"Oligodendrocyte"
"CCDC144BP","CCDC144BP-212",0.803261854138327,1,0.370119914659121,0.961019149398412,"Oligodendrocyte"
"CCDC144BP","CCDC144BP-208",-0.010395041486845,1,1,1,"Oligodendrocyte"
"CCDC144BP","CCDC144BP-218",0.356128992452796,1,0.550663993665267,0.992663760689843,"Oligodendrocyte"
"CCDC18-AS1","CCDC18-AS1-205",0.0273132682204533,1,0.868733624803289,1,"Oligodendrocyte"
"CCDC18-AS1","CCDC18-AS1-226",0.0273132682204533,1,0.868733624803289,1,"Oligodendrocyte"
"CCDC186","CCDC186-207",0.159588413435358,1,0.689535737421928,1,"Oligodendrocyte"
"CCDC186","CCDC186-203",0.159588413434449,1,0.689535737422767,1,"Oligodendrocyte"
"CCDC66","CCDC66-203",0.535793461255139,1,0.464181300076777,0.98209075514408,"Oligodendrocyte"
"CCDC66","CCDC66-213",0.535793461255139,1,0.464181300076777,0.98209075514408,"Oligodendrocyte"
"CCDC82","CCDC82-209",1.17780950256929,1,0.277802388833264,0.92571897266236,"Oligodendrocyte"
"CCDC82","CCDC82-246",0.530157809224875,1,0.466540520773626,0.982519245087122,"Oligodendrocyte"
"CCDC82","CCDC82-206",-0.0899836903863616,1,1,1,"Oligodendrocyte"
"CCDC82","CCDC82-218",0.0132604027894558,1,0.908323199578774,1,"Oligodendrocyte"
"CCDC88A","CCDC88A-255",-0.158746103046724,1,1,1,"Oligodendrocyte"
"CCDC88A","CCDC88A-211",-0.00391467844019644,1,1,1,"Oligodendrocyte"
"CCDC88A","CCDC88A-217",0.329360092549905,1,0.566036131916617,0.997607154754473,"Oligodendrocyte"
"CCDC88A","CCDC88A-227",2.54181067725767,1,0.110867580785052,0.85278573390443,"Oligodendrocyte"
"CCDC88A","CCDC88A-244",-0.237356901785461,1,1,1,"Oligodendrocyte"
"CCDC88A","CCDC88A-247",0.342136074223163,1,0.558598826839571,0.997607154754473,"Oligodendrocyte"
"CCDC88A","CCDC88A-242",0.503767839583816,1,0.477849228122114,0.984823562153096,"Oligodendrocyte"
"CCDC88A","CCDC88A-264",0.0474162369773694,1,0.82762180256268,1,"Oligodendrocyte"
"CCDC88A","CCDC88A-266",-0.00886551133589819,1,1,1,"Oligodendrocyte"
"CCNE2","transcript141839.chr8.nic",1.82971559727912,1,0.176161141406503,0.912531263304659,"Oligodendrocyte"
"CCNE2","CCNE2-201",1.82971559727912,1,0.176161141406503,0.912531263304659,"Oligodendrocyte"
"CCNL2","CCNL2-217",4.58430061154468,1,0.0322661365845693,0.814512576450789,"Oligodendrocyte"
"CCNL2","CCNL2-201",-0.00853846289101057,1,1,1,"Oligodendrocyte"
"CCNL2","CCNL2-203",1.6520034415862,1,0.198686471201194,0.917730617517697,"Oligodendrocyte"
"CCNL2","CCNL2-202",1.23405425968849,1,0.266620027540663,0.92571897266236,"Oligodendrocyte"
"CCNT2","CCNT2-202",1.69562417128418,1,0.192861235790013,0.917730617517697,"Oligodendrocyte"
"CCNT2","CCNT2-201",1.69562417128418,1,0.192861235790013,0.917730617517697,"Oligodendrocyte"
"CCP110","CCP110-201",0.848251289582549,1,0.357047510586212,0.958898577506071,"Oligodendrocyte"
"CCP110","CCP110-203",1.42426547912692,1,0.232702600095706,0.922533219692286,"Oligodendrocyte"
"CCP110","CCP110-202",0.105470163423888,1,0.745361431660207,1,"Oligodendrocyte"
"CCPG1","CCPG1-203",0.0619715203592932,1,0.803406577081306,1,"Oligodendrocyte"
"CCPG1","CCPG1-201",0.671791502614724,1,0.412427704162336,0.967776840465344,"Oligodendrocyte"
"CCPG1","CCPG1-208",1.21476555573736,1,0.270390365348792,0.92571897266236,"Oligodendrocyte"
"CCSER2","CCSER2-202",1.09111865973728,1,0.296223482916725,0.935750797174669,"Oligodendrocyte"
"CCSER2","CCSER2-201",0.978716531889859,1,0.322515879301664,0.94318886854311,"Oligodendrocyte"
"CCSER2","CCSER2-203",4.43292406995579,1,0.0352520651357845,0.818997589981106,"Oligodendrocyte"
"CD164","CD164-203",0.0986262782316771,1,0.753484423309064,1,"Oligodendrocyte"
"CD164","CD164-202",0.0986262782316771,1,0.753484423309064,1,"Oligodendrocyte"
"CD200","CD200-201",0.803720964456659,1,0.369983185681782,0.961019149398412,"Oligodendrocyte"
"CD200","transcript171526.chr3.nic",0.803720964456659,1,0.369983185681782,0.961019149398412,"Oligodendrocyte"
"CD46","CD46-226",0.136857614128985,1,0.711425171952417,1,"Oligodendrocyte"
"CD46","CD46-212",1.94322589240528,1,0.163318699428953,0.905935969553787,"Oligodendrocyte"
"CD46","CD46-219",0.0114703541962626,1,0.914709853846104,1,"Oligodendrocyte"
"CD46","CD46-204",1.50360329210798,1,0.220117767913442,0.917730617517697,"Oligodendrocyte"
"CD47","CD47-201",-0.0190615902802165,1,1,1,"Oligodendrocyte"
"CD47","CD47-204",0.35734398421846,1,0.54998503162947,0.992663760689843,"Oligodendrocyte"
"CD47","CD47-202",0.0123873218235531,1,0.911379766954621,1,"Oligodendrocyte"
"CD55","CD55-201",1.75793937995809,1,0.184881746709817,0.917730617517697,"Oligodendrocyte"
"CD55","CD55-204",2.36389945982398,1,0.124171455383122,0.865806028004396,"Oligodendrocyte"
"CD55","CD55-216",0.110166777763311,1,0.739954341557167,1,"Oligodendrocyte"
"CD55","CD55-203",0.0663370327155235,1,0.79674668484206,1,"Oligodendrocyte"
"CD9","CD9-208",2.54346991113562,1,0.110751155338287,0.85278573390443,"Oligodendrocyte"
"CD9","CD9-223",0.066475143938078,1,0.796539854024505,1,"Oligodendrocyte"
"CD9","CD9-220",2.71611374702343,1,0.099339613490926,0.849079714118972,"Oligodendrocyte"
"CDC42","CDC42-210",0.551993429823142,1,0.457504321872923,0.98209075514408,"Oligodendrocyte"
"CDC42","CDC42-208",0.551993429823142,1,0.457504321872923,0.98209075514408,"Oligodendrocyte"
"CDC42BPA","CDC42BPA-205",3.37138293508792,1,0.0663380474855827,0.836856459546371,"Oligodendrocyte"
"CDC42BPA","CDC42BPA-203",0.765696750121151,1,0.381551598080263,0.963523459787408,"Oligodendrocyte"
"CDC42BPA","CDC42BPA-204",2.97131392476012,1,0.0847529916557288,0.849079714118972,"Oligodendrocyte"
"CDC42BPA","CDC42BPA-209",2.40532165964669,1,0.120923266635213,0.864771346695979,"Oligodendrocyte"
"CDC73","transcript288464.chr1.nic",0.210686878295064,1,0.646229567788584,1,"Oligodendrocyte"
"CDC73","CDC73-201",0.210686878295064,1,0.646229567788584,1,"Oligodendrocyte"
"CDCA7L","transcript29650.chr7.nic",0.0336492436737217,1,0.854454909828584,1,"Oligodendrocyte"
"CDCA7L","CDCA7L-203",0.0336492436737217,1,0.854454909828584,1,"Oligodendrocyte"
"CDH11","CDH11-219",0.471548054551022,1,0.49227585185114,0.986218906253136,"Oligodendrocyte"
"CDH11","CDH11-201",0.471548054551022,1,0.49227585185114,0.986218906253136,"Oligodendrocyte"
"CDH19","CDH19-201",0.284360315801678,1,0.593857449350905,1,"Oligodendrocyte"
"CDH19","CDH19-204",0.284360315801678,1,0.593857449350905,1,"Oligodendrocyte"
"CDK13","transcript53833.chr7.nnic",0.0176253612056314,1,0.894382761889924,1,"Oligodendrocyte"
"CDK13","CDK13-201",2.11839355957216,1,0.145539128961128,0.891488563291049,"Oligodendrocyte"
"CDK13","CDK13-202",0.683521147543445,1,0.408376860263623,0.964832463891012,"Oligodendrocyte"
"CDK5RAP2","CDK5RAP2-201",0.31099359548034,1,0.577071114568167,1,"Oligodendrocyte"
"CDK5RAP2","CDK5RAP2-223",6.12730482658253,1,0.0133109636779277,0.648906180608174,"Oligodendrocyte"
"CDK5RAP2","CDK5RAP2-241",0.167084827022563,1,0.682715716818631,1,"Oligodendrocyte"
"CDK5RAP2","CDK5RAP2-243",0.190576860249166,1,0.662436934853444,1,"Oligodendrocyte"
"CDK5RAP3","CDK5RAP3-231",0.483933006833723,1,0.486646206430061,0.986218906253136,"Oligodendrocyte"
"CDK5RAP3","CDK5RAP3-201",0.483933006833723,1,0.486646206430061,0.986218906253136,"Oligodendrocyte"
"CDKN1B","CDKN1B-205",0.204024308558473,1,0.65149196240545,1,"Oligodendrocyte"
"CDKN1B","CDKN1B-201",0.204024308558473,1,0.65149196240545,1,"Oligodendrocyte"
"CDKN2AIP","CDKN2AIP-203",1.69044913701487,1,0.193541773614381,0.917730617517697,"Oligodendrocyte"
"CDKN2AIP","CDKN2AIP-201",1.69044913701487,1,0.193541773614381,0.917730617517697,"Oligodendrocyte"
"CENPC","CENPC-201",0.155445775320118,1,0.693384572173525,1,"Oligodendrocyte"
"CENPC","CENPC-205",0.155445775320118,1,0.693384572173525,1,"Oligodendrocyte"
"CEP126","CEP126-201",0.0516263907511529,1,0.820257018633214,1,"Oligodendrocyte"
"CEP126","CEP126-204",3.10796970449928,1,0.0779100231896814,0.849079714118972,"Oligodendrocyte"
"CEP126","CEP126-203",2.73247207079703,1,0.0983269809822068,0.849079714118972,"Oligodendrocyte"
"CEP170","CEP170-201",0.0124409263153211,1,0.91118901993093,1,"Oligodendrocyte"
"CEP170","CEP170-202",3.60816878506012,1,0.0574963969668254,0.836623393063797,"Oligodendrocyte"
"CEP170","CEP170-203",0.349218669311085,1,0.554555755969163,0.995248352918041,"Oligodendrocyte"
"CEP170","transcript357863.chr1.nnic",3.48808935851412,1,0.0618118865410133,0.836623393063797,"Oligodendrocyte"
"CEP170","CEP170-211",0.801119492811267,1,0.370758870227847,0.961019149398412,"Oligodendrocyte"
"CEP192","CEP192-202",2.86310686610818,1,0.0906322907289879,0.849079714118972,"Oligodendrocyte"
"CEP192","CEP192-210",2.86310686610818,1,0.0906322907289879,0.849079714118972,"Oligodendrocyte"
"CEP290","CEP290-218",0.161365457007378,1,0.687902472764374,1,"Oligodendrocyte"
"CEP290","CEP290-232",0.161365457007378,1,0.687902472764374,1,"Oligodendrocyte"
"CEP295","transcript149422.chr11.nnic",0.0993178881555536,1,0.752649735404504,1,"Oligodendrocyte"
"CEP295","CEP295-201",0.0993178881555536,1,0.752649735404504,1,"Oligodendrocyte"
"CEP350","CEP350-217",0.653723332432492,1,0.4187846281214,0.969546754007607,"Oligodendrocyte"
"CEP350","CEP350-202",0.546816473758327,1,0.459621406695045,0.98209075514408,"Oligodendrocyte"
"CEP350","CEP350-208",0.112156962743256,1,0.737701701592329,1,"Oligodendrocyte"
"CEP350","CEP350-205",0.356306259666098,1,0.550564835356604,0.992663760689843,"Oligodendrocyte"
"CEP68","CEP68-220",0.573966383752577,1,0.448687071941107,0.98209075514408,"Oligodendrocyte"
"CEP68","CEP68-218",1.13780306904118,1,0.286117029120642,0.930697544149248,"Oligodendrocyte"
"CEP68","CEP68-202",0.359392944271804,1,0.548843572121777,0.992346615914945,"Oligodendrocyte"
"CEP68","CEP68-217",0.0212637722593172,1,0.884062675256354,1,"Oligodendrocyte"
"CEP97","CEP97-201",-0.0428450847080057,1,1,1,"Oligodendrocyte"
"CEP97","CEP97-207",2.14480259445963,1,0.143053435935854,0.888677046009816,"Oligodendrocyte"
"CEP97","CEP97-213",0.117256777328294,1,0.732028993210836,1,"Oligodendrocyte"
"CEP97","CEP97-205",0.564832786119041,1,0.45231956685203,0.98209075514408,"Oligodendrocyte"
"CEROX1","CEROX1-201",1.26159200750311,1,0.261349960298556,0.92571897266236,"Oligodendrocyte"
"CEROX1","transcript3776.chr16.nnic",1.26159200750311,1,0.261349960298556,0.92571897266236,"Oligodendrocyte"
"CERS2","CERS2-201",0.00281859007122875,1,0.957659884116057,1,"Oligodendrocyte"
"CERS2","CERS2-205",0.0028185900716835,1,0.957659884112644,1,"Oligodendrocyte"
"CERT1","CERT1-222",0.467615797848339,1,0.494086062605274,0.986218906253136,"Oligodendrocyte"
"CERT1","CERT1-216",1.55238684385813,1,0.212783423728091,0.917730617517697,"Oligodendrocyte"
"CERT1","CERT1-215",1.51043633764948,1,0.219072517193237,0.917730617517697,"Oligodendrocyte"
"CFL2","CFL2-201",0.587744812417441,1,0.443292513146143,0.981803694508639,"Oligodendrocyte"
"CFL2","CFL2-202",0.587744812417441,1,0.443292513146143,0.981803694508639,"Oligodendrocyte"
"CGGBP1","CGGBP1-202",0.161797685304123,1,0.687506796076173,1,"Oligodendrocyte"
"CGGBP1","CGGBP1-201",0.161797685304123,1,0.687506796076173,1,"Oligodendrocyte"
"CHD7","CHD7-214",1.27268802856042,1,0.259263012660383,0.92571897266236,"Oligodendrocyte"
"CHD7","CHD7-201",-0.115981993875266,1,1,1,"Oligodendrocyte"
"CHD7","CHD7-212",0.00569049048135639,1,0.939868342256028,1,"Oligodendrocyte"
"CHD7","CHD7-219",0.516801124595077,1,0.472209430179913,0.984823562153096,"Oligodendrocyte"
"CHD8","CHD8-212",0.392008974848636,1,0.531245285225022,0.991241525829912,"Oligodendrocyte"
"CHD8","CHD8-224",0.479709553171801,1,0.488553906553539,0.986218906253136,"Oligodendrocyte"
"CHD8","CHD8-217",1.07216864494035,1,0.300456113597982,0.936847468989248,"Oligodendrocyte"
"CHD9","CHD9-213",-0.204149126977427,1,1,1,"Oligodendrocyte"
"CHD9","CHD9-216",1.20091766629776,1,0.273138343493312,0.92571897266236,"Oligodendrocyte"
"CHD9","CHD9-217",2.64187657483853,1,0.104080538452906,0.849079714118972,"Oligodendrocyte"
"CHD9","CHD9-203",1.33375121310382,1,0.248138967934587,0.92571897266236,"Oligodendrocyte"
"CHIC1","CHIC1-202",0.00745140214206685,1,0.931210844146641,1,"Oligodendrocyte"
"CHIC1","CHIC1-201",0.00745140214206685,1,0.931210844146641,1,"Oligodendrocyte"
"CHN2","CHN2-208",0.715332429820819,1,0.397679237894418,0.963523459787408,"Oligodendrocyte"
"CHN2","CHN2-201",0.715332429820819,1,0.397679237894418,0.963523459787408,"Oligodendrocyte"
"CHORDC1","CHORDC1-209",0.164051933325482,1,0.68545307063622,1,"Oligodendrocyte"
"CHORDC1","CHORDC1-201",0.164051933325482,1,0.68545307063622,1,"Oligodendrocyte"
"CHTOP","CHTOP-203",2.23819435795895,1,0.134638121868177,0.888677046009816,"Oligodendrocyte"
"CHTOP","CHTOP-206",2.23819435795883,1,0.134638121868187,0.888677046009816,"Oligodendrocyte"
"CIAO1","CIAO1-201",2.96831653995969,1,0.0849101729097359,0.849079714118972,"Oligodendrocyte"
"CIAO1","CIAO1-203",2.96831653995969,1,0.0849101729097359,0.849079714118972,"Oligodendrocyte"
"CIRBP","CIRBP-225",0.330423471408722,1,0.56540983910641,0.997607154754473,"Oligodendrocyte"
"CIRBP","CIRBP-214",-0.103425409167357,1,1,1,"Oligodendrocyte"
"CIRBP","transcript3047.chr19.nic",0.546180050602743,1,0.459882737786872,0.98209075514408,"Oligodendrocyte"
"CIRBP","CIRBP-201",2.83055230909304,1,0.0924865474741503,0.849079714118972,"Oligodendrocyte"
"CLASP2","CLASP2-226",-0.258481063014187,1,1,1,"Oligodendrocyte"
"CLASP2","transcript50262.chr3.nic",-0.00611997394662467,1,1,1,"Oligodendrocyte"
"CLASP2","CLASP2-207",-0.0371182286562544,1,1,1,"Oligodendrocyte"
"CLASP2","CLASP2-205",0.297748008593771,1,0.585297673512905,1,"Oligodendrocyte"
"CLCA4","CLCA4-201",0.130636749636892,1,0.717772746581439,1,"Oligodendrocyte"
"CLCA4","transcript149688.chr1.nic",0.130636749636892,1,0.717772746581439,1,"Oligodendrocyte"
"CLCN3","CLCN3-208",0.0153339191074338,1,0.901449717534542,1,"Oligodendrocyte"
"CLCN3","CLCN3-205",0.0153339191074338,1,0.901449717534542,1,"Oligodendrocyte"
"CLCN7","CLCN7-204",1.4857920818414,1,0.222870491595267,0.917730617517697,"Oligodendrocyte"
"CLCN7","CLCN7-202",1.4857920818414,1,0.222870491595267,0.917730617517697,"Oligodendrocyte"
"CLDN11","CLDN11-201",0.154819181499533,1,0.693971870095776,1,"Oligodendrocyte"
"CLDN11","CLDN11-204",0.154819181499533,1,0.693971870095776,1,"Oligodendrocyte"
"CLDND1","CLDND1-203",1.70104643061495,1,0.192151183658669,0.917730617517697,"Oligodendrocyte"
"CLDND1","CLDND1-204",1.41284437566355,1,0.234584784049212,0.924584951139347,"Oligodendrocyte"
"CLDND1","CLDND1-208",0.00878845594706945,1,0.925310320732,1,"Oligodendrocyte"
"CLDND1","CLDND1-202",1.62596006698732,1,0.202262739867912,0.917730617517697,"Oligodendrocyte"
"CLDND1","CLDND1-201",3.31912554347946,1,0.0684782435099056,0.849079714118972,"Oligodendrocyte"
"CLIC4","CLIC4-201",0.329715537189259,1,0.565826638105106,0.997607154754473,"Oligodendrocyte"
"CLIC4","CLIC4-202",0.329715537189259,1,0.565826638105106,0.997607154754473,"Oligodendrocyte"
"CLINT1","CLINT1-206",5.86375785072062,1,0.015455761586791,0.648906180608174,"Oligodendrocyte"
"CLINT1","CLINT1-201",5.86375785072062,1,0.015455761586791,0.648906180608174,"Oligodendrocyte"
"CLIP1","CLIP1-218",0.0172823958985191,1,0.8954094286995,1,"Oligodendrocyte"
"CLIP1","CLIP1-210",0.307914497715274,1,0.578962761291999,1,"Oligodendrocyte"
"CLIP1","CLIP1-219",0.134377021118553,1,0.713936272247915,1,"Oligodendrocyte"
"CLIP4","CLIP4-201",0.174609767068432,1,0.676047040734566,1,"Oligodendrocyte"
"CLIP4","transcript34308.chr2.nic",0.0376041843792336,1,0.846240102073057,1,"Oligodendrocyte"
"CLIP4","transcript34336.chr2.nic",0.161785031967156,1,0.687518370647926,1,"Oligodendrocyte"
"CLIP4","transcript34093.chr2.nnic",1.15491044182181,1,0.282523576381734,0.9286185727071,"Oligodendrocyte"
"CLIP4","CLIP4-230",0.237768097092157,1,0.625822780273321,1,"Oligodendrocyte"
"CLIP4","CLIP4-224",1.64952008784167,1,0.199024262285529,0.917730617517697,"Oligodendrocyte"
"CLIP4","transcript34177.chr2.nic",-0.103336498675162,1,1,1,"Oligodendrocyte"
"CLK1","CLK1-201",0.049914468658244,1,0.823212171503818,1,"Oligodendrocyte"
"CLK1","CLK1-210",0.049914468658244,1,0.823212171503818,1,"Oligodendrocyte"
"CLK3","CLK3-202",0.217674799925931,1,0.640817344104278,1,"Oligodendrocyte"
"CLK3","CLK3-226",1.39382450745407,1,0.237760292238042,0.92571897266236,"Oligodendrocyte"
"CLK3","CLK3-203",1.82561367244847,1,0.176646516407071,0.912531263304659,"Oligodendrocyte"
"CLK4","CLK4-203",1.83944031427279,1,0.175016560001405,0.912531263304659,"Oligodendrocyte"
"CLK4","CLK4-201",2.01348491091971,1,0.155906832758301,0.904355558333022,"Oligodendrocyte"
"CLK4","CLK4-208",0.0326722458081576,1,0.856560155704188,1,"Oligodendrocyte"
"CLMN","transcript110073.chr14.nnic",0.00178947050517309,1,0.966257844461843,1,"Oligodendrocyte"
"CLMN","CLMN-201",0.00178947050517309,1,0.966257844461843,1,"Oligodendrocyte"
"CLN5","CLN5-208",0.485424550708387,1,0.485975437995932,0.986218906253136,"Oligodendrocyte"
"CLN5","CLN5-202",0.485424550708387,1,0.485975437995932,0.986218906253136,"Oligodendrocyte"
"CLN8","CLN8-201",0.458142568681751,1,0.498493327880526,0.986218906253136,"Oligodendrocyte"
"CLN8","CLN8-213",0.458142568681751,1,0.498493327880526,0.986218906253136,"Oligodendrocyte"
"CLTC","CLTC-205",0.479744447066196,1,0.488538094399639,0.986218906253136,"Oligodendrocyte"
"CLTC","CLTC-209",0.987847953419418,1,0.320268922888558,0.94318886854311,"Oligodendrocyte"
"CLTC","CLTC-201",0.00265418824358221,1,0.958912109985722,1,"Oligodendrocyte"
"CLU","CLU-202",-0.00347304516071745,1,1,1,"Oligodendrocyte"
"CLU","CLU-201",0.749980158174367,1,0.386482512883002,0.963523459787408,"Oligodendrocyte"
"CLU","CLU-215",0.686676157683905,1,0.407297248891192,0.964832463891012,"Oligodendrocyte"
"CMTR2","CMTR2-205",0.0852561436342967,1,0.770296909932437,1,"Oligodendrocyte"
"CMTR2","CMTR2-202",0.0852561436342967,1,0.770296909932437,1,"Oligodendrocyte"
"CNBP","CNBP-201",0.0317611902115118,1,0.858552799254542,1,"Oligodendrocyte"
"CNBP","CNBP-207",0.0317611902115118,1,0.858552799254542,1,"Oligodendrocyte"
"CNDP2","CNDP2-209",0.0686013930699119,1,0.793384140406734,1,"Oligodendrocyte"
"CNDP2","CNDP2-226",0.74252076697303,1,0.388854581220113,0.963523459787408,"Oligodendrocyte"
"CNDP2","CNDP2-201",0.326837875840283,1,0.567527020669697,0.997607154754473,"Oligodendrocyte"
"CNDP2","CNDP2-229",2.54659230624384,1,0.110532427031061,0.85278573390443,"Oligodendrocyte"
"CNOT11","transcript223089.chr2.nnic",5.12389942851928,1,0.0235985311166281,0.768172874968861,"Oligodendrocyte"
"CNOT11","transcript223081.chr2.nic",16.5818331611215,1,4.65952271438257e-05,0.0586478592316953,"Oligodendrocyte"
"CNOT11","CNOT11-201",9.75290583117976,1,0.00179039481611,0.307296855710516,"Oligodendrocyte"
"CNOT4","CNOT4-204",2.12703638119805,1,0.144720326844707,0.889040554248337,"Oligodendrocyte"
"CNOT4","CNOT4-201",2.12703638119794,1,0.14472032684472,0.889040554248337,"Oligodendrocyte"
"CNP","transcript70618.chr17.nic",1.93116616760381,1,0.164630916756461,0.907474941477128,"Oligodendrocyte"
"CNP","CNP-201",0.686551071645226,1,0.407339972354257,0.964832463891012,"Oligodendrocyte"
"CNP","CNP-202",0.86550655568135,1,0.352202295090184,0.9518465083715,"Oligodendrocyte"
"CNTN2","CNTN2-208",11.0382666483597,1,0.000892502705961877,0.210630638607003,"Oligodendrocyte"
"CNTN2","CNTN2-221",0.0601812866748332,1,0.806209638671123,1,"Oligodendrocyte"
"CNTN2","CNTN2-230",0.322398613240239,1,0.570169719423135,0.997758945878816,"Oligodendrocyte"
"CNTN2","CNTN2-201",7.14265612594136,1,0.00752715885052736,0.583189885103865,"Oligodendrocyte"
"CNTNAP2","transcript222220.chr7.nnic",0.358173374526359,1,0.549522450709256,0.992346615914945,"Oligodendrocyte"
"CNTNAP2","CNTNAP2-201",0.358173374526359,1,0.549522450709256,0.992346615914945,"Oligodendrocyte"
"CNTNAP4","CNTNAP4-201",5.37625619627124,1,0.020412636502909,0.721999409510128,"Oligodendrocyte"
"CNTNAP4","CNTNAP4-207",1.98533438212507,1,0.158829566845539,0.904355558333022,"Oligodendrocyte"
"CNTNAP4","CNTNAP4-208",0.0112053475368157,1,0.915697148923486,1,"Oligodendrocyte"
"COASY","COASY-201",0.0534216753960663,1,0.817212803591529,1,"Oligodendrocyte"
"COASY","COASY-202",0.0534216753960663,1,0.817212803591529,1,"Oligodendrocyte"
"COBL","COBL-202",0.0392060011810997,1,0.843041109950764,1,"Oligodendrocyte"
"COBL","COBL-201",0.0392060011810997,1,0.843041109950764,1,"Oligodendrocyte"
"COG1","COG1-202",0.224552306065107,1,0.635592967766254,1,"Oligodendrocyte"
"COG1","COG1-201",0.224552306065107,1,0.635592967766254,1,"Oligodendrocyte"
"COG4","COG4-201",3.48037606511139,1,0.0621006254495647,0.836623393063797,"Oligodendrocyte"
"COG4","COG4-221",0.0305365285641983,1,0.861278402542662,1,"Oligodendrocyte"
"COG4","COG4-222",0.823169296885453,1,0.364255164516928,0.961019149398412,"Oligodendrocyte"
"COG5","COG5-203",0.426327932073718,1,0.513796298956718,0.987123735128959,"Oligodendrocyte"
"COG5","COG5-201",0.426327932073718,1,0.513796298956718,0.987123735128959,"Oligodendrocyte"
"COL4A5","COL4A5-212",0.415360085498833,1,0.51926139868835,0.987123735128959,"Oligodendrocyte"
"COL4A5","COL4A5-205",3.82955294054545,1,0.0503563623650398,0.836623393063797,"Oligodendrocyte"
"COL4A5","COL4A5-202",3.41978062530279,1,0.0644195731937126,0.836623393063797,"Oligodendrocyte"
"COPA","COPA-235",0.070258076671962,1,0.790961390930554,1,"Oligodendrocyte"
"COPA","COPA-233",0.838191517434552,1,0.359914510455757,0.961019149398412,"Oligodendrocyte"
"COPA","COPA-201",3.25030415176479,1,0.0714102055594903,0.849079714118972,"Oligodendrocyte"
"COPB1","COPB1-201",0.433535446819747,1,0.510259238042345,0.987123735128959,"Oligodendrocyte"
"COPB1","COPB1-202",0.433535446819747,1,0.510259238042345,0.987123735128959,"Oligodendrocyte"
"COPB2","COPB2-201",1.13987012062762,1,0.28567977335223,0.930697544149248,"Oligodendrocyte"
"COPB2","COPB2-204",0.897782775342421,1,0.343376927049758,0.9518465083715,"Oligodendrocyte"
"COPB2","transcript242313.chr3.nic",-0.00906303371084505,1,1,1,"Oligodendrocyte"
"COPG2","COPG2-201",0.0350155078024841,1,0.851563167318513,1,"Oligodendrocyte"
"COPG2","COPG2-202",0.0350155078024841,1,0.851563167318513,1,"Oligodendrocyte"
"COPS2","COPS2-202",0.478737572117211,1,0.48899470168339,0.986218906253136,"Oligodendrocyte"
"COPS2","COPS2-201",0.478737572117211,1,0.48899470168339,0.986218906253136,"Oligodendrocyte"
"COX4I1","COX4I1-215",0.519870509677048,1,0.470896924098535,0.984823562153096,"Oligodendrocyte"
"COX4I1","COX4I1-201",0.519870509677048,1,0.470896924098535,0.984823562153096,"Oligodendrocyte"
"CPB2-AS1","CPB2-AS1-204",-0.0141260003183561,1,1,1,"Oligodendrocyte"
"CPB2-AS1","CPB2-AS1-213",0.0487004093438372,1,0.825340287416978,1,"Oligodendrocyte"
"CPB2-AS1","CPB2-AS1-202",0.227104877796592,1,0.633678877006874,1,"Oligodendrocyte"
"CPB2-AS1","CPB2-AS1-201",0.0363070323683132,1,0.848882833899,1,"Oligodendrocyte"
"CPEB2","CPEB2-202",1.26609245089219,1,0.260501015418797,0.92571897266236,"Oligodendrocyte"
"CPEB2","CPEB2-208",1.26609245089219,1,0.260501015418797,0.92571897266236,"Oligodendrocyte"
"CPLANE1","CPLANE1-219",1.17530796139295,1,0.278313275503413,0.92571897266236,"Oligodendrocyte"
"CPLANE1","CPLANE1-207",0.0444896142622611,1,0.832945317356542,1,"Oligodendrocyte"
"CPLANE1","CPLANE1-215",-0.0604048555653662,1,1,1,"Oligodendrocyte"
"CPLANE1","CPLANE1-213",0.0277490933889339,1,0.867700066220668,1,"Oligodendrocyte"
"CPM","CPM-211",-0.0451217457057282,1,1,1,"Oligodendrocyte"
"CPM","CPM-202",0.322139667048759,1,0.570324611923294,0.997758945878816,"Oligodendrocyte"
"CPM","transcript94603.chr12.nnic",0.208119892688956,1,0.648245020610138,1,"Oligodendrocyte"
"CPSF6","CPSF6-202",1.90555726115622,1,0.167457601503014,0.911476842042344,"Oligodendrocyte"
"CPSF6","CPSF6-201",1.90555726115622,1,0.167457601503014,0.911476842042344,"Oligodendrocyte"
"CRB1","transcript290195.chr1.nnic",1.69719045129349,1,0.19265581505841,0.917730617517697,"Oligodendrocyte"
"CRB1","CRB1-205",1.69719045129349,1,0.19265581505841,0.917730617517697,"Oligodendrocyte"
"CRB2","transcript201840.chr9.nic",0.671187488293981,1,0.412637900728073,0.967776840465344,"Oligodendrocyte"
"CRB2","transcript200040.chr9.nic",0.671187488293981,1,0.412637900728073,0.967776840465344,"Oligodendrocyte"
"CRBN","transcript4138.chr3.nic",0.169496218634549,1,0.680559922690869,1,"Oligodendrocyte"
"CRBN","CRBN-201",-0.05514548806741,1,1,1,"Oligodendrocyte"
"CRBN","CRBN-203",0.592583162525443,1,0.441421960654233,0.981803694508639,"Oligodendrocyte"
"CREB1","CREB1-201",1.04913379323534,1,0.305706666410707,0.940529003384364,"Oligodendrocyte"
"CREB1","CREB1-206",1.04913379323534,1,0.305706666410707,0.940529003384364,"Oligodendrocyte"
"CREB3L2","CREB3L2-204",0.427911094269376,1,0.513015726545739,0.987123735128959,"Oligodendrocyte"
"CREB3L2","CREB3L2-201",0.427911094269376,1,0.513015726545739,0.987123735128959,"Oligodendrocyte"
"CREB5","CREB5-202",0.154499847177703,1,0.694271705920052,1,"Oligodendrocyte"
"CREB5","CREB5-201",0.154499847177703,1,0.694271705920052,1,"Oligodendrocyte"
"CREBRF","CREBRF-203",1.9840145409662,1,0.158968121312239,0.904355558333022,"Oligodendrocyte"
"CREBRF","CREBRF-201",0.0225288605156493,1,0.880688740950722,1,"Oligodendrocyte"
"CREBRF","CREBRF-204",2.63778621049369,1,0.104348857824052,0.849079714118972,"Oligodendrocyte"
"CREBZF","CREBZF-203",0.387471279881538,1,0.533631608188253,0.991241525829912,"Oligodendrocyte"
"CREBZF","CREBZF-202",0.711109212792508,1,0.399075825902412,0.963523459787408,"Oligodendrocyte"
"CREBZF","CREBZF-204",2.40036337684887,1,0.121307069616006,0.864771346695979,"Oligodendrocyte"
"CRELD1","CRELD1-274",-0.158315789778271,1,1,1,"Oligodendrocyte"
"CRELD1","CRELD1-259",0.140685561036662,1,0.707600420881213,1,"Oligodendrocyte"
"CRELD1","CRELD1-256",2.13613837103367,1,0.143863629346675,0.889040554248337,"Oligodendrocyte"
"CRELD1","CRELD1-202",-0.0488741325245883,1,1,1,"Oligodendrocyte"
"CRELD1","CRELD1-234",-0.322771131544641,1,1,1,"Oligodendrocyte"
"CRK","CRK-202",7.18776460088156,1,0.00734023686367192,0.583189885103865,"Oligodendrocyte"
"CRK","CRK-201",7.18776460088156,1,0.00734023686367192,0.583189885103865,"Oligodendrocyte"
"CRYAB","CRYAB-205",3.99920038542092,1,0.045521855273206,0.836623393063797,"Oligodendrocyte"
"CRYAB","CRYAB-215",1.51027302063457,1,0.219097430574567,0.917730617517697,"Oligodendrocyte"
"CRYAB","CRYAB-221",1.28110562308217,1,0.257693564578329,0.92571897266236,"Oligodendrocyte"
"CSDE1","CSDE1-221",0.0455599826127582,1,0.830977665175314,1,"Oligodendrocyte"
"CSDE1","CSDE1-201",0.110032459360809,1,0.740107184316624,1,"Oligodendrocyte"
"CSDE1","CSDE1-202",0.827003874172078,1,0.363140323231293,0.961019149398412,"Oligodendrocyte"
"CSDE1","CSDE1-208",0.0553332728413807,1,0.814030024676512,1,"Oligodendrocyte"
"CSDE1","CSDE1-203",0.000458670619991608,1,0.982913334242352,1,"Oligodendrocyte"
"CSDE1","CSDE1-204",0.0252679799414182,1,0.873701135997288,1,"Oligodendrocyte"
"CSDE1","CSDE1-206",0.0244555931822106,1,0.875731261105545,1,"Oligodendrocyte"
"CSDE1","CSDE1-226",-0.028728015942761,1,1,1,"Oligodendrocyte"
"CSDE1","CSDE1-225",0.0368481789955695,1,0.847774481914685,1,"Oligodendrocyte"
"CSDE1","CSDE1-224",-0.00103179224242922,1,1,1,"Oligodendrocyte"
"CSNK1A1","CSNK1A1-212",2.15627897567356,1,0.141988168310737,0.888677046009816,"Oligodendrocyte"
"CSNK1A1","CSNK1A1-202",0.499837442302578,1,0.479571557332762,0.984823562153096,"Oligodendrocyte"
"CSNK1A1","CSNK1A1-201",0.0523587785651216,1,0.819008505215479,1,"Oligodendrocyte"
"CSNK1A1","CSNK1A1-207",-0.0396496274597666,1,1,1,"Oligodendrocyte"
"CSNK1D","CSNK1D-203",0.432310189270311,1,0.510857545430788,0.987123735128959,"Oligodendrocyte"
"CSNK1D","CSNK1D-202",0.432310189270311,1,0.510857545430788,0.987123735128959,"Oligodendrocyte"
"CSRP1","CSRP1-202",0.016872174195214,1,0.896651135106212,1,"Oligodendrocyte"
"CSRP1","CSRP1-215",0.016872174195214,1,0.896651135106212,1,"Oligodendrocyte"
"CTNNA1","CTNNA1-201",1.92935139462134,1,0.164829423048064,0.907474941477128,"Oligodendrocyte"
"CTNNA1","CTNNA1-236",0.496510587068769,1,0.48103736563547,0.984823562153096,"Oligodendrocyte"
"CTNNA1","CTNNA1-244",1.83841468599712,1,0.175136869447895,0.912531263304659,"Oligodendrocyte"
"CTNNA3","CTNNA3-210",0.364971663568554,1,0.545757982165361,0.99210169654318,"Oligodendrocyte"
"CTNNA3","CTNNA3-201",0.364971663568554,1,0.545757982165361,0.99210169654318,"Oligodendrocyte"
"CTNNB1","CTNNB1-202",0.531035602974953,1,0.466171795659822,0.982519245087122,"Oligodendrocyte"
"CTNNB1","CTNNB1-201",0.531035602974953,1,0.466171795659822,0.982519245087122,"Oligodendrocyte"
"CTNND2","CTNND2-218",0.17830354466787,1,0.672835219097496,1,"Oligodendrocyte"
"CTNND2","CTNND2-201",0.17830354466787,1,0.672835219097496,1,"Oligodendrocyte"
"CTSF","CTSF-224",0.161037566243067,1,0.688203045991443,1,"Oligodendrocyte"
"CTSF","CTSF-215",1.41034974893887,1,0.234998341611279,0.924584951139347,"Oligodendrocyte"
"CTSF","CTSF-201",0.248231052440815,1,0.618323411135467,1,"Oligodendrocyte"
"CTSF","transcript96115.chr11.nic",0.181642152124141,1,0.669965782695372,1,"Oligodendrocyte"
"CTSL","CTSL-203",0.0337291725974183,1,0.854284084136555,1,"Oligodendrocyte"
"CTSL","CTSL-242",0.472723713688083,1,0.491736794346281,0.986218906253136,"Oligodendrocyte"
"CTSL","CTSL-235",1.67717506391557,1,0.195300243329354,0.917730617517697,"Oligodendrocyte"
"CTTNBP2","CTTNBP2-201",0.4682728431535,1,0.493782816305054,0.986218906253136,"Oligodendrocyte"
"CTTNBP2","CTTNBP2-206",0.4682728431535,1,0.493782816305054,0.986218906253136,"Oligodendrocyte"
"CUL2","CUL2-204",0.383408012725567,1,0.535784945502873,0.991241525829912,"Oligodendrocyte"
"CUL2","CUL2-203",0.383408012725567,1,0.535784945502873,0.991241525829912,"Oligodendrocyte"
"CUL4B","CUL4B-202",0.111742359518644,1,0.738169137413179,1,"Oligodendrocyte"
"CUL4B","CUL4B-201",0.00779893356360617,1,0.929629042601063,1,"Oligodendrocyte"
"CUL4B","CUL4B-233",0.10072051884265,1,0.750966690636542,1,"Oligodendrocyte"
"CWC22","CWC22-201",1.18530057831254,1,0.276279538973809,0.92571897266236,"Oligodendrocyte"
"CWC22","CWC22-202",1.18530057831254,1,0.276279538973809,0.92571897266236,"Oligodendrocyte"
"CYB5B","CYB5B-208",2.52951071346024,1,0.111734858424208,0.85278573390443,"Oligodendrocyte"
"CYB5B","CYB5B-201",0.0653074238553017,1,0.798295880970118,1,"Oligodendrocyte"
"CYB5B","CYB5B-202",1.47897174736056,1,0.223935471282714,0.919109064742965,"Oligodendrocyte"
"CYLD","CYLD-202",1.60932781265547,1,0.204586316663557,0.917730617517697,"Oligodendrocyte"
"CYLD","transcript89288.chr16.nic",0.0341960098496656,1,0.853290503998121,1,"Oligodendrocyte"
"CYLD","transcript89292.chr16.nic",0.363874190022216,1,0.546362442776677,0.99210169654318,"Oligodendrocyte"
"CYLD","CYLD-215",1.04932265432853,1,0.305663137222309,0.940529003384364,"Oligodendrocyte"
"CYLD","CYLD-214",-0.0223519684498115,1,1,1,"Oligodendrocyte"
"CYP4V2","CYP4V2-201",0.0394864874266148,1,0.842487980512691,1,"Oligodendrocyte"
"CYP4V2","CYP4V2-203",0.0394864874268421,1,0.842487980512244,1,"Oligodendrocyte"
"CYRIB","CYRIB-215",0.15525691392088,1,0.693561445224369,1,"Oligodendrocyte"
"CYRIB","CYRIB-229",0.285138167540595,1,0.593353086355052,1,"Oligodendrocyte"
"CYRIB","CYRIB-214",0.00570078877427704,1,0.939814058822849,1,"Oligodendrocyte"
"CYTH1","CYTH1-214",2.07945809895773,1,0.149293169405848,0.893712463586224,"Oligodendrocyte"
"CYTH1","CYTH1-205",1.01368311485476,1,0.314022092702837,0.94318886854311,"Oligodendrocyte"
"CYTH1","CYTH1-209",0.0790570748367827,1,0.778579323353977,1,"Oligodendrocyte"
"CYTH1","transcript134055.chr17.nic",0.654596922126984,1,0.418473938672486,0.969546754007607,"Oligodendrocyte"
"CYTH2","CYTH2-203",0.00367143722144192,1,0.951683837605163,1,"Oligodendrocyte"
"CYTH2","CYTH2-210",0.00367143722144192,1,0.951683837605163,1,"Oligodendrocyte"
"CZIB","transcript101734.chr1.nic",0.11559534955677,1,0.733861678176009,1,"Oligodendrocyte"
"CZIB","transcript101808.chr1.nic",0.11559534955677,1,0.733861678176009,1,"Oligodendrocyte"
"DAAM2","DAAM2-211",0.446836784541119,1,0.503840955281404,0.987123735128959,"Oligodendrocyte"
"DAAM2","DAAM2-204",0.446836784541119,1,0.503840955281404,0.987123735128959,"Oligodendrocyte"
"DARS1","DARS1-201",0.39587267416789,1,0.529228514887154,0.991241525829912,"Oligodendrocyte"
"DARS1","transcript277155.chr2.nic",0.39587267416789,1,0.529228514887154,0.991241525829912,"Oligodendrocyte"
"DBNDD2","DBNDD2-203",0.0039340429875665,1,0.949987918386709,1,"Oligodendrocyte"
"DBNDD2","transcript58957.chr20.nnic",0.324682999972538,1,0.568806831900233,0.997607154754473,"Oligodendrocyte"
"DBNDD2","DBNDD2-209",0.00278346927552775,1,0.957924252465517,1,"Oligodendrocyte"
"DBNDD2","DBNDD2-202",0.0531586010338287,1,0.817655487468772,1,"Oligodendrocyte"
"DBNDD2","DBNDD2-208",0.3158099877528,1,0.57413663679035,1,"Oligodendrocyte"
"DCAF11","DCAF11-204",0.143554744745074,1,0.704772380001671,1,"Oligodendrocyte"
"DCAF11","DCAF11-217",0.143554744745074,1,0.704772380001671,1,"Oligodendrocyte"
"DCTN1","DCTN1-201",-0.0278396503895237,1,1,1,"Oligodendrocyte"
"DCTN1","DCTN1-204",-0.00648454317979485,1,1,1,"Oligodendrocyte"
"DCTN1","DCTN1-203",-0.449130668101589,1,1,1,"Oligodendrocyte"
"DCTN1","DCTN1-202",0.687538870168055,1,0.407002765820341,0.964832463891012,"Oligodendrocyte"
"DCTN3","transcript45335.chr9.nnic",0.0553255419267771,1,0.814042778732075,1,"Oligodendrocyte"
"DCTN3","DCTN3-201",0.0553255419267771,1,0.814042778732075,1,"Oligodendrocyte"
"DCTN5","DCTN5-203",1.12611452885972,1,0.288605636916427,0.930697544149248,"Oligodendrocyte"
"DCTN5","DCTN5-201",1.12611452885972,1,0.288605636916427,0.930697544149248,"Oligodendrocyte"
"DDHD1","DDHD1-202",2.53749122362001,1,0.111171301113147,0.85278573390443,"Oligodendrocyte"
"DDHD1","DDHD1-210",2.53749122362001,1,0.111171301113147,0.85278573390443,"Oligodendrocyte"
"DDI2","DDI2-207",1.45181594522205,1,0.228236792133587,0.922533219692286,"Oligodendrocyte"
"DDI2","DDI2-202",1.45181594522205,1,0.228236792133587,0.922533219692286,"Oligodendrocyte"
"DDX1","DDX1-206",1.27904367618075,1,0.258076923258104,0.92571897266236,"Oligodendrocyte"
"DDX1","DDX1-213",1.27904367618075,1,0.258076923258104,0.92571897266236,"Oligodendrocyte"
"DDX17","DDX17-202",1.09210464036732,1,0.296005358675518,0.935750797174669,"Oligodendrocyte"
"DDX17","DDX17-204",1.60330579847869,1,0.205435359367891,0.917730617517697,"Oligodendrocyte"
"DDX17","DDX17-201",1.97479743289296,1,0.159939560958721,0.904355558333022,"Oligodendrocyte"
"DDX17","DDX17-203",0.273210504592498,1,0.601186224294572,1,"Oligodendrocyte"
"DDX19A","DDX19A-209",2.66124731336072,1,0.102820076625527,0.849079714118972,"Oligodendrocyte"
"DDX19A","DDX19A-201",2.66124731336072,1,0.102820076625527,0.849079714118972,"Oligodendrocyte"
"DDX24","DDX24-208",2.41609499357583,1,0.120093969007367,0.863761575184417,"Oligodendrocyte"
"DDX24","DDX24-206",2.41609499357583,1,0.120093969007367,0.863761575184417,"Oligodendrocyte"
"DDX27","DDX27-205",2.42074334552149,1,0.119738099760733,0.863761575184417,"Oligodendrocyte"
"DDX27","DDX27-203",2.42074334552149,1,0.119738099760733,0.863761575184417,"Oligodendrocyte"
"DDX39B","DDX39B-219",1.42570104334618,1,0.232467313783826,0.922533219692286,"Oligodendrocyte"
"DDX39B","DDX39B-215",1.42570104334618,1,0.232467313783826,0.922533219692286,"Oligodendrocyte"
"DDX3X","DDX3X-205",0.135437090368697,1,0.712859972610051,1,"Oligodendrocyte"
"DDX3X","DDX3X-260",0.0508940232033979,1,0.82151484540743,1,"Oligodendrocyte"
"DDX3X","DDX3X-258",0.292212573211373,1,0.588806137741618,1,"Oligodendrocyte"
"DDX5","DDX5-201",0.613521773047978,1,0.433464873398921,0.980685093861297,"Oligodendrocyte"
"DDX5","DDX5-215",3.82040321230306,1,0.0506320523592821,0.836623393063797,"Oligodendrocyte"
"DDX5","DDX5-212",-0.018603610835271,1,1,1,"Oligodendrocyte"
"DDX5","DDX5-236",0.0153465135372244,1,0.90140946050214,1,"Oligodendrocyte"
"DDX5","DDX5-241",0.12036375857133,1,0.728640298472652,1,"Oligodendrocyte"
"DDX5","DDX5-239",-0.0613393469684524,1,1,1,"Oligodendrocyte"
"DDX52","transcript64078.chr17.nic",3.71375777439846,1,0.0539657668799112,0.836623393063797,"Oligodendrocyte"
"DDX52","DDX52-213",3.71375777439846,1,0.0539657668799112,0.836623393063797,"Oligodendrocyte"
"DDX54","DDX54-202",0.00863421670328535,1,0.925966730748182,1,"Oligodendrocyte"
"DDX54","DDX54-201",0.00863421670328535,1,0.925966730748182,1,"Oligodendrocyte"
"DENND11","DENND11-202",1.09066161238457,1,0.296324663453257,0.935750797174669,"Oligodendrocyte"
"DENND11","transcript207727.chr7.nic",1.09066161238457,1,0.296324663453257,0.935750797174669,"Oligodendrocyte"
"DENND4A","DENND4A-201",6.54785848314214,1,0.0105010476756626,0.639547677795191,"Oligodendrocyte"
"DENND4A","DENND4A-202",2.36877398236629,1,0.12378423283088,0.865806028004396,"Oligodendrocyte"
"DENND4A","DENND4A-206",0.002074855511637,1,0.963668458182107,1,"Oligodendrocyte"
"DHCR7","DHCR7-201",2.08999417024825,1,0.148266636055821,0.891488563291049,"Oligodendrocyte"
"DHCR7","DHCR7-205",2.08999417024825,1,0.148266636055821,0.891488563291049,"Oligodendrocyte"
"DHFR2","DHFR2-201",0.0458374675985738,1,0.830471520494876,1,"Oligodendrocyte"
"DHFR2","DHFR2-202",0.0458374675985738,1,0.830471520494876,1,"Oligodendrocyte"
"DHX30","DHX30-202",1.53657925029563,1,0.215127695929016,0.917730617517697,"Oligodendrocyte"
"DHX30","DHX30-207",-0.0833291108791627,1,1,1,"Oligodendrocyte"
"DHX30","DHX30-205",0.22591773746035,1,0.634567425866253,1,"Oligodendrocyte"
"DICER1","DICER1-226",0.0128067198761528,1,0.909898332929171,1,"Oligodendrocyte"
"DICER1","DICER1-201",0.00676296805704624,1,0.934458039143956,1,"Oligodendrocyte"
"DICER1","DICER1-227",0.0262756090633047,1,0.871229051658668,1,"Oligodendrocyte"
"DICER1","DICER1-225",0.368907130294247,1,0.543600579183535,0.99210169654318,"Oligodendrocyte"
"DICER1","DICER1-230",1.2878002228008,1,0.256453737652576,0.92571897266236,"Oligodendrocyte"
"DIDO1","DIDO1-202",-0.165473347728948,1,1,1,"Oligodendrocyte"
"DIDO1","DIDO1-201",3.06311512231969,1,0.0800879935676782,0.849079714118972,"Oligodendrocyte"
"DIDO1","DIDO1-205",0.985185094148619,1,0.320922033821196,0.94318886854311,"Oligodendrocyte"
"DIDO1","DIDO1-204",0.543851772002654,1,0.46084079640607,0.98209075514408,"Oligodendrocyte"
"DIP2A","DIP2A-209",0.376432189176171,1,0.539518880641267,0.99210169654318,"Oligodendrocyte"
"DIP2A","DIP2A-211",0.207280438055591,1,0.648907370720362,1,"Oligodendrocyte"
"DIP2A","DIP2A-213",-0.127029480306305,1,1,1,"Oligodendrocyte"
"DIP2B","DIP2B-201",2.09870110494739,1,0.14742432973161,0.891488563291049,"Oligodendrocyte"
"DIP2B","DIP2B-204",2.09870110494739,1,0.14742432973161,0.891488563291049,"Oligodendrocyte"
"DIP2C","DIP2C-201",0.000338931261467224,1,0.985311706452196,1,"Oligodendrocyte"
"DIP2C","DIP2C-204",0.000338931261467224,1,0.985311706452196,1,"Oligodendrocyte"
"DIS3","DIS3-201",15.0770020640218,1,0.000103213122442715,0.077946550068738,"Oligodendrocyte"
"DIS3","DIS3-202",15.0770020640218,1,0.000103213122442715,0.077946550068738,"Oligodendrocyte"
"DKK3","DKK3-217",0.116792201239718,1,0.732539988890569,1,"Oligodendrocyte"
"DKK3","DKK3-201",0.116792201239718,1,0.732539988890569,1,"Oligodendrocyte"
"DLC1","DLC1-201",0.611259959621123,1,0.434313807126564,0.980685093861297,"Oligodendrocyte"
"DLC1","DLC1-203",0.611259959621123,1,0.434313807126564,0.980685093861297,"Oligodendrocyte"
"DLG1","transcript319162.chr3.nic",0.243640861524,1,0.621588771254635,1,"Oligodendrocyte"
"DLG1","DLG1-202",-0.0774287179974635,1,1,1,"Oligodendrocyte"
"DLG1","transcript319160.chr3.nic",1.2985825156702,1,0.254472305819074,0.92571897266236,"Oligodendrocyte"
"DLG1","transcript319159.chr3.nic",-0.0353246952172412,1,1,1,"Oligodendrocyte"
"DLG1","DLG1-270",-0.00432669975089084,1,1,1,"Oligodendrocyte"
"DLG2","DLG2-246",0.0159074397470249,1,0.899633216458113,1,"Oligodendrocyte"
"DLG2","DLG2-201",1.67899512412077,1,0.195058030395238,0.917730617517697,"Oligodendrocyte"
"DLG2","DLG2-237",0.0759839788788668,1,0.78281543050784,1,"Oligodendrocyte"
"DLG2","DLG2-205",3.4569800494337,1,0.0629852533338906,0.836623393063797,"Oligodendrocyte"
"DLG2","DLG2-222",1.23998073730763,1,0.265474766246201,0.92571897266236,"Oligodendrocyte"
"DMAP1","DMAP1-214",4.38664343138092,1,0.0362215565484229,0.818997589981106,"Oligodendrocyte"
"DMAP1","DMAP1-201",4.38664343138092,1,0.0362215565484229,0.818997589981106,"Oligodendrocyte"
"DMTF1","DMTF1-229",3.34535470825091,1,0.0673949517143787,0.842660058521503,"Oligodendrocyte"
"DMTF1","DMTF1-201",0.191152896961455,1,0.661958798706269,1,"Oligodendrocyte"
"DMTF1","DMTF1-227",4.43698421515148,1,0.0351683181610567,0.818997589981106,"Oligodendrocyte"
"DMTF1","DMTF1-216",-0.0134023389919662,1,1,1,"Oligodendrocyte"
"DMXL1","DMXL1-201",0.28405936061074,1,0.594052827948043,1,"Oligodendrocyte"
"DMXL1","DMXL1-215",0.28405936061074,1,0.594052827948043,1,"Oligodendrocyte"
"DNAJA3","DNAJA3-201",0.026433330099735,1,0.870846535097737,1,"Oligodendrocyte"
"DNAJA3","DNAJA3-202",0.026433330099735,1,0.870846535097737,1,"Oligodendrocyte"
"DNAJB6","DNAJB6-204",1.8543189895031,1,0.173281904739737,0.912531263304659,"Oligodendrocyte"
"DNAJB6","DNAJB6-201",2.10703884617396,1,0.146622798071523,0.891488563291049,"Oligodendrocyte"
"DNAJB6","DNAJB6-216",0.0148054824749124,1,0.903154210379804,1,"Oligodendrocyte"
"DNAJC10","DNAJC10-201",1.23990381835745,1,0.265489591175657,0.92571897266236,"Oligodendrocyte"
"DNAJC10","DNAJC10-217",1.23990381835745,1,0.265489591175657,0.92571897266236,"Oligodendrocyte"
"DNAJC19","DNAJC19-207",0.384689856883938,1,0.535103929930643,0.991241525829912,"Oligodendrocyte"
"DNAJC19","DNAJC19-206",0.439581401753344,1,0.507324564115862,0.987123735128959,"Oligodendrocyte"
"DNAJC19","transcript294054.chr3.nic",0.0104638304528635,1,0.918524217641239,1,"Oligodendrocyte"
"DNAJC6","transcript114786.chr1.nnic",1.28023584581479,1,0.257855188363796,0.92571897266236,"Oligodendrocyte"
"DNAJC6","DNAJC6-203",1.28023584581479,1,0.257855188363796,0.92571897266236,"Oligodendrocyte"
"DNAJC7","DNAJC7-224",0.0166387080371351,1,0.897364678412423,1,"Oligodendrocyte"
"DNAJC7","DNAJC7-233",-0.0173756310459794,1,1,1,"Oligodendrocyte"
"DNAJC7","DNAJC7-203",0.62818335708107,1,0.428022454417927,0.978337038669547,"Oligodendrocyte"
"DNM1L","DNM1L-206",0.0425519225279913,1,0.836571283683906,1,"Oligodendrocyte"
"DNM1L","DNM1L-219",0.0425519225279913,1,0.836571283683906,1,"Oligodendrocyte"
"DNM2","DNM2-203",0.12900413229147,1,0.719466831303427,1,"Oligodendrocyte"
"DNM2","DNM2-224",0.12900413229147,1,0.719466831303427,1,"Oligodendrocyte"
"DNM3","DNM3-206",0.160570412120023,1,0.688631894424989,1,"Oligodendrocyte"
"DNM3","DNM3-204",-0.102713326767343,1,1,1,"Oligodendrocyte"
"DNM3","DNM3-202",0.51599921829802,1,0.472553309195806,0.984823562153096,"Oligodendrocyte"
"DOCK1","DOCK1-201",14.3923663011828,1,0.000148402695921621,0.0800526542571487,"Oligodendrocyte"
"DOCK1","DOCK1-206",14.3923663011828,1,0.000148402695921621,0.0800526542571487,"Oligodendrocyte"
"DOCK10","DOCK10-213",0.112230004406683,1,0.737619451876667,1,"Oligodendrocyte"
"DOCK10","DOCK10-210",0.0701033503896724,1,0.791186361541414,1,"Oligodendrocyte"
"DOCK10","DOCK10-201",0.134405935422819,1,0.713906851466117,1,"Oligodendrocyte"
"DOCK10","DOCK10-214",0.112470013024904,1,0.737349395821368,1,"Oligodendrocyte"
"DOCK4","DOCK4-211",1.08004080626938,1,0.29868842753475,0.936750417251839,"Oligodendrocyte"
"DOCK4","DOCK4-212",0.00154329995621083,1,0.968663279998189,1,"Oligodendrocyte"
"DOCK4","DOCK4-206",-0.0467276645954371,1,1,1,"Oligodendrocyte"
"DOCK5","DOCK5-201",0.720887284674973,1,0.395853017857399,0.963523459787408,"Oligodendrocyte"
"DOCK5","DOCK5-203",0.720887284674973,1,0.395853017857399,0.963523459787408,"Oligodendrocyte"
"DOCK9","DOCK9-218",2.093926730352,1,0.147885530355452,0.891488563291049,"Oligodendrocyte"
"DOCK9","DOCK9-220",-0.0310898950535829,1,1,1,"Oligodendrocyte"
"DOCK9","DOCK9-214",0.868006714030116,1,0.351507726101596,0.9518465083715,"Oligodendrocyte"
"DOCK9","DOCK9-204",3.84407500455518,1,0.0499220510754993,0.836623393063797,"Oligodendrocyte"
"DOCK9","DOCK9-215",0.49009920593744,1,0.483883054291598,0.986196984921142,"Oligodendrocyte"
"DOCK9","DOCK9-208",0.0386381784815057,1,0.844167207157313,1,"Oligodendrocyte"
"DOCK9","DOCK9-221",0.0941850536755737,1,0.758922659222055,1,"Oligodendrocyte"
"DPF2","DPF2-201",0.0649775109536677,1,0.798795032170401,1,"Oligodendrocyte"
"DPF2","DPF2-205",0.0649775109536677,1,0.798795032170401,1,"Oligodendrocyte"
"DPF3","DPF3-209",6.9923976259968,1,0.00818566311189217,0.583189885103865,"Oligodendrocyte"
"DPF3","DPF3-202",6.9923976259968,1,0.00818566311189217,0.583189885103865,"Oligodendrocyte"
"DPH3","DPH3-204",3.64780451583056,1,0.0561431737233185,0.836623393063797,"Oligodendrocyte"
"DPH3","DPH3-202",3.64780451583056,1,0.0561431737233185,0.836623393063797,"Oligodendrocyte"
"DPP7","DPP7-202",1.78004117433852,1,0.182144270547494,0.917730617517697,"Oligodendrocyte"
"DPP7","DPP7-219",0.303964771011465,1,0.581407475445723,1,"Oligodendrocyte"
"DPP7","DPP7-201",1.30996365017154,1,0.252401236798729,0.92571897266236,"Oligodendrocyte"
"DPYSL5","DPYSL5-201",1.09277440634656,1,0.295857306692069,0.935750797174669,"Oligodendrocyte"
"DPYSL5","transcript30551.chr2.nic",1.09277440634656,1,0.295857306692069,0.935750797174669,"Oligodendrocyte"
"DST","DST-222",0.102578680372972,1,0.748756790634071,1,"Oligodendrocyte"
"DST","DST-213",0.907211616249697,1,0.340855343038836,0.9518465083715,"Oligodendrocyte"
"DST","DST-209",1.99977810454948,1,0.15732223658285,0.904355558333022,"Oligodendrocyte"
"DST","DST-223",-0.038765230197896,1,1,1,"Oligodendrocyte"
"DST","DST-218",0.257602979196236,1,0.611771743277523,1,"Oligodendrocyte"
"DST","DST-240",-0.279219210180599,1,1,1,"Oligodendrocyte"
"DST","DST-231",0.696783687293646,1,0.403866536912955,0.964569258312113,"Oligodendrocyte"
"DST","DST-206",1.37161648689653,1,0.241534342978049,0.92571897266236,"Oligodendrocyte"
"DST","DST-241",1.45752878549683,1,0.227323726445814,0.922533219692286,"Oligodendrocyte"
"DUBR","DUBR-213",1.21962863449653,1,0.269433544953797,0.92571897266236,"Oligodendrocyte"
"DUBR","DUBR-209",1.21962863449653,1,0.269433544953797,0.92571897266236,"Oligodendrocyte"
"DYNC1H1","DYNC1H1-212",0.435543027170638,1,0.509281528398584,0.987123735128959,"Oligodendrocyte"
"DYNC1H1","DYNC1H1-249",0.435543027170638,1,0.509281528398584,0.987123735128959,"Oligodendrocyte"
"DYNC1I2","DYNC1I2-206",0.129090645014003,1,0.719376758608446,1,"Oligodendrocyte"
"DYNC1I2","DYNC1I2-201",1.24131423785184,1,0.265217918404519,0.92571897266236,"Oligodendrocyte"
"DYNC1I2","DYNC1I2-203",-0.0940656956518069,1,1,1,"Oligodendrocyte"
"DYNC1I2","DYNC1I2-202",0.00864629521129245,1,0.925915114804454,1,"Oligodendrocyte"
"DYNC1LI2","DYNC1LI2-201",0.00331538252203245,1,0.954083691942624,1,"Oligodendrocyte"
"DYNC1LI2","DYNC1LI2-211",0.00331538252203245,1,0.954083691942624,1,"Oligodendrocyte"
"DYNC2H1","DYNC2H1-202",1.42660041044348,1,0.232320055523389,0.922533219692286,"Oligodendrocyte"
"DYNC2H1","DYNC2H1-209",1.42660041044348,1,0.232320055523389,0.922533219692286,"Oligodendrocyte"
"DYRK2","transcript94350.chr12.nnic",4.34060896168376e-05,1,0.994743311396015,1,"Oligodendrocyte"
"DYRK2","DYRK2-202",4.34060896168376e-05,1,0.994743311396015,1,"Oligodendrocyte"
"DZIP3","DZIP3-201",0.802862534563928,1,0.370238894488243,0.961019149398412,"Oligodendrocyte"
"DZIP3","DZIP3-205",0.802862534563928,1,0.370238894488243,0.961019149398412,"Oligodendrocyte"
"EARS2","EARS2-217",2.81802333083897,1,0.0932111275987709,0.849079714118972,"Oligodendrocyte"
"EARS2","EARS2-201",2.81802333083897,1,0.0932111275987709,0.849079714118972,"Oligodendrocyte"
"ECE1","ECE1-204",-0.000521959239449643,1,1,1,"Oligodendrocyte"
"ECE1","transcript40110.chr1.nnic",2.75166326340968,1,0.0971533162245468,0.849079714118972,"Oligodendrocyte"
"ECE1","transcript40240.chr1.nic",2.29364703266515,1,0.129904363316947,0.876663000198263,"Oligodendrocyte"
"ECPAS","ECPAS-205",2.04525721829339,1,0.152681175972307,0.904355558333022,"Oligodendrocyte"
"ECPAS","ECPAS-207",3.15333041849567,1,0.0757721656298141,0.849079714118972,"Oligodendrocyte"
"ECPAS","ECPAS-202",0.0232794135155245,1,0.878732710125823,1,"Oligodendrocyte"
"EEF1A1","EEF1A1-222",0.51308984766365,1,0.473804335173771,0.984823562153096,"Oligodendrocyte"
"EEF1A1","EEF1A1-220",0.0245133809585241,1,0.875585720599133,1,"Oligodendrocyte"
"EEF1A1","EEF1A1-201",0.694527608164208,1,0.404628629546183,0.964569258312113,"Oligodendrocyte"
"EEIG1","EEIG1-202",0.11536764125276,1,0.734114000864786,1,"Oligodendrocyte"
"EEIG1","EEIG1-203",0.11536764125276,1,0.734114000864786,1,"Oligodendrocyte"
"EFCAB14","EFCAB14-213",-0.0143532120464442,1,1,1,"Oligodendrocyte"
"EFCAB14","EFCAB14-210",2.0964712869179,1,0.147639525924858,0.891488563291049,"Oligodendrocyte"
"EFCAB14","EFCAB14-209",-0.0167738029417706,1,1,1,"Oligodendrocyte"
"EFCAB14","EFCAB14-203",3.44368050862352,1,0.0634941014169196,0.836623393063797,"Oligodendrocyte"
"EGLN3","EGLN3-201",0.0466517491740888,1,0.828995417801586,1,"Oligodendrocyte"
"EGLN3","EGLN3-205",0.0466517491740888,1,0.828995417801586,1,"Oligodendrocyte"
"EIF1","EIF1-203",0.477319482139137,1,0.4896389963512,0.986218906253136,"Oligodendrocyte"
"EIF1","EIF1-202",0.477319482139137,1,0.4896389963512,0.986218906253136,"Oligodendrocyte"
"EIF2AK2","EIF2AK2-213",10.0153640774183,1,0.00155239725150109,0.279135810555624,"Oligodendrocyte"
"EIF2AK2","EIF2AK2-201",10.0153640774183,1,0.00155239725150109,0.279135810555624,"Oligodendrocyte"
"EIF2B5","EIF2B5-226",0.185046994944287,1,0.667071335436183,1,"Oligodendrocyte"
"EIF2B5","EIF2B5-203",0.185046994944287,1,0.667071335436183,1,"Oligodendrocyte"
"EIF2S1","transcript65130.chr14.nic",0.240201642180182,1,0.624060516096329,1,"Oligodendrocyte"
"EIF2S1","EIF2S1-201",0.240201642180182,1,0.624060516096329,1,"Oligodendrocyte"
"EIF3C","EIF3C-201",0.0556859446405724,1,0.813449202049966,1,"Oligodendrocyte"
"EIF3C","EIF3C-202",0.0556859446405724,1,0.813449202049966,1,"Oligodendrocyte"
"EIF3CL","EIF3CL-202",0.0022130796962756,1,0.962478652741182,1,"Oligodendrocyte"
"EIF3CL","EIF3CL-201",0.0022130796962756,1,0.962478652741182,1,"Oligodendrocyte"
"EIF3E","EIF3E-234",1.15578020468249,1,0.282342411094314,0.9286185727071,"Oligodendrocyte"
"EIF3E","EIF3E-201",1.15578020468237,1,0.282342411094338,0.9286185727071,"Oligodendrocyte"
"EIF4A2","EIF4A2-201",0.388671635251967,1,0.532998474272539,0.991241525829912,"Oligodendrocyte"
"EIF4A2","EIF4A2-205",0.388671635251967,1,0.532998474272539,0.991241525829912,"Oligodendrocyte"
"EIF4E2","EIF4E2-207",0.279702574909834,1,0.596896225927605,1,"Oligodendrocyte"
"EIF4E2","EIF4E2-206",0.279702574909834,1,0.596896225927605,1,"Oligodendrocyte"
"EIF4G2","EIF4G2-225",0.102866173049733,1,0.748416853632475,1,"Oligodendrocyte"
"EIF4G2","EIF4G2-201",0.102866173049733,1,0.748416853632475,1,"Oligodendrocyte"
"EIF4H","EIF4H-212",0.0275708983645018,1,0.868121640266579,1,"Oligodendrocyte"
"EIF4H","EIF4H-201",0.459818687191728,1,0.497708722138406,0.986218906253136,"Oligodendrocyte"
"EIF4H","EIF4H-202",-0.134392400266734,1,1,1,"Oligodendrocyte"
"EIF5B","EIF5B-205",0.0300055598293056,1,0.862477615469936,1,"Oligodendrocyte"
"EIF5B","EIF5B-201",0.0300055598293056,1,0.862477615469936,1,"Oligodendrocyte"
"ELF1","transcript29305.chr13.nic",0.244163135703502,1,0.621215316176468,1,"Oligodendrocyte"
"ELF1","transcript29711.chr13.nic",0.244163135703502,1,0.621215316176468,1,"Oligodendrocyte"
"ELF2","ELF2-213",2.69899083171711,1,0.100411786049592,0.849079714118972,"Oligodendrocyte"
"ELF2","ELF2-201",2.69899083171711,1,0.100411786049592,0.849079714118972,"Oligodendrocyte"
"ELMO1","ELMO1-201",-0.0158767314501347,1,1,1,"Oligodendrocyte"
"ELMO1","ELMO1-213",2.126206596884,1,0.144798713152205,0.889040554248337,"Oligodendrocyte"
"ELMO1","ELMO1-209",0.804464973500217,1,0.369761759689958,0.961019149398412,"Oligodendrocyte"
"ELOVL5","ELOVL5-201",0.959664295049151,1,0.327271472901721,0.943341283722824,"Oligodendrocyte"
"ELOVL5","ELOVL5-207",0.959664295049151,1,0.327271472901721,0.943341283722824,"Oligodendrocyte"
"ELP2","ELP2-205",0.35289779573543,1,0.552477324207166,0.993237404947644,"Oligodendrocyte"
"ELP2","ELP2-203",0.35289779573543,1,0.552477324207166,0.993237404947644,"Oligodendrocyte"
"ELP4","ELP4-218",0.497551156416648,1,0.48057810352856,0.984823562153096,"Oligodendrocyte"
"ELP4","ELP4-229",0.497551156416648,1,0.48057810352856,0.984823562153096,"Oligodendrocyte"
"EMSY","EMSY-219",2.91603720051648,1,0.0877030076218832,0.849079714118972,"Oligodendrocyte"
"EMSY","EMSY-201",2.91603720051648,1,0.0877030076218832,0.849079714118972,"Oligodendrocyte"
"ENO2","ENO2-211",0.787718140531069,1,0.374791002721088,0.961851612072165,"Oligodendrocyte"
"ENO2","ENO2-201",0.787718140531069,1,0.374791002721088,0.961851612072165,"Oligodendrocyte"
"ENPP2","ENPP2-201",1.34915279502457,1,0.245426280927647,0.92571897266236,"Oligodendrocyte"
"ENPP2","ENPP2-209",1.49287458175968,1,0.221770987366338,0.917730617517697,"Oligodendrocyte"
"ENPP2","ENPP2-203",-0.0321809165325249,1,1,1,"Oligodendrocyte"
"ENSG00000225140","ENST00000702339",1.86772670577284,1,0.171735669954475,0.912531263304659,"Oligodendrocyte"
"ENSG00000225140","transcript7917.chr10.nnic",1.86772670577284,1,0.171735669954475,0.912531263304659,"Oligodendrocyte"
"ENSG00000233393","transcript29575.chr21.nnic",3.46619770524865,1,0.062635131625619,0.836623393063797,"Oligodendrocyte"
"ENSG00000233393","ENST00000422473",1.80095907221914,1,0.179596590957217,0.917730617517697,"Oligodendrocyte"
"ENSG00000233393","transcript29580.chr21.nnic",0.0329198974851579,1,0.85602347047783,1,"Oligodendrocyte"
"ENSG00000239922","ENST00000467198",2.19762216336858,1,0.138223812533507,0.888677046009816,"Oligodendrocyte"
"ENSG00000239922","ENST00000660706",2.19762216336858,1,0.138223812533507,0.888677046009816,"Oligodendrocyte"
"ENSG00000290453","transcript98125.chr10.nnic",0.200875975682948,1,0.654014710852405,1,"Oligodendrocyte"
"ENSG00000290453","transcript98291.chr10.nnic",0.200875975682948,1,0.654014710852405,1,"Oligodendrocyte"
"ENSG00000291003","ENST00000619021",0.0728129702397382,1,0.787284282586438,1,"Oligodendrocyte"
"ENSG00000291003","ENST00000690192",0.0728129702397382,1,0.787284282586438,1,"Oligodendrocyte"
"ENSG00000291060","transcript56621.chr16.nnic",3.36767469707922,1,0.0664875365105697,0.836856459546371,"Oligodendrocyte"
"ENSG00000291060","ENST00000431681",4.42110333465621,1,0.035497076556391,0.818997589981106,"Oligodendrocyte"
"ENSG00000291060","ENST00000381231",0.96787439703121,1,0.325210870833617,0.94318886854311,"Oligodendrocyte"
"ENSG00000291073","ENST00000522841",1.23622809736207,1,0.266199231664274,0.92571897266236,"Oligodendrocyte"
"ENSG00000291073","transcript53453.chr16.nnic",0.130012454442294,1,0.71841912607005,1,"Oligodendrocyte"
"ENSG00000291073","ENST00000435197",0.709741963158649,1,0.399529487178515,0.963523459787408,"Oligodendrocyte"
"EPB41L3","EPB41L3-202",0.361836977986513,1,0.547487790806179,0.992346615914945,"Oligodendrocyte"
"EPB41L3","EPB41L3-214",0.387158571145619,1,0.533796771509444,0.991241525829912,"Oligodendrocyte"
"EPB41L3","EPB41L3-205",-0.0557510590354013,1,1,1,"Oligodendrocyte"
"EPC1","EPC1-202",0.885323183346145,1,0.346747835578474,0.9518465083715,"Oligodendrocyte"
"EPC1","EPC1-210",0.885323183346145,1,0.346747835578474,0.9518465083715,"Oligodendrocyte"
"EPM2A-DT","EPM2A-DT-206",1.12094353737319,1,0.28971537664224,0.930697544149248,"Oligodendrocyte"
"EPM2A-DT","EPM2A-DT-214",2.52869523925227,1,0.111792621367239,0.85278573390443,"Oligodendrocyte"
"EPM2A-DT","EPM2A-DT-217",1.99338702223707,1,0.15798718652683,0.904355558333022,"Oligodendrocyte"
"EPS15","EPS15-203",0.310565333797967,1,0.577333480992232,1,"Oligodendrocyte"
"EPS15","EPS15-211",1.11762565388381,1,0.290430287067087,0.930697544149248,"Oligodendrocyte"
"EPS15","EPS15-215",0.550324744467162,1,0.458185034085085,0.98209075514408,"Oligodendrocyte"
"ERBB3","ERBB3-221",-0.0372735789460421,1,1,1,"Oligodendrocyte"
"ERBB3","ERBB3-201",-0.0689740309553599,1,1,1,"Oligodendrocyte"
"ERBB3","ERBB3-213",0.0375551602573978,1,0.846339112993031,1,"Oligodendrocyte"
"ERBB3","ERBB3-232",-0.412803690060173,1,1,1,"Oligodendrocyte"
"ERBB3","ERBB3-224",1.007823425487,1,0.315424844123192,0.94318886854311,"Oligodendrocyte"
"ERBB3","ERBB3-202",0.17527840303228,1,0.675462705917152,1,"Oligodendrocyte"
"ERBIN","ERBIN-212",0.534990093102806,1,0.464516442978635,0.98209075514408,"Oligodendrocyte"
"ERBIN","ERBIN-208",2.20601061735761,1,0.137473773453155,0.888677046009816,"Oligodendrocyte"
"ERBIN","ERBIN-205",1.02436999373776,1,0.311484672336496,0.94318886854311,"Oligodendrocyte"
"ERC1","ERC1-204",11.0718108516845,1,0.000876500406769627,0.210630638607003,"Oligodendrocyte"
"ERC1","ERC1-213",9.04521381463985,1,0.00263383424177784,0.388356715574515,"Oligodendrocyte"
"ERC1","ERC1-203",0.908038331107491,1,0.340635443482862,0.9518465083715,"Oligodendrocyte"
"ERCC5","ERCC5-216",0.33075833610684,1,0.565212893137151,0.997607154754473,"Oligodendrocyte"
"ERCC5","ERCC5-212",0.33075833610684,1,0.565212893137151,0.997607154754473,"Oligodendrocyte"
"ERCC6L2","ERCC6L2-201",1.70910003038807,1,0.191102178596634,0.917730617517697,"Oligodendrocyte"
"ERCC6L2","ERCC6L2-210",0.441327028087471,1,0.506482649909829,0.987123735128959,"Oligodendrocyte"
"ERCC6L2","ERCC6L2-226",0.678801844904228,1,0.409999610038657,0.965788226766043,"Oligodendrocyte"
"ERCC6L2","ERCC6L2-216",0.487401902842976,1,0.485088550729663,0.986196984921142,"Oligodendrocyte"
"ERCC6L2","ERCC6L2-220",0.459313874080181,1,0.497944809689221,0.986218906253136,"Oligodendrocyte"
"ERCC6L2","ERCC6L2-204",0.539220083735927,1,0.462756128852209,0.98209075514408,"Oligodendrocyte"
"ERCC6L2","ERCC6L2-211",0.0559643199994753,1,0.812992109595512,1,"Oligodendrocyte"
"ERCC6L2","ERCC6L2-215",0.0507905851573014,1,0.82169326295022,1,"Oligodendrocyte"
"ERCC8","ERCC8-232",2.76871048959845,1,0.096123569625493,0.849079714118972,"Oligodendrocyte"
"ERCC8","ERCC8-219",2.76871048959845,1,0.096123569625493,0.849079714118972,"Oligodendrocyte"
"ERMN","ERMN-201",0.219954230295116,1,0.639074794799898,1,"Oligodendrocyte"
"ERMN","ERMN-205",0.219954230295116,1,0.639074794799898,1,"Oligodendrocyte"
"ERP44","ERP44-209",3.54467626197584,1,0.0597368233097969,0.836623393063797,"Oligodendrocyte"
"ERP44","ERP44-201",3.54467626197584,1,0.0597368233097969,0.836623393063797,"Oligodendrocyte"
"ERVK13-1","ERVK13-1-208",0.171371375612125,1,0.678895887705601,1,"Oligodendrocyte"
"ERVK13-1","ERVK13-1-240",0.171371375612125,1,0.678895887705601,1,"Oligodendrocyte"
"ESCO1","ESCO1-201",0.639037219347529,1,0.424059649131492,0.973721990262353,"Oligodendrocyte"
"ESCO1","ESCO1-202",0.639037219347529,1,0.424059649131492,0.973721990262353,"Oligodendrocyte"
"ETNK1","ETNK1-201",0.0624844578093189,1,0.802611388900611,1,"Oligodendrocyte"
"ETNK1","ETNK1-207",0.0624844578093189,1,0.802611388900611,1,"Oligodendrocyte"
"EWSR1","EWSR1-215",0.0908726772813679,1,0.763070644987906,1,"Oligodendrocyte"
"EWSR1","EWSR1-217",1.11995092988764,1,0.289929020250957,0.930697544149248,"Oligodendrocyte"
"EWSR1","EWSR1-216",1.01002359130325,1,0.314897187332604,0.94318886854311,"Oligodendrocyte"
"EWSR1","EWSR1-206",0.059990826673129,1,0.806510439908697,1,"Oligodendrocyte"
"EXD2","EXD2-203",1.25958709072574,1,0.261729263146502,0.92571897266236,"Oligodendrocyte"
"EXD2","EXD2-214",1.25958709072574,1,0.261729263146502,0.92571897266236,"Oligodendrocyte"
"EXOC4","EXOC4-205",0.513070869405738,1,0.47381251341151,0.984823562153096,"Oligodendrocyte"
"EXOC4","EXOC4-201",0.513070869405738,1,0.47381251341151,0.984823562153096,"Oligodendrocyte"
"EXOC6B","EXOC6B-209",1.42514267363822,1,0.232558795391836,0.922533219692286,"Oligodendrocyte"
"EXOC6B","EXOC6B-201",0.768681351373289,1,0.380625296191125,0.963523459787408,"Oligodendrocyte"
"EXOC6B","EXOC6B-202",2.17723078169956,1,0.140066285585328,0.888677046009816,"Oligodendrocyte"
"EXOC7","EXOC7-204",0.119916863208346,1,0.729124675575424,1,"Oligodendrocyte"
"EXOC7","EXOC7-201",0.119916863208346,1,0.729124675575424,1,"Oligodendrocyte"
"EZH1","EZH1-205",0.0113411190468469,1,0.915189868037448,1,"Oligodendrocyte"
"EZH1","EZH1-208",1.74433957930523,1,0.186589911410992,0.917730617517697,"Oligodendrocyte"
"EZH1","EZH1-202",2.39695142479104,1,0.121571960591264,0.864771346695979,"Oligodendrocyte"
"EZH1","EZH1-222",0.277510058131156,1,0.59833787626382,1,"Oligodendrocyte"
"FA2H","FA2H-201",0.20100139570286,1,0.653913759561355,1,"Oligodendrocyte"
"FA2H","transcript114920.chr16.nic",0.20100139570286,1,0.653913759561355,1,"Oligodendrocyte"
"FADS2","FADS2-202",2.97196726962989,1,0.0847187723765679,0.849079714118972,"Oligodendrocyte"
"FADS2","transcript67394.chr11.nic",2.97196726962989,1,0.0847187723765679,0.849079714118972,"Oligodendrocyte"
"FAM120A","FAM120A-202",0.183001215984973,1,0.668806629139858,1,"Oligodendrocyte"
"FAM120A","FAM120A-201",0.183001215984973,1,0.668806629139858,1,"Oligodendrocyte"
"FAM124A","FAM124A-202",3.51465614882227,1,0.0608282778785255,0.836623393063797,"Oligodendrocyte"
"FAM124A","FAM124A-204",3.51465614882227,1,0.0608282778785255,0.836623393063797,"Oligodendrocyte"
"FAM133B","FAM133B-208",0.0646358257787369,1,0.799313419238552,1,"Oligodendrocyte"
"FAM133B","FAM133B-204",0.0646358257787369,1,0.799313419238552,1,"Oligodendrocyte"
"FAM13B","FAM13B-201",0.127468368980317,1,0.721071498312357,1,"Oligodendrocyte"
"FAM13B","FAM13B-202",2.90378605972342,1,0.0883717653302857,0.849079714118972,"Oligodendrocyte"
"FAM13B","FAM13B-212",3.2933295028613,1,0.0695618315986193,0.849079714118972,"Oligodendrocyte"
"FAM13C","FAM13C-217",7.47585066208478,1,0.00625320137259419,0.57590459470526,"Oligodendrocyte"
"FAM13C","FAM13C-204",7.47585066208478,1,0.00625320137259419,0.57590459470526,"Oligodendrocyte"
"FAM193A","FAM193A-211",0.38176309098705,1,0.536661167099942,0.991443509141885,"Oligodendrocyte"
"FAM193A","FAM193A-208",0.38176309098705,1,0.536661167099942,0.991443509141885,"Oligodendrocyte"
"FAM219B","FAM219B-217",0.0101158851170453,1,0.919885654835476,1,"Oligodendrocyte"
"FAM219B","FAM219B-201",0.0101158851170453,1,0.919885654835476,1,"Oligodendrocyte"
"FAM222B","FAM222B-208",0.74369974427799,1,0.388478289554752,0.963523459787408,"Oligodendrocyte"
"FAM222B","FAM222B-203",0.317812468295188,1,0.57292524652601,0.999706899668306,"Oligodendrocyte"
"FAM222B","FAM222B-202",0.215151306945984,1,0.642759477621439,1,"Oligodendrocyte"
"FAM222B","transcript43672.chr17.nic",1.90116116865977,1,0.167948404897364,0.911476842042344,"Oligodendrocyte"
"FAM3A","FAM3A-215",1.36887880672907,1,0.24200461363881,0.92571897266236,"Oligodendrocyte"
"FAM3A","FAM3A-202",1.36887880672907,1,0.24200461363881,0.92571897266236,"Oligodendrocyte"
"FAM76A","FAM76A-204",0.111719561091718,1,0.73819486897297,1,"Oligodendrocyte"
"FAM76A","transcript50140.chr1.nic",0.111719561091718,1,0.73819486897297,1,"Oligodendrocyte"
"FAM98A","FAM98A-201",0.0344357577232586,1,0.852782968627581,1,"Oligodendrocyte"
"FAM98A","FAM98A-204",0.0344357577232586,1,0.852782968627581,1,"Oligodendrocyte"
"FAN1","FAN1-225",1.04576317838382,1,0.306484886791864,0.940529003384364,"Oligodendrocyte"
"FAN1","FAN1-204",3.08235216427647,1,0.0791459877971861,0.849079714118972,"Oligodendrocyte"
"FAN1","FAN1-203",0.297092326469738,1,0.585711039096288,1,"Oligodendrocyte"
"FAN1","FAN1-214",-0.126145639559127,1,1,1,"Oligodendrocyte"
"FAN1","FAN1-218",0.900870424984078,1,0.342548425414349,0.9518465083715,"Oligodendrocyte"
"FAN1","FAN1-210",1.45624348377669,1,0.227528768797064,0.922533219692286,"Oligodendrocyte"
"FAN1","FAN1-228",3.14935350260339,1,0.0759570514620212,0.849079714118972,"Oligodendrocyte"
"FANCL","FANCL-201",3.39232321473366,1,0.0655005976766854,0.836623393063797,"Oligodendrocyte"
"FANCL","FANCL-228",3.39232321473366,1,0.0655005976766854,0.836623393063797,"Oligodendrocyte"
"FAR1","FAR1-204",0.621431400379151,1,0.430515865540837,0.979921111974417,"Oligodendrocyte"
"FAR1","FAR1-201",0.621431400379151,1,0.430515865540837,0.979921111974417,"Oligodendrocyte"
"FASTKD2","FASTKD2-206",-0.0894590292751332,1,1,1,"Oligodendrocyte"
"FASTKD2","FASTKD2-201",-0.224785373157374,1,1,1,"Oligodendrocyte"
"FASTKD2","FASTKD2-202",0.749350218181576,1,0.386682033538876,0.963523459787408,"Oligodendrocyte"
"FAXDC2","FAXDC2-201",0.527851333954459,1,0.467511606667758,0.982672305668521,"Oligodendrocyte"
"FAXDC2","transcript213714.chr5.nic",0.270232347927049,1,0.603175953941077,1,"Oligodendrocyte"
"FAXDC2","FAXDC2-202",1.0338559190086,1,0.309254740674008,0.941366443951989,"Oligodendrocyte"
"FBN1","transcript63077.chr15.nnic",-0.0138535246487663,1,1,1,"Oligodendrocyte"
"FBN1","FBN1-209",0.05469822741793,1,0.815080840720616,1,"Oligodendrocyte"
"FBN1","FBN1-204",0.0179915627718401,1,0.893297696763126,1,"Oligodendrocyte"
"FBXL4","FBXL4-202",0.000479528644291349,1,0.982529206503138,1,"Oligodendrocyte"
"FBXL4","FBXL4-201",0.000479528644291349,1,0.982529206503138,1,"Oligodendrocyte"
"FBXL5","FBXL5-201",3.92608016144277,1,0.0475426391495606,0.836623393063797,"Oligodendrocyte"
"FBXL5","FBXL5-205",3.92608016144277,1,0.0475426391495606,0.836623393063797,"Oligodendrocyte"
"FBXO21","FBXO21-207",1.34294887175201e-05,1,0.997076057493935,1,"Oligodendrocyte"
"FBXO21","FBXO21-201",1.34294887175201e-05,1,0.997076057493935,1,"Oligodendrocyte"
"FBXO3","FBXO3-201",1.24330423905849,1,0.264835195365796,0.92571897266236,"Oligodendrocyte"
"FBXO3","FBXO3-208",1.24330423905849,1,0.264835195365796,0.92571897266236,"Oligodendrocyte"
"FBXO7","FBXO7-209",2.15682178093812,1,0.141938005097032,0.888677046009816,"Oligodendrocyte"
"FBXO7","FBXO7-202",1.56379435159204,1,0.211110517947981,0.917730617517697,"Oligodendrocyte"
"FBXO7","FBXO7-201",0.243400879561136,1,0.621760538639504,1,"Oligodendrocyte"
"FDFT1","FDFT1-201",0.0799499480444865,1,0.777365251083704,1,"Oligodendrocyte"
"FDFT1","transcript42601.chr8.nic",0.275307643588349,1,0.599793378182374,1,"Oligodendrocyte"
"FDFT1","FDFT1-209",0.568040929402514,1,0.451038450674007,0.98209075514408,"Oligodendrocyte"
"FEM1C","FEM1C-201",1.90934998414576,1,0.167035481345222,0.911476842042344,"Oligodendrocyte"
"FEM1C","transcript148712.chr5.nic",1.90934998414576,1,0.167035481345222,0.911476842042344,"Oligodendrocyte"
"FGD5-AS1","FGD5-AS1-208",4.51927196669817,1,0.0335150902002448,0.818997589981106,"Oligodendrocyte"
"FGD5-AS1","FGD5-AS1-203",4.51927196669817,1,0.0335150902002448,0.818997589981106,"Oligodendrocyte"
"FGFR1OP2","FGFR1OP2-201",0.280038725665804,1,0.596675835684549,1,"Oligodendrocyte"
"FGFR1OP2","FGFR1OP2-202",0.543423373555015,1,0.461017422081313,0.98209075514408,"Oligodendrocyte"
"FGFR1OP2","FGFR1OP2-204",4.64859728563636,1,0.0310789339805378,0.809338308348351,"Oligodendrocyte"
"FHL1","FHL1-205",8.8821236388327,1,0.00287976378074323,0.388356715574515,"Oligodendrocyte"
"FHL1","FHL1-234",8.8821236388327,1,0.00287976378074323,0.388356715574515,"Oligodendrocyte"
"FKBP15","FKBP15-202",-0.0371387836842132,1,1,1,"Oligodendrocyte"
"FKBP15","FKBP15-203",-0.119287339555285,1,1,1,"Oligodendrocyte"
"FKBP15","FKBP15-206",1.87511603180133,1,0.170890282423011,0.912531263304659,"Oligodendrocyte"
"FKBP15","FKBP15-215",1.26458372442607,1,0.260785234123245,0.92571897266236,"Oligodendrocyte"
"FLCN","FLCN-203",0.474099078122435,1,0.491107420513714,0.986218906253136,"Oligodendrocyte"
"FLCN","FLCN-204",0.707181085358911,1,0.400381214565234,0.963523459787408,"Oligodendrocyte"
"FLCN","FLCN-207",0.387285217581848,1,0.533729869536931,0.991241525829912,"Oligodendrocyte"
"FLCN","FLCN-201",0.497441607402493,1,0.480626419822017,0.984823562153096,"Oligodendrocyte"
"FLII","FLII-201",3.72596879700745,1,0.0535725413140574,0.836623393063797,"Oligodendrocyte"
"FLII","FLII-221",3.72596879700745,1,0.0535725413140574,0.836623393063797,"Oligodendrocyte"
"FLNB","FLNB-222",2.88499261337256,1,0.0894084164831331,0.849079714118972,"Oligodendrocyte"
"FLNB","FLNB-220",2.58802478390976,1,0.107674538266508,0.85236699474703,"Oligodendrocyte"
"FLNB","FLNB-218",0.166921876673996,1,0.682862048533834,1,"Oligodendrocyte"
"FLYWCH1","FLYWCH1-201",0.239487366850256,1,0.62457661079707,1,"Oligodendrocyte"
"FLYWCH1","FLYWCH1-212",0.239487366850256,1,0.62457661079707,1,"Oligodendrocyte"
"FNBP1","FNBP1-209",0.245011223118581,1,0.620609943797162,1,"Oligodendrocyte"
"FNBP1","transcript215578.chr9.nnic",0.245011223118581,1,0.620609943797162,1,"Oligodendrocyte"
"FNBP4","FNBP4-201",0.94846581404272,1,0.330110118804423,0.945032054031998,"Oligodendrocyte"
"FNBP4","FNBP4-213",0.94846581404272,1,0.330110118804423,0.945032054031998,"Oligodendrocyte"
"FNDC3A","FNDC3A-202",2.85742915222147,1,0.0909527561683162,0.849079714118972,"Oligodendrocyte"
"FNDC3A","FNDC3A-204",2.85742915222147,1,0.0909527561683162,0.849079714118972,"Oligodendrocyte"
"FOLH1","FOLH1-201",0.675820535306912,1,0.411029633659651,0.966405913262043,"Oligodendrocyte"
"FOLH1","FOLH1-203",0.0512879308830634,1,0.820837143075579,1,"Oligodendrocyte"
"FOLH1","transcript61066.chr11.nic",0.351679474002367,1,0.553163956845027,0.993237404947644,"Oligodendrocyte"
"FOXK2","FOXK2-212",2.68078326556258,1,0.101565761649539,0.849079714118972,"Oligodendrocyte"
"FOXK2","FOXK2-201",2.68078326556258,1,0.101565761649539,0.849079714118972,"Oligodendrocyte"
"FOXP1","transcript119432.chr3.nic",0.56328558520886,1,0.452939451235483,0.98209075514408,"Oligodendrocyte"
"FOXP1","transcript119410.chr3.nic",0.272746505430405,1,0.60149531543344,1,"Oligodendrocyte"
"FOXP1","FOXP1-266",1.44802314044409,1,0.228845421387278,0.922533219692286,"Oligodendrocyte"
"FRYL","FRYL-221",0.183859126143943,1,0.668077531870324,1,"Oligodendrocyte"
"FRYL","FRYL-217",2.31413105241882,1,0.128202926046009,0.870673109262108,"Oligodendrocyte"
"FRYL","FRYL-205",0.819445077195269,1,0.365342462171172,0.961019149398412,"Oligodendrocyte"
"FRYL","FRYL-211",-0.0121669837681111,1,1,1,"Oligodendrocyte"
"FRYL","FRYL-202",0.658771173224522,1,0.416994100789608,0.969546754007607,"Oligodendrocyte"
"FRYL","FRYL-201",0.0533315892243991,1,0.817364265025473,1,"Oligodendrocyte"
"FTH1","FTH1-208",4.04517337731886,1,0.044297828220833,0.836623393063797,"Oligodendrocyte"
"FTH1","FTH1-201",4.04517337731886,1,0.044297828220833,0.836623393063797,"Oligodendrocyte"
"FTX","FTX-260",0.369066227445728,1,0.543513694606749,0.99210169654318,"Oligodendrocyte"
"FTX","FTX-203",-0.00061595727470376,1,1,1,"Oligodendrocyte"
"FTX","FTX-267",1.21154136531686,1,0.27102707315145,0.92571897266236,"Oligodendrocyte"
"FUS","FUS-206",0.809382174341408,1,0.368302974088399,0.961019149398412,"Oligodendrocyte"
"FUS","FUS-201",0.809382174341408,1,0.368302974088399,0.961019149398412,"Oligodendrocyte"
"FUT8","FUT8-203",0.383449704755549,1,0.535762770678432,0.991241525829912,"Oligodendrocyte"
"FUT8","FUT8-216",0.383449704755549,1,0.535762770678432,0.991241525829912,"Oligodendrocyte"
"FXR1","FXR1-224",0.426333460269234,1,0.513793569704801,0.987123735128959,"Oligodendrocyte"
"FXR1","FXR1-203",0.948805365854696,1,0.330023567660241,0.945032054031998,"Oligodendrocyte"
"FXR1","FXR1-202",2.42882353900814,1,0.119122269532389,0.863761575184417,"Oligodendrocyte"
"FXR1","transcript292453.chr3.nic",-0.00398542244010969,1,1,1,"Oligodendrocyte"
"FXR1","FXR1-201",5.89916295723697,1,0.0151480820778033,0.648906180608174,"Oligodendrocyte"
"FXR1","FXR1-223",0.860261844265096,1,0.353665426706889,0.9518465083715,"Oligodendrocyte"
"G3BP1","G3BP1-202",0.241020569859529,1,0.623469975267769,1,"Oligodendrocyte"
"G3BP1","G3BP1-201",0.241020569859529,1,0.623469975267769,1,"Oligodendrocyte"
"G3BP2","G3BP2-282",1.70659762636933,1,0.191427406808375,0.917730617517697,"Oligodendrocyte"
"G3BP2","G3BP2-202",0.230068343328867,1,0.631473157577294,1,"Oligodendrocyte"
"G3BP2","G3BP2-201",0.256561662398781,1,0.612492240619582,1,"Oligodendrocyte"
"GAA","GAA-204",4.15953321949343,1,0.0414008119288054,0.836623393063797,"Oligodendrocyte"
"GAA","GAA-202",4.15953321949343,1,0.0414008119288054,0.836623393063797,"Oligodendrocyte"
"GAB1","GAB1-202",4.09119181569758,1,0.0431072357710802,0.836623393063797,"Oligodendrocyte"
"GAB1","GAB1-201",4.09119181569758,1,0.0431072357710802,0.836623393063797,"Oligodendrocyte"
"GABPA","GABPA-201",1.94040019891713,1,0.163625087721314,0.905935969553787,"Oligodendrocyte"
"GABPA","GABPA-202",1.94040019891713,1,0.163625087721314,0.905935969553787,"Oligodendrocyte"
"GABPB1-AS1","GABPB1-AS1-202",-0.0159921574052078,1,1,1,"Oligodendrocyte"
"GABPB1-AS1","GABPB1-AS1-208",4.43633347637888,1,0.0351817266706706,0.818997589981106,"Oligodendrocyte"
"GABPB1-AS1","GABPB1-AS1-206",4.714932251248,1,0.0299017438501127,0.798421510541965,"Oligodendrocyte"
"GALNT7","GALNT7-201",0.0362002436877447,1,0.849102562824758,1,"Oligodendrocyte"
"GALNT7","GALNT7-204",0.0362002436877447,1,0.849102562824758,1,"Oligodendrocyte"
"GAN","GAN-203",13.2597939172033,1,0.00027115945710013,0.113766456667788,"Oligodendrocyte"
"GAN","GAN-202",13.2597939172033,1,0.00027115945710013,0.113766456667788,"Oligodendrocyte"
"GAPVD1","transcript204639.chr9.nnic",0.12437746374394,1,0.724334433615617,1,"Oligodendrocyte"
"GAPVD1","GAPVD1-219",5.74455534231959,1,0.0165398419105453,0.657415190044412,"Oligodendrocyte"
"GAPVD1","GAPVD1-201",4.83998975496399,1,0.0278070602268174,0.793310927049729,"Oligodendrocyte"
"GARS1","GARS1-227",0.06590326852006,1,0.797397772783444,1,"Oligodendrocyte"
"GARS1","GARS1-201",0.06590326852006,1,0.797397772783444,1,"Oligodendrocyte"
"GATAD1","GATAD1-203",3.0376775527107,1,0.0813522296673922,0.849079714118972,"Oligodendrocyte"
"GATAD1","GATAD1-201",3.0376775527107,1,0.0813522296673922,0.849079714118972,"Oligodendrocyte"
"GATM","GATM-207",0.229343405042528,1,0.632011111666887,1,"Oligodendrocyte"
"GATM","GATM-201",0.346021393053888,1,0.556374010008855,0.996616822482656,"Oligodendrocyte"
"GATM","GATM-218",1.24007052880006,1,0.265457461637641,0.92571897266236,"Oligodendrocyte"
"GATM","GATM-216",0.153366623659167,1,0.695338631396798,1,"Oligodendrocyte"
"GCA","transcript309934.chr2.nic",1.46064217104959,1,0.22682797226672,0.921961704283247,"Oligodendrocyte"
"GCA","GCA-204",1.46064217104959,1,0.22682797226672,0.921961704283247,"Oligodendrocyte"
"GCC2","GCC2-222",4.03117586464577,1,0.0446667985117796,0.836623393063797,"Oligodendrocyte"
"GCC2","GCC2-223",0.683756348264978,1,0.408296232406943,0.964832463891012,"Oligodendrocyte"
"GCC2","GCC2-211",0.0368388218357723,1,0.847793574872195,1,"Oligodendrocyte"
"GCC2","GCC2-218",-0.05793223915407,1,1,1,"Oligodendrocyte"
"GCLC","GCLC-208",1.29436984626034,1,0.255244202716937,0.92571897266236,"Oligodendrocyte"
"GCLC","GCLC-214",0.496349528286942,1,0.48110851434475,0.984823562153096,"Oligodendrocyte"
"GCLC","GCLC-205",0.0639119945061566,1,0.800416417791923,1,"Oligodendrocyte"
"GCSH","GCSH-208",0.0026478518558406,1,0.958961140869422,1,"Oligodendrocyte"
"GCSH","GCSH-201",0.0026478518558406,1,0.958961140869422,1,"Oligodendrocyte"
"GDAP1","GDAP1-236",0.992563454562514,1,0.31911664989454,0.94318886854311,"Oligodendrocyte"
"GDAP1","GDAP1-201",0.472528512788358,1,0.491826228534843,0.986218906253136,"Oligodendrocyte"
"GDAP1","GDAP1-217",-0.0538810250600363,1,1,1,"Oligodendrocyte"
"GDAP1","GDAP1-215",0.17352781579666,1,0.676995370415205,1,"Oligodendrocyte"
"GDAP1","GDAP1-233",0.943274018792636,1,0.331437267737233,0.945148303852849,"Oligodendrocyte"
"GDAP2","GDAP2-202",0.0150252943258238,1,0.902441508298129,1,"Oligodendrocyte"
"GDAP2","GDAP2-201",0.0150252943258238,1,0.902441508298129,1,"Oligodendrocyte"
"GDE1","GDE1-201",0.76592631539279,1,0.381480236995285,0.963523459787408,"Oligodendrocyte"
"GDE1","GDE1-203",0.76592631539279,1,0.381480236995285,0.963523459787408,"Oligodendrocyte"
"GGNBP2","GGNBP2-210",-0.000279030161436822,1,1,1,"Oligodendrocyte"
"GGNBP2","GGNBP2-212",-0.0824899134959196,1,1,1,"Oligodendrocyte"
"GGNBP2","GGNBP2-215",0.163337500574016,1,0.686102166023072,1,"Oligodendrocyte"
"GIGYF2","GIGYF2-201",7.91919347826882,1,0.00489130723727466,0.527702175084261,"Oligodendrocyte"
"GIGYF2","GIGYF2-205",7.91919347826882,1,0.00489130723727466,0.527702175084261,"Oligodendrocyte"
"GLDN","GLDN-201",0.132405977075621,1,0.715950367317254,1,"Oligodendrocyte"
"GLDN","GLDN-203",0.132405977075621,1,0.715950367317254,1,"Oligodendrocyte"
"GLG1","transcript114097.chr16.nnic",0.320300463709827,1,0.571427133211866,0.997758945878816,"Oligodendrocyte"
"GLG1","GLG1-202",0.320300463709827,1,0.571427133211866,0.997758945878816,"Oligodendrocyte"
"GLUL","GLUL-204",0.896723164332798,1,0.343661873403606,0.9518465083715,"Oligodendrocyte"
"GLUL","GLUL-202",0.896723164332798,1,0.343661873403606,0.9518465083715,"Oligodendrocyte"
"GMDS-DT","transcript2266.chr6.nic",1.99738247870761,1,0.157571112074006,0.904355558333022,"Oligodendrocyte"
"GMDS-DT","GMDS-DT-207",1.99738247870761,1,0.157571112074006,0.904355558333022,"Oligodendrocyte"
"GNAO1","GNAO1-202",0.803126422547621,1,0.370160261393551,0.961019149398412,"Oligodendrocyte"
"GNAO1","GNAO1-201",0.803126422547621,1,0.370160261393551,0.961019149398412,"Oligodendrocyte"
"GNAS","GNAS-210",0.160973919187654,1,0.688261431591522,1,"Oligodendrocyte"
"GNAS","GNAS-201",0.160973919187654,1,0.688261431591522,1,"Oligodendrocyte"
"GNL3L","GNL3L-202",1.14928810567693,1,0.283698223608372,0.929093228400012,"Oligodendrocyte"
"GNL3L","GNL3L-201",1.14928810567693,1,0.283698223608372,0.929093228400012,"Oligodendrocyte"
"GNPAT","transcript334694.chr1.nic",0.0585673376019713,1,0.80877481997729,1,"Oligodendrocyte"
"GNPAT","GNPAT-201",0.0585673376019713,1,0.80877481997729,1,"Oligodendrocyte"
"GOLGA3","GOLGA3-220",7.33917374553675,1,0.00674678432954835,0.583189885103865,"Oligodendrocyte"
"GOLGA3","GOLGA3-202",7.33917374553675,1,0.00674678432954835,0.583189885103865,"Oligodendrocyte"
"GOLGA4","GOLGA4-205",0.105009831122516,1,0.745898511444486,1,"Oligodendrocyte"
"GOLGA4","GOLGA4-215",3.52442588372833,1,0.0604707647531181,0.836623393063797,"Oligodendrocyte"
"GOLGA4","GOLGA4-202",2.73034424252,1,0.0984580607427711,0.849079714118972,"Oligodendrocyte"
"GOLGA7","GOLGA7-208",0.0766926120123799,1,0.781830546983442,1,"Oligodendrocyte"
"GOLGA7","GOLGA7-201",0.0766926120123799,1,0.781830546983442,1,"Oligodendrocyte"
"GOLGB1","GOLGB1-201",0.0773754418441968,1,0.780886149875101,1,"Oligodendrocyte"
"GOLGB1","GOLGB1-205",0.0538668433000566,1,0.816466312636566,1,"Oligodendrocyte"
"GOLGB1","GOLGB1-248",0.0122425828485575,1,0.911896905516362,1,"Oligodendrocyte"
"GOLGB1","GOLGB1-211",-0.0104758943452907,1,1,1,"Oligodendrocyte"
"GOLGB1","GOLGB1-243",0.147861164641654,1,0.700587742726332,1,"Oligodendrocyte"
"GOLGB1","GOLGB1-208",0.749480678321561,1,0.386640700904234,0.963523459787408,"Oligodendrocyte"
"GOLGB1","GOLGB1-240",0.145822467013204,1,0.702559959309468,1,"Oligodendrocyte"
"GOLGB1","GOLGB1-238",0.305432795219531,1,0.580496422090464,1,"Oligodendrocyte"
"GOLGB1","GOLGB1-206",0.0132660623203265,1,0.908303724207986,1,"Oligodendrocyte"
"GOLGB1","GOLGB1-232",0.7697361442697,1,0.380298690580381,0.963523459787408,"Oligodendrocyte"
"GOLGB1","GOLGB1-212",0.355975958333147,1,0.550749623581891,0.992663760689843,"Oligodendrocyte"
"GOLM2","GOLM2-201",0.00541308840593047,1,0.941349603772259,1,"Oligodendrocyte"
"GOLM2","GOLM2-202",0.00541308840593047,1,0.941349603772259,1,"Oligodendrocyte"
"GOSR2","GOSR2-232",-0.114128297780894,1,1,1,"Oligodendrocyte"
"GOSR2","GOSR2-240",0.0971993876053148,1,0.755216720977489,1,"Oligodendrocyte"
"GOSR2","GOSR2-241",0.437339075148657,1,0.508409574458771,0.987123735128959,"Oligodendrocyte"
"GPAA1","GPAA1-201",0.174274368377326,1,0.676340647635572,1,"Oligodendrocyte"
"GPAA1","GPAA1-219",0.491562261644617,1,0.483231241792483,0.985781290658247,"Oligodendrocyte"
"GPAA1","GPAA1-216",0.00481085096117795,1,0.944702830254461,1,"Oligodendrocyte"
"GPAT4","GPAT4-201",0.0454354608637004,1,0.831205322093781,1,"Oligodendrocyte"
"GPAT4","transcript84292.chr8.nnic",0.0454354608637004,1,0.831205322093781,1,"Oligodendrocyte"
"GPATCH2L","GPATCH2L-201",0.0152656885322813,1,0.901668103200492,1,"Oligodendrocyte"
"GPATCH2L","GPATCH2L-204",0.0152656885322813,1,0.901668103200492,1,"Oligodendrocyte"
"GPBP1","GPBP1-204",2.35280889066007,1,0.125057489842633,0.865806028004396,"Oligodendrocyte"
"GPBP1","GPBP1-203",2.35280889066007,1,0.125057489842633,0.865806028004396,"Oligodendrocyte"
"GPI","GPI-201",0.179191370621311,1,0.672069086702176,1,"Oligodendrocyte"
"GPI","transcript91629.chr19.nic",0.179191370621311,1,0.672069086702176,1,"Oligodendrocyte"
"GPM6B","transcript16090.chrX.nic",1.65792195196263,1,0.197884131440357,0.917730617517697,"Oligodendrocyte"
"GPM6B","GPM6B-205",0.0883687391178682,1,0.766261299981067,1,"Oligodendrocyte"
"GPM6B","GPM6B-202",0.0136547452129889,1,0.906976131133269,1,"Oligodendrocyte"
"GPM6B","GPM6B-203",0.655637362739071,1,0.418104356466013,0.969546754007607,"Oligodendrocyte"
"GPR108","GPR108-201",0.612105017854788,1,0.433996332841042,0.980685093861297,"Oligodendrocyte"
"GPR108","GPR108-202",0.612105017854788,1,0.433996332841042,0.980685093861297,"Oligodendrocyte"
"GRB2","GRB2-202",0.360825762684499,1,0.548047985371217,0.992346615914945,"Oligodendrocyte"
"GRB2","GRB2-205",1.06746245925888,1,0.301519320347988,0.939227917698084,"Oligodendrocyte"
"GRB2","GRB2-212",2.80172284962123,1,0.094163076121641,0.849079714118972,"Oligodendrocyte"
"GREB1L","transcript25828.chr18.nic",0.220865223117698,1,0.63838145113979,1,"Oligodendrocyte"
"GREB1L","transcript25935.chr18.nic",0.220865223117698,1,0.63838145113979,1,"Oligodendrocyte"
"GRHPR","transcript50500.chr9.nic",0.28729271879115,1,0.591960665861833,1,"Oligodendrocyte"
"GRHPR","GRHPR-201",0.28729271879115,1,0.591960665861833,1,"Oligodendrocyte"
"GRIA2","GRIA2-231",0.528979463690121,1,0.46703623037068,0.982672305668521,"Oligodendrocyte"
"GRIA2","GRIA2-227",0.321111997141998,1,0.57094014054857,0.997758945878816,"Oligodendrocyte"
"GRIA2","GRIA2-220",1.57472005774071,1,0.209522868817634,0.917730617517697,"Oligodendrocyte"
"GRIA2","GRIA2-205",4.83162016360984,1,0.0279423605131393,0.793310927049729,"Oligodendrocyte"
"GRIPAP1","GRIPAP1-221",0.016172750242049,1,0.898804164558874,1,"Oligodendrocyte"
"GRIPAP1","GRIPAP1-201",0.016172750242049,1,0.898804164558874,1,"Oligodendrocyte"
"GSN","GSN-209",0.272978260509262,1,0.601340890938151,1,"Oligodendrocyte"
"GSN","GSN-207",-0.0196709867632308,1,1,1,"Oligodendrocyte"
"GSN","GSN-203",0.423823683990122,1,0.515035240499276,0.987123735128959,"Oligodendrocyte"
"GSN","GSN-204",0.585849878107183,1,0.444028447274706,0.981803694508639,"Oligodendrocyte"
"GTF2I","GTF2I-221",-0.0366540416252974,1,1,1,"Oligodendrocyte"
"GTF2I","GTF2I-215",0.756624827510905,1,0.384386842550612,0.963523459787408,"Oligodendrocyte"
"GTF2I","GTF2I-218",1.04309699619955,1,0.307102284867023,0.940529003384364,"Oligodendrocyte"
"GTF3C5","transcript221553.chr9.nic",2.24006097662527,1,0.134475677041017,0.888677046009816,"Oligodendrocyte"
"GTF3C5","GTF3C5-202",2.24006097662527,1,0.134475677041017,0.888677046009816,"Oligodendrocyte"
"HARS1","HARS1-207",0.443760623165417,1,0.505312925295539,0.987123735128959,"Oligodendrocyte"
"HARS1","HARS1-218",0.443760623165417,1,0.505312925295539,0.987123735128959,"Oligodendrocyte"
"HBP1","HBP1-208",1.36525872243374,1,0.242628174143327,0.92571897266236,"Oligodendrocyte"
"HBP1","HBP1-201",1.36525872243374,1,0.242628174143327,0.92571897266236,"Oligodendrocyte"
"HBS1L","HBS1L-212",0.128508893344588,1,0.719983106608352,1,"Oligodendrocyte"
"HBS1L","HBS1L-205",5.53563008204674,1,0.0186330548778951,0.689788384499334,"Oligodendrocyte"
"HBS1L","HBS1L-203",3.49087808556578,1,0.0617078457157537,0.836623393063797,"Oligodendrocyte"
"HCFC2","transcript147424.chr12.nic",3.73396577312201,1,0.0533166640164475,0.836623393063797,"Oligodendrocyte"
"HCFC2","HCFC2-201",3.73396577312201,1,0.0533166640164475,0.836623393063797,"Oligodendrocyte"
"HCG18","HCG18-235",4.63136196439132,1,0.0313926341464,0.811908126964428,"Oligodendrocyte"
"HCG18","HCG18-246",0.217370975504082,1,0.641050445998006,1,"Oligodendrocyte"
"HCG18","HCG18-242",1.54298583916943,1,0.21417391561252,0.917730617517697,"Oligodendrocyte"
"HCG18","HCG18-257",0.924337104406504,1,0.336338761233691,0.947704091371523,"Oligodendrocyte"
"HDAC5","HDAC5-213",0.580638130932243,1,0.446062302640023,0.98209075514408,"Oligodendrocyte"
"HDAC5","HDAC5-201",0.580638130932243,1,0.446062302640023,0.98209075514408,"Oligodendrocyte"
"HDAC9","transcript27348.chr7.nic",0.0482913251694868,1,0.826063624338531,1,"Oligodendrocyte"
"HDAC9","transcript27390.chr7.nnic",0.0482913251694868,1,0.826063624338531,1,"Oligodendrocyte"
"HDHD2","HDHD2-201",0.454076684480185,1,0.500405332716269,0.987123735128959,"Oligodendrocyte"
"HDHD2","HDHD2-206",0.93743435277463,1,0.332938535065589,0.945148303852849,"Oligodendrocyte"
"HDHD2","HDHD2-205",0.0142157592779313,1,0.905093251308244,1,"Oligodendrocyte"
"HDLBP","HDLBP-204",0.00637061385782545,1,0.936383499107314,1,"Oligodendrocyte"
"HDLBP","HDLBP-201",0.546353802594012,1,0.459811367564687,0.98209075514408,"Oligodendrocyte"
"HDLBP","HDLBP-203",1.04513783600225,1,0.306629550471357,0.940529003384364,"Oligodendrocyte"
"HECTD1","HECTD1-201",0.905495628699214,1,0.341312392566039,0.9518465083715,"Oligodendrocyte"
"HECTD1","HECTD1-228",0.999984199637538,1,0.317314331118271,0.94318886854311,"Oligodendrocyte"
"HECTD1","HECTD1-203",2.91502935708536,1,0.0877578156447694,0.849079714118972,"Oligodendrocyte"
"HECTD4","HECTD4-202",0.129869887174493,1,0.718566982479612,1,"Oligodendrocyte"
"HECTD4","HECTD4-216",0.129869887174493,1,0.718566982479612,1,"Oligodendrocyte"
"HECW2","HECW2-205",0.0630611029111492,1,0.801721566674696,1,"Oligodendrocyte"
"HECW2","HECW2-214",3.10282429654507,1,0.0781565948492463,0.849079714118972,"Oligodendrocyte"
"HECW2","transcript350018.chr2.nic",2.99311458672355,1,0.083619195329467,0.849079714118972,"Oligodendrocyte"
"HELZ","HELZ-202",1.67097663055085,1,0.19612777391322,0.917730617517697,"Oligodendrocyte"
"HELZ","HELZ-201",1.67097663055085,1,0.19612777391322,0.917730617517697,"Oligodendrocyte"
"HEPH","HEPH-211",0.227917155566956,1,0.633072545367618,1,"Oligodendrocyte"
"HEPH","HEPH-212",0.227917155566956,1,0.633072545367618,1,"Oligodendrocyte"
"HERC1","HERC1-201",0.429297676175338,1,0.512333769185543,0.987123735128959,"Oligodendrocyte"
"HERC1","HERC1-205",0.429297676175338,1,0.512333769185543,0.987123735128959,"Oligodendrocyte"
"HEXA","HEXA-201",-0.102839653586216,1,1,1,"Oligodendrocyte"
"HEXA","HEXA-247",-0.0474798439304323,1,1,1,"Oligodendrocyte"
"HEXA","HEXA-244",0.0507806556374817,1,0.82171040015455,1,"Oligodendrocyte"
"HGS","HGS-261",1.17345607366184,1,0.278692246771329,0.92571897266236,"Oligodendrocyte"
"HGS","HGS-201",1.17345607366184,1,0.278692246771329,0.92571897266236,"Oligodendrocyte"
"HGSNAT","HGSNAT-201",0.964367419277295,1,0.326088957123659,0.94318886854311,"Oligodendrocyte"
"HGSNAT","transcript86612.chr8.nic",0.964367419277295,1,0.326088957123659,0.94318886854311,"Oligodendrocyte"
"HHIP","HHIP-201",0.389592153034755,1,0.53251386132086,0.991241525829912,"Oligodendrocyte"
"HHIP","HHIP-202",0.389592153034755,1,0.53251386132086,0.991241525829912,"Oligodendrocyte"
"HID1","HID1-202",0.581916160535684,1,0.445562225818575,0.98209075514408,"Oligodendrocyte"
"HID1","HID1-207",0.581916160535684,1,0.445562225818575,0.98209075514408,"Oligodendrocyte"
"HIPK2","HIPK2-202",-0.0141228990396485,1,1,1,"Oligodendrocyte"
"HIPK2","transcript205143.chr7.nic",3.30291405428943,1,0.0691570961422959,0.849079714118972,"Oligodendrocyte"
"HIPK2","HIPK2-203",1.89517080527003,1,0.168619857099397,0.912531263304659,"Oligodendrocyte"
"HIPK2","transcript205516.chr7.nic",0.0177042183991034,1,0.894148143765535,1,"Oligodendrocyte"
"HM13","HM13-223",3.26092558403377,1,0.0709490687181466,0.849079714118972,"Oligodendrocyte"
"HM13","HM13-201",3.26092558403377,1,0.0709490687181466,0.849079714118972,"Oligodendrocyte"
"HMGN1","HMGN1-204",2.84052972031986,1,0.0919139083727843,0.849079714118972,"Oligodendrocyte"
"HMGN1","HMGN1-216",1.91885532961987,1,0.165982903030339,0.911476842042344,"Oligodendrocyte"
"HMGN1","HMGN1-220",-0.0159641147297407,1,1,1,"Oligodendrocyte"
"HMGN1","HMGN1-212",0.291418884342875,1,0.589312707371654,1,"Oligodendrocyte"
"HMGXB4","HMGXB4-201",0.0459504367153158,1,0.830265918933021,1,"Oligodendrocyte"
"HMGXB4","HMGXB4-203",0.0459504367157706,1,0.830265918932194,1,"Oligodendrocyte"
"HNRNPA1","HNRNPA1-209",1.30477101101224,1,0.253343579149806,0.92571897266236,"Oligodendrocyte"
"HNRNPA1","HNRNPA1-203",1.30477101101224,1,0.253343579149806,0.92571897266236,"Oligodendrocyte"
"HNRNPA2B1","HNRNPA2B1-227",9.31052252939662,1,0.00227841492725692,0.37405629414444,"Oligodendrocyte"
"HNRNPA2B1","HNRNPA2B1-226",7.72566511983678,1,0.00544413005463059,0.553365136328263,"Oligodendrocyte"
"HNRNPA2B1","HNRNPA2B1-222",0.0384963284413971,1,0.844449861451934,1,"Oligodendrocyte"
"HNRNPA2B1","HNRNPA2B1-205",0.00766208842651395,1,0.930247572858652,1,"Oligodendrocyte"
"HNRNPA2B1","HNRNPA2B1-245",2.50187929782624,1,0.113710534838767,0.85681293798615,"Oligodendrocyte"
"HNRNPA2B1","HNRNPA2B1-241",2.46256919536609,1,0.116587943956939,0.862923838495872,"Oligodendrocyte"
"HNRNPA2B1","HNRNPA2B1-202",0.102917761973004,1,0.748355909332873,1,"Oligodendrocyte"
"HNRNPA3","HNRNPA3-211",0.897848657285067,1,0.343359220878717,0.9518465083715,"Oligodendrocyte"
"HNRNPA3","HNRNPA3-205",0.811758797581206,1,0.36760077207103,0.961019149398412,"Oligodendrocyte"
"HNRNPA3","HNRNPA3-207",0.0591224472691465,1,0.807888362882538,1,"Oligodendrocyte"
"HNRNPA3","HNRNPA3-216",-0.0479199981909915,1,1,1,"Oligodendrocyte"
"HNRNPA3","HNRNPA3-218",0.124954151904603,1,0.723722214475029,1,"Oligodendrocyte"
"HNRNPC","HNRNPC-204",0.326472403121556,1,0.567743685310378,0.997607154754473,"Oligodendrocyte"
"HNRNPC","HNRNPC-210",0.326472403121556,1,0.567743685310378,0.997607154754473,"Oligodendrocyte"
"HNRNPDL","HNRNPDL-204",0.0879998739183065,1,0.766735469214029,1,"Oligodendrocyte"
"HNRNPDL","HNRNPDL-206",0.0879998739183065,1,0.766735469214029,1,"Oligodendrocyte"
"HNRNPF","HNRNPF-207",6.01913824110625,1,0.0141515551671464,0.648906180608174,"Oligodendrocyte"
"HNRNPF","HNRNPF-208",0.17802740510524,1,0.67307396659005,1,"Oligodendrocyte"
"HNRNPF","HNRNPF-204",2.67761031304644,1,0.101768339164569,0.849079714118972,"Oligodendrocyte"
"HNRNPF","HNRNPF-203",0.463765943551152,1,0.495869193776006,0.986218906253136,"Oligodendrocyte"
"HNRNPH1","HNRNPH1-203",0.437615254714785,1,0.508275721812286,0.987123735128959,"Oligodendrocyte"
"HNRNPH1","transcript243441.chr5.nnic",0.437615254714785,1,0.508275721812286,0.987123735128959,"Oligodendrocyte"
"HNRNPK","HNRNPK-205",1.46680932028039,1,0.225849786569644,0.921771860563745,"Oligodendrocyte"
"HNRNPK","HNRNPK-212",4.070248571094,1,0.0436448513009004,0.836623393063797,"Oligodendrocyte"
"HNRNPK","HNRNPK-214",2.22119834647219,1,0.136127363184991,0.888677046009816,"Oligodendrocyte"
"HNRNPK","HNRNPK-218",0.728959232348188,1,0.393220749931244,0.963523459787408,"Oligodendrocyte"
"HNRNPK","HNRNPK-220",0.475083864841508,1,0.490657603232,0.986218906253136,"Oligodendrocyte"
"HNRNPK","HNRNPK-202",-0.148803790413695,1,1,1,"Oligodendrocyte"
"HNRNPK","HNRNPK-204",-0.0411798233026275,1,1,1,"Oligodendrocyte"
"HNRNPM","HNRNPM-202",4.0938635937041,1,0.0430391535717836,0.836623393063797,"Oligodendrocyte"
"HNRNPM","HNRNPM-214",0.0522278258022197,1,0.819231064870703,1,"Oligodendrocyte"
"HNRNPM","HNRNPM-201",1.09943031413877,1,0.294391160524858,0.935750797174669,"Oligodendrocyte"
"HNRNPR","HNRNPR-203",0.0332358088753608,1,0.855341877364068,1,"Oligodendrocyte"
"HNRNPR","HNRNPR-202",-0.0551951198622191,1,1,1,"Oligodendrocyte"
"HNRNPR","HNRNPR-210",0.923470181676748,1,0.33656546253422,0.947704091371523,"Oligodendrocyte"
"HNRNPR","HNRNPR-201",-0.0189348574303949,1,1,1,"Oligodendrocyte"
"HNRNPU","HNRNPU-226",0.908055354733733,1,0.340630917341139,0.9518465083715,"Oligodendrocyte"
"HNRNPU","HNRNPU-219",0.445203917064646,1,0.504621381455878,0.987123735128959,"Oligodendrocyte"
"HNRNPU","HNRNPU-203",-0.0195164675697015,1,1,1,"Oligodendrocyte"
"HNRNPU","HNRNPU-205",-0.0480464813463186,1,1,1,"Oligodendrocyte"
"HNRNPU","HNRNPU-217",-0.0419701204609737,1,1,1,"Oligodendrocyte"
"HNRNPU","HNRNPU-209",0.134831622153797,1,0.713474123057117,1,"Oligodendrocyte"
"HNRNPU","HNRNPU-204",0.86508817073809,1,0.352318709433664,0.9518465083715,"Oligodendrocyte"
"HOOK3","HOOK3-201",0.590997326878096,1,0.442033717544147,0.981803694508639,"Oligodendrocyte"
"HOOK3","HOOK3-204",0.590997326878096,1,0.442033717544147,0.981803694508639,"Oligodendrocyte"
"HP1BP3","HP1BP3-203",3.42273125851909,1,0.0643045418230408,0.836623393063797,"Oligodendrocyte"
"HP1BP3","transcript40904.chr1.nic",3.42273125851909,1,0.0643045418230408,0.836623393063797,"Oligodendrocyte"
"HSD17B4","HSD17B4-216",0.418711533723581,1,0.517580665012491,0.987123735128959,"Oligodendrocyte"
"HSD17B4","HSD17B4-211",0.418711533723581,1,0.517580665012491,0.987123735128959,"Oligodendrocyte"
"HSF2","HSF2-202",3.57775952119766,1,0.0585580797194495,0.836623393063797,"Oligodendrocyte"
"HSF2","HSF2-201",3.57775952119766,1,0.0585580797194495,0.836623393063797,"Oligodendrocyte"
"HSP90AA1","HSP90AA1-202",1.79717573335802,1,0.180054310298009,0.917730617517697,"Oligodendrocyte"
"HSP90AA1","HSP90AA1-201",1.79717573335802,1,0.180054310298009,0.917730617517697,"Oligodendrocyte"
"HSP90AB1","HSP90AB1-201",0.241969645561767,1,0.622787138334298,1,"Oligodendrocyte"
"HSP90AB1","HSP90AB1-203",0.241969645561767,1,0.622787138334298,1,"Oligodendrocyte"
"HSP90B1","HSP90B1-234",4.3314110311494,1,0.0374152168942969,0.835975496999202,"Oligodendrocyte"
"HSP90B1","HSP90B1-211",0.241017318619924,1,0.623472317321497,1,"Oligodendrocyte"
"HSP90B1","HSP90B1-201",-0.323044695252975,1,1,1,"Oligodendrocyte"
"HSP90B1","HSP90B1-217",1.11571507952431,1,0.29084298254664,0.930697544149248,"Oligodendrocyte"
"HSP90B1","HSP90B1-202",0.00512158191486378,1,0.942947912816384,1,"Oligodendrocyte"
"HSP90B1","HSP90B1-213",-0.183028314006151,1,1,1,"Oligodendrocyte"
"HSP90B1","HSP90B1-225",0.0808392025628564,1,0.776163354594561,1,"Oligodendrocyte"
"HSP90B1","HSP90B1-212",0.264434749642533,1,0.607089661618797,1,"Oligodendrocyte"
"HSPA12A","HSPA12A-224",-0.139734805945864,1,1,1,"Oligodendrocyte"
"HSPA12A","HSPA12A-201",0.102186757738309,1,0.749221054806678,1,"Oligodendrocyte"
"HSPA12A","HSPA12A-225",0.383885772150734,1,0.535530938523327,0.991241525829912,"Oligodendrocyte"
"HSPA5","HSPA5-201",4.04390448238701e-07,1,0.999492611667061,1,"Oligodendrocyte"
"HSPA5","HSPA5-206",4.04390448238701e-07,1,0.999492611667061,1,"Oligodendrocyte"
"HSPA8","HSPA8-201",0.0670940526142658,1,0.795615799483271,1,"Oligodendrocyte"
"HSPA8","HSPA8-218",0.384429421843379,1,0.535242166063158,0.991241525829912,"Oligodendrocyte"
"HSPA8","HSPA8-224",0.322660949237616,1,0.570012883118162,0.997758945878816,"Oligodendrocyte"
"HSPA9","HSPA9-220",1.58220109918693,1,0.208443927620848,0.917730617517697,"Oligodendrocyte"
"HSPA9","HSPA9-201",3.39699550818204,1,0.0653152866147623,0.836623393063797,"Oligodendrocyte"
"HSPA9","HSPA9-207",2.2905381714445,1,0.130164783022788,0.876663000198263,"Oligodendrocyte"
"HSPA9","HSPA9-211",0.930708884378873,1,0.334678789645342,0.945148303852849,"Oligodendrocyte"
"HSPA9","HSPA9-209",1.3489428249195,1,0.2454630186182,0.92571897266236,"Oligodendrocyte"
"HSPD1","HSPD1-202",-0.283100068491876,1,1,1,"Oligodendrocyte"
"HSPD1","HSPD1-221",4.97049009010698,1,0.0257833407577054,0.782386821396966,"Oligodendrocyte"
"HSPD1","HSPD1-201",0.779069575075482,1,0.377425847908769,0.963523459787408,"Oligodendrocyte"
"HSPD1","HSPD1-211",2.26254594257989,1,0.132536012534515,0.888478449722219,"Oligodendrocyte"
"HSPD1","HSPD1-209",0.422143035646513,1,0.515869643571092,0.987123735128959,"Oligodendrocyte"
"HSPD1","HSPD1-210",3.04924926124932,1,0.0807744729171575,0.849079714118972,"Oligodendrocyte"
"HSPH1","HSPH1-202",1.43987458007769,1,0.23015963718837,0.922533219692286,"Oligodendrocyte"
"HSPH1","HSPH1-201",0.0177185718057444,1,0.894105496351991,1,"Oligodendrocyte"
"HSPH1","HSPH1-209",0.339177029067287,1,0.560304641927532,0.997607154754473,"Oligodendrocyte"
"HTATSF1","HTATSF1-204",0.00325762070769997,1,0.954484996890013,1,"Oligodendrocyte"
"HTATSF1","HTATSF1-201",0.00325762070769997,1,0.954484996890013,1,"Oligodendrocyte"
"HUWE1","HUWE1-216",2.43547405308391,1,0.118618030712467,0.863633867107215,"Oligodendrocyte"
"HUWE1","HUWE1-204",2.43547405308391,1,0.118618030712467,0.863633867107215,"Oligodendrocyte"
"HYCC1","HYCC1-204",4.84653714095748,1,0.0277016924132796,0.793310927049729,"Oligodendrocyte"
"HYCC1","HYCC1-207",4.84653714095748,1,0.0277016924132796,0.793310927049729,"Oligodendrocyte"
"ICOSLG","ICOSLG-217",0.0066070414115984,1,0.935216329143866,1,"Oligodendrocyte"
"ICOSLG","ICOSLG-204",0.00660704141154156,1,0.935216329144144,1,"Oligodendrocyte"
"IDS","IDS-203",0.0512094400351089,1,0.820971964603284,1,"Oligodendrocyte"
"IDS","IDS-201",0.0512094400351089,1,0.820971964603284,1,"Oligodendrocyte"
"IFI16","IFI16-201",0.000221461909973186,1,0.988126642281956,1,"Oligodendrocyte"
"IFI16","IFI16-204",0.000221461909973186,1,0.988126642281956,1,"Oligodendrocyte"
"IFNAR1","IFNAR1-201",0.031309942970438,1,0.859550681471647,1,"Oligodendrocyte"
"IFNAR1","IFNAR1-214",0.031309942970438,1,0.859550681471647,1,"Oligodendrocyte"
"IFRD1","IFRD1-202",0.0514308399890524,1,0.820591950328753,1,"Oligodendrocyte"
"IFRD1","IFRD1-205",0.0514308399890524,1,0.820591950328753,1,"Oligodendrocyte"
"IFT80","IFT80-220",2.66593664436266,1,0.102517457987288,0.849079714118972,"Oligodendrocyte"
"IFT80","IFT80-223",2.66593664436266,1,0.102517457987288,0.849079714118972,"Oligodendrocyte"
"IGSF11","transcript196339.chr3.nnic",0.695419822320048,1,0.404326993390485,0.964569258312113,"Oligodendrocyte"
"IGSF11","IGSF11-202",0.695419822320048,1,0.404326993390485,0.964569258312113,"Oligodendrocyte"
"IGSF8","IGSF8-202",0.365088540896295,1,0.545693682202594,0.99210169654318,"Oligodendrocyte"
"IGSF8","IGSF8-201",0.365088540896295,1,0.545693682202594,0.99210169654318,"Oligodendrocyte"
"IKZF2","transcript377119.chr2.nnic",0.809464600224146,1,0.368278589145479,0.961019149398412,"Oligodendrocyte"
"IKZF2","IKZF2-207",3.86848005072352,1,0.0492010595358062,0.836623393063797,"Oligodendrocyte"
"IKZF2","transcript376579.chr2.nnic",0.968567922506736,1,0.325037594735434,0.94318886854311,"Oligodendrocyte"
"IKZF2","transcript376415.chr2.nic",0.273078468859239,1,0.601274145323138,1,"Oligodendrocyte"
"IKZF2","transcript376586.chr2.nic",0.341027264313198,1,0.559236864847512,0.997607154754473,"Oligodendrocyte"
"IKZF2","transcript376251.chr2.nnic",12.0956636658793,1,0.000505392230076036,0.146797004674393,"Oligodendrocyte"
"IL6ST","IL6ST-208",0.190749031269206,1,0.662293935178923,1,"Oligodendrocyte"
"IL6ST","IL6ST-204",0.656704816320143,1,0.417725683035933,0.969546754007607,"Oligodendrocyte"
"IL6ST","IL6ST-224",1.34470673854639,1,0.246205627900976,0.92571897266236,"Oligodendrocyte"
"IL6ST","IL6ST-213",0.847177078548611,1,0.35735215708622,0.959034644745959,"Oligodendrocyte"
"ILF3","ILF3-202",0.43878245322469,1,0.50771069945848,0.987123735128959,"Oligodendrocyte"
"ILF3","ILF3-216",6.62308022369348,1,0.0100665587424517,0.625655601573369,"Oligodendrocyte"
"ILF3","ILF3-207",3.81415258783625,1,0.0508213065592358,0.836623393063797,"Oligodendrocyte"
"ILVBL","ILVBL-201",0.00490077117785859,1,0.944189275489148,1,"Oligodendrocyte"
"ILVBL","transcript33673.chr19.nic",0.00490077117785859,1,0.944189275489148,1,"Oligodendrocyte"
"IMMT","IMMT-207",4.46458312299887,1,0.0346045327395754,0.818997589981106,"Oligodendrocyte"
"IMMT","IMMT-204",4.46458312299887,1,0.0346045327395754,0.818997589981106,"Oligodendrocyte"
"INF2","INF2-201",3.46520553344163,1,0.0626727182935367,0.836623393063797,"Oligodendrocyte"
"INF2","INF2-202",3.46520553344163,1,0.0626727182935367,0.836623393063797,"Oligodendrocyte"
"INVS","INVS-201",4.71818610776609e-05,1,0.994519449547235,1,"Oligodendrocyte"
"INVS","INVS-202",4.71818610776609e-05,1,0.994519449547235,1,"Oligodendrocyte"
"IP6K2","IP6K2-201",0.988240954939101,1,0.320172680824124,0.94318886854311,"Oligodendrocyte"
"IP6K2","transcript76419.chr3.nic",0.988240954939101,1,0.320172680824124,0.94318886854311,"Oligodendrocyte"
"IPO5","IPO5-222",0.0143294583676834,1,0.904716272459278,1,"Oligodendrocyte"
"IPO5","transcript83090.chr13.nic",0.0143294583676834,1,0.904716272459278,1,"Oligodendrocyte"
"IQGAP1","IQGAP1-201",1.11896880661834,1,0.290140604923161,0.930697544149248,"Oligodendrocyte"
"IQGAP1","IQGAP1-218",1.11896880661834,1,0.290140604923161,0.930697544149248,"Oligodendrocyte"
"IREB2","transcript116954.chr15.nnic",0.544121316076371,1,0.460729720311219,0.98209075514408,"Oligodendrocyte"
"IREB2","IREB2-201",0.544121316076371,1,0.460729720311219,0.98209075514408,"Oligodendrocyte"
"IRF9","IRF9-208",1.04556291763174,1,0.306531204512963,0.940529003384364,"Oligodendrocyte"
"IRF9","IRF9-202",1.04556291763174,1,0.306531204512963,0.940529003384364,"Oligodendrocyte"
"ITGB1","ITGB1-220",1.19546208660722,1,0.274230551011803,0.92571897266236,"Oligodendrocyte"
"ITGB1","ITGB1-229",0.780158326218498,1,0.377092722379775,0.963523459787408,"Oligodendrocyte"
"ITGB1","ITGB1-201",0.924623384660208,1,0.336263943541181,0.947704091371523,"Oligodendrocyte"
"ITGB1","ITGB1-235",2.67484608817767,1,0.101945181551945,0.849079714118972,"Oligodendrocyte"
"ITPRID2","ITPRID2-213",0.0541411525132389,1,0.816007948058605,1,"Oligodendrocyte"
"ITPRID2","ITPRID2-212",3.08992525947724,1,0.0787784265099005,0.849079714118972,"Oligodendrocyte"
"ITPRID2","ITPRID2-205",2.33511968316179,1,0.126485268762152,0.865806028004396,"Oligodendrocyte"
"IVNS1ABP","IVNS1ABP-207",0.107837886970628,1,0.742619226167994,1,"Oligodendrocyte"
"IVNS1ABP","IVNS1ABP-202",1.1831894990346,1,0.276707632219974,0.92571897266236,"Oligodendrocyte"
"IVNS1ABP","IVNS1ABP-204",1.19451481311717,1,0.274420753051549,0.92571897266236,"Oligodendrocyte"
"IWS1","IWS1-201",2.45693872620495,1,0.117006622168932,0.862923838495872,"Oligodendrocyte"
"IWS1","IWS1-212",2.45693872620495,1,0.117006622168932,0.862923838495872,"Oligodendrocyte"
"JADE2","JADE2-216",1.22209491901683,1,0.268949914816457,0.92571897266236,"Oligodendrocyte"
"JADE2","JADE2-217",1.22209491901683,1,0.268949914816457,0.92571897266236,"Oligodendrocyte"
"JAKMIP2","JAKMIP2-206",0.264311252061532,1,0.607173617689051,1,"Oligodendrocyte"
"JAKMIP2","JAKMIP2-201",0.264311252061532,1,0.607173617689051,1,"Oligodendrocyte"
"JAKMIP3","JAKMIP3-205",1.61044002948705,1,0.204429958552603,0.917730617517697,"Oligodendrocyte"
"JAKMIP3","JAKMIP3-203",1.61044002948705,1,0.204429958552603,0.917730617517697,"Oligodendrocyte"
"JMJD1C","JMJD1C-201",0.418902969492081,1,0.517484949303621,0.987123735128959,"Oligodendrocyte"
"JMJD1C","JMJD1C-202",0.563733132402206,1,0.452760005208499,0.98209075514408,"Oligodendrocyte"
"JMJD1C","transcript114660.chr10.nnic",2.56514160187623,1,0.10924277543647,0.85278573390443,"Oligodendrocyte"
"JPX","JPX-265",0.320104833948051,1,0.571544650406748,0.997758945878816,"Oligodendrocyte"
"JPX","JPX-271",0.0536430738961826,1,0.816841138031933,1,"Oligodendrocyte"
"JPX","JPX-246",0.192651459554781,1,0.660718932233492,1,"Oligodendrocyte"
"KANK1","KANK1-224",-0.0262403120577801,1,1,1,"Oligodendrocyte"
"KANK1","KANK1-217",0.19551676840274,1,0.658364180853387,1,"Oligodendrocyte"
"KANK1","KANK1-201",2.25617981917549,1,0.133081994328959,0.888478449722219,"Oligodendrocyte"
"KANK1","KANK1-206",0.234121724137367,1,0.628484331752858,1,"Oligodendrocyte"
"KANK1","KANK1-211",0.221625745956317,1,0.637803963812157,1,"Oligodendrocyte"
"KANK1","KANK1-241",0.242823892767774,1,0.6221739489483,1,"Oligodendrocyte"
"KANSL1","KANSL1-217",0.240276598445007,1,0.624006412158211,1,"Oligodendrocyte"
"KANSL1","KANSL1-221",2.83419524277974,1,0.0922770185305965,0.849079714118972,"Oligodendrocyte"
"KANSL1","KANSL1-226",6.67495553272079,1,0.00977769516399079,0.625655601573369,"Oligodendrocyte"
"KANSL1","KANSL1-228",0.707616394044408,1,0.400236248756977,0.963523459787408,"Oligodendrocyte"
"KAT2A","KAT2A-201",0.115396996668665,1,0.734081456655752,1,"Oligodendrocyte"
"KAT2A","KAT2A-202",0.115396996668665,1,0.734081456655752,1,"Oligodendrocyte"
"KAT6A","KAT6A-211",1.01893316283713,1,0.312772199631445,0.94318886854311,"Oligodendrocyte"
"KAT6A","KAT6A-207",0.366080010634278,1,0.545148790384571,0.99210169654318,"Oligodendrocyte"
"KAT6A","KAT6A-216",0.0900048346675248,1,0.764171009434444,1,"Oligodendrocyte"
"KAT7","KAT7-221",0.0380041105973987,1,0.845434885492085,1,"Oligodendrocyte"
"KAT7","KAT7-220",0.0380041105973987,1,0.845434885492085,1,"Oligodendrocyte"
"KBTBD3","KBTBD3-201",0.948464286342073,1,0.330110508280775,0.945032054031998,"Oligodendrocyte"
"KBTBD3","KBTBD3-205",0.948464286342073,1,0.330110508280775,0.945032054031998,"Oligodendrocyte"
"KCNH8","KCNH8-201",0.944270476178644,1,0.331181998967811,0.945148303852849,"Oligodendrocyte"
"KCNH8","KCNH8-202",0.944270476178644,1,0.331181998967811,0.945148303852849,"Oligodendrocyte"
"KCNK10","KCNK10-202",1.28051991177279,1,0.257802388882714,0.92571897266236,"Oligodendrocyte"
"KCNK10","KCNK10-203",1.28051991177279,1,0.257802388882714,0.92571897266236,"Oligodendrocyte"
"KCTD18","KCTD18-205",1.04004993363026,1,0.307809858953061,0.940529003384364,"Oligodendrocyte"
"KCTD18","KCTD18-202",1.04004993363026,1,0.307809858953061,0.940529003384364,"Oligodendrocyte"
"KCTD7","KCTD7-201",0.737232928066987,1,0.390548714245133,0.963523459787408,"Oligodendrocyte"
"KCTD7","KCTD7-206",0.737232928066987,1,0.390548714245133,0.963523459787408,"Oligodendrocyte"
"KDM4C","transcript9765.chr9.nnic",0.740581472588701,1,0.38947467537009,0.963523459787408,"Oligodendrocyte"
"KDM4C","KDM4C-201",0.740581472588701,1,0.38947467537009,0.963523459787408,"Oligodendrocyte"
"KIAA1191","KIAA1191-202",0.129859237012738,1,0.718578031434764,1,"Oligodendrocyte"
"KIAA1191","KIAA1191-201",0.129859237012738,1,0.718578031434764,1,"Oligodendrocyte"
"KIAA2026","KIAA2026-201",1.30538971503816,1,0.25323107208678,0.92571897266236,"Oligodendrocyte"
"KIAA2026","KIAA2026-202",1.30538971503816,1,0.25323107208678,0.92571897266236,"Oligodendrocyte"
"KIDINS220","KIDINS220-217",2.1605967505584,1,0.141589692762933,0.888677046009816,"Oligodendrocyte"
"KIDINS220","KIDINS220-206",0.450957567763908,1,0.501880571154959,0.987123735128959,"Oligodendrocyte"
"KIDINS220","KIDINS220-232",4.98838359421461,1,0.0255180350564935,0.782386821396966,"Oligodendrocyte"
"KIDINS220","KIDINS220-220",0.389972152483097,1,0.532314039940435,0.991241525829912,"Oligodendrocyte"
"KIDINS220","KIDINS220-230",1.12111044358608,1,0.289679472329593,0.930697544149248,"Oligodendrocyte"
"KIDINS220","KIDINS220-218",2.09637314056454,1,0.147649006016987,0.891488563291049,"Oligodendrocyte"
"KIF13B","KIF13B-201",3.05252704160011,1,0.0806116239825215,0.849079714118972,"Oligodendrocyte"
"KIF13B","KIF13B-206",3.05252704160011,1,0.0806116239825215,0.849079714118972,"Oligodendrocyte"
"KIF19","KIF19-203",0.294412388561796,1,0.587406743891356,1,"Oligodendrocyte"
"KIF19","KIF19-205",0.00921362440476514,1,0.92353039995607,1,"Oligodendrocyte"
"KIF19","KIF19-202",-0.068700830211128,1,1,1,"Oligodendrocyte"
"KIF19","KIF19-201",0.162623121410434,1,0.686752866073195,1,"Oligodendrocyte"
"KIF21A","KIF21A-201",0.23548349592636,1,0.627487374043488,1,"Oligodendrocyte"
"KIF21A","KIF21A-202",0.23548349592636,1,0.627487374043488,1,"Oligodendrocyte"
"KIF22","KIF22-214",0.133393668796487,1,0.71493899451928,1,"Oligodendrocyte"
"KIF22","KIF22-201",0.133393668796487,1,0.71493899451928,1,"Oligodendrocyte"
"KIFAP3","KIFAP3-201",0.0260393708322226,1,0.87180420455891,1,"Oligodendrocyte"
"KIFAP3","transcript259111.chr1.nic",0.0260393708322226,1,0.87180420455891,1,"Oligodendrocyte"
"KLC1","KLC1-204",1.10266830774663,1,0.293681267189228,0.935750797174669,"Oligodendrocyte"
"KLC1","KLC1-217",-0.0171202674470123,1,1,1,"Oligodendrocyte"
"KLC1","KLC1-206",2.42035664988566,1,0.119767659905439,0.863761575184417,"Oligodendrocyte"
"KLHDC2","KLHDC2-207",0.866742895214543,1,0.351858593881006,0.9518465083715,"Oligodendrocyte"
"KLHDC2","KLHDC2-201",0.866742895214543,1,0.351858593881006,0.9518465083715,"Oligodendrocyte"
"KLHL24","KLHL24-205",3.68571145360329,1,0.0548805534391743,0.836623393063797,"Oligodendrocyte"
"KLHL24","KLHL24-201",3.68571145360329,1,0.0548805534391743,0.836623393063797,"Oligodendrocyte"
"KLHL4","KLHL4-202",1.51021048012194,1,0.219106971784185,0.917730617517697,"Oligodendrocyte"
"KLHL4","KLHL4-203",1.51021048012194,1,0.219106971784185,0.917730617517697,"Oligodendrocyte"
"KLHL42","KLHL42-201",0.0211621612565978,1,0.884338062662745,1,"Oligodendrocyte"
"KLHL42","transcript44618.chr12.nnic",0.0211621612565978,1,0.884338062662745,1,"Oligodendrocyte"
"KMT2C","KMT2C-216",0.443663403643313,1,0.505359565679332,0.987123735128959,"Oligodendrocyte"
"KMT2C","KMT2C-215",0.0262786991415851,1,0.871221546076704,1,"Oligodendrocyte"
"KMT2C","KMT2C-234",0.794820087270182,1,0.372646604871118,0.961800123030307,"Oligodendrocyte"
"KMT2C","KMT2C-266",1.51610812066201,1,0.218209401960379,0.917730617517697,"Oligodendrocyte"
"KMT2C","KMT2C-250",-0.0437601150392766,1,1,1,"Oligodendrocyte"
"KMT2E","KMT2E-206",1.98310389406333,1,0.15906379953387,0.904355558333022,"Oligodendrocyte"
"KMT2E","KMT2E-201",0.0226313831640255,1,0.88041960989525,1,"Oligodendrocyte"
"KMT2E","KMT2E-207",0.0783279032139035,1,0.779576303605094,1,"Oligodendrocyte"
"KMT2E","KMT2E-211",0.704710439727933,1,0.401205430399626,0.963523459787408,"Oligodendrocyte"
"KMT2E","KMT2E-215",0.934568998539135,1,0.333678481250262,0.945148303852849,"Oligodendrocyte"
"KNOP1","KNOP1-202",0.278822776989045,1,0.597473850411122,1,"Oligodendrocyte"
"KNOP1","transcript51396.chr16.nnic",-0.00292142101295667,1,1,1,"Oligodendrocyte"
"KNOP1","transcript51362.chr16.nnic",0.201484203037694,1,0.653525497888705,1,"Oligodendrocyte"
"KRIT1","KRIT1-217",3.53295238725741,1,0.0601605733006179,0.836623393063797,"Oligodendrocyte"
"KRIT1","KRIT1-211",0.368448943841258,1,0.543850942839927,0.99210169654318,"Oligodendrocyte"
"KRIT1","KRIT1-207",-0.274153458434739,1,1,1,"Oligodendrocyte"
"KTN1","KTN1-205",1.73715514997457,1,0.187499692102384,0.917730617517697,"Oligodendrocyte"
"KTN1","KTN1-208",0.00109394541505026,1,0.973614902032072,1,"Oligodendrocyte"
"KTN1","KTN1-207",1.58303626049383,1,0.208323886230073,0.917730617517697,"Oligodendrocyte"
"L3MBTL2","L3MBTL2-206",-0.0183715257580843,1,1,1,"Oligodendrocyte"
"L3MBTL2","L3MBTL2-201",0.259673856050995,1,0.61034430859882,1,"Oligodendrocyte"
"L3MBTL2","L3MBTL2-207",0.639830930672588,1,0.423772026243612,0.973721990262353,"Oligodendrocyte"
"LAMA2","transcript181733.chr6.nnic",1.52198929481449,1,0.217318701686093,0.917730617517697,"Oligodendrocyte"
"LAMA2","LAMA2-210",1.52198929481449,1,0.217318701686093,0.917730617517697,"Oligodendrocyte"
"LAMP2","LAMP2-201",0.440199011034565,1,0.507026416854293,0.987123735128959,"Oligodendrocyte"
"LAMP2","LAMP2-202",0.440199011034565,1,0.507026416854293,0.987123735128959,"Oligodendrocyte"
"LANCL1","LANCL1-205",0.652911046941881,1,0.419073823086002,0.969621786748005,"Oligodendrocyte"
"LANCL1","LANCL1-207",-0.420886769170465,1,1,1,"Oligodendrocyte"
"LANCL1","transcript371255.chr2.nnic",0.329341597156599,1,0.566047036940442,0.997607154754473,"Oligodendrocyte"
"LANCL1","LANCL1-204",0.259244088338164,1,0.610639952380484,1,"Oligodendrocyte"
"LAS1L","LAS1L-212",-0.10991126207054,1,1,1,"Oligodendrocyte"
"LAS1L","LAS1L-220",0.147032576235006,1,0.701387418485847,1,"Oligodendrocyte"
"LAS1L","LAS1L-205",0.516831694681485,1,0.472196328912011,0.984823562153096,"Oligodendrocyte"
"LATS1","LATS1-207",4.20806126360321,1,0.0402322947982645,0.836623393063797,"Oligodendrocyte"
"LATS1","LATS1-202",4.20806126360321,1,0.0402322947982645,0.836623393063797,"Oligodendrocyte"
"LCOR","LCOR-204",0.0726842647677586,1,0.787467850845083,1,"Oligodendrocyte"
"LCOR","LCOR-223",0.198134106394832,1,0.656231175685876,1,"Oligodendrocyte"
"LCOR","LCOR-222",0.0865146743959713,1,0.768655687230386,1,"Oligodendrocyte"
"LCOR","LCOR-203",0.762746103584959,1,0.382470500550194,0.963523459787408,"Oligodendrocyte"
"LCORL","LCORL-203",0.0701977804160379,1,0.791049029583119,1,"Oligodendrocyte"
"LCORL","LCORL-207",0.0701977804160379,1,0.791049029583119,1,"Oligodendrocyte"
"LEMD3","LEMD3-201",3.5626117111218,1,0.059094691776757,0.836623393063797,"Oligodendrocyte"
"LEMD3","transcript90801.chr12.nic",3.5626117111218,1,0.059094691776757,0.836623393063797,"Oligodendrocyte"
"LIG1","LIG1-206",3.23366262276886,1,0.0721391803922196,0.849079714118972,"Oligodendrocyte"
"LIG1","LIG1-201",3.23366262276886,1,0.0721391803922196,0.849079714118972,"Oligodendrocyte"
"LIMCH1","transcript79299.chr4.nnic",0.871455793001473,1,0.350552598677969,0.9518465083715,"Oligodendrocyte"
"LIMCH1","LIMCH1-208",0.871455793001473,1,0.350552598677969,0.9518465083715,"Oligodendrocyte"
"LINC00320","LINC00320-212",3.12842672923568,1,0.0769379561248291,0.849079714118972,"Oligodendrocyte"
"LINC00320","transcript16323.chr21.nic",3.12842672923568,1,0.0769379561248291,0.849079714118972,"Oligodendrocyte"
"LINC00461","LINC00461-218",0.145096093759093,1,0.703266461455361,1,"Oligodendrocyte"
"LINC00461","LINC00461-237",0.145096093759093,1,0.703266461455361,1,"Oligodendrocyte"
"LINC00632","LINC00632-215",-0.0159879934772107,1,1,1,"Oligodendrocyte"
"LINC00632","LINC00632-201",0.865110101000937,1,0.352312606100561,0.9518465083715,"Oligodendrocyte"
"LINC00632","LINC00632-210",-0.00100236539765319,1,1,1,"Oligodendrocyte"
"LINC00632","LINC00632-212",0.109655176593151,1,0.740537054295148,1,"Oligodendrocyte"
"LINC00639","LINC00639-207",2.01367130802328,1,0.15588768481846,0.904355558333022,"Oligodendrocyte"
"LINC00639","LINC00639-201",0.424343936949413,1,0.514777424315061,0.987123735128959,"Oligodendrocyte"
"LINC00639","LINC00639-210",0.755487139990919,1,0.384744511026118,0.963523459787408,"Oligodendrocyte"
"LINC00667","LINC00667-204",0.237494722566225,1,0.626021442455938,1,"Oligodendrocyte"
"LINC00667","LINC00667-229",0.208604941043632,1,0.647863041010396,1,"Oligodendrocyte"
"LINC00667","LINC00667-217",0.306646627801456,1,0.579745275761048,1,"Oligodendrocyte"
"LINC00844","LINC00844-206",2.53230582596188,1,0.111537119809175,0.85278573390443,"Oligodendrocyte"
"LINC00844","LINC00844-204",2.53230582596188,1,0.111537119809175,0.85278573390443,"Oligodendrocyte"
"LINC02470","LINC02470-202",2.43433912070304,1,0.11870391340801,0.863633867107215,"Oligodendrocyte"
"LINC02470","LINC02470-204",2.43433912070304,1,0.11870391340801,0.863633867107215,"Oligodendrocyte"
"LMAN1","LMAN1-201",0.80473503916312,1,0.369681430617701,0.961019149398412,"Oligodendrocyte"
"LMAN1","transcript62991.chr18.nnic",0.80473503916312,1,0.369681430617701,0.961019149398412,"Oligodendrocyte"
"LMAN2","LMAN2-211",4.77007952924691,1,0.0289584879433898,0.798421510541965,"Oligodendrocyte"
"LMAN2","LMAN2-209",7.01966922697613,1,0.00806191223089857,0.583189885103865,"Oligodendrocyte"
"LMAN2","LMAN2-201",1.09533462331092,1,0.295292244051965,0.935750797174669,"Oligodendrocyte"
"LMBRD1","LMBRD1-223",0.344990752879994,1,0.556962533432977,0.996725367887641,"Oligodendrocyte"
"LMBRD1","LMBRD1-229",0.344990752879994,1,0.556962533432977,0.996725367887641,"Oligodendrocyte"
"LMNA","LMNA-238",0.155584231677494,1,0.693254983460067,1,"Oligodendrocyte"
"LMNA","LMNA-242",0.22445305774454,1,0.635667659463951,1,"Oligodendrocyte"
"LMNA","LMNA-205",0.557119743855765,1,0.455423074927454,0.98209075514408,"Oligodendrocyte"
"LPAR1","LPAR1-202",0.0946294393762059,1,0.758372273038147,1,"Oligodendrocyte"
"LPAR1","LPAR1-203",0.0946294393762059,1,0.758372273038147,1,"Oligodendrocyte"
"LPGAT1","transcript311605.chr1.nnic",0.880696635277673,1,0.348010947630715,0.9518465083715,"Oligodendrocyte"
"LPGAT1","LPGAT1-202",0.880696635277673,1,0.348010947630715,0.9518465083715,"Oligodendrocyte"
"LRATD2","LRATD2-201",4.94890576827652,1,0.0261071873665301,0.782386821396966,"Oligodendrocyte"
"LRATD2","transcript177298.chr8.nic",4.94890576827652,1,0.0261071873665301,0.782386821396966,"Oligodendrocyte"
"LRBA","LRBA-201",0.458646300347937,1,0.498257306912944,0.986218906253136,"Oligodendrocyte"
"LRBA","LRBA-209",0.458646300347937,1,0.498257306912944,0.986218906253136,"Oligodendrocyte"
"LRP12","LRP12-201",0.0013168980140108,1,0.971051849558723,1,"Oligodendrocyte"
"LRP12","LRP12-202",0.0013168980140108,1,0.971051849558723,1,"Oligodendrocyte"
"LRP2","LRP2-206",0.220229860133259,1,0.638864832284438,1,"Oligodendrocyte"
"LRP2","LRP2-205",0.220229860133259,1,0.638864832284438,1,"Oligodendrocyte"
"LRPPRC","LRPPRC-260",0.540449907864513,1,0.462246329850782,0.98209075514408,"Oligodendrocyte"
"LRPPRC","LRPPRC-201",0.889516502046263,1,0.345608364883371,0.9518465083715,"Oligodendrocyte"
"LRPPRC","LRPPRC-253",0.0171618860463241,1,0.895772632163183,1,"Oligodendrocyte"
"LRRC1","LRRC1-202",1.53060918597873,1,0.216021039812929,0.917730617517697,"Oligodendrocyte"
"LRRC1","LRRC1-203",1.53060918597873,1,0.216021039812929,0.917730617517697,"Oligodendrocyte"
"LRRC7","LRRC7-205",0.00144431892505281,1,0.969684336402428,1,"Oligodendrocyte"
"LRRC7","LRRC7-214",0.00144431892505281,1,0.969684336402428,1,"Oligodendrocyte"
"LSM14A","LSM14A-203",0.342478403684822,1,0.558402121909045,0.997607154754473,"Oligodendrocyte"
"LSM14A","LSM14A-201",0.342478403684822,1,0.558402121909045,0.997607154754473,"Oligodendrocyte"
"LSM8","LSM8-201",0.860421455145229,1,0.353620777240843,0.9518465083715,"Oligodendrocyte"
"LSM8","LSM8-204",0.860421455145229,1,0.353620777240843,0.9518465083715,"Oligodendrocyte"
"LUC7L2","LUC7L2-202",0.535160044834583,1,0.464445511628063,0.98209075514408,"Oligodendrocyte"
"LUC7L2","LUC7L2-207",0.128646064091754,1,0.719839996968277,1,"Oligodendrocyte"
"LUC7L2","transcript205062.chr7.nnic",0.941380002860569,1,0.331923192765694,0.945148303852849,"Oligodendrocyte"
"LUC7L2","LUC7L2-206",0.0589902360513861,1,0.808099090399665,1,"Oligodendrocyte"
"LUC7L3","LUC7L3-208",0.949019672363647,1,0.329968956851862,0.945032054031998,"Oligodendrocyte"
"LUC7L3","LUC7L3-202",2.28957303771676,1,0.130245747645981,0.876663000198263,"Oligodendrocyte"
"LUC7L3","LUC7L3-201",2.31846954374487,1,0.127845757377207,0.869811855596999,"Oligodendrocyte"
"LZTS2","LZTS2-205",0.554116461288856,1,0.456640571405824,0.98209075514408,"Oligodendrocyte"
"LZTS2","LZTS2-202",0.554116461288856,1,0.456640571405824,0.98209075514408,"Oligodendrocyte"
"MACF1","MACF1-204",0.711871588546273,1,0.398823189186498,0.963523459787408,"Oligodendrocyte"
"MACF1","MACF1-226",1.23164156452185,1,0.267088030249071,0.92571897266236,"Oligodendrocyte"
"MACF1","MACF1-239",0.0729995643050643,1,0.787018458604357,1,"Oligodendrocyte"
"MACF1","MACF1-234",0.4216344032302,1,0.516122633480496,0.987123735128959,"Oligodendrocyte"
"MACF1","MACF1-247",2.80550208418754,1,0.0939414309136446,0.849079714118972,"Oligodendrocyte"
"MACF1","MACF1-235",0.0343374820949975,1,0.852990791959999,1,"Oligodendrocyte"
"MACF1","MACF1-256",0.0465959867506172,1,0.829096070015445,1,"Oligodendrocyte"
"MACF1","MACF1-223",-0.282850675017471,1,1,1,"Oligodendrocyte"
"MACF1","MACF1-214",1.38386398302646,1,0.239444065451291,0.92571897266236,"Oligodendrocyte"
"MACF1","MACF1-225",0.0152660860385367,1,0.901666829468485,1,"Oligodendrocyte"
"MACF1","MACF1-258",0.602427631780301,1,0.437653270801768,0.981803694508639,"Oligodendrocyte"
"MACF1","MACF1-205",0.160317670910445,1,0.688864213240901,1,"Oligodendrocyte"
"MAG","MAG-201",0.244982418880682,1,0.620630483107028,1,"Oligodendrocyte"
"MAG","MAG-202",0.244982418880682,1,0.620630483107028,1,"Oligodendrocyte"
"MAGED1","MAGED1-204",0.865121546273599,1,0.352309420864915,0.9518465083715,"Oligodendrocyte"
"MAGED1","MAGED1-201",0.865121546273599,1,0.352309420864915,0.9518465083715,"Oligodendrocyte"
"MAGED2","MAGED2-204",0.00298256416499498,1,0.956446895530133,1,"Oligodendrocyte"
"MAGED2","MAGED2-206",0.00298256416499498,1,0.956446895530133,1,"Oligodendrocyte"
"MAGI2-AS3","MAGI2-AS3-206",-0.203365163775061,1,1,1,"Oligodendrocyte"
"MAGI2-AS3","MAGI2-AS3-245",0.577502545607786,1,0.447292911673895,0.98209075514408,"Oligodendrocyte"
"MAGI2-AS3","transcript111283.chr7.nic",1.90065282479122,1,0.168005265376449,0.911476842042344,"Oligodendrocyte"
"MALAT1","MALAT1-233",1.96424260362983,1,0.161060305535968,0.904355558333022,"Oligodendrocyte"
"MALAT1","MALAT1-202",1.29622673336416,1,0.254903606133236,0.92571897266236,"Oligodendrocyte"
"MALAT1","MALAT1-260",0.929830806795508,1,0.334906893685146,0.945148303852849,"Oligodendrocyte"
"MALAT1","MALAT1-201",0.566451419668738,1,0.451672483416717,0.98209075514408,"Oligodendrocyte"
"MALAT1","MALAT1-211",0.758977620804217,1,0.383648663076404,0.963523459787408,"Oligodendrocyte"
"MALAT1","MALAT1-239",0.30832944996655,1,0.578707115264098,1,"Oligodendrocyte"
"MALAT1","transcript88344.chr11.nnic",0.453271954262163,1,0.500785237016142,0.987123735128959,"Oligodendrocyte"
"MALAT1","MALAT1-223",0.20367273548618,1,0.651772510154656,1,"Oligodendrocyte"
"MALAT1","transcript87647.chr11.nnic",0.040077700978145,1,0.841328735778356,1,"Oligodendrocyte"
"MAN1B1","MAN1B1-202",0.0549984977999429,1,0.814583182731708,1,"Oligodendrocyte"
"MAN1B1","MAN1B1-239",3.89589043121373,1,0.0484043738476584,0.836623393063797,"Oligodendrocyte"
"MAN1B1","MAN1B1-209",8.14185869701805,1,0.0043254922778127,0.494941177000629,"Oligodendrocyte"
"MAN2A1","MAN2A1-203",0.504336011563282,1,0.477601086979255,0.984823562153096,"Oligodendrocyte"
"MAN2A1","MAN2A1-201",0.504336011563282,1,0.477601086979255,0.984823562153096,"Oligodendrocyte"
"MAP1A","MAP1A-201",0.0280945721515309,1,0.866886676970513,1,"Oligodendrocyte"
"MAP1A","MAP1A-202",0.0280945721515309,1,0.866886676970513,1,"Oligodendrocyte"
"MAP1B","MAP1B-201",1.18442847206097,1,0.27645628720289,0.92571897266236,"Oligodendrocyte"
"MAP1B","MAP1B-203",0.256204651581356,1,0.612739682855871,1,"Oligodendrocyte"
"MAP1B","transcript99327.chr5.nnic",-0.0178975681301381,1,1,1,"Oligodendrocyte"
"MAP3K11","MAP3K11-201",0.137534752466649,1,0.710744206555041,1,"Oligodendrocyte"
"MAP3K11","MAP3K11-206",0.137534752466649,1,0.710744206555041,1,"Oligodendrocyte"
"MAP4K4","MAP4K4-217",0.0585648460891548,1,0.808778808688595,1,"Oligodendrocyte"
"MAP4K4","MAP4K4-211",0.0585648460891548,1,0.808778808688595,1,"Oligodendrocyte"
"MAP4K5","MAP4K5-201",0.653739948983912,1,0.418778715294203,0.969546754007607,"Oligodendrocyte"
"MAP4K5","MAP4K5-204",0.258940252628236,1,0.610849151864426,1,"Oligodendrocyte"
"MAP4K5","MAP4K5-210",0.44981805226962,1,0.502421371095679,0.987123735128959,"Oligodendrocyte"
"MAP7","MAP7-201",1.82599840946563,1,0.176600925526839,0.912531263304659,"Oligodendrocyte"
"MAP7","transcript188150.chr6.nic",3.94572538610413,1,0.04699059040329,0.836623393063797,"Oligodendrocyte"
"MAP7","MAP7-208",0.905670802822101,1,0.341265697505872,0.9518465083715,"Oligodendrocyte"
"MAPK10","MAPK10-255",0.324668047466957,1,0.568815732040885,0.997607154754473,"Oligodendrocyte"
"MAPK10","MAPK10-234",0.324668047466957,1,0.568815732040885,0.997607154754473,"Oligodendrocyte"
"MAPRE2","MAPRE2-202",0.0282043204992988,1,0.866629364542007,1,"Oligodendrocyte"
"MAPRE2","MAPRE2-201",0.0282043204992988,1,0.866629364542007,1,"Oligodendrocyte"
"MAPT","MAPT-220",-0.0383647903304336,1,1,1,"Oligodendrocyte"
"MAPT","MAPT-213",1.63749188860561,1,0.200669938608037,0.917730617517697,"Oligodendrocyte"
"MAPT","MAPT-223",0.226125255348052,1,0.634411897073823,1,"Oligodendrocyte"
"MAPT","MAPT-222",-0.0601783738409267,1,1,1,"Oligodendrocyte"
"MARCHF1","transcript197227.chr4.nnic",0.109241075087994,1,0.74100982064914,1,"Oligodendrocyte"
"MARCHF1","MARCHF1-201",0.554705805055164,1,0.456401254178099,0.98209075514408,"Oligodendrocyte"
"MARCHF1","transcript200081.chr4.nic",-0.00231856173195411,1,1,1,"Oligodendrocyte"
"MARCHF6","MARCHF6-210",2.88891726579186,1,0.0891908474376165,0.849079714118972,"Oligodendrocyte"
"MARCHF6","MARCHF6-201",2.88891726579186,1,0.0891908474376165,0.849079714118972,"Oligodendrocyte"
"MARK3","MARK3-227",5.6529446044791,1,0.0174260865263376,0.665417954913394,"Oligodendrocyte"
"MARK3","MARK3-205",5.6529446044791,1,0.0174260865263376,0.665417954913394,"Oligodendrocyte"
"MAT2A","MAT2A-201",0.303025905544018,1,0.581991638927049,1,"Oligodendrocyte"
"MAT2A","MAT2A-202",0.303025905544018,1,0.581991638927049,1,"Oligodendrocyte"
"MATR3","MATR3-206",2.19206936879345,1,0.138722829509734,0.888677046009816,"Oligodendrocyte"
"MATR3","MATR3-215",0.1128528139634,1,0.736919333380178,1,"Oligodendrocyte"
"MATR3","MATR3-203",2.64562972210297,1,0.103835004442377,0.849079714118972,"Oligodendrocyte"
"MATR3","MATR3-202",0.844042224131044,1,0.358243245938744,0.960743250472087,"Oligodendrocyte"
"MATR3","MATR3-210",1.55714131181776,1,0.212084278540224,0.917730617517697,"Oligodendrocyte"
"MATR3","MATR3-227",0.023037932060106,1,0.879358472828046,1,"Oligodendrocyte"
"MATR3","MATR3-201",-0.0526963683823851,1,1,1,"Oligodendrocyte"
"MBD4","MBD4-206",0.203470948168729,1,0.651933663761941,1,"Oligodendrocyte"
"MBD4","MBD4-203",0.594818443050684,1,0.440561882172994,0.981803694508639,"Oligodendrocyte"
"MBD4","MBD4-201",1.60656049671874,1,0.204975964985721,0.917730617517697,"Oligodendrocyte"
"MBIP","transcript23536.chr14.nic",0.607577150769117,1,0.435701516775725,0.98104289048607,"Oligodendrocyte"
"MBIP","MBIP-203",0.607577150769117,1,0.435701516775725,0.98104289048607,"Oligodendrocyte"
"MBNL2","MBNL2-211",0.825533024091783,1,0.363567390268428,0.961019149398412,"Oligodendrocyte"
"MBNL2","MBNL2-201",1.07543336812887,1,0.299721393594728,0.936847468989248,"Oligodendrocyte"
"MBNL2","MBNL2-203",-0.0245762852719054,1,1,1,"Oligodendrocyte"
"MBOAT2","transcript12549.chr2.nnic",1.51257272170392,1,0.218746931206964,0.917730617517697,"Oligodendrocyte"
"MBOAT2","MBOAT2-201",1.51257272170392,1,0.218746931206964,0.917730617517697,"Oligodendrocyte"
"MBP","MBP-247",0.0024057415430434,1,0.960880757198346,1,"Oligodendrocyte"
"MBP","MBP-207",0.750223815834033,1,0.386405378608,0.963523459787408,"Oligodendrocyte"
"MBP","MBP-220",0.161159929746646,1,0.688090835427059,1,"Oligodendrocyte"
"MBP","MBP-202",0.963279344607145,1,0.326362029948355,0.94318886854311,"Oligodendrocyte"
"MBP","MBP-218",0.759042325429618,1,0.383628390696769,0.963523459787408,"Oligodendrocyte"
"MBTPS1","MBTPS1-205",0.980760424693472,1,0.322011141645051,0.94318886854311,"Oligodendrocyte"
"MBTPS1","MBTPS1-201",0.980760424693472,1,0.322011141645051,0.94318886854311,"Oligodendrocyte"
"MBTPS2","MBTPS2-201",3.46986164867917,1,0.0624965376164469,0.836623393063797,"Oligodendrocyte"
"MBTPS2","MBTPS2-202",3.46986164867917,1,0.0624965376164469,0.836623393063797,"Oligodendrocyte"
"MCAM","MCAM-201",0.500296919881293,1,0.479369687222318,0.984823562153096,"Oligodendrocyte"
"MCAM","MCAM-208",0.500296919881293,1,0.479369687222318,0.984823562153096,"Oligodendrocyte"
"MCM3AP","MCM3AP-207",0.639347751049513,1,0.423947084669587,0.973721990262353,"Oligodendrocyte"
"MCM3AP","transcript48053.chr21.nnic",0.639347751049968,1,0.423947084669422,0.973721990262353,"Oligodendrocyte"
"MCM7","MCM7-203",0.0842593509157723,1,0.771606159070636,1,"Oligodendrocyte"
"MCM7","MCM7-201",0.0842593509157723,1,0.771606159070636,1,"Oligodendrocyte"
"MCM9","MCM9-202",1.29028243411858,1,0.255995908176625,0.92571897266236,"Oligodendrocyte"
"MCM9","MCM9-201",1.29028243411858,1,0.255995908176625,0.92571897266236,"Oligodendrocyte"
"MDM4","MDM4-203",0.226277413017897,1,0.63429791479247,1,"Oligodendrocyte"
"MDM4","MDM4-205",0.703062256224484,1,0.401756640923948,0.963523459787408,"Oligodendrocyte"
"MDM4","MDM4-207",0.0311948603864494,1,0.859806358545249,1,"Oligodendrocyte"
"MDN1","MDN1-220",2.05966210649694,1,0.151243704575632,0.901316992331601,"Oligodendrocyte"
"MDN1","MDN1-201",1.25334722186381,1,0.262914137700865,0.92571897266236,"Oligodendrocyte"
"MDN1","MDN1-208",0.0980813199030308,1,0.754144388423443,1,"Oligodendrocyte"
"MEF2C","MEF2C-221",0.398180436359382,1,0.528030454455741,0.991241525829912,"Oligodendrocyte"
"MEF2C","MEF2C-203",0.398180436359382,1,0.528030454455741,0.991241525829912,"Oligodendrocyte"
"MEG3","MEG3-210",0.80501445202799,1,0.369598346887609,0.961019149398412,"Oligodendrocyte"
"MEG3","MEG3-220",1.14213280284366,1,0.285202106255525,0.930697544149248,"Oligodendrocyte"
"MEG3","MEG3-209",0.167304454904752,1,0.682518619582449,1,"Oligodendrocyte"
"MET","MET-202",2.71009148501793,1,0.0997152728439687,0.849079714118972,"Oligodendrocyte"
"MET","transcript173146.chr7.nic",2.71009148501793,1,0.0997152728439687,0.849079714118972,"Oligodendrocyte"
"MFF","MFF-216",0.416819338769074,1,0.518528414271011,0.987123735128959,"Oligodendrocyte"
"MFF","transcript391309.chr2.nic",0.0887142190955501,1,0.765818167847575,1,"Oligodendrocyte"
"MFF","MFF-201",0.193178317236061,1,0.660284392304814,1,"Oligodendrocyte"
"MGA","MGA-209",0.601500906517686,1,0.43800593459942,0.981803694508639,"Oligodendrocyte"
"MGA","MGA-201",0.824659538933702,1,0.363821338929209,0.961019149398412,"Oligodendrocyte"
"MGA","MGA-208",0.0886010901140253,1,0.765963169877619,1,"Oligodendrocyte"
"MGA","MGA-210",-0.158130539450212,1,1,1,"Oligodendrocyte"
"MGA","MGA-202",0.0359378685461706,1,0.849643857559548,1,"Oligodendrocyte"
"MGAT1","MGAT1-203",0.182979551308733,1,0.668825067074812,1,"Oligodendrocyte"
"MGAT1","MGAT1-201",0.182979551308733,1,0.668825067074812,1,"Oligodendrocyte"
"MGRN1","MGRN1-202",0.0795490080308809,1,0.777909513724856,1,"Oligodendrocyte"
"MGRN1","MGRN1-203",0.0795490080308809,1,0.777909513724856,1,"Oligodendrocyte"
"MIDEAS","MIDEAS-202",0.930962525446489,1,0.334612938289935,0.945148303852849,"Oligodendrocyte"
"MIDEAS","MIDEAS-204",0.930962525446489,1,0.334612938289935,0.945148303852849,"Oligodendrocyte"
"MIGA1","MIGA1-205",2.84400860374308,1,0.0917151494898929,0.849079714118972,"Oligodendrocyte"
"MIGA1","MIGA1-209",0.272991336020596,1,0.601332180868659,1,"Oligodendrocyte"
"MIGA1","MIGA1-202",2.39648180006157,1,0.121608470629122,0.864771346695979,"Oligodendrocyte"
"MINDY1","MINDY1-203",0.0183042870243071,1,0.892379952983284,1,"Oligodendrocyte"
"MINDY1","MINDY1-207",0.0183042870243071,1,0.892379952983284,1,"Oligodendrocyte"
"MIR100HG","MIR100HG-297",2.70190748498976,1,0.100228266698094,0.849079714118972,"Oligodendrocyte"
"MIR100HG","MIR100HG-208",2.70190748498976,1,0.100228266698094,0.849079714118972,"Oligodendrocyte"
"MIR181A1HG","MIR181A1HG-206",2.63456146147928,1,0.104560928777892,0.849079714118972,"Oligodendrocyte"
"MIR181A1HG","MIR181A1HG-203",1.57045077169369,1,0.210141562813635,0.917730617517697,"Oligodendrocyte"
"MIR181A1HG","MIR181A1HG-207",1.51619905901816,1,0.218195596305985,0.917730617517697,"Oligodendrocyte"
"MKRN1","MKRN1-201",0.493092311383407,1,0.482551128388205,0.984925978807494,"Oligodendrocyte"
"MKRN1","MKRN1-209",0.493092311383407,1,0.482551128388205,0.984925978807494,"Oligodendrocyte"
"MLH3","MLH3-202",0.0139029706244855,1,0.906138289188462,1,"Oligodendrocyte"
"MLH3","MLH3-210",0.0139029706244855,1,0.906138289188462,1,"Oligodendrocyte"
"MLYCD","MLYCD-201",0.238648074315051,1,0.625184256256589,1,"Oligodendrocyte"
"MLYCD","MLYCD-205",0.238648074315051,1,0.625184256256589,1,"Oligodendrocyte"
"MOAP1","MOAP1-202",1.79541722515296,1,0.180267518876038,0.917730617517697,"Oligodendrocyte"
"MOAP1","MOAP1-201",1.79541722515296,1,0.180267518876038,0.917730617517697,"Oligodendrocyte"
"MOBP","MOBP-212",0.869588894109256,1,0.351069145259622,0.9518465083715,"Oligodendrocyte"
"MOBP","MOBP-202",0.869588894109256,1,0.351069145259622,0.9518465083715,"Oligodendrocyte"
"MOCS1","MOCS1-203",1.10809395413474,1,0.292496656174962,0.932827173747177,"Oligodendrocyte"
"MOCS1","transcript55283.chr6.nnic",1.10809395413474,1,0.292496656174962,0.932827173747177,"Oligodendrocyte"
"MOG","MOG-218",0.000144004881803994,1,0.990425452772715,1,"Oligodendrocyte"
"MOG","MOG-221",0.000144004881803994,1,0.990425452772715,1,"Oligodendrocyte"
"MON2","MON2-214",0.5091610445279,1,0.475502259172669,0.984823562153096,"Oligodendrocyte"
"MON2","transcript87508.chr12.nnic",6.07550996721511,1,0.0137068723568034,0.648906180608174,"Oligodendrocyte"
"MON2","MON2-203",2.07891247749535,1,0.149346547807973,0.893712463586224,"Oligodendrocyte"
"MPDZ","transcript19349.chr9.nic",-0.0522274737562611,1,1,1,"Oligodendrocyte"
"MPDZ","transcript19326.chr9.nnic",0.394171984800778,1,0.530114541081192,0.991241525829912,"Oligodendrocyte"
"MPDZ","MPDZ-202",0.167783165553828,1,0.682089540435424,1,"Oligodendrocyte"
"MRFAP1","MRFAP1-204",0.93393635859843,1,0.333842149379106,0.945148303852849,"Oligodendrocyte"
"MRFAP1","MRFAP1-201",2.95530611857612,1,0.085596095521738,0.849079714118972,"Oligodendrocyte"
"MRFAP1","MRFAP1-202",1.06330223758687,1,0.302463227733281,0.939227917698084,"Oligodendrocyte"
"MRFAP1L1","MRFAP1L1-201",0.0403052339579517,1,0.840884963193468,1,"Oligodendrocyte"
"MRFAP1L1","MRFAP1L1-202",0.0403052339579517,1,0.840884963193468,1,"Oligodendrocyte"
"MRPL42","MRPL42-206",1.46515165080189,1,0.226112214672847,0.921771860563745,"Oligodendrocyte"
"MRPL42","MRPL42-208",1.46515165080189,1,0.226112214672847,0.921771860563745,"Oligodendrocyte"
"MRPS22","MRPS22-224",0.786090447648746,1,0.375284912445304,0.961851612072165,"Oligodendrocyte"
"MRPS22","MRPS22-219",0.786090447648746,1,0.375284912445304,0.961851612072165,"Oligodendrocyte"
"MSL1","MSL1-202",0.0962136957293183,1,0.756421549563577,1,"Oligodendrocyte"
"MSL1","MSL1-203",1.42030146884798,1,0.233353789162194,0.922663777881094,"Oligodendrocyte"
"MSL1","MSL1-201",0.170192218959301,1,0.679941033103248,1,"Oligodendrocyte"
"MTCH1","MTCH1-234",6.04841141279212,1,0.0139188139929101,0.648906180608174,"Oligodendrocyte"
"MTCH1","MTCH1-230",0.0232537293704809,1,0.87879910839053,1,"Oligodendrocyte"
"MTCH1","MTCH1-229",3.29398666834095,1,0.0695340000873618,0.849079714118972,"Oligodendrocyte"
"MTCH1","MTCH1-202",1.61756176314339,1,0.203432100321412,0.917730617517697,"Oligodendrocyte"
"MTHFD1","MTHFD1-220",0.252707016966497,1,0.615175400655919,1,"Oligodendrocyte"
"MTHFD1","MTHFD1-211",0.252707016966497,1,0.615175400655919,1,"Oligodendrocyte"
"MTMR10","MTMR10-201",0.535889922840852,1,0.464141084929125,0.98209075514408,"Oligodendrocyte"
"MTMR10","MTMR10-205",0.535889922840852,1,0.464141084929125,0.98209075514408,"Oligodendrocyte"
"MTMR2","MTMR2-201",4.41106420530423,1,0.0357065590767685,0.818997589981106,"Oligodendrocyte"
"MTMR2","transcript153349.chr11.nic",-0.0529661180303265,1,1,1,"Oligodendrocyte"
"MTMR2","MTMR2-202",-0.0131780657609397,1,1,1,"Oligodendrocyte"
"MTMR2","MTMR2-236",2.57860345131598,1,0.108317189214551,0.85278573390443,"Oligodendrocyte"
"MTRF1L","MTRF1L-203",0.737221868810025,1,0.390552268498519,0.963523459787408,"Oligodendrocyte"
"MTRF1L","MTRF1L-211",0.0245862445367493,1,0.875402461449797,1,"Oligodendrocyte"
"MTRF1L","MTRF1L-208",1.18204499969625,1,0.276940067187015,0.92571897266236,"Oligodendrocyte"
"MTRR","MTRR-201",3.4819176898576,1,0.0620428017139923,0.836623393063797,"Oligodendrocyte"
"MTRR","MTRR-202",3.4819176898576,1,0.0620428017139923,0.836623393063797,"Oligodendrocyte"
"MTUS1","MTUS1-202",2.48664063918841,1,0.114816564253441,0.85681293798615,"Oligodendrocyte"
"MTUS1","MTUS1-205",2.48664063918841,1,0.114816564253441,0.85681293798615,"Oligodendrocyte"
"MVP","MVP-202",0.89200892995666,1,0.34493348701297,0.9518465083715,"Oligodendrocyte"
"MVP","MVP-201",0.89200892995666,1,0.34493348701297,0.9518465083715,"Oligodendrocyte"
"MXI1","MXI1-214",0.146547826239384,1,0.701856452591107,1,"Oligodendrocyte"
"MXI1","transcript191821.chr10.nic",0.39377408029236,1,0.53032222627647,0.991241525829912,"Oligodendrocyte"
"MXI1","MXI1-201",-0.00545545555905846,1,1,1,"Oligodendrocyte"
"MYCBP2","MYCBP2-207",3.40543323131737,1,0.0649820485430075,0.836623393063797,"Oligodendrocyte"
"MYCBP2","MYCBP2-210",0.0325028776101135,1,0.856928403431388,1,"Oligodendrocyte"
"MYCBP2","MYCBP2-201",2.30796745801831,1,0.128712259221098,0.872309246678371,"Oligodendrocyte"
"MYH10","MYH10-201",5.80803946972037,1,0.0159530696329392,0.648906180608174,"Oligodendrocyte"
"MYH10","MYH10-214",5.80803946972037,1,0.0159530696329392,0.648906180608174,"Oligodendrocyte"
"MYH7B","MYH7B-207",0.230620391490049,1,0.631064198659945,1,"Oligodendrocyte"
"MYH7B","MYH7B-201",0.230620391490049,1,0.631064198659945,1,"Oligodendrocyte"
"MYLK","MYLK-214",0.43850226052632,1,0.507846237631176,0.987123735128959,"Oligodendrocyte"
"MYLK","MYLK-204",0.052011305314636,1,0.819599695392877,1,"Oligodendrocyte"
"MYLK","MYLK-223",-0.00722531110773161,1,1,1,"Oligodendrocyte"
"MYO18A","MYO18A-203",0.724823942428884,1,0.394566112790071,0.963523459787408,"Oligodendrocyte"
"MYO18A","MYO18A-201",-0.10660638264153,1,1,1,"Oligodendrocyte"
"MYO18A","transcript45293.chr17.nic",-0.0059581899818113,1,1,1,"Oligodendrocyte"
"MYO1D","transcript53748.chr17.nic",1.45502015437296,1,0.227724131341254,0.922533219692286,"Oligodendrocyte"
"MYO1D","transcript51942.chr17.nic",1.08605988325758,1,0.297345863115794,0.936428673165336,"Oligodendrocyte"
"MYO1D","transcript51983.chr17.nic",-0.0079428758758695,1,1,1,"Oligodendrocyte"
"MYO5A","MYO5A-247",2.73595019984214,1,0.0981131289185139,0.849079714118972,"Oligodendrocyte"
"MYO5A","MYO5A-250",1.35499575712163,1,0.244406646953855,0.92571897266236,"Oligodendrocyte"
"MYO5A","MYO5A-233",4.81085267049673,1,0.0282810484691854,0.796934619549582,"Oligodendrocyte"
"MYO6","MYO6-203",0.240588556225703,1,0.623781351290949,1,"Oligodendrocyte"
"MYO6","MYO6-216",1.13287342646072,1,0.287163260773522,0.930697544149248,"Oligodendrocyte"
"MYO6","MYO6-212",0.131493235143353,1,0.716888798082349,1,"Oligodendrocyte"
"MYO6","MYO6-202",0.244588779485639,1,0.620911324561317,1,"Oligodendrocyte"
"MYO6","MYO6-201",4.16512634532955,1,0.0412643353211829,0.836623393063797,"Oligodendrocyte"
"MYO9A","MYO9A-201",0.0749109698630264,1,0.784316188833385,1,"Oligodendrocyte"
"MYO9A","MYO9A-204",0.158464124264583,1,0.69057451435958,1,"Oligodendrocyte"
"MYO9A","transcript105899.chr15.nnic",0.0582204998047473,1,0.809330945842426,1,"Oligodendrocyte"
"MYRF","MYRF-207",0.573040837461122,1,0.44905309248212,0.98209075514408,"Oligodendrocyte"
"MYRF","MYRF-201",1.37403349255055,1,0.241120080983082,0.92571897266236,"Oligodendrocyte"
"MYRF","MYRF-202",1.31246472349949,1,0.251948888200563,0.92571897266236,"Oligodendrocyte"
"MYSM1","MYSM1-219",0.0406712296737624,1,0.840173862841077,1,"Oligodendrocyte"
"MYSM1","MYSM1-212",0.730096377899372,1,0.392851950449038,0.963523459787408,"Oligodendrocyte"
"MYSM1","MYSM1-214",0.0315073308088358,1,0.859113274036391,1,"Oligodendrocyte"
"MYSM1","MYSM1-223",-0.0530086869082425,1,1,1,"Oligodendrocyte"
"N4BP2L2","N4BP2L2-201",1.42421024504074,1,0.232711658603314,0.922533219692286,"Oligodendrocyte"
"N4BP2L2","N4BP2L2-222",-0.51214730315769,1,1,1,"Oligodendrocyte"
"N4BP2L2","N4BP2L2-241",0.0177568010876712,1,0.893991993677826,1,"Oligodendrocyte"
"N4BP2L2","N4BP2L2-245",0.807440718781436,1,0.368877986362332,0.961019149398412,"Oligodendrocyte"
"N4BP2L2","N4BP2L2-210",0.021684790168365,1,0.882928726238207,1,"Oligodendrocyte"
"N4BP2L2","N4BP2L2-208",-0.0540889941112255,1,1,1,"Oligodendrocyte"
"N4BP2L2","N4BP2L2-229",3.87789231965871,1,0.0489259414123773,0.836623393063797,"Oligodendrocyte"
"N4BP2L2","N4BP2L2-237",0.118547056819807,1,0.730615697270191,1,"Oligodendrocyte"
"N6AMT1","N6AMT1-201",0.0422619627381664,1,0.837121231476224,1,"Oligodendrocyte"
"N6AMT1","N6AMT1-202",0.0422619627381664,1,0.837121231476224,1,"Oligodendrocyte"
"NAA15","NAA15-201",1.87333324346179,1,0.171093806766461,0.912531263304659,"Oligodendrocyte"
"NAA15","NAA15-209",1.87333324346179,1,0.171093806766461,0.912531263304659,"Oligodendrocyte"
"NAA25","NAA25-208",0.561934976050907,1,0.453481660294995,0.98209075514408,"Oligodendrocyte"
"NAA25","NAA25-201",0.561934976050907,1,0.453481660294995,0.98209075514408,"Oligodendrocyte"
"NAA60","NAA60-229",0.49548497610408,1,0.481490731049727,0.984823562153096,"Oligodendrocyte"
"NAA60","NAA60-202",3.80852908045154,1,0.0509922122574512,0.836623393063797,"Oligodendrocyte"
"NAA60","NAA60-214",0.265391015714954,1,0.606440410981146,1,"Oligodendrocyte"
"NADSYN1","NADSYN1-201",0.917845870325237,1,0.338041212761349,0.949575751902143,"Oligodendrocyte"
"NADSYN1","NADSYN1-218",0.917845870325237,1,0.338041212761349,0.949575751902143,"Oligodendrocyte"
"NALCN","NALCN-205",0.584330767389815,1,0.444619787502588,0.981803694508639,"Oligodendrocyte"
"NALCN","NALCN-217",0.584330767389815,1,0.444619787502588,0.981803694508639,"Oligodendrocyte"
"NAP1L4","NAP1L4-201",0.301188194714541,1,0.583138486543929,1,"Oligodendrocyte"
"NAP1L4","NAP1L4-222",0.301188194714541,1,0.583138486543929,1,"Oligodendrocyte"
"NAPB","NAPB-201",4.17839622348788,1,0.0409424270472293,0.836623393063797,"Oligodendrocyte"
"NAPB","NAPB-202",4.17839622348788,1,0.0409424270472293,0.836623393063797,"Oligodendrocyte"
"NAPEPLD","NAPEPLD-210",-0.0630875916385776,1,1,1,"Oligodendrocyte"
"NAPEPLD","NAPEPLD-209",1.23225404331333,1,0.266969127770438,0.92571897266236,"Oligodendrocyte"
"NAPEPLD","NAPEPLD-201",0.811892692129277,1,0.367561266728677,0.961019149398412,"Oligodendrocyte"
"NASP","NASP-201",0.513096132199394,1,0.473801627050066,0.984823562153096,"Oligodendrocyte"
"NASP","NASP-210",0.513096132199394,1,0.473801627050066,0.984823562153096,"Oligodendrocyte"
"NAV1","NAV1-203",0.637944395432214,1,0.424456143001015,0.973721990262353,"Oligodendrocyte"
"NAV1","NAV1-201",0.637944395432214,1,0.424456143001015,0.973721990262353,"Oligodendrocyte"
"NAXD","NAXD-206",0.331943966143854,1,0.564516646280428,0.997607154754473,"Oligodendrocyte"
"NAXD","transcript106850.chr13.nnic",0.331943966143854,1,0.564516646280428,0.997607154754473,"Oligodendrocyte"
"NBN","NBN-231",1.02053834695386,1,0.312391345774198,0.94318886854311,"Oligodendrocyte"
"NBN","NBN-201",1.02053834695386,1,0.312391345774198,0.94318886854311,"Oligodendrocyte"
"NBPF1","NBPF1-204",2.04701768415265,1,0.152504670893502,0.904355558333022,"Oligodendrocyte"
"NBPF1","NBPF1-203",0.270218934580214,1,0.603184946953428,1,"Oligodendrocyte"
"NBPF1","NBPF1-206",2.52360842413157,1,0.11215368160082,0.85350747189327,"Oligodendrocyte"
"NCAM1","NCAM1-213",1.20900007776618,1,0.271530244380535,0.92571897266236,"Oligodendrocyte"
"NCAM1","NCAM1-202",0.0394085709285719,1,0.842641429391646,1,"Oligodendrocyte"
"NCAM1","NCAM1-201",-0.187454535120196,1,1,1,"Oligodendrocyte"
"NCAM1","NCAM1-225",0.290358169511819,1,0.589991098235369,1,"Oligodendrocyte"
"NCL","NCL-201",0.113957222036333,1,0.735683103302968,1,"Oligodendrocyte"
"NCL","NCL-224",0.110000164580924,1,0.740143948431647,1,"Oligodendrocyte"
"NCL","NCL-221",0.113701677499193,1,0.735968554370688,1,"Oligodendrocyte"
"NCOR1","NCOR1-220",0.416404334619756,1,0.518736686137645,0.987123735128959,"Oligodendrocyte"
"NCOR1","NCOR1-204",3.02014993367197,1,0.0822358628937281,0.849079714118972,"Oligodendrocyte"
"NCOR1","NCOR1-229",0.126021802615469,1,0.722592964988883,1,"Oligodendrocyte"
"NCOR1","NCOR1-208",0.0363831066570128,1,0.848726507240952,1,"Oligodendrocyte"
"NCOR1","NCOR1-205",1.28119661817072,1,0.25767666291656,0.92571897266236,"Oligodendrocyte"
"NDE1","NDE1-201",0.0795345550345701,1,0.777929160805275,1,"Oligodendrocyte"
"NDE1","NDE1-221",0.335976194204704,1,0.562161098827019,0.997607154754473,"Oligodendrocyte"
"NDE1","NDE1-216",1.63351689872115,1,0.201217301319812,0.917730617517697,"Oligodendrocyte"
"NDFIP2","NDFIP2-201",0.400972927684279,1,0.526587223847255,0.991241525829912,"Oligodendrocyte"
"NDFIP2","NDFIP2-207",0.400972927684279,1,0.526587223847255,0.991241525829912,"Oligodendrocyte"
"NDRG1","transcript184301.chr8.nic",-0.0283028126505087,1,1,1,"Oligodendrocyte"
"NDRG1","NDRG1-201",0.938691128939354,1,0.33261467725999,0.945148303852849,"Oligodendrocyte"
"NDRG1","NDRG1-212",-0.120409489490157,1,1,1,"Oligodendrocyte"
"NDRG1","transcript184215.chr8.nnic",-0.0743642058796468,1,1,1,"Oligodendrocyte"
"NDRG2","NDRG2-204",0.016483703175254,1,0.897841234908419,1,"Oligodendrocyte"
"NDRG2","NDRG2-209",0.568014932530787,1,0.451048809263287,0.98209075514408,"Oligodendrocyte"
"NDRG2","NDRG2-226",0.355199679299403,1,0.551184373645103,0.992862530206347,"Oligodendrocyte"
"NDRG2","NDRG2-203",0.0631016716979502,1,0.801659128021757,1,"Oligodendrocyte"
"NDRG2","NDRG2-207",0.0454331429900776,1,0.831209562836802,1,"Oligodendrocyte"
"NDRG2","NDRG2-208",0.0157041318943811,1,0.900273284670469,1,"Oligodendrocyte"
"NDRG2","NDRG2-202",1.02899900845114,1,0.310393887783836,0.94318886854311,"Oligodendrocyte"
"NDRG2","NDRG2-210",-0.361383480039876,1,1,1,"Oligodendrocyte"
"NDUFA10","NDUFA10-205",0.313658660720421,1,0.575443714907313,1,"Oligodendrocyte"
"NDUFA10","NDUFA10-217",0.0330348887951004,1,0.855774982063312,1,"Oligodendrocyte"
"NDUFA10","NDUFA10-201",1.82539630110796,1,0.176672280654842,0.912531263304659,"Oligodendrocyte"
"NDUFA5","NDUFA5-210",0.994500979541726,1,0.318644778422541,0.94318886854311,"Oligodendrocyte"
"NDUFA5","NDUFA5-208",0.994500979541726,1,0.318644778422541,0.94318886854311,"Oligodendrocyte"
"NDUFS2","NDUFS2-229",0.717682302567027,1,0.396905209801646,0.963523459787408,"Oligodendrocyte"
"NDUFS2","NDUFS2-202",0.717682302567027,1,0.396905209801646,0.963523459787408,"Oligodendrocyte"
"NDUFS7","NDUFS7-201",0.277049119672483,1,0.598641883280854,1,"Oligodendrocyte"
"NDUFS7","NDUFS7-202",0.277049119672483,1,0.598641883280854,1,"Oligodendrocyte"
"NDUFV1","NDUFV1-201",0.028529578611824,1,0.865869783881413,1,"Oligodendrocyte"
"NDUFV1","NDUFV1-229",0.028529578611824,1,0.865869783881413,1,"Oligodendrocyte"
"NECAB1","NECAB1-202",0.243496308468821,1,0.621692222676419,1,"Oligodendrocyte"
"NECAB1","NECAB1-201",0.243496308468821,1,0.621692222676419,1,"Oligodendrocyte"
"NECAP1","NECAP1-207",0.99267052061785,1,0.319090550707703,0.94318886854311,"Oligodendrocyte"
"NECAP1","NECAP1-202",2.14438822357286,1,0.143092066730394,0.888677046009816,"Oligodendrocyte"
"NECAP1","NECAP1-227",0.377149520791278,1,0.53913272638121,0.99210169654318,"Oligodendrocyte"
"NEK9","NEK9-214",0.169135047097029,1,0.680881665390469,1,"Oligodendrocyte"
"NEK9","NEK9-209",0.169135047097029,1,0.680881665390469,1,"Oligodendrocyte"
"NEO1","NEO1-206",0.140973525532047,1,0.707315107959755,1,"Oligodendrocyte"
"NEO1","NEO1-201",0.140973525532047,1,0.707315107959755,1,"Oligodendrocyte"
"NF1","NF1-202",0.0109525227287577,1,0.916650125228881,1,"Oligodendrocyte"
"NF1","NF1-218",0.0109525227287577,1,0.916650125228881,1,"Oligodendrocyte"
"NFASC","NFASC-216",0.183476527231051,1,0.668402435347244,1,"Oligodendrocyte"
"NFASC","NFASC-220",1.18839765847815,1,0.275653005968298,0.92571897266236,"Oligodendrocyte"
"NFASC","NFASC-212",0.765276614536333,1,0.381682247474125,0.963523459787408,"Oligodendrocyte"
"NFASC","NFASC-205",0.734496446393678,1,0.391429586549787,0.963523459787408,"Oligodendrocyte"
"NFASC","NFASC-222",0.28125315926809,1,0.595881025774375,1,"Oligodendrocyte"
"NFAT5","NFAT5-201",3.39325190062419,1,0.0654637197811494,0.836623393063797,"Oligodendrocyte"
"NFAT5","NFAT5-202",3.39325190062419,1,0.0654637197811494,0.836623393063797,"Oligodendrocyte"
"NFE2L2","NFE2L2-201",1.40126233841784,1,0.236512328377147,0.92571897266236,"Oligodendrocyte"
"NFE2L2","NFE2L2-202",1.70966144862905,1,0.191029301699231,0.917730617517697,"Oligodendrocyte"
"NFE2L2","NFE2L2-243",0.500133638105581,1,0.479441408652042,0.984823562153096,"Oligodendrocyte"
"NFE2L2","NFE2L2-229",0.105944858991279,1,0.744808949170818,1,"Oligodendrocyte"
"NFE2L2","NFE2L2-245",0.0686858219014539,1,0.793259919399438,1,"Oligodendrocyte"
"NFE2L2","NFE2L2-204",0.262197304366964,1,0.608614580236464,1,"Oligodendrocyte"
"NFE2L2","NFE2L2-219",1.22369151326893,1,0.268637405819455,0.92571897266236,"Oligodendrocyte"
"NFIA","NFIA-215",3.64630571466114,1,0.0561937253328697,0.836623393063797,"Oligodendrocyte"
"NFIA","NFIA-204",1.49893624211109,1,0.220835111009621,0.917730617517697,"Oligodendrocyte"
"NFIA","NFIA-207",3.38272701024835,1,0.0658829619771672,0.836623393063797,"Oligodendrocyte"
"NFIC","NFIC-202",0.3943516928299,1,0.530020790858347,0.991241525829912,"Oligodendrocyte"
"NFIC","NFIC-201",0.3943516928299,1,0.530020790858347,0.991241525829912,"Oligodendrocyte"
"NFKBIA","NFKBIA-214",0.578594380977961,1,0.446863806705446,0.98209075514408,"Oligodendrocyte"
"NFKBIA","NFKBIA-201",0.578594380977961,1,0.446863806705446,0.98209075514408,"Oligodendrocyte"
"NFX1","NFX1-202",0.00162322568462514,1,0.967862504102595,1,"Oligodendrocyte"
"NFX1","NFX1-201",0.00162322568462514,1,0.967862504102595,1,"Oligodendrocyte"
"NGLY1","NGLY1-202",2.74098274927229,1,0.0978046011873111,0.849079714118972,"Oligodendrocyte"
"NGLY1","transcript43694.chr3.nic",2.74098274927229,1,0.0978046011873111,0.849079714118972,"Oligodendrocyte"
"NKTR","NKTR-205",1.34542905401577,1,0.246078808088869,0.92571897266236,"Oligodendrocyte"
"NKTR","NKTR-215",1.69672519667984,1,0.192716807430443,0.917730617517697,"Oligodendrocyte"
"NKTR","NKTR-211",2.30563165484818,1,0.128905868550458,0.872309246678371,"Oligodendrocyte"
"NKTR","NKTR-201",5.8476427601563,1,0.015597930914375,0.648906180608174,"Oligodendrocyte"
"NKTR","NKTR-202",1.21101413910583,1,0.271131367211074,0.92571897266236,"Oligodendrocyte"
"NLGN3","NLGN3-203",1.48126272092662,1,0.223577062369979,0.919109064742965,"Oligodendrocyte"
"NLGN3","NLGN3-205",0.260886833591144,1,0.609511541933918,1,"Oligodendrocyte"
"NLGN3","NLGN3-220",0.221997682671201,1,0.637521981985097,1,"Oligodendrocyte"
"NOL8","NOL8-205",0.511421653770867,1,0.47452407983838,0.984823562153096,"Oligodendrocyte"
"NOL8","NOL8-208",0.714338617313842,1,0.398007247787065,0.963523459787408,"Oligodendrocyte"
"NOL8","transcript160601.chr9.nnic",0.00115687512857221,1,0.972866890173969,1,"Oligodendrocyte"
"NOLC1","NOLC1-209",0.0165584918176478,1,0.897611017034445,1,"Oligodendrocyte"
"NOLC1","NOLC1-202",0.0165584918176478,1,0.897611017034445,1,"Oligodendrocyte"
"NONO","NONO-240",0.299675749305834,1,0.584085768246849,1,"Oligodendrocyte"
"NONO","NONO-223",1.1731967927517,1,0.278745358028894,0.92571897266236,"Oligodendrocyte"
"NONO","NONO-211",0.0303296604408843,1,0.861744334780829,1,"Oligodendrocyte"
"NPEPL1","NPEPL1-201",0.68584123245239,1,0.407582544161352,0.964832463891012,"Oligodendrocyte"
"NPEPL1","transcript70474.chr20.nic",0.570811551225574,1,0.449936607668135,0.98209075514408,"Oligodendrocyte"
"NPEPL1","transcript70613.chr20.nic",0.420434226582188,1,0.516720453149384,0.987123735128959,"Oligodendrocyte"
"NPEPPS","NPEPPS-201",NA,1,NA,NA,"Oligodendrocyte"
"NPEPPS","NPEPPS-227",NA,1,NA,NA,"Oligodendrocyte"
"NRDC","transcript100238.chr1.nic",0.111483809748961,1,0.738461122231371,1,"Oligodendrocyte"
"NRDC","NRDC-201",2.57334445733204,1,0.108677748469729,0.85278573390443,"Oligodendrocyte"
"NRDC","NRDC-202",0.0737592616726488,1,0.78593993175242,1,"Oligodendrocyte"
"NRDC","NRDC-211",0.0567603551651246,1,0.811691605552385,1,"Oligodendrocyte"
"NSD1","NSD1-223",2.05987729202889,1,0.151222347563481,0.901316992331601,"Oligodendrocyte"
"NSD1","NSD1-209",0.338816048227955,1,0.560513419787055,0.997607154754473,"Oligodendrocyte"
"NSD1","NSD1-224",1.48840272531584,1,0.222464451482241,0.917730617517697,"Oligodendrocyte"
"NSD3","NSD3-201",0.0993386008931338,1,0.752624787025381,1,"Oligodendrocyte"
"NSD3","NSD3-202",0.0993386008931338,1,0.752624787025381,1,"Oligodendrocyte"
"NSMCE2","transcript176225.chr8.nic",0.229486279367052,1,0.631905006457593,1,"Oligodendrocyte"
"NSMCE2","transcript176277.chr8.nic",0.229486279367052,1,0.631905006457593,1,"Oligodendrocyte"
"NSUN2","transcript10409.chr5.nic",0.694811975417792,1,0.404532456179896,0.964569258312113,"Oligodendrocyte"
"NSUN2","NSUN2-201",0.514768510589647,1,0.473081858498744,0.984823562153096,"Oligodendrocyte"
"NSUN2","transcript9067.chr5.nic",0.149008811147951,1,0.699484378971251,1,"Oligodendrocyte"
"NTRK2","NTRK2-236",0.461139215243492,1,0.497092040204689,0.986218906253136,"Oligodendrocyte"
"NTRK2","NTRK2-241",0.461139215243492,1,0.497092040204689,0.986218906253136,"Oligodendrocyte"
"NUDT3","transcript46977.chr6.nnic",0.610754814745576,1,0.434503750537593,0.980685093861297,"Oligodendrocyte"
"NUDT3","NUDT3-201",0.610754814745576,1,0.434503750537593,0.980685093861297,"Oligodendrocyte"
"NUMA1","NUMA1-205",4.40981622178253,1,0.0357326904982421,0.818997589981106,"Oligodendrocyte"
"NUMA1","NUMA1-217",4.39305150785708,1,0.0360856720017606,0.818997589981106,"Oligodendrocyte"
"NUMA1","NUMA1-229",0.371966522908906,1,0.541934291193615,0.99210169654318,"Oligodendrocyte"
"NUMA1","NUMA1-223",0.123000932538616,1,0.725802255301884,1,"Oligodendrocyte"
"NUP214","NUP214-232",-0.0792285928916954,1,1,1,"Oligodendrocyte"
"NUP214","NUP214-237",-0.0175847065331709,1,1,1,"Oligodendrocyte"
"NUP214","NUP214-233",0.449416221102865,1,0.502612312077127,0.987123735128959,"Oligodendrocyte"
"NUP58","NUP58-202",0.589962992339224,1,0.442433429706789,0.981803694508639,"Oligodendrocyte"
"NUP58","NUP58-209",0.343816869805778,1,0.557634294445524,0.997454806170678,"Oligodendrocyte"
"NUP58","NUP58-201",2.73386424757609,1,0.098241322303908,0.849079714118972,"Oligodendrocyte"
"NUTM2A-AS1","NUTM2A-AS1-218",0.366010331114012,1,0.545187051901007,0.99210169654318,"Oligodendrocyte"
"NUTM2A-AS1","NUTM2A-AS1-215",0.134917300614688,1,0.713387121054509,1,"Oligodendrocyte"
"NUTM2A-AS1","NUTM2A-AS1-222",0.00136258385555266,1,0.970554220012834,1,"Oligodendrocyte"
"NXPE3","NXPE3-201",0.0760905399365583,1,0.782667013351033,1,"Oligodendrocyte"
"NXPE3","NXPE3-205",0.225390809368037,1,0.634962737432127,1,"Oligodendrocyte"
"NXPE3","NXPE3-210",1.92903228722389,1,0.164864356423016,0.907474941477128,"Oligodendrocyte"
"NXPE3","NXPE3-209",-0.00426694922680326,1,1,1,"Oligodendrocyte"
"NXPE3","NXPE3-207",0.0487878632575303,1,0.825186066416545,1,"Oligodendrocyte"
"NXPE3","NXPE3-218",0.0246466649987269,1,0.875250708884256,1,"Oligodendrocyte"
"NXPE3","NXPE3-204",0.166097103265201,1,0.683603988076178,1,"Oligodendrocyte"
"NXPE3","NXPE3-228",0.0927780048914428,1,0.760674765057138,1,"Oligodendrocyte"
"OCIAD1","OCIAD1-202",1.98918543110545,1,0.158426075752127,0.904355558333022,"Oligodendrocyte"
"OCIAD1","OCIAD1-201",1.98918543110545,1,0.158426075752127,0.904355558333022,"Oligodendrocyte"
"OFD1","OFD1-210",0.0138775088289549,1,0.906223880176601,1,"Oligodendrocyte"
"OFD1","OFD1-212",0.0138775088289549,1,0.906223880176601,1,"Oligodendrocyte"
"OGA","OGA-203",0.519774285785502,1,0.470937981124743,0.984823562153096,"Oligodendrocyte"
"OGA","OGA-205",0.420440407572528,1,0.516717371234081,0.987123735128959,"Oligodendrocyte"
"OGA","OGA-202",0.1254688306866,1,0.7231771659659,1,"Oligodendrocyte"
"OGT","OGT-210",2.80567956439336,1,0.0939310359848963,0.849079714118972,"Oligodendrocyte"
"OGT","OGT-202",0.0156281118061088,1,0.90051369667696,1,"Oligodendrocyte"
"OGT","OGT-215",3.40710228147282,1,0.064916346565741,0.836623393063797,"Oligodendrocyte"
"OLMALINC","OLMALINC-207",0.592669298126111,1,0.441388770049366,0.981803694508639,"Oligodendrocyte"
"OLMALINC","OLMALINC-201",0.592669298126111,1,0.441388770049366,0.981803694508639,"Oligodendrocyte"
"OMG","OMG-201",1.47547417649457,1,0.224483974121445,0.919313435908308,"Oligodendrocyte"
"OMG","OMG-203",1.47547417649457,1,0.224483974121445,0.919313435908308,"Oligodendrocyte"
"OPA1","OPA1-204",1.11584547873895,1,0.290814791766647,0.930697544149248,"Oligodendrocyte"
"OPA1","OPA1-207",1.11584547873895,1,0.290814791766647,0.930697544149248,"Oligodendrocyte"
"OPTN","OPTN-205",0.187207374946865,1,0.665251130106397,1,"Oligodendrocyte"
"OPTN","OPTN-202",0.187207374946865,1,0.665251130106397,1,"Oligodendrocyte"
"ORC3","ORC3-202",0.752756759844544,1,0.385604825426876,0.963523459787408,"Oligodendrocyte"
"ORC3","ORC3-201",0.752756759844544,1,0.385604825426876,0.963523459787408,"Oligodendrocyte"
"OS9","OS9-202",0.249383622287155,1,0.6175094226789,1,"Oligodendrocyte"
"OS9","OS9-220",0.249383622287155,1,0.6175094226789,1,"Oligodendrocyte"
"OSBPL1A","OSBPL1A-201",0.120165394177093,1,0.728855175428326,1,"Oligodendrocyte"
"OSBPL1A","OSBPL1A-204",0.120165394177093,1,0.728855175428326,1,"Oligodendrocyte"
"OSBPL9","OSBPL9-210",0.0523079672250333,1,0.819094826385368,1,"Oligodendrocyte"
"OSBPL9","OSBPL9-203",2.03644435402362,1,0.153568244869476,0.904355558333022,"Oligodendrocyte"
"OSBPL9","OSBPL9-202",3.18547764690652,1,0.0742952813112669,0.849079714118972,"Oligodendrocyte"
"OSTF1","OSTF1-201",0.229152807463493,1,0.632152721687037,1,"Oligodendrocyte"
"OSTF1","transcript144601.chr9.nic",0.229152807463493,1,0.632152721687037,1,"Oligodendrocyte"
"OTUB1","OTUB1-208",0.132182670173677,1,0.716179619934277,1,"Oligodendrocyte"
"OTUB1","OTUB1-201",0.132182670173677,1,0.716179619934277,1,"Oligodendrocyte"
"OTUD6B-AS1","OTUD6B-AS1-204",0.163933368728749,1,0.685560678090518,1,"Oligodendrocyte"
"OTUD6B-AS1","OTUD6B-AS1-202",0.71049205349027,1,0.399280510452484,0.963523459787408,"Oligodendrocyte"
"OTUD6B-AS1","OTUD6B-AS1-201",1.29809870099189,1,0.254560809984116,0.92571897266236,"Oligodendrocyte"
"OXR1","OXR1-201",-0.000265660259856304,1,1,1,"Oligodendrocyte"
"OXR1","OXR1-206",0.0298335354866595,1,0.862868479739451,1,"Oligodendrocyte"
"OXR1","OXR1-209",0.00707619299146245,1,0.93296093544161,1,"Oligodendrocyte"
"P2RX7","P2RX7-206",0.0421274731822905,1,0.837376976537847,1,"Oligodendrocyte"
"P2RX7","P2RX7-202",0.0421274731822905,1,0.837376976537847,1,"Oligodendrocyte"
"P3H1","P3H1-207",0.000290350731688704,1,0.986404959427866,1,"Oligodendrocyte"
"P3H1","P3H1-214",0.000290350731688704,1,0.986404959427866,1,"Oligodendrocyte"
"P4HB","P4HB-220",0.916782650968116,1,0.33832116351552,0.949575751902143,"Oligodendrocyte"
"P4HB","P4HB-226",0.682019618466711,1,0.408892142150185,0.964832463891012,"Oligodendrocyte"
"P4HB","P4HB-201",0.138518914000997,1,0.709757874148377,1,"Oligodendrocyte"
"P4HTM","P4HTM-205",3.63854237022247,1,0.0564563417196274,0.836623393063797,"Oligodendrocyte"
"P4HTM","P4HTM-202",2.11058160361767,1,0.14628371152235,0.891488563291049,"Oligodendrocyte"
"P4HTM","P4HTM-212",1.26256572674788,1,0.261165991722307,0.92571897266236,"Oligodendrocyte"
"PAAF1","transcript110552.chr11.nnic",0.298461646079886,1,0.584848441527155,1,"Oligodendrocyte"
"PAAF1","PAAF1-203",0.298461646079886,1,0.584848441527155,1,"Oligodendrocyte"
"PACS2","PACS2-201",0.681464652148065,1,0.409082832280061,0.964832463891012,"Oligodendrocyte"
"PACS2","transcript124975.chr14.nic",0.681464652148065,1,0.409082832280061,0.964832463891012,"Oligodendrocyte"
"PADI2","PADI2-203",4.89084000307116,1,0.0269995467593265,0.790312314443543,"Oligodendrocyte"
"PADI2","PADI2-202",4.89084000307116,1,0.0269995467593265,0.790312314443543,"Oligodendrocyte"
"PALM2AKAP2","PALM2AKAP2-206",0.15133995125052,1,0.697258127673477,1,"Oligodendrocyte"
"PALM2AKAP2","PALM2AKAP2-203",0.15133995125052,1,0.697258127673477,1,"Oligodendrocyte"
"PALS1","PALS1-201",3.23576819841219,1,0.0720465073571041,0.849079714118972,"Oligodendrocyte"
"PALS1","PALS1-209",0.179536980441071,1,0.671771454506876,1,"Oligodendrocyte"
"PALS1","PALS1-202",0.0942830314527328,1,0.758801188646236,1,"Oligodendrocyte"
"PALS1","PALS1-208",0.135788622851123,1,0.71250411419749,1,"Oligodendrocyte"
"PAN2","PAN2-217",0.203617196396522,1,0.651816855806392,1,"Oligodendrocyte"
"PAN2","PAN2-203",0.203617196396522,1,0.651816855806392,1,"Oligodendrocyte"
"PAPOLA","PAPOLA-223",1.15367877264021,1,0.282780375750744,0.9286185727071,"Oligodendrocyte"
"PAPOLA","PAPOLA-201",1.15367877264021,1,0.282780375750744,0.9286185727071,"Oligodendrocyte"
"PAQR8","transcript66892.chr6.nnic",0.0127632728108438,1,0.910050648443005,1,"Oligodendrocyte"
"PAQR8","PAQR8-202",0.0127632728108438,1,0.910050648443005,1,"Oligodendrocyte"
"PBX3","transcript205323.chr9.nic",0.086624410623017,1,0.768513198927238,1,"Oligodendrocyte"
"PBX3","PBX3-201",0.141171875512271,1,0.707118777709954,1,"Oligodendrocyte"
"PBX3","PBX3-204",-0.0160658203610069,1,1,1,"Oligodendrocyte"
"PCDH9","PCDH9-204",1.30378387041492,1,0.253523211213342,0.92571897266236,"Oligodendrocyte"
"PCDH9","PCDH9-201",0.679986026578263,1,0.409591535859045,0.965429238079747,"Oligodendrocyte"
"PCDH9","transcript62532.chr13.nnic",0.144481718976749,1,0.70386561145221,1,"Oligodendrocyte"
"PCDHA10","PCDHA10-201",0.4888398530058,1,0.484445276324539,0.986196984921142,"Oligodendrocyte"
"PCDHA10","PCDHA10-203",0.4888398530058,1,0.484445276324539,0.986196984921142,"Oligodendrocyte"
"PCF11","PCF11-207",1.55573153862633,1,0.212291301148854,0.917730617517697,"Oligodendrocyte"
"PCF11","PCF11-201",0.300419553076836,1,0.583619518178,1,"Oligodendrocyte"
"PCF11","PCF11-208",0.8890045208027,1,0.345747215929068,0.9518465083715,"Oligodendrocyte"
"PCGF5","transcript163998.chr10.nnic",1.18641805902462,1,0.276053268719811,0.92571897266236,"Oligodendrocyte"
"PCGF5","PCGF5-205",1.5625351362587,1,0.211294413323258,0.917730617517697,"Oligodendrocyte"
"PCGF5","transcript164179.chr10.nic",2.49996111473956,1,0.113849109019838,0.85681293798615,"Oligodendrocyte"
"PCGF5","transcript164095.chr10.nnic",1.2454851502298,1,0.264416544310123,0.92571897266236,"Oligodendrocyte"
"PCM1","PCM1-221",1.62481401023797,1,0.202421846946624,0.917730617517697,"Oligodendrocyte"
"PCM1","PCM1-201",0.697997582293283,1,0.403457354699348,0.964569258312113,"Oligodendrocyte"
"PCM1","PCM1-214",2.1962458223079,1,0.138347313254941,0.888677046009816,"Oligodendrocyte"
"PCM1","PCM1-211",1.12334266840662,1,0.289199827857086,0.930697544149248,"Oligodendrocyte"
"PCM1","PCM1-203",0.0310739711067072,1,0.860075460561755,1,"Oligodendrocyte"
"PCMT1","PCMT1-203",4.95484743854604,1,0.0260176204531861,0.782386821396966,"Oligodendrocyte"
"PCMT1","PCMT1-205",4.95484743854604,1,0.0260176204531861,0.782386821396966,"Oligodendrocyte"
"PCNP","PCNP-202",0.0613436919420565,1,0.804384648105866,1,"Oligodendrocyte"
"PCNP","PCNP-201",0.0613436919420565,1,0.804384648105866,1,"Oligodendrocyte"
"PCNT","PCNT-205",0.447756537851319,1,0.50340226860986,0.987123735128959,"Oligodendrocyte"
"PCNT","PCNT-204",0.731253726572959,1,0.392477108549965,0.963523459787408,"Oligodendrocyte"
"PCNT","PCNT-209",0.35983867324353,1,0.548595845894967,0.992346615914945,"Oligodendrocyte"
"PCSK6","PCSK6-214",0.221527899146054,1,0.637878193866868,1,"Oligodendrocyte"
"PCSK6","PCSK6-210",2.05124139186807,1,0.152082141810087,0.904349870039195,"Oligodendrocyte"
"PCSK6","PCSK6-217",1.29031638393394,1,0.255989653321188,0.92571897266236,"Oligodendrocyte"
"PDCD6IP","transcript51700.chr3.nnic",-0.00450712949520948,1,1,1,"Oligodendrocyte"
"PDCD6IP","PDCD6IP-206",0.347888591476249,1,0.555310787535778,0.995656948592164,"Oligodendrocyte"
"PDCD6IP","PDCD6IP-201",0.378067232703302,1,0.538639440015622,0.99210169654318,"Oligodendrocyte"
"PDE12","PDE12-202",7.02225340261384,1,0.00805028566477386,0.583189885103865,"Oligodendrocyte"
"PDE12","PDE12-201",7.02225340261384,1,0.00805028566477386,0.583189885103865,"Oligodendrocyte"
"PDE1C","PDE1C-201",0.0178887162946921,1,0.893601289500011,1,"Oligodendrocyte"
"PDE1C","PDE1C-203",0.870684967948819,1,0.350765750354819,0.9518465083715,"Oligodendrocyte"
"PDE1C","PDE1C-205",0.390676335930948,1,0.531944105010726,0.991241525829912,"Oligodendrocyte"
"PDE1C","PDE1C-202",0.876506120251634,1,0.349160413901243,0.9518465083715,"Oligodendrocyte"
"PDE4B","PDE4B-203",0.0981886431062549,1,0.754014257040079,1,"Oligodendrocyte"
"PDE4B","transcript115445.chr1.nnic",0.0981886431062549,1,0.754014257040079,1,"Oligodendrocyte"
"PDIA3","PDIA3-226",6.16574746151082,1,0.0130247327590354,0.648906180608174,"Oligodendrocyte"
"PDIA3","PDIA3-221",0.00554937946844802,1,0.940617190068585,1,"Oligodendrocyte"
"PDIA3","PDIA3-201",1.77478230863676,1,0.182791336356971,0.917730617517697,"Oligodendrocyte"
"PDIA4","PDIA4-204",0.551064153935727,1,0.457883207159737,0.98209075514408,"Oligodendrocyte"
"PDIA4","PDIA4-201",0.551064153935727,1,0.457883207159737,0.98209075514408,"Oligodendrocyte"
"PDXDC1","PDXDC1-216",4.04542068722037,1,0.0442913381225522,0.836623393063797,"Oligodendrocyte"
"PDXDC1","PDXDC1-201",4.04542068722037,1,0.0442913381225522,0.836623393063797,"Oligodendrocyte"
"PEG3","PEG3-211",1.65188693317532,1,0.198702303872241,0.917730617517697,"Oligodendrocyte"
"PEG3","PEG3-204",1.65188693317532,1,0.198702303872241,0.917730617517697,"Oligodendrocyte"
"PFN2","PFN2-203",0.0311685568388214,1,0.859864864951999,1,"Oligodendrocyte"
"PFN2","PFN2-201",0.0311685568388214,1,0.859864864951999,1,"Oligodendrocyte"
"PGAP3","PGAP3-202",0.0999766698158737,1,0.751857632971919,1,"Oligodendrocyte"
"PGAP3","PGAP3-201",0.0999766698158737,1,0.751857632971919,1,"Oligodendrocyte"
"PGM3","PGM3-238",0.559015308292373,1,0.454657262076881,0.98209075514408,"Oligodendrocyte"
"PGM3","PGM3-212",0.559015308292373,1,0.454657262076881,0.98209075514408,"Oligodendrocyte"
"PHACTR4","transcript53080.chr1.nnic",1.25268668816921,1,0.263039954143781,0.92571897266236,"Oligodendrocyte"
"PHACTR4","PHACTR4-202",1.06449348283081,1,0.302192558540124,0.939227917698084,"Oligodendrocyte"
"PHACTR4","PHACTR4-203",-0.00355239297925891,1,1,1,"Oligodendrocyte"
"PHC3","PHC3-215",1.18211179564241,1,0.27692649493332,0.92571897266236,"Oligodendrocyte"
"PHC3","PHC3-214",1.18211179564241,1,0.27692649493332,0.92571897266236,"Oligodendrocyte"
"PHF3","PHF3-209",0.000561816639674362,1,0.981089774998934,1,"Oligodendrocyte"
"PHF3","PHF3-201",-0.104781852038286,1,1,1,"Oligodendrocyte"
"PHF3","PHF3-208",0.300564457822475,1,0.583528772655082,1,"Oligodendrocyte"
"PHF3","PHF3-204",-0.0377347240719246,1,1,1,"Oligodendrocyte"
"PHF3","PHF3-202",0.619989726867061,1,0.43105110354595,0.979921111974417,"Oligodendrocyte"
"PHF3","PHF3-205",0.980668683841941,1,0.322033774641907,0.94318886854311,"Oligodendrocyte"
"PHF6","PHF6-206",0.0182047684016879,1,0.892671135710802,1,"Oligodendrocyte"
"PHF6","PHF6-201",0.0182047684016879,1,0.892671135710802,1,"Oligodendrocyte"
"PHGDH","PHGDH-223",2.3312699614462,1,0.126798393402127,0.865806028004396,"Oligodendrocyte"
"PHGDH","PHGDH-208",2.3312699614462,1,0.126798393402127,0.865806028004396,"Oligodendrocyte"
"PHIP","PHIP-201",0.585166862607366,1,0.444294172370156,0.981803694508639,"Oligodendrocyte"
"PHIP","PHIP-203",0.0907095500606374,1,0.763277040304307,1,"Oligodendrocyte"
"PHIP","PHIP-202",0.285742126887271,1,0.592962085436475,1,"Oligodendrocyte"
"PHIP","PHIP-206",0.0173453189763677,1,0.89522029730272,1,"Oligodendrocyte"
"PHLDB1","PHLDB1-217",0.216533367553211,1,0.641694108969026,1,"Oligodendrocyte"
"PHLDB1","PHLDB1-222",0.216533367553211,1,0.641694108969026,1,"Oligodendrocyte"
"PI4KB","transcript230616.chr1.nic",3.23664192834178,1,0.0720080892230231,0.849079714118972,"Oligodendrocyte"
"PI4KB","PI4KB-203",0.861812572425265,1,0.353231952754487,0.9518465083715,"Oligodendrocyte"
"PI4KB","PI4KB-202",0.00794304097439635,1,0.928983570930105,1,"Oligodendrocyte"
"PICK1","PICK1-214",0.218523016711515,1,0.64016761720891,1,"Oligodendrocyte"
"PICK1","transcript42403.chr22.nic",0.218523016711515,1,0.64016761720891,1,"Oligodendrocyte"
"PIDD1","PIDD1-211",1.02308342084189,1,0.311788727974353,0.94318886854311,"Oligodendrocyte"
"PIDD1","PIDD1-210",1.02308342084189,1,0.311788727974353,0.94318886854311,"Oligodendrocyte"
"PIEZO2","PIEZO2-216",0.70556094612175,1,0.400921420772631,0.963523459787408,"Oligodendrocyte"
"PIEZO2","PIEZO2-220",0.70556094612175,1,0.400921420772631,0.963523459787408,"Oligodendrocyte"
"PIGC","PIGC-201",0.290211599470751,1,0.590084964277621,1,"Oligodendrocyte"
"PIGC","PIGC-202",0.290211599470751,1,0.590084964277621,1,"Oligodendrocyte"
"PIGU","transcript41581.chr20.nic",5.86533798622759,1,0.015441893493817,0.648906180608174,"Oligodendrocyte"
"PIGU","PIGU-201",5.86533798622759,1,0.015441893493817,0.648906180608174,"Oligodendrocyte"
"PIK3IP1","PIK3IP1-201",0.146805900430991,1,0.701606634776612,1,"Oligodendrocyte"
"PIK3IP1","PIK3IP1-203",0.146805900430991,1,0.701606634776612,1,"Oligodendrocyte"
"PIK3R1","PIK3R1-207",1.08668317419597,1,0.297207280383196,0.936428673165336,"Oligodendrocyte"
"PIK3R1","PIK3R1-203",0.657933447815594,1,0.417290463268637,0.969546754007607,"Oligodendrocyte"
"PIK3R1","PIK3R1-202",0.797441112147681,1,0.371859537798743,0.961019149398412,"Oligodendrocyte"
"PIK3R1","PIK3R1-221",0.874675357116303,1,0.349664215615585,0.9518465083715,"Oligodendrocyte"
"PIK3R1","PIK3R1-211",0.6018932773095,1,0.437856565443824,0.981803694508639,"Oligodendrocyte"
"PIKFYVE","transcript368118.chr2.nnic",0.020851828500895,1,0.885183335886498,1,"Oligodendrocyte"
"PIKFYVE","transcript368011.chr2.nic",0.118872243462874,1,0.730260865588561,1,"Oligodendrocyte"
"PIKFYVE","PIKFYVE-201",0.20252401390826,1,0.652691202014126,1,"Oligodendrocyte"
"PITRM1","PITRM1-236",0.0512918219062612,1,0.820830462396584,1,"Oligodendrocyte"
"PITRM1","PITRM1-223",0.0512918219062612,1,0.820830462396584,1,"Oligodendrocyte"
"PKD1","PKD1-207",1.57635768085876,1,0.209286121215421,0.917730617517697,"Oligodendrocyte"
"PKD1","PKD1-201",1.57635768085876,1,0.209286121215421,0.917730617517697,"Oligodendrocyte"
"PKD2L2-DT","PKD2L2-DT-203",1.66227990824859,1,0.197295776187455,0.917730617517697,"Oligodendrocyte"
"PKD2L2-DT","PKD2L2-DT-202",1.66227990824859,1,0.197295776187455,0.917730617517697,"Oligodendrocyte"
"PKN2","PKN2-203",0.804723201025695,1,0.369684951276002,0.961019149398412,"Oligodendrocyte"
"PKN2","PKN2-201",0.804723201025695,1,0.369684951276002,0.961019149398412,"Oligodendrocyte"
"PLAAT3","PLAAT3-201",2.58938182178463,1,0.107582316988899,0.85236699474703,"Oligodendrocyte"
"PLAAT3","PLAAT3-203",2.58938182178463,1,0.107582316988899,0.85236699474703,"Oligodendrocyte"
"PLCG1","PLCG1-202",2.93291955131281e-05,1,0.995678962713414,1,"Oligodendrocyte"
"PLCG1","transcript51766.chr20.nnic",2.93291955131281e-05,1,0.995678962713414,1,"Oligodendrocyte"
"PLD1","PLD1-201",0.530820435232386,1,0.466262135611802,0.982519245087122,"Oligodendrocyte"
"PLD1","PLD1-202",0.530820435232499,1,0.466262135611755,0.982519245087122,"Oligodendrocyte"
"PLEKHB2","PLEKHB2-212",0.0745420364464735,1,0.784834862767995,1,"Oligodendrocyte"
"PLEKHB2","PLEKHB2-201",0.542457043260356,1,0.461416228144727,0.98209075514408,"Oligodendrocyte"
"PLEKHB2","PLEKHB2-204",-0.0440101840088118,1,1,1,"Oligodendrocyte"
"PLEKHG3","PLEKHG3-201",0.0083819223317505,1,0.927053323020366,1,"Oligodendrocyte"
"PLEKHG3","PLEKHG3-203",0.0083819223317505,1,0.927053323020366,1,"Oligodendrocyte"
"PLEKHH1","PLEKHH1-203",0.0529004662143961,1,0.818090982162947,1,"Oligodendrocyte"
"PLEKHH1","PLEKHH1-211",0.0253964172493397,1,0.873383255154588,1,"Oligodendrocyte"
"PLEKHH1","PLEKHH1-202",2.47178201387578,1,0.115906448351749,0.859848229815727,"Oligodendrocyte"
"PLEKHH1","PLEKHH1-201",0.291607997371329,1,0.589191925740326,1,"Oligodendrocyte"
"PLP1","PLP1-221",1.24044465774205,1,0.26538537464418,0.92571897266236,"Oligodendrocyte"
"PLP1","PLP1-223",1.24044465774205,1,0.26538537464418,0.92571897266236,"Oligodendrocyte"
"PLPP2","PLPP2-207",2.26119215085419e-05,1,0.996205914099138,1,"Oligodendrocyte"
"PLPP2","PLPP2-203",2.26119215085419e-05,1,0.996205914099138,1,"Oligodendrocyte"
"PLPPR1","transcript176614.chr9.nic",0.0661901570576902,1,0.796966893052155,1,"Oligodendrocyte"
"PLPPR1","transcript176166.chr9.nic",-0.00108956439021313,1,1,1,"Oligodendrocyte"
"PLPPR1","PLPPR1-201",0.100463457986507,1,0.75127417365878,1,"Oligodendrocyte"
"PLXNB1","PLXNB1-202",2.337402507251,1,0.126299997000995,0.865806028004396,"Oligodendrocyte"
"PLXNB1","PLXNB1-201",0.430035642468738,1,0.511971459546403,0.987123735128959,"Oligodendrocyte"
"PLXNB1","PLXNB1-218",1.7844039169247,1,0.18160947935793,0.917730617517697,"Oligodendrocyte"
"PMP22","PMP22-215",0.352699252009188,1,0.552589111807604,0.993237404947644,"Oligodendrocyte"
"PMP22","PMP22-204",6.33774642365825,1,0.0118194956146283,0.648906180608174,"Oligodendrocyte"
"PMP22","PMP22-201",1.61245904829229,1,0.204146479928693,0.917730617517697,"Oligodendrocyte"
"PMP22","PMP22-223",0.944667906709583,1,0.331080259720485,0.945148303852849,"Oligodendrocyte"
"PMPCA","PMPCA-204",8.58831972230246,1,0.00338326041413854,0.425839710792904,"Oligodendrocyte"
"PMPCA","PMPCA-207",0.481510058059712,1,0.487739117417306,0.986218906253136,"Oligodendrocyte"
"PMPCA","PMPCA-201",3.61719466003342,1,0.0571852243894518,0.836623393063797,"Oligodendrocyte"
"PMPCB","PMPCB-217",0.0315782648483491,1,0.858956430982184,1,"Oligodendrocyte"
"PMPCB","PMPCB-223",-0.0787780721605031,1,1,1,"Oligodendrocyte"
"PMPCB","transcript155243.chr7.nnic",0.3001483905432,1,0.583789408191478,1,"Oligodendrocyte"
"PMPCB","PMPCB-201",1.95919184932995,1,0.161599775096766,0.904355558333022,"Oligodendrocyte"
"PNISR","PNISR-202",0.969937907701024,1,0.324695665025078,0.94318886854311,"Oligodendrocyte"
"PNISR","PNISR-214",0.000533150710907648,1,0.981578437306701,1,"Oligodendrocyte"
"PNISR","PNISR-205",0.0568498397460644,1,0.811546016209917,1,"Oligodendrocyte"
"PNISR","PNISR-212",0.201135797584357,1,0.653805620696395,1,"Oligodendrocyte"
"PNISR","PNISR-201",2.12838303499666,1,0.144593215718259,0.889040554248337,"Oligodendrocyte"
"PNISR","PNISR-207",0.0171688910631929,1,0.895751484371802,1,"Oligodendrocyte"
"PNPLA8","PNPLA8-201",0.0385593044629786,1,0.844324307057678,1,"Oligodendrocyte"
"PNPLA8","PNPLA8-206",0.0385593044629786,1,0.844324307057678,1,"Oligodendrocyte"
"POGK","POGK-201",0.0461474654953236,1,0.829907962051057,1,"Oligodendrocyte"
"POGK","POGK-202",0.0461474654953236,1,0.829907962051057,1,"Oligodendrocyte"
"POGZ","POGZ-212",1.34311645691014,1,0.246485121657482,0.92571897266236,"Oligodendrocyte"
"POGZ","POGZ-206",1.34311645691014,1,0.246485121657482,0.92571897266236,"Oligodendrocyte"
"POLDIP3","POLDIP3-201",1.31744811624299,1,0.251050548028317,0.92571897266236,"Oligodendrocyte"
"POLDIP3","POLDIP3-203",1.31744811624299,1,0.251050548028317,0.92571897266236,"Oligodendrocyte"
"POLI","POLI-208",0.191733079226054,1,0.661478088206716,1,"Oligodendrocyte"
"POLI","POLI-206",0.191733079226054,1,0.661478088206716,1,"Oligodendrocyte"
"POLR3C","POLR3C-208",2.36253068689845,1,0.124280429720076,0.865806028004396,"Oligodendrocyte"
"POLR3C","POLR3C-211",2.36253068689845,1,0.124280429720076,0.865806028004396,"Oligodendrocyte"
"POLR3D","POLR3D-201",1.83158352932151,1,0.175940621360191,0.912531263304659,"Oligodendrocyte"
"POLR3D","POLR3D-202",1.83158352932151,1,0.175940621360191,0.912531263304659,"Oligodendrocyte"
"POMGNT1","POMGNT1-215",0.00552188534311426,1,0.940764206081722,1,"Oligodendrocyte"
"POMGNT1","POMGNT1-229",-0.0160866704518412,1,1,1,"Oligodendrocyte"
"POMGNT1","POMGNT1-214",0.0829042435216252,1,0.773399579638436,1,"Oligodendrocyte"
"POMGNT1","POMGNT1-201",0.865831047867687,1,0.352112042258251,0.9518465083715,"Oligodendrocyte"
"POMGNT2","POMGNT2-204",1.01112988115554,1,0.314632306563315,0.94318886854311,"Oligodendrocyte"
"POMGNT2","POMGNT2-201",1.01112988115554,1,0.314632306563315,0.94318886854311,"Oligodendrocyte"
"POMT2","POMT2-202",0.589731084067523,1,0.442523125680721,0.981803694508639,"Oligodendrocyte"
"POMT2","POMT2-201",0.589731084067523,1,0.442523125680721,0.981803694508639,"Oligodendrocyte"
"POR","POR-201",0.368107385672829,1,0.544037716738674,0.99210169654318,"Oligodendrocyte"
"POR","POR-218",0.368107385672829,1,0.544037716738674,0.99210169654318,"Oligodendrocyte"
"POU2F1","POU2F1-201",NA,1,NA,NA,"Oligodendrocyte"
"POU2F1","POU2F1-204",NA,1,NA,NA,"Oligodendrocyte"
"PPFIA1","transcript104149.chr11.nic",7.2371433236824,1,0.00714105094262091,0.583189885103865,"Oligodendrocyte"
"PPFIA1","PPFIA1-222",7.23714332368263,1,0.00714105094262,0.583189885103865,"Oligodendrocyte"
"PPFIA2","PPFIA2-202",0.000342837433777277,1,0.985227317480834,1,"Oligodendrocyte"
"PPFIA2","PPFIA2-205",0.00034283743366359,1,0.985227317483283,1,"Oligodendrocyte"
"PPIG","PPIG-201",0.195671340974513,1,0.65823773867364,1,"Oligodendrocyte"
"PPIG","PPIG-205",0.11648787523518,1,0.732875338141728,1,"Oligodendrocyte"
"PPIG","PPIG-216",3.02311337761785,1,0.0820857399320418,0.849079714118972,"Oligodendrocyte"
"PPIG","PPIG-217",0.106828005120406,1,0.743784715618601,1,"Oligodendrocyte"
"PPIG","PPIG-214",-0.216365431988379,1,1,1,"Oligodendrocyte"
"PPIP5K2","PPIP5K2-218",0.22208270542427,1,0.637457562979435,1,"Oligodendrocyte"
"PPIP5K2","transcript136247.chr5.nic",0.22208270542427,1,0.637457562979435,1,"Oligodendrocyte"
"PPM1B","PPM1B-201",0.258842066900797,1,0.610916788550172,1,"Oligodendrocyte"
"PPM1B","PPM1B-204",4.24594512037311,1,0.0393441648028851,0.836623393063797,"Oligodendrocyte"
"PPM1B","PPM1B-207",0.481323293866808,1,0.487823529538964,0.986218906253136,"Oligodendrocyte"
"PPM1K","PPM1K-210",2.94362039698672,1,0.0862172899428216,0.849079714118972,"Oligodendrocyte"
"PPM1K","PPM1K-208",0.254563235112983,1,0.613880134321164,1,"Oligodendrocyte"
"PPM1K","PPM1K-209",1.95989821710918,1,0.161524204381785,0.904355558333022,"Oligodendrocyte"
"PPP1R10","PPP1R10-201",0.941817162186908,1,0.331810951801916,0.945148303852849,"Oligodendrocyte"
"PPP1R10","transcript39631.chr6.nic",0.941817162186908,1,0.331810951801916,0.945148303852849,"Oligodendrocyte"
"PPP1R12A","PPP1R12A-203",1.03788305126164,1,0.308314329766503,0.940529003384364,"Oligodendrocyte"
"PPP1R12A","PPP1R12A-213",1.03788305126164,1,0.308314329766503,0.940529003384364,"Oligodendrocyte"
"PPP1R12B","PPP1R12B-217",0.0152657688456657,1,0.901667845850409,1,"Oligodendrocyte"
"PPP1R12B","PPP1R12B-216",0.468865059234304,1,0.493509758193084,0.986218906253136,"Oligodendrocyte"
"PPP1R12B","PPP1R12B-204",1.23617803197203,1,0.26620891365533,0.92571897266236,"Oligodendrocyte"
"PPP1R9A","PPP1R9A-207",0.223732814831919,1,0.636210302178092,1,"Oligodendrocyte"
"PPP1R9A","PPP1R9A-202",3.56150078763449,1,0.059134251491503,0.836623393063797,"Oligodendrocyte"
"PPP1R9A","PPP1R9A-206",1.35114057105193,1,0.24507881959238,0.92571897266236,"Oligodendrocyte"
"PPP4R3A","PPP4R3A-206",5.18570455223664,1,0.0227734370603665,0.768172874968861,"Oligodendrocyte"
"PPP4R3A","PPP4R3A-202",5.18570455223664,1,0.0227734370603665,0.768172874968861,"Oligodendrocyte"
"PPP4R3B","PPP4R3B-204",0.0363418949395964,1,0.848811173019894,1,"Oligodendrocyte"
"PPP4R3B","PPP4R3B-206",1.35534779065847,1,0.244345380164548,0.92571897266236,"Oligodendrocyte"
"PPP4R3B","PPP4R3B-205",1.66968799436677,1,0.196300330252138,0.917730617517697,"Oligodendrocyte"
"PPP6R3","PPP6R3-214",0.00611971595270688,1,0.937646201562993,1,"Oligodendrocyte"
"PPP6R3","PPP6R3-203",0.00611971595270688,1,0.937646201562993,1,"Oligodendrocyte"
"PREPL","PREPL-208",0.241565267176838,1,0.623077875121717,1,"Oligodendrocyte"
"PREPL","PREPL-207",0.224314443388494,1,0.635772010861483,1,"Oligodendrocyte"
"PREPL","PREPL-216",0.0120566911557489,1,0.912565639416893,1,"Oligodendrocyte"
"PREPL","PREPL-205",0.420133449923696,1,0.516870462863888,0.987123735128959,"Oligodendrocyte"
"PREX1","PREX1-201",0.0667456771079742,1,0.796135375470906,1,"Oligodendrocyte"
"PREX1","PREX1-202",0.0667456771079742,1,0.796135375470906,1,"Oligodendrocyte"
"PRKACB","PRKACB-216",0.223698705441166,1,0.636236027242954,1,"Oligodendrocyte"
"PRKACB","PRKACB-205",0.677633825586781,1,0.41040270040705,0.965855706599194,"Oligodendrocyte"
"PRKACB","PRKACB-215",0.547986948004109,1,0.459141394608907,0.98209075514408,"Oligodendrocyte"
"PRKACB","PRKACB-210",0.442283249311004,1,0.506022481943735,0.987123735128959,"Oligodendrocyte"
"PRKAR1A","PRKAR1A-201",0.328273695033204,1,0.56667737142656,0.997607154754473,"Oligodendrocyte"
"PRKAR1A","PRKAR1A-216",0.328273695033204,1,0.56667737142656,0.997607154754473,"Oligodendrocyte"
"PRKCQ","PRKCQ-201",1.11391669825434,1,0.291232127267702,0.931153693956684,"Oligodendrocyte"
"PRKCQ","transcript18293.chr10.nic",0.0361004136143492,1,0.849308277603615,1,"Oligodendrocyte"
"PRKCQ","PRKCQ-203",3.26625537156792,1,0.0707188754019388,0.849079714118972,"Oligodendrocyte"
"PRKDC","PRKDC-202",-0.193674013905365,1,1,1,"Oligodendrocyte"
"PRKDC","PRKDC-212",0.054303771006289,1,0.81573679391145,1,"Oligodendrocyte"
"PRKDC","PRKDC-201",0.0288971587044671,1,0.865016708883366,1,"Oligodendrocyte"
"PRNP","PRNP-203",0.0918025473501984,1,0.761897976397247,1,"Oligodendrocyte"
"PRNP","PRNP-202",1.31326541517319,1,0.251804284197301,0.92571897266236,"Oligodendrocyte"
"PRNP","PRNP-201",2.24942816053317,1,0.133663788250544,0.888581803581084,"Oligodendrocyte"
"PRORP","PRORP-201",0.689090099575537,1,0.406474044089232,0.964832463891012,"Oligodendrocyte"
"PRORP","PRORP-203",0.689090099575537,1,0.406474044089232,0.964832463891012,"Oligodendrocyte"
"PROX1","PROX1-202",0.82478717266531,1,0.363784216619896,0.961019149398412,"Oligodendrocyte"
"PROX1","PROX1-201",0.82478717266531,1,0.363784216619896,0.961019149398412,"Oligodendrocyte"
"PRPF38B","PRPF38B-204",0.0603490188630076,1,0.805945150017761,1,"Oligodendrocyte"
"PRPF38B","PRPF38B-203",0.0603490188630076,1,0.805945150017761,1,"Oligodendrocyte"
"PRPF39","PRPF39-203",1.00101805596574,1,0.317064293453312,0.94318886854311,"Oligodendrocyte"
"PRPF39","PRPF39-201",1.00101805596574,1,0.317064293453312,0.94318886854311,"Oligodendrocyte"
"PRPF40A","transcript295901.chr2.nic",0.0506800469236168,1,0.821884138558547,1,"Oligodendrocyte"
"PRPF40A","PRPF40A-215",2.35311854942415,1,0.125032655867173,0.865806028004396,"Oligodendrocyte"
"PRPF40A","PRPF40A-202",0.980732799620455,1,0.322017956689162,0.94318886854311,"Oligodendrocyte"
"PRRC1","PRRC1-202",1.63609077087881,1,0.20086267483107,0.917730617517697,"Oligodendrocyte"
"PRRC1","PRRC1-201",1.63609077087881,1,0.20086267483107,0.917730617517697,"Oligodendrocyte"
"PRRC2C","PRRC2C-213",3.08499296324044,1,0.0790176069163442,0.849079714118972,"Oligodendrocyte"
"PRRC2C","PRRC2C-201",2.68902575072752,1,0.101041576303277,0.849079714118972,"Oligodendrocyte"
"PRRC2C","PRRC2C-207",0.186119074514863,1,0.666166499959264,1,"Oligodendrocyte"
"PRUNE2","PRUNE2-207",0.0831793558609206,1,0.773034203973209,1,"Oligodendrocyte"
"PRUNE2","PRUNE2-203",-0.0044398979844118,1,1,1,"Oligodendrocyte"
"PRUNE2","PRUNE2-213",0.0154920715758635,1,0.900945408125125,1,"Oligodendrocyte"
"PSD3","PSD3-217",0.677236846629512,1,0.410539832916236,0.965855706599194,"Oligodendrocyte"
"PSD3","PSD3-201",0.301050360487352,1,0.583224687214569,1,"Oligodendrocyte"
"PSD3","PSD3-203",1.11182768547133,1,0.291684995122687,0.93181264093339,"Oligodendrocyte"
"PSEN1","PSEN1-201",3.8835113812961,1,0.0487624724642329,0.836623393063797,"Oligodendrocyte"
"PSEN1","PSEN1-226",0.0259584127641119,1,0.872001923069349,1,"Oligodendrocyte"
"PSEN1","PSEN1-232",1.2661279866104,1,0.260494325712277,0.92571897266236,"Oligodendrocyte"
"PSEN1","PSEN1-202",1.97300896314346,1,0.16012883939798,0.904355558333022,"Oligodendrocyte"
"PSIP1","PSIP1-204",0.425965000142469,1,0.51397553249722,0.987123735128959,"Oligodendrocyte"
"PSIP1","PSIP1-203",0.425965000142469,1,0.51397553249722,0.987123735128959,"Oligodendrocyte"
"PSMA2","PSMA2-201",0.333351738933061,1,0.563692096248588,0.997607154754473,"Oligodendrocyte"
"PSMA2","PSMA2-206",0.333351738933061,1,0.563692096248588,0.997607154754473,"Oligodendrocyte"
"PSMD1","PSMD1-224",0.000712582181677135,1,0.978703611307282,1,"Oligodendrocyte"
"PSMD1","PSMD1-201",1.43605044405808,1,0.230779535248125,0.922533219692286,"Oligodendrocyte"
"PSMD1","PSMD1-215",0.816474930763775,1,0.366212833248849,0.961019149398412,"Oligodendrocyte"
"PSMD8","PSMD8-211",3.09206733180054,1,0.0786747945583251,0.849079714118972,"Oligodendrocyte"
"PSMD8","PSMD8-213",3.09206733180054,1,0.0786747945583251,0.849079714118972,"Oligodendrocyte"
"PSMF1","PSMF1-201",0.0806822567653853,1,0.776374958034912,1,"Oligodendrocyte"
"PSMF1","PSMF1-203",0.0806822567653853,1,0.776374958034912,1,"Oligodendrocyte"
"PTBP2","PTBP2-211",1.11752040793817,1,0.290453001378936,0.930697544149248,"Oligodendrocyte"
"PTBP2","PTBP2-220",0.549346310005149,1,0.458584914563459,0.98209075514408,"Oligodendrocyte"
"PTBP2","PTBP2-213",1.75927454482871,1,0.184715028152266,0.917730617517697,"Oligodendrocyte"
"PTBP2","PTBP2-222",0.716822202542517,1,0.397188266704191,0.963523459787408,"Oligodendrocyte"
"PTK2","PTK2-206",0.862222435445801,1,0.353117505324995,0.9518465083715,"Oligodendrocyte"
"PTK2","PTK2-218",0.803075689027537,1,0.370175377111701,0.961019149398412,"Oligodendrocyte"
"PTK2","PTK2-207",0.686351258874311,1,0.407408232547003,0.964832463891012,"Oligodendrocyte"
"PTK2","PTK2-213",0.0274909975951232,1,0.868311124156236,1,"Oligodendrocyte"
"PTK2","PTK2-258",0.223785714245423,1,0.636170410555293,1,"Oligodendrocyte"
"PTK2","PTK2-240",0.554532370741072,1,0.456471660828626,0.98209075514408,"Oligodendrocyte"
"PTMA","PTMA-202",-0.208830977342586,1,1,1,"Oligodendrocyte"
"PTMA","PTMA-212",0.530658602950098,1,0.466330100700977,0.982519245087122,"Oligodendrocyte"
"PTMA","PTMA-201",1.05954382981599,1,0.303319249840031,0.939568078257552,"Oligodendrocyte"
"PTN","PTN-203",0.399170915605282,1,0.527517741415288,0.991241525829912,"Oligodendrocyte"
"PTN","PTN-201",0.399170915603463,1,0.527517741416228,0.991241525829912,"Oligodendrocyte"
"PTPDC1","PTPDC1-201",4.71057197473783,1,0.0299776760205986,0.798421510541965,"Oligodendrocyte"
"PTPDC1","PTPDC1-204",0.726402525162484,1,0.394051761289137,0.963523459787408,"Oligodendrocyte"
"PTPDC1","PTPDC1-202",12.7651584163668,1,0.000353135685348005,0.123470012767247,"Oligodendrocyte"
"PTPRD","PTPRD-213",1.12119046332623,1,0.289662260758042,0.930697544149248,"Oligodendrocyte"
"PTPRD","PTPRD-206",1.12119046332623,1,0.289662260758042,0.930697544149248,"Oligodendrocyte"
"PTPRF","PTPRF-207",0.30146812226053,1,0.582963500553435,1,"Oligodendrocyte"
"PTPRF","transcript77440.chr1.nnic",0.30146812226053,1,0.582963500553435,1,"Oligodendrocyte"
"PTPRK","PTPRK-218",1.06349897102911,1,0.302418505312959,0.939227917698084,"Oligodendrocyte"
"PTPRK","PTPRK-207",1.06349897102911,1,0.302418505312959,0.939227917698084,"Oligodendrocyte"
"PUF60","PUF60-208",1.20992228894625,1,0.271347512913659,0.92571897266236,"Oligodendrocyte"
"PUF60","PUF60-202",1.20992228894625,1,0.271347512913659,0.92571897266236,"Oligodendrocyte"
"PUM2","PUM2-207",0.14162944329621,1,0.706666468760072,1,"Oligodendrocyte"
"PUM2","PUM2-210",0.14162944329621,1,0.706666468760072,1,"Oligodendrocyte"
"PUS7L","PUS7L-201",1.16745831271083,1,0.279924104911603,0.928001246836007,"Oligodendrocyte"
"PUS7L","PUS7L-202",1.16745831271083,1,0.279924104911603,0.928001246836007,"Oligodendrocyte"
"PWWP2A","PWWP2A-202",6.61589482740715,1,0.0101072541567732,0.625655601573369,"Oligodendrocyte"
"PWWP2A","PWWP2A-201",3.09841445113057,1,0.0783685863421329,0.849079714118972,"Oligodendrocyte"
"PWWP2A","PWWP2A-205",0.0601610811947921,1,0.80624152605979,1,"Oligodendrocyte"
"PWWP3A","PWWP3A-208",0.655403345499508,1,0.418187441039319,0.969546754007607,"Oligodendrocyte"
"PWWP3A","transcript3957.chr19.nic",1.44639596804495,1,0.22910713144194,0.922533219692286,"Oligodendrocyte"
"PWWP3A","PWWP3A-210",0.00960365250512041,1,0.921933701200923,1,"Oligodendrocyte"
"PXK","PXK-211",2.82890048497211,1,0.0925817249958939,0.849079714118972,"Oligodendrocyte"
"PXK","PXK-205",1.22003019245858,1,0.269354726816223,0.92571897266236,"Oligodendrocyte"
"PXK","PXK-204",-0.0138384874899202,1,1,1,"Oligodendrocyte"
"PXK","PXK-202",6.85463054964202,1,0.00884118360144956,0.599024624143769,"Oligodendrocyte"
"QDPR","QDPR-205",1.6236085807559,1,0.202589355748508,0.917730617517697,"Oligodendrocyte"
"QDPR","QDPR-202",1.42119587017987,1,0.233206668986625,0.922663777881094,"Oligodendrocyte"
"QDPR","QDPR-201",2.78868344874536,1,0.0949321923547004,0.849079714118972,"Oligodendrocyte"
"QKI","QKI-204",0.0211299368670552,1,0.884425538553326,1,"Oligodendrocyte"
"QKI","QKI-205",0.0684155315925636,1,0.793657888448885,1,"Oligodendrocyte"
"QKI","QKI-207",0.00360234947311255,1,0.952140043602151,1,"Oligodendrocyte"
"QKI","QKI-203",0.721226570588897,1,0.395741866287506,0.963523459787408,"Oligodendrocyte"
"QKI","QKI-201",1.38104264828871,1,0.239923626240394,0.92571897266236,"Oligodendrocyte"
"QTRT1","QTRT1-207",0.0893256981582624,1,0.76503614722736,1,"Oligodendrocyte"
"QTRT1","QTRT1-201",0.0893256981582624,1,0.76503614722736,1,"Oligodendrocyte"
"RAB3IP","RAB3IP-201",3.42031600196367,1,0.0643986850749974,0.836623393063797,"Oligodendrocyte"
"RAB3IP","RAB3IP-204",3.42031600196367,1,0.0643986850749974,0.836623393063797,"Oligodendrocyte"
"RAB40B","RAB40B-201",0.248014060500282,1,0.618476922817278,1,"Oligodendrocyte"
"RAB40B","RAB40B-211",0.376832938850384,1,0.539303086520555,0.99210169654318,"Oligodendrocyte"
"RAB40B","RAB40B-206",-0.0595158979936059,1,1,1,"Oligodendrocyte"
"RAB4A","RAB4A-201",0.0148966502970325,1,0.902857967122184,1,"Oligodendrocyte"
"RAB4A","transcript332123.chr1.nic",0.0148966502970325,1,0.902857967122184,1,"Oligodendrocyte"
"RAB6A","RAB6A-201",2.60299891335944,1,0.106661713874225,0.85236699474703,"Oligodendrocyte"
"RAB6A","RAB6A-202",2.60299891335944,1,0.106661713874225,0.85236699474703,"Oligodendrocyte"
"RABGAP1L","RABGAP1L-204",0.0730389314804256,1,0.786962422269884,1,"Oligodendrocyte"
"RABGAP1L","RABGAP1L-201",0.0730389314804256,1,0.786962422269884,1,"Oligodendrocyte"
"RADX","RADX-204",0.0611726414796863,1,0.804652041324534,1,"Oligodendrocyte"
"RADX","RADX-202",0.0611726414796863,1,0.804652041324534,1,"Oligodendrocyte"
"RAF1","RAF1-201",3.64900781778294,1,0.0561026236377276,0.836623393063797,"Oligodendrocyte"
"RAF1","RAF1-226",0.00618679453617688,1,0.937306101321359,1,"Oligodendrocyte"
"RAF1","RAF1-232",3.08146371108779,1,0.0791892299181178,0.849079714118972,"Oligodendrocyte"
"RAI14","transcript37415.chr5.nic",1.1895756147085,1,0.275415176538233,0.92571897266236,"Oligodendrocyte"
"RAI14","transcript36983.chr5.nic",1.1895756147085,1,0.275415176538233,0.92571897266236,"Oligodendrocyte"
"RALGAPA1","RALGAPA1-220",0.955392799544143,1,0.328350394773145,0.945032054031998,"Oligodendrocyte"
"RALGAPA1","RALGAPA1-219",0.0861761033238508,1,0.769095928647699,1,"Oligodendrocyte"
"RALGAPA1","RALGAPA1-201",3.90199998024718,1,0.0482286621198211,0.836623393063797,"Oligodendrocyte"
"RALGDS","RALGDS-202",-0.0432287449696673,1,1,1,"Oligodendrocyte"
"RALGDS","RALGDS-201",-0.0982432431295024,1,1,1,"Oligodendrocyte"
"RALGDS","RALGDS-213",0.702728031131699,1,0.401868551752427,0.963523459787408,"Oligodendrocyte"
"RANBP2","RANBP2-206",0.0191842643903328,1,0.889839522805012,1,"Oligodendrocyte"
"RANBP2","RANBP2-201",0.0191842643903328,1,0.889839522805012,1,"Oligodendrocyte"
"RANGAP1","RANGAP1-207",0.272603598196611,1,0.601590579901284,1,"Oligodendrocyte"
"RANGAP1","RANGAP1-201",0.272603598196611,1,0.601590579901284,1,"Oligodendrocyte"
"RAP1B","RAP1B-201",0.220692894453805,1,0.638512474005503,1,"Oligodendrocyte"
"RAP1B","RAP1B-204",0.220692894453805,1,0.638512474005503,1,"Oligodendrocyte"
"RAPGEF3","RAPGEF3-209",1.21537629424756,1,0.270269968459625,0.92571897266236,"Oligodendrocyte"
"RAPGEF3","RAPGEF3-205",1.21537629424756,1,0.270269968459625,0.92571897266236,"Oligodendrocyte"
"RAPGEF6","RAPGEF6-209",0.938151044066274,1,0.332753799851616,0.945148303852849,"Oligodendrocyte"
"RAPGEF6","RAPGEF6-201",0.891772608894826,1,0.344997399400649,0.9518465083715,"Oligodendrocyte"
"RAPGEF6","RAPGEF6-211",0.203460558539973,1,0.65194196384442,1,"Oligodendrocyte"
"RASA3","RASA3-201",0.00538787476966718,1,0.941486111394354,1,"Oligodendrocyte"
"RASA3","transcript113432.chr13.nic",0.00538787476966718,1,0.941486111394354,1,"Oligodendrocyte"
"RASGEF1B","RASGEF1B-207",3.63874103017582,1,0.0564496052905297,0.836623393063797,"Oligodendrocyte"
"RASGEF1B","RASGEF1B-201",0.40456463132341,1,0.524741256735578,0.991241525829912,"Oligodendrocyte"
"RASGEF1B","RASGEF1B-203",5.37036976044629,1,0.0204816353054977,0.721999409510128,"Oligodendrocyte"
"RASGRP3","transcript39687.chr2.nic",1.82144589031032,1,0.177141264831122,0.912531263304659,"Oligodendrocyte"
"RASGRP3","RASGRP3-202",1.82144589031032,1,0.177141264831122,0.912531263304659,"Oligodendrocyte"
"RASSF2","RASSF2-202",0.0190744863677992,1,0.890153155721168,1,"Oligodendrocyte"
"RASSF2","transcript8576.chr20.nnic",0.0190744863677992,1,0.890153155721168,1,"Oligodendrocyte"
"RASSF4","RASSF4-211",0.496389039802125,1,0.48109105829061,0.984823562153096,"Oligodendrocyte"
"RASSF4","RASSF4-201",0.496389039802125,1,0.48109105829061,0.984823562153096,"Oligodendrocyte"
"RB1CC1","RB1CC1-201",1.83528775631567,1,0.17550425675444,0.912531263304659,"Oligodendrocyte"
"RB1CC1","RB1CC1-202",1.83528775631567,1,0.17550425675444,0.912531263304659,"Oligodendrocyte"
"RBBP9","transcript25078.chr20.nnic",1.94305598566908,1,0.163337103793162,0.905935969553787,"Oligodendrocyte"
"RBBP9","RBBP9-201",1.94305598566908,1,0.163337103793162,0.905935969553787,"Oligodendrocyte"
"RBCK1","RBCK1-204",0.471709428280974,1,0.492201801027457,0.986218906253136,"Oligodendrocyte"
"RBCK1","RBCK1-202",0.471709428280974,1,0.492201801027457,0.986218906253136,"Oligodendrocyte"
"RBL2","RBL2-201",2.10059497164457,1,0.147241833673989,0.891488563291049,"Oligodendrocyte"
"RBL2","RBL2-209",2.10059497164457,1,0.147241833673989,0.891488563291049,"Oligodendrocyte"
"RBM12","RBM12-202",1.48724951250114,1,0.222643704353868,0.917730617517697,"Oligodendrocyte"
"RBM12","RBM12-203",1.48724951250114,1,0.222643704353868,0.917730617517697,"Oligodendrocyte"
"RBM19","RBM19-201",0.478501173012887,1,0.489102009135806,0.986218906253136,"Oligodendrocyte"
"RBM19","RBM19-203",0.478501173012887,1,0.489102009135806,0.986218906253136,"Oligodendrocyte"
"RBM25","RBM25-201",1.87073765023706,1,0.171390619426194,0.912531263304659,"Oligodendrocyte"
"RBM25","RBM25-206",0.474679602682954,1,0.49084217326055,0.986218906253136,"Oligodendrocyte"
"RBM25","RBM25-203",4.45761186604796,1,0.0347460422531318,0.818997589981106,"Oligodendrocyte"
"RBM25","RBM25-205",0.801330410973605,1,0.370695895974683,0.961019149398412,"Oligodendrocyte"
"RBM25","RBM25-212",-0.177750104583538,1,1,1,"Oligodendrocyte"
"RBM33","RBM33-207",0.0299904536335589,1,0.862511892642731,1,"Oligodendrocyte"
"RBM33","RBM33-201",0.0299904536335589,1,0.862511892642731,1,"Oligodendrocyte"
"RBM39","RBM39-223",0.763225012582552,1,0.382321143852128,0.963523459787408,"Oligodendrocyte"
"RBM39","RBM39-203",0.203237440087833,1,0.652120270633373,1,"Oligodendrocyte"
"RBM39","RBM39-201",2.15336645014577,1,0.142257669276628,0.888677046009816,"Oligodendrocyte"
"RBM4","RBM4-206",3.82413056421797,1,0.0505195516243305,0.836623393063797,"Oligodendrocyte"
"RBM4","RBM4-204",0.684655269911502,1,0.40798829307736,0.964832463891012,"Oligodendrocyte"
"RBM4","RBM4-201",3.64859400465662,1,0.0561165652241503,0.836623393063797,"Oligodendrocyte"
"RBM48","RBM48-202",0.00470247548400948,1,0.945328239155692,1,"Oligodendrocyte"
"RBM48","RBM48-201",0.00470247548400948,1,0.945328239155692,1,"Oligodendrocyte"
"RBM5","RBM5-212",1.54074964708434,1,0.214506256185716,0.917730617517697,"Oligodendrocyte"
"RBM5","RBM5-214",3.89860995865183,1,0.0483260764555362,0.836623393063797,"Oligodendrocyte"
"RBM5","RBM5-201",0.0421544243581593,1,0.837325692189174,1,"Oligodendrocyte"
"RBM6","RBM6-201",2.66294788476705,1,0.102710220107127,0.849079714118972,"Oligodendrocyte"
"RBM6","RBM6-213",2.66294788476705,1,0.102710220107127,0.849079714118972,"Oligodendrocyte"
"RBM7","RBM7-201",0.716388175386555,1,0.397331214730416,0.963523459787408,"Oligodendrocyte"
"RBM7","RBM7-203",0.716388175386555,1,0.397331214730416,0.963523459787408,"Oligodendrocyte"
"RBMX","RBMX-201",0.184957302356224,1,0.667147176694988,1,"Oligodendrocyte"
"RBMX","RBMX-212",0.335049460676828,1,0.56270080181518,0.997607154754473,"Oligodendrocyte"
"RBMX","RBMX-207",0.518898856948226,1,0.471311776576665,0.984823562153096,"Oligodendrocyte"
"RBPJ","transcript69921.chr4.nic",0.00544272374054344,1,0.941189564897071,1,"Oligodendrocyte"
"RBPJ","RBPJ-250",-0.00574089966539759,1,1,1,"Oligodendrocyte"
"RBPJ","RBPJ-251",0.233719918719089,1,0.628779178404745,1,"Oligodendrocyte"
"RBPJ","RBPJ-249",0.125728841496766,1,0.722902290938599,1,"Oligodendrocyte"
"RBPJ","RBPJ-205",0.0334816885469991,1,0.854813693890797,1,"Oligodendrocyte"
"RC3H1","RC3H1-202",0.884499295515752,1,0.346972312803932,0.9518465083715,"Oligodendrocyte"
"RC3H1","RC3H1-203",0.884499295515752,1,0.346972312803932,0.9518465083715,"Oligodendrocyte"
"RCHY1","RCHY1-213",4.09082671486698,1,0.0431165480565652,0.836623393063797,"Oligodendrocyte"
"RCHY1","RCHY1-201",4.09082671486698,1,0.0431165480565652,0.836623393063797,"Oligodendrocyte"
"RDH11","RDH11-201",0.164608299640349,1,0.68494872455036,1,"Oligodendrocyte"
"RDH11","RDH11-203",0.164608299640349,1,0.68494872455036,1,"Oligodendrocyte"
"RDX","RDX-222",0.218131889463621,1,0.640467026180977,1,"Oligodendrocyte"
"RDX","RDX-219",0.218131889463621,1,0.640467026180977,1,"Oligodendrocyte"
"REPIN1","REPIN1-203",0.597899041623918,1,0.43938076149118,0.981803694508639,"Oligodendrocyte"
"REPIN1","REPIN1-214",0.597899041623918,1,0.43938076149118,0.981803694508639,"Oligodendrocyte"
"RETREG1","RETREG1-212",0.53527374244004,1,0.464398068249718,0.98209075514408,"Oligodendrocyte"
"RETREG1","RETREG1-201",-0.0822871330219641,1,1,1,"Oligodendrocyte"
"RETREG1","RETREG1-224",1.5999127836385,1,0.205915570998768,0.917730617517697,"Oligodendrocyte"
"RETREG1","RETREG1-215",0.335207118462677,1,0.562608916149881,0.997607154754473,"Oligodendrocyte"
"RFC1","RFC1-202",0.979209517651498,1,0.322394041463479,0.94318886854311,"Oligodendrocyte"
"RFC1","RFC1-201",0.979209517651498,1,0.322394041463479,0.94318886854311,"Oligodendrocyte"
"RHOBTB1","transcript112457.chr10.nnic",0.387852113832196,1,0.533430588022446,0.991241525829912,"Oligodendrocyte"
"RHOBTB1","RHOBTB1-202",0.387852113832196,1,0.533430588022446,0.991241525829912,"Oligodendrocyte"
"RHOT1","RHOT1-203",2.70751305400699,1,0.099876585356192,0.849079714118972,"Oligodendrocyte"
"RHOT1","RHOT1-201",0.2637465271373,1,0.607557844995767,1,"Oligodendrocyte"
"RHOT1","RHOT1-205",1.03767853528325,1,0.308361998461293,0.940529003384364,"Oligodendrocyte"
"RIF1","RIF1-201",3.28439382469878,1,0.0699414508477171,0.849079714118972,"Oligodendrocyte"
"RIF1","RIF1-203",3.28439382469878,1,0.0699414508477171,0.849079714118972,"Oligodendrocyte"
"RIOK3","RIOK3-205",4.68352827160788,1,0.0304531396714813,0.798548995829953,"Oligodendrocyte"
"RIOK3","RIOK3-201",4.68352827160788,1,0.0304531396714813,0.798548995829953,"Oligodendrocyte"
"RLIM","RLIM-202",1.15356420836542,1,0.282804277070595,0.9286185727071,"Oligodendrocyte"
"RLIM","RLIM-201",1.15356420836542,1,0.282804277070595,0.9286185727071,"Oligodendrocyte"
"RNF103","RNF103-201",2.79978694184211,1,0.0942768338775696,0.849079714118972,"Oligodendrocyte"
"RNF103","RNF103-204",2.79978694184211,1,0.0942768338775696,0.849079714118972,"Oligodendrocyte"
"RNF13","RNF13-201",1.97217542033832,1,0.160217142584312,0.904355558333022,"Oligodendrocyte"
"RNF13","RNF13-203",1.97217542033832,1,0.160217142584312,0.904355558333022,"Oligodendrocyte"
"RNF14","RNF14-205",0.0526431597474186,1,0.818526194142177,1,"Oligodendrocyte"
"RNF14","RNF14-203",0.0526431597474186,1,0.818526194142177,1,"Oligodendrocyte"
"RNF141","RNF141-201",0.101733797022007,1,0.749758847620279,1,"Oligodendrocyte"
"RNF141","RNF141-205",0.101733797022007,1,0.749758847620279,1,"Oligodendrocyte"
"RNF144A","RNF144A-201",3.34937899150646,1,0.0672303722620547,0.842660058521503,"Oligodendrocyte"
"RNF144A","transcript9298.chr2.nic",0.594923447780729,1,0.440521542444968,0.981803694508639,"Oligodendrocyte"
"RNF144A","transcript10099.chr2.nnic",2.26792920949219,1,0.132076275664762,0.887402165320539,"Oligodendrocyte"
"RNF213","RNF213-204",-0.0240587604519078,1,1,1,"Oligodendrocyte"
"RNF213","RNF213-220",2.20340795582706,1,0.137705996667274,0.888677046009816,"Oligodendrocyte"
"RNF213","RNF213-201",0.933462861344651,1,0.333964716406723,0.945148303852849,"Oligodendrocyte"
"RNF213","RNF213-207",1.48820990631998,1,0.222494410813209,0.917730617517697,"Oligodendrocyte"
"RNF216","RNF216-202",2.64435421675523,1,0.1039183778358,0.849079714118972,"Oligodendrocyte"
"RNF216","RNF216-205",2.64435421675523,1,0.1039183778358,0.849079714118972,"Oligodendrocyte"
"RNF6","RNF6-203",0.351664848501514,1,0.553172209376297,0.993237404947644,"Oligodendrocyte"
"RNF6","RNF6-201",0.351664848501514,1,0.553172209376297,0.993237404947644,"Oligodendrocyte"
"RNH1","RNH1-224",0.227041792586306,1,0.63372602315371,1,"Oligodendrocyte"
"RNH1","RNH1-202",-0.19039505143769,1,1,1,"Oligodendrocyte"
"RNH1","RNH1-222",0.143724968693959,1,0.704605616015414,1,"Oligodendrocyte"
"RNH1","RNH1-205",1.39313017516338,1,0.237877198485909,0.92571897266236,"Oligodendrocyte"
"RNH1","RNH1-203",6.6838826214896,1,0.00972884864249348,0.625655601573369,"Oligodendrocyte"
"RNPC3","RNPC3-208",0.380275491655198,1,0.53745583476058,0.99210169654318,"Oligodendrocyte"
"RNPC3","RNPC3-202",0.916151321336429,1,0.338487542918508,0.949575751902143,"Oligodendrocyte"
"RNPC3","RNPC3-201",2.8410204844173,1,0.0918858412464344,0.849079714118972,"Oligodendrocyte"
"RNPS1","RNPS1-221",6.43622335334055,1,0.0111816122018453,0.648906180608174,"Oligodendrocyte"
"RNPS1","RNPS1-220",0.0909347044621427,1,0.762992218661821,1,"Oligodendrocyte"
"RNPS1","RNPS1-202",4.5982102363439,1,0.0320053515367819,0.814512576450789,"Oligodendrocyte"
"RO60","RO60-208",0.00088824535941967,1,0.976223810934097,1,"Oligodendrocyte"
"RO60","RO60-206",0.00088824535941967,1,0.976223810934097,1,"Oligodendrocyte"
"ROBO1","ROBO1-209",0.232030255071777,1,0.630022494245733,1,"Oligodendrocyte"
"ROBO1","ROBO1-206",1.93676828612433,1,0.164019858581444,0.906792073211612,"Oligodendrocyte"
"ROBO1","ROBO1-202",0.798998000360825,1,0.371393119876006,0.961019149398412,"Oligodendrocyte"
"ROBO1","ROBO1-201",-0.0307048909558034,1,1,1,"Oligodendrocyte"
"ROGDI","ROGDI-209",3.59636093061704,1,0.0579061974704367,0.836623393063797,"Oligodendrocyte"
"ROGDI","ROGDI-201",2.1822110379569,1,0.139613762004713,0.888677046009816,"Oligodendrocyte"
"ROGDI","ROGDI-213",-0.0272211026174887,1,1,1,"Oligodendrocyte"
"RPL11","RPL11-202",0.0116843473742847,1,0.913921000846406,1,"Oligodendrocyte"
"RPL11","RPL11-206",0.0116843473742847,1,0.913921000846406,1,"Oligodendrocyte"
"RPL14","transcript60195.chr3.nnic",0.632225204961372,1,0.426540267071109,0.97731556338623,"Oligodendrocyte"
"RPL14","RPL14-208",0.632225204961372,1,0.426540267071109,0.97731556338623,"Oligodendrocyte"
"RPL15","RPL15-201",1.69391688966471,1,0.193085440677961,0.917730617517697,"Oligodendrocyte"
"RPL15","RPL15-204",1.69391688966471,1,0.193085440677961,0.917730617517697,"Oligodendrocyte"
"RPL18","RPL18-203",1.4960429163105,1,0.221281229177316,0.917730617517697,"Oligodendrocyte"
"RPL18","RPL18-208",1.4960429163105,1,0.221281229177316,0.917730617517697,"Oligodendrocyte"
"RPL22","RPL22-201",0.50226168992026,1,0.478508037439885,0.984823562153096,"Oligodendrocyte"
"RPL22","RPL22-206",0.50226168992026,1,0.478508037439885,0.984823562153096,"Oligodendrocyte"
"RPLP0","RPLP0-201",1.85801962908073,1,0.172853537549542,0.912531263304659,"Oligodendrocyte"
"RPLP0","RPLP0-203",1.85801962908073,1,0.172853537549542,0.912531263304659,"Oligodendrocyte"
"RPN2","RPN2-201",0.414480858477191,1,0.519703915634632,0.987123735128959,"Oligodendrocyte"
"RPN2","RPN2-209",0.414480858477191,1,0.519703915634632,0.987123735128959,"Oligodendrocyte"
"RRM1","RRM1-201",0.0632368352360118,1,0.801451254209516,1,"Oligodendrocyte"
"RRM1","RRM1-212",0.0632368352360118,1,0.801451254209516,1,"Oligodendrocyte"
"RRP7BP","RRP7BP-202",0.655707301134498,1,0.418079530573908,0.969546754007607,"Oligodendrocyte"
"RRP7BP","RRP7BP-205",0.655707301134498,1,0.418079530573908,0.969546754007607,"Oligodendrocyte"
"RSRC1","RSRC1-215",0.0355075203340789,1,0.850536141131785,1,"Oligodendrocyte"
"RSRC1","RSRC1-212",1.26118456554349,1,0.26142698755653,0.92571897266236,"Oligodendrocyte"
"RSRC1","RSRC1-229",0.773487412730503,1,0.379140350809199,0.963523459787408,"Oligodendrocyte"
"RSRC2","RSRC2-201",0.121480338609672,1,0.727434456090369,1,"Oligodendrocyte"
"RSRC2","RSRC2-214",0.121480338609672,1,0.727434456090369,1,"Oligodendrocyte"
"RSRP1","RSRP1-207",2.05875859725347,1,0.151333414496355,0.901316992331601,"Oligodendrocyte"
"RSRP1","RSRP1-202",1.18388253221201,1,0.27656700422564,0.92571897266236,"Oligodendrocyte"
"RSRP1","RSRP1-217",1.01273734206916,1,0.314247948537544,0.94318886854311,"Oligodendrocyte"
"RSRP1","RSRP1-201",0.00536208678386174,1,0.941626061162048,1,"Oligodendrocyte"
"RTCA-AS1","RTCA-AS1-205",1.26718269225967,1,0.260295870998397,0.92571897266236,"Oligodendrocyte"
"RTCA-AS1","RTCA-AS1-204",0.173378779227278,1,0.677126272552328,1,"Oligodendrocyte"
"RTCA-AS1","RTCA-AS1-206",3.96744553158169,1,0.0463880939060905,0.836623393063797,"Oligodendrocyte"
"RTKN","RTKN-201",0.0973002589043972,1,0.755093802901353,1,"Oligodendrocyte"
"RTKN","RTKN-203",0.0973002589041698,1,0.75509380290163,1,"Oligodendrocyte"
"RTN1","RTN1-201",0.176685916946553,1,0.674236917878312,1,"Oligodendrocyte"
"RTN1","RTN1-202",0.176685916946553,1,0.674236917878312,1,"Oligodendrocyte"
"RTN3","RTN3-203",3.8599691524214,1,0.0494512375487855,0.836623393063797,"Oligodendrocyte"
"RTN3","RTN3-208",1.99111147778603,1,0.158224713092843,0.904355558333022,"Oligodendrocyte"
"RTN3","RTN3-206",0.0481452710591839,1,0.826322652849337,1,"Oligodendrocyte"
"RTN3","RTN3-205",0.00578198640869232,1,0.939387772883615,1,"Oligodendrocyte"
"RTN4","RTN4-205",0.175154502787109,1,0.675570885929778,1,"Oligodendrocyte"
"RTN4","RTN4-202",0.175154502787109,1,0.675570885929778,1,"Oligodendrocyte"
"RTRAF","RTRAF-201",2.66346364888312,1,0.10267692725162,0.849079714118972,"Oligodendrocyte"
"RTRAF","transcript44565.chr14.nic",2.66346364888312,1,0.10267692725162,0.849079714118972,"Oligodendrocyte"
"RUFY2","RUFY2-205",1.49311512314347,1,0.221733759255034,0.917730617517697,"Oligodendrocyte"
"RUFY2","RUFY2-213",1.49311512314347,1,0.221733759255034,0.917730617517697,"Oligodendrocyte"
"RUFY3","RUFY3-201",0.196275222208897,1,0.657744328321155,1,"Oligodendrocyte"
"RUFY3","RUFY3-202",0.196275222208897,1,0.657744328321155,1,"Oligodendrocyte"
"RYR2","RYR2-201",2.38131520180343,1,0.122794127822197,0.865806028004396,"Oligodendrocyte"
"RYR2","transcript344469.chr1.nnic",2.38131520180343,1,0.122794127822197,0.865806028004396,"Oligodendrocyte"
"SACS","SACS-201",3.3791551333486,1,0.0660258927788696,0.836623393063797,"Oligodendrocyte"
"SACS","SACS-213",3.3791551333486,1,0.0660258927788696,0.836623393063797,"Oligodendrocyte"
"SAFB","SAFB-201",0.0647469067555448,1,0.799144733221356,1,"Oligodendrocyte"
"SAFB","SAFB-205",0.324755150267492,1,0.56876388988461,0.997607154754473,"Oligodendrocyte"
"SAFB","SAFB-211",0.695595534108634,1,0.404267628123007,0.964569258312113,"Oligodendrocyte"
"SAMD4B","transcript107115.chr19.nic",0.0372202645045263,1,0.847017281686088,1,"Oligodendrocyte"
"SAMD4B","transcript108335.chr19.nic",2.74723276468012,1,0.0974229070224861,0.849079714118972,"Oligodendrocyte"
"SAMD4B","SAMD4B-212",3.58031065245041,1,0.0584682164222481,0.836623393063797,"Oligodendrocyte"
"SAMD4B","SAMD4B-211",3.49941766151449,1,0.061390412421538,0.836623393063797,"Oligodendrocyte"
"SARAF","SARAF-201",-0.00282583805164904,1,1,1,"Oligodendrocyte"
"SARAF","SARAF-203",0.00659542731955298,1,0.935273168526986,1,"Oligodendrocyte"
"SARAF","SARAF-214",0.990412975126674,1,0.319641460712047,0.94318886854311,"Oligodendrocyte"
"SASH1","transcript200382.chr6.nic",1.6590451271768,1,0.197732298190391,0.917730617517697,"Oligodendrocyte"
"SASH1","SASH1-201",1.6590451271768,1,0.197732298190391,0.917730617517697,"Oligodendrocyte"
"SBDS","SBDS-207",0.475742437099257,1,0.490357173241078,0.986218906253136,"Oligodendrocyte"
"SBDS","SBDS-201",0.475742437099257,1,0.490357173241078,0.986218906253136,"Oligodendrocyte"
"SBNO1","SBNO1-201",0.0322775863651259,1,0.857419780146869,1,"Oligodendrocyte"
"SBNO1","SBNO1-203",0.0322775863651259,1,0.857419780146869,1,"Oligodendrocyte"
"SCAPER","SCAPER-201",0.645610979594494,1,0.421686253503497,0.973046435822645,"Oligodendrocyte"
"SCAPER","SCAPER-207",0.140137812602916,1,0.708144046354389,1,"Oligodendrocyte"
"SCAPER","SCAPER-212",1.2687641550001,1,0.259998651652285,0.92571897266236,"Oligodendrocyte"
"SCARB2","SCARB2-209",0.160113916888804,1,0.689051657955515,1,"Oligodendrocyte"
"SCARB2","SCARB2-215",1.7453135544929,1,0.186466970177849,0.917730617517697,"Oligodendrocyte"
"SCARB2","SCARB2-210",0.360957663226145,1,0.547974854364395,0.992346615914945,"Oligodendrocyte"
"SCARB2","SCARB2-201",-0.0151925931750156,1,1,1,"Oligodendrocyte"
"SCG5","SCG5-201",0.37672633661856,1,0.539360473847154,0.99210169654318,"Oligodendrocyte"
"SCG5","SCG5-202",0.37672633661856,1,0.539360473847154,0.99210169654318,"Oligodendrocyte"
"SCP2","SCP2-210",0.00514990270676208,1,0.94279065977702,1,"Oligodendrocyte"
"SCP2","SCP2-203",0.00514990270676208,1,0.94279065977702,1,"Oligodendrocyte"
"SCYL1","SCYL1-202",0.277772914334037,1,0.598164656657384,1,"Oligodendrocyte"
"SCYL1","SCYL1-201",0.277772914334037,1,0.598164656657384,1,"Oligodendrocyte"
"SDAD1","SDAD1-202",0.00954593984408802,1,0.922167874703621,1,"Oligodendrocyte"
"SDAD1","SDAD1-201",0.00954593984408802,1,0.922167874703621,1,"Oligodendrocyte"
"SDCBP","SDCBP-204",0.37311960141875,1,0.541308709294356,0.99210169654318,"Oligodendrocyte"
"SDCBP","SDCBP-201",0.37311960141875,1,0.541308709294356,0.99210169654318,"Oligodendrocyte"
"SDHA","SDHA-216",0.23633420806982,1,0.626866370854216,1,"Oligodendrocyte"
"SDHA","SDHA-201",0.23633420806982,1,0.626866370854216,1,"Oligodendrocyte"
"SEC24B","SEC24B-201",0.421973557263868,1,0.51595391674761,0.987123735128959,"Oligodendrocyte"
"SEC24B","SEC24B-202",0.421973557263868,1,0.51595391674761,0.987123735128959,"Oligodendrocyte"
"SEC61A1","SEC61A1-208",0.969304007462483,1,0.324853818769899,0.94318886854311,"Oligodendrocyte"
"SEC61A1","SEC61A1-221",2.63956973808126,1,0.104231769095289,0.849079714118972,"Oligodendrocyte"
"SEC61A1","SEC61A1-201",0.743755438747257,1,0.388460526535179,0.963523459787408,"Oligodendrocyte"
"SEC62","SEC62-201",0.00513267087808345,1,0.942886288698002,1,"Oligodendrocyte"
"SEC62","transcript272927.chr3.nnic",0.00513267087808345,1,0.942886288698002,1,"Oligodendrocyte"
"SECISBP2","SECISBP2-205",4.70783823929492,1,0.0300253851951692,0.798421510541965,"Oligodendrocyte"
"SECISBP2","SECISBP2-202",4.70783823929503,1,0.0300253851951672,0.798421510541965,"Oligodendrocyte"
"SECISBP2L","SECISBP2L-201",0.000248611104325391,1,0.987419951134847,1,"Oligodendrocyte"
"SECISBP2L","SECISBP2L-209",0.000248611104325391,1,0.987419951134847,1,"Oligodendrocyte"
"SELENOP","SELENOP-210",0.00679822356323712,1,0.934287811114115,1,"Oligodendrocyte"
"SELENOP","SELENOP-214",0.00679822356323712,1,0.934287811114115,1,"Oligodendrocyte"
"SEMA3B","SEMA3B-214",0.11923319520065,1,0.729867643678264,1,"Oligodendrocyte"
"SEMA3B","SEMA3B-209",0.654383230528765,1,0.41854990572355,0.969546754007607,"Oligodendrocyte"
"SEMA3B","SEMA3B-207",-0.0363026647319202,1,1,1,"Oligodendrocyte"
"SEMA3B","SEMA3B-204",0.54534105753919,1,0.460227609054219,0.98209075514408,"Oligodendrocyte"
"SEMA3B","SEMA3B-213",2.84571302897166,1,0.0916179410757646,0.849079714118972,"Oligodendrocyte"
"SEMA3B","transcript80319.chr3.nnic",0.139926545263734,1,0.708354047148887,1,"Oligodendrocyte"
"SEMA3B","SEMA3B-212",2.44961974002581,1,0.117553342526535,0.863633867107215,"Oligodendrocyte"
"SEMA6A","transcript148874.chr5.nic",0.129432604152043,1,0.719021061140922,1,"Oligodendrocyte"
"SEMA6A","SEMA6A-212",0.23224725415821,1,0.629862506812799,1,"Oligodendrocyte"
"SEMA6A","SEMA6A-201",0.00733619530319629,1,0.931743384206287,1,"Oligodendrocyte"
"SEMA6A","SEMA6A-202",0.961473079300049,1,0.326816015384196,0.943341283722824,"Oligodendrocyte"
"SENP5","SENP5-204",0.774139302525782,1,0.378939564212664,0.963523459787408,"Oligodendrocyte"
"SENP5","SENP5-201",0.774139302525782,1,0.378939564212664,0.963523459787408,"Oligodendrocyte"
"SENP6","SENP6-202",0.0767164017913728,1,0.781797568258429,1,"Oligodendrocyte"
"SENP6","SENP6-205",0.0767164017913728,1,0.781797568258429,1,"Oligodendrocyte"
"SENP7","SENP7-202",1.64759140055503,1,0.19928707162185,0.917730617517697,"Oligodendrocyte"
"SENP7","SENP7-207",10.1039041566579,1,0.00147955545438554,0.279135810555624,"Oligodendrocyte"
"SENP7","SENP7-206",5.35776061971131,1,0.020630248592652,0.721999409510128,"Oligodendrocyte"
"SEPTIN2","SEPTIN2-208",1.67516203120249,1,0.19556854707712,0.917730617517697,"Oligodendrocyte"
"SEPTIN2","SEPTIN2-203",1.67516203120249,1,0.19556854707712,0.917730617517697,"Oligodendrocyte"
"SEPTIN4","SEPTIN4-208",4.4444046778799,1,0.0350157965231806,0.818997589981106,"Oligodendrocyte"
"SEPTIN4","SEPTIN4-202",2.21134738310593,1,0.1369989702077,0.888677046009816,"Oligodendrocyte"
"SEPTIN4","SEPTIN4-201",0.464105357043991,1,0.495711553219545,0.986218906253136,"Oligodendrocyte"
"SEPTIN4","SEPTIN4-224",0.074885979717692,1,0.784351278429149,1,"Oligodendrocyte"
"SEPTIN4","SEPTIN4-225",0.0453194013571192,1,0.831417801742736,1,"Oligodendrocyte"
"SEPTIN7","SEPTIN7-204",0.120204280821781,1,0.728813036072428,1,"Oligodendrocyte"
"SEPTIN7","SEPTIN7-206",0.00201245366042713,1,0.964218597507269,1,"Oligodendrocyte"
"SEPTIN7","SEPTIN7-219",1.74000128864282,1,0.187138663461875,0.917730617517697,"Oligodendrocyte"
"SEPTIN7","SEPTIN7-202",-0.0425467420063796,1,1,1,"Oligodendrocyte"
"SEPTIN7","SEPTIN7-218",0.114078799211711,1,0.735547423030953,1,"Oligodendrocyte"
"SEPTIN8","SEPTIN8-205",1.4317433443689,1,0.231480134382823,0.922533219692286,"Oligodendrocyte"
"SEPTIN8","transcript164634.chr5.nnic",0.316983525765863,1,0.573426099679771,1,"Oligodendrocyte"
"SEPTIN8","SEPTIN8-207",2.32205966602442,1,0.127551036003324,0.869373126260921,"Oligodendrocyte"
"SERBP1","SERBP1-203",0.703577407212833,1,0.401584238160693,0.963523459787408,"Oligodendrocyte"
"SERBP1","SERBP1-201",0.22150317359069,1,0.637896954718019,1,"Oligodendrocyte"
"SERBP1","SERBP1-204",-0.00338338839605967,1,1,1,"Oligodendrocyte"
"SF3B1","SF3B1-213",1.05554986177958,1,0.304232357247724,0.940529003384364,"Oligodendrocyte"
"SF3B1","SF3B1-211",0.0746810043492587,1,0.784639329801997,1,"Oligodendrocyte"
"SF3B1","SF3B1-201",0.163916031779081,1,0.685576416641995,1,"Oligodendrocyte"
"SF3B1","SF3B1-208",0.0814532263939327,1,0.775337618431684,1,"Oligodendrocyte"
"SFPQ","transcript61327.chr1.nnic",0.0823482850341861,1,0.774139954997059,1,"Oligodendrocyte"
"SFPQ","SFPQ-205",0.0823482850341861,1,0.774139954997059,1,"Oligodendrocyte"
"SFSWAP","SFSWAP-203",0.285836759200151,1,0.592900869000375,1,"Oligodendrocyte"
"SFSWAP","SFSWAP-209",0.440592678647704,1,0.506836533271042,0.987123735128959,"Oligodendrocyte"
"SFSWAP","SFSWAP-201",-0.00348156603558891,1,1,1,"Oligodendrocyte"
"SFXN1","SFXN1-201",1.30808206795245,1,0.252742201183362,0.92571897266236,"Oligodendrocyte"
"SFXN1","transcript234492.chr5.nic",1.30808206795245,1,0.252742201183362,0.92571897266236,"Oligodendrocyte"
"SGCE","transcript134384.chr7.nic",0.021877600803009,1,0.882413175342005,1,"Oligodendrocyte"
"SGCE","SGCE-286",0.021877600803009,1,0.882413175342005,1,"Oligodendrocyte"
"SGK1","SGK1-202",0.401451458812517,1,0.526340613609088,0.991241525829912,"Oligodendrocyte"
"SGK1","SGK1-204",0.234531475012773,1,0.628183976082788,1,"Oligodendrocyte"
"SGK1","SGK1-210",0.348058805269829,1,0.555214055554546,0.995656948592164,"Oligodendrocyte"
"SGK1","SGK1-201",2.67407578432903,1,0.101994521898616,0.849079714118972,"Oligodendrocyte"
"SGK1","SGK1-205",0.246271702621016,1,0.619712607835042,1,"Oligodendrocyte"
"SGK3","SGK3-202",2.34725380589089,1,0.125503928136147,0.865806028004396,"Oligodendrocyte"
"SGK3","SGK3-208",2.34725380589089,1,0.125503928136147,0.865806028004396,"Oligodendrocyte"
"SGMS1","SGMS1-202",1.77792977876652,1,0.182403743291702,0.917730617517697,"Oligodendrocyte"
"SGMS1","transcript102277.chr10.nic",1.77792977876652,1,0.182403743291702,0.917730617517697,"Oligodendrocyte"
"SGTA","SGTA-214",0.058863762793635,1,0.808300906512651,1,"Oligodendrocyte"
"SGTA","SGTA-201",0.058863762793635,1,0.808300906512651,1,"Oligodendrocyte"
"SH3BP4","transcript401398.chr2.nic",1.27126431910415,1,0.259529628453302,0.92571897266236,"Oligodendrocyte"
"SH3BP4","transcript400383.chr2.nic",0.0899665101030678,1,0.764219735402132,1,"Oligodendrocyte"
"SH3BP4","SH3BP4-202",0.650114558216956,1,0.42007172498215,0.970741024193757,"Oligodendrocyte"
"SH3GL3","SH3GL3-202",1.38331131749658,1,0.23953791385073,0.92571897266236,"Oligodendrocyte"
"SH3GL3","SH3GL3-205",4.71639973262131,1,0.0298762334482096,0.798421510541965,"Oligodendrocyte"
"SH3GL3","transcript127523.chr15.nnic",6.29821276226085,1,0.0120859764601594,0.648906180608174,"Oligodendrocyte"
"SH3GLB1","SH3GLB1-201",0.115217100397786,1,0.73428096714196,1,"Oligodendrocyte"
"SH3GLB1","SH3GLB1-203",0.115217100397786,1,0.73428096714196,1,"Oligodendrocyte"
"SH3KBP1","transcript22255.chrX.nic",1.12901433950304,1,0.287985679713271,0.930697544149248,"Oligodendrocyte"
"SH3KBP1","SH3KBP1-243",0.159490797882881,1,0.68962575995847,1,"Oligodendrocyte"
"SH3KBP1","SH3KBP1-242",-0.0381434510265422,1,1,1,"Oligodendrocyte"
"SH3KBP1","SH3KBP1-203",0.322580505081476,1,0.570060967300298,0.997758945878816,"Oligodendrocyte"
"SH3TC2","SH3TC2-220",0.0130664070156854,1,0.908993335335318,1,"Oligodendrocyte"
"SH3TC2","SH3TC2-219",2.68169439720623,1,0.101507671855174,0.849079714118972,"Oligodendrocyte"
"SH3TC2","SH3TC2-218",0.114220330522585,1,0.735389575343265,1,"Oligodendrocyte"
"SH3TC2","transcript203787.chr5.nic",-0.0269310878356919,1,1,1,"Oligodendrocyte"
"SH3TC2","SH3TC2-204",0.0249716970765803,1,0.87443760656613,1,"Oligodendrocyte"
"SH3TC2","transcript203934.chr5.nic",4.0148565437903,1,0.0451010600977595,0.836623393063797,"Oligodendrocyte"
"SH3TC2","transcript203935.chr5.nic",0.10830502830413,1,0.742082150210506,1,"Oligodendrocyte"
"SH3TC2","transcript203964.chr5.nic",0.708166677175541,1,0.400053103268268,0.963523459787408,"Oligodendrocyte"
"SHISA5","SHISA5-206",0.327963860901889,1,0.566860507420086,0.997607154754473,"Oligodendrocyte"
"SHISA5","SHISA5-201",0.327963860901889,1,0.566860507420086,0.997607154754473,"Oligodendrocyte"
"SHLD2","transcript159022.chr10.nic",1.34597203841065,1,0.245983526707551,0.92571897266236,"Oligodendrocyte"
"SHLD2","SHLD2-202",3.54018578207263,1,0.0598987517615637,0.836623393063797,"Oligodendrocyte"
"SHLD2","SHLD2-201",1.87508962695745,1,0.170893294788888,0.912531263304659,"Oligodendrocyte"
"SHOC2","SHOC2-215",2.35267595820392,1,0.125068152424464,0.865806028004396,"Oligodendrocyte"
"SHOC2","SHOC2-202",2.35267595820392,1,0.125068152424464,0.865806028004396,"Oligodendrocyte"
"SHPRH","SHPRH-206",0.0103950063112279,1,0.918791676323339,1,"Oligodendrocyte"
"SHPRH","SHPRH-201",0.796674470529979,1,0.372089511763898,0.961019149398412,"Oligodendrocyte"
"SHPRH","SHPRH-204",2.33688369678657,1,0.126342076636303,0.865806028004396,"Oligodendrocyte"
"SHPRH","SHPRH-202",5.40790262626251,1,0.0200457868080143,0.721999409510128,"Oligodendrocyte"
"SHTN1","SHTN1-202",0.000856824741276796,1,0.976648001976001,1,"Oligodendrocyte"
"SHTN1","SHTN1-207",1.22875887567716,1,0.267648543033639,0.92571897266236,"Oligodendrocyte"
"SHTN1","SHTN1-204",1.14080389337869,1,0.28548252488456,0.930697544149248,"Oligodendrocyte"
"SIAH1","SIAH1-202",0.00898633217730094,1,0.924476652273713,1,"Oligodendrocyte"
"SIAH1","SIAH1-203",0.00898633217730094,1,0.924476652273713,1,"Oligodendrocyte"
"SIK3","SIK3-202",1.58590375675544,1,0.207912350305469,0.917730617517697,"Oligodendrocyte"
"SIK3","SIK3-204",0.0731898755559541,1,0.786747714314223,1,"Oligodendrocyte"
"SIK3","SIK3-201",2.47684666142663,1,0.115533677802859,0.858770014534635,"Oligodendrocyte"
"SILC1","SILC1-214",1.1191225145476,1,0.290107477721097,0.930697544149248,"Oligodendrocyte"
"SILC1","SILC1-213",1.1191225145476,1,0.290107477721097,0.930697544149248,"Oligodendrocyte"
"SKIC3","SKIC3-247",NA,1,NA,NA,"Oligodendrocyte"
"SKIC3","SKIC3-213",NA,1,NA,NA,"Oligodendrocyte"
"SLAIN1","SLAIN1-203",0.0234685679182576,1,0.878244861156544,1,"Oligodendrocyte"
"SLAIN1","SLAIN1-201",0.167557483041037,1,0.682291735593586,1,"Oligodendrocyte"
"SLAIN1","SLAIN1-206",0.00144160467482379,1,0.969712821600578,1,"Oligodendrocyte"
"SLAIN2","transcript89450.chr4.nnic",0.0158931370722826,1,0.899678108786865,1,"Oligodendrocyte"
"SLAIN2","SLAIN2-201",0.0158931370722826,1,0.899678108786865,1,"Oligodendrocyte"
"SLC11A2","SLC11A2-229",0.000308462253087782,1,0.98598739925777,1,"Oligodendrocyte"
"SLC11A2","SLC11A2-201",0.000308462253087782,1,0.98598739925777,1,"Oligodendrocyte"
"SLC12A2","SLC12A2-202",0.494381437968968,1,0.481979328087638,0.984823562153096,"Oligodendrocyte"
"SLC12A2","SLC12A2-201",0.494381437968968,1,0.481979328087638,0.984823562153096,"Oligodendrocyte"
"SLC1A2","SLC1A2-201",0.0806240299248202,1,0.776453519403817,1,"Oligodendrocyte"
"SLC1A2","SLC1A2-202",0.0806240299248202,1,0.776453519403817,1,"Oligodendrocyte"
"SLC1A3","SLC1A3-253",2.48010917071588,1,0.115294249897986,0.858680646183029,"Oligodendrocyte"
"SLC1A3","SLC1A3-201",1.27902461863232,1,0.258080469736283,0.92571897266236,"Oligodendrocyte"
"SLC1A3","SLC1A3-217",0.254889335966254,1,0.61365319380618,1,"Oligodendrocyte"
"SLC22A17","SLC22A17-204",0.0166379686736491,1,0.897366946188238,1,"Oligodendrocyte"
"SLC22A17","SLC22A17-202",0.0166379686736491,1,0.897366946188238,1,"Oligodendrocyte"
"SLC24A2","SLC24A2-202",5.95726326152908,1,0.0146567748252313,0.648906180608174,"Oligodendrocyte"
"SLC24A2","SLC24A2-201",5.95726326152908,1,0.0146567748252313,0.648906180608174,"Oligodendrocyte"
"SLC25A29","SLC25A29-201",0.962933738768243,1,0.326448829612696,0.94318886854311,"Oligodendrocyte"
"SLC25A29","SLC25A29-208",0.962933738768243,1,0.326448829612696,0.94318886854311,"Oligodendrocyte"
"SLC25A3","SLC25A3-203",0.144039943241296,1,0.704297341233969,1,"Oligodendrocyte"
"SLC25A3","SLC25A3-216",0.530999414978623,1,0.466186987528444,0.982519245087122,"Oligodendrocyte"
"SLC25A3","SLC25A3-211",1.68255919112994,1,0.194584743017364,0.917730617517697,"Oligodendrocyte"
"SLC25A3","SLC25A3-204",0.138673868888873,1,0.709602941273664,1,"Oligodendrocyte"
"SLC25A36","SLC25A36-201",0.115266759071915,1,0.734225876800993,1,"Oligodendrocyte"
"SLC25A36","SLC25A36-208",0.115266759071915,1,0.734225876800993,1,"Oligodendrocyte"
"SLC25A46","SLC25A46-207",1.6155718715554,1,0.203710333994033,0.917730617517697,"Oligodendrocyte"
"SLC25A46","SLC25A46-201",1.6155718715554,1,0.203710333994033,0.917730617517697,"Oligodendrocyte"
"SLC27A1","SLC27A1-203",0.30920397707996,1,0.578169068031866,1,"Oligodendrocyte"
"SLC27A1","SLC27A1-201",0.30920397707996,1,0.578169068031866,1,"Oligodendrocyte"
"SLC35E2B","SLC35E2B-202",0.059206976548694,1,0.807753764936977,1,"Oligodendrocyte"
"SLC35E2B","SLC35E2B-203",0.059206976548694,1,0.807753764936977,1,"Oligodendrocyte"
"SLC38A2","SLC38A2-201",0.122311608829477,1,0.726540761932812,1,"Oligodendrocyte"
"SLC38A2","SLC38A2-208",0.122311608829477,1,0.726540761932812,1,"Oligodendrocyte"
"SLC39A6","SLC39A6-204",3.29896663726777,1,0.0693234811845607,0.849079714118972,"Oligodendrocyte"
"SLC39A6","SLC39A6-201",3.29896663726777,1,0.0693234811845607,0.849079714118972,"Oligodendrocyte"
"SLC39A7","SLC39A7-202",0.149035909297396,1,0.699458385505607,1,"Oligodendrocyte"
"SLC39A7","SLC39A7-201",0.149035909297396,1,0.699458385505607,1,"Oligodendrocyte"
"SLC44A1","SLC44A1-201",0.0155969264342275,1,0.900612491534832,1,"Oligodendrocyte"
"SLC44A1","SLC44A1-203",0.0155969264342275,1,0.900612491534832,1,"Oligodendrocyte"
"SLC44A2","SLC44A2-203",0.850416204825649,1,0.356434622113315,0.95793390256219,"Oligodendrocyte"
"SLC44A2","SLC44A2-201",0.850416204825649,1,0.356434622113315,0.95793390256219,"Oligodendrocyte"
"SLC45A3","transcript303056.chr1.nic",1.03777535707772,1,0.308339429992037,0.940529003384364,"Oligodendrocyte"
"SLC45A3","SLC45A3-201",1.03777535707772,1,0.308339429992037,0.940529003384364,"Oligodendrocyte"
"SLC49A4","SLC49A4-201",0.527513379149013,1,0.467654166654219,0.982672305668521,"Oligodendrocyte"
"SLC49A4","transcript212658.chr3.nic",0.527513379149013,1,0.467654166654219,0.982672305668521,"Oligodendrocyte"
"SLC6A1","SLC6A1-204",0.421695732726221,1,0.516092117154629,0.987123735128959,"Oligodendrocyte"
"SLC6A1","SLC6A1-205",0.996724762600479,1,0.318104319390633,0.94318886854311,"Oligodendrocyte"
"SLC6A1","SLC6A1-213",1.66422151396478,1,0.197034306106132,0.917730617517697,"Oligodendrocyte"
"SLC6A1","SLC6A1-211",4.17929524919919,1,0.0409207135792532,0.836623393063797,"Oligodendrocyte"
"SLC6A1","SLC6A1-201",0.164356173538636,1,0.685177153711654,1,"Oligodendrocyte"
"SLC6A1","SLC6A1-230",0.460247698044441,1,0.497508233928543,0.986218906253136,"Oligodendrocyte"
"SLC6A15","SLC6A15-203",1.24943158386134,1,0.263661069451893,0.92571897266236,"Oligodendrocyte"
"SLC6A15","SLC6A15-221",3.0422830059432,1,0.0811217546166948,0.849079714118972,"Oligodendrocyte"
"SLC6A15","SLC6A15-201",0.233737817930773,1,0.628766037229312,1,"Oligodendrocyte"
"SLCO3A1","SLCO3A1-201",5.07167718860489,1,0.0243198421888091,0.778234950041891,"Oligodendrocyte"
"SLCO3A1","SLCO3A1-202",5.07167718860489,1,0.0243198421888091,0.778234950041891,"Oligodendrocyte"
"SLF2","SLF2-201",0.741968456233735,1,0.389031040161725,0.963523459787408,"Oligodendrocyte"
"SLF2","SLF2-203",0.741968456233735,1,0.389031040161725,0.963523459787408,"Oligodendrocyte"
"SLITRK1","SLITRK1-201",3.66299191959206,1,0.0556336452384226,0.836623393063797,"Oligodendrocyte"
"SLITRK1","SLITRK1-202",3.66299191959206,1,0.0556336452384226,0.836623393063797,"Oligodendrocyte"
"SLITRK2","SLITRK2-201",1.58995282527985,1,0.207332873899481,0.917730617517697,"Oligodendrocyte"
"SLITRK2","SLITRK2-202",1.58995282527985,1,0.207332873899481,0.917730617517697,"Oligodendrocyte"
"SMAD5","SMAD5-212",2.21972282095885,1,0.136257520442841,0.888677046009816,"Oligodendrocyte"
"SMAD5","SMAD5-211",2.21972282095885,1,0.136257520442841,0.888677046009816,"Oligodendrocyte"
"SMARCE1","SMARCE1-208",0.800159900873496,1,0.371045566093117,0.961019149398412,"Oligodendrocyte"
"SMARCE1","SMARCE1-202",0.178375254874027,1,0.672773254807125,1,"Oligodendrocyte"
"SMARCE1","SMARCE1-241",0.0108691276941499,1,0.91696690176302,1,"Oligodendrocyte"
"SMC2","SMC2-203",0.545838939689588,1,0.460022903288163,0.98209075514408,"Oligodendrocyte"
"SMC2","SMC2-201",0.545838939689588,1,0.460022903288163,0.98209075514408,"Oligodendrocyte"
"SMC3","SMC3-201",2.91290775094694,1,0.0878733130449574,0.849079714118972,"Oligodendrocyte"
"SMC3","SMC3-211",2.91290775094694,1,0.0878733130449574,0.849079714118972,"Oligodendrocyte"
"SMOX","SMOX-202",1.55108859969883,1,0.212974806017878,0.917730617517697,"Oligodendrocyte"
"SMOX","SMOX-203",1.55108859969883,1,0.212974806017878,0.917730617517697,"Oligodendrocyte"
"SNAP25","SNAP25-201",0.0720331765696756,1,0.788399158357808,1,"Oligodendrocyte"
"SNAP25","SNAP25-202",0.0720331765696756,1,0.788399158357808,1,"Oligodendrocyte"
"SNAPC3","SNAPC3-206",0.0534958484236085,1,0.817088197800038,1,"Oligodendrocyte"
"SNAPC3","SNAPC3-202",0.0534958484236085,1,0.817088197800038,1,"Oligodendrocyte"
"SNHG14","SNHG14-316",0.260878883845635,1,0.609516991858928,1,"Oligodendrocyte"
"SNHG14","SNHG14-220",0.290207922438725,1,0.590087319507064,1,"Oligodendrocyte"
"SNHG14","SNHG14-213",0.00940772598832496,1,0.922731609800241,1,"Oligodendrocyte"
"SNHG5","SNHG5-235",0.222814138822969,1,0.636904000943371,1,"Oligodendrocyte"
"SNHG5","SNHG5-284",0.000527138245956849,1,0.981682585593205,1,"Oligodendrocyte"
"SNHG5","SNHG5-279",0.16172225224966,1,0.687575805834209,1,"Oligodendrocyte"
"SNRNP70","SNRNP70-206",1.58072008362944,1,0.208657001753695,0.917730617517697,"Oligodendrocyte"
"SNRNP70","SNRNP70-202",1.4166690555187,1,0.233952439158787,0.924063190652279,"Oligodendrocyte"
"SNRNP70","SNRNP70-203",0.0132327650465527,1,0.908418366121281,1,"Oligodendrocyte"
"SNRPN","SNRPN-202",0.0697947349451624,1,0.791635880351976,1,"Oligodendrocyte"
"SNRPN","SNRPN-208",0.0697947349451624,1,0.791635880351976,1,"Oligodendrocyte"
"SNW1","SNW1-201",0.107862561023182,1,0.742590826017088,1,"Oligodendrocyte"
"SNW1","transcript86069.chr14.nnic",0.107862561023182,1,0.742590826017088,1,"Oligodendrocyte"
"SNX1","SNX1-201",1.23736380712171,1,0.265979717982414,0.92571897266236,"Oligodendrocyte"
"SNX1","SNX1-208",1.23736380712171,1,0.265979717982414,0.92571897266236,"Oligodendrocyte"
"SNX13","SNX13-213",3.91855013510167,1,0.0477560496790742,0.836623393063797,"Oligodendrocyte"
"SNX13","SNX13-203",3.91855013510167,1,0.0477560496790742,0.836623393063797,"Oligodendrocyte"
"SNX14","SNX14-226",0.271566656839582,1,0.602282776662975,1,"Oligodendrocyte"
"SNX14","SNX14-201",0.271566656839582,1,0.602282776662975,1,"Oligodendrocyte"
"SNX9","SNX9-212",0.61874018579374,1,0.431515826347003,0.980116205972822,"Oligodendrocyte"
"SNX9","SNX9-201",2.2140639049976,1,0.136757991532979,0.888677046009816,"Oligodendrocyte"
"SNX9","SNX9-210",0.170708513471027,1,0.679482895522561,1,"Oligodendrocyte"
"SNX9","SNX9-207",1.27390432610161,1,0.259035506869926,0.92571897266236,"Oligodendrocyte"
"SOCS5","SOCS5-202",1.35095827481643,1,0.245110659770901,0.92571897266236,"Oligodendrocyte"
"SOCS5","transcript56954.chr2.nnic",1.35095827481643,1,0.245110659770901,0.92571897266236,"Oligodendrocyte"
"SOGA3","SOGA3-204",0.00445622723850647,1,0.946776764867068,1,"Oligodendrocyte"
"SOGA3","SOGA3-201",0.00445622723850647,1,0.946776764867068,1,"Oligodendrocyte"
"SON","SON-202",0.00379040812651965,1,0.950908222276452,1,"Oligodendrocyte"
"SON","SON-207",0.00379040812651965,1,0.950908222276452,1,"Oligodendrocyte"
"SORT1","SORT1-201",0.00650846154667306,1,0.935700389917226,1,"Oligodendrocyte"
"SORT1","SORT1-209",0.00650846154667306,1,0.935700389917226,1,"Oligodendrocyte"
"SOX2-OT","SOX2-OT-296",0.232580868170771,1,0.629616721962428,1,"Oligodendrocyte"
"SOX2-OT","SOX2-OT-293",1.48654279859329,1,0.222753639863818,0.917730617517697,"Oligodendrocyte"
"SOX2-OT","SOX2-OT-207",0.5965803697909,1,0.439885752452896,0.981803694508639,"Oligodendrocyte"
"SOX2-OT","SOX2-OT-225",1.55764661935973,1,0.21201013338073,0.917730617517697,"Oligodendrocyte"
"SOX2-OT","SOX2-OT-234",1.53552009955456,1,0.215285863075356,0.917730617517697,"Oligodendrocyte"
"SOX8","SOX8-201",2.33929004989136,1,0.126147033779818,0.865806028004396,"Oligodendrocyte"
"SOX8","SOX8-202",2.33929004989136,1,0.126147033779818,0.865806028004396,"Oligodendrocyte"
"SP3","SP3-203",0.0416060178857833,1,0.838372619124815,1,"Oligodendrocyte"
"SP3","SP3-201",0.0416060178857833,1,0.838372619124815,1,"Oligodendrocyte"
"SPAG9","SPAG9-202",0.23843105611013,1,0.625341592155527,1,"Oligodendrocyte"
"SPAG9","SPAG9-209",-0.0618776085448189,1,1,1,"Oligodendrocyte"
"SPAG9","SPAG9-201",1.84415456330316,1,0.174464786651975,0.912531263304659,"Oligodendrocyte"
"SPARCL1","SPARCL1-202",0.66105513606999,1,0.416187687558825,0.969546754007607,"Oligodendrocyte"
"SPARCL1","SPARCL1-201",0.66105513606999,1,0.416187687558825,0.969546754007607,"Oligodendrocyte"
"SPART","SPART-202",0.00183408357224835,1,0.96584007702221,1,"Oligodendrocyte"
"SPART","SPART-201",0.00183408357224835,1,0.96584007702221,1,"Oligodendrocyte"
"SPATA13","SPATA13-209",0.143930530004582,1,0.704404383417871,1,"Oligodendrocyte"
"SPATA13","SPATA13-203",-0.0934699987983549,1,1,1,"Oligodendrocyte"
"SPATA13","transcript6511.chr13.nnic",-0.0661018941073053,1,1,1,"Oligodendrocyte"
"SPECC1","SPECC1-213",0.257129397036806,1,0.612099192038451,1,"Oligodendrocyte"
"SPECC1","SPECC1-206",0.203385162804352,1,0.652002203746775,1,"Oligodendrocyte"
"SPECC1","SPECC1-231",2.17459455093694,1,0.14030648912751,0.888677046009816,"Oligodendrocyte"
"SPECC1","SPECC1-203",0.00251723449628116,1,0.959985285196042,1,"Oligodendrocyte"
"SPECC1L","SPECC1L-204",0.0965508133731419,1,0.756008726412205,1,"Oligodendrocyte"
"SPECC1L","SPECC1L-201",0.275265901763305,1,0.599821035564129,1,"Oligodendrocyte"
"SPECC1L","SPECC1L-203",0.135923432208074,1,0.712367784679174,1,"Oligodendrocyte"
"SPEN","SPEN-201",0.56539699728819,1,0.452093846743903,0.98209075514408,"Oligodendrocyte"
"SPEN","transcript33785.chr1.nic",0.0917257332494046,1,0.761994601105781,1,"Oligodendrocyte"
"SPEN","SPEN-202",0.653985606472816,1,0.418691315125415,0.969546754007607,"Oligodendrocyte"
"SPG11","SPG11-201",0.951524019410044,1,0.329331674459133,0.945032054031998,"Oligodendrocyte"
"SPG11","SPG11-228",0.110935599805543,1,0.739081472686854,1,"Oligodendrocyte"
"SPG11","SPG11-241",-0.0339871364553801,1,1,1,"Oligodendrocyte"
"SPG11","SPG11-238",1.66094980460184,1,0.197475131940381,0.917730617517697,"Oligodendrocyte"
"SPG7","SPG7-268",5.15094765513822,1,0.023233689977379,0.768172874968861,"Oligodendrocyte"
"SPG7","SPG7-223",5.15094765513822,1,0.023233689977379,0.768172874968861,"Oligodendrocyte"
"SPIN3","SPIN3-218",0.397221426117994,1,0.528527728110278,0.991241525829912,"Oligodendrocyte"
"SPIN3","SPIN3-201",2.09632591025911,1,0.147653568302465,0.891488563291049,"Oligodendrocyte"
"SPIN3","SPIN3-205",0.0906665743650592,1,0.763331448617291,1,"Oligodendrocyte"
"SPIN3","SPIN3-207",1.01213695182787,1,0.314391435265231,0.94318886854311,"Oligodendrocyte"
"SPOCK3","SPOCK3-202",0.0254700238583609,1,0.87320145110203,1,"Oligodendrocyte"
"SPOCK3","SPOCK3-217",-0.00390882749707089,1,1,1,"Oligodendrocyte"
"SPOCK3","SPOCK3-221",0.413522899696545,1,0.520186814809435,0.987492606327887,"Oligodendrocyte"
"SPOCK3","SPOCK3-201",0.0402554621723539,1,0.840981924829555,1,"Oligodendrocyte"
"SPP1","SPP1-223",1.59904140014987,1,0.206039111214214,0.917730617517697,"Oligodendrocyte"
"SPP1","SPP1-216",0.0037490848590096,1,0.951176220362514,1,"Oligodendrocyte"
"SPP1","SPP1-202",0.291195019999577,1,0.589455749207528,1,"Oligodendrocyte"
"SPP1","SPP1-201",2.84581040489866,1,0.0916123908186853,0.849079714118972,"Oligodendrocyte"
"SPP1","SPP1-203",2.67606989359774,1,0.101866846693371,0.849079714118972,"Oligodendrocyte"
"SPPL2B","SPPL2B-212",0.196559128168701,1,0.65751267238706,1,"Oligodendrocyte"
"SPPL2B","SPPL2B-209",0.196559128168701,1,0.65751267238706,1,"Oligodendrocyte"
"SPRTN","SPRTN-204",0.17881354010018,1,0.672394854226951,1,"Oligodendrocyte"
"SPRTN","SPRTN-202",0.17881354010018,1,0.672394854226951,1,"Oligodendrocyte"
"SPSB3","SPSB3-208",0.737412411343428,1,0.390491037907007,0.963523459787408,"Oligodendrocyte"
"SPSB3","SPSB3-209",0.0953620433253946,1,0.757467999024309,1,"Oligodendrocyte"
"SPSB3","SPSB3-204",0.657492803401226,1,0.417446475805852,0.969546754007607,"Oligodendrocyte"
"SPTBN1","SPTBN1-207",0.702653862555962,1,0.401893392257724,0.963523459787408,"Oligodendrocyte"
"SPTBN1","SPTBN1-202",0.142319529921224,1,0.705985888250523,1,"Oligodendrocyte"
"SPTBN1","SPTBN1-201",0.410390435927184,1,0.52177140201462,0.98906064960201,"Oligodendrocyte"
"SPTBN1","SPTBN1-204",0.0873207365475537,1,0.76761132353401,1,"Oligodendrocyte"
"SRCAP","SRCAP-202",0.976966026705441,1,0.322948994908687,0.94318886854311,"Oligodendrocyte"
"SRCAP","SRCAP-205",0.976966026705441,1,0.322948994908687,0.94318886854311,"Oligodendrocyte"
"SREK1","SREK1-202",0.709366205496735,1,0.399654296623829,0.963523459787408,"Oligodendrocyte"
"SREK1","SREK1-206",0.709366205496735,1,0.399654296623829,0.963523459787408,"Oligodendrocyte"
"SRP9","SRP9-201",0.683571749061741,1,0.408359511865778,0.964832463891012,"Oligodendrocyte"
"SRP9","SRP9-203",0.683571749061741,1,0.408359511865778,0.964832463891012,"Oligodendrocyte"
"SRPK2","SRPK2-202",2.53006930088532,1,0.111695310648082,0.85278573390443,"Oligodendrocyte"
"SRPK2","SRPK2-201",1.25414285805527,1,0.262762686501004,0.92571897266236,"Oligodendrocyte"
"SRPK2","SRPK2-211",-0.00359523028373587,1,1,1,"Oligodendrocyte"
"SRRM1","SRRM1-201",0.0152440598867543,1,0.901737433415516,1,"Oligodendrocyte"
"SRRM1","SRRM1-224",1.08969998488465,1,0.296537692069269,0.935750797174669,"Oligodendrocyte"
"SRRM1","SRRM1-223",0.326015048787667,1,0.568015047221294,0.997607154754473,"Oligodendrocyte"
"SRRM1","SRRM1-205",0.0713809808476071,1,0.789336584759074,1,"Oligodendrocyte"
"SRRM1","SRRM1-204",0.684141750785784,1,0.408164165167673,0.964832463891012,"Oligodendrocyte"
"SRRM2","SRRM2-201",0.431105960363311,1,0.511446768786482,0.987123735128959,"Oligodendrocyte"
"SRRM2","transcript8917.chr16.nic",5.69391718305815,1,0.0170238128706088,0.665417954913394,"Oligodendrocyte"
"SRRM2","SRRM2-225",0.00737510277122055,1,0.931563067627807,1,"Oligodendrocyte"
"SRSF10","SRSF10-203",-0.124751893003577,1,1,1,"Oligodendrocyte"
"SRSF10","SRSF10-214",3.58214111788584,1,0.0584038287910415,0.836623393063797,"Oligodendrocyte"
"SRSF10","SRSF10-202",-0.17549716323856,1,1,1,"Oligodendrocyte"
"SRSF10","SRSF10-204",1.15233237018674,1,0.283061434636089,0.9286185727071,"Oligodendrocyte"
"SRSF10","SRSF10-213",2.1914393504594,1,0.138779575333737,0.888677046009816,"Oligodendrocyte"
"SRSF11","SRSF11-201",0.217333651236913,1,0.641079095809389,1,"Oligodendrocyte"
"SRSF11","SRSF11-202",0.495572587142306,1,0.48145197569259,0.984823562153096,"Oligodendrocyte"
"SRSF11","SRSF11-203",1.86796910086377,1,0.171707862251664,0.912531263304659,"Oligodendrocyte"
"SRSF11","SRSF11-214",0.125061318130975,1,0.723608620711928,1,"Oligodendrocyte"
"SRSF11","SRSF11-218",0.754145061764575,1,0.385167044536229,0.963523459787408,"Oligodendrocyte"
"SRSF2","SRSF2-203",0.510924904725471,1,0.47473874579999,0.984823562153096,"Oligodendrocyte"
"SRSF2","SRSF2-202",0.510924904725471,1,0.47473874579999,0.984823562153096,"Oligodendrocyte"
"SRSF5","SRSF5-207",0.77053484526914,1,0.38005164450966,0.963523459787408,"Oligodendrocyte"
"SRSF5","SRSF5-211",3.13776185768074,1,0.0764987163948795,0.849079714118972,"Oligodendrocyte"
"SRSF5","SRSF5-212",1.57975883390282,1,0.208795434941586,0.917730617517697,"Oligodendrocyte"
"SRSF7","SRSF7-204",0.738225627405654,1,0.390229866424704,0.963523459787408,"Oligodendrocyte"
"SRSF7","SRSF7-208",-0.351408326250066,1,1,1,"Oligodendrocyte"
"SRSF7","SRSF7-201",0.793406529276126,1,0.37307204947591,0.961851612072165,"Oligodendrocyte"
"SRSF7","SRSF7-209",2.57679030040049,1,0.108441351118997,0.85278573390443,"Oligodendrocyte"
"SRSF8","transcript151089.chr11.nnic",0.057014605151835,1,0.811278263131725,1,"Oligodendrocyte"
"SRSF8","SRSF8-201",0.057014605151835,1,0.811278263131725,1,"Oligodendrocyte"
"ST18","ST18-201",0.197758481240214,1,0.656536251382012,1,"Oligodendrocyte"
"ST18","ST18-203",0.197758481240214,1,0.656536251382012,1,"Oligodendrocyte"
"ST3GAL5","ST3GAL5-244",1.20421376198055,1,0.27248110669199,0.92571897266236,"Oligodendrocyte"
"ST3GAL5","ST3GAL5-222",1.20421376198055,1,0.27248110669199,0.92571897266236,"Oligodendrocyte"
"STAM2","STAM2-201",0.541294654198452,1,0.461896674528104,0.98209075514408,"Oligodendrocyte"
"STAM2","transcript295970.chr2.nnic",0.541294654198566,1,0.461896674528057,0.98209075514408,"Oligodendrocyte"
"STAT1","STAT1-238",0.363630740176887,1,0.546496697248346,0.99210169654318,"Oligodendrocyte"
"STAT1","STAT1-202",0.363630740176859,1,0.546496697248362,0.99210169654318,"Oligodendrocyte"
"STAT2","STAT2-225",0.761104646340982,1,0.382983047361706,0.963523459787408,"Oligodendrocyte"
"STAT2","STAT2-221",0.552924656409687,1,0.457125137449375,0.98209075514408,"Oligodendrocyte"
"STAT2","STAT2-217",0.0169852760835738,1,0.896307266616089,1,"Oligodendrocyte"
"STAT3","STAT3-201",0.00543384410548242,1,0.941237471278977,1,"Oligodendrocyte"
"STAT3","STAT3-238",2.59962636697287,1,0.106888911596488,0.85236699474703,"Oligodendrocyte"
"STAT3","STAT3-247",2.67391793238426,1,0.102004636028268,0.849079714118972,"Oligodendrocyte"
"STAT3","STAT3-231",0.396122258788864,1,0.529098709734213,0.991241525829912,"Oligodendrocyte"
"STK25","STK25-228",0.0912178786403501,1,0.762634547257881,1,"Oligodendrocyte"
"STK25","STK25-201",0.0912178786403501,1,0.762634547257881,1,"Oligodendrocyte"
"STMN1","STMN1-206",0.423878915878959,1,0.515007859136349,0.987123735128959,"Oligodendrocyte"
"STMN1","STMN1-207",0.423878915878959,1,0.515007859136349,0.987123735128959,"Oligodendrocyte"
"STN1","STN1-220",0.0364834947392865,1,0.848520476663617,1,"Oligodendrocyte"
"STN1","STN1-201",0.0364834947392865,1,0.848520476663617,1,"Oligodendrocyte"
"STT3B","STT3B-201",0.268788473004406,1,0.604145634957804,1,"Oligodendrocyte"
"STT3B","transcript47762.chr3.nic",0.268788473004406,1,0.604145634957804,1,"Oligodendrocyte"
"STX16","STX16-206",0.0960070119772354,1,0.756675039827484,1,"Oligodendrocyte"
"STX16","STX16-205",2.66301294068944,1,0.10270602006091,0.849079714118972,"Oligodendrocyte"
"STX16","STX16-202",0.950677812072172,1,0.329546826085815,0.945032054031998,"Oligodendrocyte"
"SUGP2","SUGP2-215",1.28894315101684,1,0.256242805831172,0.92571897266236,"Oligodendrocyte"
"SUGP2","SUGP2-202",-0.0588915437391506,1,1,1,"Oligodendrocyte"
"SUGP2","SUGP2-214",0.797407438110554,1,0.371869635023998,0.961019149398412,"Oligodendrocyte"
"SUGT1","SUGT1-201",0.103255130661864,1,0.747957775327255,1,"Oligodendrocyte"
"SUGT1","SUGT1-202",0.103255130661864,1,0.747957775327255,1,"Oligodendrocyte"
"SUPT6H","SUPT6H-201",1.58742831808422,1,0.207693940522961,0.917730617517697,"Oligodendrocyte"
"SUPT6H","transcript41441.chr17.nic",1.58742831808422,1,0.207693940522961,0.917730617517697,"Oligodendrocyte"
"SUPT7L","SUPT7L-204",1.58999941673255,1,0.207326217151905,0.917730617517697,"Oligodendrocyte"
"SUPT7L","SUPT7L-201",1.58999941673255,1,0.207326217151905,0.917730617517697,"Oligodendrocyte"
"SVEP1","SVEP1-202",1.62647829267712,1,0.202190842918992,0.917730617517697,"Oligodendrocyte"
"SVEP1","SVEP1-201",1.62647829267712,1,0.202190842918992,0.917730617517697,"Oligodendrocyte"
"SWAP70","SWAP70-202",0.463852241034829,1,0.495829104916129,0.986218906253136,"Oligodendrocyte"
"SWAP70","SWAP70-201",0.463852241034829,1,0.495829104916129,0.986218906253136,"Oligodendrocyte"
"SYNDIG1","SYNDIG1-201",1.72184274349831,1,0.189456016137986,0.917730617517697,"Oligodendrocyte"
"SYNDIG1","transcript30421.chr20.nnic",2.13074926993056,1,0.144370170451609,0.889040554248337,"Oligodendrocyte"
"SYNDIG1","transcript29784.chr20.nnic",0.354840432508013,1,0.551385785445633,0.992862530206347,"Oligodendrocyte"
"SYNE1","SYNE1-204",NA,1,NA,NA,"Oligodendrocyte"
"SYNE1","SYNE1-206",NA,1,NA,NA,"Oligodendrocyte"
"SYPL1","SYPL1-201",0.723130064002362,1,0.39511910680555,0.963523459787408,"Oligodendrocyte"
"SYPL1","SYPL1-202",0.723130064002362,1,0.39511910680555,0.963523459787408,"Oligodendrocyte"
"SYT1","SYT1-201",-0.0196717823100698,1,1,1,"Oligodendrocyte"
"SYT1","SYT1-202",0.38172438820493,1,0.536681814800321,0.991443509141885,"Oligodendrocyte"
"SYT1","SYT1-214",0.0903366595293846,1,0.763749598286205,1,"Oligodendrocyte"
"SYTL2","SYTL2-202",0.0141442400249616,1,0.905331163186691,1,"Oligodendrocyte"
"SYTL2","SYTL2-205",0.0141442400249616,1,0.905331163186691,1,"Oligodendrocyte"
"TACC1","transcript81450.chr8.nic",-0.068102939729215,1,1,1,"Oligodendrocyte"
"TACC1","TACC1-202",0.0024790646693873,1,0.960289571036844,1,"Oligodendrocyte"
"TACC1","TACC1-223",0.602940305037919,1,0.437458360513257,0.981803694508639,"Oligodendrocyte"
"TAF15","TAF15-212",0.505304860398837,1,0.477178440427669,0.984823562153096,"Oligodendrocyte"
"TAF15","TAF15-214",0.505304860398837,1,0.477178440427669,0.984823562153096,"Oligodendrocyte"
"TAF3","TAF3-206",-0.00882419471315643,1,1,1,"Oligodendrocyte"
"TAF3","TAF3-202",0.109010247777178,1,0.741273780298241,1,"Oligodendrocyte"
"TAF3","TAF3-205",0.0153213309043849,1,0.901489971440692,1,"Oligodendrocyte"
"TALDO1","TALDO1-203",0.0451508624328198,1,0.831726866769006,1,"Oligodendrocyte"
"TALDO1","TALDO1-201",0.0451508624328198,1,0.831726866769006,1,"Oligodendrocyte"
"TANC1","TANC1-201",0.134738287816845,1,0.713568934909023,1,"Oligodendrocyte"
"TANC1","TANC1-205",0.134738287816845,1,0.713568934909023,1,"Oligodendrocyte"
"TAOK3","TAOK3-209",1.3551282341059,1,0.244383588884394,0.92571897266236,"Oligodendrocyte"
"TAOK3","TAOK3-201",1.3551282341059,1,0.244383588884394,0.92571897266236,"Oligodendrocyte"
"TASOR","TASOR-211",1.23831509709112,1,0.26579602294658,0.92571897266236,"Oligodendrocyte"
"TASOR","TASOR-209",1.23831509709112,1,0.26579602294658,0.92571897266236,"Oligodendrocyte"
"TAX1BP1","TAX1BP1-213",0.338275083339795,1,0.560826572650257,0.997607154754473,"Oligodendrocyte"
"TAX1BP1","TAX1BP1-201",2.64913933999378,1,0.103605976082683,0.849079714118972,"Oligodendrocyte"
"TAX1BP1","TAX1BP1-202",4.19818808759828,1,0.0404671956587428,0.836623393063797,"Oligodendrocyte"
"TBC1D12","TBC1D12-201",2.55560780034057,1,0.109903540431568,0.85278573390443,"Oligodendrocyte"
"TBC1D12","transcript169382.chr10.nic",2.55560780034057,1,0.109903540431568,0.85278573390443,"Oligodendrocyte"
"TBC1D9B","TBC1D9B-201",0.0499491250952815,1,0.823151823510334,1,"Oligodendrocyte"
"TBC1D9B","TBC1D9B-202",0.0499491250952815,1,0.823151823510334,1,"Oligodendrocyte"
"TBL1XR1","transcript284253.chr3.nnic",1.77684554740398,1,0.18253715260229,0.917730617517697,"Oligodendrocyte"
"TBL1XR1","TBL1XR1-215",1.77684554740398,1,0.18253715260229,0.917730617517697,"Oligodendrocyte"
"TBRG4","TBRG4-202",0.747377080865022,1,0.387307935181284,0.963523459787408,"Oligodendrocyte"
"TBRG4","TBRG4-201",0.747377080865022,1,0.387307935181284,0.963523459787408,"Oligodendrocyte"
"TCERG1","TCERG1-201",0.07668469331918,1,0.781841525541422,1,"Oligodendrocyte"
"TCERG1","TCERG1-202",2.25507761885723,1,0.133176777940118,0.888478449722219,"Oligodendrocyte"
"TCERG1","TCERG1-207",3.97189322967068,1,0.0462657265448914,0.836623393063797,"Oligodendrocyte"
"TCF12","TCF12-201",2.19769967950924,1,0.138216860595999,0.888677046009816,"Oligodendrocyte"
"TCF12","TCF12-202",2.19769967950924,1,0.138216860595999,0.888677046009816,"Oligodendrocyte"
"TCF4","transcript56649.chr18.nnic",1.99053667624844,1,0.158284776448694,0.904355558333022,"Oligodendrocyte"
"TCF4","TCF4-267",0.100250910045474,1,0.751528739726635,1,"Oligodendrocyte"
"TCF4","TCF4-204",1.35416984907999,1,0.244550458937278,0.92571897266236,"Oligodendrocyte"
"TCF4","TCF4-246",-0.0684508323320188,1,1,1,"Oligodendrocyte"
"TCF4","TCF4-202",2.14801901757551,1,0.14275397529212,0.888677046009816,"Oligodendrocyte"
"TECR","TECR-201",0.507976156204222,1,0.476016277436994,0.984823562153096,"Oligodendrocyte"
"TECR","TECR-218",0.507976156204222,1,0.476016277436994,0.984823562153096,"Oligodendrocyte"
"TERF1","TERF1-202",2.83334080345719,1,0.092326116580653,0.849079714118972,"Oligodendrocyte"
"TERF1","TERF1-206",0.163048213148386,1,0.686365466847509,1,"Oligodendrocyte"
"TERF1","TERF1-201",7.63792243522585,1,0.00571537084661077,0.553365136328263,"Oligodendrocyte"
"TERF1","TERF1-211",0.0145623530971761,1,0.903948797859322,1,"Oligodendrocyte"
"TET2","TET2-201",0.0301452872979553,1,0.862160982973854,1,"Oligodendrocyte"
"TET2","TET2-204",0.0301452872979553,1,0.862160982973854,1,"Oligodendrocyte"
"TF","TF-207",0.0342360315844417,1,0.853205652145338,1,"Oligodendrocyte"
"TF","TF-201",0.0342360315844417,1,0.853205652145338,1,"Oligodendrocyte"
"TFEB","TFEB-212",0.570948345306363,1,0.449882315151605,0.98209075514408,"Oligodendrocyte"
"TFEB","TFEB-204",0.570948345306363,1,0.449882315151605,0.98209075514408,"Oligodendrocyte"
"TFG","TFG-201",0.0210103039447631,1,0.884750889739013,1,"Oligodendrocyte"
"TFG","TFG-212",0.0210103039447631,1,0.884750889739013,1,"Oligodendrocyte"
"TGOLN2","TGOLN2-202",2.60134603143297,1,0.106772996999027,0.85236699474703,"Oligodendrocyte"
"TGOLN2","TGOLN2-201",2.60134603143297,1,0.106772996999027,0.85236699474703,"Oligodendrocyte"
"THUMPD1","THUMPD1-201",0.0154766895670946,1,0.900994342475254,1,"Oligodendrocyte"
"THUMPD1","THUMPD1-202",0.0154766895670946,1,0.900994342475254,1,"Oligodendrocyte"
"TIAM1","TIAM1-208",0.0792808905458458,1,0.778274300846308,1,"Oligodendrocyte"
"TIAM1","TIAM1-204",0.0792808905458458,1,0.778274300846308,1,"Oligodendrocyte"
"TINF2","TINF2-221",1.25465025168671,1,0.262666159479468,0.92571897266236,"Oligodendrocyte"
"TINF2","TINF2-202",1.25465025168671,1,0.262666159479468,0.92571897266236,"Oligodendrocyte"
"TJAP1","TJAP1-208",0.655178898054601,1,0.418267151062061,0.969546754007607,"Oligodendrocyte"
"TJAP1","TJAP1-213",0.655178898054601,1,0.418267151062061,0.969546754007607,"Oligodendrocyte"
"TJP2","TJP2-215",0.620809273996201,1,0.430746713619204,0.979921111974417,"Oligodendrocyte"
"TJP2","TJP2-210",0.279407098721094,1,0.597090088738682,1,"Oligodendrocyte"
"TJP2","transcript137850.chr9.nic",1.33870758431203,1,0.247262016956086,0.92571897266236,"Oligodendrocyte"
"TJP2","transcript137794.chr9.nic",6.69927062096485,1,0.00964523597801193,0.625655601573369,"Oligodendrocyte"
"TJP2","TJP2-222",-0.0138104807547279,1,1,1,"Oligodendrocyte"
"TJP2","TJP2-201",0.164370452929688,1,0.685164210970381,1,"Oligodendrocyte"
"TJP2","TJP2-225",1.19520419772198,1,0.274282315856784,0.92571897266236,"Oligodendrocyte"
"TJP2","TJP2-207",0.199672419214039,1,0.654985389798611,1,"Oligodendrocyte"
"TJP2","TJP2-220",-0.0936149552608185,1,1,1,"Oligodendrocyte"
"TKT","TKT-201",0.104619989705043,1,0.746354366150408,1,"Oligodendrocyte"
"TKT","TKT-207",0.104619989705043,1,0.746354366150408,1,"Oligodendrocyte"
"TLCD5","TLCD5-205",0.258334148772065,1,0.611266933505841,1,"Oligodendrocyte"
"TLCD5","TLCD5-202",0.258334148772065,1,0.611266933505841,1,"Oligodendrocyte"
"TMC6","TMC6-231",-0.273224214859511,1,1,1,"Oligodendrocyte"
"TMC6","TMC6-229",0.360338367243457,1,0.548318375043219,0.992346615914945,"Oligodendrocyte"
"TMC6","TMC6-211",-0.0870984117618718,1,1,1,"Oligodendrocyte"
"TMC6","TMC6-217",5.3560575287529,1,0.0206504068398024,0.721999409510128,"Oligodendrocyte"
"TMC8","transcript131397.chr17.nic",0.0187479219517002,1,0.891091618208301,1,"Oligodendrocyte"
"TMC8","transcript131396.chr17.nic",0.0187479219517002,1,0.891091618208301,1,"Oligodendrocyte"
"TMCC1","TMCC1-203",2.67114500955796,1,0.102182485948513,0.849079714118972,"Oligodendrocyte"
"TMCC1","TMCC1-201",2.67114500955796,1,0.102182485948513,0.849079714118972,"Oligodendrocyte"
"TMCC2","TMCC2-207",0.0405531482356309,1,0.840402920487346,1,"Oligodendrocyte"
"TMCC2","TMCC2-203",0.0405531482356309,1,0.840402920487346,1,"Oligodendrocyte"
"TMCC3","TMCC3-201",0.0798439675181726,1,0.777508972549373,1,"Oligodendrocyte"
"TMCC3","TMCC3-203",0.0798439675181726,1,0.777508972549373,1,"Oligodendrocyte"
"TMEFF1","TMEFF1-201",0.0109802483209478,1,0.916545079618459,1,"Oligodendrocyte"
"TMEFF1","transcript176134.chr9.nic",0.0109802483209478,1,0.916545079618459,1,"Oligodendrocyte"
"TMEFF2","TMEFF2-203",0.0046666179141539,1,0.945536755784046,1,"Oligodendrocyte"
"TMEFF2","TMEFF2-202",0.120575263528281,1,0.728411405496714,1,"Oligodendrocyte"
"TMEFF2","TMEFF2-201",-0.0529076473371788,1,1,1,"Oligodendrocyte"
"TMEM106B","TMEM106B-205",0.107329672058768,1,0.743204990435854,1,"Oligodendrocyte"
"TMEM106B","TMEM106B-202",0.107329672058768,1,0.743204990435854,1,"Oligodendrocyte"
"TMEM131","TMEM131-201",0.975442093706533,1,0.323326676381582,0.94318886854311,"Oligodendrocyte"
"TMEM131","TMEM131-208",0.975442093706533,1,0.323326676381582,0.94318886854311,"Oligodendrocyte"
"TMEM144","TMEM144-211",3.65273443327169,1,0.0559772373863899,0.836623393063797,"Oligodendrocyte"
"TMEM144","TMEM144-201",3.65273443327169,1,0.0559772373863899,0.836623393063797,"Oligodendrocyte"
"TMEM147-AS1","TMEM147-AS1-205",0.445227933608095,1,0.50460988780998,0.987123735128959,"Oligodendrocyte"
"TMEM147-AS1","TMEM147-AS1-202",0.445227933608095,1,0.50460988780998,0.987123735128959,"Oligodendrocyte"
"TMEM161B-DT","TMEM161B-DT-239",0.0715030200269666,1,0.789160825121097,1,"Oligodendrocyte"
"TMEM161B-DT","TMEM161B-DT-234",0.334018622482745,1,0.563302304301502,0.997607154754473,"Oligodendrocyte"
"TMEM161B-DT","TMEM161B-DT-221",0.918910957634807,1,0.337761081782946,0.949575751902143,"Oligodendrocyte"
"TMEM165","TMEM165-201",0.155455796912747,1,0.693375190190555,1,"Oligodendrocyte"
"TMEM165","transcript98130.chr4.nnic",0.155455796912747,1,0.693375190190555,1,"Oligodendrocyte"
"TMEM184B","TMEM184B-202",2.01080058049877,1,0.156182881320142,0.904355558333022,"Oligodendrocyte"
"TMEM184B","TMEM184B-212",2.01080058049877,1,0.156182881320142,0.904355558333022,"Oligodendrocyte"
"TMEM259","transcript2775.chr19.nic",0.121771285512978,1,0.72712127155913,1,"Oligodendrocyte"
"TMEM259","TMEM259-202",0.121771285512978,1,0.72712127155913,1,"Oligodendrocyte"
"TMEM260","TMEM260-201",0.14451391433721,1,0.703834177758746,1,"Oligodendrocyte"
"TMEM260","TMEM260-216",0.14451391433721,1,0.703834177758746,1,"Oligodendrocyte"
"TMEM50B","TMEM50B-210",0.255495742563426,1,0.613231666481583,1,"Oligodendrocyte"
"TMEM50B","TMEM50B-201",0.255495742563426,1,0.613231666481583,1,"Oligodendrocyte"
"TMEM63A","TMEM63A-201",0.596386886184519,1,0.439959922781595,0.981803694508639,"Oligodendrocyte"
"TMEM63A","TMEM63A-203",0.596386886184519,1,0.439959922781595,0.981803694508639,"Oligodendrocyte"
"TMEM87A","TMEM87A-214",1.79051473233812,1,0.180863460504331,0.917730617517697,"Oligodendrocyte"
"TMEM87A","TMEM87A-202",1.79051473233812,1,0.180863460504331,0.917730617517697,"Oligodendrocyte"
"TMEM94","TMEM94-216",1.86189260267741,1,0.172406525619265,0.912531263304659,"Oligodendrocyte"
"TMEM94","TMEM94-201",1.86189260267741,1,0.172406525619265,0.912531263304659,"Oligodendrocyte"
"TMEM98","transcript55162.chr17.nnic",0.644460676626977,1,0.422100122319251,0.973046435822645,"Oligodendrocyte"
"TMEM98","TMEM98-206",0.644460676626977,1,0.422100122319251,0.973046435822645,"Oligodendrocyte"
"TMF1","TMF1-207",0.728639485512758,1,0.393324539943707,0.963523459787408,"Oligodendrocyte"
"TMF1","TMF1-201",0.728639485512758,1,0.393324539943707,0.963523459787408,"Oligodendrocyte"
"TMTC4","TMTC4-202",-0.223730443222848,1,1,1,"Oligodendrocyte"
"TMTC4","TMTC4-203",2.6782811783869,1,0.101725470889557,0.849079714118972,"Oligodendrocyte"
"TMTC4","transcript85700.chr13.nic",0.757805799705238,1,0.384016065467238,0.963523459787408,"Oligodendrocyte"
"TMTC4","TMTC4-210",0.251064468975528,1,0.616326547512721,1,"Oligodendrocyte"
"TMX2","TMX2-207",0.134902357040176,1,0.713402293216351,1,"Oligodendrocyte"
"TMX2","TMX2-201",0.134902357040176,1,0.713402293216351,1,"Oligodendrocyte"
"TNKS","TNKS-201",0.010140758346779,1,0.919787553651707,1,"Oligodendrocyte"
"TNKS","TNKS-212",0.010140758346779,1,0.919787553651707,1,"Oligodendrocyte"
"TNPO1","TNPO1-204",0.901815081276254,1,0.34229548697317,0.9518465083715,"Oligodendrocyte"
"TNPO1","TNPO1-201",0.901815081276254,1,0.34229548697317,0.9518465083715,"Oligodendrocyte"
"TNRC6B","TNRC6B-202",0.0740745778296059,1,0.785494035559209,1,"Oligodendrocyte"
"TNRC6B","TNRC6B-206",0.0740745778294922,1,0.78549403555937,1,"Oligodendrocyte"
"TOGARAM1","TOGARAM1-204",0.121693203260065,1,0.727205280550758,1,"Oligodendrocyte"
"TOGARAM1","TOGARAM1-206",1.52526720266405,1,0.216824145312922,0.917730617517697,"Oligodendrocyte"
"TOGARAM1","TOGARAM1-201",0.979389840246313,1,0.322349491209374,0.94318886854311,"Oligodendrocyte"
"TOM1","TOM1-203",1.30695429310464,1,0.252946838419465,0.92571897266236,"Oligodendrocyte"
"TOM1","TOM1-209",1.30695429310464,1,0.252946838419465,0.92571897266236,"Oligodendrocyte"
"TOR1AIP1","TOR1AIP1-212",1.86639862330048,1,0.171888120218457,0.912531263304659,"Oligodendrocyte"
"TOR1AIP1","TOR1AIP1-208",1.86639862330048,1,0.171888120218457,0.912531263304659,"Oligodendrocyte"
"TP53INP1","TP53INP1-201",1.21954334457928,1,0.2694502894395,0.92571897266236,"Oligodendrocyte"
"TP53INP1","TP53INP1-202",1.21954334457928,1,0.2694502894395,0.92571897266236,"Oligodendrocyte"
"TPD52","TPD52-201",0.334279698327009,1,0.563149847427043,0.997607154754473,"Oligodendrocyte"
"TPD52","TPD52-209",0.334279698327009,1,0.563149847427043,0.997607154754473,"Oligodendrocyte"
"TPD52L2","TPD52L2-202",0.249639010423152,1,0.617329376054515,1,"Oligodendrocyte"
"TPD52L2","TPD52L2-208",0.812710487231243,1,0.367320105829458,0.961019149398412,"Oligodendrocyte"
"TPD52L2","TPD52L2-203",0.580356695126284,1,0.446172541792279,0.98209075514408,"Oligodendrocyte"
"TPP2","TPP2-217",0.168954278466799,1,0.681042850469529,1,"Oligodendrocyte"
"TPP2","TPP2-221",5.27975652557257,1,0.021574764705682,0.7473973534739,"Oligodendrocyte"
"TPP2","TPP2-218",1.62674042926665,1,0.202154486395913,0.917730617517697,"Oligodendrocyte"
"TPP2","TPP2-202",0.900129104503776,1,0.342747095848224,0.9518465083715,"Oligodendrocyte"
"TPR","TPR-201",0.20645594528014,1,0.649559493622522,1,"Oligodendrocyte"
"TPR","TPR-205",0.20645594528014,1,0.649559493622522,1,"Oligodendrocyte"
"TRA2B","TRA2B-204",0.08343297415297,1,0.772697953814937,1,"Oligodendrocyte"
"TRA2B","TRA2B-213",0.08343297415297,1,0.772697953814937,1,"Oligodendrocyte"
"TRAPPC13","TRAPPC13-201",0.0440267219339034,1,0.833803904383858,1,"Oligodendrocyte"
"TRAPPC13","TRAPPC13-211",0.888001833487124,1,0.346019367040842,0.9518465083715,"Oligodendrocyte"
"TRAPPC13","transcript90372.chr5.nnic",0.785486004321626,1,0.375468558314187,0.961851612072165,"Oligodendrocyte"
"TRAPPC9","TRAPPC9-201",0.607943148927234,1,0.43556330360721,0.98104289048607,"Oligodendrocyte"
"TRAPPC9","TRAPPC9-216",0.607943148927234,1,0.43556330360721,0.98104289048607,"Oligodendrocyte"
"TRIM11","TRIM11-202",0.256221046920871,1,0.612728314592826,1,"Oligodendrocyte"
"TRIM11","TRIM11-201",0.256221046920871,1,0.612728314592826,1,"Oligodendrocyte"
"TRIM2","TRIM2-269",0.576994691346044,1,0.44749272285494,0.98209075514408,"Oligodendrocyte"
"TRIM2","TRIM2-284",1.42758826037971,1,0.232158439238092,0.922533219692286,"Oligodendrocyte"
"TRIM2","TRIM2-274",1.14060286765744,1,0.285524974595728,0.930697544149248,"Oligodendrocyte"
"TRIM2","TRIM2-212",0.332891691479745,1,0.563961296087697,0.997607154754473,"Oligodendrocyte"
"TRIM2","TRIM2-236",-0.706431506139779,1,1,1,"Oligodendrocyte"
"TRIM2","TRIM2-217",1.13481974856768,1,0.286749607884457,0.930697544149248,"Oligodendrocyte"
"TRIM2","TRIM2-230",0.0175036196524161,1,0.894746021996304,1,"Oligodendrocyte"
"TRIM2","TRIM2-209",-0.0672753538201505,1,1,1,"Oligodendrocyte"
"TRIM2","TRIM2-249",4.72639246156905,1,0.0297031237007569,0.798421510541965,"Oligodendrocyte"
"TRIM2","TRIM2-252",0.0177899377049471,1,0.893893711682815,1,"Oligodendrocyte"
"TRIM2","TRIM2-225",1.08323810937873,1,0.297974296608135,0.936528332396554,"Oligodendrocyte"
"TRIM2","TRIM2-246",1.95859989743622,1,0.161663136089722,0.904355558333022,"Oligodendrocyte"
"TRIM2","TRIM2-264",-0.132185261445557,1,1,1,"Oligodendrocyte"
"TRIM2","TRIM2-243",0.123657139472925,1,0.72510138433398,1,"Oligodendrocyte"
"TRIM24","TRIM24-201",0.00591726376330826,1,0.938684201432627,1,"Oligodendrocyte"
"TRIM24","TRIM24-202",0.00591726376330826,1,0.938684201432627,1,"Oligodendrocyte"
"TRIM32","TRIM32-203",3.05431440754325,1,0.080522972018274,0.849079714118972,"Oligodendrocyte"
"TRIM32","TRIM32-201",3.05431440754325,1,0.080522972018274,0.849079714118972,"Oligodendrocyte"
"TRIM44","TRIM44-201",0.565447012863842,1,0.452073845861513,0.98209075514408,"Oligodendrocyte"
"TRIM44","transcript44047.chr11.nnic",0.565447012863842,1,0.452073845861513,0.98209075514408,"Oligodendrocyte"
"TRIM9","TRIM9-201",0.00944406607504789,1,0.922582986090176,1,"Oligodendrocyte"
"TRIM9","TRIM9-203",0.00944406607504789,1,0.922582986090176,1,"Oligodendrocyte"
"TRMT2A","TRMT2A-202",0.100080974375715,1,0.751732483270955,1,"Oligodendrocyte"
"TRMT2A","TRMT2A-210",-0.00637184100287413,1,1,1,"Oligodendrocyte"
"TRMT2A","TRMT2A-201",0.138035038327303,1,0.710242317094485,1,"Oligodendrocyte"
"TRNT1","TRNT1-201",0.366063276055797,1,0.545157979005845,0.99210169654318,"Oligodendrocyte"
"TRNT1","TRNT1-209",-0.16882031316527,1,1,1,"Oligodendrocyte"
"TRNT1","TRNT1-223",0.11072668210295,1,0.73931833053569,1,"Oligodendrocyte"
"TRPC4AP","TRPC4AP-201",0.740074766838688,1,0.389636928684777,0.963523459787408,"Oligodendrocyte"
"TRPC4AP","TRPC4AP-202",0.740074766838688,1,0.389636928684777,0.963523459787408,"Oligodendrocyte"
"TSC1","TSC1-212",0.225675732017976,1,0.634748912752771,1,"Oligodendrocyte"
"TSC1","TSC1-235",-0.0460019708717709,1,1,1,"Oligodendrocyte"
"TSC1","TSC1-246",-0.135204665071456,1,1,1,"Oligodendrocyte"
"TSC2","TSC2-251",0.0584417661186762,1,0.80897596172744,1,"Oligodendrocyte"
"TSC2","TSC2-258",1.74575630532399,1,0.186411114530731,0.917730617517697,"Oligodendrocyte"
"TSC2","TSC2-245",2.74127531744239,1,0.0977866974459447,0.849079714118972,"Oligodendrocyte"
"TSC2","TSC2-207",0.553720745629789,1,0.456801372292892,0.98209075514408,"Oligodendrocyte"
"TSC22D3","TSC22D3-203",-0.0109162357813375,1,1,1,"Oligodendrocyte"
"TSC22D3","TSC22D3-205",1.34860986475235,1,0.245521289194935,0.92571897266236,"Oligodendrocyte"
"TSC22D3","TSC22D3-206",0.0613478846327098,1,0.804378098887941,1,"Oligodendrocyte"
"TSEN2","transcript23790.chr3.nic",0.174419544137237,1,0.676213520565168,1,"Oligodendrocyte"
"TSEN2","TSEN2-217",0.174419544137237,1,0.676213520565168,1,"Oligodendrocyte"
"TSEN54","TSEN54-207",1.49020942052823,1,0.222183969912567,0.917730617517697,"Oligodendrocyte"
"TSEN54","TSEN54-218",0.0268005537773206,1,0.869960431505698,1,"Oligodendrocyte"
"TSEN54","TSEN54-201",0.520727606034427,1,0.47053147092002,0.984823562153096,"Oligodendrocyte"
"TSEN54","TSEN54-220",5.61927178255644,1,0.0177640284009724,0.665417954913394,"Oligodendrocyte"
"TTC1","TTC1-207",0.106657335442208,1,0.743982284510901,1,"Oligodendrocyte"
"TTC1","TTC1-201",0.106657335442208,1,0.743982284510901,1,"Oligodendrocyte"
"TTC14","TTC14-205",0.195770783002445,1,0.658156425488781,1,"Oligodendrocyte"
"TTC14","TTC14-201",2.53308921178541,1,0.11148176876229,0.85278573390443,"Oligodendrocyte"
"TTC14","TTC14-203",2.3856804924435,1,0.122451560391195,0.865806028004396,"Oligodendrocyte"
"TTC3","TTC3-206",0.267148230097519,1,0.60525121071026,1,"Oligodendrocyte"
"TTC3","TTC3-209",0.0194364330163808,1,0.889122529310144,1,"Oligodendrocyte"
"TTC3","TTC3-222",1.70783683425634,1,0.191266270892086,0.917730617517697,"Oligodendrocyte"
"TTC3","TTC3-203",-0.0188798154840697,1,1,1,"Oligodendrocyte"
"TTC3","TTC3-204",1.01102000937044,1,0.314658600307766,0.94318886854311,"Oligodendrocyte"
"TTC3","TTC3-211",0.0972288208158716,1,0.755180847515498,1,"Oligodendrocyte"
"TTI1","TTI1-202",0.515933673659674,1,0.472581434408639,0.984823562153096,"Oligodendrocyte"
"TTI1","TTI1-201",0.515933673659674,1,0.472581434408639,0.984823562153096,"Oligodendrocyte"
"TTLL7","TTLL7-201",-0.365646631127674,1,1,1,"Oligodendrocyte"
"TTLL7","TTLL7-212",0.0576904758772798,1,0.81018419243919,1,"Oligodendrocyte"
"TTLL7","TTLL7-204",0.133758187447711,1,0.714566808387472,1,"Oligodendrocyte"
"TTLL7","TTLL7-209",2.50213246190742,1,0.11369225954705,0.85681293798615,"Oligodendrocyte"
"TTYH1","TTYH1-202",1.39581459603278,1,0.237425602563808,0.92571897266236,"Oligodendrocyte"
"TTYH1","TTYH1-201",0.457927294862657,1,0.498594251069183,0.986218906253136,"Oligodendrocyte"
"TTYH1","TTYH1-203",4.29121193416313,1,0.0383098483232852,0.836623393063797,"Oligodendrocyte"
"TTYH2","TTYH2-201",1.65149881036223,1,0.198755057707805,0.917730617517697,"Oligodendrocyte"
"TTYH2","TTYH2-202",1.65149881036223,1,0.198755057707805,0.917730617517697,"Oligodendrocyte"
"TUBB4B","TUBB4B-202",0.172624802714154,1,0.677789520648873,1,"Oligodendrocyte"
"TUBB4B","TUBB4B-201",0.172624802714154,1,0.677789520648873,1,"Oligodendrocyte"
"TUBGCP2","TUBGCP2-207",8.95690936031099,1,0.0027642213160981,0.388356715574515,"Oligodendrocyte"
"TUBGCP2","TUBGCP2-201",8.95690936031099,1,0.0027642213160981,0.388356715574515,"Oligodendrocyte"
"TUBGCP6","TUBGCP6-207",0.718521784639961,1,0.396629219028003,0.963523459787408,"Oligodendrocyte"
"TUBGCP6","TUBGCP6-201",0.718521784639961,1,0.396629219028003,0.963523459787408,"Oligodendrocyte"
"TULP4","TULP4-202",0.0925009721986498,1,0.76102144341823,1,"Oligodendrocyte"
"TULP4","transcript213289.chr6.nnic",0.0925009721986498,1,0.76102144341823,1,"Oligodendrocyte"
"TUT4","TUT4-201",2.17348440502701,1,0.140407779870285,0.888677046009816,"Oligodendrocyte"
"TUT4","TUT4-220",0.551040163983544,1,0.457892994927093,0.98209075514408,"Oligodendrocyte"
"TUT4","TUT4-204",1.59437069820683,1,0.206702792787343,0.917730617517697,"Oligodendrocyte"
"TUT7","TUT7-206",0.0394047039862357,1,0.842649049059316,1,"Oligodendrocyte"
"TUT7","TUT7-201",0.0394047039862357,1,0.842649049059316,1,"Oligodendrocyte"
"TYRO3","TYRO3-209",0.325162446191371,1,0.568521596196943,0.997607154754473,"Oligodendrocyte"
"TYRO3","TYRO3-201",0.325162446191371,1,0.568521596196943,0.997607154754473,"Oligodendrocyte"
"U2AF1","U2AF1-208",0.628258163110218,1,0.427994951794555,0.978337038669547,"Oligodendrocyte"
"U2AF1","U2AF1-211",0.628258163110218,1,0.427994951794555,0.978337038669547,"Oligodendrocyte"
"U2SURP","U2SURP-211",-0.0168874576934286,1,1,1,"Oligodendrocyte"
"U2SURP","U2SURP-201",0.660775902919795,1,0.416286153965374,0.969546754007607,"Oligodendrocyte"
"U2SURP","U2SURP-209",0.013216663091498,1,0.908473857286013,1,"Oligodendrocyte"
"U2SURP","U2SURP-208",1.60492570572796,1,0.205206560909579,0.917730617517697,"Oligodendrocyte"
"UBA1","UBA1-201",1.09098286174194,1,0.296253541069295,0.935750797174669,"Oligodendrocyte"
"UBA1","UBA1-202",1.09098286174194,1,0.296253541069295,0.935750797174669,"Oligodendrocyte"
"UBA6","UBA6-203",0.00651363877386757,1,0.93567487654172,1,"Oligodendrocyte"
"UBA6","UBA6-201",0.00651363877386757,1,0.93567487654172,1,"Oligodendrocyte"
"UBC","UBC-201",1.97694888112892,1,0.159712205131249,0.904355558333022,"Oligodendrocyte"
"UBC","UBC-205",1.97694888112892,1,0.159712205131249,0.904355558333022,"Oligodendrocyte"
"UBE2D3","UBE2D3-210",2.87875666563468,1,0.0897553004482472,0.849079714118972,"Oligodendrocyte"
"UBE2D3","UBE2D3-207",0.321073287497256,1,0.570963351326329,0.997758945878816,"Oligodendrocyte"
"UBE2D3","UBE2D3-209",8.62200182053448,1,0.00332126646207305,0.425839710792904,"Oligodendrocyte"
"UBE2G2","UBE2G2-206",0.487011950993406,1,0.485263240991388,0.986196984921142,"Oligodendrocyte"
"UBE2G2","UBE2G2-202",0.487011950993406,1,0.485263240991388,0.986196984921142,"Oligodendrocyte"
"UBE2I","UBE2I-208",0.292110794090945,1,0.588871048252669,1,"Oligodendrocyte"
"UBE2I","UBE2I-212",0.100760827615545,1,0.750918514534086,1,"Oligodendrocyte"
"UBE2I","UBE2I-203",0.230984117223386,1,0.630795078620666,1,"Oligodendrocyte"
"UBE3A","UBE3A-226",0.0775685988942314,1,0.780619816592211,1,"Oligodendrocyte"
"UBE3A","UBE3A-227",-0.0332472464642706,1,1,1,"Oligodendrocyte"
"UBE3A","UBE3A-232",0.207611050359446,1,0.64864631658233,1,"Oligodendrocyte"
"UBE4A","transcript180958.chr11.nic",0.312092714540086,1,0.576398842339773,1,"Oligodendrocyte"
"UBE4A","UBE4A-201",0.312092714540086,1,0.576398842339773,1,"Oligodendrocyte"
"UBQLN1","UBQLN1-202",4.12649995123229,1,0.0422165802488216,0.836623393063797,"Oligodendrocyte"
"UBQLN1","UBQLN1-206",4.12649995123229,1,0.0422165802488216,0.836623393063797,"Oligodendrocyte"
"UBR1","UBR1-201",0.169913704093688,1,0.680188512959934,1,"Oligodendrocyte"
"UBR1","UBR1-202",0.169913704093688,1,0.680188512959934,1,"Oligodendrocyte"
"UBR2","UBR2-202",0.547523751615699,1,0.459331256747161,0.98209075514408,"Oligodendrocyte"
"UBR2","UBR2-201",0.547523751615699,1,0.459331256747161,0.98209075514408,"Oligodendrocyte"
"UBR3","UBR3-201",0.0246452807873538,1,0.875254183347253,1,"Oligodendrocyte"
"UBR3","UBR3-207",0.0246452807873538,1,0.875254183347253,1,"Oligodendrocyte"
"UBR4","transcript38237.chr1.nic",0.276223383772958,1,0.599187296969903,1,"Oligodendrocyte"
"UBR4","UBR4-204",0.276223383772958,1,0.599187296969903,1,"Oligodendrocyte"
"UBXN7","UBXN7-201",1.96338139922227,1,0.16115214514078,0.904355558333022,"Oligodendrocyte"
"UBXN7","UBXN7-205",1.96338139922227,1,0.16115214514078,0.904355558333022,"Oligodendrocyte"
"UCHL5","UCHL5-206",2.76423751896107,1,0.0963926058814634,0.849079714118972,"Oligodendrocyte"
"UCHL5","UCHL5-205",2.76423751896107,1,0.0963926058814634,0.849079714118972,"Oligodendrocyte"
"UFD1","UFD1-201",0.787421751756483,1,0.374880871452652,0.961851612072165,"Oligodendrocyte"
"UFD1","UFD1-205",0.787421751756483,1,0.374880871452652,0.961851612072165,"Oligodendrocyte"
"UGP2","UGP2-202",0.000391003485106012,1,0.984223811939868,1,"Oligodendrocyte"
"UGP2","UGP2-211",0.000391003485106012,1,0.984223811939868,1,"Oligodendrocyte"
"UGT8","UGT8-202",1.9044035889674,1,0.167586244457111,0.911476842042344,"Oligodendrocyte"
"UGT8","UGT8-201",1.9044035889674,1,0.167586244457111,0.911476842042344,"Oligodendrocyte"
"ULK3","ULK3-202",0.000584634997494504,1,0.980709648082239,1,"Oligodendrocyte"
"ULK3","ULK3-222",0.000584634997494504,1,0.980709648082239,1,"Oligodendrocyte"
"USO1","USO1-204",0.746855269148455,1,0.38747370124231,0.963523459787408,"Oligodendrocyte"
"USO1","USO1-201",0.746855269148455,1,0.38747370124231,0.963523459787408,"Oligodendrocyte"
"USP1","USP1-202",29.5869750966722,1,5.34629884811283e-08,0.00010093812225237,"Oligodendrocyte"
"USP1","USP1-201",29.5869750966722,1,5.34629884811283e-08,0.00010093812225237,"Oligodendrocyte"
"USP11","USP11-204",12.56811806527,1,0.00039238351515015,0.123470012767247,"Oligodendrocyte"
"USP11","USP11-201",12.56811806527,1,0.00039238351515015,0.123470012767247,"Oligodendrocyte"
"USP15","USP15-201",0.163450500727208,1,0.685999390310709,1,"Oligodendrocyte"
"USP15","USP15-203",0.163450500727208,1,0.685999390310709,1,"Oligodendrocyte"
"USP16","USP16-203",-0.465597470158855,1,1,1,"Oligodendrocyte"
"USP16","USP16-204",-0.0824009013526847,1,1,1,"Oligodendrocyte"
"USP16","USP16-205",0.225620283545595,1,0.634790511960404,1,"Oligodendrocyte"
"USP16","USP16-201",0.333572374747064,1,0.563563077595209,0.997607154754473,"Oligodendrocyte"
"USP34","USP34-202",0.464594433346065,1,0.495484550148872,0.986218906253136,"Oligodendrocyte"
"USP34","USP34-201",0.464594433346065,1,0.495484550148872,0.986218906253136,"Oligodendrocyte"
"USP38","USP38-202",0.134089485899835,1,0.714229039665447,1,"Oligodendrocyte"
"USP38","USP38-201",0.134089485899835,1,0.714229039665447,1,"Oligodendrocyte"
"USP47","USP47-202",0.0695943478813206,1,0.791928326904089,1,"Oligodendrocyte"
"USP47","USP47-207",0.0695943478813206,1,0.791928326904089,1,"Oligodendrocyte"
"USP48","USP48-203",0.688471661242602,1,0.406684712333067,0.964832463891012,"Oligodendrocyte"
"USP48","USP48-201",0.145358692876016,1,0.703010812879834,1,"Oligodendrocyte"
"USP48","USP48-205",0.373721405075685,1,0.54098273855165,0.99210169654318,"Oligodendrocyte"
"USP5","USP5-202",0.273207173504943,1,0.601188442093633,1,"Oligodendrocyte"
"USP5","USP5-201",0.273207173504943,1,0.601188442093633,1,"Oligodendrocyte"
"USP54","USP54-225",0.135493142126222,1,0.712803195969786,1,"Oligodendrocyte"
"USP54","USP54-222",0.135493142126222,1,0.712803195969786,1,"Oligodendrocyte"
"USP8","USP8-202",0.442455496664252,1,0.505939666599509,0.987123735128959,"Oligodendrocyte"
"USP8","USP8-204",0.815791907691732,1,0.366413392987749,0.961019149398412,"Oligodendrocyte"
"USP8","USP8-201",-0.0250032643731402,1,1,1,"Oligodendrocyte"
"VAMP1","VAMP1-202",0.0969243640056447,1,0.755552210595884,1,"Oligodendrocyte"
"VAMP1","VAMP1-201",0.0969243640056447,1,0.755552210595884,1,"Oligodendrocyte"
"VAPA","VAPA-203",0.560604160307321,1,0.454016919596085,0.98209075514408,"Oligodendrocyte"
"VAPA","VAPA-202",0.560604160307321,1,0.454016919596085,0.98209075514408,"Oligodendrocyte"
"VCP","VCP-235",0.000932987815758679,1,0.975632525522379,1,"Oligodendrocyte"
"VCP","VCP-205",0.167951894440193,1,0.681938475315359,1,"Oligodendrocyte"
"VCP","VCP-201",-0.364196486720175,1,1,1,"Oligodendrocyte"
"VCP","VCP-217",1.20597031380021,1,0.272131661895011,0.92571897266236,"Oligodendrocyte"
"VDAC3","VDAC3-201",2.15829034899514,1,0.141802387583722,0.888677046009816,"Oligodendrocyte"
"VDAC3","transcript85367.chr8.nic",2.15829034899514,1,0.141802387583722,0.888677046009816,"Oligodendrocyte"
"VEZT","VEZT-213",-0.011161267683292,1,1,1,"Oligodendrocyte"
"VEZT","VEZT-233",0.830995905004102,1,0.361984710711539,0.961019149398412,"Oligodendrocyte"
"VEZT","VEZT-237",0.398691192981005,1,0.527765954454546,0.991241525829912,"Oligodendrocyte"
"VEZT","VEZT-203",0.536826021437037,1,0.463751110890612,0.98209075514408,"Oligodendrocyte"
"VEZT","VEZT-220",5.17480202848037,1,0.022916782772287,0.768172874968861,"Oligodendrocyte"
"VMP1","VMP1-201",0.755652306588217,1,0.384692556291064,0.963523459787408,"Oligodendrocyte"
"VMP1","VMP1-217",0.755652306588217,1,0.384692556291064,0.963523459787408,"Oligodendrocyte"
"VPS13C","VPS13C-211",0.0397734905236575,1,0.841924109380008,1,"Oligodendrocyte"
"VPS13C","VPS13C-201",0.629976178255674,1,0.427364052003236,0.978337038669547,"Oligodendrocyte"
"VPS13C","VPS13C-212",0.358953291515718,1,0.549088125985117,0.992346615914945,"Oligodendrocyte"
"VPS13C","VPS13C-210",0.237773749102416,1,0.625818674430352,1,"Oligodendrocyte"
"VPS39","VPS39-205",2.01056682192143,1,0.156206946622639,0.904355558333022,"Oligodendrocyte"
"VPS39","VPS39-201",2.01056682192143,1,0.156206946622639,0.904355558333022,"Oligodendrocyte"
"VPS45","VPS45-214",0.0740280213601636,1,0.785559807965724,1,"Oligodendrocyte"
"VPS45","VPS45-238",0.309018865519931,1,0.578282873569397,1,"Oligodendrocyte"
"VPS45","VPS45-223",0.105543391490301,1,0.74527611438934,1,"Oligodendrocyte"
"VTA1","transcript193705.chr6.nic",1.5268527314787,1,0.216585408861288,0.917730617517697,"Oligodendrocyte"
"VTA1","VTA1-202",1.5268527314787,1,0.216585408861288,0.917730617517697,"Oligodendrocyte"
"WAC","WAC-201",1.84499480768824,1,0.17436665180073,0.912531263304659,"Oligodendrocyte"
"WAC","WAC-205",1.84499480768824,1,0.17436665180073,0.912531263304659,"Oligodendrocyte"
"WAPL","transcript156502.chr10.nnic",0.19011688998944,1,0.66281934881012,1,"Oligodendrocyte"
"WAPL","WAPL-201",0.19011688998944,1,0.66281934881012,1,"Oligodendrocyte"
"WASHC5","transcript175997.chr8.nic",-0.00556916954008102,1,1,1,"Oligodendrocyte"
"WASHC5","transcript175975.chr8.nic",0.196044571647462,1,0.657932677577849,1,"Oligodendrocyte"
"WASHC5","WASHC5-201",0.00509786278666979,1,0.943079951403442,1,"Oligodendrocyte"
"WDFY3","WDFY3-212",0.00410699287840544,1,0.948901889198803,1,"Oligodendrocyte"
"WDFY3","WDFY3-201",0.39960963679755,1,0.527290925533578,0.991241525829912,"Oligodendrocyte"
"WDFY3","WDFY3-203",1.04459136832588,1,0.306756040146792,0.940529003384364,"Oligodendrocyte"
"WDR1","WDR1-202",0.165174458392585,1,0.684436519581457,1,"Oligodendrocyte"
"WDR1","WDR1-211",0.165174458392585,1,0.684436519581457,1,"Oligodendrocyte"
"WDR11","transcript206384.chr10.nic",0.154119071840796,1,0.694629699155374,1,"Oligodendrocyte"
"WDR11","WDR11-201",0.052562884969575,1,0.818662201142088,1,"Oligodendrocyte"
"WDR11","WDR11-205",0.0641631256999062,1,0.800032986125484,1,"Oligodendrocyte"
"WDR11","transcript206367.chr10.nnic",0.837203627057079,1,0.360197761493658,0.961019149398412,"Oligodendrocyte"
"WDR13","WDR13-201",0.00402531449191201,1,0.949411862991354,1,"Oligodendrocyte"
"WDR13","WDR13-202",0.00402531449191201,1,0.949411862991354,1,"Oligodendrocyte"
"WDR33","WDR33-204",0.013613457540032,1,0.90711623713206,1,"Oligodendrocyte"
"WDR33","WDR33-201",0.013613457540032,1,0.90711623713206,1,"Oligodendrocyte"
"WDR7","WDR7-201",0.298168607341722,1,0.585032823803721,1,"Oligodendrocyte"
"WDR7","WDR7-202",0.298168607341722,1,0.585032823803721,1,"Oligodendrocyte"
"WDR91","WDR91-212",-0.0107580315435598,1,1,1,"Oligodendrocyte"
"WDR91","WDR91-208",1.57165743331416,1,0.209966477405002,0.917730617517697,"Oligodendrocyte"
"WDR91","WDR91-201",1.02856752700279,1,0.310495351976548,0.94318886854311,"Oligodendrocyte"
"WHRN","WHRN-208",0.616541260005818,1,0.432335486764386,0.980116205972822,"Oligodendrocyte"
"WHRN","WHRN-202",0.616541260005818,1,0.432335486764386,0.980116205972822,"Oligodendrocyte"
"WSB1","WSB1-209",0.00352735724300146,1,0.9526402363863,1,"Oligodendrocyte"
"WSB1","WSB1-204",0.00352735724300146,1,0.9526402363863,1,"Oligodendrocyte"
"YME1L1","YME1L1-206",0.616275405237843,1,0.432434745537797,0.980116205972822,"Oligodendrocyte"
"YME1L1","YME1L1-202",0.616275405237843,1,0.432434745537797,0.980116205972822,"Oligodendrocyte"
"YPEL2","YPEL2-203",0.465268775451477,1,0.495171843415216,0.986218906253136,"Oligodendrocyte"
"YPEL2","YPEL2-201",0.465268775451477,1,0.495171843415216,0.986218906253136,"Oligodendrocyte"
"YTHDC2","YTHDC2-202",0.811934868483945,1,0.367548823894513,0.961019149398412,"Oligodendrocyte"
"YTHDC2","YTHDC2-201",0.811934868483945,1,0.367548823894513,0.961019149398412,"Oligodendrocyte"
"YTHDF2","YTHDF2-201",0.0750214980753299,1,0.784161067444442,1,"Oligodendrocyte"
"YTHDF2","YTHDF2-206",0.0750214980753299,1,0.784161067444442,1,"Oligodendrocyte"
"YWHAB","YWHAB-201",1.70032772476407,1,0.19224512343919,0.917730617517697,"Oligodendrocyte"
"YWHAB","YWHAB-202",1.70032772476407,1,0.19224512343919,0.917730617517697,"Oligodendrocyte"
"YWHAZ","YWHAZ-212",0.166085759628913,1,0.683614207406779,1,"Oligodendrocyte"
"YWHAZ","YWHAZ-206",0.166085759628913,1,0.683614207406779,1,"Oligodendrocyte"
"ZBED5","ZBED5-202",0.0135705655386573,1,0.907262015531744,1,"Oligodendrocyte"
"ZBED5","ZBED5-201",0.0135705655386573,1,0.907262015531744,1,"Oligodendrocyte"
"ZBTB1","ZBTB1-207",0.303034488044432,1,0.581986293544718,1,"Oligodendrocyte"
"ZBTB1","ZBTB1-201",0.303034488044432,1,0.581986293544718,1,"Oligodendrocyte"
"ZBTB11","ZBTB11-202",1.58949446918177,1,0.207398374934365,0.917730617517697,"Oligodendrocyte"
"ZBTB11","ZBTB11-201",1.07581215956225,1,0.299636297092367,0.936847468989248,"Oligodendrocyte"
"ZBTB11","ZBTB11-215",0.370187700331826,1,0.542901973159383,0.99210169654318,"Oligodendrocyte"
"ZBTB16","ZBTB16-207",1.58345923755041,1,0.208263121082176,0.917730617517697,"Oligodendrocyte"
"ZBTB16","ZBTB16-202",2.1397573623226,1,0.143524590297689,0.889040554248337,"Oligodendrocyte"
"ZBTB16","ZBTB16-219",0.96285248843833,1,0.326469240250488,0.94318886854311,"Oligodendrocyte"
"ZBTB16","ZBTB16-201",4.14048080812154,1,0.0418692754162264,0.836623393063797,"Oligodendrocyte"
"ZBTB20","ZBTB20-220",-0.105281035639564,1,1,1,"Oligodendrocyte"
"ZBTB20","ZBTB20-223",1.08363346263559,1,0.297886145310319,0.936528332396554,"Oligodendrocyte"
"ZBTB20","ZBTB20-208",0.191197561104673,1,0.66192176134046,1,"Oligodendrocyte"
"ZBTB20","ZBTB20-211",0.598875718638283,1,0.439007312142673,0.981803694508639,"Oligodendrocyte"
"ZBTB20","ZBTB20-201",2.49390475771952,1,0.114287858258938,0.85681293798615,"Oligodendrocyte"
"ZBTB37","ZBTB37-201",0.0612338785285829,1,0.804556267476633,1,"Oligodendrocyte"
"ZBTB37","ZBTB37-203",0.00979242516223167,1,0.921172662979725,1,"Oligodendrocyte"
"ZBTB37","ZBTB37-204",0.0672395917936228,1,0.795399165012056,1,"Oligodendrocyte"
"ZBTB38","ZBTB38-220",0.415177994387477,1,0.519352991103882,0.987123735128959,"Oligodendrocyte"
"ZBTB38","ZBTB38-201",0.415177994387477,1,0.519352991103882,0.987123735128959,"Oligodendrocyte"
"ZBTB43","ZBTB43-203",0.434945390328267,1,0.509572244364284,0.987123735128959,"Oligodendrocyte"
"ZBTB43","ZBTB43-202",0.434945390328267,1,0.509572244364284,0.987123735128959,"Oligodendrocyte"
"ZC3H11A","ZC3H11A-213",0.543403879269135,1,0.461025461994597,0.98209075514408,"Oligodendrocyte"
"ZC3H11A","ZC3H11A-202",0.0166594549214096,1,0.897301064437969,1,"Oligodendrocyte"
"ZC3H11A","ZC3H11A-214",1.39724649994196,1,0.237185140814606,0.92571897266236,"Oligodendrocyte"
"ZC3H13","ZC3H13-201",0.255310481713423,1,0.613360378930404,1,"Oligodendrocyte"
"ZC3H13","ZC3H13-206",2.59395609659441,1,0.107272097555314,0.85236699474703,"Oligodendrocyte"
"ZC3H13","ZC3H13-202",1.47399994208536,1,0.224715651838816,0.919313435908308,"Oligodendrocyte"
"ZCCHC24","ZCCHC24-202",2.68217045967594,1,0.101477334628936,0.849079714118972,"Oligodendrocyte"
"ZCCHC24","transcript143497.chr10.nic",2.68217045967594,1,0.101477334628936,0.849079714118972,"Oligodendrocyte"
"ZDHHC3","ZDHHC3-205",0.000906819157648897,1,0.975976583492242,1,"Oligodendrocyte"
"ZDHHC3","ZDHHC3-202",0.000906819157648897,1,0.975976583492242,1,"Oligodendrocyte"
"ZDHHC9","transcript147555.chrX.nic",1.4878995452782,1,0.222542643431558,0.917730617517697,"Oligodendrocyte"
"ZDHHC9","ZDHHC9-201",1.4878995452782,1,0.222542643431558,0.917730617517697,"Oligodendrocyte"
"ZEB2","ZEB2-249",0.818827300714474,1,0.365523258759024,0.961019149398412,"Oligodendrocyte"
"ZEB2","ZEB2-223",0.187388961745455,1,0.665098705070247,1,"Oligodendrocyte"
"ZEB2","ZEB2-215",0.0138355393828533,1,0.906365136328905,1,"Oligodendrocyte"
"ZEB2","ZEB2-226",0.213543618760013,1,0.644004016982706,1,"Oligodendrocyte"
"ZEB2","ZEB2-231",5.50742542718217,1,0.018935900963375,0.6941938061913,"Oligodendrocyte"
"ZEB2","ZEB2-218",0.0480496544660127,1,0.8264924530003,1,"Oligodendrocyte"
"ZEB2","ZEB2-227",0.398723625105049,1,0.527749167183928,0.991241525829912,"Oligodendrocyte"
"ZEB2","ZEB2-225",0.15149393322281,1,0.69711177085764,1,"Oligodendrocyte"
"ZFAND5","ZFAND5-204",0.0110759199928907,1,0.916183628390406,1,"Oligodendrocyte"
"ZFAND5","ZFAND5-205",0.0110759199928907,1,0.916183628390406,1,"Oligodendrocyte"
"ZFHX4","ZFHX4-204",-0.00726558546557499,1,1,1,"Oligodendrocyte"
"ZFHX4","ZFHX4-201",2.94511673082229,1,0.0861374755918077,0.849079714118972,"Oligodendrocyte"
"ZFHX4","ZFHX4-214",1.84831134912861,1,0.173979922245804,0.912531263304659,"Oligodendrocyte"
"ZFP82","ZFP82-203",0.167871201361322,1,0.682010709794207,1,"Oligodendrocyte"
"ZFP82","ZFP82-201",0.167871201361322,1,0.682010709794207,1,"Oligodendrocyte"
"ZFP90","ZFP90-205",0.167102719990794,1,0.682699653755305,1,"Oligodendrocyte"
"ZFP90","ZFP90-212",0.167102719990794,1,0.682699653755305,1,"Oligodendrocyte"
"ZFYVE16","ZFYVE16-207",0.224377892751363,1,0.63572424013421,1,"Oligodendrocyte"
"ZFYVE16","ZFYVE16-206",1.23270722835514,1,0.266881191950998,0.92571897266236,"Oligodendrocyte"
"ZFYVE16","ZFYVE16-212",0.841464796696528,1,0.358978174044469,0.961019149398412,"Oligodendrocyte"
"ZFYVE16","ZFYVE16-202",0.297395695248269,1,0.585519711025305,1,"Oligodendrocyte"
"ZFYVE16","ZFYVE16-201",0.272456854254415,1,0.601688435060407,1,"Oligodendrocyte"
"ZFYVE21","ZFYVE21-201",0.0602557616814465,1,0.806092154516106,1,"Oligodendrocyte"
"ZFYVE21","ZFYVE21-202",0.0602557616814465,1,0.806092154516106,1,"Oligodendrocyte"
"ZFYVE27","ZFYVE27-203",0.119259323755387,1,0.729839205021748,1,"Oligodendrocyte"
"ZFYVE27","ZFYVE27-202",1.28938361220207,1,0.256161574146389,0.92571897266236,"Oligodendrocyte"
"ZFYVE27","ZFYVE27-207",0.0735105078460947,1,0.786292423197319,1,"Oligodendrocyte"
"ZHX1","ZHX1-201",0.662002901915002,1,0.415853732895284,0.969546754007607,"Oligodendrocyte"
"ZHX1","ZHX1-202",0.662002901915002,1,0.415853732895284,0.969546754007607,"Oligodendrocyte"
"ZKSCAN1","ZKSCAN1-201",0.035212480473092,1,0.851151115862406,1,"Oligodendrocyte"
"ZKSCAN1","ZKSCAN1-204",0.035212480473092,1,0.851151115862406,1,"Oligodendrocyte"
"ZMAT1","ZMAT1-207",2.91451224015509,1,0.0877859516336107,0.849079714118972,"Oligodendrocyte"
"ZMAT1","ZMAT1-205",2.91451224015509,1,0.0877859516336107,0.849079714118972,"Oligodendrocyte"
"ZMYM2","ZMYM2-205",0.0717796269714199,1,0.788763052541798,1,"Oligodendrocyte"
"ZMYM2","transcript1872.chr13.nnic",1.49639451711141,1,0.221226958828148,0.917730617517697,"Oligodendrocyte"
"ZMYM2","ZMYM2-210",1.44470892383765,1,0.229378851642361,0.922533219692286,"Oligodendrocyte"
"ZMYM2","ZMYM2-204",2.48954821681241,1,0.114604618264632,0.85681293798615,"Oligodendrocyte"
"ZNF112","ZNF112-201",0.620608430855555,1,0.430821279111173,0.979921111974417,"Oligodendrocyte"
"ZNF112","ZNF112-202",0.620608430855555,1,0.430821279111173,0.979921111974417,"Oligodendrocyte"
"ZNF146","ZNF146-201",0.0760223360221062,1,0.78276199417695,1,"Oligodendrocyte"
"ZNF146","transcript98313.chr19.nnic",0.0653425853156477,1,0.798242761699252,1,"Oligodendrocyte"
"ZNF146","ZNF146-202",0.129836991970933,1,0.718601111089566,1,"Oligodendrocyte"
"ZNF148","ZNF148-201",0.0127939203935057,1,0.909943177773986,1,"Oligodendrocyte"
"ZNF148","ZNF148-207",0.0127939203935057,1,0.909943177773986,1,"Oligodendrocyte"
"ZNF160","ZNF160-213",4.57952584532677,1,0.0323561669670599,0.814512576450789,"Oligodendrocyte"
"ZNF160","ZNF160-202",4.57952584532677,1,0.0323561669670599,0.814512576450789,"Oligodendrocyte"
"ZNF17","ZNF17-206",1.53103808769072,1,0.215956713132576,0.917730617517697,"Oligodendrocyte"
"ZNF17","ZNF17-201",1.53103808769072,1,0.215956713132576,0.917730617517697,"Oligodendrocyte"
"ZNF182","ZNF182-201",0.000779247494108404,1,0.977729940991442,1,"Oligodendrocyte"
"ZNF182","ZNF182-202",0.000779247494108404,1,0.977729940991442,1,"Oligodendrocyte"
"ZNF184","ZNF184-203",0.0995442615712818,1,0.752377224858237,1,"Oligodendrocyte"
"ZNF184","ZNF184-201",0.0995442615712818,1,0.752377224858237,1,"Oligodendrocyte"
"ZNF207","ZNF207-203",4.05622613047831,1,0.0440087481442036,0.836623393063797,"Oligodendrocyte"
"ZNF207","ZNF207-201",4.05622613047831,1,0.0440087481442036,0.836623393063797,"Oligodendrocyte"
"ZNF226","ZNF226-202",1.96213836182142,1,0.161284809053665,0.904355558333022,"Oligodendrocyte"
"ZNF226","ZNF226-213",1.96213836182142,1,0.161284809053665,0.904355558333022,"Oligodendrocyte"
"ZNF227","ZNF227-201",1.60886966181971,1,0.204650765614704,0.917730617517697,"Oligodendrocyte"
"ZNF227","ZNF227-202",1.60886966181971,1,0.204650765614704,0.917730617517697,"Oligodendrocyte"
"ZNF23","ZNF23-211",0.279658554101729,1,0.596925099802493,1,"Oligodendrocyte"
"ZNF23","ZNF23-201",-0.0918153055710036,1,1,1,"Oligodendrocyte"
"ZNF23","ZNF23-207",0.103705381142106,1,0.747427544068627,1,"Oligodendrocyte"
"ZNF235","ZNF235-207",5.85202404804033,1,0.0155591458025656,0.648906180608174,"Oligodendrocyte"
"ZNF235","ZNF235-201",5.85202404804033,1,0.0155591458025656,0.648906180608174,"Oligodendrocyte"
"ZNF24","ZNF24-202",0.016062260579929,1,0.899148580759715,1,"Oligodendrocyte"
"ZNF24","ZNF24-201",0.016062260579929,1,0.899148580759715,1,"Oligodendrocyte"
"ZNF253","ZNF253-201",0.84027372806122,1,0.359318496200676,0.961019149398412,"Oligodendrocyte"
"ZNF253","ZNF253-203",0.84027372806122,1,0.359318496200676,0.961019149398412,"Oligodendrocyte"
"ZNF254","ZNF254-202",4.11464596191172,1,0.0425134225580129,0.836623393063797,"Oligodendrocyte"
"ZNF254","ZNF254-208",0.241761777474494,1,0.622936551983697,1,"Oligodendrocyte"
"ZNF254","ZNF254-207",0.964596053553578,1,0.326031615517371,0.94318886854311,"Oligodendrocyte"
"ZNF254","ZNF254-206",-0.370028792857283,1,1,1,"Oligodendrocyte"
"ZNF263","ZNF263-204",0.0400091150605704,1,0.841462760288379,1,"Oligodendrocyte"
"ZNF263","ZNF263-201",0.0400091150605704,1,0.841462760288379,1,"Oligodendrocyte"
"ZNF280D","ZNF280D-204",-0.00111289294181915,1,1,1,"Oligodendrocyte"
"ZNF280D","transcript72383.chr15.nic",0.0557948229234171,1,0.813270280548261,1,"Oligodendrocyte"
"ZNF280D","ZNF280D-201",1.57807518845493,1,0.209038165036773,0.917730617517697,"Oligodendrocyte"
"ZNF280D","ZNF280D-202",0.146234592407382,1,0.702160004418415,1,"Oligodendrocyte"
"ZNF280D","ZNF280D-206",0.572729974513095,1,0.449176132013479,0.98209075514408,"Oligodendrocyte"
"ZNF281","ZNF281-203",0.586724390199379,1,0.443688579400775,0.981803694508639,"Oligodendrocyte"
"ZNF281","ZNF281-201",0.586724390199379,1,0.443688579400775,0.981803694508639,"Oligodendrocyte"
"ZNF292","ZNF292-210",1.87453725090018,1,0.170956325951989,0.912531263304659,"Oligodendrocyte"
"ZNF292","ZNF292-215",1.87453725090018,1,0.170956325951989,0.912531263304659,"Oligodendrocyte"
"ZNF3","ZNF3-203",0.168338158307961,1,0.681592981729025,1,"Oligodendrocyte"
"ZNF3","ZNF3-202",-0.0888145662515853,1,1,1,"Oligodendrocyte"
"ZNF3","ZNF3-206",0.16676158127575,1,0.683006077410232,1,"Oligodendrocyte"
"ZNF302","ZNF302-207",0.110996620824608,1,0.739012337624285,1,"Oligodendrocyte"
"ZNF302","ZNF302-201",4.90592432158979,1,0.0267647236499747,0.790312314443543,"Oligodendrocyte"
"ZNF302","ZNF302-203",5.8779302154291,1,0.0153318346178521,0.648906180608174,"Oligodendrocyte"
"ZNF331","ZNF331-202",1.37658516032025,1,0.240683676208798,0.92571897266236,"Oligodendrocyte"
"ZNF331","ZNF331-201",1.37658516032025,1,0.240683676208798,0.92571897266236,"Oligodendrocyte"
"ZNF333","transcript32351.chr19.nic",1.62535016605827,1,0.20234739409239,0.917730617517697,"Oligodendrocyte"
"ZNF333","transcript32279.chr19.nic",1.62535016605827,1,0.20234739409239,0.917730617517697,"Oligodendrocyte"
"ZNF337","ZNF337-201",1.40303411699767,1,0.236216220482712,0.92571897266236,"Oligodendrocyte"
"ZNF337","ZNF337-202",1.40303411699767,1,0.236216220482712,0.92571897266236,"Oligodendrocyte"
"ZNF33A","ZNF33A-203",0.710339816901296,1,0.399331024003985,0.963523459787408,"Oligodendrocyte"
"ZNF33A","ZNF33A-204",0.222465612009273,1,0.63716763359064,1,"Oligodendrocyte"
"ZNF33A","ZNF33A-202",3.2213869703283,1,0.0726820219044127,0.849079714118972,"Oligodendrocyte"
"ZNF345","ZNF345-202",0.000104084092299672,1,0.991859994332741,1,"Oligodendrocyte"
"ZNF345","ZNF345-214",0.000104084092299672,1,0.991859994332741,1,"Oligodendrocyte"
"ZNF347","ZNF347-201",1.23023629920516,1,0.267361088426965,0.92571897266236,"Oligodendrocyte"
"ZNF347","ZNF347-202",1.23023629920516,1,0.267361088426965,0.92571897266236,"Oligodendrocyte"
"ZNF365","transcript114144.chr10.nic",0.22756005285521,1,0.633338944076772,1,"Oligodendrocyte"
"ZNF365","ZNF365-201",0.22756005285521,1,0.633338944076772,1,"Oligodendrocyte"
"ZNF37A","ZNF37A-207",3.46034788860061,1,0.0628570887653146,0.836623393063797,"Oligodendrocyte"
"ZNF37A","ZNF37A-201",6.2907309902921,1,0.0121370984837395,0.648906180608174,"Oligodendrocyte"
"ZNF37A","ZNF37A-202",1.8670137969516,1,0.171817485257872,0.912531263304659,"Oligodendrocyte"
"ZNF397","ZNF397-209",2.44539210007429,1,0.117870428633078,0.863633867107215,"Oligodendrocyte"
"ZNF397","ZNF397-202",2.44539210007429,1,0.117870428633078,0.863633867107215,"Oligodendrocyte"
"ZNF415","ZNF415-202",3.45401728634016,1,0.0630982328467456,0.836623393063797,"Oligodendrocyte"
"ZNF415","ZNF415-224",11.9260121113467,1,0.00055355545202682,0.149301813346662,"Oligodendrocyte"
"ZNF415","ZNF415-220",4.72869236272339,1,0.0296634293442262,0.798421510541965,"Oligodendrocyte"
"ZNF426","ZNF426-204",0.876857088545876,1,0.349063944848003,0.9518465083715,"Oligodendrocyte"
"ZNF426","ZNF426-201",0.876857088545876,1,0.349063944848003,0.9518465083715,"Oligodendrocyte"
"ZNF43","ZNF43-202",0.132451050264081,1,0.715904120578777,1,"Oligodendrocyte"
"ZNF43","ZNF43-201",0.132451050264081,1,0.715904120578777,1,"Oligodendrocyte"
"ZNF44","ZNF44-202",0.969425536016843,1,0.324823490342199,0.94318886854311,"Oligodendrocyte"
"ZNF44","ZNF44-209",0.969425536016843,1,0.324823490342199,0.94318886854311,"Oligodendrocyte"
"ZNF451","ZNF451-207",-0.799114008521428,1,1,1,"Oligodendrocyte"
"ZNF451","ZNF451-204",1.42421969907446,1,0.232710108091472,0.922533219692286,"Oligodendrocyte"
"ZNF451","ZNF451-203",0.118751098874782,1,0.730392990564082,1,"Oligodendrocyte"
"ZNF451","ZNF451-201",0.0515343953084084,1,0.820414501590232,1,"Oligodendrocyte"
"ZNF471","transcript148106.chr19.nic",0.258902989227522,1,0.61087481940627,1,"Oligodendrocyte"
"ZNF471","ZNF471-201",0.258902989227522,1,0.61087481940627,1,"Oligodendrocyte"
"ZNF480","ZNF480-205",0.429822144478521,1,0.512076232134484,0.987123735128959,"Oligodendrocyte"
"ZNF480","ZNF480-203",0.429822144478521,1,0.512076232134484,0.987123735128959,"Oligodendrocyte"
"ZNF484","ZNF484-201",0.0269889463352229,1,0.869508262687776,1,"Oligodendrocyte"
"ZNF484","ZNF484-202",0.0269889463352229,1,0.869508262687776,1,"Oligodendrocyte"
"ZNF493","ZNF493-203",2.8902819743513,1,0.0891153273338829,0.849079714118972,"Oligodendrocyte"
"ZNF493","ZNF493-208",2.8902819743513,1,0.0891153273338829,0.849079714118972,"Oligodendrocyte"
"ZNF502","ZNF502-203",3.0935216743423,1,0.0786045181646359,0.849079714118972,"Oligodendrocyte"
"ZNF502","ZNF502-204",3.0935216743423,1,0.0786045181646359,0.849079714118972,"Oligodendrocyte"
"ZNF506","ZNF506-203",0.0653752637111324,1,0.798193407303969,1,"Oligodendrocyte"
"ZNF506","ZNF506-208",0.0653752637111324,1,0.798193407303969,1,"Oligodendrocyte"
"ZNF507","ZNF507-205",0.148111321973374,1,0.700346819945471,1,"Oligodendrocyte"
"ZNF507","ZNF507-201",0.0239987417762677,1,0.876888112976278,1,"Oligodendrocyte"
"ZNF507","ZNF507-202",0.0341661278580432,1,0.853353891621916,1,"Oligodendrocyte"
"ZNF512","ZNF512-201",0.727919911522577,1,0.393558258134444,0.963523459787408,"Oligodendrocyte"
"ZNF512","ZNF512-208",0.727919911522577,1,0.393558258134444,0.963523459787408,"Oligodendrocyte"
"ZNF514","ZNF514-201",4.17231726662089,1,0.0410895652383527,0.836623393063797,"Oligodendrocyte"
"ZNF514","ZNF514-205",4.17231726662089,1,0.0410895652383527,0.836623393063797,"Oligodendrocyte"
"ZNF518A","ZNF518A-205",0.379084637456231,1,0.538093530412881,0.99210169654318,"Oligodendrocyte"
"ZNF518A","transcript172656.chr10.nnic",0.379084637456231,1,0.538093530412881,0.99210169654318,"Oligodendrocyte"
"ZNF532","ZNF532-224",2.83418747956179,1,0.0922774644952368,0.849079714118972,"Oligodendrocyte"
"ZNF532","ZNF532-220",2.83418747956179,1,0.0922774644952368,0.849079714118972,"Oligodendrocyte"
"ZNF536","ZNF536-206",0.230282647788044,1,0.63131432858877,1,"Oligodendrocyte"
"ZNF536","ZNF536-208",-0.00139023048359377,1,1,1,"Oligodendrocyte"
"ZNF536","ZNF536-209",0.424698092610015,1,0.514602047934726,0.987123735128959,"Oligodendrocyte"
"ZNF536","ZNF536-201",-0.0272209649210708,1,1,1,"Oligodendrocyte"
"ZNF555","ZNF555-201",0.372349099512576,1,0.541726583836171,0.99210169654318,"Oligodendrocyte"
"ZNF555","ZNF555-203",0.372349099512576,1,0.541726583836171,0.99210169654318,"Oligodendrocyte"
"ZNF557","ZNF557-202",1.00460398050063,1,0.316199037960635,0.94318886854311,"Oligodendrocyte"
"ZNF557","ZNF557-201",1.00460398050063,1,0.316199037960635,0.94318886854311,"Oligodendrocyte"
"ZNF566","transcript99255.chr19.nic",0.194221641089712,1,0.659425965146427,1,"Oligodendrocyte"
"ZNF566","ZNF566-209",0.194221641089712,1,0.659425965146427,1,"Oligodendrocyte"
"ZNF567","ZNF567-208",0.505097642759324,1,0.477268784887265,0.984823562153096,"Oligodendrocyte"
"ZNF567","ZNF567-201",0.505097642759324,1,0.477268784887265,0.984823562153096,"Oligodendrocyte"
"ZNF606","ZNF606-204",0.432481104343424,1,0.510774012781485,0.987123735128959,"Oligodendrocyte"
"ZNF606","ZNF606-207",0.664826561799146,1,0.414861138985806,0.969546754007607,"Oligodendrocyte"
"ZNF606","ZNF606-201",-0.0303426860436957,1,1,1,"Oligodendrocyte"
"ZNF608","ZNF608-209",0.18275862229757,1,0.669013164638864,1,"Oligodendrocyte"
"ZNF608","ZNF608-205",0.18275862229757,1,0.669013164638864,1,"Oligodendrocyte"
"ZNF621","ZNF621-204",0.00308681329170213,1,0.955693049778907,1,"Oligodendrocyte"
"ZNF621","ZNF621-202",0.00308681329170213,1,0.955693049778907,1,"Oligodendrocyte"
"ZNF623","ZNF623-203",0.72552755027391,1,0.394336736136588,0.963523459787408,"Oligodendrocyte"
"ZNF623","ZNF623-202",0.72552755027391,1,0.394336736136588,0.963523459787408,"Oligodendrocyte"
"ZNF638","ZNF638-204",1.63590337097412,1,0.200888469854161,0.917730617517697,"Oligodendrocyte"
"ZNF638","ZNF638-219",1.70115890091256,1,0.192136487870023,0.917730617517697,"Oligodendrocyte"
"ZNF638","ZNF638-201",0.158849094477773,1,0.690218345165958,1,"Oligodendrocyte"
"ZNF638","ZNF638-203",1.31259540504834,1,0.251925280296741,0.92571897266236,"Oligodendrocyte"
"ZNF644","ZNF644-201",0.696434417194723,1,0.403984381649006,0.964569258312113,"Oligodendrocyte"
"ZNF644","ZNF644-204",0.696434417194723,1,0.403984381649006,0.964569258312113,"Oligodendrocyte"
"ZNF655","ZNF655-224",0.623909996409083,1,0.429598007094204,0.979921111974417,"Oligodendrocyte"
"ZNF655","ZNF655-201",0.623909996409083,1,0.429598007094204,0.979921111974417,"Oligodendrocyte"
"ZNF664","ZNF664-202",1.43764031762009,1,0.230521570317581,0.922533219692286,"Oligodendrocyte"
"ZNF664","ZNF664-204",1.43764031762009,1,0.230521570317581,0.922533219692286,"Oligodendrocyte"
"ZNF682","ZNF682-212",0.392719271493434,1,0.53087348944527,0.991241525829912,"Oligodendrocyte"
"ZNF682","ZNF682-203",0.392719271493434,1,0.53087348944527,0.991241525829912,"Oligodendrocyte"
"ZNF706","ZNF706-209",0.0575376655826858,1,0.81043095982529,1,"Oligodendrocyte"
"ZNF706","ZNF706-201",0.0575376655826858,1,0.81043095982529,1,"Oligodendrocyte"
"ZNF708","ZNF708-201",0.231249086113166,1,0.630599192769124,1,"Oligodendrocyte"
"ZNF708","ZNF708-202",0.231249086113166,1,0.630599192769124,1,"Oligodendrocyte"
"ZNF71","ZNF71-203",5.61587221094692,1,0.0177985205101305,0.665417954913394,"Oligodendrocyte"
"ZNF71","ZNF71-201",5.61587221094692,1,0.0177985205101305,0.665417954913394,"Oligodendrocyte"
"ZNF786","ZNF786-201",0.100443513465564,1,0.751298048361507,1,"Oligodendrocyte"
"ZNF786","ZNF786-202",0.100443513465564,1,0.751298048361507,1,"Oligodendrocyte"
"ZNF790","ZNF790-206",1.66123789289168,1,0.197436268911857,0.917730617517697,"Oligodendrocyte"
"ZNF790","ZNF790-201",1.66123789289168,1,0.197436268911857,0.917730617517697,"Oligodendrocyte"
"ZNF800","ZNF800-203",0.0119124762659339,1,0.913088045533715,1,"Oligodendrocyte"
"ZNF800","ZNF800-201",0.0119124762659339,1,0.913088045533715,1,"Oligodendrocyte"
"ZNF808","ZNF808-201",2.25233513368244,1,0.133412945178098,0.888478449722219,"Oligodendrocyte"
"ZNF808","ZNF808-206",2.25233513368244,1,0.133412945178098,0.888478449722219,"Oligodendrocyte"
"ZNF84","ZNF84-208",0.100573821300287,1,0.751142109743377,1,"Oligodendrocyte"
"ZNF84","ZNF84-202",0.100573821300287,1,0.751142109743377,1,"Oligodendrocyte"
"ZNF91","ZNF91-201",0.0826117056622024,1,0.773788818982379,1,"Oligodendrocyte"
"ZNF91","ZNF91-202",0.0826117056622024,1,0.773788818982379,1,"Oligodendrocyte"
"ZNF92","ZNF92-204",0.0431412088007619,1,0.835459610805303,1,"Oligodendrocyte"
"ZNF92","ZNF92-203",0.0822055730591273,1,0.774330441970128,1,"Oligodendrocyte"
"ZNF92","ZNF92-201",0.0473028970409359,1,0.827824713403229,1,"Oligodendrocyte"
"ZRANB2","ZRANB2-204",0.970395005421778,1,0.324581685450739,0.94318886854311,"Oligodendrocyte"
"ZRANB2","ZRANB2-201",5.13735594868126,1,0.0234162854683447,0.768172874968861,"Oligodendrocyte"
"ZRANB2","ZRANB2-202",0.837466045958081,1,0.360122489979725,0.961019149398412,"Oligodendrocyte"
"ZSCAN12","ZSCAN12-202",2.14446557588076,1,0.143084854471069,0.888677046009816,"Oligodendrocyte"
"ZSCAN12","ZSCAN12-203",2.14446557588076,1,0.143084854471069,0.888677046009816,"Oligodendrocyte"
"ZSCAN18","ZSCAN18-209",1.54152981958032,1,0.214390238162453,0.917730617517697,"Oligodendrocyte"
"ZSCAN18","ZSCAN18-217",1.08926109086747,1,0.296634985227246,0.935750797174669,"Oligodendrocyte"
"ZSCAN18","ZSCAN18-201",0.0244497289561423,1,0.875746040201838,1,"Oligodendrocyte"
"ZZEF1","ZZEF1-201",0.0235325098184376,1,0.878080403643496,1,"Oligodendrocyte"
"ZZEF1","ZZEF1-210",0.0235325098184376,1,0.878080403643496,1,"Oligodendrocyte"
