isoform_id	gene	type	primary_module	module_score	max_score
LRRCC1-203	LRRCC1	known	44	0.2353994250297546	0.32835668
KCTD20-210	KCTD20	known	42	0.1966346055269241	0.33794644
ENST00000622735	ENSG00000283886	known	17	0.6050628423690796	0.65600824
SDC3-201	SDC3	known	35	0.2637874782085418	0.4403411
GRSF1-204	GRSF1	known	8	0.330165833234787	0.5329573
TLR2-203	TLR2	known	23	0.4765011668205261	0.62225664
CCND1-201	CCND1	known	4	0.2533966898918152	0.502396
RABGAP1L-201	RABGAP1L	known	42	0.4829800128936767	0.6327219
CNOT4-202	CNOT4	known	4	0.3909832835197449	0.5777275
transcript32233.chr5.nnic	DROSHA	nnic	8	0.300694853067398	0.36802262
LARS1-218	LARS1	known	6	0.5026262998580933	0.6254843
MFSD8-236	MFSD8	known	11	0.3068185150623321	0.5053741
ENST00000326391	ENSG00000290872	known	8	0.3143749833106994	0.43633264
SLC2A3-203	SLC2A3	known	11	0.3811136186122894	0.61319816
MYO18A-203	MYO18A	known	27	0.372984766960144	0.4618731
CYP2U1-201	CYP2U1	known	16	0.4131701588630676	0.61919755
SLC38A7-202	SLC38A7	known	11	0.3626953959465027	0.5665187
SUGP2-202	SUGP2	known	2	0.2131104916334152	0.34401366
ABCG1-203	ABCG1	known	11	0.3291139900684356	0.5695505
transcript147555.chrX.nic	ZDHHC9	nic	5	0.2789364755153656	0.3753406
ATP8A2-206	ATP8A2	known	11	0.3635134398937225	0.5792638
SNX14-220	SNX14	known	22	0.2160070240497589	0.3577791
RAD51C-222	RAD51C	known	1	0.4058231711387634	0.60345274
CHD5-201	CHD5	known	2	0.3782631158828735	0.6534861
CEP112-225	CEP112	known	44	0.2372747957706451	0.41032672
KANK1-241	KANK1	known	41	0.4259127080440521	0.5438684
SLC46A1-207	SLC46A1	known	11	0.4093966484069824	0.6228875
LIMK2-209	LIMK2	known	4	0.262356549501419	0.45589146
transcript103449.chr14.nnic	EFCAB11	nnic	44	0.2480740845203399	0.44157586
transcript115051.chr14.nnic	WDR25	nnic	9	0.1977803260087967	0.33288455
DNAJC7-232	DNAJC7	known	5	0.2922632694244385	0.33126554
CRLS1-203	CRLS1	known	17	0.3437808156013489	0.47898316
SHPRH-209	SHPRH	known	42	0.1930283606052398	0.3069915
PCDHA7-202	PCDHA7	known	35	0.277392566204071	0.706924
DOC2A-206	DOC2A	known	13	0.3749035894870758	0.5355756
transcript59012.chr6.nic	MEA1	nic	29	0.2279498130083084	0.3241656
CNPY2-201	CNPY2	known	25	0.2731839418411255	0.35886478
TAFAZZIN-224	TAFAZZIN	known	15	0.3140204846858978	0.42698207
R3HDM2-204	R3HDM2	known	33	0.1886551529169082	0.30845672
STRAP-202	STRAP	known	8	0.387954443693161	0.4667031
transcript67358.chr11.nic	RAB3IL1	nic	43	0.2146047949790954	0.3134529
DMPK-220	DMPK	known	12	0.2993482053279876	0.46844846
PDLIM3-213	PDLIM3	known	13	0.2528900504112243	0.33096942
ZNF772-204	ZNF772	known	2	0.1845087558031082	0.6048914
transcript238402.chr1.nnic	CHRNB2	nnic	13	0.4484144151210785	0.614023
HSP90B1-227	HSP90B1	known	6	0.3170190155506134	0.39133853
ZNF608-209	ZNF608	known	2	0.3123707473278045	0.50711024
ANOS1-201	ANOS1	known	38	0.2514638006687164	0.3572742
FN1-207	FN1	known	40	0.506229043006897	0.67409265
FLRT2-201	FLRT2	known	36	0.2751795649528503	0.40890655
KLHL8-201	KLHL8	known	29	0.2859778106212616	0.6084242
RAD51D-202	RAD51D	known	1	0.4118421971797943	0.60699165
UBL7-209	UBL7	known	18	0.2598623931407928	0.40199485
MTCH1-238	MTCH1	known	11	0.2671844065189361	0.41621637
DRAM1-201	DRAM1	known	17	0.2377177029848098	0.3184372
CCNG1-201	CCNG1	known	4	0.3126972317695617	0.48226032
ARG2-201	ARG2	known	9	0.2753281593322754	0.39324453
PDGFRL-203	PDGFRL	known	38	0.2637368440628052	0.3773957
transcript99327.chr5.nnic	MAP1B	nnic	44	0.2741955816745758	0.51290137
transcript10886.chr17.nic	KIF1C	nic	43	0.3908174037933349	0.5360177
MAD1L1-201	MAD1L1	known	4	0.4646583795547485	0.63076466
LUC7L3-214	LUC7L3	known	8	0.5590382218360901	0.67097473
STAU1-207	STAU1	known	23	0.1801909506320953	0.35611826
KLHL3-201	KLHL3	known	29	0.3185158371925354	0.5890963
TRAPPC12-220	TRAPPC12	known	41	0.3146386742591858	0.41087478
ACTR10-211	ACTR10	known	3	0.2965253889560699	0.33447403
ERLEC1-216	ERLEC1	known	18	0.4199811518192291	0.51913023
ACADS-201	ACADS	known	16	0.4346587657928467	0.5770074
ABR-205	ABR	known	42	0.4769276976585388	0.70812577
EIF6-201	EIF6	known	7	0.4218933284282684	0.49909267
CORO2A-201	CORO2A	known	41	0.2378668785095214	0.33220688
CIRBP-201	CIRBP	known	8	0.4651713371276855	0.50171435
CRHR1-218	CRHR1	known	14	0.5139424800872803	0.77202857
KIDINS220-217	KIDINS220	known	31	0.3660816550254822	0.50094444
HDX-202	HDX	known	2	0.1934090852737426	0.4721753
AP4S1-202	AP4S1	known	43	0.4092799425125122	0.5826652
CC2D1A-215	CC2D1A	known	43	0.2775700688362121	0.4249774
MYLK-203	MYLK	known	36	0.3079722225666046	0.5994231
transcript136954.chr17.nic	CBX8	nic	2	0.2795875668525696	0.37664238
CNOT4-205	CNOT4	known	4	0.3620153069496155	0.5311316
SP140L-208	SP140L	known	2	0.3178441524505615	0.4860173
MOGS-220	MOGS	known	20	0.3196624517440796	0.38288045
EPB41L3-236	EPB41L3	known	43	0.2432474046945572	0.32309723
ARL6IP4-201	ARL6IP4	known	8	0.256249725818634	0.30464134
CRELD1-245	CRELD1	known	30	0.2264202535152435	0.38763577
IDH3B-202	IDH3B	known	15	0.3040099740028381	0.45778003
POLR3E-202	POLR3E	known	2	0.2256238758563995	0.40069693
GBAP1-234	GBAP1	known	25	0.4144721031188965	0.42201996
UNC119-202	UNC119	known	31	0.2608312368392944	0.35502878
REPIN1-201	REPIN1	known	2	0.1447484791278839	0.50364774
VGLL4-214	VGLL4	known	34	0.1506393253803253	0.31811905
MAP1LC3A-204	MAP1LC3A	known	29	0.2982897162437439	0.4144675
RYR3-229	RYR3	known	12	0.4134582579135895	0.69932216
PRKAR1A-211	PRKAR1A	known	15	0.2586287558078766	0.34296077
CPNE1-202	CPNE1	known	25	0.3720698058605194	0.38917664
LZTFL1-217	LZTFL1	known	44	0.2930156290531158	0.40490183
transcript7414.chrY.nic	NLGN4Y	nic	38	0.2278957217931747	0.373627
DDX56-203	DDX56	known	9	0.260578840970993	0.40015537
COG1-202	COG1	known	43	0.2152460217475891	0.32238945
KLHL29-201	KLHL29	known	29	0.1884765475988388	0.349922
MTMR2-254	MTMR2	known	32	0.3007312417030334	0.66600883
MEX3C-203	MEX3C	known	6	0.4094824492931366	0.4672243
METTL17-216	METTL17	known	9	0.2965337932109833	0.41228288
PCED1A-202	PCED1A	known	20	0.2819580733776092	0.31975192
P4HA2-201	P4HA2	known	16	0.2748735547065735	0.46212402
GTPBP3-202	GTPBP3	known	9	0.3880073130130768	0.4440425
ZNF410-211	ZNF410	known	2	0.2197026014328003	0.54885155
ALOX5-201	ALOX5	known	17	0.2842729091644287	0.3208647
PCGF5-201	PCGF5	known	29	0.4056954979896545	0.5807412
SGIP1-234	SGIP1	known	28	0.2781897485256195	0.4149142
ILF3-201	ILF3	known	8	0.2477267235517501	0.3193866
RBPJ-244	RBPJ	known	37	0.4251754879951477	0.55980825
SARM1-208	SARM1	known	29	0.1943823397159576	0.31031087
MAP4K4-203	MAP4K4	known	31	0.5924705862998962	0.7498961
LCOR-225	LCOR	known	2	0.2104304134845733	0.5017276
SRSF7-209	SRSF7	known	8	0.668717622756958	0.73409075
ZNF334-201	ZNF334	known	2	0.1784289926290512	0.5635049
FAM120AOS-201	FAM120AOS	known	41	0.1807657182216644	0.30135095
TRPV6-205	TRPV6	known	12	0.4001891613006592	0.6360337
FCSK-201	FCSK	known	15	0.2318969666957855	0.37637618
CENPK-202	CENPK	known	3	0.2813704907894134	0.37344676
SSBP4-202	SSBP4	known	2	0.1735884547233581	0.3286793
MAPK10-204	MAPK10	known	31	0.3813371658325195	0.69555724
SAP30BP-204	SAP30BP	known	8	0.2164255380630493	0.31412
NDUFS2-215	NDUFS2	known	16	0.2775793373584747	0.40644485
PRKAR2A-210	PRKAR2A	known	12	0.2795522212982178	0.3419528
EPPK1-202	EPPK1	known	40	0.2425036132335662	0.32139677
SLC6A15-229	SLC6A15	known	11	0.4980131387710571	0.79488975
CARD8-201	CARD8	known	23	0.2272184789180755	0.34535646
MCTS2-201	MCTS2	known	9	0.2798443734645843	0.36038217
MAPK10-277	MAPK10	known	31	0.3238226771354675	0.5794594
HDAC8-234	HDAC8	known	1	0.3108681738376617	0.47696376
CSPP1-210	CSPP1	known	44	0.2058796137571334	0.31925076
DAP3-214	DAP3	known	6	0.3869408667087555	0.40969104
ZNF385A-201	ZNF385A	known	4	0.3580089509487152	0.5402627
MICAL2-208	MICAL2	known	39	0.3372581601142883	0.48602685
MAPK1-202	MAPK1	known	31	0.4876184165477752	0.746292
ZNF662-201	ZNF662	known	2	0.1728231459856033	0.55500096
NSD2-209	NSD2	known	2	0.3649066984653473	0.62093073
IL1B-201	IL1B	known	23	0.4974275231361389	0.62062114
DENND5A-205	DENND5A	known	44	0.2631655037403106	0.43226606
EPHA7-209	EPHA7	known	36	0.4096167683601379	0.5635621
NCL-220	NCL	known	8	0.4251033961772918	0.5703721
ZNF93-201	ZNF93	known	2	0.188222661614418	0.5753872
SP2-201	SP2	known	2	0.2584494054317474	0.50630194
METTL9-201	METTL9	known	9	0.2716751098632812	0.32515007
ZNF532-223	ZNF532	known	2	0.2755090296268463	0.4718136
PNKP-203	PNKP	known	9	0.3490952551364898	0.51037216
EIF4G3-218	EIF4G3	known	6	0.3969041407108307	0.52973336
WEE1-202	WEE1	known	4	0.4381802976131439	0.6115639
transcript99256.chr19.nnic	ZNF566	nnic	2	0.170394092798233	0.5485505
TRADD-201	TRADD	known	30	0.3823232650756836	0.51126325
PRMT7-235	PRMT7	known	9	0.3761050999164581	0.42454553
ZNF41-201	ZNF41	known	2	0.1649096757173538	0.5685633
STAT3-218	STAT3	known	29	0.2592125833034515	0.40599027
NEK7-202	NEK7	known	4	0.3327851593494415	0.7857996
TRDMT1-203	TRDMT1	known	9	0.5574967265129089	0.617237
MFSD3-201	MFSD3	known	11	0.31150883436203	0.49444428
FAS-221	FAS	known	30	0.4705860316753387	0.5965871
SCN8A-219	SCN8A	known	11	0.3227662146091461	0.58500886
FLNA-201	FLNA	known	41	0.3627912402153015	0.5044429
ATP7A-218	ATP7A	known	11	0.3042899668216705	0.5220511
RAP1GDS1-203	RAP1GDS1	known	42	0.220416635274887	0.40237284
ZWINT-209	ZWINT	known	44	0.4382001459598541	0.5453889
MMAA-203	MMAA	known	6	0.2872771322727203	0.32133812
BCR-215	BCR	known	36	0.2787421643733978	0.3512622
NPEPPSP1-205	NPEPPSP1	known	25	0.2687524855136871	0.31191486
TRMT61B-203	TRMT61B	known	9	0.3533722162246704	0.44359452
PFKFB3-203	PFKFB3	known	15	0.2869558036327362	0.57581854
VAPA-201	VAPA	known	25	0.4690553247928619	0.48075706
DYNC1I2-223	DYNC1I2	known	7	0.2848700881004333	0.4542213
PRDM2-204	PRDM2	known	2	0.321340948343277	0.5297225
SLC12A9-209	SLC12A9	known	11	0.4812670052051544	0.7380099
RAB3GAP1-221	RAB3GAP1	known	9	0.2899075448513031	0.34267062
FANCL-226	FANCL	known	1	0.2473905384540558	0.37051836
AK3-204	AK3	known	15	0.4400390088558197	0.70375574
GRIN2A-203	GRIN2A	known	11	0.3961467146873474	0.6924186
CLUAP1-202	CLUAP1	known	44	0.41794553399086	0.524731
transcript85509.chr5.nnic	ZSWIM6	nnic	2	0.1906074285507202	0.36625546
PCGF6-202	PCGF6	known	29	0.2848384976387024	0.460236
CLK3-201	CLK3	known	8	0.2946677803993225	0.41131124
GPBP1-202	GPBP1	known	44	0.2458308339118957	0.3315991
MSH6-222	MSH6	known	3	0.2866709530353546	0.32877582
CSNK2A1-217	CSNK2A1	known	2	0.3252079784870147	0.63635236
BICDL1-209	BICDL1	known	43	0.258254736661911	0.31097934
HSPA9-221	HSPA9	known	25	0.4556674361228943	0.49203047
PROC-201	PROC	known	19	0.4980782568454742	0.66909105
EIF4G1-204	EIF4G1	known	10	0.4411676824092865	0.5834157
KIF26B-202	KIF26B	known	44	0.2426688969135284	0.3432341
TYK2-220	TYK2	known	24	0.3196223676204681	0.523072
NAPG-207	NAPG	known	5	0.2859135270118713	0.4923579
CACNB1-202	CACNB1	known	12	0.3878542482852936	0.6636239
PRMT5-202	PRMT5	known	8	0.4516594111919403	0.56196004
PSD3-201	PSD3	known	42	0.302163302898407	0.41381994
CDH9-201	CDH9	known	35	0.6065316200256348	0.7656925
TBC1D20-206	TBC1D20	known	42	0.3011198043823242	0.47774735
DGKG-202	DGKG	known	39	0.6899831891059875	0.74769
ZNF654-201	ZNF654	known	29	0.2441257238388061	0.3666654
HNRNPA2B1-247	HNRNPA2B1	known	8	0.3816665709018707	0.4304603
ZEB2-218	ZEB2	known	3	0.2091101855039596	0.3035641
PCBP2-215	PCBP2	known	8	0.4106046259403229	0.5203758
NCAPD3-214	NCAPD3	known	1	0.2578511238098144	0.34672803
PSMD6-208	PSMD6	known	1	0.2093689292669296	0.39494357
MAN2B1-206	MAN2B1	known	25	0.3309251070022583	0.38062838
ST8SIA1-201	ST8SIA1	known	20	0.6162071228027344	0.700578
SCN1A-203	SCN1A	known	11	0.4256380498409271	0.832701
SP7-202	SP7	known	37	0.2786372005939483	0.5079877
ANKRD28-202	ANKRD28	known	43	0.3662857413291931	0.5497712
HCST-201	HCST	known	24	0.1565625071525573	0.3558984
CHD3-220	CHD3	known	2	0.3923479318618774	0.65867966
MTX3-202	MTX3	known	16	0.1924917250871658	0.31123927
MRPS25-224	MRPS25	known	6	0.3048523664474487	0.34837872
transcript239600.chr1.nnic	DAP3	nnic	6	0.2103129178285598	0.4154117
IFT52-201	IFT52	known	44	0.3078915774822235	0.45208955
GLRA3-202	GLRA3	known	11	0.3761986792087555	0.7191633
ZNF207-206	ZNF207	known	2	0.2538544535636902	0.35061237
DDX39B-215	DDX39B	known	10	0.343469887971878	0.5180439
transcript163685.chr12.nic	SDSL	nic	16	0.3420595526695251	0.5264881
CNTNAP4-202	CNTNAP4	known	13	0.225346565246582	0.36982837
DYNC1H1-228	DYNC1H1	known	44	0.4602034986019134	0.5508755
SERAC1-210	SERAC1	known	17	0.2919259071350097	0.42044598
MCCC2-236	MCCC2	known	15	0.440437763929367	0.58423615
FBXO31-208	FBXO31	known	29	0.3142892718315124	0.4351594
PLXNA4-201	PLXNA4	known	36	0.6471661329269409	0.77783763
MYCBP2-211	MYCBP2	known	36	0.2837423384189605	0.37513357
transcript295030.chr3.nnic	B3GNT5	nnic	20	0.6806838512420654	0.7521582
B4GALT7-203	B4GALT7	known	20	0.6057841181755066	0.6553578
ZNF229-205	ZNF229	known	2	0.1510041058063507	0.56100327
PMS2-206	PMS2	known	9	0.2364174127578735	0.35064396
BRAF-215	BRAF	known	31	0.460159569978714	0.70636445
SPECC1-227	SPECC1	known	44	0.2565426528453827	0.40144363
MYO7A-204	MYO7A	known	42	0.4252074658870697	0.51136005
EIF4G3-205	EIF4G3	known	6	0.3994911015033722	0.5362766
ENST00000687639	ENSG00000291142	known	44	0.247518315911293	0.30419585
LMNA-240	LMNA	known	28	0.2524687647819519	0.31504112
NTRK2-258	NTRK2	known	36	0.430009514093399	0.6307074
LIG1-228	LIG1	known	1	0.4714239537715912	0.7100075
transcript141280.chr8.nnic	RBM12B	nnic	8	0.2995993494987488	0.3407208
transcript192727.chr8.nnic	TSNARE1	nnic	2	0.1698824167251587	0.49033847
transcript70801.chr3.nnic	LIMD1	nnic	41	0.1703151315450668	0.30914572
ERAP2-208	ERAP2	known	19	0.3351682722568512	0.42863455
PSRC1-207	PSRC1	known	44	0.2670594453811645	0.40860644
transcript212774.chr10.nnic	FANK1	nnic	29	0.2193089723587036	0.30700082
DXO-203	DXO	known	10	0.2879138588905334	0.38699463
MRTO4-201	MRTO4	known	10	0.4307642877101898	0.5549792
KLC1-225	KLC1	known	43	0.3108102083206177	0.42708033
CNOT4-201	CNOT4	known	4	0.366854727268219	0.5374603
transcript71492.chr4.nnic	PCDH7	nnic	35	0.4247255325317383	0.6154273
SLC2A11-202	SLC2A11	known	11	0.3163456320762634	0.55692756
SPAG16-201	SPAG16	known	44	0.2623288631439209	0.36771527
IFIT1-201	IFIT1	known	23	0.3291312754154205	0.48157772
NAP1L4-222	NAP1L4	known	6	0.2580303251743316	0.32310915
SOX12-201	SOX12	known	2	0.2952128946781158	0.431985
CRLS1-201	CRLS1	known	17	0.4599571824073791	0.6448507
VPS54-201	VPS54	known	43	0.3031928539276123	0.5013375
VASP-201	VASP	known	41	0.569659411907196	0.6887708
CRYL1-205	CRYL1	known	16	0.3034050464630127	0.4730692
USP38-207	USP38	known	29	0.2753923535346985	0.4173588
GDAP1-243	GDAP1	known	16	0.2262763530015945	0.36300537
transcript219253.chr3.nnic	ENSG00000251448	nnic	2	0.2232162654399871	0.5070759
MAT2A-205	MAT2A	known	8	0.2748877108097076	0.3277563
RAPGEF5-202	RAPGEF5	known	42	0.4374857544898987	0.5631504
GLUD2-201	GLUD2	known	15	0.3241262137889862	0.48855263
CHP1-201	CHP1	known	27	0.3971829414367676	0.46455115
transcript371646.chr2.nic	CPS1	nic	16	0.4153774380683899	0.57373685
FERMT2-201	FERMT2	known	35	0.3038040101528168	0.48244858
TSEN2-219	TSEN2	known	9	0.2850992977619171	0.35417357
transcript3840.chr1.nnic	LINC01786	nnic	2	0.1628845334053039	0.31247157
BCAT1-201	BCAT1	known	16	0.3774446845054626	0.5155653
THAP7-202	THAP7	known	2	0.1780131608247757	0.349234
MIS12-202	MIS12	known	44	0.3042382597923279	0.41184464
PPHLN1-207	PPHLN1	known	8	0.3418296873569488	0.36568087
OSBPL9-215	OSBPL9	known	16	0.3369866907596588	0.58693105
RGL2-243	RGL2	known	42	0.3078250288963318	0.5268927
DCAKD-203	DCAKD	known	15	0.4402985870838165	0.6090923
DEK-211	DEK	known	2	0.3229406774044037	0.492397
PSMD13-212	PSMD13	known	25	0.5431060194969177	0.5929481
TMEM41B-202	TMEM41B	known	18	0.2801853120326996	0.36106184
HPS4-204	HPS4	known	27	0.4293562173843384	0.5137149
PDZD7-201	PDZD7	known	13	0.2174460440874099	0.35978
DDX20-209	DDX20	known	1	0.3442282378673553	0.48121387
SPG7-274	SPG7	known	19	0.3341266810894012	0.42469472
ADAM9-203	ADAM9	known	38	0.2339999973773956	0.40259203
LUC7L3-213	LUC7L3	known	8	0.3687865436077118	0.47600985
MAPKAP1-206	MAPKAP1	known	42	0.3179895281791687	0.42246285
TCP11L1-201	TCP11L1	known	43	0.2537598609924316	0.3237719
GRIK2-237	GRIK2	known	11	0.2839430570602417	0.45089155
SRSF6-201	SRSF6	known	8	0.7987580895423889	0.85521287
RNF168-201	RNF168	known	1	0.3473633527755737	0.5024292
BROX-208	BROX	known	43	0.2767079174518585	0.4461829
ASIC3-203	ASIC3	known	11	0.3754925429821014	0.71842885
PPP1R1C-213	PPP1R1C	known	44	0.1843220591545105	0.3077748
transcript361087.chr2.nnic	BMPR2	nnic	34	0.2548734843730926	0.35916653
DUSP11-202	DUSP11	known	9	0.2010628581047058	0.5171964
PDLIM5-204	PDLIM5	known	36	0.2694671750068664	0.42256206
transcript37441.chr1.nnic	ARHGEF10L	nnic	42	0.4252682626247406	0.6983403
NFKBIA-210	NFKBIA	known	24	0.2947327494621277	0.40645188
ETFA-233	ETFA	known	15	0.4193712174892425	0.54530066
CHEK1-211	CHEK1	known	4	0.4341763257980346	0.55629194
AGK-217	AGK	known	17	0.4096259772777557	0.5764114
OSTM1-201	OSTM1	known	17	0.2169364839792251	0.3214601
NPRL2-212	NPRL2	known	22	0.3332805633544922	0.49640426
TRMT6-203	TRMT6	known	9	0.3654762506484985	0.56675327
GAS6-205	GAS6	known	13	0.4450222551822662	0.5149559
MGA-213	MGA	known	2	0.3576568961143493	0.468283
BCORL1-202	BCORL1	known	2	0.2833521366119385	0.43363428
SYT11-201	SYT11	known	13	0.3975907564163208	0.63163584
LCMT1-204	LCMT1	known	9	0.30816850066185	0.3707313
SNX5-202	SNX5	known	22	0.2603384554386139	0.3876219
ABCC8-202	ABCC8	known	11	0.4214203059673309	0.6175435
FBXW9-201	FBXW9	known	29	0.2465623170137405	0.4306972
DCLRE1C-227	DCLRE1C	known	1	0.3933843970298767	0.6483911
TPD52L1-213	TPD52L1	known	31	0.4032440185546875	0.539721
TALDO1-201	TALDO1	known	15	0.4143231809139251	0.62412214
transcript94407.chr4.nic	DCUN1D4	nic	29	0.1946800202131271	0.30470842
MED24-202	MED24	known	2	0.2710951268672943	0.45357972
GALNT1-204	GALNT1	known	20	0.5732757449150085	0.658726
GLA-214	GLA	known	20	0.3423461616039276	0.4870287
PRRT2-201	PRRT2	known	13	0.3087484240531921	0.4420708
ACOT8-201	ACOT8	known	15	0.4465144574642181	0.5865773
STXBP5-226	STXBP5	known	43	0.3074877858161926	0.41735744
PIGO-217	PIGO	known	20	0.3765570223331451	0.45998725
BLTP1-241	BLTP1	known	22	0.2651609182357788	0.3665332
PHLPP2-206	PHLPP2	known	32	0.221293032169342	0.4377672
ACAD9-204	ACAD9	known	16	0.4369243085384369	0.5844264
transcript225699.chr2.nic	TGFBRAP1	nic	43	0.280788242816925	0.45248598
SKP2-226	SKP2	known	29	0.2722859978675842	0.46289188
PSMD9-201	PSMD9	known	27	0.3281364738941192	0.41165203
PIP5K1C-210	PIP5K1C	known	17	0.6202865242958069	0.6655696
MRPS22-206	MRPS22	known	6	0.5458123087882996	0.6551291
SMARCE1-233	SMARCE1	known	2	0.2519152462482452	0.37125665
CDC42BPA-209	CDC42BPA	known	41	0.3218776881694793	0.41047412
NOL11-201	NOL11	known	10	0.2766360640525818	0.4142775
LRRC49-201	LRRC49	known	44	0.3549184799194336	0.56599873
MTCH1-211	MTCH1	known	11	0.294754147529602	0.4470636
AKAP8-204	AKAP8	known	8	0.2436117380857467	0.32653803
DMPK-223	DMPK	known	12	0.2972967028617859	0.417329
ATP6AP1-212	ATP6AP1	known	20	0.3842310011386871	0.42894888
LGALS8-206	LGALS8	known	19	0.1762477606534958	0.315032
CELF1-214	CELF1	known	8	0.6900213360786438	0.72930866
RAD21-201	RAD21	known	1	0.3421110510826111	0.5248909
PAPOLA-202	PAPOLA	known	8	0.479430228471756	0.65797997
PASK-210	PASK	known	31	0.2186362594366073	0.4231719
PMPCB-213	PMPCB	known	6	0.1908551007509231	0.33141872
FRY-211	FRY	known	42	0.2436461895704269	0.30812663
SACM1L-226	SACM1L	known	41	0.29925537109375	0.36487755
CDH8-211	CDH8	known	35	0.5146052837371826	0.7353016
PLPPR2-201	PLPPR2	known	17	0.1908465027809143	0.43311134
ZNF513-201	ZNF513	known	2	0.2374328374862671	0.5235997
DLG1-243	DLG1	known	32	0.4096164405345917	0.5295397
UHMK1-201	UHMK1	known	42	0.2700238823890686	0.3833115
SCARF1-201	SCARF1	known	36	0.2124976962804794	0.31796345
STXBP6-201	STXBP6	known	43	0.3237131237983703	0.43323907
ZC3H14-216	ZC3H14	known	8	0.3204263150691986	0.40604344
MMP28-203	MMP28	known	38	0.2465837001800537	0.3238385
ZDHHC4-203	ZDHHC4	known	5	0.260062575340271	0.35000232
THUMPD3-206	THUMPD3	known	9	0.6112411022186279	0.65844643
GON4L-207	GON4L	known	8	0.285196989774704	0.36938277
NDRG2-214	NDRG2	known	37	0.3006950318813324	0.41499156
ZNF135-204	ZNF135	known	2	0.1830335408449173	0.5709363
KCNA3-202	KCNA3	known	11	0.4325971603393554	0.7667216
RAB26-201	RAB26	known	25	0.3720539808273315	0.5247632
ITGB3-201	ITGB3	known	40	0.4616833627223968	0.5807177
USP11-205	USP11	known	29	0.2179795056581497	0.41960397
HNRNPM-213	HNRNPM	known	8	0.4417822360992431	0.5133358
NECTIN3-206	NECTIN3	known	35	0.3551784455776214	0.5342082
CPNE3-208	CPNE3	known	25	0.3601440191268921	0.3725973
SMDT1-201	SMDT1	known	15	0.428487628698349	0.6698915
ACP3-202	ACP3	known	25	0.4051032960414886	0.42636412
ADGRL2-202	ADGRL2	known	14	0.472598671913147	0.70329094
TMEM128-202	TMEM128	known	18	0.2849687039852142	0.36529234
MIOS-201	MIOS	known	29	0.3014090657234192	0.46622124
RIMS2-222	RIMS2	known	13	0.49666827917099	0.89579284
FASTKD1-205	FASTKD1	known	6	0.3491462171077728	0.46020007
HSPA12A-201	HSPA12A	known	21	0.2020928859710693	0.30736548
SNX9-215	SNX9	known	28	0.3064173758029938	0.47411704
MTARC2-202	MTARC2	known	16	0.2878295481204986	0.37738594
transcript166032.chr8.nic	TRPS1	nic	2	0.2723305523395538	0.40731162
IFIT5-201	IFIT5	known	23	0.2497017830610275	0.41427866
CDH8-214	CDH8	known	35	0.5157247185707092	0.7141123
THADA-205	THADA	known	9	0.2917588949203491	0.36209008
FLT1-201	FLT1	known	31	0.4877495467662811	0.70109665
GIGYF1-207	GIGYF1	known	10	0.249348759651184	0.37534982
GPS2-202	GPS2	known	31	0.3245872855186462	0.42619675
ZNF680-202	ZNF680	known	2	0.1588176488876342	0.32163468
TKT-203	TKT	known	15	0.4988952577114105	0.6679803
FNTA-201	FNTA	known	8	0.2837872207164764	0.3614555
ARL6IP5-201	ARL6IP5	known	30	0.3532827198505401	0.4671018
NFRKB-209	NFRKB	known	2	0.3749774396419525	0.5747198
RTCB-201	RTCB	known	16	0.3044541776180267	0.49825734
PHF3-208	PHF3	known	2	0.2736604213714599	0.47147417
H2BC18-201	H2BC18	known	3	0.3132677972316742	0.5803719
GRIN2A-201	GRIN2A	known	11	0.3895074129104614	0.6832936
DTNA-246	DTNA	known	13	0.1864978075027465	0.364795
ALG1-212	ALG1	known	20	0.4465369284152984	0.5207476
GDF7-201	GDF7	known	40	0.2134456187486648	0.3412858
CIRBP-222	CIRBP	known	8	0.4518679678440094	0.48355561
SYMPK-201	SYMPK	known	7	0.3724998831748962	0.4461321
GJA9-202	GJA9	known	11	0.2473485171794891	0.3790346
ZNF746-201	ZNF746	known	2	0.2547504901885986	0.5301739
NUCB2-201	NUCB2	known	20	0.2110736221075058	0.31831187
KCTD13-208	KCTD13	known	29	0.3684768676757812	0.5635768
SYT5-207	SYT5	known	13	0.3238592147827148	0.53826606
MSR1-201	MSR1	known	40	0.2391732484102249	0.32105768
HDAC6-241	HDAC6	known	2	0.2940639853477478	0.46069258
GOLGA4-205	GOLGA4	known	44	0.3136172890663147	0.47533312
SMYD2-203	SMYD2	known	9	0.2477961033582687	0.43264693
TRRAP-205	TRRAP	known	2	0.2885520458221435	0.39299363
CDK5RAP2-239	CDK5RAP2	known	44	0.3496412932872772	0.49338418
CORO2B-201	CORO2B	known	41	0.2832838594913482	0.40088743
DST-212	DST	known	44	0.2699036598205566	0.40949932
HPCAL1-207	HPCAL1	known	12	0.2554347217082977	0.41547585
RPL26-208	RPL26	known	5	0.7703713178634644	0.8970542
RFNG-207	RFNG	known	20	0.4463110864162445	0.4974196
DCX-210	DCX	known	44	0.3245040476322174	0.5487994
transcript70273.chr17.nnic	NT5C3B	nnic	9	0.3142776191234588	0.3884337
transcript65855.chr17.nic	SOCS7	nic	32	0.248362123966217	0.33358532
PHKG1-205	PHKG1	known	3	0.1894985288381576	0.5120602
TSC1-237	TSC1	known	44	0.366919457912445	0.4446973
GPR15-201	GPR15	known	14	0.3408242762088775	0.6383928
MTMR2-253	MTMR2	known	17	0.5996289849281311	0.6742159
C3-221	C3	known	25	0.4366348683834076	0.4909634
C3-204	C3	known	25	0.2453664988279342	0.30724412
ENST00000564237	ENSG00000290792	known	3	0.2534188330173492	0.33973223
NRXN1-245	NRXN1	known	13	0.5517852306365967	0.7268279
NCOR1-220	NCOR1	known	2	0.3193618059158325	0.40354133
SMARCA1-201	SMARCA1	known	2	0.3226526081562042	0.5452585
CCDC82-214	CCDC82	known	1	0.2571626305580139	0.3625249
ZNF436-202	ZNF436	known	2	0.1807201653718948	0.6027267
ZNF66-201	ZNF66	known	2	0.1703872978687286	0.52904373
TOM1-203	TOM1	known	25	0.4064823687076568	0.43353033
FGF10-201	FGF10	known	17	0.7250016331672668	0.769554
LAMP2-202	LAMP2	known	25	0.5723883509635925	0.6000402
CNOT1-216	CNOT1	known	4	0.3913108110427856	0.5196662
RASGRP2-210	RASGRP2	known	42	0.2440690994262695	0.33950165
RBM6-220	RBM6	known	6	0.3479929268360138	0.41318646
SKIC2-224	SKIC2	known	1	0.3174512088298797	0.49803814
SLMAP-206	SLMAP	known	43	0.2388920485973358	0.33366004
TRAPPC13-201	TRAPPC13	known	43	0.2447884827852249	0.46634904
KCNAB1-201	KCNAB1	known	11	0.2852427363395691	0.48366994
MICA-209	MICA	known	24	0.3354455828666687	0.5689678
ZNF682-212	ZNF682	known	2	0.1386119723320007	0.49450302
DDRGK1-202	DDRGK1	known	29	0.2818778157234192	0.38712913
NT5C2-201	NT5C2	known	15	0.3416238725185394	0.61356413
ARPP19-211	ARPP19	known	4	0.2547633349895477	0.40823078
GTF2IRD1-206	GTF2IRD1	known	2	0.1949288249015808	0.39483672
GDAP1-240	GDAP1	known	16	0.2461237609386444	0.4030618
HIPK1-202	HIPK1	known	2	0.2348875105381012	0.3747355
ARHGEF28-201	ARHGEF28	known	42	0.2974838018417358	0.43753767
PCDHA13-201	PCDHA13	known	35	0.2988859415054321	0.7094825
ABCC8-247	ABCC8	known	11	0.3850836455821991	0.6081163
ROR1-202	ROR1	known	38	0.2771447300910949	0.40842843
GOLGA8M-201	GOLGA8M	known	44	0.2424566447734832	0.33747226
ACSL3-220	ACSL3	known	15	0.5695972442626953	0.72752416
ABCB9-215	ABCB9	known	43	0.2565315961837768	0.4289505
SMARCA2-201	SMARCA2	known	2	0.3457554280757904	0.54254496
VPS52-218	VPS52	known	43	0.3419942557811737	0.5726079
transcript96005.chr16.nnic	CX3CL1	nnic	38	0.4432519078254699	0.5461542
MED27-206	MED27	known	22	0.2298550754785537	0.30532616
ALDH3A2-239	ALDH3A2	known	16	0.279753029346466	0.34858787
NCL-215	NCL	known	8	0.4570136964321136	0.62573993
KAT6B-238	KAT6B	known	2	0.2913075685501098	0.49749213
CLIP2-202	CLIP2	known	41	0.2474590837955474	0.41706485
transcript38489.chr20.nnic	NOL4L	nnic	2	0.2516749799251556	0.33485752
KIFC1-211	KIFC1	known	44	0.4072906374931335	0.60361284
ASB8-205	ASB8	known	29	0.2248597890138626	0.5837364
MKLN1-209	MKLN1	known	35	0.2211444973945617	0.3578874
transcript324399.chr2.nic	ITGA6	nic	35	0.3090115189552307	0.5184864
DCTN1-218	DCTN1	known	44	0.3743011355400085	0.44176483
MSH6-211	MSH6	known	1	0.5444550514221191	0.7119311
GLP2R-201	GLP2R	known	14	0.4610304534435272	0.691045
CCDC59-205	CCDC59	known	9	0.2516088485717773	0.32300192
SLC7A6-209	SLC7A6	known	11	0.4573423862457275	0.7374189
PLCE1-220	PLCE1	known	42	0.4278612732887268	0.49497643
VPS50-205	VPS50	known	43	0.2919535040855407	0.46350035
transcript1872.chr13.nnic	ZMYM2	nnic	2	0.2061565518379211	0.3011158
HSD11B1-202	HSD11B1	known	16	0.2618073523044586	0.33280912
PRCP-202	PRCP	known	25	0.5033811330795288	0.53312415
HPS1-231	HPS1	known	43	0.2296908497810363	0.3411742
THEM4-204	THEM4	known	16	0.301664263010025	0.38148794
RGS4-204	RGS4	known	32	0.4112602472305298	0.525921
RAVER2-201	RAVER2	known	2	0.1726738810539245	0.3139732
API5-210	API5	known	10	0.3176042139530182	0.44185838
FMN2-211	FMN2	known	6	0.2076500803232193	0.35289022
SLC1A3-249	SLC1A3	known	11	0.541170060634613	0.82136506
MBD1-201	MBD1	known	2	0.2834543883800506	0.46077552
FXYD1-204	FXYD1	known	11	0.3325725793838501	0.5307236
HAT1-203	HAT1	known	8	0.242343857884407	0.36856467
KALRN-243	KALRN	known	43	0.2295968532562255	0.33296847
transcript53334.chrX.nic	CLCN5	nic	11	0.4082813858985901	0.6474583
SPIDR-206	SPIDR	known	1	0.4131148755550384	0.6050617
PHYKPL-206	PHYKPL	known	16	0.386663407087326	0.6365505
HENMT1-201	HENMT1	known	9	0.374236136674881	0.39945537
CFAP298-206	CFAP298	known	6	0.2972081899642944	0.33449715
STAMBP-216	STAMBP	known	32	0.1953057795763015	0.35117564
ZCCHC17-205	ZCCHC17	known	8	0.399610310792923	0.52568084
INTS14-218	INTS14	known	3	0.2170412987470626	0.33822122
UTP6-202	UTP6	known	8	0.3353897035121918	0.4942108
CGNL1-201	CGNL1	known	41	0.2759143412113189	0.45377016
RBM39-203	RBM39	known	8	0.67043536901474	0.718168
BAZ1B-201	BAZ1B	known	2	0.3370016515254974	0.60292506
TLR7-201	TLR7	known	23	0.4654833674430847	0.68440056
transcript2532.chr13.nnic	ZDHHC20	nnic	5	0.2941908836364746	0.39817414
FER-201	FER	known	41	0.5091390013694763	0.57947206
MANBA-214	MANBA	known	16	0.3240993022918701	0.43439287
LAMA2-210	LAMA2	known	35	0.4245985448360443	0.57541275
transcript288741.chr3.nic	GNB4	nic	29	0.2276179492473602	0.33829325
transcript258305.chr2.nic	IMP4	nic	9	0.4027822017669678	0.585462
AHCYL2-201	AHCYL2	known	15	0.3051797449588775	0.39791003
transcript45820.chr15.nnic	SPRED1	nnic	32	0.4545550644397735	0.6001965
ARHGAP26-220	ARHGAP26	known	42	0.4170054495334625	0.58499205
KCNG3-201	KCNG3	known	11	0.4281041324138641	0.8049663
DGKQ-201	DGKQ	known	39	0.6140615344047546	0.6542557
ERLEC1-215	ERLEC1	known	18	0.41849285364151	0.5618113
THOC3-208	THOC3	known	8	0.3175655305385589	0.3870118
SIGLEC11-203	SIGLEC11	known	35	0.2186635583639145	0.43338448
COL11A1-206	COL11A1	known	40	0.3963235318660736	0.61091167
SSBP2-218	SSBP2	known	2	0.1850857436656952	0.36870775
UROD-219	UROD	known	22	0.2315858453512191	0.35605016
LDB3-208	LDB3	known	35	0.2026917338371276	0.33298588
SH3BP2-206	SH3BP2	known	42	0.242108017206192	0.40971023
DKC1-217	DKC1	known	10	0.446627676486969	0.5697303
TEAD1-206	TEAD1	known	2	0.3339989185333252	0.5584425
ENST00000617415	ENSG00000276517	known	3	0.1695824861526489	0.30966714
AMIGO1-202	AMIGO1	known	36	0.3096382915973663	0.43394232
CEP112-227	CEP112	known	44	0.2514898180961609	0.41280594
MTMR2-224	MTMR2	known	32	0.3007312417030334	0.66600883
NUDT22-201	NUDT22	known	16	0.1966187208890915	0.3267136
NRIP3-201	NRIP3	known	19	0.2588370740413666	0.3556632
FAM234B-202	FAM234B	known	20	0.2790684998035431	0.31247094
RANGAP1-201	RANGAP1	known	30	0.2398383766412735	0.3451252
PTK2-213	PTK2	known	38	0.4626479148864746	0.7083977
CPT1C-217	CPT1C	known	16	0.3013032972812652	0.40013343
MDC1-201	MDC1	known	1	0.2973338067531585	0.4039765
EML1-202	EML1	known	44	0.3277025818824768	0.49607077
BMPER-215	BMPER	known	40	0.3177756369113922	0.458562
RBFOX1-231	RBFOX1	known	8	0.4629484415054321	0.57675433
transcript197851.chr11.nnic	FLI1	nnic	2	0.1503855735063552	0.42379206
DTX4-201	DTX4	known	29	0.284869521856308	0.55679095
CCDC57-219	CCDC57	known	44	0.2177819460630417	0.32651493
FOXRED1-203	FOXRED1	known	16	0.2585020661354065	0.4250762
transcript252553.chr1.nnic	UCK2	nnic	15	0.2711119949817657	0.49874777
LRRK2-215	LRRK2	known	31	0.2707034349441528	0.484165
ANXA3-201	ANXA3	known	25	0.4151109457015991	0.4411606
CXCL14-201	CXCL14	known	23	0.2901786863803863	0.4292499
CTNNA2-219	CTNNA2	known	35	0.4507226645946502	0.56302094
PEX5L-213	PEX5L	known	5	0.3697566986083984	0.55765474
NDP-202	NDP	known	38	0.2804859578609466	0.43458518
EIF4G1-213	EIF4G1	known	10	0.4590486586093902	0.60074395
OSBPL11-201	OSBPL11	known	16	0.2995285987854004	0.5428624
ZNF331-214	ZNF331	known	2	0.1683529615402221	0.6164775
P4HB-248	P4HB	known	30	0.3255777060985565	0.45282906
MADD-223	MADD	known	31	0.4054937064647674	0.57128316
RYR3-210	RYR3	known	12	0.4273898601531982	0.70825595
DBNDD2-208	DBNDD2	known	32	0.2998486161231994	0.3944921
NRXN1-205	NRXN1	known	13	0.6135045886039734	0.81838715
JPH1-201	JPH1	known	12	0.546329915523529	0.6981223
UCHL3-201	UCHL3	known	29	0.3678384721279144	0.6004456
GOPC-202	GOPC	known	13	0.2499879151582718	0.37338656
GABRA1-215	GABRA1	known	11	0.3747354745864868	0.70177275
CANX-203	CANX	known	19	0.2948303520679474	0.37217683
ENST00000669622	ENSG00000258035	known	10	0.2325931042432785	0.3163104
USP1-201	USP1	known	1	0.3154837489128113	0.6226349
ANKZF1-202	ANKZF1	known	29	0.2779714465141296	0.36735576
LIAS-222	LIAS	known	15	0.4353102445602417	0.58781797
GAL3ST1-204	GAL3ST1	known	20	0.6121125817298889	0.69166255
SLC66A1-203	SLC66A1	known	11	0.3132508397102356	0.44631734
PPARGC1A-217	PPARGC1A	known	8	0.4307239353656769	0.45617762
transcript121844.chr15.nnic	CFAP161	nnic	12	0.2737821638584137	0.36305612
APBB1IP-201	APBB1IP	known	22	0.2480055838823318	0.35793445
KIF5C-233	KIF5C	known	44	0.2497520595788955	0.33339366
GNA11-206	GNA11	known	44	0.3501958549022674	0.46893615
RABL2A-204	RABL2A	known	44	0.312185138463974	0.46411926
GLCE-201	GLCE	known	20	0.5524416565895081	0.5725913
MADD-221	MADD	known	31	0.3851289451122284	0.55075085
CYP2J2-205	CYP2J2	known	16	0.3890180885791778	0.5435871
VPS35L-203	VPS35L	known	9	0.2095425873994827	0.30530098
GRPEL1-201	GRPEL1	known	6	0.400431364774704	0.46172196
PDE1A-206	PDE1A	known	15	0.1290126144886016	0.3601573
H3-3A-203	H3-3A	known	1	0.3411987423896789	0.6288624
ENST00000621929	ENSG00000274220	known	2	0.357503205537796	0.48815933
transcript9685.chr1.nnic	ARHGEF16	nnic	42	0.3696568608283996	0.65557
CCNQ-208	CCNQ	known	1	0.1815084666013717	0.33775592
GMPPA-243	GMPPA	known	16	0.2452187538146972	0.37837353
GCK-206	GCK	known	15	0.4568304121494293	0.6388301
HRAS-210	HRAS	known	31	0.4464071989059448	0.56849366
ASNS-206	ASNS	known	18	0.3463522791862488	0.4427337
PICALM-202	PICALM	known	30	0.3559003174304962	0.53297997
transcript62355.chr10.nnic	WAC-AS1	nnic	23	0.2002706378698349	0.31357235
SP110-215	SP110	known	2	0.1887938678264618	0.3814607
C1QTNF3-203	C1QTNF3	known	26	0.3632670640945434	0.45558906
WASHC4-201	WASHC4	known	41	0.2732845246791839	0.41643435
EZR-202	EZR	known	41	0.5033067464828491	0.56113726
PSME3IP1-217	PSME3IP1	known	8	0.3081785440444946	0.36636156
transcript26099.chr22.nnic	EMID1	nnic	40	0.2318767309188842	0.37085828
OPHN1-212	OPHN1	known	41	0.2582967877388	0.43711242
transcript84411.chr8.nic	GOLGA7	nic	25	0.388919323682785	0.40648255
SEC14L1-205	SEC14L1	known	16	0.1933785378932953	0.3039871
SCRN1-202	SCRN1	known	19	0.2844994366168976	0.39102048
HDGFL2-208	HDGFL2	known	2	0.2731161713600158	0.38109636
PALS1-208	PALS1	known	44	0.2567462623119354	0.3470967
PTPRT-206	PTPRT	known	35	0.4081851840019226	0.5331787
INCENP-201	INCENP	known	4	0.2460139244794845	0.4667677
CRB1-201	CRB1	known	13	0.2699289917945862	0.41005057
HEATR1-203	HEATR1	known	9	0.3207126557826996	0.3675958
CCT2-206	CCT2	known	25	0.3003194630146026	0.38835135
FIP1L1-257	FIP1L1	known	8	0.2986787259578705	0.38103202
GABRG2-206	GABRG2	known	11	0.3774342834949493	0.76281
TAOK3-202	TAOK3	known	31	0.6692303419113159	0.828242
FANCM-241	FANCM	known	1	0.4261825084686279	0.6919607
FIP1L1-238	FIP1L1	known	8	0.6203683614730835	0.70156556
GDPD2-201	GDPD2	known	20	0.1982346326112747	0.30130297
PPP1R14B-201	PPP1R14B	known	10	0.2592824101448059	0.3680378
PDE8A-203	PDE8A	known	32	0.2014405578374862	0.42443973
NIN-204	NIN	known	44	0.443715751171112	0.5452552
GATB-209	GATB	known	9	0.4541523456573486	0.60330707
SLC12A8-205	SLC12A8	known	11	0.3666489422321319	0.55522484
NLGN3-209	NLGN3	known	13	0.4080713391304016	0.46939236
HAPLN3-202	HAPLN3	known	35	0.237344205379486	0.38133022
ABCC5-203	ABCC5	known	11	0.3864960372447967	0.52652586
NKIRAS1-207	NKIRAS1	known	42	0.2278219014406204	0.39783323
PAK1IP1-201	PAK1IP1	known	9	0.2399050444364547	0.36931273
PPP2R5C-233	PPP2R5C	known	4	0.392007052898407	0.53177273
GALNT13-202	GALNT13	known	20	0.5965985059738159	0.6801146
GPR82-201	GPR82	known	14	0.3363362848758697	0.7237413
DECR2-201	DECR2	known	16	0.236469879746437	0.44336015
DHCR24-202	DHCR24	known	30	0.2675516903400421	0.34007102
ADAMTS2-202	ADAMTS2	known	19	0.4450157880783081	0.5500931
SSX2IP-203	SSX2IP	known	44	0.3810439109802246	0.55173117
TRMT44-201	TRMT44	known	9	0.4397175014019012	0.49690914
transcript42253.chr22.nic	SH3BP1	nic	41	0.5235575437545776	0.7227661
PALD1-201	PALD1	known	3	0.1640118509531021	0.3085271
NPC1-201	NPC1	known	11	0.2964697480201721	0.423983
ELOVL6-201	ELOVL6	known	15	0.5658971667289734	0.77145165
OFD1-218	OFD1	known	44	0.4019744992256164	0.5149428
EMID1-202	EMID1	known	40	0.2283531427383422	0.35501838
transcript296918.chr3.nic	ALG3	nic	20	0.3637958765029907	0.4432795
SMG8-202	SMG8	known	3	0.2473939508199691	0.34182733
ROGDI-203	ROGDI	known	30	0.2235799878835678	0.3205703
TCF3-203	TCF3	known	2	0.2678800523281097	0.5796217
PSMB9-207	PSMB9	known	19	0.2477040141820907	0.3642594
ZNF254-207	ZNF254	known	2	0.1641824543476104	0.53605795
ARL13B-226	ARL13B	known	44	0.3116508722305298	0.46130872
transcript150283.chr8.nnic	NCALD	nnic	12	0.2059552073478698	0.35252863
C11orf98-201	C11orf98	known	10	0.2296244204044342	0.36551565
FOXRED2-218	FOXRED2	known	20	0.2651455700397491	0.3265274
BBS2-303	BBS2	known	37	0.3005242645740509	0.38541004
AIMP2-201	AIMP2	known	6	0.3296913504600525	0.42105955
CADM1-212	CADM1	known	35	0.3639851808547973	0.5280893
MTHFSD-201	MTHFSD	known	9	0.2786312401294708	0.33140373
MOGS-212	MOGS	known	20	0.3403733968734741	0.39113876
AHCYL1-202	AHCYL1	known	15	0.3017542958259582	0.4042418
DENND2A-201	DENND2A	known	42	0.3042709529399872	0.42645365
PPP6R3-201	PPP6R3	known	29	0.2197386771440506	0.30138892
AGO2-209	AGO2	known	10	0.442464530467987	0.5719272
SFTPD-201	SFTPD	known	24	0.4171514213085174	0.63492525
ZNF283-209	ZNF283	known	2	0.1743063777685165	0.4647521
GPC6-201	GPC6	known	40	0.3084554374217987	0.43229872
CCDC141-203	CCDC141	known	44	0.2087150961160659	0.38523084
MYBL1-201	MYBL1	known	1	0.2782080471515655	0.5205086
TAF2-218	TAF2	known	43	0.2176365852355957	0.32133588
MYT1-203	MYT1	known	2	0.2636081874370575	0.3912029
TNC-202	TNC	known	40	0.4071068167686462	0.55765617
FCHSD2-204	FCHSD2	known	41	0.480901151895523	0.5754978
ELP3-218	ELP3	known	9	0.323602944612503	0.36183813
RNF169-201	RNF169	known	1	0.2804728150367737	0.45354572
PIAS2-202	PIAS2	known	29	0.3464393019676208	0.5700533
MEGF10-203	MEGF10	known	35	0.3442930281162262	0.46641794
FOXRED2-211	FOXRED2	known	20	0.3197651207447052	0.3744184
AVIL-203	AVIL	known	25	0.3725292384624481	0.389633
SLC12A1-211	SLC12A1	known	11	0.5923390984535217	0.86054915
GMPPA-215	GMPPA	known	16	0.2452187538146972	0.37837353
VLDLR-207	VLDLR	known	31	0.422719806432724	0.5721294
WARS1-211	WARS1	known	30	0.2501547932624817	0.356918
GREB1-202	GREB1	known	2	0.2551065981388092	0.49613458
transcript172591.chr7.nic	FOXP2	nic	2	0.2414864748716354	0.39841852
ZNF718-202	ZNF718	known	2	0.1285190284252166	0.5506367
transcript311191.chr3.nnic	PLAAT1	nnic	17	0.3265190124511719	0.46980304
MYEF2-211	MYEF2	known	8	0.3279145359992981	0.35428563
DIDO1-202	DIDO1	known	2	0.3176285326480865	0.5327877
CBX6-203	CBX6	known	2	0.2283617705106735	0.3805507
GPR158-201	GPR158	known	13	0.2242675572633743	0.32389855
KPNA1-204	KPNA1	known	7	0.4636476635932922	0.6913818
SGK2-201	SGK2	known	12	0.2675660252571106	0.564386
TOMM70-201	TOMM70	known	5	0.2855210602283478	0.39262417
BBS12-201	BBS12	known	3	0.3237069547176361	0.36643398
PTPMT1-202	PTPMT1	known	17	0.306423544883728	0.5964669
FOXP1-242	FOXP1	known	2	0.3489392399787903	0.57885915
PRXL2B-202	PRXL2B	known	16	0.2233467549085617	0.3321963
SMARCA4-229	SMARCA4	known	2	0.3789519369602203	0.58852226
GABRA1-212	GABRA1	known	13	0.3231967091560364	0.6250025
MPV17-205	MPV17	known	22	0.2394386380910873	0.40030155
BOC-218	BOC	known	36	0.3181452453136444	0.4414552
MTSS1-202	MTSS1	known	41	0.3216765820980072	0.4786802
BRCC3-202	BRCC3	known	1	0.3896012604236603	0.5605246
GPR85-202	GPR85	known	14	0.4288110733032226	0.7870949
PGAP3-201	PGAP3	known	17	0.5188615322113037	0.6469675
TENT2-203	TENT2	known	9	0.2384488135576248	0.36927915
POMT2-202	POMT2	known	20	0.3212094008922577	0.37246498
TGM2-201	TGM2	known	39	0.2976997494697571	0.37174338
GTF2H2-212	GTF2H2	known	44	0.2393694818019867	0.39944658
UNC80-209	UNC80	known	42	0.3001254200935364	0.36669543
DPY19L2P3-203	DPY19L2P3	known	4	0.3765774667263031	0.51967275
NUCB1-209	NUCB1	known	20	0.2239927500486374	0.3194617
CLTCL1-202	CLTCL1	known	43	0.2879287004470825	0.39595544
transcript102707.chr5.nnic	CERT1	nnic	17	0.2825676500797272	0.42034245
RCN3-201	RCN3	known	19	0.3029411733150482	0.36903876
TUBA1A-208	TUBA1A	known	44	0.2356332242488861	0.38826084
SH3BP5L-203	SH3BP5L	known	32	0.2510824203491211	0.3477427
KMT2C-201	KMT2C	known	2	0.3429183661937713	0.55914605
DDIAS-211	DDIAS	known	1	0.4008154571056366	0.5860907
TAFAZZIN-209	TAFAZZIN	known	15	0.4169227480888366	0.49166337
AK4-202	AK4	known	15	0.4691289365291595	0.7451166
SPHK1-201	SPHK1	known	17	0.3647063970565796	0.5236608
HDAC4-210	HDAC4	known	2	0.2815029621124267	0.46023327
ACSBG1-212	ACSBG1	known	15	0.6051058173179626	0.7845746
SYNJ2BP-201	SYNJ2BP	known	35	0.3275770246982574	0.43442497
TAF7L-202	TAF7L	known	9	0.2299048900604248	0.37819704
CHMP2A-208	CHMP2A	known	43	0.3955096006393432	0.57153445
KCNC4-203	KCNC4	known	11	0.4102173447608948	0.74869835
CNTN6-201	CNTN6	known	36	0.4032016396522522	0.6298114
UBASH3B-201	UBASH3B	known	32	0.289401650428772	0.5017289
USP14-208	USP14	known	29	0.3685917258262634	0.73022425
CD81-201	CD81	known	25	0.3985403776168823	0.4247233
MYO5A-249	MYO5A	known	41	0.2531057894229889	0.42422548
APP-206	APP	known	36	0.4607097804546356	0.5572187
EMC2-201	EMC2	known	8	0.2022457271814346	0.31557602
UBE2J1-201	UBE2J1	known	18	0.3670973479747772	0.5460574
ANK2-208	ANK2	known	12	0.3547972440719604	0.49023932
RUVBL2-204	RUVBL2	known	8	0.3767600357532501	0.48530334
MGRN1-201	MGRN1	known	29	0.3704219162464142	0.5907249
transcript24477.chr2.nnic	NCOA1	nnic	33	0.3427316546440124	0.59129494
TIAL1-203	TIAL1	known	8	0.4202506840229034	0.45918292
ITGAV-210	ITGAV	known	35	0.3461955487728119	0.50204015
EFCAB6-201	EFCAB6	known	3	0.3104639947414398	0.43474048
MARK1-217	MARK1	known	44	0.3478436470031738	0.6535488
GPATCH11-203	GPATCH11	known	8	0.2735067307949066	0.3129983
CARNMT1-202	CARNMT1	known	9	0.3928433656692505	0.42899004
DDO-202	DDO	known	15	0.2879298031330108	0.4434863
transcript127475.chr10.nnic	TYSND1	nnic	19	0.4270376861095428	0.5062138
transcript264135.chr1.nnic	DARS2	nnic	6	0.5068459510803223	0.6111705
CDK14-202	CDK14	known	4	0.2459108680486679	0.5148662
transcript76598.chr15.nnic	CGNL1	nnic	41	0.3262397944927215	0.4928383
HECTD1-230	HECTD1	known	42	0.2650269567966461	0.32870868
USP38-203	USP38	known	29	0.2193679362535476	0.6898061
transcript80239.chr3.nnic	SLC38A3	nnic	11	0.3311922252178192	0.48379335
PPM1K-210	PPM1K	known	9	0.2644332945346832	0.51263297
DDX46-203	DDX46	known	8	0.1972142606973648	0.35774818
MARCHF8-201	MARCHF8	known	29	0.2318584024906158	0.5707918
MDH2-201	MDH2	known	15	0.3243446052074432	0.48017034
STAMBPL1-201	STAMBPL1	known	1	0.3216168582439422	0.5014283
HYAL2-202	HYAL2	known	20	0.3769624233245849	0.47134048
RAF1-235	RAF1	known	31	0.4626750349998474	0.6850299
WDR45-223	WDR45	known	22	0.3424472212791443	0.61012954
MED6-202	MED6	known	2	0.2523725032806396	0.40947646
NUP58-202	NUP58	known	7	0.7642813324928284	0.88673544
XRCC3-202	XRCC3	known	1	0.4190892577171325	0.6154587
MGAT5B-201	MGAT5B	known	20	0.5444897413253784	0.59681636
transcript117036.chr15.nic	SKIC8	nic	9	0.279976338148117	0.36629558
DGKD-213	DGKD	known	39	0.7017984986305237	0.74699247
IFNAR2-204	IFNAR2	known	23	0.3145149052143097	0.5242032
METTL7A-204	METTL7A	known	9	0.3258349895477295	0.41858968
GPAT3-201	GPAT3	known	16	0.3594428598880768	0.4502824
KIAA0319L-220	KIAA0319L	known	38	0.1966944634914398	0.30420652
KCNMA1-282	KCNMA1	known	11	0.4441136419773102	0.81198037
SSU72-201	SSU72	known	9	0.3502964079380035	0.4551006
transcript95737.chr3.nic	WNT5A	nic	23	0.1839882284402847	0.30265218
LAT-202	LAT	known	24	0.4063680171966553	0.64533705
DHX57-210	DHX57	known	1	0.3718542456626892	0.63770986
KCTD13-211	KCTD13	known	29	0.2512691020965576	0.369858
transcript68329.chr13.nic	EDNRB	nic	14	0.4104647636413574	0.5881977
ZNF568-210	ZNF568	known	2	0.2240142077207565	0.62322146
transcript60825.chr7.nnic	H2AZ2	nnic	2	0.2608005106449127	0.5188831
NFU1-203	NFU1	known	6	0.4183432161808014	0.47971773
MTHFR-218	MTHFR	known	15	0.2289508730173111	0.34941188
ARHGEF16-203	ARHGEF16	known	42	0.4131507873535156	0.6804212
TFDP1-201	TFDP1	known	4	0.45642751455307	0.6534716
UCP3-201	UCP3	known	11	0.4345265328884125	0.6958361
PRPF3-201	PRPF3	known	8	0.472766250371933	0.5989165
CASP9-201	CASP9	known	19	0.6172580122947693	0.76403266
transcript11697.chr22.nnic	SDF2L1	nnic	20	0.3492593765258789	0.40011135
ZNF174-202	ZNF174	known	3	0.1504851579666137	0.32586375
transcript144501.chr17.nnic	B3GNTL1	nnic	20	0.2374162822961807	0.314974
NFATC1-218	NFATC1	known	24	0.2826146185398102	0.5704027
CNOT2-235	CNOT2	known	2	0.2126038372516632	0.35968453
RABEP1-206	RABEP1	known	43	0.2257556915283203	0.30054933
PRICKLE1-213	PRICKLE1	known	34	0.2686778008937835	0.37527305
RNF6-203	RNF6	known	29	0.4411276280879974	0.58440334
TAFAZZIN-237	TAFAZZIN	known	16	0.316542774438858	0.42699414
NT5C3B-203	NT5C3B	known	9	0.3142776191234588	0.3884337
NCALD-201	NCALD	known	12	0.2588844001293182	0.41954535
SLC6A1-211	SLC6A1	known	11	0.5267396569252014	0.7774829
TCF12-206	TCF12	known	2	0.2910520136356354	0.6229216
EXD3-210	EXD3	known	9	0.3068338334560394	0.4580482
SETMAR-206	SETMAR	known	2	0.3469153940677643	0.6154928
ZNF101-202	ZNF101	known	2	0.1589902490377426	0.5765559
RGS4-203	RGS4	known	32	0.447880744934082	0.576498
TRA2A-202	TRA2A	known	8	0.7295531630516052	0.79980385
MARK3-211	MARK3	known	44	0.3416196405887604	0.6458078
TBC1D23-201	TBC1D23	known	44	0.2635854482650757	0.47028533
UBE2K-203	UBE2K	known	29	0.3797405362129211	0.6179311
ACBD5-228	ACBD5	known	16	0.3017501831054687	0.3865292
EIF3F-215	EIF3F	known	29	0.3204849362373352	0.4772772
RCOR3-204	RCOR3	known	2	0.2759236693382263	0.49804574
CEBPD-201	CEBPD	known	2	0.3042247593402862	0.5332078
ZEB1-202	ZEB1	known	2	0.2470737695693969	0.5032203
GLT8D1-210	GLT8D1	known	20	0.4078131914138794	0.45691776
PSMA3-213	PSMA3	known	19	0.236892282962799	0.38610134
SEMA4G-210	SEMA4G	known	36	0.6156776547431946	0.84351
ZNF276-203	ZNF276	known	2	0.2728231549263	0.41963014
CLIC2-202	CLIC2	known	21	0.3103024959564209	0.44777265
FOLR2-201	FOLR2	known	25	0.3408592641353607	0.41946024
CHRM4-201	CHRM4	known	14	0.4703153967857361	0.68721545
transcript25053.chr7.nic	AGMO	nic	16	0.284374326467514	0.34843692
NOL8-221	NOL8	known	1	0.2295384705066681	0.3688548
SCRN2-212	SCRN2	known	25	0.2553027272224426	0.30371872
HPS4-206	HPS4	known	27	0.3561539649963379	0.37719983
PSMD4-207	PSMD4	known	3	0.2107863873243332	0.31847268
transcript213846.chr9.nic	CRAT	nic	16	0.3247862756252289	0.48182955
PPP3R1-201	PPP3R1	known	12	0.2312633842229843	0.33078328
ST6GALNAC3-201	ST6GALNAC3	known	20	0.6957520842552185	0.7752504
CENPT-210	CENPT	known	4	0.2850751280784607	0.49666935
MFSD1-213	MFSD1	known	11	0.3527916073799133	0.553087
ARHGEF1-220	ARHGEF1	known	42	0.427877277135849	0.68248606
RBMX2-201	RBMX2	known	8	0.627440333366394	0.70305854
GCSH-201	GCSH	known	6	0.3013266324996948	0.40672675
transcript110897.chr16.nic	HYDIN	nic	3	0.269271582365036	0.4052775
ARHGAP32-202	ARHGAP32	known	42	0.3680009245872497	0.5338573
PAK4-208	PAK4	known	31	0.4842682480812073	0.7947703
KAT6B-240	KAT6B	known	2	0.2808361649513244	0.42018214
MTCH1-201	MTCH1	known	11	0.2652143239974975	0.45556408
transcript11353.chr13.nic	MTIF3	nic	6	0.6872806549072266	0.7813021
SERPINA1-205	SERPINA1	known	25	0.4028226137161255	0.81431973
NT5C3B-206	NT5C3B	known	9	0.2923474609851837	0.34660992
PPP2CB-201	PPP2CB	known	15	0.40379798412323	0.5549694
transcript39115.chr10.nnic	RPP38	nnic	6	0.3922667503356933	0.4222682
PDIA3-219	PDIA3	known	25	0.3964962959289551	0.42370462
MRPL3-201	MRPL3	known	6	0.7457402348518372	0.8070339
WDFY3-202	WDFY3	known	5	0.2230546921491623	0.32316303
MX1-236	MX1	known	44	0.2576062977313995	0.3788759
TRHDE-AS1-221	TRHDE-AS1	known	5	0.381099134683609	0.44553453
SYT14-208	SYT14	known	13	0.2044070065021515	0.34726208
HNRNPA2B1-208	HNRNPA2B1	known	8	0.3824037313461303	0.42948318
SLC25A12-202	SLC25A12	known	11	0.4184196293354034	0.6702114
ARMC8-223	ARMC8	known	25	0.454518049955368	0.4985969
ZNF764-201	ZNF764	known	2	0.1407344937324524	0.53903866
XRCC5-202	XRCC5	known	1	0.335032045841217	0.44347754
DPP4-209	DPP4	known	25	0.3234966993331909	0.38273534
CERS2-201	CERS2	known	16	0.3105758726596832	0.45051193
SMARCD2-212	SMARCD2	known	2	0.3926751613616943	0.56607527
STAU2-215	STAU2	known	23	0.1801857054233551	0.3020489
GNAO1-227	GNAO1	known	44	0.2550680339336395	0.3679907
SUCLA2-212	SUCLA2	known	15	0.4613861441612243	0.65241593
NDRG2-225	NDRG2	known	38	0.2768151462078094	0.38015872
transcript39777.chr6.nnic	CCHCR1	nnic	44	0.3209762275218963	0.42486072
PLTP-205	PLTP	known	25	0.2917768061161041	0.34589246
transcript100485.chr2.nic	TTC31	nic	30	0.2147853970527649	0.3432928
ASPHD2-201	ASPHD2	known	16	0.2112832963466644	0.32174706
DOCK2-208	DOCK2	known	42	0.2637982964515686	0.32339272
HSPA5-212	HSPA5	known	18	0.4794153273105621	0.5377269
STXBP5-202	STXBP5	known	44	0.3048604726791382	0.39029023
SPTAN1-246	SPTAN1	known	25	0.4294309616088867	0.61824024
KDM6A-208	KDM6A	known	2	0.2700348198413849	0.5100253
MEAF6-201	MEAF6	known	2	0.3474642634391784	0.51331276
AIF1-203	AIF1	known	41	0.3529455959796905	0.45406914
ZNF10-203	ZNF10	known	2	0.1720483899116516	0.5579386
OGA-202	OGA	known	16	0.2554945349693298	0.34117746
SETD2-202	SETD2	known	2	0.2882821261882782	0.37196794
transcript976.chr17.nnic	MRM3	nnic	9	0.4743824005126953	0.6079061
KLC1-202	KLC1	known	43	0.2881961464881897	0.3632083
ZNF33B-201	ZNF33B	known	2	0.1494696587324142	0.43572813
ATP6V0D1-217	ATP6V0D1	known	25	0.31741464138031	0.3319296
PITRM1-226	PITRM1	known	19	0.3200973868370056	0.5778745
transcript14084.chr12.nic	PTMS	nic	6	0.2011723518371582	0.30535883
DDX24-206	DDX24	known	10	0.324188083410263	0.487544
ACAA1-218	ACAA1	known	15	0.3711923658847809	0.5278514
CSMD3-210	CSMD3	known	35	0.260041207075119	0.39908278
SKIC3-216	SKIC3	known	29	0.1779120564460754	0.38177353
SH3GLB2-203	SH3GLB2	known	27	0.265715479850769	0.39240828
TBC1D23-202	TBC1D23	known	42	0.2684876918792724	0.466254
NDRG4-221	NDRG4	known	37	0.3428009152412414	0.448074
TRMU-203	TRMU	known	9	0.4882321357727051	0.5781175
ADAMTS8-202	ADAMTS8	known	40	0.2767716348171234	0.41742048
transcript54414.chr15.nic	TUBGCP4	nic	44	0.3438831865787506	0.5010465
NLGN4Y-209	NLGN4Y	known	13	0.4485849440097809	0.50500983
IL6ST-223	IL6ST	known	31	0.3243941068649292	0.47646445
PAN2-221	PAN2	known	10	0.3073059618473053	0.4468568
PRPF39-202	PRPF39	known	8	0.559268057346344	0.66231745
NTSR2-201	NTSR2	known	14	0.3071685433387756	0.6312989
CBS-204	CBS	known	15	0.3698639273643493	0.5102743
CTSA-202	CTSA	known	25	0.5755349397659302	0.6042364
ENST00000416232	ENSG00000290600	known	2	0.1547174751758575	0.51101667
MTOR-210	MTOR	known	17	0.3121179342269897	0.38233954
HDAC9-208	HDAC9	known	2	0.3184041678905487	0.66543025
AARS2-201	AARS2	known	6	0.4515362977981567	0.59899414
transcript213848.chr9.nnic	CRAT	nnic	16	0.3247862756252289	0.48182955
transcript219.chr4.nnic	MYL5	nnic	12	0.2441247254610061	0.43283606
HELZ-209	HELZ	known	29	0.2284815013408661	0.35290757
TAF6-215	TAF6	known	7	0.2268379777669906	0.3021835
CNTN2-210	CNTN2	known	35	0.3463951349258423	0.59281504
transcript42158.chr6.nic	VPS52	nic	43	0.3416860699653625	0.5641354
GTF3A-201	GTF3A	known	2	0.2281078398227691	0.46694288
NMRAL1-201	NMRAL1	known	16	0.3148196041584015	0.46939468
BRD8-203	BRD8	known	2	0.3576487600803375	0.5363262
CTSL-203	CTSL	known	19	0.3782528936862945	0.5035684
CISD1-201	CISD1	known	17	0.2799352407455444	0.3686963
SERPINF1-201	SERPINF1	known	30	0.3669217824935913	0.77261925
transcript6083.chr16.nnic	NDUFB10	nnic	15	0.561840832233429	0.7383684
DDX3X-262	DDX3X	known	8	0.3584376573562622	0.575203
IPO5-223	IPO5	known	7	0.4382039904594421	0.5984814
SLC39A12-204	SLC39A12	known	11	0.3045457601547241	0.5233329
CAMK2D-233	CAMK2D	known	12	0.3396633863449096	0.7465026
HOOK1-210	HOOK1	known	44	0.3529518544673919	0.42034024
MYLK-217	MYLK	known	41	0.280017077922821	0.49009055
SH3KBP1-204	SH3KBP1	known	41	0.2726517021656036	0.3543625
GABRA1-214	GABRA1	known	11	0.3806666433811188	0.715895
ADI1-202	ADI1	known	16	0.2824104130268097	0.4584466
CEP41-226	CEP41	known	44	0.3972476720809936	0.6004532
AMBRA1-212	AMBRA1	known	29	0.3484272956848144	0.481419
RHEBL1-201	RHEBL1	known	42	0.2901957631111145	0.5267017
EXOC3-210	EXOC3	known	43	0.2757205069065094	0.4625848
ATP8A2-205	ATP8A2	known	25	0.3339263796806335	0.45948324
CADPS-214	CADPS	known	2	0.2127324938774109	0.43593806
NDRG2-250	NDRG2	known	37	0.3046177327632904	0.41147843
PSMA1-201	PSMA1	known	29	0.3633427023887634	0.52683884
GAPDH-207	GAPDH	known	15	0.4142720401287079	0.52266043
MSANTD1-201	MSANTD1	known	2	0.1487904787063598	0.4383803
ACVR2B-203	ACVR2B	known	37	0.2562333643436432	0.662449
ATG2B-202	ATG2B	known	22	0.2808956801891327	0.46331263
WASHC2A-202	WASHC2A	known	41	0.3858946561813354	0.51574504
HTT-220	HTT	known	42	0.2905595898628235	0.37536794
HSPH1-201	HSPH1	known	18	0.3141705989837646	0.40365273
HIP1R-204	HIP1R	known	30	0.3933735191822052	0.53076005
PRKRA-202	PRKRA	known	23	0.218057706952095	0.36518747
ZNF419-215	ZNF419	known	2	0.1610048115253448	0.5563692
MAP3K2-201	MAP3K2	known	31	0.5474013090133667	0.76282376
DYNLL1-201	DYNLL1	known	44	0.4299593567848205	0.5017077
ZNF233-201	ZNF233	known	2	0.2011670172214508	0.48289075
ZNF197-201	ZNF197	known	2	0.1372231692075729	0.39547485
MTO1-266	MTO1	known	9	0.2881006896495819	0.35821155
KDM4B-208	KDM4B	known	2	0.2827176451683044	0.4738814
SIPA1L3-201	SIPA1L3	known	36	0.307975709438324	0.42687598
CRAMP1-202	CRAMP1	known	2	0.3042075335979461	0.43501234
UPF3A-211	UPF3A	known	7	0.3038753569126129	0.44245353
MYH11-201	MYH11	known	39	0.307471752166748	0.5706667
SCP2-201	SCP2	known	16	0.4353920519351959	0.6049713
STAMBP-251	STAMBP	known	32	0.29084113240242	0.4009602
ALMS1-205	ALMS1	known	44	0.3144996464252472	0.4049236
KIF21A-201	KIF21A	known	44	0.3225264549255371	0.4757433
transcript107822.chr15.nnic	ADPGK	nnic	16	0.2133314609527588	0.33863586
SREK1-215	SREK1	known	8	0.5952069163322449	0.6487335
G3BP1-212	G3BP1	known	8	0.4268305599689483	0.5214359
transcript41119.chr21.nic	PRDM15	nic	2	0.3032802045345306	0.44727644
RND2-202	RND2	known	42	0.3745848536491394	0.6058459
PBRM1-203	PBRM1	known	2	0.3534702062606811	0.56043404
ZNF200-206	ZNF200	known	2	0.1937159150838852	0.5430908
transcript24818.chr15.nic	GABRA5	nic	11	0.3819386065006256	0.71039027
KCND3-203	KCND3	known	11	0.4260662794113159	0.7910851
SOCS7-202	SOCS7	known	17	0.2519734501838684	0.35163695
transcript149409.chr9.nic	TLE1	nic	2	0.2755034863948822	0.4440348
CSTF3-203	CSTF3	known	8	0.5313151478767395	0.6392695
SETD5-207	SETD5	known	2	0.2563641965389251	0.41486773
P4HB-213	P4HB	known	9	0.2536638081073761	0.32951623
SPG7-271	SPG7	known	19	0.339882344007492	0.3798012
DNAJC7-239	DNAJC7	known	5	0.2886419594287872	0.39977765
PSMA2-206	PSMA2	known	19	0.2386719733476638	0.30133662
TMEM116-215	TMEM116	known	14	0.2990004122257232	0.6076511
SLC4A7-213	SLC4A7	known	11	0.5708034634590149	0.8287834
DNM2-223	DNM2	known	41	0.3488342761993408	0.49276152
CORO1B-209	CORO1B	known	29	0.2951109707355499	0.45029488
BCL2L1-203	BCL2L1	known	30	0.4372328221797943	0.5641443
LPAR1-205	LPAR1	known	14	0.4903855919837951	0.7256287
BMP4-201	BMP4	known	34	0.3524834811687469	0.49979466
SEPSECS-202	SEPSECS	known	16	0.298201709985733	0.5131134
PTPRM-203	PTPRM	known	35	0.4372166395187378	0.536983
PRPF38B-203	PRPF38B	known	8	0.2671475708484649	0.34480783
IL1R1-205	IL1R1	known	23	0.3319141268730163	0.5130788
PCDHGA7-201	PCDHGA7	known	35	0.3535958528518677	0.7321532
LMNA-215	LMNA	known	28	0.2777283787727356	0.33173996
ODR4-202	ODR4	known	1	0.2168146818876266	0.34186643
EEF1A1-207	EEF1A1	known	6	0.5018894076347351	0.6514148
BPHL-203	BPHL	known	16	0.2422910928726196	0.3962687
ORMDL3-201	ORMDL3	known	25	0.277053028345108	0.36341995
TRABD2A-202	TRABD2A	known	20	0.2653391063213348	0.30984133
CEP63-219	CEP63	known	44	0.4524769186973572	0.62166566
PRR3-202	PRR3	known	8	0.2651947438716888	0.40412945
GAB1-201	GAB1	known	17	0.5809479355812073	0.6212491
PFKFB3-202	PFKFB3	known	15	0.3001834452152252	0.54543245
FLNA-218	FLNA	known	35	0.2703696191310882	0.40949243
GSTP1-202	GSTP1	known	25	0.3659870028495788	0.48911133
BZW2-201	BZW2	known	10	0.2329723536968231	0.3372386
ABI1-209	ABI1	known	44	0.2905897200107574	0.45494777
GTF3A-202	GTF3A	known	2	0.2378978729248047	0.46467987
PDIA4-202	PDIA4	known	25	0.3414493799209595	0.4570675
MARCHF7-207	MARCHF7	known	2	0.2303938120603561	0.32550922
ZNF827-215	ZNF827	known	2	0.2230965048074722	0.5302157
GRIPAP1-224	GRIPAP1	known	43	0.2185046225786209	0.32843
MTO1-263	MTO1	known	9	0.2881006896495819	0.35821155
ACTN1-204	ACTN1	known	35	0.4099853634834289	0.5820695
GPR146-203	GPR146	known	14	0.2443572133779525	0.59227866
PARP9-202	PARP9	known	23	0.2491881549358368	0.3820844
ATG7-216	ATG7	known	9	0.2388223260641098	0.33734396
PRMT1-202	PRMT1	known	4	0.3800585567951202	0.49140048
CNTNAP2-201	CNTNAP2	known	13	0.2318772375583648	0.4074924
HPS4-212	HPS4	known	42	0.2156645506620407	0.32437208
ADAMTS18-201	ADAMTS18	known	40	0.3547214865684509	0.5259138
HGS-232	HGS	known	43	0.322272926568985	0.43838567
SLC14A1-203	SLC14A1	known	11	0.2187818735837936	0.43039197
ERCC6-202	ERCC6	known	1	0.3178814351558685	0.44307417
SP9-201	SP9	known	2	0.2327613830566406	0.5134874
DDX10-216	DDX10	known	8	0.3338078558444977	0.38989997
ABCC8-261	ABCC8	known	11	0.380593866109848	0.5639504
BACH2-203	BACH2	known	2	0.2516215145587921	0.47359443
transcript220268.chr9.nic	TTF1	nic	9	0.1402847915887832	0.34930593
SLC14A1-208	SLC14A1	known	11	0.2006598711013794	0.399052
CLOCK-211	CLOCK	known	2	0.3624426424503326	0.5331006
SMARCE1-242	SMARCE1	known	2	0.2474031448364257	0.37089062
PSPC1-201	PSPC1	known	8	0.4490024745464325	0.49287874
IRF2-202	IRF2	known	2	0.2996785640716553	0.53554666
TAOK1-203	TAOK1	known	31	0.6417447328567505	0.80208606
JAKMIP3-206	JAKMIP3	known	44	0.2182884216308593	0.36060476
PALM2AKAP2-202	PALM2AKAP2	known	41	0.2947551906108856	0.41554967
DLAT-201	DLAT	known	15	0.5269829034805298	0.6746307
transcript202933.chr4.nic	PALLD	nic	36	0.3037553131580353	0.51705605
BCAR1-212	BCAR1	known	42	0.2347626388072967	0.34028918
CDK5RAP2-203	CDK5RAP2	known	44	0.4491164088249206	0.5477129
PCDHB15-201	PCDHB15	known	35	0.3230581283569336	0.73680663
EIF2AK3-220	EIF2AK3	known	31	0.3800946772098541	0.5974704
DGAT2-201	DGAT2	known	16	0.3505285680294037	0.4829697
MAPKAPK3-201	MAPKAPK3	known	31	0.4115533232688904	0.7579794
transcript246022.chr3.nnic	ZBTB38	nnic	2	0.200123444199562	0.44410485
FMO4-201	FMO4	known	16	0.3074946999549866	0.40333194
CSMD3-208	CSMD3	known	35	0.1863695979118347	0.31898463
NFATC1-217	NFATC1	known	24	0.2630661427974701	0.5684324
PELI3-209	PELI3	known	23	0.2745799124240875	0.46193045
PTCHD4-201	PTCHD4	known	11	0.2888778150081634	0.5033864
MEST-204	MEST	known	16	0.2270082980394363	0.3172265
RAB24-205	RAB24	known	44	0.2865213751792907	0.4284976
GTF2H3-201	GTF2H3	known	1	0.3053311705589294	0.4757506
GPS1-202	GPS1	known	32	0.4017483592033386	0.5417925
WFIKKN1-202	WFIKKN1	known	40	0.2280832231044769	0.33446607
GDF15-201	GDF15	known	38	0.3332269489765167	0.4717478
transcript85715.chr8.nic	POLB	nic	3	0.281764417886734	0.3508932
TNFRSF1A-201	TNFRSF1A	known	23	0.4164645373821258	0.5652639
CRTAC1-202	CRTAC1	known	19	0.2796845138072967	0.37190384
RASGRF1-206	RASGRF1	known	42	0.4782904982566833	0.62822163
KANK1-206	KANK1	known	41	0.4234921336174011	0.5347057
VAV3-202	VAV3	known	39	0.5366837978363037	0.5932249
MPHOSPH9-208	MPHOSPH9	known	44	0.2922129333019256	0.3967656
VAT1L-201	VAT1L	known	16	0.3649294078350067	0.6069794
HSD17B4-201	HSD17B4	known	16	0.3961563110351562	0.59935427
SLC35A1-203	SLC35A1	known	11	0.2475415766239166	0.43769544
ZNF486-201	ZNF486	known	2	0.1397339254617691	0.5558288
TAGLN-202	TAGLN	known	41	0.2143639326095581	0.39216295
MKX-202	MKX	known	2	0.2315538972616195	0.556955
ACTN4-204	ACTN4	known	25	0.3895704746246338	0.53573805
DENND5A-208	DENND5A	known	44	0.26154825091362	0.34173623
RMND1-202	RMND1	known	6	0.2890145182609558	0.45449805
VCP-235	VCP	known	29	0.3355188369750976	0.5221598
ATP1A3-214	ATP1A3	known	11	0.2965969741344452	0.5354921
CREBZF-210	CREBZF	known	2	0.2739478051662445	0.48123747
RAPGEF3-210	RAPGEF3	known	42	0.2258906364440918	0.35563755
SKIC3-261	SKIC3	known	6	0.2096999436616897	0.3013639
transcript5573.chr22.nic	SLC25A1	nic	11	0.31558558344841	0.48626375
ZNF157-201	ZNF157	known	2	0.1532171219587326	0.591365
ZNF550-203	ZNF550	known	2	0.1728591173887252	0.6068645
CCR5-201	CCR5	known	12	0.3889411985874176	0.6694828
LRRC3B-201	LRRC3B	known	13	0.2361349165439605	0.3527438
transcript159310.chr11.nnic	CASP5	nnic	23	0.3061218559741974	0.4147679
PSMD6-204	PSMD6	known	25	0.3213910460472107	0.34766358
ZNF500-207	ZNF500	known	2	0.1976616233587265	0.60864687
MTA3-205	MTA3	known	2	0.3046887516975403	0.4589631
transcript120872.chr7.nic	SEMA3D	nic	36	0.5587670803070068	0.806341
CLK4-210	CLK4	known	31	0.2028321921825409	0.6548098
ZEB2-213	ZEB2	known	3	0.2091101855039596	0.3035641
ERGIC1-218	ERGIC1	known	11	0.3375444114208221	0.51595354
transcript62932.chr15.nic	GALK2	nic	9	0.2833286821842193	0.3430485
MPDZ-206	MPDZ	known	35	0.3040841519832611	0.38520947
GCC2-216	GCC2	known	44	0.3478572070598602	0.43907136
NPRL3-212	NPRL3	known	42	0.3261865973472595	0.454314
PNISR-205	PNISR	known	2	0.1860730051994323	0.42675304
NDUFV3-201	NDUFV3	known	6	0.4590882360935211	0.5522729
ALG1-224	ALG1	known	20	0.4557476937770843	0.5040977
DSG2-201	DSG2	known	35	0.5361673831939697	0.68112385
LINC00667-213	LINC00667	known	5	0.2468472272157669	0.37247473
MTR-206	MTR	known	15	0.5112130641937256	0.664845
CARD11-205	CARD11	known	24	0.4240530133247375	0.5947248
MYNN-202	MYNN	known	2	0.198014959692955	0.45392174
ELN-204	ELN	known	40	0.3637106120586395	0.53577894
CRELD1-259	CRELD1	known	25	0.2179886698722839	0.32912606
ITGB1-227	ITGB1	known	40	0.4732508659362793	0.6102685
EIF4A1-207	EIF4A1	known	8	0.3381955623626709	0.497113
MRPS22-214	MRPS22	known	6	0.5016162395477295	0.575987
RB1CC1-202	RB1CC1	known	22	0.2991916239261627	0.39073148
MPG-201	MPG	known	9	0.2330466508865356	0.30134904
transcript160658.chrX.nic	MAMLD1	nic	2	0.21891550719738	0.41312212
SERPINB6-207	SERPINB6	known	30	0.425025999546051	0.83072436
KRT5-201	KRT5	known	35	0.209055095911026	0.67003775
transcript212998.chr6.nnic	TULP4	nnic	29	0.1590848714113235	0.3941228
TBL1XR1-203	TBL1XR1	known	29	0.3386465907096863	0.44557685
ACVR2A-202	ACVR2A	known	37	0.3913508057594299	0.633996
NRXN1-226	NRXN1	known	13	0.5973671674728394	0.7467183
KIF1A-218	KIF1A	known	43	0.3531121015548706	0.47688127
DICER1-224	DICER1	known	3	0.2565277516841888	0.3716908
HNRNPR-212	HNRNPR	known	8	0.5921033620834351	0.66157407
HSD17B14-201	HSD17B14	known	16	0.2543089091777801	0.45042247
FBXL2-216	FBXL2	known	29	0.4002930521965027	0.60845083
TRHDE-AS1-213	TRHDE-AS1	known	5	0.381099134683609	0.44553453
GTF2H2C-212	GTF2H2C	known	44	0.2489087432622909	0.415516
RBMS3-202	RBMS3	known	8	0.2999812662601471	0.3543349
ZNF518B-201	ZNF518B	known	3	0.2198406457901001	0.3524071
USP33-203	USP33	known	29	0.2701414227485657	0.49779105
RFX5-202	RFX5	known	2	0.2861854434013366	0.44533986
MYBBP1A-205	MYBBP1A	known	2	0.22264064848423	0.37769043
TRIP12-208	TRIP12	known	29	0.3710289299488067	0.59871167
CBX1-201	CBX1	known	2	0.2856276035308838	0.35807103
DYNC1I2-203	DYNC1I2	known	44	0.3050236999988556	0.44592968
TUBD1-201	TUBD1	known	44	0.2336421757936477	0.40005726
transcript135201.chr6.nnic	AKIRIN2	nnic	2	0.2310570478439331	0.3314446
GSTZ1-213	GSTZ1	known	16	0.2727425098419189	0.51373875
transcript246.chr9.nic	DOCK8	nic	2	0.2140407264232635	0.3186972
ENST00000689599	ENSG00000291176	known	16	0.2682633101940155	0.391697
TRIM46-205	TRIM46	known	36	0.2342292964458465	0.4663207
DTNA-225	DTNA	known	13	0.193651869893074	0.4334938
CRIPT-201	CRIPT	known	5	0.4715836644172668	0.53632075
FBXO7-209	FBXO7	known	29	0.3209154009819031	0.44334593
TXLNG-201	TXLNG	known	44	0.2305610030889511	0.3337999
PIK3R1-211	PIK3R1	known	17	0.5991557836532593	0.6517717
KPNB1-201	KPNB1	known	7	0.471305102109909	0.6303325
ABCC8-237	ABCC8	known	11	0.402815967798233	0.5894959
TBX21-201	TBX21	known	37	0.3088825941085815	0.58041877
ZC3H14-211	ZC3H14	known	8	0.3194734156131744	0.3731392
FAM204A-203	FAM204A	known	8	0.2483404725790023	0.37504685
ATP9B-205	ATP9B	known	11	0.3356895446777344	0.51957816
TRIM52-208	TRIM52	known	29	0.2257544100284576	0.47437525
TUT7-206	TUT7	known	9	0.2426304817199707	0.3940866
RBM39-212	RBM39	known	8	0.5180985331535339	0.56779206
transcript160438.chr3.nic	TOMM70	nic	29	0.3011210858821869	0.42357102
SRSF3-201	SRSF3	known	8	0.5159534811973572	0.55860555
SCTR-201	SCTR	known	14	0.5183553695678711	0.77456445
ADNP-202	ADNP	known	2	0.2453571110963821	0.4201273
DKC1-232	DKC1	known	10	0.4868459701538086	0.63895595
transcript14615.chr19.nic	VAV1	nic	39	0.5312051177024841	0.7042531
CAMK2A-220	CAMK2A	known	2	0.2682206630706787	0.47420827
ZFTA-202	ZFTA	known	2	0.2088065147399902	0.42397866
KRTCAP2-201	KRTCAP2	known	18	0.2952968180179596	0.35085174
CEP57L1-221	CEP57L1	known	44	0.2389885634183883	0.32596517
KCNMA1-261	KCNMA1	known	11	0.4800468981266022	0.87376773
FBF1-205	FBF1	known	44	0.3706482052803039	0.48668975
TAF6-257	TAF6	known	2	0.297788918018341	0.3731001
ZNF366-201	ZNF366	known	2	0.2321847528219223	0.48948917
TASP1-201	TASP1	known	19	0.2828939855098724	0.3693623
COX15-201	COX15	known	15	0.5454708337783813	0.7642209
CSGALNACT1-220	CSGALNACT1	known	20	0.6310634016990662	0.6609868
MAPKAP1-201	MAPKAP1	known	42	0.3352320790290832	0.42192182
ILF3-202	ILF3	known	8	0.2383067011833191	0.31329396
CELF2-205	CELF2	known	8	0.7086026072502136	0.74662447
transcript160959.chr10.nic	MINPP1	nic	20	0.2491713613271713	0.3143443
DPP7-222	DPP7	known	25	0.3938456773757934	0.41900706
UBTF-201	UBTF	known	2	0.2700341641902923	0.38157865
SPATA7-213	SPATA7	known	44	0.208169937133789	0.32865041
MYH9-201	MYH9	known	39	0.3653433322906494	0.5900892
AATF-216	AATF	known	10	0.2806185483932495	0.45553273
DLST-206	DLST	known	15	0.4412739872932434	0.6130244
ACO2-211	ACO2	known	15	0.4538194537162781	0.57128364
RPS27-205	RPS27	known	5	0.4021195769309997	0.5128573
transcript23611.chr19.nnic	KANK2	nnic	41	0.2910982668399811	0.40399703
SCAF4-206	SCAF4	known	2	0.1812475323677063	0.33426055
PCIF1-202	PCIF1	known	9	0.3570503890514374	0.40398645
RRBP1-204	RRBP1	known	44	0.3466515839099884	0.4969213
transcript45371.chr2.nnic	CYP1B1	nnic	16	0.3033166527748108	0.44259423
MEA1-201	MEA1	known	3	0.2138058841228485	0.3615556
SOX6-219	SOX6	known	2	0.3266100585460663	0.48905277
transcript119439.chr4.nic	COQ2	nic	16	0.3107168078422546	0.413436
NUP205-202	NUP205	known	29	0.2833541631698608	0.3430153
NHSL2-206	NHSL2	known	41	0.2623986601829529	0.34636563
SP3-202	SP3	known	2	0.2620202898979187	0.53756005
MLST8-231	MLST8	known	29	0.2870923280715942	0.38696367
transcript31632.chr4.nnic	FAM184B	nnic	44	0.2908682823181152	0.4352685
HS3ST1-201	HS3ST1	known	20	0.5923722386360168	0.65798664
TRIOBP-204	TRIOBP	known	41	0.3279503583908081	0.3923828
P2RX6-204	P2RX6	known	12	0.4359935224056244	0.61251026
PUS3-205	PUS3	known	9	0.4737285375595093	0.5477983
FAM20B-201	FAM20B	known	17	0.252060055732727	0.35470098
FANCL-282	FANCL	known	29	0.3743121027946472	0.6176752
HEXIM2-208	HEXIM2	known	32	0.2730348408222198	0.3428544
RLF-201	RLF	known	2	0.2535269260406494	0.38231945
transcript109289.chr5.nnic	THBS4	nnic	40	0.2310482561588287	0.33378974
ZNF268-209	ZNF268	known	2	0.2467219978570938	0.4404498
transcript20525.chr2.nnic	RDH14	nnic	16	0.3515250980854034	0.5076062
SRRM2-221	SRRM2	known	8	0.2720874845981598	0.33808056
PCDHGB4-202	PCDHGB4	known	35	0.326859176158905	0.73469764
DDX3Y-202	DDX3Y	known	8	0.4126289784908294	0.59576374
LYPD5-209	LYPD5	known	35	0.2006123960018158	0.3077634
ACTR2-201	ACTR2	known	15	0.2594011723995209	0.3382408
WLS-201	WLS	known	27	0.3523469567298889	0.44006062
ODF2L-218	ODF2L	known	44	0.2328850626945495	0.31414282
PDE1C-202	PDE1C	known	32	0.1720565110445022	0.38192263
ULK3-204	ULK3	known	3	0.2516149580478668	0.3258081
MYO6-209	MYO6	known	41	0.3030529022216797	0.47246304
PDE10A-213	PDE10A	known	14	0.2536380589008331	0.38656732
USP36-218	USP36	known	29	0.2145757675170898	0.36603874
SURF1-205	SURF1	known	15	0.3814028799533844	0.48777208
ELOVL1-201	ELOVL1	known	15	0.5702505707740784	0.7908533
P3H4-201	P3H4	known	36	0.2210820764303207	0.33697906
GPD2-207	GPD2	known	16	0.3570994436740875	0.5024961
CELF2-206	CELF2	known	8	0.7271742820739746	0.76365805
ZCRB1-204	ZCRB1	known	8	0.5305737853050232	0.6145483
GOSR2-210	GOSR2	known	43	0.4661970734596252	0.6519082
KDM5B-240	KDM5B	known	2	0.2979308366775512	0.5091144
ZNF652-202	ZNF652	known	2	0.2832042872905731	0.4618284
transcript150663.chr11.nic	AMOTL1	nic	38	0.2670834958553314	0.36274117
MRGPRF-201	MRGPRF	known	14	0.4001738131046295	0.71433187
ZNF141-204	ZNF141	known	9	0.2252827882766723	0.36362678
INTS8-216	INTS8	known	3	0.1934147030115127	0.33814555
DCBLD2-201	DCBLD2	known	36	0.2424870580434799	0.38005155
PALB2-210	PALB2	known	1	0.3876776099205017	0.5564345
transcript232501.chr5.nnic	BNIP1	nnic	44	0.2442706972360611	0.32599953
transcript54482.chr11.nnic	CHST1	nnic	20	0.3439388275146484	0.38053825
KCNA4-201	KCNA4	known	11	0.4305232167243957	0.7736119
LINC00667-205	LINC00667	known	22	0.2274821549654007	0.35445508
CAPN3-255	CAPN3	known	12	0.3955367803573608	0.47556776
NOL3-203	NOL3	known	30	0.4139752089977264	0.56391025
transcript131619.chr19.nnic	POLD1	nnic	1	0.4441800713539123	0.65599376
transcript97697.chr16.nnic	CCDC113	nnic	44	0.2356493771076202	0.37591034
transcript67283.chr11.nnic	INCENP	nnic	1	0.2149546295404434	0.3404266
SYTL1-210	SYTL1	known	13	0.2466559708118438	0.46637216
IDH1-201	IDH1	known	16	0.3657605946063995	0.532259
VSTM2A-201	VSTM2A	known	36	0.2044791430234909	0.35515457
IL17RC-218	IL17RC	known	23	0.2495774030685424	0.36795574
SNRPB-207	SNRPB	known	7	0.2537763714790344	0.43093914
B9D1-218	B9D1	known	43	0.2437337189912796	0.35192814
transcript169500.chr1.nic	HENMT1	nic	9	0.3897851705551147	0.40264884
ZNF273-201	ZNF273	known	2	0.1580124944448471	0.56025994
COPS2-201	COPS2	known	29	0.3499647676944732	0.49435195
TBC1D8B-206	TBC1D8B	known	17	0.320759654045105	0.37989563
transcript116903.chr8.nnic	XKR9	nnic	11	0.2143733948469162	0.3083735
transcript141668.chr7.nnic	PDAP1	nnic	10	0.2707997858524322	0.34110117
IRF7-201	IRF7	known	23	0.3702665269374847	0.51593846
SCX-201	SCX	known	37	0.4117543697357178	0.5689242
ADCY7-207	ADCY7	known	15	0.4762229919433594	0.6264707
COQ6-202	COQ6	known	16	0.2937868237495422	0.42091328
SMARCAL1-209	SMARCAL1	known	1	0.359437882900238	0.54838943
NPM2-201	NPM2	known	4	0.3230897784233093	0.47898513
CHD8-214	CHD8	known	2	0.3173313736915588	0.5393382
NRXN1-230	NRXN1	known	13	0.6294587254524231	0.80688417
NPEPL1-206	NPEPL1	known	16	0.2478794902563095	0.3830715
TICRR-201	TICRR	known	1	0.378639668226242	0.4910121
CDADC1-201	CDADC1	known	9	0.2849694192409515	0.44599408
CLN8-204	CLN8	known	16	0.3060437738895416	0.45212445
transcript103116.chr1.nic	LRRC42	nic	29	0.2070607841014862	0.33377907
RSBN1-205	RSBN1	known	2	0.3056535720825195	0.48672706
TRIP12-218	TRIP12	known	29	0.383045494556427	0.6221906
ASH1L-209	ASH1L	known	2	0.2994539737701416	0.49365512
IL33-206	IL33	known	26	0.3207493126392364	0.43057603
transcript151676.chr8.nic	FZD6	nic	14	0.2437562644481659	0.3655637
WAC-202	WAC	known	29	0.306631863117218	0.355161
RAB37-208	RAB37	known	25	0.494354784488678	0.6292084
VPS35L-201	VPS35L	known	25	0.313694417476654	0.32840165
AHI1-249	AHI1	known	44	0.3472276329994201	0.46793166
GNAS-232	GNAS	known	44	0.2995385527610779	0.42267972
NLK-201	NLK	known	2	0.2543098032474518	0.5864788
transcript409100.chr2.nic	CAPN10	nic	26	0.2584309577941894	0.35157818
GPAA1-256	GPAA1	known	20	0.3082865178585052	0.35992703
ZIC1-201	ZIC1	known	37	0.3267305195331573	0.5373439
PDIA3-202	PDIA3	known	25	0.3335693776607513	0.43058234
transcript66557.chr3.nnic	HHATL	nnic	16	0.2869017720222473	0.34028366
TCF4-240	TCF4	known	2	0.3247857093811035	0.6327571
BIN1-209	BIN1	known	41	0.5018993616104126	0.6745372
MACF1-247	MACF1	known	36	0.3717240393161773	0.51476777
ODC1-201	ODC1	known	25	0.2419209480285644	0.3464854
SLC25A28-209	SLC25A28	known	11	0.3248308598995209	0.5537111
SRGN-201	SRGN	known	26	0.3026847243309021	0.3817892
RASA4-203	RASA4	known	42	0.2872734367847442	0.33850154
transcript118042.chr8.nnic	MSC	nnic	2	0.2707283794879913	0.544142
RPL30-201	RPL30	known	5	0.5954527258872986	0.6581046
KCNN2-205	KCNN2	known	11	0.3589350581169128	0.7442136
ZFYVE9-203	ZFYVE9	known	32	0.2305858582258224	0.31691208
CSTF2-203	CSTF2	known	8	0.4120921790599823	0.46755615
NFX1-201	NFX1	known	2	0.1811704784631729	0.33331752
NUP85-201	NUP85	known	7	0.6512153744697571	0.7656471
MED16-208	MED16	known	7	0.2895386815071106	0.42190474
HNRNPK-221	HNRNPK	known	8	0.5436455607414246	0.6070002
NDUFS5-202	NDUFS5	known	15	0.408444732427597	0.6308434
DYNLRB1-202	DYNLRB1	known	44	0.401663601398468	0.5489005
UPP1-203	UPP1	known	25	0.2488877177238464	0.42961794
SCARB1-203	SCARB1	known	39	0.3736303746700287	0.49751195
SMURF2-206	SMURF2	known	29	0.4893808364868164	0.7098294
NCL-213	NCL	known	10	0.4183595180511474	0.5405328
ZC3H11A-202	ZC3H11A	known	7	0.4183960258960724	0.5095356
RASGRP2-201	RASGRP2	known	42	0.4387041628360748	0.55665666
HSF4-224	HSF4	known	2	0.2585047781467438	0.45184845
ANK1-213	ANK1	known	27	0.332961767911911	0.43709284
LRCH1-203	LRCH1	known	41	0.2415611743927002	0.3698222
MRPS18B-206	MRPS18B	known	6	0.6944491267204285	0.7581677
NDST2-201	NDST2	known	20	0.5804396271705627	0.5908416
SYNRG-224	SYNRG	known	7	0.2520689964294433	0.39455718
SLC35A4-201	SLC35A4	known	11	0.282721608877182	0.4701096
transcript45106.chrX.nnic	SYTL5	nnic	43	0.3326831758022308	0.5678646
SMARCE1-207	SMARCE1	known	2	0.277213990688324	0.40492645
PPFIBP1-215	PPFIBP1	known	35	0.2195781022310257	0.3057656
GPR83-201	GPR83	known	14	0.3617990911006927	0.629428
TUBA1A-204	TUBA1A	known	44	0.2356332242488861	0.38826084
transcript184627.chr7.nnic	NRF1	nnic	2	0.3350320756435394	0.49698812
RAB26-204	RAB26	known	43	0.3923418521881103	0.5464751
transcript188234.chr10.nnic	GSTO1	nnic	16	0.2433321326971054	0.39536208
PCBP3-206	PCBP3	known	8	0.3457616865634918	0.5031716
SLC25A17-217	SLC25A17	known	11	0.3732367753982544	0.6056365
SBDS-205	SBDS	known	6	0.4891083240509033	0.6409843
ENST00000506672	ENSG00000291113	known	8	0.234288141131401	0.30078322
NSD1-224	NSD1	known	2	0.2921366095542907	0.5408474
KCNC2-201	KCNC2	known	11	0.4267792701721191	0.76521957
CRELD1-234	CRELD1	known	38	0.3279878497123718	0.47092828
transcript68984.chr12.nic	ASIC1	nic	11	0.4031098783016205	0.74407434
transcript160100.chr6.nic	LAMA4	nic	40	0.3062172830104828	0.45120496
NABP2-201	NABP2	known	1	0.4048975110054016	0.5845155
BRD8-201	BRD8	known	2	0.3644085526466369	0.5299654
ZNF555-201	ZNF555	known	2	0.1661241501569748	0.60150075
BTBD3-201	BTBD3	known	36	0.2314252853393554	0.34278136
transcript32802.chr2.nnic	RBKS	nnic	15	0.2511899173259735	0.35032567
PLEKHM1-219	PLEKHM1	known	42	0.2590370178222656	0.31669647
LMNA-232	LMNA	known	28	0.2524687647819519	0.31504112
IL6ST-215	IL6ST	known	31	0.3152270019054413	0.5336709
PIGA-201	PIGA	known	20	0.3586660325527191	0.46362004
TSPOAP1-207	TSPOAP1	known	13	0.2053474932909011	0.3101838
SCN8A-214	SCN8A	known	11	0.4136388599872589	0.782467
ACTN1-203	ACTN1	known	35	0.4077448844909668	0.56510174
transcript43063.chr5.nnic	DAB2	nnic	36	0.3356488645076751	0.41407138
transcript197806.chr11.nnic	ARHGAP32	nnic	42	0.3955885767936706	0.6270884
MYSM1-224	MYSM1	known	1	0.2166270762681961	0.37689862
SRPK1-205	SRPK1	known	8	0.4809626340866089	0.54198635
ADGRE5-203	ADGRE5	known	14	0.4465289711952209	0.6608287
STX12-201	STX12	known	43	0.4788505733013153	0.6432472
RAB15-208	RAB15	known	43	0.4072371423244476	0.56885225
ARFIP1-202	ARFIP1	known	43	0.2817462682723999	0.41595906
EHMT1-203	EHMT1	known	2	0.3028305470943451	0.4549478
RTCA-AS1-203	RTCA-AS1	known	17	0.2709327638149261	0.3578298
MON2-214	MON2	known	7	0.188729390501976	0.31971252
TRHR-202	TRHR	known	14	0.3853794634342193	0.6369336
transcript28699.chr21.nic	RUNX1	nic	10	0.2684054374694824	0.36365283
RNF215-201	RNF215	known	29	0.2710939645767212	0.55358696
CPSF7-205	CPSF7	known	8	0.611248791217804	0.66796124
THOC5-203	THOC5	known	7	0.3530541360378265	0.43647036
FBL-201	FBL	known	9	0.340794175863266	0.50874656
NVL-210	NVL	known	3	0.1991904079914093	0.4544998
ACTB-206	ACTB	known	3	0.269579142332077	0.304625
AP1G1-201	AP1G1	known	43	0.3068834543228149	0.5118437
EGLN3-201	EGLN3	known	19	0.3499380052089691	0.4518012
SLC38A11-211	SLC38A11	known	11	0.4353127777576446	0.64458936
ZNF274-212	ZNF274	known	2	0.186307355761528	0.4549263
CIART-202	CIART	known	2	0.2142231613397598	0.41789046
PMS2P3-202	PMS2P3	known	2	0.146715760231018	0.37213784
AP1G2-204	AP1G2	known	43	0.2150842398405075	0.4458643
NAA10-201	NAA10	known	2	0.2994933128356933	0.449454
MCCC2-219	MCCC2	known	15	0.4474272131919861	0.61117494
AKT1-218	AKT1	known	39	0.3982821106910705	0.5838748
KIF20B-204	KIF20B	known	4	0.366608053445816	0.5191607
YY1-209	YY1	known	2	0.2802167236804962	0.4334883
POLR2E-205	POLR2E	known	8	0.3658011257648468	0.52796334
LRRC8B-205	LRRC8B	known	11	0.2478770166635513	0.3836976
USE1-205	USE1	known	44	0.205223724246025	0.30686632
PACSIN1-206	PACSIN1	known	41	0.4019505977630615	0.50336194
PSEN2-203	PSEN2	known	19	0.385089248418808	0.4017554
ACY1-201	ACY1	known	16	0.2867924273014068	0.46191278
PHACTR1-211	PHACTR1	known	44	0.1841250956058502	0.34219465
PLXNA4-202	PLXNA4	known	36	0.6471661329269409	0.77783763
RPSA-210	RPSA	known	5	0.5636756420135498	0.7001819
GPS1-229	GPS1	known	32	0.4290498495101928	0.54932487
MCM4-225	MCM4	known	1	0.4383682906627655	0.61465627
GPSM2-204	GPSM2	known	30	0.2361231595277786	0.33643216
ABCA5-201	ABCA5	known	11	0.3105025291442871	0.48694825
DHX30-205	DHX30	known	9	0.3841664791107178	0.4038109
POGZ-222	POGZ	known	4	0.2326519340276718	0.3766191
PEX12-201	PEX12	known	5	0.3284462094306946	0.5254315
DACT1-202	DACT1	known	34	0.2600772082805633	0.38395086
CREB3L3-201	CREB3L3	known	18	0.4217070639133453	0.50200015
PIK3R1-220	PIK3R1	known	17	0.6659736037254333	0.6991487
RABL6-208	RABL6	known	44	0.2175700664520263	0.3428958
SULF1-223	SULF1	known	20	0.3360836505889892	0.36224034
ADCY3-212	ADCY3	known	15	0.5176652669906616	0.68232447
MEF2C-244	MEF2C	known	37	0.4290684461593628	0.5208753
ACOT1-201	ACOT1	known	16	0.3964633345603943	0.5529262
RUFY1-201	RUFY1	known	17	0.2832996547222137	0.33259583
PCSK5-205	PCSK5	known	19	0.5531567931175232	0.6260441
ENTPD1-203	ENTPD1	known	20	0.2624321579933166	0.3060607
CELF4-223	CELF4	known	8	0.6476325392723083	0.6737344
KIFBP-205	KIFBP	known	5	0.2868304550647735	0.36529228
FKBP15-212	FKBP15	known	44	0.2817611694335937	0.36335012
BRPF1-211	BRPF1	known	2	0.3813583254814148	0.6808008
ZNRF2-201	ZNRF2	known	29	0.3192799389362335	0.5950769
ZNF83-201	ZNF83	known	2	0.1302812844514846	0.50610447
NRSN1-203	NRSN1	known	11	0.1971763372421264	0.3856911
TBK1-244	TBK1	known	31	0.2734719812870025	0.661421
EEF1A1-208	EEF1A1	known	6	0.4120839834213257	0.51626074
WASHC1-201	WASHC1	known	41	0.5261270403862	0.6230775
CERK-201	CERK	known	17	0.4592940509319305	0.61009896
ZNF134-201	ZNF134	known	2	0.194541797041893	0.63534254
CUL2-246	CUL2	known	29	0.3848371803760528	0.5713486
HEXD-202	HEXD	known	20	0.3321595788002014	0.3888204
POLD2-236	POLD2	known	6	0.2769725322723388	0.3283026
NCAPH2-205	NCAPH2	known	4	0.2909158170223236	0.55435735
DOCK7-203	DOCK7	known	42	0.311724841594696	0.54312813
KAT6B-220	KAT6B	known	2	0.2400599718093872	0.3802242
SLC35F6-201	SLC35F6	known	11	0.2264815717935562	0.39647895
LRRK1-208	LRRK1	known	29	0.1399178206920623	0.33696827
CDK13-221	CDK13	known	8	0.3084823191165924	0.41839772
GREB1L-206	GREB1L	known	2	0.2298304736614227	0.32281104
SPECC1L-201	SPECC1L	known	44	0.2616789638996124	0.43107215
SYS1-201	SYS1	known	18	0.2355124652385711	0.3093827
transcript135926.chr16.nic	GALNS	nic	16	0.3222737610340118	0.44706607
PLEKHO1-201	PLEKHO1	known	42	0.2483516037464141	0.30810943
IQSEC3-203	IQSEC3	known	42	0.2901728749275207	0.38761827
LRSAM1-227	LRSAM1	known	43	0.277350902557373	0.36375037
PAXBP1-206	PAXBP1	known	8	0.4458995759487152	0.5351977
ARID4A-204	ARID4A	known	2	0.305370569229126	0.5002122
CHFR-203	CHFR	known	29	0.3209041953086853	0.47953233
APTX-212	APTX	known	9	0.280663400888443	0.44521266
DAPK2-202	DAPK2	known	31	0.2382845729589462	0.6639239
ASNS-201	ASNS	known	18	0.4070348441600799	0.48639363
CHN1-205	CHN1	known	42	0.4255179464817047	0.62122965
MAP7-204	MAP7	known	44	0.2954773008823395	0.4623134
RFFL-201	RFFL	known	29	0.4160567820072174	0.5845797
SLC2A4-201	SLC2A4	known	11	0.3531952202320099	0.60203713
transcript328372.chr2.nic	LINC01116	nic	37	0.2434229552745819	0.33911863
CNTNAP2-222	CNTNAP2	known	13	0.3897669911384582	0.49604338
SLC6A6-212	SLC6A6	known	11	0.5359991788864136	0.8000919
RIMKLB-205	RIMKLB	known	16	0.2636781334877014	0.39072236
transcript74490.chr18.nnic	ZNF516	nnic	2	0.2241350561380386	0.44914335
CCDC40-207	CCDC40	known	44	0.4806229174137115	0.6425351
RPUSD4-201	RPUSD4	known	9	0.4405606985092163	0.51586926
RBPJ-240	RBPJ	known	37	0.4332626461982727	0.56708795
AKR1C2-202	AKR1C2	known	16	0.4459831714630127	0.5894698
C17orf58-204	C17orf58	known	34	0.2284701913595199	0.3814214
transcript14612.chr1.nic	PER3	nic	3	0.1973420828580856	0.3019626
MBNL2-207	MBNL2	known	8	0.3544023036956787	0.38229072
BTN3A3-201	BTN3A3	known	24	0.4303339123725891	0.736992
ERLIN2-204	ERLIN2	known	18	0.3898414671421051	0.547335
SUMF1-201	SUMF1	known	20	0.2700308263301849	0.4048389
ABHD3-207	ABHD3	known	17	0.3950929939746856	0.61936617
SPG7-251	SPG7	known	5	0.2723383009433746	0.34378976
transcript291201.chr1.nic	NEK7	nic	31	0.2447393834590912	0.67801833
LRRC4C-207	LRRC4C	known	36	0.3169796764850616	0.41345078
DMD-201	DMD	known	41	0.3429722189903259	0.5949059
ST3GAL5-208	ST3GAL5	known	20	0.6431472301483154	0.7207381
PSTPIP2-201	PSTPIP2	known	41	0.3064884543418884	0.5078371
RXFP1-211	RXFP1	known	14	0.4971328675746918	0.7584203
VGLL4-211	VGLL4	known	2	0.1927128285169601	0.35050362
ZNF24-201	ZNF24	known	2	0.1620453596115112	0.55831337
ALCAM-207	ALCAM	known	35	0.3672419786453247	0.587215
RABGGTA-220	RABGGTA	known	8	0.223178818821907	0.30638784
CNBP-208	CNBP	known	16	0.2566831409931183	0.41973186
ATP1B1-211	ATP1B1	known	11	0.4464937150478363	0.7210055
TBC1D14-202	TBC1D14	known	42	0.3073981404304504	0.41487288
NEU1-212	NEU1	known	16	0.2681389153003692	0.36016095
TMEM259-201	TMEM259	known	27	0.2462834268808365	0.30436268
BTG2-202	BTG2	known	15	0.2490120679140091	0.35282296
HMGCS1-203	HMGCS1	known	16	0.2327980548143386	0.30688816
transcript154785.chr1.nnic	HFM1	nnic	1	0.3379060328006744	0.5125753
SLC39A3-202	SLC39A3	known	11	0.2987374365329742	0.5439976
IL10RB-201	IL10RB	known	23	0.3435885906219482	0.55161536
PAPLN-212	PAPLN	known	40	0.3284890353679657	0.51848495
transcript150349.chr9.nnic	UBQLN1-AS1	nnic	2	0.1847432851791381	0.4109872
PIGL-210	PIGL	known	20	0.3489588797092438	0.43453938
KLHL15-205	KLHL15	known	29	0.2272915542125702	0.4710111
TSC2-202	TSC2	known	7	0.4066854119300842	0.5433241
TAC3-209	TAC3	known	14	0.3283238410949707	0.42548895
TAF8-201	TAF8	known	2	0.2725554704666137	0.4180029
EFNA3-201	EFNA3	known	36	0.4460205137729645	0.6019476
INHA-201	INHA	known	38	0.2665362656116485	0.39017075
TACC2-206	TACC2	known	44	0.2887735962867737	0.43207496
NCAM2-202	NCAM2	known	36	0.321917712688446	0.4827737
RPS15A-201	RPS15A	known	5	0.5521239042282104	0.6028231
POGLUT2-205	POGLUT2	known	20	0.464632511138916	0.5287902
IMPDH2-207	IMPDH2	known	15	0.3621321320533752	0.5049755
DISC1-207	DISC1	known	44	0.2347665727138519	0.32664004
GORASP1-210	GORASP1	known	43	0.298822283744812	0.39151597
RASIP1-201	RASIP1	known	42	0.3493788540363312	0.4323524
NSRP1-204	NSRP1	known	8	0.2731977999210357	0.37368155
SENP6-203	SENP6	known	2	0.2487480342388153	0.35659963
transcript109463.chr6.nic	LMBRD1	nic	11	0.2282029688358307	0.3468217
DHRS12-201	DHRS12	known	16	0.3089527785778045	0.42554608
RPN1-207	RPN1	known	18	0.2570082545280456	0.38139433
SECTM1-201	SECTM1	known	23	0.2810789048671722	0.42821628
IFT172-222	IFT172	known	44	0.3638700246810913	0.5334276
ZSCAN21-201	ZSCAN21	known	2	0.1570105850696563	0.53493994
KPNA2-210	KPNA2	known	7	0.4601528644561767	0.6641917
ADSL-233	ADSL	known	15	0.4295473098754883	0.6024334
ZNF268-206	ZNF268	known	2	0.2467219978570938	0.4404498
ARHGAP45-212	ARHGAP45	known	42	0.459149032831192	0.6627445
MYT1L-254	MYT1L	known	8	0.2721958458423614	0.34540886
PRPF40A-212	PRPF40A	known	8	0.4450958967208862	0.4798914
ACSL1-212	ACSL1	known	15	0.5725148916244507	0.7348483
SNAP47-203	SNAP47	known	43	0.2690362334251404	0.35152036
HACE1-203	HACE1	known	29	0.3468786478042602	0.60161096
TRAF3-207	TRAF3	known	23	0.3755907714366913	0.5838369
CCDC112-205	CCDC112	known	44	0.3274859189987182	0.44842505
CAST-201	CAST	known	30	0.3678838908672333	0.76710093
ZNF334-203	ZNF334	known	2	0.1805620938539505	0.5461103
ENST00000514813	ENSG00000291066	known	7	0.2572837769985199	0.3743723
DENND4C-201	DENND4C	known	42	0.2589344084262848	0.35112768
PKP4-201	PKP4	known	35	0.4742275178432464	0.644279
TFDP2-215	TFDP2	known	4	0.4330723881721496	0.6274023
CHMP1B-201	CHMP1B	known	44	0.4306727945804596	0.6648918
transcript30012.chr21.nic	SIM2	nic	14	0.1559157967567443	0.3583629
ADAM11-202	ADAM11	known	40	0.325907289981842	0.4125913
DYNC2I1-202	DYNC2I1	known	44	0.3221449851989746	0.44341126
PSMF1-201	PSMF1	known	29	0.3783909380435943	0.5721945
HACD3-211	HACD3	known	15	0.464016318321228	0.6328085
DCP1B-201	DCP1B	known	7	0.2986889779567718	0.40464932
GHDC-201	GHDC	known	16	0.2964322865009308	0.40336418
ZNF544-201	ZNF544	known	2	0.1975256204605102	0.49426252
KALRN-211	KALRN	known	42	0.3673625588417053	0.4790821
VRK1-222	VRK1	known	2	0.2545474469661712	0.6012053
HCAR2-201	HCAR2	known	14	0.3347640633583069	0.60652673
HMBOX1-208	HMBOX1	known	2	0.3231965601444244	0.42075586
CABIN1-214	CABIN1	known	1	0.272208958864212	0.4476033
PPIH-207	PPIH	known	8	0.3747849464416504	0.43494374
SLC18A2-202	SLC18A2	known	11	0.2995258867740631	0.45837426
PGM1-205	PGM1	known	25	0.5633318424224854	0.7022976
MIEF2-203	MIEF2	known	27	0.3633666932582855	0.39580145
MSL1-203	MSL1	known	2	0.2918553352355957	0.44676533
MEN1-214	MEN1	known	19	0.2236647605895996	0.3097822
KCNMA1-243	KCNMA1	known	11	0.4106339812278747	0.78089225
SLC9A5-201	SLC9A5	known	11	0.5045682191848755	0.7604605
PYGO2-202	PYGO2	known	3	0.2681859731674194	0.33689046
ZNF556-201	ZNF556	known	2	0.1740748137235641	0.50643766
WIPI2-202	WIPI2	known	22	0.3732113242149353	0.6016782
HPX-201	HPX	known	40	0.254884660243988	0.32130238
CDH22-201	CDH22	known	35	0.4460781216621399	0.6752933
TBC1D1-203	TBC1D1	known	21	0.2111411243677139	0.3269759
ARFIP1-205	ARFIP1	known	43	0.2839945256710052	0.40894398
NINL-211	NINL	known	44	0.2464990317821502	0.31999558
SYN1-202	SYN1	known	13	0.2765087485313415	0.37050256
FOXRED1-219	FOXRED1	known	15	0.3042734265327453	0.4540152
NUDT12-201	NUDT12	known	9	0.3188250660896301	0.37352517
HEXA-229	HEXA	known	16	0.2756593227386474	0.49718648
transcript231322.chr7.nnic	AGAP3	nnic	5	0.2946266829967499	0.48670873
NDUFA10-212	NDUFA10	known	15	0.5188868045806885	0.7202442
ZSCAN31-201	ZSCAN31	known	2	0.1849050670862198	0.5825039
OSBPL3-207	OSBPL3	known	42	0.2885186970233917	0.34671924
CYRIA-201	CYRIA	known	30	0.2493133395910263	0.32787943
GALNT16-203	GALNT16	known	20	0.5033955574035645	0.58242536
KMT2A-212	KMT2A	known	2	0.29855477809906	0.477984
TBL2-209	TBL2	known	6	0.2624537050724029	0.33717903
SMARCC2-207	SMARCC2	known	2	0.323505163192749	0.47166595
RBFOX1-226	RBFOX1	known	8	0.276998907327652	0.30628413
MAPK10-345	MAPK10	known	31	0.4110671877861023	0.68916357
NOL4-201	NOL4	known	2	0.3616417050361633	0.50237507
RAB40C-204	RAB40C	known	42	0.2789332866668701	0.493918
LARGE1-214	LARGE1	known	20	0.6320492029190063	0.6974284
COG8-202	COG8	known	43	0.2833386361598968	0.4780031
POU6F2-207	POU6F2	known	2	0.2324793636798858	0.5234481
CCDC121-201	CCDC121	known	44	0.2274740040302276	0.33206916
IFITM2-205	IFITM2	known	23	0.3375077843666076	0.49591845
UBR4-206	UBR4	known	29	0.3152303695678711	0.41089916
OXA1L-208	OXA1L	known	6	0.3193145096302032	0.5082809
ACO2-223	ACO2	known	15	0.4866183996200561	0.5830551
DUSP12-203	DUSP12	known	32	0.3178310096263885	0.4676649
CEP152-203	CEP152	known	44	0.4493931531906128	0.56579894
HEXA-224	HEXA	known	20	0.4535542726516723	0.52714056
transcript251345.chr7.nnic	NCAPG2	nnic	3	0.2307463586330413	0.3201494
CYRIB-215	CYRIB	known	30	0.2722626030445099	0.35303882
ZNF211-211	ZNF211	known	2	0.1945514976978302	0.53005874
SOX8-201	SOX8	known	37	0.4311897456645965	0.56415665
ARHGEF10-205	ARHGEF10	known	41	0.4024315476417541	0.58116823
ENST00000648864	ENSG00000290685	known	37	0.2223996669054031	0.36753166
NALCN-211	NALCN	known	11	0.4382940828800201	0.8764254
SYNE2-222	SYNE2	known	44	0.2490109056234359	0.4117856
CEP78-202	CEP78	known	44	0.2326371520757675	0.33762175
ATE1-229	ATE1	known	29	0.3070539534091949	0.5294796
TRHDE-AS1-212	TRHDE-AS1	known	5	0.381099134683609	0.44553453
KRBOX4-207	KRBOX4	known	2	0.1587483435869217	0.39032894
TRIP11-201	TRIP11	known	44	0.3926395177841186	0.5054784
DCAF7-205	DCAF7	known	44	0.2094353884458542	0.3458631
ZBTB7C-221	ZBTB7C	known	2	0.265978068113327	0.39572185
transcript118357.chr2.nnic	TRABD2A	nnic	20	0.2632327973842621	0.30673632
ETNK1-201	ETNK1	known	17	0.494054913520813	0.6466332
UBE2B-206	UBE2B	known	29	0.4529884755611419	0.69882154
NEUROD6-201	NEUROD6	known	37	0.2733682096004486	0.5524126
PCDHA6-201	PCDHA6	known	35	0.2872554957866668	0.7270981
CIZ1-228	CIZ1	known	2	0.2217000275850296	0.38306722
OSBPL9-207	OSBPL9	known	16	0.3444023132324219	0.5802597
GRTP1-203	GRTP1	known	42	0.4334672093391418	0.6555665
KCNT1-230	KCNT1	known	3	0.2475377023220062	0.3463937
TCF4-293	TCF4	known	2	0.3348821699619293	0.65363395
SPTBN2-211	SPTBN2	known	36	0.3692168891429901	0.6105348
CFLAR-207	CFLAR	known	19	0.4165962636470794	0.5901626
CRBN-203	CRBN	known	29	0.3635113537311554	0.57770765
ZNF133-214	ZNF133	known	2	0.1886963546276092	0.5707318
RNPC3-206	RNPC3	known	8	0.3275759518146515	0.38486442
OXA1L-209	OXA1L	known	6	0.2722401916980743	0.4956728
ADH1B-204	ADH1B	known	16	0.2912866473197937	0.44745454
MCF2-208	MCF2	known	42	0.288902997970581	0.38823286
ATP2B2-214	ATP2B2	known	15	0.2980922162532806	0.50930893
BAIAP2-220	BAIAP2	known	41	0.5125707387924194	0.6150788
ZNF568-215	ZNF568	known	2	0.1832887083292007	0.64112675
PLPP2-202	PLPP2	known	17	0.3277598619461059	0.5197648
ARHGAP5-202	ARHGAP5	known	42	0.3394303917884826	0.45215353
SNAP47-222	SNAP47	known	43	0.2428736090660095	0.31163704
NBN-213	NBN	known	1	0.4817043542861938	0.63460875
B2M-211	B2M	known	25	0.4612146615982055	0.6238736
transcript74621.chr4.nnic	RELL1	nnic	13	0.2671124935150146	0.37474567
CDK5RAP2-229	CDK5RAP2	known	44	0.4468143880367279	0.5462427
TRPM7-204	TRPM7	known	11	0.3606722354888916	0.73167527
STXBP1-217	STXBP1	known	43	0.2790404558181762	0.40957937
ATP7A-219	ATP7A	known	40	0.2576133608818054	0.3222987
BIRC6-215	BIRC6	known	29	0.3107017874717712	0.41071853
RSAD2-207	RSAD2	known	9	0.2518695890903473	0.3293534
SRM-201	SRM	known	9	0.3752667903900146	0.40459985
SLC37A4-208	SLC37A4	known	11	0.3285728693008423	0.5792145
DHX9-207	DHX9	known	8	0.2716344594955444	0.46800274
TBRG1-205	TBRG1	known	29	0.2489412575960159	0.3566764
PRICKLE1-201	PRICKLE1	known	34	0.2686778008937835	0.37527305
transcript318549.chr1.nnic	MARK1	nnic	44	0.3478436470031738	0.6535488
TNRC6B-205	TNRC6B	known	2	0.2109605073928833	0.3913274
SLC3A2-221	SLC3A2	known	11	0.3626728951931	0.5427737
SMC1A-202	SMC1A	known	4	0.4096327424049377	0.66439265
GATB-202	GATB	known	6	0.3976248502731323	0.5128645
transcript183645.chr10.nnic	AS3MT	nnic	9	0.239282488822937	0.32176754
CSE1L-201	CSE1L	known	7	0.6140069365501404	0.7653705
HYAL2-208	HYAL2	known	20	0.3769624233245849	0.47134048
SCUBE2-201	SCUBE2	known	40	0.2599496841430664	0.34962195
ARHGAP32-209	ARHGAP32	known	42	0.4296654760837555	0.6425956
CD68-201	CD68	known	25	0.4929254353046417	0.5158487
ZNF841-203	ZNF841	known	2	0.1397410482168197	0.5352117
RNPS1-216	RNPS1	known	8	0.627079427242279	0.69010437
B4GALT4-202	B4GALT4	known	20	0.6281608939170837	0.67233694
MSANTD2-204	MSANTD2	known	2	0.1733102947473526	0.31664687
PLTP-201	PLTP	known	25	0.2380556315183639	0.3283472
SHC1-205	SHC1	known	39	0.3754735589027405	0.46537107
RPL14-203	RPL14	known	5	0.5842968225479126	0.7709296
HSPA5-214	HSPA5	known	25	0.4218566119670868	0.46836314
HPS1-202	HPS1	known	43	0.3354199528694153	0.49645227
transcript91656.chr17.nnic	EPN3	nnic	41	0.2061421424150467	0.36978865
NFATC1-202	NFATC1	known	24	0.2786184549331665	0.5744704
RARS2-253	RARS2	known	9	0.3620516359806061	0.5084653
BTN3A1-204	BTN3A1	known	24	0.4063934683799743	0.72311145
PDIA6-202	PDIA6	known	25	0.2669501900672912	0.41019735
NSUN4-204	NSUN4	known	9	0.5228087306022644	0.5644689
ZNF646-203	ZNF646	known	2	0.2216555923223495	0.44912404
RGS12-210	RGS12	known	42	0.2304358929395675	0.33834133
ZMYND8-205	ZMYND8	known	2	0.3200297355651855	0.55637634
transcript55350.chr10.nic	MSRB2	nic	6	0.2791393399238586	0.32122293
RUVBL2-208	RUVBL2	known	1	0.4200714528560638	0.57295465
SLC26A9-203	SLC26A9	known	11	0.5010643601417542	0.76999605
KMT5B-219	KMT5B	known	2	0.3372218012809753	0.5663834
transcript12621.chr2.nic	MBOAT2	nic	18	0.2476779073476791	0.30997795
EPHA7-212	EPHA7	known	39	0.376197338104248	0.5315893
USP37-201	USP37	known	29	0.2753452062606811	0.557997
ZNF773-201	ZNF773	known	2	0.1682409346103668	0.55984575
PIGO-210	PIGO	known	20	0.3236698806285858	0.3617522
transcript223412.chr2.nic	NPAS2	nic	2	0.2041795998811721	0.43661004
DNMT3B-203	DNMT3B	known	2	0.3159392476081848	0.4657623
WASF3-201	WASF3	known	41	0.4506642818450928	0.5118004
SLC4A3-202	SLC4A3	known	11	0.505180299282074	0.7441246
SUN1-203	SUN1	known	20	0.2928152978420257	0.3183512
NLGN3-220	NLGN3	known	13	0.1869063228368759	0.30239877
TSC2-243	TSC2	known	7	0.4149697422981262	0.55228597
SFMBT1-201	SFMBT1	known	2	0.2518411576747894	0.3533019
transcript27178.chr18.nic	RBBP8	nic	44	0.2358267456293106	0.30968753
UBOX5-202	UBOX5	known	29	0.2713109254837036	0.56045276
TUBGCP2-221	TUBGCP2	known	44	0.4227556884288788	0.6014308
KCNT2-207	KCNT2	known	11	0.3946506977081299	0.782143
FTSJ3-201	FTSJ3	known	9	0.4349973499774933	0.63677084
GABPB2-201	GABPB2	known	2	0.2044973671436309	0.38209742
TSEN54-215	TSEN54	known	1	0.287108302116394	0.4524254
ACTR5-201	ACTR5	known	10	0.2064568698406219	0.3170723
NOTCH2NLA-203	NOTCH2NLA	known	39	0.2914194464683532	0.39523
CUL4B-220	CUL4B	known	29	0.295985996723175	0.41570657
AGAP12P-204	AGAP12P	known	42	0.2262837886810302	0.3048704
MMS19-209	MMS19	known	1	0.2705835700035095	0.3792769
CCZ1-204	CCZ1	known	42	0.3026496171951294	0.40183544
FOXRED2-217	FOXRED2	known	20	0.3262584805488586	0.36558786
EFCAB14-203	EFCAB14	known	20	0.302971601486206	0.3330223
PTPRT-201	PTPRT	known	35	0.4200113713741302	0.5347684
SNX10-201	SNX10	known	43	0.236477717757225	0.33257422
DICER1-232	DICER1	known	9	0.2709733247756958	0.4054296
ZBTB37-201	ZBTB37	known	2	0.1841759234666824	0.41354784
ZNF266-205	ZNF266	known	2	0.1669216901063919	0.5480262
MYCBP2-201	MYCBP2	known	36	0.2837423384189605	0.37513357
CLN3-249	CLN3	known	11	0.2770548164844513	0.39240402
CREB5-202	CREB5	known	2	0.2856494784355163	0.6260742
TAF1-221	TAF1	known	2	0.4272996783256531	0.5383493
NAV1-208	NAV1	known	44	0.2625677585601806	0.34924123
ARHGEF10L-202	ARHGEF10L	known	41	0.4095312058925628	0.6225598
AIMP1-217	AIMP1	known	6	0.3808710873126983	0.44679108
transcript2992.chr19.nnic	RNF126	nnic	30	0.3607698678970337	0.45928302
GAS8-220	GAS8	known	44	0.4682275056838989	0.6713421
ABCD4-211	ABCD4	known	11	0.3487366735935211	0.49880105
SPTBN2-208	SPTBN2	known	36	0.3692168891429901	0.6105348
LRP8-201	LRP8	known	36	0.3741912841796875	0.45265087
NR2C2-201	NR2C2	known	2	0.3564561307430267	0.7110602
HMCES-202	HMCES	known	1	0.2825607359409332	0.48675576
HK3-201	HK3	known	15	0.5418684482574463	0.6940359
GPR52-201	GPR52	known	14	0.4167951345443725	0.76611817
ELP4-201	ELP4	known	4	0.2417685687541961	0.43738356
KDM2B-201	KDM2B	known	2	0.3755998313426971	0.6925237
HTR4-208	HTR4	known	14	0.5016156435012817	0.7643825
CX3CL1-201	CX3CL1	known	38	0.4432519078254699	0.5461542
SLC2A11-220	SLC2A11	known	11	0.3280113637447357	0.48969564
GDPD1-206	GDPD1	known	16	0.278092622756958	0.45490855
ARMC9-238	ARMC9	known	44	0.2122794687747955	0.31567582
YJU2-201	YJU2	known	8	0.2216218262910843	0.3223463
VPS25-201	VPS25	known	29	0.2675392031669616	0.382226
NDUFS3-215	NDUFS3	known	25	0.2675017416477203	0.31979918
transcript74542.chr3.nnic	ATRIP	nnic	2	0.2376889288425445	0.3387097
AFDN-208	AFDN	known	42	0.2417095154523849	0.33258954
AP3B1-216	AP3B1	known	43	0.2576900720596313	0.3788473
D2HGDH-201	D2HGDH	known	16	0.3520731329917907	0.5578445
GNAS-226	GNAS	known	25	0.3555731177330017	0.43415576
HMGB3-201	HMGB3	known	1	0.2835155725479126	0.426756
IP6K2-210	IP6K2	known	17	0.5965588092803955	0.6898421
FGF5-203	FGF5	known	17	0.5803419351577759	0.640538
ANK2-269	ANK2	known	27	0.370878666639328	0.49755615
AGMO-201	AGMO	known	16	0.273469865322113	0.33554953
TAS2R7-201	TAS2R7	known	14	0.4126184284687042	0.7815093
KBTBD11-201	KBTBD11	known	29	0.1653759777545929	0.35540378
AACS-205	AACS	known	16	0.3613809943199157	0.5640695
FMNL3-201	FMNL3	known	41	0.2918258905410766	0.43632793
MKRN3-201	MKRN3	known	29	0.2466024458408355	0.48907924
PLA2R1-201	PLA2R1	known	40	0.2311870604753494	0.34562898
CDK10-210	CDK10	known	3	0.3266389071941376	0.448279
NOL12-202	NOL12	known	9	0.2870718240737915	0.4473465
PCDHA2-203	PCDHA2	known	35	0.2804299592971802	0.6881769
PTPRA-204	PTPRA	known	35	0.3307103812694549	0.72484314
ARPP19-202	ARPP19	known	4	0.2547633349895477	0.40823078
SNAPC4-206	SNAPC4	known	2	0.2196855247020721	0.37261233
BRWD1-205	BRWD1	known	2	0.2421341687440872	0.32065573
ADA-201	ADA	known	15	0.4168761670589447	0.57950425
EPG5-216	EPG5	known	3	0.2991262972354889	0.36639962
TUBGCP2-215	TUBGCP2	known	44	0.3686252236366272	0.5558022
CANX-242	CANX	known	19	0.2948303520679474	0.37217683
INTS3-204	INTS3	known	8	0.3344292938709259	0.4718929
CAMK2G-206	CAMK2G	known	12	0.3118500411510467	0.48240796
GNL3L-201	GNL3L	known	10	0.3097005784511566	0.43770242
ANAPC16-202	ANAPC16	known	29	0.2611976563930511	0.3707895
MFSD3-203	MFSD3	known	11	0.2930261492729187	0.47754914
PHF21A-231	PHF21A	known	2	0.2470818907022476	0.41607237
transcript130903.chr19.nnic	NUP62	nnic	7	0.6384159922599792	0.74096656
MNT-201	MNT	known	2	0.2462517619132995	0.47154728
RNF187-201	RNF187	known	44	0.2799461185932159	0.41110545
ITGA2-201	ITGA2	known	35	0.3615929782390594	0.55805445
PLD3-245	PLD3	known	25	0.3507855832576751	0.38788468
L3MBTL2-206	L3MBTL2	known	2	0.2604633271694183	0.42166814
HNRNPK-202	HNRNPK	known	8	0.5614951252937317	0.6205969
PMP22-230	PMP22	known	35	0.281640887260437	0.3863936
transcript193536.chr6.nic	VTA1	nic	43	0.2204993367195129	0.36900792
SRSF3-202	SRSF3	known	8	0.7135457992553711	0.7681937
CCDC144BP-206	CCDC144BP	known	44	0.2207325994968414	0.3119774
MCF2-210	MCF2	known	42	0.3450832962989807	0.48016667
TIGD1-201	TIGD1	known	1	0.1926334500312805	0.31628713
GLUD1-224	GLUD1	known	26	0.3711287677288055	0.4855278
FIG4-260	FIG4	known	17	0.550853967666626	0.62941897
ST8SIA4-202	ST8SIA4	known	20	0.3471169471740722	0.42408007
RBMS3-203	RBMS3	known	8	0.282805323600769	0.3613833
MAP2K4-215	MAP2K4	known	31	0.5591069459915161	0.84821826
PLD3-244	PLD3	known	25	0.3173458576202392	0.34810954
KLC1-204	KLC1	known	43	0.2898718118667602	0.3961684
SENP2-201	SENP2	known	19	0.2993325889110565	0.37870416
transcript206936.chr9.nic	NIBAN2	nic	43	0.223158523440361	0.30541858
HRH3-202	HRH3	known	14	0.4326966106891632	0.6901856
YARS1-203	YARS1	known	6	0.317284882068634	0.46746874
EGLN1-201	EGLN1	known	2	0.2415898889303207	0.32308397
SH2B1-203	SH2B1	known	39	0.37449711561203	0.39659756
SNRNP70-206	SNRNP70	known	8	0.7134055495262146	0.80474365
ETFBKMT-201	ETFBKMT	known	9	0.392045259475708	0.44015774
TMA7-202	TMA7	known	5	0.2896058261394501	0.39775175
RAB7B-201	RAB7B	known	43	0.3765813410282135	0.6041855
DDX3X-260	DDX3X	known	8	0.4049194157123565	0.5733195
TUBB2A-203	TUBB2A	known	25	0.2413592338562011	0.3390785
PDHA1-213	PDHA1	known	15	0.3480068147182464	0.50862706
ENST00000690546	ENSG00000291176	known	16	0.2682633101940155	0.391697
IGHG3-201	IGHG3	known	24	0.4666191637516022	0.65482306
MBP-204	MBP	known	27	0.4183616936206817	0.54448867
SPOCK1-201	SPOCK1	known	30	0.3352101445198059	0.6772298
RELT-201	RELT	known	31	0.2984958589076996	0.44656977
PPP5C-201	PPP5C	known	25	0.4646039605140686	0.4907628
MED17-221	MED17	known	44	0.2431773990392685	0.34214783
EIF3E-206	EIF3E	known	29	0.3551022112369537	0.5420525
SMCHD1-216	SMCHD1	known	1	0.3504729866981506	0.47734532
SMC6-208	SMC6	known	3	0.2220155298709869	0.38107544
HTATSF1-203	HTATSF1	known	8	0.5566559433937073	0.63584507
RPL19-213	RPL19	known	5	0.5315865874290466	0.64008445
STK25-228	STK25	known	31	0.5568965673446655	0.7123944
ZNF391-201	ZNF391	known	2	0.1555236577987671	0.6186713
ANAPC5-208	ANAPC5	known	5	0.1699084341526031	0.31125796
NPEPPS-238	NPEPPS	known	19	0.3177705705165863	0.40564734
SH2B3-201	SH2B3	known	17	0.2672058343887329	0.37576684
TRIM2-280	TRIM2	known	29	0.2582050263881683	0.56744754
NAP1L1-203	NAP1L1	known	8	0.2365166693925857	0.35248074
RNF19B-203	RNF19B	known	29	0.4453798234462738	0.6543614
EED-207	EED	known	2	0.3024443089962005	0.4720336
DUSP28-202	DUSP28	known	32	0.3067698180675506	0.4993052
UBXN7-201	UBXN7	known	29	0.2129987925291061	0.32659322
LAIR1-209	LAIR1	known	25	0.5284703969955444	0.5911225
TBK1-248	TBK1	known	31	0.2908515930175781	0.7490412
MTUS1-205	MTUS1	known	44	0.2454137057065963	0.3745913
MAD2L2-207	MAD2L2	known	4	0.3665275275707245	0.4481266
DOCK4-218	DOCK4	known	44	0.2496674060821533	0.36403424
transcript14607.chr2.nnic	GRHL1	nnic	37	0.2621097266674042	0.456178
RNF14-203	RNF14	known	29	0.4860634803771972	0.6975477
IRF3-201	IRF3	known	23	0.4186910986900329	0.5772127
ZNF331-222	ZNF331	known	2	0.1683529615402221	0.6164775
ENST00000623075	ENSG00000280383	known	24	0.2742309868335724	0.3816819
METTL1-202	METTL1	known	9	0.538240909576416	0.6350762
CAST-228	CAST	known	30	0.3649466931819916	0.7591599
MAGI3-203	MAGI3	known	35	0.2929394841194153	0.38798487
CNTNAP4-204	CNTNAP4	known	13	0.2329272925853729	0.386577
TFEB-205	TFEB	known	2	0.3718317151069641	0.58752596
TSTD2-201	TSTD2	known	9	0.2329567223787307	0.37386787
COL9A2-202	COL9A2	known	40	0.4182812571525574	0.7011994
transcript68955.chr18.nnic	CCDC102B	nnic	44	0.2213166356086731	0.33292052
ZBTB16-201	ZBTB16	known	2	0.2471276670694351	0.49379238
GPR65-201	GPR65	known	14	0.3359237313270569	0.6581747
PRMT7-203	PRMT7	known	9	0.3616704046726227	0.42429724
LMO3-211	LMO3	known	32	0.2352892309427261	0.39962628
PDE4D-227	PDE4D	known	12	0.3292594254016876	0.54504526
PAFAH2-201	PAFAH2	known	16	0.2207745164632797	0.3567764
WDR45-205	WDR45	known	22	0.357177197933197	0.62469876
HNRNPH1-215	HNRNPH1	known	8	0.6467081904411316	0.70461917
CENPI-208	CENPI	known	3	0.2545593082904815	0.40256244
transcript58336.chr20.nnic	TOMM34	nnic	5	0.2049916088581085	0.33484998
ARHGEF9-213	ARHGEF9	known	42	0.3668207228183746	0.5739209
XRN1-201	XRN1	known	10	0.3837573826313019	0.54929334
SORBS2-252	SORBS2	known	31	0.3327734172344208	0.48141623
ADAM9-205	ADAM9	known	40	0.2868508696556091	0.39964846
KIAA0319L-240	KIAA0319L	known	36	0.2331989109516143	0.30963808
transcript105250.chr19.nic	DPF1	nic	2	0.3168613314628601	0.5387618
RREB1-202	RREB1	known	2	0.2692834436893463	0.5428063
XRCC2-201	XRCC2	known	1	0.3904920220375061	0.6027134
KIAA1217-209	KIAA1217	known	37	0.2106245905160904	0.3180926
HIGD1A-202	HIGD1A	known	21	0.1799231618642807	0.3070206
transcript27674.chr6.nnic	E2F3	nnic	44	0.2581666111946106	0.33297938
BAZ2B-208	BAZ2B	known	2	0.3090718686580658	0.45809445
NUP62CL-201	NUP62CL	known	44	0.2160873115062713	0.34105968
DNPEP-203	DNPEP	known	19	0.3045328855514526	0.43855268
DGKG-203	DGKG	known	39	0.7110272645950317	0.7703582
ENST00000692721	ENSG00000289001	known	16	0.1921786218881607	0.38386324
FAR2-212	FAR2	known	16	0.3124169409275055	0.4925022
CDC27-210	CDC27	known	4	0.3479085862636566	0.497909
transcript57873.chr12.nic	GXYLT1	nic	20	0.5515438318252563	0.6049294
SAMSN1-204	SAMSN1	known	31	0.2486558109521865	0.3234114
CCDC82-230	CCDC82	known	1	0.2431912720203399	0.3503557
ZNF580-201	ZNF580	known	2	0.1903693825006485	0.49179482
transcript156198.chr5.nnic	LMNB1	nnic	27	0.3094817399978637	0.37491775
GPR171-203	GPR171	known	14	0.3158105313777923	0.66490245
UBA2-202	UBA2	known	9	0.382171481847763	0.43558598
GPS1-204	GPS1	known	32	0.4224639236927032	0.54249775
TAF6-267	TAF6	known	2	0.3533131182193756	0.4550003
ZZZ3-201	ZZZ3	known	2	0.3028221130371094	0.4334281
ADM-201	ADM	known	14	0.428849846124649	0.5328225
ATP7B-212	ATP7B	known	15	0.2345482259988784	0.35678977
CDKL5-203	CDKL5	known	36	0.3789841532707214	0.54294384
STXBP5-208	STXBP5	known	44	0.2738640606403351	0.39741302
transcript47808.chr3.nic	TGFBR2	nic	37	0.4982881546020508	0.6079568
MARCHF7-201	MARCHF7	known	29	0.437976986169815	0.5493169
MRPS9-201	MRPS9	known	6	0.6840309500694275	0.7661977
TAF5-208	TAF5	known	2	0.326188325881958	0.45449632
FOXP1-239	FOXP1	known	2	0.3500834703445434	0.5499423
PDZD11-205	PDZD11	known	13	0.2554433643817901	0.38287276
CEP290-206	CEP290	known	44	0.2809284925460815	0.3940537
VPS37B-201	VPS37B	known	43	0.3217146396636963	0.43070993
RPA2-203	RPA2	known	1	0.3988009393215179	0.5952951
VAMP3-201	VAMP3	known	25	0.509414553642273	0.6452911
ZNF7-217	ZNF7	known	2	0.1727916896343231	0.54225683
transcript217642.chr3.nic	OSBPL11	nic	16	0.2666453123092651	0.4944715
DLD-203	DLD	known	15	0.4844979047775268	0.63104093
transcript180276.chr12.nnic	MTRFR	nnic	6	0.3592640459537506	0.40523547
PITPNM1-209	PITPNM1	known	17	0.1953572779893875	0.31268296
transcript154962.chr12.nic	WSCD2	nic	19	0.3363753259181976	0.45997986
BMP4-206	BMP4	known	34	0.3524834811687469	0.49979466
CMC2-206	CMC2	known	15	0.2704033255577087	0.4548358
MACF1-257	MACF1	known	39	0.3041133284568786	0.3279937
transcript1857.chrX.nnic	GTPBP6	nnic	6	0.3900416791439056	0.41027766
ZNF143-203	ZNF143	known	2	0.2567213177680969	0.5437683
TBC1D5-210	TBC1D5	known	42	0.2604044079780578	0.39910063
NME1-209	NME1	known	15	0.290284126996994	0.35436517
P2RX4-205	P2RX4	known	11	0.4182026982307434	0.7425138
transcript141115.chr17.nnic	SIRT7	nnic	9	0.3800617754459381	0.41118947
HSPA5-215	HSPA5	known	25	0.4218566119670868	0.46836314
PLRG1-204	PLRG1	known	3	0.2282728254795074	0.31209517
GNAS-273	GNAS	known	44	0.3534647822380066	0.46474618
FRZB-201	FRZB	known	34	0.3204348385334015	0.44511232
BMP2K-202	BMP2K	known	31	0.1656335741281509	0.3575872
SETD5-241	SETD5	known	2	0.358323186635971	0.5544026
ECHS1-201	ECHS1	known	16	0.3783524930477142	0.5494861
DNMT3B-205	DNMT3B	known	2	0.312659204006195	0.45212904
transcript15817.chr19.nnic	CERS4	nnic	16	0.2555458843708038	0.3990131
SMUG1-209	SMUG1	known	9	0.2682298719882965	0.34916094
EGLN1-204	EGLN1	known	30	0.3522830605506897	0.48230886
WDR3-201	WDR3	known	10	0.3395817577838897	0.535177
MTMR4-204	MTMR4	known	17	0.4248655140399933	0.5104562
GTPBP3-201	GTPBP3	known	9	0.3808069229125976	0.45194793
IBTK-202	IBTK	known	12	0.2952903509140014	0.4169708
KLF4-204	KLF4	known	2	0.3293345868587494	0.48282257
CEP120-203	CEP120	known	44	0.3634913265705108	0.5505391
NAA10-211	NAA10	known	2	0.2700395286083221	0.4231763
CEP290-212	CEP290	known	44	0.4551257491111755	0.54323757
XYLT1-201	XYLT1	known	20	0.6137976050376892	0.64795005
transcript65415.chr1.nic	GRIK3	nic	14	0.3313182890415191	0.37617105
STK19-213	STK19	known	44	0.2208814918994903	0.31722084
ASMTL-201	ASMTL	known	16	0.2395451515913009	0.37747043
FANCA-202	FANCA	known	1	0.2980883717536926	0.4202683
ENST00000512149	ENSG00000290879	known	44	0.256997138261795	0.36632067
transcript173765.chr1.nic	DDX20	nic	1	0.2623282968997955	0.4039938
transcript58834.chr2.nic	EPCAM	nic	40	0.28521528840065	0.39551574
CTNND1-201	CTNND1	known	35	0.4978543519973755	0.7072875
MYD88-211	MYD88	known	24	0.4270355105400085	0.6236297
DCLRE1C-223	DCLRE1C	known	1	0.2859096825122833	0.4210709
KANSL1-208	KANSL1	known	2	0.3040292263031006	0.51287705
HPS4-215	HPS4	known	27	0.4339785873889923	0.50923485
PAX6-214	PAX6	known	37	0.3852325081825256	0.6465586
TAB3-203	TAB3	known	31	0.4200780987739563	0.59259254
NAMPT-202	NAMPT	known	25	0.4923669099807739	0.50809956
CACNB3-219	CACNB3	known	12	0.3902738988399505	0.6843691
transcript20287.chr9.nic	NFIB	nic	37	0.3378120362758636	0.47049886
PCDH19-203	PCDH19	known	35	0.3651837110519409	0.7102302
ITPR1-245	ITPR1	known	11	0.289199024438858	0.47355253
GRIPAP1-210	GRIPAP1	known	44	0.3053468465805053	0.43248576
ZNF711-203	ZNF711	known	2	0.2467937469482422	0.5593084
PPP1R21-201	PPP1R21	known	44	0.2677366137504577	0.35846007
ALDH1A1-201	ALDH1A1	known	16	0.3463870882987976	0.5648444
FERMT3-205	FERMT3	known	25	0.3458884358406067	0.37989503
KCTD10-208	KCTD10	known	6	0.3240503370761871	0.4222044
PTGES3-207	PTGES3	known	9	0.3323328793048858	0.37935817
transcript203541.chr6.nnic	PPP1R14C	nnic	9	0.2650922536849975	0.38382307
URB2-201	URB2	known	9	0.3221518099308014	0.37791458
USPL1-202	USPL1	known	1	0.2062023878097534	0.30843788
TXLNA-202	TXLNA	known	44	0.2343936711549759	0.36703292
TNFSF12-207	TNFSF12	known	23	0.3364414572715759	0.4558196
BRSK2-204	BRSK2	known	27	0.4212308228015899	0.53117996
POM121-203	POM121	known	7	0.8652817606925964	0.96080434
KLF11-201	KLF11	known	2	0.2842495739459991	0.42063203
CNOT9-201	CNOT9	known	4	0.4030645489692688	0.55016434
MRPL18-201	MRPL18	known	6	0.636130154132843	0.7239097
PFKL-206	PFKL	known	15	0.5241972208023071	0.6352989
EXOC3-202	EXOC3	known	43	0.2688899040222168	0.43147922
CEP170-215	CEP170	known	44	0.2850456535816192	0.4039445
TPP1-222	TPP1	known	19	0.4344537258148193	0.5070947
FOCAD-201	FOCAD	known	9	0.3415704667568207	0.4584298
RNF41-202	RNF41	known	29	0.3601678013801574	0.49763688
TMEM150C-201	TMEM150C	known	17	0.321505069732666	0.40270728
HPS1-238	HPS1	known	43	0.2519833147525787	0.43719253
MARK3-275	MARK3	known	27	0.3132373094558716	0.35063273
MYNN-201	MYNN	known	2	0.198014959692955	0.45392174
NIBAN1-201	NIBAN1	known	41	0.2358430325984954	0.3390987
TCP1-201	TCP1	known	25	0.3428670763969421	0.4192919
GPR89B-204	GPR89B	known	11	0.2434720396995544	0.36090115
SEPTIN3-202	SEPTIN3	known	44	0.4486948549747467	0.73508537
DAB2IP-201	DAB2IP	known	31	0.413565993309021	0.4947528
PLEKHM2-201	PLEKHM2	known	42	0.2682991027832031	0.32739624
ZNF251-201	ZNF251	known	2	0.1862095594406128	0.5492924
RNF168-202	RNF168	known	1	0.3363851904869079	0.47387448
GNL1-201	GNL1	known	9	0.2159049957990646	0.33009595
EFNA1-202	EFNA1	known	36	0.5286075472831726	0.6415125
GINS3-206	GINS3	known	1	0.2389682084321975	0.38162002
ZBTB20-224	ZBTB20	known	2	0.2343630790710449	0.49660254
transcript90368.chr17.nic	SLC35B1	nic	11	0.2051404565572738	0.37479958
ZNF10-201	ZNF10	known	2	0.1720483899116516	0.5579386
RIGI-208	RIGI	known	23	0.2463351488113403	0.32014108
NTRK2-252	NTRK2	known	36	0.4182209074497223	0.6111711
ELAVL4-205	ELAVL4	known	8	0.4728498160839081	0.5345777
ATG4D-201	ATG4D	known	29	0.1978770494461059	0.445011
SIPA1L2-208	SIPA1L2	known	36	0.2297881543636322	0.3118769
HAPSTR1-201	HAPSTR1	known	2	0.2145554721355438	0.30269068
POMT1-264	POMT1	known	16	0.2515262067317962	0.3464562
CYFIP2-224	CYFIP2	known	41	0.3739017248153686	0.43741465
transcript35678.chr9.nnic	MTAP	nnic	15	0.2460370361804962	0.39430174
KLHL4-203	KLHL4	known	29	0.2696287930011749	0.5196228
SPG7-253	SPG7	known	18	0.2578738033771515	0.3653049
LGR4-201	LGR4	known	14	0.4056842625141144	0.5262886
GOLGA1-202	GOLGA1	known	44	0.3062227070331573	0.39119634
ALDH6A1-207	ALDH6A1	known	15	0.4098666310310364	0.57026553
KMT2C-240	KMT2C	known	2	0.3407128751277923	0.4390901
SART3-204	SART3	known	8	0.3823082745075226	0.4244605
CHD1L-212	CHD1L	known	1	0.3363284170627594	0.4894085
transcript156732.chr9.nic	CDK20	nic	31	0.2753342092037201	0.59607756
VAC14-210	VAC14	known	17	0.3209420442581177	0.3864615
DDX10-217	DDX10	known	10	0.34749636054039	0.5410056
DNAH2-204	DNAH2	known	44	0.207131803035736	0.31352967
THEM4-201	THEM4	known	15	0.4672871530056	0.5940762
CTSA-201	CTSA	known	25	0.5487709045410156	0.575606
CCT4-201	CCT4	known	27	0.3805006742477417	0.48692617
ZSCAN18-201	ZSCAN18	known	2	0.1521634757518768	0.4485468
CCDC180-206	CCDC180	known	3	0.2194732427597046	0.3226438
PLPPR4-201	PLPPR4	known	35	0.265529066324234	0.39266
IFT27-201	IFT27	known	44	0.2848840057849884	0.4520157
ARFGAP2-227	ARFGAP2	known	43	0.2485968023538589	0.35233888
CERS1-201	CERS1	known	16	0.3084287047386169	0.40723252
LIMCH1-216	LIMCH1	known	41	0.3724848330020904	0.52146214
KIDINS220-222	KIDINS220	known	31	0.3598044514656067	0.48791116
DTNA-245	DTNA	known	13	0.193651869893074	0.4334938
ZNF680-205	ZNF680	known	2	0.1523725688457489	0.5198883
GFAP-237	GFAP	known	44	0.1962814331054687	0.39424986
PTPRT-203	PTPRT	known	35	0.4091728329658508	0.5312835
SEPTIN10-202	SEPTIN10	known	44	0.437095433473587	0.74250346
transcript61298.chr20.nic	EYA2	nic	34	0.1924512684345245	0.3427425
DDX5-209	DDX5	known	8	0.364895612001419	0.49852142
NSF-211	NSF	known	25	0.2967117726802826	0.3413911
transcript98084.chr17.nic	MSI2	nic	8	0.3766106069087982	0.40177003
ZBTB10-204	ZBTB10	known	2	0.205440491437912	0.4362711
CA10-202	CA10	known	11	0.1945291757583618	0.37193653
EPB41-216	EPB41	known	42	0.2859787046909332	0.34101185
NSUN7-202	NSUN7	known	9	0.4326372146606445	0.63719976
HAUS2-202	HAUS2	known	4	0.3659739792346954	0.5175584
PTN-201	PTN	known	38	0.2498899102210998	0.4157959
ATP6V0B-203	ATP6V0B	known	11	0.2891248762607574	0.51569045
NACA-223	NACA	known	5	0.291974812746048	0.36410558
ACOT13-201	ACOT13	known	15	0.4051688015460968	0.56746197
CTSB-217	CTSB	known	19	0.288346916437149	0.40933952
CSTPP1-201	CSTPP1	known	3	0.2417484670877456	0.34149927
ABHD5-216	ABHD5	known	16	0.2382101118564605	0.36358413
ELAVL2-201	ELAVL2	known	8	0.5142603516578674	0.581638
PSMD11-201	PSMD11	known	25	0.5404016375541687	0.6113531
ASAP3-201	ASAP3	known	42	0.3043999671936035	0.40518284
STK17A-201	STK17A	known	31	0.2503927648067474	0.6605638
GNB2-211	GNB2	known	14	0.2593401372432709	0.39799
KIF5C-219	KIF5C	known	44	0.4863849282264709	0.6297369
SLC37A3-201	SLC37A3	known	11	0.2750861644744873	0.43011236
RC3H2-205	RC3H2	known	24	0.3621711432933807	0.4999898
SMARCE1-213	SMARCE1	known	2	0.2295840382575988	0.3635142
HMGXB4-201	HMGXB4	known	2	0.2617528736591339	0.35693175
SLF2-203	SLF2	known	2	0.2778927087783813	0.42845407
APOLD1-203	APOLD1	known	8	0.4700298011302948	0.6591257
HK1-219	HK1	known	15	0.5399083495140076	0.6824409
CACNA1G-201	CACNA1G	known	12	0.367861658334732	0.8112799
COPS6-201	COPS6	known	1	0.2777182161808014	0.4512022
GPR85-207	GPR85	known	14	0.4288110733032226	0.7870949
ARHGEF4-204	ARHGEF4	known	42	0.3994271755218506	0.62371933
COLQ-213	COLQ	known	40	0.2861233055591583	0.47721225
SNAP25-220	SNAP25	known	25	0.5933640003204346	0.7615212
ABRACL-201	ABRACL	known	1	0.2227805852890014	0.31814265
CSMD3-201	CSMD3	known	35	0.2058618515729904	0.34297198
CNOT4-206	CNOT4	known	4	0.3926517069339752	0.5806013
LUC7L-217	LUC7L	known	8	0.4471754133701324	0.6020815
ANKAR-203	ANKAR	known	3	0.2342488765716552	0.30463535
GRIPAP1-202	GRIPAP1	known	44	0.3221478760242462	0.4123977
MAPK10-206	MAPK10	known	31	0.4110671877861023	0.68916357
ATG4A-203	ATG4A	known	29	0.2065122872591018	0.53292453
VPS53-251	VPS53	known	43	0.321853756904602	0.547656
MTMR4-201	MTMR4	known	17	0.4622548520565033	0.563864
SLC1A2-227	SLC1A2	known	11	0.5806793570518494	0.8323666
UGP2-219	UGP2	known	16	0.3580004870891571	0.53564626
transcript186557.chr11.nic	TBCEL	nic	44	0.2295833677053451	0.37761003
CAMK2B-201	CAMK2B	known	12	0.4250612258911133	0.7046301
MTPN-201	MTPN	known	41	0.3440501987934112	0.4276986
ANKRD44-209	ANKRD44	known	30	0.2253205925226211	0.33264658
RPL31-201	RPL31	known	5	0.8113023638725281	0.9074682
CLCN5-204	CLCN5	known	11	0.4817612171173095	0.7497086
MIER3-202	MIER3	known	2	0.2776970565319061	0.45808563
VLDLR-222	VLDLR	known	31	0.4138067960739136	0.5661985
LRRN3-201	LRRN3	known	35	0.1742542833089828	0.3058046
CHTF18-201	CHTF18	known	1	0.3502496182918548	0.51237863
NSUN4-201	NSUN4	known	9	0.4123332500457763	0.44196644
KAT5-202	KAT5	known	2	0.4080216884613037	0.5836279
SLTM-212	SLTM	known	8	0.4453803598880768	0.48364624
CARD8-208	CARD8	known	30	0.3478208184242248	0.46469322
TGFBR2-201	TGFBR2	known	37	0.4754497706890106	0.5804237
SGTA-214	SGTA	known	18	0.4119838774204254	0.5473289
transcript114517.chr16.nic	MLKL	nic	23	0.3402802944183349	0.48530355
CAPN3-202	CAPN3	known	12	0.3955367803573608	0.47556776
SNRPD1-201	SNRPD1	known	8	0.4074440002441406	0.59987885
WDR12-209	WDR12	known	29	0.2599703073501587	0.36887997
CHD1L-232	CHD1L	known	1	0.3512518107891083	0.50276464
SNX14-245	SNX14	known	22	0.2321067601442337	0.46270618
MYRIP-207	MYRIP	known	27	0.2468828707933426	0.37762493
IL11RA-202	IL11RA	known	40	0.175576701760292	0.30622068
GNPAT-201	GNPAT	known	17	0.444757878780365	0.61041653
transcript311093.chr3.nnic	ATP13A4	nnic	11	0.2301099747419357	0.39035743
ENST00000688534	ENSG00000291133	known	20	0.3398784399032593	0.44071907
ERC1-201	ERC1	known	41	0.2822045981884002	0.4230505
SCMH1-204	SCMH1	known	2	0.2399522960186004	0.4230206
DHPS-201	DHPS	known	15	0.2871425747871399	0.42704505
SLPI-201	SLPI	known	25	0.3384160101413727	0.57337135
SNX14-253	SNX14	known	42	0.1885813623666763	0.33076894
C2CD3-226	C2CD3	known	44	0.3373333215713501	0.5132197
SYNJ1-207	SYNJ1	known	41	0.2706432938575744	0.39478472
transcript138202.chr10.nnic	KCNMA1	nnic	11	0.3827647268772125	0.67795914
EHBP1-209	EHBP1	known	44	0.2261234074831009	0.37182632
EPB41L1-219	EPB41L1	known	41	0.2424030005931854	0.33908755
FYTTD1-201	FYTTD1	known	7	0.5573734641075134	0.70483804
AP2B1-216	AP2B1	known	43	0.3205647766590118	0.4121922
transcript80574.chr14.nic	BBOF1	nic	44	0.2178370952606201	0.34383357
NADSYN1-219	NADSYN1	known	9	0.3914700448513031	0.4377641
SETD2-213	SETD2	known	2	0.3053706586360931	0.39309213
SPAG1-206	SPAG1	known	6	0.174142524600029	0.31370702
SLITRK1-202	SLITRK1	known	36	0.4590341746807098	0.6194452
CLCC1-242	CLCC1	known	11	0.2291537821292877	0.32911608
MAPK10-327	MAPK10	known	31	0.4039414227008819	0.70154953
ALS2-243	ALS2	known	42	0.2864030003547668	0.3776753
VCP-219	VCP	known	29	0.3646993041038513	0.54518116
BCLAF1-205	BCLAF1	known	8	0.3147259354591369	0.37158895
XRCC2-203	XRCC2	known	1	0.3521771728992462	0.5702132
PCDHA9-201	PCDHA9	known	35	0.2894902229309082	0.73270625
SERINC3-202	SERINC3	known	11	0.3086752593517303	0.48181796
MOG-221	MOG	known	24	0.3943247497081756	0.65250474
SIL1-213	SIL1	known	6	0.2231660485267639	0.35650694
ENST00000495058	ENSG00000291067	known	32	0.2693829536437988	0.37644026
GOLGB1-238	GOLGB1	known	43	0.2881387770175934	0.42884606
BHLHE41-201	BHLHE41	known	37	0.3038105070590973	0.48546427
DPH1-206	DPH1	known	9	0.3147648870944977	0.37582213
RAB27A-216	RAB27A	known	25	0.234751358628273	0.41011629
RBM28-207	RBM28	known	44	0.218607559800148	0.31700385
SPEG-201	SPEG	known	36	0.2282963693141937	0.3403608
ATP1B3-203	ATP1B3	known	11	0.3980482518672943	0.65623873
transcript363799.chr2.nic	PARD3B	nic	32	0.2292534708976745	0.31380674
CNOT6L-201	CNOT6L	known	10	0.3496349453926086	0.51282924
EIF5B-205	EIF5B	known	10	0.3901785016059875	0.49931735
RELN-215	RELN	known	36	0.4385111033916473	0.50660336
COA1-209	COA1	known	18	0.2097031772136688	0.38052493
transcript228314.chr2.nnic	ST6GAL2	nnic	20	0.6259679794311523	0.6869904
PRR3-203	PRR3	known	8	0.2335466593503952	0.33380845
XPO6-201	XPO6	known	7	0.4953230917453766	0.6852431
ELN-220	ELN	known	40	0.3635756969451904	0.53724515
CHEK1-204	CHEK1	known	4	0.4341763257980346	0.55629194
PPT2-247	PPT2	known	17	0.3369297981262207	0.5513731
CFAP46-202	CFAP46	known	44	0.2538201212882995	0.35637555
SBF1-249	SBF1	known	17	0.5928130149841309	0.6512857
transcript209320.chr6.nic	ARID1B	nic	2	0.2944602072238922	0.43484765
FAM149A-217	FAM149A	known	44	0.2447015643119812	0.34296626
ATP5MF-201	ATP5MF	known	15	0.2157693654298782	0.389455
PMS2-247	PMS2	known	1	0.3161717653274536	0.4853894
IL17RC-215	IL17RC	known	23	0.2290770411491394	0.44830894
GARS1-221	GARS1	known	6	0.5582684874534607	0.6924774
YY1-201	YY1	known	2	0.3771107196807861	0.47830695
DNM2-204	DNM2	known	43	0.275946706533432	0.3405068
EPS8-222	EPS8	known	41	0.3920352756977081	0.47766715
H2BC7-201	H2BC7	known	3	0.3090928494930267	0.58633196
DDX21-202	DDX21	known	8	0.3232355415821075	0.5315863
ARHGAP5-203	ARHGAP5	known	42	0.3689762651920318	0.5673196
STK25-201	STK25	known	31	0.5901282429695129	0.82368374
MCM9-202	MCM9	known	1	0.4682700335979461	0.6846763
AIFM1-224	AIFM1	known	30	0.3835666477680206	0.48732358
NOTCH2NLA-208	NOTCH2NLA	known	39	0.2521415650844574	0.35738325
ITGA1-201	ITGA1	known	35	0.4209151268005371	0.6021298
CSPG5-201	CSPG5	known	20	0.4566409587860107	0.47102475
MAN1A1-201	MAN1A1	known	18	0.5031196475028992	0.60001737
PLEKHA8-209	PLEKHA8	known	17	0.3097715973854065	0.37347275
KDM4C-201	KDM4C	known	2	0.330310046672821	0.58905685
MTUS1-224	MTUS1	known	44	0.2812721133232116	0.39383107
RPS10-204	RPS10	known	6	0.5098254084587097	0.67816603
ATP6V1A-206	ATP6V1A	known	25	0.2916528284549713	0.3635517
CAMK2B-243	CAMK2B	known	31	0.1997851431369781	0.70523274
ATXN7L1-206	ATXN7L1	known	2	0.3102306723594665	0.5016781
PRORP-202	PRORP	known	9	0.3096150159835815	0.48264608
PCCA-202	PCCA	known	16	0.3764787018299103	0.62769884
KIF13A-201	KIF13A	known	43	0.4432508945465088	0.6071831
CYFIP1-203	CYFIP1	known	41	0.4902195930480957	0.6586121
LDAH-202	LDAH	known	16	0.1981674432754516	0.30799076
TNRC6C-211	TNRC6C	known	2	0.2187861055135727	0.42471212
TUBA1B-202	TUBA1B	known	25	0.2411644756793975	0.37431103
SUZ12-201	SUZ12	known	2	0.3191575109958648	0.46901646
SAMD8-201	SAMD8	known	16	0.266216367483139	0.43416247
DGKI-201	DGKI	known	39	0.6901505589485168	0.7323782
ERCC6L2-217	ERCC6L2	known	1	0.3265605866909027	0.45857793
ZNF41-205	ZNF41	known	2	0.1649096757173538	0.5685633
ZDHHC5-201	ZDHHC5	known	43	0.2437168806791305	0.3551689
RANBP2-217	RANBP2	known	7	0.3004851043224334	0.47121876
COPA-234	COPA	known	29	0.2286451607942581	0.36162922
IFFO1-206	IFFO1	known	44	0.3264131546020508	0.41363353
GPR132-202	GPR132	known	14	0.325121521949768	0.64978874
PHKB-218	PHKB	known	30	0.2098914831876754	0.30547795
MYO5A-220	MYO5A	known	44	0.2721298635005951	0.3871181
SSH1-202	SSH1	known	41	0.389233648777008	0.48249054
KLHL32-206	KLHL32	known	29	0.226731926202774	0.39435706
S100B-201	S100B	known	25	0.3302523791790008	0.39252886
KANK1-238	KANK1	known	41	0.4214901328086853	0.525474
GARS1-201	GARS1	known	6	0.4888101816177368	0.62269455
DYNC1I2-202	DYNC1I2	known	44	0.311051994562149	0.46135664
CEP128-207	CEP128	known	44	0.3566675782203674	0.4542995
G3BP1-206	G3BP1	known	7	0.2472015917301178	0.38357788
KRTAP5-10-201	KRTAP5-10	known	41	0.2202173024415969	0.3143862
FNBP1-203	FNBP1	known	41	0.3063430488109588	0.4932715
DMTF1-222	DMTF1	known	22	0.2001684159040451	0.31610516
RAP1GDS1-206	RAP1GDS1	known	42	0.2209751307964325	0.41886252
PPM1K-208	PPM1K	known	9	0.2997510433197021	0.3091627
HOGA1-204	HOGA1	known	16	0.3098011612892151	0.5184745
ADSL-228	ADSL	known	15	0.4449345469474792	0.6197113
ITGB1BP1-202	ITGB1BP1	known	17	0.2515805959701538	0.32615137
ZBTB38-201	ZBTB38	known	2	0.2080483138561248	0.449366
XRCC3-211	XRCC3	known	1	0.4190892577171325	0.6154587
NHLRC1-201	NHLRC1	known	29	0.2791435122489929	0.41456762
KMT2C-252	KMT2C	known	7	0.2400188446044922	0.35855117
KCNQ2-203	KCNQ2	known	11	0.361695796251297	0.71202093
REV1-202	REV1	known	1	0.4389819502830505	0.7366565
HERC2P9-207	HERC2P9	known	3	0.2341705411672592	0.38552088
PPM1D-212	PPM1D	known	2	0.2062358111143112	0.3258719
ATP9A-202	ATP9A	known	25	0.3007412552833557	0.39196318
NARF-224	NARF	known	15	0.2534588277339935	0.36640024
IQSEC2-218	IQSEC2	known	42	0.3048403263092041	0.42059666
TYK2-209	TYK2	known	39	0.2233373075723648	0.34560883
transcript115359.chr14.nnic	WDR25	nnic	9	0.2069218605756759	0.33297333
transcript154869.chr6.nnic	ZBTB24	nnic	2	0.1911093592643737	0.3946045
transcript128468.chr19.nnic	TBC1D17	nnic	42	0.3216703534126282	0.38974112
NPM1-201	NPM1	known	7	0.4647494256496429	0.52811456
PDHA1-211	PDHA1	known	15	0.5448492169380188	0.6904686
PPFIBP1-201	PPFIBP1	known	35	0.2234131097793579	0.3098052
VPS13A-212	VPS13A	known	5	0.4081950187683105	0.6439034
CAPRIN2-211	CAPRIN2	known	36	0.3541035950183868	0.58392966
GPI-202	GPI	known	15	0.422818660736084	0.5540277
CHMP6-201	CHMP6	known	43	0.3933040499687195	0.5522108
KMT2A-207	KMT2A	known	2	0.3174460828304291	0.46164232
CACNA2D1-213	CACNA2D1	known	12	0.4132544994354248	0.7229997
VPS50-202	VPS50	known	43	0.3049260973930359	0.52145046
GAD1-211	GAD1	known	25	0.3660894334316253	0.46912223
STAMBP-265	STAMBP	known	32	0.1953057795763015	0.35117564
TNFRSF4-209	TNFRSF4	known	23	0.4069633185863495	0.58873594
PARP16-202	PARP16	known	18	0.301006019115448	0.37366575
MGME1-201	MGME1	known	6	0.4097400605678558	0.49791828
SGTA-213	SGTA	known	5	0.4422580301761627	0.5424506
SBF1-244	SBF1	known	8	0.2335345894098281	0.3195232
SUPT3H-205	SUPT3H	known	1	0.2993694543838501	0.54320705
KCND2-201	KCND2	known	11	0.4051978290081024	0.7552504
NSG1-210	NSG1	known	43	0.2428352832794189	0.36470586
ST7L-212	ST7L	known	29	0.197948545217514	0.32970065
ZNF672-201	ZNF672	known	2	0.1303489953279495	0.48370013
transcript50427.chr14.nic	NAA30	nic	3	0.2497210651636123	0.3817921
PTPN2-210	PTPN2	known	32	0.4425690770149231	0.58211625
transcript408984.chr2.nic	CAPN10	nic	27	0.2716808319091797	0.36648518
ITPR1-240	ITPR1	known	12	0.340503841638565	0.5748279
DCAF11-218	DCAF11	known	8	0.2473463267087936	0.33788395
GNPDA2-204	GNPDA2	known	15	0.3529103398323059	0.510752
SCN3A-210	SCN3A	known	12	0.4180809259414673	0.8544651
PRXL2A-202	PRXL2A	known	21	0.2232248187065124	0.41164127
TRAPPC5-201	TRAPPC5	known	43	0.3151196837425232	0.47512
ATG16L2-220	ATG16L2	known	3	0.2521194815635681	0.34112254
SMAD5-211	SMAD5	known	29	0.2698424160480499	0.37097186
STK25-205	STK25	known	31	0.5526195168495178	0.7786149
AKAP9-221	AKAP9	known	44	0.4892832338809967	0.5802711
transcript202803.chr7.nnic	CREB3L2	nnic	18	0.2386502474546432	0.50524414
SLC38A6-202	SLC38A6	known	11	0.3396659195423126	0.5169554
DNAH9-201	DNAH9	known	44	0.2994433045387268	0.42100817
HIVEP2-203	HIVEP2	known	2	0.1883676797151565	0.34684047
REPS1-216	REPS1	known	43	0.2363312542438507	0.37906787
NSUN3-201	NSUN3	known	9	0.4294955730438232	0.47036952
TAF12-202	TAF12	known	2	0.3292472958564758	0.44496948
RSU1-201	RSU1	known	42	0.2818949818611145	0.33975992
STOML1-206	STOML1	known	22	0.2373678386211395	0.3112635
NUDT2-204	NUDT2	known	15	0.2555798292160034	0.41597852
FAHD1-202	FAHD1	known	16	0.3073021471500397	0.44853467
GNAI1-229	GNAI1	known	42	0.2804747819900512	0.38194937
PPP4C-201	PPP4C	known	15	0.3659563660621643	0.51519996
ADA-222	ADA	known	25	0.3164263963699341	0.39830345
CAPS-203	CAPS	known	19	0.214302659034729	0.3078912
SHPK-201	SHPK	known	16	0.3593320548534393	0.5073385
CCDC90B-209	CCDC90B	known	44	0.1916731148958206	0.40135163
ZBTB16-210	ZBTB16	known	2	0.2129372656345367	0.5188936
STON2-201	STON2	known	28	0.233315423130989	0.38243788
TMEM216-201	TMEM216	known	44	0.3201302289962768	0.6265259
USP17L22-201	USP17L22	known	19	0.3055335581302643	0.6178857
SNX25-208	SNX25	known	5	0.2371654957532882	0.41405624
MADD-206	MADD	known	31	0.4054937064647674	0.57128316
BRAF-204	BRAF	known	31	0.4530642330646515	0.70869565
PQBP1-216	PQBP1	known	15	0.2618544697761535	0.35136342
BCO2-201	BCO2	known	16	0.3366173803806305	0.44881082
CD58-203	CD58	known	25	0.4724961519241333	0.5528389
CLMN-201	CLMN	known	41	0.2887546420097351	0.41608095
PTPRC-214	PTPRC	known	24	0.4345667958259582	0.550748
ZMYND11-217	ZMYND11	known	23	0.258625715970993	0.3881415
CAMLG-209	CAMLG	known	18	0.342467725276947	0.42657357
HMGCS1-204	HMGCS1	known	16	0.2327980548143386	0.30688816
NBN-237	NBN	known	4	0.4967897236347198	0.6712497
MIB2-202	MIB2	known	29	0.3038274645805359	0.5522114
CDC34-201	CDC34	known	29	0.3693252503871918	0.5733112
TAGLN3-201	TAGLN3	known	25	0.1907475590705871	0.31742984
ABCC5-205	ABCC5	known	11	0.3254599571228027	0.48761335
LINC00667-206	LINC00667	known	5	0.2274023741483688	0.35574028
DLD-205	DLD	known	15	0.5155412554740906	0.67076045
ELP3-201	ELP3	known	9	0.3264161050319671	0.3647191
LARP4-206	LARP4	known	8	0.3440394401550293	0.4207666
SH3GL3-205	SH3GL3	known	28	0.2044689208269119	0.34970945
CORO7-208	CORO7	known	41	0.2647220194339752	0.41479462
ERCC4-215	ERCC4	known	1	0.311605840921402	0.4577953
ABL1-202	ABL1	known	41	0.4371809065341949	0.5185243
NDUFA5-208	NDUFA5	known	32	0.1548141688108444	0.31855446
RIMS2-216	RIMS2	known	13	0.5060386657714844	0.8782798
ADH5-201	ADH5	known	16	0.2907929122447967	0.4593192
ZNF783-204	ZNF783	known	3	0.1398609727621078	0.39592347
HNRNPD-203	HNRNPD	known	8	0.3545978367328644	0.44867724
ACSL3-216	ACSL3	known	15	0.5695972442626953	0.72752416
ASIC1-202	ASIC1	known	11	0.4192455410957336	0.7720911
GRIA2-222	GRIA2	known	11	0.279310792684555	0.5009538
NRBP1-204	NRBP1	known	3	0.2102912366390228	0.43790466
NCOA7-201	NCOA7	known	43	0.2492305189371109	0.36365068
GRIPAP1-211	GRIPAP1	known	44	0.3040498197078705	0.42130184
CARMIL2-216	CARMIL2	known	41	0.5212354063987732	0.6022003
POMT1-201	POMT1	known	20	0.3981029987335205	0.4577654
WDR55-204	WDR55	known	9	0.2520324289798736	0.3674851
CORO1A-201	CORO1A	known	41	0.4667005538940429	0.5702775
DDX39A-201	DDX39A	known	8	0.3410185873508453	0.5127422
MCOLN3-204	MCOLN3	known	11	0.3833898603916168	0.65177214
GTPBP8-203	GTPBP8	known	6	0.4126171171665191	0.45841113
FTH1-209	FTH1	known	25	0.4160716235637665	0.43826708
transcript194713.chr12.nnic	PUS1	nnic	9	0.2468390017747879	0.3199778
FBLN5-207	FBLN5	known	40	0.3351391851902008	0.47461653
SEPTIN7-215	SEPTIN7	known	44	0.427040547132492	0.66162115
DLC1-209	DLC1	known	41	0.3133533000946045	0.39892837
IRS1-201	IRS1	known	17	0.5524132251739502	0.5965787
GORAB-210	GORAB	known	44	0.2933795154094696	0.3937418
TPP2-217	TPP2	known	29	0.2371386289596557	0.3028564
DNAH1-207	DNAH1	known	44	0.2448713481426239	0.39348304
ARID4B-209	ARID4B	known	2	0.2771089076995849	0.45765272
CTC1-217	CTC1	known	1	0.2821016609668731	0.45976558
KALRN-210	KALRN	known	42	0.4464913308620453	0.7033013
transcript74700.chr12.nic	NR4A1	nic	33	0.4158253669738769	0.66357744
MRPS27-201	MRPS27	known	6	0.6015051007270813	0.66760075
P4HB-237	P4HB	known	30	0.3255777060985565	0.45282906
FER1L5-202	FER1L5	known	43	0.248129054903984	0.4416554
ITGA9-203	ITGA9	known	35	0.352687269449234	0.51666844
RMND5B-205	RMND5B	known	29	0.4324372708797455	0.7437397
SLC18B1-201	SLC18B1	known	11	0.3392771780490875	0.5854598
UGP2-203	UGP2	known	16	0.3381372988224029	0.47780982
ZDHHC4-205	ZDHHC4	known	5	0.260062575340271	0.35000232
ARHGEF25-205	ARHGEF25	known	42	0.3719465136528015	0.5568165
MYCBPAP-208	MYCBPAP	known	3	0.2317681014537811	0.31950983
JKAMP-201	JKAMP	known	18	0.361502856016159	0.5409907
MTCL1-202	MTCL1	known	44	0.2978385090827942	0.39872417
WDR18-205	WDR18	known	44	0.2037646621465683	0.30018666
ZCWPW1-209	ZCWPW1	known	2	0.2633084952831268	0.46820155
FAM118B-209	FAM118B	known	19	0.3020120561122894	0.37433657
DNAAF2-201	DNAAF2	known	44	0.2547308206558227	0.36688167
GRIN2C-201	GRIN2C	known	11	0.3770255148410797	0.64181954
PNP-208	PNP	known	16	0.2602576613426208	0.43482795
PEPD-213	PEPD	known	9	0.2223848849534988	0.3523535
AKR7A2-201	AKR7A2	known	16	0.3426968455314636	0.48178416
SMARCAL1-202	SMARCAL1	known	1	0.359437882900238	0.54838943
ZNF358-202	ZNF358	known	2	0.1932372599840164	0.4746171
NTM-221	NTM	known	35	0.227686733007431	0.40208712
GSS-221	GSS	known	16	0.3000154197216034	0.4607676
ARV1-201	ARV1	known	16	0.2354337871074676	0.35140386
DOCK3-201	DOCK3	known	42	0.353881686925888	0.468016
DNAJC2-203	DNAJC2	known	8	0.2341532707214355	0.33884948
transcript243388.chr5.nic	HNRNPH1	nic	8	0.6866587996482849	0.7548932
TRPV3-209	TRPV3	known	12	0.3825326263904571	0.615782
transcript56140.chr7.nic	GLI3	nic	2	0.2745583951473236	0.5497674
PLD3-246	PLD3	known	25	0.3079057335853576	0.31968823
ZFYVE1-208	ZFYVE1	known	22	0.3073086142539978	0.37608433
TTC3-214	TTC3	known	3	0.2187072932720184	0.40280685
HS6ST2-201	HS6ST2	known	20	0.5248265862464905	0.57892406
METTL9-202	METTL9	known	9	0.268632173538208	0.3182938
MLLT6-209	MLLT6	known	29	0.184542566537857	0.38172275
MRPS17-201	MRPS17	known	6	0.7135574817657471	0.84196633
SEPTIN2-237	SEPTIN2	known	44	0.378257542848587	0.5560459
POMT1-276	POMT1	known	20	0.3270367085933685	0.39812616
ENST00000568134	ENSG00000245768	known	23	0.194238007068634	0.31544295
C3orf70-201	C3orf70	known	37	0.1993786543607711	0.32506496
DGLUCY-201	DGLUCY	known	9	0.2673003375530243	0.38469696
SRSF5-215	SRSF5	known	8	0.6163874864578247	0.6845053
KMT2E-202	KMT2E	known	2	0.3608192205429077	0.5914813
FBXL3-201	FBXL3	known	29	0.4565445780754089	0.77648133
OLA1-201	OLA1	known	15	0.3768444955348968	0.5115612
KRIT1-205	KRIT1	known	38	0.2513475120067596	0.35348004
WASF1-207	WASF1	known	41	0.37569659948349	0.45309138
LDLRAD4-203	LDLRAD4	known	32	0.2584295272827148	0.39378232
KIRREL3-202	KIRREL3	known	35	0.3408466875553131	0.54620343
BBS9-201	BBS9	known	44	0.195233017206192	0.31898487
MORC3-201	MORC3	known	4	0.3767575621604919	0.5712106
TAF8-216	TAF8	known	2	0.3601577281951904	0.5217494
PHKA2-203	PHKA2	known	2	0.2196314930915832	0.3574111
ZNF260-202	ZNF260	known	2	0.1662214398384094	0.6306046
TMCO3-211	TMCO3	known	11	0.3091458678245544	0.5387031
POLR3A-210	POLR3A	known	25	0.3116358518600464	0.36074093
UBE2D3-209	UBE2D3	known	29	0.4687870144844055	0.7151564
USP6NL-205	USP6NL	known	43	0.2156939059495926	0.3391095
ZNF718-201	ZNF718	known	2	0.1355953812599182	0.5469913
transcript7604.chr22.nnic	ARVCF	nnic	12	0.2945634722709656	0.42063946
TAF11L9-201	TAF11L9	known	1	0.2749299705028534	0.44970602
SNAP91-205	SNAP91	known	28	0.2350584715604782	0.38250867
FTL-201	FTL	known	25	0.4387378692626953	0.46176752
SUMF1-202	SUMF1	known	20	0.2462304085493087	0.37039196
GPS2-205	GPS2	known	31	0.2705171406269073	0.36102304
SPEF2-201	SPEF2	known	3	0.2112523466348648	0.3499519
API5-201	API5	known	10	0.3189865946769714	0.43963543
CPED1-201	CPED1	known	20	0.3741848170757293	0.4095803
LMBR1-203	LMBR1	known	11	0.2565750181674957	0.40847588
TRAIP-201	TRAIP	known	1	0.2654375731945038	0.3737709
CAMK2A-213	CAMK2A	known	12	0.4848028719425201	0.70234936
PTPRF-203	PTPRF	known	35	0.3322710990905761	0.70705414
LRCH4-202	LRCH4	known	41	0.2495468556880951	0.36380267
SERPINB6-224	SERPINB6	known	30	0.3962090611457824	0.8387003
POLK-201	POLK	known	1	0.4235550463199615	0.74678737
DCLK2-207	DCLK2	known	3	0.1885285228490829	0.47731414
SEPTIN7-218	SEPTIN7	known	44	0.2482087910175323	0.38361806
MGME1-203	MGME1	known	9	0.3182505071163177	0.46153218
TIA1-205	TIA1	known	8	0.5291193127632141	0.56339896
PLS3-208	PLS3	known	41	0.2924753129482269	0.5427539
TSEN54-213	TSEN54	known	1	0.2364888489246368	0.3457126
HDHD2-201	HDHD2	known	15	0.1938414126634597	0.5607864
CCNH-205	CCNH	known	31	0.1471195369958877	0.41758975
ANK2-205	ANK2	known	27	0.3721532523632049	0.47900707
ADAL-203	ADAL	known	15	0.2594427764415741	0.4596242
DHX57-203	DHX57	known	9	0.3347901999950409	0.45530185
CEP290-208	CEP290	known	44	0.4646813571453094	0.5465459
ITGA4-207	ITGA4	known	36	0.2742467522621155	0.41918325
transcript63228.chr8.nnic	EGR3	nnic	37	0.3557092845439911	0.5591488
ARPC1B-204	ARPC1B	known	41	0.4749446809291839	0.58802986
CNKSR2-201	CNKSR2	known	35	0.2534687519073486	0.3274567
DHX8-201	DHX8	known	8	0.4359157979488373	0.51432514
ACSL1-201	ACSL1	known	15	0.5730943083763123	0.7316971
CABYR-203	CABYR	known	3	0.3263463079929352	0.355674
DIAPH1-208	DIAPH1	known	41	0.4218126833438873	0.49169677
transcript136591.chr16.nic	ACSF3	nic	16	0.2969397008419037	0.4562687
ZNF142-206	ZNF142	known	2	0.2448662519454956	0.4897831
MTMR3-203	MTMR3	known	17	0.4169407486915588	0.5854477
UBXN2A-201	UBXN2A	known	43	0.2754758596420288	0.45374337
transcript27928.chr22.nic	ZMAT5	nic	8	0.2963432669639587	0.41364273
MX1-220	MX1	known	3	0.24599389731884	0.39359036
KMT2E-207	KMT2E	known	2	0.3522987961769104	0.5879404
MYL6B-207	MYL6B	known	12	0.227395012974739	0.5117987
ZNF71-203	ZNF71	known	2	0.1723509430885315	0.5713777
LINGO1-204	LINGO1	known	36	0.2812932431697845	0.37871367
UCHL5-201	UCHL5	known	29	0.4387966692447662	0.72385085
CCDC82-216	CCDC82	known	1	0.2668329179286957	0.40283626
PSD3-202	PSD3	known	42	0.2807665765285492	0.40101498
ADAMTS6-203	ADAMTS6	known	19	0.3952817022800445	0.5824814
TMTC2-204	TMTC2	known	20	0.2496448308229446	0.3197255
EMP2-202	EMP2	known	35	0.3430863916873932	0.42231923
NFU1-202	NFU1	known	8	0.2151535004377365	0.33586678
CPM-202	CPM	known	19	0.6143852472305298	0.75685287
TRA2B-205	TRA2B	known	8	0.7447290420532227	0.8137091
ZNF266-208	ZNF266	known	2	0.1669216901063919	0.5480262
THAP6-212	THAP6	known	2	0.1640603691339492	0.43096295
EWSR1-217	EWSR1	known	37	0.1569302678108215	0.322527
SDHA-205	SDHA	known	16	0.3604537546634674	0.5069837
transcript183013.chr11.nnic	C2CD2L	nnic	26	0.2787712812423706	0.37567505
KDM5C-223	KDM5C	known	2	0.2793658375740051	0.49076372
SLC25A25-210	SLC25A25	known	11	0.3238466084003448	0.47318396
CHTOP-203	CHTOP	known	7	0.5668243169784546	0.70602846
SEC22C-201	SEC22C	known	43	0.2308267951011657	0.35915214
NIN-228	NIN	known	44	0.3222686648368835	0.43151292
ZEB2-204	ZEB2	known	2	0.2599343359470367	0.51350117
ZDHHC6-223	ZDHHC6	known	5	0.357535719871521	0.47227865
TEX261-201	TEX261	known	19	0.2896673381328583	0.37463555
TGFBRAP1-201	TGFBRAP1	known	43	0.3253660500049591	0.4887096
SEPTIN11-203	SEPTIN11	known	44	0.4287747144699096	0.69964683
DMD-273	DMD	known	44	0.1873316615819931	0.3541615
transcript128454.chr19.nic	PTOV1	nic	2	0.1564759910106659	0.3648455
IHO1-204	IHO1	known	3	0.2653170228004455	0.3622306
ATF7IP-210	ATF7IP	known	2	0.2758414149284363	0.36818025
NAE1-203	NAE1	known	16	0.2758890092372894	0.44543797
TIAM2-211	TIAM2	known	42	0.3139066100120544	0.43079883
STRBP-208	STRBP	known	23	0.2410060465335846	0.4149565
PEPD-216	PEPD	known	15	0.2524238526821136	0.38838094
PPP1R7-201	PPP1R7	known	44	0.2173852026462555	0.36579832
STAT5B-220	STAT5B	known	23	0.2873425781726837	0.43273464
transcript21666.chr11.nic	SPON1	nic	26	0.3365721702575683	0.38478675
NRSN1-202	NRSN1	known	11	0.2276232689619064	0.43326607
INTS3-210	INTS3	known	1	0.3115080296993255	0.46024758
IKBIP-201	IKBIP	known	20	0.2331061363220214	0.328965
WDTC1-201	WDTC1	known	29	0.2070850580930709	0.36347172
PNPLA8-208	PNPLA8	known	17	0.4823286235332489	0.6678306
HNRNPK-228	HNRNPK	known	8	0.542231023311615	0.6140062
transcript141872.chr19.nnic	PRKCG	nnic	39	0.2778079509735107	0.42475325
ZNF3-214	ZNF3	known	2	0.1814968734979629	0.5928349
NETO1-201	NETO1	known	13	0.2990265488624573	0.3865055
GARS1-220	GARS1	known	6	0.4349700212478637	0.5799524
transcript75696.chr11.nnic	SLC25A45	nnic	11	0.2863881886005401	0.56173635
FCGR3A-205	FCGR3A	known	25	0.4193998277187347	0.53212196
transcript194490.chr12.nic	SFSWAP	nic	8	0.497862845659256	0.59125566
MYOM1-202	MYOM1	known	37	0.2986510992050171	0.6113531
MRPL20-204	MRPL20	known	6	0.2999440133571625	0.35249782
transcript65979.chr20.nic	DPM1	nic	17	0.3045371472835541	0.43429416
NAP1L1-209	NAP1L1	known	6	0.2783940732479095	0.32724085
ST3GAL5-256	ST3GAL5	known	20	0.6315726637840271	0.7020832
EPHA6-201	EPHA6	known	31	0.3559522628784179	0.5589619
CPS1-202	CPS1	known	16	0.4207728207111358	0.59774673
JOSD2-202	JOSD2	known	19	0.2017527818679809	0.41961417
transcript75734.chr4.nic	TBC1D1	nic	42	0.3418942391872406	0.45954663
PMS2-219	PMS2	known	9	0.2364174127578735	0.35064396
transcript302137.chr2.nic	GPD2	nic	30	0.2215625643730163	0.3413886
AP2M1-208	AP2M1	known	43	0.3979267179965973	0.52407414
transcript127838.chr17.nnic	TRIM47	nnic	44	0.2594167590141296	0.34358063
CYP51A1-203	CYP51A1	known	16	0.2719038128852844	0.45080096
EIF2B1-204	EIF2B1	known	3	0.2186654359102249	0.3047175
ATP10B-201	ATP10B	known	11	0.3835750222206116	0.60498345
GCC2-217	GCC2	known	44	0.3652060329914093	0.46187672
ENST00000598322	ENSG00000269825	known	2	0.1651197522878646	0.57181674
HSPA14-201	HSPA14	known	18	0.3436635136604309	0.41306433
SNCB-206	SNCB	known	12	0.2164567559957504	0.310623
CCDC30-235	CCDC30	known	44	0.25640469789505	0.34563988
CDC42BPA-207	CDC42BPA	known	42	0.2608228027820587	0.35080558
CTNNAL1-201	CTNNAL1	known	35	0.2558755874633789	0.37473363
SEC61A2-202	SEC61A2	known	11	0.327335387468338	0.5790309
ACER3-211	ACER3	known	17	0.2665669322013855	0.3977531
DLG5-201	DLG5	known	41	0.2743643224239349	0.35692742
TPST2-201	TPST2	known	15	0.3513687252998352	0.51029044
DDX39A-209	DDX39A	known	9	0.3005481958389282	0.43633223
transcript110973.chr16.nnic	HYDIN	nnic	3	0.2386887818574905	0.38781017
ERICH2-211	ERICH2	known	29	0.2328867465257644	0.30903247
FEZ1-202	FEZ1	known	44	0.304560124874115	0.43439847
HMOX2-208	HMOX2	known	25	0.4444743394851684	0.45664477
MRPL4-201	MRPL4	known	6	0.6840841770172119	0.7525182
transcript55991.chr8.nic	PDGFRL	nic	35	0.2695438861846924	0.42143255
CCNT2-202	CCNT2	known	31	0.2918036580085754	0.47312385
HDAC9-231	HDAC9	known	38	0.3267374336719513	0.6606609
PEX1-210	PEX1	known	19	0.2544702589511871	0.3725314
JKAMP-207	JKAMP	known	20	0.3793325424194336	0.49424687
PCGF3-208	PCGF3	known	29	0.2804760634899139	0.46729058
ATF7IP-201	ATF7IP	known	2	0.2761800587177276	0.36982015
RAPGEF5-212	RAPGEF5	known	42	0.4165827333927154	0.49322596
CLDN5-204	CLDN5	known	35	0.368583470582962	0.5263821
MAN1B1-208	MAN1B1	known	18	0.2541063725948334	0.3361434
UBQLN2-201	UBQLN2	known	18	0.4459371566772461	0.5927885
PHF14-214	PHF14	known	2	0.3328519761562347	0.5248071
RGS2-201	RGS2	known	42	0.4192383289337158	0.6424212
transcript80358.chr3.nnic	RASSF1	nnic	29	0.2735969722270965	0.3721563
DAGLB-208	DAGLB	known	16	0.2731522917747497	0.35712203
WNT3-205	WNT3	known	36	0.3626669943332672	0.46000654
SYT1-216	SYT1	known	13	0.4266019463539123	0.6185762
BECN1-222	BECN1	known	44	0.4169496893882751	0.5770356
transcript82912.chr12.nnic	ATP23	nnic	19	0.2939073145389557	0.3647858
ACOT9-203	ACOT9	known	15	0.3730193376541137	0.5320281
transcript21996.chr6.nic	JARID2	nic	1	0.2070793807506561	0.3041476
TMEM63C-201	TMEM63C	known	11	0.2707253992557525	0.4600439
ZBTB7A-202	ZBTB7A	known	2	0.285613089799881	0.47666186
ADGRL2-229	ADGRL2	known	35	0.2100759893655777	0.37030908
CHFR-223	CHFR	known	5	0.2724561095237732	0.36115497
transcript160742.chrX.nic	HMGB3	nic	1	0.2644047439098358	0.41218576
THUMPD1-202	THUMPD1	known	9	0.3850688636302948	0.5631789
MUS81-201	MUS81	known	1	0.4654334485530853	0.69503134
SPTBN2-205	SPTBN2	known	39	0.2607168555259704	0.36807948
POLE-202	POLE	known	1	0.3230665326118469	0.48230904
POLR2A-209	POLR2A	known	8	0.3564711809158325	0.4651743
SLC25A39-206	SLC25A39	known	11	0.2533804774284363	0.44750658
OSTM1-216	OSTM1	known	17	0.267069011926651	0.36694416
TRAPPC9-216	TRAPPC9	known	43	0.3362036347389221	0.52285475
DCLRE1C-216	DCLRE1C	known	1	0.3150886297225952	0.56903875
CPEB2-208	CPEB2	known	8	0.2377856373786926	0.34664938
SLC9A9-201	SLC9A9	known	11	0.5470638871192932	0.83974254
transcript85129.chr15.nic	TLN2	nic	35	0.4483382105827331	0.5770713
CDH6-205	CDH6	known	35	0.5460435152053833	0.751118
RRAGD-202	RRAGD	known	22	0.3271609246730804	0.42699942
MAML3-202	MAML3	known	2	0.3375953137874603	0.53405714
NAMPT-228	NAMPT	known	25	0.2926041483879089	0.31591433
STEAP1-203	STEAP1	known	11	0.2019623219966888	0.4062304
transcript239276.chr1.nnic	HCN3	nnic	11	0.3105061054229736	0.55635715
RTF1-201	RTF1	known	1	0.2461452484130859	0.32963303
COG4-217	COG4	known	43	0.2598816454410553	0.46588174
SF1-201	SF1	known	8	0.4721789062023163	0.5482437
KRI1-204	KRI1	known	10	0.2648838460445404	0.47804826
TRMT2A-211	TRMT2A	known	9	0.2706586718559265	0.31047016
B3GNT4-202	B3GNT4	known	20	0.629396378993988	0.7163168
NTRK3-205	NTRK3	known	31	0.5327490568161011	0.75243884
LONRF1-201	LONRF1	known	29	0.3756837546825409	0.60718143
D2HGDH-206	D2HGDH	known	16	0.2495537251234054	0.3559935
transcript322585.chr2.nnic	METAP1D	nnic	9	0.2820486724376678	0.33531523
SLC30A10-203	SLC30A10	known	11	0.3105377554893493	0.54518753
TK2-236	TK2	known	15	0.3246059119701385	0.5860619
PORCN-201	PORCN	known	16	0.2348411381244659	0.3176403
PLCE1-209	PLCE1	known	17	0.3179494142532348	0.42114347
PRPF4-201	PRPF4	known	8	0.5160983204841614	0.5845371
OSBPL10-204	OSBPL10	known	16	0.3303066194057464	0.5961068
GRIA2-237	GRIA2	known	11	0.4601322114467621	0.8034298
CCDC14-221	CCDC14	known	44	0.3204692006111145	0.44023266
RAD51C-205	RAD51C	known	1	0.3981849551200866	0.6054384
NEK1-201	NEK1	known	31	0.3062077462673187	0.5094233
KAT6B-232	KAT6B	known	2	0.3435071408748626	0.6071143
LRPPRC-271	LRPPRC	known	44	0.242143228650093	0.33760518
TMOD2-203	TMOD2	known	41	0.3565256893634796	0.6558341
TRAM2-AS1-210	TRAM2-AS1	known	2	0.2363132685422897	0.34191263
HSPA12A-211	HSPA12A	known	21	0.2036606520414352	0.3104176
MAPKAPK2-202	MAPKAPK2	known	31	0.3909006416797638	0.8035194
SETD5-225	SETD5	known	2	0.3582154512405395	0.5594461
PRDM10-203	PRDM10	known	2	0.2937698066234588	0.46921355
transcript57820.chr12.nic	PPHLN1	nic	8	0.3429475128650665	0.3657246
GLDN-207	GLDN	known	24	0.2098001688718795	0.32483646
PALB2-202	PALB2	known	1	0.4167556762695312	0.5791081
FMR1-228	FMR1	known	8	0.3883509933948517	0.4697562
transcript57186.chr6.nic	PTK7	nic	35	0.3433359563350677	0.48611322
RPP25L-202	RPP25L	known	9	0.2208137512207031	0.33002633
RAF1-232	RAF1	known	31	0.3623457551002502	0.62861925
transcript42978.chr6.nic	RNF5	nic	29	0.3650570511817932	0.5877208
PEG3-213	PEG3	known	2	0.2093813270330429	0.3723896
MAK16-201	MAK16	known	9	0.3147136867046356	0.4047498
SORBS2-255	SORBS2	known	41	0.3192057609558105	0.41505736
SLC25A42-201	SLC25A42	known	11	0.3649645149707794	0.6240941
VPS13D-213	VPS13D	known	5	0.3517491221427917	0.56095326
CFB-271	CFB	known	40	0.3851144313812256	0.6042162
RCE1-201	RCE1	known	19	0.3208147585391998	0.34541458
ODF2-205	ODF2	known	44	0.1914892494678497	0.32461566
PARP1-226	PARP1	known	1	0.4255287647247314	0.5612901
RMI2-201	RMI2	known	10	0.225310131907463	0.35716492
GTF3C1-203	GTF3C1	known	1	0.2951080203056335	0.4335661
PRKD3-201	PRKD3	known	31	0.3504048883914947	0.6375148
NDUFAF1-201	NDUFAF1	known	5	0.2138330936431884	0.4197008
transcript135810.chr16.nnic	CTU2	nnic	9	0.4345397055149078	0.5024766
ENST00000668653	ENSG00000291166	known	44	0.2948901355266571	0.37831363
NARS1-201	NARS1	known	6	0.4513752460479736	0.5744492
ZNF845-202	ZNF845	known	2	0.1795280575752258	0.5332765
ASIC1-206	ASIC1	known	11	0.3556534647941589	0.5992939
APC2-208	APC2	known	44	0.2651889622211456	0.35297808
KLHL41-201	KLHL41	known	29	0.2381980419158935	0.36822835
NHLRC3-202	NHLRC3	known	16	0.215213730931282	0.34202254
SNUPN-210	SNUPN	known	8	0.2441174536943435	0.3202125
MACF1-244	MACF1	known	36	0.3894126117229461	0.5434226
GOSR2-209	GOSR2	known	7	0.289507120847702	0.44167218
CXXC1-204	CXXC1	known	2	0.3054234683513641	0.4027707
ATM-204	ATM	known	3	0.2169068306684494	0.3314577
transcript34201.chr18.nic	RNF125	nic	29	0.304974228143692	0.6305839
PDAP1-201	PDAP1	known	8	0.2372098416090011	0.36168534
GRIA2-229	GRIA2	known	11	0.3621026277542114	0.67067915
AKAP9-212	AKAP9	known	44	0.4845279455184936	0.5647179
ADCY3-213	ADCY3	known	15	0.5016100406646729	0.6844565
IFI6-203	IFI6	known	30	0.5005887746810913	0.732346
AMPD2-250	AMPD2	known	25	0.4017327129840851	0.57499415
MATR3-210	MATR3	known	8	0.3700267076492309	0.39965743
DXO-205	DXO	known	2	0.2368155270814895	0.3486851
DNAJC21-207	DNAJC21	known	8	0.2448281645774841	0.3054421
transcript69033.chr12.nnic	GPD1	nnic	15	0.3668453395366668	0.46308964
TSG101-204	TSG101	known	29	0.3672096729278564	0.45098266
WDR19-207	WDR19	known	44	0.3495351672172546	0.49345103
TMEM150A-207	TMEM150A	known	17	0.3311662971973419	0.4098497
KPNA6-201	KPNA6	known	7	0.4981656372547149	0.7081006
PNKD-204	PNKD	known	16	0.2468961924314499	0.38034248
ATP5PO-201	ATP5PO	known	6	0.334331065416336	0.39419544
MOV10-204	MOV10	known	9	0.3819819390773773	0.48898807
MDN1-215	MDN1	known	1	0.2929409742355346	0.3907734
CTSA-207	CTSA	known	25	0.4343707263469696	0.4718415
AKAP9-231	AKAP9	known	44	0.4892832338809967	0.5802711
NKAP-201	NKAP	known	8	0.460282415151596	0.5110012
FNBP1L-203	FNBP1L	known	43	0.3028717041015625	0.4746229
EXTL3-216	EXTL3	known	20	0.5978537201881409	0.6685704
MIER2-201	MIER2	known	2	0.2490562200546264	0.37704808
MEN1-206	MEN1	known	29	0.3079146146774292	0.40120012
SLC22A10-202	SLC22A10	known	11	0.1808605343103408	0.31488675
FECH-201	FECH	known	15	0.2884232103824615	0.4472615
EXOC4-219	EXOC4	known	5	0.3389912545681	0.5156727
MBP-202	MBP	known	26	0.4211726486682892	0.549862
TXNDC9-207	TXNDC9	known	4	0.2722759246826172	0.39097878
PHF21A-228	PHF21A	known	2	0.2457115054130554	0.3800482
CH25H-201	CH25H	known	16	0.3590975105762481	0.5044645
ATP2B3-205	ATP2B3	known	11	0.3140423893928528	0.5442053
TTC3-209	TTC3	known	29	0.2556492686271667	0.5093643
PAFAH1B1-205	PAFAH1B1	known	2	0.2237113118171692	0.31746274
GPR27-201	GPR27	known	14	0.3720801472663879	0.67060685
SORBS2-272	SORBS2	known	36	0.3597756922245025	0.49084026
CDKN1B-201	CDKN1B	known	2	0.300355851650238	0.38504344
AARS1-218	AARS1	known	6	0.3916566073894501	0.5574276
PCDH8-201	PCDH8	known	35	0.372497409582138	0.7037198
APMAP-201	APMAP	known	16	0.2762159705162048	0.39398926
ANKRD28-212	ANKRD28	known	43	0.3674067258834839	0.5340522
RIMBP2-214	RIMBP2	known	13	0.2480885684490203	0.34147042
UBE2D1-204	UBE2D1	known	29	0.4737489223480224	0.7379778
transcript29671.chr22.nnic	DUSP18	nnic	32	0.3794790208339691	0.59648323
transcript259908.chr3.nic	LXN	nic	30	0.1844754964113235	0.35273325
SEMA4D-212	SEMA4D	known	36	0.6113380193710327	0.83390254
EML1-203	EML1	known	44	0.3208267092704773	0.48673406
FGFR2-237	FGFR2	known	17	0.7037327289581299	0.80364096
RIMS2-226	RIMS2	known	13	0.5039708614349365	0.8862303
PMM2-201	PMM2	known	15	0.2684378623962402	0.451938
TCF4-202	TCF4	known	2	0.3291307985782623	0.64095867
SEMA3B-213	SEMA3B	known	36	0.6436551213264465	0.890205
ETS2-208	ETS2	known	2	0.2466766983270645	0.5065446
AK6-201	AK6	known	15	0.3986656963825226	0.67112255
SUPT5H-201	SUPT5H	known	8	0.4603732824325561	0.539889
PCDHB7-201	PCDHB7	known	35	0.3113995492458343	0.7229661
MGA-207	MGA	known	2	0.3331356644630432	0.47495237
RAB7A-201	RAB7A	known	25	0.4517239034175873	0.581505
FANCM-228	FANCM	known	1	0.3905464708805084	0.56591785
STIM2-203	STIM2	known	12	0.4265758991241455	0.57446796
MAGEH1-201	MAGEH1	known	2	0.1971229612827301	0.33982322
BCCIP-203	BCCIP	known	7	0.3895645439624786	0.49502516
FMO5-209	FMO5	known	16	0.3559861481189728	0.44843262
SLC7A4-201	SLC7A4	known	11	0.4320965707302093	0.6381338
transcript231618.chr6.nnic	THBS2	nnic	40	0.3130521774291992	0.40616336
EPC1-206	EPC1	known	2	0.33741295337677	0.4528045
COG6-202	COG6	known	43	0.3225599825382232	0.5484544
VAMP8-201	VAMP8	known	25	0.487734317779541	0.56898135
THOC3-201	THOC3	known	7	0.3951618671417236	0.4690567
DARS2-212	DARS2	known	6	0.4970637559890747	0.6307597
CUEDC1-212	CUEDC1	known	26	0.2966699302196502	0.40364027
TAF6-260	TAF6	known	2	0.3450548052787781	0.44013357
NFE2L3-201	NFE2L3	known	2	0.2817479372024536	0.48329443
CYP26B1-201	CYP26B1	known	16	0.3047829568386078	0.46306142
WTAP-205	WTAP	known	8	0.2970614433288574	0.34055316
HTR2C-202	HTR2C	known	14	0.3682760596275329	0.55153584
SAFB2-206	SAFB2	known	2	0.2540959119796753	0.33657178
TMEM116-206	TMEM116	known	14	0.3101601302623749	0.615569
USP16-205	USP16	known	29	0.3010143041610718	0.55071145
UNC80-208	UNC80	known	42	0.2856642007827759	0.40165034
USP35-201	USP35	known	29	0.2857056558132171	0.6972923
KLHL15-204	KLHL15	known	29	0.255884438753128	0.52315605
RMND5A-201	RMND5A	known	29	0.4276844561100006	0.6917818
NEK4-202	NEK4	known	31	0.3483960032463074	0.5858416
GOLGA4-207	GOLGA4	known	36	0.3220583796501159	0.4998661
RPF1-201	RPF1	known	10	0.3626796007156372	0.61994815
transcript74333.chr7.nnic	CCT6P3	nnic	19	0.2240689992904663	0.3090716
ITGA11-201	ITGA11	known	35	0.4069734811782837	0.59448797
ATAD2B-203	ATAD2B	known	2	0.2947636246681213	0.5124327
STAT2-221	STAT2	known	23	0.2317400127649307	0.3524139
ELF1-205	ELF1	known	2	0.2790404558181762	0.56904715
PHOSPHO2-201	PHOSPHO2	known	15	0.1933314204216003	0.43065348
CLYBL-203	CLYBL	known	9	0.3040745556354522	0.43335754
KNDC1-223	KNDC1	known	36	0.2605118751525879	0.3786175
EGLN1-206	EGLN1	known	2	0.2332416325807571	0.32225078
SATB2-201	SATB2	known	2	0.2739308774471283	0.49336797
COBLL1-201	COBLL1	known	36	0.4019511342048645	0.49848565
SIPA1L2-210	SIPA1L2	known	42	0.3014186024665832	0.39380246
DUSP16-201	DUSP16	known	32	0.3341697752475738	0.4499011
PIAS1-201	PIAS1	known	29	0.3375419676303863	0.53630215
RBM11-203	RBM11	known	2	0.1492941677570343	0.35006946
GRIK2-205	GRIK2	known	11	0.3623189926147461	0.67442524
CYP8B1-201	CYP8B1	known	16	0.2730007171630859	0.3886272
DIMT1-201	DIMT1	known	9	0.5209773182868958	0.68662596
G3BP1-270	G3BP1	known	8	0.4268305599689483	0.5214359
ZNF3-202	ZNF3	known	2	0.1756574660539627	0.65981275
TOE1-201	TOE1	known	9	0.3285451829433441	0.43140134
DMD-270	DMD	known	36	0.3088878989219665	0.5075674
TUBGCP2-218	TUBGCP2	known	44	0.4031213223934173	0.6097749
NECAP2-207	NECAP2	known	28	0.2377196997404098	0.32359523
ANKHD1-201	ANKHD1	known	29	0.2239876240491867	0.3159437
GUSB-201	GUSB	known	25	0.6313177347183228	0.66718465
CEP250-216	CEP250	known	44	0.4777710139751434	0.5692289
NARF-201	NARF	known	6	0.323551207780838	0.45797372
PRPF4-202	PRPF4	known	8	0.5098903775215149	0.5790262
TCF4-211	TCF4	known	2	0.3357945680618286	0.6575256
AFAP1L2-201	AFAP1L2	known	31	0.3192467093467712	0.4682723
ODF2L-226	ODF2L	known	44	0.2763641476631164	0.35956663
DLGAP1-207	DLGAP1	known	44	0.2219324856996536	0.31930813
MYEF2-204	MYEF2	known	8	0.3891561329364776	0.41787976
KLF9-201	KLF9	known	2	0.2493626922369003	0.6109595
SYNCRIP-212	SYNCRIP	known	8	0.5868858695030212	0.65707827
PPP3CC-201	PPP3CC	known	15	0.3674526810646057	0.52008784
DEAF1-201	DEAF1	known	2	0.2687791287899017	0.44581923
COQ6-201	COQ6	known	16	0.2609013020992279	0.39888814
TSC1-246	TSC1	known	44	0.2230346798896789	0.31650007
PSMC5-205	PSMC5	known	29	0.3653050065040588	0.53452486
LSM1-201	LSM1	known	8	0.4959172904491424	0.72983086
APOL2-202	APOL2	known	11	0.2738600373268127	0.49316373
TJP2-225	TJP2	known	35	0.2656522393226623	0.39586338
MAST1-203	MAST1	known	3	0.2272859513759613	0.39788654
TLR1-201	TLR1	known	23	0.4601795077323913	0.680429
GOLGA2-213	GOLGA2	known	44	0.3104318380355835	0.38792664
PLCB4-211	PLCB4	known	17	0.298088014125824	0.40015215
transcript141093.chr11.nic	ME3	nic	15	0.2648966908454895	0.3500411
KCNJ16-202	KCNJ16	known	11	0.3729569315910339	0.74321175
SLC5A11-203	SLC5A11	known	11	0.3672372698783874	0.62106407
PFKFB2-201	PFKFB2	known	15	0.5210861563682556	0.75570774
BCAP31-201	BCAP31	known	27	0.4655147492885589	0.49402723
CLYBL-201	CLYBL	known	9	0.3040745556354522	0.43335754
CHN1-201	CHN1	known	42	0.4409664571285248	0.6748743
CARS2-201	CARS2	known	6	0.5059110522270203	0.6212805
MX1-237	MX1	known	3	0.24599389731884	0.39359036
SCN2A-206	SCN2A	known	11	0.441799134016037	0.850924
NEIL2-202	NEIL2	known	1	0.2527180314064026	0.5378534
ZDHHC6-221	ZDHHC6	known	5	0.2573437988758087	0.33002296
RO60-201	RO60	known	1	0.194837749004364	0.3363574
PLEC-209	PLEC	known	35	0.3246999382972717	0.5332318
LPAR5-202	LPAR5	known	14	0.3373223841190338	0.6514021
ERLEC1-229	ERLEC1	known	18	0.4257291257381439	0.5431909
NDUFS2-277	NDUFS2	known	16	0.3145920932292938	0.48871738
TAB3-201	TAB3	known	31	0.4200780987739563	0.59259254
PVRIG-201	PVRIG	known	24	0.2999129593372345	0.44379035
CCDC14-222	CCDC14	known	44	0.2662438154220581	0.36918092
HEPH-203	HEPH	known	11	0.1788908690214157	0.32363826
ZNF501-201	ZNF501	known	2	0.1481269001960754	0.5991141
TK2-206	TK2	known	15	0.3246059119701385	0.5860619
CYP27A1-201	CYP27A1	known	16	0.3441064059734344	0.5358122
MPHOSPH10-202	MPHOSPH10	known	10	0.3281912207603454	0.50836074
JAKMIP3-208	JAKMIP3	known	44	0.2051972299814224	0.31471372
SLC52A3-205	SLC52A3	known	11	0.3664967715740204	0.5724987
DNM1L-209	DNM1L	known	3	0.2494818866252899	0.31860963
TUBGCP4-207	TUBGCP4	known	44	0.3081633448600769	0.54319227
RAB3GAP1-207	RAB3GAP1	known	9	0.2413759678602218	0.30479068
transcript305491.chr2.nic	CD302	nic	25	0.3214262127876282	0.3734859
FAM131C-201	FAM131C	known	2	0.1577778309583664	0.31253856
FBXO6-201	FBXO6	known	29	0.3474851250648498	0.5627285
HACD3-202	HACD3	known	15	0.4248787760734558	0.58065146
NPY5R-201	NPY5R	known	14	0.3672368228435516	0.61288977
MAGOHB-203	MAGOHB	known	7	0.3994147479534149	0.5968545
transcript192675.chr8.nnic	TSNARE1	nnic	1	0.1894502937793731	0.31217137
TNFSF12-204	TNFSF12	known	23	0.3421265780925751	0.47445774
transcript223270.chr2.nnic	RPL31	nnic	6	0.6243414282798767	0.80735224
TRIM2-287	TRIM2	known	29	0.2709991037845611	0.345594
MKRN2-211	MKRN2	known	29	0.2986095547676086	0.5742249
KCNMA1-267	KCNMA1	known	12	0.3227110803127289	0.56740266
TNFAIP1-201	TNFAIP1	known	29	0.293140709400177	0.47460517
GCC2-222	GCC2	known	44	0.3517818450927734	0.4388267
NAP1L1-223	NAP1L1	known	6	0.2440182715654373	0.32553
FAN1-206	FAN1	known	1	0.2664062082767486	0.46853462
CRTAC1-203	CRTAC1	known	20	0.2779689133167267	0.3535771
TNFSF10-201	TNFSF10	known	23	0.3899731338024139	0.54193085
CLEC5A-206	CLEC5A	known	25	0.4066768586635589	0.49053115
MIF4GD-202	MIF4GD	known	7	0.2253580093383789	0.37094182
ZNF302-209	ZNF302	known	9	0.1358711421489715	0.35294983
CYTH2-203	CYTH2	known	42	0.2712400555610657	0.3778908
CASK-224	CASK	known	13	0.2708910405635834	0.38319921
ITGA2-205	ITGA2	known	35	0.3711961507797241	0.5751623
ABCB9-203	ABCB9	known	43	0.262417733669281	0.4139785
PLCB2-204	PLCB2	known	17	0.3449247181415558	0.46613336
SH3KBP1-217	SH3KBP1	known	41	0.2540169358253479	0.34335363
transcript30878.chr12.nnic	H4C16	nnic	1	0.302251785993576	0.60620683
TONSL-202	TONSL	known	1	0.2552719414234161	0.39501637
SOS1-201	SOS1	known	42	0.5054720044136047	0.6345867
ITGAL-218	ITGAL	known	40	0.189215213060379	0.33448094
ABCB9-208	ABCB9	known	11	0.234674260020256	0.482623
CACNA1A-212	CACNA1A	known	12	0.4241561591625213	0.83073616
transcript157087.chr11.nic	TRPC6	nic	12	0.392027735710144	0.5670103
DOCK7-223	DOCK7	known	17	0.2277250587940216	0.33337623
transcript107454.chr16.nic	NIP7	nic	9	0.3611792623996734	0.50199586
GYG2-205	GYG2	known	16	0.214589312672615	0.34388247
CTSL-235	CTSL	known	19	0.3417934477329254	0.46300036
SLC25A39-202	SLC25A39	known	11	0.2520199120044708	0.47904015
EIF2D-201	EIF2D	known	9	0.3276157975196838	0.42361695
RNFT1-201	RNFT1	known	29	0.2476849555969238	0.4949318
PDE4A-203	PDE4A	known	14	0.2571886479854584	0.4002295
ZNF34-202	ZNF34	known	2	0.1767971515655517	0.61335796
LTA4H-210	LTA4H	known	19	0.5014774799346924	0.54644877
SPTLC2-206	SPTLC2	known	9	0.2379486113786697	0.40063047
HTRA2-215	HTRA2	known	19	0.425451248884201	0.47375757
ALKBH1-204	ALKBH1	known	9	0.2162959724664688	0.31192616
DDX52-213	DDX52	known	9	0.350745290517807	0.5541812
ZNF213-201	ZNF213	known	2	0.1472862064838409	0.4939459
HSD17B12-201	HSD17B12	known	15	0.3839472830295563	0.500306
transcript19527.chr18.nic	PRELID3A	nic	11	0.2389461398124694	0.34711918
CSNK2A1-237	CSNK2A1	known	30	0.3444569408893585	0.5316028
ENST00000686484	ENSG00000291100	known	35	0.2513442933559418	0.33344433
APEX1-210	APEX1	known	1	0.3634665608406067	0.57599247
PRCP-210	PRCP	known	25	0.5006682276725769	0.53314096
TMEM50A-203	TMEM50A	known	43	0.2405566573143005	0.38203657
XRCC1-205	XRCC1	known	44	0.2483201622962951	0.36879736
G3BP1-237	G3BP1	known	8	0.4553596079349518	0.58126104
PLXNB2-201	PLXNB2	known	36	0.5772430300712585	0.6625655
TTC21B-234	TTC21B	known	44	0.3790762722492218	0.4917887
IGBP1-202	IGBP1	known	30	0.3011351227760315	0.4299411
BLTP1-238	BLTP1	known	22	0.1724276393651962	0.30533105
WDR82-204	WDR82	known	8	0.2140969485044479	0.32584062
SPG7-277	SPG7	known	18	0.3959141075611114	0.48822793
PPP2R1A-201	PPP2R1A	known	32	0.4384233653545379	0.52432406
RTN3-208	RTN3	known	36	0.1974250376224517	0.30139568
SDCCAG8-201	SDCCAG8	known	44	0.4340333342552185	0.5326506
GBP3-202	GBP3	known	23	0.3837875127792358	0.5310263
PABPC4-204	PABPC4	known	8	0.3485801517963409	0.4724955
MBD3-202	MBD3	known	2	0.2376168817281723	0.39782965
GDF5-201	GDF5	known	40	0.3202150762081146	0.4305567
MRPS16-201	MRPS16	known	6	0.5290660858154297	0.6497757
POMZP3-202	POMZP3	known	3	0.2617149353027344	0.34474033
MRPL53-201	MRPL53	known	6	0.412390261888504	0.46927944
ZNF584-201	ZNF584	known	2	0.1622510850429535	0.59119034
ALS2-262	ALS2	known	42	0.312620997428894	0.40927038
transcript56889.chr6.nnic	TREM2	nnic	24	0.2996402084827423	0.4241101
CCNE2-201	CCNE2	known	1	0.1985040605068206	0.3960175
PDK1-201	PDK1	known	9	0.279556006193161	0.3756994
PARP1-203	PARP1	known	1	0.430407702922821	0.5587926
DDX1-213	DDX1	known	9	0.3073510229587555	0.38597435
GPR155-206	GPR155	known	11	0.3010731935501098	0.50146973
PSMD13-202	PSMD13	known	25	0.5446817874908447	0.59742695
ZNF496-201	ZNF496	known	2	0.1992136389017105	0.5207599
FYN-205	FYN	known	24	0.5544646382331848	0.7242869
MED13L-224	MED13L	known	2	0.2203081250190735	0.49167976
TP53BP1-205	TP53BP1	known	1	0.3470003306865692	0.47434133
DNAJC7-201	DNAJC7	known	5	0.2538255155086517	0.31847608
HDAC8-209	HDAC8	known	1	0.3392530083656311	0.5313594
RPL6-203	RPL6	known	5	0.4563612341880798	0.51678574
EFR3B-204	EFR3B	known	17	0.4330626428127289	0.49329528
CTDSP1-201	CTDSP1	known	9	0.2179413437843322	0.36533782
CAPRIN2-226	CAPRIN2	known	36	0.3166542053222656	0.5444964
SRPK2-203	SRPK2	known	8	0.601504385471344	0.64121616
STAMBP-258	STAMBP	known	5	0.1880401223897934	0.30808124
UBN2-202	UBN2	known	2	0.2354976087808609	0.38779578
EFNB1-201	EFNB1	known	36	0.4456877112388611	0.6359119
CRISPLD2-201	CRISPLD2	known	25	0.3850914239883423	0.39836222
RAB21-201	RAB21	known	25	0.3975640833377838	0.59755605
SYCE1-203	SYCE1	known	44	0.2946587800979614	0.38196614
ZNF540-202	ZNF540	known	2	0.1793695390224456	0.5283519
ACSL3-221	ACSL3	known	25	0.3288805186748504	0.47959623
transcript115686.chr15.nnic	RCN2	nnic	19	0.1842086166143417	0.3185716
POLDIP2-201	POLDIP2	known	6	0.2914517223834991	0.33947995
transcript295901.chr2.nic	PRPF40A	nic	8	0.4849715232849121	0.5299423
ENC1-206	ENC1	known	29	0.2699019312858581	0.5218722
SMG8-201	SMG8	known	3	0.2473939508199691	0.34182733
TRIM9-207	TRIM9	known	29	0.2355793267488479	0.40507275
CHD1L-202	CHD1L	known	1	0.4052046239376068	0.59321845
RPL4-210	RPL4	known	5	0.751196563243866	0.90442514
SAP30L-201	SAP30L	known	2	0.2633225321769714	0.381545
ARPC2-209	ARPC2	known	41	0.2877517640590668	0.3320449
JAK1-213	JAK1	known	23	0.291856586933136	0.45729023
METTL8-217	METTL8	known	9	0.5173935890197754	0.52566534
ZNF525-202	ZNF525	known	2	0.1632728278636932	0.5974426
KHDRBS1-202	KHDRBS1	known	8	0.5049493908882141	0.5846522
KCNIP2-206	KCNIP2	known	12	0.3869101703166961	0.63161993
GRIK2-228	GRIK2	known	11	0.3101711571216583	0.487871
MRPL17-202	MRPL17	known	3	0.1963955461978912	0.42092896
transcript119112.chr2.nic	KCMF1	nic	29	0.3476344347000122	0.46352845
SETD5-244	SETD5	known	2	0.2734107673168182	0.39564812
KMT2C-222	KMT2C	known	2	0.3850636780261993	0.5169079
ISLR-201	ISLR	known	35	0.2546002268791199	0.38823068
SKIC3-221	SKIC3	known	4	0.2550655901432037	0.3730607
PPP2CA-210	PPP2CA	known	15	0.3543664515018463	0.5165518
AKT1-217	AKT1	known	17	0.2671000063419342	0.37760976
DST-222	DST	known	35	0.3611631691455841	0.56008637
DNAJC11-201	DNAJC11	known	5	0.2417923957109451	0.32732147
KDM2B-202	KDM2B	known	2	0.3786012828350067	0.7011491
ZNF655-201	ZNF655	known	2	0.2292872369289398	0.48554078
EVI5L-201	EVI5L	known	42	0.2384017407894134	0.3724741
ZNF320-216	ZNF320	known	2	0.1400256901979446	0.53446007
LINC00632-215	LINC00632	known	2	0.2144282460212707	0.3206688
MYO6-205	MYO6	known	41	0.2307981550693512	0.43091956
TINF2-205	TINF2	known	3	0.2179403156042099	0.3161199
HNRNPA1-238	HNRNPA1	known	8	0.4415577352046966	0.5659916
RBBP4-202	RBBP4	known	2	0.4134881496429443	0.6171541
CYP26A1-202	CYP26A1	known	16	0.2159885913133621	0.3690319
BMAL1-214	BMAL1	known	26	0.3102684319019317	0.4582625
CD9-203	CD9	known	25	0.4083258807659149	0.46129388
SRPK2-210	SRPK2	known	8	0.5207913517951965	0.5560358
SNAP25-223	SNAP25	known	25	0.637786865234375	0.77097
IFNAR1-208	IFNAR1	known	23	0.3394405245780945	0.5264791
GPR161-201	GPR161	known	14	0.4807256162166595	0.78488433
HSPA1B-201	HSPA1B	known	25	0.4687606990337372	0.51221865
VRK1-209	VRK1	known	31	0.3180950880050659	0.652487
transcript50368.chr22.nnic	EP300	nnic	2	0.3783392608165741	0.58943427
CAMKK1-201	CAMKK1	known	31	0.3033399581909179	0.67492235
CRY2-206	CRY2	known	9	0.3598088920116424	0.3984287
ZUP1-202	ZUP1	known	1	0.2332720011472702	0.3930894
RPL24-201	RPL24	known	5	0.7039238214492798	0.80319643
KYNU-201	KYNU	known	16	0.3123194575309753	0.49451512
STAT3-238	STAT3	known	2	0.3014280796051025	0.4228345
PCDHA4-202	PCDHA4	known	35	0.2906066179275512	0.70265365
RPP38-204	RPP38	known	9	0.3467714786529541	0.49943796
WNK1-210	WNK1	known	31	0.3758996725082397	0.6533054
EEF1A1-202	EEF1A1	known	6	0.4904784262180328	0.6516614
CSRNP3-202	CSRNP3	known	2	0.2190774530172348	0.3070836
CCNDBP1-213	CCNDBP1	known	2	0.1890247613191604	0.31098053
PRRC2B-208	PRRC2B	known	10	0.1833511143922805	0.31551695
MCM7-213	MCM7	known	1	0.4260273873806	0.6160206
OPTN-205	OPTN	known	43	0.2730984687805176	0.3266999
CSNK1A1-203	CSNK1A1	known	2	0.2437494993209839	0.35915107
transcript42444.chr17.nic	TMEM199	nic	2	0.2076267898082733	0.3047876
STAG2-202	STAG2	known	4	0.337990939617157	0.5031805
DYNC1I2-219	DYNC1I2	known	41	0.2016574442386627	0.31386232
SYT13-203	SYT13	known	43	0.2915084064006805	0.51742333
transcript38323.chr10.nnic	MSANTD7	nnic	3	0.1340208202600479	0.348133
CDH18-201	CDH18	known	35	0.6043718457221985	0.7615759
ABCB7-203	ABCB7	known	11	0.2971502542495727	0.5336318
HTR3B-201	HTR3B	known	13	0.303888201713562	0.64534855
ADGRG1-214	ADGRG1	known	14	0.4516319632530212	0.6398736
SYPL1-202	SYPL1	known	25	0.323655754327774	0.3423184
SNX17-210	SNX17	known	42	0.283863216638565	0.41654634
ANGEL1-201	ANGEL1	known	9	0.2557352185249328	0.37860665
transcript65023.chr7.nic	IKZF1	nic	2	0.2619907855987549	0.51719695
IKBKB-208	IKBKB	known	31	0.2804039716720581	0.68951243
SMARCA4-223	SMARCA4	known	2	0.4412095546722412	0.57183146
RAB4A-205	RAB4A	known	17	0.343596488237381	0.4483374
FNTA-205	FNTA	known	8	0.2131809443235397	0.34435
CCN2-201	CCN2	known	38	0.2899118065834045	0.4150711
SHC1-210	SHC1	known	42	0.3325921297073364	0.4305508
ZNF70-201	ZNF70	known	2	0.1702023297548294	0.5943983
NIT2-203	NIT2	known	16	0.2461362034082412	0.41368824
GSTM3-205	GSTM3	known	15	0.2234799861907959	0.3511002
SPPL2A-207	SPPL2A	known	25	0.387995034456253	0.44442835
KALRN-231	KALRN	known	42	0.2939507663249969	0.3847139
TEX2-209	TEX2	known	17	0.2839484214782715	0.33760777
FOXRED1-218	FOXRED1	known	16	0.2585020661354065	0.4250762
MED12-231	MED12	known	2	0.2200623750686645	0.4707602
BCS1L-201	BCS1L	known	27	0.2984918355941772	0.41970238
RADIL-206	RADIL	known	42	0.233739823102951	0.31102613
RIC1-203	RIC1	known	7	0.2515833973884582	0.4458499
MINDY2-203	MINDY2	known	29	0.2383500635623932	0.4553234
KHK-202	KHK	known	15	0.3401476442813873	0.4951698
KIF5C-201	KIF5C	known	44	0.4983585774898529	0.63136286
PKHD1-202	PKHD1	known	35	0.2550060451030731	0.30955726
PRPF39-203	PRPF39	known	8	0.4719800949096679	0.5754655
LARP1B-201	LARP1B	known	8	0.3809730112552643	0.4383084
ZMYM2-205	ZMYM2	known	2	0.1859049797058105	0.34695512
CENPF-207	CENPF	known	4	0.408331036567688	0.56744945
RASGEF1C-201	RASGEF1C	known	42	0.3699968159198761	0.5640675
TUBGCP3-204	TUBGCP3	known	44	0.2413523346185684	0.30862153
ZKSCAN1-205	ZKSCAN1	known	2	0.1688753962516784	0.60090214
PHLDB1-221	PHLDB1	known	44	0.2266221046447754	0.3693723
RPUSD1-202	RPUSD1	known	9	0.4147922098636627	0.55995166
ZFP30-201	ZFP30	known	2	0.1558504402637481	0.5121441
WDR26-210	WDR26	known	29	0.2638704180717468	0.37769645
transcript72570.chr14.nnic	SMOC1	nnic	40	0.2361652106046676	0.325051
TACC2-227	TACC2	known	41	0.3253873586654663	0.41323185
SPG7-259	SPG7	known	19	0.2916275560855865	0.37271383
C19orf12-201	C19orf12	known	22	0.2171570956707	0.36740702
OBSCN-201	OBSCN	known	41	0.3045306205749511	0.5800691
transcript391225.chr2.nic	MFF	nic	44	0.2614271342754364	0.42271233
SLC6A1-232	SLC6A1	known	11	0.5199214220046997	0.7681104
transcript86017.chr14.nic	VIPAS39	nic	44	0.2485867291688919	0.34931427
DNAH7-201	DNAH7	known	44	0.3566326797008514	0.48926273
TWF2-213	TWF2	known	6	0.2521253824234009	0.3104531
NME4-201	NME4	known	6	0.3875459730625152	0.44337645
MKRN2-203	MKRN2	known	29	0.3099868893623352	0.6056563
PRPF6-201	PRPF6	known	8	0.4495784342288971	0.5771073
GRK4-206	GRK4	known	42	0.265868991613388	0.46071082
ZNF664-207	ZNF664	known	2	0.1738415211439132	0.6201673
TOMM20-201	TOMM20	known	5	0.3340606093406677	0.4556241
MACF1-248	MACF1	known	41	0.2499705255031585	0.44301915
AEBP2-202	AEBP2	known	2	0.315016895532608	0.45639652
P4HB-223	P4HB	known	30	0.3162328898906708	0.45071965
SMC1A-208	SMC1A	known	4	0.4096327424049377	0.66439265
MYO6-203	MYO6	known	41	0.3040797114372253	0.47793764
MKRN2-208	MKRN2	known	29	0.3175427615642547	0.60384417
AAK1-210	AAK1	known	13	0.202306866645813	0.38344938
FXYD5-207	FXYD5	known	12	0.2324005961418151	0.3935592
MAGI2-204	MAGI2	known	13	0.3414416909217834	0.46609074
UNC79-207	UNC79	known	42	0.2365752160549163	0.38687056
GOLGB1-223	GOLGB1	known	43	0.2930587232112884	0.41552362
SAMHD1-227	SAMHD1	known	1	0.2252369225025177	0.44198245
STAT2-238	STAT2	known	2	0.2291070818901062	0.3486454
GOSR1-204	GOSR1	known	43	0.4323152303695678	0.5714688
GALNT10-201	GALNT10	known	20	0.6014201641082764	0.68539745
transcript181688.chr4.nnic	ZNF827	nnic	2	0.2459219098091125	0.535184
ZEB1-217	ZEB1	known	2	0.2488868981599807	0.50790226
PFKFB4-213	PFKFB4	known	15	0.2697010040283203	0.47446108
P3H1-202	P3H1	known	36	0.2356285750865936	0.35482794
XRCC4-201	XRCC4	known	1	0.2911957204341888	0.427749
TRHDE-AS1-202	TRHDE-AS1	known	5	0.381099134683609	0.44553453
MAN1B1-220	MAN1B1	known	20	0.4152730405330658	0.5747463
CACHD1-204	CACHD1	known	13	0.3093510270118713	0.52100813
TIMM23B-202	TIMM23B	known	11	0.2092589735984802	0.3708837
MITF-203	MITF	known	2	0.2869613468647003	0.5440304
transcript160520.chr3.nic	TOMM70	nic	29	0.302877128124237	0.43329963
RC3H2-202	RC3H2	known	24	0.3621711432933807	0.4999898
SLC4A8-201	SLC4A8	known	11	0.5966823101043701	0.8746153
ABCA10-206	ABCA10	known	11	0.2043808996677398	0.33961958
SREK1-216	SREK1	known	8	0.3603613674640655	0.39459866
MC4R-201	MC4R	known	14	0.4822280406951904	0.7688326
DUS3L-201	DUS3L	known	9	0.4088532030582428	0.47090164
ITGB1-229	ITGB1	known	40	0.4771181941032409	0.6261827
ZNF341-203	ZNF341	known	2	0.2435212433338165	0.4787012
COG2-208	COG2	known	43	0.2262835502624511	0.39463672
PPHLN1-204	PPHLN1	known	8	0.3819488286972046	0.40865168
PEX13-201	PEX13	known	5	0.3200177550315857	0.45538855
EFS-201	EFS	known	41	0.3045779168605804	0.4475306
NIN-220	NIN	known	44	0.3663129508495331	0.49049902
transcript158431.chr3.nnic	CPOX	nnic	6	0.2302572578191757	0.30751362
STARD7-201	STARD7	known	17	0.3247331976890564	0.48685804
CLK4-208	CLK4	known	6	0.2497765570878982	0.3677645
NUB1-203	NUB1	known	10	0.2355066835880279	0.32287392
TUBB2B-201	TUBB2B	known	25	0.2425220757722854	0.353445
transcript10427.chr16.nic	THOC6	nic	7	0.243350937962532	0.34746233
SCAP-203	SCAP	known	11	0.2994718253612518	0.5327325
RAD21-214	RAD21	known	1	0.3421110510826111	0.5248909
ASRGL1-201	ASRGL1	known	19	0.2763963639736175	0.47647038
ZNF766-201	ZNF766	known	2	0.1407761722803115	0.570161
ESD-202	ESD	known	16	0.2218324840068817	0.32830474
HDAC5-204	HDAC5	known	38	0.3499420583248138	0.64583105
DNTTIP2-205	DNTTIP2	known	10	0.3436664342880249	0.45576477
LUC7L-207	LUC7L	known	8	0.6349133253097534	0.7304903
DUSP11-213	DUSP11	known	32	0.2551928758621216	0.4761706
SIGLEC10-203	SIGLEC10	known	35	0.2423357218503952	0.42105156
CEP112-221	CEP112	known	44	0.2922291159629822	0.46593451
SDAD1-203	SDAD1	known	10	0.2375009357929229	0.44021568
GRM4-214	GRM4	known	14	0.3639675080776214	0.41535798
transcript9889.chrX.nnic	PUDP	nnic	15	0.2413613349199295	0.47295517
ZNF592-203	ZNF592	known	2	0.2522290647029876	0.45627132
GTF2H2-201	GTF2H2	known	1	0.3606819808483124	0.5395592
NQO1-202	NQO1	known	16	0.3094316124916076	0.42905402
LLGL2-207	LLGL2	known	42	0.2923834025859833	0.46416909
FLYWCH1-202	FLYWCH1	known	2	0.1783764064311981	0.43517375
ZNF219-203	ZNF219	known	2	0.1748033314943313	0.5281829
HSP90B1-202	HSP90B1	known	9	0.2629158198833465	0.3593055
LIPT2-AS1-202	LIPT2-AS1	known	3	0.253568947315216	0.47509742
PPP1CB-211	PPP1CB	known	25	0.3195947110652923	0.4175721
HERC1-205	HERC1	known	29	0.2633252143859863	0.42258972
JMJD1C-210	JMJD1C	known	2	0.2912761270999908	0.4170505
HAT1-201	HAT1	known	1	0.2720434665679931	0.42044276
YY1AP1-207	YY1AP1	known	2	0.2115081995725631	0.39837536
SMC3-205	SMC3	known	1	0.3058240413665771	0.48998585
PPP1R12A-208	PPP1R12A	known	32	0.2315173745155334	0.33283576
EIF3I-206	EIF3I	known	8	0.2528420090675354	0.37316552
transcript376579.chr2.nnic	IKZF2	nnic	2	0.2456245124340057	0.4595098
EDEM3-209	EDEM3	known	18	0.5010054707527161	0.6921899
GABRE-201	GABRE	known	13	0.3700178265571594	0.7144272
XPO1-249	XPO1	known	7	0.5391281247138977	0.67057264
transcript66496.chrX.nic	ARHGEF9	nic	42	0.3852866590023041	0.62838393
PPP1CA-209	PPP1CA	known	9	0.2730045020580292	0.36790928
ATP6V0A1-217	ATP6V0A1	known	11	0.3851324617862701	0.59248173
PHF21A-205	PHF21A	known	2	0.2470495998859405	0.42491612
PCDHGA4-202	PCDHGA4	known	35	0.3506498038768768	0.71627533
DPP7-221	DPP7	known	25	0.4896316528320312	0.5077532
G6PC3-201	G6PC3	known	20	0.3386846482753753	0.4270731
ABHD13-201	ABHD13	known	16	0.2198382914066314	0.3052656
FAM104B-201	FAM104B	known	1	0.237979456782341	0.33984423
TKT-201	TKT	known	15	0.4434646964073181	0.5846018
HTR1F-201	HTR1F	known	14	0.5017605423927307	0.6651181
HIGD2A-201	HIGD2A	known	15	0.1524090617895126	0.32398885
DDX3X-269	DDX3X	known	9	0.291147917509079	0.40483266
PPM1B-207	PPM1B	known	32	0.3244169056415558	0.59476984
ASCC3-201	ASCC3	known	9	0.3693279325962066	0.49009323
ADAM17-223	ADAM17	known	19	0.3646852970123291	0.44301113
AFMID-215	AFMID	known	16	0.2520501315593719	0.35659915
SCAMP2-204	SCAMP2	known	25	0.2584058940410614	0.32126394
TRAPPC12-206	TRAPPC12	known	5	0.2357039153575897	0.4028955
SLC18B1-205	SLC18B1	known	11	0.3432746529579162	0.5825135
DYNC1H1-243	DYNC1H1	known	44	0.4602034986019134	0.5508755
POLN-210	POLN	known	1	0.429810106754303	0.7374075
MTUS1-225	MTUS1	known	44	0.3127897679805755	0.41026944
SRGAP1-207	SRGAP1	known	42	0.4177530705928802	0.61092156
CD47-202	CD47	known	25	0.4701338410377502	0.5934539
USP39-201	USP39	known	8	0.4665652215480804	0.5860489
AFDN-207	AFDN	known	35	0.3668892979621887	0.44821835
AARS1-215	AARS1	known	6	0.4465688467025757	0.5897461
MYL12B-203	MYL12B	known	39	0.3955354690551758	0.4406708
LRRC49-221	LRRC49	known	44	0.333518385887146	0.5102628
PSMC1-201	PSMC1	known	29	0.3973686099052429	0.52295125
NRXN1-217	NRXN1	known	13	0.3464421927928924	0.47922844
TM7SF2-202	TM7SF2	known	16	0.406338632106781	0.60802525
ZSCAN2-207	ZSCAN2	known	2	0.1791289746761322	0.59674704
SLC1A2-202	SLC1A2	known	11	0.5798861384391785	0.8304037
UNC13A-205	UNC13A	known	13	0.3545538485050201	0.5159317
transcript1307.chr11.nic	TMEM80	nic	44	0.2193800061941146	0.40458322
PIGT-250	PIGT	known	25	0.2415482401847839	0.39466262
TCF4-245	TCF4	known	2	0.3357945680618286	0.6575256
NME6-222	NME6	known	4	0.2140532284975052	0.30009785
ADAM21-202	ADAM21	known	19	0.3108641803264618	0.42751876
ERCC6L2-215	ERCC6L2	known	1	0.3666503429412842	0.5842468
CCDC39-205	CCDC39	known	44	0.4297547042369842	0.55202734
RPL10-215	RPL10	known	6	0.4428924322128296	0.5673393
BANP-223	BANP	known	2	0.2187142372131347	0.49098092
FDFT1-221	FDFT1	known	16	0.3415581583976745	0.5743462
STAU2-202	STAU2	known	23	0.1825741976499557	0.30216783
ALDH1A3-AS1-201	ALDH1A3-AS1	known	41	0.2320758551359176	0.35210413
AMT-201	AMT	known	9	0.3964954316616058	0.56244296
ZKSCAN8P1-201	ZKSCAN8P1	known	2	0.1587523818016052	0.5561641
PKD1L1-206	PKD1L1	known	35	0.2140915095806121	0.337538
DGKE-201	DGKE	known	39	0.6995574235916138	0.75027883
ELP1-227	ELP1	known	9	0.2687945067882538	0.35255975
MEGF11-204	MEGF11	known	35	0.274312824010849	0.3963335
transcript107953.chr19.nnic	MED29	nnic	2	0.2377150654792785	0.35574833
ABHD4-203	ABHD4	known	16	0.2634409964084625	0.4196767
STAU2-219	STAU2	known	23	0.1770569384098053	0.30246145
transcript161458.chr4.nnic	ENSG00000288921	nnic	17	0.2832618653774261	0.35084403
HDHD2-205	HDHD2	known	15	0.2475688606500625	0.43081036
transcript44000.chr20.nic	EPB41L1	nic	42	0.2682168483734131	0.3398401
ZNF618-207	ZNF618	known	2	0.2353707700967788	0.47371116
LSS-201	LSS	known	16	0.3100491464138031	0.3799108
CCDC88A-251	CCDC88A	known	36	0.2172993421554565	0.31256056
ARRDC2-202	ARRDC2	known	29	0.1371815055608749	0.30082062
ZNF622-201	ZNF622	known	30	0.2683155834674835	0.3370739
DCAF1-203	DCAF1	known	42	0.2544861435890198	0.34593168
HEXB-201	HEXB	known	20	0.5286992192268372	0.56265545
SPINT2-204	SPINT2	known	30	0.2814232409000397	0.43811518
ZNF689-201	ZNF689	known	2	0.1670050919055938	0.5051303
LRPPRC-264	LRPPRC	known	44	0.2062094360589981	0.30830228
CFAP20-201	CFAP20	known	44	0.2783775925636291	0.4198317
LTV1-201	LTV1	known	7	0.4568445682525635	0.5553203
UHRF1-203	UHRF1	known	29	0.319246232509613	0.50175154
transcript41487.chr17.nnic	SUPT6H	nnic	8	0.286132276058197	0.33267158
GRM5-205	GRM5	known	14	0.4419181048870086	0.6282202
SGTA-216	SGTA	known	5	0.39900603890419	0.488137
NSD2-204	NSD2	known	2	0.3368160128593445	0.6060131
RPL13-201	RPL13	known	10	0.377487301826477	0.51629984
RNF214-208	RNF214	known	2	0.2057110965251922	0.3918422
TOPBP1-201	TOPBP1	known	4	0.4824695885181427	0.6385212
NLRP3-208	NLRP3	known	26	0.4993387162685394	0.66825336
KLHL20-201	KLHL20	known	29	0.3082544207572937	0.5928182
FAN1-214	FAN1	known	1	0.3464914858341217	0.4846879
CCNJL-201	CCNJL	known	4	0.2836714386940002	0.5253974
transcript227095.chr7.nic	EZH2	nic	9	0.2883588969707489	0.3854548
GK-206	GK	known	16	0.3196826875209808	0.43283907
BECN1-213	BECN1	known	22	0.4198518097400665	0.5226161
ZNF714-205	ZNF714	known	2	0.1552802771329879	0.54401076
transcript61197.chr20.nic	SULF2	nic	20	0.3792518675327301	0.40551576
EXO5-208	EXO5	known	1	0.3019052147865295	0.50452846
JADE1-201	JADE1	known	2	0.3802118003368377	0.58573616
RGS7-250	RGS7	known	42	0.3978830873966217	0.609846
DOCK2-210	DOCK2	known	39	0.4147672057151794	0.4509913
TRPM2-202	TRPM2	known	12	0.4288482964038849	0.6363379
TRIM2-250	TRIM2	known	29	0.2383181601762771	0.3189134
AP3B1-225	AP3B1	known	43	0.2686549127101898	0.40353385
PABPC4-237	PABPC4	known	10	0.2890730500221252	0.43303233
PPCDC-209	PPCDC	known	15	0.280191421508789	0.3963605
UMPS-206	UMPS	known	15	0.4328082799911499	0.5841418
MRPL57-201	MRPL57	known	6	0.4460429847240448	0.48238307
H2BC5-201	H2BC5	known	2	0.3106728792190552	0.59215224
CTNNB1-249	CTNNB1	known	37	0.4391217529773712	0.5266364
transcript100755.chr8.nnic	MRPL15	nnic	6	0.7035284638404846	0.8332623
ECSIT-218	ECSIT	known	6	0.3062288463115692	0.3863331
ZKSCAN5-201	ZKSCAN5	known	2	0.2034135162830352	0.54007715
ANO8-201	ANO8	known	11	0.2583815455436706	0.38338852
LAMB1-214	LAMB1	known	35	0.3839430212974548	0.53841937
KCNMA1-201	KCNMA1	known	11	0.4800468981266022	0.87376773
TM9SF3-201	TM9SF3	known	11	0.2069180458784103	0.3019808
transcript306246.chr1.nic	CAMK1G	nic	3	0.2407760769128799	0.58556783
STAMBP-229	STAMBP	known	32	0.29084113240242	0.4009602
NDUFAF5-202	NDUFAF5	known	9	0.3596735894680023	0.38331056
PPIL2-223	PPIL2	known	29	0.2198734283447265	0.43349805
transcript48792.chr15.nic	BAHD1	nic	2	0.265010118484497	0.41158423
PAXBP1-204	PAXBP1	known	8	0.3551451861858368	0.42872238
KAT6B-202	KAT6B	known	2	0.3566063046455383	0.63432646
transcript137222.chrX.nnic	UPF3B	nnic	8	0.330757588148117	0.3898173
DCTN4-201	DCTN4	known	43	0.3213923871517181	0.4831179
FHOD3-201	FHOD3	known	41	0.2986045181751251	0.39686733
KDM5B-236	KDM5B	known	2	0.2627419829368591	0.47538704
GOLGB1-250	GOLGB1	known	44	0.2792455852031708	0.3610228
TCF20-202	TCF20	known	2	0.2161076366901397	0.32720938
PTGR2-207	PTGR2	known	16	0.2525470852851867	0.4151207
RPL18A-201	RPL18A	known	6	0.3277397453784942	0.4248026
TSEN2-257	TSEN2	known	9	0.2836179733276367	0.39443922
VPS13B-216	VPS13B	known	43	0.2202329486608505	0.3417831
ZNF84-208	ZNF84	known	2	0.1951831877231598	0.5168047
KIF3C-202	KIF3C	known	44	0.4462882578372955	0.6242766
HDAC6-233	HDAC6	known	2	0.3542282283306122	0.5129033
RAD21-220	RAD21	known	2	0.267499029636383	0.37703693
UPF2-204	UPF2	known	44	0.245063230395317	0.42622536
ARHGEF25-201	ARHGEF25	known	42	0.3716052770614624	0.6407804
RC3H2-203	RC3H2	known	24	0.3621711432933807	0.4999898
NAP1L1-226	NAP1L1	known	6	0.2572802901268005	0.33713123
IFT46-201	IFT46	known	44	0.2953114211559295	0.35653582
NSMAF-202	NSMAF	known	17	0.2320026755332946	0.3093329
ARSL-207	ARSL	known	16	0.3312541842460632	0.4371071
BEST4-201	BEST4	known	11	0.4404767155647278	0.6429564
PCID2-215	PCID2	known	7	0.3571995794773102	0.45151576
ARNT2-207	ARNT2	known	2	0.2916994988918304	0.54109645
RC3H1-202	RC3H1	known	24	0.3644584715366363	0.51116586
SHROOM4-201	SHROOM4	known	41	0.1964609771966934	0.3137439
RIMKLB-202	RIMKLB	known	16	0.2636781334877014	0.39072236
PEG10-202	PEG10	known	40	0.110834315419197	0.3086065
TMEM123-202	TMEM123	known	24	0.2474528551101684	0.3651413
transcript25808.chr17.nnic	ADORA2B	nnic	14	0.4645412266254425	0.72242534
NAV3-216	NAV3	known	36	0.2071672677993774	0.3304489
WWOX-222	WWOX	known	8	0.3493920266628265	0.4119835
CYB5R2-212	CYB5R2	known	25	0.3795682489871979	0.47871414
NUP155-207	NUP155	known	7	0.6914716958999634	0.8275852
GDAP1L1-206	GDAP1L1	known	16	0.2161545902490615	0.3221014
transcript408998.chr2.nic	CAPN10	nic	26	0.2584309577941894	0.35157818
RPL34-201	RPL34	known	5	0.8355058431625366	0.9307683
DIRAS1-201	DIRAS1	known	42	0.3572829365730285	0.53916323
CAST-234	CAST	known	30	0.3500970602035522	0.73351586
HDAC1-206	HDAC1	known	2	0.2467052787542343	0.34597972
TSEN2-205	TSEN2	known	9	0.323474645614624	0.39631706
transcript102240.chr19.nnic	ZNF571	nnic	2	0.1785673797130584	0.54957867
SLC25A3-203	SLC25A3	known	11	0.3876951038837433	0.6150092
LINC01949-201	LINC01949	known	44	0.1905512660741806	0.310357
SMYD3-209	SMYD3	known	2	0.2351543605327606	0.4127241
NPTXR-201	NPTXR	known	25	0.2528519332408905	0.36157796
LYN-202	LYN	known	24	0.5475043058395386	0.7192012
CNOT4-211	CNOT4	known	4	0.394005686044693	0.58241224
KIAA0319L-243	KIAA0319L	known	36	0.2224912792444229	0.31534702
LRRC41-207	LRRC41	known	29	0.3120187222957611	0.47038046
NEPRO-218	NEPRO	known	3	0.2476715296506881	0.3727572
transcript400164.chr2.nnic	SH3BP4	nnic	42	0.2748760282993316	0.31229484
IL20RA-201	IL20RA	known	23	0.2988790869712829	0.4915201
TRIM2-225	TRIM2	known	29	0.2709991037845611	0.345594
transcript333366.chr1.nnic	CAPN9	nnic	19	0.2608861327171325	0.36245525
DPP7-219	DPP7	known	25	0.2792370617389679	0.30164036
AGT-201	AGT	known	30	0.3651641607284546	0.6001395
SLC8A3-205	SLC8A3	known	12	0.5009302496910095	0.76667386
E2F3-201	E2F3	known	2	0.3467740416526794	0.513854
HNRNPA1-207	HNRNPA1	known	8	0.3836070597171783	0.498919
KLF7-208	KLF7	known	2	0.2590624392032623	0.6221188
SETD2-212	SETD2	known	2	0.3126294612884521	0.4096024
NDUFS1-201	NDUFS1	known	15	0.5160208940505981	0.74659854
ACADM-261	ACADM	known	16	0.4181745946407318	0.5846909
transcript124377.chrX.nnic	MORC4	nnic	1	0.2797828912734985	0.4109088
GRIN1-217	GRIN1	known	26	0.249844878911972	0.3264621
PCDHA6-203	PCDHA6	known	35	0.285916268825531	0.71262896
KCNC2-208	KCNC2	known	11	0.4267409443855285	0.75987643
FEM1C-201	FEM1C	known	29	0.185885488986969	0.45119548
CDH2-205	CDH2	known	35	0.6174764633178711	0.74122864
ACD-203	ACD	known	1	0.3281020522117615	0.42906708
ZNF506-208	ZNF506	known	2	0.1151409968733787	0.5043868
RNF149-202	RNF149	known	29	0.3145675659179687	0.51111174
transcript125760.chr10.nnic	TET1	nnic	3	0.2580183446407318	0.42770776
KLHL36-204	KLHL36	known	29	0.239150196313858	0.45803618
SACS-208	SACS	known	6	0.2391056567430496	0.32141614
ABCA1-202	ABCA1	known	11	0.3694289028644562	0.51836544
HDAC9-230	HDAC9	known	38	0.3116248846054077	0.63339394
U2AF1-208	U2AF1	known	8	0.6858040690422058	0.76163924
CAMK2D-223	CAMK2D	known	12	0.3119330406188965	0.74243176
GFM2-202	GFM2	known	6	0.5212997198104858	0.586455
NAPEPLD-209	NAPEPLD	known	16	0.28664630651474	0.3693532
EPHA5-204	EPHA5	known	36	0.3993397653102875	0.5580679
UBP1-201	UBP1	known	2	0.2515340745449066	0.49764124
MCM7-209	MCM7	known	1	0.4017201364040375	0.57965714
EPM2A-220	EPM2A	known	32	0.2621134519577026	0.61437714
NSD1-217	NSD1	known	2	0.2770327031612396	0.49075764
VCP-229	VCP	known	19	0.3261087536811828	0.49380413
C2orf49-202	C2orf49	known	2	0.2370983511209488	0.3772134
transcript120014.chr12.nic	METTL25	nic	9	0.3270800113677978	0.3537777
ZNF473-203	ZNF473	known	2	0.2038305550813675	0.5464493
MCF2L2-203	MCF2L2	known	42	0.2437599599361419	0.31418467
DNAAF1-209	DNAAF1	known	44	0.2842580080032348	0.42239934
FAF2-201	FAF2	known	29	0.3806381523609161	0.54639846
CES2-201	CES2	known	16	0.3627242147922516	0.48332602
ENOX1-201	ENOX1	known	8	0.2318660467863083	0.3176277
RIMS2-201	RIMS2	known	13	0.5186643600463867	0.89241284
NFE2L2-202	NFE2L2	known	18	0.492319107055664	0.58210886
CEP295-201	CEP295	known	44	0.2924532294273376	0.3830369
NOL7-202	NOL7	known	10	0.1934789270162582	0.36734763
MADD-224	MADD	known	31	0.3919670283794403	0.55539894
IL11RA-224	IL11RA	known	40	0.175576701760292	0.30622068
TAF2-225	TAF2	known	25	0.3172067403793335	0.34555787
LUC7L3-212	LUC7L3	known	10	0.2375139743089676	0.3553629
MAG-203	MAG	known	36	0.4141382575035095	0.50604457
ZNF248-206	ZNF248	known	9	0.1506139487028122	0.3417179
EDIL3-202	EDIL3	known	38	0.5038288831710815	0.65352947
ITGB8-204	ITGB8	known	40	0.4054262042045593	0.5808337
TRIM37-210	TRIM37	known	29	0.3091354072093963	0.6384358
EPHA5-205	EPHA5	known	36	0.4179092049598694	0.57688427
ADAR-227	ADAR	known	2	0.1646819412708282	0.34803945
AKR1C3-201	AKR1C3	known	16	0.442484438419342	0.5651708
TOP2B-213	TOP2B	known	1	0.35673987865448	0.53601944
VPS45-243	VPS45	known	43	0.3399886190891266	0.45175925
KLF7-213	KLF7	known	2	0.2429767847061157	0.4978211
AGPS-220	AGPS	known	16	0.3476049900054931	0.5209316
RYR2-207	RYR2	known	12	0.5242694616317749	0.6656071
GBAP1-210	GBAP1	known	25	0.3015999794006347	0.3723913
EPHB1-209	EPHB1	known	36	0.4558184444904327	0.61248153
POGK-201	POGK	known	2	0.1796262115240097	0.3772654
RPS9-205	RPS9	known	6	0.579406201839447	0.79542404
MED11-202	MED11	known	30	0.1922345161437988	0.30417305
ZNF519-213	ZNF519	known	2	0.1464442014694214	0.47855157
PRIM1-211	PRIM1	known	1	0.3293150663375854	0.53143674
RAB40C-205	RAB40C	known	42	0.2789332866668701	0.493918
NIPSNAP1-201	NIPSNAP1	known	15	0.2908420860767364	0.39079428
HLF-201	HLF	known	2	0.3470391631126404	0.56568587
KAT5-201	KAT5	known	2	0.3975565433502197	0.56600046
NUP88-208	NUP88	known	44	0.2883847951889038	0.37532654
BBS2-207	BBS2	known	5	0.3076472878456116	0.34623587
CIT-239	CIT	known	44	0.2369541525840759	0.34886736
CD46-207	CD46	known	24	0.381531685590744	0.5757515
FNDC9-201	FNDC9	known	23	0.2123853862285614	0.34992433
PVALB-201	PVALB	known	12	0.2912110388278961	0.4152623
PFKP-202	PFKP	known	15	0.6813866496086121	0.8418869
EWSR1-206	EWSR1	known	8	0.3175685703754425	0.34773025
CHRD-212	CHRD	known	37	0.2579052448272705	0.33547544
KIF26B-204	KIF26B	known	44	0.2400071769952774	0.3424592
transcript225805.chr2.nic	TGFBRAP1	nic	44	0.2560396790504455	0.34583926
DUSP23-201	DUSP23	known	32	0.2819225490093231	0.6476319
PSMA7-201	PSMA7	known	29	0.2534962296485901	0.3901314
RRAGA-201	RRAGA	known	43	0.4254431128501892	0.55906665
MACROH2A1-201	MACROH2A1	known	2	0.335858553647995	0.5057069
transcript182092.chr9.nic	KLF4	nic	33	0.3469490110874176	0.4972195
ERCC6-216	ERCC6	known	2	0.274256944656372	0.43522424
FAN1-216	FAN1	known	1	0.3601823449134826	0.56968594
CHPT1-210	CHPT1	known	17	0.4478088915348053	0.7110725
FHIP2B-201	FHIP2B	known	43	0.2654422521591186	0.39955103
transcript36645.chr6.nnic	HLA-F	nnic	24	0.4579276740550995	0.6371969
CYRIA-202	CYRIA	known	30	0.2493133395910263	0.32787943
ASPH-208	ASPH	known	12	0.4528352320194244	0.5402585
ADGRL2-239	ADGRL2	known	14	0.4925812780857086	0.7426506
NTRK2-240	NTRK2	known	36	0.4177924990653991	0.6097571
DNAH14-220	DNAH14	known	3	0.2929739654064178	0.35461187
IMP3-202	IMP3	known	6	0.4968225061893463	0.6308947
STX16-204	STX16	known	43	0.4917408227920532	0.6666148
ARHGEF10-210	ARHGEF10	known	41	0.4189177453517914	0.57106084
CRYM-207	CRYM	known	16	0.3590802252292633	0.54104906
MASTL-202	MASTL	known	4	0.3604602515697479	0.572688
KCNE3-201	KCNE3	known	12	0.4415876567363739	0.747561
RUNDC3A-206	RUNDC3A	known	29	0.1934302300214767	0.37134013
RCL1-204	RCL1	known	6	0.3063696026802063	0.44303322
ATP7A-248	ATP7A	known	25	0.2508375942707062	0.30225462
GNAS-257	GNAS	known	44	0.2724456191062927	0.37171733
SLC1A2-241	SLC1A2	known	11	0.584316611289978	0.8339631
RBMXL1-203	RBMXL1	known	8	0.4820263087749481	0.55800813
CNDP1-205	CNDP1	known	19	0.1769730597734451	0.32264727
MKKS-203	MKKS	known	3	0.3663646578788757	0.40759388
LNPK-203	LNPK	known	5	0.2505529522895813	0.3622997
PRPF4B-201	PRPF4B	known	8	0.5125122666358948	0.56208384
CAST-207	CAST	known	30	0.3567126095294952	0.7429358
OSTN-202	OSTN	known	14	0.3499871492385864	0.4436318
PRKDC-215	PRKDC	known	29	0.3437712490558624	0.4642834
ZNF75D-203	ZNF75D	known	2	0.1483408659696579	0.5492044
ZNF3-203	ZNF3	known	2	0.1760589033365249	0.65064037
ACER3-231	ACER3	known	17	0.3038983345031738	0.4424066
EPB41L2-216	EPB41L2	known	42	0.2244145423173904	0.33686048
ELAVL4-207	ELAVL4	known	8	0.4933048784732818	0.55755293
ZNF233-206	ZNF233	known	2	0.2011670172214508	0.48289075
ATM-245	ATM	known	1	0.2899716198444366	0.37257347
AZIN1-202	AZIN1	known	16	0.2368205487728119	0.33360824
SUGP2-214	SUGP2	known	2	0.2138883024454116	0.35444865
RNF38-206	RNF38	known	29	0.3984312117099762	0.6336767
PEG3-204	PEG3	known	2	0.2093813270330429	0.3723896
CKAP5-210	CKAP5	known	44	0.5270508527755737	0.66557634
ARFRP1-213	ARFRP1	known	43	0.3093616068363189	0.5136663
INSIG2-201	INSIG2	known	18	0.2175308763980865	0.3053822
DUSP22-201	DUSP22	known	32	0.5379802584648132	0.6843788
transcript162292.chr7.nnic	HBP1	nnic	42	0.2111473381519317	0.30162477
MRPS14-201	MRPS14	known	6	0.3514396846294403	0.42998052
PPOX-219	PPOX	known	16	0.3049529194831848	0.45708022
LINC00667-241	LINC00667	known	22	0.2339394837617874	0.36220464
KPNB1-203	KPNB1	known	7	0.4476945996284485	0.61662513
SLC26A8-204	SLC26A8	known	11	0.3460323512554168	0.5273832
PSMB5-205	PSMB5	known	1	0.2507311403751373	0.37010503
SLC25A16-207	SLC25A16	known	11	0.2826915383338928	0.5391436
BRAF-207	BRAF	known	30	0.2029942125082016	0.31135976
ARL13B-213	ARL13B	known	44	0.3132914304733276	0.4530111
ENST00000614046	ENSG00000290793	known	2	0.219789370894432	0.3469007
MIA2-202	MIA2	known	43	0.227942019701004	0.4082651
IDH2-201	IDH2	known	15	0.4604096710681915	0.5740856
ZNF746-202	ZNF746	known	2	0.2648522853851318	0.53819525
UBE2K-207	UBE2K	known	29	0.3885628581047058	0.5825565
APTX-249	APTX	known	9	0.280663400888443	0.44521266
transcript53586.chrX.nnic	SHROOM4	nnic	35	0.2048804461956024	0.3003241
AMZ2-210	AMZ2	known	19	0.2352910786867141	0.304602
transcript74391.chr1.nnic	ERMAP	nnic	24	0.3511492013931274	0.54657745
PAX6-251	PAX6	known	37	0.3836890161037445	0.6410254
ATL1-217	ATL1	known	23	0.2643632292747497	0.3338819
STS-204	STS	known	16	0.3324525654315948	0.45694226
RPAIN-210	RPAIN	known	7	0.3104228973388672	0.44909897
DDX41-201	DDX41	known	8	0.4333713948726654	0.55366075
TTC21B-230	TTC21B	known	44	0.3488919138908386	0.44915175
TAF2-236	TAF2	known	43	0.2176365852355957	0.32133588
IFT22-201	IFT22	known	44	0.3502080142498016	0.46057874
SLC39A11-202	SLC39A11	known	11	0.3761235773563385	0.69890994
CAMSAP2-203	CAMSAP2	known	44	0.3157353401184082	0.48057714
ADGRL2-234	ADGRL2	known	14	0.472598671913147	0.70329094
CALM1-216	CALM1	known	12	0.4570286571979522	0.5628723
IL13RA1-202	IL13RA1	known	23	0.3420794606208801	0.5484631
RNASEH2B-240	RNASEH2B	known	9	0.314542293548584	0.33999315
JAKMIP1-209	JAKMIP1	known	44	0.1788024604320526	0.31020305
SMARCE1-241	SMARCE1	known	8	0.2643739283084869	0.36297414
PKNOX2-202	PKNOX2	known	2	0.2327973693609237	0.46103114
FLNA-205	FLNA	known	35	0.2703696191310882	0.40949243
SNX4-203	SNX4	known	42	0.2250441312789917	0.3796017
ACADM-247	ACADM	known	16	0.4181745946407318	0.5846909
IPO4-207	IPO4	known	7	0.2474168241024017	0.37082282
CXADR-201	CXADR	known	35	0.4400542676448822	0.57463497
ZNF317-202	ZNF317	known	2	0.1517816185951233	0.5511354
LINC00667-212	LINC00667	known	5	0.2468472272157669	0.37247473
MAU2-201	MAU2	known	44	0.2624695897102356	0.37095493
ZNF107-203	ZNF107	known	2	0.1627728790044784	0.4394372
TM9SF2-201	TM9SF2	known	43	0.1949067115783691	0.30524775
MSL3-222	MSL3	known	2	0.2816053032875061	0.42596492
FAR2-216	FAR2	known	15	0.5059422850608826	0.69982445
THEM4-205	THEM4	known	6	0.4110661447048187	0.46684813
transcript42184.chr6.nic	VPS52	nic	43	0.3416860699653625	0.5641354
CALM3-207	CALM3	known	12	0.4570286571979522	0.5628723
ATP6AP1-208	ATP6AP1	known	25	0.3561477959156036	0.37070027
AKAP9-210	AKAP9	known	44	0.4137757420539856	0.52742016
GRID2IP-203	GRID2IP	known	41	0.2165923118591308	0.34452397
CANX-217	CANX	known	25	0.3365102410316467	0.39197278
MUC19-205	MUC19	known	24	0.2666006088256836	0.41563183
AFG3L2-207	AFG3L2	known	6	0.2364564687013626	0.30072236
MYT1L-262	MYT1L	known	35	0.2229116559028625	0.40788093
RASSF2-202	RASSF2	known	32	0.3258488774299621	0.42770177
TMEM150A-201	TMEM150A	known	17	0.2401226162910461	0.30681068
ZMYND8-221	ZMYND8	known	2	0.352232813835144	0.6289209
ATRX-211	ATRX	known	2	0.2997521758079529	0.5227133
BBS2-262	BBS2	known	44	0.4094341695308685	0.46972284
DNAJB5-211	DNAJB5	known	6	0.1724526435136795	0.32792154
TRMT10C-201	TRMT10C	known	9	0.5280055403709412	0.5741734
AHI1-262	AHI1	known	44	0.3651034235954284	0.50202453
IFT20-214	IFT20	known	44	0.4318253099918365	0.59332216
ZNF410-202	ZNF410	known	2	0.2197721153497696	0.5728895
MYO1C-201	MYO1C	known	27	0.3099747002124786	0.42359567
ZNF451-203	ZNF451	known	2	0.2786990404129028	0.43489298
SMARCAL1-225	SMARCAL1	known	1	0.4248808920383453	0.64788985
ENST00000513202	ENSG00000291220	known	1	0.3307969570159912	0.5198182
CAVIN1-201	CAVIN1	known	13	0.2448311150074005	0.30330598
TFG-229	TFG	known	29	0.2609868943691253	0.3588856
GPR63-201	GPR63	known	14	0.4144103229045868	0.69492465
THNSL1-202	THNSL1	known	16	0.3775383532047272	0.6037523
CFH-210	CFH	known	24	0.4171907901763916	0.65358555
PXYLP1-204	PXYLP1	known	20	0.4777877330780029	0.48664266
LRRK2-213	LRRK2	known	31	0.2340102195739746	0.38384518
OSBPL2-201	OSBPL2	known	16	0.3272434771060943	0.5537198
ZNF763-202	ZNF763	known	2	0.1513774842023849	0.5436309
PABPN1-201	PABPN1	known	8	0.4727538526058197	0.53155047
NTRK2-206	NTRK2	known	31	0.5025855898857117	0.73574954
NAF1-204	NAF1	known	10	0.3286766409873962	0.46621808
CEP290-226	CEP290	known	44	0.3997802734375	0.47892913
MFGE8-221	MFGE8	known	38	0.3392138183116913	0.44327244
ELP1-230	ELP1	known	42	0.2106404602527618	0.32039666
SNAP47-202	SNAP47	known	43	0.4021143913269043	0.5835498
SLC35B2-206	SLC35B2	known	11	0.1984140574932098	0.3479893
CARTPT-201	CARTPT	known	14	0.327057421207428	0.44802648
EP400-202	EP400	known	2	0.2422178387641906	0.3456793
SLX4IP-201	SLX4IP	known	1	0.2777711153030395	0.40759677
FAHD2A-204	FAHD2A	known	16	0.3870900571346283	0.60657626
ZNF548-201	ZNF548	known	2	0.1704767495393753	0.5940569
TINF2-228	TINF2	known	3	0.2384421527385711	0.34309435
CHST9-201	CHST9	known	20	0.5280782580375671	0.5800172
KANK1-226	KANK1	known	41	0.4214901328086853	0.525474
CTBS-202	CTBS	known	25	0.2696007788181305	0.3017482
ARFRP1-214	ARFRP1	known	43	0.3093616068363189	0.5136663
EWSR1-221	EWSR1	known	8	0.3421944081783294	0.38296294
RBM10-202	RBM10	known	8	0.3523050248622894	0.40827504
ZSWIM8-205	ZSWIM8	known	2	0.2507542371749878	0.31826442
ACP1-205	ACP1	known	16	0.2297142595052719	0.30680218
SYT1-202	SYT1	known	13	0.4226110875606537	0.62091184
EDF1-203	EDF1	known	2	0.2284946739673614	0.34314054
NUTF2-206	NUTF2	known	7	0.5919733643531799	0.8320219
CD8A-205	CD8A	known	24	0.2582062184810638	0.414531
ASNS-209	ASNS	known	18	0.4044905304908752	0.48449302
ABCC10-206	ABCC10	known	11	0.2636104226112366	0.41112977
ALG5-207	ALG5	known	20	0.4266189634799957	0.5241036
CLEC2D-203	CLEC2D	known	10	0.3148874938488006	0.40758386
MAP1A-202	MAP1A	known	44	0.3646962940692901	0.4620556
DNAH17-209	DNAH17	known	44	0.4322328865528106	0.6025392
EIF4G3-221	EIF4G3	known	6	0.4184248149394989	0.55889976
TIRAP-213	TIRAP	known	23	0.5233553051948547	0.6223337
BAZ2A-214	BAZ2A	known	2	0.3267175853252411	0.46595088
ATP2A3-205	ATP2A3	known	11	0.3043731153011322	0.5191904
PSMC4-203	PSMC4	known	18	0.2731968760490417	0.38206404
DNAJC15-201	DNAJC15	known	5	0.2663556039333343	0.38261157
AKAP8L-222	AKAP8L	known	8	0.3367277085781097	0.35725418
NONO-231	NONO	known	8	0.3693549335002899	0.42886844
IRF9-223	IRF9	known	23	0.2610509693622589	0.5589127
SLCO2A1-201	SLCO2A1	known	11	0.4009448289871216	0.728113
DMAC2-201	DMAC2	known	15	0.1858226358890533	0.3535192
UGGT1-202	UGGT1	known	20	0.3854764997959137	0.46818385
LRRC4B-204	LRRC4B	known	36	0.250951200723648	0.3550373
KDM6A-225	KDM6A	known	2	0.3124814927577972	0.5843216
SPECC1-245	SPECC1	known	44	0.2462926059961319	0.37775648
C12orf75-208	C12orf75	known	30	0.2248880863189697	0.3457742
IFRD1-201	IFRD1	known	44	0.231907770037651	0.30838224
ZMYND11-225	ZMYND11	known	8	0.1889932751655578	0.3187632
RRP15-201	RRP15	known	8	0.1779748201370239	0.32896608
MRPL32-201	MRPL32	known	6	0.6100714802742004	0.6944835
PSKH1-202	PSKH1	known	3	0.187935784459114	0.5793842
ZNF827-201	ZNF827	known	2	0.2459219098091125	0.535184
TMEM63B-203	TMEM63B	known	25	0.2736284136772156	0.4400162
ECI1-207	ECI1	known	16	0.258095920085907	0.39172477
LTBP3-202	LTBP3	known	40	0.237128347158432	0.35984808
RTKN2-202	RTKN2	known	42	0.208853080868721	0.30924737
transcript26725.chr12.nnic	BORCS5	nnic	44	0.2367501854896545	0.3333334
SUOX-203	SUOX	known	16	0.3245359361171722	0.4320826
EFCAB13-201	EFCAB13	known	3	0.2951935231685638	0.3168814
PPP4R4-201	PPP4R4	known	32	0.2202993482351303	0.37006715
TPK1-201	TPK1	known	9	0.2914483249187469	0.42988625
transcript12347.chr16.nic	PAQR4	nic	16	0.2370114773511886	0.31538287
MAMLD1-206	MAMLD1	known	2	0.2357234209775924	0.33227965
SLC7A6-212	SLC7A6	known	11	0.2974507808685303	0.41928244
SDS-201	SDS	known	15	0.4232609868049621	0.6007081
NEIL2-203	NEIL2	known	9	0.2890914976596832	0.5186461
ENST00000692798	ENSG00000291142	known	8	0.2234044522047042	0.33072555
PCBD2-201	PCBD2	known	9	0.2137925624847412	0.36319003
FBXL20-203	FBXL20	known	29	0.4089729189872741	0.61537695
DACH1-201	DACH1	known	2	0.3758536577224731	0.50745386
DPP9-224	DPP9	known	19	0.2216878533363342	0.30508384
transcript43844.chr13.nnic	CYSLTR2	nnic	17	0.2713282704353332	0.36707103
SMC5-201	SMC5	known	1	0.3903066217899322	0.66412735
HLTF-203	HLTF	known	1	0.3743564486503601	0.55106544
CAMK1D-203	CAMK1D	known	31	0.2846724390983581	0.6796028
ACSL3-233	ACSL3	known	15	0.5371423959732056	0.6921107
TOP2B-219	TOP2B	known	1	0.2865432500839233	0.43327373
ZRSR2-205	ZRSR2	known	8	0.585115373134613	0.6619379
BAIAP2-202	BAIAP2	known	41	0.5089048147201538	0.61375237
FIP1L1-216	FIP1L1	known	8	0.6275497078895569	0.70671976
KIF3B-201	KIF3B	known	44	0.4770244359970093	0.6615099
TRIM2-213	TRIM2	known	29	0.2771196365356445	0.34407634
BLTP1-223	BLTP1	known	22	0.1724276393651962	0.30533105
TSEN2-254	TSEN2	known	9	0.2850992977619171	0.35417357
HECTD3-205	HECTD3	known	29	0.3234741985797882	0.5059925
CELF2-208	CELF2	known	8	0.673882007598877	0.71310294
INTS11-212	INTS11	known	8	0.2511116862297058	0.44657904
ZNF562-204	ZNF562	known	2	0.1645515859127044	0.5524198
NCOR1-225	NCOR1	known	2	0.2440788596868515	0.39175385
EBNA1BP2-201	EBNA1BP2	known	10	0.272742360830307	0.4997755
CLIC1-208	CLIC1	known	39	0.3188665211200714	0.44851208
HUWE1-216	HUWE1	known	29	0.3353894352912903	0.46085724
ZFAND6-201	ZFAND6	known	5	0.2494991570711136	0.3595397
SRSF4-202	SRSF4	known	8	0.7382116317749023	0.7986258
PTGIS-201	PTGIS	known	16	0.3160519301891327	0.4407282
transcript165097.chr4.nnic	PRDM5	nnic	2	0.2990965247154236	0.45094532
ZNF821-201	ZNF821	known	2	0.2308891862630844	0.5248639
CHST2-201	CHST2	known	20	0.4031285345554352	0.45840153
TBC1D23-205	TBC1D23	known	42	0.3012107312679291	0.45889014
DTNBP1-201	DTNBP1	known	44	0.4254084229469299	0.5379345
TAFAZZIN-213	TAFAZZIN	known	15	0.476565808057785	0.5746546
AHI1-240	AHI1	known	44	0.3510396182537079	0.4873163
PTPRD-211	PTPRD	known	36	0.4311087429523468	0.575646
transcript102306.chr14.nic	TTC8	nic	44	0.4016556143760681	0.5104042
DNAJB14-208	DNAJB14	known	18	0.2149179130792617	0.32399416
RB1-201	RB1	known	4	0.4830140471458435	0.6193588
ERCC1-202	ERCC1	known	1	0.5544219613075256	0.81097144
ARRDC1-201	ARRDC1	known	29	0.2383649796247482	0.40730333
DOCK7-219	DOCK7	known	42	0.4136238694190979	0.5453524
PYROXD2-201	PYROXD2	known	16	0.2392627298831939	0.37241897
ACO2-216	ACO2	known	15	0.3983161747455597	0.52880806
MRPL22-201	MRPL22	known	6	0.546853244304657	0.689358
FBXL20-201	FBXL20	known	29	0.4186031818389892	0.6316763
DDX3X-217	DDX3X	known	8	0.3992219269275665	0.5689123
transcript162341.chr7.nic	PIK3CG	nic	17	0.5135625600814819	0.55699384
transcript8309.chr11.nnic	RHOG	nnic	41	0.4748552441596985	0.63664025
CCDC30-233	CCDC30	known	44	0.2478117793798446	0.34813762
NOP2-203	NOP2	known	9	0.3037662804126739	0.4011047
VCAN-209	VCAN	known	40	0.4015594124794006	0.5421971
SPTBN1-207	SPTBN1	known	36	0.3895778059959411	0.6464447
PRKAG2-203	PRKAG2	known	44	0.2760343849658966	0.36666304
SPG7-265	SPG7	known	19	0.2916275560855865	0.37271383
OSBPL10-201	OSBPL10	known	16	0.3086232841014862	0.5613746
WNT3-208	WNT3	known	37	0.3699584305286407	0.4703033
FAS-239	FAS	known	31	0.4287888407707214	0.62614703
MX1-206	MX1	known	3	0.24599389731884	0.39359036
transcript160508.chr9.nnic	AUH	nnic	6	0.288103312253952	0.3514746
SRSF9-211	SRSF9	known	8	0.5147573351860046	0.63386095
BHMT2-201	BHMT2	known	25	0.4792190194129944	0.49665222
COQ8B-223	COQ8B	known	6	0.2181030362844467	0.33109063
ARF6-203	ARF6	known	41	0.4438339173793793	0.49059805
CTSS-201	CTSS	known	19	0.3142103850841522	0.4543918
ABCB7-212	ABCB7	known	11	0.3087661862373352	0.55359495
ATP10D-201	ATP10D	known	11	0.2893838286399841	0.44817573
GRAMD2A-201	GRAMD2A	known	42	0.2291569411754608	0.3176261
transcript47943.chr9.nnic	RGP1	nnic	29	0.3056816160678863	0.4122898
SLC25A23-202	SLC25A23	known	11	0.4104868173599243	0.61296934
KMT2C-266	KMT2C	known	2	0.3429183661937713	0.55914605
NDRG4-205	NDRG4	known	37	0.293641597032547	0.38823956
PHKB-201	PHKB	known	16	0.2413776963949203	0.33467412
SHROOM2-201	SHROOM2	known	35	0.2253357321023941	0.3413259
PTPRS-212	PTPRS	known	36	0.4448402523994446	0.55277383
transcript148428.chr7.nic	SLC12A9	nic	11	0.4523794651031494	0.69668895
TF-212	TF	known	25	0.3412772417068481	0.3612877
TAMM41-206	TAMM41	known	17	0.258781224489212	0.4222129
TSC1-212	TSC1	known	7	0.4035043716430664	0.4748288
SLC29A2-206	SLC29A2	known	11	0.3236821889877319	0.47931743
MAPK10-273	MAPK10	known	31	0.403681069612503	0.7085532
CCT6A-201	CCT6A	known	27	0.307854413986206	0.38845927
MAP3K20-206	MAP3K20	known	31	0.548636257648468	0.78756917
ATXN2-215	ATXN2	known	30	0.2540779411792755	0.3461295
MCCC1-214	MCCC1	known	16	0.3853937983512878	0.66481274
LTN1-207	LTN1	known	9	0.3001524209976196	0.3557109
DEDD-202	DEDD	known	3	0.2787232995033264	0.40571612
GAS6-201	GAS6	known	40	0.3805287778377533	0.5053117
PLPP1-201	PLPP1	known	17	0.358646422624588	0.5072911
NDFIP2-201	NDFIP2	known	29	0.3677321672439575	0.52984893
CPT2-211	CPT2	known	16	0.3069742321968078	0.4329242
OS9-211	OS9	known	27	0.2437567859888076	0.31777447
IRF3-203	IRF3	known	23	0.4186910986900329	0.5772127
LSAMP-201	LSAMP	known	36	0.2928057014942169	0.47571436
DCAF4-202	DCAF4	known	29	0.1561654955148697	0.3190717
ADGRV1-235	ADGRV1	known	35	0.2653544247150421	0.3856898
TRIM25-210	TRIM25	known	23	0.3183361887931824	0.49299794
transcript34949.chr6.nic	ZSCAN9	nic	3	0.1171446815133094	0.34790432
DXO-207	DXO	known	9	0.3235491514205932	0.38839227
TNRC6C-209	TNRC6C	known	2	0.2187861055135727	0.42471212
MATR3-227	MATR3	known	8	0.3935745656490326	0.43293947
CCAR1-213	CCAR1	known	8	0.3908388614654541	0.48280263
CCDC14-217	CCDC14	known	44	0.2862953543663025	0.39185348
ROPN1L-201	ROPN1L	known	3	0.3420270085334778	0.39699426
CCDC30-249	CCDC30	known	44	0.2339513152837753	0.3230235
transcript97199.chr4.nnic	PDGFRA	nnic	17	0.227873146533966	0.34503943
SLC4A10-203	SLC4A10	known	11	0.5920592546463013	0.8628834
ATAD1-202	ATAD1	known	18	0.3229847252368927	0.44339448
TSC2-265	TSC2	known	42	0.2927421927452087	0.4233819
AP4S1-211	AP4S1	known	43	0.4325426518917084	0.6046488
ADGRL2-225	ADGRL2	known	14	0.4751212894916534	0.70695776
CEP63-210	CEP63	known	44	0.3947998881340027	0.56210846
RAF1-214	RAF1	known	31	0.4952244460582733	0.67207205
TAF2-223	TAF2	known	19	0.3641649186611175	0.457815
PXK-210	PXK	known	13	0.1929695308208465	0.45715767
DENND1C-201	DENND1C	known	42	0.2207511961460113	0.31011137
PLPP5-209	PLPP5	known	17	0.2233163565397262	0.3656807
SLC3A1-204	SLC3A1	known	25	0.3152748048305511	0.38190013
TTC26-207	TTC26	known	3	0.2444025427103042	0.30265382
ZNF782-204	ZNF782	known	2	0.1516277492046356	0.4919529
AKAP8L-201	AKAP8L	known	8	0.3239403665065765	0.35453168
ABCC10-207	ABCC10	known	11	0.3595002293586731	0.56538093
OPRM1-204	OPRM1	known	14	0.4330293834209442	0.65089095
transcript137850.chr9.nic	TJP2	nic	35	0.261489599943161	0.38487762
PHF12-205	PHF12	known	2	0.3147423565387726	0.52968127
RPL21-204	RPL21	known	5	0.7690848112106323	0.8904688
VWA5A-201	VWA5A	known	19	0.2428581863641739	0.33526352
ALDH2-201	ALDH2	known	16	0.3864752948284149	0.6405452
transcript227083.chr7.nic	EZH2	nic	2	0.2923749387264251	0.43448576
NR2F1-202	NR2F1	known	33	0.2872753143310547	0.49872422
ILF2-201	ILF2	known	8	0.3046610951423645	0.4147902
STAMBPL1-202	STAMBPL1	known	29	0.2382097989320755	0.38881257
MAGED4-203	MAGED4	known	3	0.1768994182348251	0.34838766
ZDHHC11B-201	ZDHHC11B	known	5	0.3835662007331848	0.49341622
CEP63-204	CEP63	known	44	0.3650342524051666	0.49949044
NOP53-201	NOP53	known	4	0.3605687022209167	0.45886102
NF2-209	NF2	known	41	0.4602668881416321	0.57424676
STAT3-203	STAT3	known	33	0.3807486891746521	0.5064211
EEF1A1-210	EEF1A1	known	6	0.4584610760211944	0.60621613
MON1B-203	MON1B	known	43	0.2985070049762726	0.44030976
PSMF1-202	PSMF1	known	29	0.3801408410072326	0.5676253
ZNF142-204	ZNF142	known	2	0.2461304664611816	0.5087221
LIN54-201	LIN54	known	2	0.2686647772789001	0.43642458
CIBAR1-204	CIBAR1	known	22	0.2868116497993469	0.33643442
transcript113344.chr19.nic	ARHGEF1	nic	42	0.4340704977512359	0.69124234
AZIN2-203	AZIN2	known	3	0.2599101662635803	0.38242388
TTLL6-201	TTLL6	known	3	0.1677654832601547	0.30227238
NUP54-219	NUP54	known	7	0.7074028849601746	0.82296354
ARHGAP23-223	ARHGAP23	known	42	0.3202056884765625	0.43471056
MLLT6-211	MLLT6	known	2	0.2656677365303039	0.3824435
ASCC3-204	ASCC3	known	9	0.3327267467975616	0.45400223
PCCA-203	PCCA	known	16	0.3780716955661773	0.63039714
AP1AR-202	AP1AR	known	44	0.2501935958862304	0.314512
TJP2-231	TJP2	known	35	0.2491790354251861	0.3714209
transcript75686.chr20.nic	SLCO4A1	nic	11	0.426516443490982	0.723912
SPAST-217	SPAST	known	18	0.2577323615550995	0.31389406
BUD23-201	BUD23	known	9	0.3929108083248138	0.42752582
ST6GALNAC6-201	ST6GALNAC6	known	20	0.3597089946269989	0.4112831
TUBB2A-204	TUBB2A	known	44	0.2252819389104843	0.36178064
TIMM23B-203	TIMM23B	known	5	0.2874999344348907	0.4444295
IBA57-201	IBA57	known	9	0.4199520647525787	0.55542696
SIN3A-205	SIN3A	known	2	0.3289710283279419	0.4119826
PPP4C-205	PPP4C	known	15	0.2548764944076538	0.39438
AP3B2-206	AP3B2	known	43	0.2956059277057647	0.43256417
RIMS2-228	RIMS2	known	13	0.5426961183547974	0.9178505
ARID4B-201	ARID4B	known	2	0.3114640414714813	0.48347315
AMPH-201	AMPH	known	41	0.3040295541286468	0.46638936
transcript44195.chr20.nnic	ERGIC3	nnic	11	0.3454211950302124	0.5466214
IP6K2-201	IP6K2	known	17	0.5991103053092957	0.70271194
CHRM3-212	CHRM3	known	14	0.4876033663749695	0.65551615
transcript142200.chr1.nnic	GIPC2	nnic	29	0.237802654504776	0.30473614
TMCC3-201	TMCC3	known	44	0.1887163370847702	0.33475322
transcript128809.chr4.nnic	PTPN13	nnic	17	0.2444063872098922	0.3562089
FBXL8-201	FBXL8	known	29	0.3949637711048126	0.6625955
EGR2-204	EGR2	known	2	0.2705774903297424	0.4672132
MKLN1-201	MKLN1	known	35	0.2378418147563934	0.37631893
CDK5RAP3-236	CDK5RAP3	known	22	0.2476541996002197	0.33588052
AAR2-202	AAR2	known	8	0.3097401559352875	0.41947407
EXD2-201	EXD2	known	9	0.2937305271625519	0.43631935
transcript142509.chr3.nic	CHMP2B	nic	44	0.1915528625249862	0.31400988
EDN1-201	EDN1	known	38	0.4494020044803619	0.5457216
transcript6330.chr4.nnic	RNF212	nnic	1	0.2309567630290985	0.42792565
transcript68684.chr4.nic	ZCCHC4	nic	9	0.3689545691013336	0.44199553
PARVA-201	PARVA	known	41	0.3500741422176361	0.5174385
ARHGEF17-207	ARHGEF17	known	41	0.4313161969184875	0.65293634
PGM3-232	PGM3	known	20	0.300338476896286	0.5066166
AHI1-214	AHI1	known	44	0.2634418606758117	0.42507735
NAPRT-203	NAPRT	known	25	0.4205802381038666	0.45967036
GOLGB1-225	GOLGB1	known	44	0.2782154977321625	0.37601084
RANBP3-206	RANBP3	known	7	0.3467826247215271	0.51090133
DMTN-205	DMTN	known	41	0.4084675908088684	0.50845873
ARHGAP10-201	ARHGAP10	known	41	0.478929340839386	0.580606
ARID5B-201	ARID5B	known	2	0.2653923034667969	0.4458343
SURF4-207	SURF4	known	25	0.5806235671043396	0.62192214
ICOSLG-217	ICOSLG	known	24	0.4504960179328918	0.6542328
CEP44-206	CEP44	known	44	0.2848320603370666	0.4484037
MICU1-201	MICU1	known	12	0.2935682833194732	0.53159416
EIF3C-211	EIF3C	known	6	0.3376991748809814	0.4762333
ACSL6-231	ACSL6	known	15	0.5478817224502563	0.7245201
FUT8-203	FUT8	known	20	0.6396898627281189	0.67530835
UTRN-203	UTRN	known	12	0.3780381381511688	0.65600985
PPIL2-203	PPIL2	known	8	0.3055437803268432	0.3598846
transcript184495.chr10.nnic	ARL3	nnic	43	0.310170829296112	0.4611171
AP3B2-236	AP3B2	known	44	0.2535839676856994	0.32951185
transcript65530.chr11.nnic	TKFC	nnic	16	0.3282811939716339	0.521418
REXO4-202	REXO4	known	9	0.2838058471679687	0.4051865
MARK3-207	MARK3	known	44	0.3419338762760162	0.63040066
PMPCB-223	PMPCB	known	16	0.1921667158603668	0.370102
KCTD6-202	KCTD6	known	29	0.2567682862281799	0.45720404
PCYT1A-201	PCYT1A	known	17	0.3706887364387512	0.4838113
DNAJC19-212	DNAJC19	known	5	0.300755888223648	0.3856198
ALG9-201	ALG9	known	20	0.4265976846218109	0.5082762
OBSCN-224	OBSCN	known	41	0.261610209941864	0.4225312
B9D1-220	B9D1	known	44	0.2710926830768585	0.5240768
LIN54-206	LIN54	known	2	0.2608632445335388	0.44335037
SERPINB8-202	SERPINB8	known	30	0.419204443693161	0.8346486
CUL3-202	CUL3	known	29	0.4499329030513763	0.5924264
GZF1-201	GZF1	known	2	0.232294350862503	0.47704872
C4A-260	C4A	known	25	0.3223103284835815	0.3637196
SLX4-203	SLX4	known	1	0.2666538655757904	0.4495062
PFN2-201	PFN2	known	41	0.5910214781761169	0.73738635
NUP35-201	NUP35	known	7	0.6359586715698242	0.736837
MX1-244	MX1	known	3	0.24599389731884	0.39359036
TUBA8-202	TUBA8	known	44	0.2382462173700332	0.38659286
DDX3X-257	DDX3X	known	8	0.4016391336917877	0.56089777
LLGL2-203	LLGL2	known	44	0.243804395198822	0.3913455
DNAL4-201	DNAL4	known	22	0.1662201583385467	0.3066926
CLDN11-204	CLDN11	known	35	0.2091525644063949	0.35623902
NT5DC2-201	NT5DC2	known	9	0.2180426865816116	0.5155434
CKAP5-201	CKAP5	known	44	0.5270508527755737	0.66557634
ARFGAP2-207	ARFGAP2	known	5	0.2543585300445556	0.32221523
HOPX-206	HOPX	known	2	0.2278295457363128	0.343862
PRORP-201	PRORP	known	9	0.3675878942012787	0.4282934
ERGIC3-202	ERGIC3	known	11	0.3567273616790771	0.6008109
PTGER3-204	PTGER3	known	14	0.5130245089530945	0.7763462
ERMP1-230	ERMP1	known	20	0.3063370883464813	0.36583638
transcript148856.chr7.nic	SLC12A9	nic	11	0.3507303893566131	0.59153116
CDK10-202	CDK10	known	4	0.3798213005065918	0.5835675
NDUFV1-201	NDUFV1	known	15	0.42084801197052	0.5899979
DNAJB2-202	DNAJB2	known	29	0.2483524829149246	0.32077533
SYNE3-206	SYNE3	known	41	0.2249220162630081	0.42961112
DMTF1-213	DMTF1	known	2	0.2155088186264038	0.512673
PUS7-202	PUS7	known	9	0.4585144817829132	0.5611102
NPL-204	NPL	known	16	0.2745547890663147	0.48144656
PNMA8A-202	PNMA8A	known	3	0.1699443012475967	0.30329388
CDC5L-201	CDC5L	known	8	0.415757268667221	0.4823091
CCNJL-203	CCNJL	known	31	0.2921518385410309	0.5347794
MYT1L-235	MYT1L	known	8	0.2431502938270568	0.3291435
IL1RL1-202	IL1RL1	known	23	0.2461584210395813	0.41789013
HNRNPH3-211	HNRNPH3	known	8	0.6789534687995911	0.7347461
UFD1-201	UFD1	known	8	0.3126297891139984	0.44140592
NFASC-216	NFASC	known	35	0.3064023554325104	0.45904905
transcript126226.chr17.nic	MIF4GD	nic	30	0.2874018847942352	0.39189306
PAX7-203	PAX7	known	37	0.2845273911952972	0.6131319
FUT11-201	FUT11	known	20	0.5768173336982727	0.64998615
DEAF1-221	DEAF1	known	2	0.3129216134548187	0.48758298
transcript176135.chr8.nnic	NSMCE2	nnic	4	0.2054286748170852	0.32347128
EIF2AK2-211	EIF2AK2	known	31	0.4594555497169494	0.5980024
DPH1-211	DPH1	known	9	0.2991510331630707	0.33800474
SLC6A1-201	SLC6A1	known	11	0.5267396569252014	0.7774829
ADAT3-201	ADAT3	known	9	0.2590295076370239	0.31429973
transcript210308.chr10.nnic	CHST15	nnic	20	0.5325619578361511	0.57589114
HEXA-217	HEXA	known	20	0.3919005393981933	0.54514676
NDUFA10-221	NDUFA10	known	15	0.4372898936271667	0.60702693
PAWR-201	PAWR	known	44	0.236488476395607	0.3444092
ERLEC1-239	ERLEC1	known	18	0.3719078600406647	0.49132615
THOC2-202	THOC2	known	7	0.4879789054393768	0.59510314
NR4A2-201	NR4A2	known	33	0.4357670247554779	0.71201724
APOC2-201	APOC2	known	16	0.2880914509296417	0.44859463
NCAN-201	NCAN	known	20	0.3245185613632202	0.38401523
DYNC1I1-212	DYNC1I1	known	44	0.3135976791381836	0.44026574
PMS2P3-206	PMS2P3	known	9	0.2803461253643036	0.3304832
PAM-201	PAM	known	13	0.2489562928676605	0.33453232
SOX5-221	SOX5	known	2	0.3374348282814026	0.44748515
ANXA6-201	ANXA6	known	12	0.3584240674972534	0.4374221
TPST2-202	TPST2	known	15	0.3513687252998352	0.51029044
ZCCHC8-210	ZCCHC8	known	8	0.3987085819244385	0.5046495
TSPAN1-201	TSPAN1	known	25	0.3481684923171997	0.36487937
SLC7A2-205	SLC7A2	known	11	0.4511845409870147	0.6903392
CEP131-202	CEP131	known	44	0.4637400209903717	0.5607087
CDC42BPA-213	CDC42BPA	known	44	0.2305934429168701	0.3020361
DERA-201	DERA	known	25	0.5349365472793579	0.60323966
transcript1024.chr11.nnic	TMEM80	nnic	44	0.2320691049098968	0.38577092
GDAP1-211	GDAP1	known	3	0.1878130137920379	0.30019763
ENY2-211	ENY2	known	7	0.4553991258144378	0.5462066
ATG9A-202	ATG9A	known	22	0.2362311035394668	0.32347566
DKC1-226	DKC1	known	10	0.407527208328247	0.58811146
ANG-201	ANG	known	38	0.3448736369609833	0.41125798
ZNF384-203	ZNF384	known	2	0.2125339806079864	0.53044343
IDE-232	IDE	known	19	0.3717091381549835	0.44897193
CACYBP-209	CACYBP	known	44	0.2101618200540542	0.35513
SPG7-232	SPG7	known	18	0.3677233755588531	0.41945523
GDAP1-235	GDAP1	known	16	0.2319468110799789	0.36245304
UBN1-209	UBN1	known	8	0.2721295654773712	0.36783215
CFLAR-201	CFLAR	known	19	0.4165962636470794	0.5901626
SLC11A1-202	SLC11A1	known	11	0.3563050627708435	0.5336849
CEP126-204	CEP126	known	3	0.3345041573047638	0.4190608
RTP1-201	RTP1	known	5	0.3072195947170257	0.39902884
GDI1-204	GDI1	known	25	0.4185315668582916	0.45046782
SLC1A2-212	SLC1A2	known	11	0.5261154770851135	0.7815424
PTBP2-203	PTBP2	known	8	0.5433862805366516	0.620155
TRAPPC2L-216	TRAPPC2L	known	43	0.4601325988769531	0.679324
PITPNM2-202	PITPNM2	known	17	0.3197083473205566	0.4001402
HPCAL1-202	HPCAL1	known	12	0.2554347217082977	0.41547585
ICE2-201	ICE2	known	1	0.2735283672809601	0.4471578
COL21A1-204	COL21A1	known	40	0.3647083938121795	0.5973493
SLC37A4-213	SLC37A4	known	11	0.2626917064189911	0.47179192
ENST00000650199	ENSG00000290557	known	3	0.2172925472259521	0.3464107
TADA3-202	TADA3	known	8	0.3977471888065338	0.4353408
transcript81339.chr14.nnic	PNMA1	nnic	30	0.1890696734189987	0.30935222
RAD18-201	RAD18	known	1	0.3435354828834533	0.47886783
PRCP-203	PRCP	known	25	0.4077052474021911	0.42102733
EIF3CL-202	EIF3CL	known	6	0.3368090689182281	0.47456947
NFYC-203	NFYC	known	2	0.3175257742404938	0.5163933
TLN1-202	TLN1	known	39	0.2389148771762848	0.36479682
BORCS8-203	BORCS8	known	22	0.2510775625705719	0.35880107
CSRNP1-201	CSRNP1	known	2	0.1873605996370315	0.31479895
TMC6-227	TMC6	known	11	0.2044746279716491	0.3229566
transcript112709.chr14.nic	CYP46A1	nic	16	0.3744790256023407	0.5768904
DLG3-203	DLG3	known	13	0.3964374661445617	0.5492491
PPIE-210	PPIE	known	8	0.3576054871082306	0.3980416
TMEM230-201	TMEM230	known	43	0.2357660979032516	0.31672475
ATP2B3-204	ATP2B3	known	11	0.3140423893928528	0.5442053
MRS2-203	MRS2	known	11	0.2985885739326477	0.5542456
ABI1-202	ABI1	known	41	0.2959086298942566	0.4528564
EXPH5-203	EXPH5	known	27	0.340096652507782	0.45470995
NFIX-215	NFIX	known	2	0.2592885792255401	0.4107822
ZNF568-216	ZNF568	known	2	0.2240142077207565	0.62322146
transcript61522.chr10.nnic	ACBD5	nnic	16	0.3105835616588592	0.3880436
ZNF641-205	ZNF641	known	2	0.1924869269132614	0.47922087
ZNF211-203	ZNF211	known	2	0.1959611177444458	0.52842486
PDIA3-201	PDIA3	known	25	0.3861957490444183	0.4571795
TMEFF2-203	TMEFF2	known	38	0.2796733677387237	0.42955184
RAB40A-202	RAB40A	known	42	0.27765953540802	0.46646205
ARID1A-201	ARID1A	known	2	0.3314760029315948	0.4609178
ZFYVE27-204	ZFYVE27	known	36	0.4513165950775146	0.6634739
LAS1L-222	LAS1L	known	9	0.3700759708881378	0.39840397
TKTL2-201	TKTL2	known	15	0.357536107301712	0.5229189
ENST00000426587	ENSG00000290833	known	44	0.1964597404003143	0.3625136
HNRNPA3-202	HNRNPA3	known	8	0.3458261787891388	0.40252876
ARHGAP44-211	ARHGAP44	known	2	0.2017585039138794	0.3800273
PGM3-239	PGM3	known	16	0.3115632236003876	0.5239022
transcript626.chr5.nnic	CCDC127	nnic	43	0.2729981243610382	0.3608764
CHI3L2-201	CHI3L2	known	16	0.2475243508815765	0.31456557
USP34-201	USP34	known	42	0.2330421209335327	0.33426967
VPS26B-201	VPS26B	known	43	0.2309940159320831	0.35266605
SKP2-218	SKP2	known	29	0.3728447258472442	0.56936496
HMGN2-201	HMGN2	known	2	0.1981381624937057	0.37605897
ARL4A-207	ARL4A	known	44	0.2292136996984481	0.3647747
transcript142153.chr1.nic	FUBP1	nic	8	0.3865711390972137	0.5558218
WDR19-213	WDR19	known	44	0.3742775917053222	0.59081703
SCARB1-208	SCARB1	known	39	0.3448602557182312	0.4788236
CDKAL1-201	CDKAL1	known	15	0.3262034654617309	0.4643181
DCHS2-202	DCHS2	known	35	0.3596389293670654	0.683647
CASK-204	CASK	known	15	0.2734843790531158	0.39895597
HIRIP3-201	HIRIP3	known	1	0.2103680670261383	0.317453
PTP4A3-207	PTP4A3	known	32	0.2946817278861999	0.6591653
MLXIPL-205	MLXIPL	known	2	0.3072998821735382	0.47933006
CTSF-235	CTSF	known	19	0.3514133393764496	0.49684706
DMTF1-216	DMTF1	known	2	0.2136283814907074	0.4812905
KDM1A-235	KDM1A	known	19	0.2427972108125686	0.30623445
CRBN-210	CRBN	known	29	0.2217872440814972	0.32355857
transcript47306.chr1.nnic	RHCE	nnic	11	0.2823649942874908	0.524024
CCNO-201	CCNO	known	31	0.1647689938545227	0.35743764
CNKSR1-201	CNKSR1	known	42	0.3057746291160583	0.36992985
MTMR2-255	MTMR2	known	17	0.5996289849281311	0.6742159
HUNK-201	HUNK	known	31	0.2343422770500183	0.49515766
KAT6B-231	KAT6B	known	2	0.2601315081119537	0.35521165
RPS10-208	RPS10	known	6	0.3638314306735992	0.45313686
TRPM3-219	TRPM3	known	12	0.4568800926208496	0.8028167
MRPL58-201	MRPL58	known	6	0.5952180027961731	0.6893451
PRKACB-202	PRKACB	known	39	0.4863044619560241	0.6583791
ADGRL1-201	ADGRL1	known	14	0.4349464178085327	0.62091255
NDUFS8-201	NDUFS8	known	15	0.5306456089019775	0.7203918
RARS2-209	RARS2	known	6	0.5559557676315308	0.69672894
transcript196245.chr3.nnic	B4GALT4	nnic	20	0.6121465563774109	0.6937824
ITPR1-220	ITPR1	known	29	0.2769339680671692	0.38524604
SCRN1-205	SCRN1	known	25	0.235822707414627	0.3321232
COLGALT2-202	COLGALT2	known	20	0.3782181441783905	0.43448457
DDR1-226	DDR1	known	38	0.343940794467926	0.6296007
PRPS2-202	PRPS2	known	15	0.5133456587791443	0.6808848
SLC22A9-201	SLC22A9	known	11	0.2583012878894806	0.45656997
NTF3-202	NTF3	known	31	0.4781608879566192	0.6913908
NDFIP2-216	NDFIP2	known	29	0.3143733143806457	0.45136046
ENST00000370651	ENSG00000285976	known	32	0.2767246067523956	0.6633612
HTT-223	HTT	known	17	0.3202575445175171	0.40246707
CFAP36-204	CFAP36	known	29	0.2738882601261139	0.3421545
ST3GAL6-214	ST3GAL6	known	20	0.7267696857452393	0.80045015
TCIRG1-201	TCIRG1	known	11	0.2835475206375122	0.41591844
PLD3-204	PLD3	known	25	0.3079057335853576	0.31968823
GDAP1-228	GDAP1	known	16	0.2294967174530029	0.3670663
HNRNPA2B1-229	HNRNPA2B1	known	8	0.3357897996902466	0.3802814
HMGCL-209	HMGCL	known	15	0.3882834613323211	0.5587663
POLR2B-205	POLR2B	known	8	0.496400237083435	0.575843
NR2F2-204	NR2F2	known	33	0.2994014322757721	0.5158228
SLC2A3-207	SLC2A3	known	11	0.3509376347064972	0.5749077
WASF1-202	WASF1	known	41	0.37569659948349	0.45309138
GABRB3-202	GABRB3	known	11	0.3754002749919891	0.75405425
SETD2-214	SETD2	known	2	0.3126294612884521	0.4096024
NAPG-203	NAPG	known	5	0.2859135270118713	0.4923579
MCTS1-202	MCTS1	known	6	0.2535374462604522	0.32617524
CHPT1-205	CHPT1	known	17	0.6020795106887817	0.7685956
TNFRSF19-203	TNFRSF19	known	31	0.4132832884788513	0.58052963
ABCC8-280	ABCC8	known	11	0.3853192031383514	0.5698098
SKI-201	SKI	known	36	0.3415327966213226	0.4548676
MTO1-252	MTO1	known	9	0.3101020157337188	0.32727355
PCYT2-206	PCYT2	known	17	0.5518675446510315	0.7170059
PARP1-213	PARP1	known	1	0.4296350479125976	0.56312376
CAD-201	CAD	known	16	0.3909142315387726	0.5630463
STX2-210	STX2	known	43	0.4133644998073578	0.57368517
CCND3-201	CCND3	known	31	0.2135688215494156	0.4725631
ZDHHC7-201	ZDHHC7	known	5	0.3363679349422455	0.46842003
transcript196408.chr12.nnic	GALNT9	nnic	20	0.5911566019058228	0.6567483
DDX6-203	DDX6	known	3	0.2570514976978302	0.37904924
transcript59553.chr2.nic	FSHR	nic	38	0.2383411824703216	0.32793987
ARHGAP25-201	ARHGAP25	known	42	0.4479342401027679	0.6558975
GABBR1-202	GABBR1	known	14	0.3665027022361755	0.5206943
PRTFDC1-201	PRTFDC1	known	15	0.5011099576950073	0.7026462
IGF1R-208	IGF1R	known	31	0.4965075850486755	0.67123187
GABBR1-207	GABBR1	known	14	0.2946994006633758	0.3348716
NCOA4-204	NCOA4	known	5	0.2421636581420898	0.39095917
MPST-203	MPST	known	16	0.3163516223430633	0.4858753
transcript91386.chr17.nic	ABCC3	nic	11	0.4109556078910827	0.6519488
TBC1D3D-201	TBC1D3D	known	42	0.3296894133090973	0.5712107
RNF121-201	RNF121	known	18	0.5051174163818359	0.6326432
DLGAP1-206	DLGAP1	known	44	0.2453416883945465	0.39812088
GDPD5-201	GDPD5	known	20	0.2138822227716446	0.33243433
CBX5-201	CBX5	known	2	0.2930396795272827	0.37333158
GRIK1-206	GRIK1	known	11	0.3760388791561126	0.709821
ENST00000381106	ENSG00000285756	known	30	0.1752235889434814	0.30151123
CES3-201	CES3	known	16	0.3896682858467102	0.52159166
MBD1-209	MBD1	known	2	0.2997115552425384	0.46776494
transcript232553.chr5.nic	BNIP1	nic	43	0.3654564023017883	0.46983132
VKORC1L1-202	VKORC1L1	known	19	0.2012515813112259	0.35121682
MINDY2-205	MINDY2	known	29	0.2383539974689483	0.33821246
PISD-211	PISD	known	16	0.3432153165340423	0.43867832
FBXL18-202	FBXL18	known	29	0.3666113317012787	0.5941297
GJB6-213	GJB6	known	11	0.226946473121643	0.36111182
GNAI2-205	GNAI2	known	42	0.2654376327991485	0.37359565
YY1AP1-201	YY1AP1	known	2	0.2322685122489929	0.39942965
HERC2-208	HERC2	known	29	0.2434477061033249	0.41986006
ERBIN-214	ERBIN	known	35	0.2198447585105896	0.32011843
MEIS1-201	MEIS1	known	2	0.3512499630451202	0.6338385
UBN2-201	UBN2	known	2	0.2870446741580963	0.4356907
TASP1-206	TASP1	known	19	0.2748804986476898	0.33715853
transcript22967.chr20.nnic	SNRPB2	nnic	8	0.5102488398551941	0.60216343
PPFIA2-220	PPFIA2	known	35	0.2998585104942322	0.37505776
transcript85765.chr13.nnic	PCCA	nnic	15	0.3863288462162018	0.6224545
SANBR-204	SANBR	known	29	0.1870450973510742	0.33470616
DOK6-201	DOK6	known	36	0.3701300919055938	0.6166431
USP38-205	USP38	known	29	0.2118572890758514	0.65775615
transcript12821.chr12.nic	ZNF384	nic	3	0.1741470843553543	0.40396518
HNRNPK-231	HNRNPK	known	8	0.5682202577590942	0.6272024
ZNF32-202	ZNF32	known	2	0.1242907419800758	0.45902342
JAK1-214	JAK1	known	23	0.3097517788410187	0.4620089
SELENBP1-214	SELENBP1	known	25	0.1995744705200195	0.3576035
ENST00000650751	ENSG00000291100	known	38	0.2364118993282318	0.3381403
transcript277159.chr3.nic	ECT2	nic	27	0.4566788971424103	0.52529776
DGKZ-202	DGKZ	known	39	0.6858718991279602	0.7278642
ZSWIM4-202	ZSWIM4	known	7	0.2332280129194259	0.38487107
PNPLA4-201	PNPLA4	known	16	0.3546120226383209	0.56260234
ASXL2-201	ASXL2	known	2	0.3157269954681396	0.5622962
ESYT3-202	ESYT3	known	13	0.1853047311305999	0.31368127
BLTP3B-201	BLTP3B	known	22	0.2241753190755844	0.41112533
LIG3-202	LIG3	known	1	0.4469983577728271	0.6586407
MIB2-217	MIB2	known	29	0.3007620871067047	0.55017406
NGFR-201	NGFR	known	30	0.4369224905967712	0.57768905
PPP2CA-208	PPP2CA	known	25	0.2821442186832428	0.4063117
GMNN-202	GMNN	known	1	0.2831245064735412	0.43400383
transcript47978.chr9.nic	ATOSB	nic	2	0.2020148038864135	0.32113105
ARID4B-211	ARID4B	known	2	0.2993010580539703	0.52704257
PLAUR-202	PLAUR	known	33	0.211014911532402	0.31915686
DPP7-201	DPP7	known	25	0.4908119738101959	0.50381315
DCP1A-201	DCP1A	known	10	0.3419420421123504	0.47485447
TCEA1-201	TCEA1	known	1	0.285162091255188	0.4003447
MKS1-216	MKS1	known	6	0.2691517174243927	0.33474177
NCOR2-201	NCOR2	known	2	0.3145373165607452	0.44153008
RBM33-209	RBM33	known	8	0.3577115833759308	0.4694538
MVK-217	MVK	known	16	0.3426949083805084	0.4590686
TPM1-237	TPM1	known	41	0.4803122878074646	0.75357974
ZFP36L2-201	ZFP36L2	known	37	0.2537276744842529	0.37624818
STK16-201	STK16	known	31	0.2130645364522934	0.55948913
ROBO2-215	ROBO2	known	36	0.5642799139022827	0.65744954
TRIM37-203	TRIM37	known	2	0.2662124037742615	0.5025026
CAMKK2-208	CAMKK2	known	31	0.3185743987560272	0.69122744
NFKBIA-208	NFKBIA	known	23	0.2636780440807342	0.31611913
RASL11A-201	RASL11A	known	42	0.2780541479587555	0.49706608
IL6ST-220	IL6ST	known	31	0.3314897418022156	0.5227284
UBE3A-226	UBE3A	known	29	0.4850214421749115	0.72561544
ZDHHC20-204	ZDHHC20	known	5	0.2770957350730896	0.3754804
RRP8-201	RRP8	known	9	0.3719830811023712	0.4290635
LUC7L2-210	LUC7L2	known	8	0.6585208773612976	0.75402176
ZNF780A-206	ZNF780A	known	2	0.1887502372264862	0.5343277
ZNF419-202	ZNF419	known	2	0.1601351201534271	0.54662937
CBLB-204	CBLB	known	24	0.2019287347793579	0.31298316
RARB-221	RARB	known	2	0.1869121491909027	0.3200974
SLC44A2-202	SLC44A2	known	25	0.3663346767425537	0.38572854
PSMA5-201	PSMA5	known	1	0.3147457540035248	0.45068914
MRPL45-203	MRPL45	known	6	0.3548002243041992	0.5078108
MSTO1-201	MSTO1	known	44	0.3437909483909607	0.63161004
COLEC10-201	COLEC10	known	19	0.2425924092531204	0.3048427
CDH7-201	CDH7	known	35	0.5796909332275391	0.7602129
SLC6A13-201	SLC6A13	known	11	0.5295745730400085	0.77422345
LUC7L2-207	LUC7L2	known	8	0.6717276573181152	0.76732475
SPTLC1-223	SPTLC1	known	15	0.2337755560874939	0.36414647
APTX-240	APTX	known	1	0.2486082315444946	0.4256494
KCNH5-201	KCNH5	known	11	0.363563984632492	0.65303195
DBNL-219	DBNL	known	31	0.4501491189002991	0.6061362
PLCB4-223	PLCB4	known	17	0.3296331167221069	0.42717886
ARHGEF10L-201	ARHGEF10L	known	41	0.3395947813987732	0.45824417
CLIP1-210	CLIP1	known	44	0.3620485067367553	0.51983756
MRPS25-229	MRPS25	known	15	0.3477062582969665	0.42457548
PDE7B-201	PDE7B	known	14	0.2039981633424759	0.40555382
BASP1-201	BASP1	known	37	0.2988885939121246	0.40201563
PLA2G6-235	PLA2G6	known	24	0.2239551097154617	0.36633626
DOLPP1-202	DOLPP1	known	20	0.3531396687030792	0.5207025
RBM6-210	RBM6	known	8	0.4162005484104156	0.50796574
MTIF3-212	MTIF3	known	6	0.638849675655365	0.7327486
CERT1-223	CERT1	known	17	0.3206633329391479	0.49247488
SARAF-204	SARAF	known	30	0.2231151163578033	0.34163004
MTF2-202	MTF2	known	2	0.3472901284694671	0.5997008
PDCD6IP-218	PDCD6IP	known	44	0.3632425963878631	0.44655022
CRTC1-202	CRTC1	known	33	0.1533518731594085	0.31655785
PCDHB12-203	PCDHB12	known	35	0.3048730194568634	0.64187014
NUB1-201	NUB1	known	29	0.410390555858612	0.5251435
TOP3B-214	TOP3B	known	1	0.3094905614852905	0.5370079
CLSTN1-203	CLSTN1	known	13	0.2511988580226898	0.3884825
RAP1A-202	RAP1A	known	25	0.4519446790218353	0.56710345
GOLGA2P5-203	GOLGA2P5	known	44	0.2837253212928772	0.37126195
KIAA0513-206	KIAA0513	known	42	0.3183636963367462	0.38788837
SLK-201	SLK	known	31	0.3919642865657806	0.5957581
SLC6A1-230	SLC6A1	known	11	0.2939746677875519	0.42932758
DICER1-225	DICER1	known	2	0.3459518253803253	0.4585185
CACUL1-206	CACUL1	known	44	0.3000184893608093	0.36946398
transcript248379.chr1.nnic	DEDD	nnic	3	0.2787232995033264	0.40571612
NF1-224	NF1	known	17	0.3343153297901153	0.39678594
CNTN2-228	CNTN2	known	35	0.3466114401817322	0.6100478
IKBIP-202	IKBIP	known	20	0.2595014572143554	0.34139255
DEPDC4-209	DEPDC4	known	42	0.3291600942611694	0.49064392
CHPF-204	CHPF	known	20	0.4384041130542755	0.4925571
SYTL4-205	SYTL4	known	13	0.2246940582990646	0.39510697
MCPH1-220	MCPH1	known	4	0.2596874237060547	0.3922875
TSGA10-203	TSGA10	known	3	0.2568188011646271	0.38233545
DST-204	DST	known	35	0.3470580875873565	0.5479816
RGS16-201	RGS16	known	42	0.3479208052158355	0.64088166
EPB41L2-221	EPB41L2	known	42	0.2244145423173904	0.33686048
TFDP2-202	TFDP2	known	4	0.4889498054981231	0.6910279
LRPPRC-269	LRPPRC	known	6	0.2785516679286957	0.31526226
SLC44A3-206	SLC44A3	known	25	0.3811502158641815	0.42462873
DGKH-202	DGKH	known	39	0.724137008190155	0.77408487
BORCS7-201	BORCS7	known	43	0.316677451133728	0.43610153
MKLN1-203	MKLN1	known	35	0.2518446743488312	0.38549328
TTLL11-208	TTLL11	known	17	0.2881554365158081	0.40310293
BBS2-249	BBS2	known	44	0.3383193016052246	0.39807144
transcript184849.chr6.nnic	SLC18B1	nnic	11	0.3304292261600494	0.5757555
ST3GAL3-239	ST3GAL3	known	20	0.4864324331283569	0.54598975
NHSL2-204	NHSL2	known	41	0.3498751223087311	0.45675
PTMA-201	PTMA	known	2	0.2680124640464782	0.3602411
CCDC88A-202	CCDC88A	known	44	0.411803662776947	0.515753
SLC22A8-202	SLC22A8	known	11	0.2914775311946869	0.53721035
NUMA1-233	NUMA1	known	44	0.4193304777145386	0.50770324
DDX10-215	DDX10	known	10	0.3403280377388	0.5153531
ERC1-205	ERC1	known	41	0.2895227372646332	0.41590196
ACD-218	ACD	known	1	0.2920831441879272	0.4217719
ZNF599-205	ZNF599	known	2	0.1766456812620163	0.609636
CDC37-210	CDC37	known	9	0.2110248357057571	0.32016516
OPA1-201	OPA1	known	22	0.2103255242109298	0.32430285
ZNF710-202	ZNF710	known	2	0.1767987012863159	0.47601134
CNIH1-202	CNIH1	known	43	0.2182839214801788	0.35076946
KMT2C-230	KMT2C	known	2	0.3346461653709411	0.55556613
PTGR1-205	PTGR1	known	16	0.3009530007839203	0.53259164
SLC22A23-203	SLC22A23	known	11	0.279140442609787	0.4770071
ZNF182-202	ZNF182	known	2	0.1856656521558761	0.62741244
CCHCR1-201	CCHCR1	known	44	0.3301113247871399	0.43787512
CIT-228	CIT	known	44	0.30135378241539	0.4341286
PRDX5-202	PRDX5	known	30	0.33513343334198	0.47427663
ATXN7L2-207	ATXN7L2	known	2	0.209234282374382	0.386379
transcript65716.chr6.nic	CD2AP	nic	31	0.2151393294334411	0.315529
SLC6A20-208	SLC6A20	known	11	0.4088728129863739	0.6669301
SBDSP1-208	SBDSP1	known	6	0.4820214211940765	0.61540806
ZNF876P-202	ZNF876P	known	2	0.1183422431349754	0.52767724
ZNF577-201	ZNF577	known	2	0.1578617691993713	0.55552197
ADAM9-214	ADAM9	known	19	0.3551985919475555	0.44049725
PTPN21-206	PTPN21	known	42	0.2942764163017273	0.34596598
LNPK-201	LNPK	known	5	0.2468893229961395	0.3748815
ERBB3-226	ERBB3	known	17	0.4143995344638824	0.5563813
TBL1X-201	TBL1X	known	29	0.3375448584556579	0.44824666
GSTM4-210	GSTM4	known	16	0.2045914828777313	0.3407805
PLCE1-203	PLCE1	known	42	0.4456856846809387	0.5204241
DTNA-229	DTNA	known	13	0.1952699124813079	0.4349877
THAP8-201	THAP8	known	2	0.1554812043905258	0.42255354
CEP135-203	CEP135	known	44	0.4222002625465393	0.52891546
SYT4-201	SYT4	known	43	0.3225536942481994	0.4856955
RAF1-266	RAF1	known	31	0.4626750349998474	0.6850299
transcript206707.chr5.nnic	CAMK2A	nnic	31	0.2004815489053726	0.5022758
TDRKH-211	TDRKH	known	3	0.3620693683624267	0.40880483
ZNF783-202	ZNF783	known	2	0.1709197908639907	0.44335204
SYNCRIP-205	SYNCRIP	known	8	0.5994024872779846	0.6742625
THAP6-201	THAP6	known	3	0.1507688760757446	0.339974
ACBD3-201	ACBD3	known	2	0.2469949424266815	0.31758565
NIPBL-208	NIPBL	known	1	0.2899154424667358	0.3908788
DCTN1-202	DCTN1	known	44	0.4633052945137024	0.5352975
SLC25A22-228	SLC25A22	known	11	0.4007550179958343	0.5739504
ATP1B1-210	ATP1B1	known	11	0.4518725872039795	0.70797443
PCMTD1-207	PCMTD1	known	9	0.3055424988269806	0.39813203
EPHA7-201	EPHA7	known	36	0.4005386531352997	0.5873055
PINK1-201	PINK1	known	30	0.3871342539787292	0.46749535
ILK-215	ILK	known	31	0.294638842344284	0.5375762
PSEN1-226	PSEN1	known	25	0.2700445055961609	0.31704628
NPM1-222	NPM1	known	7	0.3867761790752411	0.44544315
SLC41A3-216	SLC41A3	known	11	0.2944900095462799	0.54592204
SDF4-206	SDF4	known	20	0.2249576300382614	0.30198985
PDIA5-201	PDIA5	known	30	0.27894988656044	0.40924725
TFG-207	TFG	known	28	0.2010492086410522	0.31542522
SLC25A10-202	SLC25A10	known	11	0.4303883910179138	0.6894767
TSEN54-214	TSEN54	known	1	0.2276311218738556	0.32452458
MED22-201	MED22	known	44	0.2823505997657776	0.37281036
MMP2-208	MMP2	known	40	0.4574417173862457	0.5859441
KLHL28-202	KLHL28	known	29	0.235217809677124	0.5796968
PAICS-207	PAICS	known	15	0.3723357915878296	0.53456986
FAM81A-201	FAM81A	known	35	0.179204985499382	0.31091326
FNBP1L-201	FNBP1L	known	43	0.3033180832862854	0.48781353
transcript246500.chr2.nic	INSIG2	nic	18	0.304215669631958	0.40720567
ZBTB24-205	ZBTB24	known	2	0.2118754684925079	0.46804675
GRIA2-221	GRIA2	known	11	0.374060571193695	0.7095493
OAZ1-211	OAZ1	known	27	0.4860295057296753	0.5537484
transcript15678.chr22.nic	DERL3	nic	19	0.3120258748531341	0.35246053
MINPP1-204	MINPP1	known	25	0.2896086275577545	0.43936753
CEP250-207	CEP250	known	44	0.4663881957530975	0.565611
APPL2-201	APPL2	known	42	0.289850652217865	0.39271608
MRPS22-210	MRPS22	known	6	0.5458123087882996	0.6551291
NSMF-201	NSMF	known	36	0.3504574596881866	0.5087868
C1R-213	C1R	known	19	0.5302098393440247	0.6669391
CDK13-214	CDK13	known	8	0.2658106088638305	0.3747054
SATB2-217	SATB2	known	2	0.2473407089710235	0.472721
ZNF639-209	ZNF639	known	2	0.2540802955627441	0.45344052
ZHX3-213	ZHX3	known	2	0.2121929377317428	0.5060032
TBC1D20-201	TBC1D20	known	42	0.3011198043823242	0.47774735
TMEM25-208	TMEM25	known	35	0.2265835702419281	0.4084147
PCDHGA9-201	PCDHGA9	known	35	0.3206758499145508	0.71193045
DPAGT1-213	DPAGT1	known	19	0.2832065224647522	0.35686573
AIMP1-219	AIMP1	known	6	0.3354311883449554	0.41247338
SCMH1-205	SCMH1	known	2	0.2345918715000152	0.4041584
transcript11389.chr13.nnic	RPL21	nnic	5	0.7689630389213562	0.877036
DERL3-204	DERL3	known	19	0.2951500117778778	0.3831932
DCTD-202	DCTD	known	15	0.2848105728626251	0.5161551
RBCK1-214	RBCK1	known	24	0.2718880772590637	0.43184352
CD74-202	CD74	known	23	0.3799594938755035	0.47699755
ETFA-206	ETFA	known	15	0.3542895019054413	0.51462984
transcript44051.chr1.nic	HSPG2	nic	35	0.3175147175788879	0.45104855
BTN2A2-202	BTN2A2	known	24	0.4571920931339264	0.7150984
NSMCE2-208	NSMCE2	known	4	0.220498502254486	0.32706225
transcript33783.chr6.nnic	ZNF391	nnic	2	0.1883070915937423	0.542672
LINC00632-205	LINC00632	known	2	0.2144282460212707	0.3206688
KMT2C-203	KMT2C	known	2	0.3155245184898376	0.40922794
transcript141839.chr8.nic	CCNE2	nic	1	0.2629075646400451	0.43523684
TRAF4-201	TRAF4	known	23	0.3639824688434601	0.54460585
PCBP2-202	PCBP2	known	8	0.4276363551616668	0.5534527
MTMR2-219	MTMR2	known	17	0.5996289849281311	0.6742159
MBIP-203	MBIP	known	32	0.323332130908966	0.37532026
GLS-201	GLS	known	16	0.3335411846637726	0.45529208
SLC3A2-239	SLC3A2	known	11	0.3506483733654022	0.5261435
GPR6-201	GPR6	known	14	0.4900891482830047	0.7810621
APBB2-227	APBB2	known	36	0.276168018579483	0.37499285
MMAB-205	MMAB	known	9	0.2808523178100586	0.31824902
USP33-201	USP33	known	29	0.2701414227485657	0.49779105
EIF3B-202	EIF3B	known	44	0.2530946433544159	0.37649974
NFAM1-201	NFAM1	known	25	0.4052401185035705	0.5401112
NPY1R-201	NPY1R	known	14	0.3871616721153259	0.6373365
transcript66337.chr22.nnic	ZBED4	nnic	2	0.1887717545032501	0.43397778
ITGB1-228	ITGB1	known	40	0.4753712117671966	0.6696728
TAX1BP3-201	TAX1BP3	known	13	0.3049553632736206	0.42733613
HDAC3-205	HDAC3	known	2	0.3376735150814056	0.5113928
CCNF-201	CCNF	known	31	0.2375765442848205	0.4212659
transcript188281.chr1.nnic	EMBP1	nnic	13	0.2920025289058685	0.4384086
SLMAP-208	SLMAP	known	43	0.2448858469724655	0.345423
HIP1-207	HIP1	known	41	0.3894956707954407	0.46975774
TTC30B-201	TTC30B	known	5	0.3581402003765106	0.55433863
transcript14850.chr22.nic	CABIN1	nic	2	0.2225798368453979	0.39710215
GUF1-201	GUF1	known	6	0.5891176462173462	0.7170012
MARCHF6-201	MARCHF6	known	29	0.4160426259040832	0.6366544
MYO6-207	MYO6	known	41	0.2821716368198395	0.47554046
SAAL1-201	SAAL1	known	7	0.1684226989746093	0.30557865
COL6A1-201	COL6A1	known	40	0.4075355529785156	0.6860293
UTP25-202	UTP25	known	9	0.2946881353855133	0.5116542
transcript14072.chr4.nic	STK32B	nic	3	0.1644280403852462	0.6074201
GLG1-201	GLG1	known	25	0.2888540029525757	0.3353638
ATP6AP2-210	ATP6AP2	known	11	0.1948222815990448	0.33538735
PIGT-203	PIGT	known	20	0.3447242677211761	0.39174706
SYT1-217	SYT1	known	13	0.4226110875606537	0.62091184
LRWD1-205	LRWD1	known	29	0.1467465013265609	0.30077744
transcript23719.chr1.nnic	MTHFR	nnic	15	0.2289508730173111	0.34941188
transcript227043.chr3.nic	NEK11	nic	4	0.4188907444477081	0.76385707
MYCBP2-218	MYCBP2	known	29	0.2416843622922897	0.3943458
MCF2L-203	MCF2L	known	42	0.3586376309394836	0.5357525
SUPT3H-202	SUPT3H	known	1	0.2993694543838501	0.54320705
SELL-207	SELL	known	25	0.3453573882579803	0.3794162
CCDC88A-263	CCDC88A	known	44	0.2499206364154815	0.36679164
CLTB-207	CLTB	known	10	0.2104082405567169	0.37096542
CACNB4-235	CACNB4	known	12	0.3958186209201813	0.70801306
PCDHGA11-201	PCDHGA11	known	35	0.330895185470581	0.72187793
WASF1-204	WASF1	known	41	0.37569659948349	0.45309138
transcript84058.chr4.nic	GNPDA2	nic	15	0.3603892922401428	0.5149191
transcript45556.chr6.nic	SNRPC	nic	4	0.2021178305149078	0.3411273
transcript173997.chr1.nic	KCNA2	nic	11	0.3111804723739624	0.59339136
ZNF596-201	ZNF596	known	2	0.1781524717807769	0.51999587
GRB14-205	GRB14	known	36	0.2885479032993316	0.42039514
CSPP1-241	CSPP1	known	44	0.270108014345169	0.33744994
transcript24110.chr21.nnic	EVA1C	nnic	36	0.2533346712589264	0.37084264
MACROD1-201	MACROD1	known	15	0.3304783403873443	0.43339437
IL4I1-202	IL4I1	known	20	0.268507719039917	0.36421725
ZMYND11-205	ZMYND11	known	2	0.2508237361907959	0.39099348
ENC1-201	ENC1	known	29	0.2699019312858581	0.5218722
MAF-201	MAF	known	2	0.264803946018219	0.55908716
ENST00000522841	ENSG00000291073	known	7	0.2541232705116272	0.3386526
transcript159556.chr9.nnic	AUH	nnic	16	0.2921599745750427	0.48611516
CMC2-215	CMC2	known	6	0.2211173176765442	0.32206982
ZNRF3-202	ZNRF3	known	29	0.2714325785636902	0.50838774
CACNA1A-242	CACNA1A	known	11	0.3517497777938843	0.64988685
AARS1-209	AARS1	known	9	0.3617565333843231	0.4711798
LPA-201	LPA	known	19	0.293225884437561	0.45746508
LGI1-202	LGI1	known	36	0.3344902396202087	0.4314382
TMEM232-213	TMEM232	known	1	0.2408711165189743	0.33277148
GORASP1-206	GORASP1	known	43	0.2628842890262604	0.32663125
CCDC43-201	CCDC43	known	8	0.2642288208007812	0.40239096
transcript136307.chrX.nic	DOCK11	nic	42	0.2804384231567383	0.36696184
C15orf61-201	C15orf61	known	15	0.4163325130939483	0.6329204
CRY1-201	CRY1	known	9	0.3085538148880005	0.39610597
SEC23B-208	SEC23B	known	43	0.4161785840988159	0.5640196
BUD13-201	BUD13	known	8	0.5120969414710999	0.59731865
transcript109499.chr3.nnic	THOC7	nnic	7	0.446806252002716	0.5776332
DDX3X-246	DDX3X	known	8	0.3607939481735229	0.5762766
HEXA-237	HEXA	known	20	0.3805414140224457	0.48172766
ADAM22-214	ADAM22	known	40	0.2676391005516052	0.33618477
ACTN1-240	ACTN1	known	41	0.3944531083106994	0.5486509
IARS1-237	IARS1	known	6	0.4373749196529388	0.54894745
SETD6-201	SETD6	known	2	0.2711440920829773	0.5039811
MYO5A-243	MYO5A	known	28	0.2365650236606598	0.32671422
PMS1-205	PMS1	known	1	0.3114980161190033	0.450464
AKAP8L-202	AKAP8L	known	8	0.2538037300109863	0.33406323
CTNNA2-214	CTNNA2	known	35	0.4480786919593811	0.56562036
SMAD4-216	SMAD4	known	2	0.3078141510486603	0.43448076
TP53I13-206	TP53I13	known	23	0.1987394839525222	0.3132646
UTP3-201	UTP3	known	10	0.323786199092865	0.56763184
transcript72794.chr1.nic	NFYC	nic	30	0.2238306105136871	0.31473508
GRIA2-234	GRIA2	known	11	0.3725243508815765	0.69799215
TESK1-205	TESK1	known	31	0.3881448209285736	0.539352
CA2-204	CA2	known	21	0.2559276819229126	0.36729723
RHNO1-209	RHNO1	known	1	0.3087567090988159	0.46524245
ZNF514-207	ZNF514	known	2	0.1821873486042022	0.5736473
ZNF205-202	ZNF205	known	2	0.22062548995018	0.5536984
BCL3-201	BCL3	known	2	0.2849165201187134	0.39394426
TCF25-203	TCF25	known	9	0.2758431732654571	0.34884903
EPAS1-201	EPAS1	known	2	0.2694496810436249	0.5115001
CRELD1-223	CRELD1	known	30	0.2264202535152435	0.38763577
LAT2-205	LAT2	known	24	0.2980199456214905	0.4662586
OLFM1-202	OLFM1	known	36	0.2905605137348175	0.43094712
GRM5P1-205	GRM5P1	known	14	0.3154688477516174	0.35832316
SUPT7L-201	SUPT7L	known	2	0.3400794565677643	0.48297977
TJP1-202	TJP1	known	35	0.3820792138576507	0.55079603
transcript167384.chr4.nnic	ABHD18	nnic	16	0.2259080111980438	0.3187261
YPEL5-201	YPEL5	known	25	0.2972664535045624	0.31307644
CNTRL-218	CNTRL	known	44	0.4390734136104584	0.5454942
HEPH-201	HEPH	known	11	0.1880834698677063	0.32147443
SRD5A3-206	SRD5A3	known	17	0.3551764190196991	0.5795413
NOTCH1-207	NOTCH1	known	2	0.2153881341218948	0.3414569
IFT27-208	IFT27	known	25	0.2771020531654358	0.42490682
transcript23081.chr20.nnic	SNRPB2	nnic	8	0.342654138803482	0.44340533
DNTTIP2-201	DNTTIP2	known	1	0.3745601177215576	0.5047928
POLR3F-201	POLR3F	known	29	0.2180049419403076	0.34158462
LONRF3-202	LONRF3	known	29	0.353091299533844	0.5733931
EPHX4-201	EPHX4	known	16	0.2973340451717376	0.44940138
GRIK4-207	GRIK4	known	11	0.3414967656135559	0.66656816
RAPGEF6-209	RAPGEF6	known	42	0.3385468125343323	0.433376
ENST00000692287	ENSG00000289265	known	10	0.2536865770816803	0.3555401
HENMT1-202	HENMT1	known	9	0.3897851705551147	0.40264884
DPH1-215	DPH1	known	9	0.3162740767002105	0.35332817
GART-201	GART	known	16	0.3376494944095611	0.5793007
MYT1L-224	MYT1L	known	3	0.2359562218189239	0.31338564
transcript162084.chrX.nic	GABRQ	nic	13	0.3214860260486603	0.70440924
PER2-206	PER2	known	2	0.2887181937694549	0.39764574
PPP1R9A-201	PPP1R9A	known	41	0.2675559222698211	0.40922984
ASAP1-205	ASAP1	known	28	0.2029263228178024	0.31997082
ARHGAP29-201	ARHGAP29	known	42	0.4341811239719391	0.6205567
MIOS-202	MIOS	known	29	0.3014090657234192	0.46622124
CXXC4-201	CXXC4	known	2	0.2758428156375885	0.45934582
SERBP1-204	SERBP1	known	10	0.3562215864658355	0.5310219
MIS18BP1-202	MIS18BP1	known	44	0.2628856599330902	0.44593963
FXR1-224	FXR1	known	8	0.4073453247547149	0.48752603
CPEB3-202	CPEB3	known	8	0.210853025317192	0.3327798
transcript189122.chr11.nic	ZNF202	nic	2	0.1919566988945007	0.51808727
DDHD1-205	DDHD1	known	17	0.3045660555362701	0.44711438
POMGNT1-235	POMGNT1	known	20	0.5287708640098572	0.6071844
transcript36409.chr6.nnic	HLA-F	nnic	24	0.3442553877830505	0.63729656
LTBP4-212	LTBP4	known	40	0.2873060405254364	0.4363268
HEXA-233	HEXA	known	20	0.4011213779449463	0.5146886
GAS8-214	GAS8	known	44	0.417346328496933	0.5931869
PSMD8-211	PSMD8	known	25	0.2928148508071899	0.45528704
CLDN5-201	CLDN5	known	35	0.39530810713768	0.5174076
AMT-209	AMT	known	9	0.295835793018341	0.47148976
MTR-205	MTR	known	15	0.511128842830658	0.6671717
G2E3-201	G2E3	known	29	0.2149514257907867	0.5369797
LARP1B-207	LARP1B	known	2	0.2510019242763519	0.32702175
ZNF585A-201	ZNF585A	known	2	0.1960821598768234	0.5870799
KCNJ8-204	KCNJ8	known	11	0.3694449663162231	0.7138212
UGGT2-203	UGGT2	known	20	0.3226378262042999	0.38919312
SPPL2A-212	SPPL2A	known	19	0.260124146938324	0.32036886
NEK1-227	NEK1	known	31	0.3470098078250885	0.5782838
FERMT1-206	FERMT1	known	42	0.2463508397340774	0.30752432
OPA1-219	OPA1	known	22	0.2402700632810592	0.34791312
POMGNT1-202	POMGNT1	known	20	0.5565645098686218	0.6106549
RECQL-204	RECQL	known	1	0.3548355400562286	0.5309777
USP4-205	USP4	known	29	0.3356522917747497	0.7049752
IFT22-205	IFT22	known	44	0.3766325712203979	0.50459945
MACF1-225	MACF1	known	12	0.2691520750522613	0.38701904
HSP90B1-234	HSP90B1	known	10	0.3029747605323791	0.37972265
TMED2-201	TMED2	known	43	0.4332283735275268	0.6248691
CST7-201	CST7	known	30	0.2745983600616455	0.5442316
CALU-201	CALU	known	19	0.2139641642570495	0.35755938
TRIM37-204	TRIM37	known	2	0.2734472155570984	0.386446
transcript31883.chr4.nic	LAP3	nic	6	0.3783948123455047	0.4321595
RANBP3L-202	RANBP3L	known	7	0.4373538196086883	0.63242173
RGPD6-210	RGPD6	known	44	0.2325476258993148	0.33037812
CSNK1G3-205	CSNK1G3	known	29	0.211388498544693	0.5666148
DDHD2-201	DDHD2	known	17	0.3290988802909851	0.45898575
IGSF9B-203	IGSF9B	known	35	0.2799494862556457	0.46917796
APBA2-207	APBA2	known	13	0.3338509202003479	0.4574687
PLCD1-204	PLCD1	known	17	0.3138585686683655	0.46584028
ZNF514-204	ZNF514	known	2	0.1794220507144928	0.5999541
SYNE1-208	SYNE1	known	44	0.265683650970459	0.4520088
STX7-202	STX7	known	43	0.4920376241207123	0.65925264
SREK1-202	SREK1	known	8	0.4811374247074127	0.5188978
SEC24C-203	SEC24C	known	43	0.4839509427547455	0.63891494
AP1G2-203	AP1G2	known	43	0.2150842398405075	0.4458643
MTMR3-202	MTMR3	known	17	0.4169407486915588	0.5854477
NVL-216	NVL	known	29	0.2907913327217102	0.43373266
NUDT16-202	NUDT16	known	9	0.3348243236541748	0.5208353
E2F1-201	E2F1	known	4	0.3548745214939117	0.50502455
POLD4-201	POLD4	known	9	0.3226282894611358	0.39509675
VPS36-207	VPS36	known	5	0.2819922864437103	0.42198008
BIRC6-201	BIRC6	known	29	0.3107017874717712	0.41071853
HIC2-201	HIC2	known	2	0.251032680273056	0.43449926
DGKD-202	DGKD	known	39	0.742378294467926	0.792287
transcript172128.chr8.nnic	MRPL13	nnic	9	0.2983956634998321	0.3513741
PPP2R2A-228	PPP2R2A	known	32	0.3154385089874267	0.6754095
WWTR1-201	WWTR1	known	2	0.3413743376731872	0.54761183
transcript145822.chr4.nnic	LAMTOR3	nnic	25	0.4450543820858001	0.4758678
TXNL1-206	TXNL1	known	44	0.2758673429489136	0.4229285
IRF3-207	IRF3	known	23	0.3910115361213684	0.5383488
ADSL-224	ADSL	known	15	0.304252952337265	0.4430058
HNRNPK-220	HNRNPK	known	8	0.5670812129974365	0.6332878
ALDH4A1-206	ALDH4A1	known	16	0.3434313237667084	0.6124202
GUSB-205	GUSB	known	25	0.623498260974884	0.66083086
PALB2-217	PALB2	known	1	0.375354915857315	0.5465142
COX11-203	COX11	known	2	0.151628628373146	0.39623147
SCN3A-208	SCN3A	known	11	0.4369183480739593	0.84407425
COG5-203	COG5	known	43	0.2987427115440368	0.48588514
AMPD2-231	AMPD2	known	15	0.5008327960968018	0.70291054
TGFB3-206	TGFB3	known	38	0.4497809708118438	0.54707056
transcript160764.chr9.nnic	CENPP	nnic	44	0.2793859541416168	0.3515108
VCP-218	VCP	known	18	0.3788600265979767	0.5594165
CHST5-201	CHST5	known	20	0.3985207080841064	0.46458
transcript218357.chr3.nic	UMPS	nic	25	0.3181892037391662	0.49561867
PIK3IP1-202	PIK3IP1	known	40	0.1836861670017242	0.3575363
MEA1-202	MEA1	known	3	0.2188194096088409	0.35558492
ETHE1-201	ETHE1	known	9	0.2758772075176239	0.33052164
NEBL-217	NEBL	known	41	0.2277032881975174	0.4422397
DDHD1-210	DDHD1	known	17	0.2830864489078522	0.3611328
DPP7-217	DPP7	known	25	0.2792370617389679	0.30164036
C17orf49-209	C17orf49	known	2	0.2480376809835434	0.35782257
MTIF3-203	MTIF3	known	6	0.6544041633605957	0.7428164
MRNIP-201	MRNIP	known	4	0.4197674691677093	0.53952646
HSPA12A-226	HSPA12A	known	3	0.2189966887235641	0.3176975
ARFGAP1-219	ARFGAP1	known	6	0.1871952265501022	0.30068842
MTMR2-233	MTMR2	known	17	0.5996289849281311	0.6742159
KCNH8-201	KCNH8	known	11	0.3647157847881317	0.6799719
ZNF253-203	ZNF253	known	2	0.150351196527481	0.5760664
TCF4-267	TCF4	known	2	0.3278229236602783	0.637781
FAM13A-212	FAM13A	known	42	0.2233459204435348	0.31674877
PRELID2-210	PRELID2	known	11	0.2300765663385391	0.4963335
POLK-207	POLK	known	1	0.4110763072967529	0.74300414
OBSL1-202	OBSL1	known	41	0.3318133056163788	0.57075846
LMOD1-201	LMOD1	known	41	0.4711296558380127	0.56074584
FGD3-202	FGD3	known	42	0.3757688403129577	0.5883583
RPL36-201	RPL36	known	5	0.8059834241867065	0.91244376
ZSCAN25-203	ZSCAN25	known	2	0.2062882184982299	0.5569532
LIG1-201	LIG1	known	1	0.4433463811874389	0.69218093
MFSD10-202	MFSD10	known	11	0.3265129327774048	0.5728681
ATG4C-203	ATG4C	known	19	0.1972794979810714	0.42533955
RPGRIP1L-215	RPGRIP1L	known	44	0.2465818971395492	0.35385934
RAF1-219	RAF1	known	27	0.3188268840312958	0.46120816
TALDO1-204	TALDO1	known	25	0.4170582592487335	0.5077244
TXNRD3-204	TXNRD3	known	15	0.2383344620466232	0.37532717
PLEKHA1-204	PLEKHA1	known	17	0.5085542798042297	0.5771416
WARS1-204	WARS1	known	6	0.3102299869060516	0.45432693
transcript177837.chr8.nic	ASAP1	nic	42	0.2669304311275482	0.3596374
PDE4D-223	PDE4D	known	12	0.29835245013237	0.50853115
transcript5647.chr6.nic	RIPK1	nic	31	0.2593020498752594	0.58500654
LRRC51-202	LRRC51	known	3	0.2867489457130432	0.45051017
GFOD1-203	GFOD1	known	9	0.2186378240585327	0.33853063
HTR3A-203	HTR3A	known	13	0.3681454658508301	0.64385474
SNIP1-201	SNIP1	known	8	0.3130324780941009	0.41403264
MFAP4-201	MFAP4	known	19	0.3350187242031097	0.3989728
LRRC75B-204	LRRC75B	known	29	0.1660496145486831	0.30173635
UBE2T-202	UBE2T	known	29	0.4777089655399322	0.7575342
OTUD3-201	OTUD3	known	29	0.2878369987010956	0.44949517
WDR48-201	WDR48	known	29	0.232433944940567	0.33217818
PAK1-202	PAK1	known	31	0.507843017578125	0.76159924
PPIP5K1-204	PPIP5K1	known	17	0.3168928027153015	0.40590468
CSDC2-201	CSDC2	known	10	0.2872698903083801	0.4333461
ENST00000427525	ENSG00000291159	known	29	0.2085270583629608	0.3500809
TRIB3-201	TRIB3	known	32	0.3433493673801422	0.44080848
CSPP1-213	CSPP1	known	44	0.2031124681234359	0.30805096
NDUFS2-216	NDUFS2	known	6	0.2300423383712768	0.3662489
ATXN3-201	ATXN3	known	29	0.4918521344661712	0.6477045
BCL2L11-204	BCL2L11	known	30	0.4519553780555725	0.6075549
transcript128690.chr1.nic	PTGER3	nic	14	0.5173529386520386	0.78725785
BTG2-201	BTG2	known	15	0.2490120679140091	0.35282296
IRF9-208	IRF9	known	23	0.27546226978302	0.5772487
CARD19-202	CARD19	known	19	0.2443575412034988	0.37530792
LIG4-210	LIG4	known	1	0.4524286687374115	0.61212397
DIS3L2-202	DIS3L2	known	10	0.4712914526462555	0.65061015
BCAR1-201	BCAR1	known	38	0.4230474829673767	0.5948024
KNDC1-210	KNDC1	known	36	0.2787795066833496	0.41425937
MAPK10-390	MAPK10	known	31	0.3066997826099396	0.65773976
NGEF-201	NGEF	known	42	0.3929333090782165	0.60890996
NOL8-214	NOL8	known	8	0.2460550665855407	0.36445314
ZNF678-201	ZNF678	known	2	0.1426568180322647	0.54039586
MSL3-232	MSL3	known	2	0.2459444105625152	0.3243986
POLR3A-208	POLR3A	known	8	0.302938848733902	0.38036066
WDR53-201	WDR53	known	9	0.2674696147441864	0.42393914
ZNF461-201	ZNF461	known	2	0.1741452068090438	0.5601312
CD86-202	CD86	known	24	0.4779781997203827	0.65796936
SFMBT2-211	SFMBT2	known	2	0.2602705061435699	0.3692325
CSNK1A1-207	CSNK1A1	known	29	0.384682148694992	0.55984193
RAB15-204	RAB15	known	25	0.3630481958389282	0.5508102
EIF4EBP2-201	EIF4EBP2	known	2	0.2226392030715942	0.3177523
CDK8-201	CDK8	known	2	0.2986418604850769	0.57107913
DYNC1H1-246	DYNC1H1	known	44	0.4602034986019134	0.5508755
TBC1D20-222	TBC1D20	known	42	0.2880688309669494	0.44763294
RBFOX2-220	RBFOX2	known	8	0.428526908159256	0.5770715
RNF31-203	RNF31	known	29	0.4119662344455719	0.5756591
AP3B2-220	AP3B2	known	44	0.265985906124115	0.35773477
NUP50-214	NUP50	known	7	0.6341645121574402	0.7989967
ATP6V0A2-209	ATP6V0A2	known	3	0.3040247559547424	0.35576454
transcript40904.chr1.nic	HP1BP3	nic	44	0.2622143030166626	0.34486547
KIF5C-210	KIF5C	known	44	0.4164893329143524	0.6060341
SPECC1-211	SPECC1	known	44	0.274724543094635	0.46159285
MOSPD1-203	MOSPD1	known	18	0.262285053730011	0.37237984
ARPC2-212	ARPC2	known	41	0.2877517640590668	0.3320449
ADK-214	ADK	known	15	0.3919286429882049	0.57357204
transcript195336.chr12.nic	EP400	nic	2	0.234992429614067	0.39687043
TNPO2-203	TNPO2	known	7	0.4564489424228668	0.5872817
BBS5-201	BBS5	known	44	0.2751184701919555	0.5101348
TNXB-206	TNXB	known	40	0.2834994196891784	0.3961205
SLC6A1-233	SLC6A1	known	11	0.3852970004081726	0.6505821
transcript102337.chr2.nnic	POLE4	nnic	1	0.3160278499126434	0.46868715
transcript267355.chr3.nic	NMD3	nic	10	0.3467909693717956	0.49873796
HLX-203	HLX	known	2	0.2088086903095245	0.4092742
LETM1-202	LETM1	known	6	0.2321091443300247	0.47501493
transcript147445.chr1.nic	MCOLN2	nic	11	0.4762713015079498	0.83308935
NUP155-201	NUP155	known	7	0.6826790571212769	0.82189494
LGMN-202	LGMN	known	19	0.3649928867816925	0.44597515
PCBP2-210	PCBP2	known	8	0.3208581209182739	0.45216003
YARS1-208	YARS1	known	6	0.3226992487907409	0.45347634
SCN1A-225	SCN1A	known	11	0.4196263551712036	0.8728965
transcript18778.chr1.nic	SLC25A33	nic	11	0.2600002586841583	0.4288891
QRICH1-202	QRICH1	known	2	0.255063384771347	0.476163
GPSM2-216	GPSM2	known	44	0.3225237131118774	0.432578
TNFSF4-201	TNFSF4	known	23	0.4425961971282959	0.60060775
MCPH1-222	MCPH1	known	1	0.4173308908939361	0.5582768
ATG14-202	ATG14	known	22	0.3317229449748993	0.45538932
BLNK-207	BLNK	known	24	0.2821080982685089	0.4208285
RNF138-202	RNF138	known	29	0.3579928278923034	0.5921817
LMO7-207	LMO7	known	44	0.2037135958671569	0.3205441
PHRF1-201	PHRF1	known	2	0.2048992365598678	0.36007956
AK7-201	AK7	known	15	0.352621465921402	0.5355642
CTSA-203	CTSA	known	25	0.5487709045410156	0.575606
TRIM38-201	TRIM38	known	23	0.3617047369480133	0.63526475
AHI1-251	AHI1	known	44	0.3651034235954284	0.50202453
TBC1D22B-201	TBC1D22B	known	42	0.3321686089038849	0.5203328
KDM5B-233	KDM5B	known	2	0.3028803169727325	0.51572025
PRKAR2A-202	PRKAR2A	known	8	0.2646533250808716	0.31345376
transcript110534.chr15.nnic	ULK3	nnic	31	0.2158607691526413	0.3342066
TOP3A-214	TOP3A	known	1	0.3474272489547729	0.5887219
COQ9-209	COQ9	known	6	0.3364831209182739	0.38497669
CHD4-230	CHD4	known	2	0.3835622370243072	0.66446257
PSMD7-206	PSMD7	known	29	0.3063629269599914	0.44426933
ZNF518A-201	ZNF518A	known	2	0.2377074062824249	0.4666114
FMOD-201	FMOD	known	20	0.3928157985210418	0.48605633
S1PR2-201	S1PR2	known	14	0.4592618644237518	0.70148355
PPP4R1-202	PPP4R1	known	32	0.297363132238388	0.40641302
CRELD1-246	CRELD1	known	25	0.2179886698722839	0.32912606
CHADL-201	CHADL	known	35	0.2068599760532379	0.3155547
LPL-207	LPL	known	16	0.3309003710746765	0.47500682
RPH3A-201	RPH3A	known	43	0.2355183213949203	0.3911582
transcript42873.chr22.nnic	ELFN2	nnic	13	0.2315541952848434	0.34548235
AURKAIP1-203	AURKAIP1	known	6	0.3395622670650482	0.36566043
TBC1D2B-207	TBC1D2B	known	42	0.3109484910964966	0.4922367
METTL17-224	METTL17	known	9	0.2840824425220489	0.40489954
AXIN1-201	AXIN1	known	42	0.2676109671592712	0.33136693
PDE12-202	PDE12	known	10	0.3291944861412048	0.46248215
DHX57-204	DHX57	known	9	0.2809276282787323	0.361974
transcript16614.chr3.nnic	VHL	nnic	3	0.2222957611083984	0.3125104
APBB2-218	APBB2	known	36	0.2567689418792724	0.34803382
CHRDL1-201	CHRDL1	known	40	0.219908982515335	0.35164452
RAB31-207	RAB31	known	25	0.468255877494812	0.5218334
IFT20-203	IFT20	known	44	0.4363763928413391	0.61699736
MRI1-201	MRI1	known	16	0.3017898201942444	0.49695644
DOC2A-218	DOC2A	known	13	0.3589805960655212	0.548123
MAP4K4-218	MAP4K4	known	31	0.5937981605529785	0.75645983
VCP-211	VCP	known	18	0.3788600265979767	0.5594165
TRIM16-202	TRIM16	known	26	0.2691625356674194	0.40596238
ZNF334-206	ZNF334	known	2	0.1800304055213928	0.5709575
CNTNAP2-207	CNTNAP2	known	13	0.3469029068946838	0.4801553
EIF4E3-205	EIF4E3	known	6	0.2596059739589691	0.31112757
PDE4DIP-258	PDE4DIP	known	44	0.2272085398435592	0.3119006
ABCA4-201	ABCA4	known	11	0.2958712577819824	0.4140749
SLC13A5-203	SLC13A5	known	11	0.5649150013923645	0.860925
TOGARAM1-206	TOGARAM1	known	44	0.2634718716144562	0.36494175
YTHDC2-207	YTHDC2	known	9	0.388876348733902	0.42975393
GNB1-211	GNB1	known	14	0.3272642493247986	0.41802853
CDK16-217	CDK16	known	31	0.405721515417099	0.6343825
CASP4-207	CASP4	known	24	0.3372904658317566	0.4547189
ENST00000654136	ENSG00000240240	known	44	0.2638077139854431	0.3465585
PTGDR-201	PTGDR	known	14	0.4967771172523498	0.7813816
RPE-216	RPE	known	15	0.3669663369655609	0.61319673
THAP5-203	THAP5	known	2	0.1711680889129638	0.37388596
transcript101580.chr2.nnic	DGUOK	nnic	6	0.2544119954109192	0.33602956
CEP290-210	CEP290	known	44	0.3866221308708191	0.51191354
TRIM4-202	TRIM4	known	23	0.3576503694057464	0.6554574
GRIPAP1-219	GRIPAP1	known	44	0.3134204447269439	0.43244871
NT5C-201	NT5C	known	9	0.2875809967517853	0.45262614
FIG4-207	FIG4	known	17	0.5707798004150391	0.6509815
DEPDC1-201	DEPDC1	known	42	0.3532704412937164	0.53278714
RANBP2-208	RANBP2	known	7	0.3001126646995544	0.38913146
SLX4-201	SLX4	known	1	0.2767322659492492	0.37136
KNDC1-202	KNDC1	known	31	0.2648542523384094	0.40881157
LAIR1-203	LAIR1	known	25	0.5331064462661743	0.5939282
ZNF527-202	ZNF527	known	2	0.1394500732421875	0.4865579
transcript48402.chr5.nnic	HCN1	nnic	11	0.3712787330150604	0.76789534
ACHE-214	ACHE	known	16	0.335313469171524	0.43144313
GPRC5A-201	GPRC5A	known	31	0.3156189918518066	0.46212205
TBK1-256	TBK1	known	24	0.3418372869491577	0.603909
LIG4-213	LIG4	known	1	0.4524286687374115	0.61212397
KIF2A-221	KIF2A	known	44	0.4454561471939087	0.6225151
F8-202	F8	known	43	0.2655028700828552	0.3793253
CTSH-202	CTSH	known	19	0.2998153865337372	0.4445241
STAT3-212	STAT3	known	33	0.3801160156726837	0.5063602
TIRAP-202	TIRAP	known	23	0.5233553051948547	0.6223337
AGA-201	AGA	known	25	0.5114636421203613	0.5434749
CCAR1-211	CCAR1	known	8	0.494422048330307	0.5386937
transcript391208.chr2.nic	RHBDD1	nic	19	0.384152203798294	0.4599362
transcript136007.chr8.nic	DECR1	nic	16	0.2169403731822967	0.42635798
ELAVL3-202	ELAVL3	known	8	0.5862893462181091	0.6440362
DDX3X-241	DDX3X	known	8	0.4255311787128448	0.5735645
ARSK-205	ARSK	known	16	0.2908212840557098	0.40775853
SUPV3L1-203	SUPV3L1	known	9	0.3163783550262451	0.33636636
RABL2A-216	RABL2A	known	44	0.2496937066316604	0.39243665
NFE2L1-202	NFE2L1	known	2	0.297621339559555	0.5082757
MARK3-210	MARK3	known	27	0.2405982464551925	0.31645054
UBE2Z-201	UBE2Z	known	29	0.3771582543849945	0.5368956
FGF14-201	FGF14	known	17	0.3053466379642486	0.41509336
CWF19L1-201	CWF19L1	known	9	0.3067003190517425	0.50012386
ENST00000381231	ENSG00000291060	known	7	0.2821360528469085	0.33761075
transcript135706.chr19.nic	SIGLEC9	nic	25	0.2753389477729797	0.3807512
transcript9145.chr22.nnic	KLHL22	nnic	29	0.2829291522502899	0.4532662
INPP4B-221	INPP4B	known	17	0.2631318569183349	0.3641387
ADAMTS4-201	ADAMTS4	known	19	0.3327217996120453	0.39570254
TIMP2-204	TIMP2	known	25	0.3184524774551391	0.39088827
MAT2B-214	MAT2B	known	9	0.2608562409877777	0.31850448
transcript151238.chr19.nnic	ZNF329	nnic	2	0.1825994700193405	0.48664075
PKD1L1-207	PKD1L1	known	11	0.3542807102203369	0.68635404
GLI3-210	GLI3	known	37	0.3582890033721924	0.58543825
ADGRG1-201	ADGRG1	known	14	0.4516319632530212	0.6398736
LRCH2-202	LRCH2	known	44	0.1867580264806747	0.30586883
NUP58-215	NUP58	known	7	0.5761289000511169	0.6831555
PAK3-207	PAK3	known	31	0.533747136592865	0.7703608
RPTOR-208	RPTOR	known	4	0.3086820840835571	0.45107627
SDHA-216	SDHA	known	15	0.3929547071456909	0.5198076
SOD2-210	SOD2	known	21	0.3362257480621338	0.44809622
GNL2-202	GNL2	known	10	0.2924092710018158	0.46209008
SPHK2-206	SPHK2	known	17	0.4458690285682678	0.590235
transcript147973.chr5.nic	TRIM36	nic	44	0.2398803383111953	0.36290592
MACROH2A2-215	MACROH2A2	known	2	0.3155345618724823	0.51216286
RDH13-203	RDH13	known	16	0.3722352087497711	0.51166874
RAC3-201	RAC3	known	41	0.5427398681640625	0.647297
CEP120-213	CEP120	known	44	0.3470582962036133	0.49525672
CHMP2A-210	CHMP2A	known	43	0.3955096006393432	0.57153445
SEMA4D-213	SEMA4D	known	36	0.6170472502708435	0.8517493
KDM5D-201	KDM5D	known	2	0.274049311876297	0.46774894
TBC1D22A-201	TBC1D22A	known	42	0.3469688296318054	0.5610513
transcript43177.chr5.nic	DAB2	nic	39	0.3782359063625335	0.4398559
SEMA6D-204	SEMA6D	known	36	0.5955710411071777	0.8178407
ZNF594-201	ZNF594	known	2	0.1960345655679702	0.5102772
GDAP1-219	GDAP1	known	5	0.1997457444667816	0.31804264
GLS2-201	GLS2	known	16	0.3087542951107025	0.43699473
ZNF131-214	ZNF131	known	2	0.2235124856233596	0.46519893
CEP128-202	CEP128	known	44	0.294892281293869	0.4575759
KMT5B-206	KMT5B	known	2	0.274120569229126	0.53329283
ZFAND6-213	ZFAND6	known	5	0.2494991570711136	0.3595397
DHRS7-209	DHRS7	known	16	0.2851787209510803	0.3647232
CERS2-205	CERS2	known	16	0.3105758726596832	0.45051193
NUP153-201	NUP153	known	7	0.7298375368118286	0.8484198
ZNF518A-209	ZNF518A	known	2	0.2377074062824249	0.4666114
TSPAN5-204	TSPAN5	known	25	0.2807726263999939	0.3123399
transcript215578.chr9.nnic	FNBP1	nnic	41	0.2546147406101227	0.44957715
PLPPR4-202	PLPPR4	known	17	0.2560704052448272	0.40979618
transcript182043.chr1.nic	PTGFRN	nic	35	0.2188934683799743	0.3670374
DYRK3-202	DYRK3	known	2	0.2331209480762481	0.48082536
NSMF-205	NSMF	known	36	0.3265256285667419	0.47535506
MITD1-201	MITD1	known	4	0.2043333351612091	0.35270706
ATP5F1C-201	ATP5F1C	known	6	0.3918257653713226	0.44729042
CD9-224	CD9	known	25	0.2682419717311859	0.36365587
DOK1-203	DOK1	known	36	0.3510381877422333	0.5919438
RSRC2-202	RSRC2	known	8	0.5232957005500793	0.64037484
ZNF337-202	ZNF337	known	2	0.1788093298673629	0.53325903
ZFP69-202	ZFP69	known	2	0.1396738439798355	0.54370123
NOSIP-201	NOSIP	known	1	0.1963245570659637	0.31170908
FAS-226	FAS	known	30	0.4388737082481384	0.5529732
ARHGEF2-220	ARHGEF2	known	42	0.381545752286911	0.5631918
ZBTB1-201	ZBTB1	known	2	0.2997089624404907	0.45499793
PBX1-224	PBX1	known	2	0.2905291616916656	0.535775
ZDHHC16-206	ZDHHC16	known	5	0.2508742809295654	0.34834582
PTK2-206	PTK2	known	25	0.2365608811378479	0.31010488
IREB2-201	IREB2	known	15	0.3974248468875885	0.53462744
C4orf33-204	C4orf33	known	25	0.1867984235286712	0.30211002
ZNF292-210	ZNF292	known	2	0.2511376738548279	0.33936659
CTSO-209	CTSO	known	19	0.3565559387207031	0.5260974
MIPOL1-217	MIPOL1	known	44	0.25583416223526	0.3333301
ENST00000412448	ENSG00000290711	known	15	0.272631287574768	0.37388355
IRAK4-212	IRAK4	known	24	0.4910148978233337	0.7658747
ZNF480-205	ZNF480	known	2	0.1542338728904724	0.5250463
GPAT4-201	GPAT4	known	16	0.3626342713832855	0.45800743
DYRK4-214	DYRK4	known	3	0.2572043240070343	0.3142446
HSP90B1-211	HSP90B1	known	8	0.2605014741420746	0.31969485
transcript141022.chr11.nnic	ME3	nnic	15	0.3018442094326019	0.388063
MYO3A-207	MYO3A	known	41	0.2623989284038543	0.41105562
transcript13484.chr6.nnic	ELOVL2	nnic	15	0.5531260371208191	0.74338484
INPP4A-201	INPP4A	known	17	0.342714786529541	0.38879442
GMPPA-217	GMPPA	known	16	0.2492348700761795	0.38931343
MFF-222	MFF	known	27	0.4535260200500488	0.5249014
transcript251391.chr3.nic	PLSCR4	nic	3	0.1907547563314438	0.30496258
ARL6IP4-203	ARL6IP4	known	8	0.3217703402042389	0.37984398
MUTYH-211	MUTYH	known	1	0.2561378479003906	0.5887173
ZC3H11A-214	ZC3H11A	known	2	0.1482494175434112	0.4110635
GNAO1-215	GNAO1	known	42	0.2794733941555023	0.37303177
TRIM2-236	TRIM2	known	29	0.2716442346572876	0.34821996
ZNF266-206	ZNF266	known	2	0.1850785613059997	0.55267096
KCNQ5-DT-202	KCNQ5-DT	known	4	0.2043394744396209	0.3142194
CIB1-201	CIB1	known	38	0.3800303339958191	0.4606263
DDX39B-214	DDX39B	known	8	0.3794811069965362	0.5339682
ZNF256-202	ZNF256	known	2	0.1762257069349289	0.58027357
GOLGA4-202	GOLGA4	known	44	0.3281317055225372	0.47056517
SLC4A1AP-205	SLC4A1AP	known	8	0.2921874523162842	0.4181761
TRIM11-202	TRIM11	known	23	0.2925878465175628	0.5116002
PANX2-202	PANX2	known	11	0.304959625005722	0.5304105
transcript41.chr17.nnic	RPH3AL	nnic	5	0.2841080725193023	0.47404045
EPB41L2-226	EPB41L2	known	27	0.2665508389472961	0.44067293
CTSH-239	CTSH	known	19	0.2998153865337372	0.4445241
PRCP-229	PRCP	known	25	0.4114132523536682	0.43612224
BFSP1-202	BFSP1	known	44	0.2174104899168014	0.3235715
LSM14A-202	LSM14A	known	8	0.3882493078708648	0.52030814
MDH2-204	MDH2	known	16	0.3712344169616699	0.52576005
GRK2-213	GRK2	known	31	0.1849467158317566	0.49079037
GOLGA8N-201	GOLGA8N	known	44	0.2554086148738861	0.34995133
CPOX-204	CPOX	known	6	0.2090745419263839	0.30206755
SNAP25-221	SNAP25	known	25	0.6432206034660339	0.7741666
SLC44A3-201	SLC44A3	known	25	0.283494621515274	0.41471678
IBSP-201	IBSP	known	40	0.362309992313385	0.45433694
transcript66835.chrX.nnic	ARHGEF9	nnic	42	0.2451576739549636	0.37213773
POGZ-205	POGZ	known	2	0.2379720509052276	0.39111707
GOLGA3-210	GOLGA3	known	44	0.2597470283508301	0.37287778
RBM4-203	RBM4	known	8	0.5337046980857849	0.6312884
CYTH3-201	CYTH3	known	42	0.2671487927436828	0.3565773
HAVCR2-205	HAVCR2	known	24	0.3107150197029114	0.46804303
transcript22899.chr22.nic	CHEK2	nic	31	0.3349909484386444	0.6480004
TECTA-206	TECTA	known	40	0.2500362396240234	0.3032722
ARHGEF7-215	ARHGEF7	known	42	0.3316450417041778	0.5176901
transcript46836.chr22.nnic	RPS19BP1	nnic	6	0.4334874451160431	0.53821886
CEP97-202	CEP97	known	44	0.2215144783258438	0.32666618
NSUN5-203	NSUN5	known	9	0.526480495929718	0.5483507
ZNF280D-201	ZNF280D	known	2	0.1968534737825393	0.33041725
RABL3-201	RABL3	known	43	0.3151052594184875	0.54860425
WDR35-203	WDR35	known	44	0.3652889430522918	0.509302
PKP3-201	PKP3	known	35	0.4368422627449035	0.5618609
FANCL-241	FANCL	known	29	0.3743121027946472	0.6176752
SFSWAP-204	SFSWAP	known	8	0.2147083282470703	0.30044597
RIMS4-201	RIMS4	known	13	0.4254268705844879	0.6956251
EFNA4-202	EFNA4	known	36	0.4194346964359283	0.6103322
ZNF207-213	ZNF207	known	4	0.3575780689716339	0.51334375
SCD5-202	SCD5	known	15	0.5468601584434509	0.7090169
ECSIT-204	ECSIT	known	8	0.2874751687049866	0.36644787
MFSD10-201	MFSD10	known	11	0.3265129327774048	0.5728681
TDRD3-208	TDRD3	known	8	0.2523892521858215	0.3194943
PPP2R5E-201	PPP2R5E	known	32	0.2376988530158996	0.36011952
RIC1-201	RIC1	known	7	0.2515833973884582	0.4458499
PHF2-201	PHF2	known	2	0.3478571474552154	0.5778066
PFKP-203	PFKP	known	15	0.6959971189498901	0.8601289
COBL-203	COBL	known	36	0.4208637773990631	0.5457574
GBF1-252	GBF1	known	3	0.1814478486776352	0.35879728
RGS22-201	RGS22	known	42	0.2152803838253021	0.33872318
DEK-207	DEK	known	2	0.3194574117660522	0.4180874
CPT1C-201	CPT1C	known	16	0.2464646399021148	0.34475893
MYRIP-210	MYRIP	known	27	0.2799173593521118	0.41687784
IMMT-204	IMMT	known	22	0.2252162247896194	0.36972302
DCUN1D4-213	DCUN1D4	known	29	0.2161176949739456	0.3635245
HEXIM2-205	HEXIM2	known	32	0.2730348408222198	0.3428544
CIZ1-206	CIZ1	known	2	0.2293451428413391	0.3763049
LDLRAD4-234	LDLRAD4	known	32	0.3080228865146637	0.46506038
PCID2-203	PCID2	known	7	0.4783969521522522	0.57400596
NDUFA5-215	NDUFA5	known	15	0.3658560514450073	0.53891903
MAGOHB-208	MAGOHB	known	5	0.3667992949485779	0.5827895
SHROOM1-203	SHROOM1	known	44	0.2048482745885849	0.31118503
RNF170-201	RNF170	known	27	0.2966135740280151	0.3826538
KIAA0930-212	KIAA0930	known	42	0.2349853813648224	0.3223631
MPPE1-211	MPPE1	known	17	0.4802619218826294	0.5850977
ATM-206	ATM	known	17	0.301931232213974	0.33874747
TET2-202	TET2	known	2	0.3307547569274902	0.50221336
DCUN1D4-202	DCUN1D4	known	29	0.228216290473938	0.345336
NUP160-212	NUP160	known	7	0.3565607964992523	0.42773056
EEF1A2-206	EEF1A2	known	6	0.3281011879444122	0.42429227
AQP6-201	AQP6	known	11	0.2948074340820312	0.5157362
FBXL12-205	FBXL12	known	29	0.2420602589845657	0.4581949
FBXO44-202	FBXO44	known	29	0.3409489095211029	0.53975624
MCAM-208	MCAM	known	35	0.3142112791538238	0.5010458
PGP-201	PGP	known	17	0.3579003512859344	0.5170211
HDAC8-238	HDAC8	known	18	0.2471884340047836	0.34740865
CCT4-204	CCT4	known	27	0.3588011860847473	0.4505809
METAP2-202	METAP2	known	8	0.3267139196395874	0.42798042
SLC25A46-204	SLC25A46	known	11	0.2745995819568634	0.39581913
SOCS5-201	SOCS5	known	32	0.4122452437877655	0.54540825
MMP21-203	MMP21	known	30	0.2164354622364044	0.30658156
CUX2-201	CUX2	known	36	0.2901650071144104	0.45934957
TRIB2-202	TRIB2	known	31	0.3842348456382751	0.5739562
STK3-201	STK3	known	31	0.5312203168869019	0.8138674
SLC44A3-207	SLC44A3	known	25	0.2928200662136078	0.42789292
SETD3-201	SETD3	known	2	0.2853513360023498	0.4825662
FGF9-201	FGF9	known	17	0.7280399799346924	0.7705113
SLC29A3-210	SLC29A3	known	11	0.2797845304012298	0.41880703
SLC7A7-215	SLC7A7	known	11	0.4623643755912781	0.73638254
ZNF836-206	ZNF836	known	2	0.1493432521820068	0.5485934
MBD1-210	MBD1	known	2	0.2792037427425384	0.46338004
SCARA3-201	SCARA3	known	20	0.307790607213974	0.3777687
GATD3-202	GATD3	known	15	0.2843440473079681	0.39326742
transcript16322.chr17.nic	CNTROB	nic	44	0.2735644876956939	0.35593995
USP17L17-201	USP17L17	known	19	0.2977572381496429	0.6245224
KDM6A-233	KDM6A	known	2	0.3478772938251495	0.63760406
CASD1-201	CASD1	known	20	0.408649206161499	0.484066
TRIM3-201	TRIM3	known	29	0.2526954114437103	0.3394437
TSC22D1-203	TSC22D1	known	2	0.2585027515888214	0.379458
PSEN1-244	PSEN1	known	27	0.4287445843219757	0.467184
ENST00000692128	ENSG00000291176	known	16	0.2682633101940155	0.391697
KDM4C-202	KDM4C	known	2	0.3400804400444031	0.5993823
LMO3-209	LMO3	known	32	0.2352892309427261	0.39962628
RFC5-201	RFC5	known	1	0.4655698239803314	0.7247765
SMC4-202	SMC4	known	3	0.3171166777610779	0.5816782
SHPRH-202	SHPRH	known	1	0.2933748960494995	0.46978912
transcript131823.chr16.nnic	EMC8	nnic	9	0.2189861088991165	0.35056052
FGFR1-203	FGFR1	known	17	0.6843301653862	0.7527239
ANO5-214	ANO5	known	11	0.4110612869262695	0.60125005
NTRK3-216	NTRK3	known	31	0.5369254350662231	0.7569216
PTPRU-202	PTPRU	known	35	0.3506282567977905	0.46812233
CYP46A1-201	CYP46A1	known	16	0.3782753050327301	0.5985428
UPF3A-207	UPF3A	known	8	0.215783342719078	0.33295408
MYSM1-208	MYSM1	known	1	0.2169281840324401	0.3179858
IL21R-201	IL21R	known	23	0.2727996408939361	0.500131
CCDC88A-249	CCDC88A	known	44	0.4115956127643585	0.5193355
BCL11B-202	BCL11B	known	36	0.2106683105230331	0.4629448
AGPS-214	AGPS	known	15	0.3102796971797943	0.40600377
KCTD13-207	KCTD13	known	29	0.1937447488307953	0.3687304
PPIG-214	PPIG	known	8	0.3378584384918213	0.38602066
PDLIM2-206	PDLIM2	known	35	0.2701564133167267	0.3556902
WDR70-207	WDR70	known	8	0.3112980425357818	0.3772934
UPF2-201	UPF2	known	10	0.458251953125	0.6064649
NUDT5-207	NUDT5	known	15	0.479727566242218	0.7012146
RP2-201	RP2	known	44	0.2147976011037826	0.3575505
GTF2E1-201	GTF2E1	known	8	0.2419936060905456	0.3514753
UBA3-202	UBA3	known	9	0.3827297389507293	0.4228054
ST3GAL4-221	ST3GAL4	known	20	0.6669252514839172	0.72180474
MEF2C-249	MEF2C	known	37	0.4527884423732757	0.55688876
SPTBN2-201	SPTBN2	known	36	0.3692168891429901	0.6105348
SPEF1-201	SPEF1	known	41	0.3314940333366394	0.41898957
transcript91801.chr12.nic	GRIP1	nic	13	0.1884686946868896	0.30237105
GABRB2-218	GABRB2	known	11	0.3860360383987427	0.7804818
ATP7A-201	ATP7A	known	12	0.3847082853317261	0.53719246
KIAA1328-204	KIAA1328	known	44	0.2082464396953582	0.30808115
SLC9A1-204	SLC9A1	known	44	0.242054209113121	0.34690553
PLEKHG1-201	PLEKHG1	known	42	0.339199811220169	0.56490546
EIF3I-214	EIF3I	known	8	0.28558549284935	0.38508308
RFC3-202	RFC3	known	1	0.4426956176757812	0.6789489
CACNB2-209	CACNB2	known	12	0.5086743831634521	0.78630906
SCN3B-201	SCN3B	known	12	0.3174267113208771	0.41014796
NPEPL1-201	NPEPL1	known	19	0.2223997563123703	0.34930703
UBXN4-201	UBXN4	known	29	0.3290923237800598	0.50086606
transcript46624.chr21.nic	SLC19A1	nic	11	0.3846915364265442	0.5485021
NF1-211	NF1	known	38	0.318954199552536	0.3838822
PROM2-201	PROM2	known	35	0.2240160554647445	0.33413562
SAFB-205	SAFB	known	8	0.3762268722057342	0.42084616
transcript198280.chr8.nic	GPT	nic	16	0.294879138469696	0.43392998
ATP6AP2-218	ATP6AP2	known	19	0.2698730230331421	0.32033905
ZNF394-209	ZNF394	known	2	0.1151469349861145	0.42602855
COL4A2-218	COL4A2	known	40	0.387995958328247	0.6286991
CEP20-201	CEP20	known	44	0.3077288866043091	0.47566977
CORO1B-204	CORO1B	known	29	0.2805010080337524	0.40358153
transcript276371.chr1.nnic	FAM20B	nnic	17	0.252060055732727	0.35470098
SEC24B-202	SEC24B	known	43	0.4511519968509674	0.6001981
HSP90B1-231	HSP90B1	known	8	0.2797922194004059	0.36898547
MTMR8-201	MTMR8	known	17	0.5110843181610107	0.56802624
ABCB9-201	ABCB9	known	43	0.2565315961837768	0.4289505
FIGNL1-206	FIGNL1	known	22	0.217151790857315	0.32098803
CNST-203	CNST	known	27	0.3186636567115783	0.36709356
PIK3R1-213	PIK3R1	known	17	0.5991557836532593	0.6517717
ASPH-214	ASPH	known	12	0.5529914498329163	0.65753996
transcript241388.chr1.nic	FLAD1	nic	15	0.2829181253910064	0.47467566
WASHC2C-208	WASHC2C	known	41	0.3940157890319824	0.5281043
transcript68389.chr13.nic	EDNRB	nic	14	0.4104647636413574	0.5881977
ADGRV1-201	ADGRV1	known	14	0.2615675330162048	0.36573887
GFM1-208	GFM1	known	6	0.59792560338974	0.68281287
transcript111857.chr15.nnic	SNUPN	nnic	8	0.3902029991149902	0.56512284
CBX8-201	CBX8	known	2	0.3129622936248779	0.41628247
ZKSCAN8-201	ZKSCAN8	known	2	0.1601837873458862	0.60539216
SOCS2-212	SOCS2	known	17	0.3084557056427002	0.47769848
SCAPER-216	SCAPER	known	44	0.264930248260498	0.36992893
RANBP2-206	RANBP2	known	7	0.2197917699813842	0.35509983
transcript183833.chr10.nnic	PCGF6	nnic	29	0.3092682659626007	0.5522617
DMD-268	DMD	known	36	0.2781974077224731	0.4336613
VIPAS39-202	VIPAS39	known	43	0.2881533205509186	0.4543752
CDK18-221	CDK18	known	31	0.2805564403533935	0.6808995
MAP3K1-202	MAP3K1	known	31	0.25713050365448	0.5242139
GABRD-201	GABRD	known	13	0.3612132668495178	0.7316291
USO1-204	USO1	known	43	0.3656818568706512	0.46166825
ITSN2-201	ITSN2	known	36	0.3405810296535492	0.6324653
PPFIA4-204	PPFIA4	known	41	0.2442162781953811	0.3541805
NFS1-211	NFS1	known	9	0.3365884721279144	0.43454924
MBNL2-201	MBNL2	known	8	0.3934634625911712	0.41361398
ZNF488-201	ZNF488	known	2	0.2128251194953918	0.50193304
ACSM5-201	ACSM5	known	16	0.4171600043773651	0.60975987
GCC2-201	GCC2	known	44	0.3540063202381134	0.44866234
THRA-209	THRA	known	2	0.3777139782905578	0.76582205
ATG3-208	ATG3	known	22	0.3277311623096466	0.46480432
NR1H3-201	NR1H3	known	33	0.3927784860134125	0.7566718
IGSF9B-206	IGSF9B	known	35	0.3158487975597381	0.50070465
transcript120633.chr19.nic	BCAM	nic	35	0.3214991688728332	0.50654984
PKP1-203	PKP1	known	35	0.4922221302986145	0.654657
ALG5-201	ALG5	known	20	0.4166238605976105	0.5132242
JAK1-229	JAK1	known	23	0.3097517788410187	0.4620089
GPALPP1-206	GPALPP1	known	8	0.2712412774562835	0.3438036
ESRP1-204	ESRP1	known	8	0.2984218299388885	0.42341453
MUTYH-238	MUTYH	known	9	0.254397988319397	0.46730542
transcript7075.chr11.nnic	OSBPL5	nnic	42	0.2958182394504547	0.3659213
LASP1-205	LASP1	known	8	0.3511486947536468	0.39104325
DEF8-210	DEF8	known	43	0.2006094008684158	0.3782261
POMGNT1-232	POMGNT1	known	20	0.3998741209506988	0.48151487
BTD-202	BTD	known	20	0.3803220093250274	0.42865485
OTUB2-201	OTUB2	known	29	0.1971414536237716	0.5239819
NAA60-202	NAA60	known	1	0.2506367266178131	0.45619422
NAMPT-234	NAMPT	known	25	0.4498739242553711	0.4602992
RETREG1-214	RETREG1	known	13	0.2181659936904907	0.31429678
AGPAT1-203	AGPAT1	known	16	0.3616276085376739	0.5555398
transcript148066.chr7.nic	SERPINE1	nic	30	0.3466916084289551	0.7574646
ING4-202	ING4	known	2	0.4185126721858978	0.6299881
DICER1-204	DICER1	known	2	0.3404966592788696	0.4276778
DMTF1-227	DMTF1	known	2	0.2136283814907074	0.4812905
DCLRE1C-232	DCLRE1C	known	1	0.3948050141334533	0.64266336
ADGRL2-208	ADGRL2	known	14	0.4751212894916534	0.70695776
USP4-211	USP4	known	29	0.3152166604995727	0.7063602
PCDHA13-202	PCDHA13	known	35	0.2960005700588226	0.72057724
MAPK10-234	MAPK10	known	31	0.4110671877861023	0.68916357
ECI2-205	ECI2	known	16	0.311672955751419	0.4568371
EXD3-201	EXD3	known	9	0.2878759801387787	0.4090372
STAB2-201	STAB2	known	40	0.3897122740745544	0.52906346
PRCP-205	PRCP	known	19	0.3226578533649444	0.39696687
NLGN1-211	NLGN1	known	13	0.4754757285118103	0.5249947
ZDHHC20-202	ZDHHC20	known	5	0.2880050837993622	0.38779625
KIF5A-223	KIF5A	known	44	0.2511874437332153	0.32878023
DDX10-203	DDX10	known	10	0.3960803151130676	0.595853
transcript47521.chrX.nic	MAOB	nic	16	0.217647835612297	0.30346498
MAPK8IP3-207	MAPK8IP3	known	44	0.3945439457893371	0.51791334
EIF3E-210	EIF3E	known	25	0.313355416059494	0.45923716
transcript277309.chr2.nnic	SPOPL	nnic	29	0.3539345860481262	0.530259
ERCC6L2-201	ERCC6L2	known	1	0.2966363728046417	0.4923256
NACA-211	NACA	known	3	0.2224501371383667	0.30336303
CGRRF1-207	CGRRF1	known	29	0.3785385489463806	0.6229487
HSP90B1-217	HSP90B1	known	6	0.2509422898292541	0.32056457
SZT2-218	SZT2	known	42	0.2854869663715362	0.3349769
ANGPTL5-201	ANGPTL5	known	40	0.3074080348014831	0.4025212
GBAP1-225	GBAP1	known	25	0.4144721031188965	0.42201996
SKIC3-249	SKIC3	known	9	0.233143612742424	0.30265722
LPCAT3-201	LPCAT3	known	16	0.3714416325092315	0.47890693
CC2D1A-211	CC2D1A	known	43	0.2768533527851105	0.42408663
DEPTOR-201	DEPTOR	known	42	0.3136600852012634	0.39599434
transcript171822.chr6.nic	RNF217-AS1	nic	17	0.3566146492958069	0.44609278
USP46-209	USP46	known	29	0.2225953638553619	0.6010903
LHFPL1-201	LHFPL1	known	35	0.196146011352539	0.3071375
HNRNPH3-205	HNRNPH3	known	8	0.6321059465408325	0.7008801
A1BG-204	A1BG	known	25	0.2399549186229705	0.3940938
ZSCAN32-213	ZSCAN32	known	2	0.1565459817647934	0.58830535
EPS15-215	EPS15	known	28	0.2758782207965851	0.4359222
KRR1-201	KRR1	known	6	0.50156170129776	0.65960854
TXNDC9-206	TXNDC9	known	4	0.2557777762413025	0.37029496
ACO1-202	ACO1	known	15	0.4436909556388855	0.578293
ZNF131-216	ZNF131	known	2	0.2243752926588058	0.48067656
GCNT1-201	GCNT1	known	20	0.5183974504470825	0.58613
CCDC88A-220	CCDC88A	known	44	0.335558146238327	0.49019927
PTPRD-201	PTPRD	known	36	0.4289089739322662	0.57254916
CHD3-211	CHD3	known	2	0.2074012756347656	0.3115655
MPP7-209	MPP7	known	13	0.2736763060092926	0.42598987
SLC7A10-201	SLC7A10	known	11	0.4599985480308532	0.771984
STX17-201	STX17	known	43	0.4233691096305847	0.5349293
AKAP6-208	AKAP6	known	44	0.2324690520763397	0.30751735
ACTN1-227	ACTN1	known	35	0.3948280215263366	0.5554633
LONP2-201	LONP2	known	19	0.3657448291778564	0.4280464
USP8-208	USP8	known	44	0.2341462671756744	0.31069428
LARP1B-212	LARP1B	known	8	0.3408248722553253	0.38568768
ZNF655-203	ZNF655	known	30	0.2625066936016083	0.3830324
NAMPT-205	NAMPT	known	25	0.4494785070419311	0.5158265
NBN-223	NBN	known	1	0.3485928177833557	0.5056066
VPS13B-206	VPS13B	known	43	0.2202329486608505	0.3417831
NEDD4L-260	NEDD4L	known	30	0.248885840177536	0.34937218
DICER1-208	DICER1	known	2	0.3404966592788696	0.4276778
RNF2-202	RNF2	known	29	0.3592946827411651	0.5537008
ST3GAL5-257	ST3GAL5	known	20	0.6418569684028625	0.7009413
SLC39A10-201	SLC39A10	known	12	0.4517816305160522	0.6155132
ANKRD18A-209	ANKRD18A	known	44	0.2854778468608856	0.37243912
transcript26749.chr13.nic	SMAD9	nic	3	0.2183824628591537	0.30988914
SUZ12-204	SUZ12	known	2	0.3187892436981201	0.47340265
transcript174047.chr1.nic	CD53	nic	25	0.4869476556777954	0.51384056
HNRNPA2B1-212	HNRNPA2B1	known	8	0.3751959800720215	0.4261229
SLMAP-226	SLMAP	known	12	0.1925214082002639	0.30846304
EIF2A-203	EIF2A	known	44	0.2565775215625763	0.37958628
NDUFA2-201	NDUFA2	known	6	0.2686429023742676	0.3465069
PSMC2-206	PSMC2	known	29	0.2886392474174499	0.4504617
GABRA1-201	GABRA1	known	11	0.3747354745864868	0.70177275
RBM4-202	RBM4	known	8	0.5254517197608948	0.6359771
MED12L-211	MED12L	known	8	0.291748434305191	0.42727113
GPR176-201	GPR176	known	14	0.3458032310009002	0.6230335
CENPP-203	CENPP	known	1	0.2664431631565094	0.4036228
VPS8-207	VPS8	known	43	0.2990499436855316	0.5065472
CSGALNACT2-DT-201	CSGALNACT2-DT	known	14	0.2151571959257125	0.36029276
TIMM17B-208	TIMM17B	known	5	0.2100320309400558	0.38543206
MAPK6-213	MAPK6	known	31	0.1679621785879135	0.40620714
SMARCB1-219	SMARCB1	known	2	0.2915049195289612	0.46404904
CUL7-201	CUL7	known	44	0.3080113232135772	0.4156025
ADAMTS10-205	ADAMTS10	known	40	0.2582953572273254	0.40675172
CCNDBP1-205	CCNDBP1	known	2	0.230262890458107	0.38170013
FOXRED1-230	FOXRED1	known	16	0.2585020661354065	0.4250762
RPL30-209	RPL30	known	5	0.5954527258872986	0.6581046
ERBIN-207	ERBIN	known	25	0.2658745646476745	0.38942638
transcript43101.chr5.nic	DAB2	nic	25	0.3288082778453827	0.38605917
PDK4-201	PDK4	known	9	0.2727352082729339	0.42455092
BANP-202	BANP	known	2	0.2203801721334457	0.47987223
USP36-202	USP36	known	29	0.2773794829845428	0.46499166
C2CD5-201	C2CD5	known	27	0.468751460313797	0.49590954
SETD2-203	SETD2	known	2	0.2827999293804168	0.35197037
HDAC8-207	HDAC8	known	2	0.2931850850582123	0.470874
PALM2AKAP2-204	PALM2AKAP2	known	41	0.358868658542633	0.47681516
ING5-206	ING5	known	2	0.2676222324371338	0.37455535
SHC2-203	SHC2	known	24	0.2066313475370407	0.30497044
NLGN3-202	NLGN3	known	13	0.4741554260253906	0.5306613
PTPRF-216	PTPRF	known	36	0.3555557131767273	0.5084659
LRSAM1-215	LRSAM1	known	43	0.3155786693096161	0.39717707
APBB1-217	APBB1	known	36	0.3459302484989166	0.4293397
SPSB3-201	SPSB3	known	29	0.2002733200788498	0.43162847
NSUN2-203	NSUN2	known	9	0.4478893578052521	0.6024376
SRP54-201	SRP54	known	5	0.5953786373138428	0.6716687
MTMR2-252	MTMR2	known	17	0.5996289849281311	0.6742159
AP1S2-201	AP1S2	known	43	0.3132172524929046	0.5279404
transcript48201.chr15.nnic	TYRO3	nnic	38	0.3641533553600311	0.5690677
DTNB-201	DTNB	known	13	0.1303074657917022	0.3215356
PIGG-203	PIGG	known	20	0.4087153971195221	0.499237
RNF31-224	RNF31	known	29	0.3676790595054626	0.505014
WWP2-216	WWP2	known	29	0.313993752002716	0.40615535
STAT3-249	STAT3	known	33	0.378010481595993	0.47873345
PSME1-201	PSME1	known	30	0.3463427722454071	0.473727
PAM16-201	PAM16	known	5	0.4399819374084472	0.5350746
NDUFS2-225	NDUFS2	known	15	0.2982438802719116	0.42090005
AJAP1-201	AJAP1	known	3	0.1977832615375518	0.3159627
TMEM50A-201	TMEM50A	known	43	0.2422061264514923	0.39133283
KIF9-204	KIF9	known	5	0.3294332027435303	0.39128262
P4HB-264	P4HB	known	25	0.3024840354919433	0.43001586
RHOT2-228	RHOT2	known	22	0.303617775440216	0.4256033
transcript59765.chr22.nnic	PPARA	nnic	33	0.3865110278129577	0.51489323
CROCC-207	CROCC	known	44	0.309994101524353	0.40221006
NLGN4Y-201	NLGN4Y	known	13	0.4355644583702087	0.503625
MARVELD2-201	MARVELD2	known	35	0.3161291182041168	0.41499043
THPO-207	THPO	known	38	0.2401349395513534	0.37518945
LINC01608-223	LINC01608	known	17	0.2488627135753631	0.3543588
transcript96406.chr11.nic	NPAS4	nic	2	0.2565386295318603	0.4352765
SIRT5-210	SIRT5	known	2	0.2927336990833282	0.44658214
transcript34638.chr1.nnic	SPEN	nnic	2	0.2586710155010223	0.37452587
WDR75-202	WDR75	known	9	0.2084854692220688	0.3979341
SYTL2-205	SYTL2	known	43	0.2432891279458999	0.3840925
ANO1-208	ANO1	known	11	0.4122426509857178	0.6047324
CNOT2-227	CNOT2	known	4	0.3590446710586548	0.48696917
GRIA2-216	GRIA2	known	11	0.3644662201404571	0.6788553
CLIC5-202	CLIC5	known	21	0.3102149963378906	0.44000712
SUMO3-201	SUMO3	known	18	0.3056401312351227	0.38149965
SLC39A7-206	SLC39A7	known	11	0.2723439633846283	0.46125144
MYO5A-201	MYO5A	known	25	0.2954082190990448	0.41039935
SNX29-205	SNX29	known	42	0.2360355406999588	0.30828196
BRAF-214	BRAF	known	31	0.5151466727256775	0.7340897
MICAL2-215	MICAL2	known	37	0.338124543428421	0.480898
RBBP6-201	RBBP6	known	8	0.3327149152755737	0.4070881
transcript39652.chr2.nic	RASGRP3	nic	42	0.4291464388370514	0.52080774
transcript67550.chr7.nic	PSPH	nic	15	0.3021474182605743	0.4874909
RPL7-201	RPL7	known	5	0.7545059323310852	0.8610563
GLI4-210	GLI4	known	2	0.1794093996286392	0.571705
SCD-201	SCD	known	15	0.5293963551521301	0.6645865
transcript281026.chr1.nic	RGS16	nic	42	0.2542065680027008	0.34502065
AKT1-202	AKT1	known	39	0.3982821106910705	0.5838748
FASTKD2-205	FASTKD2	known	8	0.2164583802223205	0.31575784
CUL4A-201	CUL4A	known	29	0.4160760343074798	0.6039535
BID-211	BID	known	27	0.3942194283008575	0.47130933
ST3GAL5-203	ST3GAL5	known	20	0.6765605807304382	0.738371
DBR1-202	DBR1	known	2	0.2877204120159149	0.40820733
transcript72818.chr15.nnic	TEX9	nnic	17	0.2373377531766891	0.34036088
KMT5B-218	KMT5B	known	2	0.3372218012809753	0.5663834
transcript3827.chr13.nic	GJB6	nic	11	0.226946473121643	0.36111182
ST3GAL3-205	ST3GAL3	known	20	0.7323372960090637	0.7871624
SNAPC4-202	SNAPC4	known	2	0.2196855247020721	0.37261233
transcript236679.chr1.nic	GATAD2B	nic	2	0.3062931299209595	0.43305597
VPS36-201	VPS36	known	43	0.2714391946792602	0.4610803
CNOT7-201	CNOT7	known	4	0.4778568148612976	0.8196675
GCK-204	GCK	known	15	0.5654876828193665	0.7031315
CCDC88A-244	CCDC88A	known	44	0.411803662776947	0.515753
PUS7L-208	PUS7L	known	9	0.444439172744751	0.587463
ANKRD6-202	ANKRD6	known	44	0.1634049266576767	0.30821127
ZC3H12B-203	ZC3H12B	known	1	0.2476420104503631	0.37371087
GABRG1-201	GABRG1	known	11	0.3763031363487243	0.75977546
transcript114856.chr1.nnic	DNAJC6	nnic	25	0.2279059141874313	0.3210448
ZFYVE9-204	ZFYVE9	known	34	0.2152997702360153	0.31866822
GALNT1-201	GALNT1	known	20	0.5995246767997742	0.68140686
ZNF451-208	ZNF451	known	2	0.2786990404129028	0.43489298
AKAP9-205	AKAP9	known	44	0.2303737550973892	0.34171727
SEMA4C-201	SEMA4C	known	36	0.595708429813385	0.82016546
RPS10-209	RPS10	known	5	0.5407873392105103	0.7066876
transcript164515.chr10.nnic	HTR7	nnic	14	0.5416494607925415	0.7285551
PLEKHA5-226	PLEKHA5	known	44	0.1731848865747451	0.3020691
FAU-207	FAU	known	5	0.467045247554779	0.5178301
EIF5A-201	EIF5A	known	6	0.3588755130767822	0.40052253
MSH3-201	MSH3	known	1	0.4688029885292053	0.6700815
SYN2-206	SYN2	known	13	0.258648931980133	0.36571118
MTA3-203	MTA3	known	2	0.2878413796424866	0.51347816
GGT5-201	GGT5	known	19	0.3496123552322387	0.49091452
RNF31-232	RNF31	known	29	0.3615015745162964	0.49680796
SLC39A10-202	SLC39A10	known	12	0.4517816305160522	0.6155132
PMS2-241	PMS2	known	1	0.2220877707004547	0.35220394
ACSL3-202	ACSL3	known	15	0.5695972442626953	0.72752416
CTSA-225	CTSA	known	25	0.5508018136024475	0.5747774
TNS1-222	TNS1	known	35	0.2727963030338287	0.35248476
MSL3-203	MSL3	known	2	0.3151792883872986	0.53748393
transcript125822.chr17.nic	GPRC5C	nic	31	0.272115409374237	0.40780154
ATXN2-237	ATXN2	known	7	0.2821607291698456	0.37769315
FAM149A-214	FAM149A	known	44	0.2338323444128036	0.33767128
PAFAH1B1-218	PAFAH1B1	known	44	0.4499675929546356	0.5301893
MBP-208	MBP	known	27	0.4081648588180542	0.5451552
SFXN4-202	SFXN4	known	11	0.1847171783447265	0.3880271
TBCEL-210	TBCEL	known	44	0.2583391070365906	0.40134487
LRPPRC-268	LRPPRC	known	44	0.2275494486093521	0.34906644
RTN1-204	RTN1	known	36	0.2744125425815582	0.36176735
transcript37527.chr2.nic	DPY30	nic	9	0.2090224772691726	0.34076852
BET1L-203	BET1L	known	43	0.4760344326496124	0.630576
BCL2L1-207	BCL2L1	known	30	0.4372328221797943	0.5641443
PTPRC-223	PTPRC	known	32	0.2541578412055969	0.3213374
MYO15A-223	MYO15A	known	42	0.3239910006523132	0.42127055
ZDHHC15-201	ZDHHC15	known	5	0.2629205584526062	0.34608284
MAGED4B-201	MAGED4B	known	3	0.1768994182348251	0.34838766
STARD9-205	STARD9	known	44	0.3201753795146942	0.4963274
UTP6-201	UTP6	known	8	0.3555178642272949	0.61433536
RARS2-212	RARS2	known	9	0.3804634511470794	0.5554136
RABL2B-202	RABL2B	known	25	0.3852704465389251	0.47621828
EEF1A1-214	EEF1A1	known	6	0.4904784262180328	0.6516614
NLRP3-210	NLRP3	known	26	0.5142762064933777	0.68507034
CLTC-220	CLTC	known	43	0.3528777360916137	0.43852764
ZP3-201	ZP3	known	38	0.332312136888504	0.4315145
NDC80-201	NDC80	known	44	0.4879898726940155	0.6201439
NSUN5-206	NSUN5	known	9	0.4431091248989105	0.48657852
FECH-212	FECH	known	15	0.2871130704879761	0.4401652
MRPL20-201	MRPL20	known	6	0.6556874513626099	0.79075307
ZNF529-201	ZNF529	known	2	0.1599194407463073	0.46130037
ZNF7-202	ZNF7	known	2	0.180644616484642	0.542571
SASH3-201	SASH3	known	31	0.2302446961402893	0.3046481
GRIPAP1-276	GRIPAP1	known	44	0.2903399765491485	0.40866286
transcript173742.chr1.nnic	KCND3	nnic	11	0.4191310703754425	0.7786641
ZNF467-201	ZNF467	known	2	0.1838407963514328	0.5294161
APP-219	APP	known	40	0.2099020928144455	0.36799532
MIA3-201	MIA3	known	38	0.2580542266368866	0.3410979
RPS6-201	RPS6	known	5	0.777053713798523	0.88438547
KCNC1-202	KCNC1	known	11	0.4350468516349792	0.80494034
ZNF771-201	ZNF771	known	2	0.1898866891860962	0.5238602
MAN2C1-242	MAN2C1	known	16	0.2712303698062897	0.44251138
TUBA8-206	TUBA8	known	44	0.2127198427915573	0.3479976
COQ5-201	COQ5	known	9	0.3716783225536346	0.43614063
ABHD16A-212	ABHD16A	known	16	0.2531174123287201	0.33594912
CEBPA-201	CEBPA	known	2	0.3169488906860351	0.50087476
KLC1-212	KLC1	known	43	0.3147974014282226	0.4289462
TMEM121-201	TMEM121	known	11	0.2181074619293213	0.34692007
GIGYF2-201	GIGYF2	known	8	0.3095686137676239	0.45795077
PRIM1-209	PRIM1	known	1	0.3148543536663055	0.51984376
OSBP2-201	OSBP2	known	16	0.2450591176748275	0.46864876
HOPX-214	HOPX	known	37	0.1987583488225937	0.46095747
HACD4-202	HACD4	known	16	0.3819387555122375	0.53313845
NUP93-202	NUP93	known	7	0.4766725599765777	0.66843307
CNBP-207	CNBP	known	16	0.243517205119133	0.41386613
MRPS2-201	MRPS2	known	6	0.5194233059883118	0.5759091
ARAF-202	ARAF	known	31	0.4197559356689453	0.7303506
SUPT5H-203	SUPT5H	known	8	0.4603732824325561	0.539889
USB1-217	USB1	known	8	0.304492175579071	0.43161136
PDGFRB-201	PDGFRB	known	17	0.5229353308677673	0.68355435
transcript150492.chr6.nnic	SOBP	nnic	2	0.2525041997432709	0.39514527
ETS2-202	ETS2	known	2	0.2466766983270645	0.5065446
ITCH-213	ITCH	known	29	0.4981885850429535	0.6733323
MRPL45P2-203	MRPL45P2	known	6	0.5055959820747375	0.5784627
SIK3-202	SIK3	known	2	0.2707861363887787	0.44384208
PIR-202	PIR	known	15	0.2705784738063812	0.4094271
SLC26A6-220	SLC26A6	known	11	0.4127747416496277	0.6181286
ROCK2-202	ROCK2	known	41	0.4692433476448059	0.5670164
AQP9-201	AQP9	known	11	0.3262867033481598	0.53628683
PRKAR2A-212	PRKAR2A	known	8	0.2782374918460846	0.3240983
DNAJB1-204	DNAJB1	known	29	0.2412999868392944	0.3181626
NF1-204	NF1	known	38	0.3371205925941467	0.39949268
S100A9-201	S100A9	known	25	0.4565885961055755	0.4726046
ZNF341-202	ZNF341	known	2	0.238386183977127	0.49815306
APBA2-201	APBA2	known	42	0.196068674325943	0.30946836
ARL4A-203	ARL4A	known	44	0.2292136996984481	0.3647747
BIRC5-202	BIRC5	known	4	0.4627718031406402	0.59035444
PLEKHA5-233	PLEKHA5	known	35	0.2053767591714859	0.3290812
SPG7-291	SPG7	known	6	0.2439584732055664	0.3202041
ZNF638-217	ZNF638	known	2	0.2719159424304962	0.39007768
CDC42BPB-204	CDC42BPB	known	31	0.2361633777618408	0.51963246
BAZ2B-212	BAZ2B	known	41	0.2824042737483978	0.41639954
RPS6KB2-201	RPS6KB2	known	3	0.2490150481462478	0.52341765
PSEN1-270	PSEN1	known	19	0.3458544015884399	0.36511907
PPP3CB-201	PPP3CB	known	15	0.3351269364356994	0.47077638
COL24A1-202	COL24A1	known	40	0.2532090544700622	0.41113955
BBS2-296	BBS2	known	44	0.3205405473709106	0.40299702
CACNB4-264	CACNB4	known	12	0.4306881427764892	0.76057255
UVSSA-206	UVSSA	known	1	0.2681107819080353	0.39134437
SPP1-215	SPP1	known	40	0.3588488698005676	0.40465564
transcript2357.chr19.nnic	SBNO2	nnic	1	0.2485412657260894	0.38572547
ARID4B-205	ARID4B	known	2	0.3114640414714813	0.48347315
CC2D1A-201	CC2D1A	known	44	0.2105854600667953	0.3441754
LRRC43-201	LRRC43	known	3	0.2117713987827301	0.31356323
TCF12-202	TCF12	known	2	0.2903158962726593	0.63450295
DCLRE1C-221	DCLRE1C	known	1	0.3777119517326355	0.619345
GOLGB1-204	GOLGB1	known	41	0.2695023417472839	0.39596903
BLZF1-203	BLZF1	known	44	0.3707386553287506	0.46204835
TP53TG3-201	TP53TG3	known	30	0.2764987647533417	0.44257647
KDM3A-205	KDM3A	known	2	0.2189671397209167	0.31671536
SNX13-213	SNX13	known	42	0.2240210026502609	0.3935601
MAMDC4-201	MAMDC4	known	35	0.2295132130384445	0.3907203
UCHL1-203	UCHL1	known	29	0.3512457311153412	0.5596102
HDAC6-257	HDAC6	known	2	0.3542282283306122	0.5129033
KLHL18-204	KLHL18	known	29	0.2925906181335449	0.6522442
TBL1XR1-209	TBL1XR1	known	29	0.311188131570816	0.39040774
SMARCA5-201	SMARCA5	known	2	0.3429625034332275	0.5722831
PARN-225	PARN	known	10	0.4770314693450928	0.68434244
MAP1LC3A-203	MAP1LC3A	known	22	0.4179899096488952	0.5800571
SPRY4-202	SPRY4	known	32	0.4513177871704101	0.58395755
transcript74005.chr11.nic	MACROD1	nic	15	0.3035565912723541	0.39845246
FAM13A-201	FAM13A	known	42	0.3985567986965179	0.6159429
SGSM3-209	SGSM3	known	42	0.3664799034595489	0.5774394
ELOVL1-216	ELOVL1	known	15	0.5702505707740784	0.7908533
PPIP5K2-218	PPIP5K2	known	17	0.4217588007450104	0.5215375
transcript10443.chr20.nnic	MCM8	nnic	1	0.4197644591331482	0.5973034
LRRC24-201	LRRC24	known	35	0.2478624582290649	0.40943915
DENND5A-210	DENND5A	known	42	0.2646696865558624	0.38571778
COX4I1-215	COX4I1	known	15	0.2646092772483825	0.44287595
RCC1-203	RCC1	known	4	0.3624927699565887	0.55338013
VDAC1-201	VDAC1	known	11	0.3820825815200805	0.5933273
SLC2A8-203	SLC2A8	known	11	0.3136725425720215	0.51581967
ITGA2B-201	ITGA2B	known	40	0.3118395209312439	0.442522
PRDM5-201	PRDM5	known	2	0.2990965247154236	0.45094532
ZNF544-217	ZNF544	known	2	0.1951035261154174	0.5049838
RALGDS-213	RALGDS	known	42	0.3671268224716186	0.54220295
CTSB-241	CTSB	known	19	0.288346916437149	0.40933952
MTOR-207	MTOR	known	3	0.2001070827245712	0.3166054
NALCN-204	NALCN	known	11	0.3967015147209167	0.84945154
MCM4-216	MCM4	known	1	0.4261928200721741	0.6055769
GORASP1-219	GORASP1	known	43	0.2875224649906158	0.3808966
CACNB4-266	CACNB4	known	12	0.4210678339004516	0.72772944
KPNA2-211	KPNA2	known	7	0.4305843710899353	0.62043756
transcript124374.chr16.nic	CMC2	nic	6	0.2744216620922088	0.36840647
GPR62-201	GPR62	known	14	0.3231534659862518	0.61132413
DLG5-207	DLG5	known	42	0.2759084105491638	0.41791743
TBC1D24-210	TBC1D24	known	42	0.2288307696580886	0.33602124
TLK2-213	TLK2	known	29	0.2724872231483459	0.5126015
transcript173950.chr9.nic	COL15A1	nic	40	0.2454069405794143	0.3576625
MTMR2-231	MTMR2	known	32	0.3007312417030334	0.66600883
transcript70446.chr20.nic	ENSG00000291067	nic	32	0.306444764137268	0.35778084
ACBD5-222	ACBD5	known	16	0.2335550934076309	0.3014055
MED6-206	MED6	known	3	0.3110480904579162	0.39711127
FRYL-217	FRYL	known	17	0.4187325239181518	0.46671143
S100B-202	S100B	known	44	0.2123079001903534	0.32675466
PRKAR2B-209	PRKAR2B	known	12	0.3028865754604339	0.3880574
FCMR-201	FCMR	known	24	0.1672434657812118	0.3544348
MTERF2-207	MTERF2	known	6	0.3078431785106659	0.35806936
SBNO1-202	SBNO1	known	2	0.3056384027004242	0.4413529
ARSB-206	ARSB	known	20	0.3645972311496734	0.47615257
BLTP1-240	BLTP1	known	22	0.1724276393651962	0.30533105
PPP1R7-207	PPP1R7	known	44	0.2173852026462555	0.36579832
FAR2-217	FAR2	known	15	0.4573597609996795	0.6476477
ZNF223-201	ZNF223	known	2	0.1491468250751495	0.5989188
DPAGT1-237	DPAGT1	known	20	0.2746298015117645	0.41344374
TICAM1-201	TICAM1	known	23	0.3742405772209167	0.4775497
USP40-201	USP40	known	29	0.2350829839706421	0.48026267
PRTFDC1-202	PRTFDC1	known	15	0.2463502585887909	0.3431724
ELAVL4-203	ELAVL4	known	8	0.4692178070545196	0.5253355
ANK2-225	ANK2	known	43	0.3397973179817199	0.4515844
BST1-201	BST1	known	25	0.4680876135826111	0.47491688
transcript52350.chr18.nic	ACAA2	nic	16	0.3687863349914551	0.5205805
YKT6-201	YKT6	known	43	0.4749341011047363	0.6179207
CD74-210	CD74	known	23	0.3738513588905334	0.4568768
HPS1-245	HPS1	known	43	0.3322069644927978	0.47719067
DCTN3-202	DCTN3	known	44	0.4210961163043976	0.577748
BBS2-256	BBS2	known	44	0.4799232184886932	0.58106226
SATB1-221	SATB1	known	2	0.291847676038742	0.4993252
TAPBP-240	TAPBP	known	20	0.2235623151063919	0.3669681
VRK3-201	VRK3	known	2	0.1863126307725906	0.44165057
IFT80-220	IFT80	known	44	0.4516094028949737	0.65035063
transcript159033.chr11.nic	CASP1	nic	19	0.5952386260032654	0.7237464
MLH1-201	MLH1	known	1	0.4095122516155243	0.5843479
MYH7-201	MYH7	known	15	0.2773084044456482	0.52949584
CSDE1-201	CSDE1	known	10	0.3808521032333374	0.5346735
SH3BP5L-202	SH3BP5L	known	32	0.2872626483440399	0.38830864
RELB-201	RELB	known	24	0.3766365647315979	0.5691659
CD55-203	CD55	known	25	0.4465905725955963	0.54220504
ALG2-203	ALG2	known	16	0.2846742868423462	0.39429668
GABRA1-213	GABRA1	known	11	0.387816458940506	0.72964656
transcript150753.chr11.nnic	SESN3	nnic	22	0.3771219849586487	0.56011117
DHRS7B-201	DHRS7B	known	16	0.2554168105125427	0.3559263
PSMC6-218	PSMC6	known	29	0.4037228524684906	0.55851233
ENST00000690641	ENSG00000291063	known	43	0.2113283425569534	0.3456865
ZNF710-201	ZNF710	known	2	0.271024078130722	0.5434043
FAAP20-207	FAAP20	known	2	0.1750932931900024	0.33335263
HMBS-236	HMBS	known	9	0.2209762781858444	0.33735952
IP6K1-201	IP6K1	known	17	0.6176164150238037	0.7288796
DNM1L-220	DNM1L	known	44	0.3056765794754028	0.4154911
LMO7-227	LMO7	known	44	0.2037135958671569	0.3205441
FIZ1-201	FIZ1	known	2	0.1775721162557602	0.48610967
GABRG3-206	GABRG3	known	13	0.3359392285346985	0.66752815
transcript287173.chr2.nic	ARHGAP15	nic	42	0.307503342628479	0.39801902
HECTD1-213	HECTD1	known	29	0.2640209794044494	0.4056434
RPL10-210	RPL10	known	5	0.676673948764801	0.7818314
DNAJC6-203	DNAJC6	known	43	0.2159068435430526	0.3518749
PSEN2-218	PSEN2	known	19	0.463456392288208	0.49368033
transcript54488.chr13.nnic	PCDH9	nnic	35	0.3037326633930206	0.48476282
SOCS4-204	SOCS4	known	32	0.392652302980423	0.51912767
OGG1-205	OGG1	known	1	0.3832803070545196	0.68324596
ZMYND11-201	ZMYND11	known	23	0.2541479468345642	0.4144228
SLC25A26-210	SLC25A26	known	11	0.1837236732244491	0.33809263
BBS4-204	BBS4	known	44	0.4460675418376922	0.5278727
TUBB4B-202	TUBB4B	known	25	0.2359872460365295	0.3183023
EIF3C-201	EIF3C	known	6	0.3376991748809814	0.4762333
ANXA2-204	ANXA2	known	25	0.4987632036209106	0.5225419
TRIM47-201	TRIM47	known	29	0.2019664496183395	0.3812778
RPL7-204	RPL7	known	5	0.7143728137016296	0.8245368
MIS12-201	MIS12	known	44	0.3042382597923279	0.41184464
CD63-214	CD63	known	25	0.4952574372291565	0.5114447
GRIN2A-206	GRIN2A	known	11	0.3895074129104614	0.6832936
TLK1-201	TLK1	known	31	0.3035680055618286	0.6316002
SLC29A3-209	SLC29A3	known	11	0.3210325241088867	0.45085892
KMT2C-233	KMT2C	known	2	0.3182641565799713	0.4818685
VPS37A-202	VPS37A	known	29	0.3288258016109466	0.49611434
KIAA0586-220	KIAA0586	known	44	0.256546288728714	0.3800383
SLC25A32-205	SLC25A32	known	11	0.4063554108142853	0.6972787
RASGRP1-201	RASGRP1	known	42	0.3902413249015808	0.477496
EEF2K-201	EEF2K	known	17	0.200598657131195	0.3511789
HLA-DMB-262	HLA-DMB	known	23	0.2510731816291809	0.37337407
PTBP2-213	PTBP2	known	8	0.552090048789978	0.6286058
MAST3-201	MAST3	known	3	0.2012840807437896	0.47205347
JADE1-213	JADE1	known	2	0.3802118003368377	0.58573616
ZFPM2-201	ZFPM2	known	2	0.308137446641922	0.47294408
POLK-212	POLK	known	1	0.4005069732666015	0.7259837
SDC3-202	SDC3	known	20	0.3137027323246002	0.4148992
MAPK8IP1-202	MAPK8IP1	known	31	0.4290094375610351	0.59087145
ZNF433-207	ZNF433	known	2	0.1410742700099945	0.5570837
transcript236528.chr1.nnic	SLC27A3	nnic	16	0.3530185222625732	0.4614814
ADGRB2-202	ADGRB2	known	14	0.3722673058509826	0.5093171
ENPP2-209	ENPP2	known	19	0.2838362157344818	0.3058162
ATR-205	ATR	known	17	0.4365772604942322	0.52796596
ASNS-203	ASNS	known	18	0.4070348441600799	0.48639363
RPUSD3-208	RPUSD3	known	16	0.2266263216733932	0.32954976
PHLDB1-217	PHLDB1	known	44	0.2648903727531433	0.38776955
SERPINB6-205	SERPINB6	known	30	0.4280444979667663	0.83040744
VLDLR-219	VLDLR	known	36	0.4560458064079284	0.5378612
ARID1A-204	ARID1A	known	2	0.3412493467330932	0.5825918
AASDH-203	AASDH	known	15	0.2684960067272186	0.40991753
PLEKHJ1-206	PLEKHJ1	known	17	0.2577888667583465	0.34434566
ABR-228	ABR	known	42	0.4611013829708099	0.6964103
EHHADH-201	EHHADH	known	16	0.3904096484184265	0.6250888
STX2-208	STX2	known	43	0.4771261215209961	0.62714165
PMPCA-205	PMPCA	known	19	0.2414957731962204	0.3960038
LINC00632-212	LINC00632	known	2	0.2144282460212707	0.3206688
TNK1-201	TNK1	known	31	0.2463398724794387	0.49824268
TSGA10-201	TSGA10	known	3	0.2568188011646271	0.38233545
CFH-204	CFH	known	24	0.412501573562622	0.6477749
transcript116300.chr8.nic	EYA1	nic	1	0.3051281869411468	0.44783545
ARMC10-209	ARMC10	known	29	0.1977307945489883	0.30931398
NSUN5-202	NSUN5	known	9	0.53461092710495	0.55663633
MGRN1-202	MGRN1	known	29	0.3799757361412048	0.59252876
TRIM7-202	TRIM7	known	29	0.1700632274150848	0.3985943
GART-214	GART	known	16	0.3287263512611389	0.529317
TNPO1-216	TNPO1	known	7	0.4671023488044739	0.59270287
SGIP1-231	SGIP1	known	28	0.3162864446640014	0.47190636
CRY2-211	CRY2	known	1	0.3250589370727539	0.43519697
PCSK6-202	PCSK6	known	19	0.605590283870697	0.699075
ZDHHC4-207	ZDHHC4	known	29	0.1894704550504684	0.3491437
transcript50794.chr1.nnic	HMGN2	nnic	14	0.2152968198060989	0.3050452
POLR3A-204	POLR3A	known	9	0.2405168563127517	0.30014402
CCDC180-205	CCDC180	known	44	0.2917682230472564	0.38782907
ENST00000675162	ENSG00000291178	known	9	0.338740199804306	0.40300187
RPL15-214	RPL15	known	6	0.7168283462524414	0.9205855
EPS15-214	EPS15	known	28	0.3019118905067444	0.41658673
GGCX-201	GGCX	known	39	0.2789731919765472	0.3053496
CDK1-203	CDK1	known	4	0.3777554631233215	0.6373974
MRM2-201	MRM2	known	9	0.5993019938468933	0.71228904
RPS24-203	RPS24	known	5	0.8510720133781433	0.93442297
transcript115017.chr11.nic	KLHL35	nic	29	0.2321877777576446	0.4359166
HEXA-219	HEXA	known	25	0.322944313287735	0.32707626
MLST8-226	MLST8	known	8	0.2476090341806411	0.30576047
CASK-201	CASK	known	15	0.2608069479465484	0.38314146
COL9A1-203	COL9A1	known	40	0.3341688811779022	0.5691467
CACNA2D3-202	CACNA2D3	known	12	0.3303534686565399	0.72448874
CRHR1-219	CRHR1	known	14	0.4344871342182159	0.65103877
FAM91A1-207	FAM91A1	known	2	0.3027545213699341	0.50440866
TJP2-208	TJP2	known	35	0.2732229828834533	0.41837543
transcript25919.chr18.nnic	GREB1L	nnic	2	0.2804780006408691	0.44140744
DNAJC6-201	DNAJC6	known	43	0.2163918912410736	0.34950575
EIF4G3-201	EIF4G3	known	6	0.4227187633514404	0.56108516
ZNF551-201	ZNF551	known	2	0.2249542027711868	0.5215538
PPP2R1A-212	PPP2R1A	known	32	0.4105572998523712	0.48959613
transcript111404.chr14.nnic	GSKIP	nnic	30	0.2596753239631653	0.3479221
ADORA1-204	ADORA1	known	14	0.5141788721084595	0.7422224
ARID4A-206	ARID4A	known	2	0.3253367841243744	0.52231914
SYMPK-212	SYMPK	known	8	0.3369648456573486	0.3901888
AIF1-202	AIF1	known	24	0.3319479823112488	0.4571658
transcript107115.chr19.nic	SAMD4B	nic	10	0.2707656025886535	0.39165694
SP110-213	SP110	known	2	0.1916300505399704	0.37312943
TPM3-207	TPM3	known	41	0.233389213681221	0.43973786
KLHDC4-217	KLHDC4	known	8	0.2974730432033539	0.35429722
RPF2-203	RPF2	known	10	0.3989761769771576	0.6844245
PSMD13-203	PSMD13	known	25	0.532341480255127	0.5848421
BCL6-201	BCL6	known	2	0.302659660577774	0.417417
CHI3L2-202	CHI3L2	known	16	0.2435725778341293	0.31834418
DTWD1-201	DTWD1	known	9	0.3203522264957428	0.33441418
EHD1-209	EHD1	known	27	0.2899820208549499	0.40929613
CD200-205	CD200	known	35	0.2683025598526001	0.45020622
transcript223963.chr1.nnic	FMO5	nnic	16	0.3554000854492187	0.46133575
transcript66137.chr17.nnic	PSMB3	nnic	25	0.328439861536026	0.3452426
ZNF83-202	ZNF83	known	2	0.1302812844514846	0.50610447
ABCA8-206	ABCA8	known	11	0.1893926709890365	0.3034037
GNB3-201	GNB3	known	14	0.24603071808815	0.37841612
transcript34062.chr19.nic	WIZ	nic	2	0.1596849858760833	0.38599792
ATG13-231	ATG13	known	27	0.4284094572067261	0.48138905
RPL23-203	RPL23	known	5	0.7395345568656921	0.8091241
TMEM67-242	TMEM67	known	43	0.3179085254669189	0.3880698
ZNF646-202	ZNF646	known	2	0.2179320454597473	0.50472915
SLC7A1-201	SLC7A1	known	11	0.459056556224823	0.66459215
NIM1K-204	NIM1K	known	31	0.3094668090343475	0.65344435
MYCBP2-207	MYCBP2	known	36	0.2837423384189605	0.37513357
transcript40152.chr1.nnic	EIF4G3	nnic	6	0.3050092756748199	0.38447112
HNRNPH1-203	HNRNPH1	known	8	0.6582575440406799	0.7168697
MEIS2-210	MEIS2	known	2	0.33368581533432	0.617677
LRFN5-201	LRFN5	known	36	0.2402812242507934	0.3634273
RADX-204	RADX	known	1	0.3567627668380737	0.57548326
EZH1-205	EZH1	known	2	0.2770348191261291	0.49469337
B3GALNT1-227	B3GALNT1	known	20	0.6705643534660339	0.7640377
YARS2-201	YARS2	known	6	0.5283311009407043	0.6514803
SHTN1-204	SHTN1	known	36	0.5097189545631409	0.68154347
KDM8-201	KDM8	known	4	0.236669048666954	0.37967572
DDX20-205	DDX20	known	1	0.3172314465045929	0.49776095
transcript331585.chr1.nic	JMJD4	nic	9	0.2184334248304367	0.32472953
CSAD-203	CSAD	known	16	0.3321397304534912	0.49483746
PRPF39-207	PRPF39	known	8	0.559268057346344	0.66231745
ERBB3-225	ERBB3	known	31	0.4527907967567444	0.6114952
TYK2-234	TYK2	known	2	0.209727257490158	0.3341274
TMC6-213	TMC6	known	11	0.2983108758926391	0.4650001
POC1B-201	POC1B	known	44	0.2819207608699798	0.46275124
SYT2-202	SYT2	known	13	0.4327171444892883	0.6032162
VPS41-202	VPS41	known	43	0.3165422081947326	0.49468327
SLC9A8-202	SLC9A8	known	11	0.5784785747528076	0.86461526
AMMECR1L-203	AMMECR1L	known	2	0.2233349531888961	0.33236685
NDOR1-206	NDOR1	known	16	0.274563193321228	0.3915322
PNMA1-201	PNMA1	known	30	0.1890696734189987	0.30935222
USP10-219	USP10	known	29	0.2837318480014801	0.5701608
ALDOC-203	ALDOC	known	25	0.6229878067970276	0.7102431
PDLIM5-221	PDLIM5	known	36	0.2783578932285309	0.4352374
ZNF18-202	ZNF18	known	2	0.1645257771015167	0.4809599
NAAA-203	NAAA	known	25	0.3310471475124359	0.3594186
ZNF331-223	ZNF331	known	2	0.1683529615402221	0.6164775
CSPP1-217	CSPP1	known	44	0.2184873521327972	0.33529752
NAT10-205	NAT10	known	9	0.3711013495922088	0.5078004
MSL3-221	MSL3	known	2	0.3589588701725006	0.5569619
PIGK-203	PIGK	known	19	0.2578192353248596	0.3044396
CEP44-202	CEP44	known	44	0.2848320603370666	0.4484037
ZNF415-207	ZNF415	known	2	0.177993357181549	0.53900844
COA1-204	COA1	known	18	0.2097031772136688	0.38052493
EIF4G1-222	EIF4G1	known	10	0.4343895018100738	0.56792486
DUSP10-202	DUSP10	known	32	0.5042544007301331	0.6600547
COPS4-209	COPS4	known	29	0.3974730372428894	0.60661685
ATP2B1-204	ATP2B1	known	15	0.2727526426315307	0.38000816
PSRC1-205	PSRC1	known	44	0.2292300164699554	0.3653925
transcript368011.chr2.nic	PIKFYVE	nic	17	0.3248002827167511	0.3930659
SLC35A3-208	SLC35A3	known	11	0.2867890298366546	0.4956233
KLF4-201	KLF4	known	2	0.3420566320419311	0.49547356
transcript33898.chr18.nic	B4GALT6	nic	20	0.3405654430389404	0.4144427
transcript54116.chr8.nnic	PDGFRL	nnic	35	0.3065816462039947	0.4652393
CPNE8-201	CPNE8	known	25	0.446309357881546	0.45776755
EPG5-202	EPG5	known	9	0.2454797476530075	0.36762345
PHF3-202	PHF3	known	2	0.2888234853744507	0.48358145
PHIP-207	PHIP	known	2	0.2954236567020416	0.6075021
FBXO44-206	FBXO44	known	29	0.3409489095211029	0.53975624
SLC7A3-201	SLC7A3	known	11	0.4543793201446533	0.65990317
CMAS-201	CMAS	known	16	0.2311559915542602	0.3753079
transcript17723.chr19.nic	ADAMTS10	nic	40	0.2605736553668976	0.422193
TRAPPC10-204	TRAPPC10	known	43	0.2317978292703628	0.31431103
KIDINS220-208	KIDINS220	known	31	0.3667063415050506	0.50398606
NRXN3-210	NRXN3	known	13	0.4545784890651703	0.64201605
PRKAG2-209	PRKAG2	known	43	0.2816181480884552	0.3954351
SESN2-201	SESN2	known	22	0.4022693634033203	0.5808013
CDK16-202	CDK16	known	27	0.2785972952842712	0.5186324
transcript252876.chr1.nic	UCK2	nic	9	0.1921460479497909	0.31517902
PIGV-207	PIGV	known	17	0.3664554059505462	0.4927236
MED13L-229	MED13L	known	2	0.2638438940048218	0.37997025
BCAT1-205	BCAT1	known	16	0.3684599697589874	0.5138019
transcript16266.chr10.nic	AKR1C3	nic	16	0.363436609506607	0.51534754
ANAPC10-209	ANAPC10	known	29	0.375553160905838	0.6032096
SHANK3-201	SHANK3	known	36	0.3337318301200866	0.4240745
LRRFIP2-212	LRRFIP2	known	44	0.1912529617547989	0.32295668
transcript200430.chr6.nnic	SASH1	nnic	44	0.236747607588768	0.3233987
MTMR14-202	MTMR14	known	17	0.683308482170105	0.76968765
transcript20716.chr14.nic	PRORP	nic	9	0.3591395318508148	0.43705064
IFIH1-206	IFIH1	known	23	0.3766573071479797	0.550977
NCAPG-201	NCAPG	known	1	0.2769101858139038	0.45114845
SRBD1-201	SRBD1	known	9	0.3444462716579437	0.54073155
NFIC-201	NFIC	known	2	0.273609310388565	0.46996918
MYH10-214	MYH10	known	29	0.1883971542119979	0.3015964
SHISA2-201	SHISA2	known	34	0.1780910193920135	0.33070636
RSPO3-201	RSPO3	known	34	0.2404905557632446	0.45417547
PLXNA2-201	PLXNA2	known	36	0.6223329901695251	0.7431177
UVRAG-201	UVRAG	known	44	0.3368066251277923	0.4417656
LARS1-230	LARS1	known	6	0.3965464830398559	0.47815618
AGER-211	AGER	known	24	0.4024262130260467	0.5495115
PRKCZ-202	PRKCZ	known	39	0.3989137709140777	0.6426846
PHKG2-204	PHKG2	known	8	0.1798654645681381	0.5243317
CAMK2D-234	CAMK2D	known	12	0.2933763563632965	0.6734284
transcript25029.chr7.nnic	AGMO	nnic	16	0.2886321544647217	0.3555464
MFAP1-201	MFAP1	known	8	0.4818986356258392	0.55405736
ICAM3-211	ICAM3	known	24	0.2861356735229492	0.4203271
B3GNT5-202	B3GNT5	known	20	0.6806838512420654	0.7521582
ADAM15-208	ADAM15	known	40	0.2979504764080047	0.37722224
INTS11-214	INTS11	known	9	0.3004446029663086	0.5344765
RDH13-223	RDH13	known	16	0.3722352087497711	0.51166874
USP48-213	USP48	known	29	0.2623016238212585	0.5835699
MAP7D1-203	MAP7D1	known	44	0.2136173844337463	0.3701881
PFKM-222	PFKM	known	15	0.7063538432121277	0.8699509
TMEM230-206	TMEM230	known	43	0.2357660979032516	0.31672475
HNRNPC-207	HNRNPC	known	8	0.4829736649990082	0.53680784
transcript40236.chr8.nnic	PINX1	nnic	29	0.2402974367141723	0.32338765
ARAP1-209	ARAP1	known	42	0.365566998720169	0.52049696
FN3K-205	FN3K	known	16	0.269307404756546	0.34524938
RBFOX1-202	RBFOX1	known	8	0.4659624993801117	0.599965
SNX27-218	SNX27	known	42	0.2324327230453491	0.30989498
transcript172150.chr8.nic	SNTB1	nic	13	0.2484152615070343	0.3358875
CACNB4-250	CACNB4	known	12	0.44352588057518	0.7263656
LRPPRC-250	LRPPRC	known	44	0.2773508429527282	0.3826589
ENPP4-201	ENPP4	known	16	0.3190115988254547	0.40824443
TBL1X-208	TBL1X	known	29	0.3773389458656311	0.51262677
DOCK4-208	DOCK4	known	44	0.2629671990871429	0.3786138
MTCH2-204	MTCH2	known	11	0.290194034576416	0.45108193
EIF3I-202	EIF3I	known	8	0.3399678170681	0.4911386
GLMN-201	GLMN	known	27	0.2856979072093963	0.3796489
ACTN2-216	ACTN2	known	41	0.4284934103488922	0.5983479
PTS-207	PTS	known	15	0.2403457313776016	0.32763326
TOM1L2-202	TOM1L2	known	25	0.2639101147651672	0.40154305
MAN2C1-216	MAN2C1	known	16	0.2591268420219421	0.42643175
PDP1-202	PDP1	known	9	0.2200223952531814	0.5913848
FHL1-205	FHL1	known	4	0.325311928987503	0.5047204
DENND2A-208	DENND2A	known	42	0.2445636242628097	0.33854187
GOSR1-205	GOSR1	known	43	0.4710730314254761	0.6038148
FAM78B-202	FAM78B	known	2	0.1821406632661819	0.33079392
NFE2L2-217	NFE2L2	known	18	0.4921623766422272	0.5840764
EPB41-231	EPB41	known	43	0.2397672832012176	0.3212164
ZBTB3-201	ZBTB3	known	2	0.220688134431839	0.4851056
transcript194635.chr6.nic	PEX3	nic	18	0.2227136194705963	0.3014913
COL6A2-202	COL6A2	known	40	0.4291026592254638	0.7172038
CMKLR1-204	CMKLR1	known	14	0.3573430478572845	0.6050012
GOLGB1-220	GOLGB1	known	43	0.2584602236747741	0.34927768
OSBPL10-203	OSBPL10	known	16	0.3434410095214844	0.59706885
ZSWIM6-201	ZSWIM6	known	29	0.2394245117902755	0.41261673
MARK2-202	MARK2	known	44	0.3883567154407501	0.62796324
GATM-207	GATM	known	16	0.2621863782405853	0.41593662
JAKMIP2-201	JAKMIP2	known	44	0.1835064888000488	0.3027847
ARHGAP11A-208	ARHGAP11A	known	42	0.4449406266212463	0.71417767
RUNX1T1-226	RUNX1T1	known	2	0.2410872280597686	0.37301344
transcript26098.chr22.nic	EMID1	nic	40	0.2183781862258911	0.3513318
YY1AP1-205	YY1AP1	known	2	0.2422196567058563	0.4154629
MAP4K3-205	MAP4K3	known	31	0.523740291595459	0.70755124
SIAE-201	SIAE	known	20	0.2910499572753906	0.3740395
GAS8-203	GAS8	known	44	0.2860718369483948	0.45333505
STIM1-216	STIM1	known	12	0.4655066430568695	0.63315743
EXD2-203	EXD2	known	9	0.2937305271625519	0.43631935
transcript34367.chr6.nnic	ZSCAN31	nnic	2	0.1849050670862198	0.5825039
CCDC122-201	CCDC122	known	44	0.3421006798744201	0.48498312
KIF18A-201	KIF18A	known	44	0.4324151277542114	0.6795405
SLC1A2-223	SLC1A2	known	11	0.5845803618431091	0.8345
GSTM3-202	GSTM3	known	16	0.3297038674354553	0.5093781
PRKAG1-202	PRKAG1	known	3	0.2038693279027938	0.30694914
TRIM45-203	TRIM45	known	29	0.2324290722608566	0.3544628
SYNE2-215	SYNE2	known	44	0.3064070641994476	0.47825232
ZNF800-201	ZNF800	known	2	0.2338785231113433	0.47248584
transcript20855.chr21.nnic	BACH1	nnic	1	0.2479212433099746	0.35446602
IFNAR1-207	IFNAR1	known	23	0.283166766166687	0.46202493
NUP214-231	NUP214	known	7	0.7029919624328613	0.8190095
MTHFR-211	MTHFR	known	15	0.2525018751621246	0.36931142
FBXW7-205	FBXW7	known	3	0.2547284960746765	0.30514097
BDP1-205	BDP1	known	3	0.2120826989412307	0.30656546
NUDT22-202	NUDT22	known	20	0.2816957533359527	0.32461628
C1S-221	C1S	known	19	0.5758469700813293	0.7265908
ZMYND8-217	ZMYND8	known	2	0.3511304259300232	0.6325086
MTPAP-201	MTPAP	known	9	0.3432611525058746	0.55694926
ARIH2-205	ARIH2	known	29	0.3919313549995422	0.6090749
NCL-207	NCL	known	10	0.4039697051048279	0.5040992
PIGA-211	PIGA	known	20	0.287686288356781	0.43038025
KCNJ13-201	KCNJ13	known	11	0.3319619297981262	0.71659595
DLC1-201	DLC1	known	32	0.3017266392707824	0.40990394
SETD4-217	SETD4	known	4	0.1947837471961975	0.32983598
SMAD4-212	SMAD4	known	2	0.3406168222427368	0.47377044
MCPH1-201	MCPH1	known	1	0.4169843196868896	0.55555665
CNOT4-212	CNOT4	known	4	0.3753211200237274	0.551041
EPB41L3-203	EPB41L3	known	26	0.2901700437068939	0.44908586
HELLS-203	HELLS	known	1	0.3874682784080505	0.60717326
PPIE-212	PPIE	known	8	0.3243325650691986	0.36446878
USP43-201	USP43	known	29	0.3062167167663574	0.5647489
PCF11-203	PCF11	known	8	0.3738088607788086	0.4036944
transcript168434.chr10.nic	FRA10AC1	nic	2	0.2080986350774765	0.38466284
ZMIZ2-210	ZMIZ2	known	2	0.2715230286121368	0.45678148
ERG28-201	ERG28	known	16	0.2055063545703888	0.34252292
FH-202	FH	known	16	0.3332679271697998	0.577239
SYCE1-202	SYCE1	known	44	0.3284735679626465	0.4345952
NUP214-234	NUP214	known	7	0.694118857383728	0.8071003
SSH3-210	SSH3	known	32	0.3114709556102752	0.41109243
MSL3-244	MSL3	known	1	0.3013582825660705	0.43251556
BTN3A3-207	BTN3A3	known	24	0.2639595568180084	0.41277304
SMAP1-203	SMAP1	known	5	0.2281649857759475	0.42069238
transcript60126.chr18.nnic	ATP8B1	nnic	25	0.272875964641571	0.3588252
SPOUT1-202	SPOUT1	known	10	0.2458909749984741	0.43701482
SPTAN1-235	SPTAN1	known	36	0.408361405134201	0.6312803
PUF60-202	PUF60	known	8	0.5653827786445618	0.61349237
KDM5A-201	KDM5A	known	2	0.3079087734222412	0.5368768
TRAFD1-201	TRAFD1	known	29	0.2624640166759491	0.3870982
ZNF236-204	ZNF236	known	2	0.2362647950649261	0.5317143
ERCC8-220	ERCC8	known	29	0.328744888305664	0.5412183
INIP-203	INIP	known	2	0.2545749247074127	0.35319865
ZNF43-207	ZNF43	known	2	0.1670277565717697	0.5065836
TPP1-204	TPP1	known	16	0.2806987166404724	0.40263224
PLXNB3-201	PLXNB3	known	36	0.5851436853408813	0.7127359
BID-201	BID	known	27	0.4131857752799988	0.4738
PLA2G6-231	PLA2G6	known	17	0.4576377272605896	0.5957341
CDK5RAP2-201	CDK5RAP2	known	44	0.4928874671459198	0.580654
KANK1-211	KANK1	known	41	0.4234921336174011	0.5347057
ICOSLG-204	ICOSLG	known	24	0.4964520633220672	0.69440955
KIFBP-216	KIFBP	known	5	0.2868304550647735	0.36529228
ZNF506-211	ZNF506	known	2	0.1448964029550552	0.5535156
transcript5357.chr20.nnic	FASTKD5	nnic	6	0.3883202373981476	0.43126693
MTHFR-205	MTHFR	known	16	0.2642476260662079	0.4150198
CACNA1A-227	CACNA1A	known	2	0.2324704229831695	0.39382187
transcript227091.chr7.nic	EZH2	nic	8	0.2218819111585617	0.30471823
DNAJC21-204	DNAJC21	known	8	0.2625403106212616	0.3335891
WDR45-239	WDR45	known	22	0.3832791745662689	0.64335555
DNAJA3-201	DNAJA3	known	6	0.212251678109169	0.3392174
SLCO1C1-201	SLCO1C1	known	11	0.3991823196411133	0.68259466
DNAJC7-233	DNAJC7	known	5	0.2886419594287872	0.39977765
TRIM9-202	TRIM9	known	29	0.2348753660917282	0.40590763
GRM7-214	GRM7	known	14	0.4675319194793701	0.6445806
C5AR2-201	C5AR2	known	14	0.3704042434692383	0.6279973
GLUL-204	GLUL	known	16	0.3373993337154388	0.5755966
OSBP2-202	OSBP2	known	16	0.26823490858078	0.5410801
transcript230311.chr1.nnic	ARNT	nnic	33	0.3360783457756042	0.57027274
DNAI4-203	DNAI4	known	44	0.3632917404174804	0.48984614
ELP2-205	ELP2	known	9	0.2013418227434158	0.3456572
LIMS1-202	LIMS1	known	2	0.2114272117614746	0.3548202
LDLRAP1-207	LDLRAP1	known	42	0.2921991646289825	0.39177585
ARL2-201	ARL2	known	27	0.3885295987129211	0.45046502
ACO2-213	ACO2	known	15	0.3564389050006866	0.49879307
USP14-202	USP14	known	29	0.3441269397735595	0.7246591
CIZ1-224	CIZ1	known	2	0.2268601357936859	0.38473323
transcript45293.chr17.nic	MYO18A	nic	43	0.2515026330947876	0.35715115
VRK3-210	VRK3	known	1	0.2464056760072708	0.35682797
AREL1-209	AREL1	known	29	0.3728795647621155	0.6286646
DNAJC18-201	DNAJC18	known	19	0.1815255284309387	0.3006248
transcript226931.chr3.nnic	PLXND1	nnic	42	0.2327170372009277	0.35034066
GOLGA1-204	GOLGA1	known	44	0.2714219987392425	0.3666021
MIB1-201	MIB1	known	29	0.336724579334259	0.5312916
FOXP1-227	FOXP1	known	2	0.3144333362579345	0.61797285
C18orf25-203	C18orf25	known	1	0.2441545724868774	0.3331171
ZNF559-202	ZNF559	known	2	0.1739265024662017	0.5471176
ST3GAL3-278	ST3GAL3	known	20	0.7323372960090637	0.7871624
CERKL-206	CERKL	known	17	0.2909387350082397	0.41212338
DNMT3A-205	DNMT3A	known	2	0.3082944452762604	0.43597442
ESR2-213	ESR2	known	2	0.3524079918861389	0.65904725
MSX1-201	MSX1	known	2	0.2775658071041107	0.54294974
ENST00000687441	ENSG00000291100	known	35	0.2376961559057235	0.3235613
U2AF2-202	U2AF2	known	8	0.6985438466072083	0.7652091
CYP2E1-202	CYP2E1	known	16	0.3726468384265899	0.54462236
CHAMP1-201	CHAMP1	known	2	0.2457640767097473	0.33822927
METTL21A-210	METTL21A	known	9	0.2887860536575317	0.32922798
LZTR1-208	LZTR1	known	29	0.1698256582021713	0.31897128
SRSF5-208	SRSF5	known	8	0.4851431846618652	0.5558372
WWC1-213	WWC1	known	44	0.2088709473609924	0.32493374
CERNA1-201	CERNA1	known	17	0.4208382368087768	0.5182086
SART3-217	SART3	known	8	0.5022169947624207	0.56800365
MRPL45P2-201	MRPL45P2	known	6	0.5055959820747375	0.5784627
TDRKH-203	TDRKH	known	3	0.3201644420623779	0.36548793
transcript9121.chr11.nic	TRIM21	nic	23	0.3510744571685791	0.6090318
RAP1GAP2-203	RAP1GAP2	known	42	0.3412387073040008	0.4880371
ABLIM2-216	ABLIM2	known	44	0.1943635195493698	0.3751754
TF-201	TF	known	25	0.4423483610153198	0.46271557
PAK3-203	PAK3	known	31	0.533747136592865	0.7703608
DMPK-214	DMPK	known	12	0.2940433323383331	0.5091054
TCF4-201	TCF4	known	2	0.3278229236602783	0.637781
RPRD1A-204	RPRD1A	known	44	0.2346739768981933	0.34070233
transcript5154.chr14.nic	KHNYN	nic	9	0.224367618560791	0.3337642
HDLBP-204	HDLBP	known	10	0.2229448854923248	0.37949377
MDM4-209	MDM4	known	4	0.3967969715595245	0.5573378
MINDY3-201	MINDY3	known	19	0.186207965016365	0.37095156
transcript149708.chr8.nnic	NCALD	nnic	12	0.2620869278907776	0.3704266
FOXN3-202	FOXN3	known	2	0.3179905712604522	0.56027335
PTPRJ-202	PTPRJ	known	25	0.427765429019928	0.5298005
CDCA7-201	CDCA7	known	2	0.2687637507915497	0.3829041
ANKRD9-204	ANKRD9	known	29	0.2172540873289108	0.47118703
LAMB1-220	LAMB1	known	35	0.3839430212974548	0.53841937
TRIM32-203	TRIM32	known	29	0.4041152000427246	0.53730255
DNA2-201	DNA2	known	1	0.4042288064956665	0.6272772
JCAD-201	JCAD	known	38	0.2641634345054626	0.38895497
HEXD-201	HEXD	known	20	0.3475841581821441	0.45157003
AP1G1-202	AP1G1	known	43	0.3079569637775421	0.51219285
TUBA1C-202	TUBA1C	known	25	0.2531917989253998	0.34019566
XBP1-201	XBP1	known	27	0.4312746822834015	0.5120853
FAM3A-215	FAM3A	known	20	0.3103440105915069	0.3266512
PSMC3-212	PSMC3	known	29	0.3745785355567932	0.5356011
HNRNPA2B1-234	HNRNPA2B1	known	8	0.3824037313461303	0.42948318
SPHK2-201	SPHK2	known	17	0.4458690285682678	0.590235
SLIT2-202	SLIT2	known	36	0.5513006448745728	0.6090315
SGSM2-204	SGSM2	known	42	0.3184525966644287	0.4996973
DSE-216	DSE	known	20	0.4567099809646606	0.51675254
CLN3-257	CLN3	known	11	0.3374634385108948	0.4583246
SLC27A2-201	SLC27A2	known	16	0.4613224864006042	0.62435496
ANKRD12-205	ANKRD12	known	2	0.2397245168685913	0.32771236
HNRNPA1-205	HNRNPA1	known	8	0.3416593968868255	0.44568405
SEMA6A-201	SEMA6A	known	36	0.6187900304794312	0.8362589
GPS2-201	GPS2	known	31	0.3245872855186462	0.42619675
transcript225674.chr2.nnic	TGFBRAP1	nnic	43	0.3140744268894195	0.44147295
TRIM2-211	TRIM2	known	29	0.285216212272644	0.60446864
ITGAV-219	ITGAV	known	35	0.310245931148529	0.48358154
IGSF10-201	IGSF10	known	35	0.1853798329830169	0.34922242
OPHN1-213	OPHN1	known	42	0.43642058968544	0.6590312
AMBRA1-201	AMBRA1	known	29	0.3874248266220093	0.50698364
SEPTIN2-203	SEPTIN2	known	44	0.4073536694049835	0.6780234
HECTD4-215	HECTD4	known	29	0.2257434874773025	0.3686201
YTHDF3-214	YTHDF3	known	10	0.3601462244987488	0.5784293
DYNC1I2-204	DYNC1I2	known	44	0.3183304667472839	0.46922666
PRRC2B-206	PRRC2B	known	10	0.1833511143922805	0.31551695
BCAP29-201	BCAP29	known	18	0.2368197590112686	0.38240504
UCHL5-206	UCHL5	known	29	0.4412704110145569	0.71119434
SETDB2-201	SETDB2	known	2	0.3592361807823181	0.5703517
LRRC14-205	LRRC14	known	9	0.1836530715227127	0.34097776
NABP2-202	NABP2	known	1	0.4165078997611999	0.594699
RHCG-201	RHCG	known	11	0.3883190155029297	0.66364634
RFFL-212	RFFL	known	29	0.4013169705867767	0.5644833
PPP2R1B-201	PPP2R1B	known	32	0.3963532745838165	0.5079998
TWF1-207	TWF1	known	41	0.4245234429836273	0.53237534
PAK6-201	PAK6	known	31	0.4400668144226074	0.7026187
AKAP11-201	AKAP11	known	44	0.2596718966960907	0.34921905
CAV1-202	CAV1	known	12	0.4741649329662323	0.5653511
ODF2-210	ODF2	known	44	0.1987120807170868	0.34563577
DYNC2LI1-201	DYNC2LI1	known	44	0.4567049145698547	0.60882795
BABAM1-208	BABAM1	known	1	0.3823621869087219	0.5981661
transcript16148.chr10.nnic	AKR1E2	nnic	16	0.2278086841106414	0.31570333
transcript172134.chr12.nnic	PXN	nnic	28	0.2018335610628128	0.30837888
IFT172-223	IFT172	known	44	0.3830327689647674	0.56732315
TP53BP2-202	TP53BP2	known	41	0.2694458365440368	0.36713418
ST3GAL1-210	ST3GAL1	known	20	0.6819117069244385	0.7368275
BAIAP2L2-201	BAIAP2L2	known	41	0.2510694563388824	0.32493895
KLHL29-204	KLHL29	known	2	0.2273559272289276	0.33076787
STAC2-201	STAC2	known	42	0.2182289361953735	0.33626825
ARL6IP4-218	ARL6IP4	known	8	0.2712874114513397	0.33315143
transcript326096.chr1.nic	EPHX1	nic	16	0.2799100279808044	0.34863102
PTPN7-201	PTPN7	known	32	0.2890407145023346	0.6264615
RIOK2-201	RIOK2	known	10	0.3137116730213165	0.3982788
PLEKHA5-223	PLEKHA5	known	44	0.1729219555854797	0.3113392
PTPRT-204	PTPRT	known	35	0.4080776572227478	0.52470386
CACNB4-246	CACNB4	known	12	0.4047183990478515	0.6514498
HSP90AB1-201	HSP90AB1	known	10	0.2967067062854767	0.3799614
transcript235161.chr2.nic	CHCHD5	nic	15	0.1532334685325622	0.30226025
transcript59864.chr14.nnic	WDR89	nnic	8	0.2238800078630447	0.36716217
KCTD5-201	KCTD5	known	29	0.2945729196071625	0.49027863
ZSCAN9-204	ZSCAN9	known	3	0.1171446815133094	0.34790432
TSFM-212	TSFM	known	6	0.5014750957489014	0.57261
PTPRD-206	PTPRD	known	36	0.4419688880443573	0.58178586
ARL6IP4-211	ARL6IP4	known	8	0.2803284525871277	0.3334604
RAB34-201	RAB34	known	43	0.358939379453659	0.5247933
AK2-221	AK2	known	15	0.3493059575557709	0.5585864
ERMN-201	ERMN	known	41	0.2924720644950866	0.48042688
transcript246995.chr2.nic	STEAP3	nic	11	0.2441271394491195	0.42526335
MAP2K1-201	MAP2K1	known	31	0.5577049851417542	0.80648834
RFX3-204	RFX3	known	2	0.3445813655853271	0.48760515
LARS1-228	LARS1	known	6	0.5322750210762024	0.6657897
ANAPC5-218	ANAPC5	known	4	0.3147797882556915	0.4462059
ST8SIA5-201	ST8SIA5	known	20	0.6870231032371521	0.7802544
FOXN3-201	FOXN3	known	2	0.3179905712604522	0.56027335
TOGARAM1-202	TOGARAM1	known	44	0.3439690172672272	0.4745736
MYT1L-243	MYT1L	known	8	0.2428727746009826	0.3442414
PSMD2-201	PSMD2	known	25	0.5491201877593994	0.5883559
transcript97119.chr1.nic	ELAVL4	nic	8	0.4235712587833404	0.5381433
transcript44024.chr20.nnic	CPNE1	nnic	25	0.4255792796611786	0.46299824
CYP2D6-204	CYP2D6	known	16	0.3605912327766418	0.53342354
ZNF839-203	ZNF839	known	2	0.213034376502037	0.45337072
TRIO-218	TRIO	known	42	0.3745906949043274	0.48139986
ATXN7L3-202	ATXN7L3	known	2	0.2560215890407562	0.3706245
TTC3-204	TTC3	known	29	0.2545829117298126	0.515973
FAM91A1-201	FAM91A1	known	2	0.2705563008785248	0.45533705
FGF7-201	FGF7	known	17	0.7030022144317627	0.74763787
FDX2-202	FDX2	known	15	0.1849657148122787	0.30679682
TMEFF2-202	TMEFF2	known	38	0.3032644093036651	0.45439115
GORASP1-241	GORASP1	known	43	0.23862886428833	0.31932896
HHATL-201	HHATL	known	16	0.2591368854045868	0.32167327
GMPR2-216	GMPR2	known	15	0.3596745729446411	0.65728104
SPECC1-244	SPECC1	known	44	0.274724543094635	0.46159285
COBLL1-220	COBLL1	known	41	0.3716345429420471	0.46406022
transcript24618.chr4.nnic	WDR1	nnic	41	0.4739672541618347	0.56151277
EDEM2-202	EDEM2	known	18	0.4967675507068634	0.6287847
FOXP2-226	FOXP2	known	2	0.3412477374076843	0.5659721
AIMP1-213	AIMP1	known	6	0.3808710873126983	0.44679108
RPS9-203	RPS9	known	6	0.6596106886863708	0.87243617
DVL3-207	DVL3	known	34	0.3329406082630157	0.53024435
FBXO36-201	FBXO36	known	29	0.210865169763565	0.40975708
DDX47-202	DDX47	known	8	0.4700298011302948	0.6591257
PTGES2-211	PTGES2	known	16	0.2144875675439834	0.35412732
BPNT1-205	BPNT1	known	15	0.4046309888362884	0.64330333
SYNPO-201	SYNPO	known	41	0.3570714890956878	0.47350496
ALG10-201	ALG10	known	20	0.4475532472133636	0.5329336
DNAJC11-221	DNAJC11	known	18	0.2528939843177795	0.3737595
DOCK9-201	DOCK9	known	39	0.3613499104976654	0.39534214
NAV3-202	NAV3	known	41	0.281425416469574	0.42160082
STAB1-201	STAB1	known	40	0.3554414212703705	0.5018204
ASH1L-208	ASH1L	known	2	0.2994539737701416	0.49365512
ACSL1-205	ACSL1	known	16	0.3370364606380462	0.4709786
FLYWCH1-211	FLYWCH1	known	2	0.1772106438875198	0.44154435
NDUFAF7-211	NDUFAF7	known	9	0.2338093072175979	0.35896
transcript225520.chr2.nnic	IL1R1	nnic	23	0.4257313013076782	0.5546592
CIBAR1-214	CIBAR1	known	44	0.3951150774955749	0.5144191
RAP1GAP2-209	RAP1GAP2	known	42	0.3353282809257507	0.47001705
MAP4-207	MAP4	known	44	0.3412913680076599	0.44585747
RRBP1-207	RRBP1	known	41	0.1938664615154266	0.31740826
LRRC49-204	LRRC49	known	44	0.351430594921112	0.5671817
UNC80-202	UNC80	known	42	0.2247581928968429	0.30995846
CEP41-236	CEP41	known	44	0.4180158376693725	0.6459724
MAEA-219	MAEA	known	29	0.276590496301651	0.38690424
FGFR1-214	FGFR1	known	17	0.7287792563438416	0.7901657
transcript197724.chr8.nnic	KIFC2	nnic	44	0.2682644724845886	0.4142661
ZSCAN32-205	ZSCAN32	known	2	0.1516638994216919	0.607985
transcript54907.chr8.nic	PDGFRL	nic	38	0.2802813947200775	0.3925496
PLEKHA8-205	PLEKHA8	known	17	0.5005896091461182	0.59875596
HEXA-247	HEXA	known	20	0.4401991367340088	0.55236804
PLCB3-201	PLCB3	known	17	0.3329449594020843	0.46917516
CDC73-201	CDC73	known	2	0.2392336577177047	0.37304407
NCAM2-201	NCAM2	known	36	0.3199189603328705	0.49973336
transcript112963.chr14.nnic	CYP46A1	nnic	16	0.302217960357666	0.4251129
STXBP1-224	STXBP1	known	43	0.3087149560451507	0.4488925
SORBS1-207	SORBS1	known	41	0.2846440076828003	0.38583666
VPS16-202	VPS16	known	43	0.3313881158828735	0.52274597
ENOX2-205	ENOX2	known	8	0.3444013297557831	0.37297106
CARF-203	CARF	known	2	0.2883448004722595	0.4551968
FIP1L1-221	FIP1L1	known	8	0.6246162056922913	0.7102183
PRMT7-201	PRMT7	known	9	0.3690557479858398	0.4174509
ZNF721-202	ZNF721	known	2	0.2023435533046722	0.48551828
ZNF415-220	ZNF415	known	2	0.1618190854787826	0.5423776
TAP2-207	TAP2	known	43	0.2573137879371643	0.43250355
CALM2-214	CALM2	known	12	0.4570286571979522	0.5628723
MEGF11-202	MEGF11	known	35	0.273978054523468	0.40408176
ZNF792-201	ZNF792	known	2	0.208165168762207	0.5728742
MIX23-207	MIX23	known	44	0.2398224174976349	0.3175196
ALDOA-202	ALDOA	known	15	0.5987144112586975	0.7636012
ZNF92-203	ZNF92	known	2	0.1448458582162857	0.4692617
FHL1-235	FHL1	known	4	0.313085526227951	0.48192415
HOXD1-201	HOXD1	known	37	0.2947962880134582	0.5680321
SNCG-202	SNCG	known	42	0.1872581243515014	0.30312744
VCP-231	VCP	known	25	0.3677815794944763	0.5189984
ZNF595-205	ZNF595	known	2	0.166916012763977	0.5724719
transcript77087.chr14.nic	DPF3	nic	2	0.3266102373600006	0.5453273
MPRIP-205	MPRIP	known	41	0.3330240845680237	0.41121253
APEX1-202	APEX1	known	1	0.3634665608406067	0.57599247
SETD3-203	SETD3	known	9	0.2171512842178344	0.36844915
BCOR-215	BCOR	known	2	0.2421535700559616	0.36769944
GAD1-202	GAD1	known	16	0.3985204994678497	0.547212
OAS2-215	OAS2	known	23	0.2986114025115967	0.46562433
JOSD2-204	JOSD2	known	19	0.2140470594167709	0.40531844
ITGA6-206	ITGA6	known	35	0.4363032281398773	0.6014498
PLXNB2-208	PLXNB2	known	42	0.3696877956390381	0.4989156
ENTPD3-201	ENTPD3	known	20	0.278136670589447	0.34205773
FNBP4-211	FNBP4	known	2	0.2545651793479919	0.3152654
GTF2I-215	GTF2I	known	2	0.2612156569957733	0.42816067
TSEN2-242	TSEN2	known	9	0.3172429800033569	0.41482764
LGALSL-201	LGALSL	known	30	0.208447128534317	0.34302807
ZBTB33-202	ZBTB33	known	2	0.2141073495149612	0.48975635
GIGYF1-201	GIGYF1	known	10	0.249348759651184	0.37534982
PCDH7-201	PCDH7	known	35	0.3733929395675659	0.67727315
LHFPL6-203	LHFPL6	known	35	0.2594877183437347	0.39032936
CLCC1-254	CLCC1	known	11	0.242046058177948	0.37230796
ITPR1-236	ITPR1	known	12	0.3770513534545898	0.68049693
PCP4L1-201	PCP4L1	known	36	0.2037264853715896	0.3028306
PLOD2-210	PLOD2	known	19	0.2984711825847626	0.35067615
COX6A1-203	COX6A1	known	15	0.3143292069435119	0.53164536
MINK1-202	MINK1	known	31	0.5600277185440063	0.7099688
GRB2-202	GRB2	known	24	0.5124566555023193	0.7135762
H2AC19-201	H2AC19	known	2	0.276543915271759	0.51896274
AHCTF1-207	AHCTF1	known	7	0.3021537363529205	0.39297944
COX11-201	COX11	known	15	0.2279099971055984	0.50958526
ENST00000689811	ENSG00000291100	known	35	0.2513442933559418	0.33344433
PKN1-201	PKN1	known	31	0.3615041971206665	0.5555437
CMPK1-201	CMPK1	known	15	0.3820148110389709	0.52820915
CYTH1-210	CYTH1	known	42	0.2726184129714966	0.37854707
transcript131397.chr17.nic	TMC8	nic	11	0.3351416289806366	0.53808624
SPG7-203	SPG7	known	6	0.2439584732055664	0.3202041
MAP3K10-201	MAP3K10	known	31	0.4986758232116699	0.6445826
WBP11-201	WBP11	known	8	0.456402063369751	0.56356484
GPR84-202	GPR84	known	14	0.4070286452770233	0.66936284
SIKE1-201	SIKE1	known	44	0.2716867625713348	0.38994294
ULK3-220	ULK3	known	22	0.2441470772027969	0.4663146
WDR7-212	WDR7	known	29	0.1212950125336647	0.32814464
EED-212	EED	known	2	0.2816943824291229	0.4475557
CAPN3-252	CAPN3	known	12	0.3740259706974029	0.46234608
IL17RD-201	IL17RD	known	23	0.3667768537998199	0.57033885
CEP63-233	CEP63	known	44	0.4379018247127533	0.5949155
SHANK2-202	SHANK2	known	36	0.4144817888736725	0.51619023
POLR3C-211	POLR3C	known	2	0.3111805319786072	0.4999207
transcript181260.chr10.nic	LDB1	nic	2	0.2363232672214508	0.3298751
UBA6-201	UBA6	known	9	0.3085959553718567	0.42533436
DNAJC27-207	DNAJC27	known	42	0.2571821808815002	0.5718199
TLK2-203	TLK2	known	29	0.2882702946662903	0.49341407
TIMM50-219	TIMM50	known	15	0.2424821257591247	0.35619593
TNS3-214	TNS3	known	32	0.2859406471252441	0.39575845
LARS1-202	LARS1	known	6	0.3965464830398559	0.47815618
PPFIA2-216	PPFIA2	known	35	0.2998585104942322	0.37505776
STIM2-206	STIM2	known	12	0.4125017821788788	0.54312354
ACAA1-203	ACAA1	known	15	0.2665735185146332	0.4370548
HNRNPA2B1-206	HNRNPA2B1	known	8	0.3357897996902466	0.3802814
MDM2-212	MDM2	known	29	0.4252975881099701	0.5722178
B3GALNT1-203	B3GALNT1	known	20	0.6705643534660339	0.7640377
ANK2-201	ANK2	known	12	0.375040054321289	0.50805014
LCORL-214	LCORL	known	2	0.205973744392395	0.45880088
RBM5-218	RBM5	known	8	0.1778029203414917	0.30129084
transcript42715.chr15.nic	DPH6	nic	9	0.3599851131439209	0.41570306
TNKS-210	TNKS	known	29	0.2767879962921142	0.3873262
TACC2-207	TACC2	known	44	0.3350476622581482	0.42911902
POLR3F-207	POLR3F	known	2	0.2038665562868118	0.31622317
WDR1-227	WDR1	known	41	0.2545458972454071	0.35456204
CRYAB-216	CRYAB	known	30	0.2721805870532989	0.41326827
CARNS1-201	CARNS1	known	16	0.2892933487892151	0.45686555
ADAM15-201	ADAM15	known	40	0.3272470533847809	0.4417716
KCNMA1-254	KCNMA1	known	11	0.4831878244876861	0.8819944
ELL2-201	ELL2	known	2	0.2767721712589264	0.39729643
TMEM147-202	TMEM147	known	19	0.3089143931865692	0.34566593
CDH12-203	CDH12	known	35	0.5871803164482117	0.75835896
KEAP1-201	KEAP1	known	29	0.3928614258766174	0.7092801
ABCB1-211	ABCB1	known	11	0.4342012703418731	0.5934823
ZNF140-202	ZNF140	known	2	0.1564462184906005	0.5643672
transcript150224.chr1.nic	LMO4	nic	37	0.2484233379364013	0.39953694
SEC31A-206	SEC31A	known	18	0.3394449055194855	0.45460016
transcript106263.chr10.nic	BICC1	nic	32	0.2562768757343292	0.36241618
INPP5F-211	INPP5F	known	17	0.6140223741531372	0.6732724
ATG16L1-206	ATG16L1	known	43	0.2859272360801697	0.36304942
UPF3A-201	UPF3A	known	8	0.4232666194438934	0.5801651
CNTN4-207	CNTN4	known	36	0.4534008502960205	0.5593367
TOP2B-209	TOP2B	known	1	0.2829887270927429	0.44031605
B4GALNT1-201	B4GALNT1	known	20	0.5075361132621765	0.56175864
transcript249050.chr1.nnic	FCGR2C	nnic	27	0.2244878709316253	0.3083884
RETSAT-201	RETSAT	known	16	0.2442901134490966	0.37740073
CD46-228	CD46	known	24	0.2788093984127044	0.45554385
MAPRE2-209	MAPRE2	known	41	0.4264304041862488	0.6115618
TRPV3-202	TRPV3	known	11	0.2556238770484924	0.40149587
TCTN1-217	TCTN1	known	44	0.3993882536888122	0.71715206
IGFBP6-201	IGFBP6	known	40	0.276265799999237	0.35084015
GCAT-202	GCAT	known	16	0.3142530024051666	0.5137661
AMFR-201	AMFR	known	18	0.519709050655365	0.7395731
PQBP1-203	PQBP1	known	8	0.5328611731529236	0.5882557
transcript101453.chr8.nic	TMEM68	nic	16	0.3320737779140472	0.39454868
TNFRSF1A-218	TNFRSF1A	known	31	0.3870163559913635	0.5943297
STIP1-201	STIP1	known	5	0.1752769351005554	0.31879434
DST-241	DST	known	44	0.3304303288459778	0.5266175
NOTCH2NLA-206	NOTCH2NLA	known	39	0.2614032924175262	0.39658046
LARS1-208	LARS1	known	6	0.5046239495277405	0.63495576
RBM43-201	RBM43	known	10	0.2256053686141967	0.33575684
RAB30-205	RAB30	known	43	0.3374573588371277	0.58911335
EIF2B1-201	EIF2B1	known	25	0.3615826368331909	0.39434743
SORBS2-245	SORBS2	known	35	0.2916857302188873	0.3885201
PUM1-201	PUM1	known	8	0.2962565422058105	0.49613127
DHX36-213	DHX36	known	1	0.3507364988327026	0.57765484
NAPB-201	NAPB	known	44	0.3350634276866913	0.4956228
TMEM42-201	TMEM42	known	11	0.1813793033361435	0.35470617
ADCK1-202	ADCK1	known	22	0.2281520664691925	0.3341095
transcript19977.chr18.nic	FAM210A	nic	6	0.3085937798023224	0.50625336
transcript143699.chr19.nnic	SYT5	nnic	13	0.3053370714187622	0.5148828
SCAMP4-201	SCAMP4	known	25	0.2563953101634979	0.3346111
RAVER1-207	RAVER1	known	8	0.3718336820602417	0.43156108
BCAN-201	BCAN	known	20	0.3706554472446441	0.45873255
BCLAF1-214	BCLAF1	known	8	0.3300746977329254	0.3908245
PRDM4-201	PRDM4	known	2	0.2797413766384125	0.45346445
HMGCR-218	HMGCR	known	16	0.2482447475194931	0.34946752
SGK1-213	SGK1	known	39	0.3533149361610412	0.5950104
FLG-201	FLG	known	19	0.1930196434259414	0.32698336
PTGR2-204	PTGR2	known	16	0.3078233897686004	0.5256955
VPS13D-219	VPS13D	known	22	0.2387380748987198	0.39745378
NPAP1-201	NPAP1	known	7	0.2831449806690216	0.3749476
ADAR-208	ADAR	known	7	0.3897058069705963	0.5336689
CCT8-201	CCT8	known	25	0.5564925670623779	0.5831708
MYO5A-221	MYO5A	known	42	0.249772235751152	0.37229246
CRELD1-240	CRELD1	known	25	0.2179886698722839	0.32912606
MAP3K7-210	MAP3K7	known	31	0.5204001069068909	0.6594132
SEPTIN8-204	SEPTIN8	known	44	0.4058878123760223	0.7008866
ZNF823-201	ZNF823	known	2	0.1648807227611541	0.55482924
ABCG1-205	ABCG1	known	11	0.3242585361003876	0.5732725
ZC3H15-201	ZC3H15	known	8	0.3485960662364959	0.49300328
TTC14-201	TTC14	known	8	0.288048654794693	0.35967356
GRIN2A-205	GRIN2A	known	11	0.3961467146873474	0.6924186
FAM171A1-201	FAM171A1	known	35	0.2430329173803329	0.37420753
transcript131729.chr16.nic	IRF8	nic	2	0.1995575726032257	0.5633087
transcript249071.chr1.nnic	FCGR2C	nnic	27	0.2244878709316253	0.3083884
DICER1-231	DICER1	known	2	0.1852267682552337	0.3593042
INTS1-201	INTS1	known	8	0.3557740449905395	0.45627418
ACSBG1-201	ACSBG1	known	15	0.6103076338768005	0.78430235
transcript47646.chr7.nic	HERPUD2	nic	18	0.3024474680423736	0.35454926
BRD1-203	BRD1	known	2	0.3574678599834442	0.61906135
PTPRC-201	PTPRC	known	38	0.4006754457950592	0.63411444
OCA2-202	OCA2	known	11	0.4628803431987762	0.70613706
FAR2-220	FAR2	known	15	0.3626090586185455	0.5181898
GLI3-205	GLI3	known	37	0.3641570508480072	0.5835134
ZNHIT1-201	ZNHIT1	known	2	0.2031517773866653	0.30723122
NEFL-202	NEFL	known	37	0.1886544376611709	0.43742895
PDZD7-204	PDZD7	known	35	0.2594772577285766	0.35907537
AIDA-201	AIDA	known	31	0.2720242142677307	0.36975485
HNRNPLL-208	HNRNPLL	known	8	0.2811510264873504	0.36578602
EEF1D-225	EEF1D	known	6	0.3540570735931396	0.44521767
ZNF408-201	ZNF408	known	2	0.2002328932285308	0.44794688
M6PR-202	M6PR	known	25	0.2745619118213653	0.35790154
MBTD1-202	MBTD1	known	2	0.2104375511407852	0.33315098
HEXD-IT1-201	HEXD-IT1	known	5	0.3155998587608337	0.35874116
PGGHG-203	PGGHG	known	20	0.3048139810562134	0.36214674
transcript26054.chr21.nic	IFNAR2	nic	23	0.2698566913604736	0.4602464
CSNK1D-203	CSNK1D	known	29	0.3488149642944336	0.56432426
CCDC88A-256	CCDC88A	known	44	0.2816154360771179	0.44622698
IQSEC1-206	IQSEC1	known	42	0.3796389698982239	0.5757567
EIF3M-208	EIF3M	known	25	0.4054211676120758	0.4299075
MCCC2-202	MCCC2	known	15	0.3341934382915497	0.58102196
ANKIB1-203	ANKIB1	known	29	0.2964657247066498	0.3906145
CBFA2T3-202	CBFA2T3	known	2	0.2347166687250137	0.39954665
PEX2-204	PEX2	known	18	0.3097953796386719	0.41667718
CNNM1-203	CNNM1	known	11	0.2020942121744156	0.30184746
CDK11A-223	CDK11A	known	8	0.2874267101287842	0.31363696
DUS3L-204	DUS3L	known	15	0.1819729655981063	0.345779
transcript81039.chr12.nnic	TSFM	nnic	6	0.3955230414867401	0.43954295
EHD4-201	EHD4	known	43	0.2554422616958618	0.36365443
transcript174701.chr5.nnic	KLHL3	nnic	29	0.3096111416816711	0.59872746
ZNF552-201	ZNF552	known	2	0.196730688214302	0.55118763
transcript64787.chr20.nnic	SLC9A8	nnic	11	0.3403904438018799	0.50953966
transcript217696.chr9.nic	FUBP3	nic	10	0.2797040641307831	0.47381964
ZNF644-201	ZNF644	known	2	0.2835452258586883	0.44190708
CNTN4-205	CNTN4	known	36	0.4585711061954498	0.63839847
transcript90315.chr4.nic	OCIAD2	nic	15	0.1941265016794204	0.37180266
transcript319159.chr3.nic	DLG1	nic	35	0.3550853431224823	0.4482862
TBK1-234	TBK1	known	24	0.3359375894069671	0.57439506
RIPOR1-214	RIPOR1	known	27	0.4179366827011108	0.44938722
IL17RC-226	IL17RC	known	23	0.3193836510181427	0.5241197
AKAP9-224	AKAP9	known	44	0.4892832338809967	0.5802711
SEMA4F-210	SEMA4F	known	36	0.6092419028282166	0.8316085
EXOSC2-211	EXOSC2	known	10	0.5168087482452393	0.65606123
LUC7L2-206	LUC7L2	known	8	0.4502546787261963	0.5141063
PPP1CA-204	PPP1CA	known	25	0.3417321443557739	0.39393076
SEPTIN9-236	SEPTIN9	known	44	0.4637078642845154	0.74786055
ADHFE1-207	ADHFE1	known	16	0.3672741055488586	0.511036
FCF1-201	FCF1	known	10	0.3358993828296661	0.45230594
LNX2-201	LNX2	known	29	0.1889008581638336	0.39949474
EIF3E-215	EIF3E	known	29	0.3551022112369537	0.5420525
transcript245809.chr2.nic	CCDC93	nic	44	0.2117118686437606	0.37837085
PTDSS1-202	PTDSS1	known	17	0.546617865562439	0.6906546
PTGES2-201	PTGES2	known	25	0.4106400907039642	0.4345385
KCTD7-205	KCTD7	known	10	0.2135264426469802	0.32018608
transcript86763.chr8.nic	HGSNAT	nic	24	0.2490890622138977	0.33988518
transcript7167.chr22.nic	ARVCF	nic	35	0.453723669052124	0.62645084
ERCC6-208	ERCC6	known	1	0.3817660510540008	0.5761159
FGFR1OP2-203	FGFR1OP2	known	44	0.337621659040451	0.50526917
SHROOM3-201	SHROOM3	known	41	0.2322432696819305	0.339584
PCDHGC3-205	PCDHGC3	known	2	0.238584354519844	0.35485938
PCDH12-201	PCDH12	known	35	0.3280520737171173	0.67330045
ATXN2L-221	ATXN2L	known	2	0.1951132714748382	0.32770923
transcript205991.chr10.nic	INPP5F	nic	18	0.3047852218151092	0.347152
CDH1-210	CDH1	known	35	0.4681710004806518	0.5984551
MCF2L2-201	MCF2L2	known	42	0.3408063352108001	0.51249564
TPM3-224	TPM3	known	41	0.4437863826751709	0.7389413
NTRK3-209	NTRK3	known	31	0.5274519920349121	0.74340874
PHF6-201	PHF6	known	2	0.2130078971385955	0.3464198
ZC3H7B-202	ZC3H7B	known	5	0.244153693318367	0.3464374
ZNF131-212	ZNF131	known	2	0.2193729281425476	0.47181764
CAMK2A-212	CAMK2A	known	12	0.489966869354248	0.7032855
STK19-212	STK19	known	9	0.2390555590391159	0.30126768
KDM6A-212	KDM6A	known	2	0.3316651284694671	0.60610753
NFE2L2-218	NFE2L2	known	18	0.3744151592254638	0.4497602
MYL12A-201	MYL12A	known	39	0.3951223194599151	0.4487191
DENND5A-239	DENND5A	known	44	0.26154825091362	0.34173623
RBM4B-206	RBM4B	known	8	0.5232684016227722	0.6237973
SGIP1-246	SGIP1	known	43	0.2914549708366394	0.4124568
transcript166808.chr10.nic	CPEB3	nic	2	0.2114486694335937	0.33114383
GNG4-204	GNG4	known	6	0.1740510612726211	0.30744147
OSGEPL1-207	OSGEPL1	known	9	0.3923726081848144	0.43608585
SIRT5-223	SIRT5	known	2	0.2581261694431305	0.4040472
TARBP2-214	TARBP2	known	32	0.3117264211177826	0.42034164
CTNS-201	CTNS	known	15	0.3672723770141601	0.44446787
BCHE-205	BCHE	known	16	0.2098512798547744	0.32845673
PPT1-204	PPT1	known	16	0.3154271245002746	0.5320492
MACF1-215	MACF1	known	36	0.225961834192276	0.38686103
TAF1D-201	TAF1D	known	3	0.271668940782547	0.34824547
ZNF428-201	ZNF428	known	2	0.2221194505691528	0.35869336
XPO1-223	XPO1	known	7	0.5891028642654419	0.7166863
PPIG-202	PPIG	known	8	0.2897458970546722	0.34876508
transcript390594.chr2.nic	CUL3	nic	5	0.2406620234251022	0.3071615
GNAS-233	GNAS	known	25	0.2980234920978546	0.39809602
CHRNA7-225	CHRNA7	known	13	0.3832101821899414	0.5974222
TLR9-201	TLR9	known	24	0.4702855348587036	0.6285758
WIPI2-203	WIPI2	known	22	0.3803867995738983	0.60993385
ADGRB2-204	ADGRB2	known	14	0.4272604584693908	0.5949842
PPP3CB-204	PPP3CB	known	15	0.343891441822052	0.487578
CARS1-203	CARS1	known	6	0.5008569955825806	0.6309188
TLR10-208	TLR10	known	24	0.432820588350296	0.6319113
STOML2-201	STOML2	known	18	0.2582699656486511	0.34890673
ERMP1-227	ERMP1	known	19	0.334210067987442	0.4205551
MDH1B-204	MDH1B	known	16	0.2162006050348281	0.31404057
LMO1-202	LMO1	known	32	0.2052567601203918	0.3641226
POLR3H-207	POLR3H	known	5	0.2842375338077545	0.34448177
KCNMA1-250	KCNMA1	known	11	0.4553634822368622	0.8542164
MAGI1-217	MAGI1	known	13	0.3410914540290832	0.40823525
SF3B2-208	SF3B2	known	10	0.3628592193126678	0.5577285
CLN8-208	CLN8	known	16	0.3060437738895416	0.45212445
TTC5-201	TTC5	known	29	0.2530170083045959	0.32542974
PKP2-213	PKP2	known	35	0.4485697150230407	0.61297977
transcript38278.chr20.nic	ASXL1	nic	2	0.2162828892469406	0.3266855
PLEKHG5-212	PLEKHG5	known	42	0.4113959372043609	0.62820125
transcript39956.chr2.nnic	PRKD3	nnic	31	0.3524104952812195	0.636917
PALM2AKAP2-201	PALM2AKAP2	known	41	0.3753021359443664	0.5043809
CDK20-203	CDK20	known	2	0.1473110020160675	0.5453368
LDB1-202	LDB1	known	2	0.3165628910064697	0.40853128
MRPL51-201	MRPL51	known	6	0.6594545841217041	0.7298241
ZFR-205	ZFR	known	2	0.240810140967369	0.3356621
HLA-DMA-208	HLA-DMA	known	24	0.3381420969963074	0.49339134
KIF17-202	KIF17	known	44	0.4456682801246643	0.592178
NEO1-206	NEO1	known	36	0.4279190003871918	0.53014797
SYT17-201	SYT17	known	13	0.409501165151596	0.6434656
NEK8-201	NEK8	known	44	0.2641646564006805	0.46123415
ARHGAP21-202	ARHGAP21	known	42	0.2832410037517547	0.38694543
SFXN5-211	SFXN5	known	11	0.2642140090465545	0.5466565
ARL2-204	ARL2	known	27	0.3885295987129211	0.45046502
ATG4D-208	ATG4D	known	1	0.1969451010227203	0.33732048
USP28-217	USP28	known	1	0.3243515789508819	0.7515083
MEPCE-202	MEPCE	known	9	0.4398254156112671	0.47284436
COBLL1-202	COBLL1	known	36	0.4119749367237091	0.50718224
TMED10-203	TMED10	known	43	0.2330731302499771	0.3854013
DCUN1D4-204	DCUN1D4	known	4	0.2720775008201599	0.40865213
TSHZ2-201	TSHZ2	known	2	0.2832420170307159	0.5259336
ZC3HC1-202	ZC3HC1	known	1	0.2673622071743011	0.37501466
transcript226403.chr3.nnic	TMCC1	nnic	27	0.2218686640262603	0.3061293
PNMA2-204	PNMA2	known	30	0.1987737566232681	0.33879036
QARS1-205	QARS1	known	6	0.4477478563785553	0.58889073
SLC35E3-207	SLC35E3	known	20	0.3117308020591736	0.36900884
ACO1-201	ACO1	known	15	0.4436909556388855	0.578293
LMNB2-201	LMNB2	known	43	0.2418420016765594	0.33190894
TCEA1-207	TCEA1	known	1	0.37021404504776	0.49284863
ZNF91-206	ZNF91	known	2	0.1534266173839569	0.44417515
transcript83077.chr13.nic	STK24	nic	31	0.5297746062278748	0.790866
EPC1-210	EPC1	known	7	0.2688970267772674	0.3418075
ACYP2-203	ACYP2	known	15	0.2602835893630981	0.36048803
transcript119003.chr2.nic	USP39	nic	8	0.3865589201450348	0.5499524
STXBP5L-209	STXBP5L	known	44	0.2836486101150512	0.40999117
NDUFS1-204	NDUFS1	known	15	0.5125654935836792	0.70454377
CPSF6-201	CPSF6	known	8	0.480647474527359	0.555875
IBTK-209	IBTK	known	12	0.2921192049980163	0.40564603
STK36-202	STK36	known	44	0.2341468036174774	0.41428757
MPPED1-203	MPPED1	known	9	0.2851499021053314	0.3274903
S1PR3-203	S1PR3	known	14	0.4390403628349304	0.63353074
CCDC91-205	CCDC91	known	44	0.2838019430637359	0.3774957
transcript5075.chr14.nic	CIDEB	nic	30	0.3633959591388702	0.48400456
ATP5F1D-202	ATP5F1D	known	6	0.272593230009079	0.30803108
HGS-201	HGS	known	43	0.3303231000900268	0.4520709
CEP63-203	CEP63	known	44	0.4525293111801147	0.6109781
ZMYND8-212	ZMYND8	known	2	0.3177880644798279	0.54798025
MSH6-201	MSH6	known	1	0.5536511540412903	0.7206713
CYP27C1-203	CYP27C1	known	16	0.3575176298618316	0.545535
SLC24A2-202	SLC24A2	known	11	0.5003964304924011	0.84357756
transcript149529.chr11.nnic	AMOTL1	nnic	41	0.2292456179857254	0.30956423
CKAP2-203	CKAP2	known	44	0.1749057173728943	0.32779813
DHX33-205	DHX33	known	1	0.2960890531539917	0.5374373
PIGK-202	PIGK	known	19	0.3657559156417846	0.43097466
NCOA4-207	NCOA4	known	5	0.2421636581420898	0.39095917
WASHC3-201	WASHC3	known	44	0.2171933650970459	0.323375
transcript10875.chr19.nnic	KDM4B	nnic	9	0.2565970718860626	0.32056618
SLC24A4-202	SLC24A4	known	11	0.5060824155807495	0.88140523
BIN1-202	BIN1	known	41	0.5052609443664551	0.68525994
ANK2-298	ANK2	known	12	0.3262587487697601	0.44748536
PMM2-223	PMM2	known	9	0.2375837117433548	0.33205113
CYB561D1-206	CYB561D1	known	11	0.1855343282222747	0.3869955
RPL27-206	RPL27	known	5	0.8656983375549316	0.9494203
MAF1-201	MAF1	known	29	0.2482445985078811	0.374013
ZNF496-206	ZNF496	known	2	0.1992136389017105	0.5207599
NPM3-201	NPM3	known	2	0.2172313630580902	0.33644283
NECAP1-224	NECAP1	known	28	0.20930016040802	0.35826296
DIPK1B-202	DIPK1B	known	17	0.242844209074974	0.36617354
NUMA1-207	NUMA1	known	44	0.2851273119449615	0.3932691
TUBB2B-204	TUBB2B	known	44	0.2181839793920517	0.36365405
ZNF576-204	ZNF576	known	2	0.1769054681062698	0.4772222
transcript136012.chr16.nic	FANCA	nic	9	0.2598297297954559	0.35426122
ADAM15-203	ADAM15	known	40	0.3225204944610595	0.42814294
GALK2-202	GALK2	known	16	0.3206958770751953	0.42387754
PMM2-216	PMM2	known	15	0.2242918461561203	0.43199572
ZFYVE1-201	ZFYVE1	known	22	0.3025740683078766	0.3665069
FUT2-201	FUT2	known	20	0.588005006313324	0.656305
BMAL1-203	BMAL1	known	26	0.3102684319019317	0.4582625
ANK2-294	ANK2	known	27	0.3842121362686157	0.4694
PRDM4-205	PRDM4	known	2	0.2764469087123871	0.45768207
CYP51A1-205	CYP51A1	known	16	0.301945686340332	0.4708979
PROKR2-203	PROKR2	known	14	0.3436017334461212	0.6364028
GALNT15-203	GALNT15	known	20	0.5160422325134277	0.6014825
RALGAPA1-220	RALGAPA1	known	42	0.2676393389701843	0.3671198
KIAA0319L-202	KIAA0319L	known	35	0.2894499599933624	0.43760687
STAT3-242	STAT3	known	33	0.377495139837265	0.47873655
ENST00000691870	ENSG00000291176	known	16	0.2682633101940155	0.391697
MKNK1-203	MKNK1	known	31	0.1891008168458938	0.66442895
L1CAM-213	L1CAM	known	35	0.2744969427585602	0.41493136
SLC35C2-204	SLC35C2	known	11	0.2310675531625747	0.4655707
TCP1-202	TCP1	known	25	0.356347918510437	0.40356937
transcript46956.chr15.nic	THBS1	nic	40	0.2825050950050354	0.41013056
NBEA-207	NBEA	known	42	0.2613258957862854	0.303625
COPZ1-201	COPZ1	known	43	0.3565765619277954	0.5578578
PPFIA2-211	PPFIA2	known	35	0.3044902980327606	0.3781296
CCND2-206	CCND2	known	31	0.2697243988513946	0.53742754
PAIP2-206	PAIP2	known	29	0.2668125331401825	0.35743198
RPL14-202	RPL14	known	5	0.7337659001350403	0.85353184
CREB1-201	CREB1	known	2	0.2857903242111206	0.5224017
SON-222	SON	known	8	0.4042824506759643	0.45813018
CDH10-201	CDH10	known	35	0.591404914855957	0.78511333
PDZRN3-201	PDZRN3	known	13	0.1978665739297866	0.33945045
ZNF83-205	ZNF83	known	2	0.1302812844514846	0.50610447
FGF1-201	FGF1	known	17	0.7094430923461914	0.7583513
SPG7-283	SPG7	known	19	0.3261575102806091	0.42182827
NAA60-203	NAA60	known	1	0.2506367266178131	0.45619422
CLASP1-201	CLASP1	known	44	0.5111372470855713	0.61090994
MEIS1-216	MEIS1	known	2	0.3363537788391113	0.5698213
ACCS-201	ACCS	known	16	0.2046137899160385	0.3050902
CANX-239	CANX	known	19	0.2948303520679474	0.37217683
transcript172181.chr8.nic	SNTB1	nic	13	0.2572632730007171	0.33323509
NONO-234	NONO	known	8	0.4173024594783783	0.4801933
RNF26-201	RNF26	known	29	0.2867282629013061	0.51526487
IQCG-201	IQCG	known	3	0.4093144834041595	0.58358335
UBE2F-201	UBE2F	known	29	0.2287207096815109	0.3774885
GPATCH2-201	GPATCH2	known	2	0.2556837499141693	0.3701165
IKBKE-203	IKBKE	known	24	0.3299524486064911	0.5858243
PDCD11-207	PDCD11	known	10	0.3713161051273346	0.5907513
IL1RAP-201	IL1RAP	known	23	0.3403118848800659	0.5062389
DCAF8-201	DCAF8	known	9	0.2738474309444427	0.35474938
NDUFB4-203	NDUFB4	known	15	0.5161511898040771	0.66602933
MACF1-202	MACF1	known	44	0.3032557070255279	0.40186423
CDON-211	CDON	known	38	0.2002046853303909	0.3204344
BIN1-207	BIN1	known	41	0.4974779486656189	0.6785637
SGPL1-218	SGPL1	known	16	0.4058159291744232	0.58840925
transcript197808.chr8.nic	ADCK5	nic	22	0.2366722524166107	0.30669928
ADAR-231	ADAR	known	10	0.3704816699028015	0.5150255
ROPN1B-205	ROPN1B	known	3	0.2958574295043945	0.35791677
MTRR-219	MTRR	known	15	0.3754185438156128	0.5268696
STK32C-204	STK32C	known	42	0.1620642095804214	0.59199274
transcript2436.chr19.nnic	APC2	nnic	43	0.2371917515993118	0.33082825
ACADVL-201	ACADVL	known	16	0.4388351440429687	0.57930154
ARID1B-229	ARID1B	known	2	0.2585604190826416	0.3855572
PHB1-206	PHB1	known	29	0.3531734347343445	0.5018929
ECHDC2-203	ECHDC2	known	16	0.30621138215065	0.49357337
SNRPB-206	SNRPB	known	7	0.2537763714790344	0.43093914
P2RX7-212	P2RX7	known	11	0.2961827516555786	0.5129045
transcript45316.chr9.nnic	DNAJB5	nnic	29	0.236008733510971	0.31793785
transcript3604.chr14.nnic	CIROP	nnic	2	0.23631052672863	0.3302016
BTN3A2-202	BTN3A2	known	24	0.409611314535141	0.72995424
EXPH5-201	EXPH5	known	27	0.3440724611282348	0.45755547
TNIK-206	TNIK	known	31	0.6264505386352539	0.7882334
transcript25319.chr9.nic	ADAMTSL1	nic	40	0.1788496673107147	0.30400696
CIRBP-208	CIRBP	known	8	0.3793717324733734	0.4177908
MGAT5-202	MGAT5	known	20	0.5764983296394348	0.60340357
TRAF5-201	TRAF5	known	23	0.3416821658611297	0.532024
PXK-211	PXK	known	13	0.1788798868656158	0.4514832
BMI1-206	BMI1	known	2	0.2664551138877868	0.33474702
DCAF11-205	DCAF11	known	29	0.2518088519573211	0.39378768
APP-213	APP	known	41	0.2402982711791992	0.36742374
IMPACT-201	IMPACT	known	31	0.2396664768457412	0.32053223
TRAPPC12-201	TRAPPC12	known	44	0.3103992044925689	0.45403153
SH3KBP1-225	SH3KBP1	known	41	0.2738879323005676	0.3581654
MARCHF6-202	MARCHF6	known	29	0.4195156693458557	0.6439845
CNTN6-205	CNTN6	known	36	0.4032016396522522	0.6298114
HSPA5-205	HSPA5	known	18	0.5152114033699036	0.58008206
transcript408937.chr2.nic	CAPN10	nic	27	0.2716808319091797	0.36648518
ZNF148-201	ZNF148	known	2	0.2863927781581878	0.5374877
FBXO2-201	FBXO2	known	29	0.3658353686332702	0.5855423
HOOK1-201	HOOK1	known	44	0.3666453063488006	0.46500668
FCGRT-208	FCGRT	known	24	0.2364519238471985	0.41813654
RPL22-207	RPL22	known	5	0.4199697077274322	0.60633576
PTCH1-204	PTCH1	known	14	0.3274585604667663	0.41623044
PDK3-204	PDK3	known	9	0.3221743404865265	0.46655074
HECW2-205	HECW2	known	27	0.193754181265831	0.3109514
HGS-241	HGS	known	43	0.3358699679374695	0.4587554
transcript176225.chr8.nic	NSMCE2	nic	4	0.220498502254486	0.32706225
MTCH1-227	MTCH1	known	11	0.3168075978755951	0.49223375
LINGO3-202	LINGO3	known	36	0.269263207912445	0.34361207
CHST11-205	CHST11	known	20	0.5531566739082336	0.6037585
MMADHC-203	MMADHC	known	6	0.2678880989551544	0.37375274
ATP1A2-201	ATP1A2	known	11	0.3155294060707092	0.5512889
MEIS2-203	MEIS2	known	2	0.334858775138855	0.61849844
NSRP1-201	NSRP1	known	8	0.3204560279846191	0.38086617
FAM149B1-201	FAM149B1	known	44	0.275715559720993	0.34736758
ALDH3A2-202	ALDH3A2	known	16	0.4189456105232239	0.52628094
ZNF615-202	ZNF615	known	2	0.1612369418144226	0.55142415
TICAM2-201	TICAM2	known	23	0.4493266344070434	0.59297764
RNF133-201	RNF133	known	29	0.3069276213645935	0.54184186
MUTYH-229	MUTYH	known	9	0.2261308282613754	0.49266347
SPTAN1-229	SPTAN1	known	12	0.2420914620161056	0.30553603
STAT5B-219	STAT5B	known	23	0.3843243420124054	0.51153934
TRAPPC2L-209	TRAPPC2L	known	43	0.4211193025112152	0.6031979
INTS11-247	INTS11	known	8	0.3408933877944946	0.5939299
TRAPPC8-207	TRAPPC8	known	43	0.3510293960571289	0.5717419
transcript6036.chr22.nnic	DGCR5	nnic	41	0.2633402943611145	0.40655985
WSCD1-202	WSCD1	known	20	0.4612376689910888	0.51766026
TAF6-249	TAF6	known	8	0.2666076421737671	0.35748854
EPHA6-202	EPHA6	known	36	0.2853101789951324	0.42908806
transcript43100.chr5.nic	DAB2	nic	36	0.3977305591106415	0.4730417
SDHB-202	SDHB	known	15	0.2337839156389236	0.3273645
PCDHAC1-202	PCDHAC1	known	35	0.2984771430492401	0.7286797
MAPK10-289	MAPK10	known	31	0.4017747044563293	0.6991024
GOLPH3L-201	GOLPH3L	known	2	0.2338342666625976	0.34625787
CRHR1-201	CRHR1	known	14	0.5460439324378967	0.8156284
UTRN-201	UTRN	known	12	0.3794206380844116	0.6526545
SYT1-214	SYT1	known	13	0.3825121223926544	0.5285743
HAUS1-201	HAUS1	known	44	0.4483419954776764	0.5976935
SLC1A3-230	SLC1A3	known	11	0.5350903868675232	0.8124606
transcript59716.chr22.nic	PPARA	nic	33	0.4103587567806244	0.73680997
NTRK2-219	NTRK2	known	31	0.5025855898857117	0.73574954
FKBP1A-215	FKBP1A	known	6	0.301831990480423	0.42652735
MAP4K4-211	MAP4K4	known	31	0.5399927496910095	0.6840051
BRPF1-214	BRPF1	known	2	0.3812909722328186	0.6800645
TRIM8-210	TRIM8	known	37	0.2387421429157257	0.3976254
ACAD8-214	ACAD8	known	16	0.3710715770721435	0.518119
ZEB2-201	ZEB2	known	2	0.260206788778305	0.51596576
transcript57165.chr6.nic	PTK7	nic	35	0.3725356757640838	0.5337734
MX1-210	MX1	known	44	0.259265273809433	0.3505191
NTRK2-254	NTRK2	known	36	0.4182209074497223	0.6111711
transcript166216.chr1.nic	DPH5	nic	9	0.3513809144496918	0.37266424
ZBTB40-202	ZBTB40	known	2	0.2032025903463363	0.36449412
DLGAP1-222	DLGAP1	known	44	0.2381115555763244	0.37263662
FTH1-210	FTH1	known	12	0.2220004200935363	0.37637514
ELAPOR1-209	ELAPOR1	known	22	0.3335693776607513	0.4452551
PPOX-202	PPOX	known	16	0.2268814146518707	0.35045913
CYRIB-231	CYRIB	known	30	0.2769777178764343	0.36324042
transcript17963.chr17.nnic	RPL26	nnic	5	0.5337849855422974	0.76770574
TTC21B-214	TTC21B	known	44	0.379044234752655	0.4929034
ZNF776-205	ZNF776	known	2	0.1668120175600052	0.5756168
SHANK2-203	SHANK2	known	36	0.3486981689929962	0.481225
KYAT1-201	KYAT1	known	16	0.3235115706920624	0.49942914
PUF60-207	PUF60	known	8	0.5648859143257141	0.6128148
CELF5-202	CELF5	known	8	0.3533367216587066	0.38368034
LGALS8-203	LGALS8	known	19	0.1762477606534958	0.315032
TBC1D9B-211	TBC1D9B	known	39	0.1914389878511428	0.325509
SPTLC2-201	SPTLC2	known	16	0.3084196150302887	0.46338838
DLG3-201	DLG3	known	13	0.4023004472255707	0.55044854
DCTN2-224	DCTN2	known	44	0.2701483070850372	0.4156061
transcript107421.chr19.nnic	ZNF780B	nnic	2	0.1380136758089065	0.44890785
QTRT1-201	QTRT1	known	9	0.3117633759975433	0.45048362
ELP2-204	ELP2	known	9	0.2113306671380996	0.3518603
HIBCH-202	HIBCH	known	16	0.3959511816501617	0.590244
ERCC6L2-213	ERCC6L2	known	1	0.3031044602394104	0.50016505
NUP133-201	NUP133	known	7	0.5390307307243347	0.6517836
UBE2I-201	UBE2I	known	29	0.3752171993255615	0.574141
FARSA-202	FARSA	known	6	0.4573303461074829	0.6158312
COPS5-201	COPS5	known	1	0.3714418709278106	0.5221473
NPC1-202	NPC1	known	11	0.3338876962661743	0.5049232
HAUS3-202	HAUS3	known	44	0.5033634901046753	0.6456502
CHD1-210	CHD1	known	2	0.3611375391483307	0.4550929
TMEM132C-201	TMEM132C	known	35	0.1953929662704467	0.32543105
TASOR2-219	TASOR2	known	1	0.317294031381607	0.50199604
BMT2-201	BMT2	known	9	0.3265397548675537	0.3985587
CDKN1A-203	CDKN1A	known	4	0.4334332644939422	0.5515426
TOGARAM1-204	TOGARAM1	known	44	0.3353534936904907	0.44991708
MRPS27-216	MRPS27	known	6	0.4729450047016144	0.5156471
CTSF-215	CTSF	known	19	0.3175647854804992	0.46775848
transcript127063.chr10.nnic	AIFM2	nnic	21	0.2291864603757858	0.41189438
PMS2-207	PMS2	known	9	0.2364174127578735	0.35064396
ZSCAN18-212	ZSCAN18	known	2	0.1456437855958938	0.441137
MCM4-221	MCM4	known	1	0.4268818795681	0.61965275
RAN-202	RAN	known	7	0.3484625816345215	0.52929145
GFRA2-202	GFRA2	known	36	0.4107725620269775	0.6727456
HYAL2-201	HYAL2	known	20	0.3769624233245849	0.47134048
OGA-211	OGA	known	15	0.2309284210205078	0.31813982
AAK1-203	AAK1	known	28	0.2166331708431244	0.4200119
MYO1D-202	MYO1D	known	41	0.2508130073547363	0.44939643
BBS2-278	BBS2	known	37	0.254655122756958	0.34060845
CD200-201	CD200	known	24	0.3697704076766968	0.501902
CTTN-201	CTTN	known	41	0.5244176983833313	0.59821737
WWP2-213	WWP2	known	29	0.5017761588096619	0.74587566
CLIP1-204	CLIP1	known	8	0.2052569985389709	0.351796
transcript60156.chr3.nic	MYRIP	nic	5	0.2811840176582336	0.4125126
IQSEC3-201	IQSEC3	known	42	0.3441581130027771	0.48323864
LRRTM1-206	LRRTM1	known	35	0.1942208707332611	0.31757832
TLN2-211	TLN2	known	35	0.4588518738746643	0.5904919
UBE2O-202	UBE2O	known	2	0.2171608209609985	0.31265336
KCNK4-202	KCNK4	known	11	0.3671750426292419	0.70782423
MKS1-234	MKS1	known	44	0.2051572203636169	0.3257032
LAMB1-211	LAMB1	known	35	0.3839430212974548	0.53841937
FEZ1-203	FEZ1	known	44	0.2958340942859649	0.3619234
STS-206	STS	known	16	0.3316677212715149	0.4335186
VPS53-211	VPS53	known	43	0.3176174461841583	0.5643625
KIRREL2-203	KIRREL2	known	35	0.3178222775459289	0.5007733
PCF11-207	PCF11	known	30	0.2451368123292923	0.3391629
LXN-201	LXN	known	30	0.1842829436063766	0.37993866
HEXA-209	HEXA	known	20	0.461184948682785	0.5618824
ASB8-201	ASB8	known	29	0.2248597890138626	0.5837364
CACNB4-239	CACNB4	known	12	0.3038270473480224	0.45544997
PRPF39-201	PRPF39	known	8	0.5039518475532532	0.60739213
TTC9B-201	TTC9B	known	29	0.1829568296670913	0.30403206
NDRG4-203	NDRG4	known	37	0.3694219589233398	0.46697196
transcript94782.chr10.nic	ZNF32	nic	2	0.1331829726696014	0.49137482
MAPK7-202	MAPK7	known	36	0.3354644179344177	0.53826195
transcript54796.chr1.nic	TINAGL1	nic	19	0.2977379262447357	0.43528166
L3MBTL1-204	L3MBTL1	known	2	0.304148405790329	0.41118416
SYNJ2-202	SYNJ2	known	41	0.2541666626930237	0.3203018
SYN1-201	SYN1	known	13	0.2906224429607391	0.38226742
PPHLN1-208	PPHLN1	known	8	0.3761899769306183	0.40197915
transcript37640.chr2.nic	NLRC4	nic	23	0.3688771724700928	0.51415396
WDR35-202	WDR35	known	44	0.3974397778511047	0.56288123
LETMD1-202	LETMD1	known	6	0.3178791999816894	0.3682819
MDK-203	MDK	known	40	0.3100772500038147	0.3810961
UBTD1-201	UBTD1	known	29	0.2323896437883377	0.3146573
TLK1-210	TLK1	known	44	0.2891502678394317	0.36921778
RAB2A-201	RAB2A	known	25	0.5264702439308167	0.5950798
ALDH1L1-202	ALDH1L1	known	16	0.2812773287296295	0.39301294
MEIS3-201	MEIS3	known	2	0.2288829684257507	0.5790189
transcript15648.chr13.nnic	KATNAL1	nnic	25	0.2717415988445282	0.3947746
SDE2-201	SDE2	known	1	0.2313124984502792	0.34666154
SGTA-208	SGTA	known	18	0.3905114829540252	0.50631595
transcript196380.chr12.nnic	DDX51	nnic	9	0.2720440328121185	0.41331643
RARRES1-201	RARRES1	known	30	0.1859064251184463	0.30474168
PSMC4-206	PSMC4	known	19	0.2619221210479736	0.4259258
SEC61A1-201	SEC61A1	known	11	0.3168272674083709	0.5812185
IKZF2-210	IKZF2	known	2	0.222863882780075	0.528288
FBXO48-201	FBXO48	known	29	0.3945907652378082	0.75085497
CYP2R1-201	CYP2R1	known	16	0.4017384946346283	0.5946236
TTC21B-224	TTC21B	known	44	0.379044234752655	0.4929034
transcript195202.chr10.nnic	ATRNL1	nnic	35	0.228329598903656	0.34410757
IFI35-203	IFI35	known	23	0.2266473919153213	0.33727908
HEXA-201	HEXA	known	20	0.4474002420902252	0.56049716
AP1S3-218	AP1S3	known	43	0.3422244787216186	0.4876469
INPPL1-201	INPPL1	known	42	0.3633938133716583	0.40734968
PTPRD-216	PTPRD	known	35	0.348155677318573	0.554216
ASS1-201	ASS1	known	9	0.3464241921901703	0.4746936
NELL2-209	NELL2	known	40	0.229082852602005	0.31950697
PGM2-201	PGM2	known	15	0.489298015832901	0.6437084
transcript246031.chr1.nic	MNDA	nic	23	0.2931571304798126	0.4191559
PDHX-201	PDHX	known	15	0.5471527576446533	0.71759665
NIPSNAP3A-201	NIPSNAP3A	known	15	0.2247886508703231	0.32184
transcript65773.chr22.nic	PIM3	nic	27	0.2979304492473602	0.36409461
FBN1-201	FBN1	known	40	0.3931171298027038	0.54104495
CCDC22-201	CCDC22	known	44	0.4224364161491394	0.5374924
SUPT16H-205	SUPT16H	known	41	0.3440485596656799	0.4591116
NOP56-221	NOP56	known	1	0.3809449970722198	0.6468226
CEBPZ-201	CEBPZ	known	10	0.2783598601818084	0.4646949
NEURL1-201	NEURL1	known	29	0.2178763598203659	0.36192223
ING5-202	ING5	known	2	0.3792698085308075	0.56392586
NOL12-201	NOL12	known	9	0.2870718240737915	0.4473465
EIF4G1-203	EIF4G1	known	10	0.4480752050876617	0.5897953
MILR1-203	MILR1	known	25	0.3642550706863403	0.5304941
FIS1-201	FIS1	known	27	0.4272407293319702	0.4904901
EME2-205	EME2	known	1	0.430131196975708	0.61468595
DLG1-221	DLG1	known	15	0.3536301255226135	0.6289504
MRPS30-202	MRPS30	known	6	0.3358030617237091	0.3657363
TRIM33-203	TRIM33	known	2	0.3209728002548218	0.50455904
ENST00000382326	ENSG00000290728	known	39	0.4163969457149505	0.62172604
BTNL9-201	BTNL9	known	24	0.3555962443351745	0.6618274
ST18-220	ST18	known	2	0.2841905951499939	0.39376464
OSTF1-201	OSTF1	known	25	0.3178664445877075	0.36281502
PIDD1-201	PIDD1	known	30	0.3918458521366119	0.47744623
ISYNA1-204	ISYNA1	known	16	0.2554487586021423	0.33165738
CTU2-201	CTU2	known	9	0.4547077119350433	0.5495517
PTPRT-202	PTPRT	known	35	0.4250699281692505	0.5364779
transcript232514.chr5.nic	ERGIC1	nic	11	0.3486839532852173	0.5629196
CSGALNACT1-207	CSGALNACT1	known	20	0.3124406337738037	0.3264882
RAD9B-204	RAD9B	known	1	0.2982054352760315	0.507581
SMC6-202	SMC6	known	3	0.3155145645141601	0.50677896
ATG7-201	ATG7	known	9	0.3679328858852386	0.42565942
SMC6-203	SMC6	known	1	0.3657871782779693	0.58966416
SLC1A3-259	SLC1A3	known	11	0.578819990158081	0.8371819
OMG-203	OMG	known	36	0.2588869631290436	0.3428533
PHIP-201	PHIP	known	2	0.3040689527988434	0.41453046
THAP7-201	THAP7	known	2	0.1780131608247757	0.349234
FBXO45-201	FBXO45	known	29	0.3583665490150451	0.6489134
PIGF-202	PIGF	known	18	0.237555980682373	0.31830668
SGCA-201	SGCA	known	35	0.2565668523311615	0.35840386
ROBO1-204	ROBO1	known	36	0.6101426482200623	0.71130794
DISP1-225	DISP1	known	12	0.2280249148607254	0.39037776
PXK-201	PXK	known	13	0.1978702843189239	0.4604687
CDKL1-203	CDKL1	known	3	0.2191452980041504	0.540311
HOOK2-210	HOOK2	known	41	0.2378279715776443	0.37637007
DOP1A-205	DOP1A	known	7	0.2771763503551483	0.37875718
RELT-202	RELT	known	31	0.2984958589076996	0.44656977
RNF207-203	RNF207	known	29	0.2225550711154937	0.49874276
HNRNPR-203	HNRNPR	known	8	0.6220996975898743	0.693923
CHIC2-201	CHIC2	known	42	0.2031120806932449	0.30222556
ARNT-208	ARNT	known	33	0.3376941680908203	0.57233536
KCNMA1-275	KCNMA1	known	11	0.4736340343952179	0.85923815
ZEB1-203	ZEB1	known	2	0.2295159995555877	0.4837219
transcript193227.chr11.nic	FOXRED1	nic	16	0.2585020661354065	0.4250762
PLTP-202	PLTP	known	25	0.222312793135643	0.31606573
INTS6L-206	INTS6L	known	2	0.243518128991127	0.41777307
HMBS-222	HMBS	known	15	0.280338317155838	0.41799074
POLK-208	POLK	known	1	0.409888356924057	0.7284498
TBC1D2-203	TBC1D2	known	42	0.2524241209030151	0.3306902
MAP2K5-201	MAP2K5	known	31	0.5724068880081177	0.7306382
transcript65051.chr7.nic	IKZF1	nic	2	0.2802435457706451	0.54825157
NUDT8-201	NUDT8	known	9	0.2264666557312011	0.3229436
ERGIC1-202	ERGIC1	known	11	0.3196605443954468	0.5636486
SMN2-214	SMN2	known	8	0.3866752684116363	0.4530518
HEY1-209	HEY1	known	37	0.4573931396007538	0.6187154
NRXN2-214	NRXN2	known	13	0.2845883965492248	0.3437941
ALDH2-203	ALDH2	known	16	0.3543236851692199	0.60858315
RBM12B-201	RBM12B	known	8	0.2995993494987488	0.3407208
ATP7A-249	ATP7A	known	25	0.2508375942707062	0.30225462
MXI1-215	MXI1	known	2	0.2741503119468689	0.47440785
transcript27601.chr13.nnic	PROSER1	nnic	7	0.3339094221591949	0.44885388
SCYL2-211	SCYL2	known	43	0.2925536930561065	0.41124338
MAPKAP1-207	MAPKAP1	known	42	0.2618638873100281	0.36514905
CCAR1-214	CCAR1	known	8	0.4352369606494903	0.49731597
AGPS-201	AGPS	known	16	0.3468208014965057	0.5296744
ASTN1-203	ASTN1	known	35	0.1656677573919296	0.3015278
ATXN7-204	ATXN7	known	2	0.2881043255329132	0.45406073
TSC1-213	TSC1	known	7	0.4162220060825348	0.48187584
ARHGAP44-202	ARHGAP44	known	42	0.4160186648368835	0.5934466
ASB13-202	ASB13	known	29	0.224799707531929	0.41033715
GPCPD1-201	GPCPD1	known	17	0.2734240293502807	0.3876304
CACYBP-207	CACYBP	known	44	0.2232494950294494	0.38273734
CNTN5-201	CNTN5	known	36	0.3551915287971496	0.5360013
B3GALT9-201	B3GALT9	known	20	0.606457531452179	0.6727523
CCDC136-212	CCDC136	known	44	0.3419574499130249	0.44399062
CTNNB1-246	CTNNB1	known	37	0.4347427487373352	0.52138644
XRCC6-201	XRCC6	known	25	0.402417242527008	0.4587813
CHFR-205	CHFR	known	29	0.3337543606758117	0.5030023
SDHAF3-202	SDHAF3	known	6	0.2212765216827392	0.39916006
transcript42601.chr8.nic	FDFT1	nic	16	0.3335059583187103	0.49918404
SCO2-202	SCO2	known	21	0.2490485459566116	0.394068
SULT4A1-202	SULT4A1	known	15	0.3896145224571228	0.57296604
PET117-201	PET117	known	22	0.1839100420475006	0.35731286
SRGAP3-204	SRGAP3	known	42	0.2971300482749939	0.38235903
CHID1-202	CHID1	known	20	0.3669573366641998	0.38561076
TOP1-203	TOP1	known	1	0.2720844149589538	0.43058228
DPY30-202	DPY30	known	9	0.2090224772691726	0.34076852
CCNL1-219	CCNL1	known	8	0.2814759016036987	0.38381886
transcript31875.chr16.nnic	CARHSP1	nnic	10	0.3001880049705505	0.41691464
MVK-216	MVK	known	16	0.3483555316925049	0.5315804
TOM1-208	TOM1	known	25	0.3675187230110168	0.3910089
FXYD1-202	FXYD1	known	11	0.3726038932800293	0.59034383
ARFGEF1-201	ARFGEF1	known	42	0.3390350341796875	0.41788197
RSRC1-225	RSRC1	known	8	0.2481941431760788	0.3425858
SETD2-217	SETD2	known	7	0.2124726772308349	0.30311695
SNX6-207	SNX6	known	27	0.3215947449207306	0.43154138
ACVR1B-201	ACVR1B	known	37	0.376976877450943	0.55805427
transcript14662.chr19.nic	VAV1	nic	42	0.3951331973075866	0.56840104
ETFDH-226	ETFDH	known	16	0.2463965862989425	0.3724889
NUP98-202	NUP98	known	7	0.7986559271812439	0.9034197
USP33-204	USP33	known	29	0.2798413038253784	0.50676656
transcript128857.chr19.nic	IRF3	nic	23	0.4186910986900329	0.5772127
CAMK2B-242	CAMK2B	known	12	0.4269715249538421	0.6887687
KIF1B-211	KIF1B	known	43	0.3718519806861877	0.49289814
ZXDC-201	ZXDC	known	2	0.2219585180282592	0.5068339
MATN2-203	MATN2	known	40	0.3605987727642059	0.52820504
SYT5-202	SYT5	known	13	0.3222379982471466	0.56837046
PTEN-211	PTEN	known	32	0.4758643805980682	0.61454433
GNAI1-208	GNAI1	known	42	0.2768289446830749	0.37854677
NTRK2-225	NTRK2	known	36	0.4182209074497223	0.6111711
BRF1-209	BRF1	known	1	0.1876827478408813	0.31955475
POLD2-223	POLD2	known	1	0.3681947290897369	0.5909401
IMMT-207	IMMT	known	22	0.2265589237213134	0.36729744
TM9SF2-207	TM9SF2	known	43	0.1949067115783691	0.30524775
FLRT1-202	FLRT1	known	35	0.2984971106052398	0.42105007
transcript195228.chr10.nic	AFAP1L2	nic	31	0.3133269548416137	0.46109408
ZNF133-221	ZNF133	known	2	0.185757115483284	0.5381628
DDB1-201	DDB1	known	29	0.3805136084556579	0.47377458
RNF227-201	RNF227	known	29	0.3146031498908996	0.6517364
DISC1-219	DISC1	known	44	0.3626069724559784	0.4739867
RPAIN-215	RPAIN	known	7	0.273697942495346	0.41439977
ZNF830-201	ZNF830	known	8	0.3030655086040497	0.42582956
HGS-219	HGS	known	27	0.2766229808330536	0.374955
MATK-201	MATK	known	24	0.2430474013090133	0.56375486
MFSD11-220	MFSD11	known	11	0.3568698167800903	0.4976798
CTU1-201	CTU1	known	9	0.3652319610118866	0.42472768
ENTPD4-211	ENTPD4	known	18	0.267955869436264	0.30452937
SNX13-203	SNX13	known	42	0.2409390956163406	0.41752824
PRPS1-205	PRPS1	known	15	0.4402776658535003	0.5832159
PTMS-205	PTMS	known	2	0.2254694104194641	0.32300702
transcript43074.chr5.nic	DAB2	nic	36	0.3356488645076751	0.41407138
SLC43A2-208	SLC43A2	known	11	0.3554421961307525	0.54030293
MAPK10-319	MAPK10	known	31	0.400766372680664	0.6899257
transcript159457.chr1.nnic	DNTTIP2	nnic	4	0.247062936425209	0.40377513
ZNF43-205	ZNF43	known	2	0.1670277565717697	0.5065836
PTPRO-222	PTPRO	known	36	0.4289259314537048	0.6410267
GBF1-236	GBF1	known	43	0.3557474911212921	0.4454359
AP1G2-205	AP1G2	known	43	0.2866595387458801	0.45630255
transcript33532.chr17.nic	SLC47A1	nic	11	0.332013189792633	0.53253293
TECTA-202	TECTA	known	19	0.3021692037582397	0.40725446
HNRNPA2B1-241	HNRNPA2B1	known	8	0.3824037313461303	0.42948318
ZSCAN30-206	ZSCAN30	known	2	0.1631681621074676	0.5812903
SGSH-201	SGSH	known	16	0.346030980348587	0.49347076
AHI1-222	AHI1	known	44	0.3506167232990265	0.49292192
PTPRZ1-202	PTPRZ1	known	35	0.2540383636951446	0.38933128
SLC39A6-202	SLC39A6	known	11	0.3496656417846679	0.61629796
SASH1-201	SASH1	known	31	0.4438430368900299	0.5637531
FUT1-206	FUT1	known	20	0.5505720973014832	0.630725
ITGB1-235	ITGB1	known	40	0.4732508659362793	0.6102685
ZNF44-205	ZNF44	known	2	0.173786923289299	0.5731946
ZC3HAV1-203	ZC3HAV1	known	2	0.2276961207389831	0.3360863
LDB3-203	LDB3	known	35	0.2120214700698852	0.33103818
transcript123700.chr8.nnic	ZFHX4	nnic	2	0.2772621810436249	0.43360633
MRPL35-203	MRPL35	known	6	0.700754702091217	0.79674536
FAM43A-201	FAM43A	known	42	0.2342284172773361	0.31512752
POLR2E-213	POLR2E	known	8	0.4354753792285919	0.5704943
STX8-212	STX8	known	43	0.4795548617839813	0.645714
CYFIP1-207	CYFIP1	known	41	0.3229288458824157	0.4212131
JAK1-223	JAK1	known	23	0.308340460062027	0.46200687
ADGRL3-213	ADGRL3	known	14	0.3223830163478851	0.4630316
TFRC-201	TFRC	known	19	0.3673279583454132	0.44299588
SEMA3B-207	SEMA3B	known	36	0.6338511109352112	0.8890399
TASOR2-214	TASOR2	known	1	0.3346884250640869	0.5210576
PATJ-202	PATJ	known	35	0.230429470539093	0.31947336
transcript150840.chr15.nnic	ENSG00000290823	nnic	6	0.3025572597980499	0.35158786
NELFCD-214	NELFCD	known	8	0.2932515442371368	0.40279478
DDX5-215	DDX5	known	8	0.4617493450641632	0.552788
FILIP1-204	FILIP1	known	41	0.2595457434654236	0.43941385
CSNK2A1-239	CSNK2A1	known	30	0.3444569408893585	0.5316028
RBBP6-207	RBBP6	known	8	0.3671516478061676	0.39403135
DMD-226	DMD	known	12	0.4078019857406616	0.66466933
ZNF232-205	ZNF232	known	2	0.1389409303665161	0.5765991
UGP2-207	UGP2	known	16	0.31596639752388	0.450603
SNRPD2-201	SNRPD2	known	10	0.4151671826839447	0.60237646
KLF5-201	KLF5	known	2	0.3047373294830322	0.55617845
TRIM24-201	TRIM24	known	29	0.2354872971773147	0.41880018
NFIA-207	NFIA	known	2	0.2761717438697815	0.45120254
GPRASP3-201	GPRASP3	known	36	0.2272683829069137	0.32610616
transcript33313.chr19.nnic	NDUFB7	nnic	15	0.3891657888889313	0.6465601
RIMS2-207	RIMS2	known	13	0.5146170854568481	0.818989
MAGED4B-211	MAGED4B	known	3	0.1768994182348251	0.34838766
EIF5A-202	EIF5A	known	6	0.3627877235412597	0.43535495
BCL2L1-209	BCL2L1	known	30	0.4372328221797943	0.5641443
SMARCAL1-223	SMARCAL1	known	1	0.377017080783844	0.56619954
NLGN4X-202	NLGN4X	known	13	0.4429370760917663	0.51859003
HLA-L-213	HLA-L	known	24	0.4711683094501495	0.6591507
transcript68926.chr13.nnic	NDFIP2	nnic	29	0.2213478088378906	0.3190543
BBS2-264	BBS2	known	44	0.3205405473709106	0.40299702
CYRIB-225	CYRIB	known	30	0.232484683394432	0.33508682
TSC1-235	TSC1	known	44	0.2651789784431457	0.37247664
ASB1-201	ASB1	known	29	0.2739478051662445	0.61460555
KIDINS220-216	KIDINS220	known	31	0.2703149914741516	0.37055558
ZNF232-209	ZNF232	known	2	0.1441231518983841	0.40346366
NUP62-221	NUP62	known	7	0.6384159922599792	0.74096656
GALNT16-204	GALNT16	known	20	0.5033955574035645	0.58242536
GABRA1-219	GABRA1	known	11	0.3747354745864868	0.70177275
GTF2H3-212	GTF2H3	known	1	0.2989262044429779	0.45390838
TRMT61A-202	TRMT61A	known	9	0.5177409052848816	0.6358408
CEP104-223	CEP104	known	44	0.2953650653362274	0.37657255
SUCLA2-218	SUCLA2	known	15	0.4852290153503418	0.6811281
SACM1L-202	SACM1L	known	17	0.6320627927780151	0.73756254
PPP2R2B-205	PPP2R2B	known	32	0.2628531455993652	0.6017638
ABRAXAS1-202	ABRAXAS1	known	1	0.2702028155326843	0.40996456
TMEM184B-202	TMEM184B	known	11	0.1915909945964813	0.32828885
transcript24452.chr2.nnic	ITSN2	nnic	36	0.3367218375205993	0.6257895
RNPC3-209	RNPC3	known	44	0.2441366612911224	0.30229568
FIP1L1-203	FIP1L1	known	8	0.6249732971191406	0.7078506
COBL-201	COBL	known	36	0.3892383575439453	0.53491676
ROS1-201	ROS1	known	37	0.2715789079666137	0.3297788
MAPK10-322	MAPK10	known	31	0.3553365170955658	0.6906181
DNAJC10-211	DNAJC10	known	18	0.1920102387666702	0.33671138
PGA4-208	PGA4	known	19	0.2709977924823761	0.3550391
ZNF493-204	ZNF493	known	2	0.1432163417339325	0.30410957
PSIP1-202	PSIP1	known	8	0.430142194032669	0.48290676
RBMX-207	RBMX	known	8	0.6145843863487244	0.66845447
ZNF281-202	ZNF281	known	2	0.2780549526214599	0.52536005
RPL10-206	RPL10	known	5	0.4972396492958069	0.63099766
ZNF200-204	ZNF200	known	2	0.2198132127523422	0.54145944
TMEM231-222	TMEM231	known	20	0.3716613948345184	0.4301351
RIMS2-215	RIMS2	known	13	0.495972067117691	0.86413604
SERAC1-207	SERAC1	known	17	0.295758306980133	0.4304687
transcript32697.chr6.nnic	H2AC6	nnic	2	0.2772331833839416	0.52574325
SLC27A3-201	SLC27A3	known	16	0.3746324181556701	0.50160044
MYO1E-201	MYO1E	known	41	0.2686250805854797	0.4429912
WFS1-211	WFS1	known	18	0.3435513973236084	0.4099241
LRP11-201	LRP11	known	13	0.1968982964754104	0.3154437
PDP1-201	PDP1	known	9	0.2361377924680709	0.57045394
ZNF638-219	ZNF638	known	2	0.2445886731147766	0.3461542
ESYT1-202	ESYT1	known	25	0.2854269444942474	0.38723084
DEPDC5-260	DEPDC5	known	22	0.2592555582523346	0.37069297
TSC22D3-201	TSC22D3	known	3	0.1720861494541168	0.3478292
CACNA1E-204	CACNA1E	known	11	0.402424544095993	0.8064884
HSF1-202	HSF1	known	27	0.3615325391292572	0.44874328
EMC7-201	EMC7	known	18	0.259480744600296	0.3285286
transcript223016.chr2.nic	NPAS2	nic	3	0.2623675763607025	0.33537024
PUF60-208	PUF60	known	8	0.5478624701499939	0.58732206
CEP95-211	CEP95	known	44	0.3795456886291504	0.49211612
ZNF221-205	ZNF221	known	2	0.1606015563011169	0.54990196
ANKFY1-214	ANKFY1	known	43	0.3112009465694427	0.4367195
PTPN11-213	PTPN11	known	32	0.3479139506816864	0.47858825
TRPS1-201	TRPS1	known	2	0.3030952513217926	0.4277214
MARK2-201	MARK2	known	44	0.3851616084575653	0.6272121
CNTRL-210	CNTRL	known	44	0.2527246475219726	0.3717299
transcript30002.chr17.nnic	SMCR8	nnic	31	0.3163042366504669	0.501464
transcript30815.chr18.nic	AQP4	nic	11	0.2711002826690674	0.4158648
IMP4-208	IMP4	known	9	0.3172747194766998	0.6083488
TRAPPC4-214	TRAPPC4	known	43	0.4636330604553222	0.6858962
PRKD1-202	PRKD1	known	31	0.4003734886646271	0.6386489
BPTF-203	BPTF	known	2	0.3451676070690155	0.60540885
TCERG1-202	TCERG1	known	8	0.4115561544895172	0.5241542
CEP350-214	CEP350	known	44	0.2279785275459289	0.3444959
RGS11-206	RGS11	known	42	0.351100742816925	0.67391276
CAMK1G-201	CAMK1G	known	31	0.252662181854248	0.58972245
CARS1-202	CARS1	known	6	0.4755991995334625	0.6014613
NECTIN1-201	NECTIN1	known	35	0.4763807654380798	0.66755617
RAD51D-218	RAD51D	known	1	0.4377156794071197	0.6430827
MECP2-209	MECP2	known	2	0.2929999232292175	0.38317904
NONO-206	NONO	known	8	0.4097736775875091	0.48340696
BCS1L-210	BCS1L	known	27	0.2984918355941772	0.41970238
transcript232469.chr5.nic	ERGIC1	nic	11	0.3462836146354675	0.5787488
MEIS2-220	MEIS2	known	2	0.2764642536640167	0.35312796
SLC6A15-237	SLC6A15	known	11	0.3302382528781891	0.5175833
ZNF573-207	ZNF573	known	2	0.1651457995176315	0.6209546
AP1B1-202	AP1B1	known	43	0.3676269054412842	0.4832701
MAPK10-251	MAPK10	known	31	0.3813371658325195	0.69555724
transcript126459.chr12.nic	DCN	nic	20	0.4074208736419678	0.495603
ASL-217	ASL	known	16	0.2861945629119873	0.50047797
SLC12A5-201	SLC12A5	known	11	0.580234169960022	0.8560275
DLL4-201	DLL4	known	37	0.4128070771694183	0.50375557
SLC1A3-201	SLC1A3	known	11	0.5958383083343506	0.85523623
NLGN4X-201	NLGN4X	known	13	0.4429370760917663	0.51859003
SUMF1-204	SUMF1	known	20	0.2631844878196716	0.37094942
ZDHHC14-204	ZDHHC14	known	5	0.2288401871919632	0.35713094
transcript63848.chr3.nic	CTNNB1	nic	37	0.3983989357948303	0.48222694
CEP78-224	CEP78	known	44	0.2097616344690323	0.30039582
transcript62557.chr8.nic	RHOBTB2	nic	41	0.3972392678260803	0.4996175
IFT122-278	IFT122	known	43	0.3290679454803467	0.5565195
OCRL-202	OCRL	known	42	0.413483053445816	0.5549906
RIPK2-201	RIPK2	known	23	0.4721784591674804	0.72868043
transcript318250.chr2.nnic	CERS6	nnic	16	0.2668437659740448	0.41270795
transcript7264.chr13.nic	ATP8A2	nic	11	0.3818532526493072	0.660619
AKR1B1-205	AKR1B1	known	16	0.4514777362346649	0.57428
DNMT1-249	DNMT1	known	9	0.3335634768009186	0.4008092
HCLS1-205	HCLS1	known	41	0.3571346402168274	0.46743315
NTRK2-255	NTRK2	known	36	0.3560239672660827	0.47889012
SKP2-212	SKP2	known	29	0.4749431014060974	0.77266407
HECTD1-218	HECTD1	known	29	0.2990681231021881	0.47067928
DBR1-205	DBR1	known	1	0.2888221144676208	0.4160257
TANGO2-202	TANGO2	known	19	0.1378017216920852	0.32831368
ZNF2-203	ZNF2	known	2	0.1937645077705383	0.5973956
MACROH2A1-211	MACROH2A1	known	2	0.3399364054203033	0.5777517
TFEB-218	TFEB	known	33	0.2272736132144928	0.40265876
ADGRG1-278	ADGRG1	known	14	0.4423972070217132	0.62579423
CCDC51-206	CCDC51	known	11	0.1800008118152618	0.30755398
EFHC2-202	EFHC2	known	44	0.1964794993400573	0.305579
DNM1-201	DNM1	known	44	0.2560464143753052	0.32929623
CACNB4-217	CACNB4	known	12	0.3731520175933838	0.6536529
EEF1D-229	EEF1D	known	6	0.4384966790676117	0.58617043
NECAB1-201	NECAB1	known	12	0.2123176455497741	0.3092838
DUSP11-206	DUSP11	known	17	0.2769332528114319	0.49256477
NUP62-210	NUP62	known	7	0.6384159922599792	0.74096656
RPS27L-206	RPS27L	known	5	0.2959834933280945	0.3657743
MED24-204	MED24	known	2	0.2710535228252411	0.45497346
STAT2-207	STAT2	known	2	0.2291070818901062	0.3486454
CTPS1-222	CTPS1	known	16	0.2776854634284973	0.40522298
RPH3A-219	RPH3A	known	43	0.2346903979778289	0.39096028
COPA-220	COPA	known	43	0.2594534158706665	0.39703497
transcript594.chr18.nic	ENOSF1	nic	16	0.2987089455127716	0.46814185
DEPDC5-249	DEPDC5	known	1	0.247236430644989	0.3681313
KCNK4-211	KCNK4	known	11	0.3684040307998657	0.712685
UBXN1-213	UBXN1	known	29	0.2925394177436828	0.42023093
transcript54335.chr12.nnic	CNTN1	nnic	36	0.2857164740562439	0.45723954
CIC-209	CIC	known	2	0.2408954054117202	0.35385475
CREBRF-203	CREBRF	known	18	0.3213607370853424	0.3823155
CBX5-204	CBX5	known	2	0.2930396795272827	0.37333158
KDM5B-207	KDM5B	known	2	0.2502527832984924	0.42322057
HNRNPA2B1-226	HNRNPA2B1	known	8	0.3824037313461303	0.42948318
BCL7A-202	BCL7A	known	2	0.2850352823734283	0.36417985
TPM4-205	TPM4	known	41	0.2563288509845733	0.39376616
RAB3IL1-202	RAB3IL1	known	5	0.2149419486522674	0.30694523
ATXN3-251	ATXN3	known	29	0.5268370509147644	0.7044314
transcript27632.chr13.nic	PROSER1	nic	3	0.2116107642650604	0.30699024
TXNDC17-201	TXNDC17	known	23	0.219770923256874	0.33579403
ZSCAN18-217	ZSCAN18	known	2	0.1521634757518768	0.4485468
WRNIP1-203	WRNIP1	known	1	0.399422824382782	0.5960973
SYTL2-203	SYTL2	known	43	0.2476248443126678	0.47749448
DICER1-215	DICER1	known	2	0.3404966592788696	0.4276778
HELB-202	HELB	known	3	0.3243265151977539	0.42787442
transcript8885.chr1.nnic	PANK4	nnic	15	0.2785805761814117	0.3851723
transcript8006.chr19.nnic	HMG20B	nnic	2	0.2892139852046966	0.41020042
ZNF687-203	ZNF687	known	2	0.216137483716011	0.513778
TSC1-203	TSC1	known	7	0.4058525264263153	0.47741038
CCDC30-234	CCDC30	known	44	0.247635543346405	0.35639566
PKN1-202	PKN1	known	31	0.3670864105224609	0.5542968
PTBP1-217	PTBP1	known	8	0.4953921735286712	0.5362292
transcript100281.chr1.nic	ORC1	nic	4	0.3935877680778503	0.5899621
MARK3-273	MARK3	known	4	0.4141400456428528	0.5663737
SLC41A3-202	SLC41A3	known	11	0.2835713624954223	0.51803434
VLDLR-229	VLDLR	known	36	0.301855057477951	0.37960562
KLHL24-201	KLHL24	known	29	0.2385587394237518	0.55556566
IGFBP7-201	IGFBP7	known	38	0.2424813657999038	0.33550376
HLA-DMA-201	HLA-DMA	known	24	0.3254126906394958	0.51900715
MRPS5-215	MRPS5	known	6	0.5930450558662415	0.70001405
COX6A1-201	COX6A1	known	15	0.5137417912483215	0.761629
CHTF18-207	CHTF18	known	1	0.3288621306419372	0.5105442
COIL-201	COIL	known	8	0.2363844662904739	0.30011034
DENND2B-230	DENND2B	known	31	0.2835503816604614	0.4226374
GNMT-201	GNMT	known	9	0.2678792476654053	0.31851873
CEP112-226	CEP112	known	44	0.2455231100320816	0.403838
PUF60-227	PUF60	known	8	0.5791307091712952	0.6259475
FLRT2-209	FLRT2	known	36	0.2751795649528503	0.40890655
HACE1-205	HACE1	known	29	0.4463787078857422	0.6849103
WDR35-205	WDR35	known	44	0.3646212220191955	0.55401933
B3GALNT1-221	B3GALNT1	known	20	0.6705643534660339	0.7640377
RBFOX2-203	RBFOX2	known	8	0.4319706261157989	0.5715516
RYR2-201	RYR2	known	12	0.5242694616317749	0.6656071
PRORP-211	PRORP	known	9	0.3096150159835815	0.48264608
MAP3K4-203	MAP3K4	known	31	0.3861041367053985	0.49960256
SRPRA-203	SRPRA	known	43	0.4136441946029663	0.5600027
CSTF1-201	CSTF1	known	8	0.4223551452159881	0.5134245
CTC1-228	CTC1	known	1	0.2819773554801941	0.43190995
ALG11-209	ALG11	known	6	0.2876449823379516	0.5445059
transcript56954.chr2.nnic	SOCS5	nnic	32	0.4122452437877655	0.54540825
UBA1-207	UBA1	known	32	0.2578882277011871	0.3422458
GHR-201	GHR	known	31	0.3511834740638733	0.5238918
MTMR2-235	MTMR2	known	17	0.5996289849281311	0.6742159
MTO1-249	MTO1	known	9	0.2881006896495819	0.35821155
ABCC4-210	ABCC4	known	11	0.4315797090530395	0.640216
PGS1-213	PGS1	known	17	0.2713239192962646	0.35150063
CTSF-201	CTSF	known	19	0.328859269618988	0.46854058
SIAE-202	SIAE	known	25	0.2262227237224578	0.32932132
SGIP1-203	SGIP1	known	28	0.2841967642307281	0.4478683
PTBP1-203	PTBP1	known	8	0.5956560969352722	0.65163136
GPM6B-201	GPM6B	known	36	0.2079832702875137	0.30886418
MYLK-241	MYLK	known	12	0.3066095113754272	0.57616484
VAMP2-203	VAMP2	known	25	0.4525760412216186	0.55076075
NFS1-202	NFS1	known	9	0.2675538957118988	0.36717504
REV3L-208	REV3L	known	9	0.2690469026565552	0.30273953
transcript119225.chr2.nnic	RETSAT	nnic	16	0.2952010631561279	0.43178433
DNAJC7-219	DNAJC7	known	5	0.2626256644725799	0.36887127
PMM1-208	PMM1	known	15	0.2917129695415497	0.42659363
IFT122-260	IFT122	known	43	0.3334876596927643	0.5598469
TTC21B-211	TTC21B	known	44	0.3526791930198669	0.47410718
IDI1-201	IDI1	known	17	0.2984295785427093	0.45021647
ABCC9-201	ABCC9	known	11	0.4435493350028991	0.6165556
DTWD2-203	DTWD2	known	9	0.2935425937175751	0.32381335
MRPS11-207	MRPS11	known	6	0.5502448081970215	0.66647035
transcript160367.chr3.nic	TOMM70	nic	5	0.2808355689048767	0.37969655
transcript119410.chr3.nic	FOXP1	nic	2	0.3251720666885376	0.5789648
transcript68569.chr7.nic	EGFR	nic	23	0.2216775268316269	0.34575468
TNFRSF11A-202	TNFRSF11A	known	31	0.4828727841377258	0.649327
DECR1-204	DECR1	known	16	0.2476127594709396	0.46086255
HS1BP3-209	HS1BP3	known	41	0.3445420861244201	0.41696414
SBK1-201	SBK1	known	31	0.2592248916625976	0.64195055
UCP3-202	UCP3	known	11	0.4306709468364715	0.67901397
PHF14-215	PHF14	known	2	0.3277671039104461	0.55672306
transcript235430.chr3.nic	EPHB1	nic	36	0.4184887707233429	0.5292546
CCNL2-212	CCNL2	known	8	0.2306868582963943	0.34214908
transcript66889.chr20.nnic	ZFP64	nnic	2	0.2207192629575729	0.57144344
transcript114863.chr3.nnic	SUCLG2	nnic	15	0.5669931769371033	0.7140707
SYTL2-202	SYTL2	known	41	0.3708800077438354	0.4877228
DTX3-204	DTX3	known	29	0.2906088531017303	0.44489297
TRMU-213	TRMU	known	9	0.3765886127948761	0.47741294
transcript127120.chr10.nnic	SAR1A	nnic	43	0.4151445627212524	0.53489393
DCC-214	DCC	known	36	0.3836341798305511	0.49436274
CKMT1B-214	CKMT1B	known	15	0.2769137620925903	0.359461
PTK2-207	PTK2	known	38	0.4802678823471069	0.657585
COPB2-209	COPB2	known	44	0.3124864399433136	0.4390143
PEDS1-201	PEDS1	known	16	0.2951914966106415	0.44816875
PIAS3-202	PIAS3	known	2	0.2002111822366714	0.30800664
transcript123012.chr7.nic	ABCB4	nic	11	0.4431349039077759	0.65339816
SGCE-205	SGCE	known	35	0.3205950260162353	0.44781667
ARHGAP22-201	ARHGAP22	known	42	0.4877390265464782	0.69909763
HEMK1-206	HEMK1	known	9	0.3521548509597778	0.3818696
RBBP8-201	RBBP8	known	4	0.3457482159137726	0.48486513
transcript104900.chr15.nnic	TLE3	nnic	23	0.2062079757452011	0.32283363
NTNG1-205	NTNG1	known	35	0.3303923606872558	0.5451602
ARFIP1-203	ARFIP1	known	43	0.2817462682723999	0.41595906
PUS7L-202	PUS7L	known	9	0.4817064106464386	0.5840306
COX7A1-201	COX7A1	known	15	0.3045340180397033	0.50513685
DBNDD2-203	DBNDD2	known	32	0.2998486161231994	0.3944921
transcript12160.chr21.nic	CHODL	nic	25	0.2512655258178711	0.31755593
CUL4B-203	CUL4B	known	1	0.4226673245429992	0.576684
ZNF12-201	ZNF12	known	2	0.1895210593938827	0.5872117
NOD1-206	NOD1	known	23	0.4416869282722473	0.5834755
MPRIP-221	MPRIP	known	41	0.286367803812027	0.35178828
VPS13A-209	VPS13A	known	5	0.2636542022228241	0.33429077
FSTL1-211	FSTL1	known	40	0.241831973195076	0.3269636
IFT122-304	IFT122	known	44	0.4214630126953125	0.59961504
TENT4B-203	TENT4B	known	8	0.253964364528656	0.3442716
NTM-206	NTM	known	35	0.2119374126195907	0.3809109
transcript20274.chr9.nic	NFIB	nic	37	0.3515124022960663	0.4846595
SEC31A-205	SEC31A	known	43	0.4418928027153015	0.59133774
DYNC2H1-202	DYNC2H1	known	44	0.3617682754993438	0.4770587
QRSL1-201	QRSL1	known	16	0.3643211424350738	0.6107944
HECTD3-202	HECTD3	known	29	0.2814461886882782	0.42992386
CASK-214	CASK	known	15	0.3468174934387207	0.6006203
FAHD2A-201	FAHD2A	known	16	0.3870900571346283	0.60657626
CEP95-201	CEP95	known	44	0.2334387004375457	0.30625832
ZSWIM8-218	ZSWIM8	known	3	0.1717677563428878	0.39467803
CACNB4-243	CACNB4	known	12	0.4437294006347656	0.754574
SMIM20-201	SMIM20	known	15	0.2426404654979705	0.42136627
PDLIM1-201	PDLIM1	known	41	0.1807936728000641	0.36612517
ZNF771-202	ZNF771	known	2	0.1898866891860962	0.5238602
RBX1-201	RBX1	known	2	0.2698118388652801	0.4711805
SLC22A17-201	SLC22A17	known	11	0.2729488909244537	0.4961853
ARSA-201	ARSA	known	16	0.3421413600444793	0.4812956
RPGRIP1L-201	RPGRIP1L	known	44	0.3494640588760376	0.5483979
transcript4667.chr14.nnic	CPNE6	nnic	25	0.312438815832138	0.36364508
transcript164650.chr6.nnic	DCBLD1	nnic	40	0.2408463656902313	0.3048572
PPIG-220	PPIG	known	8	0.3148806393146515	0.36921522
BSG-219	BSG	known	35	0.3942209184169769	0.5604588
TXLNGY-206	TXLNGY	known	30	0.2573108971118927	0.34187412
SH3KBP1-221	SH3KBP1	known	41	0.2663520276546478	0.3498586
OSBPL9-202	OSBPL9	known	16	0.3220065534114837	0.5398919
MMP15-201	MMP15	known	19	0.3356049954891205	0.46752995
RASL10A-202	RASL10A	known	42	0.2630436420440674	0.43645877
MTHFD2L-203	MTHFD2L	known	15	0.2608856856822967	0.4362224
JADE2-216	JADE2	known	2	0.3871660232543945	0.5710963
HIPK2-202	HIPK2	known	31	0.3173701167106628	0.5781391
LDLR-210	LDLR	known	36	0.3850003182888031	0.45132858
LIG4-211	LIG4	known	1	0.4524286687374115	0.61212397
KIAA0513-205	KIAA0513	known	42	0.3026461005210876	0.36990446
KLHL13-206	KLHL13	known	29	0.2190606594085693	0.48818415
MYOT-201	MYOT	known	35	0.3161593079566955	0.52965313
ACTN1-201	ACTN1	known	35	0.406555712223053	0.5691731
PPARA-202	PPARA	known	33	0.4103587567806244	0.73680997
ATP2C1-204	ATP2C1	known	11	0.2370827794075012	0.39542702
RAPGEF3-211	RAPGEF3	known	42	0.2127363979816436	0.32074803
KCNIP2-203	KCNIP2	known	12	0.3795813620090484	0.62840855
GDAP1-248	GDAP1	known	19	0.2512484490871429	0.3645062
RP9-203	RP9	known	8	0.2319811433553695	0.30370814
LRRC46-201	LRRC46	known	3	0.2497184574604034	0.3116655
STRADB-201	STRADB	known	31	0.4379458129405975	0.6955466
SGCE-262	SGCE	known	35	0.2800627648830414	0.40794864
SPP1-221	SPP1	known	40	0.3588488698005676	0.40465564
transcript4665.chr17.nic	INPP5K	nic	32	0.3627584278583526	0.41781968
NOB1-201	NOB1	known	9	0.3951534330844879	0.6051717
KIF1B-212	KIF1B	known	43	0.3739806711673736	0.4911395
UNC5C-202	UNC5C	known	36	0.2600949108600616	0.37519586
NRXN1-261	NRXN1	known	13	0.5459499955177307	0.827637
SMAD3-201	SMAD3	known	3	0.2267373949289322	0.33044013
ADGRL2-213	ADGRL2	known	14	0.4940900802612304	0.7400483
OTUD5-203	OTUD5	known	29	0.2727000713348388	0.42719984
NTRK2-235	NTRK2	known	31	0.515387773513794	0.751881
LMBR1L-201	LMBR1L	known	11	0.2532769739627838	0.40494022
GLIPR2-202	GLIPR2	known	38	0.3406603634357452	0.58222246
TBCD-202	TBCD	known	32	0.2193439155817031	0.3138727
ARHGAP21-206	ARHGAP21	known	42	0.2832410037517547	0.38694543
RASSF4-207	RASSF4	known	29	0.2878723442554474	0.42013368
VPS53-264	VPS53	known	43	0.269429475069046	0.46342248
DENND5A-225	DENND5A	known	36	0.2689446806907654	0.4025456
STAG2-220	STAG2	known	4	0.3380720913410187	0.5035059
GNB1-201	GNB1	known	14	0.3272642493247986	0.41802853
SLC52A2-209	SLC52A2	known	11	0.3162497878074646	0.5002687
ERCC6-215	ERCC6	known	2	0.302653819322586	0.40755695
PNPO-217	PNPO	known	16	0.2616748213768005	0.36867005
IMPDH2-235	IMPDH2	known	15	0.4075233340263366	0.5865847
ACSL4-211	ACSL4	known	15	0.5685180425643921	0.72533816
CC2D1B-209	CC2D1B	known	43	0.2757435739040375	0.4408404
transcript346366.chr2.nic	GLS	nic	16	0.2619575262069702	0.37080696
EEF1D-254	EEF1D	known	10	0.2780672907829284	0.39566094
CNOT6L-202	CNOT6L	known	10	0.3603668808937073	0.5160166
FAHD2B-201	FAHD2B	known	16	0.3788791596889496	0.6029723
CKAP2-201	CKAP2	known	44	0.1748185455799102	0.32370874
RAB7A-211	RAB7A	known	43	0.3718187510967254	0.51989424
STXBP5-209	STXBP5	known	44	0.3143498003482818	0.41279197
DHX38-210	DHX38	known	3	0.2405654340982437	0.3058419
PRDM16-201	PRDM16	known	2	0.3090737760066986	0.4596528
H2AC21-201	H2AC21	known	2	0.2821759581565857	0.5292419
ZBTB3-204	ZBTB3	known	2	0.220688134431839	0.4851056
KHSRP-212	KHSRP	known	10	0.3151633143424988	0.5108364
DDX27-205	DDX27	known	10	0.3879434466361999	0.61117804
CLCC1-260	CLCC1	known	11	0.2291537821292877	0.32911608
CNBP-204	CNBP	known	16	0.2499738037586212	0.42503443
GFRA1-212	GFRA1	known	36	0.4396232068538666	0.68496543
FOSB-201	FOSB	known	2	0.3056825995445251	0.5967293
DHX37-205	DHX37	known	9	0.4000115096569061	0.5336442
EIF1B-201	EIF1B	known	6	0.3929207324981689	0.54095876
SEC31B-202	SEC31B	known	43	0.3324038386344909	0.4523018
INHBA-201	INHBA	known	38	0.4237572848796844	0.50593376
ITGB1BP1-204	ITGB1BP1	known	17	0.2515805959701538	0.32615137
CSPG4-201	CSPG4	known	35	0.3302384912967682	0.4854012
SCN1B-208	SCN1B	known	12	0.2943755388259887	0.40880194
transcript52007.chr6.nnic	BTBD9	nnic	29	0.1768987625837326	0.35577253
RAB11FIP2-201	RAB11FIP2	known	43	0.2926765382289886	0.39936656
NAA10-216	NAA10	known	2	0.2491100430488586	0.44149047
RMDN3-202	RMDN3	known	12	0.189004436135292	0.32096848
DHX29-204	DHX29	known	1	0.2794892787933349	0.5289606
KPNA1-201	KPNA1	known	7	0.5113560557365417	0.7291021
transcript12533.chr12.nic	ZNF384	nic	2	0.2273003011941909	0.5366561
ASAH1-232	ASAH1	known	25	0.3152002096176147	0.33967537
CDK11B-204	CDK11B	known	8	0.2733197212219238	0.47806007
POLR2E-201	POLR2E	known	8	0.4020845890045166	0.53878194
SETMAR-205	SETMAR	known	1	0.3686410784721374	0.48859304
MLXIP-207	MLXIP	known	2	0.1980606317520141	0.45909
POMGNT2-201	POMGNT2	known	20	0.5616896748542786	0.62135684
CARNS1-208	CARNS1	known	16	0.2812838852405548	0.43433428
GRIA4-205	GRIA4	known	11	0.358058899641037	0.68269306
EXD2-202	EXD2	known	1	0.3001614809036255	0.48920974
DMTF1-202	DMTF1	known	2	0.2346814721822738	0.5071259
EFEMP1-201	EFEMP1	known	40	0.3490195274353027	0.47275788
GTF2IRD1-202	GTF2IRD1	known	2	0.2270756661891937	0.45421323
CDH19-201	CDH19	known	35	0.4580655694007873	0.71978575
RSRC1-215	RSRC1	known	8	0.5041727423667908	0.56419265
KMT2A-221	KMT2A	known	2	0.3055532872676849	0.46278104
RNF41-211	RNF41	known	29	0.403872013092041	0.59754616
GCSH-209	GCSH	known	18	0.2418607920408249	0.32343465
RAB8B-201	RAB8B	known	25	0.434098869562149	0.61982083
CLASP1-206	CLASP1	known	44	0.4989213645458221	0.60988444
SHOC2-201	SHOC2	known	42	0.3127651810646057	0.4299098
POT1-202	POT1	known	1	0.3404871821403503	0.49189824
CHPF-202	CHPF	known	20	0.6010499000549316	0.63781804
RASAL2-201	RASAL2	known	42	0.3427977263927459	0.4140903
PRRT2-207	PRRT2	known	25	0.349896639585495	0.4650534
SPATA5-201	SPATA5	known	29	0.342150866985321	0.52139556
COL4A2-216	COL4A2	known	40	0.3199191689491272	0.4716212
MCL1-202	MCL1	known	18	0.2204782962799072	0.33211684
FDFT1-209	FDFT1	known	17	0.3261268734931946	0.5641071
ENST00000623466	ENSG00000290893	known	35	0.3302577137947082	0.76824
HAUS6-201	HAUS6	known	44	0.2791674137115478	0.35957673
CRACR2A-203	CRACR2A	known	43	0.3251761496067047	0.39051726
ELFN2-201	ELFN2	known	13	0.2337545454502105	0.31631956
CENPJ-205	CENPJ	known	44	0.3825771510601043	0.47147188
RTCA-203	RTCA	known	9	0.308394193649292	0.36922947
TNFRSF14-210	TNFRSF14	known	23	0.3675444722175598	0.5734116
BHLHE22-201	BHLHE22	known	37	0.2813865542411804	0.51921815
transcript10538.chr12.nic	C12orf4	nic	32	0.1897296011447906	0.3079451
MSL3-236	MSL3	known	1	0.2720313370227813	0.42525163
EEF2K-204	EEF2K	known	9	0.2376094311475753	0.32011434
PSMD3-201	PSMD3	known	25	0.3757184743881225	0.5990637
ZDHHC20-210	ZDHHC20	known	6	0.3515045940876007	0.40402374
DCC-202	DCC	known	36	0.4200828671455383	0.52657026
RAB13-201	RAB13	known	25	0.496469497680664	0.6441626
transcript89854.chr2.nic	C2orf42	nic	1	0.2883772850036621	0.4478144
NTNG1-207	NTNG1	known	36	0.3712651431560516	0.59815985
GP1BB-201	GP1BB	known	35	0.1987685263156891	0.3169238
CREB3-202	CREB3	known	20	0.2150052934885025	0.34447563
GSTA4-203	GSTA4	known	16	0.2908079326152801	0.46249938
ZNF688-204	ZNF688	known	2	0.2000342309474945	0.52746475
GABRD-205	GABRD	known	11	0.3355984091758728	0.57156026
PYGO1-202	PYGO1	known	3	0.2959525287151336	0.372375
NEDD4L-241	NEDD4L	known	29	0.4238079190254211	0.5796334
CWC27-216	CWC27	known	8	0.50025874376297	0.59298545
ZEB2-224	ZEB2	known	2	0.2599343359470367	0.51350117
KCNJ11-204	KCNJ11	known	11	0.3735727369785309	0.67807204
LDB1-204	LDB1	known	2	0.3180768489837646	0.40963134
PTK2-255	PTK2	known	38	0.4425993263721466	0.6604496
ANK3-232	ANK3	known	36	0.2541185915470123	0.4256583
LTA4H-201	LTA4H	known	25	0.3662120699882507	0.37427983
GNPDA1-210	GNPDA1	known	15	0.3471627235412597	0.5039752
SCFD1-250	SCFD1	known	41	0.3213073909282684	0.44759512
NUDT21-201	NUDT21	known	8	0.3726092278957367	0.46875876
HYOU1-218	HYOU1	known	18	0.4747950732707977	0.5396416
NEK3-205	NEK3	known	44	0.2950610518455505	0.565251
GOLGB1-202	GOLGB1	known	43	0.2912595570087433	0.43319115
POLR3F-203	POLR3F	known	29	0.2385675013065338	0.38107154
TOX3-201	TOX3	known	2	0.3099268078804016	0.52817905
TCERG1-201	TCERG1	known	8	0.3923152685165405	0.50764173
PGM3-223	PGM3	known	20	0.3117628991603851	0.5559142
RIMBP2-215	RIMBP2	known	13	0.2142793387174606	0.30615854
PDE4DIP-238	PDE4DIP	known	2	0.1917555481195449	0.31941313
IL18-201	IL18	known	23	0.4399046599864959	0.6258253
transcript164377.chrX.nnic	GAB3	nnic	17	0.2055583298206329	0.31145674
ERCC4-207	ERCC4	known	1	0.3128914833068847	0.46039566
NUP54-201	NUP54	known	7	0.6511563062667847	0.75971854
RERGL-203	RERGL	known	42	0.1997093558311462	0.3716274
SLC44A2-210	SLC44A2	known	25	0.3640776872634887	0.41385365
ZNF708-201	ZNF708	known	2	0.1686434894800186	0.5295592
ORC4-214	ORC4	known	1	0.4116227626800537	0.63268596
KAT8-206	KAT8	known	2	0.3929835259914398	0.5758058
IFI44L-208	IFI44L	known	44	0.2890613377094269	0.45728317
STK25-203	STK25	known	31	0.5901282429695129	0.82368374
RNF103-204	RNF103	known	29	0.2727026343345642	0.48898125
ZBTB43-202	ZBTB43	known	2	0.2067460268735885	0.42088875
PAPOLG-202	PAPOLG	known	2	0.2370657920837402	0.33830816
PRKACB-210	PRKACB	known	39	0.5044733285903931	0.6146324
SEPTIN11-201	SEPTIN11	known	44	0.42597296833992	0.70453775
RSRP1-222	RSRP1	known	8	0.3754434585571289	0.42340946
ARHGAP42-201	ARHGAP42	known	41	0.4289378225803375	0.5291273
PRDM2-203	PRDM2	known	2	0.2888805270195007	0.49972993
KLHL2-201	KLHL2	known	29	0.3148218989372253	0.6308578
ELN-201	ELN	known	40	0.3574841618537903	0.52866286
ST6GAL1-220	ST6GAL1	known	20	0.5236389636993408	0.5959675
LINC00667-219	LINC00667	known	22	0.2293899357318878	0.35954338
ZNF17-207	ZNF17	known	2	0.1965113878250122	0.57088315
ACY1-213	ACY1	known	16	0.2361719757318496	0.35689938
TTF2-201	TTF2	known	1	0.3783914148807525	0.59575796
NEK1-228	NEK1	known	31	0.347561627626419	0.76248866
AP2A2-208	AP2A2	known	43	0.3310996294021606	0.46203393
NOC2L-203	NOC2L	known	10	0.2493367493152618	0.3662971
ORC5-201	ORC5	known	1	0.3271851539611816	0.5143455
PRKAG2-228	PRKAG2	known	44	0.3095685541629791	0.42220998
DDHD1-207	DDHD1	known	17	0.2505957782268524	0.34422368
DIABLO-216	DIABLO	known	30	0.397730678319931	0.5418652
NDUFAF5-201	NDUFAF5	known	9	0.3797043561935425	0.3996951
PTEN-214	PTEN	known	31	0.3807714283466339	0.47916842
ARMC9-213	ARMC9	known	44	0.2692424654960632	0.3521306
TRNT1-225	TRNT1	known	9	0.2678280770778656	0.34993386
HSPB7-201	HSPB7	known	18	0.2075618505477905	0.34554616
TAOK3-201	TAOK3	known	31	0.6692303419113159	0.828242
KMT2C-224	KMT2C	known	2	0.2776532471179962	0.41625342
MAN2C1-224	MAN2C1	known	16	0.2724672853946686	0.44201842
LARP4B-201	LARP4B	known	8	0.2411802560091018	0.34359363
BEND7-203	BEND7	known	2	0.1762962937355041	0.36542228
ZNF207-204	ZNF207	known	4	0.4159473776817322	0.57291234
transcript65130.chr14.nic	EIF2S1	nic	6	0.2944543361663818	0.38320976
IMP4-201	IMP4	known	10	0.3145707547664642	0.65237063
TGIF1-202	TGIF1	known	2	0.2031387537717819	0.55342615
MACF1-208	MACF1	known	44	0.2894593179225921	0.39895248
AIFM2-204	AIFM2	known	21	0.2291864603757858	0.41189438
transcript246274.chr5.nic	MAPK9	nic	31	0.2977988421916961	0.66163146
MDM4-203	MDM4	known	4	0.3843302130699157	0.54799694
LONP1-201	LONP1	known	19	0.3334522545337677	0.4200295
NCOA3-202	NCOA3	known	2	0.3337656259536743	0.5636077
transcript49272.chr6.nnic	BRPF3	nnic	2	0.3149715065956116	0.5293775
SEPTIN6-201	SEPTIN6	known	44	0.4323311448097229	0.72426
COL19A1-205	COL19A1	known	40	0.3651942908763885	0.63781106
RBM25-207	RBM25	known	8	0.4087727963924408	0.4586884
THADA-203	THADA	known	7	0.3532222807407379	0.5307509
PQBP1-205	PQBP1	known	8	0.5328611731529236	0.5882557
CHORDC1-207	CHORDC1	known	1	0.217449739575386	0.32961872
transcript12817.chr11.nic	STK33	nic	4	0.2842773795127868	0.49868712
ZNF668-207	ZNF668	known	2	0.2100514620542526	0.5327414
RDX-206	RDX	known	41	0.3259064555168152	0.45636716
DDX1-211	DDX1	known	9	0.3081228137016296	0.38927895
ZNF311-203	ZNF311	known	2	0.1727660894393921	0.58475554
IL20RA-202	IL20RA	known	23	0.2558739185333252	0.41988367
CFAP58-202	CFAP58	known	44	0.3050425052642822	0.5117473
PHF14-216	PHF14	known	2	0.3328519761562347	0.5248071
CKMT1A-204	CKMT1A	known	9	0.253064900636673	0.37113792
PCDH7-206	PCDH7	known	35	0.3733929395675659	0.67727315
CNTRL-206	CNTRL	known	44	0.2383555471897125	0.34840927
transcript220642.chr4.nic	FAT1	nic	35	0.4360509514808655	0.7059021
NPR2-226	NPR2	known	15	0.3481382727622986	0.4724378
CNOT6L-208	CNOT6L	known	10	0.3496349453926086	0.51282924
HTRA2-209	HTRA2	known	19	0.5386435985565186	0.55959165
MFSD6-202	MFSD6	known	11	0.2539273798465729	0.35168067
ZNF7-218	ZNF7	known	2	0.1698567271232605	0.580449
transcript32586.chr19.nnic	RFX1	nnic	2	0.2698935568332672	0.45216316
FBXW8-202	FBXW8	known	29	0.340728223323822	0.58197623
GPS1-228	GPS1	known	32	0.4045464396476745	0.5362975
SLC30A9-205	SLC30A9	known	11	0.2547619342803955	0.48899102
TMCO6-203	TMCO6	known	7	0.203384518623352	0.3153871
ZNF77-201	ZNF77	known	2	0.1900516748428344	0.5546056
transcript227936.chr7.nic	ZNF862	nic	3	0.1474309265613556	0.40501612
transcript97670.chr17.nic	HLF	nic	41	0.2140090465545654	0.30068213
DCTN2-209	DCTN2	known	44	0.4754032790660858	0.6038081
KIFBP-206	KIFBP	known	5	0.2868304550647735	0.36529228
BAHCC1-205	BAHCC1	known	2	0.1872621327638626	0.32979375
ZNF461-202	ZNF461	known	2	0.1684257686138153	0.548159
transcript85288.chr4.nic	GABRA2	nic	11	0.4218037724494934	0.73528767
CASP3-206	CASP3	known	19	0.5800522565841675	0.68071586
TMEM203-201	TMEM203	known	19	0.2535446286201477	0.30425295
NTNG1-204	NTNG1	known	36	0.3887640833854675	0.60817325
SMARCB1-216	SMARCB1	known	2	0.2928613126277923	0.4718637
transcript187371.chr5.nic	PCDH1	nic	35	0.3806813359260559	0.59731853
ZNF382-201	ZNF382	known	2	0.1476978063583374	0.4657198
SMARCA2-208	SMARCA2	known	2	0.4263146221637726	0.5919037
RTN4RL2-201	RTN4RL2	known	36	0.3383524119853973	0.4110836
MACF1-211	MACF1	known	41	0.2380472421646118	0.422484
CSDE1-242	CSDE1	known	10	0.3830814957618713	0.5376165
RPTOR-211	RPTOR	known	4	0.3364483416080475	0.46994606
NTRK3-202	NTRK3	known	31	0.536840558052063	0.7522297
PDE4B-203	PDE4B	known	24	0.3445956110954284	0.6251071
METTL23-212	METTL23	known	9	0.2691035568714142	0.37434274
DST-237	DST	known	44	0.2371082454919815	0.34909844
SYT1-204	SYT1	known	13	0.4266019463539123	0.6185762
transcript88795.chr3.nic	GLYCTK	nic	16	0.2851142287254333	0.48586506
MTX3-201	MTX3	known	16	0.2176382094621658	0.36474842
CDK13-219	CDK13	known	3	0.2682899534702301	0.6131774
CPNE3-212	CPNE3	known	25	0.3963199853897095	0.4854444
CDK11B-205	CDK11B	known	2	0.2494410723447799	0.5136123
ARID1A-210	ARID1A	known	2	0.2545152306556701	0.42512345
TFAP2C-201	TFAP2C	known	2	0.2191585749387741	0.36004215
CENPE-202	CENPE	known	44	0.5150375366210938	0.63330084
GCC2-214	GCC2	known	44	0.3475155532360077	0.43752104
transcript116148.chr4.nic	ANTXR2	nic	35	0.2430247217416763	0.35060292
MTDH-203	MTDH	known	10	0.1894890367984771	0.35874686
ZIK1-204	ZIK1	known	2	0.1764669716358184	0.58246046
ALS2CL-206	ALS2CL	known	42	0.2440632134675979	0.31632614
TTC21B-213	TTC21B	known	44	0.379044234752655	0.4929034
SNRPN-205	SNRPN	known	8	0.4942083656787872	0.74153167
THEM4-202	THEM4	known	16	0.301664263010025	0.38148794
PDSS2-202	PDSS2	known	17	0.2039720118045807	0.31763062
MAP7D2-202	MAP7D2	known	44	0.291685402393341	0.44369403
GRM1-206	GRM1	known	14	0.3180463314056396	0.3865458
CYP4Z1-201	CYP4Z1	known	16	0.331326276063919	0.5398652
transcript180349.chr10.nnic	SEMA4G	nnic	36	0.658383846282959	0.9226039
TSPAN5-202	TSPAN5	known	25	0.3853112459182739	0.40537897
ELOVL6-202	ELOVL6	known	15	0.5658971667289734	0.77145165
CSRP1-215	CSRP1	known	5	0.324411004781723	0.36898565
SLITRK5-201	SLITRK5	known	36	0.3634362518787384	0.5129959
CEP43-216	CEP43	known	41	0.2544269263744354	0.3222447
FAM234B-201	FAM234B	known	20	0.2790684998035431	0.31247094
AKT1-201	AKT1	known	39	0.3982821106910705	0.5838748
AURKA-207	AURKA	known	4	0.5685940384864807	0.72663563
NOTCH2-201	NOTCH2	known	37	0.4187161326408386	0.5249383
SIRT5-205	SIRT5	known	9	0.2648452222347259	0.4358004
TEK-201	TEK	known	38	0.4386515021324157	0.56280804
COX8A-201	COX8A	known	15	0.3450970351696014	0.5442267
ZNF763-201	ZNF763	known	2	0.1512703001499176	0.54070807
PRSS53-201	PRSS53	known	19	0.3785723149776459	0.48415
RNF13-201	RNF13	known	29	0.3362026810646057	0.5022694
MUL1-201	MUL1	known	30	0.3683609664440155	0.45634127
ATN1-202	ATN1	known	2	0.2773573994636535	0.40985006
PRRG1-208	PRRG1	known	30	0.1841051876544952	0.32328635
B9D1-219	B9D1	known	44	0.2956799864768982	0.5886255
C6orf120-201	C6orf120	known	25	0.3184313476085663	0.3430903
HADH-215	HADH	known	16	0.3304105103015899	0.55780363
CPNE2-202	CPNE2	known	25	0.3695605993270874	0.42415485
GLB1L3-205	GLB1L3	known	16	0.2214396446943283	0.3092565
EIF5A-205	EIF5A	known	6	0.3627877235412597	0.43535495
GTF2H1-214	GTF2H1	known	2	0.3155066967010498	0.46706396
SMARCAL1-215	SMARCAL1	known	1	0.3641180098056793	0.5548628
KCND3-201	KCND3	known	11	0.4248475432395935	0.7824667
KCNF1-201	KCNF1	known	11	0.4381947815418243	0.80518454
LAMB1-217	LAMB1	known	35	0.3115817606449127	0.4572819
RBSN-207	RBSN	known	41	0.2312638312578201	0.32532808
POU6F2-212	POU6F2	known	2	0.2491616308689117	0.55547154
INSIG1-201	INSIG1	known	27	0.3650121390819549	0.4183437
TRUB1-201	TRUB1	known	9	0.4817188680171966	0.56003815
CYB561-203	CYB561	known	11	0.2404552996158599	0.4388237
STIM1-221	STIM1	known	12	0.3448078632354736	0.463245
transcript157296.chr19.nic	TRIM28	nic	29	0.3579024374485016	0.48952985
MINDY1-201	MINDY1	known	29	0.1759188324213028	0.4494545
GUK1-201	GUK1	known	15	0.4402864575386047	0.7272723
MKX-201	MKX	known	2	0.2315538972616195	0.556955
ERCC4-216	ERCC4	known	1	0.4959183633327484	0.687926
ZBTB24-210	ZBTB24	known	2	0.207889124751091	0.52699864
TBC1D8-202	TBC1D8	known	42	0.3490881025791168	0.47784477
CASK-230	CASK	known	15	0.2680860459804535	0.39470392
NUDT4-202	NUDT4	known	15	0.4307366907596588	0.71298546
TMCO3-202	TMCO3	known	11	0.2756608426570892	0.49318027
ZNF821-221	ZNF821	known	2	0.2116983532905578	0.6314848
SLC25A19-202	SLC25A19	known	11	0.3315805494785309	0.5508231
NRXN2-217	NRXN2	known	13	0.5361319184303284	0.65907526
TTC21B-221	TTC21B	known	44	0.379044234752655	0.4929034
CASK-208	CASK	known	15	0.2743564248085022	0.40192112
SH3RF2-206	SH3RF2	known	31	0.3719951510429382	0.49445876
MIA2-208	MIA2	known	43	0.2103233933448791	0.38350415
PPIP5K2-201	PPIP5K2	known	17	0.4434800744056701	0.5390633
CASP7-207	CASP7	known	19	0.5586100220680237	0.644866
SNAP25-214	SNAP25	known	25	0.563822329044342	0.6886606
PHYKPL-201	PHYKPL	known	16	0.3807010650634765	0.59295535
BCAR1-218	BCAR1	known	38	0.4014124572277069	0.5719861
CROCCP2-206	CROCCP2	known	44	0.2648563683032989	0.4104938
ZBTB45-202	ZBTB45	known	2	0.2195112854242324	0.45840025
CREB5-209	CREB5	known	2	0.2633308172225952	0.48227707
transcript154795.chr4.nic	ENPEP	nic	25	0.3428554832935333	0.41174546
MAP3K8-202	MAP3K8	known	31	0.4898657202720642	0.70014423
COMT-202	COMT	known	9	0.3455746471881866	0.4321967
RPS10-206	RPS10	known	5	0.5407873392105103	0.7066876
FAAP20-202	FAAP20	known	2	0.1986010372638702	0.33279666
ENST00000514048	ENSG00000290548	known	25	0.331096887588501	0.3906113
TRMT44-205	TRMT44	known	9	0.4731546938419342	0.5161304
CIRBP-225	CIRBP	known	8	0.3793717324733734	0.4177908
ARID1A-216	ARID1A	known	44	0.2296575903892517	0.32905155
ZNF638-224	ZNF638	known	8	0.2038336247205734	0.30068246
transcript13360.chr2.nic	ITGB1BP1	nic	31	0.2155886441469192	0.32606143
RPS5-204	RPS5	known	5	0.3482820391654968	0.3826464
HEATR5B-201	HEATR5B	known	22	0.266144186258316	0.34664652
PPM1G-202	PPM1G	known	9	0.2468684315681457	0.38027757
MUS81-216	MUS81	known	1	0.2302714586257934	0.3616613
transcript74665.chr5.nnic	SNX18	nnic	43	0.3111405670642853	0.46490026
TAF6-265	TAF6	known	2	0.2805786430835724	0.38601422
ASAH1-243	ASAH1	known	6	0.3148395717144012	0.36593696
transcript173146.chr7.nic	MET	nic	36	0.5355122089385986	0.65284
PRR5-217	PRR5	known	42	0.2488990277051925	0.3054599
CEP192-213	CEP192	known	27	0.2393764406442642	0.34403223
TIMELESS-205	TIMELESS	known	2	0.2489640563726425	0.37180465
SKIC3-220	SKIC3	known	29	0.1779120564460754	0.38177353
ABCC8-236	ABCC8	known	11	0.3942268788814544	0.57942903
transcript120867.chr19.nnic	ARHGAP35	nnic	42	0.434140682220459	0.6175889
ELP2-202	ELP2	known	9	0.1990409940481186	0.36610204
CACNG2-201	CACNG2	known	13	0.3697932064533233	0.52212346
SYTL2-229	SYTL2	known	41	0.3708800077438354	0.4877228
transcript118777.chr6.nnic	SLC17A5	nnic	11	0.3782647252082824	0.6511362
RBM7-203	RBM7	known	8	0.4899347722530365	0.51424694
transcript217444.chr11.nic	THYN1	nic	1	0.213738664984703	0.35764802
FADS6-203	FADS6	known	16	0.3351217210292816	0.4203621
ANK2-306	ANK2	known	27	0.3744498491287231	0.48910922
H1-2-201	H1-2	known	2	0.3326438367366791	0.5996388
STYXL1-208	STYXL1	known	32	0.3728315234184265	0.51233375
MATR3-201	MATR3	known	8	0.3935745656490326	0.43293947
ERI2-203	ERI2	known	2	0.2636090815067291	0.4549798
MLH1-227	MLH1	known	1	0.4383053481578827	0.6309298
PPIG-215	PPIG	known	8	0.3378584384918213	0.38602066
ZNF608-205	ZNF608	known	2	0.3159376382827759	0.5143608
ALS2-250	ALS2	known	42	0.312620997428894	0.40927038
ZNF426-201	ZNF426	known	2	0.1747079193592071	0.54207444
TRAF3IP2-219	TRAF3IP2	known	23	0.2942431569099426	0.36820865
ZNF431-207	ZNF431	known	2	0.1464948952198028	0.5273441
USP19-213	USP19	known	29	0.46809783577919	0.6382947
GOLGB1-244	GOLGB1	known	44	0.263320654630661	0.36438626
VPS50-220	VPS50	known	43	0.3015295267105102	0.51235783
CSPG5-202	CSPG5	known	20	0.45086669921875	0.46399736
ALDH18A1-202	ALDH18A1	known	9	0.2934713363647461	0.5107816
GNAI1-210	GNAI1	known	42	0.2804747819900512	0.38194937
IKZF2-214	IKZF2	known	2	0.213586688041687	0.45984167
CCDC71-201	CCDC71	known	3	0.2246982008218765	0.36619046
transcript46151.chr11.nic	IFTAP	nic	22	0.2337683737277984	0.33541623
transcript80679.chrX.nnic	GJB1	nnic	11	0.1876456439495086	0.31169727
ORMDL2-201	ORMDL2	known	25	0.2618804574012756	0.33992946
SRD5A1-201	SRD5A1	known	16	0.3642394244670868	0.53948075
SNX9-207	SNX9	known	43	0.3024309277534485	0.46787518
UQCC3-201	UQCC3	known	15	0.3042891323566437	0.48406735
ZNF766-206	ZNF766	known	9	0.1711712032556533	0.3566949
NBAS-208	NBAS	known	3	0.207838088274002	0.30251536
ATP5F1D-201	ATP5F1D	known	6	0.272593230009079	0.30803108
DMD-284	DMD	known	41	0.349364697933197	0.59225255
TTC3-208	TTC3	known	29	0.2542325854301452	0.51381767
HRAS-205	HRAS	known	31	0.4437600672245025	0.57643384
SCN8A-212	SCN8A	known	12	0.4564730226993561	0.8452358
DCTD-201	DCTD	known	15	0.2977092862129211	0.5228696
HLA-DRB5-201	HLA-DRB5	known	24	0.3812634944915771	0.589418
CRHR2-208	CRHR2	known	14	0.5437556505203247	0.8058464
TMEM86B-203	TMEM86B	known	17	0.2108889520168304	0.33554822
MAP3K21-202	MAP3K21	known	31	0.5684654712677002	0.7700355
BCLAF1-212	BCLAF1	known	8	0.2913071811199188	0.34975377
COCH-201	COCH	known	40	0.3170588612556457	0.5450977
G3BP2-239	G3BP2	known	8	0.4095773994922638	0.49782935
LIPE-201	LIPE	known	16	0.1966065317392349	0.31812584
COL9A1-215	COL9A1	known	40	0.3974857330322265	0.6753324
MYO7A-202	MYO7A	known	41	0.232511281967163	0.39141843
CCT5-201	CCT5	known	27	0.2731000781059265	0.41258883
JAK2-201	JAK2	known	39	0.4713493287563324	0.6130164
CXCL1-201	CXCL1	known	23	0.3621282279491424	0.5629564
TGM1-201	TGM1	known	40	0.2502867579460144	0.35876757
MBD3-201	MBD3	known	2	0.2571219503879547	0.3568169
TRIM16-211	TRIM16	known	26	0.2743561565876007	0.414332
ZNF701-202	ZNF701	known	2	0.1456000655889511	0.5139805
NASP-210	NASP	known	2	0.2362626194953918	0.3601184
ALS2-218	ALS2	known	42	0.312620997428894	0.40927038
CCN1-204	CCN1	known	40	0.3351575434207916	0.45035934
NSD3-203	NSD3	known	2	0.360907644033432	0.6054333
RPS23-209	RPS23	known	5	0.7774275541305542	0.8785674
GPSM2-224	GPSM2	known	27	0.2565412819385528	0.39191544
transcript32951.chr5.nic	C5orf22	nic	9	0.2504207789897918	0.31548303
PHB1-201	PHB1	known	29	0.3531734347343445	0.5018929
NUP58-216	NUP58	known	7	0.7625494599342346	0.8843754
transcript224122.chr1.nic	CHD1L	nic	1	0.2348939627408981	0.4506957
NANS-201	NANS	known	9	0.2128976583480835	0.349261
transcript136963.chr6.nnic	PM20D2	nnic	9	0.2377259284257888	0.3229169
transcript404963.chr2.nic	ILKAP	nic	32	0.2632966637611389	0.5629324
KIAA0586-224	KIAA0586	known	44	0.2356915324926376	0.34428078
MAEA-201	MAEA	known	29	0.4157015383243561	0.6263405
MAT2B-217	MAT2B	known	9	0.2817875444889068	0.43347043
TMC6-231	TMC6	known	11	0.210645392537117	0.33093455
ADGRL3-217	ADGRL3	known	14	0.4302601218223572	0.63007957
ARMC9-234	ARMC9	known	1	0.2401457726955413	0.3553997
SPAG7-205	SPAG7	known	6	0.2238952964544296	0.31036988
PTHLH-205	PTHLH	known	14	0.3533294796943664	0.41508985
transcript138954.chr19.nic	ETFB	nic	9	0.2496026009321212	0.3848628
PPM1D-206	PPM1D	known	32	0.2596181035041809	0.5332942
transcript326123.chr1.nic	ENAH	nic	36	0.2596370279788971	0.37130353
ARX-201	ARX	known	2	0.2473827600479126	0.49585086
SLC20A2-207	SLC20A2	known	11	0.5693099498748779	0.84851897
DBR1-201	DBR1	known	9	0.3486239910125732	0.5567126
RSPRY1-210	RSPRY1	known	3	0.1540252715349197	0.30659342
SPSB2-205	SPSB2	known	29	0.2451644390821457	0.41074735
CADPS2-201	CADPS2	known	28	0.3000281751155853	0.39554334
CBS-203	CBS	known	15	0.3698639273643493	0.5102743
HSPA1A-201	HSPA1A	known	25	0.4687606990337372	0.51221865
CAST-259	CAST	known	30	0.3754706680774688	0.7699893
GORASP1-211	GORASP1	known	43	0.23862886428833	0.31932896
TIMM23-201	TIMM23	known	5	0.3179572224617004	0.46918154
IFIH1-201	IFIH1	known	30	0.5058050751686096	0.6732128
SZT2-210	SZT2	known	44	0.265281468629837	0.35908672
NOL10-205	NOL10	known	9	0.3437473773956299	0.5240068
PTGES2-220	PTGES2	known	16	0.3786398470401764	0.48197103
UBE2O-204	UBE2O	known	29	0.3085629343986511	0.5165139
P4HB-232	P4HB	known	30	0.2496829330921173	0.4017396
MTR-207	MTR	known	15	0.4790363013744354	0.61278725
DMAC2L-207	DMAC2L	known	15	0.3783259391784668	0.4900921
LAMTOR2-202	LAMTOR2	known	25	0.4134733378887176	0.436922
YWHAB-202	YWHAB	known	27	0.4158434867858886	0.4919837
SEC16A-210	SEC16A	known	27	0.4188527166843414	0.4520464
HACL1-208	HACL1	known	16	0.3855576515197754	0.587202
BLTP1-217	BLTP1	known	22	0.1724276393651962	0.30533105
CACNG7-203	CACNG7	known	5	0.3191186785697937	0.46010613
GPR34-201	GPR34	known	14	0.3636398613452911	0.6767811
NAPA-205	NAPA	known	44	0.287149041891098	0.45283002
SPIN2B-204	SPIN2B	known	2	0.2385661303997039	0.35413045
TRIM39-201	TRIM39	known	29	0.3280413746833801	0.5267798
NEK9-214	NEK9	known	31	0.4509012997150421	0.7075263
THBS2-211	THBS2	known	40	0.3275778591632843	0.42732486
COL5A3-201	COL5A3	known	40	0.3736599087715149	0.64946306
transcript38466.chr1.nic	SLC66A1	nic	11	0.1770672798156738	0.32478207
transcript228426.chr5.nic	SLIT3	nic	36	0.2838770449161529	0.3936257
RPUSD2-203	RPUSD2	known	9	0.2882398664951324	0.33815446
TRIM9-201	TRIM9	known	29	0.2399055957794189	0.4291191
transcript162876.chr11.nnic	ATM	nnic	1	0.3893084824085235	0.4598073
TRMT6-204	TRMT6	known	9	0.4579099118709564	0.61960226
DISP1-221	DISP1	known	11	0.2617622911930084	0.39088959
MFSD14CP-209	MFSD14CP	known	11	0.2509483098983764	0.40977135
CYB561D2-202	CYB561D2	known	11	0.1697380393743515	0.34180522
LRP8-204	LRP8	known	36	0.3779866099357605	0.456026
transcript131189.chr7.nic	CDK6	nic	31	0.2412858009338379	0.63210046
RNASET2-201	RNASET2	known	9	0.2614681422710418	0.31165954
INO80-211	INO80	known	2	0.3296931684017181	0.5078348
CFAP43-203	CFAP43	known	44	0.2253952175378799	0.3758084
PIBF1-201	PIBF1	known	44	0.4539596438407898	0.5286657
EFCAB12-201	EFCAB12	known	9	0.2396866232156753	0.30007213
ARHGAP20-207	ARHGAP20	known	42	0.3622058629989624	0.4997146
MTX2-201	MTX2	known	16	0.2964825928211212	0.46992093
SLC5A3-201	SLC5A3	known	11	0.4002357423305511	0.66898555
GPR12-202	GPR12	known	14	0.4929393529891968	0.7840124
UQCRH-201	UQCRH	known	15	0.552211344242096	0.7263753
SPOP-205	SPOP	known	29	0.3310403525829315	0.53389144
SPTB-206	SPTB	known	39	0.2882192134857178	0.3222532
FIP1L1-239	FIP1L1	known	8	0.6422860622406006	0.72922194
TLE4-201	TLE4	known	34	0.2139202803373336	0.614375
RPL8-211	RPL8	known	5	0.7663940191268921	0.9103489
MYCBP2-217	MYCBP2	known	29	0.3101848065853119	0.46857652
ABCF1-202	ABCF1	known	6	0.3250240981578827	0.39698538
KATNAL2-209	KATNAL2	known	1	0.2561998665332794	0.3690804
KIF1B-205	KIF1B	known	44	0.3537122309207916	0.48603672
CSNK2A1-231	CSNK2A1	known	30	0.3111173510551452	0.6029545
LRP8-228	LRP8	known	31	0.4200335144996643	0.56630677
DIDO1-206	DIDO1	known	2	0.2966664135456085	0.4562603
SLC6A6-203	SLC6A6	known	11	0.5268295407295227	0.81155384
CEACAM1-206	CEACAM1	known	25	0.5257753133773804	0.5405457
transcript157830.chr11.nic	YAP1	nic	2	0.272217333316803	0.4074852
FOLH1-212	FOLH1	known	19	0.4346691071987152	0.5789304
ZNF662-205	ZNF662	known	2	0.1687783002853393	0.6093895
ATP7B-221	ATP7B	known	15	0.2924396693706512	0.44030634
MTMR6-202	MTMR6	known	17	0.6000074744224548	0.6466115
TALDO1-203	TALDO1	known	16	0.3691816926002502	0.59192663
transcript311288.chr3.nnic	PLAAT1	nnic	17	0.5128718018531799	0.69551367
TLE3-222	TLE3	known	34	0.2205970883369445	0.606611
ALG3-205	ALG3	known	20	0.4075563848018646	0.51153463
NSD1-219	NSD1	known	2	0.2921366095542907	0.5408474
ABCC8-241	ABCC8	known	11	0.2200203239917755	0.3410956
UBAP1-201	UBAP1	known	29	0.2832228541374206	0.42840362
NAPB-207	NAPB	known	44	0.3135512769222259	0.4655879
TCF12-203	TCF12	known	2	0.2878382205963135	0.6116495
TCTN3-207	TCTN3	known	44	0.341301292181015	0.5406944
BPTF-207	BPTF	known	2	0.3338996469974518	0.57577956
HDAC2-205	HDAC2	known	2	0.3659850656986236	0.5180797
SLC3A2-211	SLC3A2	known	11	0.3464861214160919	0.51529634
TNFAIP8-201	TNFAIP8	known	30	0.4050639271736145	0.6097139
ZNF281-201	ZNF281	known	2	0.2845584452152252	0.52656776
APBB1-201	APBB1	known	36	0.3596613109111786	0.43780088
USP48-205	USP48	known	29	0.2527752220630646	0.6867925
PHGDH-233	PHGDH	known	15	0.2858935892581939	0.41432992
BRCC3-207	BRCC3	known	1	0.3820400834083557	0.5359186
NFIA-208	NFIA	known	2	0.2807024717330932	0.44240347
CNOT8-204	CNOT8	known	4	0.4783514440059662	0.80281675
TFIP11-204	TFIP11	known	8	0.4307383298873901	0.50197977
TTC21B-216	TTC21B	known	44	0.3761318027973175	0.48806247
SHOC2-220	SHOC2	known	42	0.3269268870353699	0.42323667
transcript56954.chr11.nic	MDK	nic	40	0.3197735548019409	0.4020776
DRAP1-208	DRAP1	known	2	0.3105745911598205	0.48506087
METAP1D-206	METAP1D	known	6	0.3558401763439178	0.4638165
RBM10-206	RBM10	known	8	0.3465679883956909	0.40403098
RBM6-209	RBM6	known	8	0.3324174284934997	0.38639373
MTO1-262	MTO1	known	9	0.3413174450397491	0.34520525
RORA-203	RORA	known	33	0.4168469309806824	0.73331255
transcript73154.chr18.nic	CYB5A	nic	16	0.2570934593677521	0.33440176
SNCA-203	SNCA	known	30	0.3863697648048401	0.4871161
HADHA-201	HADHA	known	16	0.4279038906097412	0.65690875
TSHZ1-205	TSHZ1	known	2	0.2731333673000335	0.53167915
PSMC2-215	PSMC2	known	29	0.3098972141742706	0.47928968
LTBP3-222	LTBP3	known	40	0.239401176571846	0.35438487
CHMP1A-201	CHMP1A	known	44	0.4429862201213836	0.64218396
EXOC7-201	EXOC7	known	43	0.275371789932251	0.44073397
BCKDK-207	BCKDK	known	9	0.2459606975317001	0.34724522
METAP1-201	METAP1	known	9	0.2896686494350433	0.34746236
GRIK2-221	GRIK2	known	14	0.2694474458694458	0.36033815
ASH1L-213	ASH1L	known	2	0.2994539737701416	0.49365512
GABRB3-201	GABRB3	known	11	0.3762626647949219	0.75080174
transcript37294.chr2.nic	TTC27	nic	29	0.1917268186807632	0.3066304
FBXO22-202	FBXO22	known	29	0.3276877105236053	0.53194666
GPAA1-210	GPAA1	known	17	0.3504397869110107	0.4803093
transcript44468.chr12.nic	MRPS35	nic	6	0.5724023580551147	0.6393512
GAS8-212	GAS8	known	44	0.365595132112503	0.5287383
PDP2-201	PDP2	known	9	0.2258564680814743	0.5593807
ENTPD5-207	ENTPD5	known	20	0.295351892709732	0.3481345
KIAA0319L-235	KIAA0319L	known	36	0.2746933996677398	0.35288173
GTF2H1-202	GTF2H1	known	2	0.2659092545509338	0.40289688
MYH10-223	MYH10	known	41	0.2774978280067444	0.5239577
TTC19-201	TTC19	known	5	0.2271040230989456	0.32905138
ZNF483-201	ZNF483	known	2	0.1670638471841812	0.5597531
EFR3A-202	EFR3A	known	17	0.4349538087844848	0.49092722
FIG4-245	FIG4	known	17	0.6160319447517395	0.6860895
RNASEH2B-202	RNASEH2B	known	9	0.2628662586212158	0.34114796
transcript147348.chr12.nnic	HCFC2	nnic	29	0.226976603269577	0.3172794
PTPN4-203	PTPN4	known	32	0.4531085789203644	0.64597195
TINF2-202	TINF2	known	3	0.2384421527385711	0.34309435
ZKSCAN5-204	ZKSCAN5	known	2	0.2109077721834182	0.5786969
transcript317296.chr3.nic	TFRC	nic	19	0.361314445734024	0.47080612
GRIN2A-218	GRIN2A	known	11	0.3715618848800659	0.66650444
OSGEPL1-203	OSGEPL1	known	9	0.3124874532222748	0.40904817
SBF1-245	SBF1	known	17	0.3026332259178161	0.3507616
transcript253745.chr1.nic	ILDR2	nic	35	0.1918543875217437	0.3543641
IRS2-201	IRS2	known	17	0.5224884748458862	0.5670862
HNRNPH1-220	HNRNPH1	known	8	0.6582575440406799	0.7168697
PHF20-202	PHF20	known	2	0.2966091930866241	0.4714253
GLA-204	GLA	known	20	0.3371823132038116	0.4650585
NAP1L1-212	NAP1L1	known	6	0.2281257361173629	0.32613558
NDUFS7-215	NDUFS7	known	15	0.3262881338596344	0.40694818
AIFM1-229	AIFM1	known	30	0.3800537288188934	0.48621455
SNX27-204	SNX27	known	42	0.2755086123943329	0.3618232
SAP30BP-225	SAP30BP	known	8	0.3037694692611694	0.3660268
BORCS5-202	BORCS5	known	44	0.2367501854896545	0.3333334
UBXN6-202	UBXN6	known	18	0.3039737045764923	0.44221896
CPNE1-212	CPNE1	known	25	0.384119838476181	0.4019962
transcript85431.chr1.nic	CYP4X1	nic	16	0.3400616347789764	0.47577223
FBXO36-202	FBXO36	known	29	0.2219990938901901	0.43848228
PDE4DIP-262	PDE4DIP	known	44	0.4329590499401092	0.56005114
CBLN1-201	CBLN1	known	13	0.2282968461513519	0.35854477
transcript2021.chr1.nnic	KLHL17	nnic	29	0.2443672716617584	0.509454
NDRG2-203	NDRG2	known	37	0.3006950318813324	0.41499156
transcript194347.chr4.nnic	RXFP1	nnic	14	0.544263482093811	0.8343859
HES4-203	HES4	known	3	0.2155239731073379	0.34233102
SCNN1G-201	SCNN1G	known	11	0.4149723649024963	0.71740896
GRM7-215	GRM7	known	14	0.4059401750564575	0.54553735
TRIM17-205	TRIM17	known	23	0.2627117335796356	0.5015041
TTYH1-204	TTYH1	known	20	0.292583554983139	0.33398065
ENST00000691557	ENSG00000291142	known	8	0.2918064296245575	0.35107243
LRCH3-202	LRCH3	known	44	0.2700141668319702	0.40114737
MEN1-209	MEN1	known	29	0.3079146146774292	0.40120012
LRSAM1-224	LRSAM1	known	43	0.2857611179351806	0.3596727
FGF1-214	FGF1	known	17	0.7094430923461914	0.7583513
ZNF502-201	ZNF502	known	2	0.1639463156461715	0.6053468
transcript70164.chr8.nic	SCARA5	nic	40	0.3227013051509857	0.44543752
CIBAR1-206	CIBAR1	known	41	0.2690157294273376	0.4241751
TFEB-216	TFEB	known	2	0.3304705023765564	0.58015186
SDCBP-204	SDCBP	known	25	0.45464026927948	0.54404813
transcript16048.chr6.nic	TBC1D7	nic	42	0.3822308778762817	0.6198126
NANOS1-202	NANOS1	known	2	0.1709169745445251	0.36447018
AXL-202	AXL	known	38	0.3606473505496979	0.49710068
TOR1AIP2-201	TOR1AIP2	known	25	0.2203132659196853	0.31873035
KLC1-207	KLC1	known	43	0.3066186904907226	0.43174037
FDPS-215	FDPS	known	16	0.2845713198184967	0.38547045
ARHGEF9-242	ARHGEF9	known	42	0.3216307759284973	0.534458
HIVEP1-201	HIVEP1	known	2	0.2475562989711761	0.4431838
CTSL-218	CTSL	known	19	0.3417934477329254	0.46300036
ANK2-240	ANK2	known	12	0.352252334356308	0.48808035
ITM2C-202	ITM2C	known	36	0.2495457679033279	0.38441217
VPS33A-201	VPS33A	known	43	0.2457226067781448	0.41723943
CDC27-201	CDC27	known	4	0.3763211667537689	0.5319139
MEA1-204	MEA1	known	3	0.2188194096088409	0.35558492
transcript131596.chr19.nnic	POLD1	nnic	1	0.3945923745632171	0.61413425
SGF29-201	SGF29	known	2	0.3260493874549866	0.41159907
BPHL-206	BPHL	known	16	0.2649494707584381	0.4068408
RBM19-201	RBM19	known	8	0.3679348230361938	0.5093292
TRPC4AP-202	TRPC4AP	known	29	0.2497849762439727	0.3685563
SLITRK3-201	SLITRK3	known	36	0.3342649936676025	0.46619645
CRYL1-209	CRYL1	known	16	0.3194697201251983	0.52208555
CANX-240	CANX	known	19	0.312860369682312	0.3589497
HNRNPDL-210	HNRNPDL	known	8	0.4182362556457519	0.49224633
NTRK2-203	NTRK2	known	31	0.5092571973800659	0.7421431
KDM6B-202	KDM6B	known	2	0.2263901382684707	0.35160404
CACNA1G-205	CACNA1G	known	12	0.367861658334732	0.8112799
AP2M1-209	AP2M1	known	43	0.3882573843002319	0.5405079
BTBD8-204	BTBD8	known	2	0.238057255744934	0.33588362
WDR5-201	WDR5	known	8	0.3080664575099945	0.42408776
BLM-201	BLM	known	1	0.414834976196289	0.5905292
PPAT-202	PPAT	known	15	0.3813232481479645	0.5487875
TIAM2-201	TIAM2	known	42	0.3886640667915344	0.6577661
AK6-202	AK6	known	15	0.3825307488441467	0.6317147
STAT1-238	STAT1	known	2	0.2565106749534607	0.4126029
ZNF780A-203	ZNF780A	known	2	0.1887502372264862	0.5343277
CTDSP2-202	CTDSP2	known	9	0.2466443032026291	0.45828208
HUWE1-204	HUWE1	known	29	0.3427250981330871	0.53866047
NR0B1-202	NR0B1	known	2	0.2715855240821838	0.49873918
TIAM1-207	TIAM1	known	42	0.4037141799926758	0.6820547
E2F6-201	E2F6	known	2	0.2596033811569214	0.4016296
G3BP2-258	G3BP2	known	8	0.4714334309101105	0.54172754
GJB2-202	GJB2	known	11	0.2354044169187545	0.37099093
MDN1-208	MDN1	known	1	0.2929409742355346	0.3907734
APTX-242	APTX	known	9	0.3178037405014038	0.4260191
DMPK-201	DMPK	known	12	0.3175157606601715	0.4496109
GMFB-201	GMFB	known	25	0.3602030873298645	0.36965075
ZNF559-214	ZNF559	known	2	0.1687445491552353	0.5698427
FBXO32-201	FBXO32	known	29	0.243547648191452	0.57888806
ZNF772-203	ZNF772	known	2	0.1845087558031082	0.6048914
SNAP91-213	SNAP91	known	28	0.2354064881801605	0.38117522
PCYT2-203	PCYT2	known	17	0.5570151805877686	0.71683955
CCDC91-220	CCDC91	known	44	0.2838019430637359	0.3774957
ATP13A4-203	ATP13A4	known	11	0.288097083568573	0.44441622
CLK4-206	CLK4	known	31	0.2039008438587188	0.69356096
MCF2L-213	MCF2L	known	42	0.3538573682308197	0.5239076
IFIT2-203	IFIT2	known	23	0.2881840765476227	0.40107632
BRD3-201	BRD3	known	2	0.3546402752399444	0.5421163
CTNND2-202	CTNND2	known	35	0.4741304516792297	0.65141094
HSP90B1-212	HSP90B1	known	8	0.2711142599582672	0.37120497
BIN1-211	BIN1	known	41	0.4905820488929748	0.6593072
STMN1-206	STMN1	known	41	0.4227057993412018	0.55391175
CYB5R2-201	CYB5R2	known	25	0.3795682489871979	0.47871414
AFF3-202	AFF3	known	2	0.2697279453277588	0.37080875
PLCG2-220	PLCG2	known	17	0.2929141521453857	0.4114655
ESRRA-203	ESRRA	known	2	0.3064333498477936	0.5834678
CRBN-201	CRBN	known	29	0.3610473275184631	0.5746197
KIF21A-204	KIF21A	known	44	0.3351918756961822	0.49246025
NDUFB6-203	NDUFB6	known	15	0.5727332830429077	0.7949356
KPNA5-202	KPNA5	known	7	0.52814120054245	0.7411227
transcript45368.chr2.nic	CYP1B1	nic	16	0.3705386817455292	0.5406869
transcript292453.chr3.nic	FXR1	nic	8	0.3901302814483642	0.49117047
ARHGAP4-201	ARHGAP4	known	42	0.4360362589359283	0.67454714
ZBTB11-205	ZBTB11	known	2	0.2644343376159668	0.5030711
TMEM108-201	TMEM108	known	24	0.2373021245002746	0.3812781
SLC35C2-201	SLC35C2	known	11	0.2310675531625747	0.4655707
KTN1-223	KTN1	known	44	0.4277937114238739	0.503663
SLC16A11-203	SLC16A11	known	11	0.3478682339191437	0.613866
KLHL36-203	KLHL36	known	29	0.2190057933330536	0.30335432
BCL2L1-202	BCL2L1	known	30	0.427498996257782	0.58970636
STING1-201	STING1	known	25	0.341759979724884	0.4261207
SLC35A3-207	SLC35A3	known	11	0.3309032618999481	0.51667774
CKB-207	CKB	known	9	0.2748975753784179	0.31239775
RPE-206	RPE	known	15	0.3669663369655609	0.61319673
PCDHB12-201	PCDHB12	known	35	0.304409384727478	0.7228916
RNF185-202	RNF185	known	29	0.4166692197322845	0.60300684
STXBP1-218	STXBP1	known	43	0.3087149560451507	0.4488925
NIN-215	NIN	known	44	0.3404590487480163	0.5068022
CWC27-212	CWC27	known	8	0.3539841175079345	0.41538572
ACADM-227	ACADM	known	16	0.4243426322937011	0.59892154
AARS1-242	AARS1	known	6	0.3382147848606109	0.5593391
GNAS-268	GNAS	known	44	0.2995385527610779	0.42267972
ARMCX5-GPRASP2-211	ARMCX5-GPRASP2	known	36	0.2272683829069137	0.32610616
SLC45A1-201	SLC45A1	known	11	0.2893984913825989	0.44508776
ZNF347-207	ZNF347	known	2	0.1561788767576217	0.43582025
PAQR3-209	PAQR3	known	32	0.3401886224746704	0.4038755
ZNF410-203	ZNF410	known	2	0.202752411365509	0.54827476
transcript174812.chr1.nnic	KCNA2	nnic	11	0.2037113159894943	0.37676305
FANCM-230	FANCM	known	1	0.3934019207954407	0.5841801
CHD2-215	CHD2	known	2	0.314963698387146	0.48072416
MCM7-201	MCM7	known	1	0.4277210831642151	0.6053931
CCDC6-201	CCDC6	known	44	0.1853252053260803	0.30869845
EGLN1-203	EGLN1	known	19	0.3047340810298919	0.40990812
RBM5-223	RBM5	known	8	0.6415217518806458	0.70813286
H2AC20-201	H2AC20	known	2	0.2752111852169037	0.5211638
CERKL-215	CERKL	known	39	0.3908091187477112	0.42610535
ZNF43-202	ZNF43	known	2	0.1696399301290512	0.5096592
GAS2L1-206	GAS2L1	known	41	0.2650951743125915	0.33509612
SKIC2-211	SKIC2	known	1	0.3240987360477447	0.4824415
BRAP-202	BRAP	known	29	0.3183117210865021	0.4684883
RECQL4-209	RECQL4	known	1	0.3696562349796295	0.5219714
DTNA-207	DTNA	known	13	0.1604199856519699	0.36493444
HYOU1-211	HYOU1	known	18	0.4903311729431152	0.55777705
ENST00000701190	ENSG00000291117	known	42	0.2499692142009735	0.3381235
DUSP16-202	DUSP16	known	32	0.4818179011344909	0.57252395
NUDT12-202	NUDT12	known	9	0.3437950909137726	0.39144683
LIMK2-201	LIMK2	known	41	0.2718301713466644	0.58576137
transcript295321.chr1.nnic	GPR37L1	nnic	40	0.3076245188713074	0.3972832
NMNAT3-202	NMNAT3	known	9	0.2844087183475494	0.33471394
TLK2-201	TLK2	known	29	0.2887630462646484	0.47149858
AP1G1-218	AP1G1	known	43	0.301740288734436	0.4923547
METTL21EP-202	METTL21EP	known	9	0.2864338755607605	0.41713896
AFDN-202	AFDN	known	35	0.3608247935771942	0.44389802
transcript87112.chr5.nnic	KIF2A	nnic	44	0.4495820999145508	0.629708
PRKCH-201	PRKCH	known	39	0.5020532608032227	0.6593622
GPR155-201	GPR155	known	11	0.2725393176078796	0.4493874
transcript18920.chr19.nnic	ZNF561-AS1	nnic	3	0.2318069636821746	0.31124744
GULP1-219	GULP1	known	42	0.3076915442943573	0.3928945
MRPS24-201	MRPS24	known	6	0.5305035710334778	0.58019024
RAPGEF2-214	RAPGEF2	known	42	0.4087999761104584	0.4850606
MYL6-207	MYL6	known	12	0.2040298134088516	0.46943244
ABI1-206	ABI1	known	41	0.2978942990303039	0.45368093
R3HDM1-204	R3HDM1	known	28	0.182026520371437	0.3033678
transcript10.chr9.nic	DOCK8	nic	39	0.3616046905517578	0.46565986
ENST00000687567	ENSG00000291176	known	16	0.2682633101940155	0.391697
TPCN2-202	TPCN2	known	11	0.3291147947311401	0.57460177
PDSS1-201	PDSS1	known	16	0.2010255753993988	0.35888034
KPNA4-207	KPNA4	known	7	0.4524670243263244	0.6233482
DCBLD1-201	DCBLD1	known	38	0.3237073123455047	0.48868084
NTRK2-204	NTRK2	known	36	0.4182209074497223	0.6111711
CPNE1-204	CPNE1	known	25	0.3720698058605194	0.38917664
KCNQ2-204	KCNQ2	known	11	0.3621330559253692	0.685606
SPOP-219	SPOP	known	29	0.3310403525829315	0.53389144
TRIM52-209	TRIM52	known	29	0.2253742218017578	0.4588817
UBE3C-205	UBE3C	known	29	0.4007428288459778	0.6299456
TRIM2-289	TRIM2	known	29	0.2709991037845611	0.345594
SPTLC1-201	SPTLC1	known	16	0.3142863810062408	0.48742026
COBL-202	COBL	known	36	0.4450259208679199	0.6101869
HEATR3-201	HEATR3	known	7	0.388958215713501	0.5233213
TCTN1-226	TCTN1	known	44	0.2726323008537292	0.44712153
KAT7-221	KAT7	known	2	0.324702501296997	0.4848775
transcript48713.chr3.nnic	CNOT10	nnic	4	0.2662764191627502	0.3856712
PDHB-204	PDHB	known	15	0.5307196378707886	0.6443525
UTY-203	UTY	known	2	0.2375541180372238	0.47717428
CCNO-202	CCNO	known	2	0.1805775612592697	0.32294804
SMARCE1-204	SMARCE1	known	2	0.2040096968412399	0.31682238
VEZF1-204	VEZF1	known	2	0.2530195713043213	0.47543555
PPIL2-201	PPIL2	known	8	0.3055437803268432	0.3598846
HIF1A-204	HIF1A	known	2	0.4049550592899322	0.57766914
ARHGEF26-204	ARHGEF26	known	31	0.3464537262916565	0.46219617
ZNF20-201	ZNF20	known	2	0.1531063467264175	0.5681453
transcript154097.chr19.nic	ZNF416	nic	2	0.1651770919561386	0.488288
CLK2-201	CLK2	known	8	0.2966964542865753	0.505004
CHD2-228	CHD2	known	1	0.3519170880317688	0.5885202
CLPB-220	CLPB	known	19	0.2323579639196396	0.31646284
FSD1-204	FSD1	known	44	0.2818661332130432	0.4461152
AXIN2-201	AXIN2	known	42	0.2273320704698562	0.31529656
RFT1-201	RFT1	known	11	0.2755448818206787	0.3935719
CAMK2A-208	CAMK2A	known	12	0.4837561845779419	0.7075552
TSEN2-234	TSEN2	known	9	0.3148030936717987	0.4224854
RBM23-202	RBM23	known	8	0.6262416243553162	0.6663054
PCOLCE-205	PCOLCE	known	25	0.2679203152656555	0.40653855
CTSF-231	CTSF	known	19	0.3525381088256836	0.50069577
OLFM1-204	OLFM1	known	36	0.3102115988731384	0.42741972
DBP-201	DBP	known	2	0.2680484652519226	0.4913023
HSCB-201	HSCB	known	6	0.3434315621852875	0.37828717
GPAA1-264	GPAA1	known	17	0.2505329847335815	0.3478493
FAM13B-212	FAM13B	known	42	0.3262057900428772	0.5365989
ZNF140-209	ZNF140	known	2	0.1507674008607864	0.6067327
PRRC2C-210	PRRC2C	known	2	0.2264000326395034	0.33264095
RBFOX2-216	RBFOX2	known	8	0.4347223341464996	0.5977019
MKS1-208	MKS1	known	44	0.3350457847118377	0.54454887
MAN1B1-234	MAN1B1	known	20	0.4129985868930816	0.5474888
CSNK1G3-210	CSNK1G3	known	29	0.2081600874662399	0.559128
RBM39-246	RBM39	known	8	0.5180985331535339	0.56779206
FIG4-243	FIG4	known	17	0.5352308750152588	0.6127483
DST-211	DST	known	44	0.2401257306337356	0.33259863
NEDD4L-257	NEDD4L	known	29	0.4463296830654144	0.6200881
RABEP1-202	RABEP1	known	43	0.2483502030372619	0.3291877
MPZL1-202	MPZL1	known	35	0.2871312499046325	0.43208733
transcript190529.chr11.nnic	HEPACAM	nnic	35	0.2274093925952911	0.38667336
IFT20-210	IFT20	known	15	0.2830555737018585	0.34746873
ZFHX3-208	ZFHX3	known	2	0.2714375257492065	0.48808283
ANK1-216	ANK1	known	43	0.2945156693458557	0.44221053
SH3KBP1-234	SH3KBP1	known	41	0.2648592591285705	0.3477435
KCTD15-202	KCTD15	known	29	0.2114416062831878	0.42660183
MLH1-209	MLH1	known	1	0.2510631084442138	0.34858215
MSL3-202	MSL3	known	2	0.3365813493728637	0.5250716
SIN3B-206	SIN3B	known	3	0.246312141418457	0.31615525
EFEMP1-214	EFEMP1	known	40	0.3246989250183105	0.4530572
ZBTB38-220	ZBTB38	known	2	0.2080483138561248	0.449366
ARMC8-215	ARMC8	known	25	0.3276167213916778	0.4132305
CDK14-206	CDK14	known	4	0.2860698103904724	0.43438873
AFAP1L2-207	AFAP1L2	known	31	0.3113211095333099	0.4610907
CHST11-203	CHST11	known	31	0.2245723605155944	0.33250546
GABPB1-203	GABPB1	known	2	0.187277153134346	0.39009112
SIPA1L1-207	SIPA1L1	known	43	0.3226950466632843	0.4442514
RASGEF1A-204	RASGEF1A	known	42	0.3827676773071289	0.53171736
PDHA1-212	PDHA1	known	16	0.3581930696964264	0.57530844
FURIN-201	FURIN	known	19	0.5829741358757019	0.64885527
AKT2-206	AKT2	known	39	0.3615055084228515	0.5731806
BIN1-205	BIN1	known	41	0.4979238510131836	0.6688091
ROCK2-210	ROCK2	known	36	0.2738946974277496	0.35777116
ZNF44-202	ZNF44	known	2	0.1743775457143783	0.5636822
transcript505.chr11.nic	IRF7	nic	24	0.3513391315937042	0.51816916
B3GALNT1-202	B3GALNT1	known	20	0.6705643534660339	0.7640377
AAK1-211	AAK1	known	31	0.2259948551654815	0.48876077
DDX25-205	DDX25	known	8	0.2734802961349487	0.44647375
APC2-206	APC2	known	41	0.2667456269264221	0.36590955
MAPK11-201	MAPK11	known	31	0.4302085041999817	0.68133473
ZSWIM2-201	ZSWIM2	known	29	0.2216769754886627	0.51584643
ZKSCAN7-201	ZKSCAN7	known	2	0.1616264730691909	0.577186
MIA2-214	MIA2	known	43	0.1950342655181884	0.31823155
FAM107B-204	FAM107B	known	41	0.2562249302864074	0.3674796
CEP164-213	CEP164	known	44	0.4623565375804901	0.5814806
FHIP2A-203	FHIP2A	known	22	0.2579519152641296	0.39319608
BCOR-214	BCOR	known	2	0.2421535700559616	0.36769944
TCOF1-204	TCOF1	known	37	0.2722944915294647	0.45428038
SSH2-203	SSH2	known	32	0.4413987100124359	0.54039204
MZT1-201	MZT1	known	44	0.2800076305866241	0.41190457
transcript29777.chr7.nic	CDCA7L	nic	1	0.3154036700725555	0.46999606
EEF1G-201	EEF1G	known	6	0.2538714110851288	0.38854155
SULT1A1-205	SULT1A1	known	15	0.4311915338039398	0.6047185
transcript193357.chr11.nnic	DCPS	nnic	9	0.3305697739124298	0.36895552
LRIG3-201	LRIG3	known	36	0.2321239411830902	0.3974122
CHRNA6-201	CHRNA6	known	13	0.4039474427700043	0.6053865
ZNF112-201	ZNF112	known	2	0.1245061233639717	0.30962855
PRXL2A-204	PRXL2A	known	21	0.2211423367261886	0.40237108
RBFOX1-201	RBFOX1	known	8	0.4534003734588623	0.5869272
transcript36653.chr17.nnic	DHRS7B	nnic	44	0.2425996363162994	0.30973807
FCRLB-205	FCRLB	known	24	0.1317973583936691	0.37113482
HERPUD1-203	HERPUD1	known	18	0.5798997282981873	0.6591401
HYAL1-201	HYAL1	known	20	0.383729487657547	0.4725007
TMOD1-201	TMOD1	known	41	0.3484491109848022	0.6863304
transcript135609.chr19.nnic	SIGLEC10	nnic	35	0.1835015416145324	0.31189877
TAP2-203	TAP2	known	11	0.2698982357978821	0.42790842
SLC25A37-201	SLC25A37	known	11	0.3228453695774078	0.5736062
PLRG1-202	PLRG1	known	8	0.3894467353820801	0.43582696
RTKN-211	RTKN	known	42	0.2572738528251648	0.32825464
FGD4-216	FGD4	known	42	0.3736515641212463	0.5638708
GFPT2-201	GFPT2	known	20	0.3502127230167389	0.4024186
RIC8A-208	RIC8A	known	42	0.2131801098585128	0.3097495
PKD1-225	PKD1	known	14	0.2391985952854156	0.33348098
GPHN-201	GPHN	known	15	0.4481864869594574	0.62740844
AP3S2-201	AP3S2	known	43	0.3653298020362854	0.48220357
CUL2-202	CUL2	known	29	0.3848371803760528	0.5713486
IGHMBP2-233	IGHMBP2	known	9	0.3789279162883758	0.44728127
CNBP-203	CNBP	known	16	0.2369255572557449	0.41030377
KIF1A-219	KIF1A	known	43	0.3758565187454223	0.52036434
ERCC6L2-225	ERCC6L2	known	1	0.3581019341945648	0.576815
FBXO27-206	FBXO27	known	29	0.2311797887086868	0.40148693
ZNF875-210	ZNF875	known	2	0.169464886188507	0.48313874
UMPS-201	UMPS	known	15	0.4449805915355682	0.6076905
CALU-205	CALU	known	19	0.2016588598489761	0.3164662
PTPRZ1-220	PTPRZ1	known	35	0.2187758088111877	0.31774592
PMPCB-212	PMPCB	known	6	0.1970209330320358	0.38464022
BCL6B-201	BCL6B	known	2	0.1629187613725662	0.36967927
BSDC1-215	BSDC1	known	30	0.2784664630889892	0.3466429
MBIP-202	MBIP	known	32	0.3041396141052246	0.36027855
AK2-201	AK2	known	15	0.3818686902523041	0.6523038
WIPI2-201	WIPI2	known	22	0.3862693607807159	0.61130536
ADGRL3-215	ADGRL3	known	14	0.4302601218223572	0.63007957
VPS9D1-201	VPS9D1	known	15	0.2455184310674667	0.31859943
ZKSCAN8-204	ZKSCAN8	known	2	0.1592910140752792	0.65149647
PDLIM2-205	PDLIM2	known	35	0.2915996313095093	0.4346282
SCFD1-267	SCFD1	known	1	0.2880048155784607	0.37892014
PODXL-202	PODXL	known	38	0.3148231506347656	0.51447046
ERC1-221	ERC1	known	41	0.2759202122688293	0.41101104
MAG-201	MAG	known	36	0.4060998558998108	0.48249894
DNA2-207	DNA2	known	1	0.3419443666934967	0.5577254
MSN-201	MSN	known	41	0.4713212549686432	0.55142146
MAP4-203	MAP4	known	44	0.3245911300182342	0.4437898
transcript46159.chr11.nic	IFTAP	nic	44	0.2402064055204391	0.30573398
CEP63-228	CEP63	known	44	0.3947998881340027	0.56210846
CLTC-206	CLTC	known	43	0.3360690772533417	0.48076057
NBN-231	NBN	known	4	0.4973303377628326	0.65080345
ZNF625-202	ZNF625	known	2	0.1460962295532226	0.5661727
PRPF31-207	PRPF31	known	1	0.3871171474456787	0.66792476
C4B-205	C4B	known	30	0.2695729434490204	0.46853423
KCNN3-203	KCNN3	known	11	0.3522456288337707	0.77005523
PHLDB2-210	PHLDB2	known	44	0.231920450925827	0.31873202
transcript57223.chr11.nic	DDB2	nic	1	0.2978380024433136	0.42027497
STEAP2-201	STEAP2	known	11	0.2518781125545501	0.4351902
LAMP2-205	LAMP2	known	25	0.2930332124233246	0.3484276
EID2-201	EID2	known	34	0.2033494114875793	0.3071038
ZNF446-203	ZNF446	known	2	0.1667871922254562	0.5054048
SAFB2-207	SAFB2	known	8	0.3010129034519195	0.40797526
NEPRO-217	NEPRO	known	3	0.2315594106912613	0.34210128
CCT6B-201	CCT6B	known	27	0.2559548616409302	0.34921452
TNPO3-201	TNPO3	known	7	0.5766848921775818	0.742869
ASDURF-204	ASDURF	known	44	0.2358933836221695	0.36025423
PAFAH1B1-201	PAFAH1B1	known	3	0.2887628972530365	0.34762833
USP32-214	USP32	known	29	0.3664409518241882	0.67442214
XAB2-202	XAB2	known	8	0.5040976405143738	0.5902486
TMEM234-211	TMEM234	known	23	0.2847128212451935	0.44209552
SSRP1-201	SSRP1	known	2	0.2560616433620453	0.370054
NUP98-215	NUP98	known	7	0.7986559271812439	0.9034197
ZNF148-207	ZNF148	known	2	0.2863927781581878	0.5374877
IFT80-225	IFT80	known	44	0.4516094028949737	0.65035063
AFDN-203	AFDN	known	35	0.4079741239547729	0.5106152
CEP290-219	CEP290	known	44	0.2809284925460815	0.3940537
TRAM2-201	TRAM2	known	5	0.2401520758867263	0.32335454
CPSF3-201	CPSF3	known	7	0.5397712588310242	0.675727
ENST00000683534	ENSG00000291096	known	20	0.1941838711500167	0.31420547
ZNF860-201	ZNF860	known	2	0.1383116394281387	0.5102472
KCNJ2-202	KCNJ2	known	11	0.3756279051303863	0.7303737
HDAC9-201	HDAC9	known	2	0.3665962815284729	0.64878666
CACNB4-225	CACNB4	known	12	0.4366820752620697	0.7288985
CACNB4-248	CACNB4	known	12	0.3731520175933838	0.6536529
NPM1-230	NPM1	known	7	0.3689164519309997	0.43423495
RPL10-202	RPL10	known	5	0.7157844305038452	0.8103261
PPP2R2A-224	PPP2R2A	known	32	0.3154385089874267	0.6754095
CCZ1B-206	CCZ1B	known	9	0.2599661350250244	0.3090537
DHRS7-201	DHRS7	known	16	0.2851787209510803	0.3647232
transcript159749.chr1.nic	SLC44A3	nic	11	0.2214593887329101	0.33372763
transcript44818.chr5.nic	CCL28	nic	38	0.4329528212547302	0.5509672
SCN3A-209	SCN3A	known	11	0.4367778599262237	0.8430069
KDM2B-203	KDM2B	known	9	0.3227471113204956	0.4954793
FSTL1-203	FSTL1	known	40	0.226744145154953	0.35959357
ALOX5-207	ALOX5	known	17	0.3102162182331085	0.3438571
ZNF248-208	ZNF248	known	9	0.1930744647979736	0.33611947
GOT2-201	GOT2	known	16	0.4198208749294281	0.6399527
transcript210321.chr10.nnic	CHST15	nnic	20	0.2727434933185577	0.3818833
NAGK-204	NAGK	known	16	0.3128675818443298	0.50362265
SORBS2-269	SORBS2	known	31	0.3280291855335235	0.46834007
EPG5-203	EPG5	known	9	0.2488385885953903	0.33738428
SH3KBP1-202	SH3KBP1	known	41	0.2593634128570556	0.33906358
PGAM2-201	PGAM2	known	15	0.6931536793708801	0.87294656
DCAF13-202	DCAF13	known	8	0.352061003446579	0.45386726
transcript33901.chr20.nnic	ENSG00000291100	nnic	35	0.2496746331453323	0.32972938
HSD17B10-201	HSD17B10	known	16	0.2911312282085418	0.56698847
GOLGA3-202	GOLGA3	known	44	0.2350475490093231	0.35093397
NEK1-226	NEK1	known	31	0.2360278666019439	0.39089766
KIF2A-213	KIF2A	known	44	0.3106091618537903	0.42794317
DTX2-206	DTX2	known	29	0.2951156497001648	0.56604683
ZNF132-201	ZNF132	known	2	0.2092618644237518	0.5737399
EPB41-232	EPB41	known	42	0.2818015217781067	0.34588635
PAM-228	PAM	known	40	0.2363955974578857	0.33392426
ZNF451-201	ZNF451	known	2	0.2654513418674469	0.4205606
NR2F1-205	NR2F1	known	2	0.3475136160850525	0.6684683
DLG2-211	DLG2	known	15	0.2936341166496277	0.5012347
PPP2R3C-201	PPP2R3C	known	3	0.2541713714599609	0.37645635
KHDRBS2-202	KHDRBS2	known	8	0.5045268535614014	0.60736006
OSBPL6-204	OSBPL6	known	16	0.3239052891731262	0.55877453
LETM2-205	LETM2	known	15	0.2052882015705108	0.38113853
transcript48423.chr6.nnic	BRPF3	nnic	2	0.3706454932689667	0.6346103
RIMS2-204	RIMS2	known	13	0.4818674623966217	0.8767503
DGLUCY-204	DGLUCY	known	9	0.2699775397777557	0.3749668
RMND5B-209	RMND5B	known	29	0.4229622483253479	0.697854
WFS1-214	WFS1	known	18	0.3417428433895111	0.41710243
RASSF4-205	RASSF4	known	32	0.246254026889801	0.36077923
ZGRF1-203	ZGRF1	known	1	0.2508561909198761	0.3775648
USP17L27-201	USP17L27	known	19	0.3032212257385254	0.6262751
TNIP1-220	TNIP1	known	24	0.3508194386959076	0.48236364
SLC9A5-204	SLC9A5	known	11	0.5201222896575928	0.80624056
FBXL17-204	FBXL17	known	29	0.3496763408184051	0.51057005
TJP2-201	TJP2	known	35	0.2768104076385498	0.4282431
transcript128784.chr19.nic	TRPM4	nic	27	0.3000298738479614	0.37867492
TCP11L1-202	TCP11L1	known	43	0.2537598609924316	0.3237719
HNRNPA3-217	HNRNPA3	known	8	0.4304320812225342	0.5962429
DNAJB1-201	DNAJB1	known	25	0.2362775057554245	0.33623326
SETD5-233	SETD5	known	2	0.3368334174156189	0.5390919
FOXRED1-207	FOXRED1	known	16	0.2585020661354065	0.4250762
SGK1-201	SGK1	known	39	0.3462160527706146	0.59959114
PAK5-201	PAK5	known	31	0.4269592463970184	0.67172587
JRK-209	JRK	known	2	0.1466435939073562	0.31710035
LRP2-207	LRP2	known	40	0.2964304983615875	0.38999408
PRKAG2-215	PRKAG2	known	44	0.3484551608562469	0.46052933
MRPL22-202	MRPL22	known	6	0.7154408097267151	0.77914715
SNX14-250	SNX14	known	22	0.1883449107408523	0.40171427
ZFP91-201	ZFP91	known	2	0.2904604077339172	0.4258092
FLI1-206	FLI1	known	2	0.2903323769569397	0.6479625
SNRNP27-203	SNRNP27	known	8	0.4800429046154022	0.5758487
transcript378378.chr2.nic	SMARCAL1	nic	1	0.1916806548833847	0.31207448
TNKS-202	TNKS	known	4	0.3476272821426391	0.4907402
CLUL1-213	CLUL1	known	23	0.2027985900640487	0.31276885
KANK1-239	KANK1	known	41	0.4195907711982727	0.536391
GOLGA7-203	GOLGA7	known	25	0.388919323682785	0.40648255
NSG1-209	NSG1	known	43	0.2428352832794189	0.36470586
TUBG1-213	TUBG1	known	4	0.2072154134511947	0.44698867
SSBP2-201	SSBP2	known	2	0.1700780689716339	0.34160212
PRAG1-201	PRAG1	known	41	0.2579253017902374	0.3369103
HMGA1-201	HMGA1	known	1	0.4056692719459533	0.5944412
MOCS2-203	MOCS2	known	15	0.2625347971916199	0.45530447
transcript142801.chr1.nic	ADGRL2	nic	36	0.2779358327388763	0.4094836
ZNF580-202	ZNF580	known	2	0.1903693825006485	0.49179482
POLD2-265	POLD2	known	1	0.3431422412395477	0.57796764
JAK1-201	JAK1	known	23	0.3097517788410187	0.4620089
HMCES-204	HMCES	known	1	0.2825607359409332	0.48675576
MDGA1-204	MDGA1	known	35	0.2511065304279327	0.41574916
USO1-201	USO1	known	43	0.3660715818405151	0.45142967
PTCD3-201	PTCD3	known	6	0.2403857260942459	0.32840505
FDFT1-220	FDFT1	known	16	0.3530561625957489	0.5750255
ARL6-203	ARL6	known	43	0.3314657807350158	0.48804364
OSBPL6-206	OSBPL6	known	16	0.308433324098587	0.5191044
FAM161B-201	FAM161B	known	44	0.2519269287586212	0.39232954
transcript162833.chr6.nic	DSE	nic	20	0.5264896154403687	0.5733929
RBFOX1-236	RBFOX1	known	8	0.4648613631725311	0.5694555
NSMCE1-208	NSMCE1	known	1	0.3222270309925079	0.4627676
NDUFS3-213	NDUFS3	known	6	0.3999342024326324	0.44471455
TRPA1-201	TRPA1	known	12	0.3602214753627777	0.61527735
RNF6-204	RNF6	known	30	0.2338012903928756	0.3382984
PRDM16-DT-205	PRDM16-DT	known	29	0.1997320502996444	0.30350965
MRPL9-205	MRPL9	known	6	0.6111320853233337	0.676246
MPRIP-201	MPRIP	known	44	0.3577793836593628	0.4572416
ZNF606-201	ZNF606	known	2	0.1710652112960815	0.54091215
CTBS-201	CTBS	known	25	0.3092909157276153	0.34686565
RARS2-250	RARS2	known	6	0.534485399723053	0.6796964
TCF4-216	TCF4	known	2	0.3508610129356384	0.61132497
TEX2-208	TEX2	known	42	0.1665325462818145	0.3016838
PLEKHA2-209	PLEKHA2	known	17	0.3544908761978149	0.4032293
ENPP2-208	ENPP2	known	20	0.4289171993732452	0.45324102
ENST00000701255	ENSG00000289872	known	6	0.312261015176773	0.37399027
ENO1-201	ENO1	known	25	0.5749155879020691	0.65005624
CD247-202	CD247	known	24	0.4231681525707245	0.63230383
RNF146-212	RNF146	known	29	0.3707002997398376	0.6392918
ELAPOR1-203	ELAPOR1	known	22	0.3244971930980682	0.4300267
SRP68-201	SRP68	known	5	0.5152856111526489	0.6498645
CCDC177-201	CCDC177	known	44	0.2318453639745712	0.36145905
CLCN3-205	CLCN3	known	11	0.4811521470546722	0.755514
PIP5K1B-201	PIP5K1B	known	17	0.7483963966369629	0.81121504
TENT2-202	TENT2	known	9	0.2408849447965622	0.37437302
DNHD1-218	DNHD1	known	3	0.2815933227539062	0.31213933
RDH13-201	RDH13	known	16	0.3034469187259674	0.4508122
ZNF589-207	ZNF589	known	2	0.1840576082468032	0.5346838
transcript85284.chr15.nic	TPM1	nic	41	0.4968898892402649	0.71865475
RPS25-204	RPS25	known	10	0.3476102948188782	0.46173674
CHD8-219	CHD8	known	2	0.3421829342842102	0.5515176
CSDE1-208	CSDE1	known	10	0.4249767363071441	0.5869958
SERAC1-215	SERAC1	known	17	0.2834118008613586	0.39097992
FKBP15-203	FKBP15	known	28	0.214347243309021	0.30544993
SUCLA2-214	SUCLA2	known	15	0.4852290153503418	0.6811281
ADAMTS2-201	ADAMTS2	known	19	0.4073500633239746	0.5370225
FAAP24-202	FAAP24	known	1	0.2667914032936096	0.46086589
PIEZO2-218	PIEZO2	known	11	0.2718437612056732	0.4439167
RABEPK-202	RABEPK	known	29	0.2547778487205505	0.3446887
PFN1-203	PFN1	known	5	0.3407037556171417	0.42820707
CCDC66-213	CCDC66	known	44	0.3359648585319519	0.42175436
PIP5K1A-204	PIP5K1A	known	17	0.7466662526130676	0.7927287
FIG4-234	FIG4	known	17	0.4720251858234405	0.5385569
BBS5-202	BBS5	known	44	0.2382191866636276	0.39358652
SLC25A3-209	SLC25A3	known	11	0.3225911855697632	0.5163696
CAT-201	CAT	known	25	0.4103895127773285	0.42827773
DUSP7-202	DUSP7	known	32	0.5703985095024109	0.70362484
JAKMIP1-202	JAKMIP1	known	44	0.18472920358181	0.32789722
KLHL13-201	KLHL13	known	29	0.2285740375518798	0.5013877
transcript75988.chr17.nic	HROB	nic	4	0.249370276927948	0.3927178
PPP1R21-209	PPP1R21	known	41	0.1876391023397445	0.30965
GAK-214	GAK	known	31	0.2828821837902069	0.407533
HNRNPD-209	HNRNPD	known	8	0.2880266010761261	0.34732512
transcript163196.chr4.nic	PDE5A	nic	42	0.245923638343811	0.39050764
COX4I1-201	COX4I1	known	15	0.3087149560451507	0.50898755
IFNGR1-215	IFNGR1	known	20	0.2478102445602417	0.37897426
FNIP1-201	FNIP1	known	30	0.3947289288043976	0.52982426
TBPL1-203	TBPL1	known	3	0.2499882876873016	0.4071947
PUM2-201	PUM2	known	10	0.2861983180046081	0.48249498
MAPT-218	MAPT	known	36	0.4167976379394531	0.5412352
NFIL3-201	NFIL3	known	2	0.2517676949501037	0.5206765
PTP4A2-201	PTP4A2	known	32	0.2271962761878967	0.54400504
CELF2-210	CELF2	known	8	0.7205841541290283	0.7581817
transcript213320.chr3.nic	MYLK	nic	41	0.2900062203407287	0.5073231
SYT5-201	SYT5	known	13	0.3222379982471466	0.56837046
HNRNPH1-201	HNRNPH1	known	8	0.63277667760849	0.6858572
HFE-207	HFE	known	26	0.4238747656345367	0.5870204
RANBP6-202	RANBP6	known	7	0.3395217061042785	0.49818784
RAD51B-207	RAD51B	known	39	0.4067471921443939	0.65152025
transcript69448.chr12.nnic	GPD1	nnic	16	0.2922780513763428	0.41586822
PSMD6-201	PSMD6	known	25	0.5563836693763733	0.60956
transcript9190.chr11.nnic	TRIM5	nnic	23	0.3996981084346771	0.6659246
GOLGA3-209	GOLGA3	known	44	0.3253210484981537	0.419434
EXT1-201	EXT1	known	20	0.6639267802238464	0.7181057
CLCN7-202	CLCN7	known	11	0.4779554903507232	0.7144276
PHKG2-201	PHKG2	known	8	0.1672278195619583	0.51219547
REL-202	REL	known	24	0.3093554973602295	0.586954
transcript2598.chr13.nnic	MICU2	nnic	27	0.2579010128974914	0.40655002
KDM3B-207	KDM3B	known	7	0.3386103212833404	0.43865237
WDR43-202	WDR43	known	10	0.2589983344078064	0.414052
ELP4-227	ELP4	known	1	0.2124300897121429	0.33645296
RCE1-204	RCE1	known	19	0.4096250236034393	0.43472195
RBM39-216	RBM39	known	8	0.5372054576873779	0.5851518
SYNRG-225	SYNRG	known	7	0.2132760435342788	0.32452184
EPG5-209	EPG5	known	3	0.2991262972354889	0.36639962
KCNMA1-238	KCNMA1	known	11	0.4757661521434784	0.87311286
VTI1B-204	VTI1B	known	43	0.5078825354576111	0.65546536
AMIGO1-201	AMIGO1	known	36	0.3096382915973663	0.43394232
NEK1-214	NEK1	known	44	0.2453040033578872	0.33302742
SMARCE1-220	SMARCE1	known	2	0.2079967260360717	0.33820271
VPS54-203	VPS54	known	43	0.3008533418178558	0.4979877
transcript225682.chr3.nnic	PLXND1	nnic	36	0.536675751209259	0.628616
BBS2-226	BBS2	known	44	0.3871528506278991	0.51844156
CNIH1-207	CNIH1	known	43	0.2230666726827621	0.39930695
MTTP-203	MTTP	known	25	0.3378096520900726	0.38386396
GALNT10-203	GALNT10	known	20	0.4718058109283447	0.5595741
transcript119963.chr12.nnic	METTL25	nnic	9	0.4180047512054443	0.44385234
TRMU-206	TRMU	known	9	0.3623304367065429	0.44962254
NUF2-208	NUF2	known	44	0.4827609360218048	0.62541187
ZNF480-203	ZNF480	known	2	0.1542338728904724	0.5250463
ATF6B-209	ATF6B	known	18	0.4540351927280426	0.57154334
NOVA1-204	NOVA1	known	8	0.4802013337612152	0.6044345
PHF21A-207	PHF21A	known	2	0.3260750472545624	0.5796043
PHLDB3-201	PHLDB3	known	42	0.2401649504899978	0.30595446
EXTL3-215	EXTL3	known	20	0.626914918422699	0.6966599
KIFAP3-203	KIFAP3	known	44	0.3890233337879181	0.5419444
PTPN11-208	PTPN11	known	39	0.5588184595108032	0.577986
PYGB-201	PYGB	known	25	0.3823013603687286	0.59627116
HYCC2-201	HYCC2	known	17	0.3927638232707977	0.44269308
FCHSD2-203	FCHSD2	known	41	0.462190717458725	0.5482451
PDIA3-230	PDIA3	known	25	0.4296951293945312	0.44900864
TLN1-201	TLN1	known	35	0.4477994441986084	0.56797385
CEP290-215	CEP290	known	44	0.3334662616252899	0.45902094
HEXA-232	HEXA	known	20	0.396147757768631	0.55540305
MAD2L1-201	MAD2L1	known	4	0.3246095478534698	0.4552495
PAPOLG-207	PAPOLG	known	9	0.2545167207717895	0.36266768
SAR1B-209	SAR1B	known	43	0.3170894682407379	0.42815048
CEP162-204	CEP162	known	44	0.3309117555618286	0.48500928
ISOC2-203	ISOC2	known	9	0.267031192779541	0.3256262
CCDC174-202	CCDC174	known	8	0.312797874212265	0.3958791
SEC31A-207	SEC31A	known	43	0.4337311685085296	0.57110834
KIF1B-204	KIF1B	known	43	0.3714060187339782	0.48798886
transcript36869.chr6.nic	HLA-F	nic	24	0.4602504670619964	0.6369545
ARID1B-206	ARID1B	known	2	0.2106488049030304	0.40160623
STAT3-241	STAT3	known	33	0.3779758810997009	0.50394607
ENST00000659103	ENSG00000240240	known	44	0.272955983877182	0.35566682
ENST00000418585	ENSG00000223930	known	5	0.3663823306560516	0.4354384
WNK2-203	WNK2	known	2	0.1699288338422775	0.30305928
transcript32243.chr5.nnic	MTMR12	nnic	17	0.4224943518638611	0.49385828
ABCA2-217	ABCA2	known	11	0.2806117832660675	0.38497826
RGS1-201	RGS1	known	42	0.405522346496582	0.685668
PCDHB16-201	PCDHB16	known	35	0.3324149250984192	0.7540517
transcript159294.chrX.nic	EOLA1	nic	9	0.3088843524456024	0.38117987
IWS1-212	IWS1	known	8	0.3589206039905548	0.41386375
ZNF473-202	ZNF473	known	2	0.2070754766464233	0.542977
TMED3-202	TMED3	known	43	0.303827702999115	0.5822713
CXXC1-214	CXXC1	known	2	0.2402757853269577	0.32388443
CYBRD1-201	CYBRD1	known	11	0.2525116503238678	0.45773396
transcript64585.chr15.nnic	SLC27A2	nnic	16	0.2873497307300567	0.3728568
SCN8A-209	SCN8A	known	11	0.4439195394515991	0.8550399
transcript171090.chr4.nnic	PCDH18	nnic	37	0.275528997182846	0.3974808
RESF1-202	RESF1	known	2	0.2237335443496704	0.32881784
APPL1-201	APPL1	known	42	0.3420656323432922	0.45491353
OSBPL1A-204	OSBPL1A	known	16	0.3443789482116699	0.61179304
PHF21A-222	PHF21A	known	2	0.2658588588237762	0.4317438
SCUBE1-202	SCUBE1	known	40	0.2686846256256103	0.37671095
ARHGAP17-210	ARHGAP17	known	42	0.3449958562850952	0.49210757
GALNT12-201	GALNT12	known	20	0.5927157998085022	0.6758537
TNK2-203	TNK2	known	31	0.3442717790603637	0.5993021
AP2M1-214	AP2M1	known	28	0.3049442172050476	0.40080443
MYH10-212	MYH10	known	41	0.287457138299942	0.53736496
GADD45G-201	GADD45G	known	31	0.5311684012413025	0.70341504
POGZ-212	POGZ	known	2	0.3223075270652771	0.44147196
TLK2-224	TLK2	known	2	0.2731924653053283	0.4239359
SLC30A3-210	SLC30A3	known	11	0.1995598077774047	0.4278659
CEP290-213	CEP290	known	44	0.5132461786270142	0.5761567
SLC9A6-201	SLC9A6	known	11	0.5262722373008728	0.82624614
KRI1-214	KRI1	known	6	0.3093890249729156	0.4753704
GRIA1-213	GRIA1	known	13	0.3940120339393616	0.71224487
RBBP6-214	RBBP6	known	8	0.315963476896286	0.40492076
SKIC2-216	SKIC2	known	1	0.3238352835178375	0.47850388
SLC10A4-202	SLC10A4	known	11	0.3249406814575195	0.43423963
CDCA2-201	CDCA2	known	4	0.342269629240036	0.5546759
WDR1-210	WDR1	known	41	0.2545458972454071	0.35456204
SLCO3A1-202	SLCO3A1	known	11	0.4126109480857849	0.7056998
COQ10B-202	COQ10B	known	15	0.2431609481573104	0.486111
PIDD1-204	PIDD1	known	30	0.3814946711063385	0.47278786
MINPP1-201	MINPP1	known	16	0.2517240643501282	0.44416457
MGLL-203	MGLL	known	16	0.2206203043460846	0.3396083
HNRNPA2B1-204	HNRNPA2B1	known	8	0.3357897996902466	0.3802814
UQCRFS1-201	UQCRFS1	known	15	0.3178731203079223	0.50340825
KLRK1-205	KLRK1	known	25	0.2849093675613403	0.38398033
ATAD2B-206	ATAD2B	known	2	0.3373591005802154	0.59900445
transcript9067.chr5.nic	NSUN2	nic	9	0.5003682971000671	0.6159071
THRAP3-203	THRAP3	known	8	0.3939666450023651	0.4600257
FGF14-203	FGF14	known	17	0.3090428113937378	0.44920665
AASS-222	AASS	known	16	0.3710323870182037	0.5874014
TIFA-203	TIFA	known	23	0.3378529846668243	0.45501176
CETN3-204	CETN3	known	44	0.2989065945148468	0.47682485
CAMK4-201	CAMK4	known	36	0.2272471934556961	0.59395766
GYG1-202	GYG1	known	25	0.3971384763717651	0.57495296
AHI1-235	AHI1	known	44	0.3651034235954284	0.50202453
STAG2-228	STAG2	known	4	0.365621417760849	0.53451663
DRC3-205	DRC3	known	44	0.3218419253826141	0.44526634
CHN2-213	CHN2	known	42	0.288681298494339	0.3922885
CUBN-202	CUBN	known	40	0.2699848115444183	0.34835666
TXNRD2-216	TXNRD2	known	16	0.2449561804533004	0.35635838
MTSS1-210	MTSS1	known	41	0.307772696018219	0.42650214
GRIN1-211	GRIN1	known	13	0.3555575609207153	0.6411481
CHMP2B-201	CHMP2B	known	44	0.4348832368850708	0.5967624
CDK5RAP2-243	CDK5RAP2	known	44	0.4920040369033813	0.5849953
TTC1-211	TTC1	known	5	0.219767764210701	0.30943504
SLC4A1AP-208	SLC4A1AP	known	8	0.2510584890842438	0.32300594
LINGO1-201	LINGO1	known	36	0.2813058793544769	0.3781818
BATF2-203	BATF2	known	2	0.1521009802818298	0.3024455
transcript192840.chr8.nic	TSNARE1	nic	2	0.1802905052900314	0.49881715
COG8-201	COG8	known	43	0.2979274690151214	0.48466188
CBFA2T3-201	CBFA2T3	known	2	0.2306246012449264	0.40574485
GOLGA2-215	GOLGA2	known	44	0.3115357160568237	0.4106439
CCDC88A-228	CCDC88A	known	36	0.1976959854364395	0.30602217
GOLGB1-235	GOLGB1	known	43	0.2584602236747741	0.34927768
ITGAV-220	ITGAV	known	13	0.2887688279151916	0.37544265
SLC26A11-203	SLC26A11	known	11	0.468749850988388	0.7631315
MOGS-205	MOGS	known	20	0.3403733968734741	0.39113876
HGS-261	HGS	known	43	0.2630083858966827	0.38518268
MID1-216	MID1	known	23	0.2867388725280761	0.42834315
KDM4B-203	KDM4B	known	2	0.319976657629013	0.5754646
LRSAM1-204	LRSAM1	known	43	0.270721286535263	0.35989934
ENST00000526720	ENSG00000290459	known	6	0.359807014465332	0.44037303
MDP1-202	MDP1	known	9	0.2819773852825165	0.33920425
FN1-211	FN1	known	40	0.506229043006897	0.67409265
RRBP1-203	RRBP1	known	44	0.2213814258575439	0.30310577
ABCB6-202	ABCB6	known	11	0.3060068190097809	0.52890295
SYNE1-239	SYNE1	known	41	0.2816433608531952	0.4865145
transcript19364.chr3.nnic	ATG7	nnic	9	0.3221761882305145	0.36744326
TRAPPC8-201	TRAPPC8	known	43	0.356436938047409	0.59947354
ALDH7A1-232	ALDH7A1	known	16	0.3737442195415497	0.6218906
ZNF600-209	ZNF600	known	2	0.1725024878978729	0.5395178
ERMP1-210	ERMP1	known	20	0.321389377117157	0.38532326
DNAJC7-205	DNAJC7	known	5	0.2538255155086517	0.31847608
FRY-213	FRY	known	42	0.2447810620069503	0.31497282
DOCK7-229	DOCK7	known	17	0.3914586305618286	0.44416064
PTPRN-210	PTPRN	known	32	0.443302720785141	0.58314085
MINDY4-201	MINDY4	known	1	0.1579266190528869	0.32698393
MMP17-204	MMP17	known	40	0.2662213444709778	0.3786617
GABRA6-201	GABRA6	known	11	0.394242376089096	0.7517173
RCN2-203	RCN2	known	19	0.2272450923919677	0.35225442
STARD5-205	STARD5	known	16	0.3236300051212311	0.5406723
NDC1-201	NDC1	known	7	0.4613323509693146	0.58572775
SNX17-201	SNX17	known	43	0.249364748597145	0.38785926
CCND3-203	CCND3	known	31	0.2153369039297104	0.43797016
ZNF189-202	ZNF189	known	2	0.2036693692207336	0.6285294
STK36-201	STK36	known	44	0.2292209416627884	0.4130783
ZC3H6-202	ZC3H6	known	8	0.2713429033756256	0.3747045
COPA-216	COPA	known	8	0.2543547749519348	0.33760214
KCTD18-201	KCTD18	known	29	0.2055092304944992	0.3798753
ARHGEF9-210	ARHGEF9	known	42	0.3609369397163391	0.5982537
ZNF16-209	ZNF16	known	2	0.236143559217453	0.5396593
PEX26-202	PEX26	known	5	0.3329817354679107	0.48748976
CNTN4-216	CNTN4	known	24	0.2728080153465271	0.43711224
OGT-218	OGT	known	29	0.3779096603393554	0.44921908
SMYD4-201	SMYD4	known	9	0.25178924202919	0.3734596
CNOT4-204	CNOT4	known	4	0.3925337791442871	0.5797209
EEF1E1-205	EEF1E1	known	6	0.3430913686752319	0.54692805
HCN3-201	HCN3	known	11	0.3815265595912933	0.70273685
BMPR1A-204	BMPR1A	known	37	0.4321734309196472	0.5503776
RAB29-201	RAB29	known	43	0.4076277613639831	0.6100524
transcript247210.chr5.nnic	ZFP62	nnic	2	0.2039173245429992	0.5482746
DHX15-202	DHX15	known	1	0.2298694550991058	0.4312408
CAP1-202	CAP1	known	41	0.3319582343101501	0.4521486
HSP90B1-225	HSP90B1	known	6	0.2492607235908508	0.30581772
TRIM22-218	TRIM22	known	24	0.2142263501882553	0.3877833
NRP1-204	NRP1	known	36	0.5621145367622375	0.69061387
CTSV-207	CTSV	known	19	0.352881520986557	0.4985544
ANK2-211	ANK2	known	12	0.3391366302967071	0.48420733
RPRD1A-209	RPRD1A	known	1	0.2082845568656921	0.32550308
AHNAK-201	AHNAK	known	25	0.1995170414447784	0.30546784
RNF115-202	RNF115	known	29	0.4736157357692718	0.6834354
C5-201	C5	known	25	0.3430795669555664	0.4720056
HPS1-211	HPS1	known	43	0.2545826733112335	0.39558345
SLC6A15-222	SLC6A15	known	11	0.4823730289936065	0.76118934
GRIK1-204	GRIK1	known	11	0.3770569860935211	0.7078636
SNRNP48-201	SNRNP48	known	8	0.3719705641269684	0.42627937
ERO1B-202	ERO1B	known	12	0.2570536434650421	0.4194355
RBBP7-204	RBBP7	known	2	0.4039286971092224	0.6073273
RAP1B-204	RAP1B	known	25	0.4816393256187439	0.59139127
METTL8-207	METTL8	known	9	0.4567252099514007	0.52721924
NFASC-212	NFASC	known	25	0.2139859795570373	0.30779427
GSN-209	GSN	known	41	0.3198102116584778	0.4025907
SOCS2-201	SOCS2	known	17	0.3084557056427002	0.47769848
BTRC-203	BTRC	known	29	0.4982467591762543	0.6694887
CHD2-232	CHD2	known	2	0.2871490716934204	0.4121108
KIAA1328-201	KIAA1328	known	44	0.2652136385440826	0.37341636
DSCAM-201	DSCAM	known	36	0.5103975534439087	0.608863
ATP8A2-212	ATP8A2	known	25	0.3118855059146881	0.4697052
CHRM5-201	CHRM5	known	14	0.4131229221820831	0.6248042
transcript44541.chr15.nic	MEIS2	nic	2	0.3371050059795379	0.6148796
transcript106904.chr19.nic	MRPS12	nic	6	0.6060447692871094	0.75423604
HNRNPR-202	HNRNPR	known	8	0.6195273995399475	0.69143367
OGFOD2-201	OGFOD2	known	9	0.2634356617927551	0.31313723
RBM4-201	RBM4	known	8	0.6935634613037109	0.7256161
SNAP23-218	SNAP23	known	25	0.5154955983161926	0.674178
SLC12A5-212	SLC12A5	known	11	0.443179190158844	0.6735389
transcript106353.chr10.nic	BICC1	nic	4	0.2060536593198776	0.31174946
INF2-201	INF2	known	41	0.226599782705307	0.34835812
MTRR-223	MTRR	known	15	0.3754185438156128	0.5268696
DDX1-215	DDX1	known	9	0.2950492799282074	0.44256887
FAM111A-207	FAM111A	known	19	0.2614310085773468	0.37974456
TRIM33-201	TRIM33	known	2	0.2437356263399124	0.37647453
CD276-202	CD276	known	24	0.5360364317893982	0.7674428
HSPD1-211	HSPD1	known	25	0.4674526751041412	0.4970604
ATE1-263	ATE1	known	29	0.2792456150054931	0.49845338
NIFK-205	NIFK	known	8	0.3260355293750763	0.53599507
TTC9-201	TTC9	known	5	0.21138596534729	0.3348896
GMFG-206	GMFG	known	25	0.3462382853031158	0.3559094
VSTM2A-207	VSTM2A	known	13	0.1861996501684188	0.34088823
NVL-201	NVL	known	29	0.2928909659385681	0.43122348
WASHC4-208	WASHC4	known	41	0.2579923272132873	0.38217065
BTBD10-206	BTBD10	known	2	0.2565492987632751	0.40610808
ZNF462-204	ZNF462	known	2	0.2288463413715362	0.4435502
RPS24-207	RPS24	known	5	0.6733912825584412	0.8246703
STK24-208	STK24	known	31	0.5555909276008606	0.82015496
transcript61285.chr20.nic	EYA2	nic	2	0.1988932341337204	0.34178787
ROCK1P1-202	ROCK1P1	known	42	0.3127544224262237	0.40760803
FBN1-209	FBN1	known	40	0.3084397315979004	0.44304386
transcript97342.chr19.nic	ZNF875	nic	2	0.1600728034973144	0.484286
CCNT1-201	CCNT1	known	2	0.2975914180278778	0.43825167
transcript28926.chr17.nic	DRC3	nic	3	0.2278633564710617	0.30824164
DICER1-220	DICER1	known	2	0.3404966592788696	0.4276778
C4orf33-201	C4orf33	known	16	0.1748822629451751	0.3007825
transcript41573.chr17.nic	SUPT6H	nic	8	0.537105917930603	0.5964109
MAGED4-206	MAGED4	known	2	0.2831126749515533	0.35854468
PLSCR3-211	PLSCR3	known	11	0.2144193053245544	0.45391774
PHACTR1-205	PHACTR1	known	44	0.1719797998666763	0.30196792
DNASE1L1-204	DNASE1L1	known	25	0.4934254884719848	0.5194351
UBE2D3-203	UBE2D3	known	29	0.4638302326202392	0.7114054
ZYX-201	ZYX	known	41	0.2702753841876983	0.4029014
LMBR1-211	LMBR1	known	11	0.2545062005519867	0.40075046
ACAD9-201	ACAD9	known	16	0.4080991148948669	0.5621213
ANKRD11-201	ANKRD11	known	2	0.2395128756761551	0.32401875
CCDC148-201	CCDC148	known	44	0.2482450157403946	0.37700468
DYNLT3-201	DYNLT3	known	44	0.3377488255500793	0.44465715
KIDINS220-235	KIDINS220	known	31	0.2505609691143036	0.3512857
KXD1-203	KXD1	known	44	0.2384735941886901	0.34868342
transcript32069.chr19.nnic	ZNF333	nnic	3	0.1756483316421508	0.30611444
METTL16-205	METTL16	known	9	0.4464924335479736	0.61532676
LIMS2-204	LIMS2	known	2	0.2296151667833328	0.33088854
COPS4-206	COPS4	known	25	0.5329341292381287	0.59022534
VDAC1-202	VDAC1	known	11	0.3820825815200805	0.5933273
CTNNA1-201	CTNNA1	known	35	0.4472763240337372	0.5686523
LIMA1-203	LIMA1	known	41	0.4099475741386413	0.5055908
ENDOV-204	ENDOV	known	9	0.4836389124393463	0.56339926
GATD3-201	GATD3	known	15	0.304998904466629	0.44008026
transcript53399.chr7.nnic	SUGCT	nnic	16	0.3718046545982361	0.5840862
NFE2L2-216	NFE2L2	known	18	0.4991703033447265	0.58996713
RHPN2-201	RHPN2	known	43	0.2463519275188446	0.33390495
LARS1-217	LARS1	known	6	0.5641053915023804	0.7025782
BLTP1-224	BLTP1	known	43	0.3004292249679565	0.46337724
CSNK1D-202	CSNK1D	known	44	0.3452482521533966	0.55312794
transcript26749.chr2.nic	DNAJC27	nic	42	0.1960183680057525	0.3692647
RAB8A-205	RAB8A	known	25	0.3784070909023285	0.61539704
TUT1-202	TUT1	known	9	0.3592270314693451	0.51551306
ADGRV1-232	ADGRV1	known	12	0.2847527265548706	0.40888983
GAD1-214	GAD1	known	16	0.3455875515937805	0.51318187
ANKZF1-210	ANKZF1	known	1	0.257469117641449	0.3872097
POMT1-204	POMT1	known	20	0.395033448934555	0.45967478
ZNF407-204	ZNF407	known	2	0.2776335477828979	0.4556554
CHMP2B-208	CHMP2B	known	43	0.3158943653106689	0.46927637
FSD1-201	FSD1	known	44	0.2502154409885406	0.37736005
CCDC82-224	CCDC82	known	1	0.2571626305580139	0.3625249
RPL5-209	RPL5	known	6	0.5256142020225525	0.6592034
HK1-223	HK1	known	15	0.6308685541152954	0.78153765
GPAM-202	GPAM	known	17	0.5087907314300537	0.6654335
GTPBP3-222	GTPBP3	known	9	0.3856165111064911	0.45214662
GABRA4-205	GABRA4	known	11	0.3792405128479004	0.7411792
CSE1L-203	CSE1L	known	2	0.1849552541971206	0.3195681
ASAH1-209	ASAH1	known	25	0.5407061576843262	0.5591786
KSR1-219	KSR1	known	31	0.342272400856018	0.5246939
MAPK9-201	MAPK9	known	31	0.3502437770366668	0.7069475
TRAPPC10-207	TRAPPC10	known	43	0.2317978292703628	0.31431103
NDUFB9-207	NDUFB9	known	6	0.3885693252086639	0.6394284
NRP2-204	NRP2	known	36	0.4678106904029846	0.6216255
ACBD5-229	ACBD5	known	16	0.3148594200611114	0.4063775
transcript212348.chr3.nic	HSPBAP1	nic	2	0.2619742751121521	0.39220238
HDAC6-259	HDAC6	known	27	0.3299799859523773	0.40395564
NELL1-211	NELL1	known	40	0.2126701325178146	0.30222592
transcript41781.chr20.nnic	NCOA6	nnic	2	0.2214361578226089	0.43297285
NUDCD2-201	NUDCD2	known	18	0.1257430613040924	0.31099507
GFAP-225	GFAP	known	44	0.1962814331054687	0.39424986
transcript50209.chr6.nnic	FGD2	nnic	42	0.3559442460536957	0.4959553
PALS1-201	PALS1	known	13	0.2234911918640136	0.36855897
HLA-DOA-201	HLA-DOA	known	24	0.3536951541900635	0.57166576
PARD3-212	PARD3	known	35	0.3919891119003296	0.50752866
transcript179752.chr1.nic	SYT6	nic	13	0.38274946808815	0.59021777
TPD52L1-201	TPD52L1	known	31	0.3943277597427368	0.5316737
PUM2-207	PUM2	known	8	0.2806511223316192	0.47481942
SGPL1-208	SGPL1	known	16	0.3303072452545166	0.54526585
transcript170264.chr3.nnic	GTPBP8	nnic	6	0.3931465148925781	0.4498754
WSCD1-207	WSCD1	known	20	0.4016377031803131	0.42417803
VPS8-201	VPS8	known	43	0.2941116392612457	0.50436586
CYB5R3-209	CYB5R3	known	16	0.3201134502887726	0.4474163
ADGRL2-212	ADGRL2	known	13	0.3025070130825043	0.42511258
KIF22-230	KIF22	known	44	0.402030885219574	0.5939112
RCBTB2-201	RCBTB2	known	29	0.1597057580947876	0.35001546
transcript245277.chr1.nnic	ISG20L2	nnic	1	0.2097412943840026	0.32084343
CTSB-256	CTSB	known	19	0.288346916437149	0.40933952
ABCB7-214	ABCB7	known	11	0.2630743086338043	0.4622491
BMP8B-201	BMP8B	known	38	0.2615726590156555	0.40726638
transcript48686.chr6.nnic	MAPK14	nnic	31	0.2982083857059479	0.6759809
SERINC5-202	SERINC5	known	11	0.3344671130180359	0.50938296
SQSTM1-202	SQSTM1	known	29	0.3787800669670105	0.46734086
SRSF7-206	SRSF7	known	8	0.4720076620578766	0.5854375
PRKRA-223	PRKRA	known	23	0.218057706952095	0.36518747
TECR-207	TECR	known	15	0.3965174257755279	0.5281782
RXRB-202	RXRB	known	2	0.3543704450130462	0.6700631
ZNF577-218	ZNF577	known	2	0.1570630371570587	0.44731742
KCNH4-202	KCNH4	known	11	0.3990589082241058	0.7230336
NCKAP1-210	NCKAP1	known	41	0.5080928206443787	0.6459224
transcript332879.chr2.nnic	TTC30A	nnic	5	0.2679018080234527	0.36523312
SAT2-202	SAT2	known	15	0.2309295535087585	0.33253282
ZNF532-222	ZNF532	known	2	0.2755090296268463	0.4718136
RALGPS1-205	RALGPS1	known	42	0.3494434654712677	0.50448847
PHF20L1-204	PHF20L1	known	2	0.2659607529640198	0.41187924
RBMS2-201	RBMS2	known	8	0.3126337230205536	0.35376397
BAP1-201	BAP1	known	29	0.3857565224170685	0.56472087
MED17-217	MED17	known	44	0.2573390305042267	0.33878908
transcript166822.chr10.nic	IDE	nic	19	0.2352595329284668	0.3082046
H2BC21-201	H2BC21	known	3	0.3133140504360199	0.5813791
PEAK1-205	PEAK1	known	42	0.2663512825965881	0.32168978
STXBP3-205	STXBP3	known	41	0.2679490149021148	0.34132403
PDPK1-217	PDPK1	known	31	0.1789078414440155	0.35469145
RAPGEF6-216	RAPGEF6	known	42	0.430931806564331	0.54445297
SULT1A4-201	SULT1A4	known	15	0.4359166026115417	0.6084255
LAMP1-201	LAMP1	known	25	0.6732030510902405	0.70908105
GAS8-219	GAS8	known	44	0.3071229457855224	0.41949302
CYP4F11-203	CYP4F11	known	16	0.3753692805767059	0.56923115
ZNF614-201	ZNF614	known	2	0.174062117934227	0.55021465
TINF2-217	TINF2	known	6	0.2820670306682586	0.31048757
WDR45-214	WDR45	known	22	0.3644496500492096	0.6391843
SPRY2-201	SPRY2	known	31	0.5074877142906189	0.695363
TMEM186-201	TMEM186	known	6	0.253813773393631	0.4799203
CSPP1-266	CSPP1	known	44	0.2045266330242157	0.30761054
POLR3F-213	POLR3F	known	29	0.2184410989284515	0.3329588
CNTN2-217	CNTN2	known	35	0.3339540064334869	0.60139215
EGF-201	EGF	known	31	0.4587802290916443	0.6262625
UFL1-201	UFL1	known	29	0.3404080867767334	0.403922
GOLM2-202	GOLM2	known	20	0.3443632125854492	0.36720687
CENPN-202	CENPN	known	1	0.2632569074630737	0.3898594
LAMA4-219	LAMA4	known	35	0.3453435897827148	0.55486405
POMGNT1-221	POMGNT1	known	20	0.4731188714504242	0.5233206
CHD4-249	CHD4	known	2	0.3038122355937958	0.4101778
HM13-229	HM13	known	19	0.4217736721038818	0.4313658
PIGO-216	PIGO	known	20	0.399442583322525	0.47457784
TAF3-208	TAF3	known	2	0.2959866523742676	0.41570053
RPTOR-209	RPTOR	known	22	0.2741475999355316	0.34428215
BCLAF1-223	BCLAF1	known	8	0.292652279138565	0.35264993
TRIM68-203	TRIM68	known	23	0.2586404681205749	0.44187793
HSPA9-220	HSPA9	known	25	0.4556674361228943	0.49203047
IQSEC1-209	IQSEC1	known	42	0.3909481167793274	0.5781573
METAP2-201	METAP2	known	8	0.3214658796787262	0.4338134
GOLGA7-208	GOLGA7	known	25	0.388919323682785	0.40648255
SEPTIN5-201	SEPTIN5	known	44	0.4291648268699646	0.68299973
ALDH1B1-201	ALDH1B1	known	16	0.3628144860267639	0.5864467
ACOX1-204	ACOX1	known	16	0.4333446621894836	0.6167494
transcript157301.chr11.nnic	TRPC6	nnic	3	0.1965966671705246	0.33232895
MDP1-201	MDP1	known	9	0.240019604563713	0.43462506
TNFSF13-203	TNFSF13	known	23	0.3972639143466949	0.5237057
transcript65053.chr7.nic	IKZF1	nic	2	0.2433964163064956	0.53725904
CEP104-219	CEP104	known	44	0.2630138993263244	0.5168651
WDR73-201	WDR73	known	10	0.2115561068058014	0.3449039
PUF60-206	PUF60	known	8	0.5887839794158936	0.6460718
RNF180-202	RNF180	known	29	0.3085838556289673	0.5501006
EIF2B2-201	EIF2B2	known	9	0.2293795794248581	0.33725512
NBEAL1-204	NBEAL1	known	5	0.6706252694129944	0.75940466
RPE-208	RPE	known	15	0.3546708226203918	0.571828
RABL2A-206	RABL2A	known	44	0.2775796353816986	0.44470406
transcript55283.chr6.nnic	MOCS1	nnic	9	0.2981221973896026	0.37962505
POLD2-222	POLD2	known	1	0.3268271088600158	0.5264012
RICTOR-211	RICTOR	known	42	0.3116953372955322	0.41933876
HMGN3-202	HMGN3	known	2	0.1822586208581924	0.34811193
MIA2-206	MIA2	known	43	0.2283447086811065	0.40727195
MYBPH-201	MYBPH	known	41	0.1606920063495636	0.39882302
COPS5-211	COPS5	known	1	0.3525869250297546	0.5115508
NUP88-216	NUP88	known	7	0.577768862247467	0.68433297
OTUD7A-201	OTUD7A	known	29	0.2656682729721069	0.38325524
DTNA-255	DTNA	known	12	0.1781872510910034	0.4346796
SMC6-201	SMC6	known	1	0.3657871782779693	0.58966416
STK38-201	STK38	known	31	0.2020094096660614	0.5817908
SNX9-223	SNX9	known	43	0.2754698693752289	0.3843448
DHRS7-202	DHRS7	known	16	0.263277143239975	0.38749057
CFAP251-202	CFAP251	known	44	0.301637053489685	0.4379638
NPHP4-201	NPHP4	known	44	0.3041948974132538	0.4341671
APC-209	APC	known	32	0.361708790063858	0.4417921
ADAM22-205	ADAM22	known	40	0.2752928733825683	0.33989987
CPSF1-212	CPSF1	known	8	0.3955024778842926	0.4983527
SMARCA4-249	SMARCA4	known	2	0.2588898241519928	0.40172893
VPS72-202	VPS72	known	2	0.2495138049125671	0.37307292
transcript311450.chr3.nic	PLAAT1	nic	27	0.22432841360569	0.30854097
GBGT1-205	GBGT1	known	20	0.3629398345947265	0.40852198
ZNF442-203	ZNF442	known	2	0.1610168665647506	0.5797883
transcript245832.chr2.nnic	CCDC93	nnic	44	0.2241566479206085	0.4133285
ZNF571-205	ZNF571	known	2	0.1817472279071808	0.5374459
KCTD21-201	KCTD21	known	29	0.2834188342094421	0.43354893
AP3M2-201	AP3M2	known	43	0.4408784806728363	0.6086522
RAB18-208	RAB18	known	25	0.2896606922149658	0.42364115
ELMO2-212	ELMO2	known	42	0.3417198359966278	0.45207047
COL4A1-201	COL4A1	known	40	0.4359644055366516	0.6827118
P4HB-244	P4HB	known	18	0.2298324406147003	0.3610331
CHST15-201	CHST15	known	20	0.5325619578361511	0.57589114
transcript149682.chr11.nnic	MRE11	nnic	25	0.2397103309631347	0.36855248
IFRD1-202	IFRD1	known	44	0.231907770037651	0.30838224
SV2B-201	SV2B	known	11	0.2883771359920501	0.4329256
BBX-203	BBX	known	2	0.2682448029518127	0.41680822
TBRG1-201	TBRG1	known	2	0.2203106135129928	0.3244317
NDUFA5-207	NDUFA5	known	15	0.5294092893600464	0.7489693
CCDC136-206	CCDC136	known	44	0.2612821757793426	0.35329068
HERPUD1-218	HERPUD1	known	18	0.3351554274559021	0.42802987
transcript3700.chr14.nic	NGDN	nic	6	0.2752937972545624	0.406816
NEK1-202	NEK1	known	4	0.3730335235595703	0.7541025
ZBTB34-201	ZBTB34	known	2	0.1701689660549163	0.40344438
MYCBP2-224	MYCBP2	known	36	0.2594591379165649	0.35402647
ACVR2B-202	ACVR2B	known	37	0.2829030156135559	0.67925584
transcript184829.chr7.nic	TNPO3	nic	25	0.2437512278556823	0.40410534
ABCC3-205	ABCC3	known	11	0.23406383395195	0.44795856
EGFL7-201	EGFL7	known	40	0.2040567845106125	0.31012148
ZBTB16-213	ZBTB16	known	2	0.2369319349527359	0.4862275
CAPRIN2-230	CAPRIN2	known	36	0.3518192172050476	0.58187395
MAZ-212	MAZ	known	2	0.1573599129915237	0.45172444
SEPTIN4-222	SEPTIN4	known	27	0.2463601231575012	0.3410453
CLPB-222	CLPB	known	6	0.2486709505319595	0.3963291
ARHGEF3-202	ARHGEF3	known	42	0.4337895512580871	0.6593323
PRDX2-204	PRDX2	known	25	0.3180713355541229	0.47420558
PLSCR4-201	PLSCR4	known	11	0.2112159729003906	0.43710342
CDK12-204	CDK12	known	8	0.3450161516666412	0.43622103
RXYLT1-212	RXYLT1	known	20	0.3208105266094208	0.41088256
CC2D1B-202	CC2D1B	known	43	0.206830084323883	0.30249467
DLG1-249	DLG1	known	13	0.4179523587226867	0.5406805
NPAS3-202	NPAS3	known	2	0.24609375	0.50488055
CELF3-201	CELF3	known	8	0.6321806311607361	0.66629666
transcript74783.chr12.nic	TAMALIN	nic	2	0.2097753137350082	0.32066932
CAST-245	CAST	known	30	0.3521998226642608	0.73375535
FER1L6-201	FER1L6	known	25	0.2329103201627731	0.432465
SLC41A3-203	SLC41A3	known	11	0.3404363393783569	0.65082085
RBM42-201	RBM42	known	8	0.3407401144504547	0.42137447
FADD-201	FADD	known	30	0.5064325928688049	0.6670467
PTBP2-211	PTBP2	known	8	0.540553629398346	0.61840665
SNX2-213	SNX2	known	43	0.2801835834980011	0.42292506
RACK1-224	RACK1	known	30	0.3214420676231384	0.3986516
PIP4K2C-203	PIP4K2C	known	17	0.7304439544677734	0.7955667
CHST9-202	CHST9	known	20	0.6055809855461121	0.65534353
PRXL2B-203	PRXL2B	known	16	0.3069311082363128	0.45589954
transcript17744.chr19.nnic	ADAMTS10	nnic	40	0.276924729347229	0.43802276
HDAC6-245	HDAC6	known	1	0.2949177026748657	0.38940057
GET1-204	GET1	known	18	0.235812559723854	0.32445005
transcript39811.chr22.nnic	RBFOX2	nnic	8	0.3397450149059295	0.4832684
AHI1-245	AHI1	known	44	0.3651034235954284	0.50202453
SRSF4-208	SRSF4	known	8	0.3132079243659973	0.3895336
ATP5F1A-211	ATP5F1A	known	6	0.2062193900346756	0.34919578
SLC38A1-210	SLC38A1	known	11	0.3515480160713196	0.5093974
FFAR1-201	FFAR1	known	14	0.3194457590579986	0.6964912
PCNT-212	PCNT	known	44	0.2881170809268951	0.4014266
IFNAR2-214	IFNAR2	known	23	0.2698566913604736	0.4602464
MED18-202	MED18	known	2	0.2219677865505218	0.3547974
DCBLD1-210	DCBLD1	known	40	0.2571406364440918	0.3132546
EVI5-210	EVI5	known	42	0.2611951828002929	0.3558545
NSD2-231	NSD2	known	2	0.3718290030956268	0.67516905
CACNA2D3-204	CACNA2D3	known	12	0.3787297010421753	0.7178752
SFI1-202	SFI1	known	44	0.368468314409256	0.5016507
MTO1-225	MTO1	known	9	0.3101020157337188	0.32727355
FGF12-214	FGF12	known	13	0.2937496304512024	0.44162974
CENPC-201	CENPC	known	1	0.4116034805774688	0.60800725
SLC1A2-235	SLC1A2	known	11	0.5806793570518494	0.8323666
RBAK-202	RBAK	known	2	0.195681095123291	0.5541857
GPC1-209	GPC1	known	40	0.3052989840507507	0.4230631
ATP6V0A1-209	ATP6V0A1	known	11	0.3869830965995788	0.5826574
XAF1-202	XAF1	known	23	0.2544113397598266	0.3966992
TINF2-208	TINF2	known	15	0.2126503139734268	0.31524348
NT5DC3-201	NT5DC3	known	9	0.2677326798439026	0.4128727
VAMP5-201	VAMP5	known	43	0.3222612142562866	0.43305606
KIF2A-204	KIF2A	known	8	0.3046362698078155	0.39060393
MYO5B-210	MYO5B	known	43	0.3176745474338531	0.43035477
TMEM67-223	TMEM67	known	11	0.3193424344062805	0.5230712
DPH1-213	DPH1	known	9	0.2671090364456177	0.34439337
DUS4L-204	DUS4L	known	15	0.2403414398431778	0.43919215
ERCC6-217	ERCC6	known	2	0.274256944656372	0.43522424
SPPL2B-209	SPPL2B	known	19	0.3136113882064819	0.41869187
ZDHHC12-205	ZDHHC12	known	43	0.2127588093280792	0.30586755
RTEL1-220	RTEL1	known	1	0.4121510684490204	0.57841873
TCF12-204	TCF12	known	2	0.2903158962726593	0.63450295
CHN2-208	CHN2	known	42	0.4388276040554046	0.7091707
KLF8-205	KLF8	known	2	0.2290135324001312	0.49315828
P2RX7-202	P2RX7	known	12	0.4435952603816986	0.60425305
MPDZ-202	MPDZ	known	13	0.1770865023136139	0.33846924
SPIN1-203	SPIN1	known	2	0.1991512030363083	0.35047528
transcript15095.chr12.nnic	ENSG00000290940	nnic	9	0.3034336268901825	0.34367073
ABCC8-218	ABCC8	known	11	0.3717658817768097	0.52376163
MAN1B1-239	MAN1B1	known	18	0.3819275498390198	0.50149417
SPATA17-201	SPATA17	known	3	0.1401463896036148	0.31185544
PPP1R37-204	PPP1R37	known	32	0.2112484872341156	0.3416054
NOL4L-203	NOL4L	known	2	0.3823580145835876	0.58349884
DHRS7-207	DHRS7	known	16	0.2378472536802292	0.34076935
NCSTN-240	NCSTN	known	25	0.3254035711288452	0.40309286
BAZ2A-201	BAZ2A	known	2	0.3280231058597564	0.49278703
DNAJC13-209	DNAJC13	known	3	0.2423944920301437	0.30529323
LIMK1-205	LIMK1	known	31	0.2156966477632522	0.6020384
P4HB-231	P4HB	known	30	0.2575539648532867	0.40155855
PSRC1-203	PSRC1	known	44	0.2360488474369049	0.37517187
C9orf85-201	C9orf85	known	6	0.3111243844032287	0.37424546
CEP78-217	CEP78	known	3	0.2104933112859726	0.30181295
AK3-202	AK3	known	15	0.4687870144844055	0.7403732
SLC25A38-209	SLC25A38	known	11	0.3298973739147186	0.51872456
CPNE1-221	CPNE1	known	19	0.2067085951566696	0.325543
TRIM2-224	TRIM2	known	29	0.2771492600440979	0.34381494
ACADM-258	ACADM	known	16	0.4181745946407318	0.5846909
BBS2-230	BBS2	known	37	0.3005242645740509	0.38541004
TMPO-201	TMPO	known	2	0.2575049102306366	0.32690614
ADARB1-204	ADARB1	known	32	0.3822738528251648	0.5213651
CD63-201	CD63	known	25	0.4952574372291565	0.5114447
FGFR2-206	FGFR2	known	17	0.6686002612113953	0.78114647
ANTXR1-210	ANTXR1	known	40	0.2312869727611541	0.3515118
NTRK2-232	NTRK2	known	13	0.3117570281028747	0.38297096
CEP162-207	CEP162	known	44	0.3497603833675384	0.4594667
CREB3L2-201	CREB3L2	known	18	0.4246283173561096	0.5209039
PTPRA-201	PTPRA	known	36	0.3286868035793304	0.72068655
ST3GAL6-202	ST3GAL6	known	20	0.7267696857452393	0.80045015
KMT2C-215	KMT2C	known	2	0.2785156667232513	0.3929321
MAP1B-201	MAP1B	known	36	0.2954522669315338	0.51107633
AP1M1-202	AP1M1	known	43	0.4535519778728485	0.62870276
LRPPRC-230	LRPPRC	known	44	0.2666832208633423	0.37576446
TRAPPC4-211	TRAPPC4	known	43	0.2494104653596878	0.33474424
DOK2-201	DOK2	known	36	0.3201325237751007	0.55252737
FTSJ1-202	FTSJ1	known	9	0.5419948101043701	0.61191726
transcript151000.chr12.nic	RFX4	nic	3	0.2966974675655365	0.46323356
DGCR8-204	DGCR8	known	6	0.3981549441814422	0.47812253
G3BP1-241	G3BP1	known	7	0.2472015917301178	0.38357788
PPIA-215	PPIA	known	8	0.2067283987998962	0.34277177
ZMAT2-201	ZMAT2	known	8	0.4103869497776031	0.5707356
LONRF2-201	LONRF2	known	29	0.3711393475532532	0.59713334
transcript141146.chr11.nnic	TMEM135	nnic	19	0.2723628282546997	0.30633146
DNAJC7-203	DNAJC7	known	5	0.3096707761287689	0.35358673
NRIP1-201	NRIP1	known	2	0.3180781006813049	0.4527627
FLACC1-208	FLACC1	known	44	0.1973252445459365	0.31243077
DGKZ-203	DGKZ	known	39	0.691643238067627	0.7311458
EDEM3-213	EDEM3	known	18	0.5162729024887085	0.66712105
transcript61079.chr17.nnic	MMP28	nnic	19	0.3627921640872955	0.45413002
SNRPN-201	SNRPN	known	8	0.4942083656787872	0.74153167
transcript217317.chr9.nic	LAMC3	nic	35	0.3877322375774383	0.5333857
ZNF317-204	ZNF317	known	2	0.1532932817935943	0.5779058
MYBPC1-201	MYBPC1	known	41	0.2842244505882263	0.71909106
transcript4925.chr20.nic	ITPA	nic	16	0.1974304616451263	0.3005817
ICAM3-201	ICAM3	known	24	0.3549736738204956	0.5222322
G3BP1-240	G3BP1	known	7	0.2281674593687057	0.34814078
AHI1-259	AHI1	known	44	0.3651034235954284	0.50202453
MACF1-255	MACF1	known	36	0.3958464562892914	0.53894913
transcript2789.chr18.nnic	EMILIN2	nnic	35	0.3211448192596435	0.4741342
MCCC2-216	MCCC2	known	15	0.4474272131919861	0.61117494
CABIN1-205	CABIN1	known	2	0.2553852200508117	0.43800512
AARS1-238	AARS1	known	6	0.3806153535842895	0.55768186
CHN2-201	CHN2	known	42	0.4085440635681152	0.5960306
ZNF460-202	ZNF460	known	2	0.1780737042427063	0.57857436
IFT46-209	IFT46	known	44	0.2686491012573242	0.3170909
CACNA1D-206	CACNA1D	known	12	0.5582556128501892	0.8529951
ERCC3-202	ERCC3	known	1	0.4359034895896911	0.5703432
AASS-226	AASS	known	15	0.2899141013622284	0.45514417
CEP350-217	CEP350	known	44	0.2279785275459289	0.3444959
IGSF3-203	IGSF3	known	35	0.2315373122692108	0.38593268
DHTKD1-201	DHTKD1	known	15	0.437437355518341	0.59043634
HMGCS1-201	HMGCS1	known	15	0.4051752388477325	0.5299635
MADD-225	MADD	known	31	0.4110961258411407	0.5788713
FAM135A-209	FAM135A	known	17	0.2455076426267624	0.3091762
WDR25-206	WDR25	known	9	0.1977803260087967	0.33288455
transcript65771.chr17.nic	CWC25	nic	8	0.3336858451366424	0.3712478
KIAA0586-214	KIAA0586	known	44	0.3071804642677307	0.4957649
PRPSAP2-212	PRPSAP2	known	15	0.372982770204544	0.46934873
TDRKH-202	TDRKH	known	3	0.3302936553955078	0.37478083
ARHGEF7-204	ARHGEF7	known	42	0.4262495934963226	0.63117707
SART1-201	SART1	known	8	0.4919329881668091	0.5735989
HECTD1-227	HECTD1	known	29	0.2898713648319244	0.4236918
PDCD2-209	PDCD2	known	30	0.3008365631103515	0.4494284
CACNA1A-218	CACNA1A	known	11	0.4185799956321716	0.85695755
SPIRE1-202	SPIRE1	known	44	0.3684992492198944	0.45649594
APBA2-213	APBA2	known	13	0.3338509202003479	0.4574687
ANXA11-202	ANXA11	known	25	0.2497595697641372	0.32496667
FBXO4-206	FBXO4	known	29	0.378240019083023	0.6409537
SENP1-210	SENP1	known	19	0.2932213544845581	0.42897505
MEIS2-219	MEIS2	known	2	0.2676724791526794	0.55133665
EGFL6-202	EGFL6	known	40	0.2282074391841888	0.32434732
KIN-201	KIN	known	8	0.3224312663078308	0.42258945
YBEY-206	YBEY	known	6	0.315761536359787	0.41165385
ARPP21-207	ARPP21	known	2	0.1847711652517318	0.3382347
NDUFS2-284	NDUFS2	known	16	0.2949148118495941	0.4577859
DOCK8-222	DOCK8	known	2	0.229524090886116	0.3224597
APBB2-211	APBB2	known	36	0.2638742625713348	0.37570772
AMY2B-205	AMY2B	known	25	0.3379319906234741	0.4799307
ESRRG-209	ESRRG	known	2	0.369591623544693	0.76537704
BRPF1-215	BRPF1	known	2	0.3812909722328186	0.6800645
RDX-219	RDX	known	41	0.4840576648712158	0.5841247
USP13-201	USP13	known	29	0.4499301314353943	0.6965476
TRRAP-202	TRRAP	known	2	0.2863002419471741	0.39439955
ZNF550-201	ZNF550	known	2	0.15886852145195	0.6429569
CDC42-218	CDC42	known	41	0.5735673904418945	0.640921
JAK3-210	JAK3	known	31	0.2490307390689849	0.6175947
transcript19524.chr19.nnic	ZNF559	nnic	2	0.162980243563652	0.63914794
MED12L-214	MED12L	known	2	0.2756955921649933	0.42096978
SCARB1-214	SCARB1	known	39	0.3876344263553619	0.5070178
transcript140774.chr6.nic	UFL1	nic	29	0.37400683760643	0.48400068
FHL1-227	FHL1	known	4	0.3161063492298126	0.49812636
PIGN-237	PIGN	known	20	0.3374361097812652	0.45351893
IRF9-224	IRF9	known	23	0.2610509693622589	0.5589127
BRD2-222	BRD2	known	2	0.3352011144161224	0.5508127
FHL5-202	FHL5	known	2	0.2057410627603531	0.35138136
NARF-204	NARF	known	15	0.4211820065975189	0.57396466
CLK1-211	CLK1	known	8	0.2143159508705139	0.31079286
COQ8A-201	COQ8A	known	22	0.2285500317811966	0.3484336
LCORL-207	LCORL	known	2	0.2468914240598678	0.4207681
SELENBP1-218	SELENBP1	known	25	0.1995744705200195	0.3576035
EIF3E-201	EIF3E	known	25	0.337097555398941	0.43898454
THNSL2-205	THNSL2	known	16	0.3618648946285248	0.51396185
PNPLA8-206	PNPLA8	known	17	0.4595498442649841	0.6340875
SLC25A43-201	SLC25A43	known	11	0.2666370868682861	0.5512286
DYNC1H1-259	DYNC1H1	known	44	0.4602034986019134	0.5508755
POLG-222	POLG	known	1	0.3488052487373352	0.64615905
NONO-203	NONO	known	8	0.3259214460849762	0.39607745
ZFHX2-202	ZFHX2	known	2	0.2339876294136047	0.51630896
UBE2D1-201	UBE2D1	known	29	0.4604438245296478	0.7049063
LIPT2-201	LIPT2	known	9	0.341693639755249	0.38122773
ST3GAL3-245	ST3GAL3	known	20	0.5637122988700867	0.6151114
KATNAL2-211	KATNAL2	known	29	0.2364557981491089	0.3857181
PDCD5-203	PDCD5	known	7	0.3005091547966003	0.39679247
SDCBP-202	SDCBP	known	25	0.4517632722854614	0.5461075
transcript6973.chrY.nnic	NLGN4Y	nnic	40	0.1714138984680175	0.3164997
SERPINB6-215	SERPINB6	known	30	0.411249577999115	0.8583008
DSE-206	DSE	known	20	0.5264896154403687	0.5733929
NAPB-202	NAPB	known	44	0.2763412594795227	0.42481756
ARHGEF9-239	ARHGEF9	known	42	0.3703272342681885	0.58676404
EP300-212	EP300	known	2	0.4158164858818054	0.55604875
AASS-225	AASS	known	16	0.3849372863769531	0.5825685
SUPT20HL1-202	SUPT20HL1	known	2	0.2089985162019729	0.31583923
transcript75853.chr20.nnic	GID8	nnic	43	0.1864267885684967	0.3008244
CFAP36-203	CFAP36	known	44	0.2488210201263427	0.34579664
CNTN4-206	CNTN4	known	36	0.3826623558998108	0.5210136
FLNC-201	FLNC	known	35	0.2272020280361175	0.43172854
FAAP100-203	FAAP100	known	7	0.2795745134353637	0.3395725
DNAJC4-202	DNAJC4	known	6	0.2654822766780853	0.36637092
SREBF2-209	SREBF2	known	22	0.3182176947593689	0.39286593
F5-202	F5	known	43	0.2615790367126465	0.37288764
ADRM1-205	ADRM1	known	29	0.3960537314414978	0.52643967
PIH1D2-207	PIH1D2	known	3	0.2627212405204773	0.37749544
PAIP1-201	PAIP1	known	10	0.4030376076698303	0.5706526
NPAT-203	NPAT	known	2	0.2381531596183776	0.43111596
DCHS1-201	DCHS1	known	35	0.4205887615680694	0.73331153
RGPD1-204	RGPD1	known	7	0.5273242592811584	0.7007333
YPEL5-202	YPEL5	known	25	0.2972664535045624	0.31307644
MOK-219	MOK	known	31	0.1860082149505615	0.35038856
FANCL-242	FANCL	known	1	0.2549877464771271	0.3828206
TMC6-230	TMC6	known	11	0.2044746279716491	0.3229566
TBK1-229	TBK1	known	24	0.3494418561458587	0.6380352
FOSL1-201	FOSL1	known	2	0.264505386352539	0.5470309
NANOS3-201	NANOS3	known	1	0.175247773528099	0.30589184
DLG1-270	DLG1	known	32	0.4096164405345917	0.5295397
HEXA-236	HEXA	known	16	0.2866816818714142	0.47489992
TENT4B-202	TENT4B	known	8	0.2421716600656509	0.31971496
GHITM-213	GHITM	known	30	0.3262718617916107	0.59909344
EPC1-202	EPC1	known	2	0.3790645003318786	0.5746118
XPNPEP1-213	XPNPEP1	known	15	0.3783232271671295	0.51372695
MTA2-204	MTA2	known	2	0.2858843207359314	0.4529984
MAT2A-202	MAT2A	known	25	0.3695294559001922	0.38564426
RNF146-203	RNF146	known	29	0.2987340092658996	0.6716476
UST-201	UST	known	20	0.6098834872245789	0.6909707
USP2-201	USP2	known	8	0.2895617485046386	0.5081485
TBC1D13-202	TBC1D13	known	42	0.3080728352069855	0.4379963
ING3-203	ING3	known	2	0.3182890117168426	0.50891024
KIDINS220-215	KIDINS220	known	31	0.3667063415050506	0.50398606
GDAP1-220	GDAP1	known	6	0.2516491711139679	0.38569212
TACC2-209	TACC2	known	44	0.2945828139781952	0.43433532
PDE1A-205	PDE1A	known	42	0.127568244934082	0.37467933
UXS1-201	UXS1	known	16	0.2658868134021759	0.4111473
KIF5C-205	KIF5C	known	44	0.298176646232605	0.3920403
FAM161A-201	FAM161A	known	44	0.2382687181234359	0.37947798
ADAM17-226	ADAM17	known	19	0.4083302021026611	0.50279224
MYO9A-215	MYO9A	known	42	0.2737124562263489	0.3905923
CTSA-216	CTSA	known	25	0.4846051931381225	0.50803
GMPPA-226	GMPPA	known	16	0.2953943610191345	0.40598768
ASAH1-216	ASAH1	known	25	0.537156343460083	0.5534947
ATXN2-229	ATXN2	known	10	0.2568970322608948	0.35668552
GRIA1-209	GRIA1	known	13	0.3759353160858154	0.6865064
transcript50015.chr6.nic	BRPF3	nic	2	0.3149715065956116	0.5293775
ZNF700-201	ZNF700	known	2	0.1574010252952575	0.5053904
GEM-202	GEM	known	42	0.272999107837677	0.3941186
MAPK10-373	MAPK10	known	31	0.3066997826099396	0.65773976
DDT-208	DDT	known	25	0.294541597366333	0.36941355
TMUB1-201	TMUB1	known	18	0.3719029426574707	0.4815368
MAP4K5-210	MAP4K5	known	31	0.5613754987716675	0.7434793
HMGB1-203	HMGB1	known	1	0.2999585568904876	0.43335587
ARHGEF7-206	ARHGEF7	known	42	0.4201151728630066	0.6310093
NRIP1-202	NRIP1	known	2	0.3180781006813049	0.4527627
RBMS1-212	RBMS1	known	2	0.1902841180562973	0.32497388
PSMC5-203	PSMC5	known	29	0.3694456219673157	0.5244669
SRRM2-226	SRRM2	known	8	0.3249796628952026	0.4569618
ZMYND8-214	ZMYND8	known	2	0.2804555296897888	0.4490223
CPEB3-201	CPEB3	known	8	0.2249862998723983	0.32812935
NELFE-202	NELFE	known	8	0.3963501751422882	0.44514698
transcript119073.chr2.nic	CAPG	nic	41	0.2868680655956268	0.3985224
CD46-218	CD46	known	24	0.3471111357212066	0.5465112
MRPL38-201	MRPL38	known	6	0.4150133430957794	0.44183478
IARS1-214	IARS1	known	6	0.3512244522571563	0.43713507
SAT1-206	SAT1	known	9	0.1843761354684829	0.31155425
EXOSC2-214	EXOSC2	known	9	0.23273366689682	0.3384815
PDP1-203	PDP1	known	32	0.217645451426506	0.582796
ZNF133-218	ZNF133	known	2	0.185757115483284	0.5381628
MRPL24-202	MRPL24	known	6	0.5774352550506592	0.6736337
SLC17A8-201	SLC17A8	known	11	0.3920844197273254	0.6447991
IREB2-203	IREB2	known	15	0.4139115214347839	0.5534686
RAB3C-201	RAB3C	known	25	0.513173520565033	0.6810874
ZNF25-201	ZNF25	known	2	0.1687820702791214	0.6006109
GCK-201	GCK	known	15	0.4419093132019043	0.62501585
POLR3A-216	POLR3A	known	9	0.2519649267196655	0.3568152
transcript267453.chr3.nic	B3GALNT1	nic	20	0.6705643534660339	0.7640377
PPFIA1-222	PPFIA1	known	35	0.2761212587356567	0.34277838
CPNE3-203	CPNE3	known	25	0.4708359539508819	0.48758164
STK32C-206	STK32C	known	31	0.1944112479686737	0.6472467
TBC1D16-201	TBC1D16	known	42	0.3493515849113464	0.49254483
MYDGF-201	MYDGF	known	25	0.3939702808856964	0.43666703
ENDOV-215	ENDOV	known	1	0.2175198495388031	0.34270558
CALCRL-202	CALCRL	known	14	0.5022249221801758	0.7441574
HNRNPLL-212	HNRNPLL	known	8	0.4917125403881073	0.56542873
KIDINS220-224	KIDINS220	known	31	0.3576841354370117	0.4928147
NPEPPS-216	NPEPPS	known	19	0.2764081060886383	0.33264372
PTPRO-209	PTPRO	known	35	0.3543703854084015	0.43093023
transcript83711.chr1.nnic	FAAH	nnic	16	0.3719401955604553	0.5047525
TIGD5-201	TIGD5	known	41	0.2884960472583771	0.35189533
SRGAP2C-202	SRGAP2C	known	41	0.339452862739563	0.42581406
SCN2A-201	SCN2A	known	11	0.4417979419231415	0.85167044
GLE1-211	GLE1	known	7	0.4129722118377685	0.4988926
MKKS-202	MKKS	known	3	0.3663646578788757	0.40759388
SREK1-201	SREK1	known	8	0.4343044459819793	0.47783566
transcript76094.chr3.nnic	IHO1	nnic	3	0.2706311345100403	0.30345947
DMTF1-204	DMTF1	known	2	0.2461970150470733	0.5115112
DYNC1H1-230	DYNC1H1	known	44	0.3394634127616882	0.508952
POLD2-235	POLD2	known	1	0.3636459708213806	0.58892214
OR2L2-201	OR2L2	known	14	0.4093422293663025	0.8005277
TESK1-201	TESK1	known	31	0.3954628109931946	0.62625253
PSMC2-209	PSMC2	known	29	0.3098972141742706	0.47928968
HSD17B4-248	HSD17B4	known	16	0.2656068205833435	0.44960523
RPL36AL-201	RPL36AL	known	5	0.7859635949134827	0.904219
AHI1-243	AHI1	known	44	0.3372139930725097	0.4696702
MPP2-202	MPP2	known	13	0.2902144491672516	0.4603199
POT1-204	POT1	known	1	0.3907827138900757	0.5840062
transcript67754.chr7.nic	EGFR	nic	31	0.5061226487159729	0.69224113
MEPE-201	MEPE	known	40	0.2724383175373077	0.33437082
UCN-201	UCN	known	26	0.3753517866134643	0.47822803
ABCC8-295	ABCC8	known	11	0.4209395945072174	0.6165974
ZNF510-201	ZNF510	known	2	0.1515489220619201	0.46849164
ST3GAL3-263	ST3GAL3	known	20	0.6529538631439209	0.71951056
DLEC1-201	DLEC1	known	3	0.2502700388431549	0.3528827
PARM1-201	PARM1	known	24	0.2317981123924255	0.3353612
BRD9-212	BRD9	known	2	0.3346602022647857	0.41348797
DLG2-234	DLG2	known	35	0.3127880692481994	0.40196848
TMED5-203	TMED5	known	11	0.243220254778862	0.37167582
AP2B1-212	AP2B1	known	43	0.3249167799949646	0.4115626
HDHD5-205	HDHD5	known	17	0.25619637966156	0.4702669
SIGLEC5-202	SIGLEC5	known	25	0.2880906462669372	0.42835316
HNRNPA2B1-227	HNRNPA2B1	known	8	0.3824037313461303	0.42948318
RFX1-201	RFX1	known	2	0.3233665227890014	0.4131577
RGL1-201	RGL1	known	42	0.3736352026462555	0.52028567
transcript12823.chr11.nnic	STK33	nnic	4	0.2443416565656662	0.53823954
ACAD10-206	ACAD10	known	16	0.3667981922626495	0.49099666
transcript170615.chr1.nnic	SARS1	nnic	6	0.2846095860004425	0.34798995
PLA2G4C-201	PLA2G4C	known	16	0.4186363816261291	0.57792175
ZNF322-202	ZNF322	known	2	0.1717710644006729	0.5378471
RPS4X-204	RPS4X	known	6	0.6122257709503174	0.8249194
POMGNT1-244	POMGNT1	known	20	0.5635928511619568	0.6264464
TRMT112-205	TRMT112	known	9	0.3658340871334076	0.39148217
transcript197266.chr9.nnic	C5	nnic	25	0.3176694214344024	0.3794855
transcript20148.chrX.nic	GRPR	nic	14	0.4249729514122009	0.69378245
transcript3042.chr11.nic	AP2A2	nic	25	0.2399565130472183	0.33168504
transcript367890.chr2.nnic	UNC80	nnic	42	0.257646769285202	0.33831504
GTPBP8-207	GTPBP8	known	22	0.1900790482759475	0.3017636
ARFGEF2-201	ARFGEF2	known	43	0.3205454051494598	0.42310128
ALG11-215	ALG11	known	6	0.2876449823379516	0.5445059
transcript21001.chr17.nic	DNAH9	nic	41	0.2688061892986297	0.34065452
SLC6A12-217	SLC6A12	known	11	0.5213211178779602	0.7690142
KDM5A-210	KDM5A	known	2	0.2385837733745575	0.39202267
TRAPPC6A-202	TRAPPC6A	known	43	0.3133839070796966	0.4538757
EIF3F-211	EIF3F	known	29	0.3204849362373352	0.4772772
SIRT5-218	SIRT5	known	21	0.270397812128067	0.44485298
MTERF2-201	MTERF2	known	6	0.3078431785106659	0.35806936
NAA15-213	NAA15	known	29	0.247199609875679	0.3743606
DDX3Y-201	DDX3Y	known	8	0.4126289784908294	0.59576374
B3GALT1-201	B3GALT1	known	20	0.6682028770446777	0.73912203
PIGL-201	PIGL	known	17	0.3765290975570678	0.52673733
SGCE-287	SGCE	known	35	0.3344709873199463	0.47199517
ATM-224	ATM	known	17	0.4981823563575744	0.6001538
transcript223562.chr3.nic	IFT122	nic	44	0.4004402756690979	0.55639946
DNM1L-203	DNM1L	known	44	0.288784772157669	0.39569694
XPO1-239	XPO1	known	7	0.6103275418281555	0.74104804
FOXP1-257	FOXP1	known	2	0.3492593467235565	0.5519069
LARGE1-228	LARGE1	known	20	0.6314809322357178	0.691046
STAMBP-207	STAMBP	known	5	0.2195358574390411	0.33967537
ZC3H14-202	ZC3H14	known	8	0.4000537693500519	0.45079654
SYP-207	SYP	known	25	0.3343215584754944	0.3666219
MAML1-201	MAML1	known	2	0.3197810351848602	0.45756894
VIPR1-217	VIPR1	known	14	0.5100626349449158	0.7857336
SCMH1-201	SCMH1	known	2	0.2137394696474075	0.38218197
MDH1-213	MDH1	known	16	0.2840991914272308	0.43262583
AMY2B-208	AMY2B	known	25	0.2897902727127075	0.42152748
EZH2-210	EZH2	known	2	0.2833744585514068	0.4249813
CBLL1-205	CBLL1	known	8	0.3107677400112152	0.36833313
ABCC8-220	ABCC8	known	18	0.2658612430095672	0.33633024
GJC1-208	GJC1	known	11	0.2046116441488266	0.32784635
PDS5A-202	PDS5A	known	4	0.3108634650707245	0.4745133
RNF17-201	RNF17	known	3	0.363261729478836	0.41300306
WBP4-201	WBP4	known	8	0.276587963104248	0.34743834
RBSN-206	RBSN	known	5	0.2257599383592605	0.30895075
SLC6A1-204	SLC6A1	known	11	0.2939746677875519	0.42932758
ERCC3-210	ERCC3	known	8	0.3962927758693695	0.5152768
CES1-201	CES1	known	16	0.4030410349369049	0.5511276
ZC3H11A-204	ZC3H11A	known	7	0.4183960258960724	0.5095356
C1orf112-204	C1orf112	known	9	0.2692364454269409	0.32588688
WASHC4-202	WASHC4	known	44	0.2784204185009002	0.42602316
IL6ST-212	IL6ST	known	23	0.2315740585327148	0.33671513
PITPNM3-201	PITPNM3	known	17	0.4467913210391998	0.5481126
VCP-207	VCP	known	18	0.3788600265979767	0.5594165
MYOZ2-201	MYOZ2	known	3	0.2115541249513626	0.30805573
PIGO-203	PIGO	known	20	0.3974650204181671	0.45724258
KCNK9-204	KCNK9	known	11	0.3863772451877594	0.7670382
ZNF527-206	ZNF527	known	9	0.1601694524288177	0.33647928
RBMS1-201	RBMS1	known	8	0.3019644916057586	0.37215284
MCRIP1-212	MCRIP1	known	3	0.1769073754549026	0.30985662
CALCOCO1-222	CALCOCO1	known	27	0.2536343336105346	0.31409356
ATM-244	ATM	known	7	0.2581895291805267	0.36044568
STX3-206	STX3	known	43	0.4683732390403747	0.6576656
KRIT1-267	KRIT1	known	44	0.2201024442911148	0.30387425
SEC24C-202	SEC24C	known	43	0.4840023219585418	0.6428417
PBX1-225	PBX1	known	2	0.2245507538318634	0.5987493
VPS11-207	VPS11	known	27	0.4292149841785431	0.52761424
EPHB6-209	EPHB6	known	36	0.2788926661014557	0.3873462
RAF1-227	RAF1	known	27	0.3182886838912964	0.43276197
ZW10-202	ZW10	known	44	0.324671059846878	0.47387782
TLL1-201	TLL1	known	40	0.2910274863243103	0.39065972
PIK3CB-214	PIK3CB	known	17	0.672957181930542	0.7125187
RPS5-202	RPS5	known	5	0.5686477422714233	0.6538401
transcript196890.chr8.nic	ZC3H3	nic	7	0.2957389652729034	0.3926262
LRFN2-201	LRFN2	known	13	0.2260883301496505	0.35015544
TAF5-205	TAF5	known	2	0.218645691871643	0.36382097
PARK7-203	PARK7	known	27	0.4234973788261413	0.46853966
SLC10A4-201	SLC10A4	known	11	0.4500741958618164	0.6501528
ZBTB20-222	ZBTB20	known	2	0.2398450225591659	0.5039668
transcript62200.chr14.nnic	RAB15	nnic	43	0.4015491008758545	0.6188727
PDGFRB-207	PDGFRB	known	17	0.5896809697151184	0.7299323
MMS19-202	MMS19	known	1	0.2568863332271576	0.36130312
PTH2R-204	PTH2R	known	14	0.5172520279884338	0.786791
CLK2-203	CLK2	known	8	0.2902213633060455	0.51964444
transcript35829.chr20.nnic	ENSG00000290901	nnic	31	0.2417199313640594	0.34870213
IL18BP-206	IL18BP	known	23	0.2162647396326065	0.4275404
ABR-203	ABR	known	42	0.447805643081665	0.6368654
NDUFA6-203	NDUFA6	known	15	0.4773875176906585	0.6881632
NTRK2-243	NTRK2	known	36	0.4182209074497223	0.6111711
CDK13-216	CDK13	known	8	0.2420346736907959	0.37183595
FBLN5-202	FBLN5	known	40	0.3554179966449737	0.4976836
INTS11-203	INTS11	known	8	0.3169725239276886	0.57163775
KIF15-201	KIF15	known	44	0.4189343154430389	0.58599883
PRMT6-201	PRMT6	known	9	0.3233350217342376	0.41812572
TRIM61-203	TRIM61	known	23	0.1988506913185119	0.5026164
OPCML-204	OPCML	known	35	0.1681246906518936	0.3154181
ADRB3-201	ADRB3	known	14	0.4903893172740936	0.7318247
EEF1A1-220	EEF1A1	known	6	0.4343431890010834	0.56024224
CRMP1-204	CRMP1	known	36	0.3377333283424377	0.5034262
FGR-203	FGR	known	24	0.5327385663986206	0.7186918
GBA2-202	GBA2	known	20	0.3213123679161072	0.38510364
ACAD9-214	ACAD9	known	16	0.3676726520061493	0.55517566
CNTRL-224	CNTRL	known	44	0.2512572407722473	0.3667041
transcript206469.chr5.nic	HMGXB3	nic	2	0.1852090656757354	0.44552755
transcript6872.chr9.nic	PDCD1LG2	nic	24	0.266758382320404	0.44985548
PCMTD2-203	PCMTD2	known	9	0.3535071313381195	0.44663435
TP53BP2-201	TP53BP2	known	27	0.2897889614105224	0.377769
ZNF222-202	ZNF222	known	2	0.1415870487689972	0.54569286
HR-201	HR	known	2	0.2032843381166458	0.36899486
transcript194351.chr12.nnic	ADGRD1	nnic	14	0.3324779272079468	0.41917855
BUB3-201	BUB3	known	4	0.3736431300640106	0.5014063
MFSD8-218	MFSD8	known	11	0.3049761056900024	0.50636584
MRPL28-201	MRPL28	known	6	0.6280094981193542	0.72646224
SPTAN1-242	SPTAN1	known	25	0.4287838637828827	0.65434736
MARK2-207	MARK2	known	44	0.3885679543018341	0.59769505
NMNAT3-201	NMNAT3	known	9	0.3176242411136627	0.3727123
GCLC-205	GCLC	known	29	0.2637941837310791	0.39712697
HEXA-243	HEXA	known	20	0.4064753949642181	0.5619682
SRL-201	SRL	known	43	0.2692374289035797	0.406732
CAPZA1-201	CAPZA1	known	41	0.4941470623016357	0.6081315
NPAS2-201	NPAS2	known	2	0.299215018749237	0.44123888
FANCM-224	FANCM	known	1	0.3965406417846679	0.6388249
TMEM67-243	TMEM67	known	11	0.3193424344062805	0.5230712
JDP2-202	JDP2	known	2	0.2601472437381744	0.62543833
MCM3AP-204	MCM3AP	known	44	0.1994104236364364	0.32401523
GTDC1-204	GTDC1	known	20	0.2408476322889328	0.32683358
SRSF11-209	SRSF11	known	8	0.3623294830322265	0.39749065
ZNF311-204	ZNF311	known	2	0.167656734585762	0.6221785
SACM1L-214	SACM1L	known	17	0.6320627927780151	0.73756254
transcript37623.chr19.nnic	MRPL34	nnic	6	0.6208328604698181	0.690617
LTBP1-201	LTBP1	known	40	0.2715993523597717	0.3887257
G3BP2-202	G3BP2	known	8	0.4095773994922638	0.49782935
SPICE1-201	SPICE1	known	44	0.4878570735454559	0.6027921
TSC1-227	TSC1	known	44	0.3663000464439392	0.44346565
GATM-216	GATM	known	15	0.3041726350784302	0.43105286
TARS3-201	TARS3	known	6	0.4198043048381805	0.58422035
MTHFD1-214	MTHFD1	known	15	0.3469954133033752	0.5470831
transcript26961.chr18.nnic	RIOK3	nnic	10	0.3205780982971191	0.43406186
GRIPAP1-218	GRIPAP1	known	44	0.3053468465805053	0.43248576
transcript243366.chr5.nic	RASGEF1C	nic	42	0.3615683019161224	0.5464835
ARHGEF1-225	ARHGEF1	known	42	0.4113059937953949	0.64297366
P4HB-229	P4HB	known	25	0.3419085741043091	0.47240233
transcript87941.chr3.nnic	RRP9	nnic	9	0.3490962088108063	0.48047882
SH3GLB1-205	SH3GLB1	known	27	0.4896609485149383	0.528169
POLL-201	POLL	known	1	0.4422568678855896	0.7302945
ID1-202	ID1	known	37	0.2473880350589752	0.44823432
PIK3AP1-201	PIK3AP1	known	24	0.3042737543582916	0.38015574
NAIP-208	NAIP	known	23	0.2877340912818908	0.4412527
PER1-201	PER1	known	2	0.266306072473526	0.41503072
SSX2IP-206	SSX2IP	known	44	0.3805383443832397	0.5463169
SPG7-202	SPG7	known	18	0.2189412415027618	0.32475227
transcript94330.chr4.nnic	SPATA18	nnic	30	0.2174392342567443	0.3312392
DOCK7-231	DOCK7	known	17	0.3646155595779419	0.41849813
ELAVL4-202	ELAVL4	known	8	0.4688317775726318	0.53201634
B3GALNT1-242	B3GALNT1	known	20	0.6705643534660339	0.7640377
ACSL6-223	ACSL6	known	15	0.583464503288269	0.79450506
MAP7D1-207	MAP7D1	known	44	0.1918646693229675	0.33477622
RARS2-237	RARS2	known	6	0.534485399723053	0.6796964
NPAS2-208	NPAS2	known	2	0.1821531802415847	0.34201175
ZNF195-201	ZNF195	known	2	0.1605528891086578	0.5098664
MAP2-217	MAP2	known	36	0.4292732179164886	0.55428004
CSMD1-201	CSMD1	known	35	0.1849206984043121	0.31281096
ETFDH-229	ETFDH	known	16	0.2649167776107788	0.40749472
CRYZL1-203	CRYZL1	known	16	0.2563328146934509	0.3975492
DLG1-233	DLG1	known	32	0.4046761393547058	0.53547496
PDE9A-224	PDE9A	known	15	0.3629575669765472	0.6450217
ANKRD17-207	ANKRD17	known	23	0.269985556602478	0.3940862
TYRO3-201	TYRO3	known	38	0.3341513872146606	0.519595
TMEM238L-202	TMEM238L	known	11	0.1942464262247085	0.30800724
DOCK9-219	DOCK9	known	39	0.3613499104976654	0.39534214
COL9A3-206	COL9A3	known	40	0.2329321652650833	0.39402065
FAT3-206	FAT3	known	31	0.3089199066162109	0.4936471
CEP43-215	CEP43	known	29	0.2118751555681228	0.3220741
TRAF1-202	TRAF1	known	23	0.2461373656988144	0.40454525
LIG4-205	LIG4	known	1	0.4524286687374115	0.61212397
transcript150963.chr1.nnic	LRRC8B	nnic	11	0.2478770166635513	0.3836976
KAT6A-213	KAT6A	known	2	0.3923844397068023	0.63488615
ANAPC2-205	ANAPC2	known	1	0.2786303460597992	0.40666094
RPL31-203	RPL31	known	5	0.8135308027267456	0.9075494
SNX9-219	SNX9	known	28	0.3136022090911865	0.47321218
ATP7B-223	ATP7B	known	12	0.2582319676876068	0.32656425
ZNF84-215	ZNF84	known	2	0.1952852010726928	0.5188459
HNRNPAB-205	HNRNPAB	known	8	0.4277698993682861	0.563522
SPG7-275	SPG7	known	6	0.2439584732055664	0.3202041
KIF21A-202	KIF21A	known	44	0.3351918756961822	0.49246025
transcript146546.chr5.nnic	MCC	nnic	44	0.2707240283489227	0.37416506
CDK10-209	CDK10	known	31	0.2678169012069702	0.6553756
PIP4P1-202	PIP4P1	known	29	0.171095997095108	0.31903136
ZMIZ1-201	ZMIZ1	known	2	0.3000719547271728	0.46643496
SLC13A4-201	SLC13A4	known	11	0.5635063648223877	0.8293133
SPAG16-203	SPAG16	known	44	0.3146358132362366	0.47644877
CTSA-214	CTSA	known	25	0.3595449328422546	0.39952785
NAMPT-223	NAMPT	known	25	0.4229855537414551	0.50415903
VCP-205	VCP	known	1	0.2691299319267273	0.38970512
ZHX3-216	ZHX3	known	2	0.2121929377317428	0.5060032
TRAPPC3-210	TRAPPC3	known	43	0.3362893164157867	0.47008055
SON-203	SON	known	8	0.3567489087581634	0.4035956
INO80-202	INO80	known	1	0.2777801156044006	0.4198145
CKAP2-207	CKAP2	known	4	0.1749506890773773	0.34247923
RAB18-218	RAB18	known	25	0.3886996507644653	0.45831093
CIAO3-202	CIAO3	known	15	0.3028447926044464	0.41606808
LDHD-204	LDHD	known	16	0.3012374341487884	0.51695484
MOG-218	MOG	known	24	0.3566855490207672	0.5866311
RPLP1-201	RPLP1	known	5	0.6389123201370239	0.6869572
CYP7B1-201	CYP7B1	known	16	0.2861742377281189	0.40892047
PPFIA1-226	PPFIA1	known	35	0.2740695774555206	0.35514826
ACER3-207	ACER3	known	16	0.2493278980255127	0.3821885
GAD2-203	GAD2	known	16	0.3638510406017303	0.49008188
PHAX-202	PHAX	known	1	0.2364546209573745	0.3459078
TRIO-221	TRIO	known	42	0.3728204369544983	0.47673744
HLA-DMA-203	HLA-DMA	known	24	0.367224782705307	0.558493
RPL14-201	RPL14	known	5	0.7337659001350403	0.85353184
PTPRO-208	PTPRO	known	36	0.4049012959003448	0.6827718
CDKL1-201	CDKL1	known	31	0.2212754637002945	0.617495
PRKG2-207	PRKG2	known	39	0.4239155948162079	0.5306316
SBDS-202	SBDS	known	6	0.4973679780960083	0.6558943
FCGR2A-215	FCGR2A	known	25	0.4565393030643463	0.5490271
transcript103889.chr15.nnic	ITGA11	nnic	35	0.3769564628601074	0.56350505
SCARA3-202	SCARA3	known	20	0.3634580671787262	0.37421674
transcript149781.chrX.nnic	ZNF75D	nnic	2	0.202582910656929	0.3054893
ZNF224-208	ZNF224	known	2	0.1556845009326934	0.547007
ATP2B4-201	ATP2B4	known	15	0.3091897070407867	0.5227615
VIM-201	VIM	known	37	0.1945226043462753	0.47952825
MBP-205	MBP	known	26	0.4077063500881195	0.52847636
GRIN2B-201	GRIN2B	known	13	0.389604389667511	0.7134415
MED16-210	MED16	known	2	0.1997982412576675	0.3351137
CAPRIN2-221	CAPRIN2	known	36	0.3419801294803619	0.5624093
POLG2-201	POLG2	known	6	0.4720788300037384	0.57513285
NUP58-205	NUP58	known	7	0.8113065361976624	0.9325612
DNAJC6-202	DNAJC6	known	43	0.2298894673585891	0.37148866
CETN3-201	CETN3	known	44	0.3364556133747101	0.5187499
QDPR-210	QDPR	known	16	0.2173646986484527	0.4200194
H2AC25-201	H2AC25	known	2	0.2790895700454712	0.5322497
IL6ST-213	IL6ST	known	38	0.2898068428039551	0.49372488
STAT1-202	STAT1	known	23	0.3788670599460602	0.49528998
PUF60-211	PUF60	known	8	0.5464978218078613	0.5855554
SMIM12-206	SMIM12	known	15	0.278163731098175	0.40810332
KCNH1-202	KCNH1	known	11	0.3922808468341827	0.7150599
ACTG1-219	ACTG1	known	3	0.269579142332077	0.304625
transcript230113.chr3.nnic	TMEM108	nnic	10	0.2557536959648132	0.34902963
RITA1-201	RITA1	known	44	0.2387325167655944	0.36511284
ASAH1-245	ASAH1	known	25	0.3743652105331421	0.3866304
FGD6-201	FGD6	known	42	0.3155166208744049	0.4668756
RCC2-201	RCC2	known	44	0.3201354742050171	0.44904017
CNKSR2-203	CNKSR2	known	35	0.2690946459770202	0.34221148
MAN1B1-240	MAN1B1	known	20	0.4368998110294342	0.5697076
GALNS-203	GALNS	known	16	0.3222737610340118	0.44706607
NDUFB8-207	NDUFB8	known	15	0.5090621113777161	0.7274333
EP300-201	EP300	known	2	0.4199598729610443	0.56404054
ATP5PF-204	ATP5PF	known	6	0.3157854378223419	0.41490793
ARHGAP12-205	ARHGAP12	known	42	0.3812825977802276	0.52320623
SLTM-211	SLTM	known	8	0.3163114488124847	0.36983955
SPIDR-227	SPIDR	known	1	0.4210841357707977	0.6143685
SYNE1-242	SYNE1	known	44	0.1963401585817337	0.3848833
ATG16L2-203	ATG16L2	known	44	0.2971241176128387	0.40383887
ARHGAP21-219	ARHGAP21	known	42	0.2837813198566437	0.3957159
CAMK2D-231	CAMK2D	known	12	0.5080215334892273	0.7235746
transcript161059.chr8.nic	ANGPT1	nic	38	0.3432669937610626	0.47351465
MAPK3-201	MAPK3	known	31	0.4888491630554199	0.740145
HEY1-203	HEY1	known	37	0.3827283382415771	0.51128066
SP3-203	SP3	known	2	0.2462484240531921	0.54234326
MINK1-204	MINK1	known	44	0.34896320104599	0.45921344
FGFR1-257	FGFR1	known	17	0.7089722156524658	0.78437144
DPP6-201	DPP6	known	27	0.3257836997509002	0.40845507
SLC12A7-201	SLC12A7	known	11	0.5798898935317993	0.8447388
transcript132538.chr5.nnic	ELL2	nnic	2	0.2990739941596985	0.38415357
MKKS-201	MKKS	known	3	0.3663646578788757	0.40759388
REV1-203	REV1	known	1	0.4289282858371734	0.71754277
MCM8-204	MCM8	known	1	0.4388781189918518	0.6403947
SRSF9-210	SRSF9	known	8	0.6992127895355225	0.7565228
TRIM2-219	TRIM2	known	29	0.2655673921108246	0.35699832
CCDC82-236	CCDC82	known	1	0.2571626305580139	0.3625249
TCOF1-219	TCOF1	known	3	0.2621955871582031	0.43680874
NCAM1-213	NCAM1	known	36	0.368006020784378	0.5351063
ZNF420-202	ZNF420	known	2	0.1881577372550964	0.49129814
SLC2A11-204	SLC2A11	known	11	0.3235441744327545	0.5646009
METTL6-202	METTL6	known	9	0.5140537619590759	0.539835
VRK3-202	VRK3	known	2	0.1815302670001983	0.47485194
GPSM2-214	GPSM2	known	4	0.2641483247280121	0.40311366
MPI-202	MPI	known	20	0.3259417414665222	0.4010662
PCMT1-202	PCMT1	known	9	0.2858349978923797	0.34906256
ZNF747-204	ZNF747	known	2	0.1611384153366089	0.52998006
transcript23868.chr19.nnic	KANK2	nnic	41	0.2730357348918915	0.3666733
CTC1-201	CTC1	known	1	0.2962076663970947	0.47166103
MYO5C-209	MYO5C	known	42	0.2583566009998321	0.33255354
GGCX-209	GGCX	known	12	0.2543877065181732	0.3418696
transcript23299.chr2.nic	SF3B6	nic	8	0.4393506348133087	0.5089357
DPP9-221	DPP9	known	19	0.2525245249271393	0.3272837
FIG4-217	FIG4	known	17	0.5929239392280579	0.6725101
transcript104543.chr15.nnic	PAQR5	nnic	16	0.2509883940219879	0.3026502
PLA2G4D-201	PLA2G4D	known	17	0.4988239109516144	0.66930795
NPRL2-201	NPRL2	known	22	0.3575921058654785	0.5038784
PIK3R1-230	PIK3R1	known	38	0.2741377055644989	0.39147162
MYLK-204	MYLK	known	37	0.3222511410713196	0.59825623
PTPN6-203	PTPN6	known	39	0.4662337303161621	0.6125521
NRIP1-203	NRIP1	known	2	0.3180781006813049	0.4527627
NDUFS2-206	NDUFS2	known	22	0.228325754404068	0.30795318
GNPDA1-201	GNPDA1	known	15	0.3471627235412597	0.5039752
NFE2L1-201	NFE2L1	known	2	0.2952380180358886	0.50622094
BICRAL-201	BICRAL	known	2	0.2740234136581421	0.41076604
DGKE-205	DGKE	known	39	0.7203450202941895	0.78023183
CEP126-203	CEP126	known	3	0.3345041573047638	0.4190608
LPGAT1-201	LPGAT1	known	16	0.431454598903656	0.54366004
ZSCAN30-201	ZSCAN30	known	2	0.1572757959365844	0.53798044
INTS13-201	INTS13	known	3	0.3127796351909637	0.44259468
FAM149A-205	FAM149A	known	44	0.2338323444128036	0.33767128
ALG1-215	ALG1	known	15	0.2167940139770507	0.3324114
TRIM21-201	TRIM21	known	23	0.370425820350647	0.594115
FIP1L1-217	FIP1L1	known	8	0.6306803226470947	0.7132355
OAT-201	OAT	known	16	0.3779279887676239	0.607175
NR3C1-212	NR3C1	known	2	0.3857518136501312	0.73885643
USP17L26-201	USP17L26	known	19	0.3032212257385254	0.6262751
DDX1-205	DDX1	known	9	0.2345370650291443	0.3219867
SPG7-278	SPG7	known	18	0.2537748515605926	0.3041491
IFT172-216	IFT172	known	44	0.3826431035995483	0.5660702
CFAP206-202	CFAP206	known	44	0.2985191941261291	0.44321123
IKBKG-218	IKBKG	known	24	0.3141031265258789	0.44376093
transcript114140.chr5.nic	XRCC4	nic	1	0.2583479285240173	0.3766966
PENK-202	PENK	known	26	0.3271001875400543	0.46537256
HSPA9-211	HSPA9	known	18	0.3564600348472595	0.46415153
P4HB-203	P4HB	known	30	0.3741143345832824	0.5058856
SETD6-206	SETD6	known	9	0.2197696715593338	0.37712
JAKMIP1-215	JAKMIP1	known	44	0.1819577366113662	0.31306487
PAM-226	PAM	known	40	0.2363955974578857	0.33392426
FASTKD1-204	FASTKD1	known	6	0.3653733432292938	0.4461996
BDH2-201	BDH2	known	16	0.2136962562799453	0.4006104
ENST00000686689	ENSG00000291124	known	5	0.2757239937782287	0.36160514
USP11-201	USP11	known	29	0.355093240737915	0.7153717
CD101-205	CD101	known	35	0.1897429525852203	0.3417391
YTHDC1-204	YTHDC1	known	5	0.2595504820346832	0.3114399
CAPRIN2-244	CAPRIN2	known	36	0.3578555285930633	0.58404565
CCDC88B-202	CCDC88B	known	41	0.2976958453655243	0.384417
LRCH1-202	LRCH1	known	41	0.2477335631847381	0.3584925
TPM4-233	TPM4	known	41	0.261623352766037	0.49868807
IARS1-215	IARS1	known	6	0.4717074632644653	0.6023411
PRXL2C-203	PRXL2C	known	16	0.218834787607193	0.36983928
MEF2A-202	MEF2A	known	37	0.3738777339458465	0.5341508
LARP1-219	LARP1	known	8	0.3476108312606811	0.39635873
CEP164-204	CEP164	known	29	0.2620688378810882	0.33713964
CHD8-217	CHD8	known	2	0.3577369153499603	0.51614565
UBE3B-206	UBE3B	known	29	0.2011134326457977	0.3774873
KHNYN-204	KHNYN	known	9	0.313827782869339	0.38833678
PITPNC1-203	PITPNC1	known	42	0.2472616732120514	0.39327088
EEF1A1-209	EEF1A1	known	6	0.4733506441116333	0.6343573
PTP4A2-220	PTP4A2	known	32	0.3115659952163696	0.7169379
MTIF2-204	MTIF2	known	6	0.5607706904411316	0.6237794
transcript6982.chrY.nnic	NLGN4Y	nnic	36	0.2313262969255447	0.37843302
transcript149382.chrX.nic	INTS6L	nic	43	0.2503998577594757	0.39890367
FAN1-202	FAN1	known	1	0.3874762058258056	0.5448439
MUS81-202	MUS81	known	1	0.3924679458141327	0.59983903
UQCC1-208	UQCC1	known	6	0.2887173593044281	0.37940955
DST-231	DST	known	35	0.3373441696166992	0.5478784
CELF2-209	CELF2	known	8	0.7257428169250488	0.76286423
KIF22-224	KIF22	known	44	0.4202931821346283	0.6136268
NFIA-229	NFIA	known	2	0.274267315864563	0.43643874
TAF3-203	TAF3	known	2	0.2816995084285736	0.40393966
PFKL-201	PFKL	known	15	0.6677963733673096	0.82044584
E2F4-208	E2F4	known	33	0.273152232170105	0.38997236
SETD3-202	SETD3	known	2	0.3253739476203918	0.5242013
MYBBP1A-201	MYBBP1A	known	1	0.3935077786445617	0.52019566
L2HGDH-202	L2HGDH	known	16	0.2490965276956558	0.36364594
transcript176145.chr8.nnic	NSMCE2	nnic	41	0.2333064526319503	0.3213661
ZDHHC3-203	ZDHHC3	known	5	0.3930419981479645	0.5118784
HDAC5-201	HDAC5	known	38	0.348714530467987	0.6437062
CORO7-227	CORO7	known	41	0.2458809167146682	0.37677178
SCFD1-226	SCFD1	known	43	0.3957736194133758	0.5922293
BCL2L13-217	BCL2L13	known	30	0.3199925720691681	0.45599112
transcript32955.chr6.nnic	H2AC6	nnic	2	0.2772331833839416	0.52574325
transcript223081.chr2.nic	CNOT11	nic	29	0.239302784204483	0.3469613
IKZF2-202	IKZF2	known	2	0.2236932963132858	0.5301576
RAB30-201	RAB30	known	43	0.3374573588371277	0.58911335
L3MBTL2-208	L3MBTL2	known	2	0.2451294511556625	0.42482734
TCOF1-206	TCOF1	known	37	0.2597385942935943	0.43860406
DDX39B-219	DDX39B	known	10	0.343469887971878	0.5180439
ANK2-236	ANK2	known	27	0.3115594983100891	0.41798648
ABCC8-244	ABCC8	known	11	0.3867551982402801	0.5656334
PARP1-201	PARP1	known	9	0.268810898065567	0.4270464
ATE1-203	ATE1	known	29	0.2870274186134338	0.51211315
ARFGEF2-211	ARFGEF2	known	43	0.322038322687149	0.42645836
MEN1-205	MEN1	known	29	0.2955524027347564	0.37481037
PACSIN2-201	PACSIN2	known	41	0.3009901642799377	0.45679227
RPL10A-203	RPL10A	known	5	0.6572456359863281	0.765398
ZDHHC9-202	ZDHHC9	known	5	0.2708907127380371	0.36717552
transcript55111.chr6.nic	MOCS1	nic	9	0.2839295864105224	0.41342035
RAB3D-201	RAB3D	known	25	0.5434092879295349	0.6253602
BRCA1-205	BRCA1	known	1	0.4269075393676758	0.54199916
EMILIN1-201	EMILIN1	known	40	0.347221314907074	0.4730107
ACTR3B-203	ACTR3B	known	15	0.3035601377487182	0.4226535
CSGALNACT1-219	CSGALNACT1	known	20	0.6310634016990662	0.6609868
APTX-253	APTX	known	1	0.2773391008377075	0.45886964
RGS7-203	RGS7	known	42	0.3898340165615082	0.58750355
SLC4A8-203	SLC4A8	known	11	0.5966823101043701	0.8746153
transcript50764.chr22.nnic	CHADL	nnic	35	0.208529457449913	0.33467597
KIRREL3-205	KIRREL3	known	35	0.3581330180168152	0.57324684
ST8SIA3-201	ST8SIA3	known	20	0.7219120860099792	0.80140907
transcript40005.chr6.nic	BAG6	nic	29	0.4471587538719177	0.6307454
PDIA5-207	PDIA5	known	23	0.2974264323711395	0.47480935
MYO9B-212	MYO9B	known	3	0.2375386655330658	0.30987525
transcript47810.chr9.nic	RNF38	nic	29	0.3984312117099762	0.6336767
transcript10487.chr5.nic	MTRR	nic	9	0.2324992418289184	0.3439207
ME2-215	ME2	known	16	0.3230195045471191	0.5393579
PTGS1-210	PTGS1	known	16	0.3696101307868957	0.586344
CCDC144BP-216	CCDC144BP	known	44	0.2776588797569275	0.38374016
CALM1-202	CALM1	known	12	0.5062898993492126	0.6164529
CTSW-201	CTSW	known	19	0.3376619815826416	0.48984513
KRIT1-236	KRIT1	known	38	0.2363387644290924	0.3291954
AMT-237	AMT	known	9	0.2812013626098633	0.48527536
KIF2A-201	KIF2A	known	44	0.4465133249759674	0.6231562
SPG7-240	SPG7	known	19	0.3295160233974457	0.3731572
transcript1928.chr9.nic	SMARCA2	nic	13	0.2337700873613357	0.3140066
PTMA-208	PTMA	known	2	0.2678771317005157	0.3726244
SRSF11-201	SRSF11	known	8	0.4852242469787597	0.5437333
SCO2-204	SCO2	known	21	0.2490485459566116	0.394068
CARMIL2-201	CARMIL2	known	41	0.5272622108459473	0.5998663
TSPYL2-203	TSPYL2	known	2	0.274543821811676	0.37443203
XPO1-210	XPO1	known	28	0.2355165034532547	0.38139808
SLC25A11-204	SLC25A11	known	11	0.4541466236114502	0.76748955
POMT1-271	POMT1	known	20	0.3270367085933685	0.39812616
ARHGAP44-203	ARHGAP44	known	42	0.4170154929161072	0.59458196
transcript309830.chr2.nic	DPP4	nic	19	0.3615552484989166	0.4351302
ST3GAL5-244	ST3GAL5	known	20	0.6649596691131592	0.7376696
ERLEC1-235	ERLEC1	known	18	0.4098253846168518	0.6197718
DNAJC7-240	DNAJC7	known	5	0.2146176993846893	0.31695664
transcript320446.chr3.nnic	WDR53	nnic	9	0.2674696147441864	0.42393914
SLC25A23-201	SLC25A23	known	11	0.3866519927978515	0.5939762
ZFAND2B-208	ZFAND2B	known	5	0.4312593340873718	0.5537413
OSBPL7-207	OSBPL7	known	16	0.315369039773941	0.5395895
transcript139310.chr4.nic	SMARCAD1	nic	1	0.2212090045213699	0.32297274
APLP2-215	APLP2	known	35	0.2905656993389129	0.4264113
CHD2-233	CHD2	known	1	0.3982764780521393	0.5720519
ABCG1-210	ABCG1	known	11	0.3374520540237427	0.56075567
ABCG2-201	ABCG2	known	11	0.330883264541626	0.52081436
ALG1-220	ALG1	known	20	0.3817254602909088	0.49943838
transcript106299.chr8.nnic	TOX	nnic	37	0.2612802982330322	0.428059
PLP1-221	PLP1	known	36	0.2107193320989608	0.38240838
ESCO2-201	ESCO2	known	1	0.3177562057971954	0.4799541
transcript214547.chr7.nnic	TPK1	nnic	6	0.272671639919281	0.32573596
ACTG1-217	ACTG1	known	3	0.257072389125824	0.3512352
CTNND1-244	CTNND1	known	35	0.439674973487854	0.6211027
SLC38A2-209	SLC38A2	known	11	0.3404715657234192	0.52607495
SEMA3E-204	SEMA3E	known	36	0.643006443977356	0.8762679
STEAP2-204	STEAP2	known	11	0.2275844365358352	0.4122429
ZNF714-202	ZNF714	known	2	0.1552802771329879	0.54401076
KMT2C-246	KMT2C	known	2	0.3248205482959747	0.5354537
DNPH1-202	DNPH1	known	15	0.3382869660854339	0.46867985
DPYSL3-201	DPYSL3	known	36	0.3838517963886261	0.52853733
AHI1-203	AHI1	known	44	0.277887761592865	0.3997645
SWT1-201	SWT1	known	1	0.2038916200399398	0.32341224
TMCO1-201	TMCO1	known	11	0.2618240416049957	0.5008914
ZNF737-202	ZNF737	known	2	0.1557905077934265	0.57166547
BCKDHB-201	BCKDHB	known	15	0.3747497498989105	0.5938779
PCM1-203	PCM1	known	44	0.4791260957717895	0.54224455
PLAA-201	PLAA	known	29	0.2850252985954284	0.34992492
CD9-201	CD9	known	25	0.4083258807659149	0.46129388
transcript29143.chr7.nic	POLR1F	nic	6	0.3009239137172699	0.3826139
transcript66788.chr20.nnic	ADNP	nnic	2	0.1800796240568161	0.32886714
ZNF438-206	ZNF438	known	2	0.2128599435091018	0.4878746
POLR2A-201	POLR2A	known	8	0.2688110768795013	0.40257582
C2-201	C2	known	40	0.3299706578254699	0.5476756
ANK3-209	ANK3	known	27	0.3990384042263031	0.49629775
SPG7-238	SPG7	known	6	0.2439584732055664	0.3202041
ZNF726-205	ZNF726	known	2	0.1695212721824646	0.5145713
ERBB3-224	ERBB3	known	31	0.4191856980323791	0.649815
PRMT6-203	PRMT6	known	9	0.3228764235973358	0.35809287
TBR1-201	TBR1	known	37	0.317902147769928	0.574835
ANKRD13A-201	ANKRD13A	known	29	0.2454640120267868	0.37712255
ZNF398-202	ZNF398	known	2	0.1878037750720977	0.5689123
HNRNPH1-227	HNRNPH1	known	8	0.633951723575592	0.68404675
CACNA1S-204	CACNA1S	known	11	0.4114238917827606	0.8296833
MYLK3-204	MYLK3	known	31	0.2462174892425537	0.5105901
SET-203	SET	known	6	0.234545350074768	0.3247401
RIPOR2-211	RIPOR2	known	27	0.3656389117240906	0.47108498
TRIM5-202	TRIM5	known	23	0.4185460209846496	0.6678852
MIDN-201	MIDN	known	29	0.2507265210151672	0.38966674
FANCL-213	FANCL	known	1	0.2606775164604187	0.46279064
ACOT9-201	ACOT9	known	15	0.4920155107975006	0.675611
transcript55074.chr10.nic	KIAA1217	nic	37	0.1749803870916366	0.31640595
FIP1L1-218	FIP1L1	known	8	0.6346142292022705	0.719706
LAMA4-205	LAMA4	known	35	0.3453435897827148	0.55486405
YAP1-202	YAP1	known	2	0.3790628314018249	0.62447464
FABP3-201	FABP3	known	16	0.3568346798419952	0.5268783
KAT7-232	KAT7	known	2	0.3321752846240997	0.5100557
SNRNP200-209	SNRNP200	known	8	0.4576107263565063	0.6378294
transcript2581.chr14.nic	RBM23	nic	8	0.6576883792877197	0.7167524
KPNA2-202	KPNA2	known	7	0.4925829768180847	0.6909893
BLM-209	BLM	known	1	0.4221437871456146	0.6662227
ACOX3-202	ACOX3	known	16	0.4087826907634735	0.5948057
MYLK-242	MYLK	known	41	0.2905941307544708	0.49975842
PRPF4B-203	PRPF4B	known	31	0.366788387298584	0.7033671
AKAP9-226	AKAP9	known	44	0.4892832338809967	0.5802711
NRXN3-208	NRXN3	known	13	0.5936380624771118	0.80388784
LTB4R-203	LTB4R	known	14	0.3385944366455078	0.6502067
CAV2-201	CAV2	known	42	0.3552198410034179	0.41477257
CBS-202	CBS	known	15	0.3698639273643493	0.5102743
PHC3-214	PHC3	known	2	0.2221057116985321	0.41327906
TBL1X-209	TBL1X	known	29	0.3773389458656311	0.51262677
STARD4-203	STARD4	known	16	0.250091016292572	0.38734788
transcript325864.chr1.nic	ENAH	nic	42	0.2391776740550995	0.34800884
CAPRIN1-212	CAPRIN1	known	36	0.2686994075775146	0.47639728
ITPK1-201	ITPK1	known	39	0.3055175244808197	0.3306393
VDAC1-203	VDAC1	known	11	0.3820825815200805	0.5933273
SSR1-210	SSR1	known	18	0.4677844643592834	0.51376194
transcript113094.chr13.nnic	RASA3	nnic	29	0.2172722816467285	0.3004399
ABCC8-250	ABCC8	known	11	0.3502805829048157	0.5415059
ZNF180-206	ZNF180	known	2	0.2000299841165542	0.476152
PLD3-237	PLD3	known	25	0.3079057335853576	0.31968823
transcript27390.chr7.nnic	HDAC9	nnic	38	0.3253286480903625	0.6777873
CDH8-203	CDH8	known	35	0.5765101313591003	0.7497814
LYN-204	LYN	known	24	0.5510112643241882	0.71986526
PAPLN-209	PAPLN	known	35	0.2218176424503326	0.35523355
SERTAD4-201	SERTAD4	known	2	0.1818173229694366	0.41719523
ZSCAN5A-214	ZSCAN5A	known	2	0.1881174594163894	0.51782787
UBE2V2-207	UBE2V2	known	29	0.3941080868244171	0.6018809
transcript260977.chr1.nnic	VAMP4	nnic	43	0.2886236310005188	0.39579758
NARF-202	NARF	known	15	0.369020938873291	0.5105072
transcript111597.chr11.nnic	COA4	nnic	15	0.1555328220129013	0.35105884
RFFL-202	RFFL	known	29	0.4160567820072174	0.5845797
CCDC86-204	CCDC86	known	10	0.3217317461967468	0.50468385
HINT3-201	HINT3	known	32	0.2222629636526107	0.33455953
RIPOR2-201	RIPOR2	known	27	0.3652423918247223	0.4527676
KDM1A-207	KDM1A	known	19	0.2443045824766159	0.30328283
NCAM1-215	NCAM1	known	36	0.246059387922287	0.35922542
UBE3A-228	UBE3A	known	29	0.4663756489753723	0.6969477
BAIAP3-211	BAIAP3	known	43	0.2542326748371124	0.33535075
CEP164-209	CEP164	known	44	0.4001321196556091	0.52904457
WDR76-201	WDR76	known	1	0.3124550282955169	0.44714537
CHERP-204	CHERP	known	10	0.2281339913606643	0.33758062
FGFR4-201	FGFR4	known	17	0.6118714809417725	0.7136699
FIG4-201	FIG4	known	17	0.5845036506652832	0.65441805
MSTO1-212	MSTO1	known	44	0.3287233114242553	0.650637
GRPEL2-201	GRPEL2	known	9	0.3534579575061798	0.37639934
SLC16A11-204	SLC16A11	known	11	0.3165894448757171	0.52923256
EMSY-202	EMSY	known	2	0.2346295863389969	0.4110996
PGK1-201	PGK1	known	15	0.6520386934280396	0.8171159
SAMHD1-216	SAMHD1	known	1	0.2478917688131332	0.45861727
SMARCA1-202	SMARCA1	known	2	0.3226526081562042	0.5452585
TMEM201-202	TMEM201	known	43	0.225192129611969	0.31276357
RNASEL-202	RNASEL	known	29	0.1890933513641357	0.31789637
GARS1-211	GARS1	known	6	0.528498113155365	0.647724
RGPD6-201	RGPD6	known	7	0.5314589142799377	0.6964816
PPIL2-221	PPIL2	known	8	0.3055437803268432	0.3598846
transcript43086.chr5.nic	DAB2	nic	36	0.3850318789482116	0.4557824
SELENOS-201	SELENOS	known	18	0.3833309710025787	0.47936
TRRAP-206	TRRAP	known	2	0.2863002419471741	0.39439955
IREB2-208	IREB2	known	6	0.3094619810581207	0.43686095
RFC1-208	RFC1	known	1	0.2414329200983047	0.36976576
PMPCB-201	PMPCB	known	16	0.1994230598211288	0.3848129
MAP4K5-204	MAP4K5	known	44	0.2696508765220642	0.3399024
BBS2-263	BBS2	known	44	0.3205405473709106	0.40299702
RBM17-205	RBM17	known	8	0.618373692035675	0.6962887
CANX-211	CANX	known	19	0.289474219083786	0.3668254
SH3BP4-202	SH3BP4	known	42	0.2660695612430572	0.3347979
transcript29851.chr6.nnic	CARMIL1	nnic	41	0.3459340333938598	0.4464592
SSH3-201	SSH3	known	41	0.3719502389431	0.46465486
TXNRD2-201	TXNRD2	known	16	0.2745629251003265	0.44819456
CDH2-201	CDH2	known	35	0.6125243902206421	0.7329381
OGDHL-202	OGDHL	known	15	0.4909550547599792	0.6129385
DNAJB12-202	DNAJB12	known	18	0.324429303407669	0.4061069
MAPT-215	MAPT	known	36	0.4412303864955902	0.5775018
MLH1-216	MLH1	known	1	0.2920457422733307	0.3955231
SLC25A26-220	SLC25A26	known	11	0.2254951298236847	0.40966853
TRPC1-201	TRPC1	known	12	0.5035906434059143	0.78312933
SATB2-213	SATB2	known	2	0.2739308774471283	0.49336797
RETREG1-220	RETREG1	known	18	0.2568303942680359	0.3238917
MPI-213	MPI	known	20	0.3497421741485595	0.43149838
PRKAB1-206	PRKAB1	known	17	0.261633425951004	0.35902622
LIMS1-216	LIMS1	known	2	0.257682740688324	0.36464587
LRRN3-204	LRRN3	known	35	0.1742542833089828	0.3058046
NIFK-206	NIFK	known	3	0.2712677121162414	0.39688224
ACACA-237	ACACA	known	15	0.4509459137916565	0.5549783
NEK1-212	NEK1	known	44	0.3145500719547272	0.50140387
CCL2-202	CCL2	known	38	0.2654524147510528	0.428903
CNGA3-204	CNGA3	known	11	0.4037490785121918	0.7186662
CLIP1-211	CLIP1	known	8	0.2241432219743728	0.3020367
PCBP2-223	PCBP2	known	8	0.4460495412349701	0.5603568
MOK-229	MOK	known	44	0.1493117213249206	0.31602508
transcript72237.chr12.nnic	BIN2	nnic	25	0.3946621417999267	0.43284565
APBB1-220	APBB1	known	36	0.3663701117038727	0.4418869
NT5C2-217	NT5C2	known	15	0.3246299624443054	0.6002338
RBM39-206	RBM39	known	8	0.5180985331535339	0.56779206
EARS2-209	EARS2	known	6	0.4778098165988922	0.61935234
BCKDHA-202	BCKDHA	known	16	0.3281190693378448	0.54316205
USP9X-209	USP9X	known	36	0.2957543730735779	0.38670534
TYW1B-203	TYW1B	known	9	0.2890231609344482	0.3447763
SLC19A3-210	SLC19A3	known	11	0.3181260824203491	0.44991833
ZNF451-204	ZNF451	known	2	0.2488152384757995	0.35336685
SFXN4-201	SFXN4	known	11	0.233320340514183	0.48333135
KIF5A-201	KIF5A	known	44	0.4308123290538788	0.57521
NUDT6-201	NUDT6	known	15	0.2296347022056579	0.36805385
IFT52-202	IFT52	known	44	0.3078915774822235	0.45208955
SLC27A1-208	SLC27A1	known	16	0.2641569972038269	0.37438414
CLTA-202	CLTA	known	43	0.2151623368263244	0.30181426
WDR45-206	WDR45	known	22	0.3562532067298889	0.6219923
WDR89-202	WDR89	known	8	0.2238800078630447	0.36716217
CDC42BPA-211	CDC42BPA	known	44	0.2342589050531387	0.36927402
RBPJ-203	RBPJ	known	37	0.4305773377418518	0.56335527
UBR3-204	UBR3	known	29	0.1789080053567886	0.3343386
MPV17-211	MPV17	known	6	0.2521958947181701	0.33549553
transcript196246.chr3.nnic	B4GALT4	nnic	20	0.6121465563774109	0.6937824
NPEPPS-230	NPEPPS	known	25	0.3374511003494262	0.40840405
REL-206	REL	known	2	0.3012916147708893	0.61933005
PCOLCE-201	PCOLCE	known	40	0.2603173553943634	0.3683049
BIRC2-201	BIRC2	known	29	0.3809999227523803	0.5713112
PHF21A-214	PHF21A	known	2	0.2422435581684112	0.4000536
PAX6-268	PAX6	known	37	0.399632453918457	0.5996306
transcript67334.chr18.nnic	VPS4B	nnic	18	0.2986779808998108	0.38457394
CCRL2-202	CCRL2	known	12	0.3408310711383819	0.57940626
TRNT1-230	TRNT1	known	9	0.3597002327442169	0.44458485
SYNCRIP-222	SYNCRIP	known	8	0.6103821396827698	0.6808976
MED13L-204	MED13L	known	30	0.2851216197013855	0.378524
PTMA-206	PTMA	known	8	0.2826916575431824	0.35515323
OBSL1-203	OBSL1	known	41	0.3298797607421875	0.5795807
ZNF555-203	ZNF555	known	2	0.1658205538988113	0.5947461
ALDH4A1-201	ALDH4A1	known	16	0.3447831273078918	0.6152557
RIOK1-202	RIOK1	known	9	0.3117014467716217	0.5368417
COG6-204	COG6	known	43	0.3216589689254761	0.5627962
ESS2-202	ESS2	known	8	0.3680093288421631	0.4314541
ATL1-216	ATL1	known	27	0.2311819493770599	0.35399228
PGAP2-201	PGAP2	known	17	0.5249043703079224	0.63040984
SCML2-201	SCML2	known	2	0.247614175081253	0.37389877
MTF2-201	MTF2	known	2	0.3540615439414978	0.6405102
NBN-215	NBN	known	1	0.3485928177833557	0.5056066
SLC37A4-202	SLC37A4	known	11	0.3673406839370727	0.58630383
CUL5-201	CUL5	known	29	0.3775143027305603	0.5278654
PLIN3-201	PLIN3	known	11	0.1521960794925689	0.36352444
MAPK10-299	MAPK10	known	31	0.2601663470268249	0.57941765
STAT1-209	STAT1	known	23	0.351195216178894	0.4809564
WNK1-221	WNK1	known	2	0.2318826913833618	0.32536164
MTMR7-208	MTMR7	known	17	0.5434518456459045	0.66469705
ZNF791-202	ZNF791	known	2	0.1478705704212188	0.6352731
GABRA1-204	GABRA1	known	11	0.3747354745864868	0.70177275
SEC11C-202	SEC11C	known	19	0.3712668716907501	0.38913527
MAF-203	MAF	known	2	0.2630786895751953	0.5511676
STX10-204	STX10	known	43	0.4065097272396087	0.5324705
TRIP12-201	TRIP12	known	29	0.3775704801082611	0.5990125
transcript269008.chr3.nnic	PPM1L	nnic	32	0.2538977265357971	0.39818445
VIP-202	VIP	known	14	0.4030515551567077	0.48013982
SLC13A3-201	SLC13A3	known	11	0.575028121471405	0.8462927
FAM184A-204	FAM184A	known	44	0.283465176820755	0.44565243
DNAJB2-214	DNAJB2	known	18	0.2371625900268554	0.30511048
PRXL2C-201	PRXL2C	known	21	0.2392051368951797	0.43731612
transcript216607.chr2.nic	COX5B	nic	6	0.3978643715381622	0.4519226
HEXA-211	HEXA	known	20	0.4164609611034393	0.5640298
KCNMA1-204	KCNMA1	known	11	0.4802847802639007	0.8825525
transcript119071.chr11.nnic	GAB2	nnic	17	0.6430270671844482	0.69076365
RNF113A-201	RNF113A	known	8	0.3586040735244751	0.42587543
GTF3C4-201	GTF3C4	known	7	0.2340457290410995	0.3285535
MEF2D-202	MEF2D	known	2	0.2637177109718323	0.46836704
GVQW3-207	GVQW3	known	2	0.135504812002182	0.35864472
transcript18141.chrX.nnic	GEMIN8	nnic	8	0.3165930807590484	0.38067117
DMD-239	DMD	known	12	0.3781539499759674	0.63597286
OTX1-201	OTX1	known	37	0.2844391465187073	0.53565043
IQSEC1-207	IQSEC1	known	42	0.2995004951953888	0.4406373
CLASRP-204	CLASRP	known	8	0.5549480319023132	0.60247785
LYRM1-204	LYRM1	known	6	0.4133020639419555	0.4517881
KCNK6-201	KCNK6	known	11	0.3241864442825317	0.7096283
transcript76636.chr16.nic	CDIPT	nic	17	0.5321743488311768	0.7304748
ARL14EP-202	ARL14EP	known	2	0.1878429353237152	0.32622677
ELMO2-204	ELMO2	known	25	0.3526878356933594	0.46109805
DXO-208	DXO	known	9	0.3235491514205932	0.38839227
PIGK-201	PIGK	known	19	0.4164782464504242	0.5064705
PSEN1-202	PSEN1	known	27	0.4718708992004394	0.51007354
HMG20B-202	HMG20B	known	2	0.2892139852046966	0.41020042
SH3D21-206	SH3D21	known	41	0.248902291059494	0.36971182
LGR5-201	LGR5	known	14	0.3795213997364044	0.5387263
SPIDR-225	SPIDR	known	1	0.3982330858707428	0.58349437
transcript41441.chr17.nic	SUPT6H	nic	10	0.3393973708152771	0.43586573
ZBTB11-206	ZBTB11	known	2	0.262180745601654	0.45253724
MINK1-201	MINK1	known	31	0.5712908506393433	0.7185048
FTCD-201	FTCD	known	16	0.2151819914579391	0.36264825
MTRFR-203	MTRFR	known	6	0.4450668394565582	0.55128515
transcript47314.chr14.nnic	SOCS4	nnic	32	0.392652302980423	0.51912767
CD5-201	CD5	known	24	0.3307729661464691	0.44517022
RNF212-216	RNF212	known	1	0.2702389657497406	0.43513042
SETD9-201	SETD9	known	9	0.2633042931556701	0.38613787
PCDHA10-201	PCDHA10	known	35	0.2790249586105346	0.70116675
PILRB-208	PILRB	known	35	0.1544305235147476	0.31996432
PDZD7-202	PDZD7	known	13	0.2360173165798187	0.33423004
SF3A1-201	SF3A1	known	8	0.4839058816432953	0.5792347
NPC1-212	NPC1	known	11	0.3430467545986175	0.60961545
SLC35A5-201	SLC35A5	known	11	0.1586569845676422	0.3072192
FOXP2-230	FOXP2	known	2	0.3309653699398041	0.5567018
ZNF100-201	ZNF100	known	2	0.1489997804164886	0.5565998
DOCK10-202	DOCK10	known	39	0.4397216141223907	0.48398352
TOMM40L-202	TOMM40L	known	5	0.3239787220954895	0.6091865
SLC2A8-202	SLC2A8	known	11	0.2910793721675873	0.4444591
ST3GAL3-252	ST3GAL3	known	20	0.5765603184700012	0.64609885
SRBD1-204	SRBD1	known	10	0.4051335752010345	0.57480574
BRAF-205	BRAF	known	31	0.5608492493629456	0.80346555
PSME2-203	PSME2	known	30	0.2430246770381927	0.30316573
TUBA1A-209	TUBA1A	known	44	0.2356332242488861	0.38826084
IFNGR1-202	IFNGR1	known	23	0.2769851982593536	0.44285116
APP-204	APP	known	36	0.4388046264648437	0.552969
transcript246989.chr2.nic	C2orf76	nic	10	0.2040330469608307	0.32120124
SPIN3-207	SPIN3	known	2	0.2079075425863266	0.32953292
BEST1-203	BEST1	known	11	0.4238341748714447	0.6474644
BSG-215	BSG	known	35	0.3457408547401428	0.5218611
TMEM143-202	TMEM143	known	6	0.1825417429208755	0.34362692
MRPL24-201	MRPL24	known	6	0.5774352550506592	0.6736337
TUBG2-202	TUBG2	known	2	0.2327079772949218	0.3249827
HDAC6-255	HDAC6	known	1	0.2949177026748657	0.38940057
ABLIM3-205	ABLIM3	known	27	0.419566661119461	0.49046594
AP3S1-201	AP3S1	known	43	0.382919043302536	0.49259186
ERBB3-233	ERBB3	known	17	0.3939633369445801	0.5116753
IQGAP1-218	IQGAP1	known	41	0.3957180380821228	0.47152337
VPS13D-201	VPS13D	known	22	0.2835665643215179	0.46306896
NIPA2-203	NIPA2	known	11	0.2424046695232391	0.47021428
transcript65737.chr17.nnic	PIP4K2B	nnic	17	0.6974838376045227	0.7554947
transcript296479.chr3.nic	DVL3	nic	13	0.2631046175956726	0.3652196
DIS3L2-204	DIS3L2	known	10	0.4124361574649811	0.5921284
DNAJC7-216	DNAJC7	known	29	0.2616192996501922	0.37550324
TLK2-202	TLK2	known	29	0.2827548682689667	0.47922802
COQ9-201	COQ9	known	22	0.2205855101346969	0.36108032
MAT2A-201	MAT2A	known	25	0.2869311571121216	0.36024278
ANKLE2-201	ANKLE2	known	32	0.274402916431427	0.33297592
transcript95901.chr11.nic	MUS81	nic	1	0.3174546062946319	0.49009815
STN1-203	STN1	known	1	0.3709169924259186	0.5651333
SLC1A2-248	SLC1A2	known	11	0.5806793570518494	0.8323666
TCF20-206	TCF20	known	2	0.2161076366901397	0.32720938
transcript125102.chrX.nic	RNF128	nic	19	0.3407717049121856	0.43197876
MEIS1-212	MEIS1	known	2	0.2858990132808685	0.52770203
ZNF239-202	ZNF239	known	2	0.2171334028244018	0.522913
FNBP4-209	FNBP4	known	2	0.2520000338554382	0.31538978
SPAG16-206	SPAG16	known	44	0.3242491483688354	0.45325565
HSD17B10-209	HSD17B10	known	16	0.2973503172397613	0.53977704
SLC38A9-222	SLC38A9	known	11	0.3145842254161834	0.49203616
PRNP-202	PRNP	known	27	0.4219123125076294	0.4751214
MLLT3-202	MLLT3	known	2	0.3107238113880157	0.3986029
NUDT16L1-201	NUDT16L1	known	9	0.3380120098590851	0.4357924
KBTBD3-201	KBTBD3	known	29	0.2010418623685836	0.44895235
AREL1-201	AREL1	known	29	0.3737530708312988	0.5868643
SPG21-201	SPG21	known	39	0.190666452050209	0.3653544
CNTRL-228	CNTRL	known	44	0.2449662536382675	0.36608773
CTC1-223	CTC1	known	3	0.2705624997615814	0.44182363
ARHGAP21-217	ARHGAP21	known	42	0.3856846690177917	0.5266735
ZSCAN5A-218	ZSCAN5A	known	2	0.1848311275243759	0.5142591
ADD1-218	ADD1	known	44	0.2851554155349731	0.4008811
MYH9-220	MYH9	known	41	0.3418067991733551	0.5473796
CAMLG-201	CAMLG	known	18	0.3442170619964599	0.4287103
LAMA5-203	LAMA5	known	13	0.3229532837867737	0.4179685
CGAS-201	CGAS	known	9	0.2208921462297439	0.3126654
NOTCH1-215	NOTCH1	known	12	0.3417874872684479	0.4218761
ERF-201	ERF	known	2	0.2891318798065185	0.53391755
CHD6-201	CHD6	known	2	0.3070516884326935	0.498411
CLCN3-201	CLCN3	known	11	0.469940036535263	0.73276883
OPN3-204	OPN3	known	14	0.5053074359893799	0.7920767
TTC21A-202	TTC21A	known	44	0.3409817516803741	0.477914
TRMT61B-201	TRMT61B	known	9	0.502966046333313	0.6047534
CELF2-207	CELF2	known	8	0.7273786664009094	0.76104367
TUB-203	TUB	known	43	0.2077171206474304	0.3160529
FGF14-207	FGF14	known	17	0.3063858151435852	0.47626776
FOXF2-201	FOXF2	known	37	0.3584209680557251	0.56631416
transcript65824.chr17.nic	SOCS7	nic	32	0.2631285488605499	0.34318632
CSNK1E-201	CSNK1E	known	29	0.3578179478645324	0.5388833
CEP120-214	CEP120	known	43	0.3525798320770263	0.5464147
GRIA1-214	GRIA1	known	13	0.3749197721481323	0.69820446
transcript325608.chr1.nic	NVL	nic	19	0.2613219022750854	0.38771373
LTBP4-205	LTBP4	known	40	0.2428114712238311	0.39907205
ASCC2-202	ASCC2	known	1	0.2201638221740722	0.33369642
THAP3-203	THAP3	known	2	0.1396388262510299	0.39415145
C1S-212	C1S	known	19	0.5311784148216248	0.66484463
WWP2-201	WWP2	known	29	0.4789887368679046	0.6784042
transcript62157.chr1.nnic	SMIM12	nnic	15	0.278163731098175	0.40810332
SSR1-201	SSR1	known	18	0.4137330651283264	0.44122753
RPLP0-203	RPLP0	known	5	0.5892330408096313	0.7189499
ZNF517-201	ZNF517	known	2	0.1667269915342331	0.5686173
DNAJC7-202	DNAJC7	known	5	0.2538255155086517	0.31847608
EML6-206	EML6	known	44	0.1992733478546142	0.3032522
DUSP11-207	DUSP11	known	32	0.2898480594158172	0.6891702
transcript196820.chr8.nnic	ZNF623	nnic	44	0.2028890401124954	0.3275369
L1CAM-203	L1CAM	known	36	0.4918360710144043	0.5931098
ENST00000687685	ENSG00000291066	known	7	0.2738052308559418	0.39576662
TARS2-204	TARS2	known	6	0.497237890958786	0.65956473
YPEL3-DT-201	YPEL3-DT	known	30	0.2417685836553573	0.31218758
PLSCR3-208	PLSCR3	known	11	0.2144193053245544	0.45391774
CAMK2B-248	CAMK2B	known	36	0.2845531105995178	0.5929451
KANK1-201	KANK1	known	41	0.4145777821540832	0.5373573
TYK2-215	TYK2	known	24	0.3175245821475982	0.5540969
HDDC2-202	HDDC2	known	15	0.2691141068935394	0.4638845
CARF-213	CARF	known	2	0.2955912947654724	0.47001013
INPP5F-220	INPP5F	known	17	0.3038688600063324	0.3592927
EXOC6-204	EXOC6	known	43	0.2718032598495483	0.50230104
P2RX7-201	P2RX7	known	12	0.3375348746776581	0.47355908
RTN4-204	RTN4	known	36	0.4363926947116852	0.52878517
TASOR-209	TASOR	known	2	0.2885893285274505	0.38971725
UFD1-205	UFD1	known	1	0.3149063885211944	0.4509437
PAG1-201	PAG1	known	24	0.3648383915424347	0.5438959
SCP2-203	SCP2	known	16	0.4174793660640716	0.5831993
MTFR1L-210	MTFR1L	known	6	0.199766919016838	0.3026269
GCAT-201	GCAT	known	16	0.3446274697780609	0.56163025
DMTF1-228	DMTF1	known	2	0.1849902421236038	0.39999843
LIMCH1-219	LIMCH1	known	41	0.3587700724601745	0.52496445
SLC26A8-208	SLC26A8	known	11	0.4754791259765625	0.7391284
DYNC1LI2-201	DYNC1LI2	known	44	0.4065574407577514	0.5734535
SPEG-215	SPEG	known	35	0.254624992609024	0.44429684
transcript197897.chr11.nic	ETS1	nic	37	0.1912243068218231	0.32756987
transcript5012.chr12.nnic	CACNA1C	nnic	2	0.2355226278305053	0.3589394
PORCN-202	PORCN	known	16	0.2302116006612777	0.31473497
ADAM33-202	ADAM33	known	40	0.2901758551597595	0.37069625
STEAP3-202	STEAP3	known	11	0.2295790463685989	0.39608493
SIAH1-203	SIAH1	known	29	0.3445479273796081	0.54205525
PHIP-204	PHIP	known	2	0.300879031419754	0.41260228
LMO7-201	LMO7	known	44	0.2037135958671569	0.3205441
KCNK9-210	KCNK9	known	11	0.4079749286174774	0.8192891
transcript212658.chr3.nic	SLC49A4	nic	11	0.3094350695610046	0.48349047
RNF8-202	RNF8	known	29	0.2909106612205505	0.5041842
UGP2-202	UGP2	known	16	0.31596639752388	0.450603
CORO6-203	CORO6	known	29	0.2842139005661011	0.43506306
OGFOD1-201	OGFOD1	known	10	0.3013395667076111	0.48889178
CLDN5-203	CLDN5	known	35	0.39530810713768	0.5174076
ZNF711-204	ZNF711	known	2	0.242636427283287	0.55150354
ABI3-201	ABI3	known	41	0.2985407710075378	0.37693396
ITGAV-213	ITGAV	known	35	0.3637855648994446	0.52399015
RPSA-217	RPSA	known	6	0.2371174544095993	0.30931425
CDK17-201	CDK17	known	4	0.2250717729330063	0.50906956
RETREG1-219	RETREG1	known	30	0.2187102437019348	0.32763883
C2CD3-232	C2CD3	known	44	0.3402859270572662	0.5249341
ST3GAL3-206	ST3GAL3	known	20	0.7095937728881836	0.7743658
PHGDH-208	PHGDH	known	16	0.2796696722507477	0.43716687
CEP43-201	CEP43	known	43	0.2727144956588745	0.36412573
NDRG3-201	NDRG3	known	37	0.2875812351703644	0.38471135
OPA1-204	OPA1	known	22	0.2314975559711456	0.340797
AEBP1-206	AEBP1	known	19	0.498509794473648	0.5738558
MDN1-213	MDN1	known	1	0.2929409742355346	0.3907734
TXNIP-204	TXNIP	known	42	0.2272294461727142	0.35923678
transcript157778.chr11.nic	YAP1	nic	2	0.3180057108402252	0.4927042
ESRRA-201	ESRRA	known	2	0.3084878325462341	0.6040653
MRM3-201	MRM3	known	9	0.4743824005126953	0.6079061
WNK1-202	WNK1	known	31	0.4543895423412323	0.64540106
FKBP2-205	FKBP2	known	16	0.2047568410634994	0.30414262
transcript184643.chr1.nnic	ZNF697	nnic	2	0.188060313463211	0.55409825
MGA-201	MGA	known	2	0.3331356644630432	0.47495237
ZNF76-205	ZNF76	known	2	0.2413698136806488	0.5283125
CCT8-212	CCT8	known	25	0.5447366237640381	0.57249534
FASTKD1-203	FASTKD1	known	6	0.3838384449481964	0.50673974
ZFYVE27-212	ZFYVE27	known	36	0.4546093344688415	0.6791848
HTT-207	HTT	known	17	0.3104476928710937	0.36661658
transcript70290.chr16.nic	ATXN2L	nic	6	0.2614295780658722	0.3744681
UBE2E2-202	UBE2E2	known	29	0.3463615775108337	0.5279244
NFYA-202	NFYA	known	2	0.2746134996414184	0.51403326
transcript190484.chr11.nnic	CCDC15	nnic	44	0.2446958273649215	0.39169088
KCTD17-202	KCTD17	known	29	0.2606717944145202	0.41161656
transcript60226.chr1.nic	ZSCAN20	nic	2	0.1449665129184723	0.4402663
SPAG7-207	SPAG7	known	10	0.2327178716659546	0.33833167
ROCK1P1-204	ROCK1P1	known	42	0.3264690935611725	0.43735322
B9D1-205	B9D1	known	44	0.3410011827945709	0.64534676
RBKS-201	RBKS	known	15	0.2899209558963775	0.4306739
AFAP1L2-202	AFAP1L2	known	31	0.3145714402198791	0.4628663
SLC4A5-213	SLC4A5	known	11	0.5361035466194153	0.8229268
TAGLN2-203	TAGLN2	known	25	0.2122652977705001	0.3451591
CTTN-202	CTTN	known	41	0.51381516456604	0.58459103
ISCU-202	ISCU	known	12	0.2478431910276413	0.40049887
NRBP2-202	NRBP2	known	30	0.2216711044311523	0.5445298
SEC13-202	SEC13	known	43	0.3802527785301208	0.52086204
PTPRO-201	PTPRO	known	36	0.3746838271617889	0.45960623
UBE2I-205	UBE2I	known	29	0.3498113453388214	0.5614261
MFN1-205	MFN1	known	22	0.2810037434101105	0.36729112
transcript127123.chr10.nnic	FAM241B	nnic	18	0.2783717513084411	0.3693418
CBX3-208	CBX3	known	2	0.3148423731327057	0.44631892
ZEB2-223	ZEB2	known	2	0.2582546174526214	0.5183703
PRMT2-211	PRMT2	known	9	0.2755851745605469	0.40321246
ADAM9-222	ADAM9	known	25	0.3405678272247314	0.37359622
CCT5-205	CCT5	known	27	0.2977156341075897	0.41868097
EPHB6-208	EPHB6	known	31	0.3384928107261657	0.59973985
DLG2-246	DLG2	known	13	0.3513372242450714	0.52480733
CNTROB-203	CNTROB	known	44	0.3144755959510803	0.42723575
ACSL6-222	ACSL6	known	15	0.6239192485809326	0.8538674
UQCRC1-209	UQCRC1	known	6	0.19952093064785	0.32262242
CELF5-201	CELF5	known	8	0.5636712908744812	0.5957695
transcript50247.chr6.nic	KCTD20	nic	29	0.2221973836421966	0.3630252
MED22-209	MED22	known	44	0.2280587255954742	0.35938022
MECP2-205	MECP2	known	2	0.3676602244377136	0.5995347
ZFYVE16-202	ZFYVE16	known	5	0.2357346564531326	0.3767348
FREM3-201	FREM3	known	35	0.3441174328327179	0.46736923
SGCE-206	SGCE	known	35	0.3367136418819427	0.47167835
ZNF626-203	ZNF626	known	2	0.175368070602417	0.501564
FGFR3-205	FGFR3	known	17	0.6967184543609619	0.7535031
EPS8L2-208	EPS8L2	known	42	0.354015976190567	0.47464675
CTNND2-217	CTNND2	known	35	0.4818154573440552	0.64382344
ANKRD6-203	ANKRD6	known	44	0.2256826311349868	0.37159967
TECR-216	TECR	known	15	0.4165064990520477	0.5639377
RCOR3-202	RCOR3	known	2	0.2769642174243927	0.48603183
OSBPL8-205	OSBPL8	known	17	0.3545131385326385	0.47431326
transcript32747.chr6.nnic	H3C6	nnic	1	0.3395144045352936	0.6211548
COPS2-202	COPS2	known	29	0.3626399040222168	0.5063017
RPS6KA3-206	RPS6KA3	known	31	0.2840519547462463	0.73075736
CHAD-201	CHAD	known	40	0.2233880311250686	0.32212907
TMEM38A-201	TMEM38A	known	11	0.3026695251464844	0.5308091
SPPL2B-207	SPPL2B	known	19	0.3798106908798218	0.44818124
ASPH-205	ASPH	known	27	0.5807912349700928	0.68610984
CCDC112-201	CCDC112	known	44	0.3287848830223083	0.4456131
AKAP9-214	AKAP9	known	44	0.4892832338809967	0.5802711
DPAGT1-228	DPAGT1	known	19	0.2832065224647522	0.35686573
VSNL1-202	VSNL1	known	12	0.2158573716878891	0.35170448
ZNF708-203	ZNF708	known	2	0.1675264090299606	0.40979022
ABCG1-211	ABCG1	known	11	0.3345266878604889	0.5462442
EIF4G1-240	EIF4G1	known	10	0.3258096873760223	0.43757057
HIPK1-208	HIPK1	known	2	0.3056081533432007	0.44954047
RPS6KB1-201	RPS6KB1	known	3	0.2975160181522369	0.5622384
RNF8-201	RNF8	known	29	0.2611877918243408	0.47147435
BIRC3-201	BIRC3	known	29	0.3676134049892425	0.5698966
TMBIM4-202	TMBIM4	known	18	0.3434264957904815	0.38464576
HDX-205	HDX	known	3	0.2743730843067169	0.3358694
ING3-201	ING3	known	2	0.3560355603694916	0.57871413
POP5-202	POP5	known	9	0.3228228986263275	0.46948105
GDI2-202	GDI2	known	25	0.4757100641727447	0.49648237
SERPINB6-211	SERPINB6	known	30	0.4280444979667663	0.83040744
ADGRL2-237	ADGRL2	known	14	0.472598671913147	0.70329094
FMR1-201	FMR1	known	8	0.3866114914417267	0.46901518
LRPPRC-211	LRPPRC	known	44	0.2419513314962387	0.34486395
MPPE1-217	MPPE1	known	17	0.35988649725914	0.48042956
CANX-222	CANX	known	25	0.2635732889175415	0.35126996
TMUB2-204	TMUB2	known	18	0.3711414933204651	0.480189
DHDH-201	DHDH	known	16	0.2682345509529114	0.44253463
TMEM245-203	TMEM245	known	11	0.4040501415729522	0.7428204
STK25-234	STK25	known	31	0.5641624927520752	0.7888161
transcript88025.chr3.nic	RRP9	nic	9	0.287567138671875	0.4587633
BCL7B-210	BCL7B	known	2	0.2122205793857574	0.31727052
TMEM63A-201	TMEM63A	known	11	0.2791715860366821	0.47665176
CFAP410-201	CFAP410	known	44	0.3379386067390442	0.4922375
ZNF546-201	ZNF546	known	2	0.1559672653675079	0.5094396
ZFP30-203	ZFP30	known	2	0.1558504402637481	0.5121441
KDM5C-204	KDM5C	known	2	0.3006026744842529	0.51754254
FANCM-208	FANCM	known	1	0.3609636127948761	0.5605846
ANKS1A-206	ANKS1A	known	42	0.1665444523096084	0.3135212
MTTP-201	MTTP	known	25	0.3378096520900726	0.38386396
CLCC1-256	CLCC1	known	11	0.2150908708572387	0.32118455
CORO1B-201	CORO1B	known	41	0.4396511614322662	0.5287716
USP32-201	USP32	known	29	0.2779978513717651	0.35719845
ZNF532-206	ZNF532	known	2	0.1994891613721847	0.46589342
EFL1-216	EFL1	known	6	0.3805395066738128	0.46254057
transcript332066.chr1.nnic	TRIM17	nnic	23	0.2627117335796356	0.5015041
MMS22L-213	MMS22L	known	9	0.3394060134887695	0.43943387
PDIA6-207	PDIA6	known	30	0.2709928154945373	0.42610043
EYA4-202	EYA4	known	2	0.2814157009124756	0.44642645
PIEZO2-201	PIEZO2	known	11	0.2796119749546051	0.4546669
WIPI2-204	WIPI2	known	22	0.3849935829639435	0.60922873
CYB5A-207	CYB5A	known	16	0.2570934593677521	0.33440176
FOXD4-201	FOXD4	known	2	0.2607875466346741	0.55368453
transcript56806.chr1.nnic	ZBTB8OS	nnic	9	0.2694282829761505	0.39982495
SLX1A-201	SLX1A	known	1	0.334862470626831	0.5463668
LIAS-221	LIAS	known	15	0.2335662096738815	0.3330229
SPPL2A-201	SPPL2A	known	19	0.2956826090812683	0.34714752
FGL2-202	FGL2	known	19	0.3077495694160461	0.36464047
HDAC4-201	HDAC4	known	2	0.3628890812397003	0.57740813
NAPEPLD-208	NAPEPLD	known	15	0.3007015585899353	0.39612192
NDUFAB1-201	NDUFAB1	known	15	0.4792565703392029	0.60208577
transcript131193.chr7.nnic	CDK6	nnic	31	0.2324863523244857	0.58673644
ALOX5AP-201	ALOX5AP	known	21	0.2656531035900116	0.40576848
DNM1L-219	DNM1L	known	44	0.2877199053764343	0.3984949
DLX2-202	DLX2	known	37	0.3006401658058166	0.47766933
ZNF148-204	ZNF148	known	2	0.2863927781581878	0.5374877
transcript171994.chr11.nnic	TTC12	nnic	4	0.231658473610878	0.36086616
PCF11-204	PCF11	known	8	0.367502897977829	0.39155513
CAAP1-201	CAAP1	known	29	0.2404380589723587	0.34089497
FSIP2-202	FSIP2	known	44	0.3150891065597534	0.52458113
SENP8-201	SENP8	known	19	0.218080386519432	0.37435743
VAMP2-201	VAMP2	known	25	0.5198151469230652	0.60175586
RICTOR-209	RICTOR	known	42	0.3156057596206665	0.4381793
RMND5B-210	RMND5B	known	29	0.3469284772872925	0.6150985
POM121L2-202	POM121L2	known	7	0.5662603378295898	0.73191106
transcript171756.chr8.nic	DSCC1	nic	9	0.2710222005844116	0.3812804
ERC1-224	ERC1	known	41	0.248656541109085	0.39818794
CARS1-212	CARS1	known	6	0.3563647270202636	0.5085755
PRICKLE2-205	PRICKLE2	known	27	0.2218619436025619	0.3318938
PPP1CB-207	PPP1CB	known	15	0.2959064543247223	0.41218767
CACNA1A-217	CACNA1A	known	12	0.4895623922348022	0.81594
FN1-224	FN1	known	40	0.4566465020179748	0.63462454
NDUFA10-225	NDUFA10	known	15	0.4372898936271667	0.60702693
FBXL4-202	FBXL4	known	29	0.4240090847015381	0.6933946
transcript178945.chr12.nic	CDK2AP1	nic	2	0.2819540202617645	0.34752735
NAA16-202	NAA16	known	29	0.2093559205532074	0.31279525
transcript58358.chr20.nnic	TOMM34	nnic	5	0.1882316172122955	0.30482596
ACBD5-209	ACBD5	known	16	0.3027146458625793	0.37239558
SPG7-236	SPG7	known	6	0.2439584732055664	0.3202041
transcript125436.chr7.nnic	GTPBP10	nnic	3	0.2351400703191757	0.317967
ADGRE5-202	ADGRE5	known	14	0.4409461915493011	0.64420617
ERMP1-225	ERMP1	known	20	0.2961677610874176	0.3492157
KIF1A-226	KIF1A	known	43	0.3917472064495086	0.5445595
SULT1A3-202	SULT1A3	known	15	0.4359166026115417	0.6084255
MRPL39-201	MRPL39	known	6	0.4982248842716217	0.5632602
NALCN-201	NALCN	known	11	0.4424557387828827	0.8818038
GBA1-203	GBA1	known	32	0.3367340266704559	0.40071234
WWC3-201	WWC3	known	13	0.2745768427848816	0.36552805
EML1-201	EML1	known	44	0.3209684789180755	0.48711267
SMAD2-205	SMAD2	known	3	0.2362075001001358	0.31228033
LUC7L3-201	LUC7L3	known	8	0.6134780049324036	0.7164429
N6AMT1-203	N6AMT1	known	9	0.3996741473674774	0.41329193
NOL10-217	NOL10	known	9	0.3267153799533844	0.50757325
CIBAR1-202	CIBAR1	known	44	0.3065164685249328	0.41396657
UVSSA-212	UVSSA	known	1	0.2681107819080353	0.39134437
KIF5C-213	KIF5C	known	44	0.5000209212303162	0.6383131
transcript4979.chr20.nnic	MAVS	nnic	24	0.2766407132148742	0.36486492
transcript194545.chr5.nnic	PRELID2	nnic	11	0.2300765663385391	0.4963335
MAPRE2-213	MAPRE2	known	41	0.3037327826023102	0.50008184
EPB41-228	EPB41	known	42	0.2991812229156494	0.361159
B3GALNT2-207	B3GALNT2	known	20	0.5209754705429077	0.58270204
ASAH1-202	ASAH1	known	25	0.4546702802181244	0.4655164
SIRT3-201	SIRT3	known	16	0.3097182810306549	0.4301528
LRIG2-205	LRIG2	known	36	0.2620784342288971	0.4417708
MAP4-209	MAP4	known	44	0.3518638014793396	0.41807517
transcript217794.chr3.nnic	ITGB5	nnic	40	0.3443654179573059	0.4803578
YY2-201	YY2	known	2	0.2958137691020965	0.5117154
CFAP47-203	CFAP47	known	3	0.2388027012348175	0.3787096
ADGRV1-231	ADGRV1	known	14	0.2431118935346603	0.34261507
FAM210A-207	FAM210A	known	6	0.3895291090011596	0.5312862
NXF1-211	NXF1	known	7	0.4956779181957245	0.63495743
PCDHB3-201	PCDHB3	known	35	0.3088237941265106	0.72582275
GOLGB1-231	GOLGB1	known	43	0.2709399163722992	0.40094152
ZNF827-222	ZNF827	known	2	0.2389424443244934	0.5341805
NRXN3-213	NRXN3	known	13	0.5824941396713257	0.79271567
ZNF536-208	ZNF536	known	2	0.2253246754407882	0.56017286
UBE3A-221	UBE3A	known	29	0.4401716589927673	0.64781314
FAT1-208	FAT1	known	35	0.4595602452754974	0.6721783
CNOT2-209	CNOT2	known	4	0.3602336347103119	0.48727053
SLC29A4-202	SLC29A4	known	11	0.3288431465625763	0.4731319
NUDT9-203	NUDT9	known	15	0.219975933432579	0.3322383
COL11A1-209	COL11A1	known	40	0.4233996868133545	0.68659496
C15orf39-207	C15orf39	known	2	0.2666254341602325	0.44689637
PRR12-201	PRR12	known	2	0.2218619287014007	0.38148752
CENPT-218	CENPT	known	2	0.3075819015502929	0.45570382
POU6F1-211	POU6F1	known	2	0.2447179853916168	0.46857184
GARS1-205	GARS1	known	6	0.5794402956962585	0.72312623
CRYAB-217	CRYAB	known	30	0.2721805870532989	0.41326827
MCM4-204	MCM4	known	1	0.351427674293518	0.53424627
COQ10A-202	COQ10A	known	15	0.2576225996017456	0.49498254
ANK2-312	ANK2	known	43	0.3243195414543152	0.4480855
SLC1A2-219	SLC1A2	known	11	0.580098569393158	0.8285017
ISYNA1-201	ISYNA1	known	16	0.3282862603664398	0.44588834
SCARB2-216	SCARB2	known	25	0.3921267688274383	0.45143843
BACH1-201	BACH1	known	1	0.2676618099212646	0.3956168
PHC3-207	PHC3	known	2	0.238220602273941	0.43654364
PMPCB-209	PMPCB	known	16	0.1910416036844253	0.37435603
BLOC1S2-202	BLOC1S2	known	44	0.438850075006485	0.5793568
NT5DC3-203	NT5DC3	known	30	0.2101999670267105	0.30737883
ZNF98-201	ZNF98	known	2	0.1755721867084503	0.50051785
PGM3-234	PGM3	known	9	0.3072319328784942	0.47344574
FGFR1-248	FGFR1	known	36	0.3604297637939453	0.43864504
KCTD6-201	KCTD6	known	29	0.2567682862281799	0.45720404
PPIL2-218	PPIL2	known	29	0.2584402859210968	0.36489052
RETREG3-201	RETREG3	known	36	0.2599379122257232	0.414882
MCCC2-240	MCCC2	known	15	0.4474272131919861	0.61117494
SCML4-201	SCML4	known	2	0.2208964079618454	0.4350173
ADAP2-204	ADAP2	known	42	0.2364075928926468	0.31794396
TACR1-201	TACR1	known	14	0.4565235674381256	0.67919797
LMBR1L-204	LMBR1L	known	11	0.2244830131530761	0.3655652
COL7A1-206	COL7A1	known	40	0.2697561979293823	0.37726182
NAXE-217	NAXE	known	9	0.3305889070034027	0.37132543
NRN1-204	NRN1	known	13	0.2738489508628845	0.3880335
SMARCD2-203	SMARCD2	known	2	0.3457828462123871	0.4856426
transcript166114.chr11.nnic	FDX1	nnic	6	0.2896430790424347	0.4291726
RGR-201	RGR	known	14	0.4302782714366913	0.8086815
CYB5D1-206	CYB5D1	known	15	0.2933824360370636	0.4389093
RALGAPA1-216	RALGAPA1	known	3	0.1527121514081955	0.3528936
LCK-202	LCK	known	24	0.5294023752212524	0.6850692
transcript39803.chr6.nic	CCHCR1	nic	44	0.3060952425003052	0.40714058
transcript171894.chr9.nnic	TRIM14	nnic	23	0.1614072173833847	0.31871647
KMT2E-220	KMT2E	known	2	0.306865245103836	0.51865023
BMPR1A-203	BMPR1A	known	37	0.4321734309196472	0.5503776
ATPSCKMT-205	ATPSCKMT	known	9	0.2940826714038849	0.3634412
ENST00000551681	ENSG00000291066	known	4	0.2069091200828552	0.3006252
RPIA-201	RPIA	known	15	0.292995810508728	0.4618302
KRIT1-228	KRIT1	known	38	0.2513475120067596	0.35348004
SLC25A21-201	SLC25A21	known	11	0.3616692423820495	0.58160675
RDH11-201	RDH11	known	16	0.3697768151760101	0.53683376
EIF4G1-201	EIF4G1	known	10	0.4427720010280609	0.5822195
SHMT2-226	SHMT2	known	16	0.3144420087337494	0.4938701
ELL-201	ELL	known	2	0.2552683055400848	0.36857197
ZMAT5-201	ZMAT5	known	8	0.2963432669639587	0.41364273
SELENBP1-201	SELENBP1	known	25	0.2087005674839019	0.33773595
transcript131739.chr16.nic	EMC8	nic	1	0.2189477086067199	0.3435729
LEO1-201	LEO1	known	8	0.3386881053447723	0.36461216
RABGAP1-205	RABGAP1	known	42	0.3909207582473755	0.48758182
transcript21527.chr6.nic	MCUR1	nic	12	0.2497801780700683	0.404694
TRO-224	TRO	known	35	0.2902305424213409	0.42668262
HACL1-202	HACL1	known	16	0.3386164307594299	0.50574684
transcript68685.chr4.nic	ZCCHC4	nic	9	0.3182084560394287	0.33294553
GLI1-201	GLI1	known	37	0.3487782478332519	0.5165602
CARF-201	CARF	known	2	0.2947634160518646	0.4541959
GNAO1-226	GNAO1	known	44	0.2658998966217041	0.36991456
BBS7-204	BBS7	known	44	0.3848634362220764	0.5159467
ZBTB6-201	ZBTB6	known	2	0.1833144426345825	0.38036188
GTF2H3-214	GTF2H3	known	1	0.3107932806015014	0.50455457
PAX6-271	PAX6	known	37	0.3808106482028961	0.59099513
PHKG1-201	PHKG1	known	3	0.1903666108846664	0.5360093
PTBP1-224	PTBP1	known	8	0.6005405187606812	0.6570729
FBXL7-201	FBXL7	known	4	0.423572689294815	0.68702257
DOCK9-207	DOCK9	known	39	0.3613499104976654	0.39534214
HMG20A-206	HMG20A	known	44	0.2449984848499298	0.32664934
CLK3-202	CLK3	known	8	0.2946677803993225	0.41131124
KMT2C-265	KMT2C	known	7	0.2400188446044922	0.35855117
MDM4-205	MDM4	known	4	0.4141259491443634	0.5833034
RAB18-201	RAB18	known	25	0.544596791267395	0.6144694
MED13L-206	MED13L	known	2	0.2908346354961395	0.3816227
CGN-201	CGN	known	41	0.2954442203044891	0.43102008
VGLL4-201	VGLL4	known	2	0.2017672806978225	0.33237088
transcript173410.chr7.nic	MET	nic	36	0.5390213131904602	0.6612631
TRAPPC6B-201	TRAPPC6B	known	43	0.374820351600647	0.5361635
CIRBP-214	CIRBP	known	8	0.3793717324733734	0.4177908
RELA-201	RELA	known	24	0.4849946796894073	0.72436345
LIPT1-201	LIPT1	known	9	0.3163570165634155	0.37833738
RAB28-205	RAB28	known	25	0.2929278612136841	0.42903382
RHBDD2-201	RHBDD2	known	18	0.3182306885719299	0.43675297
transcript352202.chr2.nnic	SF3B1	nnic	3	0.2764491140842438	0.3549583
BCL2L13-207	BCL2L13	known	30	0.3757665455341339	0.55694896
C4A-250	C4A	known	30	0.2695729434490204	0.46853423
ADGRV1-229	ADGRV1	known	14	0.2708573043346405	0.3461158
GEMIN4-201	GEMIN4	known	9	0.3020371496677398	0.3997716
CLPX-201	CLPX	known	6	0.376535028219223	0.41774422
FXR1-220	FXR1	known	8	0.4244871139526367	0.50776124
SNRPN-202	SNRPN	known	8	0.4942083656787872	0.74153167
ITPR1-239	ITPR1	known	28	0.2110989838838577	0.33720127
IL6ST-221	IL6ST	known	31	0.3051865696907043	0.5108864
INPP5D-204	INPP5D	known	42	0.2591923177242279	0.3478833
PPP1R2-203	PPP1R2	known	8	0.2293500751256942	0.3298544
ZNF721-201	ZNF721	known	2	0.1781090945005417	0.43636146
SLC16A1-209	SLC16A1	known	11	0.4528455734252929	0.7576083
MGA-206	MGA	known	2	0.2982219457626343	0.44351465
NEIL1-224	NEIL1	known	1	0.1997085958719253	0.34139204
CCDC88A-218	CCDC88A	known	36	0.239761933684349	0.36919376
PPIL2-220	PPIL2	known	1	0.2088348716497421	0.35009852
KHNYN-206	KHNYN	known	9	0.274518221616745	0.39628077
FAM193A-211	FAM193A	known	2	0.245311439037323	0.39506048
TWNK-206	TWNK	known	1	0.3078763782978058	0.4969265
ERCC6-220	ERCC6	known	1	0.3710867166519165	0.5688517
TAF15-201	TAF15	known	8	0.3391993045806885	0.39153403
ARHGEF4-203	ARHGEF4	known	42	0.4210302829742431	0.6790138
SPECC1-224	SPECC1	known	41	0.260341465473175	0.4504419
DNAJC27-201	DNAJC27	known	42	0.2776154279708862	0.4443416
ALDH4A1-202	ALDH4A1	known	16	0.3447831273078918	0.6152557
SYTL2-216	SYTL2	known	43	0.2722131907939911	0.43096057
ZNF652-201	ZNF652	known	2	0.2832042872905731	0.4618284
INO80D-201	INO80D	known	2	0.3458991050720215	0.42526764
EPHA3-201	EPHA3	known	36	0.4360436499118805	0.5785359
DDX23-201	DDX23	known	8	0.5815508365631104	0.651482
ZNF438-205	ZNF438	known	2	0.2128599435091018	0.4878746
KIF13A-204	KIF13A	known	43	0.4432508945465088	0.6071831
GOSR2-225	GOSR2	known	43	0.4140645563602447	0.62338644
AKAP12-201	AKAP12	known	14	0.3308306634426117	0.46888036
PAN2-217	PAN2	known	10	0.310823380947113	0.4573322
FCGR1BP-214	FCGR1BP	known	25	0.3739458322525024	0.47671914
SLC38A7-201	SLC38A7	known	11	0.3601027429103851	0.548895
NEU4-202	NEU4	known	20	0.3484116494655609	0.42826882
BCLAF1-216	BCLAF1	known	8	0.292652279138565	0.35264993
NDUFS2-230	NDUFS2	known	15	0.2779289782047272	0.4192725
NIPBL-209	NIPBL	known	2	0.3404330015182495	0.4454194
PIK3R1-221	PIK3R1	known	17	0.6119536757469177	0.6547872
NPM2-203	NPM2	known	4	0.3230897784233093	0.47898513
SENP7-202	SENP7	known	1	0.2352094650268554	0.35759708
ATR-221	ATR	known	17	0.581064760684967	0.68622005
NIPAL3-204	NIPAL3	known	11	0.2148734778165817	0.47041303
transcript169652.chr1.nnic	TAF13	nnic	2	0.3202216029167175	0.4688716
LUC7L-213	LUC7L	known	8	0.6217576861381531	0.70247364
transcript28916.chr7.nic	POLR1F	nic	8	0.3461629152297973	0.5893447
PRDX6-203	PRDX6	known	15	0.3773473501205444	0.51158273
KIF5C-237	KIF5C	known	44	0.3090453445911407	0.4164498
CAMTA1-217	CAMTA1	known	2	0.2648424506187439	0.50275236
DUSP10-201	DUSP10	known	32	0.5240247845649719	0.6310853
CDK5R1-201	CDK5R1	known	31	0.3317430913448334	0.4942767
ALPK1-201	ALPK1	known	42	0.2340733110904693	0.30559668
NMU-201	NMU	known	14	0.3466934561729431	0.4951015
MIA2-205	MIA2	known	43	0.231520414352417	0.4087015
LIMCH1-217	LIMCH1	known	41	0.3748371601104736	0.5290912
ZSWIM5-201	ZSWIM5	known	29	0.2253191471099853	0.41741452
SKIC3-257	SKIC3	known	4	0.2433198988437652	0.36320132
EPHB2-202	EPHB2	known	36	0.4963802397251129	0.67835426
RAPGEFL1-201	RAPGEFL1	known	42	0.2835827469825744	0.4069442
LUZP1-203	LUZP1	known	44	0.2555047869682312	0.40859008
PPP2R3C-202	PPP2R3C	known	3	0.3005082011222839	0.39311615
SKIC2-201	SKIC2	known	1	0.327534943819046	0.4862353
SLC25A2-201	SLC25A2	known	11	0.3525044620037079	0.5955335
SLC45A4-202	SLC45A4	known	11	0.3370618522167206	0.5684108
ABT1-201	ABT1	known	8	0.3245348036289215	0.5377618
SMARCA4-241	SMARCA4	known	2	0.3655950129032135	0.5749076
CUX1-210	CUX1	known	44	0.3195085227489471	0.3887039
SST-201	SST	known	14	0.3897349238395691	0.5263287
CDK5R2-201	CDK5R2	known	31	0.2422272861003875	0.37184042
PJA2-202	PJA2	known	29	0.3903063237667084	0.5952347
PTBP2-220	PTBP2	known	8	0.454330712556839	0.5372399
DPF2-214	DPF2	known	2	0.321859210729599	0.48759642
EXT2-219	EXT2	known	20	0.6448065042495728	0.70424986
transcript90372.chr5.nnic	TRAPPC13	nnic	43	0.2757519483566284	0.38419184
HPS1-240	HPS1	known	43	0.3089592158794403	0.4708163
STOML1-201	STOML1	known	22	0.2189921587705612	0.30842075
SMARCA4-214	SMARCA4	known	2	0.4335873126983642	0.59153414
KIAA1958-201	KIAA1958	known	3	0.2105055749416351	0.37684804
SSR1-204	SSR1	known	18	0.3988915383815765	0.42268682
transcript46461.chr18.nic	SETBP1	nic	2	0.2075048387050628	0.3007392
FLOT1-201	FLOT1	known	28	0.3653599917888641	0.466084
BORCS8-202	BORCS8	known	43	0.2930692434310913	0.3833876
RAD51D-210	RAD51D	known	1	0.3987929821014404	0.5916257
PI4KA-209	PI4KA	known	17	0.5098482966423035	0.5687014
SSX2IP-210	SSX2IP	known	44	0.3810439109802246	0.55173117
transcript67324.chr6.nnic	CILK1	nnic	44	0.3686900734901428	0.45986408
KIF20B-202	KIF20B	known	44	0.4094447791576385	0.5218493
VRK2-201	VRK2	known	31	0.2653413414955139	0.6530527
PRKAR1A-201	PRKAR1A	known	15	0.2586287558078766	0.34296077
NIPAL1-201	NIPAL1	known	11	0.2454960644245147	0.4857177
DLG1-234	DLG1	known	32	0.4096164405345917	0.5295397
GBF1-239	GBF1	known	43	0.3557474911212921	0.4454359
MALT1-208	MALT1	known	24	0.4119487106800079	0.5278724
PTPN3-203	PTPN3	known	32	0.3608591258525848	0.5172599
CCNY-203	CCNY	known	31	0.3043353259563446	0.4993263
LMTK3-205	LMTK3	known	36	0.1806723773479461	0.31783354
CSMD1-212	CSMD1	known	35	0.1748904287815094	0.31028387
SLC43A3-203	SLC43A3	known	11	0.3544625043869018	0.5421003
LSM7-201	LSM7	known	8	0.5264361500740051	0.7470028
ATP6AP2-226	ATP6AP2	known	19	0.3059018850326538	0.35212848
HDGFL2-210	HDGFL2	known	2	0.2738921642303467	0.38075843
TRNT1-218	TRNT1	known	9	0.2678280770778656	0.34993386
GAK-205	GAK	known	6	0.255743145942688	0.33123657
IQCA1-206	IQCA1	known	3	0.2083965688943863	0.3321759
ZNF117-203	ZNF117	known	2	0.155027836561203	0.51479024
HAUS4-218	HAUS4	known	44	0.4495464861392975	0.5901438
RSRP1-201	RSRP1	known	8	0.3292493522167206	0.3658205
UBTF-216	UBTF	known	2	0.2700341641902923	0.38157865
PTGES2-213	PTGES2	known	16	0.2854383587837219	0.39681363
RSBN1-201	RSBN1	known	2	0.3113431930541992	0.47910595
CHD8-212	CHD8	known	2	0.3577369153499603	0.51614565
NCBP2-209	NCBP2	known	8	0.3385429382324219	0.38435096
ANKRD27-204	ANKRD27	known	44	0.2139452546834945	0.3047084
MEF2C-220	MEF2C	known	3	0.2888878285884857	0.35106727
LRRC41-201	LRRC41	known	29	0.3120187222957611	0.47038046
transcript33178.chr6.nnic	H2BC4	nnic	3	0.3214969635009765	0.613087
CTNND1-242	CTNND1	known	35	0.5090358257293701	0.723793
SEC23B-202	SEC23B	known	43	0.4325713515281677	0.5771369
SIRT2-201	SIRT2	known	2	0.4237074255943298	0.5432569
PSMA7-203	PSMA7	known	29	0.2667476832866668	0.39746755
TPD52L1-202	TPD52L1	known	31	0.3872838616371155	0.53043705
KNDC1-219	KNDC1	known	44	0.2653015255928039	0.3492597
ZNF211-204	ZNF211	known	2	0.2005316615104675	0.5366562
ASTN1-204	ASTN1	known	35	0.1656677573919296	0.3015278
GRIA4-216	GRIA4	known	11	0.358058899641037	0.68269306
RAF1-259	RAF1	known	42	0.2208764553070068	0.35075742
SDF2L1-201	SDF2L1	known	20	0.3492593765258789	0.40011135
CLIP1-201	CLIP1	known	44	0.3577786982059479	0.5264869
transcript41581.chr20.nic	PIGU	nic	17	0.3199982345104217	0.39415985
EPHB6-212	EPHB6	known	31	0.2981112599372864	0.4830122
SRP54-221	SRP54	known	5	0.3268710076808929	0.39509538
TASOR2-216	TASOR2	known	1	0.3485836684703827	0.5076354
ARSD-205	ARSD	known	16	0.2936272919178009	0.4245905
TNIK-201	TNIK	known	31	0.6047353744506836	0.76027095
NECTIN3-201	NECTIN3	known	35	0.3424111306667328	0.516755
BEST1-202	BEST1	known	11	0.4054976999759674	0.61240065
DLG1-238	DLG1	known	13	0.4363842010498047	0.5349782
LAMB1-206	LAMB1	known	35	0.2682923972606659	0.39496556
KLRC2-202	KLRC2	known	25	0.18902687728405	0.31697515
NCAM1-211	NCAM1	known	36	0.2809256017208099	0.4221491
transcript129910.chr10.nnic	SPOCK2	nnic	30	0.2202624231576919	0.30089554
IKBKB-213	IKBKB	known	3	0.2408910691738128	0.34322307
transcript176166.chr9.nic	PLPPR1	nic	17	0.2361255437135696	0.43058223
SLC16A2-201	SLC16A2	known	11	0.4023485779762268	0.6957437
USP11-206	USP11	known	29	0.364706814289093	0.70478016
CPSF6-208	CPSF6	known	8	0.3515352308750152	0.44023648
HECTD1-201	HECTD1	known	29	0.2990681231021881	0.47067928
METTL3-201	METTL3	known	8	0.5032405257225037	0.6264105
LAMB2-202	LAMB2	known	35	0.3681255280971527	0.5252595
STMN1-207	STMN1	known	44	0.3138782680034637	0.39916706
transcript60260.chr6.nnic	CCND3	nnic	30	0.2060759365558624	0.30807513
MPC2-201	MPC2	known	11	0.3755277991294861	0.59098005
SLC25A3-213	SLC25A3	known	11	0.3887299299240112	0.63998336
transcript23515.chr19.nic	RGL3	nic	42	0.2673497200012207	0.31864107
SEMA3B-209	SEMA3B	known	36	0.5976043939590454	0.8045596
RPL32-204	RPL32	known	5	0.8001848459243774	0.9211275
ZNF333-203	ZNF333	known	3	0.1857737004756927	0.31784135
MTMR2-260	MTMR2	known	17	0.5996289849281311	0.6742159
BLOC1S3-201	BLOC1S3	known	39	0.2791491150856018	0.36897263
CYB5R3-224	CYB5R3	known	16	0.268387496471405	0.32679912
RACGAP1-203	RACGAP1	known	44	0.3896049261093139	0.47291976
BBS1-210	BBS1	known	44	0.3369417190551758	0.50132686
TBC1D19-201	TBC1D19	known	44	0.2831399142742157	0.42596537
KIAA0319L-216	KIAA0319L	known	36	0.2745567262172699	0.34896484
KIFBP-209	KIFBP	known	5	0.2206266820430755	0.3144483
POMGNT1-240	POMGNT1	known	20	0.4779777526855469	0.52709305
SHARPIN-201	SHARPIN	known	29	0.2246168553829193	0.3343966
transcript37269.chr20.nnic	BCL2L1	nnic	30	0.2324049174785614	0.32087192
