gene	cell_type	n_ad_with_reads	n_ct_with_reads	n_ad_total	n_ct_total	jackknife_max_change_ratio	jackknife_worst_donor	direction_consistency	dominant_isoform	verdict	note
A1BG-AS1	Excitatory_neuron	7	5	13	8	0.0674	SMC041	0.7143	A1BG-AS1-209	PASS	
AAAS	Excitatory_neuron	7	6	13	8	0.875	SMC049	0.5714	transcript75664.chr12.nnic	FAIL	Jackknife 0.88 ≥ 0.5; Direction 0.57 < 0.6
AACS	Excitatory_neuron	9	8	13	8	0.0		1.0	AACS-202	PASS	
AAGAB	Excitatory_neuron	10	7	13	8	0.9755	SMC049	0.4	AAGAB-207	FAIL	Jackknife 0.98 ≥ 0.5; Direction 0.40 < 0.6
AAMP	Excitatory_neuron	11	7	13	8	8.385	SMC049	0.5455	AAMP-208	FAIL	Jackknife 8.38 ≥ 0.5; Direction 0.55 < 0.6
AAR2	Excitatory_neuron	9	7	13	8	0.5238	SMC049	0.8889	AAR2-206	FAIL	Jackknife 0.52 ≥ 0.5
AARS1	Excitatory_neuron	12	8	13	8	0.2949	SMC032	0.6667	AARS1-225	PASS	
AARSD1	Excitatory_neuron	10	5	13	8	0.3446	SMC049	0.9	AARSD1-202	PASS	
AATF	Excitatory_neuron	8	8	13	8	1.4676	SMC049	0.375	AATF-208	FAIL	Jackknife 1.47 ≥ 0.5; Direction 0.38 < 0.6
ABCA2	Excitatory_neuron	10	7	13	8	0.5864	SMC038	0.7	ABCA2-202	FAIL	Jackknife 0.59 ≥ 0.5
ABCA5	Excitatory_neuron	13	8	13	8	1.0028	SMC041	0.0769	ABCA5-211	FAIL	Jackknife 1.00 ≥ 0.5; Direction 0.08 < 0.6
ABCA6	Excitatory_neuron	7	5	13	8	1.069	PO28	0.5714	ABCA6-205	FAIL	Jackknife 1.07 ≥ 0.5; Direction 0.57 < 0.6
ABCA8	Excitatory_neuron	9	7	13	8	1.2588	SMC041	0.5556	ABCA8-206	FAIL	Jackknife 1.26 ≥ 0.5; Direction 0.56 < 0.6
ABCB6	Excitatory_neuron	10	7	13	8	0.5382	SMC038	0.4	ABCB6-201	FAIL	Jackknife 0.54 ≥ 0.5; Direction 0.40 < 0.6
ABCB7	Excitatory_neuron	5	5	13	8	0.6646	SMC049	0.6	ABCB7-201	FAIL	Jackknife 0.66 ≥ 0.5
ABCB8	Excitatory_neuron	9	7	13	8	0.0		1.0	transcript233247.chr7.nnic	PASS	
ABCB9	Excitatory_neuron	9	7	13	8	0.6626	SMC038	0.4444	ABCB9-201	FAIL	Jackknife 0.66 ≥ 0.5; Direction 0.44 < 0.6
ABCC5	Excitatory_neuron	12	8	13	8	0.6198	SMC032	0.5	ABCC5-205	FAIL	Jackknife 0.62 ≥ 0.5; Direction 0.50 < 0.6
ABCC8	Excitatory_neuron	13	8	13	8	0.287	SMC049	0.9231	ABCC8-253	PASS	
ABCD4	Excitatory_neuron	11	8	13	8	0.5076	SMC049	1.0	ABCD4-214	FAIL	Jackknife 0.51 ≥ 0.5
ABCF1	Excitatory_neuron	10	8	13	8	0.5872	SMC049	0.7	ABCF1-201	FAIL	Jackknife 0.59 ≥ 0.5
ABCF3	Excitatory_neuron	8	7	13	8	0.1243	SMC049	0.625	ABCF3-203	PASS	
ABCG1	Excitatory_neuron	5	6	13	8	0.3804	SMC038	0.6	ABCG1-203	PASS	
ABHD14A	Excitatory_neuron	12	8	13	8	0.0		1.0	ABHD14A-202	PASS	
ABHD2	Excitatory_neuron	11	7	13	8	0.9467	PO41	0.1818	ABHD2-201	FAIL	Jackknife 0.95 ≥ 0.5; Direction 0.18 < 0.6
ABHD6	Excitatory_neuron	9	6	13	8	0.2279	SMC038	0.5556	ABHD6-201	FAIL	Direction 0.56 < 0.6
ABI1	Excitatory_neuron	10	7	13	8	0.4432	SMC049	0.6	ABI1-213	PASS	
ABI2	Excitatory_neuron	10	8	13	8	1.1157	PO11	0.7	ABI2-204	FAIL	Jackknife 1.12 ≥ 0.5
ABLIM1	Excitatory_neuron	9	8	13	8	1.1795	SMC049	0.5556	transcript195209.chr10.nic	FAIL	Jackknife 1.18 ≥ 0.5; Direction 0.56 < 0.6
ABLIM3	Excitatory_neuron	7	5	13	8	1.5248	SMC049	0.4286	transcript204042.chr5.nic	FAIL	Jackknife 1.52 ≥ 0.5; Direction 0.43 < 0.6
ABR	Excitatory_neuron	10	7	13	8	0.2102	SMC049	0.5	ABR-202	FAIL	Direction 0.50 < 0.6
ABTB1	Excitatory_neuron	11	7	13	8	1.0	SMC049	0.8182	ABTB1-203	FAIL	Jackknife 1.00 ≥ 0.5
ACAA1	Excitatory_neuron	12	8	13	8	0.6726	SMC049	0.4167	ACAA1-203	FAIL	Jackknife 0.67 ≥ 0.5; Direction 0.42 < 0.6
ACAD11	Excitatory_neuron	11	8	13	8	0.2256	SMC038	0.7273	ACAD11-201	PASS	
ACAD8	Excitatory_neuron	11	8	13	8	0.6039	SMC049	0.3636	ACAD8-201	FAIL	Jackknife 0.60 ≥ 0.5; Direction 0.36 < 0.6
ACAD9	Excitatory_neuron	10	7	13	8	0.1216	SMC049	0.9	ACAD9-214	PASS	
ACADM	Excitatory_neuron	10	7	13	8	0.8752	SMC049	0.3	ACADM-220	FAIL	Jackknife 0.88 ≥ 0.5; Direction 0.30 < 0.6
ACADVL	Excitatory_neuron	13	8	13	8	0.1057	SMC049	0.7692	ACADVL-203	PASS	
ACAP3	Excitatory_neuron	12	8	13	8	0.73	SMC041	0.5	ACAP3-212	FAIL	Jackknife 0.73 ≥ 0.5; Direction 0.50 < 0.6
ACBD5	Excitatory_neuron	10	7	13	8	0.6938	SMC038	0.5	ACBD5-205	FAIL	Jackknife 0.69 ≥ 0.5; Direction 0.50 < 0.6
ACBD6	Excitatory_neuron	7	6	13	8	0.4956	SMC049	0.5714	ACBD6-201	FAIL	Direction 0.57 < 0.6
ACD	Excitatory_neuron	10	8	13	8	0.1291	SMC041	0.1	ACD-210	FAIL	Direction 0.10 < 0.6
ACIN1	Excitatory_neuron	12	6	13	8	0.0		1.0	ACIN1-213	PASS	
ACO2	Excitatory_neuron	12	7	13	8	0.4069	SMC049	0.1667	ACO2-201	FAIL	Direction 0.17 < 0.6
ACOT11	Excitatory_neuron	12	8	13	8	0.1946	SMC049	0.0	ACOT11-202	FAIL	Direction 0.00 < 0.6
ACOT7	Excitatory_neuron	12	6	13	8	0.6705	SMC049	0.0833	ACOT7-201	FAIL	Jackknife 0.67 ≥ 0.5; Direction 0.08 < 0.6
ACOT8	Excitatory_neuron	10	6	13	8	0.8978	SMC049	0.3	transcript59248.chr20.nnic	FAIL	Jackknife 0.90 ≥ 0.5; Direction 0.30 < 0.6
ACOT9	Excitatory_neuron	7	6	13	8	0.5767	SMC049	0.4286	ACOT9-201	FAIL	Jackknife 0.58 ≥ 0.5; Direction 0.43 < 0.6
ACOX1	Excitatory_neuron	9	8	13	8	0.6269	SMC049	0.2222	ACOX1-201	FAIL	Jackknife 0.63 ≥ 0.5; Direction 0.22 < 0.6
ACOX3	Excitatory_neuron	9	6	13	8	0.5542	SMC049	0.3333	ACOX3-201	FAIL	Jackknife 0.55 ≥ 0.5; Direction 0.33 < 0.6
ACSF3	Excitatory_neuron	12	8	13	8	1.0838	SMC049	0.0833	ACSF3-201	FAIL	Jackknife 1.08 ≥ 0.5; Direction 0.08 < 0.6
ACSL3	Excitatory_neuron	12	7	13	8	0.2335	SMC038	0.8333	ACSL3-201	PASS	
ACSL4	Excitatory_neuron	9	8	13	8	0.1162	SMC049	0.3333	ACSL4-211	FAIL	Direction 0.33 < 0.6
ACTB	Excitatory_neuron	13	8	13	8	0.6791	SMC049	0.6154	ACTB-206	FAIL	Jackknife 0.68 ≥ 0.5
ACTG1	Excitatory_neuron	13	8	13	8	0.4194	SMC039	0.3846	ACTG1-205	FAIL	Direction 0.38 < 0.6
ACTL6B	Excitatory_neuron	10	6	13	8	0.0		0.0	ACTL6B-201	FAIL	Direction 0.00 < 0.6
ACTN1	Excitatory_neuron	13	8	13	8	0.2702	SMC049	0.9231	ACTN1-203	PASS	
ACTN2	Excitatory_neuron	11	7	13	8	0.1126	SMC032	0.7273	ACTN2-202	PASS	
ACTN4	Excitatory_neuron	10	7	13	8	1.3718	SMC038	0.1	ACTN4-203	FAIL	Jackknife 1.37 ≥ 0.5; Direction 0.10 < 0.6
ACTR10	Excitatory_neuron	11	7	13	8	0.9788	SMC049	0.1818	ACTR10-201	FAIL	Jackknife 0.98 ≥ 0.5; Direction 0.18 < 0.6
ACTR1B	Excitatory_neuron	11	7	13	8	0.0233	PO41	0.8182	transcript216375.chr2.nnic	PASS	
ACTR2	Excitatory_neuron	12	8	13	8	0.893	SMC038	0.3333	ACTR2-201	FAIL	Jackknife 0.89 ≥ 0.5; Direction 0.33 < 0.6
ACTR3	Excitatory_neuron	12	7	13	8	0.0743	PO41	0.9167	ACTR3-201	PASS	
ACVR2B	Excitatory_neuron	6	6	13	8	0.9395	SMC038	0.3333	ACVR2B-203	FAIL	Jackknife 0.94 ≥ 0.5; Direction 0.33 < 0.6
ACYP2	Excitatory_neuron	7	8	13	8	1.0499	PO05	0.2857	transcript68261.chr2.nnic	FAIL	Jackknife 1.05 ≥ 0.5; Direction 0.29 < 0.6
ADAM11	Excitatory_neuron	9	8	13	8	0.527	PO28	0.6667	ADAM11-202	FAIL	Jackknife 0.53 ≥ 0.5
ADAM15	Excitatory_neuron	9	5	13	8	0.1497	PO28	0.7778	ADAM15-203	PASS	
ADAM17	Excitatory_neuron	11	7	13	8	0.794	SMC032	0.4545	ADAM17-210	FAIL	Jackknife 0.79 ≥ 0.5; Direction 0.45 < 0.6
ADAM22	Excitatory_neuron	11	6	13	8	0.3475	SMC049	0.8182	ADAM22-209	PASS	
ADAM9	Excitatory_neuron	11	7	13	8	0.0773	SMC049	0.9091	ADAM9-214	PASS	
ADAMTS10	Excitatory_neuron	9	7	13	8	0.3518	SMC038	0.6667	transcript17744.chr19.nnic	PASS	
ADAMTS13	Excitatory_neuron	10	7	13	8	0.2478	SMC049	0.8	transcript222311.chr9.nnic	PASS	
ADAMTS2	Excitatory_neuron	6	5	13	8	0.6506	SMC041	0.1667	ADAMTS2-203	FAIL	Jackknife 0.65 ≥ 0.5; Direction 0.17 < 0.6
ADAP1	Excitatory_neuron	11	6	13	8	0.1901	SMC049	0.7273	ADAP1-219	PASS	
ADCK5	Excitatory_neuron	9	5	13	8	1.0329	SMC049	0.4444	ADCK5-201	FAIL	Jackknife 1.03 ≥ 0.5; Direction 0.44 < 0.6
ADCY2	Excitatory_neuron	12	8	13	8	0.4267	SMC049	0.5	ADCY2-201	FAIL	Direction 0.50 < 0.6
ADCY5	Excitatory_neuron	6	5	13	8	0.0		1.0	ADCY5-205	PASS	
ADCY9	Excitatory_neuron	12	8	13	8	0.4108	SMC049	0.5	ADCY9-201	FAIL	Direction 0.50 < 0.6
ADD1	Excitatory_neuron	12	8	13	8	0.2268	SMC041	0.6667	ADD1-206	PASS	
ADD2	Excitatory_neuron	10	8	13	8	0.4294	PO28	0.5	ADD2-203	FAIL	Direction 0.50 < 0.6
ADGRB2	Excitatory_neuron	13	8	13	8	0.3454	SMC041	0.6923	ADGRB2-202	PASS	
ADGRB3	Excitatory_neuron	10	8	13	8	0.5145	SMC038	0.7	ADGRB3-206	FAIL	Jackknife 0.51 ≥ 0.5
ADGRL2	Excitatory_neuron	12	8	13	8	0.7673	SMC049	0.8333	transcript142791.chr1.nic	FAIL	Jackknife 0.77 ≥ 0.5
ADGRL3	Excitatory_neuron	11	7	13	8	0.1411	SMC041	0.9091	ADGRL3-219	PASS	
ADGRV1	Excitatory_neuron	11	8	13	8	0.0315	PO42	0.8182	ADGRV1-232	PASS	
ADH5	Excitatory_neuron	13	8	13	8	0.5805	SMC049	0.1538	ADH5-210	FAIL	Jackknife 0.58 ≥ 0.5; Direction 0.15 < 0.6
ADIPOR1	Excitatory_neuron	11	8	13	8	0.0398	PO28	1.0	ADIPOR1-201	PASS	
ADNP	Excitatory_neuron	10	7	13	8	0.9632	PO28	0.2	transcript66788.chr20.nnic	FAIL	Jackknife 0.96 ≥ 0.5; Direction 0.20 < 0.6
ADORA1	Excitatory_neuron	6	5	13	8	0.3613	SMC038	0.6667	ADORA1-202	PASS	
ADPGK	Excitatory_neuron	9	6	13	8	2.6566	SMC049	0.6667	ADPGK-204	FAIL	Jackknife 2.66 ≥ 0.5
AEBP2	Excitatory_neuron	12	7	13	8	0.0		1.0	AEBP2-202	PASS	
AFAP1	Excitatory_neuron	6	5	13	8	0.3138	SMC038	1.0	AFAP1-203	PASS	
AFAP1L2	Excitatory_neuron	11	7	13	8	0.2505	SMC049	0.4545	AFAP1L2-201	FAIL	Direction 0.45 < 0.6
AFG3L2	Excitatory_neuron	11	6	13	8	0.6078	SMC049	0.4545	AFG3L2-201	FAIL	Jackknife 0.61 ≥ 0.5; Direction 0.45 < 0.6
AGAP3	Excitatory_neuron	13	8	13	8	1.0	SMC038	0.0769	transcript231322.chr7.nnic	FAIL	Jackknife 1.00 ≥ 0.5; Direction 0.08 < 0.6
AGAP6	Excitatory_neuron	11	7	13	8	1.0074	SMC038	0.7273	AGAP6-205	FAIL	Jackknife 1.01 ≥ 0.5
AGBL4	Excitatory_neuron	9	7	13	8	1.8699	SMC038	0.7778	AGBL4-203	FAIL	Jackknife 1.87 ≥ 0.5
AGBL5	Excitatory_neuron	9	6	13	8	0.0488	PO05	0.8889	AGBL5-209	PASS	
AGO2	Excitatory_neuron	11	8	13	8	0.4622	PO28	0.1818	AGO2-209	FAIL	Direction 0.18 < 0.6
AGPS	Excitatory_neuron	8	6	13	8	2.2157	SMC036	0.5	AGPS-201	FAIL	Jackknife 2.22 ≥ 0.5; Direction 0.50 < 0.6
AGTPBP1	Excitatory_neuron	11	8	13	8	0.9914	SMC049	0.1818	AGTPBP1-205	FAIL	Jackknife 0.99 ≥ 0.5; Direction 0.18 < 0.6
AHCTF1	Excitatory_neuron	12	7	13	8	0.7533	SMC049	0.6667	AHCTF1-205	FAIL	Jackknife 0.75 ≥ 0.5
AHCYL1	Excitatory_neuron	12	8	13	8	0.4851	SMC041	0.6667	AHCYL1-202	PASS	
AHI1	Excitatory_neuron	13	8	13	8	0.2355	PO05	0.4615	AHI1-204	FAIL	Direction 0.46 < 0.6
AIFM1	Excitatory_neuron	8	7	13	8	0.3339	SMC049	0.625	AIFM1-201	PASS	
AIG1	Excitatory_neuron	9	8	13	8	0.1157	PO41	0.8889	AIG1-210	PASS	
AIMP1	Excitatory_neuron	9	8	13	8	0.5107	PO11	0.3333	AIMP1-214	FAIL	Jackknife 0.51 ≥ 0.5; Direction 0.33 < 0.6
AK2	Excitatory_neuron	12	8	13	8	1.7406	PO28	0.1667	AK2-214	FAIL	Jackknife 1.74 ≥ 0.5; Direction 0.17 < 0.6
AK9	Excitatory_neuron	8	6	13	8	0.5385	PO42	0.5	AK9-204	FAIL	Jackknife 0.54 ≥ 0.5; Direction 0.50 < 0.6
AKAP1	Excitatory_neuron	7	5	13	8	1.6075	SMC049	0.7143	AKAP1-202	FAIL	Jackknife 1.61 ≥ 0.5
AKAP13	Excitatory_neuron	7	6	13	8	0.7106	PO42	0.5714	AKAP13-203	FAIL	Jackknife 0.71 ≥ 0.5; Direction 0.57 < 0.6
AKAP17A	Excitatory_neuron	11	7	13	8	0.7246	SMC038	0.1818	AKAP17A-201	FAIL	Jackknife 0.72 ≥ 0.5; Direction 0.18 < 0.6
AKAP5	Excitatory_neuron	13	8	13	8	1.4229	SMC049	0.5385	AKAP5-201	FAIL	Jackknife 1.42 ≥ 0.5; Direction 0.54 < 0.6
AKAP6	Excitatory_neuron	13	8	13	8	1.0037	SMC049	0.4615	AKAP6-201	FAIL	Jackknife 1.00 ≥ 0.5; Direction 0.46 < 0.6
AKAP7	Excitatory_neuron	10	6	13	8	1.5381	SMC049	0.3	transcript183870.chr6.nic	FAIL	Jackknife 1.54 ≥ 0.5; Direction 0.30 < 0.6
AKAP8L	Excitatory_neuron	11	8	13	8	0.84	SMC049	0.2727	AKAP8L-201	FAIL	Jackknife 0.84 ≥ 0.5; Direction 0.27 < 0.6
AKAP9	Excitatory_neuron	13	8	13	8	0.2946	SMC029	0.0	AKAP9-217	FAIL	Direction 0.00 < 0.6
AKR1B1	Excitatory_neuron	12	8	13	8	0.1309	SMC049	0.5833	AKR1B1-201	FAIL	Direction 0.58 < 0.6
AKTIP	Excitatory_neuron	12	8	13	8	0.5874	SMC049	0.6667	AKTIP-202	FAIL	Jackknife 0.59 ≥ 0.5
ALAS1	Excitatory_neuron	9	8	13	8	1.0612	SMC038	0.1111	ALAS1-202	FAIL	Jackknife 1.06 ≥ 0.5; Direction 0.11 < 0.6
ALCAM	Excitatory_neuron	12	8	13	8	0.7078	SMC049	0.1667	ALCAM-201	FAIL	Jackknife 0.71 ≥ 0.5; Direction 0.17 < 0.6
ALDH18A1	Excitatory_neuron	7	6	13	8	0.6328	PO11	0.4286	ALDH18A1-202	FAIL	Jackknife 0.63 ≥ 0.5; Direction 0.43 < 0.6
ALDH3A2	Excitatory_neuron	10	8	13	8	0.3772	SMC049	0.6	ALDH3A2-210	PASS	
ALDOA	Excitatory_neuron	13	8	13	8	0.412	SMC049	0.3846	ALDOA-219	FAIL	Direction 0.38 < 0.6
ALDOC	Excitatory_neuron	13	7	13	8	1.8883	SMC049	0.1538	ALDOC-201	FAIL	Jackknife 1.89 ≥ 0.5; Direction 0.15 < 0.6
ALG1	Excitatory_neuron	10	7	13	8	0.2429	SMC049	0.6	ALG1-201	PASS	
ALG11	Excitatory_neuron	11	8	13	8	0.0855	PO11	0.8182	ALG11-216	PASS	
ALG9	Excitatory_neuron	8	6	13	8	0.106	SMC049	0.75	transcript166719.chr11.nnic	PASS	
ALMS1	Excitatory_neuron	13	8	13	8	0.1081	PO41	0.7692	ALMS1-222	PASS	
ALOX12-AS1	Excitatory_neuron	12	7	13	8	0.9658	SMC038	0.1667	transcript16065.chr17.nnic	FAIL	Jackknife 0.97 ≥ 0.5; Direction 0.17 < 0.6
ALS2	Excitatory_neuron	12	8	13	8	0.385	PO28	0.8333	ALS2-206	PASS	
AMD1	Excitatory_neuron	9	7	13	8	0.1725	PO11	0.8889	AMD1-209	PASS	
AMDHD2	Excitatory_neuron	10	8	13	8	0.5853	SMC038	0.3	AMDHD2-202	FAIL	Jackknife 0.59 ≥ 0.5; Direction 0.30 < 0.6
AMER2	Excitatory_neuron	12	8	13	8	1.0	SMC039	0.0833	transcript10140.chr13.nnic	FAIL	Jackknife 1.00 ≥ 0.5; Direction 0.08 < 0.6
AMIGO1	Excitatory_neuron	6	6	13	8	1.5419	SMC049	0.5	AMIGO1-202	FAIL	Jackknife 1.54 ≥ 0.5; Direction 0.50 < 0.6
AMOT	Excitatory_neuron	10	6	13	8	0.2	SMC049	0.4	transcript130800.chrX.nnic	FAIL	Direction 0.40 < 0.6
AMOTL2	Excitatory_neuron	11	7	13	8	0.0258	PO42	1.0	transcript235126.chr3.nnic	PASS	
AMPD2	Excitatory_neuron	9	7	13	8	0.2471	SMC032	0.6667	AMPD2-236	PASS	
AMT	Excitatory_neuron	9	6	13	8	0.0		1.0	AMT-227	PASS	
AMY2B	Excitatory_neuron	8	6	13	8	0.6194	PO11	0.625	AMY2B-205	FAIL	Jackknife 0.62 ≥ 0.5
AMZ1	Excitatory_neuron	7	4	13	8	0.1875	SMC038	0.7143	AMZ1-207	PASS	
AMZ2	Excitatory_neuron	10	8	13	8	0.0639	SMC049	0.9	AMZ2-206	PASS	
AMZ2P1	Excitatory_neuron	9	6	13	8	0.6575	SMC049	0.4444	AMZ2P1-205	FAIL	Jackknife 0.66 ≥ 0.5; Direction 0.44 < 0.6
ANAPC5	Excitatory_neuron	12	8	13	8	0.7664	SMC049	0.5	ANAPC5-201	FAIL	Jackknife 0.77 ≥ 0.5; Direction 0.50 < 0.6
ANGEL1	Excitatory_neuron	8	7	13	8	1.23	SMC038	0.25	transcript86084.chr14.nic	FAIL	Jackknife 1.23 ≥ 0.5; Direction 0.25 < 0.6
ANGPTL4	Excitatory_neuron	8	4	13	8	0.0339	PO41	0.875	ANGPTL4-201	PASS	
ANK2	Excitatory_neuron	12	8	13	8	0.3611	SMC032	0.75	ANK2-296	PASS	
ANK3	Excitatory_neuron	13	8	13	8	0.2142	PO28	0.5385	ANK3-209	FAIL	Direction 0.54 < 0.6
ANKFY1	Excitatory_neuron	9	7	13	8	0.0669	PO42	0.8889	ANKFY1-201	PASS	
ANKH	Excitatory_neuron	12	8	13	8	0.2414	PO28	0.75	ANKH-209	PASS	
ANKHD1	Excitatory_neuron	9	7	13	8	0.2447	PO05	0.5556	ANKHD1-207	FAIL	Direction 0.56 < 0.6
ANKLE2	Excitatory_neuron	11	7	13	8	0.7351	SMC038	0.3636	ANKLE2-207	FAIL	Jackknife 0.74 ≥ 0.5; Direction 0.36 < 0.6
ANKRD11	Excitatory_neuron	13	8	13	8	0.375	SMC041	0.6154	ANKRD11-229	PASS	
ANKRD12	Excitatory_neuron	13	8	13	8	0.407	SMC049	0.8462	ANKRD12-201	PASS	
ANKRD13A	Excitatory_neuron	7	7	13	8	0.2362	SMC049	0.8571	ANKRD13A-210	PASS	
ANKRD13D	Excitatory_neuron	9	7	13	8	0.4829	SMC049	0.6667	transcript100227.chr11.nnic	PASS	
ANKRD17	Excitatory_neuron	11	7	13	8	0.2957	SMC049	0.7273	ANKRD17-203	PASS	
ANKRD18B	Excitatory_neuron	13	7	13	8	0.1751	PO42	0.9231	ANKRD18B-201	PASS	
ANKRD26	Excitatory_neuron	13	8	13	8	0.5396	PO05	0.6923	ANKRD26-201	FAIL	Jackknife 0.54 ≥ 0.5
ANKRD33B	Excitatory_neuron	9	6	13	8	0.1913	SMC049	0.7778	transcript16944.chr5.nic	PASS	
ANKRD34C-AS1	Excitatory_neuron	12	8	13	8	0.3593	SMC049	0.5833	ANKRD34C-AS1-214	FAIL	Direction 0.58 < 0.6
ANKRD36C	Excitatory_neuron	13	8	13	8	0.834	PO41	0.6923	ANKRD36C-201	FAIL	Jackknife 0.83 ≥ 0.5
ANKRD42	Excitatory_neuron	11	7	13	8	0.5196	SMC038	0.7273	ANKRD42-209	FAIL	Jackknife 0.52 ≥ 0.5
ANKRD46	Excitatory_neuron	11	7	13	8	0.1625	SMC038	0.7273	ANKRD46-201	PASS	
ANKRD49	Excitatory_neuron	9	6	13	8	0.2259	PO41	0.6667	ANKRD49-208	PASS	
ANKRD50	Excitatory_neuron	8	7	13	8	0.4367	PO11	0.5	ANKRD50-202	FAIL	Direction 0.50 < 0.6
ANKRD6	Excitatory_neuron	9	4	13	8	0.3214	SMC049	0.4444	ANKRD6-211	FAIL	Direction 0.44 < 0.6
ANKS1B	Excitatory_neuron	11	8	13	8	0.3519	SMC049	0.5455	ANKS1B-234	FAIL	Direction 0.55 < 0.6
ANKS3	Excitatory_neuron	12	8	13	8	0.0741	SMC032	0.75	ANKS3-216	PASS	
ANLN	Excitatory_neuron	12	7	13	8	0.1655	SMC049	0.6667	ANLN-201	PASS	
ANO3	Excitatory_neuron	11	8	13	8	0.9541	SMC049	0.6364	ANO3-205	FAIL	Jackknife 0.95 ≥ 0.5
ANO5	Excitatory_neuron	9	6	13	8	0.0947	PO11	0.7778	ANO5-215	PASS	
ANTXR1	Excitatory_neuron	7	6	13	8	0.2595	PO28	0.7143	ANTXR1-210	PASS	
AOPEP	Excitatory_neuron	11	7	13	8	0.695	PO05	0.5455	transcript164612.chr9.nnic	FAIL	Jackknife 0.69 ≥ 0.5; Direction 0.55 < 0.6
AP1G2	Excitatory_neuron	11	7	13	8	0.2615	SMC049	0.6364	AP1G2-204	PASS	
AP1M1	Excitatory_neuron	11	6	13	8	1.9782	SMC049	0.3636	AP1M1-203	FAIL	Jackknife 1.98 ≥ 0.5; Direction 0.36 < 0.6
AP2A2	Excitatory_neuron	10	8	13	8	0.315	SMC049	0.7	transcript3042.chr11.nic	PASS	
AP2B1	Excitatory_neuron	9	7	13	8	1.25	SMC038	0.1111	AP2B1-213	FAIL	Jackknife 1.25 ≥ 0.5; Direction 0.11 < 0.6
AP2M1	Excitatory_neuron	13	8	13	8	3.0956	SMC049	0.3846	AP2M1-202	FAIL	Jackknife 3.10 ≥ 0.5; Direction 0.38 < 0.6
AP3B2	Excitatory_neuron	10	8	13	8	0.4794	PO28	0.5	AP3B2-204	FAIL	Direction 0.50 < 0.6
AP3D1	Excitatory_neuron	10	8	13	8	0.0278	SMC049	0.9	AP3D1-213	PASS	
AP3M1	Excitatory_neuron	12	7	13	8	0.6431	SMC043	0.6667	AP3M1-201	FAIL	Jackknife 0.64 ≥ 0.5
AP4B1	Excitatory_neuron	7	4	13	8	1.4479	SMC049	0.2857	AP4B1-210	FAIL	Jackknife 1.45 ≥ 0.5; Direction 0.29 < 0.6
AP4E1	Excitatory_neuron	9	7	13	8	0.2191	PO05	0.8889	AP4E1-201	PASS	
AP5S1	Excitatory_neuron	9	8	13	8	0.8828	SMC038	0.4444	AP5S1-202	FAIL	Jackknife 0.88 ≥ 0.5; Direction 0.44 < 0.6
AP5Z1	Excitatory_neuron	8	6	13	8	0.3779	SMC039	0.75	AP5Z1-213	PASS	
APBA1	Excitatory_neuron	10	7	13	8	0.2394	SMC049	0.8	APBA1-203	PASS	
APBB1	Excitatory_neuron	13	6	13	8	0.296	PO28	0.5385	APBB1-218	FAIL	Direction 0.54 < 0.6
APBB2	Excitatory_neuron	10	5	13	8	0.0		1.0	APBB2-227	PASS	
APBB3	Excitatory_neuron	8	5	13	8	0.322	SMC049	0.875	APBB3-203	PASS	
APC	Excitatory_neuron	12	7	13	8	0.2297	SMC038	0.5833	APC-201	FAIL	Direction 0.58 < 0.6
APEX1	Excitatory_neuron	12	8	13	8	0.5191	SMC049	0.8333	APEX1-201	FAIL	Jackknife 0.52 ≥ 0.5
API5	Excitatory_neuron	11	7	13	8	0.9618	SMC032	0.2727	API5-208	FAIL	Jackknife 0.96 ≥ 0.5; Direction 0.27 < 0.6
APLP1	Excitatory_neuron	13	8	13	8	1.123	SMC049	0.7692	APLP1-212	FAIL	Jackknife 1.12 ≥ 0.5
APLP2	Excitatory_neuron	11	8	13	8	0.3475	SMC032	0.6364	APLP2-201	PASS	
APOOL	Excitatory_neuron	11	4	13	8	0.0642	SMC049	1.0	APOOL-201	PASS	
APP	Excitatory_neuron	13	8	13	8	0.4266	SMC049	0.5385	APP-204	FAIL	Direction 0.54 < 0.6
APPL1	Excitatory_neuron	8	6	13	8	1.0605	SMC039	0.375	APPL1-205	FAIL	Jackknife 1.06 ≥ 0.5; Direction 0.38 < 0.6
APTX	Excitatory_neuron	6	8	13	8	2.8559	SMC049	0.5	APTX-203	FAIL	Jackknife 2.86 ≥ 0.5; Direction 0.50 < 0.6
ARAP1	Excitatory_neuron	8	7	13	8	0.1169	PO11	0.75	ARAP1-201	PASS	
ARCN1	Excitatory_neuron	10	6	13	8	0.5622	SMC049	0.2	ARCN1-201	FAIL	Jackknife 0.56 ≥ 0.5; Direction 0.20 < 0.6
AREL1	Excitatory_neuron	5	6	13	8	0.4407	SMC049	0.8	AREL1-201	PASS	
ARFGAP1	Excitatory_neuron	11	7	13	8	0.8132	SMC039	0.4545	ARFGAP1-204	FAIL	Jackknife 0.81 ≥ 0.5; Direction 0.45 < 0.6
ARFGEF2	Excitatory_neuron	9	6	13	8	0.3218	SMC049	0.7778	ARFGEF2-201	PASS	
ARFRP1	Excitatory_neuron	9	7	13	8	0.3757	SMC049	0.4444	ARFRP1-214	FAIL	Direction 0.44 < 0.6
ARHGAP12	Excitatory_neuron	11	7	13	8	0.408	SMC038	0.3636	ARHGAP12-205	FAIL	Direction 0.36 < 0.6
ARHGAP20	Excitatory_neuron	12	6	13	8	0.5343	SMC032	0.4167	ARHGAP20-202	FAIL	Jackknife 0.53 ≥ 0.5; Direction 0.42 < 0.6
ARHGAP21	Excitatory_neuron	12	8	13	8	0.2396	PO41	0.5833	ARHGAP21-217	FAIL	Direction 0.58 < 0.6
ARHGAP29	Excitatory_neuron	10	7	13	8	0.1963	PO11	0.6	ARHGAP29-201	PASS	
ARHGAP35	Excitatory_neuron	12	8	13	8	0.0077	PO05	1.0	ARHGAP35-206	PASS	
ARHGAP5	Excitatory_neuron	13	8	13	8	0.8679	SMC038	0.4615	ARHGAP5-209	FAIL	Jackknife 0.87 ≥ 0.5; Direction 0.46 < 0.6
ARHGEF11	Excitatory_neuron	10	6	13	8	0.7314	PO28	0.3	transcript244871.chr1.nnic	FAIL	Jackknife 0.73 ≥ 0.5; Direction 0.30 < 0.6
ARHGEF12	Excitatory_neuron	9	7	13	8	0.4755	SMC038	0.2222	transcript185267.chr11.nnic	FAIL	Direction 0.22 < 0.6
ARHGEF3	Excitatory_neuron	11	8	13	8	1.0015	SMC032	0.1818	ARHGEF3-203	FAIL	Jackknife 1.00 ≥ 0.5; Direction 0.18 < 0.6
ARHGEF4	Excitatory_neuron	13	8	13	8	0.3847	SMC049	0.1538	ARHGEF4-203	FAIL	Direction 0.15 < 0.6
ARHGEF7	Excitatory_neuron	9	8	13	8	1.168	SMC049	0.6667	ARHGEF7-211	FAIL	Jackknife 1.17 ≥ 0.5
ARHGEF9	Excitatory_neuron	12	8	13	8	0.1055	SMC049	0.9167	ARHGEF9-242	PASS	
ARID1B	Excitatory_neuron	13	8	13	8	0.5344	PO28	0.3846	ARID1B-214	FAIL	Jackknife 0.53 ≥ 0.5; Direction 0.38 < 0.6
ARID4A	Excitatory_neuron	13	8	13	8	0.2901	PO11	0.5385	ARID4A-204	FAIL	Direction 0.54 < 0.6
ARID4B	Excitatory_neuron	12	8	13	8	0.532	PO41	0.6667	ARID4B-201	FAIL	Jackknife 0.53 ≥ 0.5
ARIH2	Excitatory_neuron	12	6	13	8	0.3052	SMC039	0.5833	ARIH2-201	FAIL	Direction 0.58 < 0.6
ARL15	Excitatory_neuron	8	6	13	8	0.0558	SMC032	0.875	transcript73814.chr5.nnic	PASS	
ARL16	Excitatory_neuron	10	6	13	8	0.1948	SMC049	0.6	ARL16-212	PASS	
ARL17B	Excitatory_neuron	10	8	13	8	0.2842	SMC049	0.7	ARL17B-203	PASS	
ARL2	Excitatory_neuron	11	7	13	8	1.1627	SMC036	0.2727	ARL2-202	FAIL	Jackknife 1.16 ≥ 0.5; Direction 0.27 < 0.6
ARL3	Excitatory_neuron	11	6	13	8	0.3774	SMC049	0.4545	ARL3-201	FAIL	Direction 0.45 < 0.6
ARL4A	Excitatory_neuron	10	8	13	8	0.0992	SMC032	0.9	ARL4A-207	PASS	
ARL4C	Excitatory_neuron	12	8	13	8	1.0183	SMC032	0.25	ARL4C-201	FAIL	Jackknife 1.02 ≥ 0.5; Direction 0.25 < 0.6
ARL6	Excitatory_neuron	6	7	13	8	0.4497	SMC032	0.5	transcript156363.chr3.nic	FAIL	Direction 0.50 < 0.6
ARL8B	Excitatory_neuron	12	8	13	8	1.1229	SMC049	0.0833	ARL8B-201	FAIL	Jackknife 1.12 ≥ 0.5; Direction 0.08 < 0.6
ARMC8	Excitatory_neuron	11	7	13	8	0.8082	SMC049	0.2727	ARMC8-213	FAIL	Jackknife 0.81 ≥ 0.5; Direction 0.27 < 0.6
ARMC9	Excitatory_neuron	10	7	13	8	0.0974	SMC049	1.0	ARMC9-242	PASS	
ARMCX3	Excitatory_neuron	10	8	13	8	0.5166	SMC049	0.3	ARMCX3-203	FAIL	Jackknife 0.52 ≥ 0.5; Direction 0.30 < 0.6
ARMCX4	Excitatory_neuron	12	8	13	8	0.7475	SMC038	0.5833	ARMCX4-201	FAIL	Jackknife 0.75 ≥ 0.5; Direction 0.58 < 0.6
ARMCX5	Excitatory_neuron	12	7	13	8	0.9764	SMC049	0.5	ARMCX5-206	FAIL	Jackknife 0.98 ≥ 0.5; Direction 0.50 < 0.6
ARMCX5-GPRASP2	Excitatory_neuron	7	8	13	8	1.5061	SMC049	0.5714	ARMCX5-GPRASP2-211	FAIL	Jackknife 1.51 ≥ 0.5; Direction 0.57 < 0.6
ARMT1	Excitatory_neuron	11	7	13	8	1.0537	SMC039	0.0909	ARMT1-204	FAIL	Jackknife 1.05 ≥ 0.5; Direction 0.09 < 0.6
ARNT	Excitatory_neuron	7	6	13	8	0.6394	SMC049	0.5714	ARNT-202	FAIL	Jackknife 0.64 ≥ 0.5; Direction 0.57 < 0.6
ARNT2	Excitatory_neuron	11	6	13	8	0.3733	SMC049	0.3636	ARNT2-207	FAIL	Direction 0.36 < 0.6
ARPC5L	Excitatory_neuron	12	8	13	8	0.4037	SMC049	0.5833	ARPC5L-202	FAIL	Direction 0.58 < 0.6
ARPP21	Excitatory_neuron	13	8	13	8	0.1335	PO11	0.8462	ARPP21-236	PASS	
ASAH1	Excitatory_neuron	12	8	13	8	1.0019	SMC049	0.3333	ASAH1-244	FAIL	Jackknife 1.00 ≥ 0.5; Direction 0.33 < 0.6
ASB13	Excitatory_neuron	8	7	13	8	0.9188	SMC049	0.25	ASB13-202	FAIL	Jackknife 0.92 ≥ 0.5; Direction 0.25 < 0.6
ASB3	Excitatory_neuron	13	8	13	8	0.7263	SMC038	0.3846	ASB3-202	FAIL	Jackknife 0.73 ≥ 0.5; Direction 0.38 < 0.6
ASB7	Excitatory_neuron	10	7	13	8	0.1407	SMC038	0.6	ASB7-201	PASS	
ASB8	Excitatory_neuron	12	7	13	8	0.0768	SMC049	0.8333	ASB8-205	PASS	
ASCC3	Excitatory_neuron	12	7	13	8	0.2261	PO11	0.75	ASCC3-203	PASS	
ASH1L	Excitatory_neuron	12	8	13	8	0.0802	PO41	0.8333	ASH1L-215	PASS	
ASH2L	Excitatory_neuron	9	6	13	8	0.1514	SMC049	0.7778	ASH2L-202	PASS	
ASPH	Excitatory_neuron	12	7	13	8	0.15	SMC049	0.8333	ASPH-214	PASS	
ASPHD1	Excitatory_neuron	9	7	13	8	0.9046	SMC041	0.8889	transcript76204.chr16.nic	FAIL	Jackknife 0.90 ≥ 0.5
ASPSCR1	Excitatory_neuron	12	7	13	8	0.5745	SMC039	0.5	transcript141354.chr17.nic	FAIL	Jackknife 0.57 ≥ 0.5; Direction 0.50 < 0.6
ASTN1	Excitatory_neuron	11	8	13	8	0.055	PO11	1.0	transcript274052.chr1.nic	PASS	
ASTN2	Excitatory_neuron	7	8	13	8	0.1983	PO05	0.8571	ASTN2-202	PASS	
ASXL3	Excitatory_neuron	9	5	13	8	0.6748	PO28	0.4444	ASXL3-214	FAIL	Jackknife 0.67 ≥ 0.5; Direction 0.44 < 0.6
ATAD1	Excitatory_neuron	11	8	13	8	0.8014	SMC049	0.4545	ATAD1-201	FAIL	Jackknife 0.80 ≥ 0.5; Direction 0.45 < 0.6
ATAD2	Excitatory_neuron	8	8	13	8	0.0		1.0	ATAD2-204	PASS	
ATAD2B	Excitatory_neuron	13	8	13	8	0.6735	SMC041	0.2308	ATAD2B-201	FAIL	Jackknife 0.67 ≥ 0.5; Direction 0.23 < 0.6
ATCAY	Excitatory_neuron	12	8	13	8	0.8122	SMC041	0.0833	ATCAY-205	FAIL	Jackknife 0.81 ≥ 0.5; Direction 0.08 < 0.6
ATE1	Excitatory_neuron	8	5	13	8	0.4501	SMC049	0.5	ATE1-206	FAIL	Direction 0.50 < 0.6
ATF1	Excitatory_neuron	10	6	13	8	0.0		1.0	transcript69625.chr12.nnic	PASS	
ATF4	Excitatory_neuron	12	7	13	8	0.1605	SMC039	0.5	ATF4-203	FAIL	Direction 0.50 < 0.6
ATF7	Excitatory_neuron	7	6	13	8	1.5242	PO41	0.1429	ATF7-201	FAIL	Jackknife 1.52 ≥ 0.5; Direction 0.14 < 0.6
ATF7IP	Excitatory_neuron	11	6	13	8	0.2196	PO11	0.7273	ATF7IP-221	PASS	
ATG13	Excitatory_neuron	9	6	13	8	0.448	PO42	0.6667	ATG13-231	PASS	
ATG14	Excitatory_neuron	8	6	13	8	0.8103	SMC049	0.75	ATG14-201	FAIL	Jackknife 0.81 ≥ 0.5
ATG16L1	Excitatory_neuron	10	7	13	8	0.0506	SMC049	1.0	transcript399236.chr2.nnic	PASS	
ATG16L2	Excitatory_neuron	9	6	13	8	0.2091	SMC049	1.0	ATG16L2-203	PASS	
ATG4B	Excitatory_neuron	11	8	13	8	0.5999	SMC049	0.8182	ATG4B-220	FAIL	Jackknife 0.60 ≥ 0.5
ATG4C	Excitatory_neuron	10	6	13	8	0.1839	PO11	0.4	ATG4C-203	FAIL	Direction 0.40 < 0.6
ATG5	Excitatory_neuron	12	7	13	8	0.2588	SMC039	0.6667	ATG5-204	PASS	
ATG9A	Excitatory_neuron	9	6	13	8	0.189	SMC049	0.7778	ATG9A-205	PASS	
ATL1	Excitatory_neuron	11	7	13	8	0.1206	SMC049	0.8182	ATL1-223	PASS	
ATL2	Excitatory_neuron	10	8	13	8	0.9052	SMC049	0.6	ATL2-204	FAIL	Jackknife 0.91 ≥ 0.5
ATM	Excitatory_neuron	10	7	13	8	0.6228	PO28	0.4	ATM-253	FAIL	Jackknife 0.62 ≥ 0.5; Direction 0.40 < 0.6
ATMIN	Excitatory_neuron	8	5	13	8	0.3622	PO11	0.5	ATMIN-201	FAIL	Direction 0.50 < 0.6
ATOSA	Excitatory_neuron	11	7	13	8	0.2873	PO41	0.6364	ATOSA-204	PASS	
ATP13A3	Excitatory_neuron	11	8	13	8	0.0362	PO11	0.9091	ATP13A3-215	PASS	
ATP1A1	Excitatory_neuron	11	7	13	8	0.7823	SMC032	0.3636	ATP1A1-201	FAIL	Jackknife 0.78 ≥ 0.5; Direction 0.36 < 0.6
ATP1A2	Excitatory_neuron	10	8	13	8	0.0517	PO11	1.0	ATP1A2-201	PASS	
ATP1A3	Excitatory_neuron	9	8	13	8	0.7524	SMC038	0.3333	ATP1A3-207	FAIL	Jackknife 0.75 ≥ 0.5; Direction 0.33 < 0.6
ATP1B1	Excitatory_neuron	12	8	13	8	0.7683	SMC038	0.5833	ATP1B1-214	FAIL	Jackknife 0.77 ≥ 0.5; Direction 0.58 < 0.6
ATP1B3	Excitatory_neuron	10	6	13	8	0.9121	SMC038	0.2	ATP1B3-204	FAIL	Jackknife 0.91 ≥ 0.5; Direction 0.20 < 0.6
ATP23	Excitatory_neuron	8	7	13	8	0.0		1.0	transcript82912.chr12.nnic	PASS	
ATP2A2	Excitatory_neuron	12	8	13	8	0.3377	SMC049	0.5833	ATP2A2-203	FAIL	Direction 0.58 < 0.6
ATP2B1	Excitatory_neuron	13	8	13	8	0.1646	PO28	0.8462	ATP2B1-211	PASS	
ATP2B2	Excitatory_neuron	12	8	13	8	0.0657	SMC049	1.0	transcript18595.chr3.nic	PASS	
ATP2B3	Excitatory_neuron	9	7	13	8	0.0753	SMC032	0.8889	ATP2B3-208	PASS	
ATP2B4	Excitatory_neuron	8	6	13	8	0.4525	PO28	0.375	ATP2B4-201	FAIL	Direction 0.38 < 0.6
ATP2C1	Excitatory_neuron	11	7	13	8	0.988	SMC049	0.0909	ATP2C1-221	FAIL	Jackknife 0.99 ≥ 0.5; Direction 0.09 < 0.6
ATP5F1C	Excitatory_neuron	12	6	13	8	0.3182	SMC049	0.5833	ATP5F1C-202	FAIL	Direction 0.58 < 0.6
ATP5F1D	Excitatory_neuron	9	6	13	8	0.7569	SMC049	0.4444	ATP5F1D-201	FAIL	Jackknife 0.76 ≥ 0.5; Direction 0.44 < 0.6
ATP5IF1	Excitatory_neuron	13	8	13	8	0.3728	SMC049	0.7692	ATP5IF1-202	PASS	
ATP5MC3	Excitatory_neuron	9	7	13	8	0.1408	SMC038	0.8889	ATP5MC3-205	PASS	
ATP5MG	Excitatory_neuron	11	8	13	8	0.2885	SMC049	0.4545	ATP5MG-201	FAIL	Direction 0.45 < 0.6
ATP5PD	Excitatory_neuron	10	6	13	8	0.3841	SMC039	0.6	ATP5PD-204	PASS	
ATP5PF	Excitatory_neuron	6	4	13	8	0.4095	SMC032	0.6667	ATP5PF-204	PASS	
ATP6AP1	Excitatory_neuron	12	8	13	8	0.7328	SMC049	0.5	ATP6AP1-201	FAIL	Jackknife 0.73 ≥ 0.5; Direction 0.50 < 0.6
ATP6V0A1	Excitatory_neuron	12	8	13	8	0.0588	SMC032	0.9167	ATP6V0A1-201	PASS	
ATP6V0A2	Excitatory_neuron	10	6	13	8	0.3906	SMC039	0.7	ATP6V0A2-201	PASS	
ATP6V0B	Excitatory_neuron	11	7	13	8	1.088	SMC049	0.7273	ATP6V0B-205	FAIL	Jackknife 1.09 ≥ 0.5
ATP6V0D1	Excitatory_neuron	13	7	13	8	0.2169	SMC049	0.0	ATP6V0D1-201	FAIL	Direction 0.00 < 0.6
ATP6V1A	Excitatory_neuron	10	6	13	8	0.1445	SMC038	1.0	ATP6V1A-201	PASS	
ATP6V1B2	Excitatory_neuron	13	8	13	8	2.0477	SMC049	0.1538	ATP6V1B2-206	FAIL	Jackknife 2.05 ≥ 0.5; Direction 0.15 < 0.6
ATP6V1C1	Excitatory_neuron	11	8	13	8	0.0841	SMC038	0.8182	ATP6V1C1-202	PASS	
ATP6V1G1	Excitatory_neuron	10	8	13	8	0.8974	SMC049	0.3	ATP6V1G1-203	FAIL	Jackknife 0.90 ≥ 0.5; Direction 0.30 < 0.6
ATP6V1G2	Excitatory_neuron	12	8	13	8	0.1732	SMC049	0.75	ATP6V1G2-205	PASS	
ATP6V1H	Excitatory_neuron	12	8	13	8	0.3757	SMC049	0.75	ATP6V1H-201	PASS	
ATP8A1	Excitatory_neuron	12	7	13	8	0.5957	SMC049	0.9167	ATP8A1-202	FAIL	Jackknife 0.60 ≥ 0.5
ATP8A2	Excitatory_neuron	10	8	13	8	0.4486	SMC038	0.7	ATP8A2-212	PASS	
ATP9B	Excitatory_neuron	12	8	13	8	0.1589	PO11	0.8333	ATP9B-202	PASS	
ATR	Excitatory_neuron	11	8	13	8	0.2025	PO42	0.8182	ATR-201	PASS	
ATRN	Excitatory_neuron	9	7	13	8	0.0		1.0	ATRN-201	PASS	
ATRX	Excitatory_neuron	13	8	13	8	0.2885	SMC041	0.6154	ATRX-202	PASS	
ATXN2	Excitatory_neuron	12	8	13	8	0.1738	SMC032	0.5833	ATXN2-241	FAIL	Direction 0.58 < 0.6
ATXN3	Excitatory_neuron	11	8	13	8	0.4567	SMC041	0.7273	ATXN3-251	PASS	
ATXN7	Excitatory_neuron	11	8	13	8	0.7956	PO28	0.4545	ATXN7-214	FAIL	Jackknife 0.80 ≥ 0.5; Direction 0.45 < 0.6
ATXN7L1	Excitatory_neuron	8	8	13	8	0.1152	SMC038	0.875	ATXN7L1-209	PASS	
ATXN7L2	Excitatory_neuron	9	8	13	8	0.1316	PO11	0.6667	ATXN7L2-207	PASS	
AUP1	Excitatory_neuron	13	7	13	8	0.1166	SMC049	0.6154	AUP1-204	PASS	
AVL9	Excitatory_neuron	9	7	13	8	0.0		1.0	transcript44147.chr7.nnic	PASS	
AXIN2	Excitatory_neuron	11	6	13	8	0.6801	PO28	0.4545	AXIN2-202	FAIL	Jackknife 0.68 ≥ 0.5; Direction 0.45 < 0.6
AZIN1	Excitatory_neuron	10	8	13	8	0.2541	SMC032	0.4	AZIN1-202	FAIL	Direction 0.40 < 0.6
B2M	Excitatory_neuron	10	7	13	8	0.0682	PO11	0.9	B2M-211	PASS	
B3GALNT1	Excitatory_neuron	10	7	13	8	0.2844	SMC032	0.9	B3GALNT1-201	PASS	
B3GALT1	Excitatory_neuron	6	7	13	8	0.4589	SMC049	0.5	B3GALT1-201	FAIL	Direction 0.50 < 0.6
B3GLCT	Excitatory_neuron	9	6	13	8	0.2739	PO05	0.7778	B3GLCT-201	PASS	
B3GNTL1	Excitatory_neuron	8	6	13	8	1.0	SMC038	0.125	transcript144432.chr17.nnic	FAIL	Jackknife 1.00 ≥ 0.5; Direction 0.12 < 0.6
B4GALNT1	Excitatory_neuron	10	8	13	8	1.4949	SMC038	0.8	B4GALNT1-201	FAIL	Jackknife 1.49 ≥ 0.5
B4GALNT3	Excitatory_neuron	8	4	13	8	0.9052	SMC041	0.375	B4GALNT3-203	FAIL	Jackknife 0.91 ≥ 0.5; Direction 0.38 < 0.6
B4GALT3	Excitatory_neuron	9	7	13	8	0.2577	SMC049	0.8889	B4GALT3-207	PASS	
B4GALT4	Excitatory_neuron	8	5	13	8	0.0		1.0	transcript196875.chr3.nic	PASS	
B4GALT6	Excitatory_neuron	8	8	13	8	0.0		1.0	transcript33898.chr18.nic	PASS	
B9D1	Excitatory_neuron	7	5	13	8	0.0568	SMC049	1.0	transcript33321.chr17.nnic	PASS	
BAALC	Excitatory_neuron	12	7	13	8	0.3683	SMC049	0.5833	BAALC-205	FAIL	Direction 0.58 < 0.6
BAG1	Excitatory_neuron	7	5	13	8	0.0		1.0	BAG1-202	PASS	
BAIAP2	Excitatory_neuron	13	8	13	8	0.5756	SMC038	0.4615	BAIAP2-220	FAIL	Jackknife 0.58 ≥ 0.5; Direction 0.46 < 0.6
BAIAP3	Excitatory_neuron	7	6	13	8	0.941	PO41	0.2857	BAIAP3-204	FAIL	Jackknife 0.94 ≥ 0.5; Direction 0.29 < 0.6
BANP	Excitatory_neuron	10	8	13	8	1.1314	SMC049	0.5	BANP-229	FAIL	Jackknife 1.13 ≥ 0.5; Direction 0.50 < 0.6
BASP1-AS1	Excitatory_neuron	7	5	13	8	0.0		1.0	transcript25759.chr5.nnic	PASS	
BAZ2A	Excitatory_neuron	8	5	13	8	0.8394	PO28	0.75	BAZ2A-214	FAIL	Jackknife 0.84 ≥ 0.5
BAZ2B	Excitatory_neuron	13	8	13	8	0.3476	SMC049	0.6923	BAZ2B-202	PASS	
BBIP1	Excitatory_neuron	12	8	13	8	0.7909	SMC049	0.5	BBIP1-207	FAIL	Jackknife 0.79 ≥ 0.5; Direction 0.50 < 0.6
BBS1	Excitatory_neuron	10	8	13	8	0.2211	SMC049	0.8	BBS1-201	PASS	
BBS2	Excitatory_neuron	12	7	13	8	0.3879	SMC049	0.8333	BBS2-278	PASS	
BBS7	Excitatory_neuron	11	7	13	8	0.3135	SMC041	0.6364	BBS7-201	PASS	
BCAN	Excitatory_neuron	13	8	13	8	0.9921	SMC041	0.3846	BCAN-201	FAIL	Jackknife 0.99 ≥ 0.5; Direction 0.38 < 0.6
BCAR1	Excitatory_neuron	11	7	13	8	1.6799	SMC041	0.3636	BCAR1-212	FAIL	Jackknife 1.68 ≥ 0.5; Direction 0.36 < 0.6
BCAR3	Excitatory_neuron	10	5	13	8	0.5825	SMC039	0.6	BCAR3-201	FAIL	Jackknife 0.58 ≥ 0.5
BCAS3	Excitatory_neuron	11	7	13	8	0.0977	PO05	0.9091	BCAS3-202	PASS	
BCL11A	Excitatory_neuron	13	8	13	8	0.1314	SMC049	0.8462	BCL11A-219	PASS	
BCL2	Excitatory_neuron	11	8	13	8	0.3405	SMC049	0.8182	BCL2-202	PASS	
BCLAF1	Excitatory_neuron	13	8	13	8	0.2325	PO11	0.5385	BCLAF1-214	FAIL	Direction 0.54 < 0.6
BDH1	Excitatory_neuron	9	7	13	8	0.9708	SMC049	0.2222	BDH1-202	FAIL	Jackknife 0.97 ≥ 0.5; Direction 0.22 < 0.6
BDP1	Excitatory_neuron	13	8	13	8	0.0292	PO41	0.9231	BDP1-201	PASS	
BEND6	Excitatory_neuron	7	7	13	8	0.3604	SMC049	0.8571	BEND6-202	PASS	
BET1L	Excitatory_neuron	8	7	13	8	0.2769	SMC049	0.625	BET1L-203	PASS	
BEX4	Excitatory_neuron	12	8	13	8	0.4571	SMC038	0.6667	BEX4-202	PASS	
BICC1	Excitatory_neuron	8	5	13	8	0.1765	SMC038	0.75	BICC1-202	PASS	
BICD1	Excitatory_neuron	10	8	13	8	0.7438	PO41	0.4	BICD1-201	FAIL	Jackknife 0.74 ≥ 0.5; Direction 0.40 < 0.6
BID	Excitatory_neuron	8	5	13	8	0.9283	SMC049	0.75	BID-211	FAIL	Jackknife 0.93 ≥ 0.5
BIN1	Excitatory_neuron	13	8	13	8	0.4225	SMC049	0.6923	BIN1-202	PASS	
BIN3	Excitatory_neuron	11	8	13	8	0.2364	SMC041	0.5455	BIN3-201	FAIL	Direction 0.55 < 0.6
BIRC2	Excitatory_neuron	8	7	13	8	0.6736	PO41	0.25	transcript157937.chr11.nnic	FAIL	Jackknife 0.67 ≥ 0.5; Direction 0.25 < 0.6
BIRC6	Excitatory_neuron	10	8	13	8	0.0162	SMC049	0.9	transcript37347.chr2.nnic	PASS	
BLOC1S6	Excitatory_neuron	9	6	13	8	0.9538	SMC032	0.5556	BLOC1S6-201	FAIL	Jackknife 0.95 ≥ 0.5; Direction 0.56 < 0.6
BLTP1	Excitatory_neuron	12	8	13	8	0.3717	PO28	0.75	BLTP1-219	PASS	
BLZF1	Excitatory_neuron	11	8	13	8	0.7023	SMC041	0.4545	BLZF1-203	FAIL	Jackknife 0.70 ≥ 0.5; Direction 0.45 < 0.6
BMAL1	Excitatory_neuron	11	8	13	8	0.2344	SMC038	0.9091	BMAL1-222	PASS	
BMAL2	Excitatory_neuron	9	8	13	8	0.8608	SMC049	0.2222	transcript44712.chr12.nic	FAIL	Jackknife 0.86 ≥ 0.5; Direction 0.22 < 0.6
BMPR2	Excitatory_neuron	12	7	13	8	0.2375	PO11	0.0	BMPR2-202	FAIL	Direction 0.00 < 0.6
BMS1	Excitatory_neuron	13	8	13	8	1.0004	SMC041	0.4615	transcript93519.chr10.nnic	FAIL	Jackknife 1.00 ≥ 0.5; Direction 0.46 < 0.6
BOC	Excitatory_neuron	7	8	13	8	0.0		1.0	transcript171802.chr3.nic	PASS	
BOD1L1	Excitatory_neuron	10	7	13	8	0.7939	PO28	0.5	BOD1L1-201	FAIL	Jackknife 0.79 ≥ 0.5; Direction 0.50 < 0.6
BOK	Excitatory_neuron	8	7	13	8	1.1411	SMC041	0.375	BOK-201	FAIL	Jackknife 1.14 ≥ 0.5; Direction 0.38 < 0.6
BORCS5	Excitatory_neuron	11	7	13	8	0.5324	SMC049	0.5455	BORCS5-202	FAIL	Jackknife 0.53 ≥ 0.5; Direction 0.55 < 0.6
BPTF	Excitatory_neuron	12	7	13	8	0.1296	PO28	1.0	BPTF-215	PASS	
BRAF	Excitatory_neuron	9	8	13	8	0.3274	SMC049	0.7778	BRAF-220	PASS	
BRCC3	Excitatory_neuron	8	7	13	8	0.3953	SMC049	0.75	BRCC3-201	PASS	
BRD2	Excitatory_neuron	10	6	13	8	0.6183	SMC041	0.2	BRD2-219	FAIL	Jackknife 0.62 ≥ 0.5; Direction 0.20 < 0.6
BRD3OS	Excitatory_neuron	11	8	13	8	0.2742	SMC041	0.4545	BRD3OS-205	FAIL	Direction 0.45 < 0.6
BRD8	Excitatory_neuron	8	7	13	8	0.6163	SMC038	0.375	BRD8-201	FAIL	Jackknife 0.62 ≥ 0.5; Direction 0.38 < 0.6
BRD9	Excitatory_neuron	9	7	13	8	0.1569	SMC038	0.5556	BRD9-213	FAIL	Direction 0.56 < 0.6
BRINP2	Excitatory_neuron	9	8	13	8	0.3477	PO28	0.4444	BRINP2-201	FAIL	Direction 0.44 < 0.6
BROX	Excitatory_neuron	10	6	13	8	0.2939	SMC049	0.7	BROX-201	PASS	
BRPF1	Excitatory_neuron	8	4	13	8	0.3488	PO28	0.875	BRPF1-221	PASS	
BRSK2	Excitatory_neuron	8	5	13	8	0.1365	SMC049	0.875	transcript4128.chr11.nic	PASS	
BRWD1	Excitatory_neuron	11	8	13	8	1.3859	SMC049	0.8182	BRWD1-202	FAIL	Jackknife 1.39 ≥ 0.5
BRWD3	Excitatory_neuron	12	7	13	8	0.0		1.0	BRWD3-202	PASS	
BSCL2	Excitatory_neuron	12	7	13	8	0.048	SMC038	0.75	BSCL2-203	PASS	
BSDC1	Excitatory_neuron	11	8	13	8	0.4915	SMC038	0.2727	BSDC1-204	FAIL	Direction 0.27 < 0.6
BTBD7	Excitatory_neuron	9	6	13	8	0.1955	PO41	0.7778	BTBD7-202	PASS	
BTBD8	Excitatory_neuron	13	8	13	8	0.8104	SMC049	0.2308	BTBD8-208	FAIL	Jackknife 0.81 ≥ 0.5; Direction 0.23 < 0.6
BTBD9	Excitatory_neuron	11	7	13	8	0.495	SMC049	0.7273	transcript51920.chr6.nnic	PASS	
BTD	Excitatory_neuron	10	5	13	8	0.2825	SMC038	0.9	BTD-212	PASS	
BTF3L4	Excitatory_neuron	12	7	13	8	0.3384	SMC049	0.9167	BTF3L4-201	PASS	
BTN2A1	Excitatory_neuron	11	6	13	8	0.0962	SMC038	0.9091	BTN2A1-207	PASS	
BUB3	Excitatory_neuron	11	7	13	8	0.6674	SMC049	0.2727	BUB3-203	FAIL	Jackknife 0.67 ≥ 0.5; Direction 0.27 < 0.6
BUD31	Excitatory_neuron	7	4	13	8	0.1584	SMC032	0.8571	transcript143131.chr7.nic	PASS	
BZW2	Excitatory_neuron	12	7	13	8	0.3677	SMC049	0.8333	transcript25261.chr7.nic	PASS	
C10orf88	Excitatory_neuron	9	5	13	8	1.0026	SMC049	0.2222	transcript209727.chr10.nic	FAIL	Jackknife 1.00 ≥ 0.5; Direction 0.22 < 0.6
C10orf95-AS1	Excitatory_neuron	8	7	13	8	0.1545	SMC049	0.75	C10orf95-AS1-207	PASS	
C12orf43	Excitatory_neuron	12	7	13	8	1.0685	SMC049	0.0833	C12orf43-201	FAIL	Jackknife 1.07 ≥ 0.5; Direction 0.08 < 0.6
C15orf40	Excitatory_neuron	10	7	13	8	1.9603	SMC049	0.2	transcript125371.chr15.nic	FAIL	Jackknife 1.96 ≥ 0.5; Direction 0.20 < 0.6
C17orf80	Excitatory_neuron	9	6	13	8	1.398	SMC049	0.3333	C17orf80-205	FAIL	Jackknife 1.40 ≥ 0.5; Direction 0.33 < 0.6
C18orf25	Excitatory_neuron	11	8	13	8	0.3543	SMC049	0.6364	C18orf25-205	PASS	
C19orf12	Excitatory_neuron	11	7	13	8	1.1866	SMC049	0.2727	C19orf12-204	FAIL	Jackknife 1.19 ≥ 0.5; Direction 0.27 < 0.6
C1R	Excitatory_neuron	11	7	13	8	0.4346	SMC049	0.5455	C1R-214	FAIL	Direction 0.55 < 0.6
C1S	Excitatory_neuron	10	6	13	8	0.1073	SMC038	0.9	C1S-201	PASS	
C1orf131	Excitatory_neuron	9	6	13	8	0.0949	SMC049	0.7778	C1orf131-206	PASS	
C1orf52	Excitatory_neuron	11	6	13	8	0.7574	SMC039	0.6364	C1orf52-203	FAIL	Jackknife 0.76 ≥ 0.5
C22orf39	Excitatory_neuron	10	7	13	8	0.4684	SMC049	0.3	C22orf39-202	FAIL	Direction 0.30 < 0.6
C2CD2L	Excitatory_neuron	11	8	13	8	0.1756	SMC036	1.0	C2CD2L-211	PASS	
C2CD3	Excitatory_neuron	9	8	13	8	0.9249	SMC038	0.3333	C2CD3-236	FAIL	Jackknife 0.92 ≥ 0.5; Direction 0.33 < 0.6
C2CD5	Excitatory_neuron	12	8	13	8	0.2165	SMC049	0.9167	C2CD5-218	PASS	
C2orf42	Excitatory_neuron	6	7	13	8	0.0		1.0	transcript89854.chr2.nic	PASS	
C3orf14	Excitatory_neuron	12	8	13	8	0.3405	SMC049	0.4167	C3orf14-202	FAIL	Direction 0.42 < 0.6
C5orf22	Excitatory_neuron	9	6	13	8	0.9293	SMC038	0.6667	C5orf22-201	FAIL	Jackknife 0.93 ≥ 0.5
C6orf89	Excitatory_neuron	12	8	13	8	0.137	SMC039	0.9167	C6orf89-201	PASS	
C7orf50	Excitatory_neuron	13	8	13	8	1.0076	SMC049	0.3077	C7orf50-206	FAIL	Jackknife 1.01 ≥ 0.5; Direction 0.31 < 0.6
C9orf72	Excitatory_neuron	10	7	13	8	0.307	SMC032	0.6	C9orf72-204	PASS	
CAB39	Excitatory_neuron	10	7	13	8	0.1961	PO28	0.8	CAB39-201	PASS	
CAB39L	Excitatory_neuron	9	7	13	8	0.3766	SMC032	0.5556	CAB39L-205	FAIL	Direction 0.56 < 0.6
CABIN1	Excitatory_neuron	12	8	13	8	1.088	SMC049	0.25	transcript14850.chr22.nic	FAIL	Jackknife 1.09 ≥ 0.5; Direction 0.25 < 0.6
CABP1	Excitatory_neuron	9	8	13	8	0.3148	SMC038	0.4444	CABP1-205	FAIL	Direction 0.44 < 0.6
CACNA1A	Excitatory_neuron	12	8	13	8	0.0904	SMC039	0.75	CACNA1A-236	PASS	
CACNA1C	Excitatory_neuron	7	5	13	8	0.1133	PO05	1.0	CACNA1C-233	PASS	
CACNA1D	Excitatory_neuron	11	8	13	8	0.3745	SMC049	0.8182	CACNA1D-212	PASS	
CACNA1E	Excitatory_neuron	11	8	13	8	0.6906	SMC036	0.4545	CACNA1E-202	FAIL	Jackknife 0.69 ≥ 0.5; Direction 0.45 < 0.6
CACNA2D3	Excitatory_neuron	6	7	13	8	0.0		1.0	CACNA2D3-204	PASS	
CACNB3	Excitatory_neuron	11	7	13	8	0.2076	SMC039	0.9091	CACNB3-201	PASS	
CACNB4	Excitatory_neuron	13	8	13	8	0.5278	SMC049	0.5385	CACNB4-209	FAIL	Jackknife 0.53 ≥ 0.5; Direction 0.54 < 0.6
CACNG3	Excitatory_neuron	12	8	13	8	0.0		0.0	CACNG3-201	FAIL	Direction 0.00 < 0.6
CADM1	Excitatory_neuron	10	7	13	8	0.1985	SMC049	0.7	CADM1-212	PASS	
CADPS	Excitatory_neuron	9	8	13	8	0.8395	SMC049	0.3333	CADPS-210	FAIL	Jackknife 0.84 ≥ 0.5; Direction 0.33 < 0.6
CALB1	Excitatory_neuron	9	6	13	8	0.0818	SMC049	0.8889	transcript136014.chr8.nic	PASS	
CALCOCO1	Excitatory_neuron	12	8	13	8	0.8789	SMC049	0.25	CALCOCO1-217	FAIL	Jackknife 0.88 ≥ 0.5; Direction 0.25 < 0.6
CALCOCO2	Excitatory_neuron	10	7	13	8	0.489	SMC049	0.5	CALCOCO2-201	FAIL	Direction 0.50 < 0.6
CALD1	Excitatory_neuron	11	7	13	8	0.3959	SMC041	0.6364	CALD1-210	PASS	
CALM1	Excitatory_neuron	13	8	13	8	0.3791	SMC049	0.2308	CALM1-201	FAIL	Direction 0.23 < 0.6
CALM2	Excitatory_neuron	13	8	13	8	0.5254	SMC049	0.3846	CALM2-209	FAIL	Jackknife 0.53 ≥ 0.5; Direction 0.38 < 0.6
CALM3	Excitatory_neuron	10	7	13	8	0.7517	PO28	0.2	CALM3-201	FAIL	Jackknife 0.75 ≥ 0.5; Direction 0.20 < 0.6
CALU	Excitatory_neuron	12	6	13	8	0.6755	SMC041	0.4167	CALU-201	FAIL	Jackknife 0.68 ≥ 0.5; Direction 0.42 < 0.6
CAMK1G	Excitatory_neuron	10	8	13	8	0.1099	SMC041	0.9	CAMK1G-202	PASS	
CAMK2A	Excitatory_neuron	12	8	13	8	0.1147	PO28	0.9167	CAMK2A-212	PASS	
CAMK2B	Excitatory_neuron	13	8	13	8	2.7681	SMC049	0.5385	CAMK2B-204	FAIL	Jackknife 2.77 ≥ 0.5; Direction 0.54 < 0.6
CAMK2D	Excitatory_neuron	10	7	13	8	0.9915	SMC032	0.2	CAMK2D-226	FAIL	Jackknife 0.99 ≥ 0.5; Direction 0.20 < 0.6
CAMK4	Excitatory_neuron	10	8	13	8	0.9479	PO28	0.2	transcript144524.chr5.nnic	FAIL	Jackknife 0.95 ≥ 0.5; Direction 0.20 < 0.6
CAMKK1	Excitatory_neuron	11	8	13	8	1.0568	SMC038	0.1818	transcript8666.chr17.nic	FAIL	Jackknife 1.06 ≥ 0.5; Direction 0.18 < 0.6
CAMKK2	Excitatory_neuron	12	7	13	8	0.6955	SMC038	0.5833	CAMKK2-208	FAIL	Jackknife 0.70 ≥ 0.5; Direction 0.58 < 0.6
CAMKV	Excitatory_neuron	11	8	13	8	0.7911	SMC038	0.4545	CAMKV-207	FAIL	Jackknife 0.79 ≥ 0.5; Direction 0.45 < 0.6
CAMSAP1	Excitatory_neuron	9	5	13	8	2.1657	SMC032	0.4444	CAMSAP1-203	FAIL	Jackknife 2.17 ≥ 0.5; Direction 0.44 < 0.6
CAMSAP2	Excitatory_neuron	12	7	13	8	0.3091	PO11	0.8333	CAMSAP2-202	PASS	
CAMTA1	Excitatory_neuron	11	8	13	8	0.6956	PO28	0.2727	CAMTA1-215	FAIL	Jackknife 0.70 ≥ 0.5; Direction 0.27 < 0.6
CANX	Excitatory_neuron	10	8	13	8	0.0657	SMC038	0.8	CANX-202	PASS	
CAP2	Excitatory_neuron	13	8	13	8	0.6427	SMC049	0.0769	CAP2-201	FAIL	Jackknife 0.64 ≥ 0.5; Direction 0.08 < 0.6
CAPN1	Excitatory_neuron	9	7	13	8	0.6661	SMC038	0.3333	CAPN1-201	FAIL	Jackknife 0.67 ≥ 0.5; Direction 0.33 < 0.6
CAPN10	Excitatory_neuron	10	7	13	8	0.1203	SMC041	0.8	transcript409071.chr2.nic	PASS	
CAPN2	Excitatory_neuron	11	8	13	8	0.836	SMC049	0.3636	CAPN2-206	FAIL	Jackknife 0.84 ≥ 0.5; Direction 0.36 < 0.6
CAPN5	Excitatory_neuron	7	6	13	8	0.7162	SMC039	0.4286	CAPN5-207	FAIL	Jackknife 0.72 ≥ 0.5; Direction 0.43 < 0.6
CAPRIN1	Excitatory_neuron	9	5	13	8	0.3605	SMC038	0.2222	CAPRIN1-209	FAIL	Direction 0.22 < 0.6
CAPRIN2	Excitatory_neuron	10	8	13	8	0.8413	PO42	0.4	CAPRIN2-222	FAIL	Jackknife 0.84 ≥ 0.5; Direction 0.40 < 0.6
CARMIL1	Excitatory_neuron	7	6	13	8	0.1313	SMC049	0.8571	CARMIL1-201	PASS	
CARS1	Excitatory_neuron	10	8	13	8	0.7893	SMC049	0.9	CARS1-203	FAIL	Jackknife 0.79 ≥ 0.5
CASC15	Excitatory_neuron	11	8	13	8	0.3879	SMC038	0.6364	CASC15-204	PASS	
CASC3	Excitatory_neuron	12	7	13	8	0.3062	SMC041	0.6667	CASC3-201	PASS	
CASD1	Excitatory_neuron	10	7	13	8	0.1576	SMC049	0.8	CASD1-201	PASS	
CASP3	Excitatory_neuron	12	6	13	8	0.0528	SMC038	0.6667	CASP3-206	PASS	
CASP8AP2	Excitatory_neuron	11	7	13	8	1.0102	PO28	0.3636	transcript136289.chr6.nic	FAIL	Jackknife 1.01 ≥ 0.5; Direction 0.36 < 0.6
CAST	Excitatory_neuron	12	7	13	8	0.2853	SMC049	0.6667	CAST-201	PASS	
CASTOR3P	Excitatory_neuron	8	6	13	8	0.8183	SMC038	0.375	CASTOR3P-211	FAIL	Jackknife 0.82 ≥ 0.5; Direction 0.38 < 0.6
CAV1	Excitatory_neuron	6	5	13	8	0.1718	SMC049	0.8333	CAV1-202	PASS	
CBFB	Excitatory_neuron	8	5	13	8	1.043	SMC038	0.375	CBFB-201	FAIL	Jackknife 1.04 ≥ 0.5; Direction 0.38 < 0.6
CBLB	Excitatory_neuron	8	7	13	8	0.154	SMC049	0.75	CBLB-201	PASS	
CBLN2	Excitatory_neuron	10	8	13	8	0.1047	PO11	0.8	CBLN2-209	PASS	
CBS	Excitatory_neuron	9	7	13	8	1.0013	SMC049	0.7778	CBS-201	FAIL	Jackknife 1.00 ≥ 0.5
CBX1	Excitatory_neuron	12	8	13	8	0.2415	SMC049	0.5833	CBX1-201	FAIL	Direction 0.58 < 0.6
CC2D1B	Excitatory_neuron	10	7	13	8	0.2373	PO11	0.7	CC2D1B-201	PASS	
CCAR1	Excitatory_neuron	11	8	13	8	0.9339	SMC032	0.6364	CCAR1-201	FAIL	Jackknife 0.93 ≥ 0.5
CCAR2	Excitatory_neuron	9	7	13	8	1.0131	SMC049	0.7778	CCAR2-201	FAIL	Jackknife 1.01 ≥ 0.5
CCDC102B	Excitatory_neuron	11	7	13	8	0.0278	PO42	0.9091	transcript68964.chr18.nnic	PASS	
CCDC107	Excitatory_neuron	7	5	13	8	0.0993	SMC041	0.8571	CCDC107-202	PASS	
CCDC124	Excitatory_neuron	11	6	13	8	0.342	SMC049	0.4545	CCDC124-201	FAIL	Direction 0.45 < 0.6
CCDC136	Excitatory_neuron	9	7	13	8	1.32	SMC049	0.3333	CCDC136-202	FAIL	Jackknife 1.32 ≥ 0.5; Direction 0.33 < 0.6
CCDC138	Excitatory_neuron	10	7	13	8	0.2171	SMC041	0.8	CCDC138-208	PASS	
CCDC14	Excitatory_neuron	11	7	13	8	0.2507	SMC049	0.7273	transcript213419.chr3.nic	PASS	
CCDC144A	Excitatory_neuron	13	8	13	8	0.3053	SMC049	0.9231	CCDC144A-211	PASS	
CCDC144BP	Excitatory_neuron	13	8	13	8	0.9373	SMC049	0.6923	CCDC144BP-208	FAIL	Jackknife 0.94 ≥ 0.5
CCDC146	Excitatory_neuron	10	5	13	8	1.0213	SMC038	0.1	transcript106135.chr7.nic	FAIL	Jackknife 1.02 ≥ 0.5; Direction 0.10 < 0.6
CCDC149	Excitatory_neuron	9	8	13	8	0.0705	PO41	0.8889	transcript69178.chr4.nic	PASS	
CCDC157	Excitatory_neuron	10	7	13	8	0.7556	SMC049	0.2	CCDC157-202	FAIL	Jackknife 0.76 ≥ 0.5; Direction 0.20 < 0.6
CCDC18-AS1	Excitatory_neuron	8	6	13	8	0.6142	PO28	0.75	CCDC18-AS1-225	FAIL	Jackknife 0.61 ≥ 0.5
CCDC180	Excitatory_neuron	10	7	13	8	0.6464	PO28	0.8	CCDC180-207	FAIL	Jackknife 0.65 ≥ 0.5
CCDC186	Excitatory_neuron	13	8	13	8	1.2021	SMC041	0.3077	CCDC186-203	FAIL	Jackknife 1.20 ≥ 0.5; Direction 0.31 < 0.6
CCDC3	Excitatory_neuron	11	7	13	8	0.0		1.0	CCDC3-202	PASS	
CCDC30	Excitatory_neuron	11	8	13	8	0.3741	PO41	0.0909	CCDC30-246	FAIL	Direction 0.09 < 0.6
CCDC32	Excitatory_neuron	12	7	13	8	0.6889	SMC038	0.5	CCDC32-202	FAIL	Jackknife 0.69 ≥ 0.5; Direction 0.50 < 0.6
CCDC39	Excitatory_neuron	10	7	13	8	0.284	SMC049	0.4	CCDC39-211	FAIL	Direction 0.40 < 0.6
CCDC47	Excitatory_neuron	12	8	13	8	0.014	SMC049	0.9167	CCDC47-202	PASS	
CCDC51	Excitatory_neuron	5	4	13	8	0.4622	SMC049	1.0	CCDC51-206	PASS	
CCDC57	Excitatory_neuron	11	8	13	8	0.0554	SMC038	0.6364	CCDC57-219	PASS	
CCDC66	Excitatory_neuron	13	8	13	8	0.0419	PO42	0.9231	CCDC66-217	PASS	
CCDC74A	Excitatory_neuron	9	6	13	8	0.0566	PO05	0.8889	transcript260606.chr2.nic	PASS	
CCDC82	Excitatory_neuron	13	8	13	8	0.0936	PO28	0.6923	CCDC82-230	PASS	
CCDC86	Excitatory_neuron	7	7	13	8	0.1773	SMC049	1.0	CCDC86-204	PASS	
CCDC88A	Excitatory_neuron	13	7	13	8	0.6032	PO05	0.6923	CCDC88A-242	FAIL	Jackknife 0.60 ≥ 0.5
CCDC90B	Excitatory_neuron	6	5	13	8	0.1984	SMC049	1.0	transcript128161.chr11.nic	PASS	
CCDC92	Excitatory_neuron	10	8	13	8	0.9921	SMC049	0.3	CCDC92-201	FAIL	Jackknife 0.99 ≥ 0.5; Direction 0.30 < 0.6
CCHCR1	Excitatory_neuron	8	5	13	8	0.0		1.0	transcript39777.chr6.nnic	PASS	
CCK	Excitatory_neuron	12	7	13	8	0.2085	SMC049	0.6667	CCK-202	PASS	
CCNB1IP1	Excitatory_neuron	5	6	13	8	0.0381	SMC049	1.0	CCNB1IP1-202	PASS	
CCNDBP1	Excitatory_neuron	10	6	13	8	0.6529	SMC049	0.6	CCNDBP1-205	FAIL	Jackknife 0.65 ≥ 0.5
CCNF	Excitatory_neuron	10	6	13	8	0.5068	SMC049	0.4	CCNF-204	FAIL	Jackknife 0.51 ≥ 0.5; Direction 0.40 < 0.6
CCNL1	Excitatory_neuron	12	8	13	8	0.0996	PO41	0.8333	CCNL1-204	PASS	
CCNL2	Excitatory_neuron	12	8	13	8	0.3499	PO42	0.6667	CCNL2-217	PASS	
CCNT1	Excitatory_neuron	12	7	13	8	0.1543	SMC036	0.8333	CCNT1-205	PASS	
CCNT2	Excitatory_neuron	11	7	13	8	1.2959	SMC049	0.4545	CCNT2-202	FAIL	Jackknife 1.30 ≥ 0.5; Direction 0.45 < 0.6
CCP110	Excitatory_neuron	12	8	13	8	0.3973	PO28	0.8333	CCP110-203	PASS	
CCPG1	Excitatory_neuron	13	8	13	8	0.3809	SMC032	0.7692	CCPG1-208	PASS	
CCSAP	Excitatory_neuron	7	8	13	8	0.849	SMC049	0.5714	CCSAP-201	FAIL	Jackknife 0.85 ≥ 0.5; Direction 0.57 < 0.6
CCSER1	Excitatory_neuron	11	8	13	8	0.2843	PO28	0.6364	CCSER1-209	PASS	
CCT2	Excitatory_neuron	11	6	13	8	1.1237	SMC049	0.7273	CCT2-201	FAIL	Jackknife 1.12 ≥ 0.5
CCT3	Excitatory_neuron	12	8	13	8	0.8862	SMC049	0.3333	CCT3-201	FAIL	Jackknife 0.89 ≥ 0.5; Direction 0.33 < 0.6
CD164	Excitatory_neuron	12	8	13	8	0.5241	SMC038	0.3333	CD164-203	FAIL	Jackknife 0.52 ≥ 0.5; Direction 0.33 < 0.6
CD200	Excitatory_neuron	13	8	13	8	0.957	SMC049	0.2308	CD200-201	FAIL	Jackknife 0.96 ≥ 0.5; Direction 0.23 < 0.6
CD276	Excitatory_neuron	8	5	13	8	0.3658	PO28	0.75	CD276-213	PASS	
CD46	Excitatory_neuron	10	8	13	8	0.711	SMC049	0.7	CD46-212	FAIL	Jackknife 0.71 ≥ 0.5
CD47	Excitatory_neuron	11	8	13	8	0.0531	SMC038	0.4545	CD47-201	FAIL	Direction 0.45 < 0.6
CDAN1	Excitatory_neuron	10	6	13	8	0.1948	SMC049	0.7	CDAN1-204	PASS	
CDC16	Excitatory_neuron	12	6	13	8	0.1459	PO41	0.8333	transcript113161.chr13.nnic	PASS	
CDC23	Excitatory_neuron	8	6	13	8	0.796	PO28	0.625	transcript174738.chr5.nic	FAIL	Jackknife 0.80 ≥ 0.5
CDC37	Excitatory_neuron	13	8	13	8	1.3666	SMC049	0.4615	CDC37-201	FAIL	Jackknife 1.37 ≥ 0.5; Direction 0.46 < 0.6
CDC42	Excitatory_neuron	12	7	13	8	0.3049	SMC038	0.4167	CDC42-201	FAIL	Direction 0.42 < 0.6
CDC42BPA	Excitatory_neuron	11	6	13	8	0.2228	PO28	0.8182	CDC42BPA-204	PASS	
CDC42BPB	Excitatory_neuron	11	7	13	8	0.4254	SMC049	0.7273	CDC42BPB-204	PASS	
CDC73	Excitatory_neuron	13	8	13	8	0.1836	SMC038	0.8462	transcript288464.chr1.nic	PASS	
CDH11	Excitatory_neuron	10	8	13	8	0.2903	PO41	0.3	CDH11-201	FAIL	Direction 0.30 < 0.6
CDH12	Excitatory_neuron	9	6	13	8	0.7784	SMC039	0.3333	CDH12-203	FAIL	Jackknife 0.78 ≥ 0.5; Direction 0.33 < 0.6
CDH18	Excitatory_neuron	12	8	13	8	0.1935	SMC041	0.3333	CDH18-202	FAIL	Direction 0.33 < 0.6
CDH2	Excitatory_neuron	11	7	13	8	0.1275	PO41	0.9091	CDH2-201	PASS	
CDH7	Excitatory_neuron	7	4	13	8	0.2494	PO41	1.0	CDH7-202	PASS	
CDH8	Excitatory_neuron	12	8	13	8	0.7517	SMC049	0.6667	CDH8-211	FAIL	Jackknife 0.75 ≥ 0.5
CDIPT	Excitatory_neuron	11	7	13	8	0.3672	SMC049	0.7273	CDIPT-201	PASS	
CDK10	Excitatory_neuron	12	8	13	8	0.1305	PO42	0.8333	CDK10-210	PASS	
CDK11B	Excitatory_neuron	10	7	13	8	0.0		1.0	CDK11B-204	PASS	
CDK12	Excitatory_neuron	11	8	13	8	0.5434	PO05	0.1818	CDK12-204	FAIL	Jackknife 0.54 ≥ 0.5; Direction 0.18 < 0.6
CDK13	Excitatory_neuron	12	8	13	8	0.232	SMC038	0.75	CDK13-202	PASS	
CDK14	Excitatory_neuron	12	8	13	8	0.4596	SMC041	0.5	CDK14-202	FAIL	Direction 0.50 < 0.6
CDK16	Excitatory_neuron	6	5	13	8	0.5082	SMC049	0.6667	CDK16-202	FAIL	Jackknife 0.51 ≥ 0.5
CDK20	Excitatory_neuron	11	7	13	8	0.0224	SMC049	1.0	transcript156732.chr9.nic	PASS	
CDK5	Excitatory_neuron	12	6	13	8	0.1048	SMC049	0.8333	transcript231793.chr7.nic	PASS	
CDK5R1	Excitatory_neuron	12	6	13	8	0.0471	SMC049	0.0	CDK5R1-201	FAIL	Direction 0.00 < 0.6
CDK5RAP1	Excitatory_neuron	10	7	13	8	0.7238	SMC049	0.5	CDK5RAP1-202	FAIL	Jackknife 0.72 ≥ 0.5; Direction 0.50 < 0.6
CDK5RAP2	Excitatory_neuron	11	8	13	8	0.5326	PO42	0.8182	CDK5RAP2-221	FAIL	Jackknife 0.53 ≥ 0.5
CDK5RAP3	Excitatory_neuron	12	8	13	8	0.3824	SMC049	0.4167	CDK5RAP3-231	FAIL	Direction 0.42 < 0.6
CDK6	Excitatory_neuron	10	7	13	8	1.0469	SMC038	0.3	transcript131189.chr7.nic	FAIL	Jackknife 1.05 ≥ 0.5; Direction 0.30 < 0.6
CDKL2	Excitatory_neuron	6	7	13	8	0.1578	SMC038	0.8333	CDKL2-202	PASS	
CDKL5	Excitatory_neuron	10	7	13	8	1.0843	PO28	0.2	CDKL5-209	FAIL	Jackknife 1.08 ≥ 0.5; Direction 0.20 < 0.6
CDKN1B	Excitatory_neuron	13	8	13	8	0.3105	SMC049	0.6923	CDKN1B-205	PASS	
CDKN2AIP	Excitatory_neuron	12	8	13	8	0.422	SMC038	0.4167	CDKN2AIP-201	FAIL	Direction 0.42 < 0.6
CDON	Excitatory_neuron	9	7	13	8	0.4168	SMC038	0.4444	CDON-211	FAIL	Direction 0.44 < 0.6
CELF1	Excitatory_neuron	10	7	13	8	0.1043	PO28	0.9	CELF1-204	PASS	
CELF2	Excitatory_neuron	11	8	13	8	0.1955	PO28	0.5455	CELF2-209	FAIL	Direction 0.55 < 0.6
CELF4	Excitatory_neuron	12	8	13	8	0.1414	PO28	0.6667	CELF4-201	PASS	
CELSR3	Excitatory_neuron	10	8	13	8	0.1435	SMC049	0.7	CELSR3-201	PASS	
CENPC	Excitatory_neuron	12	7	13	8	0.559	SMC039	0.5	CENPC-201	FAIL	Jackknife 0.56 ≥ 0.5; Direction 0.50 < 0.6
CENPE	Excitatory_neuron	9	3	13	8					INSUFFICIENT_DATA	reads 있는 도너 부족: AD=9/5, CT=3/4
CENPJ	Excitatory_neuron	10	7	13	8	0.5592	PO11	0.5	CENPJ-201	FAIL	Jackknife 0.56 ≥ 0.5; Direction 0.50 < 0.6
CEP104	Excitatory_neuron	7	7	13	8	1.9705	SMC041	0.4286	CEP104-213	FAIL	Jackknife 1.97 ≥ 0.5; Direction 0.43 < 0.6
CEP112	Excitatory_neuron	12	8	13	8	1.0068	PO42	0.1667	CEP112-225	FAIL	Jackknife 1.01 ≥ 0.5; Direction 0.17 < 0.6
CEP126	Excitatory_neuron	12	8	13	8	0.1307	SMC041	0.75	CEP126-201	PASS	
CEP128	Excitatory_neuron	12	8	13	8	0.0		0.0	CEP128-209	FAIL	Direction 0.00 < 0.6
CEP135	Excitatory_neuron	12	7	13	8	0.2935	SMC049	0.6667	CEP135-201	PASS	
CEP152	Excitatory_neuron	8	7	13	8	0.5323	SMC049	0.625	CEP152-202	FAIL	Jackknife 0.53 ≥ 0.5
CEP170	Excitatory_neuron	13	8	13	8	0.3634	PO11	0.6154	CEP170-202	PASS	
CEP192	Excitatory_neuron	11	7	13	8	1.0	PO28	0.0909	transcript22271.chr18.nnic	FAIL	Jackknife 1.00 ≥ 0.5; Direction 0.09 < 0.6
CEP250	Excitatory_neuron	12	7	13	8	0.1819	SMC049	1.0	CEP250-217	PASS	
CEP290	Excitatory_neuron	13	8	13	8	0.071	PO41	0.8462	CEP290-216	PASS	
CEP295	Excitatory_neuron	12	8	13	8	0.3368	PO41	0.6667	transcript149422.chr11.nnic	PASS	
CEP350	Excitatory_neuron	13	8	13	8	0.5155	SMC049	0.4615	CEP350-205	FAIL	Jackknife 0.52 ≥ 0.5; Direction 0.46 < 0.6
CEP41	Excitatory_neuron	7	6	13	8	0.5216	SMC049	0.5714	CEP41-201	FAIL	Jackknife 0.52 ≥ 0.5; Direction 0.57 < 0.6
CEP43	Excitatory_neuron	11	7	13	8	0.1554	SMC032	0.8182	CEP43-213	PASS	
CEP57L1	Excitatory_neuron	12	8	13	8	0.5453	SMC049	0.5833	transcript152239.chr6.nic	FAIL	Jackknife 0.55 ≥ 0.5; Direction 0.58 < 0.6
CEP68	Excitatory_neuron	10	8	13	8	0.5769	SMC038	0.6	CEP68-220	FAIL	Jackknife 0.58 ≥ 0.5
CEP70	Excitatory_neuron	11	6	13	8	0.4145	SMC039	0.5455	CEP70-210	FAIL	Direction 0.55 < 0.6
CEP78	Excitatory_neuron	11	7	13	8	0.4877	SMC049	0.6364	CEP78-211	PASS	
CEP83	Excitatory_neuron	12	8	13	8	0.9628	SMC049	0.5	CEP83-201	FAIL	Jackknife 0.96 ≥ 0.5; Direction 0.50 < 0.6
CEP97	Excitatory_neuron	11	8	13	8	0.0859	SMC032	0.8182	CEP97-213	PASS	
CEPT1	Excitatory_neuron	9	8	13	8	0.7486	PO28	0.6667	CEPT1-207	FAIL	Jackknife 0.75 ≥ 0.5
CEROX1	Excitatory_neuron	13	8	13	8	0.2354	SMC038	0.2308	CEROX1-201	FAIL	Direction 0.23 < 0.6
CERS6	Excitatory_neuron	11	7	13	8	0.0814	SMC032	0.9091	transcript318452.chr2.nic	PASS	
CERT1	Excitatory_neuron	11	7	13	8	0.3762	SMC049	0.3636	transcript102707.chr5.nnic	FAIL	Direction 0.36 < 0.6
CFAP410	Excitatory_neuron	11	7	13	8	0.4982	SMC049	0.3636	CFAP410-202	FAIL	Direction 0.36 < 0.6
CFAP44	Excitatory_neuron	10	7	13	8	0.0899	SMC049	0.8	CFAP44-202	PASS	
CFAP46	Excitatory_neuron	6	4	13	8	0.7287	SMC049	0.8333	CFAP46-206	FAIL	Jackknife 0.73 ≥ 0.5
CFAP54	Excitatory_neuron	9	6	13	8	0.2976	SMC041	0.8889	CFAP54-202	PASS	
CFAP69	Excitatory_neuron	9	8	13	8	0.3921	SMC049	0.4444	transcript127535.chr7.nic	FAIL	Direction 0.44 < 0.6
CFAP70	Excitatory_neuron	8	5	13	8	0.0		1.0	CFAP70-209	PASS	
CFAP97	Excitatory_neuron	12	8	13	8	0.2987	SMC049	0.4167	CFAP97-204	FAIL	Direction 0.42 < 0.6
CFL2	Excitatory_neuron	10	8	13	8	0.0382	SMC049	1.0	CFL2-201	PASS	
CGGBP1	Excitatory_neuron	12	8	13	8	0.5153	SMC049	0.3333	CGGBP1-206	FAIL	Jackknife 0.52 ≥ 0.5; Direction 0.33 < 0.6
CGRRF1	Excitatory_neuron	11	6	13	8	0.1498	PO41	0.9091	CGRRF1-207	PASS	
CHAMP1	Excitatory_neuron	9	7	13	8	0.1928	SMC049	0.8889	CHAMP1-201	PASS	
CHCHD6	Excitatory_neuron	10	7	13	8	0.0882	SMC038	1.0	transcript220719.chr3.nic	PASS	
CHCHD7	Excitatory_neuron	10	6	13	8	0.2663	SMC049	0.6	CHCHD7-202	PASS	
CHD1	Excitatory_neuron	11	7	13	8	0.4725	SMC032	0.7273	CHD1-205	PASS	
CHD1L	Excitatory_neuron	9	7	13	8	0.8654	SMC032	0.2222	transcript224122.chr1.nic	FAIL	Jackknife 0.87 ≥ 0.5; Direction 0.22 < 0.6
CHD2	Excitatory_neuron	12	8	13	8	0.269	SMC041	0.75	CHD2-208	PASS	
CHD3	Excitatory_neuron	9	7	13	8	0.1384	SMC038	0.8889	CHD3-208	PASS	
CHD4	Excitatory_neuron	10	6	13	8	0.8817	SMC038	0.3	CHD4-201	FAIL	Jackknife 0.88 ≥ 0.5; Direction 0.30 < 0.6
CHD5	Excitatory_neuron	13	8	13	8	0.5268	SMC043	0.4615	CHD5-202	FAIL	Jackknife 0.53 ≥ 0.5; Direction 0.46 < 0.6
CHD8	Excitatory_neuron	12	8	13	8	0.1859	SMC049	0.75	CHD8-212	PASS	
CHD9	Excitatory_neuron	13	8	13	8	0.2886	SMC041	0.6923	CHD9-213	PASS	
CHFR	Excitatory_neuron	9	7	13	8	0.2121	SMC049	0.6667	CHFR-205	PASS	
CHIC1	Excitatory_neuron	8	8	13	8	0.6631	SMC049	0.5	CHIC1-202	FAIL	Jackknife 0.66 ≥ 0.5; Direction 0.50 < 0.6
CHL1	Excitatory_neuron	13	8	13	8	0.0667	SMC049	0.6923	CHL1-208	PASS	
CHMP1A	Excitatory_neuron	10	6	13	8	0.937	SMC038	0.9	CHMP1A-210	FAIL	Jackknife 0.94 ≥ 0.5
CHMP2B	Excitatory_neuron	12	7	13	8	0.0162	PO42	0.9167	transcript142558.chr3.nic	PASS	
CHN2	Excitatory_neuron	11	5	13	8	0.207	SMC049	0.5455	CHN2-208	FAIL	Direction 0.55 < 0.6
CHORDC1	Excitatory_neuron	12	8	13	8	1.9097	SMC049	0.4167	CHORDC1-209	FAIL	Jackknife 1.91 ≥ 0.5; Direction 0.42 < 0.6
CHRD	Excitatory_neuron	12	6	13	8	0.3161	PO28	0.5	CHRD-201	FAIL	Direction 0.50 < 0.6
CHRM2	Excitatory_neuron	8	4	13	8	0.4146	SMC032	0.625	CHRM2-203	PASS	
CHRNA7	Excitatory_neuron	8	7	13	8	0.1259	SMC049	0.5	CHRNA7-201	FAIL	Direction 0.50 < 0.6
CHRNB2	Excitatory_neuron	5	3	13	8					INSUFFICIENT_DATA	reads 있는 도너 부족: AD=5/5, CT=3/4
CHST10	Excitatory_neuron	10	5	13	8	1.5589	SMC049	0.4	CHST10-201	FAIL	Jackknife 1.56 ≥ 0.5; Direction 0.40 < 0.6
CHST15	Excitatory_neuron	10	6	13	8	0.2472	SMC032	0.6	CHST15-201	PASS	
CHST8	Excitatory_neuron	9	6	13	8	0.342	SMC049	0.7778	CHST8-203	PASS	
CHTF18	Excitatory_neuron	9	7	13	8	0.3194	SMC041	0.7778	CHTF18-201	PASS	
CHTOP	Excitatory_neuron	9	6	13	8	0.1593	SMC049	0.8889	CHTOP-206	PASS	
CIAO1	Excitatory_neuron	12	8	13	8	0.4612	SMC049	0.5833	CIAO1-201	FAIL	Direction 0.58 < 0.6
CIAO3	Excitatory_neuron	10	7	13	8	0.6557	SMC049	0.6	CIAO3-201	FAIL	Jackknife 0.66 ≥ 0.5
CIAPIN1	Excitatory_neuron	10	5	13	8	0.7407	SMC049	0.4	CIAPIN1-209	FAIL	Jackknife 0.74 ≥ 0.5; Direction 0.40 < 0.6
CIBAR1	Excitatory_neuron	12	8	13	8	0.5683	SMC049	0.5	CIBAR1-206	FAIL	Jackknife 0.57 ≥ 0.5; Direction 0.50 < 0.6
CIRBP	Excitatory_neuron	13	8	13	8	0.5882	SMC049	0.5385	CIRBP-201	FAIL	Jackknife 0.59 ≥ 0.5; Direction 0.54 < 0.6
CIT	Excitatory_neuron	13	8	13	8	0.1407	PO41	0.9231	CIT-215	PASS	
CIZ1	Excitatory_neuron	10	8	13	8	0.0		1.0	CIZ1-207	PASS	
CKAP2	Excitatory_neuron	12	6	13	8	1.0207	SMC032	0.75	CKAP2-203	FAIL	Jackknife 1.02 ≥ 0.5
CKAP5	Excitatory_neuron	10	8	13	8	0.212	PO28	0.8	CKAP5-210	PASS	
CKMT1B	Excitatory_neuron	10	8	13	8	1.8995	SMC049	0.4	CKMT1B-205	FAIL	Jackknife 1.90 ≥ 0.5; Direction 0.40 < 0.6
CLASP1	Excitatory_neuron	10	8	13	8	0.1651	PO28	0.8	CLASP1-202	PASS	
CLASP2	Excitatory_neuron	13	7	13	8	0.9364	SMC032	0.6154	CLASP2-226	FAIL	Jackknife 0.94 ≥ 0.5
CLBA1	Excitatory_neuron	9	5	13	8	0.0855	SMC049	1.0	CLBA1-205	PASS	
CLCC1	Excitatory_neuron	9	7	13	8	0.0		1.0	CLCC1-247	PASS	
CLCN3	Excitatory_neuron	11	7	13	8	0.2371	SMC049	0.7273	CLCN3-208	PASS	
CLCN4	Excitatory_neuron	10	6	13	8	0.7605	SMC038	0.1	CLCN4-205	FAIL	Jackknife 0.76 ≥ 0.5; Direction 0.10 < 0.6
CLCN7	Excitatory_neuron	11	7	13	8	0.7269	PO28	0.7273	CLCN7-202	FAIL	Jackknife 0.73 ≥ 0.5
CLDN12	Excitatory_neuron	7	5	13	8	0.2513	SMC032	0.5714	CLDN12-201	FAIL	Direction 0.57 < 0.6
CLDND1	Excitatory_neuron	13	7	13	8	0.2656	SMC049	0.8462	CLDND1-201	PASS	
CLGN	Excitatory_neuron	8	7	13	8	0.7281	SMC038	0.375	CLGN-201	FAIL	Jackknife 0.73 ≥ 0.5; Direction 0.38 < 0.6
CLINT1	Excitatory_neuron	9	7	13	8	0.1341	PO28	1.0	CLINT1-206	PASS	
CLIP1	Excitatory_neuron	13	8	13	8	1.254	SMC049	0.4615	CLIP1-202	FAIL	Jackknife 1.25 ≥ 0.5; Direction 0.46 < 0.6
CLIP4	Excitatory_neuron	11	7	13	8	0.0		1.0	CLIP4-215	PASS	
CLK3	Excitatory_neuron	10	8	13	8	0.0708	SMC049	1.0	CLK3-203	PASS	
CLK4	Excitatory_neuron	11	8	13	8	0.0682	SMC032	0.8182	CLK4-208	PASS	
CLMP	Excitatory_neuron	7	3	13	8					INSUFFICIENT_DATA	reads 있는 도너 부족: AD=7/5, CT=3/4
CLN5	Excitatory_neuron	11	7	13	8	0.394	PO11	0.4545	CLN5-210	FAIL	Direction 0.45 < 0.6
CLOCK	Excitatory_neuron	10	8	13	8	0.7202	PO28	0.3	transcript98598.chr4.nic	FAIL	Jackknife 0.72 ≥ 0.5; Direction 0.30 < 0.6
CLPB	Excitatory_neuron	6	6	13	8	1.5989	SMC049	0.1667	CLPB-202	FAIL	Jackknife 1.60 ≥ 0.5; Direction 0.17 < 0.6
CLSTN1	Excitatory_neuron	8	5	13	8	0.382	PO28	0.5	CLSTN1-202	FAIL	Direction 0.50 < 0.6
CLSTN3	Excitatory_neuron	10	7	13	8	1.2207	SMC049	0.5	CLSTN3-207	FAIL	Jackknife 1.22 ≥ 0.5; Direction 0.50 < 0.6
CLTA	Excitatory_neuron	12	8	13	8	0.245	SMC049	0.8333	CLTA-203	PASS	
CLTB	Excitatory_neuron	10	7	13	8	0.1675	SMC049	1.0	CLTB-207	PASS	
CLTC	Excitatory_neuron	11	7	13	8	0.2587	PO28	0.6364	CLTC-205	PASS	
CLU	Excitatory_neuron	13	8	13	8	0.81	SMC049	0.9231	CLU-201	FAIL	Jackknife 0.81 ≥ 0.5
CLUAP1	Excitatory_neuron	11	8	13	8	0.4036	SMC038	0.6364	CLUAP1-202	PASS	
CLUH	Excitatory_neuron	6	8	13	8	0.0		1.0	transcript4788.chr17.nic	PASS	
CMIP	Excitatory_neuron	11	8	13	8	0.2271	SMC038	0.7273	transcript124585.chr16.nnic	PASS	
CMTR2	Excitatory_neuron	7	7	13	8	0.3792	PO41	0.4286	CMTR2-205	FAIL	Direction 0.43 < 0.6
CMYA5	Excitatory_neuron	13	8	13	8	0.5146	SMC039	0.3846	CMYA5-201	FAIL	Jackknife 0.51 ≥ 0.5; Direction 0.38 < 0.6
CNBP	Excitatory_neuron	12	8	13	8	0.5609	SMC049	0.6667	CNBP-207	FAIL	Jackknife 0.56 ≥ 0.5
CNDP2	Excitatory_neuron	13	8	13	8	0.2197	SMC049	0.4615	CNDP2-209	FAIL	Direction 0.46 < 0.6
CNEP1R1	Excitatory_neuron	9	6	13	8	1.0	SMC049	0.1111	CNEP1R1-210	FAIL	Jackknife 1.00 ≥ 0.5; Direction 0.11 < 0.6
CNIH1	Excitatory_neuron	9	8	13	8	0.4757	SMC032	0.3333	CNIH1-201	FAIL	Direction 0.33 < 0.6
CNKSR2	Excitatory_neuron	13	8	13	8	0.5137	SMC032	0.5385	CNKSR2-207	FAIL	Jackknife 0.51 ≥ 0.5; Direction 0.54 < 0.6
CNN3	Excitatory_neuron	9	8	13	8	0.0		1.0	CNN3-201	PASS	
CNNM1	Excitatory_neuron	9	6	13	8	0.4706	PO28	0.5556	CNNM1-201	FAIL	Direction 0.56 < 0.6
CNOT11	Excitatory_neuron	11	8	13	8	0.0718	SMC038	0.3636	CNOT11-201	FAIL	Direction 0.36 < 0.6
CNOT4	Excitatory_neuron	12	7	13	8	0.1773	SMC041	0.8333	CNOT4-201	PASS	
CNOT6L	Excitatory_neuron	7	6	13	8	2.0165	SMC038	0.5714	CNOT6L-201	FAIL	Jackknife 2.02 ≥ 0.5; Direction 0.57 < 0.6
CNOT7	Excitatory_neuron	10	6	13	8	0.3055	SMC038	0.8	CNOT7-201	PASS	
CNOT9	Excitatory_neuron	9	6	13	8	0.0804	SMC049	0.7778	CNOT9-202	PASS	
CNR1	Excitatory_neuron	10	6	13	8	1.0236	SMC039	0.1	CNR1-204	FAIL	Jackknife 1.02 ≥ 0.5; Direction 0.10 < 0.6
CNTN1	Excitatory_neuron	13	8	13	8	1.2387	SMC049	0.3077	transcript54335.chr12.nnic	FAIL	Jackknife 1.24 ≥ 0.5; Direction 0.31 < 0.6
CNTN2	Excitatory_neuron	11	8	13	8	1.0	SMC049	0.0909	CNTN2-203	FAIL	Jackknife 1.00 ≥ 0.5; Direction 0.09 < 0.6
CNTN4	Excitatory_neuron	9	7	13	8	0.2533	SMC049	0.8889	transcript1840.chr3.nnic	PASS	
CNTNAP1	Excitatory_neuron	10	8	13	8	0.519	PO41	0.6	CNTNAP1-201	FAIL	Jackknife 0.52 ≥ 0.5
CNTNAP2	Excitatory_neuron	10	8	13	8	0.0522	PO41	1.0	transcript222220.chr7.nnic	PASS	
CNTNAP4	Excitatory_neuron	8	7	13	8	0.6728	SMC049	0.75	CNTNAP4-207	FAIL	Jackknife 0.67 ≥ 0.5
CNTRL	Excitatory_neuron	10	8	13	8	0.5565	PO11	0.5	CNTRL-216	FAIL	Jackknife 0.56 ≥ 0.5; Direction 0.50 < 0.6
CNTROB	Excitatory_neuron	8	5	13	8	0.0842	SMC038	0.625	CNTROB-202	PASS	
COA1	Excitatory_neuron	10	7	13	8	0.1419	PO28	0.8	transcript56290.chr7.nnic	PASS	
COASY	Excitatory_neuron	12	8	13	8	1.0201	SMC049	0.4167	COASY-201	FAIL	Jackknife 1.02 ≥ 0.5; Direction 0.42 < 0.6
COBL	Excitatory_neuron	8	7	13	8	0.5278	PO28	0.625	COBL-209	FAIL	Jackknife 0.53 ≥ 0.5
COBLL1	Excitatory_neuron	9	7	13	8	0.0822	SMC032	1.0	transcript311985.chr2.nic	PASS	
COCH	Excitatory_neuron	4	5	13	8					INSUFFICIENT_DATA	reads 있는 도너 부족: AD=4/5, CT=5/4
COG1	Excitatory_neuron	13	8	13	8	1.4201	SMC049	0.3846	COG1-201	FAIL	Jackknife 1.42 ≥ 0.5; Direction 0.38 < 0.6
COG4	Excitatory_neuron	12	8	13	8	1.2114	SMC038	0.5833	COG4-201	FAIL	Jackknife 1.21 ≥ 0.5; Direction 0.58 < 0.6
COG5	Excitatory_neuron	10	8	13	8	0.1949	PO41	0.7	COG5-203	PASS	
COG6	Excitatory_neuron	9	6	13	8	0.6986	SMC049	0.6667	COG6-202	FAIL	Jackknife 0.70 ≥ 0.5
COG8	Excitatory_neuron	11	8	13	8	0.8111	SMC049	0.5455	COG8-202	FAIL	Jackknife 0.81 ≥ 0.5; Direction 0.55 < 0.6
COL11A1	Excitatory_neuron	7	6	13	8	0.4161	PO28	0.7143	COL11A1-210	PASS	
COL12A1	Excitatory_neuron	10	8	13	8	0.3995	SMC049	0.3	COL12A1-211	FAIL	Direction 0.30 < 0.6
COL16A1	Excitatory_neuron	12	6	13	8	0.4906	SMC029	0.4167	COL16A1-203	FAIL	Direction 0.42 < 0.6
COLGALT1	Excitatory_neuron	8	7	13	8	0.4575	SMC038	0.375	COLGALT1-202	FAIL	Direction 0.38 < 0.6
COMMD5	Excitatory_neuron	12	5	13	8	0.1994	SMC049	0.6667	COMMD5-203	PASS	
COMMD7	Excitatory_neuron	10	7	13	8	0.4366	SMC049	0.5	COMMD7-201	FAIL	Direction 0.50 < 0.6
COP1	Excitatory_neuron	7	7	13	8	0.4692	SMC049	0.1429	COP1-204	FAIL	Direction 0.14 < 0.6
COPA	Excitatory_neuron	12	8	13	8	0.4462	PO28	0.75	COPA-202	PASS	
COPB1	Excitatory_neuron	9	6	13	8	0.5446	SMC049	0.5556	COPB1-201	FAIL	Jackknife 0.54 ≥ 0.5; Direction 0.56 < 0.6
COPB2	Excitatory_neuron	10	8	13	8	0.5092	SMC049	0.5	COPB2-201	FAIL	Jackknife 0.51 ≥ 0.5; Direction 0.50 < 0.6
COPG2	Excitatory_neuron	12	6	13	8	0.4986	SMC038	0.4167	COPG2-202	FAIL	Direction 0.42 < 0.6
COPS2	Excitatory_neuron	13	8	13	8	0.4715	SMC032	0.3077	COPS2-201	FAIL	Direction 0.31 < 0.6
COPS5	Excitatory_neuron	10	6	13	8	0.3842	SMC038	0.8	COPS5-201	PASS	
COPS6	Excitatory_neuron	13	8	13	8	0.2318	SMC049	0.6154	COPS6-201	PASS	
COPS7A	Excitatory_neuron	10	7	13	8	0.0541	SMC049	0.7	COPS7A-201	PASS	
COPS7B	Excitatory_neuron	9	7	13	8	0.9866	SMC049	0.8889	COPS7B-201	FAIL	Jackknife 0.99 ≥ 0.5
COQ8A	Excitatory_neuron	11	7	13	8	1.2776	SMC038	0.1818	COQ8A-201	FAIL	Jackknife 1.28 ≥ 0.5; Direction 0.18 < 0.6
COQ8B	Excitatory_neuron	7	7	13	8	0.1225	SMC049	0.8571	COQ8B-215	PASS	
COQ9	Excitatory_neuron	11	7	13	8	0.1532	PO42	0.7273	COQ9-209	PASS	
CORO1A	Excitatory_neuron	12	8	13	8	0.1107	SMC049	0.8333	CORO1A-201	PASS	
CORO6	Excitatory_neuron	11	7	13	8	0.2249	PO28	0.8182	CORO6-204	PASS	
COX11	Excitatory_neuron	11	8	13	8	0.4423	SMC049	0.4545	COX11-203	FAIL	Direction 0.45 < 0.6
COX4I1	Excitatory_neuron	12	8	13	8	1.2216	SMC049	0.4167	COX4I1-217	FAIL	Jackknife 1.22 ≥ 0.5; Direction 0.42 < 0.6
CPB2-AS1	Excitatory_neuron	8	6	13	8	0.6012	SMC049	0.25	CPB2-AS1-204	FAIL	Jackknife 0.60 ≥ 0.5; Direction 0.25 < 0.6
CPEB1	Excitatory_neuron	12	7	13	8	0.9989	SMC041	0.5	CPEB1-218	FAIL	Jackknife 1.00 ≥ 0.5; Direction 0.50 < 0.6
CPEB2	Excitatory_neuron	7	6	13	8	0.3222	SMC049	0.2857	CPEB2-204	FAIL	Direction 0.29 < 0.6
CPLX2	Excitatory_neuron	13	7	13	8	0.3681	SMC038	0.4615	CPLX2-202	FAIL	Direction 0.46 < 0.6
CPNE1	Excitatory_neuron	10	6	13	8	0.6698	SMC049	0.5	CPNE1-204	FAIL	Jackknife 0.67 ≥ 0.5; Direction 0.50 < 0.6
CPNE4	Excitatory_neuron	9	6	13	8	0.7131	SMC038	0.5556	CPNE4-213	FAIL	Jackknife 0.71 ≥ 0.5; Direction 0.56 < 0.6
CPNE6	Excitatory_neuron	8	6	13	8	0.075	SMC038	0.875	CPNE6-210	PASS	
CPSF7	Excitatory_neuron	6	5	13	8	0.5823	PO28	0.6667	CPSF7-202	FAIL	Jackknife 0.58 ≥ 0.5
CPT1C	Excitatory_neuron	11	8	13	8	1.1108	SMC049	0.2727	CPT1C-204	FAIL	Jackknife 1.11 ≥ 0.5; Direction 0.27 < 0.6
CRACDL	Excitatory_neuron	12	7	13	8	0.0		1.0	transcript218406.chr2.nnic	PASS	
CRB1	Excitatory_neuron	9	5	13	8	0.136	PO11	0.6667	transcript290195.chr1.nnic	PASS	
CRBN	Excitatory_neuron	11	8	13	8	1.2155	SMC049	0.5455	CRBN-201	FAIL	Jackknife 1.22 ≥ 0.5; Direction 0.55 < 0.6
CREB1	Excitatory_neuron	11	8	13	8	0.6829	SMC049	0.7273	CREB1-206	FAIL	Jackknife 0.68 ≥ 0.5
CREBRF	Excitatory_neuron	12	8	13	8	0.2239	PO28	0.6667	CREBRF-204	PASS	
CREBZF	Excitatory_neuron	12	8	13	8	0.0077	SMC049	0.8333	CREBZF-210	PASS	
CRELD1	Excitatory_neuron	13	8	13	8	0.3178	SMC038	0.8462	CRELD1-231	PASS	
CRELD2	Excitatory_neuron	8	7	13	8	1.7912	SMC049	0.625	CRELD2-201	FAIL	Jackknife 1.79 ≥ 0.5
CRHR1	Excitatory_neuron	10	8	13	8	0.1341	SMC038	0.7	CRHR1-201	PASS	
CRMP1	Excitatory_neuron	11	7	13	8	0.0103	PO11	0.9091	CRMP1-201	PASS	
CROCCP2	Excitatory_neuron	8	6	13	8	0.6862	SMC049	0.375	CROCCP2-204	FAIL	Jackknife 0.69 ≥ 0.5; Direction 0.38 < 0.6
CRTAC1	Excitatory_neuron	8	8	13	8	1.4646	SMC049	0.5	CRTAC1-202	FAIL	Jackknife 1.46 ≥ 0.5; Direction 0.50 < 0.6
CRTAP	Excitatory_neuron	8	8	13	8	1.0672	SMC032	0.625	transcript48800.chr3.nnic	FAIL	Jackknife 1.07 ≥ 0.5
CRYBB2P1	Excitatory_neuron	8	6	13	8	0.1559	SMC049	0.5	CRYBB2P1-206	FAIL	Direction 0.50 < 0.6
CSDE1	Excitatory_neuron	13	8	13	8	0.279	SMC049	0.6154	CSDE1-202	PASS	
CSGALNACT1	Excitatory_neuron	11	6	13	8	0.3576	SMC038	0.5455	CSGALNACT1-220	FAIL	Direction 0.55 < 0.6
CSMD1	Excitatory_neuron	11	8	13	8	0.3739	SMC049	0.9091	CSMD1-201	PASS	
CSMD3	Excitatory_neuron	12	7	13	8	0.616	PO28	0.4167	CSMD3-201	FAIL	Jackknife 0.62 ≥ 0.5; Direction 0.42 < 0.6
CSNK1A1	Excitatory_neuron	12	8	13	8	0.1507	SMC038	0.75	CSNK1A1-212	PASS	
CSNK1D	Excitatory_neuron	9	8	13	8	0.1891	PO42	0.8889	CSNK1D-217	PASS	
CSNK1E	Excitatory_neuron	10	7	13	8	0.4455	SMC049	0.7	CSNK1E-203	PASS	
CSNK1G1	Excitatory_neuron	9	6	13	8	0.1975	PO28	0.7778	CSNK1G1-211	PASS	
CSPP1	Excitatory_neuron	13	8	13	8	0.0991	PO42	0.9231	CSPP1-259	PASS	
CSRNP3	Excitatory_neuron	13	8	13	8	0.8552	SMC038	0.3077	CSRNP3-203	FAIL	Jackknife 0.86 ≥ 0.5; Direction 0.31 < 0.6
CTBP1	Excitatory_neuron	9	5	13	8	0.0794	SMC038	0.8889	CTBP1-203	PASS	
CTC1	Excitatory_neuron	8	6	13	8	0.4988	PO11	0.375	CTC1-220	FAIL	Direction 0.38 < 0.6
CTCF	Excitatory_neuron	10	8	13	8	1.6734	SMC049	0.3	CTCF-216	FAIL	Jackknife 1.67 ≥ 0.5; Direction 0.30 < 0.6
CTDP1	Excitatory_neuron	11	6	13	8	1.6245	SMC038	0.2727	CTDP1-205	FAIL	Jackknife 1.62 ≥ 0.5; Direction 0.27 < 0.6
CTDSPL2	Excitatory_neuron	10	8	13	8	0.3858	SMC049	0.4	CTDSPL2-201	FAIL	Direction 0.40 < 0.6
CTNNA1	Excitatory_neuron	12	7	13	8	0.2277	SMC038	0.5	CTNNA1-243	FAIL	Direction 0.50 < 0.6
CTNNA2	Excitatory_neuron	13	8	13	8	0.019	PO11	0.9231	CTNNA2-217	PASS	
CTNND1	Excitatory_neuron	10	7	13	8	0.354	SMC038	0.7	CTNND1-250	PASS	
CTNND2	Excitatory_neuron	11	8	13	8	1.8053	SMC049	0.2727	CTNND2-201	FAIL	Jackknife 1.81 ≥ 0.5; Direction 0.27 < 0.6
CTNS	Excitatory_neuron	6	4	13	8	0.4636	SMC049	0.5	CTNS-201	FAIL	Direction 0.50 < 0.6
CTPS1	Excitatory_neuron	8	8	13	8	1.0628	SMC038	0.5	CTPS1-218	FAIL	Jackknife 1.06 ≥ 0.5; Direction 0.50 < 0.6
CTSA	Excitatory_neuron	12	7	13	8	1.4274	SMC049	0.1667	CTSA-214	FAIL	Jackknife 1.43 ≥ 0.5; Direction 0.17 < 0.6
CTSB	Excitatory_neuron	10	8	13	8	0.3662	SMC049	0.8	CTSB-204	PASS	
CTSD	Excitatory_neuron	12	8	13	8	0.3984	SMC049	0.9167	CTSD-201	PASS	
CTSF	Excitatory_neuron	12	8	13	8	1.6411	SMC049	0.25	CTSF-201	FAIL	Jackknife 1.64 ≥ 0.5; Direction 0.25 < 0.6
CTSL	Excitatory_neuron	11	7	13	8	0.2638	SMC049	0.8182	CTSL-209	PASS	
CTTN	Excitatory_neuron	7	6	13	8	0.1884	SMC038	0.5714	CTTN-201	FAIL	Direction 0.57 < 0.6
CTU2	Excitatory_neuron	9	7	13	8	0.5665	SMC049	0.6667	CTU2-202	FAIL	Jackknife 0.57 ≥ 0.5
CUL1	Excitatory_neuron	12	8	13	8	0.6495	SMC038	0.3333	CUL1-201	FAIL	Jackknife 0.65 ≥ 0.5; Direction 0.33 < 0.6
CUL2	Excitatory_neuron	10	7	13	8	0.4152	PO28	0.7	CUL2-204	PASS	
CUL3	Excitatory_neuron	8	5	13	8	0.767	SMC032	0.75	transcript390594.chr2.nic	FAIL	Jackknife 0.77 ≥ 0.5
CUL4A	Excitatory_neuron	11	8	13	8	0.0		1.0	CUL4A-201	PASS	
CUL4B	Excitatory_neuron	9	8	13	8	0.0915	PO11	0.7778	CUL4B-201	PASS	
CUL7	Excitatory_neuron	9	7	13	8	0.1343	SMC049	0.7778	CUL7-217	PASS	
CWC22	Excitatory_neuron	13	8	13	8	0.5636	SMC049	0.4615	CWC22-201	FAIL	Jackknife 0.56 ≥ 0.5; Direction 0.46 < 0.6
CWC27	Excitatory_neuron	12	8	13	8	0.6555	SMC036	0.5833	CWC27-207	FAIL	Jackknife 0.66 ≥ 0.5; Direction 0.58 < 0.6
CXCL14	Excitatory_neuron	8	4	13	8	0.0505	SMC041	0.875	CXCL14-202	PASS	
CXXC5	Excitatory_neuron	13	7	13	8	0.1872	SMC041	0.9231	CXXC5-201	PASS	
CYB561	Excitatory_neuron	10	6	13	8	0.8083	SMC038	0.3	CYB561-201	FAIL	Jackknife 0.81 ≥ 0.5; Direction 0.30 < 0.6
CYB561D2	Excitatory_neuron	8	6	13	8	0.2804	SMC049	0.75	transcript80714.chr3.nic	PASS	
CYB5A	Excitatory_neuron	10	5	13	8	0.7875	SMC049	0.5	transcript73157.chr18.nnic	FAIL	Jackknife 0.79 ≥ 0.5; Direction 0.50 < 0.6
CYB5B	Excitatory_neuron	11	8	13	8	1.5387	SMC049	0.2727	CYB5B-206	FAIL	Jackknife 1.54 ≥ 0.5; Direction 0.27 < 0.6
CYB5D2	Excitatory_neuron	11	6	13	8	0.4037	SMC039	0.5455	transcript10418.chr17.nic	FAIL	Direction 0.55 < 0.6
CYB5R1	Excitatory_neuron	10	6	13	8	0.1079	SMC038	0.9	CYB5R1-201	PASS	
CYB5R3	Excitatory_neuron	12	8	13	8	0.8151	SMC049	0.5	CYB5R3-204	FAIL	Jackknife 0.82 ≥ 0.5; Direction 0.50 < 0.6
CYBC1	Excitatory_neuron	11	7	13	8	0.0304	SMC038	0.9091	CYBC1-214	PASS	
CYC1	Excitatory_neuron	11	7	13	8	0.6235	SMC049	0.8182	CYC1-204	FAIL	Jackknife 0.62 ≥ 0.5
CYFIP1	Excitatory_neuron	11	6	13	8	0.4604	SMC041	0.7273	CYFIP1-208	PASS	
CYFIP2	Excitatory_neuron	9	7	13	8	1.1178	PO28	0.5556	CYFIP2-222	FAIL	Jackknife 1.12 ≥ 0.5; Direction 0.56 < 0.6
CYLD	Excitatory_neuron	11	8	13	8	0.5616	SMC032	0.5455	transcript89292.chr16.nic	FAIL	Jackknife 0.56 ≥ 0.5; Direction 0.55 < 0.6
CYP1B1	Excitatory_neuron	8	5	13	8	0.249	SMC049	0.75	CYP1B1-205	PASS	
CYP2U1	Excitatory_neuron	10	6	13	8	1.1772	PO28	0.6	transcript153535.chr4.nic	FAIL	Jackknife 1.18 ≥ 0.5
CYP46A1	Excitatory_neuron	11	7	13	8	0.7705	SMC049	0.7273	CYP46A1-201	FAIL	Jackknife 0.77 ≥ 0.5
CYP51A1	Excitatory_neuron	13	8	13	8	0.3778	SMC049	0.5385	CYP51A1-201	FAIL	Direction 0.54 < 0.6
CYRIB	Excitatory_neuron	12	7	13	8	0.4189	SMC049	0.6667	CYRIB-214	PASS	
CYTOR	Excitatory_neuron	10	6	13	8	0.4	SMC049	0.7	CYTOR-216	PASS	
DAAM1	Excitatory_neuron	13	8	13	8	0.3053	SMC038	0.6923	DAAM1-201	PASS	
DAGLB	Excitatory_neuron	8	6	13	8	1.1231	SMC038	0.625	DAGLB-201	FAIL	Jackknife 1.12 ≥ 0.5
DALRD3	Excitatory_neuron	10	7	13	8	0.8847	SMC049	0.5	DALRD3-202	FAIL	Jackknife 0.88 ≥ 0.5; Direction 0.50 < 0.6
DAPK1	Excitatory_neuron	10	7	13	8	0.294	SMC049	0.9	DAPK1-209	PASS	
DAPK3	Excitatory_neuron	9	6	13	8	0.2009	SMC039	0.5556	DAPK3-202	FAIL	Direction 0.56 < 0.6
DAXX	Excitatory_neuron	12	7	13	8	0.9695	SMC036	0.25	DAXX-203	FAIL	Jackknife 0.97 ≥ 0.5; Direction 0.25 < 0.6
DAZAP1	Excitatory_neuron	10	8	13	8	0.5969	SMC032	0.6	transcript4049.chr19.nic	FAIL	Jackknife 0.60 ≥ 0.5
DAZAP2	Excitatory_neuron	11	7	13	8	0.0749	PO42	0.9091	DAZAP2-214	PASS	
DBNDD1	Excitatory_neuron	10	5	13	8	1.7042	SMC049	1.0	DBNDD1-201	FAIL	Jackknife 1.70 ≥ 0.5
DCAF11	Excitatory_neuron	10	6	13	8	0.2477	SMC049	0.6	DCAF11-217	PASS	
DCAF13	Excitatory_neuron	10	6	13	8	0.2254	PO28	0.4	DCAF13-207	FAIL	Direction 0.40 < 0.6
DCAF5	Excitatory_neuron	9	5	13	8	0.3194	SMC038	1.0	DCAF5-201	PASS	
DCAF7	Excitatory_neuron	11	8	13	8	0.3167	PO28	0.4545	DCAF7-205	FAIL	Direction 0.45 < 0.6
DCAF8	Excitatory_neuron	10	7	13	8	0.2642	SMC049	0.7	DCAF8-214	PASS	
DCAKD	Excitatory_neuron	10	6	13	8	0.0622	SMC038	0.9	DCAKD-228	PASS	
DCBLD1	Excitatory_neuron	7	6	13	8	0.2875	PO41	0.8571	DCBLD1-202	PASS	
DCBLD2	Excitatory_neuron	8	5	13	8	0.218	PO11	0.75	DCBLD2-201	PASS	
DCHS2	Excitatory_neuron	8	7	13	8	0.1429	PO11	0.875	DCHS2-202	PASS	
DCK	Excitatory_neuron	8	7	13	8	0.5925	SMC038	0.375	DCK-202	FAIL	Jackknife 0.59 ≥ 0.5; Direction 0.38 < 0.6
DCLK1	Excitatory_neuron	10	6	13	8	0.2463	PO11	0.6	DCLK1-201	PASS	
DCLK2	Excitatory_neuron	10	7	13	8	0.2915	PO41	0.6	DCLK2-201	PASS	
DCLRE1C	Excitatory_neuron	10	8	13	8	0.0371	SMC041	0.9	DCLRE1C-223	PASS	
DCP2	Excitatory_neuron	11	7	13	8	0.7735	SMC049	0.5455	DCP2-208	FAIL	Jackknife 0.77 ≥ 0.5; Direction 0.55 < 0.6
DCTD	Excitatory_neuron	8	7	13	8	0.1738	SMC049	0.75	transcript214326.chr4.nic	PASS	
DCTN1	Excitatory_neuron	11	8	13	8	0.3882	SMC038	0.7273	DCTN1-201	PASS	
DCTN2	Excitatory_neuron	12	8	13	8	0.0481	SMC036	0.6667	DCTN2-232	PASS	
DCTN3	Excitatory_neuron	10	7	13	8	0.2116	PO28	0.6	transcript45335.chr9.nnic	PASS	
DCUN1D2	Excitatory_neuron	10	7	13	8	0.4955	PO41	0.6	DCUN1D2-208	PASS	
DCX	Excitatory_neuron	9	7	13	8	0.1441	SMC049	0.8889	DCX-210	PASS	
DDHD1	Excitatory_neuron	13	8	13	8	0.3475	SMC041	0.6923	DDHD1-202	PASS	
DDHD2	Excitatory_neuron	11	8	13	8	0.383	SMC049	0.8182	DDHD2-201	PASS	
DDOST	Excitatory_neuron	9	6	13	8	0.0		1.0	transcript40385.chr1.nnic	PASS	
DDX1	Excitatory_neuron	9	7	13	8	1.0187	PO42	0.3333	DDX1-214	FAIL	Jackknife 1.02 ≥ 0.5; Direction 0.33 < 0.6
DDX10	Excitatory_neuron	11	8	13	8	1.1209	SMC049	0.4545	DDX10-201	FAIL	Jackknife 1.12 ≥ 0.5; Direction 0.45 < 0.6
DDX17	Excitatory_neuron	13	8	13	8	0.1682	SMC049	1.0	DDX17-201	PASS	
DDX19A	Excitatory_neuron	10	8	13	8	0.3836	PO41	0.5	DDX19A-201	FAIL	Direction 0.50 < 0.6
DDX20	Excitatory_neuron	5	2	13	8					INSUFFICIENT_DATA	reads 있는 도너 부족: AD=5/5, CT=2/4
DDX24	Excitatory_neuron	13	8	13	8	1.0722	SMC049	0.6154	DDX24-206	FAIL	Jackknife 1.07 ≥ 0.5
DDX25	Excitatory_neuron	10	6	13	8	0.1357	SMC038	0.9	DDX25-201	PASS	
DDX31	Excitatory_neuron	8	4	13	8	0.54	PO28	0.375	DDX31-203	FAIL	Jackknife 0.54 ≥ 0.5; Direction 0.38 < 0.6
DDX3X	Excitatory_neuron	12	8	13	8	0.016	PO28	0.9167	DDX3X-258	PASS	
DDX3Y	Excitatory_neuron	5	7	13	8	1.2262	SMC038	0.2	DDX3Y-201	FAIL	Jackknife 1.23 ≥ 0.5; Direction 0.20 < 0.6
DDX41	Excitatory_neuron	10	8	13	8	1.88	SMC049	0.4	DDX41-202	FAIL	Jackknife 1.88 ≥ 0.5; Direction 0.40 < 0.6
DDX42	Excitatory_neuron	13	8	13	8	0.3779	SMC049	0.3846	DDX42-216	FAIL	Direction 0.38 < 0.6
DDX46	Excitatory_neuron	13	8	13	8	0.3287	PO42	0.3846	DDX46-202	FAIL	Direction 0.38 < 0.6
DDX49	Excitatory_neuron	13	6	13	8	0.0943	SMC049	0.7692	DDX49-213	PASS	
DDX5	Excitatory_neuron	13	8	13	8	1.0411	SMC049	0.5385	DDX5-201	FAIL	Jackknife 1.04 ≥ 0.5; Direction 0.54 < 0.6
DDX51	Excitatory_neuron	12	8	13	8	0.8969	SMC043	0.6667	transcript196380.chr12.nnic	FAIL	Jackknife 0.90 ≥ 0.5
DDX54	Excitatory_neuron	9	6	13	8	0.1833	SMC038	0.4444	DDX54-202	FAIL	Direction 0.44 < 0.6
DECR1	Excitatory_neuron	11	6	13	8	0.4237	PO42	0.6364	DECR1-201	PASS	
DEF8	Excitatory_neuron	9	7	13	8	0.6165	SMC049	0.5556	transcript135988.chr16.nic	FAIL	Jackknife 0.62 ≥ 0.5; Direction 0.56 < 0.6
DEK	Excitatory_neuron	11	8	13	8	0.3527	SMC049	0.8182	DEK-204	PASS	
DENND1B	Excitatory_neuron	9	5	13	8	0.3737	PO41	0.7778	transcript290066.chr1.nic	PASS	
DENND3	Excitatory_neuron	10	5	13	8	1.0	PO05	0.1	DENND3-203	FAIL	Jackknife 1.00 ≥ 0.5; Direction 0.10 < 0.6
DENND4A	Excitatory_neuron	13	8	13	8	1.4612	SMC038	0.3077	DENND4A-206	FAIL	Jackknife 1.46 ≥ 0.5; Direction 0.31 < 0.6
DENND4C	Excitatory_neuron	10	7	13	8	0.0		1.0	DENND4C-203	PASS	
DENND5A	Excitatory_neuron	10	6	13	8	0.0		1.0	DENND5A-239	PASS	
DENND6B	Excitatory_neuron	8	7	13	8	0.2041	SMC049	0.75	DENND6B-201	PASS	
DEPDC5	Excitatory_neuron	9	5	13	8	0.2809	SMC049	0.7778	DEPDC5-217	PASS	
DET1	Excitatory_neuron	8	7	13	8	0.4196	PO05	0.75	transcript132780.chr15.nic	PASS	
DGCR2	Excitatory_neuron	8	6	13	8	0.8648	SMC038	0.75	DGCR2-206	FAIL	Jackknife 0.86 ≥ 0.5
DGCR5	Excitatory_neuron	9	8	13	8	0.8288	SMC049	0.7778	DGCR5-203	FAIL	Jackknife 0.83 ≥ 0.5
DGCR6	Excitatory_neuron	11	7	13	8	0.1457	SMC049	0.8182	transcript5640.chr22.nnic	PASS	
DGCR6L	Excitatory_neuron	13	7	13	8	0.7364	SMC038	0.1538	DGCR6L-201	FAIL	Jackknife 0.74 ≥ 0.5; Direction 0.15 < 0.6
DGCR8	Excitatory_neuron	9	5	13	8	0.4914	SMC032	0.7778	DGCR8-201	PASS	
DGKB	Excitatory_neuron	12	7	13	8	0.4631	SMC049	0.6667	DGKB-203	PASS	
DGLUCY	Excitatory_neuron	10	8	13	8	1.3797	SMC049	0.4	DGLUCY-201	FAIL	Jackknife 1.38 ≥ 0.5; Direction 0.40 < 0.6
DHCR7	Excitatory_neuron	10	8	13	8	0.8423	SMC049	0.2	DHCR7-201	FAIL	Jackknife 0.84 ≥ 0.5; Direction 0.20 < 0.6
DHDDS	Excitatory_neuron	10	7	13	8	0.8398	SMC049	0.2	transcript49680.chr1.nic	FAIL	Jackknife 0.84 ≥ 0.5; Direction 0.20 < 0.6
DHPS	Excitatory_neuron	13	8	13	8	0.7439	SMC049	0.8462	DHPS-201	FAIL	Jackknife 0.74 ≥ 0.5
DHRS4-AS1	Excitatory_neuron	9	6	13	8	0.22	SMC049	0.7778	DHRS4-AS1-216	PASS	
DHRSX	Excitatory_neuron	11	6	13	8	1.4808	PO42	0.0909	DHRSX-201	FAIL	Jackknife 1.48 ≥ 0.5; Direction 0.09 < 0.6
DHX30	Excitatory_neuron	10	7	13	8	1.3325	SMC049	0.5	DHX30-207	FAIL	Jackknife 1.33 ≥ 0.5; Direction 0.50 < 0.6
DHX37	Excitatory_neuron	8	6	13	8	0.3692	SMC038	0.625	DHX37-206	PASS	
DHX57	Excitatory_neuron	11	7	13	8	1.0	SMC038	0.0909	DHX57-210	FAIL	Jackknife 1.00 ≥ 0.5; Direction 0.09 < 0.6
DHX9	Excitatory_neuron	11	8	13	8	0.3965	SMC039	0.9091	DHX9-207	PASS	
DIABLO	Excitatory_neuron	7	6	13	8	0.2658	PO28	0.5714	DIABLO-215	FAIL	Direction 0.57 < 0.6
DIAPH1	Excitatory_neuron	11	8	13	8	0.565	SMC038	0.3636	DIAPH1-208	FAIL	Jackknife 0.56 ≥ 0.5; Direction 0.36 < 0.6
DICER1	Excitatory_neuron	11	8	13	8	0.3361	PO05	0.6364	DICER1-226	PASS	
DIDO1	Excitatory_neuron	11	8	13	8	0.2399	PO28	0.5455	DIDO1-202	FAIL	Direction 0.55 < 0.6
DIMT1	Excitatory_neuron	8	7	13	8	0.0185	SMC049	1.0	DIMT1-203	PASS	
DIP2A	Excitatory_neuron	9	8	13	8	0.158	SMC032	0.8889	DIP2A-213	PASS	
DIP2B	Excitatory_neuron	12	7	13	8	0.6762	SMC049	0.6667	DIP2B-204	FAIL	Jackknife 0.68 ≥ 0.5
DIPK1A	Excitatory_neuron	10	7	13	8	1.3864	SMC049	0.2	DIPK1A-202	FAIL	Jackknife 1.39 ≥ 0.5; Direction 0.20 < 0.6
DIPK1B	Excitatory_neuron	11	8	13	8	0.188	SMC039	0.6364	DIPK1B-201	PASS	
DIS3	Excitatory_neuron	12	8	13	8	0.1935	PO11	0.5833	DIS3-201	FAIL	Direction 0.58 < 0.6
DIS3L	Excitatory_neuron	9	6	13	8	0.1918	PO11	0.5556	DIS3L-202	FAIL	Direction 0.56 < 0.6
DIS3L2	Excitatory_neuron	11	8	13	8	0.2011	SMC038	0.7273	DIS3L2-204	PASS	
DISP2	Excitatory_neuron	9	5	13	8	0.2835	SMC041	0.7778	transcript48964.chr15.nic	PASS	
DKC1	Excitatory_neuron	11	8	13	8	0.8905	SMC049	0.8182	DKC1-201	FAIL	Jackknife 0.89 ≥ 0.5
DKK3	Excitatory_neuron	13	8	13	8	0.2682	SMC049	0.6154	DKK3-217	PASS	
DLAT	Excitatory_neuron	8	8	13	8	0.1603	SMC049	0.625	DLAT-201	PASS	
DLC1	Excitatory_neuron	8	7	13	8	0.6536	SMC038	0.25	DLC1-210	FAIL	Jackknife 0.65 ≥ 0.5; Direction 0.25 < 0.6
DLG1	Excitatory_neuron	12	8	13	8	0.6137	SMC049	0.6667	DLG1-213	FAIL	Jackknife 0.61 ≥ 0.5
DLG2	Excitatory_neuron	12	8	13	8	0.7976	SMC038	0.5833	DLG2-222	FAIL	Jackknife 0.80 ≥ 0.5; Direction 0.58 < 0.6
DLG3	Excitatory_neuron	10	6	13	8	0.5055	SMC038	0.3	DLG3-201	FAIL	Jackknife 0.51 ≥ 0.5; Direction 0.30 < 0.6
DLG5	Excitatory_neuron	11	7	13	8	0.2258	SMC038	0.5455	DLG5-201	FAIL	Direction 0.55 < 0.6
DLGAP1	Excitatory_neuron	10	7	13	8	0.5134	SMC049	0.9	DLGAP1-205	FAIL	Jackknife 0.51 ≥ 0.5
DLGAP2	Excitatory_neuron	9	7	13	8	2.1219	SMC049	0.6667	DLGAP2-215	FAIL	Jackknife 2.12 ≥ 0.5
DLGAP4	Excitatory_neuron	9	7	13	8	0.2706	PO28	0.8889	DLGAP4-204	PASS	
DMAP1	Excitatory_neuron	12	8	13	8	0.2267	SMC038	0.4167	DMAP1-214	FAIL	Direction 0.42 < 0.6
DMD	Excitatory_neuron	12	8	13	8	0.2709	PO41	0.6667	DMD-276	PASS	
DMPK	Excitatory_neuron	10	6	13	8	0.3698	SMC041	0.7	DMPK-223	PASS	
DMTF1	Excitatory_neuron	13	8	13	8	0.3666	SMC041	0.4615	DMTF1-208	FAIL	Direction 0.46 < 0.6
DMTN	Excitatory_neuron	11	8	13	8	0.2235	SMC038	0.8182	DMTN-223	PASS	
DMXL1	Excitatory_neuron	12	8	13	8	0.1987	SMC049	0.8333	DMXL1-201	PASS	
DMXL2	Excitatory_neuron	10	7	13	8	0.4161	PO11	0.4	DMXL2-203	FAIL	Direction 0.40 < 0.6
DNAAF1	Excitatory_neuron	11	8	13	8	0.094	PO42	0.7273	DNAAF1-209	PASS	
DNAAF5	Excitatory_neuron	7	7	13	8	1.067	SMC049	0.1429	DNAAF5-201	FAIL	Jackknife 1.07 ≥ 0.5; Direction 0.14 < 0.6
DNAAF9	Excitatory_neuron	11	8	13	8	0.5016	PO41	0.4545	transcript4315.chr20.nnic	FAIL	Jackknife 0.50 ≥ 0.5; Direction 0.45 < 0.6
DNAJA4	Excitatory_neuron	9	6	13	8	0.8446	SMC038	0.7778	DNAJA4-202	FAIL	Jackknife 0.84 ≥ 0.5
DNAJB1	Excitatory_neuron	11	7	13	8	0.1913	PO41	0.5455	DNAJB1-201	FAIL	Direction 0.55 < 0.6
DNAJB11	Excitatory_neuron	10	7	13	8	0.3076	SMC049	0.8	DNAJB11-203	PASS	
DNAJB5	Excitatory_neuron	9	4	13	8	0.631	SMC039	0.4444	DNAJB5-201	FAIL	Jackknife 0.63 ≥ 0.5; Direction 0.44 < 0.6
DNAJB6	Excitatory_neuron	12	8	13	8	1.511	SMC049	0.25	DNAJB6-216	FAIL	Jackknife 1.51 ≥ 0.5; Direction 0.25 < 0.6
DNAJC10	Excitatory_neuron	11	7	13	8	0.122	PO28	0.7273	DNAJC10-201	PASS	
DNAJC11	Excitatory_neuron	11	7	13	8	1.1386	SMC038	0.3636	DNAJC11-216	FAIL	Jackknife 1.14 ≥ 0.5; Direction 0.36 < 0.6
DNAJC14	Excitatory_neuron	8	6	13	8	0.4024	PO41	0.625	DNAJC14-202	PASS	
DNAJC16	Excitatory_neuron	8	3	13	8					INSUFFICIENT_DATA	reads 있는 도너 부족: AD=8/5, CT=3/4
DNAJC19	Excitatory_neuron	10	7	13	8	0.7411	SMC032	0.7	DNAJC19-206	FAIL	Jackknife 0.74 ≥ 0.5
DNAJC24	Excitatory_neuron	10	7	13	8	0.0528	SMC049	0.8	transcript37165.chr11.nnic	PASS	
DNAJC3-DT	Excitatory_neuron	12	8	13	8	0.253	SMC049	0.8333	DNAJC3-DT-206	PASS	
DNAJC6	Excitatory_neuron	9	7	13	8	0.5471	SMC038	0.6667	transcript114786.chr1.nnic	FAIL	Jackknife 0.55 ≥ 0.5
DNAJC7	Excitatory_neuron	11	8	13	8	0.7393	SMC049	0.3636	DNAJC7-203	FAIL	Jackknife 0.74 ≥ 0.5; Direction 0.36 < 0.6
DNM1	Excitatory_neuron	13	8	13	8	0.5718	SMC049	0.3846	DNM1-206	FAIL	Jackknife 0.57 ≥ 0.5; Direction 0.38 < 0.6
DNM1L	Excitatory_neuron	10	7	13	8	0.448	SMC049	0.8	DNM1L-219	PASS	
DNM2	Excitatory_neuron	10	7	13	8	0.6646	SMC039	0.5	DNM2-226	FAIL	Jackknife 0.66 ≥ 0.5; Direction 0.50 < 0.6
DNM3	Excitatory_neuron	12	8	13	8	0.5121	SMC049	0.5	DNM3-202	FAIL	Jackknife 0.51 ≥ 0.5; Direction 0.50 < 0.6
DNMT1	Excitatory_neuron	11	8	13	8	0.5884	SMC038	0.6364	DNMT1-219	FAIL	Jackknife 0.59 ≥ 0.5
DNMT3A	Excitatory_neuron	9	6	13	8	0.4485	SMC049	0.7778	DNMT3A-206	PASS	
DOCK1	Excitatory_neuron	8	4	13	8	0.3607	PO11	0.75	DOCK1-201	PASS	
DOCK4	Excitatory_neuron	12	8	13	8	0.1126	PO28	0.8333	DOCK4-208	PASS	
DOCK7	Excitatory_neuron	11	8	13	8	0.2053	SMC049	0.7273	DOCK7-229	PASS	
DOCK9	Excitatory_neuron	12	8	13	8	0.294	SMC038	0.75	DOCK9-221	PASS	
DOK4	Excitatory_neuron	9	6	13	8	0.3134	SMC049	0.8889	DOK4-201	PASS	
DOK6	Excitatory_neuron	9	5	13	8	0.0606	PO41	1.0	transcript69573.chr18.nic	PASS	
DOP1A	Excitatory_neuron	11	8	13	8	0.227	SMC049	0.6364	DOP1A-203	PASS	
DOP1B	Excitatory_neuron	9	7	13	8	1.0	PO05	0.1111	transcript29289.chr21.nnic	FAIL	Jackknife 1.00 ≥ 0.5; Direction 0.11 < 0.6
DPAGT1	Excitatory_neuron	11	7	13	8	0.1825	SMC049	0.3636	DPAGT1-201	FAIL	Direction 0.36 < 0.6
DPF2	Excitatory_neuron	12	8	13	8	0.9497	SMC038	0.5833	DPF2-201	FAIL	Jackknife 0.95 ≥ 0.5; Direction 0.58 < 0.6
DPF3	Excitatory_neuron	10	5	13	8	1.2206	PO11	0.1	transcript77087.chr14.nic	FAIL	Jackknife 1.22 ≥ 0.5; Direction 0.10 < 0.6
DPH6-DT	Excitatory_neuron	5	6	13	8	1.2712	SMC049	0.4	transcript43327.chr15.nnic	FAIL	Jackknife 1.27 ≥ 0.5; Direction 0.40 < 0.6
DPM1	Excitatory_neuron	8	7	13	8	0.2393	PO05	0.75	DPM1-215	PASS	
DPP10	Excitatory_neuron	10	8	13	8	0.4882	PO28	0.8	DPP10-201	PASS	
DPP6	Excitatory_neuron	12	8	13	8	0.6931	PO42	0.5833	DPP6-210	FAIL	Jackknife 0.69 ≥ 0.5; Direction 0.58 < 0.6
DPP7	Excitatory_neuron	13	8	13	8	0.5803	SMC049	0.3846	DPP7-201	FAIL	Jackknife 0.58 ≥ 0.5; Direction 0.38 < 0.6
DPP8	Excitatory_neuron	8	6	13	8	2.3675	SMC049	0.375	DPP8-204	FAIL	Jackknife 2.37 ≥ 0.5; Direction 0.38 < 0.6
DPP9	Excitatory_neuron	9	6	13	8	0.1806	PO05	0.6667	DPP9-226	PASS	
DPY19L3	Excitatory_neuron	9	7	13	8	0.0317	PO11	0.8889	DPY19L3-209	PASS	
DPYSL5	Excitatory_neuron	9	6	13	8	0.103	PO05	0.8889	transcript31963.chr2.nic	PASS	
DRG1	Excitatory_neuron	10	6	13	8	0.4734	SMC036	0.8	DRG1-201	PASS	
DRG2	Excitatory_neuron	11	8	13	8	0.324	SMC049	1.0	DRG2-203	PASS	
DSTYK	Excitatory_neuron	11	7	13	8	0.0624	SMC049	1.0	DSTYK-201	PASS	
DTD1	Excitatory_neuron	10	8	13	8	0.2127	SMC038	0.8	DTD1-201	PASS	
DTNA	Excitatory_neuron	9	8	13	8	0.1931	SMC038	0.8889	DTNA-246	PASS	
DTNB	Excitatory_neuron	8	6	13	8	0.726	SMC049	0.75	DTNB-210	FAIL	Jackknife 0.73 ≥ 0.5
DTWD2	Excitatory_neuron	11	7	13	8	0.6495	SMC049	0.2727	DTWD2-201	FAIL	Jackknife 0.65 ≥ 0.5; Direction 0.27 < 0.6
DUBR	Excitatory_neuron	10	8	13	8	0.0945	PO11	0.8	DUBR-213	PASS	
DUSP18	Excitatory_neuron	9	8	13	8	0.2549	SMC049	0.4444	transcript29671.chr22.nnic	FAIL	Direction 0.44 < 0.6
DUSP19	Excitatory_neuron	9	5	13	8	0.4209	SMC049	0.7778	transcript338301.chr2.nic	PASS	
DUSP22	Excitatory_neuron	7	6	13	8	0.0698	SMC049	1.0	transcript28.chr6.nic	PASS	
DVL2	Excitatory_neuron	10	8	13	8	0.9054	SMC041	0.4	transcript14195.chr17.nnic	FAIL	Jackknife 0.91 ≥ 0.5; Direction 0.40 < 0.6
DXO	Excitatory_neuron	10	4	13	8	0.2134	SMC049	0.4	DXO-210	FAIL	Direction 0.40 < 0.6
DYM	Excitatory_neuron	12	8	13	8	0.4875	PO28	0.6667	DYM-220	PASS	
DYNC1H1	Excitatory_neuron	13	8	13	8	0.9304	PO42	0.3077	DYNC1H1-215	FAIL	Jackknife 0.93 ≥ 0.5; Direction 0.31 < 0.6
DYNC1I1	Excitatory_neuron	9	6	13	8	0.2377	SMC038	0.7778	DYNC1I1-205	PASS	
DYNC1I2	Excitatory_neuron	12	8	13	8	0.31	PO28	0.5	DYNC1I2-202	FAIL	Direction 0.50 < 0.6
DYNC2H1	Excitatory_neuron	12	7	13	8	0.4595	PO11	0.5833	DYNC2H1-211	FAIL	Direction 0.58 < 0.6
DYRK1A	Excitatory_neuron	11	4	13	8	0.3231	PO05	0.3636	DYRK1A-210	FAIL	Direction 0.36 < 0.6
DYRK3	Excitatory_neuron	8	5	13	8	0.738	SMC049	0.375	DYRK3-202	FAIL	Jackknife 0.74 ≥ 0.5; Direction 0.38 < 0.6
DZIP3	Excitatory_neuron	12	8	13	8	0.223	SMC032	0.4167	DZIP3-205	FAIL	Direction 0.42 < 0.6
E2F3	Excitatory_neuron	5	4	13	8	0.0		1.0	transcript27674.chr6.nnic	PASS	
E2F4	Excitatory_neuron	12	6	13	8	0.2753	SMC038	0.5833	E2F4-208	FAIL	Direction 0.58 < 0.6
E2F6	Excitatory_neuron	10	6	13	8	0.9002	PO28	0.2	transcript16872.chr2.nic	FAIL	Jackknife 0.90 ≥ 0.5; Direction 0.20 < 0.6
EAPP	Excitatory_neuron	11	5	13	8	0.0		1.0	EAPP-204	PASS	
EARS2	Excitatory_neuron	9	6	13	8	1.5255	SMC049	0.3333	EARS2-201	FAIL	Jackknife 1.53 ≥ 0.5; Direction 0.33 < 0.6
EBNA1BP2	Excitatory_neuron	12	7	13	8	0.1867	SMC049	1.0	EBNA1BP2-201	PASS	
ECD	Excitatory_neuron	12	8	13	8	0.0661	SMC032	0.9167	ECD-201	PASS	
ECE1	Excitatory_neuron	9	8	13	8	0.5767	SMC038	0.4444	transcript40110.chr1.nnic	FAIL	Jackknife 0.58 ≥ 0.5; Direction 0.44 < 0.6
ECHDC1	Excitatory_neuron	8	4	13	8	0.0		1.0	transcript178781.chr6.nnic	PASS	
ECPAS	Excitatory_neuron	9	8	13	8	0.1634	SMC041	0.8889	ECPAS-205	PASS	
ECSIT	Excitatory_neuron	11	7	13	8	0.1167	SMC038	0.7273	ECSIT-202	PASS	
EDEM3	Excitatory_neuron	8	6	13	8	0.8206	SMC049	0.875	EDEM3-201	FAIL	Jackknife 0.82 ≥ 0.5
EDIL3-DT	Excitatory_neuron	6	5	13	8	0.0		1.0	transcript115177.chr5.nnic	PASS	
EDRF1	Excitatory_neuron	10	8	13	8	0.0		1.0	EDRF1-201	PASS	
EEF1AKMT2	Excitatory_neuron	11	5	13	8	1.0862	PO28	0.2727	EEF1AKMT2-207	FAIL	Jackknife 1.09 ≥ 0.5; Direction 0.27 < 0.6
EEF1D	Excitatory_neuron	13	8	13	8	0.0626	SMC049	0.6154	EEF1D-254	PASS	
EEF1G	Excitatory_neuron	12	8	13	8	0.1071	SMC049	0.75	EEF1G-203	PASS	
EEF2K	Excitatory_neuron	10	7	13	8	0.1102	PO42	0.9	EEF2K-204	PASS	
EFCAB14	Excitatory_neuron	11	8	13	8	0.3995	SMC038	0.7273	EFCAB14-209	PASS	
EFHC1	Excitatory_neuron	12	8	13	8	0.1667	PO28	0.75	EFHC1-232	PASS	
EFL1	Excitatory_neuron	10	6	13	8	0.2666	PO42	0.3	EFL1-210	FAIL	Direction 0.30 < 0.6
EFR3A	Excitatory_neuron	12	7	13	8	0.1171	SMC038	0.8333	EFR3A-201	PASS	
EFTUD2	Excitatory_neuron	9	7	13	8	0.6194	SMC049	0.8889	EFTUD2-202	FAIL	Jackknife 0.62 ≥ 0.5
EGFL7	Excitatory_neuron	13	8	13	8	0.9617	SMC049	0.1538	EGFL7-202	FAIL	Jackknife 0.96 ≥ 0.5; Direction 0.15 < 0.6
EGLN3	Excitatory_neuron	7	8	13	8	0.5671	SMC049	0.2857	EGLN3-201	FAIL	Jackknife 0.57 ≥ 0.5; Direction 0.29 < 0.6
EHMT2	Excitatory_neuron	9	7	13	8	0.6055	SMC049	0.4444	EHMT2-208	FAIL	Jackknife 0.61 ≥ 0.5; Direction 0.44 < 0.6
EI24	Excitatory_neuron	13	7	13	8	1.0427	SMC049	0.4615	EI24-201	FAIL	Jackknife 1.04 ≥ 0.5; Direction 0.46 < 0.6
EIF2AK2	Excitatory_neuron	13	8	13	8	0.2893	PO42	0.9231	EIF2AK2-211	PASS	
EIF2AK3	Excitatory_neuron	10	7	13	8	0.4938	SMC029	0.4	EIF2AK3-204	FAIL	Direction 0.40 < 0.6
EIF2AK4	Excitatory_neuron	12	7	13	8	0.7234	PO41	0.3333	EIF2AK4-201	FAIL	Jackknife 0.72 ≥ 0.5; Direction 0.33 < 0.6
EIF2B1	Excitatory_neuron	12	7	13	8	1.5755	SMC049	0.4167	EIF2B1-204	FAIL	Jackknife 1.58 ≥ 0.5; Direction 0.42 < 0.6
EIF2B3	Excitatory_neuron	9	8	13	8	0.4225	SMC049	0.5556	transcript79461.chr1.nnic	FAIL	Direction 0.56 < 0.6
EIF2B5	Excitatory_neuron	11	8	13	8	0.6122	SMC038	0.1818	EIF2B5-203	FAIL	Jackknife 0.61 ≥ 0.5; Direction 0.18 < 0.6
EIF3C	Excitatory_neuron	13	8	13	8	0.2823	PO28	0.6154	EIF3C-202	PASS	
EIF3CL	Excitatory_neuron	13	8	13	8	1.0094	SMC049	0.8462	EIF3CL-201	FAIL	Jackknife 1.01 ≥ 0.5
EIF3E	Excitatory_neuron	12	8	13	8	0.0605	SMC032	0.8333	EIF3E-234	PASS	
EIF3F	Excitatory_neuron	9	6	13	8	0.2824	SMC038	0.7778	EIF3F-215	PASS	
EIF3I	Excitatory_neuron	8	7	13	8	0.0457	SMC038	1.0	EIF3I-221	PASS	
EIF3L	Excitatory_neuron	10	7	13	8	0.0357	SMC049	0.9	EIF3L-209	PASS	
EIF4A1	Excitatory_neuron	13	8	13	8	0.0687	SMC038	0.5385	EIF4A1-201	FAIL	Direction 0.54 < 0.6
EIF4A2	Excitatory_neuron	12	8	13	8	1.9899	SMC049	0.3333	EIF4A2-219	FAIL	Jackknife 1.99 ≥ 0.5; Direction 0.33 < 0.6
EIF4B	Excitatory_neuron	12	7	13	8	0.4251	SMC049	0.5	EIF4B-201	FAIL	Direction 0.50 < 0.6
EIF4E2	Excitatory_neuron	11	5	13	8	0.0		1.0	EIF4E2-215	PASS	
EIF4ENIF1	Excitatory_neuron	12	7	13	8	0.7905	SMC049	0.4167	EIF4ENIF1-201	FAIL	Jackknife 0.79 ≥ 0.5; Direction 0.42 < 0.6
EIF4G1	Excitatory_neuron	9	5	13	8	0.084	SMC049	1.0	EIF4G1-209	PASS	
EIF4G2	Excitatory_neuron	13	8	13	8	0.3846	SMC041	0.3846	EIF4G2-201	FAIL	Direction 0.38 < 0.6
EIF4G3	Excitatory_neuron	11	8	13	8	0.0		1.0	EIF4G3-221	PASS	
EIF4H	Excitatory_neuron	11	8	13	8	1.7213	SMC049	0.4545	EIF4H-202	FAIL	Jackknife 1.72 ≥ 0.5; Direction 0.45 < 0.6
ELAC2	Excitatory_neuron	9	7	13	8	0.6186	PO28	0.7778	transcript22242.chr17.nic	FAIL	Jackknife 0.62 ≥ 0.5
ELAPOR1	Excitatory_neuron	8	5	13	8	0.7826	SMC049	0.25	ELAPOR1-202	FAIL	Jackknife 0.78 ≥ 0.5; Direction 0.25 < 0.6
ELAVL2	Excitatory_neuron	11	6	13	8	0.3618	SMC032	0.6364	ELAVL2-204	PASS	
ELAVL4	Excitatory_neuron	10	8	13	8	0.0291	PO41	1.0	transcript97119.chr1.nic	PASS	
ELF2	Excitatory_neuron	10	7	13	8	0.4191	PO11	0.6	ELF2-204	PASS	
ELK4	Excitatory_neuron	8	7	13	8	1.0214	SMC041	0.125	transcript301841.chr1.nnic	FAIL	Jackknife 1.02 ≥ 0.5; Direction 0.12 < 0.6
ELMO2	Excitatory_neuron	10	6	13	8	0.4176	SMC032	0.5	ELMO2-212	FAIL	Direction 0.50 < 0.6
ELMOD1	Excitatory_neuron	12	7	13	8	0.0923	SMC038	0.5	ELMOD1-201	FAIL	Direction 0.50 < 0.6
ELMOD3	Excitatory_neuron	9	7	13	8	0.1361	PO28	0.8889	ELMOD3-214	PASS	
ELOC	Excitatory_neuron	10	6	13	8	0.349	PO28	0.6	ELOC-206	PASS	
ELOVL5	Excitatory_neuron	12	7	13	8	1.5266	SMC041	0.0833	ELOVL5-201	FAIL	Jackknife 1.53 ≥ 0.5; Direction 0.08 < 0.6
ELOVL6	Excitatory_neuron	10	6	13	8	0.2827	SMC038	0.9	ELOVL6-202	PASS	
ELP1	Excitatory_neuron	10	7	13	8	0.0103	PO28	1.0	ELP1-219	PASS	
ELP3	Excitatory_neuron	10	7	13	8	0.14	SMC049	0.8	ELP3-201	PASS	
EMC1	Excitatory_neuron	6	7	13	8	0.224	PO05	0.8333	EMC1-227	PASS	
EMC3	Excitatory_neuron	12	6	13	8	0.3805	SMC049	0.4167	EMC3-201	FAIL	Direction 0.42 < 0.6
EMC8	Excitatory_neuron	9	6	13	8	1.5589	SMC049	0.3333	EMC8-205	FAIL	Jackknife 1.56 ≥ 0.5; Direction 0.33 < 0.6
EML1	Excitatory_neuron	9	5	13	8	0.2376	PO11	0.7778	EML1-201	PASS	
EML2	Excitatory_neuron	11	7	13	8	0.4898	SMC049	0.8182	EML2-216	PASS	
EML4	Excitatory_neuron	11	6	13	8	0.2538	PO28	0.9091	EML4-203	PASS	
EML6	Excitatory_neuron	11	7	13	8	0.3434	SMC038	0.9091	EML6-201	PASS	
EMSY	Excitatory_neuron	11	8	13	8	0.1715	PO41	0.7273	EMSY-201	PASS	
ENO2	Excitatory_neuron	12	8	13	8	0.085	SMC049	0.3333	ENO2-211	FAIL	Direction 0.33 < 0.6
ENOX2	Excitatory_neuron	8	5	13	8	0.6723	SMC049	0.375	ENOX2-203	FAIL	Jackknife 0.67 ≥ 0.5; Direction 0.38 < 0.6
ENPP5	Excitatory_neuron	11	7	13	8	0.6256	SMC049	0.7273	ENPP5-201	FAIL	Jackknife 0.63 ≥ 0.5
ENSG00000176593	Excitatory_neuron	9	7	13	8	0.1949	PO11	0.5556	ENST00000550135	FAIL	Direction 0.56 < 0.6
ENSG00000233928	Excitatory_neuron	10	4	13	8	0.0528	SMC049	1.0	ENST00000662177	PASS	
ENSG00000253853	Excitatory_neuron	8	7	13	8	0.2761	PO28	0.625	ENST00000654515	PASS	
ENSG00000254746	Excitatory_neuron	3	5	13	8					INSUFFICIENT_DATA	reads 있는 도너 부족: AD=3/5, CT=5/4
ENSG00000263571	Excitatory_neuron	10	6	13	8	0.1284	SMC049	1.0	ENST00000667899	PASS	
ENSG00000264112	Excitatory_neuron	12	7	13	8	1.1853	PO41	0.4167	ENST00000577267	FAIL	Jackknife 1.19 ≥ 0.5; Direction 0.42 < 0.6
ENSG00000266718	Excitatory_neuron	9	8	13	8	0.3062	SMC049	0.3333	ENST00000650181	FAIL	Direction 0.33 < 0.6
ENSG00000271254	Excitatory_neuron	10	7	13	8	0.1249	SMC041	0.9	ENST00000614336	PASS	
ENSG00000277701	Excitatory_neuron	9	6	13	8	0.1919	PO11	0.8889	ENST00000656264	PASS	
ENSG00000279277	Excitatory_neuron	11	8	13	8	0.1505	SMC049	0.8182	ENST00000652445	PASS	
ENSG00000286961	Excitatory_neuron	7	4	13	8	0.2006	PO28	0.5714	ENST00000665075	FAIL	Direction 0.57 < 0.6
ENSG00000287811	Excitatory_neuron	11	7	13	8	0.9992	SMC049	0.2727	ENST00000691944	FAIL	Jackknife 1.00 ≥ 0.5; Direction 0.27 < 0.6
ENSG00000289731	Excitatory_neuron	11	8	13	8	0.3467	PO41	0.7273	ENST00000697505	PASS	
ENSG00000290015	Excitatory_neuron	9	4	13	8	0.0		1.0	ENST00000702485	PASS	
ENSG00000290453	Excitatory_neuron	12	8	13	8	0.4544	SMC039	0.3333	ENST00000532854	FAIL	Direction 0.33 < 0.6
ENSG00000290927	Excitatory_neuron	12	8	13	8	1.1672	SMC049	0.4167	ENST00000254109	FAIL	Jackknife 1.17 ≥ 0.5; Direction 0.42 < 0.6
ENSG00000291006	Excitatory_neuron	8	6	13	8	0.3176	SMC049	0.5	ENST00000602367	FAIL	Direction 0.50 < 0.6
ENSG00000291055	Excitatory_neuron	5	5	13	8	0.2626	SMC049	1.0	transcript7585.chr5.nnic	PASS	
ENSG00000291060	Excitatory_neuron	12	7	13	8	0.5542	SMC041	0.8333	ENST00000431681	FAIL	Jackknife 0.55 ≥ 0.5
ENSG00000291065	Excitatory_neuron	8	5	13	8	0.4018	SMC038	0.5	ENST00000609841	FAIL	Direction 0.50 < 0.6
ENSG00000291066	Excitatory_neuron	6	7	13	8	0.5217	SMC049	0.8333	ENST00000688619	FAIL	Jackknife 0.52 ≥ 0.5
ENSG00000291073	Excitatory_neuron	12	8	13	8	0.1677	PO05	0.8333	ENST00000522841	PASS	
ENSG00000291117	Excitatory_neuron	9	4	13	8	0.2772	PO11	0.4444	ENST00000692349	FAIL	Direction 0.44 < 0.6
ENSG00000291133	Excitatory_neuron	11	7	13	8	0.6936	SMC049	0.6364	ENST00000687539	FAIL	Jackknife 0.69 ≥ 0.5
ENSG00000291142	Excitatory_neuron	13	8	13	8	1.0415	PO28	0.3077	transcript153168.chr2.nnic	FAIL	Jackknife 1.04 ≥ 0.5; Direction 0.31 < 0.6
ENSG00000291159	Excitatory_neuron	7	8	13	8	0.3427	SMC049	0.7143	ENST00000348993	PASS	
ENSG00000291178	Excitatory_neuron	10	7	13	8	0.0667	SMC049	0.8	ENST00000675162	PASS	
ENTPD3	Excitatory_neuron	5	5	13	8	0.0		1.0	ENTPD3-205	PASS	
ENTPD4	Excitatory_neuron	12	8	13	8	0.7403	SMC049	0.4167	ENTPD4-202	FAIL	Jackknife 0.74 ≥ 0.5; Direction 0.42 < 0.6
ENTPD6	Excitatory_neuron	11	7	13	8	0.1848	SMC049	0.3636	ENTPD6-202	FAIL	Direction 0.36 < 0.6
ENY2	Excitatory_neuron	10	7	13	8	0.1054	PO05	0.8	ENY2-211	PASS	
EP400	Excitatory_neuron	12	7	13	8	0.5337	SMC039	0.5833	EP400-204	FAIL	Jackknife 0.53 ≥ 0.5; Direction 0.58 < 0.6
EPB41	Excitatory_neuron	11	7	13	8	0.2938	SMC049	0.6364	EPB41-221	PASS	
EPB41L2	Excitatory_neuron	13	7	13	8	0.6911	PO28	0.3846	EPB41L2-232	FAIL	Jackknife 0.69 ≥ 0.5; Direction 0.38 < 0.6
EPB41L3	Excitatory_neuron	12	8	13	8	0.1755	SMC038	0.8333	EPB41L3-206	PASS	
EPB41L4A-AS1	Excitatory_neuron	13	8	13	8	0.5515	SMC049	0.4615	EPB41L4A-AS1-205	FAIL	Jackknife 0.55 ≥ 0.5; Direction 0.46 < 0.6
EPC1	Excitatory_neuron	9	8	13	8	0.2146	SMC049	0.5556	EPC1-202	FAIL	Direction 0.56 < 0.6
EPDR1	Excitatory_neuron	10	7	13	8	0.1861	SMC049	1.0	EPDR1-201	PASS	
EPG5	Excitatory_neuron	12	8	13	8	0.151	SMC049	0.9167	EPG5-213	PASS	
EPHA3	Excitatory_neuron	9	7	13	8	0.1758	PO41	0.6667	transcript144875.chr3.nnic	PASS	
EPHA4	Excitatory_neuron	11	8	13	8	0.8352	SMC038	0.4545	EPHA4-201	FAIL	Jackknife 0.84 ≥ 0.5; Direction 0.45 < 0.6
EPHA5	Excitatory_neuron	8	7	13	8	0.1433	SMC049	0.75	EPHA5-206	PASS	
EPHA7	Excitatory_neuron	12	8	13	8	0.3965	SMC049	0.4167	EPHA7-215	FAIL	Direction 0.42 < 0.6
EPHB1	Excitatory_neuron	9	5	13	8	0.0899	PO41	1.0	transcript235191.chr3.nnic	PASS	
EPHB2	Excitatory_neuron	7	7	13	8	1.171	SMC038	0.2857	EPHB2-202	FAIL	Jackknife 1.17 ≥ 0.5; Direction 0.29 < 0.6
EPHB6	Excitatory_neuron	10	7	13	8	1.1002	SMC038	0.4	EPHB6-209	FAIL	Jackknife 1.10 ≥ 0.5; Direction 0.40 < 0.6
EPIC1	Excitatory_neuron	8	7	13	8	0.5253	SMC038	0.625	EPIC1-230	FAIL	Jackknife 0.53 ≥ 0.5
EPM2A	Excitatory_neuron	10	5	13	8	0.097	PO28	0.8	EPM2A-214	PASS	
EPM2A-DT	Excitatory_neuron	9	6	13	8	0.025	SMC032	0.8889	EPM2A-DT-201	PASS	
EPRS1	Excitatory_neuron	13	8	13	8	0.3606	SMC038	0.4615	EPRS1-201	FAIL	Direction 0.46 < 0.6
ERC1	Excitatory_neuron	12	8	13	8	0.3932	PO05	0.8333	ERC1-201	PASS	
ERC2	Excitatory_neuron	13	8	13	8	0.3103	PO28	0.4615	ERC2-213	FAIL	Direction 0.46 < 0.6
ERCC2	Excitatory_neuron	6	6	13	8	0.2407	SMC049	1.0	ERCC2-204	PASS	
ERCC3	Excitatory_neuron	11	8	13	8	0.8072	SMC049	0.4545	ERCC3-201	FAIL	Jackknife 0.81 ≥ 0.5; Direction 0.45 < 0.6
ERCC4	Excitatory_neuron	11	7	13	8	0.5781	SMC041	0.5455	ERCC4-215	FAIL	Jackknife 0.58 ≥ 0.5; Direction 0.55 < 0.6
ERCC5	Excitatory_neuron	13	7	13	8	0.3135	SMC049	0.4615	ERCC5-212	FAIL	Direction 0.46 < 0.6
ERCC6	Excitatory_neuron	11	8	13	8	0.4246	SMC038	0.5455	ERCC6-201	FAIL	Direction 0.55 < 0.6
ERCC6L2	Excitatory_neuron	13	8	13	8	0.2039	PO28	0.9231	ERCC6L2-215	PASS	
ERCC8	Excitatory_neuron	10	5	13	8	0.1222	SMC032	0.8	ERCC8-232	PASS	
ERGIC1	Excitatory_neuron	11	6	13	8	0.3054	SMC041	0.7273	transcript232532.chr5.nnic	PASS	
ERGIC3	Excitatory_neuron	9	6	13	8	0.199	SMC038	0.7778	ERGIC3-201	PASS	
ERICH1	Excitatory_neuron	11	7	13	8	0.308	PO41	0.8182	ERICH1-207	PASS	
ERLEC1	Excitatory_neuron	9	6	13	8	0.3077	SMC049	0.8889	ERLEC1-202	PASS	
ERMARD	Excitatory_neuron	9	5	13	8	0.0274	SMC049	1.0	transcript232557.chr6.nic	PASS	
ERO1B	Excitatory_neuron	8	7	13	8	0.0208	PO28	1.0	ERO1B-208	PASS	
ERP29	Excitatory_neuron	10	6	13	8	0.0469	SMC036	0.5	ERP29-202	FAIL	Direction 0.50 < 0.6
ERP44	Excitatory_neuron	12	8	13	8	0.3723	SMC038	0.75	ERP44-209	PASS	
ERVK13-1	Excitatory_neuron	11	8	13	8	2.1922	SMC049	0.6364	ERVK13-1-208	FAIL	Jackknife 2.19 ≥ 0.5
ESRRG	Excitatory_neuron	7	5	13	8	0.4087	PO28	0.5714	transcript315466.chr1.nic	FAIL	Direction 0.57 < 0.6
ESYT1	Excitatory_neuron	8	8	13	8	0.2235	SMC038	0.75	ESYT1-201	PASS	
ESYT2	Excitatory_neuron	6	6	13	8	1.0	PO11	0.1667	ESYT2-201	FAIL	Jackknife 1.00 ≥ 0.5; Direction 0.17 < 0.6
ETAA1	Excitatory_neuron	8	6	13	8	0.219	PO28	0.875	ETAA1-203	PASS	
ETV1	Excitatory_neuron	4	6	13	8					INSUFFICIENT_DATA	reads 있는 도너 부족: AD=4/5, CT=6/4
EVI5	Excitatory_neuron	11	8	13	8	0.0		1.0	EVI5-207	PASS	
EVL	Excitatory_neuron	12	8	13	8	0.7833	SMC041	0.5833	EVL-203	FAIL	Jackknife 0.78 ≥ 0.5; Direction 0.58 < 0.6
EWSR1	Excitatory_neuron	11	8	13	8	0.148	SMC049	0.6364	EWSR1-217	PASS	
EXD2	Excitatory_neuron	8	6	13	8	0.08	SMC049	1.0	EXD2-214	PASS	
EXOC1	Excitatory_neuron	11	7	13	8	0.2119	SMC049	0.6364	EXOC1-203	PASS	
EXOC3	Excitatory_neuron	10	7	13	8	0.381	SMC038	0.3	EXOC3-209	FAIL	Direction 0.30 < 0.6
EXOC4	Excitatory_neuron	13	8	13	8	0.4711	SMC049	0.5385	EXOC4-201	FAIL	Direction 0.54 < 0.6
EXOC5	Excitatory_neuron	11	7	13	8	0.874	SMC049	0.7273	EXOC5-211	FAIL	Jackknife 0.87 ≥ 0.5
EXOC6B	Excitatory_neuron	12	8	13	8	0.2346	SMC038	0.5833	EXOC6B-202	FAIL	Direction 0.58 < 0.6
EXOC7	Excitatory_neuron	13	8	13	8	1.0533	SMC049	0.3077	EXOC7-204	FAIL	Jackknife 1.05 ≥ 0.5; Direction 0.31 < 0.6
EXOSC2	Excitatory_neuron	9	7	13	8	0.4852	PO41	0.4444	EXOSC2-217	FAIL	Direction 0.44 < 0.6
EXOSC5	Excitatory_neuron	10	8	13	8	0.5543	PO28	0.7	EXOSC5-202	FAIL	Jackknife 0.55 ≥ 0.5
EXOSC9	Excitatory_neuron	7	6	13	8	0.4698	SMC049	0.5714	EXOSC9-212	FAIL	Direction 0.57 < 0.6
EXPH5	Excitatory_neuron	4	5	13	8					INSUFFICIENT_DATA	reads 있는 도너 부족: AD=4/5, CT=5/4
EXT2	Excitatory_neuron	10	8	13	8	0.9291	SMC039	0.6	EXT2-214	FAIL	Jackknife 0.93 ≥ 0.5
EXTL3	Excitatory_neuron	8	6	13	8	0.4507	PO28	0.875	EXTL3-216	PASS	
EZH1	Excitatory_neuron	13	8	13	8	0.1848	SMC049	0.7692	EZH1-205	PASS	
FAAP100	Excitatory_neuron	10	6	13	8	0.4393	SMC049	0.9	FAAP100-201	PASS	
FADS3	Excitatory_neuron	12	8	13	8	0.8428	SMC049	0.4167	FADS3-201	FAIL	Jackknife 0.84 ≥ 0.5; Direction 0.42 < 0.6
FAHD1	Excitatory_neuron	11	8	13	8	0.5579	SMC049	0.1818	FAHD1-201	FAIL	Jackknife 0.56 ≥ 0.5; Direction 0.18 < 0.6
FAM107A	Excitatory_neuron	11	8	13	8	0.1142	SMC038	1.0	FAM107A-204	PASS	
FAM118B	Excitatory_neuron	10	7	13	8	0.1268	SMC049	0.8	FAM118B-201	PASS	
FAM120A	Excitatory_neuron	10	7	13	8	0.0875	PO42	0.9	FAM120A-202	PASS	
FAM120B	Excitatory_neuron	7	7	13	8	0.7913	PO28	0.7143	transcript233619.chr6.nic	FAIL	Jackknife 0.79 ≥ 0.5
FAM120C	Excitatory_neuron	8	6	13	8	1.1902	SMC049	0.375	transcript57594.chrX.nic	FAIL	Jackknife 1.19 ≥ 0.5; Direction 0.38 < 0.6
FAM124A	Excitatory_neuron	7	5	13	8	0.3968	SMC049	0.2857	FAM124A-202	FAIL	Direction 0.29 < 0.6
FAM131A	Excitatory_neuron	10	6	13	8	0.3799	SMC038	0.8	FAM131A-201	PASS	
FAM133B	Excitatory_neuron	10	8	13	8	0.9983	SMC049	0.4	transcript131043.chr7.nic	FAIL	Jackknife 1.00 ≥ 0.5; Direction 0.40 < 0.6
FAM135A	Excitatory_neuron	11	8	13	8	0.0853	PO28	0.8182	FAM135A-205	PASS	
FAM13C	Excitatory_neuron	12	8	13	8	0.2842	SMC039	0.5833	FAM13C-217	FAIL	Direction 0.58 < 0.6
FAM149A	Excitatory_neuron	8	8	13	8	0.3236	PO28	0.75	transcript219658.chr4.nic	PASS	
FAM153A	Excitatory_neuron	11	7	13	8	0.1902	PO05	1.0	FAM153A-224	PASS	
FAM153CP	Excitatory_neuron	12	8	13	8	0.1256	PO05	0.9167	FAM153CP-235	PASS	
FAM156A	Excitatory_neuron	10	8	13	8	8.4044	SMC038	0.4	FAM156A-201	FAIL	Jackknife 8.40 ≥ 0.5; Direction 0.40 < 0.6
FAM161A	Excitatory_neuron	13	8	13	8	0.3461	SMC049	0.9231	FAM161A-203	PASS	
FAM162A	Excitatory_neuron	9	7	13	8	0.1298	SMC049	1.0	FAM162A-209	PASS	
FAM172A	Excitatory_neuron	11	7	13	8	1.6557	SMC032	0.3636	FAM172A-201	FAIL	Jackknife 1.66 ≥ 0.5; Direction 0.36 < 0.6
FAM184A	Excitatory_neuron	12	7	13	8	0.5039	PO28	0.6667	FAM184A-201	FAIL	Jackknife 0.50 ≥ 0.5
FAM185A	Excitatory_neuron	10	7	13	8	1.101	SMC032	0.1	transcript151977.chr7.nnic	FAIL	Jackknife 1.10 ≥ 0.5; Direction 0.10 < 0.6
FAM193A	Excitatory_neuron	11	7	13	8	0.3582	PO42	0.7273	FAM193A-208	PASS	
FAM20B	Excitatory_neuron	7	5	13	8	0.6847	PO41	0.4286	FAM20B-201	FAIL	Jackknife 0.68 ≥ 0.5; Direction 0.43 < 0.6
FAM210B	Excitatory_neuron	6	6	13	8	0.8902	SMC041	0.3333	FAM210B-201	FAIL	Jackknife 0.89 ≥ 0.5; Direction 0.33 < 0.6
FAM222B	Excitatory_neuron	9	6	13	8	0.4492	SMC038	0.7778	FAM222B-208	PASS	
FAM234A	Excitatory_neuron	9	7	13	8	0.4784	SMC038	0.7778	FAM234A-202	PASS	
FAM47E	Excitatory_neuron	9	5	13	8	0.6268	PO41	0.6667	FAM47E-202	FAIL	Jackknife 0.63 ≥ 0.5
FAM50A	Excitatory_neuron	7	4	13	8	0.389	SMC049	0.7143	transcript164112.chrX.nic	PASS	
FAM66C	Excitatory_neuron	9	6	13	8	0.1438	SMC049	0.6667	FAM66C-212	PASS	
FAM76A	Excitatory_neuron	10	7	13	8	0.4527	PO11	0.6	transcript50140.chr1.nic	PASS	
FAM91A1	Excitatory_neuron	8	6	13	8	0.1186	PO05	0.875	FAM91A1-207	PASS	
FAM98A	Excitatory_neuron	11	8	13	8	0.4538	SMC049	0.6364	FAM98A-204	PASS	
FAN1	Excitatory_neuron	11	8	13	8	0.306	SMC038	0.5455	FAN1-204	FAIL	Direction 0.55 < 0.6
FANCC	Excitatory_neuron	7	4	13	8	0.4297	SMC049	0.2857	FANCC-224	FAIL	Direction 0.29 < 0.6
FANCL	Excitatory_neuron	10	8	13	8	1.0938	PO28	0.1	FANCL-248	FAIL	Jackknife 1.09 ≥ 0.5; Direction 0.10 < 0.6
FANCM	Excitatory_neuron	12	7	13	8	0.4327	SMC029	0.5	FANCM-201	FAIL	Direction 0.50 < 0.6
FARP1	Excitatory_neuron	11	8	13	8	0.5093	SMC041	0.6364	FARP1-201	FAIL	Jackknife 0.51 ≥ 0.5
FARP2	Excitatory_neuron	10	5	13	8	0.0996	SMC049	0.9	FARP2-211	PASS	
FARS2	Excitatory_neuron	8	7	13	8	0.1125	SMC049	0.75	FARS2-201	PASS	
FARSA	Excitatory_neuron	8	7	13	8	1.2129	SMC049	0.75	FARSA-201	FAIL	Jackknife 1.21 ≥ 0.5
FAS	Excitatory_neuron	6	5	13	8	0.2839	PO28	0.8333	FAS-225	PASS	
FASTK	Excitatory_neuron	9	7	13	8	0.3062	SMC049	0.6667	transcript231642.chr7.nnic	PASS	
FASTKD1	Excitatory_neuron	11	8	13	8	0.315	PO28	0.8182	FASTKD1-205	PASS	
FASTKD2	Excitatory_neuron	12	8	13	8	0.7222	SMC049	0.4167	FASTKD2-201	FAIL	Jackknife 0.72 ≥ 0.5; Direction 0.42 < 0.6
FASTKD5	Excitatory_neuron	10	7	13	8	0.3373	SMC049	0.9	FASTKD5-202	PASS	
FAT1	Excitatory_neuron	11	7	13	8	0.0417	SMC049	0.9091	FAT1-201	PASS	
FBN1	Excitatory_neuron	11	8	13	8	0.1001	SMC049	0.9091	FBN1-205	PASS	
FBXL15	Excitatory_neuron	11	7	13	8	0.0442	PO11	0.6364	transcript186405.chr10.nic	PASS	
FBXL18	Excitatory_neuron	6	5	13	8	0.604	SMC049	0.6667	transcript9859.chr7.nic	FAIL	Jackknife 0.60 ≥ 0.5
FBXL20	Excitatory_neuron	7	6	13	8	0.2018	PO28	0.8571	FBXL20-201	PASS	
FBXL3	Excitatory_neuron	12	6	13	8	1.0615	SMC049	0.1667	FBXL3-201	FAIL	Jackknife 1.06 ≥ 0.5; Direction 0.17 < 0.6
FBXL5	Excitatory_neuron	11	8	13	8	0.3107	SMC049	0.3636	FBXL5-205	FAIL	Direction 0.36 < 0.6
FBXO11	Excitatory_neuron	10	7	13	8	0.6784	PO28	0.6	FBXO11-206	FAIL	Jackknife 0.68 ≥ 0.5
FBXO21	Excitatory_neuron	12	8	13	8	0.7668	SMC049	0.5833	FBXO21-207	FAIL	Jackknife 0.77 ≥ 0.5; Direction 0.58 < 0.6
FBXO25	Excitatory_neuron	9	6	13	8	0.1	SMC038	0.7778	transcript17.chr8.nnic	PASS	
FBXO34	Excitatory_neuron	9	7	13	8	0.5417	SMC049	0.2222	FBXO34-212	FAIL	Jackknife 0.54 ≥ 0.5; Direction 0.22 < 0.6
FBXO7	Excitatory_neuron	12	7	13	8	0.1573	SMC049	0.6667	FBXO7-202	PASS	
FBXW11	Excitatory_neuron	11	5	13	8	0.261	SMC049	0.7273	FBXW11-203	PASS	
FBXW5	Excitatory_neuron	12	8	13	8	2.4377	SMC049	0.3333	FBXW5-206	FAIL	Jackknife 2.44 ≥ 0.5; Direction 0.33 < 0.6
FCHO2	Excitatory_neuron	10	8	13	8	0.798	SMC049	0.2	FCHO2-202	FAIL	Jackknife 0.80 ≥ 0.5; Direction 0.20 < 0.6
FDFT1	Excitatory_neuron	12	7	13	8	0.1837	SMC049	0.4167	FDFT1-209	FAIL	Direction 0.42 < 0.6
FDPS	Excitatory_neuron	10	6	13	8	1.2758	SMC049	0.3	FDPS-206	FAIL	Jackknife 1.28 ≥ 0.5; Direction 0.30 < 0.6
FDXR	Excitatory_neuron	9	4	13	8	0.0581	SMC049	1.0	FDXR-203	PASS	
FECH	Excitatory_neuron	6	7	13	8	1.0	SMC049	0.1667	FECH-212	FAIL	Jackknife 1.00 ≥ 0.5; Direction 0.17 < 0.6
FEZ1	Excitatory_neuron	12	8	13	8	0.4366	SMC049	0.75	FEZ1-201	PASS	
FEZ2	Excitatory_neuron	6	6	13	8	0.1573	PO42	0.8333	FEZ2-203	PASS	
FGD1	Excitatory_neuron	10	6	13	8	0.1684	SMC043	0.9	FGD1-201	PASS	
FGD4	Excitatory_neuron	10	8	13	8	0.2973	PO41	0.3	FGD4-216	FAIL	Direction 0.30 < 0.6
FGD5-AS1	Excitatory_neuron	9	7	13	8	0.2713	PO11	0.8889	FGD5-AS1-202	PASS	
FGF5	Excitatory_neuron	8	6	13	8	0.1564	PO41	0.625	FGF5-201	PASS	
FGFR1	Excitatory_neuron	9	5	13	8	0.935	PO41	0.2222	FGFR1-225	FAIL	Jackknife 0.94 ≥ 0.5; Direction 0.22 < 0.6
FHIP2B	Excitatory_neuron	11	7	13	8	0.2512	SMC049	0.3636	FHIP2B-201	FAIL	Direction 0.36 < 0.6
FHL1	Excitatory_neuron	11	8	13	8	0.4652	SMC049	0.3636	FHL1-234	FAIL	Direction 0.36 < 0.6
FHL2	Excitatory_neuron	8	7	13	8	0.0203	SMC038	1.0	transcript228266.chr2.nic	PASS	
FIBP	Excitatory_neuron	10	8	13	8	0.9026	SMC049	0.4	FIBP-206	FAIL	Jackknife 0.90 ≥ 0.5; Direction 0.40 < 0.6
FIG4	Excitatory_neuron	11	7	13	8	0.6879	SMC049	0.5455	FIG4-207	FAIL	Jackknife 0.69 ≥ 0.5; Direction 0.55 < 0.6
FIGNL1	Excitatory_neuron	9	6	13	8	0.158	SMC049	0.7778	FIGNL1-211	PASS	
FILIP1	Excitatory_neuron	9	6	13	8	0.0		1.0	FILIP1-204	PASS	
FIP1L1	Excitatory_neuron	12	7	13	8	0.3096	SMC049	0.8333	FIP1L1-215	PASS	
FKBP15	Excitatory_neuron	11	8	13	8	0.2646	SMC038	0.7273	FKBP15-202	PASS	
FKBP1A	Excitatory_neuron	9	7	13	8	0.2764	SMC032	0.3333	FKBP1A-204	FAIL	Direction 0.33 < 0.6
FLAD1	Excitatory_neuron	8	6	13	8	0.0574	SMC038	0.75	transcript239484.chr1.nic	PASS	
FLCN	Excitatory_neuron	10	8	13	8	0.4621	SMC041	0.6	FLCN-201	PASS	
FLII	Excitatory_neuron	11	7	13	8	1.268	SMC049	0.2727	FLII-221	FAIL	Jackknife 1.27 ≥ 0.5; Direction 0.27 < 0.6
FLNA	Excitatory_neuron	10	6	13	8	0.452	SMC038	0.8	FLNA-220	PASS	
FLNB	Excitatory_neuron	12	8	13	8	0.0967	SMC041	0.75	FLNB-222	PASS	
FLOT1	Excitatory_neuron	12	8	13	8	0.268	SMC049	0.4167	FLOT1-201	FAIL	Direction 0.42 < 0.6
FLOT2	Excitatory_neuron	10	5	13	8	2.3015	SMC041	0.6	FLOT2-202	FAIL	Jackknife 2.30 ≥ 0.5
FLRT2	Excitatory_neuron	7	6	13	8	0.1638	SMC049	0.7143	transcript98892.chr14.nnic	PASS	
FLYWCH1	Excitatory_neuron	11	8	13	8	0.7981	SMC049	0.5455	FLYWCH1-212	FAIL	Jackknife 0.80 ≥ 0.5; Direction 0.55 < 0.6
FMN1	Excitatory_neuron	11	7	13	8	0.7829	SMC041	0.1818	FMN1-211	FAIL	Jackknife 0.78 ≥ 0.5; Direction 0.18 < 0.6
FMNL2	Excitatory_neuron	11	7	13	8	0.1582	SMC041	0.7273	FMNL2-202	PASS	
FMR1	Excitatory_neuron	10	6	13	8	0.6162	SMC032	0.2	FMR1-201	FAIL	Jackknife 0.62 ≥ 0.5; Direction 0.20 < 0.6
FNBP1L	Excitatory_neuron	10	6	13	8	0.3042	PO28	0.7	FNBP1L-201	PASS	
FNBP4	Excitatory_neuron	12	8	13	8	0.5284	SMC038	0.3333	FNBP4-213	FAIL	Jackknife 0.53 ≥ 0.5; Direction 0.33 < 0.6
FNDC3A	Excitatory_neuron	13	7	13	8	0.1786	PO28	0.8462	FNDC3A-201	PASS	
FOCAD	Excitatory_neuron	10	8	13	8	0.2168	PO28	0.4	transcript32411.chr9.nnic	FAIL	Direction 0.40 < 0.6
FOXJ3	Excitatory_neuron	11	7	13	8	0.391	SMC049	0.8182	FOXJ3-201	PASS	
FOXK2	Excitatory_neuron	11	8	13	8	0.4204	SMC049	0.7273	FOXK2-212	PASS	
FOXN3	Excitatory_neuron	8	7	13	8	0.0		1.0	FOXN3-211	PASS	
FOXO3	Excitatory_neuron	7	5	13	8	0.0536	SMC049	0.8571	FOXO3-201	PASS	
FOXP1	Excitatory_neuron	11	8	13	8	0.0291	SMC049	0.9091	transcript119410.chr3.nic	PASS	
FOXP2	Excitatory_neuron	8	7	13	8	0.5226	SMC049	0.5	FOXP2-226	FAIL	Jackknife 0.52 ≥ 0.5; Direction 0.50 < 0.6
FOXRED1	Excitatory_neuron	11	7	13	8	0.7912	SMC049	1.0	FOXRED1-201	FAIL	Jackknife 0.79 ≥ 0.5
FPGT	Excitatory_neuron	8	6	13	8	0.0765	SMC049	1.0	transcript133590.chr1.nnic	PASS	
FRA10AC1	Excitatory_neuron	10	7	13	8	0.0		1.0	transcript168065.chr10.nnic	PASS	
FRMD4A	Excitatory_neuron	11	8	13	8	0.2359	SMC038	0.2727	FRMD4A-202	FAIL	Direction 0.27 < 0.6
FRMPD2	Excitatory_neuron	5	2	13	8					INSUFFICIENT_DATA	reads 있는 도너 부족: AD=5/5, CT=2/4
FRRS1L	Excitatory_neuron	11	6	13	8	0.1148	SMC049	0.8182	transcript182362.chr9.nnic	PASS	
FRS2	Excitatory_neuron	7	6	13	8	0.0		1.0	FRS2-206	PASS	
FRY	Excitatory_neuron	12	8	13	8	1.0234	PO28	0.3333	FRY-213	FAIL	Jackknife 1.02 ≥ 0.5; Direction 0.33 < 0.6
FRYL	Excitatory_neuron	10	8	13	8	0.1537	SMC049	0.9	FRYL-201	PASS	
FSBP	Excitatory_neuron	11	5	13	8	0.4798	SMC041	0.4545	FSBP-202	FAIL	Direction 0.45 < 0.6
FSD1	Excitatory_neuron	12	8	13	8	0.7315	SMC049	0.4167	FSD1-201	FAIL	Jackknife 0.73 ≥ 0.5; Direction 0.42 < 0.6
FSHR	Excitatory_neuron	7	4	13	8	0.0356	PO11	1.0	transcript59534.chr2.nnic	PASS	
FSTL1	Excitatory_neuron	7	6	13	8	0.3357	PO11	0.5714	FSTL1-201	FAIL	Direction 0.57 < 0.6
FSTL4	Excitatory_neuron	9	7	13	8	0.62	SMC049	0.6667	FSTL4-201	FAIL	Jackknife 0.62 ≥ 0.5
FTCDNL1	Excitatory_neuron	11	5	13	8	0.225	SMC038	0.6364	FTCDNL1-204	PASS	
FTH1	Excitatory_neuron	13	8	13	8	2.1759	SMC049	0.3077	FTH1-201	FAIL	Jackknife 2.18 ≥ 0.5; Direction 0.31 < 0.6
FTX	Excitatory_neuron	12	8	13	8	0.5304	PO05	0.25	FTX-260	FAIL	Jackknife 0.53 ≥ 0.5; Direction 0.25 < 0.6
FUBP1	Excitatory_neuron	10	7	13	8	0.0795	PO11	0.5	transcript142149.chr1.nic	FAIL	Direction 0.50 < 0.6
FUBP3	Excitatory_neuron	12	7	13	8	0.5177	PO05	0.25	FUBP3-201	FAIL	Jackknife 0.52 ≥ 0.5; Direction 0.25 < 0.6
FUCA1	Excitatory_neuron	9	6	13	8	0.1877	SMC049	0.5556	transcript45670.chr1.nnic	FAIL	Direction 0.56 < 0.6
FUS	Excitatory_neuron	13	8	13	8	0.715	SMC049	0.4615	FUS-206	FAIL	Jackknife 0.71 ≥ 0.5; Direction 0.46 < 0.6
FUT8	Excitatory_neuron	7	6	13	8	0.282	PO11	0.5714	FUT8-216	FAIL	Direction 0.57 < 0.6
FXR1	Excitatory_neuron	12	8	13	8	0.3656	SMC041	0.75	FXR1-203	PASS	
FYN	Excitatory_neuron	9	8	13	8	0.3874	SMC038	0.3333	transcript160449.chr6.nic	FAIL	Direction 0.33 < 0.6
FZD3	Excitatory_neuron	10	7	13	8	0.7011	SMC039	0.7	FZD3-204	FAIL	Jackknife 0.70 ≥ 0.5
FZD6	Excitatory_neuron	5	4	13	8	0.0		1.0	transcript151676.chr8.nic	PASS	
G3BP2	Excitatory_neuron	12	7	13	8	0.2595	PO28	0.3333	G3BP2-241	FAIL	Direction 0.33 < 0.6
GAA	Excitatory_neuron	9	8	13	8	0.4375	SMC032	0.8889	GAA-209	PASS	
GABARAPL1	Excitatory_neuron	11	8	13	8	0.396	SMC041	0.3636	GABARAPL1-218	FAIL	Direction 0.36 < 0.6
GABPB1	Excitatory_neuron	8	5	13	8	0.1947	SMC038	0.5	GABPB1-201	FAIL	Direction 0.50 < 0.6
GABRA1	Excitatory_neuron	12	8	13	8	0.8731	SMC049	0.5833	GABRA1-219	FAIL	Jackknife 0.87 ≥ 0.5; Direction 0.58 < 0.6
GABRA2	Excitatory_neuron	11	8	13	8	0.5023	PO28	0.3636	GABRA2-202	FAIL	Jackknife 0.50 ≥ 0.5; Direction 0.36 < 0.6
GABRA5	Excitatory_neuron	8	8	13	8	0.3201	SMC049	0.625	GABRA5-201	PASS	
GABRB2	Excitatory_neuron	12	7	13	8	0.2712	SMC049	0.8333	GABRB2-202	PASS	
GABRB3	Excitatory_neuron	12	8	13	8	1.4953	SMC032	0.3333	GABRB3-202	FAIL	Jackknife 1.50 ≥ 0.5; Direction 0.33 < 0.6
GABRG2	Excitatory_neuron	12	8	13	8	0.2926	PO28	0.3333	GABRG2-215	FAIL	Direction 0.33 < 0.6
GAD1	Excitatory_neuron	11	7	13	8	0.0258	SMC049	0.0	GAD1-202	FAIL	Direction 0.00 < 0.6
GAK	Excitatory_neuron	13	6	13	8	0.3447	SMC038	0.4615	GAK-201	FAIL	Direction 0.46 < 0.6
GALK2	Excitatory_neuron	10	6	13	8	0.1351	SMC032	1.0	GALK2-201	PASS	
GALNS	Excitatory_neuron	8	6	13	8	0.0603	SMC038	0.875	GALNS-203	PASS	
GALNT1	Excitatory_neuron	9	6	13	8	0.0		1.0	GALNT1-201	PASS	
GALNT11	Excitatory_neuron	11	7	13	8	1.2416	SMC049	0.1818	GALNT11-208	FAIL	Jackknife 1.24 ≥ 0.5; Direction 0.18 < 0.6
GALNT14	Excitatory_neuron	7	5	13	8	1.1253	PO28	0.1429	transcript36336.chr2.nic	FAIL	Jackknife 1.13 ≥ 0.5; Direction 0.14 < 0.6
GALNT16	Excitatory_neuron	11	7	13	8	0.8574	SMC038	0.7273	GALNT16-202	FAIL	Jackknife 0.86 ≥ 0.5
GALNT2	Excitatory_neuron	9	6	13	8	0.2187	SMC041	1.0	GALNT2-204	PASS	
GALNT7	Excitatory_neuron	11	7	13	8	0.5367	SMC049	0.6364	GALNT7-201	FAIL	Jackknife 0.54 ≥ 0.5
GALNT9	Excitatory_neuron	10	7	13	8	0.0784	SMC049	0.7	GALNT9-201	PASS	
GALNTL6	Excitatory_neuron	11	7	13	8	0.819	PO42	0.3636	GALNTL6-203	FAIL	Jackknife 0.82 ≥ 0.5; Direction 0.36 < 0.6
GAN	Excitatory_neuron	11	6	13	8	1.3777	SMC049	0.2727	GAN-202	FAIL	Jackknife 1.38 ≥ 0.5; Direction 0.27 < 0.6
GAPDH	Excitatory_neuron	13	8	13	8	0.1942	SMC049	0.0	GAPDH-201	FAIL	Direction 0.00 < 0.6
GAPVD1	Excitatory_neuron	12	8	13	8	1.0284	SMC049	0.5	GAPVD1-219	FAIL	Jackknife 1.03 ≥ 0.5; Direction 0.50 < 0.6
GARNL3	Excitatory_neuron	10	7	13	8	0.0367	PO11	0.9	transcript207155.chr9.nnic	PASS	
GARS1	Excitatory_neuron	10	8	13	8	0.2549	SMC038	0.3	GARS1-201	FAIL	Direction 0.30 < 0.6
GARS1-DT	Excitatory_neuron	10	6	13	8	0.0855	SMC038	0.9	GARS1-DT-239	PASS	
GART	Excitatory_neuron	8	7	13	8	1.3669	SMC049	0.625	GART-203	FAIL	Jackknife 1.37 ≥ 0.5
GAS2	Excitatory_neuron	9	8	13	8	0.2263	PO11	0.6667	transcript32910.chr11.nic	PASS	
GAS6	Excitatory_neuron	13	8	13	8	0.1098	SMC041	0.3077	GAS6-204	FAIL	Direction 0.31 < 0.6
GAS8	Excitatory_neuron	9	7	13	8	0.3375	PO28	0.5556	GAS8-220	FAIL	Direction 0.56 < 0.6
GATAD1	Excitatory_neuron	11	7	13	8	0.094	PO41	0.8182	GATAD1-203	PASS	
GATM	Excitatory_neuron	13	8	13	8	0.9651	SMC049	0.4615	GATM-201	FAIL	Jackknife 0.97 ≥ 0.5; Direction 0.46 < 0.6
GBAP1	Excitatory_neuron	7	6	13	8	0.1986	PO28	0.5714	GBAP1-225	FAIL	Direction 0.57 < 0.6
GBF1	Excitatory_neuron	12	7	13	8	1.0207	SMC038	0.1667	GBF1-239	FAIL	Jackknife 1.02 ≥ 0.5; Direction 0.17 < 0.6
GCA	Excitatory_neuron	9	6	13	8	0.6287	SMC049	0.5556	transcript309934.chr2.nic	FAIL	Jackknife 0.63 ≥ 0.5; Direction 0.56 < 0.6
GCC2	Excitatory_neuron	13	8	13	8	0.1957	PO11	0.5385	GCC2-223	FAIL	Direction 0.54 < 0.6
GCSH	Excitatory_neuron	10	7	13	8	0.6585	SMC049	0.5	GCSH-208	FAIL	Jackknife 0.66 ≥ 0.5; Direction 0.50 < 0.6
GDA	Excitatory_neuron	9	7	13	8	0.1314	SMC049	0.8889	GDA-202	PASS	
GDAP1	Excitatory_neuron	13	8	13	8	0.2474	SMC038	0.8462	GDAP1-201	PASS	
GDAP2	Excitatory_neuron	10	7	13	8	0.775	SMC041	0.6	GDAP2-202	FAIL	Jackknife 0.78 ≥ 0.5
GEMIN4	Excitatory_neuron	9	6	13	8	0.3644	SMC049	0.8889	GEMIN4-207	PASS	
GET4	Excitatory_neuron	6	8	13	8	0.3589	SMC049	0.6667	GET4-202	PASS	
GFAP	Excitatory_neuron	13	8	13	8	0.9026	SMC049	0.2308	GFAP-214	FAIL	Jackknife 0.90 ≥ 0.5; Direction 0.23 < 0.6
GFOD1	Excitatory_neuron	12	8	13	8	0.3318	SMC041	0.4167	GFOD1-203	FAIL	Direction 0.42 < 0.6
GGA1	Excitatory_neuron	13	8	13	8	0.7508	PO28	0.2308	GGA1-222	FAIL	Jackknife 0.75 ≥ 0.5; Direction 0.23 < 0.6
GGCX	Excitatory_neuron	7	6	13	8	0.4998	SMC049	0.7143	GGCX-201	PASS	
GGNBP2	Excitatory_neuron	13	8	13	8	0.1113	SMC038	0.8462	GGNBP2-210	PASS	
GHITM	Excitatory_neuron	12	8	13	8	0.1891	SMC049	0.8333	GHITM-213	PASS	
GIGYF2	Excitatory_neuron	12	8	13	8	0.4511	SMC049	0.75	GIGYF2-201	PASS	
GIHCG	Excitatory_neuron	10	6	13	8	0.1006	PO41	0.5	GIHCG-209	FAIL	Direction 0.50 < 0.6
GJC1	Excitatory_neuron	5	4	13	8	0.1499	SMC049	0.6	transcript77521.chr17.nnic	PASS	
GLCCI1	Excitatory_neuron	12	7	13	8	0.5163	SMC049	0.75	transcript14161.chr7.nnic	FAIL	Jackknife 0.52 ≥ 0.5
GLCE	Excitatory_neuron	9	7	13	8	1.465	PO28	0.5556	transcript104571.chr15.nnic	FAIL	Jackknife 1.47 ≥ 0.5; Direction 0.56 < 0.6
GLE1	Excitatory_neuron	9	6	13	8	0.9665	SMC049	0.4444	GLE1-205	FAIL	Jackknife 0.97 ≥ 0.5; Direction 0.44 < 0.6
GLIDR	Excitatory_neuron	8	6	13	8	0.4583	PO41	0.875	GLIDR-220	PASS	
GLOD4	Excitatory_neuron	11	8	13	8	0.1599	SMC038	0.7273	GLOD4-202	PASS	
GLS	Excitatory_neuron	9	6	13	8	0.2808	PO41	0.6667	GLS-201	PASS	
GLS2	Excitatory_neuron	9	6	13	8	0.8858	SMC049	0.5556	GLS2-201	FAIL	Jackknife 0.89 ≥ 0.5; Direction 0.56 < 0.6
GLT1D1	Excitatory_neuron	10	7	13	8	0.5025	PO42	0.2	transcript189876.chr12.nnic	FAIL	Jackknife 0.50 ≥ 0.5; Direction 0.20 < 0.6
GLUD1	Excitatory_neuron	11	6	13	8	0.2222	SMC032	0.4545	GLUD1-201	FAIL	Direction 0.45 < 0.6
GLYR1	Excitatory_neuron	13	8	13	8	0.1447	SMC049	1.0	GLYR1-201	PASS	
GMDS-DT	Excitatory_neuron	8	7	13	8	0.0		1.0	GMDS-DT-207	PASS	
GMEB1	Excitatory_neuron	11	7	13	8	0.2116	SMC039	0.2727	GMEB1-203	FAIL	Direction 0.27 < 0.6
GMPPA	Excitatory_neuron	10	6	13	8	0.9741	SMC041	0.2	GMPPA-203	FAIL	Jackknife 0.97 ≥ 0.5; Direction 0.20 < 0.6
GMPR2	Excitatory_neuron	10	6	13	8	0.0756	SMC049	1.0	GMPR2-202	PASS	
GNAI1	Excitatory_neuron	12	8	13	8	0.1822	SMC032	0.8333	GNAI1-228	PASS	
GNAI2	Excitatory_neuron	12	6	13	8	0.4332	SMC041	0.75	GNAI2-202	PASS	
GNAO1	Excitatory_neuron	12	8	13	8	0.771	SMC038	0.1667	GNAO1-201	FAIL	Jackknife 0.77 ≥ 0.5; Direction 0.17 < 0.6
GNAS	Excitatory_neuron	13	8	13	8	1.2613	SMC049	0.4615	GNAS-274	FAIL	Jackknife 1.26 ≥ 0.5; Direction 0.46 < 0.6
GNB4	Excitatory_neuron	5	3	13	8					INSUFFICIENT_DATA	reads 있는 도너 부족: AD=5/5, CT=3/4
GNB5	Excitatory_neuron	12	8	13	8	0.682	SMC049	0.1667	GNB5-201	FAIL	Jackknife 0.68 ≥ 0.5; Direction 0.17 < 0.6
GNE	Excitatory_neuron	7	5	13	8	0.2868	PO42	0.8571	transcript47769.chr9.nnic	PASS	
GNG2	Excitatory_neuron	9	8	13	8	0.8519	SMC032	0.2222	GNG2-213	FAIL	Jackknife 0.85 ≥ 0.5; Direction 0.22 < 0.6
GNL3L	Excitatory_neuron	10	6	13	8	0.0253	SMC039	0.9	GNL3L-204	PASS	
GNPTG	Excitatory_neuron	12	7	13	8	0.8943	SMC049	0.5	GNPTG-201	FAIL	Jackknife 0.89 ≥ 0.5; Direction 0.50 < 0.6
GOLGA2	Excitatory_neuron	12	6	13	8	0.7698	SMC049	0.6667	GOLGA2-213	FAIL	Jackknife 0.77 ≥ 0.5
GOLGA3	Excitatory_neuron	11	7	13	8	0.8932	SMC039	0.1818	GOLGA3-206	FAIL	Jackknife 0.89 ≥ 0.5; Direction 0.18 < 0.6
GOLGA4	Excitatory_neuron	13	7	13	8	1.0063	SMC041	0.0769	GOLGA4-201	FAIL	Jackknife 1.01 ≥ 0.5; Direction 0.08 < 0.6
GOLGA7	Excitatory_neuron	12	7	13	8	1.0994	SMC049	0.6667	GOLGA7-208	FAIL	Jackknife 1.10 ≥ 0.5
GOLGA8A	Excitatory_neuron	12	8	13	8	0.2863	SMC049	0.4167	GOLGA8A-202	FAIL	Direction 0.42 < 0.6
GOLGB1	Excitatory_neuron	13	8	13	8	0.3662	SMC049	0.4615	GOLGB1-212	FAIL	Direction 0.46 < 0.6
GON4L	Excitatory_neuron	12	8	13	8	0.406	SMC049	0.5833	GON4L-209	FAIL	Direction 0.58 < 0.6
GORAB	Excitatory_neuron	8	8	13	8	0.2879	SMC049	0.75	GORAB-213	PASS	
GORASP1	Excitatory_neuron	7	7	13	8	0.1869	SMC049	0.8571	GORASP1-223	PASS	
GOSR2	Excitatory_neuron	12	8	13	8	0.6162	SMC049	0.5833	GOSR2-239	FAIL	Jackknife 0.62 ≥ 0.5; Direction 0.58 < 0.6
GPAA1	Excitatory_neuron	12	7	13	8	0.1413	SMC049	0.9167	GPAA1-214	PASS	
GPALPP1	Excitatory_neuron	12	8	13	8	0.3821	SMC049	0.6667	GPALPP1-206	PASS	
GPAM	Excitatory_neuron	11	6	13	8	0.0279	PO05	0.9091	GPAM-202	PASS	
GPAT2	Excitatory_neuron	2	3	13	8					INSUFFICIENT_DATA	reads 있는 도너 부족: AD=2/5, CT=3/4
GPAT3	Excitatory_neuron	6	5	13	8	1.0	PO42	0.6667	transcript119563.chr4.nic	FAIL	Jackknife 1.00 ≥ 0.5
GPAT4	Excitatory_neuron	10	8	13	8	0.2843	PO28	0.4	transcript84292.chr8.nnic	FAIL	Direction 0.40 < 0.6
GPATCH11	Excitatory_neuron	9	6	13	8	0.9993	SMC041	0.2222	transcript40207.chr2.nnic	FAIL	Jackknife 1.00 ≥ 0.5; Direction 0.22 < 0.6
GPATCH2	Excitatory_neuron	8	8	13	8	0.5147	SMC038	0.5	GPATCH2-202	FAIL	Jackknife 0.51 ≥ 0.5; Direction 0.50 < 0.6
GPATCH2L	Excitatory_neuron	12	8	13	8	1.2171	SMC049	0.5833	GPATCH2L-201	FAIL	Jackknife 1.22 ≥ 0.5; Direction 0.58 < 0.6
GPATCH8	Excitatory_neuron	11	8	13	8	0.4115	SMC041	0.4545	GPATCH8-211	FAIL	Direction 0.45 < 0.6
GPBP1	Excitatory_neuron	12	8	13	8	2.3306	SMC049	0.5	GPBP1-203	FAIL	Jackknife 2.33 ≥ 0.5; Direction 0.50 < 0.6
GPC1	Excitatory_neuron	12	8	13	8	0.1352	SMC038	0.6667	GPC1-201	PASS	
GPD2	Excitatory_neuron	5	6	13	8	0.2002	PO28	0.6	GPD2-201	PASS	
GPHN	Excitatory_neuron	9	8	13	8	0.5764	SMC049	0.4444	GPHN-201	FAIL	Jackknife 0.58 ≥ 0.5; Direction 0.44 < 0.6
GPI	Excitatory_neuron	13	7	13	8	0.8688	SMC049	0.6923	GPI-201	FAIL	Jackknife 0.87 ≥ 0.5
GPM6A	Excitatory_neuron	12	8	13	8	0.2275	SMC049	0.75	GPM6A-202	PASS	
GPM6B	Excitatory_neuron	13	8	13	8	0.5651	SMC049	0.8462	transcript16090.chrX.nic	FAIL	Jackknife 0.57 ≥ 0.5
GPNMB	Excitatory_neuron	10	7	13	8	0.2428	PO42	0.6	GPNMB-201	PASS	
GPR108	Excitatory_neuron	11	8	13	8	0.3663	SMC049	0.4545	GPR108-202	FAIL	Direction 0.45 < 0.6
GPR137	Excitatory_neuron	9	8	13	8	0.0427	SMC049	0.8889	transcript74075.chr11.nic	PASS	
GPR137B	Excitatory_neuron	6	6	13	8	0.0		1.0	transcript343224.chr1.nnic	PASS	
GPR155	Excitatory_neuron	11	8	13	8	0.1174	PO28	0.5455	GPR155-203	FAIL	Direction 0.55 < 0.6
GPR162	Excitatory_neuron	11	7	13	8	0.2048	SMC041	0.5455	GPR162-203	FAIL	Direction 0.55 < 0.6
GPR61	Excitatory_neuron	11	8	13	8	2.3559	SMC041	0.4545	GPR61-201	FAIL	Jackknife 2.36 ≥ 0.5; Direction 0.45 < 0.6
GPR63	Excitatory_neuron	10	7	13	8	0.0836	PO41	0.9	GPR63-201	PASS	
GPR89B	Excitatory_neuron	12	8	13	8	0.3527	PO05	0.75	GPR89B-204	PASS	
GPRASP1	Excitatory_neuron	12	6	13	8	0.1036	PO41	0.8333	GPRASP1-201	PASS	
GPRASP2	Excitatory_neuron	6	5	13	8	0.1778	PO28	0.5	GPRASP2-202	FAIL	Direction 0.50 < 0.6
GPRASP3	Excitatory_neuron	11	7	13	8	1.9918	SMC049	0.4545	GPRASP3-203	FAIL	Jackknife 1.99 ≥ 0.5; Direction 0.45 < 0.6
GPRC5B	Excitatory_neuron	12	8	13	8	0.069	SMC049	0.9167	GPRC5B-201	PASS	
GPRIN1	Excitatory_neuron	6	7	13	8	0.6208	SMC049	0.3333	GPRIN1-201	FAIL	Jackknife 0.62 ≥ 0.5; Direction 0.33 < 0.6
GPRIN3	Excitatory_neuron	11	7	13	8	1.0261	SMC049	0.4545	GPRIN3-202	FAIL	Jackknife 1.03 ≥ 0.5; Direction 0.45 < 0.6
GPS1	Excitatory_neuron	10	6	13	8	0.946	SMC049	0.8	GPS1-208	FAIL	Jackknife 0.95 ≥ 0.5
GPS2	Excitatory_neuron	9	7	13	8	0.76	SMC049	0.3333	GPS2-201	FAIL	Jackknife 0.76 ≥ 0.5; Direction 0.33 < 0.6
GPT2	Excitatory_neuron	5	7	13	8	0.4568	SMC049	0.6	GPT2-201	PASS	
GPX1	Excitatory_neuron	10	7	13	8	0.0		1.0	GPX1-201	PASS	
GRAMD1A	Excitatory_neuron	7	7	13	8	0.7847	SMC041	0.7143	GRAMD1A-215	FAIL	Jackknife 0.78 ≥ 0.5
GRAMD2B	Excitatory_neuron	10	7	13	8	0.7533	PO41	0.5	GRAMD2B-201	FAIL	Jackknife 0.75 ≥ 0.5; Direction 0.50 < 0.6
GRASLND	Excitatory_neuron	8	8	13	8	0.0		1.0	GRASLND-207	PASS	
GRB2	Excitatory_neuron	12	8	13	8	0.1285	PO05	0.6667	GRB2-205	PASS	
GREB1L	Excitatory_neuron	9	5	13	8	0.0624	SMC038	0.6667	transcript25869.chr18.nic	PASS	
GRHL1	Excitatory_neuron	10	8	13	8	0.1858	SMC039	0.7	transcript14598.chr2.nnic	PASS	
GRHPR	Excitatory_neuron	10	6	13	8	0.1918	SMC049	0.8	transcript50500.chr9.nic	PASS	
GRIA1	Excitatory_neuron	11	8	13	8	0.3582	PO42	0.8182	GRIA1-201	PASS	
GRIA2	Excitatory_neuron	13	8	13	8	0.3114	SMC032	0.7692	GRIA2-201	PASS	
GRIA3	Excitatory_neuron	12	8	13	8	1.879	PO28	0.5	GRIA3-208	FAIL	Jackknife 1.88 ≥ 0.5; Direction 0.50 < 0.6
GRIA4	Excitatory_neuron	13	8	13	8	1.477	SMC049	0.4615	GRIA4-203	FAIL	Jackknife 1.48 ≥ 0.5; Direction 0.46 < 0.6
GRIK2	Excitatory_neuron	12	8	13	8	0.0405	PO28	0.9167	GRIK2-205	PASS	
GRIK3	Excitatory_neuron	8	7	13	8	0.5957	PO05	0.5	GRIK3-201	FAIL	Jackknife 0.60 ≥ 0.5; Direction 0.50 < 0.6
GRIN1	Excitatory_neuron	10	8	13	8	0.3747	SMC038	0.8	GRIN1-208	PASS	
GRIN2A	Excitatory_neuron	9	8	13	8	0.9617	PO28	0.2222	GRIN2A-218	FAIL	Jackknife 0.96 ≥ 0.5; Direction 0.22 < 0.6
GRIN2B	Excitatory_neuron	12	8	13	8	0.9044	SMC038	0.5	GRIN2B-201	FAIL	Jackknife 0.90 ≥ 0.5; Direction 0.50 < 0.6
GRIP1	Excitatory_neuron	8	6	13	8	0.2814	SMC049	0.5	GRIP1-220	FAIL	Direction 0.50 < 0.6
GRIPAP1	Excitatory_neuron	11	8	13	8	1.0063	SMC038	0.0909	GRIPAP1-271	FAIL	Jackknife 1.01 ≥ 0.5; Direction 0.09 < 0.6
GRK4	Excitatory_neuron	10	7	13	8	0.0		1.0	transcript7979.chr4.nnic	PASS	
GRM1	Excitatory_neuron	12	7	13	8	0.4938	SMC039	0.8333	transcript198422.chr6.nic	PASS	
GRM4	Excitatory_neuron	6	3	13	8					INSUFFICIENT_DATA	reads 있는 도너 부족: AD=6/5, CT=3/4
GRM5	Excitatory_neuron	12	8	13	8	0.4972	SMC038	0.5833	GRM5-202	FAIL	Direction 0.58 < 0.6
GRM7	Excitatory_neuron	9	8	13	8	0.1026	PO41	0.7778	GRM7-214	PASS	
GRM8	Excitatory_neuron	6	7	13	8	0.8438	SMC049	0.6667	GRM8-210	FAIL	Jackknife 0.84 ≥ 0.5
GRSF1	Excitatory_neuron	10	7	13	8	0.5415	SMC049	0.6	GRSF1-201	FAIL	Jackknife 0.54 ≥ 0.5
GSDME	Excitatory_neuron	10	5	13	8	0.3386	SMC049	0.6	GSDME-211	PASS	
GSN	Excitatory_neuron	13	8	13	8	0.0915	SMC039	0.8462	GSN-207	PASS	
GSTCD	Excitatory_neuron	8	7	13	8	0.7286	PO41	0.5	GSTCD-211	FAIL	Jackknife 0.73 ≥ 0.5; Direction 0.50 < 0.6
GSTK1	Excitatory_neuron	12	6	13	8	0.3148	SMC038	0.75	GSTK1-207	PASS	
GTF2H1	Excitatory_neuron	9	8	13	8	0.0108	SMC029	0.8889	GTF2H1-202	PASS	
GTF2IRD1	Excitatory_neuron	8	7	13	8	0.3798	SMC049	0.875	GTF2IRD1-202	PASS	
GTF3C1	Excitatory_neuron	11	8	13	8	0.1535	SMC038	1.0	GTF3C1-202	PASS	
GTF3C3	Excitatory_neuron	11	5	13	8	0.6505	PO05	0.4545	GTF3C3-201	FAIL	Jackknife 0.65 ≥ 0.5; Direction 0.45 < 0.6
GTF3C5	Excitatory_neuron	10	8	13	8	1.019	SMC049	0.9	transcript221553.chr9.nic	FAIL	Jackknife 1.02 ≥ 0.5
GTPBP1	Excitatory_neuron	10	7	13	8	0.0839	SMC041	1.0	GTPBP1-201	PASS	
GTPBP3	Excitatory_neuron	10	5	13	8	0.3113	SMC041	0.6	GTPBP3-222	PASS	
GUCD1	Excitatory_neuron	8	6	13	8	0.0535	SMC049	0.875	GUCD1-206	PASS	
GUCY1A1	Excitatory_neuron	7	6	13	8	0.5651	SMC038	0.4286	GUCY1A1-204	FAIL	Jackknife 0.57 ≥ 0.5; Direction 0.43 < 0.6
GULP1	Excitatory_neuron	7	7	13	8	0.6206	SMC038	0.4286	GULP1-219	FAIL	Jackknife 0.62 ≥ 0.5; Direction 0.43 < 0.6
GVQW3	Excitatory_neuron	11	7	13	8	1.628	PO28	0.1818	GVQW3-208	FAIL	Jackknife 1.63 ≥ 0.5; Direction 0.18 < 0.6
GYG1	Excitatory_neuron	10	6	13	8	0.9105	SMC049	0.6	GYG1-201	FAIL	Jackknife 0.91 ≥ 0.5
GZF1	Excitatory_neuron	7	6	13	8	0.4831	SMC049	0.5714	GZF1-201	FAIL	Direction 0.57 < 0.6
H2AZ1	Excitatory_neuron	13	8	13	8	0.569	SMC049	0.3846	H2AZ1-201	FAIL	Jackknife 0.57 ≥ 0.5; Direction 0.38 < 0.6
H3-3A	Excitatory_neuron	10	7	13	8	0.134	SMC049	0.7	H3-3A-202	PASS	
H3-3B	Excitatory_neuron	13	8	13	8	0.0896	PO11	0.4615	H3-3B-201	FAIL	Direction 0.46 < 0.6
H4C16	Excitatory_neuron	7	7	13	8	0.2454	SMC041	0.7143	transcript30864.chr12.nnic	PASS	
HACE1	Excitatory_neuron	9	6	13	8	0.3236	PO28	0.5556	HACE1-203	FAIL	Direction 0.56 < 0.6
HACL1	Excitatory_neuron	7	6	13	8	0.158	SMC049	1.0	transcript27130.chr3.nnic	PASS	
HADH	Excitatory_neuron	12	6	13	8	0.3649	SMC049	0.75	HADH-207	PASS	
HADHA	Excitatory_neuron	12	8	13	8	0.4749	SMC041	0.3333	HADHA-203	FAIL	Direction 0.33 < 0.6
HAGH	Excitatory_neuron	13	7	13	8	1.0	SMC049	0.5385	HAGH-202	FAIL	Jackknife 1.00 ≥ 0.5; Direction 0.54 < 0.6
HARS1	Excitatory_neuron	12	8	13	8	0.2526	SMC038	0.5	HARS1-218	FAIL	Direction 0.50 < 0.6
HARS2	Excitatory_neuron	10	8	13	8	0.2396	SMC049	0.8	HARS2-201	PASS	
HAUS3	Excitatory_neuron	12	8	13	8	0.3702	SMC049	0.75	HAUS3-202	PASS	
HAUS7	Excitatory_neuron	11	6	13	8	0.1778	SMC049	0.6364	HAUS7-202	PASS	
HAX1	Excitatory_neuron	8	8	13	8	0.1187	SMC049	1.0	transcript238205.chr1.nnic	PASS	
HBP1	Excitatory_neuron	11	7	13	8	0.2752	SMC049	0.6364	HBP1-208	PASS	
HBS1L	Excitatory_neuron	12	8	13	8	5.0385	SMC049	0.5	HBS1L-205	FAIL	Jackknife 5.04 ≥ 0.5; Direction 0.50 < 0.6
HCCS	Excitatory_neuron	10	7	13	8	1.4615	SMC049	0.7	transcript11931.chrX.nic	FAIL	Jackknife 1.46 ≥ 0.5
HCFC2	Excitatory_neuron	11	7	13	8	0.8804	SMC041	0.3636	transcript147348.chr12.nnic	FAIL	Jackknife 0.88 ≥ 0.5; Direction 0.36 < 0.6
HCG18	Excitatory_neuron	13	8	13	8	0.441	PO05	0.4615	HCG18-246	FAIL	Direction 0.46 < 0.6
HCN1	Excitatory_neuron	8	8	13	8	0.8958	SMC049	0.5	HCN1-201	FAIL	Jackknife 0.90 ≥ 0.5; Direction 0.50 < 0.6
HCN3	Excitatory_neuron	6	5	13	8	0.9594	PO41	0.5	transcript239553.chr1.nic	FAIL	Jackknife 0.96 ≥ 0.5; Direction 0.50 < 0.6
HDAC4	Excitatory_neuron	9	7	13	8	1.2261	SMC038	0.2222	transcript407114.chr2.nnic	FAIL	Jackknife 1.23 ≥ 0.5; Direction 0.22 < 0.6
HDAC5	Excitatory_neuron	12	8	13	8	0.086	SMC036	0.9167	HDAC5-211	PASS	
HDAC6	Excitatory_neuron	9	8	13	8	0.0333	SMC049	1.0	HDAC6-279	PASS	
HDAC8	Excitatory_neuron	10	7	13	8	1.1046	SMC032	0.5	HDAC8-223	FAIL	Jackknife 1.10 ≥ 0.5; Direction 0.50 < 0.6
HDAC9	Excitatory_neuron	9	7	13	8	0.3698	SMC038	0.8889	transcript27348.chr7.nic	PASS	
HDDC3	Excitatory_neuron	9	5	13	8	0.0591	SMC049	1.0	HDDC3-205	PASS	
HDGFL2	Excitatory_neuron	13	7	13	8	0.2091	SMC041	0.6154	HDGFL2-208	PASS	
HDGFL3	Excitatory_neuron	11	6	13	8	0.0		1.0	transcript125393.chr15.nnic	PASS	
HDHD2	Excitatory_neuron	11	7	13	8	0.2259	SMC039	0.7273	HDHD2-206	PASS	
HDHD5	Excitatory_neuron	11	7	13	8	0.5652	SMC049	0.3636	transcript1090.chr22.nnic	FAIL	Jackknife 0.57 ≥ 0.5; Direction 0.36 < 0.6
HDLBP	Excitatory_neuron	12	8	13	8	1.0512	SMC038	0.6667	HDLBP-201	FAIL	Jackknife 1.05 ≥ 0.5
HDX	Excitatory_neuron	12	8	13	8	1.5761	PO42	0.0833	transcript112410.chrX.nnic	FAIL	Jackknife 1.58 ≥ 0.5; Direction 0.08 < 0.6
HEATR5A	Excitatory_neuron	10	7	13	8	0.5757	PO28	0.4	HEATR5A-203	FAIL	Jackknife 0.58 ≥ 0.5; Direction 0.40 < 0.6
HEATR6	Excitatory_neuron	10	7	13	8	0.4005	SMC049	0.3	transcript103490.chr17.nic	FAIL	Direction 0.30 < 0.6
HECTD1	Excitatory_neuron	12	8	13	8	0.2416	PO41	0.6667	HECTD1-218	PASS	
HECTD2	Excitatory_neuron	12	7	13	8	0.9279	SMC049	0.5833	HECTD2-203	FAIL	Jackknife 0.93 ≥ 0.5; Direction 0.58 < 0.6
HECTD3	Excitatory_neuron	7	6	13	8	0.5157	SMC049	0.5714	HECTD3-205	FAIL	Jackknife 0.52 ≥ 0.5; Direction 0.57 < 0.6
HECTD4	Excitatory_neuron	12	7	13	8	0.5129	PO28	0.9167	HECTD4-202	FAIL	Jackknife 0.51 ≥ 0.5
HECW2	Excitatory_neuron	10	8	13	8	1.2341	PO28	0.2	transcript349715.chr2.nnic	FAIL	Jackknife 1.23 ≥ 0.5; Direction 0.20 < 0.6
HELLS	Excitatory_neuron	6	5	13	8	0.1117	SMC032	1.0	HELLS-201	PASS	
HENMT1	Excitatory_neuron	7	6	13	8	0.5934	SMC049	0.7143	transcript169500.chr1.nic	FAIL	Jackknife 0.59 ≥ 0.5
HERC1	Excitatory_neuron	13	8	13	8	0.1461	SMC049	0.3846	HERC1-205	FAIL	Direction 0.38 < 0.6
HERC4	Excitatory_neuron	9	7	13	8	0.8091	SMC049	0.3333	HERC4-205	FAIL	Jackknife 0.81 ≥ 0.5; Direction 0.33 < 0.6
HERPUD1	Excitatory_neuron	13	8	13	8	0.46	SMC049	0.4615	HERPUD1-201	FAIL	Direction 0.46 < 0.6
HERPUD2	Excitatory_neuron	9	6	13	8	0.4498	PO41	0.4444	transcript47646.chr7.nic	FAIL	Direction 0.44 < 0.6
HEXA	Excitatory_neuron	12	7	13	8	0.6713	SMC036	0.4167	HEXA-201	FAIL	Jackknife 0.67 ≥ 0.5; Direction 0.42 < 0.6
HGS	Excitatory_neuron	12	8	13	8	0.711	SMC041	0.4167	HGS-235	FAIL	Jackknife 0.71 ≥ 0.5; Direction 0.42 < 0.6
HGSNAT	Excitatory_neuron	9	6	13	8	0.0592	SMC038	0.7778	transcript86763.chr8.nic	PASS	
HIF1A	Excitatory_neuron	11	7	13	8	0.1201	SMC049	0.8182	HIF1A-204	PASS	
HIF1AN	Excitatory_neuron	10	7	13	8	0.0877	PO41	0.0	HIF1AN-201	FAIL	Direction 0.00 < 0.6
HIGD1A	Excitatory_neuron	9	7	13	8	0.0616	SMC038	1.0	HIGD1A-201	PASS	
HINFP	Excitatory_neuron	10	6	13	8	0.4551	SMC049	0.7	HINFP-201	PASS	
HINT1	Excitatory_neuron	11	5	13	8	0.7249	SMC049	0.5455	HINT1-214	FAIL	Jackknife 0.72 ≥ 0.5; Direction 0.55 < 0.6
HIVEP2	Excitatory_neuron	9	7	13	8	0.178	SMC039	0.4444	HIVEP2-202	FAIL	Direction 0.44 < 0.6
HK1	Excitatory_neuron	10	7	13	8	1.0093	PO28	0.3	HK1-202	FAIL	Jackknife 1.01 ≥ 0.5; Direction 0.30 < 0.6
HLA-A	Excitatory_neuron	7	4	13	8	0.3765	SMC039	0.8571	HLA-A-204	PASS	
HLA-C	Excitatory_neuron	11	7	13	8	0.2896	SMC038	0.1818	HLA-C-203	FAIL	Direction 0.18 < 0.6
HLA-L	Excitatory_neuron	9	6	13	8	0.206	SMC041	1.0	HLA-L-223	PASS	
HLCS	Excitatory_neuron	8	5	13	8	0.0726	SMC049	0.75	HLCS-201	PASS	
HLF	Excitatory_neuron	11	7	13	8	0.8883	SMC049	0.2727	HLF-210	FAIL	Jackknife 0.89 ≥ 0.5; Direction 0.27 < 0.6
HLTF	Excitatory_neuron	11	7	13	8	0.2308	SMC038	0.7273	HLTF-203	PASS	
HM13	Excitatory_neuron	10	8	13	8	0.3071	SMC049	0.8	HM13-201	PASS	
HMG20A	Excitatory_neuron	8	8	13	8	1.0	PO41	0.125	HMG20A-206	FAIL	Jackknife 1.00 ≥ 0.5; Direction 0.12 < 0.6
HMGCR	Excitatory_neuron	10	8	13	8	0.7643	PO28	0.8	HMGCR-201	FAIL	Jackknife 0.76 ≥ 0.5
HMGCS1	Excitatory_neuron	5	5	13	8	0.1367	SMC049	0.8	HMGCS1-201	PASS	
HMGN1	Excitatory_neuron	13	8	13	8	0.3951	SMC032	0.6154	HMGN1-216	PASS	
HMGN2	Excitatory_neuron	11	8	13	8	0.1227	PO11	0.8182	HMGN2-201	PASS	
HMGXB3	Excitatory_neuron	10	7	13	8	0.0578	PO28	0.6	HMGXB3-206	PASS	
HMGXB4	Excitatory_neuron	13	8	13	8	0.2011	SMC039	0.4615	HMGXB4-202	FAIL	Direction 0.46 < 0.6
HNRNPA1	Excitatory_neuron	13	8	13	8	2.4862	SMC049	0.5385	HNRNPA1-203	FAIL	Jackknife 2.49 ≥ 0.5; Direction 0.54 < 0.6
HNRNPA2B1	Excitatory_neuron	11	8	13	8	0.5785	SMC049	0.6364	HNRNPA2B1-226	FAIL	Jackknife 0.58 ≥ 0.5
HNRNPA3	Excitatory_neuron	11	8	13	8	0.3101	PO41	0.6364	HNRNPA3-210	PASS	
HNRNPC	Excitatory_neuron	13	8	13	8	1.5493	SMC041	0.1538	HNRNPC-213	FAIL	Jackknife 1.55 ≥ 0.5; Direction 0.15 < 0.6
HNRNPD	Excitatory_neuron	10	7	13	8	1.1454	SMC049	0.4	HNRNPD-203	FAIL	Jackknife 1.15 ≥ 0.5; Direction 0.40 < 0.6
HNRNPDL	Excitatory_neuron	13	8	13	8	0.6627	SMC049	0.3077	HNRNPDL-206	FAIL	Jackknife 0.66 ≥ 0.5; Direction 0.31 < 0.6
HNRNPH1	Excitatory_neuron	11	7	13	8	0.0207	PO28	1.0	transcript243441.chr5.nnic	PASS	
HNRNPH3	Excitatory_neuron	12	8	13	8	0.1056	SMC049	0.8333	HNRNPH3-201	PASS	
HNRNPK	Excitatory_neuron	12	8	13	8	0.084	SMC049	0.6667	HNRNPK-202	PASS	
HNRNPLL	Excitatory_neuron	9	6	13	8	0.8097	SMC032	0.3333	HNRNPLL-209	FAIL	Jackknife 0.81 ≥ 0.5; Direction 0.33 < 0.6
HNRNPM	Excitatory_neuron	13	8	13	8	0.1763	SMC041	0.6154	HNRNPM-214	PASS	
HNRNPR	Excitatory_neuron	12	8	13	8	0.4886	SMC049	0.3333	HNRNPR-212	FAIL	Direction 0.33 < 0.6
HNRNPU	Excitatory_neuron	12	8	13	8	0.9724	SMC049	0.6667	HNRNPU-205	FAIL	Jackknife 0.97 ≥ 0.5
HOMER2	Excitatory_neuron	10	6	13	8	0.0445	PO42	1.0	HOMER2-201	PASS	
HOOK1	Excitatory_neuron	13	8	13	8	0.2445	SMC038	0.7692	HOOK1-201	PASS	
HOOK2	Excitatory_neuron	12	8	13	8	0.4614	PO28	0.5	HOOK2-210	FAIL	Direction 0.50 < 0.6
HP1BP3	Excitatory_neuron	13	8	13	8	0.0151	SMC043	0.9231	transcript40904.chr1.nic	PASS	
HPCAL1	Excitatory_neuron	9	7	13	8	0.2297	SMC038	0.4444	HPCAL1-201	FAIL	Direction 0.44 < 0.6
HPCAL4	Excitatory_neuron	12	8	13	8	0.1722	SMC049	0.8333	HPCAL4-201	PASS	
HPS1	Excitatory_neuron	9	6	13	8	0.0859	PO11	0.8889	HPS1-226	PASS	
HPS3	Excitatory_neuron	12	8	13	8	1.2904	SMC049	0.8333	HPS3-201	FAIL	Jackknife 1.29 ≥ 0.5
HPS4	Excitatory_neuron	11	8	13	8	1.1534	SMC038	0.1818	HPS4-220	FAIL	Jackknife 1.15 ≥ 0.5; Direction 0.18 < 0.6
HS1BP3	Excitatory_neuron	8	7	13	8	0.2246	SMC038	0.625	HS1BP3-201	PASS	
HSBP1	Excitatory_neuron	12	7	13	8	0.2523	SMC032	0.6667	HSBP1-210	PASS	
HSD11B1L	Excitatory_neuron	8	4	13	8	0.0242	SMC049	0.875	HSD11B1L-223	PASS	
HSD17B12	Excitatory_neuron	13	8	13	8	0.1613	PO41	1.0	HSD17B12-201	PASS	
HSD17B4	Excitatory_neuron	11	8	13	8	0.193	SMC038	0.5455	HSD17B4-211	FAIL	Direction 0.55 < 0.6
HSF1	Excitatory_neuron	10	7	13	8	0.0796	SMC049	0.9	HSF1-210	PASS	
HSF4	Excitatory_neuron	10	6	13	8	0.2616	SMC049	0.7	HSF4-224	PASS	
HSP90AA1	Excitatory_neuron	13	8	13	8	2.2656	SMC049	0.3077	HSP90AA1-202	FAIL	Jackknife 2.27 ≥ 0.5; Direction 0.31 < 0.6
HSP90AB1	Excitatory_neuron	13	8	13	8	0.6069	SMC049	0.0	HSP90AB1-203	FAIL	Jackknife 0.61 ≥ 0.5; Direction 0.00 < 0.6
HSP90B1	Excitatory_neuron	13	8	13	8	0.2321	SMC038	0.6154	HSP90B1-201	PASS	
HSPA12A	Excitatory_neuron	11	8	13	8	0.2545	SMC038	0.3636	HSPA12A-225	FAIL	Direction 0.36 < 0.6
HSPA1A	Excitatory_neuron	12	8	13	8	0.9882	SMC041	0.0833	transcript41059.chr6.nnic	FAIL	Jackknife 0.99 ≥ 0.5; Direction 0.08 < 0.6
HSPA9	Excitatory_neuron	12	8	13	8	0.8145	SMC049	0.3333	HSPA9-207	FAIL	Jackknife 0.81 ≥ 0.5; Direction 0.33 < 0.6
HSPBAP1	Excitatory_neuron	8	6	13	8	0.5025	PO41	0.375	transcript212162.chr3.nic	FAIL	Jackknife 0.50 ≥ 0.5; Direction 0.38 < 0.6
HSPD1	Excitatory_neuron	12	8	13	8	0.6628	SMC049	0.5	HSPD1-221	FAIL	Jackknife 0.66 ≥ 0.5; Direction 0.50 < 0.6
HSPH1	Excitatory_neuron	13	8	13	8	0.1379	SMC049	0.9231	HSPH1-202	PASS	
HTATIP2	Excitatory_neuron	9	6	13	8	0.8612	SMC039	0.3333	transcript30699.chr11.nnic	FAIL	Jackknife 0.86 ≥ 0.5; Direction 0.33 < 0.6
HTR5A-AS1	Excitatory_neuron	7	6	13	8	0.1889	SMC049	1.0	HTR5A-AS1-202	PASS	
HUWE1	Excitatory_neuron	10	6	13	8	1.0401	PO42	0.5	HUWE1-214	FAIL	Jackknife 1.04 ≥ 0.5; Direction 0.50 < 0.6
HYCC2	Excitatory_neuron	9	6	13	8	0.1507	SMC038	0.4444	HYCC2-202	FAIL	Direction 0.44 < 0.6
HYDIN	Excitatory_neuron	13	7	13	8	0.5125	SMC038	0.5385	HYDIN-206	FAIL	Jackknife 0.51 ≥ 0.5; Direction 0.54 < 0.6
HYOU1	Excitatory_neuron	6	6	13	8	0.0		1.0	HYOU1-228	PASS	
IAH1	Excitatory_neuron	11	8	13	8	0.1974	PO28	0.8182	IAH1-215	PASS	
IARS1	Excitatory_neuron	12	7	13	8	0.0		1.0	IARS1-202	PASS	
IBTK	Excitatory_neuron	9	8	13	8	0.0445	SMC049	1.0	transcript125412.chr6.nnic	PASS	
ICA1	Excitatory_neuron	12	6	13	8	0.3786	SMC049	0.5	ICA1-206	FAIL	Direction 0.50 < 0.6
ICA1L	Excitatory_neuron	6	7	13	8	1.0	SMC032	0.1667	transcript363048.chr2.nic	FAIL	Jackknife 1.00 ≥ 0.5; Direction 0.17 < 0.6
IDE	Excitatory_neuron	9	7	13	8	0.0		1.0	IDE-230	PASS	
IDH3A	Excitatory_neuron	12	7	13	8	0.5494	SMC049	0.1667	IDH3A-201	FAIL	Jackknife 0.55 ≥ 0.5; Direction 0.17 < 0.6
IDI1	Excitatory_neuron	11	8	13	8	0.0851	SMC029	0.9091	IDI1-201	PASS	
IDS	Excitatory_neuron	13	8	13	8	0.1649	SMC038	0.6923	IDS-203	PASS	
IFIT3	Excitatory_neuron	9	8	13	8	1.7261	SMC049	0.5556	IFIT3-201	FAIL	Jackknife 1.73 ≥ 0.5; Direction 0.56 < 0.6
IFNAR1	Excitatory_neuron	13	7	13	8	0.0847	SMC049	0.8462	IFNAR1-224	PASS	
IFNAR2	Excitatory_neuron	10	6	13	8	0.4194	PO41	0.9	IFNAR2-214	PASS	
IFNGR1	Excitatory_neuron	12	8	13	8	0.5948	SMC038	0.25	IFNGR1-207	FAIL	Jackknife 0.59 ≥ 0.5; Direction 0.25 < 0.6
IFNGR2	Excitatory_neuron	9	7	13	8	0.229	SMC049	1.0	IFNGR2-201	PASS	
IFRD1	Excitatory_neuron	12	8	13	8	0.2539	SMC049	0.9167	IFRD1-202	PASS	
IFT122	Excitatory_neuron	12	7	13	8	1.7105	SMC049	0.1667	IFT122-214	FAIL	Jackknife 1.71 ≥ 0.5; Direction 0.17 < 0.6
IFT172	Excitatory_neuron	11	8	13	8	0.16	SMC049	1.0	IFT172-220	PASS	
IFT20	Excitatory_neuron	13	8	13	8	0.7023	SMC038	0.2308	IFT20-214	FAIL	Jackknife 0.70 ≥ 0.5; Direction 0.23 < 0.6
IFT81	Excitatory_neuron	12	8	13	8	0.0		1.0	IFT81-202	PASS	
IFTAP	Excitatory_neuron	11	7	13	8	0.6174	SMC041	0.6364	IFTAP-227	FAIL	Jackknife 0.62 ≥ 0.5
IGF1R	Excitatory_neuron	9	8	13	8	1.6769	SMC049	0.3333	IGF1R-216	FAIL	Jackknife 1.68 ≥ 0.5; Direction 0.33 < 0.6
IGHMBP2	Excitatory_neuron	10	6	13	8	0.0224	SMC041	1.0	IGHMBP2-246	PASS	
IGSF8	Excitatory_neuron	13	7	13	8	0.2108	SMC038	0.6923	IGSF8-201	PASS	
IKZF2	Excitatory_neuron	9	8	13	8	0.8355	PO42	0.7778	transcript376251.chr2.nnic	FAIL	Jackknife 0.84 ≥ 0.5
IL11RA	Excitatory_neuron	7	4	13	8	0.0		1.0	IL11RA-202	PASS	
IL1RAP	Excitatory_neuron	9	6	13	8	0.0488	SMC032	0.8889	transcript304561.chr3.nic	PASS	
IL6ST	Excitatory_neuron	11	8	13	8	2.0279	SMC049	0.2727	IL6ST-213	FAIL	Jackknife 2.03 ≥ 0.5; Direction 0.27 < 0.6
ILF3	Excitatory_neuron	12	8	13	8	0.1993	SMC032	0.6667	ILF3-207	PASS	
ILK	Excitatory_neuron	7	5	13	8	0.3964	SMC038	0.5714	ILK-203	FAIL	Direction 0.57 < 0.6
ILVBL	Excitatory_neuron	10	7	13	8	0.4127	SMC049	0.8	transcript33673.chr19.nic	PASS	
IMP4	Excitatory_neuron	12	7	13	8	0.1678	PO28	0.75	IMP4-208	PASS	
IMPDH1	Excitatory_neuron	10	6	13	8	0.7901	SMC049	0.2	IMPDH1-203	FAIL	Jackknife 0.79 ≥ 0.5; Direction 0.20 < 0.6
IMPDH2	Excitatory_neuron	9	7	13	8	3.2459	SMC049	0.2222	IMPDH2-224	FAIL	Jackknife 3.25 ≥ 0.5; Direction 0.22 < 0.6
INCENP	Excitatory_neuron	11	7	13	8	0.0		1.0	transcript67283.chr11.nnic	PASS	
INF2	Excitatory_neuron	11	8	13	8	0.117	SMC041	0.8182	INF2-204	PASS	
ING4	Excitatory_neuron	10	6	13	8	0.3612	SMC041	0.5	ING4-201	FAIL	Direction 0.50 < 0.6
ING5	Excitatory_neuron	6	6	13	8	0.3643	SMC049	0.6667	ING5-201	PASS	
INO80	Excitatory_neuron	11	6	13	8	0.0268	SMC049	1.0	INO80-211	PASS	
INPP1	Excitatory_neuron	5	8	13	8	0.0817	SMC038	0.6	INPP1-201	PASS	
INPP4A	Excitatory_neuron	11	8	13	8	0.8482	PO28	0.3636	INPP4A-201	FAIL	Jackknife 0.85 ≥ 0.5; Direction 0.36 < 0.6
INPP5F	Excitatory_neuron	10	7	13	8	0.0499	SMC032	0.9	INPP5F-221	PASS	
INSIG2	Excitatory_neuron	9	8	13	8	0.0667	SMC032	1.0	INSIG2-201	PASS	
INSR	Excitatory_neuron	10	7	13	8	0.0		1.0	INSR-201	PASS	
INTS11	Excitatory_neuron	13	8	13	8	0.3752	SMC049	0.4615	INTS11-208	FAIL	Direction 0.46 < 0.6
INTS15	Excitatory_neuron	8	6	13	8	0.1268	SMC041	0.875	transcript11903.chr7.nnic	PASS	
INTS2	Excitatory_neuron	9	7	13	8	0.2838	SMC032	0.7778	INTS2-201	PASS	
INTS3	Excitatory_neuron	11	7	13	8	0.224	SMC049	0.6364	INTS3-201	PASS	
INTS4	Excitatory_neuron	7	7	13	8	1.6384	SMC038	0.7143	INTS4-208	FAIL	Jackknife 1.64 ≥ 0.5
INTS6L	Excitatory_neuron	9	7	13	8	0.259	SMC032	0.7778	transcript149382.chrX.nic	PASS	
INTS8	Excitatory_neuron	11	7	13	8	0.5636	PO11	0.3636	INTS8-220	FAIL	Jackknife 0.56 ≥ 0.5; Direction 0.36 < 0.6
INTU	Excitatory_neuron	10	7	13	8	0.0397	PO42	1.0	transcript167685.chr4.nnic	PASS	
IP6K2	Excitatory_neuron	12	8	13	8	1.2244	SMC049	0.5	transcript76419.chr3.nic	FAIL	Jackknife 1.22 ≥ 0.5; Direction 0.50 < 0.6
IPCEF1	Excitatory_neuron	8	6	13	8	1.3793	SMC049	0.125	IPCEF1-213	FAIL	Jackknife 1.38 ≥ 0.5; Direction 0.12 < 0.6
IPO5	Excitatory_neuron	12	8	13	8	0.2871	PO28	0.75	IPO5-223	PASS	
IQCA1	Excitatory_neuron	11	7	13	8	0.7259	PO28	0.6364	IQCA1-201	FAIL	Jackknife 0.73 ≥ 0.5
IQCE	Excitatory_neuron	7	6	13	8	0.3303	PO28	0.5714	IQCE-216	FAIL	Direction 0.57 < 0.6
IQCG	Excitatory_neuron	10	7	13	8	1.115	SMC043	0.3	IQCG-205	FAIL	Jackknife 1.11 ≥ 0.5; Direction 0.30 < 0.6
IQCJ	Excitatory_neuron	9	7	13	8	0.1455	SMC049	1.0	transcript260447.chr3.nnic	PASS	
IQGAP1	Excitatory_neuron	10	8	13	8	0.2411	PO41	0.6	IQGAP1-201	PASS	
IQSEC1	Excitatory_neuron	11	7	13	8	0.5027	SMC038	0.2727	IQSEC1-209	FAIL	Jackknife 0.50 ≥ 0.5; Direction 0.27 < 0.6
IQSEC2	Excitatory_neuron	7	5	13	8	0.8333	SMC049	0.4286	IQSEC2-205	FAIL	Jackknife 0.83 ≥ 0.5; Direction 0.43 < 0.6
IQSEC3	Excitatory_neuron	7	7	13	8	0.6824	SMC049	0.4286	IQSEC3-201	FAIL	Jackknife 0.68 ≥ 0.5; Direction 0.43 < 0.6
IRAG2	Excitatory_neuron	9	7	13	8	0.2667	SMC049	0.5556	IRAG2-220	FAIL	Direction 0.56 < 0.6
IREB2	Excitatory_neuron	8	6	13	8	0.0		1.0	transcript117075.chr15.nic	PASS	
IRF9	Excitatory_neuron	11	5	13	8	0.7835	SMC039	0.3636	IRF9-202	FAIL	Jackknife 0.78 ≥ 0.5; Direction 0.36 < 0.6
ISG20L2	Excitatory_neuron	11	8	13	8	0.4743	SMC049	0.4545	ISG20L2-202	FAIL	Direction 0.45 < 0.6
IST1	Excitatory_neuron	9	8	13	8	0.1167	SMC038	1.0	IST1-208	PASS	
ITCH	Excitatory_neuron	8	6	13	8	0.8734	PO41	0.875	ITCH-202	FAIL	Jackknife 0.87 ≥ 0.5
ITFG2	Excitatory_neuron	8	6	13	8	0.0		1.0	ITFG2-201	PASS	
ITGA6	Excitatory_neuron	5	4	13	8	0.4988	SMC032	0.6	ITGA6-212	PASS	
ITGA9	Excitatory_neuron	8	4	13	8	0.1846	SMC049	0.875	ITGA9-203	PASS	
ITGB1	Excitatory_neuron	11	7	13	8	0.4926	SMC041	0.6364	ITGB1-220	PASS	
ITGB1BP1	Excitatory_neuron	11	6	13	8	0.7875	SMC049	0.5455	ITGB1BP1-204	FAIL	Jackknife 0.79 ≥ 0.5; Direction 0.55 < 0.6
ITGB8	Excitatory_neuron	8	7	13	8	0.0		1.0	transcript29166.chr7.nnic	PASS	
ITPR1	Excitatory_neuron	11	8	13	8	0.3516	SMC041	0.8182	transcript7429.chr3.nic	PASS	
ITPRID2	Excitatory_neuron	13	8	13	8	0.3433	PO11	0.9231	ITPRID2-205	PASS	
ITPRIPL1	Excitatory_neuron	7	6	13	8	0.493	SMC049	0.5714	ITPRIPL1-205	FAIL	Direction 0.57 < 0.6
ITSN2	Excitatory_neuron	11	8	13	8	0.2492	SMC041	0.9091	ITSN2-201	PASS	
IVNS1ABP	Excitatory_neuron	11	7	13	8	0.5859	PO11	0.8182	IVNS1ABP-207	FAIL	Jackknife 0.59 ≥ 0.5
IWS1	Excitatory_neuron	12	8	13	8	0.5124	SMC049	0.5	IWS1-201	FAIL	Jackknife 0.51 ≥ 0.5; Direction 0.50 < 0.6
JADE1	Excitatory_neuron	8	7	13	8	0.5306	SMC049	0.5	JADE1-211	FAIL	Jackknife 0.53 ≥ 0.5; Direction 0.50 < 0.6
JADE2	Excitatory_neuron	10	7	13	8	0.169	SMC049	0.9	JADE2-202	PASS	
JAG2	Excitatory_neuron	5	4	13	8	0.0294	SMC038	1.0	JAG2-201	PASS	
JAK1	Excitatory_neuron	8	4	13	8	0.1557	PO28	1.0	JAK1-220	PASS	
JAKMIP2	Excitatory_neuron	12	8	13	8	0.4824	SMC049	0.75	JAKMIP2-205	PASS	
JAKMIP3	Excitatory_neuron	13	8	13	8	0.355	SMC038	0.6154	JAKMIP3-205	PASS	
JARID2	Excitatory_neuron	11	7	13	8	0.1076	PO11	0.8182	JARID2-201	PASS	
JMJD1C	Excitatory_neuron	13	8	13	8	1.2545	SMC049	0.3846	JMJD1C-202	FAIL	Jackknife 1.25 ≥ 0.5; Direction 0.38 < 0.6
JMJD4	Excitatory_neuron	12	7	13	8	0.9919	SMC049	0.75	JMJD4-205	FAIL	Jackknife 0.99 ≥ 0.5
JMJD6	Excitatory_neuron	6	7	13	8	0.2348	SMC049	0.6667	JMJD6-203	PASS	
JMY	Excitatory_neuron	13	8	13	8	0.0309	PO28	0.9231	JMY-201	PASS	
JPX	Excitatory_neuron	13	8	13	8	0.4561	SMC049	0.3846	JPX-271	FAIL	Direction 0.38 < 0.6
JRK	Excitatory_neuron	10	7	13	8	0.5545	SMC038	0.7	JRK-209	FAIL	Jackknife 0.55 ≥ 0.5
JTB	Excitatory_neuron	11	8	13	8	0.1177	SMC038	0.1818	JTB-201	FAIL	Direction 0.18 < 0.6
KALRN	Excitatory_neuron	12	8	13	8	0.1366	PO11	0.8333	KALRN-201	PASS	
KANSL1	Excitatory_neuron	10	8	13	8	0.3014	SMC049	0.5	KANSL1-221	FAIL	Direction 0.50 < 0.6
KANTR	Excitatory_neuron	11	7	13	8	0.2638	SMC041	0.4545	transcript55731.chrX.nnic	FAIL	Direction 0.45 < 0.6
KAT14	Excitatory_neuron	7	5	13	8	0.2782	PO42	0.2857	KAT14-201	FAIL	Direction 0.29 < 0.6
KAT5	Excitatory_neuron	11	7	13	8	0.481	SMC049	0.7273	KAT5-202	PASS	
KAT6A	Excitatory_neuron	8	7	13	8	0.1829	PO11	0.75	KAT6A-211	PASS	
KAT6B	Excitatory_neuron	11	8	13	8	1.1547	SMC049	0.5455	KAT6B-225	FAIL	Jackknife 1.15 ≥ 0.5; Direction 0.55 < 0.6
KAT7	Excitatory_neuron	9	6	13	8	0.4118	SMC038	0.3333	KAT7-220	FAIL	Direction 0.33 < 0.6
KATNB1	Excitatory_neuron	12	7	13	8	0.6862	SMC038	0.75	transcript96752.chr16.nic	FAIL	Jackknife 0.69 ≥ 0.5
KATNBL1	Excitatory_neuron	12	6	13	8	0.1909	SMC041	0.8333	KATNBL1-201	PASS	
KATNIP	Excitatory_neuron	12	7	13	8	0.0		1.0	KATNIP-201	PASS	
KAZN	Excitatory_neuron	9	7	13	8	0.064	PO42	1.0	KAZN-206	PASS	
KBTBD3	Excitatory_neuron	10	6	13	8	0.507	SMC032	0.7	KBTBD3-205	FAIL	Jackknife 0.51 ≥ 0.5
KBTBD4	Excitatory_neuron	12	8	13	8	0.1668	PO41	0.3333	KBTBD4-209	FAIL	Direction 0.33 < 0.6
KCNA2	Excitatory_neuron	9	7	13	8	0.1595	SMC032	0.8889	KCNA2-211	PASS	
KCNA4	Excitatory_neuron	9	6	13	8	0.9947	PO11	0.1111	transcript36680.chr11.nnic	FAIL	Jackknife 0.99 ≥ 0.5; Direction 0.11 < 0.6
KCNAB2	Excitatory_neuron	9	7	13	8	0.6319	SMC038	0.4444	transcript10909.chr1.nic	FAIL	Jackknife 0.63 ≥ 0.5; Direction 0.44 < 0.6
KCNC1	Excitatory_neuron	10	7	13	8	0.2321	PO28	0.6	KCNC1-202	PASS	
KCNC2	Excitatory_neuron	10	6	13	8	1.09	SMC049	0.5	KCNC2-210	FAIL	Jackknife 1.09 ≥ 0.5; Direction 0.50 < 0.6
KCNH1	Excitatory_neuron	10	8	13	8	0.3603	SMC049	0.6	KCNH1-201	PASS	
KCNIP2	Excitatory_neuron	8	7	13	8	0.9117	SMC049	0.875	KCNIP2-206	FAIL	Jackknife 0.91 ≥ 0.5
KCNIP4	Excitatory_neuron	11	7	13	8	0.1917	PO41	0.9091	KCNIP4-204	PASS	
KCNJ6	Excitatory_neuron	12	8	13	8	0.0		1.0	KCNJ6-201	PASS	
KCNK10	Excitatory_neuron	10	7	13	8	0.3328	SMC038	0.5	KCNK10-203	FAIL	Direction 0.50 < 0.6
KCNK9	Excitatory_neuron	8	6	13	8	0.2246	SMC049	0.625	KCNK9-204	PASS	
KCNMA1	Excitatory_neuron	10	8	13	8	0.0203	SMC038	1.0	KCNMA1-253	PASS	
KCNN3	Excitatory_neuron	8	6	13	8	0.8527	SMC038	0.375	KCNN3-201	FAIL	Jackknife 0.85 ≥ 0.5; Direction 0.38 < 0.6
KCNQ1OT1	Excitatory_neuron	13	8	13	8	0.0205	SMC049	0.0	KCNQ1OT1-201	FAIL	Direction 0.00 < 0.6
KCNQ2	Excitatory_neuron	8	5	13	8	0.784	SMC049	0.5	KCNQ2-213	FAIL	Jackknife 0.78 ≥ 0.5; Direction 0.50 < 0.6
KCNQ5	Excitatory_neuron	12	8	13	8	0.0		1.0	transcript113303.chr6.nnic	PASS	
KCNT1	Excitatory_neuron	10	8	13	8	0.8067	SMC038	0.6	transcript224695.chr9.nic	FAIL	Jackknife 0.81 ≥ 0.5
KCNT2	Excitatory_neuron	8	6	13	8	0.3267	PO28	0.625	KCNT2-208	PASS	
KCTD16	Excitatory_neuron	9	8	13	8	0.9237	PO28	0.2222	KCTD16-202	FAIL	Jackknife 0.92 ≥ 0.5; Direction 0.22 < 0.6
KCTD17	Excitatory_neuron	11	6	13	8	0.0		1.0	transcript42540.chr22.nnic	PASS	
KCTD18	Excitatory_neuron	7	6	13	8	0.9801	SMC041	0.2857	KCTD18-201	FAIL	Jackknife 0.98 ≥ 0.5; Direction 0.29 < 0.6
KCTD7	Excitatory_neuron	9	7	13	8	0.369	SMC041	0.6667	KCTD7-206	PASS	
KDM1A	Excitatory_neuron	12	8	13	8	0.4284	SMC032	0.5	KDM1A-201	FAIL	Direction 0.50 < 0.6
KDM1B	Excitatory_neuron	7	4	13	8	0.9686	SMC032	0.7143	KDM1B-204	FAIL	Jackknife 0.97 ≥ 0.5
KDM3A	Excitatory_neuron	11	6	13	8	0.5226	SMC038	0.4545	KDM3A-203	FAIL	Jackknife 0.52 ≥ 0.5; Direction 0.45 < 0.6
KDM3B	Excitatory_neuron	9	7	13	8	0.3441	PO11	0.6667	transcript174883.chr5.nic	PASS	
KDM4B	Excitatory_neuron	11	6	13	8	0.2117	PO28	0.4545	KDM4B-208	FAIL	Direction 0.45 < 0.6
KDM4C	Excitatory_neuron	12	7	13	8	0.1826	SMC038	0.75	transcript9765.chr9.nnic	PASS	
KDM5A	Excitatory_neuron	12	8	13	8	1.4157	SMC041	0.25	KDM5A-210	FAIL	Jackknife 1.42 ≥ 0.5; Direction 0.25 < 0.6
KDM5B	Excitatory_neuron	13	8	13	8	0.3287	SMC049	0.4615	KDM5B-235	FAIL	Direction 0.46 < 0.6
KDM5C	Excitatory_neuron	5	6	13	8	0.2618	PO28	0.8	KDM5C-218	PASS	
KDM6A	Excitatory_neuron	8	5	13	8	0.2761	PO11	0.875	KDM6A-222	PASS	
KEAP1	Excitatory_neuron	8	6	13	8	0.091	SMC038	0.875	KEAP1-202	PASS	
KHDRBS3	Excitatory_neuron	7	7	13	8	0.747	PO28	0.7143	transcript185333.chr8.nic	FAIL	Jackknife 0.75 ≥ 0.5
KHNYN	Excitatory_neuron	8	6	13	8	0.146	SMC049	0.875	transcript5319.chr14.nic	PASS	
KIAA0232	Excitatory_neuron	13	7	13	8	0.0716	SMC049	0.8462	KIAA0232-202	PASS	
KIAA0319	Excitatory_neuron	6	4	13	8	0.0		1.0	transcript32196.chr6.nnic	PASS	
KIAA0319L	Excitatory_neuron	10	8	13	8	0.3479	SMC039	0.7	KIAA0319L-201	PASS	
KIAA0586	Excitatory_neuron	8	6	13	8	0.2062	PO28	0.625	KIAA0586-222	PASS	
KIAA0753	Excitatory_neuron	11	8	13	8	0.1883	PO28	0.5455	KIAA0753-204	FAIL	Direction 0.55 < 0.6
KIAA0825	Excitatory_neuron	11	7	13	8	0.0		1.0	KIAA0825-202	PASS	
KIAA0930	Excitatory_neuron	11	8	13	8	0.0477	SMC029	0.8182	transcript57295.chr22.nic	PASS	
KIAA1191	Excitatory_neuron	12	8	13	8	1.0685	SMC049	0.4167	KIAA1191-201	FAIL	Jackknife 1.07 ≥ 0.5; Direction 0.42 < 0.6
KIAA1549	Excitatory_neuron	12	7	13	8	0.1752	PO11	0.75	KIAA1549-201	PASS	
KIAA1549L	Excitatory_neuron	8	7	13	8	0.6831	PO28	0.625	KIAA1549L-203	FAIL	Jackknife 0.68 ≥ 0.5
KIAA1586	Excitatory_neuron	12	8	13	8	0.6101	SMC049	0.6667	KIAA1586-203	FAIL	Jackknife 0.61 ≥ 0.5
KIAA1671	Excitatory_neuron	8	6	13	8	0.6483	SMC049	0.625	KIAA1671-203	FAIL	Jackknife 0.65 ≥ 0.5
KIAA1958	Excitatory_neuron	6	5	13	8	0.5743	PO28	0.6667	KIAA1958-201	FAIL	Jackknife 0.57 ≥ 0.5
KIAA2026	Excitatory_neuron	11	8	13	8	0.5916	SMC049	0.3636	KIAA2026-202	FAIL	Jackknife 0.59 ≥ 0.5; Direction 0.36 < 0.6
KIDINS220	Excitatory_neuron	13	8	13	8	0.2164	SMC041	0.7692	KIDINS220-233	PASS	
KIF16B	Excitatory_neuron	10	8	13	8	0.3854	PO28	0.7	KIF16B-204	PASS	
KIF17	Excitatory_neuron	5	4	13	8	0.0		1.0	KIF17-201	PASS	
KIF1A	Excitatory_neuron	10	7	13	8	0.0346	SMC049	1.0	KIF1A-219	PASS	
KIF1C	Excitatory_neuron	12	6	13	8	0.3678	PO11	0.3333	transcript10833.chr17.nnic	FAIL	Direction 0.33 < 0.6
KIF20B	Excitatory_neuron	12	8	13	8	0.5621	PO28	0.25	KIF20B-202	FAIL	Jackknife 0.56 ≥ 0.5; Direction 0.25 < 0.6
KIF21B	Excitatory_neuron	7	6	13	8	1.0	SMC038	0.1429	transcript292978.chr1.nnic	FAIL	Jackknife 1.00 ≥ 0.5; Direction 0.14 < 0.6
KIF22	Excitatory_neuron	9	7	13	8	0.8114	SMC049	0.6667	KIF22-214	FAIL	Jackknife 0.81 ≥ 0.5
KIF2A	Excitatory_neuron	10	7	13	8	0.8053	SMC032	0.8	KIF2A-203	FAIL	Jackknife 0.81 ≥ 0.5
KIF5C	Excitatory_neuron	12	8	13	8	0.1217	SMC049	1.0	KIF5C-210	PASS	
KIFAP3	Excitatory_neuron	12	8	13	8	0.1497	PO42	0.75	transcript259111.chr1.nic	PASS	
KIFBP	Excitatory_neuron	12	8	13	8	0.2724	SMC038	0.8333	KIFBP-216	PASS	
KIFC2	Excitatory_neuron	9	6	13	8	0.4287	SMC039	0.4444	KIFC2-209	FAIL	Direction 0.44 < 0.6
KIRREL3	Excitatory_neuron	8	6	13	8	0.1269	PO42	0.875	transcript197502.chr11.nnic	PASS	
KLC1	Excitatory_neuron	13	8	13	8	0.4638	SMC049	0.6154	KLC1-212	PASS	
KLF3-AS1	Excitatory_neuron	8	7	13	8	0.9434	SMC049	0.5	KLF3-AS1-201	FAIL	Jackknife 0.94 ≥ 0.5; Direction 0.50 < 0.6
KLHDC4	Excitatory_neuron	8	5	13	8	0.7208	SMC049	0.625	KLHDC4-205	FAIL	Jackknife 0.72 ≥ 0.5
KLHL15	Excitatory_neuron	8	7	13	8	0.0823	SMC038	0.875	KLHL15-204	PASS	
KLHL24	Excitatory_neuron	11	8	13	8	0.4128	SMC049	0.5455	KLHL24-201	FAIL	Direction 0.55 < 0.6
KLHL3	Excitatory_neuron	10	8	13	8	0.5448	SMC038	0.5	KLHL3-201	FAIL	Jackknife 0.54 ≥ 0.5; Direction 0.50 < 0.6
KLHL42	Excitatory_neuron	10	7	13	8	0.272	SMC049	0.8	transcript44996.chr12.nnic	PASS	
KLHL7	Excitatory_neuron	11	7	13	8	1.6974	SMC049	0.0	KLHL7-213	FAIL	Jackknife 1.70 ≥ 0.5; Direction 0.00 < 0.6
KLHL9	Excitatory_neuron	13	8	13	8	0.6461	PO41	0.1538	KLHL9-201	FAIL	Jackknife 0.65 ≥ 0.5; Direction 0.15 < 0.6
KMT2A	Excitatory_neuron	12	8	13	8	0.3899	SMC038	0.5833	KMT2A-207	FAIL	Direction 0.58 < 0.6
KMT2C	Excitatory_neuron	12	8	13	8	0.0975	SMC049	0.8333	KMT2C-266	PASS	
KMT2D	Excitatory_neuron	11	5	13	8	0.2512	PO41	0.8182	KMT2D-215	PASS	
KMT2E	Excitatory_neuron	13	8	13	8	0.3121	SMC041	0.5385	KMT2E-206	FAIL	Direction 0.54 < 0.6
KMT5B	Excitatory_neuron	10	8	13	8	0.7915	SMC032	0.6	KMT5B-201	FAIL	Jackknife 0.79 ≥ 0.5
KNOP1	Excitatory_neuron	12	7	13	8	0.4311	SMC038	0.5833	transcript51396.chr16.nnic	FAIL	Direction 0.58 < 0.6
KPNA1	Excitatory_neuron	13	8	13	8	0.0139	SMC049	1.0	KPNA1-201	PASS	
KPNA5	Excitatory_neuron	8	8	13	8	0.2265	SMC032	0.625	KPNA5-202	PASS	
KRI1	Excitatory_neuron	11	7	13	8	0.7222	SMC041	0.2727	KRI1-204	FAIL	Jackknife 0.72 ≥ 0.5; Direction 0.27 < 0.6
KRIT1	Excitatory_neuron	12	8	13	8	0.4213	SMC049	0.9167	KRIT1-228	PASS	
KTN1	Excitatory_neuron	13	8	13	8	0.2689	PO11	0.6923	KTN1-205	PASS	
L3MBTL1	Excitatory_neuron	10	4	13	8	0.5276	SMC049	0.5	L3MBTL1-223	FAIL	Jackknife 0.53 ≥ 0.5; Direction 0.50 < 0.6
L3MBTL2	Excitatory_neuron	12	7	13	8	0.6817	SMC049	0.6667	L3MBTL2-201	FAIL	Jackknife 0.68 ≥ 0.5
LACC1	Excitatory_neuron	7	6	13	8	0.7307	SMC049	0.8571	LACC1-203	FAIL	Jackknife 0.73 ≥ 0.5
LAMA4	Excitatory_neuron	11	7	13	8	0.0995	PO11	1.0	LAMA4-205	PASS	
LAMB1	Excitatory_neuron	13	8	13	8	0.0586	PO42	0.8462	LAMB1-219	PASS	
LAMC1	Excitatory_neuron	11	7	13	8	0.0676	SMC032	0.9091	transcript282100.chr1.nic	PASS	
LAMTOR3	Excitatory_neuron	10	7	13	8	0.0		1.0	transcript145924.chr4.nic	PASS	
LANCL1	Excitatory_neuron	12	7	13	8	0.3453	SMC049	0.8333	LANCL1-207	PASS	
LANCL2	Excitatory_neuron	10	6	13	8	0.183	SMC049	1.0	LANCL2-201	PASS	
LARP1	Excitatory_neuron	12	8	13	8	0.4192	PO42	0.8333	LARP1-204	PASS	
LARP1B	Excitatory_neuron	13	7	13	8	0.0685	SMC041	0.9231	LARP1B-212	PASS	
LARP4	Excitatory_neuron	10	6	13	8	0.2433	SMC049	0.7	LARP4-203	PASS	
LARP4B	Excitatory_neuron	8	6	13	8	0.2353	SMC032	0.5	LARP4B-201	FAIL	Direction 0.50 < 0.6
LARP7	Excitatory_neuron	11	8	13	8	0.3695	SMC049	0.7273	LARP7-205	PASS	
LARS1	Excitatory_neuron	10	7	13	8	0.0		1.0	LARS1-201	PASS	
LAS1L	Excitatory_neuron	9	8	13	8	0.4919	SMC041	0.4444	LAS1L-205	FAIL	Direction 0.44 < 0.6
LATS1	Excitatory_neuron	12	8	13	8	0.8618	PO11	0.5	LATS1-207	FAIL	Jackknife 0.86 ≥ 0.5; Direction 0.50 < 0.6
LCA5	Excitatory_neuron	12	7	13	8	0.4662	SMC029	0.8333	LCA5-202	PASS	
LCLAT1	Excitatory_neuron	8	6	13	8	0.1372	SMC038	0.75	transcript36491.chr2.nic	PASS	
LCOR	Excitatory_neuron	10	8	13	8	0.9091	SMC032	0.3	LCOR-201	FAIL	Jackknife 0.91 ≥ 0.5; Direction 0.30 < 0.6
LDAH	Excitatory_neuron	7	5	13	8	0.809	PO42	0.2857	LDAH-201	FAIL	Jackknife 0.81 ≥ 0.5; Direction 0.29 < 0.6
LDB2	Excitatory_neuron	12	8	13	8	0.2171	SMC049	0.6667	LDB2-203	PASS	
LDLRAD4	Excitatory_neuron	12	7	13	8	0.509	SMC038	0.5	LDLRAD4-215	FAIL	Jackknife 0.51 ≥ 0.5; Direction 0.50 < 0.6
LENG8	Excitatory_neuron	12	8	13	8	1.2684	SMC038	0.1667	LENG8-208	FAIL	Jackknife 1.27 ≥ 0.5; Direction 0.17 < 0.6
LETR1	Excitatory_neuron	11	8	13	8	0.3189	PO42	0.8182	LETR1-215	PASS	
LGALS8	Excitatory_neuron	10	8	13	8	0.3152	SMC049	0.5	LGALS8-206	FAIL	Direction 0.50 < 0.6
LGALSL	Excitatory_neuron	10	5	13	8	0.3564	SMC032	0.3	LGALSL-201	FAIL	Direction 0.30 < 0.6
LGI1	Excitatory_neuron	11	8	13	8	2.9611	SMC049	0.6364	LGI1-202	FAIL	Jackknife 2.96 ≥ 0.5
LIG1	Excitatory_neuron	11	7	13	8	0.152	SMC038	1.0	LIG1-201	PASS	
LIG3	Excitatory_neuron	12	8	13	8	0.1446	SMC049	0.9167	LIG3-202	PASS	
LIG4	Excitatory_neuron	8	5	13	8	0.0		1.0	LIG4-202	PASS	
LIMCH1	Excitatory_neuron	12	8	13	8	1.3953	PO41	0.1667	LIMCH1-201	FAIL	Jackknife 1.40 ≥ 0.5; Direction 0.17 < 0.6
LIN54	Excitatory_neuron	8	5	13	8	0.4002	SMC049	0.625	LIN54-201	PASS	
LINC-PINT	Excitatory_neuron	11	8	13	8	1.0553	SMC038	0.1818	LINC-PINT-269	FAIL	Jackknife 1.06 ≥ 0.5; Direction 0.18 < 0.6
LINC00342	Excitatory_neuron	9	7	13	8	0.4106	PO42	0.6667	LINC00342-207	PASS	
LINC00461	Excitatory_neuron	13	8	13	8	0.4271	PO28	0.5385	LINC00461-218	FAIL	Direction 0.54 < 0.6
LINC00507	Excitatory_neuron	9	7	13	8	1.2475	SMC049	0.5556	LINC00507-202	FAIL	Jackknife 1.25 ≥ 0.5; Direction 0.56 < 0.6
LINC00632	Excitatory_neuron	13	8	13	8	0.1387	SMC049	0.7692	LINC00632-215	PASS	
LINC00654	Excitatory_neuron	7	6	13	8	0.1215	SMC049	1.0	LINC00654-208	PASS	
LINC00662	Excitatory_neuron	11	8	13	8	0.5061	PO28	0.1818	LINC00662-270	FAIL	Jackknife 0.51 ≥ 0.5; Direction 0.18 < 0.6
LINC00665	Excitatory_neuron	11	6	13	8	0.1072	PO28	0.8182	LINC00665-208	PASS	
LINC00667	Excitatory_neuron	13	7	13	8	0.3976	SMC041	0.6923	LINC00667-213	PASS	
LINC00839	Excitatory_neuron	5	5	13	8	0.1618	SMC049	0.8	LINC00839-204	PASS	
LINC00882	Excitatory_neuron	10	8	13	8	1.0	SMC038	0.1	LINC00882-244	FAIL	Jackknife 1.00 ≥ 0.5; Direction 0.10 < 0.6
LINC01018	Excitatory_neuron	8	6	13	8	0.0865	SMC038	0.75	LINC01018-213	PASS	
LINC01114	Excitatory_neuron	5	6	13	8	1.2792	PO11	0.2	transcript225876.chr2.nnic	FAIL	Jackknife 1.28 ≥ 0.5; Direction 0.20 < 0.6
LINC01128	Excitatory_neuron	11	8	13	8	0.217	PO28	0.8182	LINC01128-225	PASS	
LINC01145	Excitatory_neuron	8	7	13	8	0.3086	PO41	0.875	LINC01145-203	PASS	
LINC01164	Excitatory_neuron	9	4	13	8	0.3127	PO28	0.8889	transcript218919.chr10.nic	PASS	
LINC01355	Excitatory_neuron	11	6	13	8	0.063	PO41	1.0	LINC01355-204	PASS	
LINC01473	Excitatory_neuron	10	8	13	8	0.3025	PO11	0.8	LINC01473-216	PASS	
LINC02263	Excitatory_neuron	13	8	13	8	0.2327	SMC049	0.8462	LINC02263-220	PASS	
LINC02470	Excitatory_neuron	6	3	13	8					INSUFFICIENT_DATA	reads 있는 도너 부족: AD=6/5, CT=3/4
LINC02610	Excitatory_neuron	8	7	13	8	0.2257	SMC038	0.625	LINC02610-207	PASS	
LINC02693	Excitatory_neuron	10	6	13	8	0.5778	SMC032	0.3	LINC02693-213	FAIL	Jackknife 0.58 ≥ 0.5; Direction 0.30 < 0.6
LINC02822	Excitatory_neuron	9	8	13	8	0.2745	PO42	0.4444	LINC02822-202	FAIL	Direction 0.44 < 0.6
LINC02981	Excitatory_neuron	10	8	13	8	0.1438	SMC049	0.9	LINC02981-209	PASS	
LINC02987	Excitatory_neuron	11	7	13	8	0.0615	SMC041	0.8182	transcript84828.chr19.nnic	PASS	
LINC03025	Excitatory_neuron	10	7	13	8	0.1381	SMC041	0.9	LINC03025-206	PASS	
LINS1	Excitatory_neuron	12	8	13	8	0.5315	PO41	0.5	LINS1-201	FAIL	Jackknife 0.53 ≥ 0.5; Direction 0.50 < 0.6
LIPE-AS1	Excitatory_neuron	4	6	13	8					INSUFFICIENT_DATA	reads 있는 도너 부족: AD=4/5, CT=6/4
LMAN2	Excitatory_neuron	12	8	13	8	1.1392	SMC049	0.75	LMAN2-209	FAIL	Jackknife 1.14 ≥ 0.5
LMBR1L	Excitatory_neuron	9	6	13	8	0.5004	SMC049	0.7778	LMBR1L-201	FAIL	Jackknife 0.50 ≥ 0.5
LMBRD1	Excitatory_neuron	12	8	13	8	4.3652	SMC049	0.5833	LMBRD1-223	FAIL	Jackknife 4.37 ≥ 0.5; Direction 0.58 < 0.6
LMF1	Excitatory_neuron	8	5	13	8	0.0		1.0	LMF1-217	PASS	
LMLN	Excitatory_neuron	10	7	13	8	0.082	SMC029	0.8	LMLN-205	PASS	
LMNA	Excitatory_neuron	11	7	13	8	0.2742	SMC049	0.5455	LMNA-238	FAIL	Direction 0.55 < 0.6
LMO4	Excitatory_neuron	12	8	13	8	0.3052	SMC049	0.5	LMO4-202	FAIL	Direction 0.50 < 0.6
LNPK	Excitatory_neuron	10	5	13	8	0.9128	SMC049	0.2	LNPK-201	FAIL	Jackknife 0.91 ≥ 0.5; Direction 0.20 < 0.6
LONP2	Excitatory_neuron	13	8	13	8	0.5101	SMC038	0.6154	LONP2-201	FAIL	Jackknife 0.51 ≥ 0.5
LPGAT1	Excitatory_neuron	10	7	13	8	0.2073	SMC049	0.9	transcript311605.chr1.nnic	PASS	
LPIN1	Excitatory_neuron	12	8	13	8	0.6464	SMC038	0.6667	LPIN1-201	FAIL	Jackknife 0.65 ≥ 0.5
LRATD1	Excitatory_neuron	11	8	13	8	0.7615	SMC038	0.2727	LRATD1-202	FAIL	Jackknife 0.76 ≥ 0.5; Direction 0.27 < 0.6
LRFN5	Excitatory_neuron	13	8	13	8	0.1691	SMC049	0.0	LRFN5-201	FAIL	Direction 0.00 < 0.6
LRIG2	Excitatory_neuron	9	8	13	8	0.0641	SMC049	1.0	transcript177274.chr1.nnic	PASS	
LRP12	Excitatory_neuron	10	8	13	8	0.2143	SMC049	0.6	LRP12-201	PASS	
LRP3	Excitatory_neuron	10	6	13	8	1.0344	SMC038	0.4	LRP3-203	FAIL	Jackknife 1.03 ≥ 0.5; Direction 0.40 < 0.6
LRP8	Excitatory_neuron	9	6	13	8	1.1705	SMC041	0.3333	LRP8-234	FAIL	Jackknife 1.17 ≥ 0.5; Direction 0.33 < 0.6
LRPPRC	Excitatory_neuron	12	8	13	8	0.2026	SMC049	0.6667	LRPPRC-201	PASS	
LRRC14	Excitatory_neuron	8	6	13	8	0.9822	SMC049	0.25	LRRC14-201	FAIL	Jackknife 0.98 ≥ 0.5; Direction 0.25 < 0.6
LRRC27	Excitatory_neuron	8	5	13	8	0.5094	SMC049	0.375	LRRC27-201	FAIL	Jackknife 0.51 ≥ 0.5; Direction 0.38 < 0.6
LRRC28	Excitatory_neuron	9	5	13	8	0.0		1.0	LRRC28-201	PASS	
LRRC37A2	Excitatory_neuron	10	8	13	8	0.8661	SMC041	0.5	LRRC37A2-201	FAIL	Jackknife 0.87 ≥ 0.5; Direction 0.50 < 0.6
LRRC37A3	Excitatory_neuron	6	5	13	8	0.2537	PO42	0.1667	LRRC37A3-202	FAIL	Direction 0.17 < 0.6
LRRC41	Excitatory_neuron	10	7	13	8	1.232	SMC038	0.4	LRRC41-203	FAIL	Jackknife 1.23 ≥ 0.5; Direction 0.40 < 0.6
LRRC45	Excitatory_neuron	9	7	13	8	0.9861	SMC041	0.7778	transcript140592.chr17.nic	FAIL	Jackknife 0.99 ≥ 0.5
LRRC47	Excitatory_neuron	8	7	13	8	0.1857	SMC032	0.875	LRRC47-201	PASS	
LRRC49	Excitatory_neuron	11	8	13	8	0.1771	PO41	0.9091	LRRC49-201	PASS	
LRRC4C	Excitatory_neuron	9	7	13	8	0.4117	PO28	0.4444	LRRC4C-203	FAIL	Direction 0.44 < 0.6
LRRC7	Excitatory_neuron	13	8	13	8	0.482	SMC049	0.5385	LRRC7-201	FAIL	Direction 0.54 < 0.6
LRRC8B	Excitatory_neuron	10	7	13	8	0.9151	SMC049	0.6	transcript150963.chr1.nnic	FAIL	Jackknife 0.92 ≥ 0.5
LRRC8D	Excitatory_neuron	7	4	13	8	0.3045	PO28	0.4286	LRRC8D-202	FAIL	Direction 0.43 < 0.6
LRRFIP2	Excitatory_neuron	13	8	13	8	0.157	SMC043	0.8462	LRRFIP2-209	PASS	
LRRK2	Excitatory_neuron	11	8	13	8	0.0756	PO05	0.8182	LRRK2-217	PASS	
LRRN1	Excitatory_neuron	11	7	13	8	1.1061	SMC041	0.0909	LRRN1-201	FAIL	Jackknife 1.11 ≥ 0.5; Direction 0.09 < 0.6
LRRN2	Excitatory_neuron	9	7	13	8	0.3818	PO28	0.6667	LRRN2-201	PASS	
LRRN3	Excitatory_neuron	11	8	13	8	1.3047	PO28	0.5455	LRRN3-203	FAIL	Jackknife 1.30 ≥ 0.5; Direction 0.55 < 0.6
LRRTM1	Excitatory_neuron	8	7	13	8	0.5388	SMC049	1.0	LRRTM1-201	FAIL	Jackknife 0.54 ≥ 0.5
LRRTM3	Excitatory_neuron	13	8	13	8	0.0961	PO28	0.0	LRRTM3-201	FAIL	Direction 0.00 < 0.6
LRRTM4	Excitatory_neuron	11	8	13	8	0.3241	SMC038	0.6364	LRRTM4-201	PASS	
LRSAM1	Excitatory_neuron	11	7	13	8	0.4008	SMC038	0.8182	LRSAM1-204	PASS	
LRTM2	Excitatory_neuron	9	4	13	8	0.3559	SMC032	0.5556	transcript4577.chr12.nnic	FAIL	Direction 0.56 < 0.6
LSG1	Excitatory_neuron	11	8	13	8	0.0294	SMC049	0.9091	LSG1-201	PASS	
LSM14A	Excitatory_neuron	12	8	13	8	1.3494	SMC041	0.3333	LSM14A-203	FAIL	Jackknife 1.35 ≥ 0.5; Direction 0.33 < 0.6
LSM8	Excitatory_neuron	11	8	13	8	1.4072	SMC049	0.1818	LSM8-201	FAIL	Jackknife 1.41 ≥ 0.5; Direction 0.18 < 0.6
LSP1P5	Excitatory_neuron	11	5	13	8	0.8967	PO42	0.5455	transcript127594.chr2.nnic	FAIL	Jackknife 0.90 ≥ 0.5; Direction 0.55 < 0.6
LSS	Excitatory_neuron	9	8	13	8	0.106	PO28	0.8889	LSS-205	PASS	
LTA4H	Excitatory_neuron	9	7	13	8	0.9559	SMC049	0.4444	LTA4H-201	FAIL	Jackknife 0.96 ≥ 0.5; Direction 0.44 < 0.6
LTBP3	Excitatory_neuron	5	5	13	8	0.8304	SMC049	1.0	LTBP3-202	FAIL	Jackknife 0.83 ≥ 0.5
LUC7L	Excitatory_neuron	13	8	13	8	1.9628	SMC049	0.2308	LUC7L-201	FAIL	Jackknife 1.96 ≥ 0.5; Direction 0.23 < 0.6
LUC7L2	Excitatory_neuron	11	8	13	8	0.3015	PO11	0.4545	LUC7L2-207	FAIL	Direction 0.45 < 0.6
LY6E	Excitatory_neuron	10	7	13	8	0.3507	SMC049	0.5	LY6E-201	FAIL	Direction 0.50 < 0.6
LY6H	Excitatory_neuron	10	6	13	8	0.1706	SMC049	0.8	LY6H-204	PASS	
LY86-AS1	Excitatory_neuron	10	6	13	8	0.0805	PO11	0.9	transcript11527.chr6.nic	PASS	
LYPLAL1	Excitatory_neuron	10	4	13	8	0.0839	SMC049	0.9	transcript317173.chr1.nnic	PASS	
LYRM9	Excitatory_neuron	10	6	13	8	0.276	SMC038	0.6	LYRM9-201	PASS	
LYSMD4	Excitatory_neuron	7	7	13	8	0.6329	SMC038	0.4286	transcript145188.chr15.nic	FAIL	Jackknife 0.63 ≥ 0.5; Direction 0.43 < 0.6
LYST	Excitatory_neuron	12	7	13	8	0.9442	SMC049	0.1667	LYST-202	FAIL	Jackknife 0.94 ≥ 0.5; Direction 0.17 < 0.6
LZTFL1	Excitatory_neuron	10	7	13	8	1.1036	SMC038	0.3	LZTFL1-201	FAIL	Jackknife 1.10 ≥ 0.5; Direction 0.30 < 0.6
LZTS2	Excitatory_neuron	9	7	13	8	0.1636	SMC041	0.5556	LZTS2-205	FAIL	Direction 0.56 < 0.6
MACF1	Excitatory_neuron	13	8	13	8	0.4888	SMC049	0.6923	MACF1-205	PASS	
MACIR	Excitatory_neuron	11	7	13	8	2.9452	SMC049	0.4545	MACIR-202	FAIL	Jackknife 2.95 ≥ 0.5; Direction 0.45 < 0.6
MACO1	Excitatory_neuron	11	8	13	8	0.206	PO41	0.8182	MACO1-201	PASS	
MACROH2A1	Excitatory_neuron	13	8	13	8	0.6099	SMC049	0.6154	MACROH2A1-202	FAIL	Jackknife 0.61 ≥ 0.5
MACROH2A2	Excitatory_neuron	11	8	13	8	0.8253	SMC049	0.5455	MACROH2A2-201	FAIL	Jackknife 0.83 ≥ 0.5; Direction 0.55 < 0.6
MADD	Excitatory_neuron	10	7	13	8	0.1567	SMC038	0.6	MADD-227	PASS	
MAGED2	Excitatory_neuron	11	8	13	8	1.9535	SMC049	0.7273	MAGED2-206	FAIL	Jackknife 1.95 ≥ 0.5
MAGED4	Excitatory_neuron	12	8	13	8	0.4173	SMC049	0.8333	MAGED4-209	PASS	
MAGED4B	Excitatory_neuron	13	8	13	8	0.317	SMC038	0.9231	MAGED4B-201	PASS	
MAGI1	Excitatory_neuron	10	8	13	8	0.0407	PO42	0.9	MAGI1-203	PASS	
MAGI2	Excitatory_neuron	11	7	13	8	0.3398	SMC038	0.2727	MAGI2-234	FAIL	Direction 0.27 < 0.6
MAGI2-AS3	Excitatory_neuron	11	8	13	8	0.2911	PO28	0.4545	MAGI2-AS3-245	FAIL	Direction 0.45 < 0.6
MAGI3	Excitatory_neuron	10	8	13	8	0.0895	SMC041	0.8	MAGI3-201	PASS	
MALAT1	Excitatory_neuron	13	8	13	8	0.9909	SMC032	0.6154	MALAT1-202	FAIL	Jackknife 0.99 ≥ 0.5
MALT1	Excitatory_neuron	9	7	13	8	0.0341	SMC043	0.8889	transcript61831.chr18.nnic	PASS	
MAMLD1	Excitatory_neuron	9	5	13	8	0.2414	SMC041	0.7778	transcript160658.chrX.nic	PASS	
MAN1B1	Excitatory_neuron	13	7	13	8	1.662	SMC049	0.5385	MAN1B1-202	FAIL	Jackknife 1.66 ≥ 0.5; Direction 0.54 < 0.6
MAN2A1	Excitatory_neuron	12	7	13	8	0.0		1.0	transcript141760.chr5.nnic	PASS	
MAN2C1	Excitatory_neuron	10	6	13	8	0.243	PO28	0.7	MAN2C1-201	PASS	
MANBAL	Excitatory_neuron	7	5	13	8	0.2087	SMC049	0.7143	transcript49254.chr20.nnic	PASS	
MAOA	Excitatory_neuron	8	7	13	8	0.1197	PO41	1.0	MAOA-203	PASS	
MAOB	Excitatory_neuron	11	7	13	8	0.075	PO41	1.0	MAOB-201	PASS	
MAP1A	Excitatory_neuron	12	8	13	8	0.2228	PO28	0.75	MAP1A-201	PASS	
MAP1B	Excitatory_neuron	13	8	13	8	2.1233	SMC049	0.4615	MAP1B-201	FAIL	Jackknife 2.12 ≥ 0.5; Direction 0.46 < 0.6
MAP2	Excitatory_neuron	12	8	13	8	0.1237	PO28	0.5	transcript368355.chr2.nic	FAIL	Direction 0.50 < 0.6
MAP2K4	Excitatory_neuron	8	8	13	8	0.1562	SMC049	0.875	MAP2K4-201	PASS	
MAP2K5	Excitatory_neuron	12	7	13	8	0.2055	SMC049	0.75	transcript101484.chr15.nnic	PASS	
MAP3K12	Excitatory_neuron	9	6	13	8	1.0379	SMC049	0.3333	MAP3K12-201	FAIL	Jackknife 1.04 ≥ 0.5; Direction 0.33 < 0.6
MAP3K13	Excitatory_neuron	10	8	13	8	0.3599	SMC049	0.8	MAP3K13-201	PASS	
MAP3K20	Excitatory_neuron	10	7	13	8	1.1025	SMC038	0.4	MAP3K20-201	FAIL	Jackknife 1.10 ≥ 0.5; Direction 0.40 < 0.6
MAP3K21	Excitatory_neuron	8	6	13	8	0.1521	SMC041	0.875	MAP3K21-203	PASS	
MAP3K4	Excitatory_neuron	10	7	13	8	0.5811	SMC049	0.4	MAP3K4-208	FAIL	Jackknife 0.58 ≥ 0.5; Direction 0.40 < 0.6
MAP3K7	Excitatory_neuron	12	7	13	8	0.5391	PO11	0.8333	MAP3K7-201	FAIL	Jackknife 0.54 ≥ 0.5
MAP4	Excitatory_neuron	12	8	13	8	0.6464	SMC032	0.8333	MAP4-210	FAIL	Jackknife 0.65 ≥ 0.5
MAP4K2	Excitatory_neuron	7	6	13	8	0.4389	PO41	0.5714	MAP4K2-201	FAIL	Direction 0.57 < 0.6
MAP4K3-DT	Excitatory_neuron	13	7	13	8	0.3174	PO41	0.8462	MAP4K3-DT-211	PASS	
MAP4K4	Excitatory_neuron	9	7	13	8	1.5893	PO28	0.6667	MAP4K4-203	FAIL	Jackknife 1.59 ≥ 0.5
MAP4K5	Excitatory_neuron	12	8	13	8	0.7901	SMC049	0.6667	MAP4K5-204	FAIL	Jackknife 0.79 ≥ 0.5
MAP6	Excitatory_neuron	8	5	13	8	0.2077	SMC049	0.75	MAP6-201	PASS	
MAP7	Excitatory_neuron	12	7	13	8	0.2224	SMC049	0.75	MAP7-201	PASS	
MAP9	Excitatory_neuron	12	8	13	8	0.3248	SMC049	0.6667	transcript191283.chr4.nic	PASS	
MAPK10	Excitatory_neuron	12	8	13	8	0.1013	SMC049	0.6667	MAPK10-255	PASS	
MAPK14	Excitatory_neuron	10	7	13	8	0.2791	SMC032	0.7	transcript48416.chr6.nic	PASS	
MAPK6	Excitatory_neuron	10	6	13	8	0.0643	SMC049	0.9	MAPK6-201	PASS	
MAPK8	Excitatory_neuron	11	7	13	8	0.6341	SMC049	0.5455	MAPK8-206	FAIL	Jackknife 0.63 ≥ 0.5; Direction 0.55 < 0.6
MAPK8IP3	Excitatory_neuron	11	8	13	8	0.1118	SMC049	0.5455	MAPK8IP3-207	FAIL	Direction 0.55 < 0.6
MAPKAP1	Excitatory_neuron	11	6	13	8	0.1369	SMC049	0.9091	MAPKAP1-208	PASS	
MAPRE1	Excitatory_neuron	8	7	13	8	0.2128	PO05	0.875	transcript38191.chr20.nic	PASS	
MAPT	Excitatory_neuron	13	8	13	8	0.0357	PO28	0.7692	MAPT-224	PASS	
MARCHF1	Excitatory_neuron	11	7	13	8	1.0193	SMC038	0.3636	transcript197227.chr4.nnic	FAIL	Jackknife 1.02 ≥ 0.5; Direction 0.36 < 0.6
MARCHF6	Excitatory_neuron	12	8	13	8	0.4833	SMC049	0.5833	MARCHF6-210	FAIL	Direction 0.58 < 0.6
MARK1	Excitatory_neuron	12	8	13	8	0.3095	PO41	0.5833	MARK1-217	FAIL	Direction 0.58 < 0.6
MARK2	Excitatory_neuron	10	6	13	8	0.0		1.0	MARK2-201	PASS	
MARK3	Excitatory_neuron	12	8	13	8	0.2512	PO28	0.8333	MARK3-227	PASS	
MARS1	Excitatory_neuron	10	6	13	8	0.4323	PO28	0.4	MARS1-201	FAIL	Direction 0.40 < 0.6
MAST3	Excitatory_neuron	10	8	13	8	0.2947	SMC049	0.7	transcript39389.chr19.nic	PASS	
MAST4	Excitatory_neuron	10	7	13	8	0.415	PO41	0.7	MAST4-202	PASS	
MAT2B	Excitatory_neuron	10	7	13	8	1.0	SMC041	0.1	MAT2B-233	FAIL	Jackknife 1.00 ≥ 0.5; Direction 0.10 < 0.6
MATCAP2	Excitatory_neuron	8	7	13	8	1.5154	SMC032	0.5	MATCAP2-208	FAIL	Jackknife 1.52 ≥ 0.5; Direction 0.50 < 0.6
MATN2	Excitatory_neuron	9	7	13	8	0.8038	SMC029	0.2222	MATN2-201	FAIL	Jackknife 0.80 ≥ 0.5; Direction 0.22 < 0.6
MATR3	Excitatory_neuron	13	8	13	8	0.1487	PO28	1.0	MATR3-203	PASS	
MAVS	Excitatory_neuron	9	6	13	8	0.8652	SMC049	0.2222	MAVS-202	FAIL	Jackknife 0.87 ≥ 0.5; Direction 0.22 < 0.6
MBD1	Excitatory_neuron	10	7	13	8	0.8091	SMC049	0.7	MBD1-210	FAIL	Jackknife 0.81 ≥ 0.5
MBD5	Excitatory_neuron	10	7	13	8	0.1612	PO28	0.8	MBD5-230	PASS	
MBIP	Excitatory_neuron	12	8	13	8	0.4581	SMC049	0.5	MBIP-201	FAIL	Direction 0.50 < 0.6
MBNL2	Excitatory_neuron	12	8	13	8	0.4145	SMC049	0.5833	MBNL2-210	FAIL	Direction 0.58 < 0.6
MBOAT7	Excitatory_neuron	11	7	13	8	0.6107	PO28	0.3636	MBOAT7-212	FAIL	Jackknife 0.61 ≥ 0.5; Direction 0.36 < 0.6
MBP	Excitatory_neuron	13	8	13	8	1.7907	SMC049	0.2308	MBP-205	FAIL	Jackknife 1.79 ≥ 0.5; Direction 0.23 < 0.6
MBTPS1	Excitatory_neuron	13	8	13	8	0.3724	SMC038	0.3846	MBTPS1-204	FAIL	Direction 0.38 < 0.6
MBTPS2	Excitatory_neuron	12	8	13	8	0.596	SMC049	0.5833	MBTPS2-202	FAIL	Jackknife 0.60 ≥ 0.5; Direction 0.58 < 0.6
MCCC1	Excitatory_neuron	12	7	13	8	0.026	SMC041	0.9167	MCCC1-210	PASS	
MCF2	Excitatory_neuron	9	7	13	8	0.3244	SMC041	0.4444	MCF2-203	FAIL	Direction 0.44 < 0.6
MCF2L	Excitatory_neuron	12	7	13	8	0.9176	SMC041	0.1667	MCF2L-219	FAIL	Jackknife 0.92 ≥ 0.5; Direction 0.17 < 0.6
MCFD2	Excitatory_neuron	7	6	13	8	0.2971	SMC032	1.0	MCFD2-201	PASS	
MCHR2	Excitatory_neuron	9	7	13	8	0.0		1.0	transcript145719.chr6.nnic	PASS	
MCL1	Excitatory_neuron	9	8	13	8	0.2546	SMC032	0.7778	MCL1-202	PASS	
MCM3	Excitatory_neuron	7	4	13	8	1.1264	SMC049	0.1429	MCM3-205	FAIL	Jackknife 1.13 ≥ 0.5; Direction 0.14 < 0.6
MCM3AP	Excitatory_neuron	10	7	13	8	0.6264	SMC043	0.4	MCM3AP-207	FAIL	Jackknife 0.63 ≥ 0.5; Direction 0.40 < 0.6
MCM3AP-AS1	Excitatory_neuron	10	7	13	8	0.5185	SMC049	0.7	MCM3AP-AS1-205	FAIL	Jackknife 0.52 ≥ 0.5
MCM7	Excitatory_neuron	10	7	13	8	0.0888	SMC049	1.0	transcript140809.chr7.nnic	PASS	
MCOLN1	Excitatory_neuron	9	7	13	8	1.7875	SMC049	0.3333	MCOLN1-201	FAIL	Jackknife 1.79 ≥ 0.5; Direction 0.33 < 0.6
MCPH1	Excitatory_neuron	12	8	13	8	0.7545	SMC032	0.4167	MCPH1-201	FAIL	Jackknife 0.75 ≥ 0.5; Direction 0.42 < 0.6
MCTP1	Excitatory_neuron	10	6	13	8	0.5794	PO42	0.5	MCTP1-218	FAIL	Jackknife 0.58 ≥ 0.5; Direction 0.50 < 0.6
MDGA2	Excitatory_neuron	10	7	13	8	0.3249	PO41	0.4	MDGA2-208	FAIL	Direction 0.40 < 0.6
MDM1	Excitatory_neuron	9	7	13	8	0.3347	PO42	0.6667	MDM1-216	PASS	
MDM4	Excitatory_neuron	12	7	13	8	0.44	PO41	0.5833	MDM4-205	FAIL	Direction 0.58 < 0.6
MDN1	Excitatory_neuron	13	8	13	8	0.9545	SMC049	0.6923	MDN1-220	FAIL	Jackknife 0.95 ≥ 0.5
ME3	Excitatory_neuron	10	7	13	8	0.8132	SMC049	0.6	transcript141120.chr11.nic	FAIL	Jackknife 0.81 ≥ 0.5
MEAK7	Excitatory_neuron	10	8	13	8	0.4812	PO28	0.2	MEAK7-208	FAIL	Direction 0.20 < 0.6
MECR	Excitatory_neuron	9	6	13	8	0.1665	SMC038	0.7778	MECR-202	PASS	
MED1	Excitatory_neuron	10	6	13	8	0.0258	SMC038	1.0	MED1-201	PASS	
MED12L	Excitatory_neuron	12	7	13	8	0.3305	PO11	0.5	MED12L-212	FAIL	Direction 0.50 < 0.6
MED13L	Excitatory_neuron	11	8	13	8	0.4994	SMC049	0.3636	MED13L-218	FAIL	Direction 0.36 < 0.6
MED22	Excitatory_neuron	9	6	13	8	0.405	SMC049	0.7778	MED22-209	PASS	
MED23	Excitatory_neuron	10	7	13	8	0.3648	PO05	0.5	MED23-201	FAIL	Direction 0.50 < 0.6
MED27	Excitatory_neuron	11	8	13	8	0.1128	SMC038	0.8182	MED27-206	PASS	
MED29	Excitatory_neuron	6	5	13	8	1.2827	SMC049	0.5	MED29-206	FAIL	Jackknife 1.28 ≥ 0.5; Direction 0.50 < 0.6
MED6	Excitatory_neuron	12	6	13	8	0.9187	SMC038	0.3333	MED6-201	FAIL	Jackknife 0.92 ≥ 0.5; Direction 0.33 < 0.6
MED9	Excitatory_neuron	13	8	13	8	0.6027	SMC049	0.6154	MED9-201	FAIL	Jackknife 0.60 ≥ 0.5
MEF2A	Excitatory_neuron	11	8	13	8	0.0213	SMC029	0.9091	transcript145558.chr15.nic	PASS	
MEF2C	Excitatory_neuron	12	8	13	8	0.0845	SMC049	0.0	MEF2C-244	FAIL	Direction 0.00 < 0.6
MEG3	Excitatory_neuron	13	8	13	8	0.7414	SMC049	0.5385	MEG3-209	FAIL	Jackknife 0.74 ≥ 0.5; Direction 0.54 < 0.6
MEIS2	Excitatory_neuron	12	8	13	8	2.5085	SMC049	0.4167	transcript44541.chr15.nic	FAIL	Jackknife 2.51 ≥ 0.5; Direction 0.42 < 0.6
MELTF	Excitatory_neuron	8	5	13	8	0.0		1.0	MELTF-204	PASS	
MEN1	Excitatory_neuron	10	7	13	8	0.3523	SMC039	0.5	MEN1-214	FAIL	Direction 0.50 < 0.6
MEST	Excitatory_neuron	12	7	13	8	0.3973	SMC038	0.5	MEST-202	FAIL	Direction 0.50 < 0.6
METTL15	Excitatory_neuron	9	6	13	8	0.6323	PO41	0.5556	METTL15-203	FAIL	Jackknife 0.63 ≥ 0.5; Direction 0.56 < 0.6
METTL17	Excitatory_neuron	8	7	13	8	0.2099	SMC038	0.75	METTL17-201	PASS	
METTL2A	Excitatory_neuron	9	6	13	8	0.6577	SMC049	0.5556	METTL2A-202	FAIL	Jackknife 0.66 ≥ 0.5; Direction 0.56 < 0.6
METTL2B	Excitatory_neuron	12	8	13	8	0.8913	SMC039	0.3333	METTL2B-206	FAIL	Jackknife 0.89 ≥ 0.5; Direction 0.33 < 0.6
METTL3	Excitatory_neuron	10	7	13	8	0.0629	SMC049	1.0	METTL3-204	PASS	
METTL9	Excitatory_neuron	11	8	13	8	0.4597	SMC049	0.7273	METTL9-201	PASS	
MFAP3	Excitatory_neuron	9	7	13	8	0.3359	PO41	0.6667	transcript212991.chr5.nic	PASS	
MFF	Excitatory_neuron	11	8	13	8	0.0872	PO28	0.8182	MFF-216	PASS	
MFN2	Excitatory_neuron	9	7	13	8	0.6467	SMC049	0.6667	MFN2-231	FAIL	Jackknife 0.65 ≥ 0.5
MFSD13A	Excitatory_neuron	9	7	13	8	0.5888	SMC049	0.3333	transcript184433.chr10.nic	FAIL	Jackknife 0.59 ≥ 0.5; Direction 0.33 < 0.6
MFSD4B	Excitatory_neuron	11	7	13	8	0.4219	SMC049	0.6364	MFSD4B-214	PASS	
MFSD6	Excitatory_neuron	8	8	13	8	0.1402	SMC049	1.0	MFSD6-206	PASS	
MFSD9	Excitatory_neuron	5	5	13	8	0.9242	PO42	0.4	transcript225517.chr2.nic	FAIL	Jackknife 0.92 ≥ 0.5; Direction 0.40 < 0.6
MGA	Excitatory_neuron	12	8	13	8	0.5472	PO28	0.8333	MGA-208	FAIL	Jackknife 0.55 ≥ 0.5
MGAT1	Excitatory_neuron	6	5	13	8	0.581	SMC049	1.0	MGAT1-203	FAIL	Jackknife 0.58 ≥ 0.5
MGAT5	Excitatory_neuron	8	7	13	8	0.1245	PO42	0.875	MGAT5-202	PASS	
MGLL	Excitatory_neuron	11	8	13	8	0.035	SMC049	0.9091	MGLL-204	PASS	
MGMT	Excitatory_neuron	11	8	13	8	0.4142	PO42	0.2727	MGMT-205	FAIL	Direction 0.27 < 0.6
MGRN1	Excitatory_neuron	12	8	13	8	0.1546	SMC038	0.9167	MGRN1-203	PASS	
MIA3	Excitatory_neuron	12	8	13	8	0.2302	PO11	0.6667	MIA3-202	PASS	
MIAT	Excitatory_neuron	12	8	13	8	0.2309	SMC049	0.9167	MIAT-219	PASS	
MIB2	Excitatory_neuron	9	8	13	8	0.9789	SMC041	0.1111	MIB2-219	FAIL	Jackknife 0.98 ≥ 0.5; Direction 0.11 < 0.6
MICAL3	Excitatory_neuron	12	8	13	8	0.6816	SMC049	0.75	MICAL3-210	FAIL	Jackknife 0.68 ≥ 0.5
MICOS10	Excitatory_neuron	8	5	13	8	0.0		1.0	transcript39659.chr1.nnic	PASS	
MIDEAS	Excitatory_neuron	8	7	13	8	0.0389	SMC041	1.0	MIDEAS-206	PASS	
MIEF1	Excitatory_neuron	5	6	13	8	0.3662	PO11	0.6	MIEF1-203	PASS	
MIEF2	Excitatory_neuron	9	8	13	8	0.0708	SMC041	1.0	MIEF2-201	PASS	
MIGA1	Excitatory_neuron	10	7	13	8	0.8599	SMC038	0.2	MIGA1-204	FAIL	Jackknife 0.86 ≥ 0.5; Direction 0.20 < 0.6
MIGA2	Excitatory_neuron	11	7	13	8	0.327	SMC041	0.5455	MIGA2-214	FAIL	Direction 0.55 < 0.6
MINDY3	Excitatory_neuron	9	5	13	8	2.411	SMC049	0.3333	MINDY3-201	FAIL	Jackknife 2.41 ≥ 0.5; Direction 0.33 < 0.6
MINK1	Excitatory_neuron	10	8	13	8	1.6341	SMC049	0.6	MINK1-202	FAIL	Jackknife 1.63 ≥ 0.5
MIOS	Excitatory_neuron	8	6	13	8	0.8805	PO11	0.25	MIOS-208	FAIL	Jackknife 0.88 ≥ 0.5; Direction 0.25 < 0.6
MIPOL1	Excitatory_neuron	10	8	13	8	0.0		1.0	transcript24423.chr14.nnic	PASS	
MIR100HG	Excitatory_neuron	10	7	13	8	0.8051	SMC032	0.5	MIR100HG-284	FAIL	Jackknife 0.81 ≥ 0.5; Direction 0.50 < 0.6
MIR124-1HG	Excitatory_neuron	12	7	13	8	0.1902	SMC039	0.8333	MIR124-1HG-201	PASS	
MIR124-2HG	Excitatory_neuron	12	8	13	8	2.9656	SMC039	0.5833	MIR124-2HG-212	FAIL	Jackknife 2.97 ≥ 0.5; Direction 0.58 < 0.6
MIR181A1HG	Excitatory_neuron	10	8	13	8	0.0457	SMC049	1.0	MIR181A1HG-207	PASS	
MIR29B2CHG	Excitatory_neuron	7	7	13	8	0.3195	SMC049	0.7143	MIR29B2CHG-202	PASS	
MIR31HG	Excitatory_neuron	8	6	13	8	0.0		1.0	MIR31HG-208	PASS	
MIR4435-2HG	Excitatory_neuron	10	6	13	8	0.0		1.0	MIR4435-2HG-275	PASS	
MIR9-3HG	Excitatory_neuron	6	4	13	8	0.2341	SMC049	0.6667	MIR9-3HG-252	PASS	
MIR99AHG	Excitatory_neuron	9	8	13	8	0.0		1.0	MIR99AHG-240	PASS	
MIS18BP1	Excitatory_neuron	13	8	13	8	0.2422	PO11	0.2308	MIS18BP1-201	FAIL	Direction 0.23 < 0.6
MKLN1	Excitatory_neuron	9	5	13	8	0.2761	PO42	0.7778	MKLN1-201	PASS	
MKNK1	Excitatory_neuron	9	7	13	8	0.0769	PO11	1.0	transcript85071.chr1.nic	PASS	
MKRN1	Excitatory_neuron	10	8	13	8	0.2866	SMC049	0.7	MKRN1-201	PASS	
MKRN2	Excitatory_neuron	10	7	13	8	0.1523	SMC038	0.7	MKRN2-205	PASS	
MLH1	Excitatory_neuron	10	6	13	8	0.5054	SMC049	0.9	MLH1-206	FAIL	Jackknife 0.51 ≥ 0.5
MLIP	Excitatory_neuron	10	8	13	8	0.9488	SMC041	0.6	MLIP-209	FAIL	Jackknife 0.95 ≥ 0.5
MLLT10	Excitatory_neuron	10	6	13	8	0.5143	SMC038	0.4	MLLT10-223	FAIL	Jackknife 0.51 ≥ 0.5; Direction 0.40 < 0.6
MLST8	Excitatory_neuron	7	7	13	8	0.1678	PO28	0.4286	MLST8-230	FAIL	Direction 0.43 < 0.6
MLXIP	Excitatory_neuron	10	5	13	8	0.3484	PO05	0.6	MLXIP-207	PASS	
MMGT1	Excitatory_neuron	8	7	13	8	0.9625	SMC049	0.25	transcript150465.chrX.nnic	FAIL	Jackknife 0.96 ≥ 0.5; Direction 0.25 < 0.6
MMS19	Excitatory_neuron	9	7	13	8	0.7216	SMC049	0.4444	transcript174570.chr10.nic	FAIL	Jackknife 0.72 ≥ 0.5; Direction 0.44 < 0.6
MOAP1	Excitatory_neuron	13	8	13	8	0.7402	SMC049	0.3846	MOAP1-202	FAIL	Jackknife 0.74 ≥ 0.5; Direction 0.38 < 0.6
MOBP	Excitatory_neuron	8	8	13	8	0.6399	SMC049	0.375	MOBP-212	FAIL	Jackknife 0.64 ≥ 0.5; Direction 0.38 < 0.6
MOCS1	Excitatory_neuron	11	7	13	8	0.7832	SMC038	0.4545	transcript55283.chr6.nnic	FAIL	Jackknife 0.78 ≥ 0.5; Direction 0.45 < 0.6
MOGS	Excitatory_neuron	9	8	13	8	0.7152	PO28	0.6667	MOGS-203	FAIL	Jackknife 0.72 ≥ 0.5
MOK	Excitatory_neuron	10	7	13	8	0.3537	PO42	0.9	MOK-219	PASS	
MON2	Excitatory_neuron	12	8	13	8	0.0		1.0	MON2-202	PASS	
MORC3	Excitatory_neuron	12	8	13	8	0.1471	SMC049	0.3333	MORC3-201	FAIL	Direction 0.33 < 0.6
MORF4L1	Excitatory_neuron	10	8	13	8	1.9165	SMC049	0.9	MORF4L1-203	FAIL	Jackknife 1.92 ≥ 0.5
MORF4L2	Excitatory_neuron	12	8	13	8	0.6018	SMC049	0.75	MORF4L2-208	FAIL	Jackknife 0.60 ≥ 0.5
MOXD1	Excitatory_neuron	7	5	13	8	0.5341	SMC049	0.7143	MOXD1-202	FAIL	Jackknife 0.53 ≥ 0.5
MPC2	Excitatory_neuron	12	7	13	8	0.2473	SMC049	0.9167	MPC2-202	PASS	
MPDZ	Excitatory_neuron	13	8	13	8	0.0171	PO41	1.0	MPDZ-217	PASS	
MPI	Excitatory_neuron	9	6	13	8	0.1389	SMC049	0.8889	MPI-214	PASS	
MPPE1	Excitatory_neuron	9	5	13	8	0.2102	SMC038	0.6667	MPPE1-211	PASS	
MPRIP	Excitatory_neuron	12	8	13	8	0.3816	PO28	0.3333	MPRIP-221	FAIL	Direction 0.33 < 0.6
MRE11	Excitatory_neuron	12	7	13	8	0.0816	SMC038	0.9167	transcript149682.chr11.nnic	PASS	
MRFAP1	Excitatory_neuron	13	8	13	8	0.3257	SMC038	0.4615	MRFAP1-201	FAIL	Direction 0.46 < 0.6
MRFAP1L1	Excitatory_neuron	12	8	13	8	0.2217	SMC049	0.75	MRFAP1L1-201	PASS	
MRM2	Excitatory_neuron	9	6	13	8	0.8584	SMC049	0.5556	MRM2-205	FAIL	Jackknife 0.86 ≥ 0.5; Direction 0.56 < 0.6
MRM3	Excitatory_neuron	9	5	13	8	1.2391	SMC049	0.2222	MRM3-201	FAIL	Jackknife 1.24 ≥ 0.5; Direction 0.22 < 0.6
MRNIP	Excitatory_neuron	8	5	13	8	0.2309	SMC049	0.875	MRNIP-201	PASS	
MROH1	Excitatory_neuron	12	8	13	8	1.0732	PO28	0.5833	MROH1-205	FAIL	Jackknife 1.07 ≥ 0.5; Direction 0.58 < 0.6
MRPL10	Excitatory_neuron	7	7	13	8	0.1704	SMC049	0.7143	MRPL10-203	PASS	
MRPL20-AS1	Excitatory_neuron	10	7	13	8	0.5441	SMC038	0.4	MRPL20-AS1-202	FAIL	Jackknife 0.54 ≥ 0.5; Direction 0.40 < 0.6
MRPL37	Excitatory_neuron	10	7	13	8	1.6677	SMC049	0.7	MRPL37-202	FAIL	Jackknife 1.67 ≥ 0.5
MRPL38	Excitatory_neuron	11	7	13	8	0.046	SMC049	1.0	MRPL38-201	PASS	
MRPL4	Excitatory_neuron	9	5	13	8	0.1257	SMC049	0.7778	MRPL4-207	PASS	
MRPS2	Excitatory_neuron	5	4	13	8	0.0		1.0	MRPS2-208	PASS	
MRPS22	Excitatory_neuron	13	8	13	8	0.0723	SMC049	0.9231	MRPS22-225	PASS	
MRPS25	Excitatory_neuron	10	7	13	8	0.0		1.0	MRPS25-207	PASS	
MRPS5	Excitatory_neuron	11	8	13	8	0.2537	PO41	0.5455	MRPS5-207	FAIL	Direction 0.55 < 0.6
MRRF	Excitatory_neuron	8	4	13	8	0.1447	SMC038	0.625	transcript199631.chr9.nic	PASS	
MRS2	Excitatory_neuron	10	6	13	8	0.2093	SMC039	0.8	MRS2-203	PASS	
MRTFB	Excitatory_neuron	12	8	13	8	0.1694	SMC049	0.9167	MRTFB-204	PASS	
MSANTD7	Excitatory_neuron	6	6	13	8	0.8917	SMC049	0.5	transcript38323.chr10.nnic	FAIL	Jackknife 0.89 ≥ 0.5; Direction 0.50 < 0.6
MSC-AS1	Excitatory_neuron	7	6	13	8	0.3741	SMC049	0.7143	MSC-AS1-213	PASS	
MSH3	Excitatory_neuron	10	8	13	8	0.246	SMC049	0.9	MSH3-206	PASS	
MSH6	Excitatory_neuron	13	8	13	8	0.7972	SMC049	0.4615	MSH6-211	FAIL	Jackknife 0.80 ≥ 0.5; Direction 0.46 < 0.6
MSL3	Excitatory_neuron	11	8	13	8	1.0038	SMC049	0.3636	MSL3-222	FAIL	Jackknife 1.00 ≥ 0.5; Direction 0.36 < 0.6
MT-ND5	Excitatory_neuron	12	8	13	8	0.0822	PO05	1.0	transcript482.chrM.nnic	PASS	
MTA3	Excitatory_neuron	9	8	13	8	0.1119	PO28	0.8889	MTA3-201	PASS	
MTCH1	Excitatory_neuron	13	8	13	8	1.4658	SMC049	0.1538	MTCH1-201	FAIL	Jackknife 1.47 ≥ 0.5; Direction 0.15 < 0.6
MTCL1	Excitatory_neuron	10	7	13	8	0.584	PO11	0.4	MTCL1-215	FAIL	Jackknife 0.58 ≥ 0.5; Direction 0.40 < 0.6
MTERF2	Excitatory_neuron	12	8	13	8	0.9608	SMC049	0.1667	MTERF2-201	FAIL	Jackknife 0.96 ≥ 0.5; Direction 0.17 < 0.6
MTF2	Excitatory_neuron	11	7	13	8	0.249	PO41	0.5455	MTF2-201	FAIL	Direction 0.55 < 0.6
MTFR1L	Excitatory_neuron	11	7	13	8	0.3034	SMC049	0.9091	MTFR1L-214	PASS	
MTHFD1	Excitatory_neuron	10	7	13	8	0.612	SMC032	0.7	MTHFD1-220	FAIL	Jackknife 0.61 ≥ 0.5
MTHFD2L	Excitatory_neuron	10	7	13	8	0.0		1.0	transcript110845.chr4.nic	PASS	
MTHFR	Excitatory_neuron	7	6	13	8	0.2004	SMC041	0.2857	MTHFR-204	FAIL	Direction 0.29 < 0.6
MTIF3	Excitatory_neuron	10	8	13	8	0.1713	SMC038	0.5	MTIF3-205	FAIL	Direction 0.50 < 0.6
MTMR10	Excitatory_neuron	5	6	13	8	0.9735	SMC049	0.4	MTMR10-205	FAIL	Jackknife 0.97 ≥ 0.5; Direction 0.40 < 0.6
MTMR12	Excitatory_neuron	9	7	13	8	0.4206	SMC038	0.4444	MTMR12-203	FAIL	Direction 0.44 < 0.6
MTMR14	Excitatory_neuron	9	7	13	8	1.1841	SMC049	0.4444	MTMR14-202	FAIL	Jackknife 1.18 ≥ 0.5; Direction 0.44 < 0.6
MTMR2	Excitatory_neuron	10	6	13	8	0.1012	SMC032	0.8	MTMR2-236	PASS	
MTMR3	Excitatory_neuron	8	5	13	8	0.4017	PO28	0.5	MTMR3-202	FAIL	Direction 0.50 < 0.6
MTO1	Excitatory_neuron	7	6	13	8	1.2345	SMC049	0.4286	MTO1-212	FAIL	Jackknife 1.23 ≥ 0.5; Direction 0.43 < 0.6
MTOR	Excitatory_neuron	9	6	13	8	0.1224	SMC041	0.7778	MTOR-202	PASS	
MTR	Excitatory_neuron	9	7	13	8	0.4973	PO11	0.7778	MTR-204	PASS	
MTRF1L	Excitatory_neuron	9	7	13	8	0.2322	SMC032	0.7778	MTRF1L-208	PASS	
MTRFR	Excitatory_neuron	12	7	13	8	0.363	SMC041	0.5833	MTRFR-203	FAIL	Direction 0.58 < 0.6
MTRR	Excitatory_neuron	11	8	13	8	0.5215	SMC049	0.8182	MTRR-202	FAIL	Jackknife 0.52 ≥ 0.5
MTUS2	Excitatory_neuron	12	8	13	8	0.0		1.0	transcript12865.chr13.nnic	PASS	
MTX1	Excitatory_neuron	9	5	13	8	0.8902	PO28	0.6667	MTX1-204	FAIL	Jackknife 0.89 ≥ 0.5
MVD	Excitatory_neuron	12	7	13	8	1.039	SMC049	0.6667	transcript136386.chr16.nic	FAIL	Jackknife 1.04 ≥ 0.5
MX1	Excitatory_neuron	9	7	13	8	0.1035	PO28	0.8889	MX1-241	PASS	
MYC	Excitatory_neuron	8	5	13	8	0.4698	SMC049	0.625	MYC-202	PASS	
MYCBP2	Excitatory_neuron	13	8	13	8	0.1178	PO42	0.9231	MYCBP2-207	PASS	
MYCBPAP	Excitatory_neuron	7	6	13	8	0.0		1.0	MYCBPAP-208	PASS	
MYEF2	Excitatory_neuron	10	7	13	8	0.6575	SMC049	0.6	MYEF2-214	FAIL	Jackknife 0.66 ≥ 0.5
MYG1	Excitatory_neuron	11	6	13	8	1.1741	SMC041	0.1818	transcript75061.chr12.nic	FAIL	Jackknife 1.17 ≥ 0.5; Direction 0.18 < 0.6
MYH10	Excitatory_neuron	13	8	13	8	0.2747	PO11	0.6154	MYH10-218	PASS	
MYH14	Excitatory_neuron	9	8	13	8	0.4789	SMC038	0.6667	MYH14-203	PASS	
MYH7B	Excitatory_neuron	9	7	13	8	0.0118	SMC049	1.0	MYH7B-207	PASS	
MYH9	Excitatory_neuron	11	8	13	8	0.1364	SMC049	0.7273	MYH9-215	PASS	
MYLK	Excitatory_neuron	10	8	13	8	0.0544	PO05	1.0	transcript213320.chr3.nic	PASS	
MYNN	Excitatory_neuron	10	8	13	8	0.0449	SMC049	1.0	MYNN-205	PASS	
MYO18A	Excitatory_neuron	12	8	13	8	0.4857	SMC049	0.5833	MYO18A-201	FAIL	Direction 0.58 < 0.6
MYO1B	Excitatory_neuron	7	6	13	8	1.4732	SMC049	0.7143	MYO1B-202	FAIL	Jackknife 1.47 ≥ 0.5
MYO1D	Excitatory_neuron	11	7	13	8	0.5603	PO05	0.5455	transcript51983.chr17.nic	FAIL	Jackknife 0.56 ≥ 0.5; Direction 0.55 < 0.6
MYO5A	Excitatory_neuron	11	7	13	8	0.2107	PO11	0.4545	MYO5A-247	FAIL	Direction 0.45 < 0.6
MYO6	Excitatory_neuron	11	8	13	8	1.0856	SMC032	0.1818	MYO6-203	FAIL	Jackknife 1.09 ≥ 0.5; Direction 0.18 < 0.6
MYO9A	Excitatory_neuron	12	8	13	8	0.8352	SMC049	0.5	transcript105899.chr15.nnic	FAIL	Jackknife 0.84 ≥ 0.5; Direction 0.50 < 0.6
MYSM1	Excitatory_neuron	13	8	13	8	0.4975	SMC032	0.9231	MYSM1-214	PASS	
MYT1L	Excitatory_neuron	13	8	13	8	0.4444	PO28	0.5385	MYT1L-243	FAIL	Direction 0.54 < 0.6
MZF1	Excitatory_neuron	13	8	13	8	0.4196	SMC049	0.2308	MZF1-207	FAIL	Direction 0.23 < 0.6
N4BP2	Excitatory_neuron	9	7	13	8	0.3072	SMC049	0.6667	transcript78849.chr4.nnic	PASS	
N4BP2L1	Excitatory_neuron	11	7	13	8	0.3554	SMC049	0.5455	N4BP2L1-207	FAIL	Direction 0.55 < 0.6
N4BP2L2	Excitatory_neuron	12	8	13	8	0.367	SMC032	0.5833	N4BP2L2-229	FAIL	Direction 0.58 < 0.6
NAA10	Excitatory_neuron	11	8	13	8	0.4456	SMC036	0.7273	NAA10-211	PASS	
NAA15	Excitatory_neuron	11	7	13	8	0.5009	SMC049	0.3636	NAA15-209	FAIL	Jackknife 0.50 ≥ 0.5; Direction 0.36 < 0.6
NAA16	Excitatory_neuron	12	7	13	8	0.6748	PO41	0.5833	NAA16-201	FAIL	Jackknife 0.67 ≥ 0.5; Direction 0.58 < 0.6
NAA25	Excitatory_neuron	11	7	13	8	0.0524	SMC049	0.9091	NAA25-208	PASS	
NAA40	Excitatory_neuron	8	4	13	8	0.6639	SMC038	0.625	NAA40-201	FAIL	Jackknife 0.66 ≥ 0.5
NAALAD2	Excitatory_neuron	10	6	13	8	0.2606	PO41	0.7	NAALAD2-208	PASS	
NADK2	Excitatory_neuron	7	5	13	8	0.1449	SMC032	0.7143	NADK2-204	PASS	
NADSYN1	Excitatory_neuron	11	7	13	8	0.5317	SMC049	0.7273	NADSYN1-201	FAIL	Jackknife 0.53 ≥ 0.5
NAE1	Excitatory_neuron	12	8	13	8	0.5191	SMC049	0.8333	NAE1-201	FAIL	Jackknife 0.52 ≥ 0.5
NAGPA	Excitatory_neuron	10	8	13	8	0.5841	SMC049	0.5	NAGPA-201	FAIL	Jackknife 0.58 ≥ 0.5; Direction 0.50 < 0.6
NALCN	Excitatory_neuron	9	8	13	8	0.3988	PO28	0.5556	NALCN-217	FAIL	Direction 0.56 < 0.6
NAMPT	Excitatory_neuron	10	8	13	8	0.6591	PO41	0.3	NAMPT-216	FAIL	Jackknife 0.66 ≥ 0.5; Direction 0.30 < 0.6
NAP1L1	Excitatory_neuron	12	8	13	8	0.1571	SMC049	0.6667	NAP1L1-226	PASS	
NAP1L3	Excitatory_neuron	12	8	13	8	0.1237	SMC049	0.0	NAP1L3-201	FAIL	Direction 0.00 < 0.6
NAPA	Excitatory_neuron	12	8	13	8	0.3075	SMC049	0.9167	NAPA-201	PASS	
NAPB	Excitatory_neuron	12	8	13	8	0.4655	SMC032	0.0	NAPB-201	FAIL	Direction 0.00 < 0.6
NARF	Excitatory_neuron	12	8	13	8	0.5466	SMC049	0.75	NARF-208	FAIL	Jackknife 0.55 ≥ 0.5
NARS2	Excitatory_neuron	10	5	13	8	0.7967	SMC038	0.8	NARS2-201	FAIL	Jackknife 0.80 ≥ 0.5
NASP	Excitatory_neuron	12	7	13	8	0.2791	PO41	0.75	NASP-201	PASS	
NAT10	Excitatory_neuron	10	7	13	8	0.0751	PO28	1.0	NAT10-201	PASS	
NAV1	Excitatory_neuron	10	8	13	8	0.3652	PO28	0.6	NAV1-203	PASS	
NAV2	Excitatory_neuron	12	7	13	8	0.1757	SMC049	0.5	NAV2-212	FAIL	Direction 0.50 < 0.6
NAXD	Excitatory_neuron	11	8	13	8	0.2675	PO28	0.1818	NAXD-206	FAIL	Direction 0.18 < 0.6
NAXE	Excitatory_neuron	9	6	13	8	0.6598	PO05	0.2222	NAXE-209	FAIL	Jackknife 0.66 ≥ 0.5; Direction 0.22 < 0.6
NBAS	Excitatory_neuron	12	8	13	8	0.1795	SMC041	0.5833	NBAS-215	FAIL	Direction 0.58 < 0.6
NBEA	Excitatory_neuron	13	8	13	8	0.1705	PO28	0.7692	NBEA-230	PASS	
NBEAL1	Excitatory_neuron	9	7	13	8	0.299	PO05	0.7778	NBEAL1-206	PASS	
NBN	Excitatory_neuron	11	8	13	8	0.2636	SMC038	0.7273	NBN-231	PASS	
NBPF1	Excitatory_neuron	12	7	13	8	0.7639	SMC039	0.25	NBPF1-203	FAIL	Jackknife 0.76 ≥ 0.5; Direction 0.25 < 0.6
NBPF15	Excitatory_neuron	6	4	13	8	0.0231	SMC049	0.8333	NBPF15-205	PASS	
NBPF8	Excitatory_neuron	7	7	13	8	0.071	PO42	1.0	NBPF8-201	PASS	
NBPF9	Excitatory_neuron	6	5	13	8	0.1723	SMC049	0.8333	NBPF9-210	PASS	
NCALD	Excitatory_neuron	8	7	13	8	0.2685	SMC049	0.5	NCALD-202	FAIL	Direction 0.50 < 0.6
NCAM1	Excitatory_neuron	12	8	13	8	0.5654	SMC049	0.5833	NCAM1-201	FAIL	Jackknife 0.57 ≥ 0.5; Direction 0.58 < 0.6
NCAPD3	Excitatory_neuron	10	7	13	8	0.4705	SMC038	0.8	NCAPD3-220	PASS	
NCBP2	Excitatory_neuron	12	7	13	8	0.5817	SMC049	0.75	NCBP2-201	FAIL	Jackknife 0.58 ≥ 0.5
NCDN	Excitatory_neuron	9	8	13	8	0.3979	SMC049	0.8889	transcript62980.chr1.nnic	PASS	
NCEH1	Excitatory_neuron	12	8	13	8	1.2226	SMC049	0.75	NCEH1-205	FAIL	Jackknife 1.22 ≥ 0.5
NCKAP1	Excitatory_neuron	12	8	13	8	1.0046	SMC049	0.1667	transcript337339.chr2.nic	FAIL	Jackknife 1.00 ≥ 0.5; Direction 0.17 < 0.6
NCKAP5L	Excitatory_neuron	9	7	13	8	0.1865	PO41	0.4444	NCKAP5L-203	FAIL	Direction 0.44 < 0.6
NCKIPSD	Excitatory_neuron	10	7	13	8	0.7907	SMC041	0.7	NCKIPSD-204	FAIL	Jackknife 0.79 ≥ 0.5
NCL	Excitatory_neuron	12	8	13	8	0.7468	PO28	0.3333	NCL-216	FAIL	Jackknife 0.75 ≥ 0.5; Direction 0.33 < 0.6
NCOA1	Excitatory_neuron	9	8	13	8	0.2488	PO11	0.8889	NCOA1-206	PASS	
NCOA2	Excitatory_neuron	12	8	13	8	0.3117	SMC038	0.9167	NCOA2-201	PASS	
NCOA6	Excitatory_neuron	9	5	13	8	0.0806	SMC032	0.7778	NCOA6-201	PASS	
NCOR1	Excitatory_neuron	13	8	13	8	0.1283	SMC049	0.6923	NCOR1-229	PASS	
NCR3LG1	Excitatory_neuron	8	7	13	8	0.5312	SMC049	0.75	NCR3LG1-202	FAIL	Jackknife 0.53 ≥ 0.5
NDFIP2	Excitatory_neuron	12	7	13	8	0.5002	SMC049	0.5833	NDFIP2-207	FAIL	Jackknife 0.50 ≥ 0.5; Direction 0.58 < 0.6
NDRG1	Excitatory_neuron	12	8	13	8	0.2727	SMC043	0.4167	NDRG1-201	FAIL	Direction 0.42 < 0.6
NDRG2	Excitatory_neuron	13	8	13	8	0.2358	SMC041	0.6154	NDRG2-202	PASS	
NDST1	Excitatory_neuron	7	7	13	8	0.5005	SMC038	0.5714	transcript207943.chr5.nnic	FAIL	Jackknife 0.50 ≥ 0.5; Direction 0.57 < 0.6
NDST3	Excitatory_neuron	11	8	13	8	0.3008	SMC049	0.8182	NDST3-201	PASS	
NDUFA10	Excitatory_neuron	13	8	13	8	0.0481	SMC038	0.8462	NDUFA10-234	PASS	
NDUFA5	Excitatory_neuron	11	8	13	8	0.5983	SMC038	0.1818	NDUFA5-201	FAIL	Jackknife 0.60 ≥ 0.5; Direction 0.18 < 0.6
NDUFAF5	Excitatory_neuron	8	5	13	8	0.1919	SMC049	1.0	NDUFAF5-202	PASS	
NDUFB9	Excitatory_neuron	8	6	13	8	1.1783	SMC049	0.25	NDUFB9-206	FAIL	Jackknife 1.18 ≥ 0.5; Direction 0.25 < 0.6
NDUFS1	Excitatory_neuron	10	8	13	8	1.9808	SMC032	0.6	NDUFS1-201	FAIL	Jackknife 1.98 ≥ 0.5
NDUFS2	Excitatory_neuron	13	8	13	8	0.6625	SMC049	0.3077	NDUFS2-229	FAIL	Jackknife 0.66 ≥ 0.5; Direction 0.31 < 0.6
NDUFS3	Excitatory_neuron	9	5	13	8	1.358	SMC049	0.4444	NDUFS3-201	FAIL	Jackknife 1.36 ≥ 0.5; Direction 0.44 < 0.6
NDUFS4	Excitatory_neuron	7	6	13	8	1.0	PO05	0.1429	transcript73243.chr5.nnic	FAIL	Jackknife 1.00 ≥ 0.5; Direction 0.14 < 0.6
NDUFS7	Excitatory_neuron	10	8	13	8	0.8328	SMC038	0.3	NDUFS7-210	FAIL	Jackknife 0.83 ≥ 0.5; Direction 0.30 < 0.6
NEAT1	Excitatory_neuron	13	8	13	8	0.0224	SMC049	1.0	NEAT1-202	PASS	
NEBL	Excitatory_neuron	10	8	13	8	0.1895	PO11	0.8	NEBL-222	PASS	
NECAB1	Excitatory_neuron	12	8	13	8	0.2442	SMC049	0.5833	NECAB1-201	FAIL	Direction 0.58 < 0.6
NECAP1	Excitatory_neuron	11	7	13	8	0.0		1.0	NECAP1-224	PASS	
NEDD4L	Excitatory_neuron	11	8	13	8	1.3261	SMC032	0.6364	NEDD4L-208	FAIL	Jackknife 1.33 ≥ 0.5
NEFL	Excitatory_neuron	13	8	13	8	0.4358	SMC049	0.3077	NEFL-202	FAIL	Direction 0.31 < 0.6
NEFM	Excitatory_neuron	12	8	13	8	0.1706	SMC049	0.0833	NEFM-201	FAIL	Direction 0.08 < 0.6
NEIL2	Excitatory_neuron	11	7	13	8	0.3103	SMC049	0.7273	NEIL2-201	PASS	
NEK1	Excitatory_neuron	11	8	13	8	0.6818	PO41	0.2727	NEK1-213	FAIL	Jackknife 0.68 ≥ 0.5; Direction 0.27 < 0.6
NEK11	Excitatory_neuron	9	6	13	8	0.0612	PO28	1.0	transcript227043.chr3.nic	PASS	
NEK6	Excitatory_neuron	8	6	13	8	1.2841	SMC049	0.5	NEK6-201	FAIL	Jackknife 1.28 ≥ 0.5; Direction 0.50 < 0.6
NEK9	Excitatory_neuron	11	8	13	8	0.2223	SMC041	0.7273	NEK9-214	PASS	
NELL2	Excitatory_neuron	12	8	13	8	0.5982	SMC038	0.75	NELL2-203	FAIL	Jackknife 0.60 ≥ 0.5
NEMF	Excitatory_neuron	13	8	13	8	0.0611	PO28	0.8462	NEMF-201	PASS	
NEPRO	Excitatory_neuron	10	8	13	8	0.5621	SMC041	0.3	NEPRO-202	FAIL	Jackknife 0.56 ≥ 0.5; Direction 0.30 < 0.6
NETO1	Excitatory_neuron	10	8	13	8	0.2744	SMC038	0.7	transcript71270.chr18.nnic	PASS	
NEU1	Excitatory_neuron	11	7	13	8	0.1242	SMC036	0.5455	NEU1-206	FAIL	Direction 0.55 < 0.6
NEU3	Excitatory_neuron	9	6	13	8	0.2489	PO41	0.6667	NEU3-201	PASS	
NF1	Excitatory_neuron	11	8	13	8	0.3048	SMC032	0.9091	NF1-218	PASS	
NFASC	Excitatory_neuron	13	8	13	8	0.7451	SMC038	0.4615	NFASC-201	FAIL	Jackknife 0.75 ≥ 0.5; Direction 0.46 < 0.6
NFAT5	Excitatory_neuron	11	8	13	8	0.7868	SMC049	0.4545	NFAT5-209	FAIL	Jackknife 0.79 ≥ 0.5; Direction 0.45 < 0.6
NFE2L1	Excitatory_neuron	10	7	13	8	0.5872	PO28	0.3	NFE2L1-203	FAIL	Jackknife 0.59 ≥ 0.5; Direction 0.30 < 0.6
NFE2L2	Excitatory_neuron	12	8	13	8	0.2895	PO11	0.9167	NFE2L2-233	PASS	
NFIB	Excitatory_neuron	10	8	13	8	0.1778	PO28	1.0	NFIB-207	PASS	
NFIX	Excitatory_neuron	12	8	13	8	1.0028	SMC039	0.5	NFIX-203	FAIL	Jackknife 1.00 ≥ 0.5; Direction 0.50 < 0.6
NFKBIL1	Excitatory_neuron	9	6	13	8	0.28	SMC049	0.8889	NFKBIL1-203	PASS	
NFX1	Excitatory_neuron	11	8	13	8	0.5022	PO28	0.5455	NFX1-203	FAIL	Jackknife 0.50 ≥ 0.5; Direction 0.55 < 0.6
NFXL1	Excitatory_neuron	8	7	13	8	0.8891	PO28	0.75	NFXL1-202	FAIL	Jackknife 0.89 ≥ 0.5
NFYA	Excitatory_neuron	9	6	13	8	0.0133	PO41	1.0	transcript56718.chr6.nnic	PASS	
NGDN	Excitatory_neuron	10	7	13	8	0.0612	SMC049	1.0	NGDN-220	PASS	
NGRN	Excitatory_neuron	13	8	13	8	0.177	SMC038	0.3077	NGRN-202	FAIL	Direction 0.31 < 0.6
NHLRC3	Excitatory_neuron	11	6	13	8	0.624	SMC049	0.3636	NHLRC3-203	FAIL	Jackknife 0.62 ≥ 0.5; Direction 0.36 < 0.6
NICN1	Excitatory_neuron	11	7	13	8	0.2855	SMC038	0.8182	NICN1-201	PASS	
NIF3L1	Excitatory_neuron	7	7	13	8	0.8597	SMC049	0.4286	transcript357523.chr2.nic	FAIL	Jackknife 0.86 ≥ 0.5; Direction 0.43 < 0.6
NIM1K	Excitatory_neuron	10	6	13	8	0.6514	SMC049	0.8	NIM1K-201	FAIL	Jackknife 0.65 ≥ 0.5
NIN	Excitatory_neuron	13	7	13	8	0.5222	PO42	0.5385	NIN-224	FAIL	Jackknife 0.52 ≥ 0.5; Direction 0.54 < 0.6
NIPA2	Excitatory_neuron	8	7	13	8	0.1924	SMC038	0.625	NIPA2-203	PASS	
NIPAL2	Excitatory_neuron	4	5	13	8					INSUFFICIENT_DATA	reads 있는 도너 부족: AD=4/5, CT=5/4
NIPBL	Excitatory_neuron	12	8	13	8	1.2845	SMC049	0.5833	NIPBL-201	FAIL	Jackknife 1.28 ≥ 0.5; Direction 0.58 < 0.6
NISCH	Excitatory_neuron	11	8	13	8	0.3255	SMC038	0.5455	NISCH-212	FAIL	Direction 0.55 < 0.6
NKAPD1	Excitatory_neuron	10	8	13	8	0.2532	PO11	0.4	NKAPD1-202	FAIL	Direction 0.40 < 0.6
NKIRAS2	Excitatory_neuron	12	8	13	8	0.3681	SMC049	1.0	NKIRAS2-203	PASS	
NKRF	Excitatory_neuron	10	7	13	8	0.3904	SMC049	0.5	NKRF-204	FAIL	Direction 0.50 < 0.6
NKTR	Excitatory_neuron	13	8	13	8	0.4081	PO11	0.6923	NKTR-211	PASS	
NLE1	Excitatory_neuron	10	5	13	8	0.0678	SMC049	0.9	transcript60950.chr17.nic	PASS	
NLGN3	Excitatory_neuron	7	6	13	8	0.4505	SMC038	0.5714	NLGN3-203	FAIL	Direction 0.57 < 0.6
NLGN4X	Excitatory_neuron	7	5	13	8	0.2978	PO11	0.5714	NLGN4X-203	FAIL	Direction 0.57 < 0.6
NLGN4Y	Excitatory_neuron	4	7	13	8					INSUFFICIENT_DATA	reads 있는 도너 부족: AD=4/5, CT=7/4
NLN	Excitatory_neuron	11	7	13	8	0.81	SMC049	0.3636	NLN-203	FAIL	Jackknife 0.81 ≥ 0.5; Direction 0.36 < 0.6
NLRP1	Excitatory_neuron	5	5	13	8	0.0		1.0	NLRP1-218	PASS	
NLRP3	Excitatory_neuron	8	5	13	8	0.4411	PO28	0.625	NLRP3-205	PASS	
NMD3	Excitatory_neuron	9	6	13	8	0.1748	SMC049	0.6667	NMD3-201	PASS	
NME6	Excitatory_neuron	6	6	13	8	0.3864	SMC038	0.8333	NME6-209	PASS	
NMNAT2	Excitatory_neuron	12	7	13	8	1.2847	SMC041	0.25	NMNAT2-201	FAIL	Jackknife 1.28 ≥ 0.5; Direction 0.25 < 0.6
NMNAT3	Excitatory_neuron	10	7	13	8	0.377	PO05	0.4	NMNAT3-219	FAIL	Direction 0.40 < 0.6
NNT	Excitatory_neuron	9	6	13	8	0.6127	SMC049	0.6667	NNT-202	FAIL	Jackknife 0.61 ≥ 0.5
NNT-AS1	Excitatory_neuron	9	6	13	8	0.8368	SMC049	0.4444	NNT-AS1-204	FAIL	Jackknife 0.84 ≥ 0.5; Direction 0.44 < 0.6
NOB1	Excitatory_neuron	10	8	13	8	0.0561	PO28	0.9	transcript107157.chr16.nic	PASS	
NOC2L	Excitatory_neuron	12	8	13	8	0.3635	PO28	0.9167	NOC2L-201	PASS	
NOL10	Excitatory_neuron	8	8	13	8	0.0		1.0	NOL10-212	PASS	
NOL4	Excitatory_neuron	12	8	13	8	0.2297	PO41	0.0	NOL4-201	FAIL	Direction 0.00 < 0.6
NOL8	Excitatory_neuron	12	7	13	8	0.6888	SMC049	0.4167	NOL8-208	FAIL	Jackknife 0.69 ≥ 0.5; Direction 0.42 < 0.6
NOMO2	Excitatory_neuron	10	8	13	8	0.1321	SMC049	0.6	NOMO2-211	PASS	
NONO	Excitatory_neuron	12	8	13	8	0.3859	SMC049	0.4167	NONO-211	FAIL	Direction 0.42 < 0.6
NOP14-AS1	Excitatory_neuron	7	7	13	8	0.5438	SMC041	0.5714	NOP14-AS1-215	FAIL	Jackknife 0.54 ≥ 0.5; Direction 0.57 < 0.6
NOP2	Excitatory_neuron	8	5	13	8	0.4915	SMC038	0.75	NOP2-212	PASS	
NOP56	Excitatory_neuron	13	8	13	8	1.0019	SMC049	0.7692	NOP56-219	FAIL	Jackknife 1.00 ≥ 0.5
NORAD	Excitatory_neuron	12	8	13	8	0.0921	SMC049	0.0	NORAD-201	FAIL	Direction 0.00 < 0.6
NOS1AP	Excitatory_neuron	9	8	13	8	0.2228	PO41	0.8889	transcript249177.chr1.nic	PASS	
NOTCH2NLA	Excitatory_neuron	6	6	13	8	0.281	SMC049	0.5	NOTCH2NLA-207	FAIL	Direction 0.50 < 0.6
NPAS2	Excitatory_neuron	10	7	13	8	0.6637	SMC032	0.5	NPAS2-208	FAIL	Jackknife 0.66 ≥ 0.5; Direction 0.50 < 0.6
NPAT	Excitatory_neuron	11	8	13	8	0.666	SMC041	0.2727	NPAT-201	FAIL	Jackknife 0.67 ≥ 0.5; Direction 0.27 < 0.6
NPC1	Excitatory_neuron	10	6	13	8	1.0	PO28	0.1	NPC1-202	FAIL	Jackknife 1.00 ≥ 0.5; Direction 0.10 < 0.6
NPEPL1	Excitatory_neuron	11	8	13	8	0.3853	SMC038	0.7273	NPEPL1-201	PASS	
NPEPPS	Excitatory_neuron	9	6	13	8	0.9785	SMC032	0.2222	NPEPPS-229	FAIL	Jackknife 0.98 ≥ 0.5; Direction 0.22 < 0.6
NPHP4	Excitatory_neuron	9	6	13	8	0.6153	SMC039	0.5556	transcript10871.chr1.nic	FAIL	Jackknife 0.62 ≥ 0.5; Direction 0.56 < 0.6
NPIPB13	Excitatory_neuron	9	6	13	8	0.8471	SMC049	0.5556	NPIPB13-206	FAIL	Jackknife 0.85 ≥ 0.5; Direction 0.56 < 0.6
NPM1	Excitatory_neuron	13	8	13	8	0.1556	SMC041	0.6923	NPM1-201	PASS	
NPNT	Excitatory_neuron	4	4	13	8					INSUFFICIENT_DATA	reads 있는 도너 부족: AD=4/5, CT=4/4
NPRL2	Excitatory_neuron	9	8	13	8	0.058	SMC041	0.8889	transcript80547.chr3.nic	PASS	
NPTX1	Excitatory_neuron	7	5	13	8	0.5267	PO28	0.7143	NPTX1-201	FAIL	Jackknife 0.53 ≥ 0.5
NR1H2	Excitatory_neuron	12	8	13	8	0.4682	SMC049	0.75	NR1H2-201	PASS	
NR2F1	Excitatory_neuron	12	8	13	8	0.1359	PO41	0.5833	NR2F1-201	FAIL	Direction 0.58 < 0.6
NR2F1-AS1	Excitatory_neuron	12	7	13	8	0.7763	SMC049	0.5	NR2F1-AS1-223	FAIL	Jackknife 0.78 ≥ 0.5; Direction 0.50 < 0.6
NR3C1	Excitatory_neuron	12	8	13	8	0.255	SMC038	0.5833	NR3C1-209	FAIL	Direction 0.58 < 0.6
NRAV	Excitatory_neuron	11	7	13	8	0.4368	SMC049	0.4545	NRAV-203	FAIL	Direction 0.45 < 0.6
NRBP1	Excitatory_neuron	13	8	13	8	0.67	SMC038	0.3846	NRBP1-204	FAIL	Jackknife 0.67 ≥ 0.5; Direction 0.38 < 0.6
NRCAM	Excitatory_neuron	12	8	13	8	0.386	PO28	0.9167	NRCAM-204	PASS	
NRDC	Excitatory_neuron	13	8	13	8	0.3471	PO11	0.6154	NRDC-201	PASS	
NRDE2	Excitatory_neuron	11	8	13	8	0.9603	SMC041	0.3636	NRDE2-209	FAIL	Jackknife 0.96 ≥ 0.5; Direction 0.36 < 0.6
NREP	Excitatory_neuron	9	5	13	8	0.9047	SMC038	0.2222	NREP-201	FAIL	Jackknife 0.90 ≥ 0.5; Direction 0.22 < 0.6
NRG3	Excitatory_neuron	7	6	13	8	0.3026	SMC049	0.8571	NRG3-202	PASS	
NRGN	Excitatory_neuron	11	5	13	8	0.1154	SMC049	0.6364	transcript191023.chr11.nnic	PASS	
NRIP1	Excitatory_neuron	12	8	13	8	0.6333	SMC039	0.5	NRIP1-201	FAIL	Jackknife 0.63 ≥ 0.5; Direction 0.50 < 0.6
NRSN1	Excitatory_neuron	7	7	13	8	0.3757	SMC049	1.0	NRSN1-204	PASS	
NRXN1	Excitatory_neuron	13	8	13	8	0.3094	SMC038	0.5385	NRXN1-245	FAIL	Direction 0.54 < 0.6
NRXN2	Excitatory_neuron	7	8	13	8	0.3424	SMC041	0.4286	NRXN2-217	FAIL	Direction 0.43 < 0.6
NRXN3	Excitatory_neuron	11	8	13	8	0.2554	SMC041	0.3636	NRXN3-210	FAIL	Direction 0.36 < 0.6
NSD1	Excitatory_neuron	12	8	13	8	0.128	SMC049	0.8333	NSD1-214	PASS	
NSD2	Excitatory_neuron	10	8	13	8	0.0503	PO41	0.8	NSD2-209	PASS	
NSD3	Excitatory_neuron	13	8	13	8	0.4382	SMC049	0.6923	NSD3-201	PASS	
NSF	Excitatory_neuron	11	8	13	8	0.7578	SMC032	0.3636	NSF-201	FAIL	Jackknife 0.76 ≥ 0.5; Direction 0.36 < 0.6
NSFL1C	Excitatory_neuron	12	8	13	8	0.1244	SMC039	0.6667	transcript982.chr20.nic	PASS	
NSG1	Excitatory_neuron	9	6	13	8	0.3089	SMC049	1.0	NSG1-211	PASS	
NSMCE2	Excitatory_neuron	8	7	13	8	0.0		1.0	transcript176145.chr8.nnic	PASS	
NSUN2	Excitatory_neuron	9	8	13	8	0.3408	SMC038	0.7778	NSUN2-201	PASS	
NSUN5	Excitatory_neuron	10	5	13	8	0.7142	SMC039	0.5	NSUN5-201	FAIL	Jackknife 0.71 ≥ 0.5; Direction 0.50 < 0.6
NT5C1A	Excitatory_neuron	6	6	13	8	0.0		1.0	NT5C1A-201	PASS	
NT5C2	Excitatory_neuron	9	7	13	8	0.4225	SMC049	0.6667	NT5C2-216	PASS	
NTM	Excitatory_neuron	9	7	13	8	1.0543	SMC049	0.4444	NTM-212	FAIL	Jackknife 1.05 ≥ 0.5; Direction 0.44 < 0.6
NTNG1	Excitatory_neuron	10	7	13	8	0.4983	PO42	0.4	NTNG1-205	FAIL	Direction 0.40 < 0.6
NTRK2	Excitatory_neuron	11	8	13	8	0.1352	SMC049	0.8182	NTRK2-231	PASS	
NTRK3	Excitatory_neuron	11	8	13	8	0.4337	SMC038	0.8182	NTRK3-217	PASS	
NUB1	Excitatory_neuron	12	7	13	8	0.5566	SMC049	0.5833	NUB1-201	FAIL	Jackknife 0.56 ≥ 0.5; Direction 0.58 < 0.6
NUBP2	Excitatory_neuron	11	8	13	8	0.4444	SMC049	0.4545	NUBP2-201	FAIL	Direction 0.45 < 0.6
NUDT16L1	Excitatory_neuron	11	8	13	8	0.5966	SMC049	0.6364	NUDT16L1-204	FAIL	Jackknife 0.60 ≥ 0.5
NUDT3	Excitatory_neuron	11	6	13	8	0.8057	SMC049	0.7273	NUDT3-201	FAIL	Jackknife 0.81 ≥ 0.5
NUDT4	Excitatory_neuron	9	7	13	8	0.3335	SMC032	0.5556	NUDT4-202	FAIL	Direction 0.56 < 0.6
NUMA1	Excitatory_neuron	13	8	13	8	0.4389	SMC049	0.5385	NUMA1-205	FAIL	Direction 0.54 < 0.6
NUMB	Excitatory_neuron	10	6	13	8	0.4105	PO28	0.4	NUMB-208	FAIL	Direction 0.40 < 0.6
NUP188	Excitatory_neuron	12	7	13	8	0.0		1.0	NUP188-201	PASS	
NUP210	Excitatory_neuron	13	8	13	8	1.1348	SMC038	0.4615	NUP210-202	FAIL	Jackknife 1.13 ≥ 0.5; Direction 0.46 < 0.6
NUP214	Excitatory_neuron	9	6	13	8	0.0522	SMC038	1.0	NUP214-232	PASS	
NUP54	Excitatory_neuron	9	8	13	8	0.3749	SMC049	0.3333	NUP54-219	FAIL	Direction 0.33 < 0.6
NUP58	Excitatory_neuron	10	7	13	8	0.6751	SMC049	0.6	NUP58-209	FAIL	Jackknife 0.68 ≥ 0.5
NUP62	Excitatory_neuron	10	8	13	8	0.7248	SMC038	0.5	NUP62-202	FAIL	Jackknife 0.72 ≥ 0.5; Direction 0.50 < 0.6
NUP88	Excitatory_neuron	12	8	13	8	0.77	SMC049	0.9167	NUP88-207	FAIL	Jackknife 0.77 ≥ 0.5
NUP93	Excitatory_neuron	9	6	13	8	0.4035	SMC049	0.5556	NUP93-201	FAIL	Direction 0.56 < 0.6
NUP98	Excitatory_neuron	12	7	13	8	0.963	SMC038	0.4167	NUP98-205	FAIL	Jackknife 0.96 ≥ 0.5; Direction 0.42 < 0.6
NXF1	Excitatory_neuron	8	7	13	8	0.3907	SMC049	0.375	NXF1-201	FAIL	Direction 0.38 < 0.6
NXPE3	Excitatory_neuron	10	7	13	8	0.0		1.0	NXPE3-216	PASS	
OBSCN	Excitatory_neuron	9	6	13	8	0.7583	SMC041	0.4444	OBSCN-218	FAIL	Jackknife 0.76 ≥ 0.5; Direction 0.44 < 0.6
OBSL1	Excitatory_neuron	10	6	13	8	0.3954	SMC041	0.6	OBSL1-214	PASS	
ODF2	Excitatory_neuron	12	8	13	8	0.6952	SMC039	0.3333	ODF2-210	FAIL	Jackknife 0.70 ≥ 0.5; Direction 0.33 < 0.6
OFD1	Excitatory_neuron	8	7	13	8	0.0734	PO28	0.875	OFD1-202	PASS	
OGA	Excitatory_neuron	12	8	13	8	0.4259	PO28	0.4167	OGA-203	FAIL	Direction 0.42 < 0.6
OGDH	Excitatory_neuron	5	3	13	8					INSUFFICIENT_DATA	reads 있는 도너 부족: AD=5/5, CT=3/4
OGDHL	Excitatory_neuron	9	7	13	8	0.3245	SMC049	0.6667	OGDHL-201	PASS	
OGFOD3	Excitatory_neuron	10	7	13	8	0.1333	PO28	0.4	OGFOD3-201	FAIL	Direction 0.40 < 0.6
OGFR	Excitatory_neuron	10	8	13	8	0.7529	SMC038	0.6	OGFR-202	FAIL	Jackknife 0.75 ≥ 0.5
OGG1	Excitatory_neuron	11	8	13	8	1.059	SMC049	0.3636	OGG1-217	FAIL	Jackknife 1.06 ≥ 0.5; Direction 0.36 < 0.6
OGT	Excitatory_neuron	13	8	13	8	0.38	PO11	0.7692	OGT-210	PASS	
OLFM1	Excitatory_neuron	13	8	13	8	2.5909	SMC049	0.5385	OLFM1-209	FAIL	Jackknife 2.59 ≥ 0.5; Direction 0.54 < 0.6
OLFM3	Excitatory_neuron	12	8	13	8	0.1292	SMC038	0.5833	transcript166718.chr1.nic	FAIL	Direction 0.58 < 0.6
OMG	Excitatory_neuron	12	8	13	8	1.2004	SMC049	0.5	OMG-201	FAIL	Jackknife 1.20 ≥ 0.5; Direction 0.50 < 0.6
OPA1	Excitatory_neuron	10	8	13	8	1.1752	SMC032	0.8	OPA1-204	FAIL	Jackknife 1.18 ≥ 0.5
OPA3	Excitatory_neuron	6	4	13	8	0.6245	SMC049	0.3333	OPA3-202	FAIL	Jackknife 0.62 ≥ 0.5; Direction 0.33 < 0.6
OPCML	Excitatory_neuron	7	7	13	8	0.3135	PO28	0.4286	OPCML-207	FAIL	Direction 0.43 < 0.6
OPN3	Excitatory_neuron	10	8	13	8	1.0501	SMC049	0.5	OPN3-201	FAIL	Jackknife 1.05 ≥ 0.5; Direction 0.50 < 0.6
OPTN	Excitatory_neuron	13	8	13	8	1.1251	SMC041	0.3077	OPTN-205	FAIL	Jackknife 1.13 ≥ 0.5; Direction 0.31 < 0.6
ORAI2	Excitatory_neuron	9	7	13	8	0.3116	SMC049	0.6667	ORAI2-201	PASS	
ORC2	Excitatory_neuron	11	8	13	8	0.938	SMC038	0.2727	ORC2-201	FAIL	Jackknife 0.94 ≥ 0.5; Direction 0.27 < 0.6
ORC3	Excitatory_neuron	9	6	13	8	0.0917	SMC049	0.7778	ORC3-201	PASS	
ORC4	Excitatory_neuron	10	8	13	8	0.3425	SMC049	0.8	ORC4-216	PASS	
ORMDL1	Excitatory_neuron	13	8	13	8	0.5905	SMC049	0.6923	transcript343503.chr2.nnic	FAIL	Jackknife 0.59 ≥ 0.5
OS9	Excitatory_neuron	12	8	13	8	0.5384	SMC049	0.75	OS9-202	FAIL	Jackknife 0.54 ≥ 0.5
OSBPL11	Excitatory_neuron	9	7	13	8	0.174	SMC049	1.0	OSBPL11-201	PASS	
OSBPL1A	Excitatory_neuron	12	8	13	8	1.3133	SMC049	0.6667	OSBPL1A-201	FAIL	Jackknife 1.31 ≥ 0.5
OSBPL2	Excitatory_neuron	9	6	13	8	0.1494	SMC049	0.8889	OSBPL2-223	PASS	
OSBPL5	Excitatory_neuron	8	6	13	8	0.7284	SMC039	0.625	transcript7075.chr11.nnic	FAIL	Jackknife 0.73 ≥ 0.5
OSBPL6	Excitatory_neuron	9	6	13	8	1.0617	SMC032	0.1111	transcript329904.chr2.nnic	FAIL	Jackknife 1.06 ≥ 0.5; Direction 0.11 < 0.6
OSBPL7	Excitatory_neuron	10	8	13	8	0.0377	PO11	0.9	OSBPL7-201	PASS	
OSBPL8	Excitatory_neuron	11	7	13	8	0.4529	SMC049	0.5455	OSBPL8-204	FAIL	Direction 0.55 < 0.6
OSBPL9	Excitatory_neuron	8	7	13	8	1.0243	SMC038	0.625	OSBPL9-205	FAIL	Jackknife 1.02 ≥ 0.5
OSER1	Excitatory_neuron	10	7	13	8	0.0577	SMC049	0.8	OSER1-201	PASS	
OSTF1	Excitatory_neuron	12	8	13	8	0.1776	PO28	0.9167	transcript144332.chr9.nnic	PASS	
OSTM1	Excitatory_neuron	8	4	13	8	0.8557	SMC049	0.75	OSTM1-216	FAIL	Jackknife 0.86 ≥ 0.5
OTUD5	Excitatory_neuron	10	7	13	8	0.7938	SMC038	0.2	transcript53255.chrX.nnic	FAIL	Jackknife 0.79 ≥ 0.5; Direction 0.20 < 0.6
OTULIN	Excitatory_neuron	4	6	13	8					INSUFFICIENT_DATA	reads 있는 도너 부족: AD=4/5, CT=6/4
OXA1L	Excitatory_neuron	11	6	13	8	0.0993	SMC041	0.6364	OXA1L-212	PASS	
OXNAD1	Excitatory_neuron	8	8	13	8	0.1502	PO11	0.75	OXNAD1-203	PASS	
OXR1	Excitatory_neuron	12	8	13	8	0.2926	SMC049	0.5	OXR1-205	FAIL	Direction 0.50 < 0.6
P2RX7	Excitatory_neuron	12	8	13	8	0.3297	SMC036	0.6667	P2RX7-202	PASS	
P3H1	Excitatory_neuron	9	6	13	8	1.571	SMC041	0.3333	P3H1-214	FAIL	Jackknife 1.57 ≥ 0.5; Direction 0.33 < 0.6
P4HA2	Excitatory_neuron	8	5	13	8	0.2667	SMC049	0.75	P4HA2-201	PASS	
P4HB	Excitatory_neuron	13	8	13	8	0.4053	SMC038	0.3846	P4HB-220	FAIL	Direction 0.38 < 0.6
P4HTM	Excitatory_neuron	13	8	13	8	0.4873	SMC049	0.6923	P4HTM-205	PASS	
PABIR2	Excitatory_neuron	8	5	13	8	0.6969	SMC041	0.5	transcript149386.chrX.nnic	FAIL	Jackknife 0.70 ≥ 0.5; Direction 0.50 < 0.6
PABPC1	Excitatory_neuron	11	8	13	8	0.2092	PO11	0.5455	PABPC1-237	FAIL	Direction 0.55 < 0.6
PABPC4	Excitatory_neuron	11	6	13	8	0.0		1.0	PABPC4-231	PASS	
PACS1	Excitatory_neuron	9	7	13	8	0.2582	SMC038	0.4444	PACS1-205	FAIL	Direction 0.44 < 0.6
PACS2	Excitatory_neuron	11	8	13	8	0.3321	SMC038	0.7273	transcript124956.chr14.nic	PASS	
PACSIN2	Excitatory_neuron	10	7	13	8	0.321	PO28	0.5	PACSIN2-202	FAIL	Direction 0.50 < 0.6
PAFAH1B1	Excitatory_neuron	10	7	13	8	1.0673	SMC038	0.6	PAFAH1B1-202	FAIL	Jackknife 1.07 ≥ 0.5
PAIP1	Excitatory_neuron	10	6	13	8	0.6673	PO28	0.5	PAIP1-202	FAIL	Jackknife 0.67 ≥ 0.5; Direction 0.50 < 0.6
PAK1	Excitatory_neuron	13	8	13	8	0.1175	PO41	0.5385	PAK1-215	FAIL	Direction 0.54 < 0.6
PAK3	Excitatory_neuron	13	8	13	8	0.4421	SMC038	0.7692	PAK3-206	PASS	
PAK5	Excitatory_neuron	12	7	13	8	0.5783	SMC038	0.6667	transcript15628.chr20.nic	FAIL	Jackknife 0.58 ≥ 0.5
PAK6	Excitatory_neuron	10	6	13	8	0.5403	SMC049	0.4	PAK6-205	FAIL	Jackknife 0.54 ≥ 0.5; Direction 0.40 < 0.6
PALM2AKAP2	Excitatory_neuron	10	7	13	8	0.8087	SMC041	0.4	PALM2AKAP2-203	FAIL	Jackknife 0.81 ≥ 0.5; Direction 0.40 < 0.6
PALS1	Excitatory_neuron	10	6	13	8	0.1289	PO41	0.9	PALS1-201	PASS	
PALS2	Excitatory_neuron	11	8	13	8	0.5818	SMC041	0.8182	PALS2-201	FAIL	Jackknife 0.58 ≥ 0.5
PAM	Excitatory_neuron	11	6	13	8	0.5336	SMC029	0.6364	PAM-220	FAIL	Jackknife 0.53 ≥ 0.5
PAN2	Excitatory_neuron	10	8	13	8	0.3568	SMC049	0.4	PAN2-203	FAIL	Direction 0.40 < 0.6
PAPOLA	Excitatory_neuron	12	8	13	8	0.3468	SMC049	0.5	PAPOLA-201	FAIL	Direction 0.50 < 0.6
PAPOLG	Excitatory_neuron	11	7	13	8	0.3284	PO28	0.9091	PAPOLG-201	PASS	
PAQR3	Excitatory_neuron	7	6	13	8	0.0694	SMC032	1.0	PAQR3-209	PASS	
PARD6A	Excitatory_neuron	7	7	13	8	0.0894	SMC049	0.7143	transcript103760.chr16.nnic	PASS	
PARK7	Excitatory_neuron	10	7	13	8	0.0872	SMC049	0.9	PARK7-201	PASS	
PARM1	Excitatory_neuron	10	8	13	8	0.3375	PO42	0.2	PARM1-201	FAIL	Direction 0.20 < 0.6
PARN	Excitatory_neuron	10	5	13	8	0.0338	SMC049	0.9	PARN-234	PASS	
PARP1	Excitatory_neuron	11	7	13	8	0.4271	SMC032	0.6364	PARP1-203	PASS	
PARP2	Excitatory_neuron	12	8	13	8	0.2123	SMC049	0.6667	PARP2-202	PASS	
PARP8	Excitatory_neuron	11	6	13	8	0.4063	PO41	0.4545	transcript71414.chr5.nic	FAIL	Direction 0.45 < 0.6
PARVA	Excitatory_neuron	11	7	13	8	0.0631	PO28	1.0	PARVA-204	PASS	
PATJ	Excitatory_neuron	11	8	13	8	0.2074	PO05	0.6364	PATJ-206	PASS	
PAX8-AS1	Excitatory_neuron	6	4	13	8	2.3045	SMC043	0.3333	PAX8-AS1-213	FAIL	Jackknife 2.30 ≥ 0.5; Direction 0.33 < 0.6
PAXBP1	Excitatory_neuron	11	7	13	8	0.1526	PO42	0.6364	PAXBP1-206	PASS	
PCBP4	Excitatory_neuron	11	7	13	8	0.1258	SMC039	0.7273	PCBP4-201	PASS	
PCDH10	Excitatory_neuron	12	8	13	8	0.3142	PO28	0.75	PCDH10-201	PASS	
PCDH11X	Excitatory_neuron	13	8	13	8	0.6344	PO05	0.3077	PCDH11X-201	FAIL	Jackknife 0.63 ≥ 0.5; Direction 0.31 < 0.6
PCDH11Y	Excitatory_neuron	6	8	13	8	0.5522	PO11	0.3333	PCDH11Y-208	FAIL	Jackknife 0.55 ≥ 0.5; Direction 0.33 < 0.6
PCDH19	Excitatory_neuron	10	8	13	8	0.1911	PO11	0.6	PCDH19-203	PASS	
PCDH7	Excitatory_neuron	10	8	13	8	0.6758	SMC032	0.2	PCDH7-212	FAIL	Jackknife 0.68 ≥ 0.5; Direction 0.20 < 0.6
PCDH8	Excitatory_neuron	8	5	13	8	0.7426	SMC032	0.375	PCDH8-201	FAIL	Jackknife 0.74 ≥ 0.5; Direction 0.38 < 0.6
PCDH9	Excitatory_neuron	13	8	13	8	0.1732	PO41	0.6923	PCDH9-204	PASS	
PCDHA11	Excitatory_neuron	9	7	13	8	0.5587	SMC038	0.4444	PCDHA11-201	FAIL	Jackknife 0.56 ≥ 0.5; Direction 0.44 < 0.6
PCDHA4	Excitatory_neuron	10	8	13	8	1.2289	PO28	0.6	PCDHA4-203	FAIL	Jackknife 1.23 ≥ 0.5
PCDHA6	Excitatory_neuron	10	8	13	8	0.2399	SMC041	0.8	PCDHA6-203	PASS	
PCDHA9	Excitatory_neuron	8	7	13	8	0.473	PO28	0.875	PCDHA9-202	PASS	
PCDHAC2	Excitatory_neuron	12	8	13	8	0.4422	SMC038	0.75	PCDHAC2-203	PASS	
PCDHB3	Excitatory_neuron	9	7	13	8	1.0	PO28	0.1111	transcript184410.chr5.nnic	FAIL	Jackknife 1.00 ≥ 0.5; Direction 0.11 < 0.6
PCDHB9	Excitatory_neuron	8	7	13	8	1.0	SMC038	0.125	transcript184661.chr5.nnic	FAIL	Jackknife 1.00 ≥ 0.5; Direction 0.12 < 0.6
PCDHGA6	Excitatory_neuron	10	7	13	8	0.0617	SMC049	0.9	PCDHGA6-201	PASS	
PCDHGC4	Excitatory_neuron	7	6	13	8	0.4509	SMC041	0.2857	PCDHGC4-201	FAIL	Direction 0.29 < 0.6
PCDHGC5	Excitatory_neuron	11	7	13	8	0.2479	SMC041	0.6364	PCDHGC5-202	PASS	
PCF11	Excitatory_neuron	11	7	13	8	0.6359	SMC049	0.3636	PCF11-201	FAIL	Jackknife 0.64 ≥ 0.5; Direction 0.36 < 0.6
PCGF3	Excitatory_neuron	12	7	13	8	0.2513	PO28	0.5833	PCGF3-213	FAIL	Direction 0.58 < 0.6
PCGF5	Excitatory_neuron	11	8	13	8	0.4452	SMC032	0.3636	transcript164095.chr10.nnic	FAIL	Direction 0.36 < 0.6
PCGF6	Excitatory_neuron	12	6	13	8	0.2296	PO28	0.8333	transcript185864.chr10.nic	PASS	
PCID2	Excitatory_neuron	11	8	13	8	0.0		1.0	transcript110596.chr13.nnic	PASS	
PCLO	Excitatory_neuron	12	8	13	8	0.2667	PO41	0.9167	PCLO-201	PASS	
PCM1	Excitatory_neuron	13	8	13	8	0.1354	PO41	0.9231	PCM1-201	PASS	
PCMTD1	Excitatory_neuron	8	8	13	8	0.0		1.0	PCMTD1-208	PASS	
PCMTD2	Excitatory_neuron	12	8	13	8	1.5975	SMC049	0.3333	PCMTD2-204	FAIL	Jackknife 1.60 ≥ 0.5; Direction 0.33 < 0.6
PCNP	Excitatory_neuron	12	8	13	8	0.6634	SMC049	0.5	PCNP-202	FAIL	Jackknife 0.66 ≥ 0.5; Direction 0.50 < 0.6
PCNT	Excitatory_neuron	13	8	13	8	0.4055	SMC039	0.7692	PCNT-204	PASS	
PCNX2	Excitatory_neuron	13	8	13	8	1.0495	SMC041	0.2308	PCNX2-203	FAIL	Jackknife 1.05 ≥ 0.5; Direction 0.23 < 0.6
PCNX4	Excitatory_neuron	10	7	13	8	0.1834	SMC049	1.0	PCNX4-201	PASS	
PCSK2	Excitatory_neuron	10	7	13	8	0.2973	SMC049	1.0	PCSK2-205	PASS	
PCSK6	Excitatory_neuron	4	5	13	8					INSUFFICIENT_DATA	reads 있는 도너 부족: AD=4/5, CT=5/4
PCSK7	Excitatory_neuron	11	8	13	8	0.6543	SMC049	0.2727	PCSK7-214	FAIL	Jackknife 0.65 ≥ 0.5; Direction 0.27 < 0.6
PCYOX1L	Excitatory_neuron	12	8	13	8	0.329	SMC041	0.75	PCYOX1L-201	PASS	
PCYT1A	Excitatory_neuron	7	6	13	8	0.0467	SMC049	1.0	PCYT1A-212	PASS	
PDCD10	Excitatory_neuron	10	7	13	8	0.0415	PO28	1.0	transcript271765.chr3.nic	PASS	
PDCD11	Excitatory_neuron	10	6	13	8	0.4877	PO28	0.5	PDCD11-201	FAIL	Direction 0.50 < 0.6
PDCD2	Excitatory_neuron	6	5	13	8	0.1383	SMC029	0.6667	PDCD2-204	PASS	
PDCD4	Excitatory_neuron	10	7	13	8	0.4326	SMC049	0.4	PDCD4-201	FAIL	Direction 0.40 < 0.6
PDCD6IP	Excitatory_neuron	11	7	13	8	1.7689	SMC038	0.3636	PDCD6IP-201	FAIL	Jackknife 1.77 ≥ 0.5; Direction 0.36 < 0.6
PDE10A	Excitatory_neuron	11	7	13	8	0.4409	SMC049	0.5455	PDE10A-223	FAIL	Direction 0.55 < 0.6
PDE12	Excitatory_neuron	12	8	13	8	0.4053	SMC049	0.5	PDE12-202	FAIL	Direction 0.50 < 0.6
PDE1A	Excitatory_neuron	10	6	13	8	0.0369	PO41	0.9	PDE1A-208	PASS	
PDE2A	Excitatory_neuron	9	7	13	8	0.7554	SMC049	0.6667	PDE2A-226	FAIL	Jackknife 0.76 ≥ 0.5
PDE4D	Excitatory_neuron	11	6	13	8	1.0	PO41	0.0909	transcript85400.chr5.nnic	FAIL	Jackknife 1.00 ≥ 0.5; Direction 0.09 < 0.6
PDE4DIP	Excitatory_neuron	11	8	13	8	0.6044	SMC049	0.4545	PDE4DIP-262	FAIL	Jackknife 0.60 ≥ 0.5; Direction 0.45 < 0.6
PDE7A	Excitatory_neuron	11	6	13	8	0.182	SMC039	0.7273	PDE7A-203	PASS	
PDE7B	Excitatory_neuron	9	6	13	8	0.6406	SMC032	0.4444	transcript188580.chr6.nnic	FAIL	Jackknife 0.64 ≥ 0.5; Direction 0.44 < 0.6
PDIA3	Excitatory_neuron	11	8	13	8	0.0611	SMC049	0.8182	PDIA3-216	PASS	
PDIA4	Excitatory_neuron	9	7	13	8	0.9974	SMC049	0.7778	PDIA4-204	FAIL	Jackknife 1.00 ≥ 0.5
PDIK1L	Excitatory_neuron	10	7	13	8	0.024	SMC038	1.0	PDIK1L-202	PASS	
PDK2	Excitatory_neuron	12	8	13	8	0.237	SMC049	0.75	PDK2-203	PASS	
PDK3	Excitatory_neuron	9	7	13	8	0.1202	SMC049	0.8889	PDK3-202	PASS	
PDP1	Excitatory_neuron	11	7	13	8	0.3878	SMC038	0.5455	PDP1-203	FAIL	Direction 0.55 < 0.6
PDS5B	Excitatory_neuron	13	8	13	8	0.7055	SMC041	0.8462	PDS5B-201	FAIL	Jackknife 0.71 ≥ 0.5
PDXDC1	Excitatory_neuron	11	7	13	8	1.1393	SMC038	0.5455	PDXDC1-201	FAIL	Jackknife 1.14 ≥ 0.5; Direction 0.55 < 0.6
PDXP	Excitatory_neuron	9	6	13	8	1.0	SMC049	0.1111	transcript42912.chr22.nnic	FAIL	Jackknife 1.00 ≥ 0.5; Direction 0.11 < 0.6
PDZD7	Excitatory_neuron	11	8	13	8	0.3085	SMC049	0.7273	PDZD7-208	PASS	
PDZD8	Excitatory_neuron	13	6	13	8	0.4788	PO11	0.6154	PDZD8-201	PASS	
PDZRN3	Excitatory_neuron	10	7	13	8	0.2702	SMC038	0.4	PDZRN3-201	FAIL	Direction 0.40 < 0.6
PDZRN4	Excitatory_neuron	10	7	13	8	0.2602	PO41	0.8	PDZRN4-203	PASS	
PEA15	Excitatory_neuron	9	6	13	8	1.061	SMC049	0.5556	transcript247141.chr1.nnic	FAIL	Jackknife 1.06 ≥ 0.5; Direction 0.56 < 0.6
PEAK1	Excitatory_neuron	8	7	13	8	1.4285	SMC049	0.5	PEAK1-205	FAIL	Jackknife 1.43 ≥ 0.5; Direction 0.50 < 0.6
PEG10	Excitatory_neuron	10	5	13	8	0.2051	SMC049	0.8	transcript134425.chr7.nnic	PASS	
PER2	Excitatory_neuron	10	6	13	8	1.1027	SMC041	0.1	transcript405618.chr2.nic	FAIL	Jackknife 1.10 ≥ 0.5; Direction 0.10 < 0.6
PER3	Excitatory_neuron	12	8	13	8	0.7162	PO28	0.5	transcript14612.chr1.nic	FAIL	Jackknife 0.72 ≥ 0.5; Direction 0.50 < 0.6
PEX12	Excitatory_neuron	9	7	13	8	0.0928	SMC049	1.0	PEX12-201	PASS	
PEX26	Excitatory_neuron	8	6	13	8	0.255	SMC049	0.875	PEX26-201	PASS	
PEX3	Excitatory_neuron	9	7	13	8	0.6209	SMC049	0.2222	transcript194635.chr6.nic	FAIL	Jackknife 0.62 ≥ 0.5; Direction 0.22 < 0.6
PEX5	Excitatory_neuron	8	5	13	8	0.7361	SMC038	0.625	PEX5-221	FAIL	Jackknife 0.74 ≥ 0.5
PEX5L	Excitatory_neuron	10	6	13	8	0.1336	SMC049	0.7	PEX5L-215	PASS	
PEX6	Excitatory_neuron	7	5	13	8	0.352	PO28	0.8571	transcript57358.chr6.nic	PASS	
PFDN5	Excitatory_neuron	11	8	13	8	0.2778	PO42	0.6364	PFDN5-209	PASS	
PFKFB2	Excitatory_neuron	8	6	13	8	0.1746	SMC049	0.75	PFKFB2-201	PASS	
PFKFB3	Excitatory_neuron	8	5	13	8	0.2447	PO11	0.875	PFKFB3-202	PASS	
PFKM	Excitatory_neuron	10	7	13	8	1.8239	SMC049	0.5	PFKM-203	FAIL	Jackknife 1.82 ≥ 0.5; Direction 0.50 < 0.6
PFKP	Excitatory_neuron	11	7	13	8	0.8179	SMC049	0.3636	PFKP-206	FAIL	Jackknife 0.82 ≥ 0.5; Direction 0.36 < 0.6
PFN2	Excitatory_neuron	11	8	13	8	0.3918	SMC049	0.8182	PFN2-203	PASS	
PGAP3	Excitatory_neuron	11	6	13	8	3.8355	SMC038	0.6364	PGAP3-202	FAIL	Jackknife 3.84 ≥ 0.5
PGM3	Excitatory_neuron	9	7	13	8	1.0294	SMC049	0.2222	PGM3-249	FAIL	Jackknife 1.03 ≥ 0.5; Direction 0.22 < 0.6
PGS1	Excitatory_neuron	11	8	13	8	0.4419	SMC049	0.6364	PGS1-201	PASS	
PHACTR1	Excitatory_neuron	11	8	13	8	0.1245	SMC049	0.7273	PHACTR1-205	PASS	
PHACTR3	Excitatory_neuron	12	8	13	8	0.8078	SMC049	0.5833	PHACTR3-204	FAIL	Jackknife 0.81 ≥ 0.5; Direction 0.58 < 0.6
PHACTR4	Excitatory_neuron	10	6	13	8	0.2381	PO42	0.7	PHACTR4-202	PASS	
PHB2	Excitatory_neuron	12	8	13	8	0.1153	SMC049	0.9167	PHB2-220	PASS	
PHC2	Excitatory_neuron	7	5	13	8	0.1381	SMC041	0.5714	PHC2-202	FAIL	Direction 0.57 < 0.6
PHC3	Excitatory_neuron	11	7	13	8	0.1646	SMC049	0.8182	PHC3-214	PASS	
PHF12	Excitatory_neuron	10	8	13	8	0.355	SMC038	0.6	PHF12-209	PASS	
PHF14	Excitatory_neuron	9	7	13	8	0.6932	PO28	0.5556	PHF14-216	FAIL	Jackknife 0.69 ≥ 0.5; Direction 0.56 < 0.6
PHF20L1	Excitatory_neuron	12	7	13	8	0.1437	SMC049	0.9167	transcript183823.chr8.nnic	PASS	
PHF21A	Excitatory_neuron	11	7	13	8	0.6817	SMC041	0.1818	PHF21A-207	FAIL	Jackknife 0.68 ≥ 0.5; Direction 0.18 < 0.6
PHF3	Excitatory_neuron	13	8	13	8	0.5831	PO28	0.4615	PHF3-204	FAIL	Jackknife 0.58 ≥ 0.5; Direction 0.46 < 0.6
PHF6	Excitatory_neuron	8	5	13	8	0.0845	SMC049	1.0	PHF6-206	PASS	
PHF8	Excitatory_neuron	10	6	13	8	0.0922	SMC049	1.0	PHF8-203	PASS	
PHIP	Excitatory_neuron	12	8	13	8	1.1947	SMC049	0.3333	PHIP-202	FAIL	Jackknife 1.19 ≥ 0.5; Direction 0.33 < 0.6
PHKB	Excitatory_neuron	9	8	13	8	1.422	SMC049	0.7778	PHKB-210	FAIL	Jackknife 1.42 ≥ 0.5
PHKG2	Excitatory_neuron	10	7	13	8	1.3256	SMC049	0.1	PHKG2-207	FAIL	Jackknife 1.33 ≥ 0.5; Direction 0.10 < 0.6
PHLDB2	Excitatory_neuron	11	7	13	8	0.2373	SMC041	0.3636	PHLDB2-214	FAIL	Direction 0.36 < 0.6
PHRF1	Excitatory_neuron	10	8	13	8	1.0	SMC049	0.1	PHRF1-206	FAIL	Jackknife 1.00 ≥ 0.5; Direction 0.10 < 0.6
PHTF2	Excitatory_neuron	10	7	13	8	0.0		1.0	PHTF2-205	PASS	
PHYHIP	Excitatory_neuron	11	8	13	8	1.0556	PO28	0.2727	PHYHIP-201	FAIL	Jackknife 1.06 ≥ 0.5; Direction 0.27 < 0.6
PI4KA	Excitatory_neuron	12	8	13	8	0.4282	PO28	0.3333	PI4KA-201	FAIL	Direction 0.33 < 0.6
PI4KAP1	Excitatory_neuron	7	4	13	8	0.0		1.0	PI4KAP1-203	PASS	
PI4KB	Excitatory_neuron	11	8	13	8	0.3026	SMC049	0.9091	PI4KB-204	PASS	
PIAS2	Excitatory_neuron	11	8	13	8	0.7143	PO41	0.5455	PIAS2-204	FAIL	Jackknife 0.71 ≥ 0.5; Direction 0.55 < 0.6
PICK1	Excitatory_neuron	12	8	13	8	1.0756	SMC049	0.1667	PICK1-201	FAIL	Jackknife 1.08 ≥ 0.5; Direction 0.17 < 0.6
PIGC	Excitatory_neuron	11	8	13	8	0.8753	SMC049	0.5455	PIGC-202	FAIL	Jackknife 0.88 ≥ 0.5; Direction 0.55 < 0.6
PIGG	Excitatory_neuron	11	7	13	8	1.0792	SMC038	0.2727	PIGG-223	FAIL	Jackknife 1.08 ≥ 0.5; Direction 0.27 < 0.6
PIGK	Excitatory_neuron	9	6	13	8	0.3323	SMC032	0.6667	PIGK-202	PASS	
PIGO	Excitatory_neuron	9	6	13	8	0.0836	PO42	0.8889	PIGO-202	PASS	
PIGQ	Excitatory_neuron	12	8	13	8	0.4365	SMC049	0.6667	PIGQ-203	PASS	
PIGT	Excitatory_neuron	12	8	13	8	0.4341	SMC049	0.6667	PIGT-202	PASS	
PIGU	Excitatory_neuron	8	6	13	8	0.4935	SMC049	0.625	transcript41581.chr20.nic	PASS	
PIGV	Excitatory_neuron	8	7	13	8	1.15	SMC049	0.125	transcript51013.chr1.nic	FAIL	Jackknife 1.15 ≥ 0.5; Direction 0.12 < 0.6
PIK3C3	Excitatory_neuron	11	8	13	8	0.4484	PO41	0.4545	PIK3C3-215	FAIL	Direction 0.45 < 0.6
PIK3CA	Excitatory_neuron	10	7	13	8	0.8411	SMC049	0.2	transcript288617.chr3.nnic	FAIL	Jackknife 0.84 ≥ 0.5; Direction 0.20 < 0.6
PIK3CD	Excitatory_neuron	7	5	13	8	0.4096	PO28	0.7143	PIK3CD-219	PASS	
PIK3R1	Excitatory_neuron	13	8	13	8	0.1537	SMC049	0.8462	PIK3R1-211	PASS	
PIKFYVE	Excitatory_neuron	13	8	13	8	0.1365	PO11	0.8462	PIKFYVE-207	PASS	
PIN1	Excitatory_neuron	12	8	13	8	0.5193	SMC038	0.5	PIN1-204	FAIL	Jackknife 0.52 ≥ 0.5; Direction 0.50 < 0.6
PINX1	Excitatory_neuron	10	8	13	8	0.3765	PO28	0.8	transcript40216.chr8.nic	PASS	
PIP4K2B	Excitatory_neuron	10	5	13	8	1.0	SMC039	0.1	transcript65820.chr17.nnic	FAIL	Jackknife 1.00 ≥ 0.5; Direction 0.10 < 0.6
PIP5K1A	Excitatory_neuron	11	6	13	8	0.394	SMC039	0.5455	PIP5K1A-201	FAIL	Direction 0.55 < 0.6
PIP5K1C	Excitatory_neuron	10	6	13	8	0.1591	SMC049	0.5	PIP5K1C-201	FAIL	Direction 0.50 < 0.6
PISD	Excitatory_neuron	12	8	13	8	0.2474	SMC038	0.6667	PISD-202	PASS	
PITPNM1	Excitatory_neuron	9	5	13	8	0.3298	SMC039	0.6667	PITPNM1-209	PASS	
PITRM1	Excitatory_neuron	11	8	13	8	0.3925	SMC041	0.5455	PITRM1-201	FAIL	Direction 0.55 < 0.6
PKD1	Excitatory_neuron	12	8	13	8	0.2835	SMC041	0.9167	PKD1-201	PASS	
PKD2	Excitatory_neuron	9	7	13	8	0.1038	PO42	1.0	PKD2-201	PASS	
PKD2L2-DT	Excitatory_neuron	9	6	13	8	0.1146	SMC032	0.7778	PKD2L2-DT-202	PASS	
PKIA	Excitatory_neuron	6	7	13	8	0.1646	SMC049	0.8333	transcript124435.chr8.nnic	PASS	
PKNOX2	Excitatory_neuron	11	3	13	8					INSUFFICIENT_DATA	reads 있는 도너 부족: AD=11/5, CT=3/4
PKP4	Excitatory_neuron	10	7	13	8	0.101	SMC049	0.8	PKP4-202	PASS	
PLA2G15	Excitatory_neuron	8	6	13	8	1.2448	SMC038	0.125	PLA2G15-201	FAIL	Jackknife 1.24 ≥ 0.5; Direction 0.12 < 0.6
PLA2G4C	Excitatory_neuron	10	7	13	8	0.6213	SMC049	0.7	PLA2G4C-222	FAIL	Jackknife 0.62 ≥ 0.5
PLAA	Excitatory_neuron	8	6	13	8	0.5985	SMC049	0.5	PLAA-205	FAIL	Jackknife 0.60 ≥ 0.5; Direction 0.50 < 0.6
PLAT	Excitatory_neuron	9	4	13	8	0.0735	SMC049	0.8889	PLAT-202	PASS	
PLCB1	Excitatory_neuron	11	8	13	8	0.239	PO28	0.9091	PLCB1-201	PASS	
PLCB4	Excitatory_neuron	8	7	13	8	0.4193	PO28	0.5	PLCB4-240	FAIL	Direction 0.50 < 0.6
PLCG1	Excitatory_neuron	8	8	13	8	0.4845	SMC041	0.875	PLCG1-202	PASS	
PLCH1	Excitatory_neuron	9	6	13	8	0.396	PO05	0.6667	PLCH1-206	PASS	
PLCH2	Excitatory_neuron	11	8	13	8	0.606	SMC038	0.4545	PLCH2-205	FAIL	Jackknife 0.61 ≥ 0.5; Direction 0.45 < 0.6
PLD3	Excitatory_neuron	12	8	13	8	0.4732	SMC049	0.75	PLD3-201	PASS	
PLD6	Excitatory_neuron	8	4	13	8	1.0	SMC038	0.125	transcript27963.chr17.nnic	FAIL	Jackknife 1.00 ≥ 0.5; Direction 0.12 < 0.6
PLEC	Excitatory_neuron	8	8	13	8	0.0		1.0	transcript199651.chr8.nnic	PASS	
PLEKHA1	Excitatory_neuron	11	8	13	8	0.8594	SMC032	0.3636	PLEKHA1-207	FAIL	Jackknife 0.86 ≥ 0.5; Direction 0.36 < 0.6
PLEKHA5	Excitatory_neuron	13	8	13	8	0.0798	SMC049	0.7692	PLEKHA5-225	PASS	
PLEKHB1	Excitatory_neuron	12	8	13	8	0.0383	PO28	0.9167	PLEKHB1-204	PASS	
PLEKHB2	Excitatory_neuron	13	8	13	8	0.0658	SMC049	1.0	PLEKHB2-204	PASS	
PLEKHG1	Excitatory_neuron	6	5	13	8	0.7045	SMC041	0.3333	PLEKHG1-209	FAIL	Jackknife 0.70 ≥ 0.5; Direction 0.33 < 0.6
PLEKHJ1	Excitatory_neuron	11	6	13	8	0.2489	SMC049	0.8182	PLEKHJ1-208	PASS	
PLP1	Excitatory_neuron	13	8	13	8	0.2552	SMC039	0.6923	PLP1-221	PASS	
PLPPR1	Excitatory_neuron	10	7	13	8	0.1939	PO28	0.6	transcript176166.chr9.nic	PASS	
PLPPR4	Excitatory_neuron	10	6	13	8	0.7656	SMC049	0.4	PLPPR4-201	FAIL	Jackknife 0.77 ≥ 0.5; Direction 0.40 < 0.6
PLSCR1	Excitatory_neuron	9	6	13	8	0.1951	PO28	0.7778	transcript251385.chr3.nic	PASS	
PLXDC1	Excitatory_neuron	9	7	13	8	0.0		1.0	PLXDC1-213	PASS	
PLXNA1	Excitatory_neuron	10	8	13	8	0.2899	SMC041	0.6	PLXNA1-202	PASS	
PLXNA2	Excitatory_neuron	12	8	13	8	0.0894	PO28	0.9167	PLXNA2-201	PASS	
PLXNA4	Excitatory_neuron	8	5	13	8	0.0		1.0	PLXNA4-201	PASS	
PLXNB1	Excitatory_neuron	8	6	13	8	0.0		1.0	PLXNB1-202	PASS	
PLXNB2	Excitatory_neuron	9	8	13	8	0.1829	SMC038	0.8889	PLXNB2-201	PASS	
PMM1	Excitatory_neuron	12	7	13	8	0.0997	SMC049	0.5	PMM1-201	FAIL	Direction 0.50 < 0.6
PMP22	Excitatory_neuron	11	7	13	8	0.0751	SMC049	0.9091	PMP22-201	PASS	
PMPCA	Excitatory_neuron	11	8	13	8	0.3606	SMC049	0.6364	PMPCA-201	PASS	
PMPCB	Excitatory_neuron	10	8	13	8	0.772	SMC049	0.4	PMPCB-205	FAIL	Jackknife 0.77 ≥ 0.5; Direction 0.40 < 0.6
PMS2	Excitatory_neuron	9	7	13	8	0.4319	SMC049	0.6667	PMS2-201	PASS	
PNISR	Excitatory_neuron	13	8	13	8	0.3412	PO41	0.3846	PNISR-202	FAIL	Direction 0.38 < 0.6
PNKD	Excitatory_neuron	8	6	13	8	0.9921	PO28	0.625	PNKD-203	FAIL	Jackknife 0.99 ≥ 0.5
PNMA3	Excitatory_neuron	10	7	13	8	0.438	PO28	0.8	PNMA3-202	PASS	
PNMA5	Excitatory_neuron	8	6	13	8	1.5574	SMC038	0.875	PNMA5-201	FAIL	Jackknife 1.56 ≥ 0.5
PNPLA4	Excitatory_neuron	9	6	13	8	1.0654	PO41	0.1111	PNPLA4-203	FAIL	Jackknife 1.07 ≥ 0.5; Direction 0.11 < 0.6
PNPLA8	Excitatory_neuron	13	7	13	8	1.3343	SMC049	0.2308	PNPLA8-206	FAIL	Jackknife 1.33 ≥ 0.5; Direction 0.23 < 0.6
PNPO	Excitatory_neuron	8	7	13	8	0.0		1.0	PNPO-201	PASS	
POC1B-AS1	Excitatory_neuron	4	5	13	8					INSUFFICIENT_DATA	reads 있는 도너 부족: AD=4/5, CT=5/4
POGLUT2	Excitatory_neuron	10	7	13	8	0.2449	SMC041	0.8	POGLUT2-204	PASS	
POGZ	Excitatory_neuron	12	8	13	8	0.5326	SMC038	0.75	POGZ-212	FAIL	Jackknife 0.53 ≥ 0.5
POLD2	Excitatory_neuron	12	5	13	8	1.1464	SMC049	0.1667	POLD2-245	FAIL	Jackknife 1.15 ≥ 0.5; Direction 0.17 < 0.6
POLDIP3	Excitatory_neuron	9	5	13	8	0.3672	SMC038	0.8889	POLDIP3-203	PASS	
POLE	Excitatory_neuron	9	6	13	8	0.7845	SMC038	0.6667	POLE-201	FAIL	Jackknife 0.78 ≥ 0.5
POLG	Excitatory_neuron	8	7	13	8	0.0638	PO11	0.75	transcript133263.chr15.nic	PASS	
POLK	Excitatory_neuron	11	8	13	8	0.6381	SMC049	0.3636	POLK-212	FAIL	Jackknife 0.64 ≥ 0.5; Direction 0.36 < 0.6
POLR1F	Excitatory_neuron	11	6	13	8	0.3239	SMC032	0.9091	POLR1F-201	PASS	
POLR3A	Excitatory_neuron	11	7	13	8	0.3205	SMC029	0.3636	POLR3A-209	FAIL	Direction 0.36 < 0.6
POLR3C	Excitatory_neuron	11	8	13	8	0.5538	SMC038	0.4545	POLR3C-208	FAIL	Jackknife 0.55 ≥ 0.5; Direction 0.45 < 0.6
POLR3E	Excitatory_neuron	8	5	13	8	0.0181	PO28	0.875	POLR3E-219	PASS	
POLR3H	Excitatory_neuron	10	8	13	8	0.3505	SMC049	0.7	POLR3H-202	PASS	
POMGNT1	Excitatory_neuron	12	8	13	8	0.6386	SMC049	0.25	POMGNT1-229	FAIL	Jackknife 0.64 ≥ 0.5; Direction 0.25 < 0.6
POMK	Excitatory_neuron	12	6	13	8	0.4727	SMC049	0.3333	POMK-201	FAIL	Direction 0.33 < 0.6
POMT1	Excitatory_neuron	11	8	13	8	0.8656	PO28	0.4545	POMT1-274	FAIL	Jackknife 0.87 ≥ 0.5; Direction 0.45 < 0.6
POMT2	Excitatory_neuron	10	7	13	8	0.1523	SMC049	0.6	POMT2-202	PASS	
POR	Excitatory_neuron	12	7	13	8	0.8754	SMC038	0.6667	POR-201	FAIL	Jackknife 0.88 ≥ 0.5
POU2F1	Excitatory_neuron	10	7	13	8	0.6944	SMC038	0.6	POU2F1-204	FAIL	Jackknife 0.69 ≥ 0.5
POU6F1	Excitatory_neuron	6	6	13	8	0.1823	PO28	0.8333	POU6F1-210	PASS	
POU6F2	Excitatory_neuron	10	5	13	8	0.3001	SMC039	0.6	POU6F2-212	PASS	
PPARGC1A	Excitatory_neuron	10	6	13	8	1.213	SMC038	0.4	PPARGC1A-201	FAIL	Jackknife 1.21 ≥ 0.5; Direction 0.40 < 0.6
PPARGC1B	Excitatory_neuron	11	7	13	8	0.6556	SMC038	0.4545	PPARGC1B-201	FAIL	Jackknife 0.66 ≥ 0.5; Direction 0.45 < 0.6
PPAT	Excitatory_neuron	11	7	13	8	0.3528	PO11	0.3636	PPAT-202	FAIL	Direction 0.36 < 0.6
PPFIA1	Excitatory_neuron	13	8	13	8	0.5497	SMC049	0.5385	PPFIA1-219	FAIL	Jackknife 0.55 ≥ 0.5; Direction 0.54 < 0.6
PPFIA2	Excitatory_neuron	13	8	13	8	0.3569	PO11	0.5385	PPFIA2-216	FAIL	Direction 0.54 < 0.6
PPFIBP1	Excitatory_neuron	13	8	13	8	0.6477	SMC049	0.3846	PPFIBP1-202	FAIL	Jackknife 0.65 ≥ 0.5; Direction 0.38 < 0.6
PPHLN1	Excitatory_neuron	12	8	13	8	0.2831	PO05	0.5833	transcript57820.chr12.nic	FAIL	Direction 0.58 < 0.6
PPIA	Excitatory_neuron	12	8	13	8	0.6378	SMC049	0.4167	PPIA-204	FAIL	Jackknife 0.64 ≥ 0.5; Direction 0.42 < 0.6
PPIG	Excitatory_neuron	12	8	13	8	0.736	SMC041	0.5833	PPIG-205	FAIL	Jackknife 0.74 ≥ 0.5; Direction 0.58 < 0.6
PPIH	Excitatory_neuron	10	7	13	8	0.6769	PO28	0.3	PPIH-217	FAIL	Jackknife 0.68 ≥ 0.5; Direction 0.30 < 0.6
PPIL2	Excitatory_neuron	11	7	13	8	0.5835	SMC049	0.4545	PPIL2-233	FAIL	Jackknife 0.58 ≥ 0.5; Direction 0.45 < 0.6
PPIP5K1	Excitatory_neuron	8	7	13	8	0.9378	SMC049	0.5	PPIP5K1-205	FAIL	Jackknife 0.94 ≥ 0.5; Direction 0.50 < 0.6
PPIP5K2	Excitatory_neuron	11	7	13	8	0.167	SMC032	0.9091	PPIP5K2-202	PASS	
PPM1B	Excitatory_neuron	13	8	13	8	0.4248	SMC049	0.6154	PPM1B-201	PASS	
PPM1K	Excitatory_neuron	11	8	13	8	0.1684	PO28	0.8182	PPM1K-209	PASS	
PPM1L	Excitatory_neuron	7	5	13	8	0.5095	SMC049	0.7143	PPM1L-205	FAIL	Jackknife 0.51 ≥ 0.5
PPME1	Excitatory_neuron	9	8	13	8	0.5665	SMC049	0.3333	PPME1-201	FAIL	Jackknife 0.57 ≥ 0.5; Direction 0.33 < 0.6
PPP1CA	Excitatory_neuron	12	7	13	8	0.0		1.0	PPP1CA-212	PASS	
PPP1CB	Excitatory_neuron	10	7	13	8	0.5823	SMC049	0.8	PPP1CB-202	FAIL	Jackknife 0.58 ≥ 0.5
PPP1R12A	Excitatory_neuron	13	8	13	8	2.243	SMC038	0.1538	PPP1R12A-213	FAIL	Jackknife 2.24 ≥ 0.5; Direction 0.15 < 0.6
PPP1R12B	Excitatory_neuron	12	8	13	8	0.3815	PO41	0.6667	PPP1R12B-216	PASS	
PPP1R16B	Excitatory_neuron	10	7	13	8	0.0		1.0	PPP1R16B-201	PASS	
PPP1R1B	Excitatory_neuron	11	6	13	8	2.0448	SMC049	0.1818	PPP1R1B-201	FAIL	Jackknife 2.04 ≥ 0.5; Direction 0.18 < 0.6
PPP1R2	Excitatory_neuron	12	8	13	8	1.2719	SMC049	0.25	PPP1R2-206	FAIL	Jackknife 1.27 ≥ 0.5; Direction 0.25 < 0.6
PPP1R7	Excitatory_neuron	10	7	13	8	0.3481	SMC049	0.6	PPP1R7-207	PASS	
PPP1R9A	Excitatory_neuron	11	8	13	8	0.6725	SMC049	0.3636	PPP1R9A-202	FAIL	Jackknife 0.67 ≥ 0.5; Direction 0.36 < 0.6
PPP2R1A	Excitatory_neuron	13	8	13	8	0.5856	SMC049	0.8462	PPP2R1A-205	FAIL	Jackknife 0.59 ≥ 0.5
PPP2R2A	Excitatory_neuron	6	6	13	8	0.0717	PO28	1.0	PPP2R2A-202	PASS	
PPP2R2B	Excitatory_neuron	11	8	13	8	0.0635	SMC038	0.9091	PPP2R2B-205	PASS	
PPP2R5C	Excitatory_neuron	7	5	13	8	0.0764	PO11	0.5714	PPP2R5C-201	FAIL	Direction 0.57 < 0.6
PPP2R5D	Excitatory_neuron	8	6	13	8	0.2525	SMC041	0.375	PPP2R5D-208	FAIL	Direction 0.38 < 0.6
PPP3CA	Excitatory_neuron	11	8	13	8	0.9174	SMC049	0.2727	PPP3CA-202	FAIL	Jackknife 0.92 ≥ 0.5; Direction 0.27 < 0.6
PPP3CB	Excitatory_neuron	9	8	13	8	0.6061	SMC038	0.3333	PPP3CB-202	FAIL	Jackknife 0.61 ≥ 0.5; Direction 0.33 < 0.6
PPP4R1	Excitatory_neuron	7	7	13	8	0.8568	SMC039	0.4286	PPP4R1-203	FAIL	Jackknife 0.86 ≥ 0.5; Direction 0.43 < 0.6
PPP4R3A	Excitatory_neuron	12	6	13	8	0.2407	SMC029	0.8333	PPP4R3A-202	PASS	
PPP4R3B	Excitatory_neuron	12	7	13	8	0.1413	PO41	0.75	PPP4R3B-205	PASS	
PPP6R2	Excitatory_neuron	11	6	13	8	0.3153	SMC029	0.6364	PPP6R2-209	PASS	
PPP6R3	Excitatory_neuron	10	7	13	8	0.0703	PO41	0.9	PPP6R3-201	PASS	
PPRC1	Excitatory_neuron	7	6	13	8	0.1734	PO41	0.8571	PPRC1-203	PASS	
PPWD1	Excitatory_neuron	9	6	13	8	0.0929	SMC032	0.8889	PPWD1-201	PASS	
PRANCR	Excitatory_neuron	12	7	13	8	0.6659	SMC049	0.5833	PRANCR-206	FAIL	Jackknife 0.67 ≥ 0.5; Direction 0.58 < 0.6
PRCP	Excitatory_neuron	12	7	13	8	0.0114	PO28	1.0	transcript124829.chr11.nnic	PASS	
PRDM10	Excitatory_neuron	5	5	13	8	0.2093	PO05	0.8	PRDM10-207	PASS	
PRDM15	Excitatory_neuron	4	6	13	8					INSUFFICIENT_DATA	reads 있는 도너 부족: AD=4/5, CT=6/4
PRDM2	Excitatory_neuron	12	7	13	8	0.1583	SMC049	0.8333	PRDM2-202	PASS	
PRDX2	Excitatory_neuron	9	7	13	8	0.5544	PO28	0.1111	PRDX2-203	FAIL	Jackknife 0.55 ≥ 0.5; Direction 0.11 < 0.6
PRDX3	Excitatory_neuron	12	7	13	8	1.2699	SMC049	0.25	PRDX3-203	FAIL	Jackknife 1.27 ≥ 0.5; Direction 0.25 < 0.6
PRDX6	Excitatory_neuron	11	8	13	8	0.7042	SMC049	0.8182	PRDX6-201	FAIL	Jackknife 0.70 ≥ 0.5
PREB	Excitatory_neuron	8	5	13	8	1.1647	SMC049	0.625	PREB-201	FAIL	Jackknife 1.16 ≥ 0.5
PREPL	Excitatory_neuron	12	8	13	8	0.1877	SMC038	0.5833	PREPL-207	FAIL	Direction 0.58 < 0.6
PRICKLE1	Excitatory_neuron	10	7	13	8	0.1494	SMC049	1.0	PRICKLE1-213	PASS	
PRICKLE2	Excitatory_neuron	10	7	13	8	2.041	SMC049	0.6	transcript109564.chr3.nnic	FAIL	Jackknife 2.04 ≥ 0.5
PRKAB1	Excitatory_neuron	11	7	13	8	0.3221	SMC038	0.6364	PRKAB1-207	PASS	
PRKACB	Excitatory_neuron	11	8	13	8	0.345	SMC049	0.8182	PRKACB-205	PASS	
PRKAG2	Excitatory_neuron	10	8	13	8	0.7054	SMC049	0.8	PRKAG2-209	FAIL	Jackknife 0.71 ≥ 0.5
PRKAR1A	Excitatory_neuron	12	8	13	8	0.8827	SMC032	1.0	PRKAR1A-201	FAIL	Jackknife 0.88 ≥ 0.5
PRKAR2A	Excitatory_neuron	6	6	13	8	0.9862	SMC038	0.3333	PRKAR2A-201	FAIL	Jackknife 0.99 ≥ 0.5; Direction 0.33 < 0.6
PRKAR2B	Excitatory_neuron	10	8	13	8	0.32	SMC032	0.6	PRKAR2B-201	PASS	
PRKCB	Excitatory_neuron	13	8	13	8	0.8372	SMC049	0.3846	PRKCB-201	FAIL	Jackknife 0.84 ≥ 0.5; Direction 0.38 < 0.6
PRKCG	Excitatory_neuron	12	7	13	8	0.4276	SMC038	0.3333	PRKCG-201	FAIL	Direction 0.33 < 0.6
PRKD1	Excitatory_neuron	7	7	13	8	0.0841	SMC038	1.0	PRKD1-202	PASS	
PRKDC	Excitatory_neuron	10	8	13	8	0.1961	SMC032	0.7	PRKDC-202	PASS	
PRKG1	Excitatory_neuron	11	6	13	8	0.4778	SMC049	0.5455	PRKG1-205	FAIL	Direction 0.55 < 0.6
PRKG2	Excitatory_neuron	6	5	13	8	0.1464	PO41	0.8333	PRKG2-201	PASS	
PRKN	Excitatory_neuron	9	6	13	8	0.2014	SMC049	0.8889	PRKN-211	PASS	
PRKRA	Excitatory_neuron	12	8	13	8	0.309	SMC049	0.6667	PRKRA-201	PASS	
PRKRIP1	Excitatory_neuron	12	5	13	8	0.4125	SMC049	0.4167	PRKRIP1-208	FAIL	Direction 0.42 < 0.6
PRMT5	Excitatory_neuron	9	6	13	8	0.7667	SMC038	0.2222	PRMT5-202	FAIL	Jackknife 0.77 ≥ 0.5; Direction 0.22 < 0.6
PRMT7	Excitatory_neuron	11	8	13	8	0.4461	SMC049	0.5455	PRMT7-202	FAIL	Direction 0.55 < 0.6
PRMT8	Excitatory_neuron	11	7	13	8	0.3673	SMC038	0.7273	PRMT8-202	PASS	
PRNP	Excitatory_neuron	12	8	13	8	0.1993	SMC049	0.5	PRNP-201	FAIL	Direction 0.50 < 0.6
PROX1	Excitatory_neuron	11	7	13	8	0.2769	PO11	0.5455	PROX1-202	FAIL	Direction 0.55 < 0.6
PRPF3	Excitatory_neuron	12	8	13	8	0.7294	SMC039	0.5	PRPF3-201	FAIL	Jackknife 0.73 ≥ 0.5; Direction 0.50 < 0.6
PRPF31	Excitatory_neuron	11	8	13	8	0.9227	SMC049	0.2727	PRPF31-203	FAIL	Jackknife 0.92 ≥ 0.5; Direction 0.27 < 0.6
PRPF38B	Excitatory_neuron	12	8	13	8	0.3426	SMC049	0.8333	PRPF38B-204	PASS	
PRPF39	Excitatory_neuron	13	8	13	8	0.6649	PO28	0.3077	PRPF39-202	FAIL	Jackknife 0.66 ≥ 0.5; Direction 0.31 < 0.6
PRPF4	Excitatory_neuron	11	6	13	8	0.2329	SMC049	0.6364	PRPF4-201	PASS	
PRPF4B	Excitatory_neuron	11	6	13	8	0.1114	PO28	0.8182	PRPF4B-201	PASS	
PRPF8	Excitatory_neuron	11	7	13	8	0.0383	PO28	1.0	PRPF8-221	PASS	
PRR3	Excitatory_neuron	7	6	13	8	0.2584	SMC038	0.8571	PRR3-206	PASS	
PRR7	Excitatory_neuron	5	5	13	8	0.2107	SMC049	1.0	PRR7-201	PASS	
PRRC2B	Excitatory_neuron	11	7	13	8	0.7911	SMC038	0.4545	PRRC2B-203	FAIL	Jackknife 0.79 ≥ 0.5; Direction 0.45 < 0.6
PRRC2C	Excitatory_neuron	13	8	13	8	0.1931	SMC049	0.5385	PRRC2C-213	FAIL	Direction 0.54 < 0.6
PRRT2	Excitatory_neuron	12	8	13	8	0.6792	SMC038	0.5833	transcript75255.chr16.nic	FAIL	Jackknife 0.68 ≥ 0.5; Direction 0.58 < 0.6
PRSS23	Excitatory_neuron	5	6	13	8	0.8665	SMC049	0.4	PRSS23-201	FAIL	Jackknife 0.87 ≥ 0.5; Direction 0.40 < 0.6
PRUNE1	Excitatory_neuron	6	5	13	8	1.1818	SMC032	0.1667	PRUNE1-204	FAIL	Jackknife 1.18 ≥ 0.5; Direction 0.17 < 0.6
PRUNE2	Excitatory_neuron	11	7	13	8	0.7374	SMC049	0.4545	PRUNE2-202	FAIL	Jackknife 0.74 ≥ 0.5; Direction 0.45 < 0.6
PRXL2B	Excitatory_neuron	9	7	13	8	0.7494	SMC038	0.4444	PRXL2B-205	FAIL	Jackknife 0.75 ≥ 0.5; Direction 0.44 < 0.6
PSD3	Excitatory_neuron	12	8	13	8	1.0979	SMC038	0.5	PSD3-217	FAIL	Jackknife 1.10 ≥ 0.5; Direction 0.50 < 0.6
PSEN1	Excitatory_neuron	12	7	13	8	0.117	SMC038	0.75	PSEN1-232	PASS	
PSEN2	Excitatory_neuron	10	7	13	8	0.2541	SMC049	0.7	PSEN2-211	PASS	
PSIP1	Excitatory_neuron	11	6	13	8	0.6709	SMC032	0.8182	PSIP1-204	FAIL	Jackknife 0.67 ≥ 0.5
PSMA1	Excitatory_neuron	12	7	13	8	0.1198	SMC032	0.9167	PSMA1-207	PASS	
PSMC1	Excitatory_neuron	12	7	13	8	0.4684	SMC049	0.8333	PSMC1-206	PASS	
PSMC2	Excitatory_neuron	6	5	13	8	0.7461	SMC038	0.5	PSMC2-213	FAIL	Jackknife 0.75 ≥ 0.5; Direction 0.50 < 0.6
PSMC4	Excitatory_neuron	12	7	13	8	0.1222	SMC049	0.4167	PSMC4-203	FAIL	Direction 0.42 < 0.6
PSMC5	Excitatory_neuron	10	7	13	8	0.5055	SMC049	0.7	PSMC5-201	FAIL	Jackknife 0.51 ≥ 0.5
PSMD1	Excitatory_neuron	11	8	13	8	0.3953	SMC038	0.8182	PSMD1-201	PASS	
PSMD11	Excitatory_neuron	12	7	13	8	0.2888	SMC049	0.9167	PSMD11-201	PASS	
PSMD13	Excitatory_neuron	12	6	13	8	0.2055	SMC049	0.75	PSMD13-212	PASS	
PSMD14	Excitatory_neuron	9	7	13	8	2.124	SMC049	0.4444	transcript307351.chr2.nic	FAIL	Jackknife 2.12 ≥ 0.5; Direction 0.44 < 0.6
PSMD3	Excitatory_neuron	12	8	13	8	0.3879	SMC049	0.5	PSMD3-201	FAIL	Direction 0.50 < 0.6
PSMD4	Excitatory_neuron	12	8	13	8	0.2469	SMC049	0.5833	PSMD4-202	FAIL	Direction 0.58 < 0.6
PSMD6	Excitatory_neuron	11	7	13	8	0.2707	SMC049	0.8182	PSMD6-203	PASS	
PSMD8	Excitatory_neuron	12	7	13	8	0.4022	SMC049	0.4167	PSMD8-211	FAIL	Direction 0.42 < 0.6
PSME4	Excitatory_neuron	10	6	13	8	0.2823	PO11	1.0	PSME4-202	PASS	
PSMF1	Excitatory_neuron	12	8	13	8	0.4314	SMC049	0.9167	PSMF1-201	PASS	
PSMG2	Excitatory_neuron	10	7	13	8	0.6531	SMC049	0.4	PSMG2-201	FAIL	Jackknife 0.65 ≥ 0.5; Direction 0.40 < 0.6
PSPC1	Excitatory_neuron	10	8	13	8	2.8074	SMC049	0.6	PSPC1-201	FAIL	Jackknife 2.81 ≥ 0.5
PSRC1	Excitatory_neuron	11	6	13	8	0.0701	SMC049	0.9091	PSRC1-202	PASS	
PTAR1	Excitatory_neuron	9	8	13	8	1.2991	PO11	0.1111	PTAR1-202	FAIL	Jackknife 1.30 ≥ 0.5; Direction 0.11 < 0.6
PTBP1	Excitatory_neuron	9	7	13	8	0.7731	SMC049	0.7778	PTBP1-210	FAIL	Jackknife 0.77 ≥ 0.5
PTBP2	Excitatory_neuron	10	8	13	8	0.0243	SMC049	0.9	PTBP2-214	PASS	
PTBP3	Excitatory_neuron	5	7	13	8	0.1249	PO41	0.8	PTBP3-203	PASS	
PTCD1	Excitatory_neuron	11	5	13	8	0.7603	SMC038	0.2727	transcript141283.chr7.nnic	FAIL	Jackknife 0.76 ≥ 0.5; Direction 0.27 < 0.6
PTDSS1	Excitatory_neuron	8	7	13	8	1.1594	SMC038	0.125	PTDSS1-201	FAIL	Jackknife 1.16 ≥ 0.5; Direction 0.12 < 0.6
PTDSS2	Excitatory_neuron	11	7	13	8	0.1729	SMC049	1.0	transcript1587.chr11.nic	PASS	
PTEN	Excitatory_neuron	11	7	13	8	0.4742	SMC049	0.7273	PTEN-201	PASS	
PTGES2	Excitatory_neuron	10	7	13	8	1.3334	SMC049	0.5	PTGES2-202	FAIL	Jackknife 1.33 ≥ 0.5; Direction 0.50 < 0.6
PTGFRN	Excitatory_neuron	10	8	13	8	0.4052	SMC049	0.8	PTGFRN-201	PASS	
PTGR3	Excitatory_neuron	5	8	13	8	0.0877	SMC049	1.0	PTGR3-201	PASS	
PTK2	Excitatory_neuron	11	7	13	8	0.2777	SMC049	0.8182	PTK2-218	PASS	
PTMA	Excitatory_neuron	13	8	13	8	0.1452	SMC049	0.6923	PTMA-202	PASS	
PTN	Excitatory_neuron	11	6	13	8	1.2768	SMC039	0.2727	PTN-203	FAIL	Jackknife 1.28 ≥ 0.5; Direction 0.27 < 0.6
PTOV1	Excitatory_neuron	9	6	13	8	0.0776	SMC039	0.5556	PTOV1-212	FAIL	Direction 0.56 < 0.6
PTP4A2	Excitatory_neuron	8	6	13	8	0.1727	SMC036	0.75	PTP4A2-219	PASS	
PTPDC1	Excitatory_neuron	12	8	13	8	0.8576	SMC043	0.5	PTPDC1-201	FAIL	Jackknife 0.86 ≥ 0.5; Direction 0.50 < 0.6
PTPN1	Excitatory_neuron	6	5	13	8	1.1237	PO28	0.3333	transcript65853.chr20.nic	FAIL	Jackknife 1.12 ≥ 0.5; Direction 0.33 < 0.6
PTPN13	Excitatory_neuron	8	7	13	8	0.0648	PO28	0.875	PTPN13-201	PASS	
PTPN2	Excitatory_neuron	13	8	13	8	0.727	SMC049	0.6923	PTPN2-201	FAIL	Jackknife 0.73 ≥ 0.5
PTPN5	Excitatory_neuron	9	7	13	8	0.9736	SMC038	0.5556	PTPN5-203	FAIL	Jackknife 0.97 ≥ 0.5; Direction 0.56 < 0.6
PTPRA	Excitatory_neuron	12	7	13	8	0.2871	SMC049	0.5833	PTPRA-201	FAIL	Direction 0.58 < 0.6
PTPRB	Excitatory_neuron	8	7	13	8	0.3755	SMC049	0.5	transcript96582.chr12.nic	FAIL	Direction 0.50 < 0.6
PTPRD	Excitatory_neuron	12	8	13	8	0.367	PO28	0.5833	PTPRD-206	FAIL	Direction 0.58 < 0.6
PTPRF	Excitatory_neuron	11	7	13	8	0.9316	PO28	0.4545	PTPRF-212	FAIL	Jackknife 0.93 ≥ 0.5; Direction 0.45 < 0.6
PTPRG	Excitatory_neuron	11	7	13	8	0.1191	PO28	0.8182	PTPRG-203	PASS	
PTPRN2	Excitatory_neuron	11	8	13	8	0.5436	SMC043	0.5455	transcript241489.chr7.nnic	FAIL	Jackknife 0.54 ≥ 0.5; Direction 0.55 < 0.6
PTPRO	Excitatory_neuron	12	8	13	8	0.1015	PO05	0.6667	PTPRO-218	PASS	
PTPRR	Excitatory_neuron	12	8	13	8	0.0631	PO05	0.9167	PTPRR-204	PASS	
PTPRS	Excitatory_neuron	8	8	13	8	1.1845	SMC049	0.75	PTPRS-205	FAIL	Jackknife 1.18 ≥ 0.5
PTPRT	Excitatory_neuron	6	5	13	8	0.3391	SMC049	0.8333	PTPRT-202	PASS	
PTPRU	Excitatory_neuron	8	6	13	8	0.1328	SMC039	0.625	PTPRU-202	PASS	
PUDP	Excitatory_neuron	9	6	13	8	0.338	SMC049	0.6667	PUDP-201	PASS	
PUF60	Excitatory_neuron	11	7	13	8	1.6508	SMC049	0.5455	PUF60-208	FAIL	Jackknife 1.65 ≥ 0.5; Direction 0.55 < 0.6
PUM1	Excitatory_neuron	8	7	13	8	0.0		1.0	PUM1-201	PASS	
PUM2	Excitatory_neuron	12	7	13	8	0.4484	SMC038	0.5	PUM2-210	FAIL	Direction 0.50 < 0.6
PUS1	Excitatory_neuron	7	5	13	8	0.4652	SMC041	0.5714	PUS1-209	FAIL	Direction 0.57 < 0.6
PUS10	Excitatory_neuron	9	6	13	8	0.2241	SMC041	0.8889	transcript78402.chr2.nnic	PASS	
PUS7L	Excitatory_neuron	13	8	13	8	0.698	SMC038	0.3077	PUS7L-208	FAIL	Jackknife 0.70 ≥ 0.5; Direction 0.31 < 0.6
PVR	Excitatory_neuron	10	8	13	8	0.1377	SMC039	0.9	PVR-202	PASS	
PWWP2A	Excitatory_neuron	12	6	13	8	0.5491	SMC049	0.6667	PWWP2A-201	FAIL	Jackknife 0.55 ≥ 0.5
PXDN	Excitatory_neuron	11	7	13	8	0.0954	SMC049	0.6364	PXDN-213	PASS	
PXK	Excitatory_neuron	12	7	13	8	1.0435	PO28	0.1667	PXK-206	FAIL	Jackknife 1.04 ≥ 0.5; Direction 0.17 < 0.6
PYCR3	Excitatory_neuron	9	7	13	8	1.0741	SMC038	0.2222	PYCR3-207	FAIL	Jackknife 1.07 ≥ 0.5; Direction 0.22 < 0.6
QARS1	Excitatory_neuron	7	6	13	8	0.1816	SMC049	0.7143	QARS1-201	PASS	
QDPR	Excitatory_neuron	12	7	13	8	1.0009	SMC049	0.25	QDPR-201	FAIL	Jackknife 1.00 ≥ 0.5; Direction 0.25 < 0.6
QKI	Excitatory_neuron	10	8	13	8	1.1072	SMC049	0.3	QKI-205	FAIL	Jackknife 1.11 ≥ 0.5; Direction 0.30 < 0.6
QRICH1	Excitatory_neuron	9	6	13	8	0.0		1.0	QRICH1-203	PASS	
QTRT2	Excitatory_neuron	6	6	13	8	0.1686	PO05	0.5	QTRT2-201	FAIL	Direction 0.50 < 0.6
R3HCC1L	Excitatory_neuron	8	6	13	8	0.3194	SMC038	0.375	transcript177357.chr10.nnic	FAIL	Direction 0.38 < 0.6
R3HDM1	Excitatory_neuron	13	8	13	8	0.3316	PO28	0.6923	R3HDM1-201	PASS	
RAB11FIP1	Excitatory_neuron	10	6	13	8	0.4725	PO42	0.4	RAB11FIP1-202	FAIL	Direction 0.40 < 0.6
RAB15	Excitatory_neuron	9	6	13	8	0.0361	PO28	0.8889	RAB15-208	PASS	
RAB18	Excitatory_neuron	12	8	13	8	0.5325	SMC049	0.3333	RAB18-208	FAIL	Jackknife 0.53 ≥ 0.5; Direction 0.33 < 0.6
RAB23	Excitatory_neuron	7	4	13	8	0.9312	SMC049	0.2857	transcript72043.chr6.nnic	FAIL	Jackknife 0.93 ≥ 0.5; Direction 0.29 < 0.6
RAB26	Excitatory_neuron	12	8	13	8	0.7345	SMC041	0.5	RAB26-201	FAIL	Jackknife 0.73 ≥ 0.5; Direction 0.50 < 0.6
RAB33B-AS1	Excitatory_neuron	13	8	13	8	0.352	SMC049	0.4615	RAB33B-AS1-205	FAIL	Direction 0.46 < 0.6
RAB37	Excitatory_neuron	7	7	13	8	0.3928	PO11	0.4286	RAB37-201	FAIL	Direction 0.43 < 0.6
RAB3GAP1	Excitatory_neuron	10	6	13	8	0.0258	SMC038	1.0	RAB3GAP1-203	PASS	
RAB3GAP2	Excitatory_neuron	8	6	13	8	0.381	PO28	1.0	RAB3GAP2-202	PASS	
RAB40B	Excitatory_neuron	12	8	13	8	0.7651	SMC049	0.5	RAB40B-206	FAIL	Jackknife 0.77 ≥ 0.5; Direction 0.50 < 0.6
RAB40C	Excitatory_neuron	10	7	13	8	0.5992	SMC041	0.6	transcript1244.chr16.nnic	FAIL	Jackknife 0.60 ≥ 0.5
RAB4A-AS1	Excitatory_neuron	7	6	13	8	0.0		1.0	RAB4A-AS1-204	PASS	
RAB6A	Excitatory_neuron	12	8	13	8	1.5038	SMC049	0.6667	RAB6A-202	FAIL	Jackknife 1.50 ≥ 0.5
RABGAP1	Excitatory_neuron	12	8	13	8	0.3466	PO41	0.5833	RABGAP1-202	FAIL	Direction 0.58 < 0.6
RABGAP1L	Excitatory_neuron	11	8	13	8	0.1246	PO28	0.7273	RABGAP1L-223	PASS	
RABL2B	Excitatory_neuron	10	8	13	8	0.3489	SMC038	0.5	RABL2B-204	FAIL	Direction 0.50 < 0.6
RABL3	Excitatory_neuron	8	4	13	8	0.9418	PO11	0.25	RABL3-201	FAIL	Jackknife 0.94 ≥ 0.5; Direction 0.25 < 0.6
RACK1	Excitatory_neuron	13	8	13	8	0.956	SMC049	0.6154	RACK1-224	FAIL	Jackknife 0.96 ≥ 0.5
RAD17	Excitatory_neuron	7	4	13	8	0.3806	SMC049	0.5714	RAD17-204	FAIL	Direction 0.57 < 0.6
RAD21	Excitatory_neuron	7	7	13	8	0.0623	SMC038	0.8571	RAD21-201	PASS	
RAD23B	Excitatory_neuron	9	6	13	8	0.4264	SMC049	0.8889	transcript182059.chr9.nnic	PASS	
RAD51C	Excitatory_neuron	11	8	13	8	0.4618	SMC049	0.7273	RAD51C-231	PASS	
RADX	Excitatory_neuron	8	5	13	8	0.3194	PO28	0.5	RADX-204	FAIL	Direction 0.50 < 0.6
RAF1	Excitatory_neuron	12	8	13	8	0.9967	SMC036	0.25	RAF1-266	FAIL	Jackknife 1.00 ≥ 0.5; Direction 0.25 < 0.6
RAI14	Excitatory_neuron	8	5	13	8	0.0338	SMC049	0.875	RAI14-201	PASS	
RALBP1	Excitatory_neuron	11	6	13	8	1.5625	SMC049	0.4545	RALBP1-201	FAIL	Jackknife 1.56 ≥ 0.5; Direction 0.45 < 0.6
RALGAPA1	Excitatory_neuron	12	8	13	8	0.1734	PO28	0.75	RALGAPA1-201	PASS	
RALGAPB	Excitatory_neuron	7	5	13	8	0.3666	SMC049	0.5714	RALGAPB-203	FAIL	Direction 0.57 < 0.6
RALGDS	Excitatory_neuron	9	7	13	8	2.5119	SMC049	0.2222	RALGDS-202	FAIL	Jackknife 2.51 ≥ 0.5; Direction 0.22 < 0.6
RALGPS1	Excitatory_neuron	12	6	13	8	0.8136	SMC049	0.8333	transcript207287.chr9.nic	FAIL	Jackknife 0.81 ≥ 0.5
RAN	Excitatory_neuron	12	8	13	8	0.2258	SMC049	0.75	RAN-203	PASS	
RANBP1	Excitatory_neuron	10	8	13	8	0.6787	SMC049	0.9	RANBP1-201	FAIL	Jackknife 0.68 ≥ 0.5
RANBP17	Excitatory_neuron	8	7	13	8	0.3192	PO41	0.5	RANBP17-217	FAIL	Direction 0.50 < 0.6
RANBP2	Excitatory_neuron	13	8	13	8	1.4817	SMC049	0.6923	RANBP2-206	FAIL	Jackknife 1.48 ≥ 0.5
RANGAP1	Excitatory_neuron	11	8	13	8	0.5529	SMC049	0.4545	RANGAP1-201	FAIL	Jackknife 0.55 ≥ 0.5; Direction 0.45 < 0.6
RAP1B	Excitatory_neuron	11	7	13	8	0.0221	SMC038	0.9091	RAP1B-201	PASS	
RAP1GAP	Excitatory_neuron	10	8	13	8	0.457	SMC041	0.5	RAP1GAP-205	FAIL	Direction 0.50 < 0.6
RAP1GDS1	Excitatory_neuron	11	7	13	8	0.7539	SMC049	0.3636	RAP1GDS1-205	FAIL	Jackknife 0.75 ≥ 0.5; Direction 0.36 < 0.6
RAPGEF3	Excitatory_neuron	7	5	13	8	0.3591	PO28	0.8571	RAPGEF3-209	PASS	
RAPGEF4	Excitatory_neuron	10	8	13	8	0.5232	SMC041	0.5	RAPGEF4-201	FAIL	Jackknife 0.52 ≥ 0.5; Direction 0.50 < 0.6
RAPGEF5	Excitatory_neuron	12	6	13	8	0.1506	SMC049	0.75	RAPGEF5-212	PASS	
RAPGEF6	Excitatory_neuron	9	6	13	8	0.2314	PO41	0.6667	RAPGEF6-207	PASS	
RARB	Excitatory_neuron	8	5	13	8	0.3069	PO11	0.625	RARB-209	PASS	
RARS2	Excitatory_neuron	11	8	13	8	0.1273	PO11	0.8182	RARS2-246	PASS	
RASA3	Excitatory_neuron	12	8	13	8	0.2552	SMC041	0.4167	transcript113066.chr13.nic	FAIL	Direction 0.42 < 0.6
RASAL1	Excitatory_neuron	9	7	13	8	1.0493	SMC049	0.1111	RASAL1-203	FAIL	Jackknife 1.05 ≥ 0.5; Direction 0.11 < 0.6
RASAL2	Excitatory_neuron	12	7	13	8	0.5251	SMC038	0.75	RASAL2-201	FAIL	Jackknife 0.53 ≥ 0.5
RASGEF1B	Excitatory_neuron	9	6	13	8	0.0786	PO28	0.8889	RASGEF1B-201	PASS	
RASGRF1	Excitatory_neuron	12	8	13	8	0.7858	SMC038	0.4167	RASGRF1-203	FAIL	Jackknife 0.79 ≥ 0.5; Direction 0.42 < 0.6
RASGRP1	Excitatory_neuron	6	6	13	8	0.478	SMC049	0.5	RASGRP1-207	FAIL	Direction 0.50 < 0.6
RASL10A	Excitatory_neuron	8	6	13	8	0.5063	SMC049	0.875	RASL10A-201	FAIL	Jackknife 0.51 ≥ 0.5
RASSF4	Excitatory_neuron	11	8	13	8	0.2666	SMC038	0.4545	RASSF4-201	FAIL	Direction 0.45 < 0.6
RASSF5	Excitatory_neuron	10	7	13	8	0.1756	SMC032	0.8	RASSF5-201	PASS	
RB1CC1	Excitatory_neuron	11	8	13	8	1.5103	PO41	0.1818	RB1CC1-201	FAIL	Jackknife 1.51 ≥ 0.5; Direction 0.18 < 0.6
RBBP5	Excitatory_neuron	10	8	13	8	0.8297	SMC049	0.2	RBBP5-201	FAIL	Jackknife 0.83 ≥ 0.5; Direction 0.20 < 0.6
RBBP6	Excitatory_neuron	12	7	13	8	0.8231	PO11	0.75	RBBP6-214	FAIL	Jackknife 0.82 ≥ 0.5
RBCK1	Excitatory_neuron	11	8	13	8	0.089	SMC041	0.7273	RBCK1-214	PASS	
RBFA	Excitatory_neuron	8	7	13	8	0.0552	SMC049	1.0	RBFA-205	PASS	
RBFOX1	Excitatory_neuron	11	8	13	8	0.0		1.0	transcript19082.chr16.nic	PASS	
RBFOX2	Excitatory_neuron	12	7	13	8	0.096	SMC049	0.9167	transcript39811.chr22.nnic	PASS	
RBFOX3	Excitatory_neuron	11	7	13	8	0.2167	SMC032	0.9091	transcript134551.chr17.nic	PASS	
RBM10	Excitatory_neuron	10	6	13	8	0.3582	SMC049	0.7	RBM10-206	PASS	
RBM17	Excitatory_neuron	11	7	13	8	0.0735	PO28	1.0	RBM17-201	PASS	
RBM19	Excitatory_neuron	13	8	13	8	0.1648	PO05	0.4615	RBM19-203	FAIL	Direction 0.46 < 0.6
RBM25	Excitatory_neuron	13	8	13	8	0.5512	SMC049	0.3077	RBM25-201	FAIL	Jackknife 0.55 ≥ 0.5; Direction 0.31 < 0.6
RBM26	Excitatory_neuron	11	8	13	8	0.8751	PO42	0.3636	RBM26-207	FAIL	Jackknife 0.88 ≥ 0.5; Direction 0.36 < 0.6
RBM33	Excitatory_neuron	13	8	13	8	0.5768	SMC038	0.3846	transcript240716.chr7.nnic	FAIL	Jackknife 0.58 ≥ 0.5; Direction 0.38 < 0.6
RBM39	Excitatory_neuron	13	8	13	8	0.6597	SMC049	0.5385	RBM39-223	FAIL	Jackknife 0.66 ≥ 0.5; Direction 0.54 < 0.6
RBM4	Excitatory_neuron	12	8	13	8	0.513	SMC049	0.25	RBM4-204	FAIL	Jackknife 0.51 ≥ 0.5; Direction 0.25 < 0.6
RBM41	Excitatory_neuron	9	6	13	8	1.7735	SMC032	0.2222	transcript124496.chrX.nnic	FAIL	Jackknife 1.77 ≥ 0.5; Direction 0.22 < 0.6
RBM42	Excitatory_neuron	9	7	13	8	0.482	SMC049	0.5556	RBM42-203	FAIL	Direction 0.56 < 0.6
RBM48	Excitatory_neuron	13	8	13	8	0.4428	SMC049	0.4615	RBM48-201	FAIL	Direction 0.46 < 0.6
RBM4B	Excitatory_neuron	8	7	13	8	0.597	SMC049	0.625	RBM4B-201	FAIL	Jackknife 0.60 ≥ 0.5
RBM5	Excitatory_neuron	11	7	13	8	0.3473	PO28	0.4545	RBM5-214	FAIL	Direction 0.45 < 0.6
RBM6	Excitatory_neuron	13	8	13	8	0.1752	SMC038	0.6923	RBM6-201	PASS	
RBM8A	Excitatory_neuron	10	8	13	8	0.103	SMC049	1.0	RBM8A-208	PASS	
RBMS1	Excitatory_neuron	11	8	13	8	0.0		1.0	RBMS1-212	PASS	
RBMX	Excitatory_neuron	12	8	13	8	0.164	PO05	0.8333	RBMX-207	PASS	
RBMXL1	Excitatory_neuron	10	7	13	8	0.0241	SMC032	0.9	transcript151884.chr1.nnic	PASS	
RBPJ	Excitatory_neuron	11	8	13	8	0.4798	SMC049	0.6364	RBPJ-250	PASS	
RC3H1	Excitatory_neuron	9	7	13	8	0.1927	SMC049	0.6667	RC3H1-202	PASS	
RCAN1	Excitatory_neuron	9	6	13	8	0.2186	SMC032	0.7778	RCAN1-201	PASS	
RCAN2	Excitatory_neuron	7	8	13	8	0.1121	SMC049	0.8571	transcript64143.chr6.nnic	PASS	
RCBTB2	Excitatory_neuron	6	6	13	8	0.5741	SMC049	0.5	RCBTB2-206	FAIL	Jackknife 0.57 ≥ 0.5; Direction 0.50 < 0.6
RCOR3	Excitatory_neuron	11	8	13	8	1.1156	PO41	0.4545	RCOR3-207	FAIL	Jackknife 1.12 ≥ 0.5; Direction 0.45 < 0.6
RDH13	Excitatory_neuron	9	5	13	8	0.0223	SMC049	0.8889	RDH13-203	PASS	
RDH14	Excitatory_neuron	6	5	13	8	0.0659	SMC049	1.0	transcript20525.chr2.nnic	PASS	
RDX	Excitatory_neuron	11	7	13	8	0.8202	PO41	0.6364	RDX-219	FAIL	Jackknife 0.82 ≥ 0.5
REL	Excitatory_neuron	11	7	13	8	0.1127	SMC038	0.7273	REL-202	PASS	
RELCH	Excitatory_neuron	10	7	13	8	0.9035	PO28	0.3	RELCH-201	FAIL	Jackknife 0.90 ≥ 0.5; Direction 0.30 < 0.6
RELL2	Excitatory_neuron	11	6	13	8	0.5828	SMC049	0.8182	RELL2-202	FAIL	Jackknife 0.58 ≥ 0.5
RELT	Excitatory_neuron	5	6	13	8	0.0222	SMC049	1.0	RELT-201	PASS	
REPS1	Excitatory_neuron	9	8	13	8	0.0293	SMC049	0.8889	REPS1-208	PASS	
REPS2	Excitatory_neuron	6	7	13	8	0.454	SMC041	0.8333	REPS2-202	PASS	
RER1	Excitatory_neuron	11	5	13	8	0.454	PO28	0.4545	RER1-207	FAIL	Direction 0.45 < 0.6
RERE	Excitatory_neuron	11	7	13	8	0.118	SMC049	0.8182	RERE-204	PASS	
RETREG1	Excitatory_neuron	12	7	13	8	0.3055	SMC049	0.5	RETREG1-201	FAIL	Direction 0.50 < 0.6
RETREG3	Excitatory_neuron	5	4	13	8	0.8649	PO41	0.4	RETREG3-208	FAIL	Jackknife 0.86 ≥ 0.5; Direction 0.40 < 0.6
REV1	Excitatory_neuron	13	8	13	8	0.5967	SMC038	0.6923	REV1-202	FAIL	Jackknife 0.60 ≥ 0.5
REX1BD	Excitatory_neuron	12	8	13	8	0.2206	SMC049	0.25	REX1BD-203	FAIL	Direction 0.25 < 0.6
REXO5	Excitatory_neuron	5	6	13	8	0.8719	SMC038	0.4	transcript53013.chr16.nic	FAIL	Jackknife 0.87 ≥ 0.5; Direction 0.40 < 0.6
RFC3	Excitatory_neuron	5	7	13	8	0.2657	SMC049	0.8	transcript20213.chr13.nnic	PASS	
RFX3	Excitatory_neuron	11	7	13	8	0.4405	PO11	0.4545	RFX3-202	FAIL	Direction 0.45 < 0.6
RGL1	Excitatory_neuron	7	7	13	8	0.1484	SMC038	0.8571	RGL1-201	PASS	
RGPD6	Excitatory_neuron	11	7	13	8	0.1333	SMC049	0.8182	RGPD6-207	PASS	
RGS12	Excitatory_neuron	11	8	13	8	0.2732	SMC038	0.6364	RGS12-201	PASS	
RGS14	Excitatory_neuron	11	5	13	8	1.4553	SMC049	0.3636	RGS14-201	FAIL	Jackknife 1.46 ≥ 0.5; Direction 0.36 < 0.6
RGS3	Excitatory_neuron	5	4	13	8	2.4308	SMC049	0.4	RGS3-210	FAIL	Jackknife 2.43 ≥ 0.5; Direction 0.40 < 0.6
RGS6	Excitatory_neuron	9	5	13	8	0.4469	SMC038	0.4444	transcript77987.chr14.nic	FAIL	Direction 0.44 < 0.6
RGS7	Excitatory_neuron	12	8	13	8	0.1506	SMC038	0.6667	RGS7-251	PASS	
RHBDD2	Excitatory_neuron	13	8	13	8	0.4702	SMC041	0.4615	RHBDD2-202	FAIL	Direction 0.46 < 0.6
RHNO1	Excitatory_neuron	8	6	13	8	1.0	SMC038	0.125	RHNO1-209	FAIL	Jackknife 1.00 ≥ 0.5; Direction 0.12 < 0.6
RHOBTB1	Excitatory_neuron	8	7	13	8	0.5294	SMC041	0.5	RHOBTB1-202	FAIL	Jackknife 0.53 ≥ 0.5; Direction 0.50 < 0.6
RHOBTB2	Excitatory_neuron	10	7	13	8	0.6273	SMC041	0.9	RHOBTB2-201	FAIL	Jackknife 0.63 ≥ 0.5
RHOT1	Excitatory_neuron	11	8	13	8	0.1747	SMC038	0.6364	RHOT1-205	PASS	
RHOT2	Excitatory_neuron	12	7	13	8	0.2438	SMC038	0.75	RHOT2-228	PASS	
RIC3	Excitatory_neuron	12	8	13	8	0.6505	SMC049	0.5	RIC3-213	FAIL	Jackknife 0.65 ≥ 0.5; Direction 0.50 < 0.6
RICTOR	Excitatory_neuron	9	7	13	8	0.1384	PO41	0.6667	RICTOR-207	PASS	
RIF1	Excitatory_neuron	9	7	13	8	0.261	SMC049	0.8889	RIF1-201	PASS	
RIMBP2	Excitatory_neuron	11	6	13	8	0.0		1.0	transcript193686.chr12.nnic	PASS	
RIMKLB	Excitatory_neuron	12	8	13	8	1.4341	SMC049	0.5	RIMKLB-202	FAIL	Jackknife 1.43 ≥ 0.5; Direction 0.50 < 0.6
RIMS1	Excitatory_neuron	10	7	13	8	0.1308	PO41	1.0	transcript112295.chr6.nic	PASS	
RIMS2	Excitatory_neuron	12	8	13	8	0.3116	SMC038	0.75	RIMS2-201	PASS	
RIOK3	Excitatory_neuron	10	7	13	8	0.3999	PO41	0.5	RIOK3-205	FAIL	Direction 0.50 < 0.6
RIPK1	Excitatory_neuron	8	8	13	8	0.1004	PO41	1.0	transcript4994.chr6.nic	PASS	
RIPK2	Excitatory_neuron	10	5	13	8	0.2855	SMC029	0.5	RIPK2-204	FAIL	Direction 0.50 < 0.6
RIPK2-DT	Excitatory_neuron	10	8	13	8	0.0258	PO41	1.0	transcript138684.chr8.nnic	PASS	
RITA1	Excitatory_neuron	10	6	13	8	0.3688	SMC038	0.5	RITA1-201	FAIL	Direction 0.50 < 0.6
RLIM	Excitatory_neuron	10	8	13	8	0.2755	SMC032	0.9	RLIM-201	PASS	
RMDN3	Excitatory_neuron	13	6	13	8	0.439	SMC038	0.7692	RMDN3-209	PASS	
RMND1	Excitatory_neuron	12	6	13	8	1.1016	SMC049	0.3333	RMND1-202	FAIL	Jackknife 1.10 ≥ 0.5; Direction 0.33 < 0.6
RMND5B	Excitatory_neuron	8	7	13	8	0.4661	SMC049	0.625	RMND5B-205	PASS	
RNASEH2B	Excitatory_neuron	10	6	13	8	0.176	PO42	0.6	RNASEH2B-208	PASS	
RNASET2	Excitatory_neuron	12	8	13	8	0.0676	PO42	0.75	RNASET2-212	PASS	
RNF10	Excitatory_neuron	12	8	13	8	0.1179	PO28	0.5833	RNF10-203	FAIL	Direction 0.58 < 0.6
RNF111	Excitatory_neuron	11	7	13	8	1.0267	SMC029	0.0909	transcript78392.chr15.nic	FAIL	Jackknife 1.03 ≥ 0.5; Direction 0.09 < 0.6
RNF115	Excitatory_neuron	12	8	13	8	1.7475	SMC049	0.5	RNF115-202	FAIL	Jackknife 1.75 ≥ 0.5; Direction 0.50 < 0.6
RNF121	Excitatory_neuron	7	6	13	8	0.3291	SMC038	0.4286	RNF121-201	FAIL	Direction 0.43 < 0.6
RNF126	Excitatory_neuron	11	7	13	8	0.4041	SMC049	1.0	RNF126-201	PASS	
RNF130	Excitatory_neuron	8	7	13	8	0.1963	SMC049	0.75	RNF130-205	PASS	
RNF144A	Excitatory_neuron	12	7	13	8	0.2269	SMC049	0.6667	transcript10099.chr2.nnic	PASS	
RNF145	Excitatory_neuron	9	7	13	8	1.4018	SMC032	0.7778	RNF145-202	FAIL	Jackknife 1.40 ≥ 0.5
RNF165	Excitatory_neuron	10	8	13	8	0.1991	SMC036	0.8	RNF165-204	PASS	
RNF175	Excitatory_neuron	6	6	13	8	0.0		1.0	transcript190092.chr4.nic	PASS	
RNF180	Excitatory_neuron	11	8	13	8	0.6523	SMC049	0.3636	RNF180-202	FAIL	Jackknife 0.65 ≥ 0.5; Direction 0.36 < 0.6
RNF19A	Excitatory_neuron	11	7	13	8	0.1617	SMC041	0.8182	RNF19A-201	PASS	
RNF213	Excitatory_neuron	11	8	13	8	0.8839	PO42	0.5455	RNF213-207	FAIL	Jackknife 0.88 ≥ 0.5; Direction 0.55 < 0.6
RNF214	Excitatory_neuron	9	7	13	8	0.0988	SMC038	0.6667	RNF214-201	PASS	
RNF24	Excitatory_neuron	10	6	13	8	0.0		1.0	transcript5258.chr20.nnic	PASS	
RNF38	Excitatory_neuron	6	4	13	8	0.1812	PO11	0.8333	RNF38-204	PASS	
RNF4	Excitatory_neuron	9	7	13	8	0.1076	SMC038	1.0	RNF4-201	PASS	
RNF41	Excitatory_neuron	10	7	13	8	1.7576	SMC049	0.2	RNF41-201	FAIL	Jackknife 1.76 ≥ 0.5; Direction 0.20 < 0.6
RNF6	Excitatory_neuron	11	8	13	8	0.8399	SMC049	0.6364	RNF6-201	FAIL	Jackknife 0.84 ≥ 0.5
RNF7	Excitatory_neuron	9	6	13	8	0.4617	SMC049	1.0	RNF7-201	PASS	
RNFT1	Excitatory_neuron	9	6	13	8	1.3498	SMC049	0.4444	RNFT1-202	FAIL	Jackknife 1.35 ≥ 0.5; Direction 0.44 < 0.6
RNH1	Excitatory_neuron	12	7	13	8	0.13	SMC049	0.8333	RNH1-209	PASS	
RNMT	Excitatory_neuron	13	7	13	8	0.212	SMC032	0.8462	RNMT-202	PASS	
RNPC3	Excitatory_neuron	12	8	13	8	3.4627	PO11	0.5833	RNPC3-208	FAIL	Jackknife 3.46 ≥ 0.5; Direction 0.58 < 0.6
RNPEPL1	Excitatory_neuron	11	6	13	8	0.3854	SMC036	0.7273	RNPEPL1-201	PASS	
RNPS1	Excitatory_neuron	13	8	13	8	0.1511	SMC038	0.8462	RNPS1-221	PASS	
ROBO1	Excitatory_neuron	8	6	13	8	0.1888	SMC038	0.75	ROBO1-204	PASS	
ROBO2	Excitatory_neuron	9	6	13	8	0.1228	PO41	1.0	ROBO2-217	PASS	
ROCK1	Excitatory_neuron	12	8	13	8	0.1182	PO05	0.5833	ROCK1-207	FAIL	Direction 0.58 < 0.6
ROGDI	Excitatory_neuron	13	8	13	8	0.3779	SMC043	0.5385	ROGDI-201	FAIL	Direction 0.54 < 0.6
ROS1	Excitatory_neuron	8	7	13	8	0.195	PO41	0.625	ROS1-201	PASS	
RPE	Excitatory_neuron	12	8	13	8	0.0343	SMC049	1.0	transcript368081.chr2.nic	PASS	
RPGR	Excitatory_neuron	10	6	13	8	0.6866	SMC049	0.3	RPGR-213	FAIL	Jackknife 0.69 ≥ 0.5; Direction 0.30 < 0.6
RPGRIP1L	Excitatory_neuron	8	6	13	8	1.1784	PO11	0.125	RPGRIP1L-214	FAIL	Jackknife 1.18 ≥ 0.5; Direction 0.12 < 0.6
RPH3A	Excitatory_neuron	10	7	13	8	0.1805	PO05	0.7	RPH3A-201	PASS	
RPL10A	Excitatory_neuron	10	6	13	8	0.2271	SMC038	0.6	RPL10A-201	PASS	
RPL14	Excitatory_neuron	11	8	13	8	0.7643	SMC038	0.3636	RPL14-208	FAIL	Jackknife 0.76 ≥ 0.5; Direction 0.36 < 0.6
RPL15	Excitatory_neuron	13	8	13	8	0.3881	SMC049	0.4615	RPL15-201	FAIL	Direction 0.46 < 0.6
RPL18	Excitatory_neuron	11	8	13	8	0.4704	SMC049	0.7273	RPL18-212	PASS	
RPL22	Excitatory_neuron	12	8	13	8	1.4571	SMC049	0.5	RPL22-206	FAIL	Jackknife 1.46 ≥ 0.5; Direction 0.50 < 0.6
RPL23	Excitatory_neuron	10	6	13	8	0.6251	SMC038	0.7	RPL23-208	FAIL	Jackknife 0.63 ≥ 0.5
RPL3	Excitatory_neuron	13	8	13	8	0.3578	SMC049	0.5385	RPL3-201	FAIL	Direction 0.54 < 0.6
RPL34	Excitatory_neuron	9	4	13	8	1.0142	SMC049	0.2222	transcript154058.chr4.nnic	FAIL	Jackknife 1.01 ≥ 0.5; Direction 0.22 < 0.6
RPL37A	Excitatory_neuron	11	7	13	8	0.2467	SMC049	0.5455	transcript379681.chr2.nnic	FAIL	Direction 0.55 < 0.6
RPL7	Excitatory_neuron	12	8	13	8	1.0575	PO11	0.0833	transcript120171.chr8.nic	FAIL	Jackknife 1.06 ≥ 0.5; Direction 0.08 < 0.6
RPL7A	Excitatory_neuron	13	8	13	8	0.2406	SMC049	1.0	transcript223134.chr9.nic	PASS	
RPL7L1	Excitatory_neuron	11	7	13	8	0.5408	SMC038	0.4545	RPL7L1-202	FAIL	Jackknife 0.54 ≥ 0.5; Direction 0.45 < 0.6
RPLP0	Excitatory_neuron	13	8	13	8	0.4885	SMC049	0.6923	RPLP0-203	PASS	
RPLP2	Excitatory_neuron	7	5	13	8	0.0		1.0	transcript2147.chr11.nic	PASS	
RPRD2	Excitatory_neuron	12	7	13	8	0.0935	SMC038	1.0	RPRD2-202	PASS	
RPS10	Excitatory_neuron	9	7	13	8	0.3357	PO05	0.4444	transcript45517.chr6.nic	FAIL	Direction 0.44 < 0.6
RPS16	Excitatory_neuron	7	7	13	8	0.2545	SMC038	1.0	RPS16-206	PASS	
RPS24	Excitatory_neuron	12	7	13	8	0.3805	SMC038	0.5	RPS24-217	FAIL	Direction 0.50 < 0.6
RPS3	Excitatory_neuron	12	7	13	8	0.4325	SMC049	0.9167	RPS3-217	PASS	
RPS6KC1	Excitatory_neuron	11	8	13	8	0.2207	PO41	0.6364	RPS6KC1-201	PASS	
RPS6KL1	Excitatory_neuron	11	7	13	8	0.5934	SMC038	0.2727	RPS6KL1-205	FAIL	Jackknife 0.59 ≥ 0.5; Direction 0.27 < 0.6
RPSA2	Excitatory_neuron	7	7	13	8	0.1167	SMC038	0.7143	RPSA2-208	PASS	
RPTOR	Excitatory_neuron	8	7	13	8	0.4186	SMC049	0.625	RPTOR-212	PASS	
RPUSD1	Excitatory_neuron	10	5	13	8	0.2914	SMC049	0.5	RPUSD1-201	FAIL	Direction 0.50 < 0.6
RRP12	Excitatory_neuron	9	4	13	8	0.3112	PO41	0.7778	RRP12-211	PASS	
RRP7BP	Excitatory_neuron	13	8	13	8	0.8517	SMC038	0.6923	RRP7BP-205	FAIL	Jackknife 0.85 ≥ 0.5
RSF1	Excitatory_neuron	12	8	13	8	0.1623	PO11	0.5	RSF1-204	FAIL	Direction 0.50 < 0.6
RSL24D1	Excitatory_neuron	9	6	13	8	0.0		1.0	RSL24D1-208	PASS	
RSPH3	Excitatory_neuron	11	8	13	8	0.1406	PO41	0.9091	transcript213042.chr6.nnic	PASS	
RSPO2	Excitatory_neuron	12	7	13	8	1.3063	SMC049	0.0833	RSPO2-201	FAIL	Jackknife 1.31 ≥ 0.5; Direction 0.08 < 0.6
RSPRY1	Excitatory_neuron	12	6	13	8	0.4198	SMC049	0.5833	RSPRY1-201	FAIL	Direction 0.58 < 0.6
RSRC1	Excitatory_neuron	12	8	13	8	0.4146	PO41	0.6667	RSRC1-212	PASS	
RSRC2	Excitatory_neuron	13	8	13	8	0.1729	SMC049	0.6154	RSRC2-214	PASS	
RSRP1	Excitatory_neuron	13	8	13	8	2.1258	SMC049	0.3077	RSRP1-207	FAIL	Jackknife 2.13 ≥ 0.5; Direction 0.31 < 0.6
RTCA-AS1	Excitatory_neuron	10	8	13	8	0.1293	SMC038	0.7	RTCA-AS1-206	PASS	
RTF2	Excitatory_neuron	13	7	13	8	0.0661	SMC041	0.6923	RTF2-202	PASS	
RTL5	Excitatory_neuron	12	7	13	8	0.5719	SMC038	0.5833	RTL5-202	FAIL	Jackknife 0.57 ≥ 0.5; Direction 0.58 < 0.6
RTN1	Excitatory_neuron	12	8	13	8	2.185	SMC049	0.4167	RTN1-201	FAIL	Jackknife 2.19 ≥ 0.5; Direction 0.42 < 0.6
RTN3	Excitatory_neuron	13	8	13	8	1.0974	SMC049	0.3846	RTN3-205	FAIL	Jackknife 1.10 ≥ 0.5; Direction 0.38 < 0.6
RTN4	Excitatory_neuron	13	8	13	8	0.3948	SMC038	0.3846	RTN4-202	FAIL	Direction 0.38 < 0.6
RTRAF	Excitatory_neuron	12	8	13	8	0.4068	SMC032	0.5833	RTRAF-201	FAIL	Direction 0.58 < 0.6
RUBCN	Excitatory_neuron	12	6	13	8	0.2574	SMC049	0.6667	transcript324042.chr3.nnic	PASS	
RUFY1	Excitatory_neuron	7	5	13	8	0.1747	SMC049	0.5714	RUFY1-202	FAIL	Direction 0.57 < 0.6
RUFY2	Excitatory_neuron	13	8	13	8	0.3586	SMC049	0.6154	RUFY2-205	PASS	
RUNDC3A	Excitatory_neuron	12	8	13	8	0.1025	SMC036	0.4167	RUNDC3A-203	FAIL	Direction 0.42 < 0.6
RUNX1T1	Excitatory_neuron	10	8	13	8	0.6775	PO28	0.4	RUNX1T1-202	FAIL	Jackknife 0.68 ≥ 0.5; Direction 0.40 < 0.6
RUSF1	Excitatory_neuron	10	7	13	8	0.5499	SMC038	0.5	RUSF1-201	FAIL	Jackknife 0.55 ≥ 0.5; Direction 0.50 < 0.6
RUVBL1	Excitatory_neuron	10	7	13	8	1.0947	SMC049	0.6	RUVBL1-201	FAIL	Jackknife 1.09 ≥ 0.5
RWDD1	Excitatory_neuron	11	7	13	8	0.0837	SMC043	0.6364	RWDD1-201	PASS	
RXFP1	Excitatory_neuron	8	7	13	8	0.6244	SMC049	0.625	transcript194267.chr4.nic	FAIL	Jackknife 0.62 ≥ 0.5
RXRB	Excitatory_neuron	11	7	13	8	0.4289	SMC038	0.3636	RXRB-201	FAIL	Direction 0.36 < 0.6
RYR2	Excitatory_neuron	11	8	13	8	0.3052	PO05	0.6364	RYR2-206	PASS	
RYR3	Excitatory_neuron	10	5	13	8	0.3526	PO11	0.5	RYR3-214	FAIL	Direction 0.50 < 0.6
SACM1L	Excitatory_neuron	12	7	13	8	0.3509	SMC032	0.6667	SACM1L-201	PASS	
SACS	Excitatory_neuron	10	8	13	8	0.3917	SMC032	0.7	SACS-210	PASS	
SAE1	Excitatory_neuron	9	8	13	8	0.0806	SMC049	0.6667	SAE1-201	PASS	
SAMD12	Excitatory_neuron	11	8	13	8	0.4599	SMC032	0.7273	SAMD12-201	PASS	
SAMD8	Excitatory_neuron	7	6	13	8	0.1723	SMC032	0.8571	SAMD8-201	PASS	
SAMHD1	Excitatory_neuron	8	7	13	8	0.1667	PO41	0.875	SAMHD1-221	PASS	
SAMM50	Excitatory_neuron	11	6	13	8	0.6236	SMC049	0.9091	SAMM50-203	FAIL	Jackknife 0.62 ≥ 0.5
SANBR	Excitatory_neuron	12	7	13	8	0.408	SMC049	0.25	SANBR-204	FAIL	Direction 0.25 < 0.6
SAP130	Excitatory_neuron	6	6	13	8	0.6656	PO41	0.3333	SAP130-202	FAIL	Jackknife 0.67 ≥ 0.5; Direction 0.33 < 0.6
SAP30BP	Excitatory_neuron	11	7	13	8	0.8077	SMC038	0.3636	SAP30BP-212	FAIL	Jackknife 0.81 ≥ 0.5; Direction 0.36 < 0.6
SAR1B	Excitatory_neuron	11	7	13	8	0.4007	SMC038	0.1818	SAR1B-201	FAIL	Direction 0.18 < 0.6
SARAF	Excitatory_neuron	13	8	13	8	0.1249	SMC038	0.6923	SARAF-203	PASS	
SARS1	Excitatory_neuron	12	8	13	8	1.1681	SMC049	0.3333	SARS1-201	FAIL	Jackknife 1.17 ≥ 0.5; Direction 0.33 < 0.6
SART3	Excitatory_neuron	10	8	13	8	0.0475	SMC049	0.9	SART3-206	PASS	
SASH1	Excitatory_neuron	10	8	13	8	0.6853	SMC038	0.6	SASH1-201	FAIL	Jackknife 0.69 ≥ 0.5
SAT1	Excitatory_neuron	9	7	13	8	0.799	SMC049	0.5556	SAT1-204	FAIL	Jackknife 0.80 ≥ 0.5; Direction 0.56 < 0.6
SAT2	Excitatory_neuron	7	4	13	8	0.8582	SMC049	0.7143	SAT2-214	FAIL	Jackknife 0.86 ≥ 0.5
SATB1	Excitatory_neuron	12	8	13	8	0.6186	PO28	0.4167	SATB1-201	FAIL	Jackknife 0.62 ≥ 0.5; Direction 0.42 < 0.6
SAYSD1	Excitatory_neuron	8	5	13	8	0.1683	SMC049	0.5	SAYSD1-203	FAIL	Direction 0.50 < 0.6
SBDS	Excitatory_neuron	12	7	13	8	0.285	SMC049	0.75	SBDS-201	PASS	
SBF1	Excitatory_neuron	7	7	13	8	0.0		1.0	transcript65006.chr22.nnic	PASS	
SBF2	Excitatory_neuron	12	8	13	8	0.2878	SMC049	0.4167	SBF2-213	FAIL	Direction 0.42 < 0.6
SC5D	Excitatory_neuron	13	8	13	8	0.42	SMC038	0.3077	SC5D-203	FAIL	Direction 0.31 < 0.6
SCAF4	Excitatory_neuron	10	6	13	8	0.3142	SMC041	0.9	SCAF4-201	PASS	
SCAMP4	Excitatory_neuron	9	6	13	8	0.3404	SMC049	1.0	SCAMP4-210	PASS	
SCAP	Excitatory_neuron	11	7	13	8	0.973	SMC039	0.2727	SCAP-206	FAIL	Jackknife 0.97 ≥ 0.5; Direction 0.27 < 0.6
SCAPER	Excitatory_neuron	13	8	13	8	0.4583	SMC049	0.6154	SCAPER-201	PASS	
SCARB1	Excitatory_neuron	5	6	13	8	0.0493	SMC049	1.0	SCARB1-206	PASS	
SCARB2	Excitatory_neuron	12	8	13	8	0.2739	SMC049	0.6667	SCARB2-201	PASS	
SCFD1	Excitatory_neuron	11	8	13	8	0.0		1.0	transcript10098.chr14.nnic	PASS	
SCG5	Excitatory_neuron	12	8	13	8	0.134	SMC041	0.6667	SCG5-202	PASS	
SCMH1	Excitatory_neuron	8	6	13	8	0.9654	SMC032	0.375	transcript73179.chr1.nic	FAIL	Jackknife 0.97 ≥ 0.5; Direction 0.38 < 0.6
SCML1	Excitatory_neuron	12	6	13	8	0.1014	SMC038	0.8333	SCML1-204	PASS	
SCN1A	Excitatory_neuron	13	8	13	8	0.6607	SMC039	0.6154	SCN1A-203	FAIL	Jackknife 0.66 ≥ 0.5
SCN2A	Excitatory_neuron	12	8	13	8	0.3394	SMC038	0.8333	SCN2A-202	PASS	
SCN3A	Excitatory_neuron	12	8	13	8	0.6552	PO28	0.5	SCN3A-208	FAIL	Jackknife 0.66 ≥ 0.5; Direction 0.50 < 0.6
SCN3B	Excitatory_neuron	8	6	13	8	0.1451	PO11	0.625	SCN3B-202	PASS	
SCN8A	Excitatory_neuron	12	8	13	8	0.5737	SMC032	0.4167	SCN8A-216	FAIL	Jackknife 0.57 ≥ 0.5; Direction 0.42 < 0.6
SCN9A	Excitatory_neuron	8	4	13	8	0.4813	PO28	0.625	SCN9A-202	PASS	
SCP2	Excitatory_neuron	10	7	13	8	1.7661	SMC049	0.5	SCP2-210	FAIL	Jackknife 1.77 ≥ 0.5; Direction 0.50 < 0.6
SCRN1	Excitatory_neuron	11	7	13	8	0.0736	SMC038	0.7273	SCRN1-201	PASS	
SCRN3	Excitatory_neuron	8	5	13	8	0.0		1.0	transcript325343.chr2.nnic	PASS	
SCYL2	Excitatory_neuron	10	7	13	8	0.0888	PO11	1.0	SCYL2-211	PASS	
SDAD1	Excitatory_neuron	12	8	13	8	0.3665	SMC049	0.5833	SDAD1-201	FAIL	Direction 0.58 < 0.6
SDCBP	Excitatory_neuron	12	8	13	8	0.6763	SMC049	0.75	SDCBP-201	FAIL	Jackknife 0.68 ≥ 0.5
SDF4	Excitatory_neuron	9	6	13	8	0.4097	SMC049	1.0	SDF4-202	PASS	
SDR39U1	Excitatory_neuron	11	7	13	8	0.5676	SMC049	0.9091	SDR39U1-201	FAIL	Jackknife 0.57 ≥ 0.5
SEC14L1	Excitatory_neuron	11	8	13	8	1.792	SMC049	0.5455	SEC14L1-204	FAIL	Jackknife 1.79 ≥ 0.5; Direction 0.55 < 0.6
SEC14L2	Excitatory_neuron	9	7	13	8	0.6756	SMC049	0.5556	SEC14L2-202	FAIL	Jackknife 0.68 ≥ 0.5; Direction 0.56 < 0.6
SEC16A	Excitatory_neuron	12	7	13	8	0.09	PO11	0.9167	SEC16A-210	PASS	
SEC23A	Excitatory_neuron	12	8	13	8	0.8205	SMC049	0.8333	SEC23A-204	FAIL	Jackknife 0.82 ≥ 0.5
SEC23IP	Excitatory_neuron	10	6	13	8	0.1074	PO42	0.7	SEC23IP-201	PASS	
SEC24B	Excitatory_neuron	12	7	13	8	0.8135	SMC049	0.5	SEC24B-201	FAIL	Jackknife 0.81 ≥ 0.5; Direction 0.50 < 0.6
SEC24D	Excitatory_neuron	9	7	13	8	0.3312	SMC041	0.5556	SEC24D-201	FAIL	Direction 0.56 < 0.6
SEC31A	Excitatory_neuron	11	8	13	8	0.2089	PO28	0.8182	SEC31A-207	PASS	
SEC31B	Excitatory_neuron	9	7	13	8	0.1989	PO28	0.6667	SEC31B-211	PASS	
SEC61A1	Excitatory_neuron	8	7	13	8	0.1971	SMC038	0.625	SEC61A1-208	PASS	
SECISBP2	Excitatory_neuron	12	8	13	8	0.2415	SMC049	0.5	SECISBP2-205	FAIL	Direction 0.50 < 0.6
SECISBP2L	Excitatory_neuron	13	8	13	8	0.3081	PO28	0.6923	SECISBP2L-209	PASS	
SELENOF	Excitatory_neuron	11	7	13	8	0.1438	SMC049	0.9091	transcript150155.chr1.nic	PASS	
SEM1	Excitatory_neuron	9	8	13	8	0.0902	SMC032	0.8889	transcript137953.chr7.nic	PASS	
SEMA3A	Excitatory_neuron	8	7	13	8	0.7089	SMC049	0.375	SEMA3A-201	FAIL	Jackknife 0.71 ≥ 0.5; Direction 0.38 < 0.6
SEMA3B	Excitatory_neuron	12	7	13	8	0.4188	SMC039	0.5833	SEMA3B-213	FAIL	Direction 0.58 < 0.6
SEMA4F	Excitatory_neuron	9	6	13	8	0.8312	SMC049	0.2222	transcript100398.chr2.nnic	FAIL	Jackknife 0.83 ≥ 0.5; Direction 0.22 < 0.6
SEMA6D	Excitatory_neuron	10	8	13	8	1.0175	SMC041	0.5	SEMA6D-206	FAIL	Jackknife 1.02 ≥ 0.5; Direction 0.50 < 0.6
SEMA7A	Excitatory_neuron	7	4	13	8	0.5567	SMC032	0.5714	SEMA7A-201	FAIL	Jackknife 0.56 ≥ 0.5; Direction 0.57 < 0.6
SENP5	Excitatory_neuron	13	8	13	8	0.4559	SMC041	0.7692	SENP5-201	PASS	
SENP7	Excitatory_neuron	11	8	13	8	0.5817	SMC041	0.4545	SENP7-202	FAIL	Jackknife 0.58 ≥ 0.5; Direction 0.45 < 0.6
SEPHS1	Excitatory_neuron	6	4	13	8	0.6731	SMC039	0.3333	transcript31257.chr10.nic	FAIL	Jackknife 0.67 ≥ 0.5; Direction 0.33 < 0.6
SEPTIN2	Excitatory_neuron	11	8	13	8	1.3455	SMC032	0.8182	SEPTIN2-208	FAIL	Jackknife 1.35 ≥ 0.5
SEPTIN4	Excitatory_neuron	12	8	13	8	0.1487	SMC049	0.75	SEPTIN4-208	PASS	
SEPTIN5	Excitatory_neuron	13	8	13	8	0.3891	SMC038	0.6923	SEPTIN5-209	PASS	
SEPTIN7	Excitatory_neuron	13	8	13	8	0.5623	SMC049	0.3846	SEPTIN7-218	FAIL	Jackknife 0.56 ≥ 0.5; Direction 0.38 < 0.6
SEPTIN8	Excitatory_neuron	13	8	13	8	0.0327	PO41	0.7692	SEPTIN8-207	PASS	
SEPTIN9	Excitatory_neuron	9	5	13	8	0.6522	PO28	0.4444	transcript130052.chr17.nic	FAIL	Jackknife 0.65 ≥ 0.5; Direction 0.44 < 0.6
SERGEF	Excitatory_neuron	10	7	13	8	0.4749	SMC032	0.6	transcript26592.chr11.nic	PASS	
SERINC3	Excitatory_neuron	12	8	13	8	0.769	SMC038	0.25	SERINC3-201	FAIL	Jackknife 0.77 ≥ 0.5; Direction 0.25 < 0.6
SERP1	Excitatory_neuron	10	7	13	8	0.417	SMC049	0.6	SERP1-203	PASS	
SERPINB6	Excitatory_neuron	8	6	13	8	1.0505	SMC036	0.25	SERPINB6-205	FAIL	Jackknife 1.05 ≥ 0.5; Direction 0.25 < 0.6
SERPINE2	Excitatory_neuron	12	7	13	8	0.4351	SMC049	0.4167	SERPINE2-201	FAIL	Direction 0.42 < 0.6
SESN1	Excitatory_neuron	12	7	13	8	0.177	SMC038	0.5833	SESN1-202	FAIL	Direction 0.58 < 0.6
SESN3	Excitatory_neuron	10	7	13	8	0.6807	SMC038	0.4	transcript150753.chr11.nnic	FAIL	Jackknife 0.68 ≥ 0.5; Direction 0.40 < 0.6
SESTD1	Excitatory_neuron	13	8	13	8	1.1785	SMC032	0.1538	SESTD1-203	FAIL	Jackknife 1.18 ≥ 0.5; Direction 0.15 < 0.6
SETBP1	Excitatory_neuron	5	7	13	8	1.0377	SMC038	0.2	SETBP1-207	FAIL	Jackknife 1.04 ≥ 0.5; Direction 0.20 < 0.6
SETD2	Excitatory_neuron	13	8	13	8	0.2785	PO11	0.5385	SETD2-202	FAIL	Direction 0.54 < 0.6
SETD3	Excitatory_neuron	11	7	13	8	0.042	PO11	0.9091	SETD3-202	PASS	
SETD4	Excitatory_neuron	7	7	13	8	0.0		1.0	SETD4-201	PASS	
SETD5	Excitatory_neuron	11	8	13	8	0.1324	PO41	0.8182	SETD5-229	PASS	
SETD7	Excitatory_neuron	10	6	13	8	0.416	SMC041	0.6	SETD7-201	PASS	
SETDB1	Excitatory_neuron	8	8	13	8	0.1097	SMC038	0.875	SETDB1-213	PASS	
SETDB2	Excitatory_neuron	10	8	13	8	0.8631	SMC038	0.4	SETDB2-202	FAIL	Jackknife 0.86 ≥ 0.5; Direction 0.40 < 0.6
SEZ6L	Excitatory_neuron	9	6	13	8	0.4233	SMC049	0.7778	SEZ6L-209	PASS	
SF3B1	Excitatory_neuron	13	8	13	8	0.3114	SMC049	0.6923	SF3B1-211	PASS	
SFI1	Excitatory_neuron	10	8	13	8	0.6926	SMC049	0.5	SFI1-203	FAIL	Jackknife 0.69 ≥ 0.5; Direction 0.50 < 0.6
SFPQ	Excitatory_neuron	12	8	13	8	0.2476	PO28	0.75	transcript61327.chr1.nnic	PASS	
SGCE	Excitatory_neuron	9	6	13	8	0.3744	SMC038	0.5556	transcript134384.chr7.nic	FAIL	Direction 0.56 < 0.6
SGIP1	Excitatory_neuron	10	8	13	8	0.1685	SMC038	0.7	SGIP1-231	PASS	
SGK1	Excitatory_neuron	13	8	13	8	0.3869	SMC038	0.7692	SGK1-204	PASS	
SGK3	Excitatory_neuron	8	5	13	8	0.4953	SMC038	0.625	SGK3-208	PASS	
SGMS1	Excitatory_neuron	8	8	13	8	0.1437	SMC038	0.875	transcript102277.chr10.nic	PASS	
SGSM1	Excitatory_neuron	10	6	13	8	0.237	PO28	1.0	SGSM1-201	PASS	
SGSM2	Excitatory_neuron	8	7	13	8	0.1406	PO05	0.875	SGSM2-213	PASS	
SGTA	Excitatory_neuron	11	8	13	8	0.3973	SMC049	0.6364	SGTA-201	PASS	
SH3D19	Excitatory_neuron	8	4	13	8	0.8016	PO41	0.25	SH3D19-202	FAIL	Jackknife 0.80 ≥ 0.5; Direction 0.25 < 0.6
SH3GL3	Excitatory_neuron	11	6	13	8	1.1265	SMC049	0.4545	SH3GL3-202	FAIL	Jackknife 1.13 ≥ 0.5; Direction 0.45 < 0.6
SH3GLB2	Excitatory_neuron	9	7	13	8	0.184	SMC049	0.8889	transcript214426.chr9.nic	PASS	
SH3KBP1	Excitatory_neuron	10	6	13	8	0.3996	SMC049	0.9	SH3KBP1-231	PASS	
SH3YL1	Excitatory_neuron	9	8	13	8	0.3002	SMC039	0.4444	SH3YL1-215	FAIL	Direction 0.44 < 0.6
SHC2	Excitatory_neuron	10	5	13	8	0.3247	SMC049	0.7	SHC2-203	PASS	
SHFL	Excitatory_neuron	13	8	13	8	0.2274	SMC049	0.6154	SHFL-201	PASS	
SHISA5	Excitatory_neuron	13	7	13	8	0.2446	SMC043	0.5385	SHISA5-206	FAIL	Direction 0.54 < 0.6
SHISA9	Excitatory_neuron	8	6	13	8	0.6423	SMC049	0.5	SHISA9-203	FAIL	Jackknife 0.64 ≥ 0.5; Direction 0.50 < 0.6
SHOC2	Excitatory_neuron	12	7	13	8	0.9354	SMC038	0.1667	SHOC2-220	FAIL	Jackknife 0.94 ≥ 0.5; Direction 0.17 < 0.6
SHROOM2	Excitatory_neuron	8	7	13	8	0.5031	SMC049	0.625	SHROOM2-201	FAIL	Jackknife 0.50 ≥ 0.5
SHTN1	Excitatory_neuron	12	8	13	8	0.5224	SMC038	0.75	SHTN1-202	FAIL	Jackknife 0.52 ≥ 0.5
SIAE	Excitatory_neuron	7	5	13	8	0.965	SMC038	0.7143	SIAE-202	FAIL	Jackknife 0.96 ≥ 0.5
SIAH1	Excitatory_neuron	12	8	13	8	2.0998	SMC049	0.5	SIAH1-203	FAIL	Jackknife 2.10 ≥ 0.5; Direction 0.50 < 0.6
SIDT1	Excitatory_neuron	10	6	13	8	0.0995	SMC049	1.0	SIDT1-210	PASS	
SIGMAR1	Excitatory_neuron	10	6	13	8	0.7425	SMC049	0.8	SIGMAR1-201	FAIL	Jackknife 0.74 ≥ 0.5
SILC1	Excitatory_neuron	7	7	13	8	0.1028	PO42	1.0	SILC1-219	PASS	
SIN3A	Excitatory_neuron	8	6	13	8	0.7903	SMC049	0.375	SIN3A-201	FAIL	Jackknife 0.79 ≥ 0.5; Direction 0.38 < 0.6
SIN3B	Excitatory_neuron	10	6	13	8	0.5249	SMC049	0.7	SIN3B-206	FAIL	Jackknife 0.52 ≥ 0.5
SIPA1L1	Excitatory_neuron	12	8	13	8	0.2757	SMC041	0.75	SIPA1L1-202	PASS	
SIRPA	Excitatory_neuron	9	7	13	8	1.0963	SMC049	0.4444	SIRPA-202	FAIL	Jackknife 1.10 ≥ 0.5; Direction 0.44 < 0.6
SIRT2	Excitatory_neuron	13	7	13	8	0.9324	SMC049	0.6154	SIRT2-204	FAIL	Jackknife 0.93 ≥ 0.5
SIRT5	Excitatory_neuron	9	8	13	8	0.0914	PO11	1.0	SIRT5-223	PASS	
SKIC3	Excitatory_neuron	12	8	13	8	0.0051	SMC038	1.0	transcript132064.chr5.nnic	PASS	
SKIL	Excitatory_neuron	9	7	13	8	1.0945	PO42	0.1111	SKIL-204	FAIL	Jackknife 1.09 ≥ 0.5; Direction 0.11 < 0.6
SKP1	Excitatory_neuron	12	7	13	8	0.7808	SMC049	0.0833	SKP1-202	FAIL	Jackknife 0.78 ≥ 0.5; Direction 0.08 < 0.6
SKP2	Excitatory_neuron	9	7	13	8	0.3554	SMC049	0.3333	SKP2-202	FAIL	Direction 0.33 < 0.6
SLAIN1	Excitatory_neuron	10	3	13	8					INSUFFICIENT_DATA	reads 있는 도너 부족: AD=10/5, CT=3/4
SLAIN2	Excitatory_neuron	11	7	13	8	0.2939	PO11	0.7273	SLAIN2-205	PASS	
SLC11A2	Excitatory_neuron	11	6	13	8	0.2653	SMC032	0.7273	SLC11A2-201	PASS	
SLC12A2	Excitatory_neuron	9	7	13	8	0.0		1.0	SLC12A2-202	PASS	
SLC12A5	Excitatory_neuron	11	7	13	8	0.785	SMC038	0.6364	SLC12A5-201	FAIL	Jackknife 0.79 ≥ 0.5
SLC16A1	Excitatory_neuron	10	6	13	8	0.0		1.0	SLC16A1-207	PASS	
SLC17A5	Excitatory_neuron	8	7	13	8	1.3266	SMC049	0.5	SLC17A5-201	FAIL	Jackknife 1.33 ≥ 0.5; Direction 0.50 < 0.6
SLC1A2	Excitatory_neuron	12	8	13	8	0.1951	SMC049	0.6667	SLC1A2-201	PASS	
SLC1A3	Excitatory_neuron	13	8	13	8	0.4664	SMC041	0.4615	SLC1A3-253	FAIL	Direction 0.46 < 0.6
SLC1A4	Excitatory_neuron	4	6	13	8					INSUFFICIENT_DATA	reads 있는 도너 부족: AD=4/5, CT=6/4
SLC1A6	Excitatory_neuron	5	5	13	8	0.1265	SMC038	1.0	SLC1A6-204	PASS	
SLC22A15	Excitatory_neuron	7	7	13	8	0.2698	PO28	0.8571	SLC22A15-202	PASS	
SLC24A2	Excitatory_neuron	12	8	13	8	0.2717	SMC041	0.4167	SLC24A2-202	FAIL	Direction 0.42 < 0.6
SLC24A4	Excitatory_neuron	10	7	13	8	0.277	PO28	0.8	SLC24A4-203	PASS	
SLC25A22	Excitatory_neuron	8	7	13	8	0.5552	SMC038	0.875	SLC25A22-228	FAIL	Jackknife 0.56 ≥ 0.5
SLC25A26	Excitatory_neuron	10	8	13	8	0.9186	PO28	0.5	SLC25A26-217	FAIL	Jackknife 0.92 ≥ 0.5; Direction 0.50 < 0.6
SLC25A29	Excitatory_neuron	9	7	13	8	0.2355	SMC049	0.7778	SLC25A29-201	PASS	
SLC25A3	Excitatory_neuron	13	7	13	8	0.4132	SMC032	0.5385	SLC25A3-216	FAIL	Direction 0.54 < 0.6
SLC25A36	Excitatory_neuron	9	8	13	8	0.3084	PO28	0.5556	SLC25A36-201	FAIL	Direction 0.56 < 0.6
SLC25A37	Excitatory_neuron	12	7	13	8	0.2061	PO11	0.5	SLC25A37-204	FAIL	Direction 0.50 < 0.6
SLC25A40	Excitatory_neuron	11	5	13	8	0.3253	SMC032	0.3636	SLC25A40-201	FAIL	Direction 0.36 < 0.6
SLC25A44	Excitatory_neuron	8	5	13	8	0.1918	SMC038	0.75	SLC25A44-202	PASS	
SLC25A46	Excitatory_neuron	10	8	13	8	2.1705	SMC049	0.5	SLC25A46-201	FAIL	Jackknife 2.17 ≥ 0.5; Direction 0.50 < 0.6
SLC26A11	Excitatory_neuron	10	6	13	8	0.5328	SMC038	0.7	SLC26A11-201	FAIL	Jackknife 0.53 ≥ 0.5
SLC27A2	Excitatory_neuron	6	6	13	8	0.7051	SMC049	0.3333	SLC27A2-201	FAIL	Jackknife 0.71 ≥ 0.5; Direction 0.33 < 0.6
SLC27A3	Excitatory_neuron	6	6	13	8	0.3105	SMC049	0.8333	SLC27A3-201	PASS	
SLC29A3	Excitatory_neuron	6	7	13	8	0.5279	SMC049	0.5	SLC29A3-201	FAIL	Jackknife 0.53 ≥ 0.5; Direction 0.50 < 0.6
SLC2A1	Excitatory_neuron	7	5	13	8	0.5532	PO28	0.7143	SLC2A1-203	FAIL	Jackknife 0.55 ≥ 0.5
SLC2A11	Excitatory_neuron	12	8	13	8	0.2491	PO28	0.75	SLC2A11-202	PASS	
SLC33A1	Excitatory_neuron	10	5	13	8	0.2986	SMC032	0.7	SLC33A1-207	PASS	
SLC35A3	Excitatory_neuron	6	5	13	8	0.1964	SMC049	0.8333	SLC35A3-207	PASS	
SLC35A4	Excitatory_neuron	10	5	13	8	0.5114	PO41	0.8	SLC35A4-201	FAIL	Jackknife 0.51 ≥ 0.5
SLC35E2B	Excitatory_neuron	11	8	13	8	0.4072	PO28	0.7273	SLC35E2B-203	PASS	
SLC35E3	Excitatory_neuron	11	7	13	8	0.2612	SMC038	0.7273	SLC35E3-202	PASS	
SLC35F3	Excitatory_neuron	12	8	13	8	0.4578	SMC049	0.5833	transcript339814.chr1.nic	FAIL	Direction 0.58 < 0.6
SLC35F5	Excitatory_neuron	12	7	13	8	0.1655	SMC032	0.6667	SLC35F5-201	PASS	
SLC36A1	Excitatory_neuron	8	7	13	8	0.1367	SMC049	0.375	SLC36A1-209	FAIL	Direction 0.38 < 0.6
SLC37A1	Excitatory_neuron	11	8	13	8	0.5201	SMC041	0.1818	SLC37A1-202	FAIL	Jackknife 0.52 ≥ 0.5; Direction 0.18 < 0.6
SLC37A3	Excitatory_neuron	6	6	13	8	0.7697	SMC049	0.6667	SLC37A3-201	FAIL	Jackknife 0.77 ≥ 0.5
SLC38A1	Excitatory_neuron	12	7	13	8	0.1643	PO11	0.5	SLC38A1-201	FAIL	Direction 0.50 < 0.6
SLC38A2	Excitatory_neuron	11	8	13	8	0.6721	SMC032	0.4545	SLC38A2-208	FAIL	Jackknife 0.67 ≥ 0.5; Direction 0.45 < 0.6
SLC38A6	Excitatory_neuron	6	7	13	8	1.3814	PO28	0.3333	transcript56230.chr14.nic	FAIL	Jackknife 1.38 ≥ 0.5; Direction 0.33 < 0.6
SLC39A1	Excitatory_neuron	11	7	13	8	1.1354	SMC038	0.3636	SLC39A1-204	FAIL	Jackknife 1.14 ≥ 0.5; Direction 0.36 < 0.6
SLC39A10	Excitatory_neuron	12	8	13	8	0.1611	SMC032	0.75	SLC39A10-205	PASS	
SLC39A14	Excitatory_neuron	9	7	13	8	1.575	SMC049	0.6667	SLC39A14-204	FAIL	Jackknife 1.57 ≥ 0.5
SLC39A3	Excitatory_neuron	10	7	13	8	0.4517	SMC049	0.9	SLC39A3-201	PASS	
SLC39A6	Excitatory_neuron	11	7	13	8	4.0599	SMC049	0.4545	SLC39A6-201	FAIL	Jackknife 4.06 ≥ 0.5; Direction 0.45 < 0.6
SLC39A8	Excitatory_neuron	2	2	13	8					INSUFFICIENT_DATA	reads 있는 도너 부족: AD=2/5, CT=2/4
SLC39A9	Excitatory_neuron	8	5	13	8	0.3514	SMC032	0.5	SLC39A9-202	FAIL	Direction 0.50 < 0.6
SLC3A2	Excitatory_neuron	10	7	13	8	0.178	SMC049	0.8	SLC3A2-201	PASS	
SLC44A1	Excitatory_neuron	11	7	13	8	0.4916	SMC029	0.2727	SLC44A1-201	FAIL	Direction 0.27 < 0.6
SLC46A1	Excitatory_neuron	9	8	13	8	0.1972	PO41	0.4444	SLC46A1-207	FAIL	Direction 0.44 < 0.6
SLC49A4	Excitatory_neuron	8	7	13	8	0.4493	SMC049	0.625	SLC49A4-201	PASS	
SLC4A10	Excitatory_neuron	12	8	13	8	0.9699	SMC049	0.3333	transcript307272.chr2.nnic	FAIL	Jackknife 0.97 ≥ 0.5; Direction 0.33 < 0.6
SLC4A8	Excitatory_neuron	12	8	13	8	1.4039	PO11	0.5	SLC4A8-203	FAIL	Jackknife 1.40 ≥ 0.5; Direction 0.50 < 0.6
SLC50A1	Excitatory_neuron	4	5	13	8					INSUFFICIENT_DATA	reads 있는 도너 부족: AD=4/5, CT=5/4
SLC5A6	Excitatory_neuron	8	7	13	8	0.3046	SMC032	0.5	SLC5A6-201	FAIL	Direction 0.50 < 0.6
SLC5A8	Excitatory_neuron	6	6	13	8	0.4632	PO11	0.6667	transcript144235.chr12.nnic	PASS	
SLC6A1	Excitatory_neuron	11	7	13	8	0.0184	SMC041	1.0	SLC6A1-201	PASS	
SLC6A11	Excitatory_neuron	8	5	13	8	0.0		1.0	transcript18724.chr3.nnic	PASS	
SLC6A15	Excitatory_neuron	12	6	13	8	1.2205	SMC032	0.5	SLC6A15-201	FAIL	Jackknife 1.22 ≥ 0.5; Direction 0.50 < 0.6
SLC6A6	Excitatory_neuron	9	8	13	8	0.168	SMC038	0.5556	SLC6A6-207	FAIL	Direction 0.56 < 0.6
SLC6A7	Excitatory_neuron	9	7	13	8	0.869	SMC041	0.2222	transcript206301.chr5.nnic	FAIL	Jackknife 0.87 ≥ 0.5; Direction 0.22 < 0.6
SLC8A1	Excitatory_neuron	11	8	13	8	0.0304	PO41	0.8182	SLC8A1-202	PASS	
SLC9A3-AS1	Excitatory_neuron	12	7	13	8	0.158	SMC049	0.9167	transcript147.chr5.nnic	PASS	
SLC9A5	Excitatory_neuron	8	4	13	8	1.1262	SMC036	0.375	transcript103199.chr16.nnic	FAIL	Jackknife 1.13 ≥ 0.5; Direction 0.38 < 0.6
SLC9A6	Excitatory_neuron	9	5	13	8	1.0688	SMC049	0.1111	SLC9A6-210	FAIL	Jackknife 1.07 ≥ 0.5; Direction 0.11 < 0.6
SLCO4A1	Excitatory_neuron	6	6	13	8	0.2769	PO28	0.6667	SLCO4A1-201	PASS	
SLF2	Excitatory_neuron	13	8	13	8	1.761	PO41	0.1538	SLF2-206	FAIL	Jackknife 1.76 ≥ 0.5; Direction 0.15 < 0.6
SLIT2	Excitatory_neuron	10	7	13	8	0.3829	SMC049	0.7	SLIT2-204	PASS	
SLIT3	Excitatory_neuron	12	8	13	8	1.0021	SMC038	0.1667	transcript228426.chr5.nic	FAIL	Jackknife 1.00 ≥ 0.5; Direction 0.17 < 0.6
SLITRK2	Excitatory_neuron	12	7	13	8	0.2436	SMC032	0.5833	SLITRK2-201	FAIL	Direction 0.58 < 0.6
SLITRK4	Excitatory_neuron	11	8	13	8	0.3882	SMC038	0.6364	SLITRK4-202	PASS	
SLMAP	Excitatory_neuron	8	5	13	8	0.0626	PO28	1.0	SLMAP-229	PASS	
SLTM	Excitatory_neuron	13	8	13	8	0.055	PO41	0.9231	transcript76883.chr15.nic	PASS	
SMAD1	Excitatory_neuron	11	7	13	8	0.3418	SMC049	0.5455	transcript181924.chr4.nic	FAIL	Direction 0.55 < 0.6
SMAD2	Excitatory_neuron	10	7	13	8	0.3797	PO28	0.6	SMAD2-203	PASS	
SMAD4	Excitatory_neuron	8	4	13	8	0.1065	SMC032	0.875	SMAD4-212	PASS	
SMARCA1	Excitatory_neuron	13	8	13	8	0.2072	SMC038	0.8462	SMARCA1-203	PASS	
SMARCA4	Excitatory_neuron	11	7	13	8	0.1955	SMC041	0.5455	SMARCA4-201	FAIL	Direction 0.55 < 0.6
SMARCAD1	Excitatory_neuron	12	8	13	8	0.059	PO05	0.8333	transcript139310.chr4.nic	PASS	
SMARCAL1	Excitatory_neuron	9	7	13	8	0.1076	SMC032	0.6667	SMARCAL1-202	PASS	
SMARCD2	Excitatory_neuron	10	5	13	8	0.8629	SMC041	0.3	SMARCD2-213	FAIL	Jackknife 0.86 ≥ 0.5; Direction 0.30 < 0.6
SMARCE1	Excitatory_neuron	12	8	13	8	0.225	SMC038	0.5833	SMARCE1-250	FAIL	Direction 0.58 < 0.6
SMC1A	Excitatory_neuron	13	8	13	8	0.1186	SMC049	0.7692	SMC1A-202	PASS	
SMC2	Excitatory_neuron	10	8	13	8	0.3607	PO11	0.5	SMC2-203	FAIL	Direction 0.50 < 0.6
SMC3	Excitatory_neuron	12	8	13	8	0.2617	PO28	0.4167	SMC3-201	FAIL	Direction 0.42 < 0.6
SMC6	Excitatory_neuron	9	7	13	8	0.4591	SMC049	0.6667	SMC6-201	PASS	
SMG1	Excitatory_neuron	13	8	13	8	0.385	SMC036	0.4615	SMG1-207	FAIL	Direction 0.46 < 0.6
SMG7	Excitatory_neuron	9	6	13	8	0.2541	PO11	0.7778	SMG7-212	PASS	
SMG8	Excitatory_neuron	8	5	13	8	0.5909	PO28	0.75	SMG8-202	FAIL	Jackknife 0.59 ≥ 0.5
SMIM12	Excitatory_neuron	10	7	13	8	0.2186	PO28	0.8	transcript62157.chr1.nnic	PASS	
SMIM13	Excitatory_neuron	4	6	13	8					INSUFFICIENT_DATA	reads 있는 도너 부족: AD=4/5, CT=6/4
SMIM7	Excitatory_neuron	11	7	13	8	0.2988	SMC049	0.7273	SMIM7-208	PASS	
SMPD4	Excitatory_neuron	7	6	13	8	0.5586	SMC038	0.2857	SMPD4-219	FAIL	Jackknife 0.56 ≥ 0.5; Direction 0.29 < 0.6
SMUG1	Excitatory_neuron	9	5	13	8	0.5627	SMC049	0.5556	SMUG1-202	FAIL	Jackknife 0.56 ≥ 0.5; Direction 0.56 < 0.6
SMYD2	Excitatory_neuron	7	7	13	8	0.8903	SMC049	0.5714	SMYD2-201	FAIL	Jackknife 0.89 ≥ 0.5; Direction 0.57 < 0.6
SMYD4	Excitatory_neuron	11	7	13	8	0.3697	SMC038	0.5455	SMYD4-203	FAIL	Direction 0.55 < 0.6
SNAI3-AS1	Excitatory_neuron	9	5	13	8	0.9429	SMC039	0.2222	transcript137602.chr16.nic	FAIL	Jackknife 0.94 ≥ 0.5; Direction 0.22 < 0.6
SNAP25	Excitatory_neuron	13	8	13	8	1.09	SMC049	0.2308	SNAP25-201	FAIL	Jackknife 1.09 ≥ 0.5; Direction 0.23 < 0.6
SNAP25-AS1	Excitatory_neuron	6	6	13	8	1.0	SMC032	0.1667	SNAP25-AS1-217	FAIL	Jackknife 1.00 ≥ 0.5; Direction 0.17 < 0.6
SNAP47	Excitatory_neuron	11	7	13	8	1.5991	SMC049	0.4545	SNAP47-222	FAIL	Jackknife 1.60 ≥ 0.5; Direction 0.45 < 0.6
SNAP91	Excitatory_neuron	9	7	13	8	1.2105	SMC049	0.4444	SNAP91-205	FAIL	Jackknife 1.21 ≥ 0.5; Direction 0.44 < 0.6
SNAPC1	Excitatory_neuron	8	7	13	8	0.1227	SMC038	0.875	SNAPC1-201	PASS	
SNAPC3	Excitatory_neuron	11	6	13	8	0.7435	SMC049	0.4545	SNAPC3-206	FAIL	Jackknife 0.74 ≥ 0.5; Direction 0.45 < 0.6
SNHG10	Excitatory_neuron	12	7	13	8	0.3637	SMC049	0.9167	transcript111459.chr14.nnic	PASS	
SNHG14	Excitatory_neuron	13	8	13	8	0.105	PO28	0.8462	SNHG14-208	PASS	
SNHG15	Excitatory_neuron	9	5	13	8	0.7814	SMC049	0.2222	SNHG15-214	FAIL	Jackknife 0.78 ≥ 0.5; Direction 0.22 < 0.6
SNHG28	Excitatory_neuron	10	7	13	8	0.2384	SMC038	0.7	SNHG28-219	PASS	
SNHG29	Excitatory_neuron	12	7	13	8	1.1259	SMC049	0.0833	SNHG29-232	FAIL	Jackknife 1.13 ≥ 0.5; Direction 0.08 < 0.6
SNHG5	Excitatory_neuron	12	8	13	8	0.3509	PO41	0.5833	SNHG5-235	FAIL	Direction 0.58 < 0.6
SNHG7	Excitatory_neuron	9	5	13	8	1.0	SMC049	0.2222	SNHG7-205	FAIL	Jackknife 1.00 ≥ 0.5; Direction 0.22 < 0.6
SNIP1	Excitatory_neuron	11	7	13	8	0.979	SMC049	0.3636	SNIP1-204	FAIL	Jackknife 0.98 ≥ 0.5; Direction 0.36 < 0.6
SNPH	Excitatory_neuron	6	6	13	8	0.881	SMC041	0.5	SNPH-201	FAIL	Jackknife 0.88 ≥ 0.5; Direction 0.50 < 0.6
SNRK	Excitatory_neuron	7	6	13	8	0.4118	SMC038	0.7143	SNRK-204	PASS	
SNRNP200	Excitatory_neuron	12	8	13	8	0.6805	SMC041	0.5833	SNRNP200-201	FAIL	Jackknife 0.68 ≥ 0.5; Direction 0.58 < 0.6
SNRNP70	Excitatory_neuron	13	8	13	8	0.2516	SMC038	0.4615	SNRNP70-206	FAIL	Direction 0.46 < 0.6
SNRPA	Excitatory_neuron	10	8	13	8	0.334	SMC049	0.9	transcript112270.chr19.nic	PASS	
SNRPB	Excitatory_neuron	10	7	13	8	0.1308	SMC049	0.7	SNRPB-201	PASS	
SNTG1	Excitatory_neuron	10	7	13	8	1.0	PO41	0.1	SNTG1-215	FAIL	Jackknife 1.00 ≥ 0.5; Direction 0.10 < 0.6
SNW1	Excitatory_neuron	13	8	13	8	0.4084	PO11	0.3077	transcript86069.chr14.nnic	FAIL	Direction 0.31 < 0.6
SNX13	Excitatory_neuron	13	8	13	8	0.8849	SMC049	0.3846	SNX13-203	FAIL	Jackknife 0.88 ≥ 0.5; Direction 0.38 < 0.6
SNX14	Excitatory_neuron	10	7	13	8	0.0589	PO05	0.9	SNX14-245	PASS	
SNX16	Excitatory_neuron	8	7	13	8	0.8812	SMC049	0.625	transcript127660.chr8.nic	FAIL	Jackknife 0.88 ≥ 0.5
SNX17	Excitatory_neuron	11	7	13	8	0.1859	SMC038	0.0	SNX17-201	FAIL	Direction 0.00 < 0.6
SNX19	Excitatory_neuron	12	8	13	8	0.8751	SMC038	0.4167	transcript200475.chr11.nnic	FAIL	Jackknife 0.88 ≥ 0.5; Direction 0.42 < 0.6
SNX21	Excitatory_neuron	10	7	13	8	0.5341	SMC049	0.6	SNX21-202	FAIL	Jackknife 0.53 ≥ 0.5
SNX27	Excitatory_neuron	11	8	13	8	0.2531	SMC049	0.6364	SNX27-203	PASS	
SNX5	Excitatory_neuron	12	8	13	8	0.5429	SMC049	0.4167	SNX5-201	FAIL	Jackknife 0.54 ≥ 0.5; Direction 0.42 < 0.6
SNX9	Excitatory_neuron	10	8	13	8	0.1453	SMC049	0.6	SNX9-216	PASS	
SOBP	Excitatory_neuron	12	8	13	8	0.399	SMC049	0.5	transcript150492.chr6.nnic	FAIL	Direction 0.50 < 0.6
SOCS4	Excitatory_neuron	12	7	13	8	0.4618	PO28	0.5	SOCS4-202	FAIL	Direction 0.50 < 0.6
SOGA3	Excitatory_neuron	12	8	13	8	0.2459	SMC049	0.6667	SOGA3-203	PASS	
SON	Excitatory_neuron	11	7	13	8	0.2549	PO28	0.3636	SON-202	FAIL	Direction 0.36 < 0.6
SORBS1	Excitatory_neuron	13	8	13	8	0.1216	PO05	0.7692	SORBS1-219	PASS	
SORBS2	Excitatory_neuron	11	8	13	8	0.4507	PO05	0.7273	SORBS2-269	PASS	
SORCS1	Excitatory_neuron	11	8	13	8	0.5602	SMC041	0.3636	SORCS1-201	FAIL	Jackknife 0.56 ≥ 0.5; Direction 0.36 < 0.6
SORT1	Excitatory_neuron	9	7	13	8	0.3537	SMC049	0.8889	SORT1-201	PASS	
SOX2-OT	Excitatory_neuron	12	8	13	8	0.3619	SMC038	0.5833	SOX2-OT-225	FAIL	Direction 0.58 < 0.6
SOX5	Excitatory_neuron	9	6	13	8	0.0778	PO28	0.7778	SOX5-213	PASS	
SPAG16	Excitatory_neuron	10	8	13	8	0.1079	SMC038	0.7	transcript376750.chr2.nnic	PASS	
SPART	Excitatory_neuron	13	7	13	8	0.2613	SMC049	0.4615	SPART-202	FAIL	Direction 0.46 < 0.6
SPATA13	Excitatory_neuron	7	7	13	8	0.1194	SMC039	0.8571	SPATA13-203	PASS	
SPATA20	Excitatory_neuron	11	8	13	8	0.2185	SMC041	0.6364	SPATA20-205	PASS	
SPATA33	Excitatory_neuron	8	8	13	8	0.2778	SMC049	0.875	SPATA33-201	PASS	
SPATA5L1	Excitatory_neuron	7	5	13	8	0.8035	SMC049	0.2857	SPATA5L1-204	FAIL	Jackknife 0.80 ≥ 0.5; Direction 0.29 < 0.6
SPATA7	Excitatory_neuron	11	8	13	8	1.2314	SMC049	0.3636	SPATA7-203	FAIL	Jackknife 1.23 ≥ 0.5; Direction 0.36 < 0.6
SPATC1L	Excitatory_neuron	12	7	13	8	0.2992	SMC049	0.6667	transcript48560.chr21.nic	PASS	
SPATS2	Excitatory_neuron	9	8	13	8	0.0281	SMC049	1.0	SPATS2-201	PASS	
SPATS2L	Excitatory_neuron	12	7	13	8	0.0984	SMC049	0.6667	SPATS2L-204	PASS	
SPCS3	Excitatory_neuron	12	8	13	8	0.1357	SMC049	1.0	SPCS3-203	PASS	
SPDL1	Excitatory_neuron	10	7	13	8	0.0		1.0	SPDL1-206	PASS	
SPECC1	Excitatory_neuron	13	8	13	8	0.3839	SMC049	0.6154	SPECC1-231	PASS	
SPECC1L	Excitatory_neuron	13	8	13	8	0.338	SMC039	0.6154	SPECC1L-201	PASS	
SPEF1	Excitatory_neuron	5	5	13	8	0.0804	SMC049	1.0	SPEF1-201	PASS	
SPEF2	Excitatory_neuron	9	7	13	8	0.4222	PO41	0.8889	SPEF2-216	PASS	
SPEN	Excitatory_neuron	12	8	13	8	0.3892	PO28	0.5833	SPEN-201	FAIL	Direction 0.58 < 0.6
SPG11	Excitatory_neuron	10	8	13	8	0.2632	PO41	0.5	SPG11-241	FAIL	Direction 0.50 < 0.6
SPG7	Excitatory_neuron	13	8	13	8	0.3255	SMC038	0.6923	SPG7-268	PASS	
SPHKAP	Excitatory_neuron	9	6	13	8	0.5214	PO42	0.7778	SPHKAP-201	FAIL	Jackknife 0.52 ≥ 0.5
SPICE1	Excitatory_neuron	9	8	13	8	0.0342	PO41	1.0	SPICE1-201	PASS	
SPIDR	Excitatory_neuron	11	8	13	8	0.4259	SMC032	0.5455	SPIDR-225	FAIL	Direction 0.55 < 0.6
SPIN3	Excitatory_neuron	12	7	13	8	0.2201	PO41	0.6667	SPIN3-201	PASS	
SPNS1	Excitatory_neuron	8	7	13	8	0.3583	SMC049	0.875	SPNS1-212	PASS	
SPOCK2	Excitatory_neuron	6	6	13	8	0.6304	SMC041	0.8333	transcript128892.chr10.nnic	FAIL	Jackknife 0.63 ≥ 0.5
SPOCK3	Excitatory_neuron	12	7	13	8	1.4376	SMC049	0.5833	SPOCK3-201	FAIL	Jackknife 1.44 ≥ 0.5; Direction 0.58 < 0.6
SPON1	Excitatory_neuron	8	7	13	8	0.1144	PO28	0.875	transcript21666.chr11.nic	PASS	
SPOP	Excitatory_neuron	12	7	13	8	0.5059	SMC049	0.3333	SPOP-206	FAIL	Jackknife 0.51 ≥ 0.5; Direction 0.33 < 0.6
SPP1	Excitatory_neuron	11	8	13	8	0.5643	SMC036	0.6364	SPP1-203	FAIL	Jackknife 0.56 ≥ 0.5
SPPL2A	Excitatory_neuron	8	7	13	8	0.3549	SMC049	0.875	SPPL2A-201	PASS	
SPSB3	Excitatory_neuron	12	8	13	8	0.2502	SMC049	0.3333	SPSB3-209	FAIL	Direction 0.33 < 0.6
SPTAN1	Excitatory_neuron	13	8	13	8	0.6376	PO05	0.4615	SPTAN1-228	FAIL	Jackknife 0.64 ≥ 0.5; Direction 0.46 < 0.6
SPTBN1	Excitatory_neuron	13	8	13	8	1.9227	PO28	0.3846	SPTBN1-202	FAIL	Jackknife 1.92 ≥ 0.5; Direction 0.38 < 0.6
SPTBN4	Excitatory_neuron	13	8	13	8	1.0167	SMC049	0.5385	transcript110943.chr19.nnic	FAIL	Jackknife 1.02 ≥ 0.5; Direction 0.54 < 0.6
SPTY2D1	Excitatory_neuron	12	8	13	8	0.5252	SMC049	0.4167	SPTY2D1-201	FAIL	Jackknife 0.53 ≥ 0.5; Direction 0.42 < 0.6
SQSTM1	Excitatory_neuron	12	8	13	8	0.711	SMC049	0.4167	SQSTM1-201	FAIL	Jackknife 0.71 ≥ 0.5; Direction 0.42 < 0.6
SRCAP	Excitatory_neuron	12	8	13	8	0.5013	SMC038	0.3333	SRCAP-202	FAIL	Jackknife 0.50 ≥ 0.5; Direction 0.33 < 0.6
SREBF2	Excitatory_neuron	9	7	13	8	0.0		1.0	SREBF2-209	PASS	
SREK1	Excitatory_neuron	12	8	13	8	0.42	SMC049	0.4167	SREK1-212	FAIL	Direction 0.42 < 0.6
SRGAP2	Excitatory_neuron	11	8	13	8	0.5218	SMC049	0.4545	SRGAP2-215	FAIL	Jackknife 0.52 ≥ 0.5; Direction 0.45 < 0.6
SRGAP3	Excitatory_neuron	13	8	13	8	0.6563	SMC038	0.6154	SRGAP3-202	FAIL	Jackknife 0.66 ≥ 0.5
SRP19	Excitatory_neuron	9	5	13	8	0.0735	SMC049	0.8889	SRP19-208	PASS	
SRPK2	Excitatory_neuron	13	8	13	8	0.3706	SMC049	0.4615	SRPK2-211	FAIL	Direction 0.46 < 0.6
SRRM1	Excitatory_neuron	13	8	13	8	0.4814	SMC032	0.4615	SRRM1-204	FAIL	Direction 0.46 < 0.6
SRRM2	Excitatory_neuron	13	8	13	8	0.7374	SMC049	0.5385	SRRM2-226	FAIL	Jackknife 0.74 ≥ 0.5; Direction 0.54 < 0.6
SRRM4	Excitatory_neuron	12	8	13	8	1.0352	PO42	0.25	SRRM4-201	FAIL	Jackknife 1.04 ≥ 0.5; Direction 0.25 < 0.6
SRRT	Excitatory_neuron	9	7	13	8	0.7286	SMC038	0.5556	SRRT-216	FAIL	Jackknife 0.73 ≥ 0.5; Direction 0.56 < 0.6
SRSF10	Excitatory_neuron	11	8	13	8	0.2044	SMC038	0.7273	SRSF10-202	PASS	
SRSF11	Excitatory_neuron	13	8	13	8	1.0667	SMC049	0.6154	SRSF11-214	FAIL	Jackknife 1.07 ≥ 0.5
SRSF2	Excitatory_neuron	13	8	13	8	1.159	SMC049	0.3077	SRSF2-203	FAIL	Jackknife 1.16 ≥ 0.5; Direction 0.31 < 0.6
SRSF3	Excitatory_neuron	12	8	13	8	0.0384	PO28	0.9167	SRSF3-207	PASS	
SRSF5	Excitatory_neuron	12	8	13	8	0.2582	SMC049	0.5833	SRSF5-207	FAIL	Direction 0.58 < 0.6
SRSF7	Excitatory_neuron	12	8	13	8	0.1282	PO42	0.4167	SRSF7-208	FAIL	Direction 0.42 < 0.6
SSBP2	Excitatory_neuron	11	6	13	8	1.8968	SMC049	0.6364	SSBP2-201	FAIL	Jackknife 1.90 ≥ 0.5
SSR1	Excitatory_neuron	13	7	13	8	0.2514	SMC049	0.6923	SSR1-204	PASS	
SSRP1	Excitatory_neuron	9	8	13	8	1.1605	SMC049	0.4444	SSRP1-202	FAIL	Jackknife 1.16 ≥ 0.5; Direction 0.44 < 0.6
SSU72	Excitatory_neuron	13	8	13	8	0.5281	SMC049	0.6923	SSU72-202	FAIL	Jackknife 0.53 ≥ 0.5
SSX2IP	Excitatory_neuron	13	8	13	8	0.0983	PO41	0.9231	SSX2IP-203	PASS	
ST3GAL1	Excitatory_neuron	7	4	13	8	3.3759	SMC038	0.1429	ST3GAL1-210	FAIL	Jackknife 3.38 ≥ 0.5; Direction 0.14 < 0.6
ST3GAL3	Excitatory_neuron	11	8	13	8	0.1506	SMC049	0.9091	ST3GAL3-277	PASS	
ST3GAL5	Excitatory_neuron	11	8	13	8	0.2766	SMC038	0.9091	ST3GAL5-239	PASS	
ST6GAL2	Excitatory_neuron	6	6	13	8	0.0		1.0	ST6GAL2-204	PASS	
ST6GALNAC5	Excitatory_neuron	10	8	13	8	1.1804	PO41	0.7	ST6GALNAC5-202	FAIL	Jackknife 1.18 ≥ 0.5
ST6GALNAC6	Excitatory_neuron	11	8	13	8	0.6496	SMC039	0.5455	ST6GALNAC6-201	FAIL	Jackknife 0.65 ≥ 0.5; Direction 0.55 < 0.6
ST8SIA1	Excitatory_neuron	10	6	13	8	0.5075	PO28	0.3	ST8SIA1-203	FAIL	Jackknife 0.51 ≥ 0.5; Direction 0.30 < 0.6
ST8SIA5	Excitatory_neuron	8	8	13	8	0.2749	SMC049	0.5	ST8SIA5-203	FAIL	Direction 0.50 < 0.6
STAG1	Excitatory_neuron	8	7	13	8	0.068	PO11	1.0	STAG1-203	PASS	
STAG2	Excitatory_neuron	12	8	13	8	0.2874	PO28	0.75	STAG2-228	PASS	
STAG3L4	Excitatory_neuron	11	8	13	8	0.0983	PO05	0.8182	transcript87755.chr7.nic	PASS	
STAMBP	Excitatory_neuron	9	6	13	8	0.9704	SMC032	0.2222	STAMBP-223	FAIL	Jackknife 0.97 ≥ 0.5; Direction 0.22 < 0.6
STAMBPL1	Excitatory_neuron	9	8	13	8	0.5581	PO05	0.2222	STAMBPL1-201	FAIL	Jackknife 0.56 ≥ 0.5; Direction 0.22 < 0.6
STARD3NL	Excitatory_neuron	10	6	13	8	1.1777	SMC049	0.8	STARD3NL-201	FAIL	Jackknife 1.18 ≥ 0.5
STARD7	Excitatory_neuron	11	7	13	8	0.668	SMC049	0.6364	STARD7-204	FAIL	Jackknife 0.67 ≥ 0.5
STAT1	Excitatory_neuron	9	6	13	8	0.1241	PO41	0.7778	STAT1-201	PASS	
STAT2	Excitatory_neuron	10	6	13	8	0.4879	PO05	0.6	STAT2-225	PASS	
STAT3	Excitatory_neuron	11	7	13	8	0.7335	SMC036	0.4545	STAT3-247	FAIL	Jackknife 0.73 ≥ 0.5; Direction 0.45 < 0.6
STAT4	Excitatory_neuron	9	6	13	8	0.4152	SMC049	0.5556	STAT4-210	FAIL	Direction 0.56 < 0.6
STAT5B	Excitatory_neuron	9	6	13	8	0.6526	SMC038	0.4444	STAT5B-220	FAIL	Jackknife 0.65 ≥ 0.5; Direction 0.44 < 0.6
STAU1	Excitatory_neuron	11	6	13	8	0.3941	PO11	0.8182	STAU1-206	PASS	
STAU2	Excitatory_neuron	12	8	13	8	0.3442	PO28	0.4167	STAU2-201	FAIL	Direction 0.42 < 0.6
STEAP2	Excitatory_neuron	9	7	13	8	0.3296	PO28	0.5556	STEAP2-202	FAIL	Direction 0.56 < 0.6
STIL	Excitatory_neuron	5	5	13	8	0.292	PO05	0.8	STIL-203	PASS	
STK24	Excitatory_neuron	4	5	13	8					INSUFFICIENT_DATA	reads 있는 도너 부족: AD=4/5, CT=5/4
STK25	Excitatory_neuron	12	8	13	8	0.559	SMC049	0.4167	STK25-201	FAIL	Jackknife 0.56 ≥ 0.5; Direction 0.42 < 0.6
STK36	Excitatory_neuron	8	6	13	8	0.9601	SMC049	0.375	STK36-202	FAIL	Jackknife 0.96 ≥ 0.5; Direction 0.38 < 0.6
STK4	Excitatory_neuron	11	7	13	8	0.1085	SMC049	0.8182	STK4-205	PASS	
STMN1	Excitatory_neuron	13	8	13	8	0.7388	SMC049	0.6923	STMN1-207	FAIL	Jackknife 0.74 ≥ 0.5
STN1	Excitatory_neuron	5	4	13	8	0.627	SMC038	0.6	STN1-202	FAIL	Jackknife 0.63 ≥ 0.5
STOML1	Excitatory_neuron	9	7	13	8	0.3093	SMC049	0.3333	STOML1-204	FAIL	Direction 0.33 < 0.6
STPG1	Excitatory_neuron	10	5	13	8	0.4645	SMC049	0.8	STPG1-206	PASS	
STRADA	Excitatory_neuron	10	7	13	8	0.7225	SMC032	0.2	STRADA-208	FAIL	Jackknife 0.72 ≥ 0.5; Direction 0.20 < 0.6
STRC	Excitatory_neuron	5	4	13	8	0.0825	SMC049	0.8	STRC-209	PASS	
STRN3	Excitatory_neuron	8	6	13	8	0.278	SMC032	0.625	STRN3-202	PASS	
STRN4	Excitatory_neuron	11	7	13	8	0.0348	PO28	0.8182	STRN4-208	PASS	
STT3A	Excitatory_neuron	5	6	13	8	0.0		1.0	STT3A-217	PASS	
STT3B	Excitatory_neuron	10	8	13	8	0.0691	SMC032	0.8	transcript47762.chr3.nic	PASS	
STX10	Excitatory_neuron	10	5	13	8	0.2315	SMC039	0.6	STX10-204	PASS	
STX16	Excitatory_neuron	13	8	13	8	0.8238	SMC043	0.5385	STX16-202	FAIL	Jackknife 0.82 ≥ 0.5; Direction 0.54 < 0.6
STX1A	Excitatory_neuron	12	8	13	8	0.3877	SMC049	0.5833	STX1A-201	FAIL	Direction 0.58 < 0.6
STX6	Excitatory_neuron	9	7	13	8	0.4214	SMC032	1.0	STX6-201	PASS	
STXBP1	Excitatory_neuron	11	8	13	8	0.0743	SMC049	0.7273	STXBP1-212	PASS	
STXBP5	Excitatory_neuron	11	7	13	8	0.1211	PO41	0.6364	STXBP5-206	PASS	
STXBP5-AS1	Excitatory_neuron	9	5	13	8	0.3267	SMC041	0.6667	STXBP5-AS1-249	PASS	
STXBP5L	Excitatory_neuron	13	8	13	8	0.5077	PO28	0.6154	STXBP5L-201	FAIL	Jackknife 0.51 ≥ 0.5
SUCLA2	Excitatory_neuron	11	8	13	8	0.814	SMC049	0.8182	SUCLA2-218	FAIL	Jackknife 0.81 ≥ 0.5
SUCO	Excitatory_neuron	7	5	13	8	0.8271	PO28	0.7143	SUCO-201	FAIL	Jackknife 0.83 ≥ 0.5
SUGP2	Excitatory_neuron	13	8	13	8	0.1231	PO41	0.9231	SUGP2-206	PASS	
SUGT1	Excitatory_neuron	11	8	13	8	0.4303	SMC049	0.6364	SUGT1-201	PASS	
SULF2	Excitatory_neuron	10	7	13	8	1.04	SMC041	0.8	transcript61194.chr20.nic	FAIL	Jackknife 1.04 ≥ 0.5
SULT4A1	Excitatory_neuron	12	7	13	8	1.2226	SMC049	0.0833	transcript56224.chr22.nnic	FAIL	Jackknife 1.22 ≥ 0.5; Direction 0.08 < 0.6
SUMF1	Excitatory_neuron	7	7	13	8	0.1278	SMC049	1.0	SUMF1-201	PASS	
SUMF2	Excitatory_neuron	9	5	13	8	0.4084	SMC038	0.4444	SUMF2-216	FAIL	Direction 0.44 < 0.6
SUN1	Excitatory_neuron	11	8	13	8	0.4302	SMC032	0.5455	SUN1-206	FAIL	Direction 0.55 < 0.6
SUOX	Excitatory_neuron	7	5	13	8	0.3503	SMC038	1.0	SUOX-201	PASS	
SUPT20H	Excitatory_neuron	12	7	13	8	0.95	SMC038	0.4167	SUPT20H-201	FAIL	Jackknife 0.95 ≥ 0.5; Direction 0.42 < 0.6
SUPT5H	Excitatory_neuron	11	8	13	8	0.2923	SMC039	0.5455	SUPT5H-201	FAIL	Direction 0.55 < 0.6
SUPT6H	Excitatory_neuron	13	7	13	8	0.1331	SMC049	0.8462	transcript41476.chr17.nic	PASS	
SUPT7L	Excitatory_neuron	12	8	13	8	1.2668	SMC049	0.4167	SUPT7L-204	FAIL	Jackknife 1.27 ≥ 0.5; Direction 0.42 < 0.6
SUPV3L1	Excitatory_neuron	11	8	13	8	0.6601	PO28	0.4545	SUPV3L1-201	FAIL	Jackknife 0.66 ≥ 0.5; Direction 0.45 < 0.6
SURF4	Excitatory_neuron	9	7	13	8	0.2711	SMC038	0.7778	SURF4-202	PASS	
SUSD4	Excitatory_neuron	8	6	13	8	0.3973	SMC049	0.75	SUSD4-202	PASS	
SUV39H1	Excitatory_neuron	6	5	13	8	1.3055	SMC038	0.5	SUV39H1-201	FAIL	Jackknife 1.31 ≥ 0.5; Direction 0.50 < 0.6
SUZ12	Excitatory_neuron	10	6	13	8	1.1413	SMC049	0.3	SUZ12-201	FAIL	Jackknife 1.14 ≥ 0.5; Direction 0.30 < 0.6
SVEP1	Excitatory_neuron	8	6	13	8	0.1108	PO41	0.875	SVEP1-202	PASS	
SVIL-AS1	Excitatory_neuron	11	8	13	8	0.9494	PO28	0.4545	SVIL-AS1-205	FAIL	Jackknife 0.95 ≥ 0.5; Direction 0.45 < 0.6
SWT1	Excitatory_neuron	10	7	13	8	0.1312	PO28	0.7	SWT1-201	PASS	
SYBU	Excitatory_neuron	11	7	13	8	0.2019	SMC038	0.5455	SYBU-207	FAIL	Direction 0.55 < 0.6
SYDE2	Excitatory_neuron	9	5	13	8	0.4853	SMC041	0.6667	SYDE2-203	PASS	
SYMPK	Excitatory_neuron	9	6	13	8	0.7471	SMC049	0.6667	SYMPK-202	FAIL	Jackknife 0.75 ≥ 0.5
SYN2	Excitatory_neuron	12	7	13	8	0.4582	PO28	0.8333	transcript19558.chr3.nnic	PASS	
SYNCRIP	Excitatory_neuron	10	6	13	8	0.3123	SMC032	0.5	SYNCRIP-222	FAIL	Direction 0.50 < 0.6
SYNDIG1	Excitatory_neuron	10	8	13	8	0.7353	PO28	0.4	SYNDIG1-201	FAIL	Jackknife 0.74 ≥ 0.5; Direction 0.40 < 0.6
SYNE1	Excitatory_neuron	13	8	13	8	0.8627	PO42	0.4615	SYNE1-206	FAIL	Jackknife 0.86 ≥ 0.5; Direction 0.46 < 0.6
SYNGR1	Excitatory_neuron	7	6	13	8	1.1164	SMC049	0.5714	SYNGR1-207	FAIL	Jackknife 1.12 ≥ 0.5; Direction 0.57 < 0.6
SYNGR2	Excitatory_neuron	7	5	13	8	0.9528	SMC049	0.4286	SYNGR2-201	FAIL	Jackknife 0.95 ≥ 0.5; Direction 0.43 < 0.6
SYNM	Excitatory_neuron	6	5	13	8	1.0883	SMC049	0.1667	SYNM-203	FAIL	Jackknife 1.09 ≥ 0.5; Direction 0.17 < 0.6
SYNPO2	Excitatory_neuron	8	7	13	8	0.4305	PO41	0.625	SYNPO2-201	PASS	
SYP	Excitatory_neuron	12	8	13	8	1.0063	SMC049	0.4167	SYP-208	FAIL	Jackknife 1.01 ≥ 0.5; Direction 0.42 < 0.6
SYT1	Excitatory_neuron	13	8	13	8	0.5184	SMC038	0.2308	SYT1-201	FAIL	Jackknife 0.52 ≥ 0.5; Direction 0.23 < 0.6
SYT14	Excitatory_neuron	11	8	13	8	0.7213	SMC038	0.5455	SYT14-202	FAIL	Jackknife 0.72 ≥ 0.5; Direction 0.55 < 0.6
SYT17	Excitatory_neuron	11	8	13	8	0.4275	SMC036	0.8182	SYT17-201	PASS	
SYT3	Excitatory_neuron	9	6	13	8	0.3872	PO28	0.4444	SYT3-206	FAIL	Direction 0.44 < 0.6
SYTL2	Excitatory_neuron	13	7	13	8	0.2426	PO11	0.6154	SYTL2-202	PASS	
SZT2	Excitatory_neuron	10	7	13	8	0.3546	SMC038	0.9	SZT2-212	PASS	
TAB2	Excitatory_neuron	8	5	13	8	0.2685	PO28	0.875	TAB2-208	PASS	
TAB3	Excitatory_neuron	8	6	13	8	0.3591	SMC049	0.625	TAB3-201	PASS	
TACC1	Excitatory_neuron	12	8	13	8	1.6769	SMC049	0.8333	TACC1-202	FAIL	Jackknife 1.68 ≥ 0.5
TACC2	Excitatory_neuron	10	7	13	8	0.3547	PO28	0.8	TACC2-213	PASS	
TADA2B	Excitatory_neuron	10	8	13	8	0.0493	PO11	0.9	TADA2B-201	PASS	
TADA3	Excitatory_neuron	10	8	13	8	1.0771	SMC049	0.4	TADA3-205	FAIL	Jackknife 1.08 ≥ 0.5; Direction 0.40 < 0.6
TAF1	Excitatory_neuron	8	6	13	8	0.7357	PO41	0.5	TAF1-221	FAIL	Jackknife 0.74 ≥ 0.5; Direction 0.50 < 0.6
TAF11	Excitatory_neuron	10	6	13	8	0.6828	SMC049	0.7	TAF11-204	FAIL	Jackknife 0.68 ≥ 0.5
TAF12	Excitatory_neuron	6	4	13	8	0.0367	SMC038	0.8333	TAF12-202	PASS	
TAF15	Excitatory_neuron	12	8	13	8	0.3457	SMC038	0.5	TAF15-214	FAIL	Direction 0.50 < 0.6
TAF1C	Excitatory_neuron	10	6	13	8	0.0477	SMC049	0.9	TAF1C-212	PASS	
TAF2	Excitatory_neuron	9	8	13	8	0.0878	SMC038	0.8889	TAF2-201	PASS	
TAF3	Excitatory_neuron	12	8	13	8	0.32	PO41	0.6667	TAF3-202	PASS	
TAF6	Excitatory_neuron	11	7	13	8	0.2117	PO28	0.5455	TAF6-246	FAIL	Direction 0.55 < 0.6
TAF9	Excitatory_neuron	11	7	13	8	0.0379	SMC038	0.7273	TAF9-209	PASS	
TAFA5	Excitatory_neuron	10	8	13	8	0.6914	SMC049	0.6	transcript64281.chr22.nic	FAIL	Jackknife 0.69 ≥ 0.5
TAFAZZIN	Excitatory_neuron	9	6	13	8	0.0183	SMC049	1.0	TAFAZZIN-211	PASS	
TAGAP-AS1	Excitatory_neuron	8	6	13	8	0.5151	PO41	0.5	transcript213199.chr6.nnic	FAIL	Jackknife 0.52 ≥ 0.5; Direction 0.50 < 0.6
TAGLN3	Excitatory_neuron	12	8	13	8	0.5781	SMC041	0.4167	TAGLN3-202	FAIL	Jackknife 0.58 ≥ 0.5; Direction 0.42 < 0.6
TALDO1	Excitatory_neuron	12	7	13	8	0.4467	SMC041	0.75	TALDO1-203	PASS	
TANC2	Excitatory_neuron	13	8	13	8	0.4118	PO41	0.5385	TANC2-207	FAIL	Direction 0.54 < 0.6
TANGO2	Excitatory_neuron	10	6	13	8	0.358	SMC049	0.5	TANGO2-217	FAIL	Direction 0.50 < 0.6
TAOK2	Excitatory_neuron	12	8	13	8	0.4939	PO28	0.4167	TAOK2-202	FAIL	Direction 0.42 < 0.6
TAOK3	Excitatory_neuron	12	8	13	8	0.6053	SMC049	0.5833	TAOK3-209	FAIL	Jackknife 0.61 ≥ 0.5; Direction 0.58 < 0.6
TAPBP	Excitatory_neuron	11	7	13	8	0.924	SMC039	0.3636	TAPBP-253	FAIL	Jackknife 0.92 ≥ 0.5; Direction 0.36 < 0.6
TAPT1	Excitatory_neuron	11	6	13	8	1.0	SMC029	0.0909	transcript28780.chr4.nnic	FAIL	Jackknife 1.00 ≥ 0.5; Direction 0.09 < 0.6
TARS2	Excitatory_neuron	9	8	13	8	0.2441	SMC041	0.5556	TARS2-204	FAIL	Direction 0.56 < 0.6
TASOR	Excitatory_neuron	11	7	13	8	0.9869	SMC049	0.1818	transcript97835.chr3.nnic	FAIL	Jackknife 0.99 ≥ 0.5; Direction 0.18 < 0.6
TASOR2	Excitatory_neuron	5	6	13	8	0.0441	PO41	1.0	TASOR2-216	PASS	
TATDN2	Excitatory_neuron	7	8	13	8	0.6601	SMC049	0.5714	TATDN2-201	FAIL	Jackknife 0.66 ≥ 0.5; Direction 0.57 < 0.6
TAX1BP1	Excitatory_neuron	13	8	13	8	0.5558	SMC032	0.8462	TAX1BP1-202	FAIL	Jackknife 0.56 ≥ 0.5
TBC1D10B	Excitatory_neuron	10	7	13	8	0.0351	SMC039	0.9	TBC1D10B-201	PASS	
TBC1D14	Excitatory_neuron	12	8	13	8	1.0208	SMC041	0.3333	TBC1D14-207	FAIL	Jackknife 1.02 ≥ 0.5; Direction 0.33 < 0.6
TBC1D20	Excitatory_neuron	9	6	13	8	1.0	SMC041	0.1111	TBC1D20-206	FAIL	Jackknife 1.00 ≥ 0.5; Direction 0.11 < 0.6
TBC1D23	Excitatory_neuron	10	6	13	8	0.6383	SMC038	0.5	TBC1D23-202	FAIL	Jackknife 0.64 ≥ 0.5; Direction 0.50 < 0.6
TBC1D24	Excitatory_neuron	8	6	13	8	0.3404	PO41	0.875	transcript8649.chr16.nnic	PASS	
TBC1D2B	Excitatory_neuron	10	7	13	8	0.2062	SMC039	0.8	transcript117131.chr15.nnic	PASS	
TBC1D5	Excitatory_neuron	9	8	13	8	0.8721	SMC049	0.4444	transcript31363.chr3.nnic	FAIL	Jackknife 0.87 ≥ 0.5; Direction 0.44 < 0.6
TBC1D7	Excitatory_neuron	10	6	13	8	0.0679	PO05	0.9	transcript15978.chr6.nnic	PASS	
TBC1D9B	Excitatory_neuron	11	8	13	8	0.3358	SMC049	0.7273	TBC1D9B-202	PASS	
TBCCD1	Excitatory_neuron	12	7	13	8	0.0		1.0	TBCCD1-201	PASS	
TBCE	Excitatory_neuron	9	7	13	8	0.1733	SMC049	0.7778	TBCE-228	PASS	
TBCEL	Excitatory_neuron	9	7	13	8	0.0		1.0	TBCEL-202	PASS	
TBCK	Excitatory_neuron	10	7	13	8	0.2552	PO41	0.8	TBCK-204	PASS	
TBK1	Excitatory_neuron	12	8	13	8	0.2944	SMC032	0.75	TBK1-248	PASS	
TBL2	Excitatory_neuron	10	7	13	8	0.3395	SMC041	0.4	transcript97347.chr7.nic	FAIL	Direction 0.40 < 0.6
TBRG4	Excitatory_neuron	11	7	13	8	0.2484	SMC049	0.3636	TBRG4-201	FAIL	Direction 0.36 < 0.6
TCAIM	Excitatory_neuron	8	7	13	8	0.2769	SMC049	0.875	TCAIM-205	PASS	
TCEA2	Excitatory_neuron	12	7	13	8	0.7449	SMC049	0.6667	TCEA2-202	FAIL	Jackknife 0.74 ≥ 0.5
TCEAL4	Excitatory_neuron	12	8	13	8	0.2081	SMC038	0.6667	TCEAL4-208	PASS	
TCERG1	Excitatory_neuron	13	8	13	8	0.3632	SMC049	0.7692	TCERG1-201	PASS	
TCF12	Excitatory_neuron	12	6	13	8	0.9663	SMC049	0.4167	TCF12-201	FAIL	Jackknife 0.97 ≥ 0.5; Direction 0.42 < 0.6
TCF4	Excitatory_neuron	13	8	13	8	0.891	SMC049	0.3846	TCF4-204	FAIL	Jackknife 0.89 ≥ 0.5; Direction 0.38 < 0.6
TCHP	Excitatory_neuron	7	6	13	8	0.2684	SMC049	0.8571	TCHP-204	PASS	
TCOF1	Excitatory_neuron	9	7	13	8	1.0	SMC038	0.1111	TCOF1-206	FAIL	Jackknife 1.00 ≥ 0.5; Direction 0.11 < 0.6
TCTN1	Excitatory_neuron	9	8	13	8	0.7876	SMC049	0.5556	TCTN1-224	FAIL	Jackknife 0.79 ≥ 0.5; Direction 0.56 < 0.6
TCTN3	Excitatory_neuron	9	5	13	8	0.7943	SMC049	0.8889	TCTN3-207	FAIL	Jackknife 0.79 ≥ 0.5
TDP1	Excitatory_neuron	7	5	13	8	0.6552	SMC049	0.5714	TDP1-201	FAIL	Jackknife 0.66 ≥ 0.5; Direction 0.57 < 0.6
TDRD3	Excitatory_neuron	10	6	13	8	1.0897	PO28	0.1	TDRD3-206	FAIL	Jackknife 1.09 ≥ 0.5; Direction 0.10 < 0.6
TDRKH	Excitatory_neuron	9	8	13	8	0.352	PO11	0.5556	TDRKH-203	FAIL	Direction 0.56 < 0.6
TECR	Excitatory_neuron	12	8	13	8	0.708	SMC049	0.5833	TECR-218	FAIL	Jackknife 0.71 ≥ 0.5; Direction 0.58 < 0.6
TEDC2	Excitatory_neuron	7	8	13	8	0.3996	SMC049	1.0	TEDC2-213	PASS	
TEF	Excitatory_neuron	8	6	13	8	0.7767	SMC038	0.5	TEF-201	FAIL	Jackknife 0.78 ≥ 0.5; Direction 0.50 < 0.6
TEFM	Excitatory_neuron	11	6	13	8	0.342	SMC049	0.8182	transcript49778.chr17.nnic	PASS	
TENM2	Excitatory_neuron	11	8	13	8	0.4257	SMC049	0.7273	TENM2-209	PASS	
TENM3	Excitatory_neuron	10	6	13	8	1.3096	SMC032	0.2	transcript214845.chr4.nic	FAIL	Jackknife 1.31 ≥ 0.5; Direction 0.20 < 0.6
TERF1	Excitatory_neuron	13	8	13	8	0.0624	SMC032	0.8462	TERF1-204	PASS	
TERF2	Excitatory_neuron	11	7	13	8	0.5413	SMC049	0.3636	TERF2-201	FAIL	Jackknife 0.54 ≥ 0.5; Direction 0.36 < 0.6
TET2	Excitatory_neuron	10	8	13	8	0.329	PO11	0.6	TET2-204	PASS	
TET3	Excitatory_neuron	9	8	13	8	0.3364	PO28	0.4444	transcript100510.chr2.nnic	FAIL	Direction 0.44 < 0.6
TFG	Excitatory_neuron	11	8	13	8	0.2434	SMC038	0.4545	TFG-201	FAIL	Direction 0.45 < 0.6
TFIP11-DT	Excitatory_neuron	9	8	13	8	0.8464	SMC049	0.2222	TFIP11-DT-202	FAIL	Jackknife 0.85 ≥ 0.5; Direction 0.22 < 0.6
TFRC	Excitatory_neuron	8	5	13	8	0.0		1.0	transcript317296.chr3.nic	PASS	
TGFBRAP1	Excitatory_neuron	8	6	13	8	1.2645	PO42	0.25	transcript225674.chr2.nnic	FAIL	Jackknife 1.26 ≥ 0.5; Direction 0.25 < 0.6
TGOLN2	Excitatory_neuron	12	8	13	8	0.4025	SMC049	0.4167	TGOLN2-202	FAIL	Direction 0.42 < 0.6
THADA	Excitatory_neuron	9	8	13	8	0.1803	SMC049	0.7778	THADA-207	PASS	
THAP6	Excitatory_neuron	10	4	13	8	0.5786	PO41	0.3	THAP6-201	FAIL	Jackknife 0.58 ≥ 0.5; Direction 0.30 < 0.6
THBS3	Excitatory_neuron	10	7	13	8	0.6229	SMC036	0.2	THBS3-201	FAIL	Jackknife 0.62 ≥ 0.5; Direction 0.20 < 0.6
THNSL1	Excitatory_neuron	12	7	13	8	1.3437	SMC049	0.25	THNSL1-201	FAIL	Jackknife 1.34 ≥ 0.5; Direction 0.25 < 0.6
THOC1	Excitatory_neuron	11	8	13	8	0.6234	PO28	0.5455	THOC1-206	FAIL	Jackknife 0.62 ≥ 0.5; Direction 0.55 < 0.6
THOC2	Excitatory_neuron	9	8	13	8	0.5967	PO28	0.5556	THOC2-201	FAIL	Jackknife 0.60 ≥ 0.5; Direction 0.56 < 0.6
THOC5	Excitatory_neuron	12	8	13	8	0.159	SMC038	0.75	THOC5-204	PASS	
THOC7	Excitatory_neuron	12	5	13	8	1.0358	SMC049	0.4167	THOC7-201	FAIL	Jackknife 1.04 ≥ 0.5; Direction 0.42 < 0.6
THOP1	Excitatory_neuron	12	8	13	8	0.4845	SMC049	0.6667	THOP1-201	PASS	
THRA	Excitatory_neuron	12	8	13	8	0.4336	SMC036	0.6667	THRA-203	PASS	
THRB	Excitatory_neuron	10	8	13	8	0.7535	PO11	0.3	THRB-219	FAIL	Jackknife 0.75 ≥ 0.5; Direction 0.30 < 0.6
THTPA	Excitatory_neuron	4	4	13	8					INSUFFICIENT_DATA	reads 있는 도너 부족: AD=4/5, CT=4/4
THUMPD1	Excitatory_neuron	13	8	13	8	1.0647	SMC049	0.6923	THUMPD1-202	FAIL	Jackknife 1.06 ≥ 0.5
THUMPD3	Excitatory_neuron	11	8	13	8	0.0726	SMC032	0.7273	transcript11901.chr3.nic	PASS	
THUMPD3-AS1	Excitatory_neuron	11	7	13	8	0.8508	SMC041	0.2727	THUMPD3-AS1-226	FAIL	Jackknife 0.85 ≥ 0.5; Direction 0.27 < 0.6
THY1	Excitatory_neuron	12	8	13	8	1.0021	SMC049	0.4167	THY1-210	FAIL	Jackknife 1.00 ≥ 0.5; Direction 0.42 < 0.6
TIA1	Excitatory_neuron	11	6	13	8	1.9334	SMC049	0.7273	TIA1-201	FAIL	Jackknife 1.93 ≥ 0.5
TIAM1	Excitatory_neuron	10	7	13	8	0.4194	SMC049	0.8	TIAM1-207	PASS	
TIMM21	Excitatory_neuron	11	7	13	8	0.2423	SMC041	0.9091	TIMM21-201	PASS	
TINF2	Excitatory_neuron	11	8	13	8	0.6123	SMC049	0.7273	TINF2-222	FAIL	Jackknife 0.61 ≥ 0.5
TJP2	Excitatory_neuron	10	8	13	8	0.8001	PO05	0.3	TJP2-210	FAIL	Jackknife 0.80 ≥ 0.5; Direction 0.30 < 0.6
TK2	Excitatory_neuron	7	6	13	8	1.3496	SMC049	0.2857	TK2-207	FAIL	Jackknife 1.35 ≥ 0.5; Direction 0.29 < 0.6
TKT	Excitatory_neuron	13	8	13	8	6.3382	SMC049	0.6154	TKT-207	FAIL	Jackknife 6.34 ≥ 0.5
TLCD5	Excitatory_neuron	9	7	13	8	0.6097	PO28	0.8889	TLCD5-202	FAIL	Jackknife 0.61 ≥ 0.5
TLE2	Excitatory_neuron	8	5	13	8	0.2246	SMC041	1.0	transcript7667.chr19.nnic	PASS	
TLE4	Excitatory_neuron	6	8	13	8	0.928	PO11	0.8333	transcript148885.chr9.nic	FAIL	Jackknife 0.93 ≥ 0.5
TLK2	Excitatory_neuron	10	8	13	8	0.1207	SMC049	0.9	TLK2-203	PASS	
TM2D3	Excitatory_neuron	13	8	13	8	0.3854	SMC049	0.5385	TM2D3-201	FAIL	Direction 0.54 < 0.6
TM7SF3	Excitatory_neuron	11	8	13	8	0.5589	SMC049	0.7273	TM7SF3-201	FAIL	Jackknife 0.56 ≥ 0.5
TM9SF2	Excitatory_neuron	10	5	13	8	0.4332	SMC049	0.6	TM9SF2-207	PASS	
TM9SF4	Excitatory_neuron	10	6	13	8	0.6801	SMC038	0.2	transcript38660.chr20.nic	FAIL	Jackknife 0.68 ≥ 0.5; Direction 0.20 < 0.6
TMCO1	Excitatory_neuron	11	8	13	8	0.2256	SMC049	0.5455	TMCO1-207	FAIL	Direction 0.55 < 0.6
TMED4	Excitatory_neuron	11	8	13	8	0.3106	SMC049	0.6364	TMED4-204	PASS	
TMEFF1	Excitatory_neuron	12	8	13	8	0.5429	SMC036	0.6667	TMEFF1-201	FAIL	Jackknife 0.54 ≥ 0.5
TMEFF2	Excitatory_neuron	10	7	13	8	0.3447	SMC049	0.7	TMEFF2-201	PASS	
TMEM106B	Excitatory_neuron	12	7	13	8	1.0852	SMC049	0.3333	TMEM106B-202	FAIL	Jackknife 1.09 ≥ 0.5; Direction 0.33 < 0.6
TMEM108	Excitatory_neuron	9	7	13	8	1.292	SMC049	0.3333	transcript230624.chr3.nnic	FAIL	Jackknife 1.29 ≥ 0.5; Direction 0.33 < 0.6
TMEM126B	Excitatory_neuron	11	6	13	8	0.1709	PO28	0.9091	transcript136323.chr11.nic	PASS	
TMEM128	Excitatory_neuron	4	2	13	8					INSUFFICIENT_DATA	reads 있는 도너 부족: AD=4/5, CT=2/4
TMEM129	Excitatory_neuron	10	6	13	8	0.652	SMC049	0.6	TMEM129-202	FAIL	Jackknife 0.65 ≥ 0.5
TMEM130	Excitatory_neuron	11	8	13	8	1.1092	SMC049	0.2727	TMEM130-201	FAIL	Jackknife 1.11 ≥ 0.5; Direction 0.27 < 0.6
TMEM131	Excitatory_neuron	13	8	13	8	1.0788	SMC038	0.0769	transcript216889.chr2.nnic	FAIL	Jackknife 1.08 ≥ 0.5; Direction 0.08 < 0.6
TMEM132B	Excitatory_neuron	12	8	13	8	0.4174	SMC032	0.8333	TMEM132B-206	PASS	
TMEM144	Excitatory_neuron	10	8	13	8	0.1494	SMC029	0.8	TMEM144-201	PASS	
TMEM147-AS1	Excitatory_neuron	9	7	13	8	0.1607	PO41	0.6667	TMEM147-AS1-202	PASS	
TMEM150C	Excitatory_neuron	9	6	13	8	0.3384	SMC049	0.7778	TMEM150C-204	PASS	
TMEM161A	Excitatory_neuron	8	6	13	8	0.1511	SMC049	0.5	TMEM161A-205	FAIL	Direction 0.50 < 0.6
TMEM161B-DT	Excitatory_neuron	12	8	13	8	0.3162	SMC038	0.75	TMEM161B-DT-218	PASS	
TMEM165	Excitatory_neuron	8	5	13	8	1.4247	SMC049	0.25	TMEM165-201	FAIL	Jackknife 1.42 ≥ 0.5; Direction 0.25 < 0.6
TMEM169	Excitatory_neuron	9	4	13	8	0.2138	SMC049	1.0	TMEM169-202	PASS	
TMEM175	Excitatory_neuron	12	8	13	8	0.7566	SMC049	0.25	TMEM175-201	FAIL	Jackknife 0.76 ≥ 0.5; Direction 0.25 < 0.6
TMEM177	Excitatory_neuron	9	6	13	8	0.5959	SMC049	0.4444	TMEM177-201	FAIL	Jackknife 0.60 ≥ 0.5; Direction 0.44 < 0.6
TMEM179	Excitatory_neuron	13	7	13	8	0.3508	SMC038	0.6154	TMEM179-206	PASS	
TMEM185A	Excitatory_neuron	8	6	13	8	0.9264	SMC049	0.75	TMEM185A-207	FAIL	Jackknife 0.93 ≥ 0.5
TMEM196	Excitatory_neuron	10	7	13	8	0.702	PO28	0.6	TMEM196-201	FAIL	Jackknife 0.70 ≥ 0.5
TMEM199	Excitatory_neuron	8	7	13	8	0.5871	PO28	0.75	TMEM199-201	FAIL	Jackknife 0.59 ≥ 0.5
TMEM205	Excitatory_neuron	13	8	13	8	0.3046	SMC039	0.6154	TMEM205-209	PASS	
TMEM222	Excitatory_neuron	8	5	13	8	0.2523	SMC049	0.5	TMEM222-201	FAIL	Direction 0.50 < 0.6
TMEM230	Excitatory_neuron	11	6	13	8	0.0462	SMC038	0.7273	TMEM230-208	PASS	
TMEM231	Excitatory_neuron	8	6	13	8	0.1196	PO28	0.875	TMEM231-207	PASS	
TMEM25	Excitatory_neuron	10	8	13	8	0.477	SMC049	0.3	TMEM25-204	FAIL	Direction 0.30 < 0.6
TMEM254	Excitatory_neuron	9	7	13	8	0.0695	PO42	0.8889	transcript143682.chr10.nnic	PASS	
TMEM259	Excitatory_neuron	9	6	13	8	0.8516	SMC041	0.7778	transcript2775.chr19.nic	FAIL	Jackknife 0.85 ≥ 0.5
TMEM260	Excitatory_neuron	10	6	13	8	0.3484	SMC049	0.7	TMEM260-216	PASS	
TMEM263	Excitatory_neuron	7	6	13	8	0.5337	SMC032	0.2857	TMEM263-201	FAIL	Jackknife 0.53 ≥ 0.5; Direction 0.29 < 0.6
TMEM267	Excitatory_neuron	8	6	13	8	0.0		1.0	TMEM267-206	PASS	
TMEM33	Excitatory_neuron	8	7	13	8	0.0		1.0	TMEM33-202	PASS	
TMEM50B	Excitatory_neuron	9	5	13	8	0.4667	SMC038	0.6667	TMEM50B-201	PASS	
TMEM67	Excitatory_neuron	11	7	13	8	0.8164	SMC038	0.3636	TMEM67-209	FAIL	Jackknife 0.82 ≥ 0.5; Direction 0.36 < 0.6
TMEM74B	Excitatory_neuron	9	6	13	8	0.3941	SMC049	0.6667	TMEM74B-201	PASS	
TMEM9	Excitatory_neuron	12	8	13	8	0.5446	SMC049	0.6667	TMEM9-208	FAIL	Jackknife 0.54 ≥ 0.5
TMEM94	Excitatory_neuron	11	7	13	8	0.1357	SMC038	0.6364	TMEM94-201	PASS	
TMEM98	Excitatory_neuron	6	2	13	8					INSUFFICIENT_DATA	reads 있는 도너 부족: AD=6/5, CT=2/4
TMF1	Excitatory_neuron	11	8	13	8	1.2541	SMC041	0.1818	TMF1-207	FAIL	Jackknife 1.25 ≥ 0.5; Direction 0.18 < 0.6
TMPO	Excitatory_neuron	9	7	13	8	0.9682	SMC032	0.4444	TMPO-202	FAIL	Jackknife 0.97 ≥ 0.5; Direction 0.44 < 0.6
TMTC1	Excitatory_neuron	6	4	13	8	0.0		1.0	TMTC1-206	PASS	
TMTC4	Excitatory_neuron	10	6	13	8	0.1281	PO42	0.6	TMTC4-202	PASS	
TMUB2	Excitatory_neuron	10	8	13	8	0.306	SMC049	0.5	TMUB2-201	FAIL	Direction 0.50 < 0.6
TMX2	Excitatory_neuron	11	7	13	8	0.1007	SMC049	0.7273	TMX2-201	PASS	
TNFRSF25	Excitatory_neuron	12	8	13	8	2.0494	SMC049	0.4167	TNFRSF25-211	FAIL	Jackknife 2.05 ≥ 0.5; Direction 0.42 < 0.6
TNKS	Excitatory_neuron	12	7	13	8	0.392	SMC049	0.5833	TNKS-212	FAIL	Direction 0.58 < 0.6
TNNI3K	Excitatory_neuron	11	5	13	8	0.4057	SMC049	0.4545	transcript133134.chr1.nnic	FAIL	Direction 0.45 < 0.6
TNNT2	Excitatory_neuron	11	6	13	8	0.0		1.0	transcript295144.chr1.nic	PASS	
TNPO1	Excitatory_neuron	10	8	13	8	0.2882	PO11	0.9	TNPO1-201	PASS	
TNRC6A	Excitatory_neuron	11	7	13	8	0.6493	PO41	0.2727	TNRC6A-201	FAIL	Jackknife 0.65 ≥ 0.5; Direction 0.27 < 0.6
TNRC6B	Excitatory_neuron	12	8	13	8	0.3295	SMC038	0.6667	TNRC6B-206	PASS	
TNRC6C	Excitatory_neuron	10	8	13	8	0.391	PO41	0.6	TNRC6C-210	PASS	
TOGARAM1	Excitatory_neuron	8	8	13	8	0.7612	PO28	0.375	TOGARAM1-204	FAIL	Jackknife 0.76 ≥ 0.5; Direction 0.38 < 0.6
TOM1L1	Excitatory_neuron	5	5	13	8	0.859	SMC049	0.4	TOM1L1-213	FAIL	Jackknife 0.86 ≥ 0.5; Direction 0.40 < 0.6
TOMM34	Excitatory_neuron	9	6	13	8	0.8005	SMC049	0.7778	transcript58754.chr20.nic	FAIL	Jackknife 0.80 ≥ 0.5
TOMM40	Excitatory_neuron	7	6	13	8	0.2979	SMC049	0.4286	TOMM40-207	FAIL	Direction 0.43 < 0.6
TOMM70	Excitatory_neuron	9	6	13	8	0.1301	PO05	0.8889	TOMM70-201	PASS	
TOP1	Excitatory_neuron	12	8	13	8	0.459	SMC049	0.4167	TOP1-201	FAIL	Direction 0.42 < 0.6
TOP2B	Excitatory_neuron	10	8	13	8	0.0253	SMC032	0.9	TOP2B-220	PASS	
TOP3B	Excitatory_neuron	9	8	13	8	0.1924	SMC049	0.4444	TOP3B-201	FAIL	Direction 0.44 < 0.6
TOR1AIP1	Excitatory_neuron	9	8	13	8	0.3378	SMC049	1.0	TOR1AIP1-212	PASS	
TOR1AIP2	Excitatory_neuron	12	8	13	8	0.4814	PO41	0.5	transcript276624.chr1.nic	FAIL	Direction 0.50 < 0.6
TOR2A	Excitatory_neuron	9	7	13	8	0.0562	SMC039	0.8889	TOR2A-205	PASS	
TP53BP1	Excitatory_neuron	11	7	13	8	0.6753	PO11	0.1818	TP53BP1-205	FAIL	Jackknife 0.68 ≥ 0.5; Direction 0.18 < 0.6
TPBG	Excitatory_neuron	4	5	13	8					INSUFFICIENT_DATA	reads 있는 도너 부족: AD=4/5, CT=5/4
TPCN1	Excitatory_neuron	6	7	13	8	0.3044	SMC049	0.8333	TPCN1-218	PASS	
TPD52	Excitatory_neuron	12	8	13	8	1.5031	SMC049	0.3333	TPD52-209	FAIL	Jackknife 1.50 ≥ 0.5; Direction 0.33 < 0.6
TPD52L1	Excitatory_neuron	6	8	13	8	1.2965	SMC049	0.6667	TPD52L1-201	FAIL	Jackknife 1.30 ≥ 0.5
TPD52L2	Excitatory_neuron	11	8	13	8	0.6914	SMC049	0.6364	TPD52L2-208	FAIL	Jackknife 0.69 ≥ 0.5
TPGS2	Excitatory_neuron	10	6	13	8	1.8406	SMC049	0.5	TPGS2-201	FAIL	Jackknife 1.84 ≥ 0.5; Direction 0.50 < 0.6
TPM3	Excitatory_neuron	11	8	13	8	0.4528	SMC039	0.4545	TPM3-204	FAIL	Direction 0.45 < 0.6
TPM4	Excitatory_neuron	12	8	13	8	0.4783	SMC049	0.5833	TPM4-218	FAIL	Direction 0.58 < 0.6
TPP1	Excitatory_neuron	8	6	13	8	0.0984	PO42	0.875	TPP1-201	PASS	
TPP2	Excitatory_neuron	11	7	13	8	1.0901	PO28	0.3636	TPP2-218	FAIL	Jackknife 1.09 ≥ 0.5; Direction 0.36 < 0.6
TPRA1	Excitatory_neuron	9	6	13	8	0.0639	SMC038	0.5556	transcript222143.chr3.nnic	FAIL	Direction 0.56 < 0.6
TPRN	Excitatory_neuron	9	6	13	8	0.3741	SMC039	0.7778	TPRN-203	PASS	
TRABD	Excitatory_neuron	12	8	13	8	0.1461	SMC041	0.5	TRABD-205	FAIL	Direction 0.50 < 0.6
TRAF3	Excitatory_neuron	10	7	13	8	0.4197	SMC038	0.7	TRAF3-209	PASS	
TRAF3IP1	Excitatory_neuron	10	7	13	8	1.9682	PO28	0.4	TRAF3IP1-202	FAIL	Jackknife 1.97 ≥ 0.5; Direction 0.40 < 0.6
TRANK1	Excitatory_neuron	12	8	13	8	0.3009	SMC038	0.5833	TRANK1-205	FAIL	Direction 0.58 < 0.6
TRAPPC13	Excitatory_neuron	11	7	13	8	0.3796	SMC038	0.6364	TRAPPC13-211	PASS	
TRAPPC2L	Excitatory_neuron	10	6	13	8	0.509	SMC038	0.4	TRAPPC2L-216	FAIL	Jackknife 0.51 ≥ 0.5; Direction 0.40 < 0.6
TRAPPC4	Excitatory_neuron	11	7	13	8	0.8625	SMC038	0.4545	transcript183462.chr11.nnic	FAIL	Jackknife 0.86 ≥ 0.5; Direction 0.45 < 0.6
TRAPPC8	Excitatory_neuron	10	7	13	8	0.8227	SMC049	0.2	TRAPPC8-201	FAIL	Jackknife 0.82 ≥ 0.5; Direction 0.20 < 0.6
TRAPPC9	Excitatory_neuron	12	7	13	8	0.2689	PO42	0.8333	TRAPPC9-216	PASS	
TRHDE-AS1	Excitatory_neuron	11	8	13	8	0.2552	PO28	0.9091	TRHDE-AS1-218	PASS	
TRIM11	Excitatory_neuron	10	7	13	8	0.226	SMC049	1.0	TRIM11-202	PASS	
TRIM13	Excitatory_neuron	9	6	13	8	0.1388	SMC038	0.6667	TRIM13-202	PASS	
TRIM2	Excitatory_neuron	11	8	13	8	0.4946	SMC039	0.4545	TRIM2-243	FAIL	Direction 0.45 < 0.6
TRIM27	Excitatory_neuron	10	7	13	8	0.7276	PO41	0.4	TRIM27-205	FAIL	Jackknife 0.73 ≥ 0.5; Direction 0.40 < 0.6
TRIM3	Excitatory_neuron	11	7	13	8	0.1594	SMC039	0.5455	TRIM3-201	FAIL	Direction 0.55 < 0.6
TRIM32	Excitatory_neuron	9	5	13	8	0.3738	SMC049	0.7778	TRIM32-203	PASS	
TRIM33	Excitatory_neuron	12	7	13	8	0.2501	SMC038	0.5	TRIM33-201	FAIL	Direction 0.50 < 0.6
TRIM35	Excitatory_neuron	8	6	13	8	0.8578	SMC049	0.375	TRIM35-201	FAIL	Jackknife 0.86 ≥ 0.5; Direction 0.38 < 0.6
TRIM36	Excitatory_neuron	10	6	13	8	0.1252	SMC038	0.7	TRIM36-201	PASS	
TRIM37	Excitatory_neuron	10	7	13	8	0.703	SMC032	0.5	TRIM37-201	FAIL	Jackknife 0.70 ≥ 0.5; Direction 0.50 < 0.6
TRIM39	Excitatory_neuron	8	6	13	8	1.0	SMC049	0.125	TRIM39-205	FAIL	Jackknife 1.00 ≥ 0.5; Direction 0.12 < 0.6
TRIM44	Excitatory_neuron	12	8	13	8	0.3835	SMC049	0.8333	TRIM44-201	PASS	
TRIM46	Excitatory_neuron	11	7	13	8	0.0513	PO11	0.9091	TRIM46-201	PASS	
TRIM52	Excitatory_neuron	12	8	13	8	0.6072	PO28	0.3333	TRIM52-206	FAIL	Jackknife 0.61 ≥ 0.5; Direction 0.33 < 0.6
TRIM69	Excitatory_neuron	11	8	13	8	0.3488	SMC049	0.9091	TRIM69-203	PASS	
TRIO	Excitatory_neuron	9	7	13	8	0.0882	PO41	0.5556	TRIO-218	FAIL	Direction 0.56 < 0.6
TRIP11	Excitatory_neuron	13	8	13	8	0.1509	PO41	0.0	TRIP11-202	FAIL	Direction 0.00 < 0.6
TRIP12	Excitatory_neuron	12	8	13	8	0.0131	SMC049	1.0	TRIP12-230	PASS	
TRIQK	Excitatory_neuron	10	8	13	8	0.37	PO28	0.4	TRIQK-206	FAIL	Direction 0.40 < 0.6
TRMT1	Excitatory_neuron	11	7	13	8	0.2431	SMC038	0.8182	TRMT1-222	PASS	
TRMT11	Excitatory_neuron	11	8	13	8	0.3396	SMC049	0.3636	TRMT11-202	FAIL	Direction 0.36 < 0.6
TRMT5	Excitatory_neuron	9	6	13	8	0.2744	SMC049	0.5556	transcript57122.chr14.nic	FAIL	Direction 0.56 < 0.6
TRMT6	Excitatory_neuron	9	6	13	8	0.1926	SMC049	0.8889	TRMT6-204	PASS	
TRMT61A	Excitatory_neuron	13	7	13	8	0.5576	SMC038	0.6154	TRMT61A-202	FAIL	Jackknife 0.56 ≥ 0.5
TRNT1	Excitatory_neuron	12	8	13	8	0.2155	PO41	0.5	TRNT1-201	FAIL	Direction 0.50 < 0.6
TRPC4AP	Excitatory_neuron	10	7	13	8	0.7942	SMC038	0.6	TRPC4AP-201	FAIL	Jackknife 0.79 ≥ 0.5
TRPM3	Excitatory_neuron	8	8	13	8	0.1841	PO41	0.625	TRPM3-201	PASS	
TRPS1	Excitatory_neuron	9	7	13	8	0.0493	PO41	0.8889	TRPS1-201	PASS	
TRRAP	Excitatory_neuron	9	7	13	8	0.0256	SMC049	1.0	TRRAP-203	PASS	
TSC1	Excitatory_neuron	12	8	13	8	0.4506	PO11	0.4167	TSC1-235	FAIL	Direction 0.42 < 0.6
TSC2	Excitatory_neuron	12	8	13	8	1.0452	SMC049	0.25	TSC2-223	FAIL	Jackknife 1.05 ≥ 0.5; Direction 0.25 < 0.6
TSC22D1	Excitatory_neuron	13	8	13	8	1.5741	SMC049	0.5385	TSC22D1-203	FAIL	Jackknife 1.57 ≥ 0.5; Direction 0.54 < 0.6
TSC22D3	Excitatory_neuron	13	8	13	8	0.8169	SMC049	0.3077	TSC22D3-206	FAIL	Jackknife 0.82 ≥ 0.5; Direction 0.31 < 0.6
TSEN15	Excitatory_neuron	10	6	13	8	0.4865	SMC049	0.3	TSEN15-213	FAIL	Direction 0.30 < 0.6
TSEN2	Excitatory_neuron	12	8	13	8	0.0263	SMC049	0.9167	transcript23790.chr3.nic	PASS	
TSEN54	Excitatory_neuron	12	8	13	8	0.2521	SMC049	0.5833	TSEN54-207	FAIL	Direction 0.58 < 0.6
TSFM	Excitatory_neuron	8	6	13	8	0.2758	SMC049	0.875	TSFM-212	PASS	
TSGA10	Excitatory_neuron	9	7	13	8	0.612	SMC038	0.8889	TSGA10-207	FAIL	Jackknife 0.61 ≥ 0.5
TSN	Excitatory_neuron	10	7	13	8	0.3068	SMC049	0.5	TSN-204	FAIL	Direction 0.50 < 0.6
TSNARE1	Excitatory_neuron	9	5	13	8	0.3716	SMC049	0.4444	TSNARE1-209	FAIL	Direction 0.44 < 0.6
TSPAN3	Excitatory_neuron	10	8	13	8	1.1679	SMC049	0.5	TSPAN3-209	FAIL	Jackknife 1.17 ≥ 0.5; Direction 0.50 < 0.6
TSPAN5	Excitatory_neuron	10	8	13	8	0.5922	SMC049	0.4	TSPAN5-201	FAIL	Jackknife 0.59 ≥ 0.5; Direction 0.40 < 0.6
TSPOAP1	Excitatory_neuron	13	8	13	8	0.1116	SMC038	0.8462	TSPOAP1-208	PASS	
TSPYL1	Excitatory_neuron	11	8	13	8	0.2315	SMC049	0.0	TSPYL1-201	FAIL	Direction 0.00 < 0.6
TTC1	Excitatory_neuron	11	8	13	8	0.3816	SMC049	0.6364	TTC1-207	PASS	
TTC14	Excitatory_neuron	13	8	13	8	0.2285	SMC032	0.7692	TTC14-205	PASS	
TTC17	Excitatory_neuron	12	8	13	8	0.9302	SMC049	0.5	TTC17-216	FAIL	Jackknife 0.93 ≥ 0.5; Direction 0.50 < 0.6
TTC21A	Excitatory_neuron	10	7	13	8	0.1045	PO28	0.8	TTC21A-213	PASS	
TTC21B	Excitatory_neuron	12	8	13	8	0.0409	PO11	1.0	TTC21B-226	PASS	
TTC28-AS1	Excitatory_neuron	9	7	13	8	0.8809	PO28	0.4444	TTC28-AS1-217	FAIL	Jackknife 0.88 ≥ 0.5; Direction 0.44 < 0.6
TTC3	Excitatory_neuron	13	8	13	8	0.255	SMC049	0.6154	TTC3-226	PASS	
TTC31	Excitatory_neuron	8	6	13	8	0.1751	PO41	0.875	transcript100418.chr2.nic	PASS	
TTC39B	Excitatory_neuron	11	7	13	8	0.8277	PO11	0.8182	TTC39B-208	FAIL	Jackknife 0.83 ≥ 0.5
TTC4	Excitatory_neuron	9	7	13	8	0.1183	SMC038	0.3333	TTC4-202	FAIL	Direction 0.33 < 0.6
TTC5	Excitatory_neuron	12	8	13	8	0.1207	SMC049	0.75	TTC5-204	PASS	
TTC8	Excitatory_neuron	7	4	13	8	0.1544	SMC049	0.7143	TTC8-213	PASS	
TTI1	Excitatory_neuron	11	8	13	8	0.4004	PO42	0.3636	TTI1-202	FAIL	Direction 0.36 < 0.6
TTLL11	Excitatory_neuron	10	7	13	8	0.0591	SMC036	0.8	TTLL11-205	PASS	
TTLL3	Excitatory_neuron	11	7	13	8	1.0638	PO05	0.4545	TTLL3-213	FAIL	Jackknife 1.06 ≥ 0.5; Direction 0.45 < 0.6
TTLL5	Excitatory_neuron	8	6	13	8	0.3899	PO42	0.75	TTLL5-221	PASS	
TTLL7	Excitatory_neuron	12	8	13	8	0.6432	SMC049	0.6667	TTLL7-201	FAIL	Jackknife 0.64 ≥ 0.5
TTN-AS1	Excitatory_neuron	9	8	13	8	0.147	PO28	0.7778	TTN-AS1-278	PASS	
TTPAL	Excitatory_neuron	8	6	13	8	0.0335	PO42	0.75	TTPAL-205	PASS	
TTTY14	Excitatory_neuron	4	4	13	8					INSUFFICIENT_DATA	reads 있는 도너 부족: AD=4/5, CT=4/4
TTYH1	Excitatory_neuron	13	8	13	8	0.8464	SMC049	0.3077	TTYH1-201	FAIL	Jackknife 0.85 ≥ 0.5; Direction 0.31 < 0.6
TUBA1A	Excitatory_neuron	12	8	13	8	1.0367	SMC049	0.0833	TUBA1A-202	FAIL	Jackknife 1.04 ≥ 0.5; Direction 0.08 < 0.6
TUBA1B	Excitatory_neuron	12	8	13	8	0.0477	SMC049	1.0	TUBA1B-202	PASS	
TUBA8	Excitatory_neuron	8	6	13	8	0.855	SMC036	0.625	TUBA8-201	FAIL	Jackknife 0.85 ≥ 0.5
TUBB	Excitatory_neuron	13	8	13	8	0.1913	SMC038	0.8462	TUBB-205	PASS	
TUBB2A	Excitatory_neuron	13	8	13	8	0.5927	SMC049	0.6923	TUBB2A-201	FAIL	Jackknife 0.59 ≥ 0.5
TUBB3	Excitatory_neuron	12	8	13	8	0.1757	SMC038	0.0	TUBB3-201	FAIL	Direction 0.00 < 0.6
TUBB4B	Excitatory_neuron	12	8	13	8	0.1219	SMC049	0.5	TUBB4B-202	FAIL	Direction 0.50 < 0.6
TUBG1	Excitatory_neuron	8	6	13	8	0.123	SMC049	0.875	TUBG1-209	PASS	
TUBGCP2	Excitatory_neuron	11	8	13	8	0.3345	PO28	0.5455	TUBGCP2-201	FAIL	Direction 0.55 < 0.6
TUBGCP4	Excitatory_neuron	11	5	13	8	0.3798	SMC049	0.3636	transcript54515.chr15.nic	FAIL	Direction 0.36 < 0.6
TUFM	Excitatory_neuron	11	8	13	8	0.0		1.0	TUFM-201	PASS	
TUG1	Excitatory_neuron	8	6	13	8	0.4783	SMC049	0.375	TUG1-203	FAIL	Direction 0.38 < 0.6
TUSC3	Excitatory_neuron	12	7	13	8	1.1541	SMC049	0.5833	TUSC3-203	FAIL	Jackknife 1.15 ≥ 0.5; Direction 0.58 < 0.6
TUT7	Excitatory_neuron	12	8	13	8	0.3643	SMC041	0.6667	TUT7-201	PASS	
TWF2	Excitatory_neuron	10	7	13	8	0.1322	SMC049	0.8	TWF2-201	PASS	
TXLNGY	Excitatory_neuron	4	6	13	8					INSUFFICIENT_DATA	reads 있는 도너 부족: AD=4/5, CT=6/4
TXNDC12	Excitatory_neuron	9	7	13	8	0.2818	SMC038	0.8889	TXNDC12-201	PASS	
TXNDC15	Excitatory_neuron	11	6	13	8	0.0		1.0	TXNDC15-210	PASS	
TXNL1	Excitatory_neuron	11	7	13	8	0.4307	SMC049	0.6364	TXNL1-204	PASS	
TXNRD1	Excitatory_neuron	10	7	13	8	0.1088	SMC049	0.8	TXNRD1-201	PASS	
TXNRD2	Excitatory_neuron	7	5	13	8	0.9164	SMC049	0.5714	TXNRD2-216	FAIL	Jackknife 0.92 ≥ 0.5; Direction 0.57 < 0.6
TYK2	Excitatory_neuron	9	7	13	8	0.463	SMC038	0.4444	TYK2-220	FAIL	Direction 0.44 < 0.6
TYRO3	Excitatory_neuron	13	8	13	8	0.4779	SMC041	0.5385	transcript48201.chr15.nnic	FAIL	Direction 0.54 < 0.6
TYW3	Excitatory_neuron	8	6	13	8	0.0846	SMC049	1.0	transcript133932.chr1.nic	PASS	
U2AF1	Excitatory_neuron	10	8	13	8	0.1546	SMC032	0.8	U2AF1-208	PASS	
U2SURP	Excitatory_neuron	11	8	13	8	0.5841	PO41	0.1818	U2SURP-208	FAIL	Jackknife 0.58 ≥ 0.5; Direction 0.18 < 0.6
UAP1L1	Excitatory_neuron	6	5	13	8	0.463	SMC038	0.5	UAP1L1-201	FAIL	Direction 0.50 < 0.6
UBA1	Excitatory_neuron	9	7	13	8	0.6564	SMC041	0.6667	UBA1-201	FAIL	Jackknife 0.66 ≥ 0.5
UBA2	Excitatory_neuron	8	4	13	8	0.5485	SMC049	0.75	UBA2-202	FAIL	Jackknife 0.55 ≥ 0.5
UBA5	Excitatory_neuron	10	6	13	8	0.7087	PO28	0.9	UBA5-206	FAIL	Jackknife 0.71 ≥ 0.5
UBA6	Excitatory_neuron	12	8	13	8	0.7301	SMC049	0.3333	UBA6-203	FAIL	Jackknife 0.73 ≥ 0.5; Direction 0.33 < 0.6
UBA6-DT	Excitatory_neuron	11	8	13	8	0.4213	SMC038	0.4545	UBA6-DT-210	FAIL	Direction 0.45 < 0.6
UBAC1	Excitatory_neuron	12	7	13	8	0.3329	PO28	0.75	transcript224320.chr9.nic	PASS	
UBAP2	Excitatory_neuron	10	6	13	8	0.1339	SMC032	0.9	UBAP2-204	PASS	
UBAP2L	Excitatory_neuron	9	6	13	8	0.2482	SMC038	0.6667	UBAP2L-209	PASS	
UBC	Excitatory_neuron	13	8	13	8	1.1205	SMC049	0.4615	UBC-201	FAIL	Jackknife 1.12 ≥ 0.5; Direction 0.46 < 0.6
UBE2D3	Excitatory_neuron	12	8	13	8	0.284	SMC032	0.5833	UBE2D3-210	FAIL	Direction 0.58 < 0.6
UBE2E2	Excitatory_neuron	13	8	13	8	0.2259	SMC049	0.7692	UBE2E2-202	PASS	
UBE2F	Excitatory_neuron	8	6	13	8	0.0		1.0	transcript405030.chr2.nnic	PASS	
UBE2G2	Excitatory_neuron	13	8	13	8	0.7477	SMC049	0.7692	UBE2G2-206	FAIL	Jackknife 0.75 ≥ 0.5
UBE2I	Excitatory_neuron	13	8	13	8	1.1769	SMC049	0.4615	UBE2I-212	FAIL	Jackknife 1.18 ≥ 0.5; Direction 0.46 < 0.6
UBE2J2	Excitatory_neuron	10	6	13	8	0.6257	SMC039	0.5	UBE2J2-201	FAIL	Jackknife 0.63 ≥ 0.5; Direction 0.50 < 0.6
UBE2K	Excitatory_neuron	9	8	13	8	0.5432	SMC049	0.3333	UBE2K-203	FAIL	Jackknife 0.54 ≥ 0.5; Direction 0.33 < 0.6
UBE2Q2	Excitatory_neuron	6	7	13	8	0.9042	SMC038	0.5	UBE2Q2-201	FAIL	Jackknife 0.90 ≥ 0.5; Direction 0.50 < 0.6
UBE3A	Excitatory_neuron	12	8	13	8	0.685	PO11	0.5833	UBE3A-232	FAIL	Jackknife 0.69 ≥ 0.5; Direction 0.58 < 0.6
UBE3B	Excitatory_neuron	9	7	13	8	0.3994	SMC038	0.7778	transcript156289.chr12.nic	PASS	
UBE4A	Excitatory_neuron	11	8	13	8	0.2853	SMC049	0.7273	UBE4A-201	PASS	
UBN1	Excitatory_neuron	11	5	13	8	0.5081	SMC049	0.3636	UBN1-201	FAIL	Jackknife 0.51 ≥ 0.5; Direction 0.36 < 0.6
UBN2	Excitatory_neuron	13	7	13	8	0.0203	PO05	0.9231	transcript204969.chr7.nnic	PASS	
UBOX5	Excitatory_neuron	11	6	13	8	0.0941	SMC049	0.8182	UBOX5-201	PASS	
UBQLN2	Excitatory_neuron	12	8	13	8	0.6297	SMC049	0.1667	UBQLN2-201	FAIL	Jackknife 0.63 ≥ 0.5; Direction 0.17 < 0.6
UBR1	Excitatory_neuron	12	8	13	8	0.7173	PO11	0.4167	UBR1-201	FAIL	Jackknife 0.72 ≥ 0.5; Direction 0.42 < 0.6
UBR2	Excitatory_neuron	10	8	13	8	0.2029	PO28	0.8	UBR2-201	PASS	
UBR3	Excitatory_neuron	12	8	13	8	0.8595	SMC049	0.4167	UBR3-201	FAIL	Jackknife 0.86 ≥ 0.5; Direction 0.42 < 0.6
UBR4	Excitatory_neuron	12	8	13	8	0.5198	SMC038	0.5	transcript38237.chr1.nic	FAIL	Jackknife 0.52 ≥ 0.5; Direction 0.50 < 0.6
UBR5	Excitatory_neuron	13	8	13	8	0.0338	PO41	1.0	UBR5-201	PASS	
UBTF	Excitatory_neuron	12	7	13	8	0.3745	SMC049	0.6667	UBTF-202	PASS	
UBXN2B	Excitatory_neuron	8	6	13	8	0.0418	SMC032	0.875	transcript104319.chr8.nic	PASS	
UBXN4	Excitatory_neuron	12	8	13	8	0.2691	SMC049	0.6667	UBXN4-201	PASS	
UBXN7	Excitatory_neuron	12	8	13	8	0.5207	PO41	0.25	UBXN7-201	FAIL	Jackknife 0.52 ≥ 0.5; Direction 0.25 < 0.6
UCHL1	Excitatory_neuron	13	8	13	8	1.1979	SMC049	0.7692	UCHL1-209	FAIL	Jackknife 1.20 ≥ 0.5
UCHL5	Excitatory_neuron	13	8	13	8	0.771	SMC049	0.7692	UCHL5-206	FAIL	Jackknife 0.77 ≥ 0.5
UCK2	Excitatory_neuron	8	7	13	8	0.1209	SMC038	0.5	UCK2-208	FAIL	Direction 0.50 < 0.6
UGGT2	Excitatory_neuron	12	8	13	8	0.3437	SMC049	0.6667	UGGT2-203	PASS	
UGP2	Excitatory_neuron	12	8	13	8	0.9421	SMC049	0.4167	UGP2-211	FAIL	Jackknife 0.94 ≥ 0.5; Direction 0.42 < 0.6
UHMK1	Excitatory_neuron	12	8	13	8	0.9031	SMC049	0.3333	UHMK1-202	FAIL	Jackknife 0.90 ≥ 0.5; Direction 0.33 < 0.6
UHRF2	Excitatory_neuron	9	7	13	8	0.9381	SMC032	0.3333	UHRF2-201	FAIL	Jackknife 0.94 ≥ 0.5; Direction 0.33 < 0.6
UIMC1	Excitatory_neuron	9	6	13	8	0.3668	SMC049	0.4444	transcript238362.chr5.nic	FAIL	Direction 0.44 < 0.6
ULK2	Excitatory_neuron	11	7	13	8	0.3306	PO42	0.6364	ULK2-202	PASS	
ULK3	Excitatory_neuron	13	8	13	8	1.3236	SMC038	0.5385	ULK3-222	FAIL	Jackknife 1.32 ≥ 0.5; Direction 0.54 < 0.6
UMAD1	Excitatory_neuron	10	6	13	8	0.3268	SMC049	0.7	UMAD1-210	PASS	
UMPS	Excitatory_neuron	8	5	13	8	0.9334	PO42	0.25	UMPS-206	FAIL	Jackknife 0.93 ≥ 0.5; Direction 0.25 < 0.6
UNC119	Excitatory_neuron	11	8	13	8	0.2212	SMC041	0.4545	UNC119-202	FAIL	Direction 0.45 < 0.6
UNC13A	Excitatory_neuron	11	8	13	8	0.125	SMC049	0.9091	UNC13A-202	PASS	
UNC13B	Excitatory_neuron	11	8	13	8	0.363	SMC049	0.2727	UNC13B-209	FAIL	Direction 0.27 < 0.6
UNC45A	Excitatory_neuron	8	8	13	8	0.3984	SMC039	0.875	UNC45A-202	PASS	
UNC79	Excitatory_neuron	13	7	13	8	1.3825	SMC039	0.2308	UNC79-205	FAIL	Jackknife 1.38 ≥ 0.5; Direction 0.23 < 0.6
UNC80	Excitatory_neuron	12	8	13	8	0.4513	PO41	0.5	UNC80-208	FAIL	Direction 0.50 < 0.6
UPF3A	Excitatory_neuron	12	8	13	8	0.8102	SMC049	0.4167	UPF3A-201	FAIL	Jackknife 0.81 ≥ 0.5; Direction 0.42 < 0.6
UPF3B	Excitatory_neuron	12	8	13	8	0.7179	SMC049	0.3333	UPF3B-202	FAIL	Jackknife 0.72 ≥ 0.5; Direction 0.33 < 0.6
UQCC1	Excitatory_neuron	10	6	13	8	1.3447	PO28	0.5	UQCC1-208	FAIL	Jackknife 1.34 ≥ 0.5; Direction 0.50 < 0.6
UQCC2	Excitatory_neuron	13	8	13	8	0.2606	SMC049	0.7692	UQCC2-203	PASS	
URM1	Excitatory_neuron	10	6	13	8	0.2897	SMC049	0.8	URM1-203	PASS	
UROD	Excitatory_neuron	9	5	13	8	0.6531	SMC049	0.4444	UROD-224	FAIL	Jackknife 0.65 ≥ 0.5; Direction 0.44 < 0.6
USP1	Excitatory_neuron	11	7	13	8	1.228	SMC029	0.0909	USP1-201	FAIL	Jackknife 1.23 ≥ 0.5; Direction 0.09 < 0.6
USP11	Excitatory_neuron	12	8	13	8	0.5967	SMC049	0.5	USP11-206	FAIL	Jackknife 0.60 ≥ 0.5; Direction 0.50 < 0.6
USP13	Excitatory_neuron	10	6	13	8	0.5288	PO05	0.5	USP13-217	FAIL	Jackknife 0.53 ≥ 0.5; Direction 0.50 < 0.6
USP16	Excitatory_neuron	12	8	13	8	0.1955	SMC041	0.5833	USP16-205	FAIL	Direction 0.58 < 0.6
USP22	Excitatory_neuron	8	5	13	8	0.6243	SMC049	0.5	USP22-201	FAIL	Jackknife 0.62 ≥ 0.5; Direction 0.50 < 0.6
USP24	Excitatory_neuron	11	7	13	8	0.0		1.0	USP24-201	PASS	
USP25	Excitatory_neuron	13	8	13	8	0.0798	PO05	0.8462	USP25-201	PASS	
USP28	Excitatory_neuron	11	7	13	8	0.9789	SMC036	0.7273	USP28-217	FAIL	Jackknife 0.98 ≥ 0.5
USP31	Excitatory_neuron	11	7	13	8	0.396	PO28	0.9091	USP31-203	PASS	
USP33	Excitatory_neuron	13	8	13	8	1.1613	SMC041	0.5385	USP33-203	FAIL	Jackknife 1.16 ≥ 0.5; Direction 0.54 < 0.6
USP34	Excitatory_neuron	13	8	13	8	0.4436	SMC049	0.6923	USP34-201	PASS	
USP37	Excitatory_neuron	11	8	13	8	0.3629	PO41	0.5455	USP37-205	FAIL	Direction 0.55 < 0.6
USP38	Excitatory_neuron	9	7	13	8	0.8831	PO11	0.6667	USP38-201	FAIL	Jackknife 0.88 ≥ 0.5
USP39	Excitatory_neuron	10	6	13	8	0.4227	SMC049	0.6	USP39-210	PASS	
USP46	Excitatory_neuron	12	8	13	8	0.0859	SMC049	1.0	USP46-201	PASS	
USP47	Excitatory_neuron	13	8	13	8	1.8636	SMC049	0.6923	USP47-202	FAIL	Jackknife 1.86 ≥ 0.5
USP48	Excitatory_neuron	12	8	13	8	0.2266	SMC038	0.5	USP48-205	FAIL	Direction 0.50 < 0.6
USP5	Excitatory_neuron	13	8	13	8	0.1311	SMC032	0.4615	USP5-201	FAIL	Direction 0.46 < 0.6
USP53	Excitatory_neuron	8	6	13	8	0.276	SMC038	0.375	USP53-209	FAIL	Direction 0.38 < 0.6
USP54	Excitatory_neuron	10	7	13	8	0.0		1.0	USP54-222	PASS	
USP8	Excitatory_neuron	12	8	13	8	0.3909	SMC049	0.8333	USP8-201	PASS	
USP9Y	Excitatory_neuron	5	6	13	8	1.1152	PO41	0.4	USP9Y-201	FAIL	Jackknife 1.12 ≥ 0.5; Direction 0.40 < 0.6
UTP25	Excitatory_neuron	10	6	13	8	0.0554	SMC038	0.9	UTP25-202	PASS	
UTP4	Excitatory_neuron	9	7	13	8	0.2566	SMC049	0.6667	UTP4-203	PASS	
UVSSA	Excitatory_neuron	9	6	13	8	0.3651	SMC032	0.5556	UVSSA-212	FAIL	Direction 0.56 < 0.6
VAMP1	Excitatory_neuron	11	8	13	8	0.643	PO28	0.5455	VAMP1-202	FAIL	Jackknife 0.64 ≥ 0.5; Direction 0.55 < 0.6
VAMP7	Excitatory_neuron	9	8	13	8	0.2413	SMC049	0.8889	VAMP7-202	PASS	
VARS2	Excitatory_neuron	6	6	13	8	0.4534	SMC032	0.6667	transcript39904.chr6.nnic	PASS	
VASH1	Excitatory_neuron	9	7	13	8	0.1657	SMC032	0.7778	transcript86869.chr14.nnic	PASS	
VCL	Excitatory_neuron	9	8	13	8	0.581	SMC041	0.5556	transcript134062.chr10.nnic	FAIL	Jackknife 0.58 ≥ 0.5; Direction 0.56 < 0.6
VCP	Excitatory_neuron	13	8	13	8	0.4901	PO28	0.3846	VCP-201	FAIL	Direction 0.38 < 0.6
VDAC1	Excitatory_neuron	12	8	13	8	0.5238	SMC049	0.8333	VDAC1-201	FAIL	Jackknife 0.52 ≥ 0.5
VDAC3	Excitatory_neuron	11	7	13	8	0.1145	SMC049	0.9091	VDAC3-201	PASS	
VEZF1	Excitatory_neuron	9	8	13	8	0.0663	SMC049	0.8889	VEZF1-204	PASS	
VEZT	Excitatory_neuron	12	8	13	8	0.5076	PO28	0.75	VEZT-220	FAIL	Jackknife 0.51 ≥ 0.5
VIPAS39	Excitatory_neuron	9	6	13	8	0.0605	PO28	0.8889	VIPAS39-206	PASS	
VIPR1	Excitatory_neuron	7	4	13	8	0.2067	SMC038	1.0	VIPR1-217	PASS	
VLDLR	Excitatory_neuron	10	7	13	8	0.0296	SMC038	1.0	VLDLR-224	PASS	
VOPP1	Excitatory_neuron	9	6	13	8	0.8612	SMC038	0.3333	transcript67938.chr7.nic	FAIL	Jackknife 0.86 ≥ 0.5; Direction 0.33 < 0.6
VPS13B	Excitatory_neuron	12	7	13	8	0.1887	PO41	0.4167	VPS13B-221	FAIL	Direction 0.42 < 0.6
VPS16	Excitatory_neuron	13	7	13	8	0.937	SMC049	0.2308	VPS16-203	FAIL	Jackknife 0.94 ≥ 0.5; Direction 0.23 < 0.6
VPS26A	Excitatory_neuron	10	6	13	8	1.0143	SMC049	0.1	VPS26A-203	FAIL	Jackknife 1.01 ≥ 0.5; Direction 0.10 < 0.6
VPS28	Excitatory_neuron	9	8	13	8	0.1319	SMC049	1.0	VPS28-212	PASS	
VPS29	Excitatory_neuron	7	7	13	8	0.969	PO28	0.2857	transcript158977.chr12.nnic	FAIL	Jackknife 0.97 ≥ 0.5; Direction 0.29 < 0.6
VPS35	Excitatory_neuron	11	7	13	8	0.9199	SMC049	0.3636	VPS35-209	FAIL	Jackknife 0.92 ≥ 0.5; Direction 0.36 < 0.6
VPS39	Excitatory_neuron	12	8	13	8	0.47	SMC038	0.3333	VPS39-201	FAIL	Direction 0.33 < 0.6
VPS45	Excitatory_neuron	10	8	13	8	1.0656	SMC049	0.8	VPS45-227	FAIL	Jackknife 1.07 ≥ 0.5
VPS50	Excitatory_neuron	12	6	13	8	0.5718	SMC032	0.5	VPS50-205	FAIL	Jackknife 0.57 ≥ 0.5; Direction 0.50 < 0.6
VPS51	Excitatory_neuron	13	8	13	8	0.0898	SMC049	1.0	VPS51-216	PASS	
VPS52	Excitatory_neuron	11	6	13	8	0.2499	SMC049	0.6364	transcript42184.chr6.nic	PASS	
VPS53	Excitatory_neuron	12	8	13	8	0.2983	SMC039	0.3333	VPS53-219	FAIL	Direction 0.33 < 0.6
VPS8	Excitatory_neuron	10	6	13	8	0.1036	PO41	0.9	VPS8-204	PASS	
VRK1	Excitatory_neuron	9	5	13	8	0.2038	SMC032	0.8889	VRK1-201	PASS	
VRK3	Excitatory_neuron	11	6	13	8	0.0		1.0	VRK3-212	PASS	
VSTM2A	Excitatory_neuron	9	7	13	8	0.7533	SMC038	0.3333	VSTM2A-201	FAIL	Jackknife 0.75 ≥ 0.5; Direction 0.33 < 0.6
VSTM4	Excitatory_neuron	6	6	13	8	1.0	PO11	0.1667	transcript100615.chr10.nnic	FAIL	Jackknife 1.00 ≥ 0.5; Direction 0.17 < 0.6
VTA1	Excitatory_neuron	10	8	13	8	0.0403	SMC049	1.0	transcript193705.chr6.nic	PASS	
VTI1A	Excitatory_neuron	12	7	13	8	0.1265	PO41	0.8333	VTI1A-210	PASS	
VWC2L	Excitatory_neuron	11	6	13	8	0.6283	PO28	0.4545	VWC2L-201	FAIL	Jackknife 0.63 ≥ 0.5; Direction 0.45 < 0.6
WAPL	Excitatory_neuron	13	8	13	8	1.5148	SMC038	0.1538	transcript156502.chr10.nnic	FAIL	Jackknife 1.51 ≥ 0.5; Direction 0.15 < 0.6
WARS1	Excitatory_neuron	10	7	13	8	1.0	SMC041	0.1	WARS1-201	FAIL	Jackknife 1.00 ≥ 0.5; Direction 0.10 < 0.6
WASF1	Excitatory_neuron	13	8	13	8	0.209	SMC049	0.5385	WASF1-205	FAIL	Direction 0.54 < 0.6
WASHC2A	Excitatory_neuron	10	8	13	8	0.1903	PO28	0.6	WASHC2A-203	PASS	
WASHC4	Excitatory_neuron	9	7	13	8	1.3869	PO28	0.5556	WASHC4-202	FAIL	Jackknife 1.39 ≥ 0.5; Direction 0.56 < 0.6
WASHC5	Excitatory_neuron	8	5	13	8	0.0358	PO41	0.875	WASHC5-201	PASS	
WDFY3	Excitatory_neuron	13	8	13	8	0.5653	SMC041	0.6923	WDFY3-201	FAIL	Jackknife 0.57 ≥ 0.5
WDHD1	Excitatory_neuron	8	7	13	8	0.0798	SMC036	0.875	WDHD1-202	PASS	
WDPCP	Excitatory_neuron	11	7	13	8	0.7247	SMC038	0.6364	WDPCP-201	FAIL	Jackknife 0.72 ≥ 0.5
WDR1	Excitatory_neuron	11	7	13	8	0.2031	SMC038	0.7273	WDR1-211	PASS	
WDR11	Excitatory_neuron	12	8	13	8	0.2107	SMC049	0.8333	transcript206384.chr10.nic	PASS	
WDR13	Excitatory_neuron	12	6	13	8	1.0876	SMC038	0.5	WDR13-202	FAIL	Jackknife 1.09 ≥ 0.5; Direction 0.50 < 0.6
WDR19	Excitatory_neuron	12	7	13	8	0.4209	PO05	0.5833	WDR19-208	FAIL	Direction 0.58 < 0.6
WDR20	Excitatory_neuron	10	8	13	8	0.1992	SMC038	0.9	WDR20-201	PASS	
WDR25	Excitatory_neuron	9	5	13	8	0.4987	SMC049	0.7778	WDR25-201	PASS	
WDR37	Excitatory_neuron	9	6	13	8	0.0321	SMC038	0.8889	WDR37-210	PASS	
WDR41	Excitatory_neuron	8	8	13	8	0.5592	SMC049	0.375	WDR41-202	FAIL	Jackknife 0.56 ≥ 0.5; Direction 0.38 < 0.6
WDR43	Excitatory_neuron	11	7	13	8	0.0458	SMC049	1.0	WDR43-202	PASS	
WDR44	Excitatory_neuron	9	7	13	8	1.0	SMC041	0.1111	WDR44-201	FAIL	Jackknife 1.00 ≥ 0.5; Direction 0.11 < 0.6
WDR47	Excitatory_neuron	12	7	13	8	0.1843	PO28	0.6667	WDR47-202	PASS	
WDR70	Excitatory_neuron	11	8	13	8	0.8348	PO11	0.4545	WDR70-207	FAIL	Jackknife 0.83 ≥ 0.5; Direction 0.45 < 0.6
WDR73	Excitatory_neuron	9	7	13	8	0.7122	SMC049	0.3333	WDR73-202	FAIL	Jackknife 0.71 ≥ 0.5; Direction 0.33 < 0.6
WDR75	Excitatory_neuron	8	5	13	8	0.5639	SMC049	0.5	WDR75-201	FAIL	Jackknife 0.56 ≥ 0.5; Direction 0.50 < 0.6
WDR83	Excitatory_neuron	3	6	13	8					INSUFFICIENT_DATA	reads 있는 도너 부족: AD=3/5, CT=6/4
WDR89	Excitatory_neuron	11	8	13	8	0.4287	PO41	0.8182	WDR89-204	PASS	
WDR90	Excitatory_neuron	12	7	13	8	0.7527	SMC038	0.25	WDR90-222	FAIL	Jackknife 0.75 ≥ 0.5; Direction 0.25 < 0.6
WDR91	Excitatory_neuron	10	8	13	8	0.1943	SMC041	0.9	WDR91-208	PASS	
WFS1	Excitatory_neuron	10	6	13	8	0.2153	SMC038	0.8	WFS1-201	PASS	
WIPI2	Excitatory_neuron	9	7	13	8	1.1882	SMC049	0.7778	transcript9421.chr7.nic	FAIL	Jackknife 1.19 ≥ 0.5
WNK1	Excitatory_neuron	10	7	13	8	0.2559	PO28	0.8	WNK1-204	PASS	
WNT3	Excitatory_neuron	9	7	13	8	0.4597	SMC039	0.6667	WNT3-201	PASS	
WSB1	Excitatory_neuron	13	8	13	8	0.773	SMC049	0.3077	WSB1-209	FAIL	Jackknife 0.77 ≥ 0.5; Direction 0.31 < 0.6
WSCD2	Excitatory_neuron	5	6	13	8	0.0		1.0	transcript154026.chr12.nnic	PASS	
WTAP	Excitatory_neuron	8	7	13	8	0.0723	SMC032	0.875	WTAP-206	PASS	
WWOX	Excitatory_neuron	8	5	13	8	0.6985	SMC036	0.25	WWOX-218	FAIL	Jackknife 0.70 ≥ 0.5; Direction 0.25 < 0.6
WWP2	Excitatory_neuron	9	7	13	8	0.382	SMC049	0.6667	WWP2-216	PASS	
XIST	Excitatory_neuron	6	1	13	8					INSUFFICIENT_DATA	reads 있는 도너 부족: AD=6/5, CT=1/4
XPNPEP1	Excitatory_neuron	10	7	13	8	0.2898	PO05	0.3	XPNPEP1-213	FAIL	Direction 0.30 < 0.6
XPO1	Excitatory_neuron	11	8	13	8	0.0618	PO41	1.0	XPO1-236	PASS	
XPO5	Excitatory_neuron	11	8	13	8	0.2857	SMC038	0.2727	XPO5-207	FAIL	Direction 0.27 < 0.6
XPR1	Excitatory_neuron	10	6	13	8	0.3174	PO42	0.9	XPR1-201	PASS	
XRCC1	Excitatory_neuron	11	7	13	8	0.496	SMC049	0.2727	XRCC1-202	FAIL	Direction 0.27 < 0.6
XRCC5	Excitatory_neuron	11	7	13	8	0.2897	SMC038	0.5455	XRCC5-202	FAIL	Direction 0.55 < 0.6
XRN1	Excitatory_neuron	12	8	13	8	0.2449	PO28	0.5833	XRN1-203	FAIL	Direction 0.58 < 0.6
XXYLT1	Excitatory_neuron	7	8	13	8	1.0374	SMC049	0.7143	XXYLT1-205	FAIL	Jackknife 1.04 ≥ 0.5
YAF2	Excitatory_neuron	8	6	13	8	0.4104	SMC049	0.5	transcript59105.chr12.nic	FAIL	Direction 0.50 < 0.6
YARS1	Excitatory_neuron	12	7	13	8	0.0952	SMC038	0.5833	YARS1-201	FAIL	Direction 0.58 < 0.6
YDJC	Excitatory_neuron	8	6	13	8	0.6105	SMC038	0.125	YDJC-206	FAIL	Jackknife 0.61 ≥ 0.5; Direction 0.12 < 0.6
YIPF6	Excitatory_neuron	9	5	13	8	0.0		0.0	YIPF6-204	FAIL	Direction 0.00 < 0.6
YJEFN3	Excitatory_neuron	11	8	13	8	0.1641	SMC049	0.9091	YJEFN3-201	PASS	
YJU2B	Excitatory_neuron	13	7	13	8	0.2876	SMC041	0.3846	YJU2B-212	FAIL	Direction 0.38 < 0.6
YLPM1	Excitatory_neuron	13	8	13	8	0.2112	PO28	0.3077	YLPM1-201	FAIL	Direction 0.31 < 0.6
YME1L1	Excitatory_neuron	10	8	13	8	0.3728	PO28	0.6	YME1L1-206	PASS	
YPEL2	Excitatory_neuron	12	8	13	8	0.9057	SMC049	0.6667	YPEL2-201	FAIL	Jackknife 0.91 ≥ 0.5
YPEL4	Excitatory_neuron	9	6	13	8	0.2235	SMC049	0.6667	YPEL4-203	PASS	
YPEL5	Excitatory_neuron	11	8	13	8	0.125	SMC032	0.8182	YPEL5-201	PASS	
YTHDC2	Excitatory_neuron	12	8	13	8	0.0432	PO41	1.0	YTHDC2-207	PASS	
YTHDF2	Excitatory_neuron	12	8	13	8	0.4402	SMC049	0.8333	YTHDF2-201	PASS	
YWHAB	Excitatory_neuron	12	8	13	8	1.6846	SMC049	0.8333	YWHAB-201	FAIL	Jackknife 1.68 ≥ 0.5
YWHAH-AS1	Excitatory_neuron	10	8	13	8	0.2165	SMC041	0.9	YWHAH-AS1-207	PASS	
YWHAZ	Excitatory_neuron	13	8	13	8	1.3609	SMC049	0.6154	YWHAZ-206	FAIL	Jackknife 1.36 ≥ 0.5
YY1	Excitatory_neuron	13	8	13	8	0.7876	SMC049	0.7692	YY1-201	FAIL	Jackknife 0.79 ≥ 0.5
YY1AP1	Excitatory_neuron	10	7	13	8	0.5156	SMC049	0.4	YY1AP1-205	FAIL	Jackknife 0.52 ≥ 0.5; Direction 0.40 < 0.6
ZBBX	Excitatory_neuron	8	5	13	8	0.0251	PO28	1.0	ZBBX-214	PASS	
ZBED1	Excitatory_neuron	9	6	13	8	1.7349	SMC039	0.1111	ZBED1-206	FAIL	Jackknife 1.73 ≥ 0.5; Direction 0.11 < 0.6
ZBTB1	Excitatory_neuron	11	8	13	8	0.6122	SMC049	0.5455	ZBTB1-207	FAIL	Jackknife 0.61 ≥ 0.5; Direction 0.55 < 0.6
ZBTB11	Excitatory_neuron	11	8	13	8	0.3397	SMC049	0.6364	ZBTB11-215	PASS	
ZBTB11-AS1	Excitatory_neuron	6	6	13	8	0.128	SMC049	0.8333	ZBTB11-AS1-201	PASS	
ZBTB16	Excitatory_neuron	12	8	13	8	2.5304	SMC049	0.1667	ZBTB16-202	FAIL	Jackknife 2.53 ≥ 0.5; Direction 0.17 < 0.6
ZBTB17	Excitatory_neuron	11	8	13	8	0.2403	SMC049	0.8182	ZBTB17-202	PASS	
ZBTB24	Excitatory_neuron	10	7	13	8	0.9636	SMC039	0.2	transcript154869.chr6.nnic	FAIL	Jackknife 0.96 ≥ 0.5; Direction 0.20 < 0.6
ZBTB25	Excitatory_neuron	9	6	13	8	0.1918	SMC032	0.7778	transcript59950.chr14.nnic	PASS	
ZBTB37	Excitatory_neuron	11	7	13	8	0.2385	SMC038	0.9091	ZBTB37-204	PASS	
ZBTB38	Excitatory_neuron	12	8	13	8	0.1811	PO05	0.75	ZBTB38-210	PASS	
ZBTB40	Excitatory_neuron	8	6	13	8	0.0582	SMC049	1.0	ZBTB40-202	PASS	
ZBTB43	Excitatory_neuron	12	7	13	8	0.7499	SMC049	0.5833	ZBTB43-202	FAIL	Jackknife 0.75 ≥ 0.5; Direction 0.58 < 0.6
ZC2HC1A	Excitatory_neuron	11	8	13	8	1.6162	SMC049	0.4545	ZC2HC1A-202	FAIL	Jackknife 1.62 ≥ 0.5; Direction 0.45 < 0.6
ZC3H11A	Excitatory_neuron	11	8	13	8	0.6917	PO28	0.6364	ZC3H11A-213	FAIL	Jackknife 0.69 ≥ 0.5
ZC3H13	Excitatory_neuron	13	8	13	8	0.2762	PO28	0.8462	ZC3H13-206	PASS	
ZC3H14	Excitatory_neuron	12	8	13	8	0.2317	PO28	0.5	ZC3H14-201	FAIL	Direction 0.50 < 0.6
ZC3H3	Excitatory_neuron	11	8	13	8	0.4457	SMC049	0.2727	transcript195640.chr8.nic	FAIL	Direction 0.27 < 0.6
ZC3H7A	Excitatory_neuron	9	8	13	8	0.5602	SMC049	0.5556	ZC3H7A-201	FAIL	Jackknife 0.56 ≥ 0.5; Direction 0.56 < 0.6
ZC3H7B	Excitatory_neuron	11	7	13	8	0.286	SMC043	0.5455	ZC3H7B-202	FAIL	Direction 0.55 < 0.6
ZCCHC17	Excitatory_neuron	12	7	13	8	0.6012	SMC049	0.6667	transcript54898.chr1.nnic	FAIL	Jackknife 0.60 ≥ 0.5
ZCCHC4	Excitatory_neuron	9	6	13	8	0.3031	PO28	0.4444	ZCCHC4-201	FAIL	Direction 0.44 < 0.6
ZCRB1	Excitatory_neuron	11	6	13	8	0.1846	SMC049	0.9091	ZCRB1-204	PASS	
ZDBF2	Excitatory_neuron	12	7	13	8	0.1669	SMC049	0.6667	ZDBF2-207	PASS	
ZDHHC14	Excitatory_neuron	10	7	13	8	0.8169	SMC049	0.2	ZDHHC14-204	FAIL	Jackknife 0.82 ≥ 0.5; Direction 0.20 < 0.6
ZEB1	Excitatory_neuron	10	7	13	8	0.2335	PO28	0.7	ZEB1-204	PASS	
ZEB2	Excitatory_neuron	13	8	13	8	0.1384	SMC049	0.5385	ZEB2-218	FAIL	Direction 0.54 < 0.6
ZFAND1	Excitatory_neuron	9	6	13	8	1.0311	SMC049	0.6667	ZFAND1-201	FAIL	Jackknife 1.03 ≥ 0.5
ZFAND2B	Excitatory_neuron	11	6	13	8	0.6044	SMC049	0.6364	ZFAND2B-214	FAIL	Jackknife 0.60 ≥ 0.5
ZFAND3	Excitatory_neuron	9	7	13	8	0.5133	PO11	0.4444	transcript52347.chr6.nic	FAIL	Jackknife 0.51 ≥ 0.5; Direction 0.44 < 0.6
ZFC3H1	Excitatory_neuron	12	8	13	8	0.2181	SMC049	0.5833	ZFC3H1-201	FAIL	Direction 0.58 < 0.6
ZFP62	Excitatory_neuron	9	8	13	8	0.1103	SMC049	0.8889	transcript247210.chr5.nnic	PASS	
ZFP64	Excitatory_neuron	7	6	13	8	0.0681	SMC049	1.0	transcript66889.chr20.nnic	PASS	
ZFP69B	Excitatory_neuron	11	8	13	8	0.735	SMC049	0.6364	ZFP69B-203	FAIL	Jackknife 0.73 ≥ 0.5
ZFP90	Excitatory_neuron	12	8	13	8	0.1134	PO11	0.9167	ZFP90-209	PASS	
ZFYVE1	Excitatory_neuron	9	6	13	8	0.7024	PO05	0.4444	ZFYVE1-208	FAIL	Jackknife 0.70 ≥ 0.5; Direction 0.44 < 0.6
ZFYVE16	Excitatory_neuron	13	8	13	8	0.3273	SMC049	0.6154	ZFYVE16-206	PASS	
ZFYVE21	Excitatory_neuron	12	8	13	8	0.9013	SMC049	0.4167	ZFYVE21-201	FAIL	Jackknife 0.90 ≥ 0.5; Direction 0.42 < 0.6
ZFYVE27	Excitatory_neuron	10	8	13	8	0.5062	SMC038	0.5	ZFYVE27-212	FAIL	Jackknife 0.51 ≥ 0.5; Direction 0.50 < 0.6
ZGPAT	Excitatory_neuron	10	8	13	8	4.2132	SMC049	0.7	ZGPAT-209	FAIL	Jackknife 4.21 ≥ 0.5
ZGRF1	Excitatory_neuron	9	5	13	8	0.0776	PO05	0.8889	ZGRF1-205	PASS	
ZHX1	Excitatory_neuron	12	8	13	8	0.1752	SMC049	0.6667	ZHX1-201	PASS	
ZHX3	Excitatory_neuron	7	3	13	8					INSUFFICIENT_DATA	reads 있는 도너 부족: AD=7/5, CT=3/4
ZIK1	Excitatory_neuron	6	2	13	8					INSUFFICIENT_DATA	reads 있는 도너 부족: AD=6/5, CT=2/4
ZKSCAN1	Excitatory_neuron	12	7	13	8	0.4276	SMC049	0.75	ZKSCAN1-204	PASS	
ZKSCAN5	Excitatory_neuron	9	7	13	8	0.2756	SMC049	0.5556	ZKSCAN5-201	FAIL	Direction 0.56 < 0.6
ZKSCAN8	Excitatory_neuron	12	8	13	8	0.4966	PO11	0.3333	ZKSCAN8-201	FAIL	Direction 0.33 < 0.6
ZMPSTE24	Excitatory_neuron	8	6	13	8	0.0		1.0	transcript70507.chr1.nnic	PASS	
ZMYM2	Excitatory_neuron	13	8	13	8	0.5805	SMC038	0.6923	ZMYM2-210	FAIL	Jackknife 0.58 ≥ 0.5
ZMYM6	Excitatory_neuron	12	8	13	8	0.2314	PO28	0.5833	ZMYM6-202	FAIL	Direction 0.58 < 0.6
ZMYND11	Excitatory_neuron	10	7	13	8	0.9684	SMC049	0.2	ZMYND11-211	FAIL	Jackknife 0.97 ≥ 0.5; Direction 0.20 < 0.6
ZMYND8	Excitatory_neuron	12	8	13	8	1.0465	SMC041	0.1667	ZMYND8-202	FAIL	Jackknife 1.05 ≥ 0.5; Direction 0.17 < 0.6
ZNF10	Excitatory_neuron	9	7	13	8	0.7375	SMC049	0.7778	ZNF10-201	FAIL	Jackknife 0.74 ≥ 0.5
ZNF112	Excitatory_neuron	12	7	13	8	0.1645	PO05	0.6667	ZNF112-201	PASS	
ZNF117	Excitatory_neuron	10	7	13	8	0.3979	SMC041	0.5	ZNF117-201	FAIL	Direction 0.50 < 0.6
ZNF131	Excitatory_neuron	10	7	13	8	1.3147	PO11	0.5	ZNF131-214	FAIL	Jackknife 1.31 ≥ 0.5; Direction 0.50 < 0.6
ZNF133	Excitatory_neuron	6	5	13	8	0.1404	SMC038	0.8333	ZNF133-210	PASS	
ZNF135	Excitatory_neuron	7	5	13	8	0.2155	SMC049	0.8571	ZNF135-204	PASS	
ZNF138	Excitatory_neuron	12	8	13	8	0.2988	PO42	0.5	ZNF138-202	FAIL	Direction 0.50 < 0.6
ZNF142	Excitatory_neuron	7	6	13	8	0.2517	SMC038	0.7143	ZNF142-204	PASS	
ZNF146	Excitatory_neuron	10	6	13	8	0.5723	SMC049	0.8	ZNF146-202	FAIL	Jackknife 0.57 ≥ 0.5
ZNF148	Excitatory_neuron	12	8	13	8	0.8232	SMC049	0.3333	ZNF148-206	FAIL	Jackknife 0.82 ≥ 0.5; Direction 0.33 < 0.6
ZNF154	Excitatory_neuron	8	7	13	8	1.0105	PO28	0.75	ZNF154-201	FAIL	Jackknife 1.01 ≥ 0.5
ZNF160	Excitatory_neuron	13	8	13	8	0.3996	SMC049	0.5385	ZNF160-202	FAIL	Direction 0.54 < 0.6
ZNF169	Excitatory_neuron	9	6	13	8	0.0415	SMC038	0.6667	ZNF169-203	PASS	
ZNF17	Excitatory_neuron	12	8	13	8	0.4338	PO28	0.25	ZNF17-201	FAIL	Direction 0.25 < 0.6
ZNF18	Excitatory_neuron	9	6	13	8	0.8891	SMC049	0.4444	ZNF18-202	FAIL	Jackknife 0.89 ≥ 0.5; Direction 0.44 < 0.6
ZNF181	Excitatory_neuron	10	7	13	8	0.2113	SMC038	0.3	ZNF181-204	FAIL	Direction 0.30 < 0.6
ZNF182	Excitatory_neuron	9	7	13	8	0.6527	PO28	0.4444	ZNF182-201	FAIL	Jackknife 0.65 ≥ 0.5; Direction 0.44 < 0.6
ZNF184	Excitatory_neuron	10	8	13	8	0.8707	SMC032	0.7	ZNF184-203	FAIL	Jackknife 0.87 ≥ 0.5
ZNF197	Excitatory_neuron	11	7	13	8	0.2794	SMC032	0.9091	ZNF197-204	PASS	
ZNF207	Excitatory_neuron	12	8	13	8	0.7633	SMC038	0.25	ZNF207-201	FAIL	Jackknife 0.76 ≥ 0.5; Direction 0.25 < 0.6
ZNF211	Excitatory_neuron	9	6	13	8	0.967	SMC041	0.4444	ZNF211-211	FAIL	Jackknife 0.97 ≥ 0.5; Direction 0.44 < 0.6
ZNF214	Excitatory_neuron	8	5	13	8	1.0	SMC032	0.125	transcript10889.chr11.nnic	FAIL	Jackknife 1.00 ≥ 0.5; Direction 0.12 < 0.6
ZNF221	Excitatory_neuron	12	7	13	8	0.1572	SMC038	1.0	ZNF221-202	PASS	
ZNF224	Excitatory_neuron	11	8	13	8	1.2713	SMC032	0.1818	ZNF224-201	FAIL	Jackknife 1.27 ≥ 0.5; Direction 0.18 < 0.6
ZNF225-AS1	Excitatory_neuron	5	5	13	8	1.092	PO41	0.6	ZNF225-AS1-202	FAIL	Jackknife 1.09 ≥ 0.5
ZNF226	Excitatory_neuron	12	8	13	8	0.4121	SMC049	0.6667	ZNF226-202	PASS	
ZNF227	Excitatory_neuron	9	6	13	8	0.272	SMC041	0.8889	ZNF227-201	PASS	
ZNF23	Excitatory_neuron	12	7	13	8	0.368	PO42	0.5833	ZNF23-212	FAIL	Direction 0.58 < 0.6
ZNF235	Excitatory_neuron	7	6	13	8	0.5714	SMC032	0.4286	ZNF235-202	FAIL	Jackknife 0.57 ≥ 0.5; Direction 0.43 < 0.6
ZNF236	Excitatory_neuron	13	8	13	8	0.0353	SMC041	0.7692	ZNF236-202	PASS	
ZNF24	Excitatory_neuron	12	8	13	8	0.504	SMC032	0.4167	ZNF24-202	FAIL	Jackknife 0.50 ≥ 0.5; Direction 0.42 < 0.6
ZNF25	Excitatory_neuron	11	7	13	8	0.8204	PO41	0.4545	ZNF25-201	FAIL	Jackknife 0.82 ≥ 0.5; Direction 0.45 < 0.6
ZNF250	Excitatory_neuron	10	5	13	8	0.6421	SMC038	0.5	ZNF250-202	FAIL	Jackknife 0.64 ≥ 0.5; Direction 0.50 < 0.6
ZNF252P	Excitatory_neuron	9	6	13	8	0.1504	PO42	0.8889	ZNF252P-202	PASS	
ZNF254	Excitatory_neuron	13	8	13	8	0.5227	SMC049	0.6923	ZNF254-202	FAIL	Jackknife 0.52 ≥ 0.5
ZNF263	Excitatory_neuron	9	8	13	8	0.7842	SMC038	0.3333	ZNF263-201	FAIL	Jackknife 0.78 ≥ 0.5; Direction 0.33 < 0.6
ZNF266	Excitatory_neuron	5	6	13	8	1.1429	SMC049	0.2	ZNF266-202	FAIL	Jackknife 1.14 ≥ 0.5; Direction 0.20 < 0.6
ZNF267	Excitatory_neuron	11	8	13	8	0.3617	SMC038	0.3636	ZNF267-206	FAIL	Direction 0.36 < 0.6
ZNF268	Excitatory_neuron	11	7	13	8	0.4469	SMC032	0.3636	ZNF268-209	FAIL	Direction 0.36 < 0.6
ZNF273	Excitatory_neuron	11	8	13	8	0.0261	SMC029	0.9091	transcript74758.chr7.nnic	PASS	
ZNF280D	Excitatory_neuron	11	8	13	8	0.1934	SMC049	0.8182	ZNF280D-201	PASS	
ZNF286A	Excitatory_neuron	12	7	13	8	0.0855	SMC049	0.8333	ZNF286A-203	PASS	
ZNF287	Excitatory_neuron	10	7	13	8	0.3306	SMC038	0.2	transcript25385.chr17.nic	FAIL	Direction 0.20 < 0.6
ZNF3	Excitatory_neuron	9	7	13	8	0.1108	SMC049	0.7778	ZNF3-214	PASS	
ZNF30	Excitatory_neuron	7	6	13	8	0.6219	SMC049	0.7143	ZNF30-202	FAIL	Jackknife 0.62 ≥ 0.5
ZNF302	Excitatory_neuron	11	8	13	8	0.161	SMC049	0.7273	ZNF302-210	PASS	
ZNF317	Excitatory_neuron	8	7	13	8	0.0		1.0	ZNF317-202	PASS	
ZNF322	Excitatory_neuron	11	8	13	8	0.9333	SMC049	0.6364	ZNF322-201	FAIL	Jackknife 0.93 ≥ 0.5
ZNF331	Excitatory_neuron	12	8	13	8	0.3722	SMC049	0.5833	ZNF331-202	FAIL	Direction 0.58 < 0.6
ZNF334	Excitatory_neuron	10	6	13	8	0.3719	SMC038	0.8	ZNF334-202	PASS	
ZNF335	Excitatory_neuron	11	7	13	8	0.0267	SMC049	1.0	ZNF335-201	PASS	
ZNF337	Excitatory_neuron	10	6	13	8	0.1509	PO41	0.7	ZNF337-201	PASS	
ZNF33A	Excitatory_neuron	11	8	13	8	0.7207	SMC038	0.6364	ZNF33A-202	FAIL	Jackknife 0.72 ≥ 0.5
ZNF33B	Excitatory_neuron	10	8	13	8	0.2135	PO28	0.5	transcript92645.chr10.nnic	FAIL	Direction 0.50 < 0.6
ZNF345	Excitatory_neuron	11	8	13	8	0.8802	SMC029	0.6364	ZNF345-214	FAIL	Jackknife 0.88 ≥ 0.5
ZNF346	Excitatory_neuron	10	6	13	8	1.9432	PO28	0.2	ZNF346-208	FAIL	Jackknife 1.94 ≥ 0.5; Direction 0.20 < 0.6
ZNF347	Excitatory_neuron	10	4	13	8	0.1037	PO42	0.9	ZNF347-201	PASS	
ZNF35	Excitatory_neuron	11	8	13	8	0.7343	SMC038	0.6364	ZNF35-202	FAIL	Jackknife 0.73 ≥ 0.5
ZNF365	Excitatory_neuron	12	8	13	8	0.3452	SMC049	0.75	transcript114144.chr10.nic	PASS	
ZNF37A	Excitatory_neuron	11	8	13	8	0.9245	SMC039	0.2727	ZNF37A-201	FAIL	Jackknife 0.92 ≥ 0.5; Direction 0.27 < 0.6
ZNF397	Excitatory_neuron	11	8	13	8	0.3399	SMC038	0.6364	ZNF397-202	PASS	
ZNF407	Excitatory_neuron	10	7	13	8	0.3807	SMC038	0.7	ZNF407-204	PASS	
ZNF41	Excitatory_neuron	4	2	13	8					INSUFFICIENT_DATA	reads 있는 도너 부족: AD=4/5, CT=2/4
ZNF410	Excitatory_neuron	9	6	13	8	0.5505	SMC049	0.7778	ZNF410-211	FAIL	Jackknife 0.55 ≥ 0.5
ZNF415	Excitatory_neuron	10	5	13	8	0.0678	PO42	0.9	ZNF415-213	PASS	
ZNF418	Excitatory_neuron	10	6	13	8	0.4121	PO28	0.7	ZNF418-201	PASS	
ZNF419	Excitatory_neuron	9	6	13	8	0.3152	PO42	0.4444	ZNF419-205	FAIL	Direction 0.44 < 0.6
ZNF43	Excitatory_neuron	10	8	13	8	0.7733	PO11	0.2	ZNF43-202	FAIL	Jackknife 0.77 ≥ 0.5; Direction 0.20 < 0.6
ZNF433	Excitatory_neuron	8	5	13	8	0.3122	SMC038	0.75	ZNF433-208	PASS	
ZNF436	Excitatory_neuron	9	5	13	8	0.2184	SMC049	0.8889	ZNF436-201	PASS	
ZNF438	Excitatory_neuron	9	4	13	8	0.5921	SMC038	0.5556	ZNF438-205	FAIL	Jackknife 0.59 ≥ 0.5; Direction 0.56 < 0.6
ZNF439	Excitatory_neuron	11	7	13	8	0.28	SMC041	0.4545	ZNF439-204	FAIL	Direction 0.45 < 0.6
ZNF44	Excitatory_neuron	9	7	13	8	0.2981	SMC038	0.6667	ZNF44-202	PASS	
ZNF444	Excitatory_neuron	8	5	13	8	0.1948	SMC043	0.5	ZNF444-204	FAIL	Direction 0.50 < 0.6
ZNF451	Excitatory_neuron	13	8	13	8	0.1531	SMC032	0.9231	ZNF451-203	PASS	
ZNF461	Excitatory_neuron	8	4	13	8	0.0		1.0	ZNF461-202	PASS	
ZNF462	Excitatory_neuron	10	7	13	8	0.2072	SMC036	0.8	ZNF462-201	PASS	
ZNF471	Excitatory_neuron	9	6	13	8	0.5478	SMC038	0.7778	transcript148106.chr19.nic	FAIL	Jackknife 0.55 ≥ 0.5
ZNF483	Excitatory_neuron	13	8	13	8	0.5971	SMC038	0.2308	ZNF483-201	FAIL	Jackknife 0.60 ≥ 0.5; Direction 0.23 < 0.6
ZNF484	Excitatory_neuron	11	7	13	8	0.7785	SMC041	0.5455	ZNF484-201	FAIL	Jackknife 0.78 ≥ 0.5; Direction 0.55 < 0.6
ZNF493	Excitatory_neuron	12	8	13	8	0.4944	PO28	0.5	ZNF493-203	FAIL	Direction 0.50 < 0.6
ZNF496-DT	Excitatory_neuron	13	7	13	8	0.1868	SMC038	0.9231	ZNF496-DT-202	PASS	
ZNF500	Excitatory_neuron	11	8	13	8	0.103	SMC049	0.5455	ZNF500-201	FAIL	Direction 0.55 < 0.6
ZNF502	Excitatory_neuron	10	6	13	8	0.8611	SMC038	0.5	ZNF502-204	FAIL	Jackknife 0.86 ≥ 0.5; Direction 0.50 < 0.6
ZNF507	Excitatory_neuron	12	8	13	8	0.2695	SMC049	0.8333	ZNF507-205	PASS	
ZNF512	Excitatory_neuron	10	5	13	8	2.6275	SMC038	0.3	ZNF512-201	FAIL	Jackknife 2.63 ≥ 0.5; Direction 0.30 < 0.6
ZNF514	Excitatory_neuron	12	8	13	8	1.0016	SMC039	0.25	ZNF514-202	FAIL	Jackknife 1.00 ≥ 0.5; Direction 0.25 < 0.6
ZNF518A	Excitatory_neuron	11	8	13	8	0.5405	SMC032	0.4545	ZNF518A-205	FAIL	Jackknife 0.54 ≥ 0.5; Direction 0.45 < 0.6
ZNF519	Excitatory_neuron	10	8	13	8	0.6623	SMC038	0.8	ZNF519-202	FAIL	Jackknife 0.66 ≥ 0.5
ZNF527	Excitatory_neuron	11	7	13	8	0.0		1.0	ZNF527-206	PASS	
ZNF528	Excitatory_neuron	10	7	13	8	0.1102	SMC038	0.9	ZNF528-212	PASS	
ZNF532	Excitatory_neuron	11	7	13	8	0.3829	SMC049	0.5455	ZNF532-224	FAIL	Direction 0.55 < 0.6
ZNF542P	Excitatory_neuron	12	6	13	8	0.314	SMC049	0.5	ZNF542P-207	FAIL	Direction 0.50 < 0.6
ZNF544	Excitatory_neuron	9	7	13	8	0.2893	PO42	0.6667	ZNF544-223	PASS	
ZNF550	Excitatory_neuron	9	6	13	8	0.1858	PO41	0.7778	ZNF550-208	PASS	
ZNF554	Excitatory_neuron	9	7	13	8	0.324	SMC049	0.5556	ZNF554-201	FAIL	Direction 0.56 < 0.6
ZNF555	Excitatory_neuron	11	6	13	8	0.3331	PO41	0.2727	ZNF555-201	FAIL	Direction 0.27 < 0.6
ZNF558	Excitatory_neuron	9	6	13	8	2.0149	SMC038	0.7778	ZNF558-201	FAIL	Jackknife 2.01 ≥ 0.5
ZNF566	Excitatory_neuron	11	6	13	8	0.4693	PO28	0.4545	ZNF566-209	FAIL	Direction 0.45 < 0.6
ZNF567	Excitatory_neuron	11	8	13	8	0.8772	SMC049	0.2727	ZNF567-203	FAIL	Jackknife 0.88 ≥ 0.5; Direction 0.27 < 0.6
ZNF567-DT	Excitatory_neuron	10	7	13	8	0.4247	SMC049	0.8	ZNF567-DT-204	PASS	
ZNF568	Excitatory_neuron	11	7	13	8	0.2055	SMC049	1.0	ZNF568-205	PASS	
ZNF569	Excitatory_neuron	5	5	13	8	2.8571	SMC049	0.4	transcript97396.chr19.nic	FAIL	Jackknife 2.86 ≥ 0.5; Direction 0.40 < 0.6
ZNF571	Excitatory_neuron	8	7	13	8	0.2782	SMC049	0.875	transcript99320.chr19.nic	PASS	
ZNF576	Excitatory_neuron	8	5	13	8	0.0434	PO42	0.875	ZNF576-201	PASS	
ZNF582	Excitatory_neuron	7	5	13	8	0.0198	PO05	0.8571	transcript145765.chr19.nnic	PASS	
ZNF584	Excitatory_neuron	11	7	13	8	1.0996	SMC049	0.5455	ZNF584-201	FAIL	Jackknife 1.10 ≥ 0.5; Direction 0.55 < 0.6
ZNF594	Excitatory_neuron	12	8	13	8	0.4819	SMC029	0.6667	ZNF594-202	PASS	
ZNF595	Excitatory_neuron	13	8	13	8	0.319	SMC049	0.6923	ZNF595-203	PASS	
ZNF596	Excitatory_neuron	8	6	13	8	0.7133	SMC038	0.625	ZNF596-202	FAIL	Jackknife 0.71 ≥ 0.5
ZNF606	Excitatory_neuron	9	8	13	8	0.1114	PO28	0.8889	ZNF606-207	PASS	
ZNF608	Excitatory_neuron	10	6	13	8	0.1453	SMC041	0.7	ZNF608-209	PASS	
ZNF611	Excitatory_neuron	4	5	13	8					INSUFFICIENT_DATA	reads 있는 도너 부족: AD=4/5, CT=5/4
ZNF615	Excitatory_neuron	7	7	13	8	0.7546	SMC039	0.4286	ZNF615-202	FAIL	Jackknife 0.75 ≥ 0.5; Direction 0.43 < 0.6
ZNF618	Excitatory_neuron	8	5	13	8	1.0229	SMC038	0.625	ZNF618-207	FAIL	Jackknife 1.02 ≥ 0.5
ZNF620	Excitatory_neuron	8	5	13	8	0.4417	SMC039	0.75	ZNF620-201	PASS	
ZNF621	Excitatory_neuron	12	7	13	8	0.0		1.0	ZNF621-204	PASS	
ZNF624	Excitatory_neuron	12	7	13	8	0.3191	SMC049	0.5833	ZNF624-203	FAIL	Direction 0.58 < 0.6
ZNF638	Excitatory_neuron	13	8	13	8	0.1453	PO42	0.7692	ZNF638-201	PASS	
ZNF641	Excitatory_neuron	7	6	13	8	0.0		1.0	ZNF641-205	PASS	
ZNF655	Excitatory_neuron	12	7	13	8	0.2601	SMC049	0.75	ZNF655-212	PASS	
ZNF664	Excitatory_neuron	13	8	13	8	0.3333	SMC049	0.9231	transcript179719.chr12.nnic	PASS	
ZNF665	Excitatory_neuron	11	7	13	8	0.1156	SMC032	0.9091	ZNF665-201	PASS	
ZNF667	Excitatory_neuron	11	8	13	8	0.3233	PO42	0.6364	ZNF667-202	PASS	
ZNF667-AS1	Excitatory_neuron	10	6	13	8	0.4921	PO28	0.2	ZNF667-AS1-217	FAIL	Direction 0.20 < 0.6
ZNF682	Excitatory_neuron	11	7	13	8	0.1905	SMC032	0.9091	ZNF682-203	PASS	
ZNF7	Excitatory_neuron	9	7	13	8	0.6204	SMC049	0.4444	ZNF7-205	FAIL	Jackknife 0.62 ≥ 0.5; Direction 0.44 < 0.6
ZNF700	Excitatory_neuron	8	7	13	8	0.1098	SMC049	0.5	ZNF700-202	FAIL	Direction 0.50 < 0.6
ZNF711	Excitatory_neuron	11	7	13	8	0.1994	SMC049	1.0	ZNF711-204	PASS	
ZNF721	Excitatory_neuron	11	8	13	8	0.394	PO41	0.2727	ZNF721-201	FAIL	Direction 0.27 < 0.6
ZNF736	Excitatory_neuron	8	8	13	8	0.1627	SMC038	0.625	transcript76787.chr7.nnic	PASS	
ZNF74	Excitatory_neuron	9	6	13	8	0.5028	SMC049	0.8889	ZNF74-208	FAIL	Jackknife 0.50 ≥ 0.5
ZNF746	Excitatory_neuron	3	4	13	8					INSUFFICIENT_DATA	reads 있는 도너 부족: AD=3/5, CT=4/4
ZNF75D	Excitatory_neuron	10	8	13	8	0.6571	SMC032	0.3	transcript150260.chrX.nnic	FAIL	Jackknife 0.66 ≥ 0.5; Direction 0.30 < 0.6
ZNF76	Excitatory_neuron	12	8	13	8	0.1679	SMC038	0.6667	ZNF76-202	PASS	
ZNF767P	Excitatory_neuron	11	7	13	8	0.4394	PO11	0.7273	ZNF767P-202	PASS	
ZNF771	Excitatory_neuron	6	5	13	8	0.095	SMC049	0.8333	ZNF771-201	PASS	
ZNF772	Excitatory_neuron	5	6	13	8	0.4156	SMC049	0.8	ZNF772-202	PASS	
ZNF773	Excitatory_neuron	10	6	13	8	0.3327	SMC039	0.8	ZNF773-201	PASS	
ZNF780A	Excitatory_neuron	7	2	13	8					INSUFFICIENT_DATA	reads 있는 도너 부족: AD=7/5, CT=2/4
ZNF780B	Excitatory_neuron	11	7	13	8	0.5522	SMC049	0.7273	ZNF780B-202	FAIL	Jackknife 0.55 ≥ 0.5
ZNF786	Excitatory_neuron	11	8	13	8	0.9664	SMC039	0.4545	ZNF786-201	FAIL	Jackknife 0.97 ≥ 0.5; Direction 0.45 < 0.6
ZNF790	Excitatory_neuron	9	6	13	8	0.1907	SMC032	0.6667	ZNF790-201	PASS	
ZNF791	Excitatory_neuron	12	8	13	8	0.0406	SMC038	1.0	ZNF791-201	PASS	
ZNF799	Excitatory_neuron	8	7	13	8	0.8163	SMC041	0.5	ZNF799-202	FAIL	Jackknife 0.82 ≥ 0.5; Direction 0.50 < 0.6
ZNF800	Excitatory_neuron	12	8	13	8	0.6579	SMC049	0.5	ZNF800-201	FAIL	Jackknife 0.66 ≥ 0.5; Direction 0.50 < 0.6
ZNF808	Excitatory_neuron	10	8	13	8	0.4532	SMC041	0.6	ZNF808-206	PASS	
ZNF827	Excitatory_neuron	12	7	13	8	0.4312	PO41	0.8333	ZNF827-203	PASS	
ZNF841	Excitatory_neuron	9	8	13	8	0.1381	SMC032	0.8889	ZNF841-202	PASS	
ZNF845	Excitatory_neuron	10	7	13	8	0.9043	SMC032	0.6	ZNF845-201	FAIL	Jackknife 0.90 ≥ 0.5
ZNF875	Excitatory_neuron	10	8	13	8	0.2656	SMC049	0.6	ZNF875-202	PASS	
ZNF91	Excitatory_neuron	13	8	13	8	0.2051	SMC029	0.6923	ZNF91-202	PASS	
ZNF92	Excitatory_neuron	12	7	13	8	0.6	SMC049	0.5833	ZNF92-203	FAIL	Jackknife 0.60 ≥ 0.5; Direction 0.58 < 0.6
ZNG1A	Excitatory_neuron	7	6	13	8	1.3799	SMC049	0.4286	ZNG1A-204	FAIL	Jackknife 1.38 ≥ 0.5; Direction 0.43 < 0.6
ZRANB3	Excitatory_neuron	11	7	13	8	0.7997	SMC049	0.5455	ZRANB3-201	FAIL	Jackknife 0.80 ≥ 0.5; Direction 0.55 < 0.6
ZSCAN12	Excitatory_neuron	11	8	13	8	0.5127	SMC041	0.3636	ZSCAN12-201	FAIL	Jackknife 0.51 ≥ 0.5; Direction 0.36 < 0.6
ZSCAN18	Excitatory_neuron	11	8	13	8	0.3806	SMC041	0.5455	ZSCAN18-201	FAIL	Direction 0.55 < 0.6
ZSCAN25	Excitatory_neuron	8	5	13	8	0.541	PO28	0.5	ZSCAN25-204	FAIL	Jackknife 0.54 ≥ 0.5; Direction 0.50 < 0.6
ZSCAN26	Excitatory_neuron	12	8	13	8	0.5913	SMC049	0.75	ZSCAN26-202	FAIL	Jackknife 0.59 ≥ 0.5
ZSCAN30	Excitatory_neuron	12	7	13	8	0.3949	PO41	0.4167	ZSCAN30-205	FAIL	Direction 0.42 < 0.6
ZSCAN31	Excitatory_neuron	2	5	13	8					INSUFFICIENT_DATA	reads 있는 도너 부족: AD=2/5, CT=5/4
ZSCAN32	Excitatory_neuron	7	6	13	8	0.3966	SMC049	0.7143	ZSCAN32-202	PASS	
ZSWIM8	Excitatory_neuron	9	5	13	8	0.5892	SMC049	0.3333	ZSWIM8-213	FAIL	Jackknife 0.59 ≥ 0.5; Direction 0.33 < 0.6
ZXDC	Excitatory_neuron	9	8	13	8	0.4419	PO42	0.5556	ZXDC-201	FAIL	Direction 0.56 < 0.6
ZZEF1	Excitatory_neuron	10	6	13	8	0.6292	PO05	0.4	ZZEF1-204	FAIL	Jackknife 0.63 ≥ 0.5; Direction 0.40 < 0.6
ZZZ3	Excitatory_neuron	10	8	13	8	0.3028	PO05	0.3	ZZZ3-202	FAIL	Direction 0.30 < 0.6
