{
  "timestamp": "20260518_0043",
  "n_go_terms": 13,
  "case_thresholds": {
    "case1_lr_min": 0.6,
    "case2_lr_min": 0.45
  },
  "correlations_with_delta": {
    "sep_cosine": {
      "r": -0.6011373542518959,
      "p": 0.029777788233076058,
      "n": 13
    },
    "intra_cos_mean": {
      "r": -0.7275671249002011,
      "p": 0.004820415551896559,
      "n": 13
    },
    "n_clusters": {
      "r": -0.6727075247984367,
      "p": 0.011751961493147072,
      "n": 13
    },
    "pc1_var_ratio": {
      "r": -0.7647840506397986,
      "p": 0.002324310596793276,
      "n": 13
    },
    "tbs": {
      "r": -0.14342465041946284,
      "p": 0.6401789257334571,
      "n": 13
    },
    "tcs": {
      "r": -0.10043989817778479,
      "p": 0.7440624734796337,
      "n": 13
    },
    "smsi": {
      "r": -0.012325447037048307,
      "p": 0.9681225731119858,
      "n": 13
    },
    "lr": {
      "r": -0.9476692819875867,
      "p": 8.639756993349286e-07,
      "n": 13
    }
  },
  "per_go": [
    {
      "go": "GO:0003774",
      "label": "Motor activity",
      "case": 1,
      "n_pos": 164,
      "lr": 0.825,
      "v10b": 0.813,
      "delta": -0.013,
      "tbs": 0.833,
      "tcs": 0.853,
      "smsi": 1.313,
      "sp_dep": 0.796,
      "n_sp": 399,
      "n_hum": 102,
      "sep_cosine": 0.1667,
      "intra_cos_mean": 0.9357,
      "intra_cos_std": 0.0491,
      "n_clusters": 6,
      "best_silhouette": 0.3049,
      "silhouette_by_k": [
        0.2560774087905884,
        0.2863013446331024,
        0.24690714478492737,
        0.2751365005970001,
        0.3048613369464874
      ],
      "pc1_var_ratio": 0.4071
    },
    {
      "go": "GO:0006096",
      "label": "Glycolysis",
      "case": 1,
      "n_pos": 76,
      "lr": 0.695,
      "v10b": 0.671,
      "delta": -0.023,
      "tbs": 0.667,
      "tcs": 0.849,
      "smsi": 2.509,
      "sp_dep": 0.876,
      "n_sp": 227,
      "n_hum": 32,
      "sep_cosine": 0.737,
      "intra_cos_mean": 0.9485,
      "intra_cos_std": 0.045,
      "n_clusters": 6,
      "best_silhouette": 0.3096,
      "silhouette_by_k": [
        0.22002558410167694,
        0.2546156644821167,
        0.2836579382419586,
        0.30499306321144104,
        0.3095645010471344
      ],
      "pc1_var_ratio": 0.323
    },
    {
      "go": "GO:0032006",
      "label": "TOR signaling",
      "case": 2,
      "n_pos": 239,
      "lr": 0.51,
      "v10b": 0.602,
      "delta": 0.092,
      "tbs": 0.667,
      "tcs": 0.687,
      "smsi": 1.256,
      "sp_dep": 0.786,
      "n_sp": 331,
      "n_hum": 90,
      "sep_cosine": 0.0395,
      "intra_cos_mean": 0.9269,
      "intra_cos_std": 0.0482,
      "n_clusters": 3,
      "best_silhouette": 0.1998,
      "silhouette_by_k": [
        0.188729926943779,
        0.19982512295246124,
        0.18915694952011108,
        0.19295357167720795,
        0.19183392822742462
      ],
      "pc1_var_ratio": 0.3174
    },
    {
      "go": "GO:0007519",
      "label": "Skeletal muscle dev",
      "case": 2,
      "n_pos": 129,
      "lr": 0.587,
      "v10b": 0.725,
      "delta": 0.138,
      "tbs": 0.333,
      "tcs": 0.885,
      "smsi": 6.327,
      "sp_dep": 0.884,
      "n_sp": 328,
      "n_hum": 43,
      "sep_cosine": 0.0176,
      "intra_cos_mean": 0.908,
      "intra_cos_std": 0.05,
      "n_clusters": 6,
      "best_silhouette": 0.2094,
      "silhouette_by_k": [
        0.18162932991981506,
        0.19548958539962769,
        0.20564080774784088,
        0.183013916015625,
        0.2093740701675415
      ],
      "pc1_var_ratio": 0.2756
    },
    {
      "go": "GO:0030017",
      "label": "Sarcomere org",
      "case": 2,
      "n_pos": 452,
      "lr": 0.564,
      "v10b": 0.743,
      "delta": 0.179,
      "tbs": 0.333,
      "tcs": 0.919,
      "smsi": 7.649,
      "sp_dep": 0.779,
      "n_sp": 454,
      "n_hum": 129,
      "sep_cosine": 0.0438,
      "intra_cos_mean": 0.8993,
      "intra_cos_std": 0.0563,
      "n_clusters": 6,
      "best_silhouette": 0.2024,
      "silhouette_by_k": [
        0.17742866277694702,
        0.1547071933746338,
        0.16581344604492188,
        0.18999093770980835,
        0.20244117081165314
      ],
      "pc1_var_ratio": 0.2884
    },
    {
      "go": "GO:0006941",
      "label": "Muscle contraction",
      "case": 3,
      "n_pos": 253,
      "lr": 0.31,
      "v10b": 0.597,
      "delta": 0.287,
      "tbs": 0.333,
      "tcs": 0.908,
      "smsi": 6.05,
      "sp_dep": 0.715,
      "n_sp": 203,
      "n_hum": 81,
      "sep_cosine": 0.0369,
      "intra_cos_mean": 0.9092,
      "intra_cos_std": 0.0527,
      "n_clusters": 2,
      "best_silhouette": 0.2598,
      "silhouette_by_k": [
        0.259771466255188,
        0.23519429564476013,
        0.1932140290737152,
        0.21278110146522522,
        0.24327747523784637
      ],
      "pc1_var_ratio": 0.288
    },
    {
      "go": "GO:0007204",
      "label": "Ca2+ signaling",
      "case": 3,
      "n_pos": 310,
      "lr": 0.415,
      "v10b": 0.765,
      "delta": 0.35,
      "tbs": 0.667,
      "tcs": 0.869,
      "smsi": 1.245,
      "sp_dep": 0.714,
      "n_sp": 541,
      "n_hum": 217,
      "sep_cosine": 0.056,
      "intra_cos_mean": 0.8839,
      "intra_cos_std": 0.0645,
      "n_clusters": 4,
      "best_silhouette": 0.2809,
      "silhouette_by_k": [
        0.22949247062206268,
        0.2629639804363251,
        0.2808557152748108,
        0.2375008463859558,
        0.23159271478652954
      ],
      "pc1_var_ratio": 0.2575
    },
    {
      "go": "GO:0006914",
      "label": "Autophagy",
      "case": 3,
      "n_pos": 411,
      "lr": 0.285,
      "v10b": 0.64,
      "delta": 0.354,
      "tbs": 0.667,
      "tcs": 0.661,
      "smsi": 1.351,
      "sp_dep": 0.817,
      "n_sp": 744,
      "n_hum": 167,
      "sep_cosine": 0.031,
      "intra_cos_mean": 0.9177,
      "intra_cos_std": 0.0521,
      "n_clusters": 3,
      "best_silhouette": 0.1666,
      "silhouette_by_k": [
        0.16288894414901733,
        0.16664735972881317,
        0.15964540839195251,
        0.11591799557209015,
        0.1399138867855072
      ],
      "pc1_var_ratio": 0.2813
    },
    {
      "go": "GO:0043161",
      "label": "Proteasome-UPS",
      "case": 3,
      "n_pos": 804,
      "lr": 0.362,
      "v10b": 0.717,
      "delta": 0.356,
      "tbs": 0.667,
      "tcs": 0.684,
      "smsi": 1.196,
      "sp_dep": 0.831,
      "n_sp": 1362,
      "n_hum": 277,
      "sep_cosine": 0.0372,
      "intra_cos_mean": 0.8806,
      "intra_cos_std": 0.102,
      "n_clusters": 2,
      "best_silhouette": 0.3465,
      "silhouette_by_k": [
        0.34651440382003784,
        0.1824665069580078,
        0.19506260752677917,
        0.15238416194915771,
        0.1614934802055359
      ],
      "pc1_var_ratio": 0.3102
    },
    {
      "go": "GO:0042692",
      "label": "Muscle cell diff",
      "case": 3,
      "n_pos": 423,
      "lr": 0.232,
      "v10b": 0.653,
      "delta": 0.421,
      "tbs": 0.333,
      "tcs": 0.884,
      "smsi": 5.493,
      "sp_dep": 0.841,
      "n_sp": 657,
      "n_hum": 124,
      "sep_cosine": 0.0239,
      "intra_cos_mean": 0.9099,
      "intra_cos_std": 0.0469,
      "n_clusters": 2,
      "best_silhouette": 0.1862,
      "silhouette_by_k": [
        0.18615874648094177,
        0.1829785406589508,
        0.15336933732032776,
        0.17375300824642181,
        0.16946277022361755
      ],
      "pc1_var_ratio": 0.2468
    },
    {
      "go": "GO:0007005",
      "label": "Mitochondrion org",
      "case": 3,
      "n_pos": 954,
      "lr": 0.238,
      "v10b": 0.662,
      "delta": 0.424,
      "tbs": 0.667,
      "tcs": 0.718,
      "smsi": 1.684,
      "sp_dep": 0.839,
      "n_sp": 2010,
      "n_hum": 385,
      "sep_cosine": 0.0246,
      "intra_cos_mean": 0.9071,
      "intra_cos_std": 0.0535,
      "n_clusters": 2,
      "best_silhouette": 0.1792,