barcode	sample	condition
AAACCCAAGATCCCAT_SMC035	SMC035	Active control
AAACGAAAGACGACGT_SMC053	SMC053	Active control
AAACGAATCACCAGCG_PO41	PO41	AD
AAACGAATCCCTTGGT_SMC053	SMC053	Active control
AAACGCTCAACTCGAT_SMC037	SMC037	Active control
AAACGGACAGTTAATG_PO20	PO20	Control
AAACTCACATAAGTTG_PO28	PO28	AD
AAACTCCGTGCAAGCG_PO42	PO42	AD
AAACTCCGTTCGTAAC_PO28	PO28	AD
AAAGAACAGCTATCTG_SMC037	SMC037	Active control
AAAGAACCACTGATTG_SMC030	SMC030	Control
AAAGAACGTAACATCC_SMC035	SMC035	Active control
AAAGCTGGTGCGGTCT_PO20	PO20	Control
AAAGCTGGTTGTCATA_PO41	PO41	AD
AAAGGATGTGTCCCTT_SMC037	SMC037	Active control
AAAGGATTCAACTCTT_SMC052	SMC052	Control
AAAGGGCAGGGCAACT_SMC053	SMC053	Active control
AAAGGGCTCTTTGGAG_SMC033	SMC033	Control
AAAGGTACAGGTCTCG_SMC041	SMC041	AD
AAAGGTAGTCCAGAAG_SMC033	SMC033	Control
AAAGGTAGTGCGACAA_SMC049	SMC049	AD
AAAGGTATCGCAGTGC_SMC041	SMC041	AD
AAAGGTTGTCTAACGT_PO23	PO23	Control
AAAGTAGTCGAAGTCC_PO28	PO28	AD
AAAGTCAAGCTACTCT_PO41	PO41	AD
AAAGTCCAGGTCACCC_SMC041	SMC041	AD
AAAGTCCAGTGGCGAT_SMC038	SMC038	AD
AAAGTCCGTGATACTC_SMC038	SMC038	AD
AAAGTGAAGAGCATAT_SMC053	SMC053	Active control
AAAGTGAAGGTATTGA_SMC039	SMC039	AD
AAAGTGAGTGTTTGCA_SMC053	SMC053	Active control
AAAGTGATCCATATGG_SMC049	SMC049	AD
AAATGGAAGAAACCAT_SMC032	SMC032	AD
AAATGGACAGATCCAT_SMC041	SMC041	AD
AAATTGCTCAAGTGCC_PO11	PO11	AD
AAATTGCTCATCAGCA_PO15	PO15	Control
AACAAAGCACAGTACT_SMC036	SMC036	AD
AACAAAGCATTGGGAG_SMC041	SMC041	AD
AACAACCAGAGAGCGG_SMC038	SMC038	AD
AACAACCTCAGCCTCT_SMC052	SMC052	Control
AACAACCTCGCTGTCT_SMC041	SMC041	AD
AACAAGAAGGTCGCCT_SMC049	SMC049	AD
AACAAGATCTTCCTAA_SMC027	SMC027	Control
AACACACTCGACGCGT_SMC037	SMC037	Active control
AACACACTCTTACACT_SMC053	SMC053	Active control
AACACCATCTATGGCA_PO11	PO11	AD
AACAGGGTCATGTCTT_SMC049	SMC049	AD
AACATTCAGGGCTCCA_PO05	PO05	AD
AACCAACCACATACTG_SMC041	SMC041	AD
AACCAACTCAAGTTGC_SMC049	SMC049	AD
AACCACAAGGGCCCTT_SMC030	SMC030	Control
AACCACACACTGCACG_SMC052	SMC052	Control
AACCACACATCCGTTC_SMC049	SMC049	AD
AACCACAGTAATGATG_SMC037	SMC037	Active control
AACCACATCTTGGTGA_SMC041	SMC041	AD
AACCATGGTGTCTTGA_SMC041	SMC041	AD
AACCCAAAGTCTGTAC_SMC037	SMC037	Active control
AACCCACAGCGCTCCT_PO28	PO28	AD
AACCCAGCAACTGGAT_PO42	PO42	AD
AACCCAGCACCTTGCG_PO13	PO13	Control
AACCCTGGTCTCCAAG_PO20	PO20	Control
AACCGATCAATAGGTC_PO41	PO41	AD
AACCGATCAATCAATG_PO20	PO20	Control
AACCGATCACTTCGGT_PO20	PO20	Control
AACCGGGGTTGTGCTG_PO28	PO28	AD
AACCGGGGTTTACATG_PO20	PO20	Control
AACCTAACACCTGCTG_PO42	PO42	AD
AACCTGAAGTCCCGGT_SMC038	SMC038	AD
AACCTGACAACCCGCA_SMC049	SMC049	AD
AACCTGACAGCAGTGA_SMC041	SMC041	AD
AACCTGAGTTCTCAGA_SMC053	SMC053	Active control
AACCTGATCGCAGAGA_SMC033	SMC033	Control
AACCTGATCGTACACA_SMC035	SMC035	Active control
AACCTTAGTTCGTATA_PO20	PO20	Control
AACCTTTGTCCGGTCA_SMC033	SMC033	Control
AACCTTTTCTACTGAG_SMC053	SMC053	Active control
AACGAAAAGCGAGTAC_SMC053	SMC053	Active control
AACGAAAGTCCACATA_SMC038	SMC038	AD
AACGAAAGTTTCACAG_SMC038	SMC038	AD
AACGAAATCACACCGG_SMC052	SMC052	Control
AACGAAATCAGTGTTG_SMC052	SMC052	Control
AACGATTTCATGAGTT_PO11	PO11	AD
AACGCCACATCCGCAT_PO11	PO11	AD
AACGCGAAGCATCAAT_PO28	PO28	AD
AACGCGAAGGGGTTGA_PO28	PO28	AD
AACGGATAGGTGCGTT_PO23	PO23	Control
AACGGGATCATGCTAG_SMC053	SMC053	Active control
AACGGTAGTCATCCGA_PO42	PO42	AD
AACGTCACAGCGTTTA_SMC049	SMC049	AD
AACGTCATCTACCCAC_SMC053	SMC053	Active control
AACGTCATCTTGTGCC_SMC033	SMC033	Control
AACTAGCCATGCTGTC_PO20	PO20	Control
AACTTCTGTAGGATAT_SMC038	SMC038	AD
AACTTCTGTCACCCTT_SMC052	SMC052	Control
AACTTCTGTCGCCTAG_SMC049	SMC049	AD
AAGAACAAGAGAGTGA_SMC029	SMC029	AD
AAGACAAAGATGACCG_SMC033	SMC033	Control
AAGACAAAGCATCGAG_SMC049	SMC049	AD
AAGACAACAACGTATC_SMC039	SMC039	AD
AAGACAACAGTAGAAT_SMC030	SMC030	Control
AAGACAAGTCGCATGC_SMC033	SMC033	Control
AAGACAAGTGCTCTCT_SMC052	SMC052	Control
AAGACAATCGCAGATT_SMC053	SMC053	Active control
AAGACTCAGAAATGGG_SMC038	SMC038	AD
AAGACTCGTCTAGGTT_SMC052	SMC052	Control
AAGATAGGTCCAGTTA_SMC049	SMC049	AD
AAGATAGTCTGACCCT_SMC053	SMC053	Active control
AAGCAACAGTGGCTTA_PO13	PO13	Control
AAGCACCTCACCATAG_PO20	PO20	Control
AAGCATCCAGTTGTCA_SMC053	SMC053	Active control
AAGCATCTCGTGGCGT_SMC032	SMC032	AD
AAGCATCTCTATACGG_SMC041	SMC041	AD
AAGCCATCAATTGAGC_PO41	PO41	AD
AAGCCATGTAGATTAG_SMC052	SMC052	Control
AAGCCATGTGCGAGTA_SMC033	SMC033	Control
AAGCCATTCATCCTAT_SMC049	SMC049	AD
AAGCCGCCACTTAGGG_PO13	PO13	Control
AAGCCGGGTCTGGCTA_PO42	PO42	AD
AAGCGAGAGAAATCCA_SMC053	SMC053	Active control
AAGCGAGAGTTGTACC_SMC049	SMC049	AD
AAGCGAGGTTTATGCG_SMC053	SMC053	Active control
AAGCGGATCATGGTCA_PO23	PO23	Control
AAGCGGGCACCTGCAT_PO28	PO28	AD
AAGCGTTAGAGGCGGA_SMC038	SMC038	AD
AAGCGTTAGCGAATGC_SMC035	SMC035	Active control
AAGCGTTGTAAGTAGT_SMC053	SMC053	Active control
AAGCTAGGTCTAATGC_PO11	PO11	AD
AAGCTTGTCTAGCCAA_PO13	PO13	Control
AAGGAAAGTAACGACA_PO11	PO11	AD
AAGGAATGTCATAACC_SMC032	SMC032	AD
AAGGACTAGCGATCTA_PO42	PO42	AD
AAGGGCCAGGAATTAG_PO42	PO42	AD
AAGGTAAAGTGCTCAT_SMC033	SMC033	Control
AAGGTAAGTGAGTAGC_SMC049	SMC049	AD
AAGGTATGTTTGACGT_PO11	PO11	AD
AAGGTTGGTTAGCCAT_PO28	PO28	AD
AAGTACCCAAGCCCAC_SMC035	SMC035	Active control
AAGTACCCAATCGCAT_SMC052	SMC052	Control
AAGTACCTCAACCTTT_SMC052	SMC052	Control
AAGTACCTCACCTTGC_SMC049	SMC049	AD
AAGTACCTCTTGCAGA_SMC041	SMC041	AD
AAGTACGGTAGTCAGA_PO05	PO05	AD
AAGTCAAAGCAAGTCC_PO15	PO15	Control
AAGTCAAAGGCACTAC_PO20	PO20	Control
AAGTCAGGTCATGCGC_PO42	PO42	AD
AAGTCGTAGCCTGAAG_SMC038	SMC038	AD
AAGTCGTCAGGTATGG_SMC053	SMC053	Active control
AAGTCGTCATGGGAAC_SMC053	SMC053	Active control
AAGTCGTGTCCTCCAT_SMC041	SMC041	AD
AAGTCGTTCAACGTGT_SMC052	SMC052	Control
AAGTGAAAGACCAAGC_SMC038	SMC038	AD
AAGTGAAAGGCCCAAA_SMC049	SMC049	AD
AAGTGAAAGGGAGGGT_SMC053	SMC053	Active control
AAGTGAAAGGTAGACC_SMC038	SMC038	AD
AAGTGAAGTTGCTGAT_SMC049	SMC049	AD
AAGTTCCGTTTCCTCA_PO11	PO11	AD
AAGTTCGGTACAGTCT_SMC041	SMC041	AD
AAGTTCGTCAGGGATG_SMC049	SMC049	AD
AAGTTCGTCGCACGGT_SMC035	SMC035	Active control
AAGTTGGGTTGTGATC_PO11	PO11	AD
AATAGAGAGACTTCCA_SMC033	SMC033	Control
AATAGAGCACTTGGCG_SMC039	SMC039	AD
AATAGAGTCGGATAAA_SMC049	SMC049	AD
AATCATCAGGTTCGCG_PO41	PO41	AD
AATCCAACAGGTTGGC_PO11	PO11	AD
AATCCATAGATTGACT_PO20	PO20	Control
AATCGACCAGTGGGTA_SMC052	SMC052	Control
AATCGGCTCATGGTAT_PO20	PO20	Control
AATCGGTCAAAGGACA_PO13	PO13	Control
AATCGGTCAACCAGTG_PO42	PO42	AD
AATCGGTCATTACCCA_PO13	PO13	Control
AATCGTGCAAACTAAG_SMC049	SMC049	AD
AATCGTGCATGAGATA_SMC033	SMC033	Control
AATCGTGGTACAGTTC_SMC053	SMC053	Active control
AATCGTGGTATCGCTA_SMC053	SMC053	Active control
AATCGTGGTCCAAGAG_SMC049	SMC049	AD
AATCGTGTCTTCTGTA_SMC049	SMC049	AD
AATCTCCTCGCATTAG_PO11	PO11	AD
AATGAAGAGAGGGTGG_SMC052	SMC052	Control
AATGACCTCTGTGCTC_SMC053	SMC053	Active control
AATGCAAAGTGGCAGA_PO42	PO42	AD
AATGCCAGTTAGAGTA_SMC053	SMC053	Active control
AATGGAAAGACGGATC_SMC049	SMC049	AD
AATGGAACACAAGTGG_SMC039	SMC039	AD
AATGGAATCGCAGAGA_SMC041	SMC041	AD
AATGGAATCTCAATCT_SMC052	SMC052	Control
AATGGCTGTAGTCTGT_SMC049	SMC049	AD
AATGGCTGTAGTGTGG_SMC035	SMC035	Active control
AATGGCTGTTCTCTAT_SMC035	SMC035	Active control
AATGGGCGTTTGATTG_PO11	PO11	AD
AATGTGAAGTGCTGCG_PO11	PO11	AD
AATGTGTTCGTGCTCC_PO20	PO20	Control
AATTCAGCAATTACTC_PO05	PO05	AD
AATTCCTAGCAAATGT_SMC032	SMC032	AD
AATTCCTCAGGCGTTC_SMC049	SMC049	AD
AATTCCTGTAACTAAG_SMC049	SMC049	AD
AATTGGGGTCCATCTC_PO28	PO28	AD
AATTGGTTCCCTGATT_PO05	PO05	AD
AATTGTCAGCGATACC_PO28	PO28	AD
AATTTCCGTTGCATGT_SMC052	SMC052	Control
AATTTCCTCTCCGATC_SMC049	SMC049	AD
ACAACATTCCCTCGGT_PO13	PO13	Control
ACAACCAAGTGGAAGA_SMC053	SMC053	Active control
ACAACCAAGTTGAATG_SMC052	SMC052	Control
ACAACCACACACAGAG_SMC030	SMC030	Control
ACAACCTGTAATGCTC_PO23	PO23	Control
ACAAGCCTCTGGATTG_PO13	PO13	Control
ACAAGCTCACAAAGTA_SMC037	SMC037	Active control
ACAAGCTCATTAGGAA_SMC030	SMC030	Control
ACAAGCTGTACGAGCA_SMC053	SMC053	Active control
ACAAGCTTCGGCTGAC_SMC053	SMC053	Active control
ACAAGGCGTGAACGTA_PO05	PO05	AD
ACAAGGCGTTATGCGT_PO28	PO28	AD
ACAAGGTAGGGCTAGA_PO13	PO13	Control
ACACAAGGTGCGGTTC_PO15	PO15	Control
ACACAGTAGCCGGATA_SMC031	SMC031	Active control
ACACAGTGTAACTTCG_SMC052	SMC052	Control
ACACAGTGTCTTTCAT_SMC038	SMC038	AD
ACACAGTTCTGCAGCG_SMC038	SMC038	AD
ACACCAAAGAATCGCG_SMC053	SMC053	Active control
ACACCAACACAGCTTA_SMC053	SMC053	Active control
ACACCAACATAACTCG_SMC038	SMC038	AD
ACACCAAGTCCCTGAG_SMC053	SMC053	Active control
ACACCAATCGTTCCTG_SMC038	SMC038	AD
ACACCCTCACTATACT_PO28	PO28	AD
ACACGATCACAATGCG_PO20	PO20	Control
ACACGATCATCACGCT_PO13	PO13	Control
ACACGCGAGCCTGTGC_SMC033	SMC033	Control
ACACGCGAGTCGGCCT_SMC049	SMC049	AD
ACACGCGCAATTCGTG_SMC038	SMC038	AD
ACACGCGGTGTTCAGT_SMC053	SMC053	Active control
ACACGCGTCTCCAAGA_SMC035	SMC035	Active control
ACACGGTTCCCGCTTA_PO20	PO20	Control
ACACGTTGTGGGTATA_PO20	PO20	Control
ACACTGAGTACTGGGA_SMC049	SMC049	AD
ACACTGAGTTCCTTGC_SMC030	SMC030	Control
ACACTGATCGTAGCCG_SMC049	SMC049	AD
ACACTGATCTCGGTAA_SMC033	SMC033	Control
ACAGAAACACTCTGCT_SMC053	SMC053	Active control
ACAGAAACACTGAGTT_SMC053	SMC053	Active control
ACAGAAAGTACCGTGC_SMC037	SMC037	Active control
ACAGAAAGTGTTCAGT_SMC052	SMC052	Control
ACAGAAATCTCAATCT_SMC049	SMC049	AD
ACAGAACAGGAGTCAG_PO42	PO42	AD
ACAGCAAGTTGCTCCT_PO42	PO42	AD
ACAGCCCGTCTTGGGC_PO13	PO13	Control
ACAGCCCGTTCCAGAT_PO28	PO28	AD
ACAGCCGAGTCTAACC_SMC053	SMC053	Active control
ACAGCCGAGTGAGCCA_SMC030	SMC030	Control
ACAGCCGCATAATCGC_SMC052	SMC052	Control
ACAGCCGGTGTTAACC_SMC041	SMC041	AD
ACAGCGAAGTACGGGA_PO28	PO28	AD
ACAGCGAAGTCGAGTC_PO20	PO20	Control
ACAGCGGGTTGACCCA_PO15	PO15	Control
ACAGCTCAGCCTGGTG_PO42	PO42	AD
ACAGGGAGTAAGCTCT_SMC030	SMC030	Control
ACAGGGAGTGTTCAGT_SMC030	SMC030	Control
ACAGGGATCCTACGGG_SMC038	SMC038	AD
ACAGGTGAGCTAATCG_PO28	PO28	AD
ACAGGTTCAGCACCAA_PO42	PO42	AD
ACAGTCATCACCATCT_PO20	PO20	Control
ACAGTGAGTCATTCCC_PO11	PO11	AD
ACAGTTACAAAGGAGC_PO23	PO23	Control
ACAGTTACAGCCTAAG_PO20	PO20	Control
ACAGTTACAGGGCTGT_PO41	PO41	AD
ACAGTTACATCCATTG_PO11	PO11	AD
ACAGTTTAGTAAGGCG_PO11	PO11	AD
ACAGTTTAGTAGACTT_PO11	PO11	AD
ACATCCCAGATGACAT_SMC037	SMC037	Active control
ACATCCCAGTGAGCCA_SMC052	SMC052	Control
ACATCCCTCCGCGGAT_SMC030	SMC030	Control
ACATCCTTCCGCGTCT_PO13	PO13	Control
ACATCGAAGAAACTAC_SMC049	SMC049	AD
ACATCTTCACAACCGA_PO11	PO11	AD
ACATCTTCATCACGCT_PO41	PO41	AD
ACATGCAAGAAGTCTA_SMC031	SMC031	Active control
ACATGCAGTATCGTAC_SMC037	SMC037	Active control
ACATGCATCACCTTAC_PO20	PO20	Control
ACATGCATCCCTCGAT_SMC053	SMC053	Active control
ACATGCATCCCTCTCC_SMC052	SMC052	Control
ACATGCCAGTTAACGT_PO28	PO28	AD
ACATGGTCACTTGGTC_PO13	PO13	Control
ACATTAGCAACTATCT_PO28	PO28	AD
ACATTTCAGCGACTGA_SMC052	SMC052	Control
ACATTTCCACGGCACT_SMC035	SMC035	Active control
ACATTTCGTGTCGATT_SMC049	SMC049	AD
ACATTTCTCCCAGTGG_SMC035	SMC035	Active control
ACATTTCTCGTAACAC_SMC038	SMC038	AD
ACCAAACAGCCGATTT_SMC035	SMC035	Active control
ACCAAACCAGTTCTAG_SMC041	SMC041	AD
ACCAAACTCTCGCTCA_SMC052	SMC052	Control
ACCAAAGGTCATTGCG_PO28	PO28	AD
ACCAAAGGTTAGTAGG_PO05	PO05	AD
ACCAACACAGGCACTC_SMC052	SMC052	Control
ACCAAGCTCATCGTTC_PO20	PO20	Control
ACCAATGTCACACTAG_PO11	PO11	AD
ACCACAAGTACGGATG_SMC041	SMC041	AD
ACCACAGCAATCAGGT_PO11	PO11	AD
ACCACCTCAACTCGTC_PO05	PO05	AD
ACCATAACATAGATCA_PO15	PO15	Control
ACCATCAAGCGAGACA_PO15	PO15	Control
ACCATTAGTTAAGTGG_PO42	PO42	AD
ACCATTAGTTTACGAC_PO11	PO11	AD
ACCATTGAGCCGACTG_PO42	PO42	AD
ACCATTGAGTGACGGA_PO28	PO28	AD
ACCATTTAGCCATCCG_SMC041	SMC041	AD
ACCATTTCAACAAGTA_SMC053	SMC053	Active control
ACCCAAAGTAACGCGA_SMC049	SMC049	AD
ACCCAAAGTTTCTATC_SMC038	SMC038	AD
ACCCAAATCATCGTCT_PO20	PO20	Control
ACCCAGACAATCGCCT_PO42	PO42	AD
ACCCAGTAGCCAGTAC_PO13	PO13	Control
ACCCAGTAGGTCATCA_PO28	PO28	AD
ACCCCAAGTTCGTGTG_PO41	PO41	AD
ACCCCGTTCAATCTCC_PO13	PO13	Control
ACCCCTTGTTATGCGT_PO28	PO28	AD
ACCCGTAGTGGCTCTA_PO28	PO28	AD
ACCCGTTCACATAGCG_PO28	PO28	AD
ACCCTAGGTTGGGACG_PO28	PO28	AD
ACCCTATTCACTTGGA_PO20	PO20	Control
ACCCTATTCTGTGATG_PO20	PO20	Control
ACCCTCATCATGTAAC_PO11	PO11	AD
ACCCTCATCGGCTCTT_SMC033	SMC033	Control
ACCCTGCTCAGCAGTC_PO28	PO28	AD
ACCCTGCTCCCGCGTT_PO20	PO20	Control
ACCCTGCTCGATTGCA_PO20	PO20	Control
ACCCTTGTCACATACG_SMC037	SMC037	Active control
ACCCTTTAGTGATGGG_PO41	PO41	AD
ACCGAAAGTCATCCCT_PO28	PO28	AD
ACCGACCGTTTCCATT_PO28	PO28	AD
ACCGAGGGTTCGGCAC_PO42	PO42	AD
ACCGATTGTATTAGCC_PO20	PO20	Control
ACCGGTTAGCGCGATT_PO13	PO13	Control
ACCGTTCCATGGATCT_SMC052	SMC052	Control
ACCGTTCTCGACGCTG_SMC032	SMC032	AD
ACCGTTCTCTCAGAAC_SMC049	SMC049	AD
ACCTAAGTCGTTGCTT_PO41	PO41	AD
ACCTACCAGAGTCGAC_SMC041	SMC041	AD
ACCTACCAGTGTTGTC_SMC053	SMC053	Active control
ACCTACCGTTGCTCAA_SMC038	SMC038	AD
ACCTACCTCAGTCTTT_SMC037	SMC037	Active control
ACCTACCTCTTACGGA_SMC052	SMC052	Control
ACCTACTTCGTCTCGC_PO20	PO20	Control
ACCTCTTAGCATATCG_PO28	PO28	AD
ACCTGCCTCGCATAGC_PO05	PO05	AD
ACCTGGGTCATGCAAT_PO28	PO28	AD
ACCTGTCAGGCTTAAA_SMC039	SMC039	AD
ACCTGTCCAGATCCTA_SMC049	SMC049	AD
ACCTGTCGTAACGTTC_SMC053	SMC053	Active control
ACCTGTCGTCCAATCA_SMC035	SMC035	Active control
ACGAACCTCCTCTACG_PO11	PO11	AD
ACGAATCCAAATCCTT_PO15	PO15	Control
ACGAATCCATAAGCGT_PO28	PO28	AD
ACGACGAAGATTGCTG_PO28	PO28	AD
ACGATGTAGGTGATAT_SMC032	SMC032	AD
ACGATGTCAAGACCTT_SMC038	SMC038	AD
ACGATGTCACCTGCAG_SMC033	SMC033	Control
ACGATGTCACTCAAGT_SMC052	SMC052	Control
ACGATGTGTCCTCCAT_SMC041	SMC041	AD
ACGATGTGTTATTCCT_SMC039	SMC039	AD
ACGATGTTCCTGTAAG_SMC049	SMC049	AD
ACGATTGTCCCGTTCA_PO41	PO41	AD
ACGCAATCAGGTAGCC_PO05	PO05	AD
ACGCACGAGATACTGA_SMC052	SMC052	Control
ACGCACGAGCATATGA_SMC049	SMC049	AD
ACGCACGCAGGCATGA_SMC052	SMC052	Control
ACGCACGGTAACGATA_SMC032	SMC032	AD
ACGCCAACAACCTGAG_PO20	PO20	Control
ACGCGAAAGGCGTATC_PO28	PO28	AD
ACGGAAGCAAGAGATT_SMC053	SMC053	Active control
ACGGAAGCATCATTTC_SMC049	SMC049	AD
ACGGACAAGAACGGTG_PO28	PO28	AD
ACGGCAAAGAACCTCA_PO20	PO20	Control
ACGGCCATCAGGATGG_PO42	PO42	AD
ACGGGTAAGGAACCGA_PO20	PO20	Control
ACGGGTCAGCTAATGA_SMC041	SMC041	AD
ACGGGTCAGGGTGGGA_SMC039	SMC039	AD
ACGGGTCAGTAACCGG_SMC049	SMC049	AD
ACGGGTCGTCAACCAT_SMC052	SMC052	Control
ACGGGTCGTCTTGTCC_SMC049	SMC049	AD
ACGGGTCGTTGGAGAC_SMC033	SMC033	Control
ACGGTCGAGAGCATCG_SMC032	SMC032	AD
ACGGTCGCAACCAACT_SMC038	SMC038	AD
ACGGTCGTCCATGATG_SMC049	SMC049	AD
ACGGTCGTCGCTCTAC_SMC037	SMC037	Active control
ACGGTCGTCGTCCTTG_SMC030	SMC030	Control
ACGGTTAAGCTCCATA_SMC038	SMC038	AD
ACGGTTAAGGGACACT_SMC041	SMC041	AD
ACGTAACAGCCATTGT_SMC053	SMC053	Active control
ACGTAACAGCCTCGTG_SMC037	SMC037	Active control
ACGTACAAGATAGTCA_SMC033	SMC033	Control
ACGTACAAGATGCTGG_SMC033	SMC033	Control
ACGTACAAGTAACGTA_SMC052	SMC052	Control
ACGTAGTGTATGAAAC_SMC041	SMC041	AD
ACGTCCCTCCCATACT_PO15	PO15	Control
ACGTCCTAGACCATAA_SMC053	SMC053	Active control
ACGTCCTGTACCTAGT_SMC049	SMC049	AD
ACGTCCTTCGTAGCCG_SMC035	SMC035	Active control
ACGTTAACAATGGAAG_PO28	PO28	AD
ACGTTATAGATTCGAT_PO05	PO05	AD
ACGTTCCAGACGTCGA_SMC041	SMC041	AD
ACGTTCCAGAGCCATG_SMC052	SMC052	Control
ACGTTCCGTTGGGTAG_SMC038	SMC038	AD
ACGTTCCTCGCACGAC_SMC037	SMC037	Active control
ACTAAGCCAAGTGTAC_PO05	PO05	AD
ACTAAGCCATAGGCCA_PO28	PO28	AD
ACTACAACAGCAGGGA_PO41	PO41	AD
ACTACGACACTATCGA_SMC038	SMC038	AD
ACTACGAGTATGTCTG_SMC032	SMC032	AD
ACTACGATCATGGATC_SMC038	SMC038	AD
ACTATCTGTCGACTTA_SMC053	SMC053	Active control
ACTATCTTCCGCCTAT_SMC033	SMC033	Control
ACTATCTTCGTACACA_SMC053	SMC053	Active control
ACTATGGAGGAAGAAC_SMC052	SMC052	Control
ACTATGGGTCTAGGCC_SMC052	SMC052	Control
ACTATGGTCACATACG_SMC030	SMC030	Control
ACTATTCAGACCCTTA_SMC053	SMC053	Active control
ACTATTCAGCCGTAAG_SMC049	SMC049	AD
ACTATTCAGCGCCTTG_SMC033	SMC033	Control
ACTATTCCAGGCTACA_PO11	PO11	AD
ACTATTCTCGCAACAT_SMC038	SMC038	AD
ACTCAATAGGCATCGT_PO41	PO41	AD
ACTCCCACATAACGGG_SMC053	SMC053	Active control
ACTCCCAGTAAGATCA_SMC041	SMC041	AD
ACTCCCAGTACAGTCT_SMC038	SMC038	AD
ACTCCTTAGCTAGGCT_PO13	PO13	Control
ACTCTCGCAACTTGGT_SMC053	SMC053	Active control
ACTCTCGCACAATCTG_SMC049	SMC049	AD
ACTCTCGGTGGACAGT_SMC052	SMC052	Control
ACTCTGTTCGATGCAC_PO41	PO41	AD
ACTCTTGCAATCGGCA_PO28	PO28	AD
ACTGAGGAGAACGAAC_PO23	PO23	Control
ACTGATGAGAAGGGAT_SMC038	SMC038	AD
ACTGATGAGGGTTTCT_SMC052	SMC052	Control
ACTGATGCAAGAGAGA_SMC037	SMC037	Active control
ACTGATGGTGACAACG_SMC049	SMC049	AD
ACTGATGGTTGGACCC_SMC049	SMC049	AD
ACTGCAACAAGCGCAA_SMC053	SMC053	Active control
ACTGCAACATCTTCGC_SMC035	SMC035	Active control
ACTGCAAGTATGAAAC_SMC030	SMC030	Control
ACTGCAATCTAGGCAT_SMC041	SMC041	AD
ACTGCATGTTGGGCAG_PO23	PO23	Control
ACTGTCCCATGGCCAC_SMC038	SMC038	AD
ACTGTGAGTGAGTAAT_SMC039	SMC039	AD
ACTGTTAGTCAGCGAG_PO41	PO41	AD
ACTTAGGTCCGAACGC_SMC041	SMC041	AD
ACTTATCAGTTCACTG_SMC033	SMC033	Control
ACTTATCTCCATTTAC_SMC039	SMC039	AD
ACTTCCGAGGCACCAA_SMC038	SMC038	AD
ACTTCCGCACGATAGG_SMC035	SMC035	Active control
ACTTCCGGTCCCTGTT_SMC053	SMC053	Active control
ACTTCCGTCGGCCTTT_SMC037	SMC037	Active control
ACTTCGCCATGGAACT_PO28	PO28	AD
ACTTGGATCCATGTGA_PO11	PO11	AD
ACTTGGGCAGGGACCT_PO23	PO23	Control
ACTTTCAAGCGAATGC_SMC035	SMC035	Active control
ACTTTCAAGGCTGAAC_SMC052	SMC052	Control
ACTTTCAAGGTAGTAT_SMC033	SMC033	Control
ACTTTCAGTCGGTAAG_SMC052	SMC052	Control
ACTTTCATCCGTGCGA_PO28	PO28	AD
ACTTTCATCTTAGGAC_SMC033	SMC033	Control
ACTTTGAGTAATGCTC_PO28	PO28	AD
AGAAATGAGGTTCATC_SMC041	SMC041	AD
AGAAATGGTACCAATC_SMC041	SMC041	AD
AGAAATGGTGGAACAC_SMC049	SMC049	AD
AGAAATGTCCCAAGTA_SMC049	SMC049	AD
AGAACAACAGATGCGA_SMC041	SMC041	AD
AGAACCTCAACCGCCA_SMC052	SMC052	Control
AGAACCTCAGCTGTCG_SMC038	SMC038	AD
AGAACCTGTTGTGCAT_SMC038	SMC038	AD
AGAACCTTCCGTGCGA_SMC053	SMC053	Active control
AGAAGCGCATAACTCG_SMC049	SMC049	AD
AGAAGTATCACCATCC_SMC032	SMC032	AD
AGAAGTATCATCGGGC_SMC049	SMC049	AD
AGAAGTATCGCAAGAG_SMC043	SMC043	AD
AGACAAAAGACCTTTG_SMC053	SMC053	Active control
AGACAAAAGATCACTC_SMC049	SMC049	AD
AGACAAAGTAGTGTGG_SMC038	SMC038	AD
AGACAAAGTGGACCTC_SMC037	SMC037	Active control
AGACAAATCCGACGGT_SMC041	SMC041	AD
AGACAAATCGGACAAG_SMC052	SMC052	Control
AGACAACAGATTCGAT_PO28	PO28	AD
AGACAACAGCCAACTA_PO20	PO20	Control
AGACACTCAAGATGGC_SMC035	SMC035	Active control
AGACACTTCGGCAGTC_SMC037	SMC037	Active control
AGACAGACAATGCCGA_PO23	PO23	Control
AGACAGGCAGACTGCC_SMC041	SMC041	AD
AGACAGGTCGCCAACG_SMC053	SMC053	Active control
AGACATGGTGGGTTGG_PO15	PO15	Control
AGACCATAGCCATATC_SMC049	SMC049	AD
AGACCATGTAGGTTTC_SMC053	SMC053	Active control
AGACCATTCATCACAG_SMC052	SMC052	Control
AGACCATTCCAAGCAT_SMC041	SMC041	AD
AGACCATTCGTGTTCC_SMC049	SMC049	AD
AGACCCGTCCTCACGT_SMC041	SMC041	AD
AGACGCGGTGATTACC_PO15	PO15	Control
AGACGGATCCGTAAGC_PO28	PO28	AD
AGACTCACATAGGAGC_SMC049	SMC049	AD
AGACTCAGTTGGGACA_SMC037	SMC037	Active control
AGACTCATCGAGAGAC_SMC038	SMC038	AD
AGAGAATAGAAGGTAG_SMC033	SMC033	Control
AGAGAATAGACATACA_SMC032	SMC032	AD
AGAGAATAGGTCACAG_SMC053	SMC053	Active control
AGAGAGCCAATACAGA_SMC049	SMC049	AD
AGAGAGCCATAGGTTC_SMC052	SMC052	Control
AGAGAGCCATCTAGAC_SMC038	SMC038	AD
AGAGAGCGTACCTGTA_SMC049	SMC049	AD
AGAGAGCGTCCAATCA_SMC053	SMC053	Active control
AGAGCAGAGAAGCCTG_SMC049	SMC049	AD
AGAGCAGCACTCCGGA_SMC039	SMC039	AD
AGAGCAGTCGTGACTA_SMC052	SMC052	Control
AGAGCCCCAGGCATTT_SMC037	SMC037	Active control
AGAGCCCTCGTAGCCG_SMC049	SMC049	AD
AGAGGCTGTTCACCAG_PO28	PO28	AD
AGAGGGTCATCGCTGT_PO28	PO28	AD
AGAGGTTAGCATGATT_PO23	PO23	Control
AGAGTCCTCACGCCGA_PO28	PO28	AD
AGAGTTGGTCATTCGG_PO41	PO41	AD
AGATAGAAGTAACGTA_SMC053	SMC053	Active control
AGATAGACAGTCTGGC_SMC041	SMC041	AD
AGATAGAGTAAGTTGA_SMC041	SMC041	AD
AGATCCAGTTTGGAGG_SMC037	SMC037	Active control
AGATCGTGTGTTGACT_SMC033	SMC033	Control
AGATGAAAGGCGTTAG_SMC053	SMC053	Active control
AGATGAATCAGCCTCT_SMC037	SMC037	Active control
AGATGAATCCTACAAG_SMC049	SMC049	AD
AGATGCTGTGTCATCA_SMC038	SMC038	AD
AGATGCTGTTGCTCAA_SMC049	SMC049	AD
AGCAAATGTGCAGGTG_PO41	PO41	AD
AGCAACCTCACGGATC_PO23	PO23	Control
AGCAACCTCATCGACA_PO42	PO42	AD
AGCAAGGTCTAGTTCC_PO41	PO41	AD
AGCATCAGTCACCTTC_SMC049	SMC049	AD
AGCATCGCATCGGTCT_PO11	PO11	AD
AGCATGGAGGTGAAGT_PO42	PO42	AD
AGCATTGTCGCTTCAT_PO28	PO28	AD
AGCATTGTCTATCCAC_PO20	PO20	Control
AGCCAATAGGCTCACC_SMC041	SMC041	AD
AGCCAATAGGTGCATG_SMC038	SMC038	AD
AGCCAATCAGGCAAGG_PO42	PO42	AD
AGCCAATCATGCCGCA_SMC052	SMC052	Control
AGCCAATGTTTCGATG_SMC038	SMC038	AD
AGCCACGAGAACGTGC_SMC052	SMC052	Control
AGCCAGCAGAAGTCAT_SMC038	SMC038	AD
AGCCAGCAGAGAGAAC_SMC053	SMC053	Active control
AGCCAGCCACAATCGG_PO28	PO28	AD
AGCCAGCCAGTTAATG_PO28	PO28	AD
AGCCAGCGTACTGACT_SMC049	SMC049	AD
AGCCAGCGTTGAGTCT_SMC031	SMC031	Active control
AGCCAGCTCTATCACT_SMC038	SMC038	AD
AGCCAGCTCTATTCGT_SMC049	SMC049	AD
AGCCATCAGATTCACG_PO28	PO28	AD
AGCCTCAGTTTCGTAA_PO20	PO20	Control
AGCCTCCTCCTGCGCT_PO41	PO41	AD
AGCCTGACAAGCTAGT_PO11	PO11	AD
AGCGAACGTCTAACTA_PO11	PO11	AD
AGCGATTAGCAATAGT_SMC049	SMC049	AD
AGCGATTCAACTATCT_PO11	PO11	AD
AGCGATTCAGCACGAC_PO42	PO42	AD
AGCGATTGTCGAACAG_SMC037	SMC037	Active control
AGCGATTTCCGACGGT_SMC052	SMC052	Control
AGCGATTTCGTCAGAT_SMC052	SMC052	Control
AGCGATTTCTATGTGG_SMC033	SMC033	Control
AGCGCAGGTGATCCCA_PO20	PO20	Control
AGCGCCAAGACGGTTG_SMC033	SMC033	Control
AGCGCCAAGATGGCGT_SMC030	SMC030	Control
AGCGCCAAGCATCCTA_SMC052	SMC052	Control
AGCGCCAGTCCCAAAT_SMC037	SMC037	Active control
AGCGCCATCCATTTGT_SMC039	SMC039	AD
AGCGCCATCTCCCATG_SMC033	SMC033	Control
AGCGCCTGTCATGAGA_PO05	PO05	AD
AGCGCCTGTTGAGGAC_PO20	PO20	Control
AGCGCTGCAAGAGGTC_SMC049	SMC049	AD
AGCGCTGCAGGTAGTG_SMC041	SMC041	AD
AGCGCTGGTACAATAG_SMC037	SMC037	Active control
AGCGGTAAGCGCTCCT_PO28	PO28	AD
AGCGTAAGTAGTGCAA_PO11	PO11	AD
AGCGTATCACGAAGAC_SMC033	SMC033	Control
AGCGTATTCTAAGCCA_SMC041	SMC041	AD
AGCGTCGAGACCTGGA_SMC053	SMC053	Active control
AGCGTCGCAAACACCT_SMC038	SMC038	AD
AGCGTCGCAAGACCGA_SMC052	SMC052	Control
AGCGTCGCAGCACGAA_SMC052	SMC052	Control
AGCGTTGCAACTGCCT_PO11	PO11	AD
AGCTAATTCCTCTATA_PO23	PO23	Control
AGCTACAAGCCTCAGC_SMC053	SMC053	Active control
AGCTACAAGGAGAGGC_SMC049	SMC049	AD
AGCTACACAAATGCGG_SMC041	SMC041	AD
AGCTACACAGGCACTC_SMC033	SMC033	Control
AGCTACAGTCTTACAG_SMC049	SMC049	AD
AGCTACAGTGACTAAA_SMC037	SMC037	Active control
AGCTACATCTGTAACG_SMC037	SMC037	Active control
AGCTATGTCCCTCTAG_PO20	PO20	Control
AGCTCAAAGTTAACAG_SMC038	SMC038	AD
AGCTTATAGGGTCCAT_PO20	PO20	Control
AGCTTATAGTAACGCC_PO20	PO20	Control
AGCTTCCAGGACAGTC_SMC041	SMC041	AD
AGCTTCCCAAAGGCGT_SMC053	SMC053	Active control
AGCTTCCCAATAGTCC_SMC039	SMC039	AD
AGCTTCCGTCAAGGCA_SMC049	SMC049	AD
AGCTTCCGTTACGTAC_SMC037	SMC037	Active control
AGCTTTAGTGGCGTTC_PO28	PO28	AD
AGGAAATCACGTATAC_SMC052	SMC052	Control
AGGAAATCAGTACCGA_PO05	PO05	AD
AGGAAATTCCGTAATG_SMC033	SMC033	Control
AGGAACTAGCCTGTCC_PO11	PO11	AD
AGGAATAAGAACTTCC_SMC038	SMC038	AD
AGGAATAAGAGTATAC_SMC041	SMC041	AD
AGGAATATCTGTAAGC_SMC032	SMC032	AD
AGGACATAGGGCAGGT_PO11	PO11	AD
AGGACGAAGCGTGTTT_SMC052	SMC052	Control
AGGACGAGTGGCTAGA_SMC037	SMC037	Active control
AGGACGATCATTACCT_SMC037	SMC037	Active control
AGGACTTAGAGAGTGA_SMC038	SMC038	AD
AGGACTTCAGCCTATA_SMC053	SMC053	Active control
AGGAGATTCGCGTCTC_PO20	PO20	Control
AGGAGCCAGTAATGTC_PO28	PO28	AD
AGGAGGTAGACGTCCC_SMC033	SMC033	Control
AGGAGGTGTTCTTAGG_SMC052	SMC052	Control
AGGAGGTTCTCTCGCA_SMC041	SMC041	AD
AGGATAACATGGGATG_SMC038	SMC038	AD
AGGATAAGTATTTCGG_SMC035	SMC035	Active control
AGGATAATCGGTCTAA_SMC053	SMC053	Active control
AGGATCTAGCATAGGC_SMC035	SMC035	Active control
AGGATCTTCTCTGAGA_SMC041	SMC041	AD
AGGATTGGTTCCGCTT_PO11	PO11	AD
AGGCATTCATTGAGGG_SMC052	SMC052	Control
AGGCATTCATTGCAAC_SMC053	SMC053	Active control
AGGCATTTCTACAGGT_SMC038	SMC038	AD
AGGCCACCAAAGCAAT_SMC049	SMC049	AD
AGGCCACCAACTGATC_SMC049	SMC049	AD
AGGCCACCAGGGTTGA_SMC053	SMC053	Active control
AGGCCACTCAGACATC_SMC049	SMC049	AD
AGGCCAGGTGGCTCGT_PO15	PO15	Control
AGGCGCAGTTGCCTGA_PO11	PO11	AD
AGGCTCACAACTAGCG_PO41	PO41	AD
AGGCTGCAGCACCAGA_SMC052	SMC052	Control
AGGCTGCTCTGAGGCC_SMC052	SMC052	Control
AGGCTTATCATGGTAT_PO05	PO05	AD
AGGCTTGCAAGCTCTC_PO11	PO11	AD
AGGGAACCACAATTAG_PO20	PO20	Control
AGGGAGTAGTGCTCGC_SMC035	SMC035	Active control
AGGGAGTCAGCTCTGT_PO28	PO28	AD
AGGGAGTCATGCAGCC_SMC049	SMC049	AD
AGGGAGTGTACCAGAG_SMC053	SMC053	Active control
AGGGAGTTCATGCCGG_SMC033	SMC033	Control
AGGGCATGTTTAGCAC_PO28	PO28	AD
AGGGCCTTCCTTACCG_SMC039	SMC039	AD
AGGGCCTTCCTTCACG_SMC041	SMC041	AD
AGGGCTCAGGCTGGAT_SMC052	SMC052	Control
AGGGCTGGTCTCACCT_PO11	PO11	AD
AGGGTACGTCTAGGCC_PO20	PO20	Control
AGGGTACGTTCACGAT_PO28	PO28	AD
AGGGTCAAGCATAGTT_PO42	PO42	AD
AGGGTCCAGGTACCTT_SMC049	SMC049	AD
AGGGTCCCAGTTAAAG_SMC053	SMC053	Active control
AGGGTGAAGACTCCGC_SMC049	SMC049	AD
AGGGTGAAGTAGTCCT_SMC041	SMC041	AD
AGGGTTGAGGGGTCAA_PO23	PO23	Control
AGGGTTTAGCTGTCCG_SMC052	SMC052	Control
AGGGTTTGTCGTACAT_SMC052	SMC052	Control
AGGGTTTTCCATGATG_SMC053	SMC053	Active control
AGGGTTTTCTCAGGCG_SMC041	SMC041	AD
AGGTAGGTCAAGAGGC_SMC037	SMC037	Active control
AGGTCATTCAGCTGAT_SMC038	SMC038	AD
AGGTGATAGCTAGTTG_PO42	PO42	AD
AGGTGTTAGCCAGAGT_SMC032	SMC032	AD
AGGTGTTGTTGTGCCG_SMC049	SMC049	AD
AGGTGTTTCAGAGCGA_SMC037	SMC037	Active control
AGGTTACAGATTGGGC_SMC038	SMC038	AD
AGGTTACTCTCGGGAC_SMC035	SMC035	Active control
AGGTTCATCGCGACTG_PO42	PO42	AD
AGGTTGTAGGTCGAGT_SMC052	SMC052	Control
AGGTTGTAGTCATCGT_SMC052	SMC052	Control
AGGTTGTAGTGGATTA_SMC052	SMC052	Control
AGGTTGTCAAAGCTAA_SMC041	SMC041	AD
AGGTTGTGTCGTGCCA_SMC033	SMC033	Control
AGGTTGTGTGTATCCA_SMC035	SMC035	Active control
AGGTTGTGTTGTATGC_SMC039	SMC039	AD
AGTAACCCATGGACAG_SMC037	SMC037	Active control
AGTACAGGTTAACTGC_PO11	PO11	AD
AGTACAGGTTATATCG_PO11	PO11	AD
AGTACCAAGCCAAGGT_SMC049	SMC049	AD
AGTACCAAGTCTGCAT_SMC033	SMC033	Control
AGTACCAGTGATAGAT_SMC035	SMC035	Active control
AGTACCAGTTGCCGAC_SMC035	SMC035	Active control
AGTACCATCGACCCGA_PO11	PO11	AD
AGTACCATCGTCGCTT_SMC030	SMC030	Control
AGTACTTAGTCGATCA_PO20	PO20	Control
AGTAGCTAGCTCAGAG_SMC041	SMC041	AD
AGTAGCTCAACTCGTA_SMC030	SMC030	Control
AGTAGCTGTCAGATTC_SMC038	SMC038	AD
AGTAGCTTCTACACAG_SMC053	SMC053	Active control
AGTAGTCAGTATTAGG_SMC049	SMC049	AD
AGTAGTCCAGACCTAT_SMC038	SMC038	AD
AGTAGTCTCGGATAAA_SMC052	SMC052	Control
AGTATGTTCCCCAGAG_PO20	PO20	Control
AGTCAACAGTACAGAT_SMC033	SMC033	Control
AGTCAACCAGGCCCTA_SMC038	SMC038	AD
AGTCAACCAGTCTCTC_SMC049	SMC049	AD
AGTCAAGGTTCACGAT_PO20	PO20	Control
AGTCAATTCATGGTGC_PO13	PO13	Control
AGTCACAAGAGATCGC_SMC038	SMC038	AD
AGTCACAAGATGCGAC_SMC041	SMC041	AD
AGTCACAGTTACGATC_SMC052	SMC052	Control
AGTCACATCACTGCTC_SMC037	SMC037	Active control
AGTCATGAGATCACCT_SMC052	SMC052	Control
AGTCATGCAAGTATCC_SMC041	SMC041	AD
AGTCATGGTTTAGTCG_SMC037	SMC037	Active control
AGTCATGTCTTGGAAC_SMC052	SMC052	Control
AGTCCAGCAGTTGCCT_PO20	PO20	Control
AGTCCTAAGTGCAAGG_PO28	PO28	AD
AGTCGATCAATCTATC_PO41	PO41	AD
AGTCGGTTCAAGTTAC_PO05	PO05	AD
AGTCTCCCACACAGCC_SMC053	SMC053	Active control
AGTCTCCGTAGCGAGT_SMC052	SMC052	Control
AGTGACAGTGGCGTGA_PO23	PO23	Control
AGTGACTTCGTTGTAG_SMC049	SMC049	AD
AGTGAGGTCAGTGCTA_PO11	PO11	AD
AGTGAGGTCCATGAAT_PO11	PO11	AD
AGTGATCCAAGGTCGA_SMC030	SMC030	Control
AGTGATCGTACGAAAT_SMC053	SMC053	Active control
AGTGATCGTTCTTGTT_SMC049	SMC049	AD
AGTGCATCAAGCCATG_PO28	PO28	AD
AGTGCATCACTTGCCG_PO05	PO05	AD
AGTGCCGAGTAGCTCT_SMC052	SMC052	Control
AGTGCCGCAGCTGAGA_SMC053	SMC053	Active control
AGTGCCGGTGCTAGCC_SMC033	SMC033	Control
AGTGCCGGTTCGATTG_SMC049	SMC049	AD
AGTGCCGGTTTAAGGA_SMC035	SMC035	Active control
AGTGTGAGTGCATTAC_PO28	PO28	AD
AGTGTTGCATCTGTTT_SMC052	SMC052	Control
AGTTAGCAGGTGAGAA_SMC041	SMC041	AD
AGTTAGCCACTTGAGT_SMC031	SMC031	Active control
AGTTAGCCATGACTTG_SMC031	SMC031	Active control
AGTTCCCCAGAAGCTG_SMC035	SMC035	Active control
AGTTCCCGTTCCACAA_SMC037	SMC037	Active control
AGTTCGAAGGCTTAAA_SMC052	SMC052	Control
AGTTCGACAATACCTG_SMC049	SMC049	AD
AGTTCGACAGTAGATA_SMC037	SMC037	Active control
AGTTCGACATAACAGA_SMC053	SMC053	Active control
AGTTCGAGTCTGCGCA_SMC038	SMC038	AD
AGTTCGAGTGTTGACT_SMC037	SMC037	Active control
AGTTCGAGTTGTCCCT_SMC052	SMC052	Control
AGTTCGATCTAGTTCT_SMC033	SMC033	Control
AGTTGCATCCGGAACT_PO42	PO42	AD
AGTTGCATCTGGATCA_PO11	PO11	AD
AGTTGGGAGGCTCCAG_PO28	PO28	AD
AGTTTAGCAACTACCC_PO05	PO05	AD
ATAATCGCACATGATA_PO15	PO15	Control
ATAATCGCATCCAGAG_PO05	PO05	AD
ATACCCTTCAAGTCGC_PO28	PO28	AD
ATACCGACACAACGAG_SMC052	SMC052	Control
ATACCGAGTATCACCA_SMC049	SMC049	AD
ATACCGAGTGCTTCAA_SMC035	SMC035	Active control
ATACCGAGTGGATGAC_SMC035	SMC035	Active control
ATACCGAGTTCGCGTG_SMC033	SMC033	Control
ATACCTTCAACCAATC_SMC052	SMC052	Control
ATACCTTCACAACGTT_SMC052	SMC052	Control
ATACGAAAGCAATGAA_PO28	PO28	AD
ATACGCGCATGAGCGC_PO41	PO41	AD
ATACTTCAGCGGCTCT_SMC052	SMC052	Control
ATACTTCCACTAACCA_SMC049	SMC049	AD
ATACTTCGTCTAGGCC_SMC049	SMC049	AD
ATACTTGGTTTCGACG_PO42	PO42	AD
ATAGACCAGAAGTCTA_SMC049	SMC049	AD
ATAGACCCAGGGTTGA_SMC033	SMC033	Control
ATAGACCGTGCAGTGA_SMC039	SMC039	AD
ATAGACCTCTTAGCAG_SMC036	SMC036	AD
ATAGAGACAACGCATT_SMC037	SMC037	Active control
ATAGAGACAATGGCAG_SMC053	SMC053	Active control
ATAGCGAGTAAGCGGT_PO11	PO11	AD
ATAGCGAGTCAGGCTC_PO28	PO28	AD
ATAGCGAGTTGGCGCT_PO20	PO20	Control
ATAGCGGAGCGCATGT_PO41	PO41	AD
ATAGGCTCAACTGATC_SMC052	SMC052	Control
ATAGGCTCAGTTTCAG_SMC038	SMC038	AD
ATAGTCACATGGTATA_PO11	PO11	AD
ATAGTGAAGTCGCATA_PO28	PO28	AD
ATATCCTCACTTGAGT_SMC049	SMC049	AD
ATATCCTGTCCGGTGT_SMC052	SMC052	Control
ATATCCTTCTCTCCGA_SMC052	SMC052	Control
ATATTCCCAAGCTGGC_PO28	PO28	AD
ATCAACTAGGCGTATC_PO13	PO13	Control
ATCACATAGATAGGGT_PO28	PO28	AD
ATCACCTTCCTCAACT_PO05	PO05	AD
ATCACGACATAATGAG_SMC038	SMC038	AD
ATCACGAGTCCGGTCA_SMC052	SMC052	Control
ATCACGATCACACGAT_SMC049	SMC049	AD
ATCACTTAGGCGTTAG_SMC052	SMC052	Control
ATCACTTTCGCCGAGT_SMC041	SMC041	AD
ATCAGGTCAAGCTCGA_PO11	PO11	AD
ATCAGGTCAGGTAATC_PO42	PO42	AD
ATCAGGTGTCAAGCGA_SMC037	SMC037	Active control
ATCAGGTGTCCAAAGG_SMC033	SMC033	Control
ATCAGGTTCCGACATA_SMC052	SMC052	Control
ATCATCTCATCGTAGG_PO05	PO05	AD
ATCATTCGTAAGATCA_SMC039	SMC039	AD
ATCATTCTCAGCTTGA_SMC049	SMC049	AD
ATCATTCTCGAACACT_SMC049	SMC049	AD
ATCCACAAGTGCGGTT_PO13	PO13	Control
ATCCACCGTCGTATGT_SMC049	SMC049	AD
ATCCACGGTCAAGTCT_PO11	PO11	AD
ATCCACGGTTCCGTAG_PO42	PO42	AD
ATCCCCTGTCTCAGTG_PO15	PO15	Control
ATCCCCTGTGAGCGCA_PO05	PO05	AD
ATCCCTGAGAGTCCGA_SMC052	SMC052	Control
ATCCCTGGTAGCGTAG_SMC033	SMC033	Control
ATCCCTGTCATGCCCT_SMC052	SMC052	Control
ATCCCTTAGTGAAGGT_PO05	PO05	AD
ATCCGTAAGTAACGAA_PO28	PO28	AD
ATCCGTCAGGTTGGTG_SMC038	SMC038	AD
ATCCGTCCAACGGTGC_PO13	PO13	Control
ATCCGTCCATAAGTGC_PO23	PO23	Control
ATCCTATGTACGAGCA_SMC031	SMC031	Active control
ATCCTATGTTTGACAC_SMC049	SMC049	AD
ATCGATGAGACCTCAT_SMC053	SMC053	Active control
ATCGATGTCCTAGAGT_SMC049	SMC049	AD
ATCGCATGTCTTGAAC_PO20	PO20	Control
ATCGCCTAGCCTCAGC_SMC049	SMC049	AD
ATCGCCTAGGACTGGT_SMC033	SMC033	Control
ATCGCCTAGGAGACCT_SMC033	SMC033	Control
ATCGCCTCACTTGTCC_SMC037	SMC037	Active control
ATCGCCTTCCACAGGC_SMC052	SMC052	Control
ATCGCCTTCCGCCTAT_SMC033	SMC033	Control
ATCGGATAGATACTGA_SMC052	SMC052	Control
ATCGGATAGTTTAGGA_SMC052	SMC052	Control
ATCGGATTCATGGATC_SMC032	SMC032	AD
ATCGGATTCATTTACC_SMC052	SMC052	Control
ATCGGCGAGTTCTACG_SMC053	SMC053	Active control
ATCGGCGCAAGAATGT_SMC053	SMC053	Active control
ATCGGCGGTCACTGAT_SMC041	SMC041	AD
ATCGTAGAGTATGAAC_SMC041	SMC041	AD
ATCGTAGTCGTGGCGT_SMC049	SMC049	AD
ATCGTCAAGTTGGTAT_PO42	PO42	AD
ATCGTCCGTCGCTTAA_SMC049	SMC049	AD
ATCGTGAAGCTGCCTG_SMC035	SMC035	Active control
ATCGTTAGTTTCCTCA_PO42	PO42	AD
ATCGTTGAGGAGTCGA_PO28	PO28	AD
ATCTCATCACTTGCCG_PO11	PO11	AD
ATCTCTACACAGTCCG_SMC053	SMC053	Active control
ATCTCTACAGGTCAAG_SMC053	SMC053	Active control
ATCTCTATCTTAGCCC_SMC038	SMC038	AD
ATCTGAGTCAGCTCGG_PO28	PO28	AD
ATCTGCAAGCCGATAC_PO41	PO41	AD
ATCTGTGAGTAGCACC_PO11	PO11	AD
ATCTTCAAGATCCGAG_SMC030	SMC030	Control
ATCTTCAAGTCGCCCA_SMC049	SMC049	AD
ATCTTCACACTACAGT_SMC052	SMC052	Control
ATCTTCACACTATCCC_SMC037	SMC037	Active control
ATCTTCAGTCACCCTT_SMC052	SMC052	Control
ATCTTCAGTGCTAGCC_SMC053	SMC053	Active control
ATGAAACGTAATCCCG_PO05	PO05	AD
ATGAAAGCACAGCGCT_SMC053	SMC053	Active control
ATGAAAGCAGAGATGC_SMC052	SMC052	Control
ATGAAAGGTGCTGATT_SMC035	SMC035	Active control
ATGAAAGTCGGTTGTA_SMC053	SMC053	Active control
ATGAACCCATAAGGTC_PO42	PO42	AD
ATGACAGGTTTGGATC_PO41	PO41	AD
ATGACCAGTCCTCATC_SMC038	SMC038	AD
ATGACCAGTGACGCCT_SMC037	SMC037	Active control
ATGAGGCGTCAAGCGG_PO20	PO20	Control
ATGAGGGGTCTTCAAG_SMC038	SMC038	AD
ATGAGGGTCTAGTTCT_SMC038	SMC038	AD
ATGAGGGTCTCTTAAC_SMC033	SMC033	Control
ATGAGTCAGGGTCTTT_SMC043	SMC043	AD
ATGAGTCCACGACGAA_SMC052	SMC052	Control
ATGAGTCGTACCTAGT_SMC033	SMC033	Control
ATGAGTCTCATGCATG_SMC038	SMC038	AD
ATGAGTCTCGTAGCTA_SMC035	SMC035	Active control
ATGATCGGTGTATTCG_SMC032	SMC032	AD
ATGCAGCTCGAACCGT_PO05	PO05	AD
ATGCAGGAGCAGGTAG_PO13	PO13	Control
ATGCATGGTCATAACC_SMC033	SMC033	Control
ATGCCTCAGGGACACT_SMC049	SMC049	AD
ATGCCTCGTAAGCGGT_SMC049	SMC049	AD
ATGCCTCGTTCCAAAC_SMC049	SMC049	AD
ATGCCTCTCCTTATCA_SMC037	SMC037	Active control
ATGCGATGTGTGGTCC_SMC049	SMC049	AD
ATGCGATTCACGGTCG_SMC041	SMC041	AD
ATGCTAGTCACTCGCC_PO28	PO28	AD
ATGCTAGTCCGCTACC_PO05	PO05	AD
ATGCTCCCAACCAGGC_PO15	PO15	Control
ATGGACTCATTAAGTG_PO05	PO05	AD
ATGGAGGAGCAAGCCA_SMC033	SMC033	Control
ATGGAGGCAGCGTTTA_SMC035	SMC035	Active control
ATGGAGGCATCCTAAG_SMC053	SMC053	Active control
ATGGATCCAGTTGAAA_SMC049	SMC049	AD
ATGGATCGTGGTTTGT_SMC037	SMC037	Active control
ATGGATGGTGACGTGG_PO28	PO28	AD
ATGGATGGTTAGAGGC_PO23	PO23	Control
ATGGCCCGTAGCGCCT_PO41	PO41	AD
ATGGCTATCCTGCGAG_PO05	PO05	AD
ATGGCTTGTCAATGTC_PO28	PO28	AD
ATGGGAGCAGTGAGCA_SMC041	SMC041	AD
ATGGGAGCATAGATCC_SMC053	SMC053	Active control
ATGGGAGGTGCGTGCT_SMC053	SMC053	Active control
ATGGGAGGTTCCGCTT_SMC049	SMC049	AD
ATGGGCAAGGCGTAAG_PO28	PO28	AD
ATGGGCAAGGTATCGC_PO13	PO13	Control
ATGGGCAAGTAAGCAA_PO05	PO05	AD
ATGGGCTTCTGTGCCC_PO28	PO28	AD
ATGGGTTCACTCGATA_SMC052	SMC052	Control
ATGGTAGGTAACGATG_PO28	PO28	AD
ATGGTCATCCCCTGAC_PO28	PO28	AD
ATGGTTGAGGAGGCAG_SMC041	SMC041	AD
ATGGTTGTCTTTGCAT_SMC053	SMC053	Active control
ATGGTTTAGTCGCTCC_PO23	PO23	Control
ATGTCCCAGGCACGAT_SMC049	SMC049	AD
ATGTCCCAGGCTCTCG_SMC039	SMC039	AD
ATGTCCCGTATACCTG_SMC038	SMC038	AD
ATGTCCCGTGGCAACA_SMC052	SMC052	Control
ATGTCTTAGCATGCGA_SMC037	SMC037	Active control
ATGTCTTCAAACACCT_SMC049	SMC049	AD
ATGTCTTGTCACTTAG_SMC041	SMC041	AD
ATGTGAAAGGAATGTA_PO28	PO28	AD
ATGTGAGGTTATAGCC_PO11	PO11	AD
ATTACCCTCTATGCTC_PO13	PO13	Control
ATTACCTAGTATGAAC_SMC041	SMC041	AD
ATTACCTCATTACCTG_PO15	PO15	Control
ATTACCTGTTGGGTTT_SMC037	SMC037	Active control
ATTACGTAGGAACCGA_PO23	PO23	Control
ATTACGTAGGATAGGT_PO15	PO15	Control
ATTACGTAGGGCTAGA_PO20	PO20	Control
ATTACGTAGGTGCGAA_PO28	PO28	AD
ATTACTCCAAGTGCAG_SMC041	SMC041	AD
ATTACTCGTACCGGAA_SMC037	SMC037	Active control
ATTACTCTCAGAATAG_SMC037	SMC037	Active control
ATTACTGGTTATGACC_PO28	PO28	AD
ATTATCCAGCCGGATA_SMC030	SMC030	Control
ATTATCCAGTTGCCCG_SMC049	SMC049	AD
ATTCACTTCCTCGATC_SMC049	SMC049	AD
ATTCAGGGTCAGGCAA_SMC037	SMC037	Active control
ATTCAGGGTGACTCGC_SMC041	SMC041	AD
ATTCATCAGCAGTACG_SMC035	SMC035	Active control
ATTCATCGTGACGCCT_SMC038	SMC038	AD
ATTCCAAGTTAATCTG_PO28	PO28	AD
ATTCCATAGTCGCCAC_SMC052	SMC052	Control
ATTCCATCAATTTCTC_SMC052	SMC052	Control
ATTCCATCACTTGGGC_SMC038	SMC038	AD
ATTCCATGTGAATTAG_SMC049	SMC049	AD
ATTCCATGTTGTTGAC_SMC038	SMC038	AD
ATTCCATGTTTCCCAC_SMC037	SMC037	Active control
ATTCCATTCCCAGGCA_SMC049	SMC049	AD
ATTCCCGAGGTGCTGA_SMC033	SMC033	Control
ATTCCCGCAGTTTCGA_SMC052	SMC052	Control
ATTCCCGCATCTTCGC_SMC052	SMC052	Control
ATTCCCGTCTTGGAAC_SMC052	SMC052	Control
ATTCCTAGTCCCTGTT_SMC053	SMC053	Active control
ATTCCTAGTTCTAAGC_SMC053	SMC053	Active control
ATTCCTATCGTCGGGT_SMC049	SMC049	AD
ATTCGTAGTTGCGAGG_PO20	PO20	Control
ATTCGTTCAAACGTGG_SMC033	SMC033	Control
ATTCGTTCAAATCAAG_SMC035	SMC035	Active control
ATTCGTTGTGCGGCTT_SMC053	SMC053	Active control
ATTCGTTTCTCCACTG_SMC041	SMC041	AD
ATTCTACCACATTACG_SMC038	SMC038	AD
ATTCTTGAGGCATCGA_SMC041	SMC041	AD
ATTCTTGAGTGGACGT_SMC053	SMC053	Active control
ATTCTTGCAGTTTCGA_SMC052	SMC052	Control
ATTCTTGGTACGGTTT_SMC038	SMC038	AD
ATTCTTGGTTCAGGTT_SMC033	SMC033	Control
ATTCTTGTCAGTCTTT_SMC038	SMC038	AD
ATTCTTGTCGCAGTGC_SMC049	SMC049	AD
ATTGAGGGTTAGAGGC_PO11	PO11	AD
ATTGCCCCATGCGTAG_PO11	PO11	AD
ATTGGATTCAGGACGA_PO20	PO20	Control
ATTGGATTCCTCTCTC_PO15	PO15	Control
ATTGGCTGTGATGGCG_PO42	PO42	AD
ATTGGCTGTTATAGCC_PO11	PO11	AD
ATTGGGTCAATACCCA_SMC052	SMC052	Control
ATTGGGTCATGGCGCT_SMC037	SMC037	Active control
ATTGGTTAGGCGAGTA_PO23	PO23	Control
ATTGTTCTCTCTATAC_SMC053	SMC053	Active control
ATTTACCGTCTAACGT_SMC033	SMC033	Control
ATTTACCGTGTTTACG_SMC037	SMC037	Active control
ATTTCACCAGGCGATA_SMC053	SMC053	Active control
ATTTCACCAGTATACC_SMC041	SMC041	AD
ATTTCACCATTGCTTT_SMC035	SMC035	Active control
ATTTCACGTATCGTTG_SMC033	SMC033	Control
ATTTCACGTGCCTTCT_SMC049	SMC049	AD
ATTTCTGCACACCAGC_SMC049	SMC049	AD
ATTTCTGGTATGAGCG_SMC035	SMC035	Active control
ATTTCTGGTTATGTGC_SMC035	SMC035	Active control
CAAACCCAGTTACCGA_PO13	PO13	Control
CAAACCGCACCTCGCA_PO11	PO11	AD
CAAAGAAAGTTGCATC_SMC053	SMC053	Active control
CAAAGAATCGCAATTG_SMC031	SMC031	Active control
CAAAGCGAGGAGTAGT_PO28	PO28	AD
CAAAGGCGTGCGTGAG_PO41	PO41	AD
CAAAGGGTCGTGACTA_PO28	PO28	AD
CAAAGTAAGCATCCGG_PO28	PO28	AD
CAAATGAAGAAGCGCA_PO23	PO23	Control
CAAATGAAGATACTCG_PO42	PO42	AD
CAACAACGTAGAATGT_SMC033	SMC033	Control
CAACAACGTTTGTTCT_SMC037	SMC037	Active control
CAACAACTCCTTTGAT_SMC052	SMC052	Control
CAACAGTCACACCGCA_SMC041	SMC041	AD
CAACAGTGTTGCACGC_SMC037	SMC037	Active control
CAACAGTTCGTCCTTG_SMC035	SMC035	Active control
CAACATTAGAACGGAT_PO28	PO28	AD
CAACCAAGTCGCAACC_SMC049	SMC049	AD
CAACCCTCACAATGAC_PO20	PO20	Control
CAACCCTCATGCTCTA_PO28	PO28	AD
CAACCCTCATTGCCAC_PO42	PO42	AD
CAACCTCGTGGCTTAT_SMC053	SMC053	Active control
CAACGATAGCGATGAC_SMC039	SMC039	AD
CAACGATCAAACTAGA_SMC038	SMC038	AD
CAACGATCAAGCTTCC_PO42	PO42	AD
CAACGATCACCACATA_SMC049	SMC049	AD
CAACGATCATAAGGAG_PO42	PO42	AD
CAACGATGTCAAAGAT_SMC038	SMC038	AD
CAACGGCAGGTCACTT_SMC049	SMC049	AD
CAACTAACATCCGTTA_PO20	PO20	Control
CAACTCCCATGGTTGG_PO42	PO42	AD
CAAGAGGAGGAACTAT_SMC035	SMC035	Active control
CAAGAGGGTAGACTGG_SMC052	SMC052	Control
CAAGAGGGTCGTGTTA_SMC033	SMC033	Control
CAAGCAAGTTAGCAAG_PO15	PO15	Control
CAAGCATCAAGCTAAC_PO28	PO28	AD
CAAGCGAAGCAGGTGA_PO05	PO05	AD
CAAGCGAAGCAGTCTA_PO41	PO41	AD
CAAGCGGGTTTGATGC_PO23	PO23	Control
CAAGCTAAGGCTCACC_SMC053	SMC053	Active control
CAAGCTAGTCGAGATG_SMC039	SMC039	AD
CAAGGGACAACGGGTA_SMC049	SMC049	AD
CAAGGGATCTCACCGC_PO13	PO13	Control
CAAGTGAGTTCGTTCC_PO11	PO11	AD
CAATACGCACGCAGTC_SMC033	SMC033	Control
CAATACGTCACTGCTC_SMC030	SMC030	Control
CAATACGTCGAGAAAT_SMC049	SMC049	AD
CAATACGTCTAGGCCG_SMC037	SMC037	Active control
CAATCCGGTCAGCCAC_PO15	PO15	Control
CAATCGAAGAGGGCGA_SMC049	SMC049	AD
CAATCGATCCAGCTAA_PO28	PO28	AD
CAATGACAGCGAATGC_SMC036	SMC036	AD
CAATGACGTATCGAGG_SMC038	SMC038	AD
CAATGCCAGGAGCCTT_PO28	PO28	AD
CAATGGCTCCGTAGGT_PO42	PO42	AD
CAATTAGCATTCCTAG_PO15	PO15	Control
CAATTCCTCCTTAGAG_PO05	PO05	AD
CAATTTCAGACCGCCT_SMC041	SMC041	AD
CACAACAAGGTTGAGC_SMC038	SMC038	AD
CACAACAGTCCTGGTG_SMC037	SMC037	Active control
CACAACATCAGCACCG_PO13	PO13	Control
CACAAGTCATAGATTG_PO11	PO11	AD
CACACAACAGCAGTTT_SMC049	SMC049	AD
CACACAATCCTGCTAT_PO11	PO11	AD
CACACAGCAACCCTGT_PO41	PO41	AD
CACAGATCAGGAACCA_SMC052	SMC052	Control
CACAGATCAGTTCCAA_SMC037	SMC037	Active control
CACAGATGTTCTGACA_SMC038	SMC038	AD
CACAGATTCAAACCCA_SMC041	SMC041	AD
CACAGGCAGGTCACCC_SMC033	SMC033	Control
CACAGGCAGTTTGAGA_SMC049	SMC049	AD
CACAGGCCAGGTTCGC_SMC038	SMC038	AD
CACAGGCGTCTGTCAA_SMC049	SMC049	AD
CACAGGCTCGGACTTA_SMC053	SMC053	Active control
CACATAGTCCTCGTTG_PO20	PO20	Control
CACATATAGCATGGAG_PO11	PO11	AD
CACATGAAGAAGAGCA_SMC032	SMC032	AD
CACATGAAGTGCACCC_SMC052	SMC052	Control
CACATGAGTGGGTATG_SMC032	SMC032	AD
CACATGAGTTGTCCCT_SMC052	SMC052	Control
CACATGATCGTGACTA_SMC053	SMC053	Active control
CACCAAAAGGCATGGT_SMC049	SMC049	AD
CACCAAACAAGTAGTA_SMC035	SMC035	Active control
CACCAAAGTGGGCTCT_SMC038	SMC038	AD
CACCAAATCCCTTGGT_SMC035	SMC035	Active control
CACCAATGTAGTTGCT_PO05	PO05	AD
CACCAGACACCAGCTT_PO28	PO28	AD
CACCCTTGTTGCCTTC_PO11	PO11	AD
CACCGAACAGGTAACT_PO20	PO20	Control
CACCGCAAGGCTCAGT_PO20	PO20	Control
CACCGTTTCAAGCTGT_SMC041	SMC041	AD
CACCGTTTCTCCACTG_SMC049	SMC049	AD
CACCTGCTCACTATCC_PO41	PO41	AD
CACCTGCTCGATATAC_PO13	PO13	Control
CACGAATAGCCTCAGC_SMC033	SMC033	Control
CACGAATCACGCTATA_SMC038	SMC038	AD
CACGACTAGTTGGGTC_PO28	PO28	AD
CACGGGTCACAAGGTG_SMC053	SMC053	Active control
CACGGGTCAGGTTTAC_SMC049	SMC049	AD
CACGGGTTCAGACCGC_SMC038	SMC038	AD
CACGGGTTCCACAGGC_SMC031	SMC031	Active control
CACGTAATCCATAGCA_PO42	PO42	AD
CACGTGGAGAAGCGCT_SMC030	SMC030	Control
CACGTGGAGAGCAGAA_SMC053	SMC053	Active control
CACGTGGAGCCGTAAG_SMC049	SMC049	AD
CACGTGGAGGGAGAAT_SMC053	SMC053	Active control
CACGTGGAGTAACCTC_SMC038	SMC038	AD
CACGTGGGTACCCACG_SMC033	SMC033	Control
CACGTGGGTTGGGAAC_SMC033	SMC033	Control
CACGTTCCATCATGAC_SMC052	SMC052	Control
CACGTTCGTACTGAGG_SMC039	SMC039	AD
CACGTTCGTGACAGGT_SMC032	SMC032	AD
CACGTTCTCAGACTGT_SMC053	SMC053	Active control
CACTAAGAGCTACTAC_SMC039	SMC039	AD
CACTAAGAGGGTGAGG_SMC038	SMC038	AD
CACTAAGCACATATCG_SMC053	SMC053	Active control
CACTAAGGTACCTTCC_SMC053	SMC053	Active control
CACTACAAGGTCGAGA_PO41	PO41	AD
CACTATGAGGATCCGT_PO20	PO20	Control
CACTCACCAAGTCGCA_PO28	PO28	AD
CACTGAACATAAGCGG_SMC052	SMC052	Control
CACTGAAGTCCTCCAT_SMC041	SMC041	AD
CACTGAAGTGCTGATT_SMC038	SMC038	AD
CACTGCCTCCGCGACA_PO15	PO15	Control
CACTGCCTCGACATAT_PO20	PO20	Control
CACTGTCAGGCGTTAG_SMC052	SMC052	Control
CACTGTCAGTGCACCC_SMC052	SMC052	Control
CACTTCGAGTTCCATG_SMC049	SMC049	AD
CACTTCGGTTCAAGTC_SMC033	SMC033	Control
CACTTCGTCCCTCGTA_SMC053	SMC053	Active control
CACTTCGTCCGTACGG_SMC052	SMC052	Control
CACTTCGTCTGCTGAA_SMC049	SMC049	AD
CAGAGCCCAGAGAATT_SMC049	SMC049	AD
CAGAGCCTCCACGTGG_SMC041	SMC041	AD
CAGAGCCTCTAGGCCG_SMC037	SMC037	Active control
CAGATACAGGTAGGCT_SMC052	SMC052	Control
CAGATACCAGTTGGTT_SMC052	SMC052	Control
CAGATACTCACTCACC_SMC049	SMC049	AD
CAGATACTCGGTTAGT_SMC049	SMC049	AD
CAGATCACAATCCTAG_SMC041	SMC041	AD
CAGATCAGTGCTGTCG_SMC037	SMC037	Active control
CAGATCATCTCCAATT_SMC033	SMC033	Control
CAGATCATCTTACACT_SMC049	SMC049	AD
CAGATTGAGCTGTTAC_SMC053	SMC053	Active control
CAGATTGGTACAGGTG_SMC052	SMC052	Control
CAGATTGGTCGCAACC_SMC038	SMC038	AD
CAGATTGGTTCTCAGA_SMC052	SMC052	Control
CAGATTGTCAGACATC_SMC053	SMC053	Active control
CAGATTGTCATTCCTA_SMC033	SMC033	Control
CAGCAATAGAGTGACC_SMC053	SMC053	Active control
CAGCAATAGGGTAGCT_SMC033	SMC033	Control
CAGCAATGTCTTAGTG_SMC049	SMC049	AD
CAGCAATGTTTACTTC_SMC039	SMC039	AD
CAGCAATTCCGTCAAA_SMC049	SMC049	AD
CAGCAATTCCTATGGA_SMC041	SMC041	AD
CAGCACGAGAGAGGGC_SMC049	SMC049	AD
CAGCACGAGGTTCTAC_SMC038	SMC038	AD
CAGCACGCAGGCACTC_SMC031	SMC031	Active control
CAGCACGGTTCCGTTC_SMC030	SMC030	Control
CAGCAGCCAACCGACC_SMC039	SMC039	AD
CAGCATATCTGGGCTG_PO11	PO11	AD
CAGCCAGAGGTCGCCT_SMC038	SMC038	AD
CAGCGAGGTGGGTAGT_PO28	PO28	AD
CAGCGTGGTGATGTAA_SMC049	SMC049	AD
CAGGAACGTGCGCAAG_PO42	PO42	AD
CAGGAACGTGGGTAGT_PO41	PO41	AD
CAGGCCAAGTCATCGT_SMC038	SMC038	AD
CAGGCCACAACAACAA_SMC052	SMC052	Control
CAGGCCACACGGCCAT_SMC037	SMC037	Active control
CAGGCCATCGTACTAG_PO15	PO15	Control
CAGGCCATCTCCGATC_SMC041	SMC041	AD
CAGGCTTAGCGGTCAT_PO05	PO05	AD
CAGGGATGTTTACCTT_PO11	PO11	AD
CAGGGCTAGGTAGATT_SMC053	SMC053	Active control
CAGGGCTCAGGAATCT_PO20	PO20	Control
CAGGGCTGTGGACCAA_SMC049	SMC049	AD
CAGGGGACATCATCGC_PO41	PO41	AD
CAGGGGTAGCCCTACC_PO28	PO28	AD
CAGGTAAGTAGGTCGG_PO42	PO42	AD
CAGGTAAGTTCGCGGT_PO28	PO28	AD
CAGGTATCAGTCTACA_SMC037	SMC037	Active control
CAGGTATGTTGTCTAG_SMC052	SMC052	Control
CAGGTCACAGTAAGCT_PO28	PO28	AD
CAGGTCCGTTGAGTCT_PO28	PO28	AD
CAGGTGAAGAATCGAA_PO05	PO05	AD
CAGTAGCTCATGGTCA_PO42	PO42	AD
CAGTCAATCCGGTAAC_PO11	PO11	AD
CAGTCCCTCACTAGCA_PO28	PO28	AD
CAGTGCGAGACTGGGT_SMC043	SMC043	AD
CAGTGCGGTACGCTAT_SMC038	SMC038	AD
CAGTGCGGTGTTTCTT_SMC035	SMC035	Active control
CAGTGCGGTTGGATCT_SMC052	SMC052	Control
CAGTGTTGTCAGCGGA_PO28	PO28	AD
CAGTGTTGTCAGTTAC_PO13	PO13	Control
CAGTTAGCAGTTGTTG_SMC041	SMC041	AD
CAGTTAGTCCTAGCGG_SMC041	SMC041	AD
CAGTTCCTCGGAGTAG_SMC035	SMC035	Active control
CAGTTTAGTGACCGAG_PO28	PO28	AD
CATAAGCAGTAACGAT_SMC041	SMC041	AD
CATAAGCAGTCACACT_SMC037	SMC037	Active control
CATAAGCCAAACCGGA_SMC049	SMC049	AD
CATAAGCCATCAATCT_PO20	PO20	Control
CATAAGGGTTGGTTAC_PO15	PO15	Control
CATACAGAGACTGAGC_SMC049	SMC049	AD
CATACCAAGGTAACTT_PO20	PO20	Control
CATACCCAGGGCCAAT_SMC049	SMC049	AD
CATACCCGTGTTAACC_SMC038	SMC038	AD
CATACTGAGGGTGAAT_PO11	PO11	AD
CATACTGAGGTACCCG_PO11	PO11	AD
CATAGACCAAAGCTAA_SMC041	SMC041	AD
CATAGACCAGCACAGA_SMC053	SMC053	Active control
CATAGACGTGACACGA_SMC049	SMC049	AD
CATAGATTCAATCGTG_PO28	PO28	AD
CATAGCCAGAACGAGT_PO05	PO05	AD
CATAGCCAGGGGACAC_PO13	PO13	Control
CATAGGCTCTAACCAG_PO11	PO11	AD
CATAGGGAGATTCGAT_PO11	PO11	AD
CATATCCTCCTGCCGT_PO23	PO23	Control
CATATTCCAAACCGCA_PO42	PO42	AD
CATATTGGTTCGGCAC_PO28	PO28	AD
CATCAAGAGAGATGCC_SMC049	SMC049	AD
CATCAAGGTCTTCCGT_SMC033	SMC033	Control
CATCAATAGGATGCAG_PO11	PO11	AD
CATCACCCACAACGAT_PO05	PO05	AD
CATCACTTCCATGTCT_PO11	PO11	AD
CATCCACAGCGACTAG_SMC039	SMC039	AD
CATCCACGTCACCGAC_SMC032	SMC032	AD
CATCCAGGTTTCGCTC_PO28	PO28	AD
CATCCCATCGGTCAGC_SMC053	SMC053	Active control
CATCCCATCTGGGCCA_SMC033	SMC033	Control
CATCCCGCAACCGCTT_PO11	PO11	AD
CATCCCTGTGGACTGG_PO42	PO42	AD
CATCCGCTCGAACCTA_PO28	PO28	AD
CATCCGTAGGATTCCT_SMC052	SMC052	Control
CATCCGTCAAAGACTA_SMC053	SMC053	Active control
CATCCGTCAAATAGCA_SMC035	SMC035	Active control
CATCGCTCAGGCTATT_SMC033	SMC033	Control
CATCGCTTCGAGATGG_SMC032	SMC032	AD
CATCGGGAGTAAACAC_SMC033	SMC033	Control
CATCGGGGTAACCCTA_SMC041	SMC041	AD
CATCGGGGTAGTGTGG_SMC035	SMC035	Active control
CATCGGGGTGAATATG_SMC052	SMC052	Control
CATCGGGTCTTACTGT_SMC049	SMC049	AD
CATCGTCAGCGGTAGT_SMC033	SMC033	Control
CATCGTCTCCCTTGTG_SMC033	SMC033	Control
CATCGTTTCAGCTAAT_PO20	PO20	Control
CATCTAAGTCTTACCC_PO05	PO05	AD
CATCTTGCAACGGTGC_PO20	PO20	Control
CATGAGTAGCAAGCCA_SMC041	SMC041	AD
CATGAGTAGTGATGGC_SMC049	SMC049	AD
CATGAGTTCCAATCCC_SMC053	SMC053	Active control
CATGATTAGCGGTAAG_PO13	PO13	Control
CATGCAAGTCTCGGAC_SMC033	SMC033	Control
CATGCAATCTATCCTA_PO13	PO13	Control
CATGCCAGTTAGTGGA_PO20	PO20	Control
CATGCCTAGACCACGA_SMC053	SMC053	Active control
CATGCCTAGTGAGTTA_SMC053	SMC053	Active control
CATGCCTCATGCAGGA_SMC041	SMC041	AD
CATGCCTGTTCTGAGT_SMC039	SMC039	AD
CATGCCTTCAGAACCT_SMC038	SMC038	AD
CATGCGCGTTGGTAAG_PO28	PO28	AD
CATGCGGTCTACGGGC_SMC053	SMC053	Active control
CATGCTCCAAATCAAG_SMC053	SMC053	Active control
CATGCTCCACGATTCA_SMC039	SMC039	AD
CATGCTGGTAGTCCAT_PO11	PO11	AD
CATGGATAGCAGCAGT_SMC041	SMC041	AD
CATGGATCAATCCTAG_SMC049	SMC049	AD
CATGGATCACTCCACT_SMC053	SMC053	Active control
CATGGATCAGGTTACT_SMC038	SMC038	AD
CATGGATTCACCACAA_SMC033	SMC033	Control
CATGGGTTCCGTAGCG_PO15	PO15	Control
CATGGGTTCCTGTAAG_PO15	PO15	Control
CATGGTCAGAACCTCA_PO42	PO42	AD
CATGGTTGTCTAGTAC_PO15	PO15	Control
CATGTCAAGTGCCCGA_PO41	PO41	AD
CATGTTGAGCAGGTTC_PO05	PO05	AD
CATTAGTAGGAATGAC_PO23	PO23	Control
CATTCAAGTTCGTGGC_PO20	PO20	Control
CATTCATAGACCAACG_SMC052	SMC052	Control
CATTCATCAAAGCTAA_SMC049	SMC049	AD
CATTCATCAATACGAA_SMC053	SMC053	Active control
CATTCCGAGGAAACGA_SMC033	SMC033	Control
CATTCCGAGTTGCATC_SMC052	SMC052	Control
CATTCCGCATTCTCTA_SMC033	SMC033	Control
CATTCCGGTTCTTGCC_SMC037	SMC037	Active control
CATTCCGTCATTATCC_SMC041	SMC041	AD
CATTCGCCATCGGTAG_PO42	PO42	AD
CATTCTAAGTAGGTTA_SMC033	SMC033	Control
CATTCTACAAGGGCAT_SMC053	SMC053	Active control
CATTCTAGTGACGCCT_SMC038	SMC038	AD
CATTCTATCACCCTGT_SMC037	SMC037	Active control
CATTGAGCATCCGCGA_SMC035	SMC035	Active control
CATTGAGGTATGCGGA_SMC049	SMC049	AD
CATTGAGGTCTTCCGT_SMC037	SMC037	Active control
CATTGAGTCATAGAGA_SMC053	SMC053	Active control
CATTGCCAGTCTAACC_SMC033	SMC033	Control
CATTGCCTCGTCTAAG_SMC041	SMC041	AD
CATTGCTTCCTCTAGT_PO13	PO13	Control
CATTGGATCATCTGTC_PO15	PO15	Control
CATTGGGCAGCTCAGA_PO28	PO28	AD
CATTGTTCATTCGGGC_SMC053	SMC053	Active control
CATTGTTGTGGTAATA_SMC039	SMC039	AD
CATTGTTTCAGACCCG_SMC041	SMC041	AD
CATTGTTTCGGTTGTA_SMC038	SMC038	AD
CATTTCAAGGTAAGTT_SMC035	SMC035	Active control
CATTTCAGTCCCGTGA_SMC035	SMC035	Active control
CATTTCAGTTGCATTG_SMC052	SMC052	Control
CATTTCAGTTTGGCTA_SMC053	SMC053	Active control
CATTTCATCATATCGG_PO28	PO28	AD
CATTTCATCCAACCAA_SMC033	SMC033	Control
CATTTCGCATCGTTCA_PO11	PO11	AD
CATTTGCTCAGCATAT_PO20	PO20	Control
CATTTGCTCAGCGATC_PO23	PO23	Control
CATTTGCTCGACATTG_PO28	PO28	AD
CATTTGGAGTTGGTCA_PO23	PO23	Control
CCAAGCGTCGACTCCT_SMC052	SMC052	Control
CCAAGCGTCGCTAATG_SMC049	SMC049	AD
CCAAGGGGTTGTGCCA_PO13	PO13	Control
CCAATAGTCGAACCGT_PO28	PO28	AD
CCAATGAAGGTCTTTG_SMC038	SMC038	AD
CCAATGAGTTACGTAC_SMC036	SMC036	AD
CCAATGATCTCTGACC_SMC052	SMC052	Control
CCAATTAGTGACGATA_PO28	PO28	AD
CCAATTGAGTGACGGA_PO11	PO11	AD
CCAATTTAGATTTGCC_SMC053	SMC053	Active control
CCACAAATCCGACATA_SMC049	SMC049	AD
CCACAACAGGCGATCT_PO28	PO28	AD
CCACACTAGAGCCCAA_SMC049	SMC049	AD
CCACACTAGAGGCTGT_SMC049	SMC049	AD
CCACATAAGCATATAC_PO41	PO41	AD
CCACATGGTGGCGTCT_PO42	PO42	AD
CCACCATCACAGTGAG_SMC037	SMC037	Active control
CCACCATCATGGTCGA_PO11	PO11	AD
CCACCATCATTGAGCT_SMC049	SMC049	AD
CCACCATGTCACCTTC_SMC041	SMC041	AD
CCACCATTCAGGGTAG_SMC037	SMC037	Active control
CCACCATTCTACTGAG_SMC052	SMC052	Control
CCACCTATCCTGTCCA_PO20	PO20	Control
CCACCTGCACTAAGCG_PO41	PO41	AD
CCACCTTGTTGCAGCC_PO11	PO11	AD
CCACGAACAAGCTCAG_PO42	PO42	AD
CCACGAGGTGACGTCC_SMC038	SMC038	AD
CCACGAGTCTCTGCCA_SMC038	SMC038	AD
CCACGCAAGTGAGGTG_PO28	PO28	AD
CCACGCAAGTGAGTAA_PO11	PO11	AD
CCACGTTAGACATAGT_SMC032	SMC032	AD
CCACGTTAGACTGTTC_SMC037	SMC037	Active control
CCACGTTAGAGTTGTA_SMC035	SMC035	Active control
CCACGTTCAGCGTACC_SMC037	SMC037	Active control
CCACGTTCAGGTGTTT_SMC038	SMC038	AD
CCACGTTGTTGTGGCC_SMC049	SMC049	AD
CCACGTTTCACCTGGG_SMC053	SMC053	Active control
CCACTAGGTTATCGAC_PO20	PO20	Control
CCACTAGGTTCGTCTC_PO23	PO23	Control
CCACTATTCTATGCGA_PO20	PO20	Control
CCACTTGCAAGGACAC_SMC038	SMC038	AD
CCACTTGTCTAGACAC_SMC038	SMC038	AD
CCAGACTAGCAATCTG_PO11	PO11	AD
CCAGCAACAACTGTAA_PO11	PO11	AD
CCAGCAACATGCTCTA_PO42	PO42	AD
CCAGCCTTCGCGTAAC_PO15	PO15	Control
CCAGCTAGTGATGATG_PO28	PO28	AD
CCAGTATGTCATTACA_PO28	PO28	AD
CCAGTATGTTGACCTG_PO15	PO15	Control
CCAGTTAAGTGGCTGT_PO11	PO11	AD
CCATAACGTTGGTTAC_PO05	PO05	AD
CCATAAGAGCATCGAG_SMC037	SMC037	Active control
CCATAAGCAAGGCGTA_SMC049	SMC049	AD
CCATAAGCAATCCTAG_SMC041	SMC041	AD
CCATAAGGTATCCTCC_SMC052	SMC052	Control
CCATCACAGCCAAGTG_SMC053	SMC053	Active control
CCATCACAGGTTCCGC_SMC053	SMC053	Active control
CCATCACGTGTCATGT_SMC053	SMC053	Active control
CCATCACTCGGCTATA_SMC049	SMC049	AD
CCATCGCTCCCGTAGG_PO28	PO28	AD
CCATGCCTCCAATGCA_PO20	PO20	Control
CCATTGAAGGATCTCA_PO15	PO15	Control
CCATTTCAGGCGAGTA_PO11	PO11	AD
CCCAACTAGTGAGCCA_SMC035	SMC035	Active control
CCCAACTCAGGACGAT_SMC041	SMC041	AD
CCCAACTCAGTTAGGG_SMC030	SMC030	Control
CCCAACTTCGGCTGAC_SMC053	SMC053	Active control
CCCAATCCAAATTCGA_PO28	PO28	AD
CCCAATCCAATGTAGC_PO28	PO28	AD
CCCACTATCCAGAGAG_PO41	PO41	AD
CCCAGCAAGGCACGTT_PO05	PO05	AD
CCCAGGATCTCACCAT_PO41	PO41	AD
CCCAGTGAGTAGACCC_PO28	PO28	AD
CCCATTGAGTACAACA_SMC038	SMC038	AD
CCCATTGCAGGTGTGA_SMC041	SMC041	AD
CCCATTGTCGTTGTTT_SMC037	SMC037	Active control
CCCGAAGCATACTGAC_SMC038	SMC038	AD
CCCGAAGCATGCAGCC_SMC053	SMC053	Active control
CCCGAAGGTATGTGTC_SMC035	SMC035	Active control
CCCGAAGGTGAGTAAT_SMC033	SMC033	Control
CCCGAAGGTTCTGACA_SMC049	SMC049	AD
CCCGAAGTCTAGCCTC_SMC053	SMC053	Active control
CCCGAATAGGGGATGC_PO13	PO13	Control
CCCGGAATCAGTGTGT_SMC052	SMC052	Control
CCCGGTAAGGCGCTTG_PO11	PO11	AD
CCCTAACCAGATCCAT_SMC049	SMC049	AD
CCCTAACGTCCCGGTA_SMC030	SMC030	Control
CCCTAATTCCCTGTGC_PO11	PO11	AD
CCCTAGCTCACTTGAG_PO28	PO28	AD
CCCTCAAGTACCCGAC_SMC041	SMC041	AD
CCCTCACAGGTACGAG_PO13	PO13	Control
CCCTCTCAGGACTTCT_SMC041	SMC041	AD
CCCTCTCCAAGTGCTT_SMC038	SMC038	AD
CCCTCTCGTAATTAGG_SMC041	SMC041	AD
CCCTGATAGACCTCAT_SMC035	SMC035	Active control
CCCTGATCAACAAGAT_SMC039	SMC039	AD
CCCTGATCATCGATCA_SMC037	SMC037	Active control
CCCTGATGTCATAGTC_SMC053	SMC053	Active control
CCCTGATGTCTCCCTA_SMC041	SMC041	AD
CCCTGATTCCTACCGT_SMC039	SMC039	AD
CCCTGATTCTCTGCCA_SMC052	SMC052	Control
CCCTTAGAGACGTCGA_SMC052	SMC052	Control
CCCTTGATCCATTACC_PO05	PO05	AD
CCCTTTAGTTGTGGTT_PO23	PO23	Control
CCGAACGCACCGTGGT_SMC038	SMC038	AD
CCGAACGGTCTGATCA_SMC033	SMC033	Control
CCGAACGTCCGTAGGC_SMC053	SMC053	Active control
CCGAACGTCGTTCAGA_SMC038	SMC038	AD
CCGAATTGTGAGTGGT_PO15	PO15	Control
CCGACCTTCATGTCAG_PO05	PO05	AD
CCGACTTCAACGGCTA_PO42	PO42	AD
CCGATCTAGGTCCCTG_SMC041	SMC041	AD
CCGATGGAGCGACCCT_SMC053	SMC053	Active control
CCGCAAGAGTGCTCAT_SMC037	SMC037	Active control
CCGCAAGGTAGTGGCA_SMC052	SMC052	Control
CCGCAAGGTATAATGG_SMC038	SMC038	AD
CCGCAAGGTTTCCAAG_SMC038	SMC038	AD
CCGCATGAGGAACCAG_PO42	PO42	AD
CCGCCATTCCCCAGGA_PO11	PO11	AD
CCGCGATGTAACTCCG_PO15	PO15	Control
CCGCGTTTCGTTCCTG_PO13	PO13	Control
CCGCTAAGTGAGATAT_PO05	PO05	AD
CCGCTTATCAATCAGT_PO11	PO11	AD
CCGGACAAGCGTCAGA_SMC035	SMC035	Active control
CCGGACAAGGAAGTAG_SMC041	SMC041	AD
CCGGCATGTTAGTCGT_PO41	PO41	AD
CCGGGTAAGGATACGC_SMC038	SMC038	AD
CCGGTAGGTACCTATG_SMC038	SMC038	AD
CCGGTAGGTGTATTGC_SMC038	SMC038	AD
CCGGTAGGTTTCACAG_SMC037	SMC037	Active control
CCGGTGAAGCCGATAG_SMC033	SMC033	Control
CCGGTGATCTGCGTCT_SMC037	SMC037	Active control
CCGTAAATCTATCGCT_PO20	PO20	Control
CCGTAGGCAACGATTC_SMC053	SMC053	Active control
CCGTAGGCATGAATAG_SMC035	SMC035	Active control
CCGTAGGCATGGGTTT_SMC052	SMC052	Control
CCGTAGGTCGCTGTCT_SMC035	SMC035	Active control
CCGTATGGTCTCCAGA_PO20	PO20	Control
CCGTCATCAAATGCGT_PO20	PO20	Control
CCGTCGTTCCCGCTGT_PO15	PO15	Control
CCGTGAGAGATTGATG_SMC049	SMC049	AD
CCGTGAGGTTGCTCAA_SMC037	SMC037	Active control
CCGTGAGTCAACCTCC_SMC035	SMC035	Active control
CCGTGCTTCGCGAGTT_PO41	PO41	AD
CCGTGTGAGGAACTAA_PO11	PO11	AD
CCGTTAGGTGCATTCG_PO42	PO42	AD
CCGTTCAAGGTTCCAT_SMC035	SMC035	Active control
CCGTTCAAGTGAGTGC_SMC049	SMC049	AD
CCGTTCATCCACACAA_SMC052	SMC052	Control
CCGTTCATCTATTCGT_SMC033	SMC033	Control
CCGTTCGCACAGCCAA_PO28	PO28	AD
CCGTTGGAGCCACATA_PO41	PO41	AD
CCTAACCAGACTCTAC_SMC049	SMC049	AD
CCTAACCGTTCGTGCG_SMC037	SMC037	Active control
CCTAAGACACCTCGTT_SMC037	SMC037	Active control
CCTAAGACATGCGTGC_SMC041	SMC041	AD
CCTAAGAGTTCGGGTC_SMC038	SMC038	AD
CCTAAGATCATCACCC_SMC037	SMC037	Active control
CCTACCGCAAGCGGTC_PO23	PO23	Control
CCTACGGAGATAGTAG_PO13	PO13	Control
CCTACGTCAAGGACAC_SMC038	SMC038	AD
CCTACGTCACGCTGAC_SMC037	SMC037	Active control
CCTACGTCATGGATCT_SMC030	SMC030	Control
CCTACGTGTCTAGGTT_SMC053	SMC053	Active control
CCTAGCCTCCGTAGCG_PO41	PO41	AD
CCTAGGTAGTGAGACG_PO15	PO15	Control
CCTAGTAAGCTACTTC_PO15	PO15	Control
CCTATCGAGCCGCACT_SMC027	SMC027	Control
CCTATCGAGCCTAACT_SMC053	SMC053	Active control
CCTATGTTCGTAGTGC_PO15	PO15	Control
CCTATGTTCTAGGCAC_PO20	PO20	Control
CCTATTCAGGTAATCT_PO05	PO05	AD
CCTATTCAGTCGACCG_PO42	PO42	AD
CCTCAACGTGAAGCGT_SMC030	SMC030	Control
CCTCACAAGTCCTACA_SMC038	SMC038	AD
CCTCACACAGGCTTGC_SMC052	SMC052	Control
CCTCACAGTCCTTGTC_SMC052	SMC052	Control
CCTCACAGTCTCTCCA_SMC041	SMC041	AD
CCTCACAGTCTTGCTC_SMC053	SMC053	Active control
CCTCAGTAGAACAAGG_SMC038	SMC038	AD
CCTCAGTAGAGGGCGA_SMC033	SMC033	Control
CCTCAGTCATCTTTCA_SMC052	SMC052	Control
CCTCAGTCATGTGACT_SMC038	SMC038	AD
CCTCATGAGGACCCAA_SMC037	SMC037	Active control
CCTCATGAGGATTTCC_SMC049	SMC049	AD
CCTCATGCAGTCACGC_SMC041	SMC041	AD
CCTCCAACAAGACCGA_SMC035	SMC035	Active control
CCTCCAGCATAACGGT_PO11	PO11	AD
CCTCCTAAGAACGGTG_PO20	PO20	Control
CCTCCTCAGTACTCGT_SMC049	SMC049	AD
CCTCCTGGTTGTCCTC_PO05	PO05	AD
CCTCTAGAGTTGTAGA_SMC049	SMC049	AD
CCTCTAGCAGGTGAGT_SMC053	SMC053	Active control
CCTCTAGTCCTCGATC_SMC033	SMC033	Control
CCTCTAGTCTATGTGG_SMC053	SMC053	Active control
CCTCTCCAGCCGCTTG_SMC038	SMC038	AD
CCTCTCCGTTACCGTA_SMC041	SMC041	AD
CCTCTTGAGATTGACT_PO28	PO28	AD
CCTGAATGTTAGACGA_PO28	PO28	AD
CCTGAGTAGTTGCCGG_PO28	PO28	AD
CCTGCATAGACATACA_SMC037	SMC037	Active control
CCTGCATAGCGCTGAA_SMC049	SMC049	AD
CCTGCATCAACTGCCG_SMC033	SMC033	Control
CCTGCATTCTACAGGT_SMC041	SMC041	AD
CCTGCGAAGCCAATGC_PO42	PO42	AD
CCTGGCTTCAAGTCTG_PO42	PO42	AD
CCTGTAAAGCTACGAC_PO41	PO41	AD
CCTGTCGCACTAGTAA_PO11	PO11	AD
CCTGTGAGTTATGTCA_PO28	PO28	AD
CCTGTGAGTTTCCTTG_PO28	PO28	AD
CCTGTTGAGTGGTTGG_SMC038	SMC038	AD
CCTGTTGGTCTCTCTG_SMC049	SMC049	AD
CCTGTTGTCGAGTCCG_SMC053	SMC053	Active control
CCTTCAGCAACAGCCC_SMC033	SMC033	Control
CCTTCAGGTAATACCC_SMC041	SMC041	AD
CCTTCCTTCCCTCTCT_PO05	PO05	AD
CCTTGAAAGTCGCACG_PO41	PO41	AD
CCTTGAAAGTTACAGT_PO20	PO20	Control
CCTTGAGGTCAGCTCA_PO28	PO28	AD
CCTTGTGCAAATCAGA_SMC053	SMC053	Active control
CCTTGTGCAAGGTTGG_SMC053	SMC053	Active control
CCTTTAATCATCGAGC_PO41	PO41	AD
CCTTTAGCAGGGACGA_PO41	PO41	AD
CCTTTGGAGAAGAGCA_SMC037	SMC037	Active control
CCTTTGGAGCTAGTTC_SMC033	SMC033	Control
CCTTTGGCAAAGGAGA_SMC041	SMC041	AD
CCTTTGGGTTCATCGA_SMC049	SMC049	AD
CGAACATCATTAGCGG_PO11	PO11	AD
CGAACCACAATACTTC_PO13	PO13	Control
CGAACGAAGAATCCAT_PO05	PO05	AD
CGAACGAAGATTAGGA_PO28	PO28	AD
CGAACGAAGGATCTGC_PO05	PO05	AD
CGAACGGGTTAGTCCG_PO23	PO23	Control
CGAACTATCTAGCTGA_PO05	PO05	AD
CGAACTTGTCAGTCAT_PO28	PO28	AD
CGAACTTGTGAGATTG_PO13	PO13	Control
CGAAGGATCATTTGGG_SMC053	SMC053	Active control
CGAAGGATCCTGAAGC_PO28	PO28	AD
CGAAGTGAGGTGGACA_PO42	PO42	AD
CGAAGTGAGGTTCAAT_PO41	PO41	AD
CGAAGTTAGGAGGTTC_SMC033	SMC033	Control
CGAAGTTCAATCGAAA_SMC049	SMC049	AD
CGAAGTTTCGGATACT_SMC049	SMC049	AD
CGAATTGCATAGTCAC_SMC037	SMC037	Active control
CGAATTGTCCGCGGAT_SMC038	SMC038	AD
CGACAGCAGTCAACAA_SMC052	SMC052	Control
CGACAGCCACCGTACG_SMC037	SMC037	Active control
CGACAGCCAGCGTATT_SMC052	SMC052	Control
CGACAGCTCAGGCGAA_SMC041	SMC041	AD
CGACCATAGAACCTAT_PO05	PO05	AD
CGACCTAGTGCATCAT_PO05	PO05	AD
CGACTATGTCTGTGCA_PO05	PO05	AD
CGAGCAAAGAACGAAC_PO15	PO15	Control
CGAGCCATCAGTAATC_PO28	PO28	AD
CGAGCCTGTGCGAGAT_PO05	PO05	AD
CGAGCGAGTCATGCCA_PO28	PO28	AD
CGAGGAAAGTACGTCT_SMC032	SMC032	AD
CGAGGAACACATACGT_SMC031	SMC031	Active control
CGAGGAATCACGCAGT_PO41	PO41	AD
CGAGGAATCGCCGATG_SMC053	SMC053	Active control
CGAGGAATCTGCCTCA_SMC043	SMC043	AD
CGAGGCTAGAGGTTTA_SMC052	SMC052	Control
CGAGGCTAGAGTCGAC_SMC052	SMC052	Control
CGAGGCTAGATGGTCG_SMC033	SMC033	Control
CGAGGGACAAGTAGCT_PO13	PO13	Control
CGAGTCACATAGACAC_PO28	PO28	AD
CGAGTGCAGACAAGCC_SMC038	SMC038	AD
CGAGTGCGTACGACTT_SMC039	SMC039	AD
CGAGTGCGTCTACAGT_SMC037	SMC037	Active control
CGAGTGCTCATTGCGA_SMC049	SMC049	AD
CGATAGCTCGTACCAA_PO28	PO28	AD
CGATAGTCAATCCTGC_PO28	PO28	AD
CGATCAATCAGCCATA_PO42	PO42	AD
CGATCGGGTAGGCAGT_SMC052	SMC052	Control
CGATCGGTCAAGGAGC_SMC033	SMC033	Control
CGATGAGAGTTGGTGC_PO28	PO28	AD
CGATGCGAGACTCGAG_SMC037	SMC037	Active control
CGATGCGGTAGGTTTC_SMC053	SMC053	Active control
CGATGGCAGGAGAGGC_SMC049	SMC049	AD
CGATGGCCACAAGCCC_SMC037	SMC037	Active control
CGATGGGGTTGCGGCT_PO42	PO42	AD
CGATGGTTCCGTGCAG_PO20	PO20	Control
CGATGTCAGAATCGCC_PO28	PO28	AD
CGATTACGTTGGTTAC_PO42	PO42	AD
CGATTATAGTGAATCT_PO41	PO41	AD
CGCACATAGGGCTTAC_PO11	PO11	AD
CGCACGATCATCACTC_PO11	PO11	AD
CGCAGATTCTATCGAG_PO42	PO42	AD
CGCAGGTCACAGGCAC_PO11	PO11	AD
CGCAGGTCATAGACTC_SMC038	SMC038	AD
CGCAGGTGTGGTCCGT_SMC033	SMC033	Control
CGCAGGTTCTACGGTA_SMC035	SMC035	Active control
CGCATAACAAAGGAGA_SMC033	SMC033	Control
CGCATAACATATAGCC_SMC049	SMC049	AD
CGCATAATCAGTGCGT_PO05	PO05	AD
CGCATAATCCCTCTAG_SMC053	SMC053	Active control
CGCATAATCCTGATAG_PO05	PO05	AD
CGCATAATCTGTAAGT_PO11	PO11	AD
CGCATAGCACTATACT_PO20	PO20	Control
CGCATGGCAACGTTAC_SMC027	SMC027	Control
CGCATGGTCATGCCCT_SMC053	SMC053	Active control
CGCATGGTCCGAACGC_SMC030	SMC030	Control
CGCATGGTCGATCATG_PO42	PO42	AD
CGCCAAGTCGCGTAAC_PO20	PO20	Control
CGCCAGAAGCGGATCA_SMC038	SMC038	AD
CGCCAGACACCGCTGA_SMC053	SMC053	Active control
CGCCAGATCGTGTCAA_SMC049	SMC049	AD
CGCCATAGTTTGGAGA_PO05	PO05	AD
CGCCATTAGCAATAGT_SMC053	SMC053	Active control
CGCCATTCAAGCTCAG_PO42	PO42	AD
CGCCATTCACTTGAGG_PO28	PO28	AD
CGCCATTGTATGAAAC_SMC049	SMC049	AD
CGCCATTTCATCTGTT_SMC052	SMC052	Control
CGCCCTTAGTCGCAGT_PO13	PO13	Control
CGCCTGAAGTAGCGGA_PO20	PO20	Control
CGCGAAGGTAAGCGGT_PO41	PO41	AD
CGCTAACAGGTTGGCT_PO42	PO42	AD
CGCTATGGTAGGTGCG_PO28	PO28	AD
CGCTCATCAACCTGAG_PO28	PO28	AD
CGCTGATAGTGAGAGT_PO41	PO41	AD
CGCTGCAAGTTACAGT_PO11	PO11	AD
CGCTGCTTCGTTAGTG_PO13	PO13	Control
CGCTGGATCATGAGCC_PO05	PO05	AD
CGCTGGATCCGGATAC_PO42	PO42	AD
CGGAAAGTCGCGAACT_PO42	PO42	AD
CGGAACCCATCGTGGC_SMC032	SMC032	AD
CGGAACCGTCTCTCAC_SMC033	SMC033	Control
CGGAACCGTGTTGACT_SMC052	SMC052	Control
CGGAACGGTAGGCTGG_PO15	PO15	Control
CGGAATTAGCGTGTCC_SMC041	SMC041	AD
CGGAATTGTCGTATTG_SMC038	SMC038	AD
CGGACACAGTTGGCGA_SMC033	SMC033	Control
CGGACACCAGAAGCTG_SMC052	SMC052	Control
CGGACACCATCATTGG_SMC033	SMC033	Control
CGGACAGGTATGTACC_PO20	PO20	Control
CGGACAGGTCATGAGA_PO13	PO13	Control
CGGACTTAGCGAGTTC_PO41	PO41	AD
CGGAGAAAGCACCTGC_SMC038	SMC038	AD
CGGAGAAGTAACTGCT_SMC038	SMC038	AD
CGGAGAAGTAATGCTC_SMC035	SMC035	Active control
CGGAGAAGTAGAATAC_SMC030	SMC030	Control
CGGCAGTCAATCGCGC_SMC037	SMC037	Active control
CGGCAGTGTACCGTCG_SMC049	SMC049	AD
CGGCAGTGTCACAGAG_SMC041	SMC041	AD
CGGCAGTGTGCTCGTG_SMC049	SMC049	AD
CGGCTAGTCGATTACG_PO05	PO05	AD
CGGCTGATCGCATACA_PO41	PO41	AD
CGGCTTAGTTTGGTTA_PO20	PO20	Control
CGGGACTAGTGCGACA_SMC041	SMC041	AD
CGGGACTCACCACTGG_SMC049	SMC049	AD
CGGGACTCACCCATAA_SMC033	SMC033	Control
CGGGACTCACGTCTCT_SMC033	SMC033	Control
CGGGATGGTCAGGGAT_PO42	PO42	AD
CGGGCAAGTATGGTTC_PO20	PO20	Control
CGGGCATCATGCCGCA_SMC049	SMC049	AD
CGGGCATGTAAGACCG_SMC041	SMC041	AD
CGGGCATGTATCGTAC_SMC033	SMC033	Control
CGGGCATTCACGATCA_SMC053	SMC053	Active control
CGGGCTATCACGTAGC_PO11	PO11	AD
CGGGTAGGTAGTCAGA_PO28	PO28	AD
CGGGTAGGTCATTGGT_PO23	PO23	Control
CGGGTCAAGAGGGTAA_SMC049	SMC049	AD
CGGGTCAAGCCTCAGC_SMC037	SMC037	Active control
CGGGTCAAGGCCATAG_SMC049	SMC049	AD
CGGGTCACAAATGAGT_SMC041	SMC041	AD
CGGGTGTAGATGGCGT_SMC033	SMC033	Control
CGGGTGTAGCGTGTCC_SMC037	SMC037	Active control
CGGTAAAGTAACCACT_PO11	PO11	AD
CGGTATATCCAACCGG_PO42	PO42	AD
CGGTCAGAGGTCGTAG_SMC037	SMC037	Active control
CGGTCAGGTCAGTCGC_SMC035	SMC035	Active control
CGGTCAGGTGAGATAT_SMC052	SMC052	Control
CGGTCAGGTTACCTTT_SMC033	SMC033	Control
CGGTGTTAGGTGATCC_PO05	PO05	AD
CGTAAACCAAGCGTGC_PO28	PO28	AD
CGTAAAGGTTATCAGC_PO13	PO13	Control
CGTAAGTAGACGACTG_SMC043	SMC043	AD
CGTAAGTAGAGTAACT_SMC038	SMC038	AD
CGTAAGTCAATTTCGG_SMC053	SMC053	Active control
CGTAAGTCATGGCTGC_SMC033	SMC033	Control
CGTAAGTGTGTTGATC_SMC053	SMC053	Active control
CGTAAGTGTTCCACGG_SMC037	SMC037	Active control
CGTAAGTTCTCGGTCT_SMC053	SMC053	Active control
CGTAATGGTACAGTCT_SMC030	SMC030	Control
CGTAATGGTACGACAG_SMC033	SMC033	Control
CGTAATGGTCAACACT_SMC052	SMC052	Control
CGTAATGTCTCATAGG_SMC052	SMC052	Control
CGTAATGTCTTCGACC_SMC049	SMC049	AD
CGTACAGCACTCAACC_PO20	PO20	Control
CGTACAGCATGATATG_PO13	PO13	Control
CGTACCTCAGCCAGGT_PO28	PO28	AD
CGTAGTAAGGGCAGTT_SMC038	SMC038	AD
CGTAGTAGTAGAAACT_SMC052	SMC052	Control
CGTAGTAGTGCTAGCC_SMC032	SMC032	AD
CGTATTGAGGTCGAAG_PO20	PO20	Control
CGTCAAAAGCGGATCA_SMC038	SMC038	AD
CGTCAAACAACATACC_SMC037	SMC037	Active control
CGTCAAACATTGACTG_SMC052	SMC052	Control
CGTCAAAGTGATGGCA_SMC052	SMC052	Control
CGTCAAATCTGGGATC_PO23	PO23	Control
CGTCAGGTCCTCACCA_PO20	PO20	Control
CGTCATCCATGATTGA_PO42	PO42	AD
CGTCATCCATTACTGT_PO11	PO11	AD
CGTCATTTCCTGTAAG_PO41	PO41	AD
CGTCCATAGTTGTCAC_SMC049	SMC049	AD
CGTCCATGTCCTGTTC_SMC049	SMC049	AD
CGTCCATTCGGACGTC_SMC052	SMC052	Control
CGTCCTGCATCCTAAT_PO28	PO28	AD
CGTCGCTTCGACTACA_PO11	PO11	AD
CGTCGCTTCGCATCAA_PO05	PO05	AD
CGTCGCTTCTAGCCGG_PO20	PO20	Control
CGTCGTAGTTCGCAAT_PO13	PO13	Control
CGTCTATTCGACCAAC_PO13	PO13	Control
CGTCTTGTCATCTGTC_PO11	PO11	AD
CGTCTTGTCGATTACG_PO11	PO11	AD
CGTGAAAGTTAGTCGT_PO28	PO28	AD
CGTGAAAGTTGAAGGC_PO20	PO20	Control
CGTGAATAGAAGCGCT_SMC052	SMC052	Control
CGTGAATAGCCGAATG_SMC041	SMC041	AD
CGTGAATAGTCCTGCG_SMC049	SMC049	AD
CGTGAATGTTAACCTG_SMC052	SMC052	Control
CGTGAATGTTCAAGTC_SMC053	SMC053	Active control
CGTGAATGTTGGGAAC_SMC037	SMC037	Active control
CGTGACCGTTGCACAT_PO05	PO05	AD
CGTGATACATCGATAC_SMC033	SMC033	Control
CGTGATAGTACCCGAC_SMC037	SMC037	Active control
CGTGATATCACCCATC_SMC049	SMC049	AD
CGTGATTGTGAGCATA_PO20	PO20	Control
CGTGCTTCAAAGAGTT_SMC049	SMC049	AD
CGTGGCTGTAGTAGAT_PO42	PO42	AD
CGTGGTTAGTGCCGAT_PO28	PO28	AD
CGTGTCTCAAAGGGTC_SMC035	SMC035	Active control
CGTGTCTCATCGGCCA_SMC052	SMC052	Control
CGTGTCTGTAGAGGAA_SMC031	SMC031	Active control
CGTGTCTGTCAGACTT_SMC053	SMC053	Active control
CGTGTCTGTGGAATGC_SMC033	SMC033	Control
CGTGTCTGTTTCGGCG_SMC032	SMC032	AD
CGTGTCTTCACGGTCG_SMC032	SMC032	AD
CGTTACAAGTGGCAAG_PO20	PO20	Control
CGTTACAAGTGGCGTT_PO11	PO11	AD
CGTTACCCACTACCGT_PO11	PO11	AD
CGTTAGAGTACCCGCA_SMC041	SMC041	AD
CGTTAGAGTTCCCAAA_SMC052	SMC052	Control
CGTTATAGTTACACGT_PO28	PO28	AD
CGTTATGAGTATGTCG_PO05	PO05	AD
CGTTCAGGTGAGAGTC_PO05	PO05	AD
CGTTCCATCCAGGTAC_PO15	PO15	Control
CGTTCTGAGGAAGTCC_SMC053	SMC053	Active control
CGTTCTGAGGTGCTTT_SMC049	SMC049	AD
CGTTCTGCAACACTAC_SMC030	SMC030	Control
CGTTCTGGTTAGGCTT_SMC053	SMC053	Active control
CGTTCTGTCAAAGAAC_SMC038	SMC038	AD
CGTTCTGTCTCAGTCC_SMC049	SMC049	AD
CGTTGCCTCCCGTTCA_PO05	PO05	AD
CGTTGCCTCTTGACAG_PO11	PO11	AD
CGTTGGGCAAGAGTGC_SMC033	SMC033	Control
CGTTGGGGTTTCTTAC_SMC041	SMC041	AD
CGTTGGGTCTAGCCTC_SMC049	SMC049	AD
CGTTTCCGTGCGCGTT_PO28	PO28	AD
CGTTTGAAGCGGGTAA_PO28	PO28	AD
CGTTTGAAGTAGACCC_PO05	PO05	AD
CTAACCAAGTGATAGA_PO28	PO28	AD
CTAACCCTCCCAGGAC_SMC032	SMC032	AD
CTAACCCTCCGCACTT_SMC052	SMC052	Control
CTAACCCTCCGCTAGG_SMC052	SMC052	Control
CTAACCTTCAGGTAGG_PO05	PO05	AD
CTAACTTCAATGCTCA_SMC053	SMC053	Active control
CTAACTTTCAAGTTGC_SMC037	SMC037	Active control
CTAAGCATCAGGCTAC_PO28	PO28	AD
CTAATCTCAGGAATCT_PO28	PO28	AD
CTACAATAGGCGATTC_PO28	PO28	AD
CTACACCCAAGCCTGA_PO20	PO20	Control
CTACACCCAGCAGGAG_PO28	PO28	AD
CTACAGAAGGGATCGT_SMC053	SMC053	Active control
CTACAGGCACCTCGTG_PO28	PO28	AD
CTACAGGCATGCTCTA_PO20	PO20	Control
CTACATGAGGATCATT_PO15	PO15	Control
CTACATTAGTCTGGTT_SMC035	SMC035	Active control
CTACATTGTACGCGTC_SMC053	SMC053	Active control
CTACATTTCTCTTAAC_SMC033	SMC033	Control
CTACCAAAGCGCTTAA_PO20	PO20	Control
CTACCCACAAATGATG_SMC038	SMC038	AD
CTACCCAGTGTGTGTT_SMC052	SMC052	Control
CTACCCGCACTATCAT_PO28	PO28	AD
CTACCCGCACTTGGTC_PO11	PO11	AD
CTACCTGAGCCTCCAG_SMC031	SMC031	Active control
CTACCTGCAGCTTCCT_SMC038	SMC038	AD
CTACCTGGTCACTTCC_SMC049	SMC049	AD
CTACCTGGTCTTTATC_SMC038	SMC038	AD
CTACCTGGTTGCGGAA_SMC049	SMC049	AD
CTACGGGAGGGCATGT_SMC052	SMC052	Control
CTACGGGGTACGTACT_SMC053	SMC053	Active control
CTACGTCCAAACTGAC_PO42	PO42	AD
CTACTATAGCCATTCA_SMC053	SMC053	Active control
CTACTATAGCTATCTG_SMC052	SMC052	Control
CTACTATAGGCATCTT_SMC039	SMC039	AD
CTACTATCAGATACTC_SMC041	SMC041	AD
CTACTATGTGAGAACC_SMC039	SMC039	AD
CTACTATTCCGCGAGT_SMC052	SMC052	Control
CTACTTGCATAAGCTA_PO23	PO23	Control
CTAGAACCAATGGGCC_PO28	PO28	AD
CTAGAACCATGGTAGT_PO11	PO11	AD
CTAGACAAGGGCTAAC_SMC038	SMC038	AD
CTAGACACAAACAGGC_SMC037	SMC037	Active control
CTAGACATCTCTGACC_SMC033	SMC033	Control
CTAGATTAGATAGCTT_PO13	PO13	Control
CTAGCCAGTCATCCGA_PO20	PO20	Control
CTAGCGCGTTTCGCTC_PO28	PO28	AD
CTAGGTAGTGCACGCT_SMC053	SMC053	Active control
CTAGGTAGTTCAGCGC_SMC053	SMC053	Active control
CTAGGTATCCGTTTCG_SMC049	SMC049	AD
CTAGGTTGTGGCGTCT_PO05	PO05	AD
CTATAGGAGCCTAGGA_SMC052	SMC052	Control
CTATAGGCAGATACTC_SMC052	SMC052	Control
CTATAGGGTACTTCCC_SMC053	SMC053	Active control
CTATCATCAACTCGCT_PO41	PO41	AD
CTATCCGGTAATCAGA_SMC052	SMC052	Control
CTATCGCCAATCTGCC_PO28	PO28	AD
CTATCGTTCGACCTAA_PO41	PO41	AD
CTATCTAGTCGTGCCA_SMC038	SMC038	AD
CTATCTAGTGCAGATG_SMC033	SMC033	Control
CTATCTAGTGGCTTAT_SMC033	SMC033	Control
CTATGTGAGCCCGTCT_PO11	PO11	AD
CTATGTTCACCTTCGG_PO20	PO20	Control
CTCAACCAGAGCTTTC_SMC053	SMC053	Active control
CTCAACCCACAAGTTC_SMC038	SMC038	AD
CTCAACTTCCGCACCT_PO20	PO20	Control
CTCAAGACATCGATAC_SMC033	SMC033	Control
CTCAAGATCCCAGGCA_SMC033	SMC033	Control
CTCAATTAGGCCCGTT_SMC049	SMC049	AD
CTCAATTGTACTCAAC_SMC049	SMC049	AD
CTCAATTGTAGACGGT_SMC053	SMC053	Active control
CTCAATTGTGTAGGAC_SMC052	SMC052	Control
CTCAATTTCTTACCGC_SMC049	SMC049	AD
CTCACATTCGTGATAT_PO11	PO11	AD
CTCACTGAGCGCCCAT_SMC038	SMC038	AD
CTCACTGCACGCTGAC_SMC033	SMC033	Control
CTCACTGCAGAGCCCT_SMC041	SMC041	AD
CTCACTGCAGCCCAGT_SMC041	SMC041	AD
CTCACTGTCGGTGCAC_SMC052	SMC052	Control
CTCAGAAAGTAGCTCT_SMC041	SMC041	AD
CTCAGAAAGTTCATGC_SMC049	SMC049	AD
CTCAGAACACGGCTAC_SMC041	SMC041	AD
CTCAGAATCATGTCAG_SMC049	SMC049	AD
CTCAGCTCATGCTCCG_PO23	PO23	Control
CTCAGGGAGGCTAGCA_SMC037	SMC037	Active control
CTCAGGGCAACACTAC_SMC049	SMC049	AD
CTCAGGGCACCCTGAG_SMC052	SMC052	Control
CTCAGGTAGCAGGTCT_PO42	PO42	AD
CTCAGTAAGATTACGT_PO05	PO05	AD
CTCAGTTTCACATAGT_PO23	PO23	Control
CTCATCCGTTCCCTGT_PO42	PO42	AD
CTCATCGGTTAGAGAT_SMC053	SMC053	Active control
CTCATCGTCGCAGAGA_SMC052	SMC052	Control
CTCATGCAGACCATTC_SMC037	SMC037	Active control
CTCATGCAGAGCATCG_SMC037	SMC037	Active control
CTCATTAGTGGCAACA_SMC041	SMC041	AD
CTCATTATCATGTAAC_PO28	PO28	AD
CTCATTATCCGTAATG_SMC052	SMC052	Control
CTCCAACAGTCCGCGT_SMC049	SMC049	AD
CTCCAACCAAATGGCG_SMC032	SMC032	AD
CTCCAACCACATAGAC_PO28	PO28	AD
CTCCAACCATGACTGT_SMC033	SMC033	Control
CTCCAACGTTCTGACA_SMC041	SMC041	AD
CTCCAACTCTCGACGG_SMC053	SMC053	Active control
CTCCACACACTGGAAG_SMC037	SMC037	Active control
CTCCACACAGTCACGC_SMC030	SMC030	Control
CTCCACATCTAGTGTG_SMC041	SMC041	AD
CTCCATGAGTTTAGGA_SMC049	SMC049	AD
CTCCCAAAGAAACACT_SMC038	SMC038	AD
CTCCCAAAGAATCGCG_SMC052	SMC052	Control
CTCCCAAAGACATATG_SMC033	SMC033	Control
CTCCCAACAGACCATT_SMC053	SMC053	Active control
CTCCCAAGTACGATCT_SMC049	SMC049	AD
CTCCCAATCAGTACCA_PO20	PO20	Control
CTCCCAATCTAGCCAA_SMC039	SMC039	AD
CTCCCTCAGTGCGACA_SMC035	SMC035	Active control
CTCCCTCCATCAACCA_SMC037	SMC037	Active control
CTCCCTCCATGGCTGC_SMC036	SMC036	AD
CTCCCTCGTTCCTACC_SMC053	SMC053	Active control
CTCCGATAGAGAATCT_SMC052	SMC052	Control
CTCCGATAGTCGAAGC_SMC041	SMC041	AD
CTCCGATCACGCTGAC_SMC053	SMC053	Active control
CTCCTCCCAACAGAGC_SMC033	SMC033	Control
CTCCTCCCATTCGATG_SMC052	SMC052	Control
CTCCTCCGTAACACCT_SMC032	SMC032	AD
CTCCTCCGTGACAGCA_SMC041	SMC041	AD
CTCCTCCGTTGTCCCT_SMC037	SMC037	Active control
CTCCTCCTCCGCGAGT_SMC053	SMC053	Active control
CTCCTGATCCTCTCGA_PO13	PO13	Control
CTCCTGATCTAGCCAA_PO28	PO28	AD
CTCCTTTAGCCAGACA_SMC038	SMC038	AD
CTCCTTTCATCTCATT_SMC035	SMC035	Active control
CTCCTTTTCTCACTCG_SMC037	SMC037	Active control
CTCGAACAGTGAGCAG_PO28	PO28	AD
CTCGAGGAGGCATTTC_SMC052	SMC052	Control
CTCGAGGGTACCTAGT_SMC049	SMC049	AD
CTCGAGGGTCTGTAAC_SMC053	SMC053	Active control
CTCGAGGGTTGAGGAC_SMC033	SMC033	Control
CTCGATTTCCGGTTCC_PO28	PO28	AD
CTCTAGAAGATTCCTC_PO28	PO28	AD
CTCTATTGTTGTGATC_PO13	PO13	Control
CTCTCAACAGGGCAGA_PO28	PO28	AD
CTCTCAGCACAACATC_SMC053	SMC053	Active control
CTCTCAGGTAAGGCCA_SMC041	SMC041	AD
CTCTCAGTCGTACCTC_SMC037	SMC037	Active control
CTCTCGAAGTCAATCC_SMC038	SMC038	AD
CTCTGCATCGACCGAT_PO28	PO28	AD
CTCTGCATCTTGAGTG_PO20	PO20	Control
CTCTGGTAGGTCACCC_SMC053	SMC053	Active control
CTCTGGTGTAAGGCTG_SMC052	SMC052	Control
CTCTTCTCATCCAATT_PO28	PO28	AD
CTCTTGGTCGAACCTA_PO28	PO28	AD
CTGAATGCAAACGGCA_SMC039	SMC039	AD
CTGAATGCACCCTAAA_SMC032	SMC032	AD
CTGAATGTCAGATTGC_SMC053	SMC053	Active control
CTGACAATCCAACCTT_PO42	PO42	AD
CTGACCAGTTATCGCG_PO20	PO20	Control
CTGAGCGAGAGGGTGG_SMC033	SMC033	Control
CTGAGCGAGGTTCTTG_SMC052	SMC052	Control
CTGAGCGAGTTGAAGT_SMC052	SMC052	Control
CTGAGCGCAGGAGGTT_SMC041	SMC041	AD
CTGAGCGGTGTCGATT_SMC049	SMC049	AD
CTGAGGCAGATAGCTA_SMC041	SMC041	AD
CTGAGGCAGGACAGCT_SMC038	SMC038	AD
CTGATCAAGCCATAGC_PO28	PO28	AD
CTGATCCAGTGGTTGG_SMC038	SMC038	AD
CTGATCCCATGACAGG_SMC037	SMC037	Active control
CTGATCCGTGGTTCTA_SMC053	SMC053	Active control
CTGATTGAGTAAGGCG_PO41	PO41	AD
CTGCAACAGTGATCCA_PO20	PO20	Control
CTGCAGGCAGGTGACA_SMC049	SMC049	AD
CTGCAGGCATAATGAG_SMC052	SMC052	Control
CTGCAGGTCTTCTGGC_SMC052	SMC052	Control
CTGCATCAGACATCCT_SMC038	SMC038	AD
CTGCATCCAGACCAAG_SMC038	SMC038	AD
CTGCATCCAGCGTATT_SMC049	SMC049	AD
CTGCATCCATCCTCAC_SMC035	SMC035	Active control
CTGCATCGTAGATCCT_SMC037	SMC037	Active control
CTGCATCGTTTACACG_SMC035	SMC035	Active control
CTGCATCTCCGGTTCT_SMC049	SMC049	AD
CTGCATGGTGAGTCCC_PO11	PO11	AD
CTGCCATAGCCATCCG_SMC052	SMC052	Control
CTGCCATCAACCTCAC_PO42	PO42	AD
CTGCCATCACAATGGT_PO15	PO15	Control
CTGCCATCATGACTTG_SMC033	SMC033	Control
CTGCCATGTTCCGGTG_SMC032	SMC032	AD
CTGCCATTCAGGGTAG_SMC053	SMC053	Active control
CTGCCATTCCTCAGGG_SMC052	SMC052	Control
CTGCCATTCTGATTCT_SMC052	SMC052	Control
CTGCCTAAGGTGTGAC_SMC041	SMC041	AD
CTGCCTATCAGGAAGT_PO20	PO20	Control
CTGCCTATCGCGTAGC_SMC041	SMC041	AD
CTGCCTTGTCTAGGCC_PO28	PO28	AD
CTGCCTTGTTTAGCAC_PO20	PO20	Control
CTGCGAGCAAGTGACG_SMC033	SMC033	Control
CTGCGAGCAGAGTTGG_SMC049	SMC049	AD
CTGCGAGGTCACTTAG_SMC049	SMC049	AD
CTGCGATAGGATTGCC_PO23	PO23	Control
CTGCGATAGGCATTCA_PO11	PO11	AD
CTGCGTAGTTGTGGAA_PO20	PO20	Control
CTGGAAAGTTTACCGG_PO20	PO20	Control
CTGGACGAGGAGTACC_SMC037	SMC037	Active control
CTGGACTAGATTCGCA_PO42	PO42	AD
CTGGCAGGTAGCGCTC_SMC041	SMC041	AD
CTGGCAGTCCGCGGAT_SMC053	SMC053	Active control
CTGGCCAAGAAGCTAA_PO13	PO13	Control
CTGGCTAGTTGAAGTG_PO42	PO42	AD
CTGGGCATCTGTCTAC_PO23	PO23	Control
CTGGGGTCACATAGTA_PO11	PO11	AD
CTGGTCAGTTATCAGC_PO28	PO28	AD
CTGGTCTGTTTGTTCT_SMC032	SMC032	AD
CTGTAAGTCCATCACT_PO20	PO20	Control
CTGTACCCACGCCAGT_SMC052	SMC052	Control
CTGTACTTCGTCTAAG_PO15	PO15	Control
CTGTAGACAGCTGTCG_SMC039	SMC039	AD
CTGTAGACATGAGGGT_SMC041	SMC041	AD
CTGTAGAGTCCAGTTA_SMC037	SMC037	Active control
CTGTAGAGTGCCAAGA_SMC049	SMC049	AD
CTGTATTGTCGTCAGC_SMC033	SMC033	Control
CTGTCGTCACCGGTCA_SMC049	SMC049	AD
CTGTCGTCAGTCGCAC_SMC049	SMC049	AD
CTGTGAACACGGCACT_SMC053	SMC053	Active control
CTGTGAAGTCGCAGTC_SMC041	SMC041	AD
CTGTGAATCCATGAGT_SMC038	SMC038	AD
CTGTGGGCACAGCCAC_SMC049	SMC049	AD
CTGTGGGCATAATCCG_SMC049	SMC049	AD
CTGTGGGGTGTATTCG_SMC033	SMC033	Control
CTGTGGGTCATTGCCC_SMC049	SMC049	AD
CTGTGGGTCTAGCTTC_PO11	PO11	AD
CTGTTGGGTATGGCTT_PO28	PO28	AD
CTTAACCTCCGGTATA_PO23	PO23	Control
CTTACCGGTTCCTAAG_SMC041	SMC041	AD
CTTACCGTCAAACGAA_SMC049	SMC049	AD
CTTACCGTCTCGCAGG_SMC038	SMC038	AD
CTTACGTTCCGTGTAA_PO28	PO28	AD
CTTAGCAAGATAGCCC_PO23	PO23	Control
CTTAGCAAGCTTCCAT_PO42	PO42	AD
CTTAGGAAGTGCACAG_SMC035	SMC035	Active control
CTTAGTAGTAACTTCA_PO11	PO11	AD
CTTAGTAGTGCACCGT_PO28	PO28	AD
CTTATCGCAGGAAGTA_PO11	PO11	AD
CTTATCTGTTAATCTG_PO28	PO28	AD
CTTCAATCAATCTGCC_PO20	PO20	Control
CTTCAATCATTCATAC_PO41	PO41	AD
CTTCAGCCATCCAACC_PO41	PO41	AD
CTTCATCAGGTGGCTT_PO28	PO28	AD
CTTCCGAGTAGATCCT_SMC037	SMC037	Active control
CTTCCGATCTCCGCAT_SMC052	SMC052	Control
CTTCCGATCTGATGGT_SMC035	SMC035	Active control
CTTCCTTAGCCTCATA_SMC033	SMC033	Control
CTTCCTTAGCGAGTCA_SMC053	SMC053	Active control
CTTCCTTCAGTAACAA_SMC033	SMC033	Control
CTTCCTTGTATGGTAA_SMC032	SMC032	AD
CTTCCTTGTCACTCTC_SMC037	SMC037	Active control
CTTCGGCTCACCTTCG_PO23	PO23	Control
CTTCGGCTCATCTACC_PO11	PO11	AD
CTTCGGTAGTAAGAGG_SMC038	SMC038	AD
CTTCGGTCACTCAAGT_SMC035	SMC035	Active control
CTTCGGTGTTATGGTC_SMC033	SMC033	Control
CTTCGGTTCCCTCATG_SMC037	SMC037	Active control
CTTCTAATCATTCATC_SMC049	SMC049	AD
CTTCTATGTGCAGGAT_PO20	PO20	Control
CTTCTCCTCAGGCTTA_PO13	PO13	Control
CTTCTCTTCAACTACG_SMC049	SMC049	AD
CTTGAACGTGATAGAT_PO11	PO11	AD
CTTGACCCAAACCCAG_PO28	PO28	AD
CTTGACTTCAGCATAT_PO42	PO42	AD
CTTGAGACACCTGAAT_SMC052	SMC052	Control
CTTGAGAGTCCAGCAC_SMC041	SMC041	AD
CTTGAGATCGGTAACT_SMC033	SMC033	Control
CTTGAGATCTGCGTCT_SMC049	SMC049	AD
CTTGATAGTGAGCGCA_PO28	PO28	AD
CTTGATTAGCATGCGA_SMC052	SMC052	Control
CTTGATTCACATGGTT_SMC038	SMC038	AD
CTTGCACCAAACTGAC_PO28	PO28	AD
CTTGCAGGTAGCGGAT_PO42	PO42	AD
CTTGCCATCCATTGCT_PO15	PO15	Control
CTTGCCATCGAGCACT_PO23	PO23	Control
CTTGCCATCTGGCAAC_PO05	PO05	AD
CTTGCGAGTCATGCGC_PO13	PO13	Control
CTTGCGAGTCTCCATC_PO15	PO15	Control
CTTGGCTCATTCGGAG_PO20	PO20	Control
CTTTCAACAGGTTACT_SMC053	SMC053	Active control
CTTTCAATCATGCCGG_SMC049	SMC049	AD
GAAATGACAACACAGG_SMC033	SMC033	Control
GAACACTAGAGCAGTC_SMC053	SMC053	Active control
GAACACTGTATTGGCT_SMC033	SMC033	Control
GAACACTTCAGTCCGG_SMC037	SMC037	Active control
GAACGTTAGTATGAGT_SMC052	SMC052	Control
GAACGTTTCTTCTAAC_SMC053	SMC053	Active control
GAACTGTCACAGCCTG_SMC052	SMC052	Control
GAACTGTGTGGGATTG_SMC041	SMC041	AD
GAACTGTGTTACGGAG_SMC049	SMC049	AD
GAACTGTGTTCAAAGA_SMC053	SMC053	Active control
GAAGAATCATATGCGT_SMC035	SMC035	Active control
GAAGCCCCACCAGACC_SMC049	SMC049	AD
GAAGCCCGTATTTCTC_SMC041	SMC041	AD
GAAGCCCGTTGGATCT_SMC038	SMC038	AD
GAAGCGAAGAGGTCAC_SMC049	SMC049	AD
GAAGCGACAAAGAGTT_SMC053	SMC053	Active control
GAAGGACGTGGACTAG_SMC037	SMC037	Active control
GAAGGGTAGGCTTAGG_SMC053	SMC053	Active control
GAAGGGTCAAACTAGA_SMC052	SMC052	Control
GAAGGGTGTCTCTCAC_SMC041	SMC041	AD
GAAGTAACATTGAGCT_SMC037	SMC037	Active control
GAAGTAAGTCACCGCA_SMC038	SMC038	AD
GAAGTAATCTTGATTC_SMC052	SMC052	Control
GAATAGACACTAGTAC_SMC049	SMC049	AD
GAATAGAGTCCAACGC_SMC049	SMC049	AD
GAATAGAGTGGTCCCA_SMC053	SMC053	Active control
GAATAGATCATCCTGC_SMC029	SMC029	AD
GAATCACAGTTGTCGT_SMC041	SMC041	AD
GAATCACCAAGACAAT_SMC032	SMC032	AD
GAATCGTGTCGCCTAG_SMC037	SMC037	Active control
GAATCGTTCGAAGAAT_SMC037	SMC037	Active control
GACACGCTCCCTATTA_SMC053	SMC053	Active control
GACACGCTCGCGTAGC_SMC052	SMC052	Control
GACAGCCCATGGCACC_SMC053	SMC053	Active control
GACAGCCTCGACCCAG_SMC031	SMC031	Active control
GACATCAAGGTGCTTT_SMC049	SMC049	AD
GACATCACATTGCCGG_SMC037	SMC037	Active control
GACATCATCCAGCACG_SMC033	SMC033	Control
GACCAATAGTCTAGCT_SMC053	SMC053	Active control
GACCAATCAGCAGGAT_SMC035	SMC035	Active control
GACCAATGTCTGTGCG_SMC053	SMC053	Active control
GACCCAGAGCCTCATA_SMC033	SMC033	Control
GACCCAGAGTTAGAAC_SMC053	SMC053	Active control
GACCCAGCAGTATTCG_SMC033	SMC033	Control
GACCCAGGTCTAATCG_SMC053	SMC053	Active control
GACCCTTAGGCCTGCT_SMC052	SMC052	Control
GACCCTTTCGACACTA_SMC049	SMC049	AD
GACCGTGAGAAATGGG_SMC053	SMC053	Active control
GACCGTGAGATTCGCT_SMC033	SMC033	Control
GACCGTGCATAGCACT_SMC049	SMC049	AD
GACCGTGGTTTCCATT_SMC053	SMC053	Active control
GACCTTCAGGCTCTAT_SMC049	SMC049	AD
GACCTTCCAGCTACTA_SMC041	SMC041	AD
GACCTTCTCAAGCCCG_SMC041	SMC041	AD
GACGCTGCAGACGCTC_SMC037	SMC037	Active control
GACGCTGCATGGCTGC_SMC033	SMC033	Control
GACGCTGGTCATCGCG_SMC031	SMC031	Active control
GACGCTGGTTACGTAC_SMC049	SMC049	AD
GACGCTGTCAAGTCTG_SMC041	SMC041	AD
GACGTTACAACCCGCA_SMC037	SMC037	Active control
GACGTTATCCTTTGAT_SMC052	SMC052	Control
GACTATGAGAGATTCA_SMC049	SMC049	AD
GACTATGAGGGAGTGG_SMC049	SMC049	AD
GACTATGCATGGCACC_SMC037	SMC037	Active control
GACTATGGTCCTCCTA_SMC052	SMC052	Control
GACTATGTCTAACGGT_SMC049	SMC049	AD
GACTCAACAGCGATTT_SMC037	SMC037	Active control
GACTCAATCTTAAGGC_SMC038	SMC038	AD
GACTCTCAGCACTCCG_SMC053	SMC053	Active control
GACTCTCAGGAGGCAG_SMC049	SMC049	AD
GACTCTCGTTGCACGC_SMC039	SMC039	AD
GACTGATAGCTGAAAT_SMC033	SMC033	Control
GACTGATAGTCATGGG_SMC037	SMC037	Active control
GACTGATCACAAGCCC_SMC041	SMC041	AD
GACTGATGTCTTCAAG_SMC037	SMC037	Active control
GACTGATGTGTTCATG_SMC033	SMC033	Control
GACTTCCAGCCTGAGA_SMC052	SMC052	Control
GACTTCCAGCGTTGTT_SMC052	SMC052	Control
GACTTCCCAGACCCGT_SMC049	SMC049	AD
GACTTCCCATCCTTCG_SMC052	SMC052	Control
GACTTCCCATCGATGT_SMC030	SMC030	Control
GACTTCCGTGACTGAG_SMC053	SMC053	Active control
GACTTCCTCCGCGATG_SMC030	SMC030	Control
GAGAAATCAAATTAGG_SMC052	SMC052	Control
GAGAAATCAGTGGTGA_SMC041	SMC041	AD
GAGAAATCATCGGAGA_SMC038	SMC038	AD
GAGAAATGTACGTACT_SMC049	SMC049	AD
GAGAAATGTCCATCTC_SMC035	SMC035	Active control
GAGAAATTCATTTGTC_SMC038	SMC038	AD
GAGACCCCAAGACCGA_SMC049	SMC049	AD
GAGACCCCACACCAGC_SMC041	SMC041	AD
GAGACCCGTTCCGGTG_SMC039	SMC039	AD
GAGACTTAGACCACGA_SMC041	SMC041	AD
GAGACTTCAAGAGTTA_SMC037	SMC037	Active control
GAGACTTGTAGGCTCC_SMC053	SMC053	Active control
GAGACTTGTCGGCCTA_SMC052	SMC052	Control
GAGACTTGTGGTGATG_SMC037	SMC037	Active control
GAGACTTGTTTATGCG_SMC038	SMC038	AD
GAGACTTTCCTACGAA_SMC033	SMC033	Control
GAGACTTTCGATACTG_SMC052	SMC052	Control
GAGAGGTAGGCTAACG_SMC049	SMC049	AD
GAGAGGTCATGACAAA_SMC041	SMC041	AD
GAGATGGAGCAACAGC_SMC033	SMC033	Control
GAGATGGGTATCAGCT_SMC037	SMC037	Active control
GAGATGGTCAGTGTTG_SMC049	SMC049	AD
GAGCTGCAGTGTCATC_SMC053	SMC053	Active control
GAGGCAACAAGCGGAT_SMC052	SMC052	Control
GAGGCAACACAATCTG_SMC035	SMC035	Active control
GAGGCAACAGTAGAGC_SMC049	SMC049	AD
GAGGCAACATGTCGTA_SMC052	SMC052	Control
GAGGCAAGTGAGCCAA_SMC027	SMC027	Control
GAGGCAATCTCCTGTG_SMC049	SMC049	AD
GAGGCCTCAAAGCGTG_SMC052	SMC052	Control
GAGGCCTGTCACCACG_SMC053	SMC053	Active control
GAGGGATTCACCTTAT_SMC037	SMC037	Active control
GAGGGATTCATAGCAC_SMC037	SMC037	Active control
GAGGGATTCGGCATCG_SMC041	SMC041	AD
GAGGGTAAGCGACCCT_SMC052	SMC052	Control
GAGGGTACAAGCGAAC_SMC053	SMC053	Active control
GAGGGTAGTGTAGCAG_SMC038	SMC038	AD
GAGTCATGTAACGTTC_SMC037	SMC037	Active control
GAGTCATGTCGGTAAG_SMC037	SMC037	Active control
GAGTCATTCGTTGTAG_SMC041	SMC041	AD
GAGTCATTCTTCGGAA_SMC049	SMC049	AD
GAGTCTACATTGCCGG_SMC052	SMC052	Control
GAGTCTATCATCGTAG_SMC049	SMC049	AD
GAGTCTATCGAAGTGG_SMC053	SMC053	Active control
GAGTGAGAGCTCGCAC_SMC038	SMC038	AD
GAGTGAGGTCGCACAC_SMC033	SMC033	Control
GAGTGAGTCAGCGCGT_SMC052	SMC052	Control
GAGTGAGTCCCTCATG_SMC038	SMC038	AD
GAGTGAGTCTAGGCAT_SMC038	SMC038	AD
GAGTGTTAGAAGGCTC_SMC049	SMC049	AD
GAGTGTTAGGGTCTTT_SMC039	SMC039	AD
GAGTGTTCAAAGCTCT_SMC053	SMC053	Active control
GAGTGTTCATCCTTGC_SMC041	SMC041	AD
GAGTTACCAGAGTTCT_SMC033	SMC033	Control
GAGTTACGTAGACTGG_SMC052	SMC052	Control
GAGTTACGTTGTCCCT_SMC035	SMC035	Active control
GAGTTACTCTCCTGCA_SMC033	SMC033	Control
GAGTTACTCTTGTGCC_SMC038	SMC038	AD
GAGTTGTCAACGTTAC_SMC041	SMC041	AD
GAGTTGTGTGGAGAAA_SMC052	SMC052	Control
GAGTTTGAGTGAGTGC_SMC052	SMC052	Control
GAGTTTGGTCAACCTA_SMC052	SMC052	Control
GAGTTTGTCCTTATCA_SMC038	SMC038	AD
GATAGAACATAAGCGG_SMC053	SMC053	Active control
GATAGAAGTACGTTCA_SMC035	SMC035	Active control
GATAGAAGTCCCTGAG_SMC033	SMC033	Control
GATAGCTAGACCAAAT_SMC053	SMC053	Active control
GATAGCTCAGTGTATC_SMC049	SMC049	AD
GATAGCTGTTTGTTCT_SMC053	SMC053	Active control
GATCACACAAGATCCT_SMC049	SMC049	AD
GATCAGTAGTCTCGTA_SMC037	SMC037	Active control
GATCATGAGCTAGTTC_SMC053	SMC053	Active control
GATCATGAGTAAACTG_SMC037	SMC037	Active control
GATCATGAGTAAGAGG_SMC049	SMC049	AD
GATCATGCAATCACGT_SMC049	SMC049	AD
GATCATGGTCGACTTA_SMC038	SMC038	AD
GATCATGGTGATTGGG_SMC041	SMC041	AD
GATCATGTCATTGCTT_SMC041	SMC041	AD
GATCATGTCTCCTGCA_SMC035	SMC035	Active control
GATCCCTCATGTCAGT_SMC041	SMC041	AD
GATCCCTGTCCAGCCA_SMC041	SMC041	AD
GATCCCTTCCAGCTCT_SMC038	SMC038	AD
GATCGTAAGCATTTCG_SMC033	SMC033	Control
GATCGTAAGTCCTGCG_SMC033	SMC033	Control
GATCGTACAAATCAAG_SMC052	SMC052	Control
GATCGTAGTCGCCTAG_SMC041	SMC041	AD
GATCGTAGTGTTACAC_SMC041	SMC041	AD
GATGACTCAACGCCCA_SMC033	SMC033	Control
GATGATCCACAGTATC_SMC039	SMC039	AD
GATGATCCACTGAGTT_SMC053	SMC053	Active control
GATGATCCACTTACAG_SMC033	SMC033	Control
GATGATCTCTATCCAT_SMC041	SMC041	AD
GATGCTACATACACCA_SMC037	SMC037	Active control
GATGGAGAGAAACTGT_SMC041	SMC041	AD
GATGGAGAGAACGTGC_SMC049	SMC049	AD
GATGGAGAGTCAATCC_SMC033	SMC033	Control
GATGGAGTCCGACATA_SMC033	SMC033	Control
GATGTTGCAGCTCATA_SMC033	SMC033	Control
GATGTTGTCTAGTGAC_SMC049	SMC049	AD
GATTCGAAGGGATCGT_SMC049	SMC049	AD
GATTCGAAGTCCTGCG_SMC049	SMC049	AD
GATTCGAAGTTTGCTG_SMC041	SMC041	AD
GATTCGACAGTTGTTG_SMC049	SMC049	AD
GATTCGAGTATCATGC_SMC035	SMC035	Active control
GATTCGAGTTAATCGC_SMC038	SMC038	AD
GATTCTTAGAGAGCAA_SMC035	SMC035	Active control
GATTCTTCAAGTTTGC_SMC052	SMC052	Control
GATTCTTTCGTAGTGT_SMC049	SMC049	AD
GATTGGTGTAACATGA_SMC041	SMC041	AD
GATTGGTGTATGAGGC_SMC037	SMC037	Active control
GATTGGTGTTTCACTT_SMC038	SMC038	AD
GATTGGTTCCAATCTT_SMC053	SMC053	Active control
GATTTCTCAAAGAGTT_SMC049	SMC049	AD
GATTTCTCACTTGAGT_SMC053	SMC053	Active control
GATTTCTGTACGTAGG_SMC049	SMC049	AD
GATTTCTTCGTGTGGC_SMC035	SMC035	Active control
GCAAAGGTCCTGCTCA_PO05	PO05	AD
GCAAAGGTCGCTCATT_PO28	PO28	AD
GCAACATAGCACTAAA_SMC053	SMC053	Active control
GCAACATCAAGGTACT_PO42	PO42	AD
GCAACATTCTTCCAGC_SMC039	SMC039	AD
GCAACCGCACTGGATT_SMC053	SMC053	Active control
GCAACCGGTCGCTGCA_SMC033	SMC033	Control
GCAAGGATCCGTGGCA_PO15	PO15	Control
GCAAGGATCGTTAGGC_PO23	PO23	Control
GCAAGGATCTCATCGT_PO42	PO42	AD
GCAATCGCAAACCGTG_PO28	PO28	AD
GCAATGAGTGGCCTAC_PO41	PO41	AD
GCAATGAGTTCGGGTC_PO13	PO13	Control
GCAATTTAGATTGCCA_PO05	PO05	AD
GCACACTAGAACGAGT_PO11	PO11	AD
GCACATACAACAGATA_SMC038	SMC038	AD
GCACATAGTGTATACC_SMC041	SMC041	AD
GCACATAGTTCCACGG_SMC038	SMC038	AD
GCACATATCGATACTG_SMC049	SMC049	AD
GCACCATAGGGTCCAT_PO20	PO20	Control
GCACCCTTCCCGCATC_PO28	PO28	AD
GCACCGATCGATGGCT_PO11	PO11	AD
GCACCTAGTTAGGCTT_PO23	PO23	Control
GCACGGTCACATTAGA_PO13	PO13	Control
GCACGGTGTATGTCCA_SMC052	SMC052	Control
GCACGGTGTCGGTGTC_SMC037	SMC037	Active control
GCACGGTTCCATTGCC_SMC041	SMC041	AD
GCACGTGCAACGCATT_SMC033	SMC033	Control
GCACGTGCAAGTGATA_SMC049	SMC049	AD
GCACGTGGTAAGATTG_SMC033	SMC033	Control
GCACGTGTCAAACCCA_SMC038	SMC038	AD
GCACGTGTCCACGTGG_SMC038	SMC038	AD
GCACGTTAGCGCGATT_PO20	PO20	Control
GCACTAAAGCTAGCCC_SMC041	SMC041	AD
GCACTAACAACCGTAT_SMC041	SMC041	AD
GCACTAATCGGTCACG_SMC037	SMC037	Active control
GCACTGACAGGACTCA_PO41	PO41	AD
GCACTGGTCGATAGCC_PO13	PO13	Control
GCAGGCTAGATAGTCA_SMC030	SMC030	Control
GCAGGCTCAAATGGAT_SMC030	SMC030	Control
GCAGGCTGTTTGTTGG_SMC049	SMC049	AD
GCAGGCTTCACCACAA_SMC033	SMC033	Control
GCAGGGACAACCTCAC_PO13	PO13	Control
GCAGTAAGTAACCCAT_PO11	PO11	AD
GCAGTTAAGCTGTTCA_SMC037	SMC037	Active control
GCAGTTAAGTGAGTGC_SMC041	SMC041	AD
GCATCAGCACCTCGCA_PO15	PO15	Control
GCATCGGCAAGGCAAC_SMC033	SMC033	Control
GCATCGGCAGGCACAA_SMC038	SMC038	AD
GCATCGGTCACTAGCA_SMC053	SMC053	Active control
GCATCGGTCCTCGCAT_SMC035	SMC035	Active control
GCATCTCCACTGGATT_SMC053	SMC053	Active control
GCATGATAGACTCTAC_SMC053	SMC053	Active control
GCATGATAGTCACGAG_SMC033	SMC033	Control
GCATGATTCCCTCTCC_SMC037	SMC037	Active control
GCATGGTTCGATTCCT_PO15	PO15	Control
GCATGTCAGCAGGGTA_PO13	PO13	Control
GCATGTCAGTGCTGCG_PO41	PO41	AD
GCATTACGTGATGCCC_PO42	PO42	AD
GCATTAGCATTAAGCC_SMC041	SMC041	AD
GCATTATAGCGGATCT_PO28	PO28	AD
GCCAACGAGGATACAT_SMC049	SMC049	AD
GCCAACGCAGCGAGTA_SMC053	SMC053	Active control
GCCAACGTCCTGGCTT_SMC038	SMC038	AD
GCCAACGTCCTTGAAG_SMC052	SMC052	Control
GCCAACGTCGATGCAT_SMC041	SMC041	AD
GCCACAACAATCGAAC_PO11	PO11	AD
GCCACTTCAGGAACTT_PO05	PO05	AD
GCCAGCAGTTCTAAGC_SMC027	SMC027	Control
GCCATAATCATCGAAT_PO05	PO05	AD
GCCATCAGTTTACGAC_PO05	PO05	AD
GCCATCAGTTTCCTAT_PO05	PO05	AD
GCCATGGAGGGTTAGC_SMC037	SMC037	Active control
GCCATGGCAAACACCT_SMC035	SMC035	Active control
GCCATTCAGCGCCATC_SMC037	SMC037	Active control
GCCATTCCAGCAGTTG_PO42	PO42	AD
GCCATTCCAGGGAATC_SMC049	SMC049	AD
GCCATTCGTTCCTAGA_SMC049	SMC049	AD
GCCATTCGTTGAATCC_SMC053	SMC053	Active control
GCCATTCTCGACGCGT_SMC038	SMC038	AD
GCCCAATAGGATTGCC_PO05	PO05	AD
GCCCAGACATCGTTCC_SMC052	SMC052	Control
GCCCAGAGTAGGAGGG_SMC038	SMC038	AD
GCCCAGATCGCTCCTA_SMC049	SMC049	AD
GCCCATAGTCAATGTC_PO20	PO20	Control
GCCCGAAAGTTCATGC_SMC039	SMC039	AD
GCCCGAACACTGTGTA_SMC033	SMC033	Control
GCCCGAATCAAGCCAT_SMC033	SMC033	Control
GCCCGAATCATGGGAG_SMC052	SMC052	Control
GCCCTAAGTGAGGAGA_PO41	PO41	AD
GCCGAGTCACAATGAC_PO42	PO42	AD
GCCGATGCAATAGGGC_SMC049	SMC049	AD
GCCGATGCACAACCGC_SMC039	SMC039	AD
GCCGATGTCCCTATTA_SMC049	SMC049	AD
GCCGATGTCCGTATAG_SMC037	SMC037	Active control
GCCGATGTCTAGATCG_SMC033	SMC033	Control
GCCGTACGTTATGGTC_PO28	PO28	AD
GCCGTACGTTGCTCAG_PO41	PO41	AD
GCCGTAGTCCACCGCT_PO41	PO41	AD
GCCGTCAAGTAGCTGC_PO28	PO28	AD
GCCGTGACAGAGTTGG_SMC041	SMC041	AD
GCCGTGATCACCTCGT_SMC038	SMC038	AD
GCCGTTAGTGGACTAA_PO20	PO20	Control
GCCTAAATCTGGTCAA_PO05	PO05	AD
GCCTATGGTCTTGACG_PO20	PO20	Control
GCCTCATCACAAGCGC_PO42	PO42	AD
GCCTCCACAACCTGAG_PO28	PO28	AD
GCCTCCACACATAGGT_PO15	PO15	Control
GCCTCCACAGCTACTC_PO28	PO28	AD
GCCTGCTTCATGGTCA_PO28	PO28	AD
GCCTGGATCGATCCTT_PO20	PO20	Control
GCCTGTTAGCGAACTG_SMC038	SMC038	AD
GCCTGTTCAATTGCGT_SMC053	SMC053	Active control
GCCTGTTCAGCCCAGT_SMC039	SMC039	AD
GCCTGTTCAGGTCTCG_SMC053	SMC053	Active control
GCCTGTTGTCTAATCG_SMC033	SMC033	Control
GCCTGTTGTGCATCTA_SMC053	SMC053	Active control
GCCTGTTTCCTACCGT_SMC038	SMC038	AD
GCCTTGCTCACGTAAT_PO28	PO28	AD
GCCTTGCTCCCGCTTA_PO28	PO28	AD
GCGAAAGTCACTCCAT_PO15	PO15	Control
GCGAGAAAGCGACATG_SMC049	SMC049	AD
GCGAGAACACAAGCCC_SMC049	SMC049	AD
GCGAGAAGTCAACGCC_SMC038	SMC038	AD
GCGAGAAGTCTGATAC_SMC039	SMC039	AD
GCGAGAATCCATCGTC_SMC052	SMC052	Control
GCGAGAATCCGCTTAC_SMC049	SMC049	AD
GCGAGAATCGGACTGC_SMC031	SMC031	Active control
GCGAGAATCTGAGGCC_SMC035	SMC035	Active control
GCGATCGAGCTCACTA_SMC030	SMC030	Control
GCGATCGCATTCTCCG_SMC033	SMC033	Control
GCGATCGTCCATTTCA_SMC036	SMC036	AD
GCGCAAGGTTGGGACG_PO41	PO41	AD
GCGCATTAGGTCCCGA_PO13	PO13	Control
GCGCCTAAGTAGAGGT_PO42	PO42	AD
GCGCTAACATGAGCAT_PO15	PO15	Control
GCGCTTGAGGATAGAC_PO20	PO20	Control
GCGGAAAAGAATTGCA_SMC052	SMC052	Control
GCGGAAAAGCTCGAAG_SMC053	SMC053	Active control
GCGGAGACATCCACAC_PO20	PO20	Control
GCGGAGTAGATTGATC_PO20	PO20	Control
GCGGATCAGAGACAAG_SMC053	SMC053	Active control
GCGGATCGTCTAACTG_SMC032	SMC032	AD
GCGGATCGTTCCCACT_SMC049	SMC049	AD
GCGGCTATCACGGCCA_PO41	PO41	AD
GCGGCTTGTTCCTGCT_PO28	PO28	AD
GCGGGTTCAACTATCT_PO28	PO28	AD
GCGGTAAAGTAAGTGA_PO42	PO42	AD
GCGGTCATCAGCGGTT_PO42	PO42	AD
GCGGTCATCGACATAT_PO13	PO13	Control
GCGTACCGTGACTTCG_PO20	PO20	Control
GCGTATTGTAGTCAGA_PO15	PO15	Control
GCGTATTGTCAGCACC_PO05	PO05	AD
GCGTCAACAACCTGAG_PO42	PO42	AD
GCGTGCAAGACAGCGT_SMC030	SMC030	Control
GCGTGCAAGTACCGGA_SMC039	SMC039	AD
GCGTGCAGTACCCAGC_SMC033	SMC033	Control
GCGTGCATCATGTAAC_PO15	PO15	Control
GCGTGCATCGACTATG_PO41	PO41	AD
GCGTGCATCTGCGAGC_SMC041	SMC041	AD
GCGTTAGCAGCTAGGC_PO15	PO15	Control
GCGTTCCTCAGGGACA_PO28	PO28	AD
GCGTTCCTCCCCAATT_PO28	PO28	AD
GCGTTCCTCCCGTGCT_PO42	PO42	AD
GCGTTTCAGTCGAAGC_SMC033	SMC033	Control
GCGTTTCCATTAAAGG_SMC053	SMC053	Active control
GCTAAACCAGGAACTT_PO15	PO15	Control
GCTAAACCATCCCGTG_PO42	PO42	AD
GCTAAAGGTTTCGCAG_PO28	PO28	AD
GCTAATGTCCGGTTCC_PO28	PO28	AD
GCTACAACACCCATAA_SMC037	SMC037	Active control
GCTACAACATGGATCT_SMC049	SMC049	AD
GCTACAAGTTTGGCTA_SMC052	SMC052	Control
GCTACAATCTTACTGT_SMC033	SMC033	Control
GCTACCTAGCAAATCA_SMC049	SMC049	AD
GCTACCTTCATCCTAT_SMC032	SMC032	AD
GCTACCTTCCATTCGC_SMC033	SMC033	Control
GCTAGGGGTTATCCGG_PO41	PO41	AD
GCTAGTCAGGTCGATC_PO05	PO05	AD
GCTAGTTGTTCCGGGT_PO20	PO20	Control
GCTCAAAGTACAGTTC_SMC049	SMC049	AD
GCTCAAATCAACTTTC_SMC049	SMC049	AD
GCTCAAATCAGCCAGT_PO28	PO28	AD
GCTCAAATCAGTGCGC_SMC033	SMC033	Control
GCTCAATGTTAGGTGA_PO28	PO28	AD
GCTCACCTCCCATAGA_PO42	PO42	AD
GCTCATTTCCCTCTCT_PO41	PO41	AD
GCTCATTTCCTGACCC_PO20	PO20	Control
GCTCCATCACATTGCC_PO41	PO41	AD
GCTCCTTGTAATGCCT_PO20	PO20	Control
GCTCCTTGTCATTCAA_PO28	PO28	AD
GCTCCTTGTGGACACG_PO13	PO13	Control
GCTCGATAGCAATCCA_PO11	PO11	AD
GCTCGATAGGATGGAT_PO28	PO28	AD
GCTCGTAGTCATCAAC_PO05	PO05	AD
GCTCGTAGTTTAGCGT_PO41	PO41	AD
GCTCGTTCAAGCATAC_PO41	PO41	AD
GCTCTTGTCCGCACTC_PO13	PO13	Control
GCTGAATAGCCTCAGC_SMC053	SMC053	Active control
GCTGAATAGGCACCAA_SMC039	SMC039	AD
GCTGAATCAACCGACC_SMC035	SMC035	Active control
GCTGAATTCTCACCCA_SMC038	SMC038	AD
GCTGCAGAGCTATCCA_SMC052	SMC052	Control
GCTGCAGAGGGTACGT_SMC049	SMC049	AD
GCTGCAGGTTCGGCGT_SMC049	SMC049	AD
GCTGGATTCCGTATAG_PO05	PO05	AD
GCTGGCTGTGACGATA_PO05	PO05	AD
GCTGGGTAGGTCCGAA_SMC052	SMC052	Control
GCTGGGTCACAGTCGC_SMC033	SMC033	Control
GCTGGGTGTTTCCATT_SMC052	SMC052	Control
GCTGTTAAGGTACGGA_PO28	PO28	AD
GCTTACTTCGAGTCTA_PO20	PO20	Control
GCTTCACAGGTGATAT_SMC038	SMC038	AD
GCTTCAGGTGGAGCAT_PO42	PO42	AD
GCTTCCATCCGTGGAT_PO42	PO42	AD
GCTTCCATCGCTAATG_PO20	PO20	Control
GCTTGATGTCTTGATA_PO11	PO11	AD
GCTTGGACAGTTGGTG_PO28	PO28	AD
GCTTGGGGTACCTTCC_SMC052	SMC052	Control
GCTTGGGGTCGATTTG_SMC052	SMC052	Control
GCTTTCACAGCCAGGT_PO28	PO28	AD
GCTTTCGGTGATTGGG_SMC038	SMC038	AD
GCTTTCGTCACCTGTC_SMC049	SMC049	AD
GCTTTGGGTCTCAGTG_PO28	PO28	AD
GGAAACTAGCCAACCG_PO20	PO20	Control
GGAACCAAGCCTGAGT_PO13	PO13	Control
GGAACCAAGGGGCTAA_PO20	PO20	Control
GGAACCCAGATTAGCA_SMC053	SMC053	Active control
GGAACCCCAAAGCGTG_SMC035	SMC035	Active control
GGAACCCGTTGCCGCA_SMC052	SMC052	Control
GGAACCCTCAGGAACG_SMC035	SMC035	Active control
GGAAGTGAGAACTTCC_SMC053	SMC053	Active control
GGAAGTGCAAACTGCT_SMC035	SMC035	Active control
GGAAGTGCACGGCACT_SMC037	SMC037	Active control
GGAAGTGGTGGAAATT_SMC035	SMC035	Active control
GGAATGGAGAGTTGAT_SMC041	SMC041	AD
GGAATTAAGGCTATAT_PO42	PO42	AD
GGAATTAAGTAAGCCC_PO28	PO28	AD
GGACCCTGTAATGTCC_PO05	PO05	AD
GGACCTTAGGCTCCGA_PO20	PO20	Control
GGACCTTAGTGAGCAG_PO13	PO13	Control
GGACGACAGGTAACTT_PO11	PO11	AD
GGACGGACAGGAGCCT_PO20	PO20	Control
GGACTTGCACTATCAT_PO05	PO05	AD
GGAGAACAGGCCTTGC_SMC052	SMC052	Control
GGAGAACAGTTATGGA_SMC037	SMC037	Active control
GGAGAACTCAAGCGTT_SMC033	SMC033	Control
GGAGAACTCGACGACC_SMC049	SMC049	AD
GGAGAACTCGTCGCTT_SMC052	SMC052	Control
GGAGAACTCTGGACTA_SMC031	SMC031	Active control
GGAGATGGTCCCACGA_SMC049	SMC049	AD
GGAGATTAGGAATTAG_PO15	PO15	Control
GGAGATTAGTGCTGGT_PO13	PO13	Control
GGAGCAACAGCCTATA_SMC033	SMC033	Control
GGAGCAAGTATACCCA_SMC052	SMC052	Control
GGAGCAAGTTATGGTC_SMC038	SMC038	AD
GGAGCAATCTACACAG_SMC053	SMC053	Active control
GGAGCATGTGATAGAT_PO28	PO28	AD
GGAGCCAGTCTCACGA_PO20	PO20	Control
GGAGCTAAGGCGTTAC_PO13	PO13	Control
GGAGGATAGAAACTAC_SMC052	SMC052	Control
GGAGGATAGCCTAGGA_SMC037	SMC037	Active control
GGAGGATGTACTAAGA_SMC053	SMC053	Active control
GGAGGTAAGCGCTGCT_SMC038	SMC038	AD
GGAGGTAGTAATTAGG_SMC033	SMC033	Control
GGAGGTAGTCTACTGA_SMC053	SMC053	Active control
GGAGGTATCGTACCTC_SMC052	SMC052	Control
GGAGGTATCTGCTGAA_SMC053	SMC053	Active control
GGAGTAGTCAGCGGAA_PO15	PO15	Control
GGAGTATAGGAGTAAC_PO20	PO20	Control
GGATAACAGGGCAGTA_PO20	PO20	Control
GGATAGTAGTAGCCAC_PO28	PO28	AD
GGATCGCCATAGAGTC_PO42	PO42	AD
GGATCTAAGGCAATGC_SMC041	SMC041	AD
GGATCTAAGGTGCATG_SMC041	SMC041	AD
GGATCTATCCTCTGCA_SMC039	SMC039	AD
GGATCTATCTAGTTGG_PO28	PO28	AD
GGATGCAAGTAGTAGA_PO11	PO11	AD
GGATGGGCAAGCTTCC_PO28	PO28	AD
GGATGTTAGCGAACTG_SMC052	SMC052	Control
GGATGTTCAGTAGTTC_SMC039	SMC039	AD
GGATGTTGTAGTTAGA_SMC035	SMC035	Active control
GGATTGAGTGATGATG_PO20	PO20	Control
GGATTGCTCCAACCAA_PO42	PO42	AD
GGCAAAGTCGAATCTG_PO20	PO20	Control
GGCAACCCAAGTTCCC_PO28	PO28	AD
GGCAACTTCAGCAACC_PO42	PO42	AD
GGCAACTTCCAACCGG_PO13	PO13	Control
GGCAAGGCAAGCTCGA_PO41	PO41	AD
GGCAATTCAATCAGAC_PO15	PO15	Control
GGCACACCACCTCATA_PO13	PO13	Control
GGCACGAGTTGCACGC_PO13	PO13	Control
GGCACGTAGCGTGAAC_SMC030	SMC030	Control
GGCACGTCACAGCATT_SMC049	SMC049	AD
GGCACGTGTAATGTGA_SMC033	SMC033	Control
GGCACGTGTGGCTCTG_SMC039	SMC039	AD
GGCACGTTCGGTAGAG_SMC033	SMC033	Control
GGCAGTCGTGGCCCAT_SMC049	SMC049	AD
GGCAGTCTCTGGAAGG_SMC049	SMC049	AD
GGCATAAGTAGGTCCC_PO20	PO20	Control
GGCATAGAGCATCTCT_PO20	PO20	Control
GGCATCACAATCCATT_PO20	PO20	Control
GGCATCCGTGGGTCCT_PO05	PO05	AD
GGCATGAAGTCTAGCA_PO41	PO41	AD
GGCATTATCCACCTGC_PO05	PO05	AD
GGCATTATCCTCGACC_PO28	PO28	AD
GGCATTCAGAATCCGC_PO28	PO28	AD
GGCCAACCATAGATCA_PO11	PO11	AD
GGCCAATTCGTGCTGG_PO28	PO28	AD
GGCCTAACATGCTACC_PO28	PO28	AD
GGCCTCAAGGTGCATC_PO20	PO20	Control
GGCCTTGAGCCATAGC_PO05	PO05	AD
GGCGAACAGAATCGGG_PO20	PO20	Control
GGCGAATGTAAGGTTG_PO41	PO41	AD
GGCGAATGTGATAGGC_PO28	PO28	AD
GGCGCTTGTGCATCGC_PO05	PO05	AD
GGCGGATAGGGCAGTA_PO42	PO42	AD
GGCGTCACAGCATGCC_SMC030	SMC030	Control
GGCGTCTGTCTAAGTC_PO41	PO41	AD
GGCTAATCAACGTGGC_PO28	PO28	AD
GGCTATTGTAAGCTAG_PO42	PO42	AD
GGCTGAGGTGAACCTT_PO42	PO42	AD
GGCTGCATCGATAGGG_PO20	PO20	Control
GGCTGGTCATGACGTG_PO28	PO28	AD
GGCTGTGCAAAGTGTA_SMC035	SMC035	Active control
GGCTGTGCAATAACGA_SMC038	SMC038	AD
GGCTGTGGTGTGGACA_SMC052	SMC052	Control
GGCTTAATCAGGTCGT_PO28	PO28	AD
GGCTTATGTGACTCTG_PO11	PO11	AD
GGCTTATGTTTCCTAT_PO42	PO42	AD
GGCTTCTCATTAGACA_PO23	PO23	Control
GGCTTGGAGTGGTGAC_SMC041	SMC041	AD
GGCTTGGGTCTAGATC_SMC052	SMC052	Control
GGCTTGGGTGGCTTGC_SMC049	SMC049	AD
GGCTTGGGTTATTCTC_SMC038	SMC038	AD
GGCTTTCGTTCGGGTC_SMC038	SMC038	AD
GGCTTTCGTTGAGGAC_SMC036	SMC036	AD
GGCTTTCTCCAATGCA_SMC041	SMC041	AD
GGCTTTCTCTTCTAAC_SMC053	SMC053	Active control
GGGAAGTTCTCGTCGT_SMC033	SMC033	Control
GGGAATGTCGCTGGAT_PO41	PO41	AD
GGGACAAAGGTTGTTC_SMC049	SMC049	AD
GGGACAAGTTGGGCCT_SMC038	SMC038	AD
GGGACAAGTTTACCAG_SMC041	SMC041	AD
GGGACAATCCAATCTT_SMC035	SMC035	Active control
GGGACCAGTGAGCGCA_PO13	PO13	Control
GGGACCTAGCATGTTC_SMC052	SMC052	Control
GGGACCTAGCTGACAG_SMC037	SMC037	Active control
GGGACCTCAATTCGTG_SMC035	SMC035	Active control
GGGACCTCACTAGTCC_PO15	PO15	Control
GGGACCTGTAGGAGTC_SMC035	SMC035	Active control
GGGACGTAGCGGATAG_PO28	PO28	AD
GGGACTCCAAACGGCA_SMC052	SMC052	Control
GGGAGATCATGAGTAA_SMC053	SMC053	Active control
GGGAGTAAGCCTTCTC_SMC031	SMC031	Active control
GGGAGTATCAGATGCT_SMC033	SMC033	Control
GGGATAGTCGTTCCGC_PO11	PO11	AD
GGGATCCCATTACGGT_SMC052	SMC052	Control
GGGATCCTCTTAATCC_SMC053	SMC053	Active control
GGGATTGAGCCTTCGC_PO11	PO11	AD
GGGCAATGTCAGTAGA_PO41	PO41	AD
GGGCAATGTGCATTAC_PO20	PO20	Control
GGGCAGACAGGGCCAT_PO23	PO23	Control
GGGCAGACATTGCCCG_PO11	PO11	AD
GGGCCATAGCCTGACC_SMC052	SMC052	Control
GGGCCATGTCGGTAAG_SMC053	SMC053	Active control
GGGCCTATCTCATCAC_PO28	PO28	AD
GGGCGTTAGACGACTG_SMC037	SMC037	Active control
GGGCGTTCAGTCTTCC_SMC041	SMC041	AD
GGGCGTTGTACACGCC_SMC049	SMC049	AD
GGGCTACCACCGCTAG_SMC037	SMC037	Active control
GGGCTACGTCATCGGC_SMC038	SMC038	AD
GGGCTCAGTGCATCTA_SMC038	SMC038	AD
GGGCTCATCTTCACGC_SMC041	SMC041	AD
GGGCTCTGTTCTGTGG_PO15	PO15	Control
GGGCTTGTCAGCACCG_PO20	PO20	Control
GGGGCTAGTGGCTGAG_PO28	PO28	AD
GGGGTAATCCTGCCAC_PO20	PO20	Control
GGGGTATGTGCGATGG_PO20	PO20	Control
GGGGTCAGTCAGCGAG_PO28	PO28	AD
GGGTAACGTCTGTGTG_PO28	PO28	AD
GGGTAAGTCTGTGGCG_PO42	PO42	AD
GGGTACGGTGAGCAGT_PO20	PO20	Control
GGGTACTTCCGCTGTC_PO28	PO28	AD
GGGTAGATCCCGTGAG_SMC053	SMC053	Active control
GGGTATTAGGAGACCT_SMC038	SMC038	AD
GGGTATTTCTAAGGAA_SMC038	SMC038	AD
GGGTCAAAGTAATCCG_PO28	PO28	AD
GGGTCACAGGTCTACT_SMC041	SMC041	AD
GGGTCACCAAAGCACG_SMC039	SMC039	AD
GGGTCAGGTTGCTTAA_PO28	PO28	AD
GGGTCATTCCTGACCC_PO20	PO20	Control
GGGTCTGGTTACGGAG_SMC052	SMC052	Control
GGGTGTCAGCGTCAAG_SMC052	SMC052	Control
GGGTGTCTCCCTGGTT_SMC041	SMC041	AD
GGGTTATAGATGAATC_SMC053	SMC053	Active control
GGGTTATAGTCCCAAT_SMC041	SMC041	AD
GGGTTATCAGCGTTTA_SMC049	SMC049	AD
GGGTTATGTAGATCGG_SMC053	SMC053	Active control
GGGTTATGTCACTCTC_SMC041	SMC041	AD
GGGTTGAAGCATCCAA_PO11	PO11	AD
GGGTTTATCTCATGGA_SMC038	SMC038	AD
GGGTTTCAGTGAGTCC_PO11	PO11	AD
GGTAACTGTCGATTTG_SMC041	SMC041	AD
GGTAACTGTGATGTAA_SMC041	SMC041	AD
GGTAACTGTTTCGATG_SMC041	SMC041	AD
GGTAACTTCCATCCGT_SMC033	SMC033	Control
GGTAACTTCTGCTCTG_SMC033	SMC033	Control
GGTAACTTCTTCGTGC_SMC037	SMC037	Active control
GGTAAGGTCACCTGAA_PO05	PO05	AD
GGTAATCGTACCACGC_SMC041	SMC041	AD
GGTAATCGTCATCAGT_SMC041	SMC041	AD
GGTAATCGTGGCCACT_SMC053	SMC053	Active control
GGTAATCTCGGTAGAG_SMC049	SMC049	AD
GGTAATCTCTCTCTTC_SMC041	SMC041	AD
GGTACGAAGGTGAAGT_PO42	PO42	AD
GGTACGGGTTTAGGCT_PO13	PO13	Control
GGTAGAGAGAGCCGAT_SMC041	SMC041	AD
GGTAGAGAGGACGGAG_SMC053	SMC053	Active control
GGTAGAGCAGCTTCCT_SMC053	SMC053	Active control
GGTAGAGGTCGTATTG_SMC033	SMC033	Control
GGTAGAGTCAGCGGAA_SMC037	SMC037	Active control
GGTAGCAAGCGACTTA_PO42	PO42	AD
GGTAGCGGTTAGAGAT_PO20	PO20	Control
GGTAGTGAGTCGAGTC_PO15	PO15	Control
GGTATCTGTCCATTAA_PO13	PO13	Control
GGTATGTCAATCATAG_PO28	PO28	AD
GGTCACGAGGAACTCG_SMC030	SMC030	Control
GGTCATCAGCCATCGG_PO11	PO11	AD
GGTCATTGTTGCAATC_PO28	PO28	AD
GGTCGAGGTAACGATG_PO42	PO42	AD
GGTCTGGAGCCTGTGC_SMC041	SMC041	AD
GGTCTGGCAAGCTACT_SMC043	SMC043	AD
GGTCTGGGTAGTGGCA_SMC053	SMC053	Active control
GGTCTGGGTCTGTCAA_SMC041	SMC041	AD
GGTCTTAAGAATCCTG_PO42	PO42	AD
GGTGAAGAGGAGGGTG_SMC041	SMC041	AD
GGTGAAGAGTAGATCA_SMC049	SMC049	AD
GGTGACTTCCTCTAGT_PO42	PO42	AD
GGTGATAGTGGCTGCT_PO28	PO28	AD
GGTGATTAGCGAAACC_SMC041	SMC041	AD
GGTGATTAGGCAGGGA_SMC052	SMC052	Control
GGTGATTAGTCAATCC_SMC052	SMC052	Control
GGTGATTCAACCGGAA_SMC041	SMC041	AD
GGTGATTGTGGTCAAG_SMC049	SMC049	AD
GGTGCATTCGACTATG_PO11	PO11	AD
GGTGGCTCAAACGGCA_SMC033	SMC033	Control
GGTGGTAAGTAAGCAA_PO28	PO28	AD
GGTGTAAGTTAAGCCT_PO42	PO42	AD
GGTGTTAAGATAGCAT_SMC033	SMC033	Control
GGTGTTAAGTGTTCAC_SMC035	SMC035	Active control
GGTGTTACAGCGTACC_SMC035	SMC035	Active control
GGTGTTAGTGTCCAAT_SMC035	SMC035	Active control
GGTGTTAGTTCAGGTT_SMC041	SMC041	AD
GGTGTTATCACTCGAA_SMC038	SMC038	AD
GGTGTTGCAAGTGTCG_PO20	PO20	Control
GGTTAACAGATTAGTG_SMC038	SMC038	AD
GGTTAACAGCCTCAGC_SMC032	SMC032	AD
GGTTAACAGCGGTAAC_SMC049	SMC049	AD
GGTTAACCATGAGATA_SMC033	SMC033	Control
GGTTAACGTAGTATAG_SMC035	SMC035	Active control
GGTTAACGTATACAGA_SMC049	SMC049	AD
GGTTAACGTCAAAGCG_SMC032	SMC032	AD
GGTTAACGTTTCGGCG_SMC033	SMC033	Control
GGTTAATTCACGTTAG_PO11	PO11	AD
GGTTACATCACTATGG_PO41	PO41	AD
GGTTAGTCAGGTTGGC_PO28	PO28	AD
GGTTAGTCATAAGGGA_PO05	PO05	AD
GGTTAGTCATTACCTG_PO13	PO13	Control
GGTTCTAAGCCAGATC_PO42	PO42	AD
GGTTCTCAGCACTCTA_SMC038	SMC038	AD
GGTTCTCCACATGACT_SMC037	SMC037	Active control
GGTTCTCCACGTTGGC_SMC052	SMC052	Control
GGTTCTCCATCTAACG_SMC052	SMC052	Control
GGTTCTCCATTAGGCT_SMC033	SMC033	Control
GGTTCTCTCACAATGC_SMC041	SMC041	AD
GGTTCTCTCTACAGGT_SMC038	SMC038	AD
GGTTCTCTCTTAGTTC_SMC053	SMC053	Active control
GGTTGTAGTGCAATAA_SMC041	SMC041	AD
GGTTGTATCGGCTTCT_SMC039	SMC039	AD
GGTTTAGTCTGTGCAA_PO20	PO20	Control
GGTTTGATCTGGATTG_PO42	PO42	AD
GTAAACTTCAATCAGT_PO13	PO13	Control
GTAAACTTCACGTTAG_PO15	PO15	Control
GTAACACAGAGAAGGT_SMC053	SMC053	Active control
GTAACCAAGAATCTAG_SMC053	SMC053	Active control
GTAACCAGTTGATGTC_SMC049	SMC049	AD
GTAACCCAGTAGTCCA_PO28	PO28	AD
GTAACCCAGTGCTTGA_PO13	PO13	Control
GTAACCGCAATACGCG_PO20	PO20	Control
GTAACCGCAGGCTCAA_PO15	PO15	Control
GTAACGGAGATTGGTT_PO41	PO41	AD
GTAAGTAAGTGCTGCG_PO28	PO28	AD
GTAAGTCCAACAAAGT_SMC041	SMC041	AD
GTAAGTCCATAGAATG_SMC053	SMC053	Active control
GTAAGTTTCCTCATTA_PO20	PO20	Control
GTAATCACACAAGCTG_PO42	PO42	AD
GTAATCCGTCATCAAC_PO20	PO20	Control
GTAATCGCACTACTTT_SMC053	SMC053	Active control
GTAATCGGTGATTAGA_SMC052	SMC052	Control
GTAATGAAGGCTAGAG_PO41	PO41	AD
GTAATGCCAAGCGAGT_SMC038	SMC038	AD
GTAATGCCACCGTGGT_SMC035	SMC035	Active control
GTAATGCTCAACGCTA_SMC039	SMC039	AD
GTAATGGGTGCACGAG_PO11	PO11	AD
GTAATGTTCATGCTAG_PO05	PO05	AD
GTACAAGGTGGAGACT_PO41	PO41	AD
GTACACGCATTACACT_PO20	PO20	Control
GTACAGTCAGAGGCTA_SMC035	SMC035	Active control
GTACAGTTCCAACCAA_SMC052	SMC052	Control
GTACCCTCACTAGGTG_PO20	PO20	Control
GTACGATCACTTGATT_PO42	PO42	AD
GTACGGTTCCACCTGC_PO28	PO28	AD
GTACGTTGTTGCAGTT_PO41	PO41	AD
GTACTCCCAAGGTCCA_PO11	PO11	AD
GTAGAAAGTCTCACAA_SMC049	SMC049	AD
GTAGAAAGTGTTAGCT_SMC037	SMC037	Active control
GTAGAAATCAAGCGTT_SMC049	SMC049	AD
GTAGAAATCGTGCGAC_SMC033	SMC033	Control
GTAGACTCACAGCAGC_PO11	PO11	AD
GTAGATCCAATCCTAG_SMC041	SMC041	AD
GTAGATCCACAGTCGC_SMC053	SMC053	Active control
GTAGATCGTTTCGCTC_SMC052	SMC052	Control
GTAGATGGTGAGACTA_PO05	PO05	AD
GTAGCATCAATCTGAA_PO41	PO41	AD
GTAGCATCATGACCGA_PO13	PO13	Control
GTAGCCACATTACGTT_PO28	PO28	AD
GTAGCGGGTCTCCAGA_PO15	PO15	Control
GTAGCTAGTAATCAAG_SMC038	SMC038	AD
GTAGCTATCCCATTTA_SMC049	SMC049	AD
GTAGCTATCTGGGAAG_PO05	PO05	AD
GTAGCTATCTGGTGCG_SMC035	SMC035	Active control
GTAGCTTGTGGAAGTC_PO42	PO42	AD
GTAGGAGAGGGCATGT_SMC049	SMC049	AD
GTAGGAGAGGTTCTTG_SMC038	SMC038	AD
GTAGGAGGTCCTTAAG_SMC041	SMC041	AD
GTAGGAGTCCAGCACG_SMC041	SMC041	AD
GTAGGCGGTCAATCCG_PO28	PO28	AD
GTAGGCTTCACGCTCC_PO28	PO28	AD
GTAGGCTTCAGGCATC_PO13	PO13	Control
GTAGGCTTCGACCGAT_PO11	PO11	AD
GTAGGTGAGTAGTAGA_PO20	PO20	Control
GTAGGTTTCCCAACTC_SMC052	SMC052	Control
GTAGGTTTCCTTATGT_SMC041	SMC041	AD
GTAGTACAGTAAACGT_SMC033	SMC033	Control
GTAGTACAGTGGACGT_SMC030	SMC030	Control
GTAGTACCAGCAATTC_SMC052	SMC052	Control
GTAGTACGTAAGTTGA_SMC052	SMC052	Control
GTAGTACGTGGTGATG_SMC052	SMC052	Control
GTAGTACGTTAGGGTG_SMC038	SMC038	AD
GTAGTACTCGGTAACT_SMC035	SMC035	Active control
GTAGTCGCACAACGAT_PO41	PO41	AD
GTAGTTGTCAGGACAG_PO41	PO41	AD
GTATCGATCATCGTCT_PO20	PO20	Control
GTATGAGGTGACTTCG_PO13	PO13	Control
GTATGAGGTGGCTGAG_PO05	PO05	AD
GTATGGGAGCCATCCC_PO42	PO42	AD
GTATGTTAGTCGCTGG_PO28	PO28	AD
GTATTGGCAGAGATGC_SMC038	SMC038	AD
GTATTGGTCATCTCTA_PO15	PO15	Control
GTATTTCAGAAGCGAA_SMC033	SMC033	Control
GTATTTCAGCGCCTCA_SMC031	SMC031	Active control
GTATTTCAGGACTAAT_SMC049	SMC049	AD
GTATTTCCAGTAGTGG_SMC049	SMC049	AD
GTATTTCGTTATGGTC_SMC033	SMC033	Control
GTATTTCTCTCCATAT_SMC033	SMC033	Control
GTATTTCTCTTGCAAG_SMC035	SMC035	Active control
GTCAAACCAATGTTGC_SMC033	SMC033	Control
GTCAAACCATTCGCTA_PO23	PO23	Control
GTCAAACGTTAATCGC_SMC030	SMC030	Control
GTCAAGCTCCAACTGA_PO28	PO28	AD
GTCAAGCTCCCCTTAG_PO13	PO13	Control
GTCAAGTAGGCATCTT_SMC035	SMC035	Active control
GTCAAGTAGTAACGAT_SMC039	SMC039	AD
GTCAAGTCAACCGCCA_SMC052	SMC052	Control
GTCAAGTCACTTCTCG_SMC038	SMC038	AD
GTCAAGTTCGCCTTTG_SMC032	SMC032	AD
GTCACCCTCTCATGCT_PO13	PO13	Control
GTCACGGAGAGCCATG_SMC053	SMC053	Active control
GTCACGGAGAGTGACC_SMC037	SMC037	Active control
GTCACGGAGGAGAATG_SMC052	SMC052	Control
GTCACGGCAATCTCGA_SMC052	SMC052	Control
GTCACGGCAGTCTGGC_SMC052	SMC052	Control
GTCACGGTCAGAGTTC_SMC053	SMC053	Active control
GTCACTCCACGGATCC_SMC033	SMC033	Control
GTCACTCCATATCTCT_SMC049	SMC049	AD
GTCACTCGTACGTGAG_SMC041	SMC041	AD
GTCACTCGTTAAGGAT_SMC033	SMC033	Control
GTCACTCTCATAGGCT_SMC039	SMC039	AD
GTCACTCTCCCTAGGG_SMC038	SMC038	AD
GTCAGCGAGAAGTCAT_SMC038	SMC038	AD
GTCAGCGAGCGACTTT_SMC053	SMC053	Active control
GTCAGCGGTCTCTCTG_SMC036	SMC036	AD
GTCATCCAGCATTGAA_SMC052	SMC052	Control
GTCATCCCATACTGAC_SMC041	SMC041	AD
GTCATCCCATTCTCTA_SMC038	SMC038	AD
GTCATCCTCCTTATGT_SMC053	SMC053	Active control
GTCATGACACTGAATC_SMC053	SMC053	Active control
GTCATGACATGATAGA_SMC053	SMC053	Active control
GTCATTAGTGCGGCTT_PO42	PO42	AD
GTCATTTAGCTCCGAC_SMC033	SMC033	Control
GTCATTTGTTAGTTCG_SMC039	SMC039	AD
GTCATTTTCAGTGTCA_SMC038	SMC038	AD
GTCATTTTCCGGACGT_SMC049	SMC049	AD
GTCATTTTCCGTATAG_SMC052	SMC052	Control
GTCCAAATCATGGCGT_PO13	PO13	Control
GTCCAATGTTTCCTTG_PO20	PO20	Control
GTCCACTCACGGCACT_SMC053	SMC053	Active control
GTCCCAAGTATAGCAG_PO15	PO15	Control
GTCCCATAGAGGCGTT_SMC052	SMC052	Control
GTCCCATAGCTGTTAC_SMC052	SMC052	Control
GTCCCATAGGTGCCAA_SMC037	SMC037	Active control
GTCCCATCAACGGGCT_PO11	PO11	AD
GTCCCATTCCATAGGT_SMC049	SMC049	AD
GTCCGAACAGGCAACC_PO20	PO20	Control
GTCCGATAGTCGAGTC_PO13	PO13	Control
GTCCTCAAGCGTGAAC_SMC041	SMC041	AD
GTCCTCACATGTGTCA_SMC039	SMC039	AD
GTCCTCAGTAGCTAAA_SMC038	SMC038	AD
GTCCTCTGTCATGTGT_PO20	PO20	Control
GTCCTCTGTTCGGTGC_PO13	PO13	Control
GTCCTGCTCCGCACTC_PO28	PO28	AD
GTCGAATGTTGCGGAA_SMC049	SMC049	AD
GTCGACTAGCTAGTAT_PO20	PO20	Control
GTCGACTAGTTGCGCG_PO05	PO05	AD
GTCGATGCACTATGGG_PO05	PO05	AD
GTCGATTGTTTCCTGC_PO20	PO20	Control
GTCGCCAAGGGGCTAA_PO41	PO41	AD
GTCGCGACAACTGATC_SMC041	SMC041	AD
GTCGCTAGTTTACGAC_PO28	PO28	AD
GTCGGCTGTCTTGGGC_PO28	PO28	AD
GTCGGTTAGGAGGCTA_PO28	PO28	AD
GTCGGTTAGGGTGATG_PO15	PO15	Control
GTCGTAAAGTAGGTTA_SMC038	SMC038	AD
GTCGTAACACCGTGAC_SMC035	SMC035	Active control
GTCGTAATCTACTGCC_SMC052	SMC052	Control
GTCGTTCAGGCGTTAG_SMC053	SMC053	Active control
GTCGTTCCACCTTCGT_SMC041	SMC041	AD
GTCGTTCGTGTAAATG_SMC049	SMC049	AD
GTCTAGAAGATGTTAG_SMC049	SMC049	AD
GTCTCAAAGCATGTCA_PO20	PO20	Control
GTCTCAAAGTTACCGA_PO20	PO20	Control
GTCTCACCATAGGTTA_PO41	PO41	AD
GTCTCACCATTGCCGT_PO20	PO20	Control
GTCTCACTCATTCACT_SMC038	SMC038	AD
GTCTCCATCAATCCAG_PO42	PO42	AD
GTCTCCGCAATGACAC_PO41	PO41	AD
GTCTCCGCAGGACTAT_PO20	PO20	Control
GTCTGCCTCACCAAGC_PO05	PO05	AD
GTCTGGACAGGCAGAG_PO15	PO15	Control
GTCTGTCAGAGCAACC_SMC037	SMC037	Active control
GTCTGTCCATGAGTAA_SMC041	SMC041	AD
GTCTGTCTCAATGTCG_SMC038	SMC038	AD
GTCTGTCTCCACGGGT_SMC038	SMC038	AD
GTCTGTCTCTCCTGCA_SMC037	SMC037	Active control
GTCTTCACATAACCTT_PO28	PO28	AD
GTCTTTAAGTCACGCC_SMC032	SMC032	AD
GTCTTTATCCGTAATG_SMC052	SMC052	Control
GTGAACAGTAATCCAC_PO20	PO20	Control
GTGAACCTCCTGCTGC_PO41	PO41	AD
GTGAATCCATGCAGGC_PO41	PO41	AD
GTGAATGGTGGCTGTC_PO28	PO28	AD
GTGACGAAGCTGGTTA_PO41	PO41	AD
GTGACGCAGACTACGG_SMC053	SMC053	Active control
GTGACGCGTAGGGAGG_SMC035	SMC035	Active control
GTGAGCAAGGCGTAAG_PO20	PO20	Control
GTGAGCCAGCAGGGAG_SMC052	SMC052	Control
GTGAGCCCACTTACAG_SMC038	SMC038	AD
GTGAGCCTCTGGGTCG_SMC035	SMC035	Active control
GTGAGCGGTAGTGTCT_PO11	PO11	AD
GTGAGGACATGTGTCA_SMC033	SMC033	Control
GTGAGGAGTCAAGCGA_SMC033	SMC033	Control
GTGAGGATCGCGATTA_PO28	PO28	AD
GTGAGGATCGGTGTAT_SMC053	SMC053	Active control
GTGAGGATCTTGGGCG_SMC053	SMC053	Active control
GTGAGTGAGCATTACG_PO42	PO42	AD
GTGAGTTTCATGAAAG_SMC030	SMC030	Control
GTGATGCTCAATCCAG_PO41	PO41	AD
GTGATGTAGAGCGACT_SMC041	SMC041	AD
GTGATGTCAAAGGCTG_SMC038	SMC038	AD
GTGATGTCAATCGCAT_SMC037	SMC037	Active control
GTGATGTCATTGTGCA_SMC049	SMC049	AD
GTGATGTGTCGTCAGC_SMC038	SMC038	AD
GTGATGTTCTGCTTTA_SMC041	SMC041	AD
GTGATTTAGCTACTTC_PO11	PO11	AD
GTGCACGGTACTTGTG_SMC049	SMC049	AD
GTGCACGTCCCGAACG_SMC049	SMC049	AD
GTGCACGTCCGTGGTG_SMC052	SMC052	Control
GTGCACGTCGGACGTC_SMC049	SMC049	AD
GTGCAGCCATTGACTG_SMC041	SMC041	AD
GTGCAGCTCGAAACAA_SMC037	SMC037	Active control
GTGCAGCTCGAACACT_SMC053	SMC053	Active control
GTGCGTGAGACGCAGT_SMC041	SMC041	AD
GTGCGTGCATCGTGGC_SMC041	SMC041	AD
GTGCTAATCGAACGAG_PO20	PO20	Control
GTGCTATGTATGTCCG_PO15	PO15	Control
GTGCTCAGTTGGTAAG_PO15	PO15	Control
GTGCTGGAGAAGTCTA_SMC041	SMC041	AD
GTGCTGGTCCGTGTCT_SMC033	SMC033	Control
GTGCTTCAGAACAGGA_SMC049	SMC049	AD
GTGGAAGAGATCACTC_SMC053	SMC053	Active control
GTGGAAGGTAGCACGA_SMC053	SMC053	Active control
GTGGAAGGTCTTCAAG_SMC041	SMC041	AD
GTGGAAGTCCTTCGAC_SMC053	SMC053	Active control
GTGGACAAGGAACCCT_PO28	PO28	AD
GTGGACAAGGTACTTG_PO23	PO23	Control
GTGGAGATCGCATTAG_SMC030	SMC030	Control
GTGGATTCATTACCTG_PO15	PO15	Control
GTGGCAGGTAGGTTAG_PO20	PO20	Control
GTGGCGTAGGTTGCCC_SMC032	SMC032	AD
GTGGCGTGTTTCACTT_SMC035	SMC035	Active control
GTGGCGTGTTTCGTAG_SMC052	SMC052	Control
GTGGCGTTCATCGCAA_SMC053	SMC053	Active control
GTGGGAACACTGAGTT_SMC049	SMC049	AD
GTGGGAAGTAAGGCTG_SMC039	SMC039	AD
GTGGGAAGTTAGAGTA_SMC053	SMC053	Active control
GTGGGTAAGCGGCATT_PO05	PO05	AD
GTGGGTTTCCGTCATT_PO15	PO15	Control
GTGGTCACAACCCTGT_PO28	PO28	AD
GTGGTTAAGACTCAAA_SMC053	SMC053	Active control
GTGGTTAAGGCAGCTA_SMC053	SMC053	Active control
GTGGTTACAACTCATG_SMC049	SMC049	AD
GTGGTTAGTATGAAAC_SMC049	SMC049	AD
GTGGTTATCTGCGATA_SMC049	SMC049	AD
GTGGTTGCAACATCCC_PO15	PO15	Control
GTGTAACCAGGGACTA_SMC052	SMC052	Control
GTGTAACCATCCAATG_SMC053	SMC053	Active control
GTGTAACGTAGACAGC_SMC033	SMC033	Control
GTGTAGTCAATGCCCT_PO15	PO15	Control
GTGTAGTCACTCATAT_PO41	PO41	AD
GTGTCAATCATGTGTG_PO11	PO11	AD
GTGTCCTAGCAGGCAT_SMC052	SMC052	Control
GTGTCCTAGCTGTTAC_SMC030	SMC030	Control
GTGTCCTCAACGTGGC_PO11	PO11	AD
GTGTCCTCACAGGCAC_PO23	PO23	Control
GTGTCCTCACGCAGTC_SMC037	SMC037	Active control
GTGTCCTCACTTGCAC_PO13	PO13	Control
GTGTCCTTCAATGTCG_SMC053	SMC053	Active control
GTGTCCTTCGGAATGG_SMC052	SMC052	Control
GTGTGATAGACCAAGC_SMC033	SMC033	Control
GTGTGATAGCGGCTCT_SMC049	SMC049	AD
GTGTGATCACCAAAGG_SMC038	SMC038	AD
GTGTGATGTATCGCAT_SMC041	SMC041	AD
GTGTGATGTCATCACA_SMC033	SMC033	Control
GTGTGATTCGAGAGAC_SMC052	SMC052	Control
GTGTGGCCAATCCTTT_SMC049	SMC049	AD
GTGTGGCCACAAATGA_SMC033	SMC033	Control
GTGTGGCTCCGTGTCT_SMC033	SMC033	Control
GTGTGGCTCCTAGCGG_SMC035	SMC035	Active control
GTGTGGCTCTGCTGAA_SMC053	SMC053	Active control
GTGTGGTTCCTCTCCT_PO11	PO11	AD
GTGTTAGCAGTCTACA_SMC037	SMC037	Active control
GTGTTAGTCGCTCTGC_PO41	PO41	AD
GTGTTAGTCGTTCGTT_PO20	PO20	Control
GTGTTATAGTAGGGCA_PO28	PO28	AD
GTGTTCCTCTAAGCCA_SMC053	SMC053	Active control
GTTAACTAGTCGCGCA_PO23	PO23	Control
GTTACAGAGTCTGCAT_SMC037	SMC037	Active control
GTTACAGCACACGGAA_SMC053	SMC053	Active control
GTTACAGCAGATCCTA_SMC053	SMC053	Active control
GTTACAGCATAAGCGG_SMC041	SMC041	AD
GTTACAGCATGTCAGT_SMC037	SMC037	Active control
GTTACAGTCCCGAATA_SMC033	SMC033	Control
GTTACCAAGATTCACG_PO11	PO11	AD
GTTACCCAGTATCTGC_SMC053	SMC053	Active control
GTTACGAAGCAATTCC_SMC052	SMC052	Control
GTTACGAAGGTGATAT_SMC049	SMC049	AD
GTTACGACACCGCTGA_SMC033	SMC033	Control
GTTACGACAGCTGCCA_SMC053	SMC053	Active control
GTTACGACAGCTGTGC_SMC033	SMC033	Control
GTTAGACCAGGCTACC_SMC037	SMC037	Active control
GTTAGACGTAACAAGT_SMC041	SMC041	AD
GTTAGACTCTGCTTTA_SMC032	SMC032	AD
GTTAGATTCCCAATGA_PO42	PO42	AD
GTTAGGCTCCTTCGCA_PO28	PO28	AD
GTTAGTGCAACGGCTC_SMC049	SMC049	AD
GTTAGTGCAATATCCG_SMC033	SMC033	Control
GTTAGTGTCTTCTGGC_SMC037	SMC037	Active control
GTTATCAGTTAATGGG_PO20	PO20	Control
GTTATCCTCGAAGTCC_PO42	PO42	AD
GTTATCTCAAATCGTA_PO28	PO28	AD
GTTATGGAGAGTCTGG_SMC037	SMC037	Active control
GTTATGGAGGAACGTC_SMC052	SMC052	Control
GTTATGGCAAGAGGCT_SMC052	SMC052	Control
GTTATGGGTACAGAGC_SMC032	SMC032	AD
GTTATGGTCATAGACT_PO13	PO13	Control
GTTCACTTCGTGATTG_PO11	PO11	AD
GTTCAGGCACCTCGAT_PO28	PO28	AD
GTTCAGGCATAGGGTT_PO42	PO42	AD
GTTCATTCACATGAAC_PO20	PO20	Control
GTTCATTGTTAAGACA_SMC053	SMC053	Active control
GTTCCACCAGGTTCCT_PO28	PO28	AD
GTTCCAGGTAGCTCAT_PO13	PO13	Control
GTTCCAGGTTAGGTAG_PO42	PO42	AD
GTTCCCGCAAGCCGGT_PO41	PO41	AD
GTTCGCTCAACGGCTC_SMC052	SMC052	Control
GTTCGCTCAAGTTCGT_SMC049	SMC049	AD
GTTCGCTCATATCGGT_SMC032	SMC032	AD
GTTCGCTGTTCCACGG_SMC035	SMC035	Active control
GTTCGCTTCAGACCGC_SMC041	SMC041	AD
GTTCGCTTCATTACTC_SMC037	SMC037	Active control
GTTCTATGTCCATACA_SMC039	SMC039	AD
GTTGAACGTTAAGCAA_SMC049	SMC049	AD
GTTGAACTCACTCACC_SMC033	SMC033	Control
GTTGAAGGTCTGGTTG_PO20	PO20	Control
GTTGCAATCTTGACAG_PO28	PO28	AD
GTTGCATGTCATCATA_PO20	PO20	Control
GTTGCATGTGGAGCTG_PO11	PO11	AD
GTTGCCCTCCAGCTCC_PO28	PO28	AD
GTTGCGGCAATACGAA_SMC049	SMC049	AD
GTTGCGGGTTGCCGAC_SMC053	SMC053	Active control
GTTGCGGTCACGGGCT_SMC033	SMC033	Control
GTTGCTCTCGTTGTAG_SMC052	SMC052	Control
GTTGGGTTCCTTCATA_PO20	PO20	Control
GTTGGTTGTTGCGACC_PO15	PO15	Control
GTTGTAGAGTTGAAAC_SMC049	SMC049	AD
GTTGTAGGTACTCGTA_SMC031	SMC031	Active control
GTTGTAGGTCTAGGCC_SMC035	SMC035	Active control
GTTGTAGGTTGGACTT_SMC037	SMC037	Active control
GTTGTAGGTTGTCCCT_SMC053	SMC053	Active control
GTTGTCCCAAGGCAAC_SMC033	SMC033	Control
GTTGTCCGTAGTAAGT_SMC030	SMC030	Control
GTTGTGAAGACGCCAA_SMC033	SMC033	Control
GTTTACTCAAGCTACT_SMC033	SMC033	Control
GTTTACTGTGTTCAGT_SMC049	SMC049	AD
GTTTACTTCATGGCCG_SMC039	SMC039	AD
GTTTACTTCCTATTGT_SMC036	SMC036	AD
GTTTGGACAAATAAGC_SMC038	SMC038	AD
GTTTGGAGTACATACC_SMC049	SMC049	AD
GTTTGGAGTTGCGGCT_SMC052	SMC052	Control
GTTTGGATCGAACGCC_SMC038	SMC038	AD
GTTTGGATCGGAACTT_SMC037	SMC037	Active control
TAAACGTTCGAAGGGC_PO20	PO20	Control
TAAATCGCAAACTAGC_PO05	PO05	AD
TAAATCGCATGCTCGT_PO28	PO28	AD
TAACACGCACAAGTGG_SMC052	SMC052	Control
TAACACGGTATACAGA_SMC035	SMC035	Active control
TAACACGGTTCTCGTC_SMC033	SMC033	Control
TAACACGTCACTCTTA_SMC035	SMC035	Active control
TAACAGCCACTTGCTA_PO05	PO05	AD
TAACCAACAACATGGT_PO20	PO20	Control
TAACCAACAACCTGCT_PO11	PO11	AD
TAACCAGGTCGTACAT_SMC052	SMC052	Control
TAACGACAGTCTGGTT_SMC052	SMC052	Control
TAACGACCAACAGCTT_SMC049	SMC049	AD
TAACGACTCACCCTGT_SMC037	SMC037	Active control
TAACGACTCTTCGGTC_SMC035	SMC035	Active control
TAACGATTCAGCACCG_PO28	PO28	AD
TAACTCCTCCTCTCGA_PO28	PO28	AD
TAACTGACAACATTGA_PO13	PO13	Control
TAACTGGTCCAGAGAG_PO28	PO28	AD
TAACTGGTCGAAGTCC_PO20	PO20	Control
TAACTTCCAGAGTAAT_SMC041	SMC041	AD
TAACTTCGTCAGGTGA_SMC039	SMC039	AD
TAACTTCGTGACCGAA_SMC033	SMC033	Control
TAACTTCGTGTTCCAA_SMC053	SMC053	Active control
TAACTTCTCCCATTCG_SMC053	SMC053	Active control
TAAGCAAAGATAGCCC_PO28	PO28	AD
TAAGCACAGAACGCGT_SMC037	SMC037	Active control
TAAGCACCAATTGGTC_SMC053	SMC053	Active control
TAAGCACGTGCCTTTC_SMC032	SMC032	AD
TAAGCACTCGGATAAA_SMC049	SMC049	AD
TAAGCACTCTGGGCAC_SMC033	SMC033	Control
TAAGCAGGTATGGTGA_PO11	PO11	AD
TAAGCCAAGTCGAGGT_SMC041	SMC041	AD
TAAGCCAGTCGTTTCC_SMC049	SMC049	AD
TAAGCCAGTGACGCCT_SMC052	SMC052	Control
TAAGCCAGTGGTAATA_SMC033	SMC033	Control
TAAGCCATCTAGAACC_SMC032	SMC032	AD
TAAGCGCTCAGCATTG_PO13	PO13	Control
TAAGCGGAGGAGGTAT_PO20	PO20	Control
TAAGCGTAGGCTATCT_SMC038	SMC038	AD
TAAGCGTGTTCAGTAC_SMC049	SMC049	AD
TAAGCGTTCAAGTGTC_SMC053	SMC053	Active control
TAAGCGTTCGTGAGAG_SMC053	SMC053	Active control
TAAGGATGTTGGGTAA_PO11	PO11	AD
TAAGGGTAGCTAGCGT_PO11	PO11	AD
TAAGTCACAAATCTAG_PO28	PO28	AD
TAAGTCCGTTCCGGTA_PO20	PO20	Control
TAAGTCGAGGCATCTT_SMC053	SMC053	Active control
TAAGTCGAGTCACACT_SMC030	SMC030	Control
TAAGTCGCAAATGCGG_SMC039	SMC039	AD
TAAGTCGCATGACTAC_SMC041	SMC041	AD
TAAGTCGTCCCTTGGT_SMC038	SMC038	AD
TAATAGCTCATCTGGA_PO11	PO11	AD
TAATAGCTCCCAGTAA_PO28	PO28	AD
TAATCAGCAAGTGATC_PO15	PO15	Control
TAATCAGCATTAGTTC_PO11	PO11	AD
TAATCTCAGGTGGTTG_SMC039	SMC039	AD
TAATCTCCACGACGTC_SMC033	SMC033	Control
TAATTCCCAAGGTTAC_PO05	PO05	AD
TAATTCCGTTCTCCAC_SMC052	SMC052	Control
TACAACGGTACAGTCT_SMC038	SMC038	AD
TACAACGGTATGCGTT_SMC053	SMC053	Active control
TACAACGGTGTGAATA_SMC033	SMC033	Control
TACACCCAGCCTCACG_SMC039	SMC039	AD
TACACCCTCTTCGTGC_SMC035	SMC035	Active control
TACACCTTCCTCTAAC_PO20	PO20	Control
TACACTAGTAATGGGC_PO28	PO28	AD
TACAGCCAGCCCTGGA_PO15	PO15	Control
TACAGCGCATTGCCAC_PO05	PO05	AD
TACAGGCTCCGCTGGA_PO28	PO28	AD
TACAGGTAGATCCGAG_SMC049	SMC049	AD
TACAGGTAGTCGGCCT_SMC033	SMC033	Control
TACAGTTAGCTAACCA_PO05	PO05	AD
TACATCAGTTATCGAC_PO13	PO13	Control
TACATCCTCATGGTGC_PO11	PO11	AD
TACATTCCAATGGCAG_SMC037	SMC037	Active control
TACATTCCAGGATCAT_PO28	PO28	AD
TACATTCCATCGGGAC_PO11	PO11	AD
TACATTCGTCTCCCTA_SMC041	SMC041	AD
TACATTCGTTGAGGAC_SMC049	SMC049	AD
TACATTCGTTGGGAAC_SMC032	SMC032	AD
TACCAAGTCACTCTCG_PO41	PO41	AD
TACCAATAGCGATCAC_PO41	PO41	AD
TACCAATAGGTTGGAG_PO15	PO15	Control
TACCACAAGCCAGCAT_PO28	PO28	AD
TACCACGGTTGCGGCT_PO41	PO41	AD
TACCAGGCACTATATC_PO28	PO28	AD
TACCATTCAATCTCAT_PO13	PO13	Control
TACCATTCATTCGTTG_PO05	PO05	AD
TACCCACGTCCTTAAG_SMC031	SMC031	Active control
TACCCACGTTATTCTC_SMC036	SMC036	AD
TACCCCATCCTGCGGA_PO41	PO41	AD
TACCCCTGTGAGACCG_PO42	PO42	AD
TACCCGCTCACTAGCA_PO41	PO41	AD
TACCCGCTCTATCGTC_PO20	PO20	Control
TACCCGTCAGCGTATT_SMC030	SMC030	Control
TACCCGTCAGTTCTAG_SMC043	SMC043	AD
TACCCGTGTGTTAACC_SMC037	SMC037	Active control
TACCCGTTCAAGGACG_SMC049	SMC049	AD
TACCCGTTCCGAGGCT_SMC053	SMC053	Active control
TACCCTTAGGTACTTG_PO42	PO42	AD
TACCGAAAGGTAGACC_SMC049	SMC049	AD
TACCGAACATCCCGTT_SMC053	SMC053	Active control
TACCGAAGTCGGCACT_SMC041	SMC041	AD
TACCGAATCCACCCTA_SMC039	SMC039	AD
TACCGAATCTCGTGGG_SMC049	SMC049	AD
TACCGGACAAGCGTGC_PO41	PO41	AD
TACCGGGAGCCGCTTG_SMC033	SMC033	Control
TACCGGGAGTGGTGAC_SMC038	SMC038	AD
TACCGGGCACGCAGTC_SMC041	SMC041	AD
TACCGTCCAGCTCACT_PO41	PO41	AD
TACCTCCGTGAGCCGA_PO20	PO20	Control
TACCTCGAGTAGAATC_SMC053	SMC053	Active control
TACCTCGCACAATTCG_SMC052	SMC052	Control
TACCTCGCAGAGGCAT_SMC049	SMC049	AD
TACCTCGCATCGGAGA_SMC031	SMC031	Active control
TACCTGCAGAGCGACT_SMC049	SMC049	AD
TACCTGCAGTTGAAGT_SMC041	SMC041	AD
TACCTGCTCGCGGTAC_SMC041	SMC041	AD
TACCTGTTCTCATCTA_PO20	PO20	Control
TACGATTAGTCAGTAT_PO15	PO15	Control
TACGCTCAGCGGTAAC_SMC053	SMC053	Active control
TACGCTCCATTCTCTA_SMC052	SMC052	Control
TACGCTCGTCTAGGTT_SMC053	SMC053	Active control
TACGGGCAGATTGACA_SMC052	SMC052	Control
TACGGGCGTCGGTAAG_SMC037	SMC037	Active control
TACGGGCTCAGTGGGA_SMC041	SMC041	AD
TACGGGCTCGGCCTTT_SMC030	SMC030	Control
TACGGTAAGCAGGTCA_SMC049	SMC049	AD
TACGGTAGTAACATGA_SMC049	SMC049	AD
TACGGTATCTTCTGGC_SMC037	SMC037	Active control
TACGTAGTCGATGGCT_PO15	PO15	Control
TACGTCAAGGTATCTG_PO41	PO41	AD
TACGTCCAGGTAAAGG_SMC053	SMC053	Active control
TACGTCCCAATTGGTC_SMC053	SMC053	Active control
TACGTCCCAGAGATGC_SMC053	SMC053	Active control
TACGTCCGTGTTGAGG_SMC038	SMC038	AD
TACGTCCTCACGGGAA_SMC052	SMC052	Control
TACGTCCTCGATTTCT_SMC049	SMC049	AD
TACGTCCTCGCCAGAC_SMC033	SMC033	Control
TACGTCCTCGTCGATA_SMC052	SMC052	Control
TACTACTCAAGTTCGG_PO28	PO28	AD
TACTACTCATTAGCAA_PO41	PO41	AD
TACTATGGTAGTAGGC_PO23	PO23	Control
TACTGATAGTCTAGCA_PO05	PO05	AD
TACTGCCAGTGCCTCG_SMC035	SMC035	Active control
TACTTACCATCGAGCC_SMC041	SMC041	AD
TACTTACGTCGCGTTG_SMC052	SMC052	Control
TACTTCAAGAGTACCG_SMC049	SMC049	AD
TACTTCAGTTGGGAAC_SMC049	SMC049	AD
TACTTCATCGAGGCAA_SMC031	SMC031	Active control
TACTTGTTCTGATGGT_SMC053	SMC053	Active control
TAGACCAAGATACAGT_SMC037	SMC037	Active control
TAGACCATCACCCTTG_SMC032	SMC032	AD
TAGACTGAGTCGCGAA_SMC052	SMC052	Control
TAGACTGCAGAGACTG_SMC037	SMC037	Active control
TAGACTGTCGCAGTGC_SMC052	SMC052	Control
TAGAGTCCAATTGAGA_SMC052	SMC052	Control
TAGAGTCGTAATGCGG_SMC038	SMC038	AD
TAGAGTCGTACTCGAT_SMC052	SMC052	Control
TAGATCGCAACTTGCA_SMC053	SMC053	Active control
TAGATCGCAAGGCTTT_SMC035	SMC035	Active control
TAGATCGCACTGTGAT_SMC037	SMC037	Active control
TAGATCGGTACAGCGA_SMC053	SMC053	Active control
TAGATCGGTGGCTACC_SMC033	SMC033	Control
TAGATCGTCTTACGTT_SMC038	SMC038	AD
TAGCAAGGTTAAGCTC_PO20	PO20	Control
TAGCACAAGGTCACAG_SMC049	SMC049	AD
TAGCACACATATGCGT_SMC038	SMC038	AD
TAGCACACATGGCCCA_SMC049	SMC049	AD
TAGCACGCAGGTAGCC_PO41	PO41	AD
TAGCCACAGCTAGTTG_PO28	PO28	AD
TAGCCACAGGATTAGA_PO28	PO28	AD
TAGCCCTCAAGTATCA_PO28	PO28	AD
TAGCCTGGTCAAGCGG_PO13	PO13	Control
TAGCGAAGTCTAACTA_PO05	PO05	AD
TAGCGGTTCCATTACC_PO41	PO41	AD
TAGGAGGAGCGACTGA_SMC049	SMC049	AD
TAGGAGGCAAGAGTTA_SMC037	SMC037	Active control
TAGGAGGCACTATCGA_SMC052	SMC052	Control
TAGGCAAGTTCGCCTT_PO20	PO20	Control
TAGGGTGAGGTGAACG_PO05	PO05	AD
TAGGGTTCACTTGTGA_SMC053	SMC053	Active control
TAGGGTTCAGTTCCAA_SMC041	SMC041	AD
TAGGTACAGCCACTCG_SMC033	SMC033	Control
TAGGTACAGGTGCTAG_SMC053	SMC053	Active control
TAGGTACCAAGATGGC_SMC053	SMC053	Active control
TAGGTACGTTTCGACA_SMC052	SMC052	Control
TAGGTACTCCGGTTCT_SMC033	SMC033	Control
TAGGTCATCAAGTATC_PO20	PO20	Control
TAGGTCATCGTTACAG_PO23	PO23	Control
TAGGTGAGTAGTAACG_PO42	PO42	AD
TAGGTTGAGTGTTCCA_SMC041	SMC041	AD
TAGGTTGCATTATGCG_SMC038	SMC038	AD
TAGGTTGTCCCTCTCC_SMC033	SMC033	Control
TAGTAGCCAGCCAGTA_PO28	PO28	AD
TAGTGAGGTGAAGGCT_PO11	PO11	AD
TAGTGCAAGACATATG_SMC052	SMC052	Control
TAGTGCAAGAGCACTG_SMC039	SMC039	AD
TAGTGCACACTGTCCT_SMC053	SMC053	Active control
TAGTGCATCAGCTACA_PO41	PO41	AD
TAGTGCATCCTGCCAT_SMC033	SMC033	Control
TAGTGCATCGTGCGAC_SMC049	SMC049	AD
TAGTTTGGTTAGCCGC_PO05	PO05	AD
TAGTTTGGTTATCCGG_PO20	PO20	Control
TATACCCTCGATCCGG_PO15	PO15	Control
TATACCTCACAATCTG_SMC049	SMC049	AD
TATACCTCACATTGCC_PO28	PO28	AD
TATACCTGTCCAATCA_SMC033	SMC033	Control
TATACCTGTCCTGGGT_SMC037	SMC037	Active control
TATACCTGTTAAGCAA_SMC037	SMC037	Active control
TATACTGGTCATCATA_PO42	PO42	AD
TATAGGCCAAGCGGAG_PO15	PO15	Control
TATAGGGGTGCAAGTA_PO28	PO28	AD
TATATCCAGCGCCCAT_SMC049	SMC049	AD
TATATCCTCTTGCGCT_SMC049	SMC049	AD
TATCAGGTCCCCAGGA_PO41	PO41	AD
TATCCAAGTTGCTCAG_PO20	PO20	Control
TATCCGGGTTGACCCA_PO13	PO13	Control
TATCCTAAGAGTGTTA_SMC041	SMC041	AD
TATCCTAAGCCAGAGT_SMC037	SMC037	Active control
TATCCTACACGGATCC_SMC053	SMC053	Active control
TATCCTACATAACAGA_SMC037	SMC037	Active control
TATCCTACATATGAAG_SMC041	SMC041	AD
TATCCTAGTAACGGTG_SMC030	SMC030	Control
TATCCTAGTCGCTCGA_SMC037	SMC037	Active control
TATCCTATCAAGCCGC_SMC033	SMC033	Control
TATCCTATCACGGAGA_SMC037	SMC037	Active control
TATCCTATCCCTATTA_SMC049	SMC049	AD
TATCGGGCATTCGGGA_PO28	PO28	AD
TATCGTAGTAATGCGA_PO28	PO28	AD
TATCGTAGTTCCCTGT_PO28	PO28	AD
TATCGTTCAACCGGAC_PO11	PO11	AD
TATCGTTCAACTAGGT_PO28	PO28	AD
TATCGTTCACTTCGCG_PO28	PO28	AD
TATCGTTCATTCGCTA_PO28	PO28	AD
TATCTGCTCAGCAGAG_PO20	PO20	Control
TATCTGTAGACCAAGC_SMC038	SMC038	AD
TATCTGTTCTGCCTGT_SMC053	SMC053	Active control
TATCTTGGTCCCGGTA_SMC037	SMC037	Active control
TATCTTGTCTGACCCT_SMC049	SMC049	AD
TATGTCAGTTACACAC_PO05	PO05	AD
TATGTTCCACAAGCTT_SMC037	SMC037	Active control
TATGTTCGTAGCTCGC_SMC037	SMC037	Active control
TATTCCACAGGTCAAG_SMC049	SMC049	AD
TATTCCAGTGGGCTCT_SMC037	SMC037	Active control
TATTCCATCCGCAACG_SMC032	SMC032	AD
TATTGCTAGGCATGCA_SMC041	SMC041	AD
TATTGGGCACGCGCAT_SMC039	SMC039	AD
TATTGGGGTATCGCAT_SMC041	SMC041	AD
TATTGGGTCGCATTAG_SMC038	SMC038	AD
TATTGGGTCTTGGAAC_SMC041	SMC041	AD
TATTTCGAGCAACCAG_SMC039	SMC039	AD
TATTTCGAGGGATCTG_SMC039	SMC039	AD
TATTTCGGTACTAACC_SMC041	SMC041	AD
TATTTCGTCACAAGAA_SMC037	SMC037	Active control
TCAACATAGGGTACGA_PO23	PO23	Control
TCAACCTTCGTTAAGT_PO05	PO05	AD
TCAAGACAGATGAAGG_SMC038	SMC038	AD
TCAAGCAAGACGACGT_SMC037	SMC037	Active control
TCAAGCAAGGTCATAA_SMC049	SMC049	AD
TCAAGCAAGTGAGTTA_SMC052	SMC052	Control
TCAAGCACAGGACAGT_SMC038	SMC038	AD
TCAAGTGTCGACACTA_SMC041	SMC041	AD
TCAAGTGTCGGTCTAA_SMC052	SMC052	Control
TCAATCTCATTGGCAT_SMC052	SMC052	Control
TCAATCTTCTTACTGT_SMC038	SMC038	AD
TCAATTCAGATGCGAC_SMC037	SMC037	Active control
TCAATTCTCAACGAGG_SMC053	SMC053	Active control
TCAATTCTCGAACACT_SMC052	SMC052	Control
TCACAAGAGCCTCAAT_SMC041	SMC041	AD
TCACAAGCACTGCGAC_SMC037	SMC037	Active control
TCACAAGCAGGCTTGC_SMC052	SMC052	Control
TCACAATAGGATGTAA_PO20	PO20	Control
TCACACAAGTCGCGTG_PO28	PO28	AD
TCACACCAGAGGGTGG_SMC053	SMC053	Active control
TCACACCAGCCGCTTG_SMC030	SMC030	Control
TCACACCCACTATCCA_PO20	PO20	Control
TCACACCGTCCCAAAT_SMC037	SMC037	Active control
TCACACCTCTGGGAGA_SMC041	SMC041	AD
TCACACGGTGAGACCG_PO13	PO13	Control
TCACACGGTTAGCGTT_PO41	PO41	AD
TCACAGGCAATTACGA_PO13	PO13	Control
TCACATGAGCCTCTAT_PO28	PO28	AD
TCACATGAGGAATGTA_PO20	PO20	Control
TCACATTAGGGAGATA_SMC035	SMC035	Active control
TCACATTCACCCATAA_SMC032	SMC032	AD
TCACATTCAGTAGTTC_SMC033	SMC033	Control
TCACCCTGTTCGCCTT_PO23	PO23	Control
TCACGAATCCGTAGGT_PO28	PO28	AD
TCACGACAGGTTCATG_PO28	PO28	AD
TCACGCCTCCCAGTCC_PO11	PO11	AD
TCACGGGGTTCGGTTA_SMC041	SMC041	AD
TCACGGGTCAACTGGT_SMC053	SMC053	Active control
TCACGGGTCACTGGGC_SMC035	SMC035	Active control
TCACTATCAGACGCTC_SMC033	SMC033	Control
TCACTATGTCCTACAA_SMC033	SMC033	Control
TCACTATTCAGCTGAT_SMC041	SMC041	AD
TCACTATTCCTTTGAT_SMC053	SMC053	Active control
TCACTCACAGGACTGC_PO15	PO15	Control
TCACTCGCAATGCAGG_SMC037	SMC037	Active control
TCACTCGTCAAGCCTA_SMC037	SMC037	Active control
TCACTTATCTATGAGT_PO41	PO41	AD
TCACTTGCATTCGGTC_PO20	PO20	Control
TCAGCAACAGCATACT_SMC033	SMC033	Control
TCAGCAAGTGCGTCGT_SMC053	SMC053	Active control
TCAGCAATCATTACGG_SMC049	SMC049	AD
TCAGCATGTGAGCAAC_PO05	PO05	AD
TCAGCCTAGCCTGTGC_SMC052	SMC052	Control
TCAGCCTAGCGCCGTT_SMC053	SMC053	Active control
TCAGCCTAGCTCCACG_SMC033	SMC033	Control
TCAGCCTTCACACCCT_SMC052	SMC052	Control
TCAGCGCGTAGCAGCG_PO28	PO28	AD
TCAGCTAAGAACGGTG_PO05	PO05	AD
TCAGCTGGTAGTGCCC_PO13	PO13	Control
TCAGGGCGTTGGGACA_SMC033	SMC033	Control
TCAGGTAAGGAAACGA_SMC038	SMC038	AD
TCAGGTAGTAATGCTC_SMC041	SMC041	AD
TCAGGTAGTGTATCCA_SMC053	SMC053	Active control
TCAGTAACACTAACTT_PO20	PO20	Control
TCAGTATAGCCCGTAG_PO13	PO13	Control
TCAGTCCAGCAGTCTT_SMC053	SMC053	Active control
TCAGTCCGTATGACAA_SMC037	SMC037	Active control
TCAGTCCTCCCTCGTA_SMC041	SMC041	AD
TCAGTGACATAATCGC_SMC053	SMC053	Active control
TCAGTTAGTAATGGCA_PO15	PO15	Control
TCAGTTTGTATAATGG_SMC052	SMC052	Control
TCAGTTTTCAAGCCAT_SMC049	SMC049	AD
TCATAACAGGTCGATC_PO20	PO20	Control
TCATAACAGTAGCGGA_PO11	PO11	AD
TCATACTAGGAGGCAG_SMC053	SMC053	Active control
TCATACTCATACAGGG_SMC049	SMC049	AD
TCATACTGTACTCGAT_SMC035	SMC035	Active control
TCATACTGTCTCCCTA_SMC029	SMC029	AD
TCATATCAGCCACCGT_SMC049	SMC049	AD
TCATATCCAAATAGCA_SMC039	SMC039	AD
TCATATCGTGCGTTTA_SMC032	SMC032	AD
TCATCAAGTTCCCGAA_PO20	PO20	Control
TCATCATAGAGGTATT_SMC053	SMC053	Active control
TCATCATAGCACCAGA_SMC053	SMC053	Active control
TCATCGCCACTAGCAG_PO11	PO11	AD
TCATCGTTCCAACCTT_PO11	PO11	AD
TCATGAGAGGAAAGAC_SMC039	SMC039	AD
TCATGAGGTCGTCGGT_SMC049	SMC049	AD
TCATGAGGTGTGTCCG_SMC049	SMC049	AD
TCATGAGTCCTTCTGG_SMC037	SMC037	Active control
TCATGCCAGCCGGATA_SMC039	SMC039	AD
TCATGCCAGTTGCGCC_SMC041	SMC041	AD
TCATGCCTCAAGGAGC_SMC038	SMC038	AD
TCATGCCTCTAGTGTG_SMC033	SMC033	Control
TCATGCTTCCAGCGTG_PO11	PO11	AD
TCATGGAAGGGATGTC_SMC039	SMC039	AD
TCATGGAGTCAGCGTC_SMC032	SMC032	AD
TCATGGATCCTTGATC_PO05	PO05	AD
TCATGTTCATGAATGC_PO41	PO41	AD
TCATGTTGTGAGACCA_SMC033	SMC033	Control
TCATGTTGTTCCACAA_SMC038	SMC038	AD
TCATGTTTCACAGAGG_SMC052	SMC052	Control
TCATTACAGCACTAGG_SMC035	SMC035	Active control
TCATTACAGTACGAGC_SMC049	SMC049	AD
TCATTACCAACACGAG_SMC041	SMC041	AD
TCATTACCAACCAATC_SMC041	SMC041	AD
TCATTACCATCGCTAA_SMC037	SMC037	Active control
TCATTACGTCCTCAGG_SMC041	SMC041	AD
TCATTACTCCTCTCGA_SMC033	SMC033	Control
TCATTCATCTGCGAGC_SMC039	SMC039	AD
TCATTGTTCCATGCAA_SMC049	SMC049	AD
TCATTGTTCGCCTATC_SMC035	SMC035	Active control
TCATTGTTCTGTGCGG_SMC035	SMC035	Active control
TCATTTGCATCGTCCT_SMC053	SMC053	Active control
TCATTTGGTCGCAGTC_SMC038	SMC038	AD
TCCACCACATCTATCT_SMC041	SMC041	AD
TCCACCAGTTAACCTG_SMC036	SMC036	AD
TCCACCATCACGATAC_SMC035	SMC035	Active control
TCCACGTAGGTCTGGA_SMC041	SMC041	AD
TCCACGTCATGTGACT_SMC052	SMC052	Control
TCCACGTTCGTGCACG_SMC041	SMC041	AD
TCCAGAAGTACAGGTG_SMC041	SMC041	AD
TCCAGAAGTATCAGGG_SMC049	SMC049	AD
TCCAGAAGTCGCTCGA_SMC036	SMC036	AD
TCCAGGTAGCAGTCTA_PO28	PO28	AD
TCCAGTTTCCGCGTCT_PO13	PO13	Control
TCCATAGAGCTAGGCT_PO20	PO20	Control
TCCATCACAAACTACA_PO28	PO28	AD
TCCATCACAAGCGACC_PO28	PO28	AD
TCCATCGAGATGAAGG_SMC052	SMC052	Control
TCCATCGAGGGCAACT_SMC033	SMC033	Control
TCCATCGCATGTGCTA_SMC033	SMC033	Control
TCCATGCCACAAATCC_SMC039	SMC039	AD
TCCATGCCAGCTGGTC_SMC049	SMC049	AD
TCCATGCTCCATACAG_SMC049	SMC049	AD
TCCATGCTCCGGACGT_SMC049	SMC049	AD
TCCATGCTCTGGTGGC_SMC035	SMC035	Active control
TCCATTATCGACTTAG_PO05	PO05	AD
TCCCAACCAAGCCAGC_PO28	PO28	AD
TCCCACACATCTTTCA_SMC037	SMC037	Active control
TCCCATGAGTCATAGA_SMC049	SMC049	AD
TCCCATGCAGAGAATT_SMC038	SMC038	AD
TCCCATGGTAACACCT_SMC052	SMC052	Control
TCCCATGGTTTGAACC_SMC052	SMC052	Control
TCCCCAGCAGGGACCT_PO20	PO20	Control
TCCCCTGGTTCACTCC_PO41	PO41	AD
TCCCTCAAGTCAAGTT_PO20	PO20	Control
TCCCTTAGTTCGTGCA_PO05	PO05	AD
TCCCTTAGTTGAGGTA_PO42	PO42	AD
TCCGAAAAGATGTTCC_SMC037	SMC037	Active control
TCCGAAACAATTAGGA_SMC052	SMC052	Control
TCCGAAAGTTGTCATG_SMC038	SMC038	AD
TCCGATCCAAGGCAAC_SMC053	SMC053	Active control
TCCGATCTCATAGAGA_SMC053	SMC053	Active control
TCCGATCTCGGTGTAT_SMC037	SMC037	Active control
TCCGGGACAACCGCTG_SMC049	SMC049	AD
TCCGGGACAACTTGGT_SMC041	SMC041	AD
TCCGTGTCACATTCGA_SMC038	SMC038	AD
TCCGTGTTCAGCTAGT_SMC052	SMC052	Control
TCCTAATCACTACCCT_SMC038	SMC038	AD
TCCTAATCATGTTCGA_SMC041	SMC041	AD
TCCTAATGTAATGCTC_SMC039	SMC039	AD
TCCTCCCCAACACAAA_SMC049	SMC049	AD
TCCTCCCCAAGCGGAT_SMC033	SMC033	Control
TCCTCCCTCCCATGGG_SMC053	SMC053	Active control
TCCTCCCTCGCGTGAC_SMC052	SMC052	Control
TCCTCCCTCTCGGGAC_SMC052	SMC052	Control
TCCTCCCTCTTGGGCG_SMC041	SMC041	AD
TCCTCGAAGGATATAC_SMC037	SMC037	Active control
TCCTCGATCGGCTCTT_SMC049	SMC049	AD
TCCTCGATCTCTCGCA_SMC037	SMC037	Active control
TCCTCTTAGGTGGTTG_SMC049	SMC049	AD
TCCTCTTAGTCACTGT_SMC033	SMC033	Control
TCCTCTTCAAACTGTA_PO20	PO20	Control
TCCTCTTCAACTTCCA_PO20	PO20	Control
TCCTCTTCAAGACGAC_SMC053	SMC053	Active control
TCCTCTTTCAACTTTC_SMC037	SMC037	Active control
TCCTGCAAGACTTCGT_SMC033	SMC033	Control
TCCTTAATCCGCACCT_PO15	PO15	Control
TCCTTATGTTTCCGAG_PO11	PO11	AD
TCCTTCTAGAGCATAT_SMC038	SMC038	AD
TCCTTCTAGCGCGTTC_SMC041	SMC041	AD
TCCTTCTCAAGCTCGA_PO11	PO11	AD
TCCTTTCAGGTCACTT_SMC033	SMC033	Control
TCCTTTCTCAGCTGAT_SMC041	SMC041	AD
TCGAACACATTGCTTT_SMC041	SMC041	AD
TCGAACAGTGAGTAGC_SMC053	SMC053	Active control
TCGAAGTTCGTTAGTG_SMC052	SMC052	Control
TCGACCTCAACGCATT_SMC035	SMC035	Active control
TCGACCTCATTCAACT_PO23	PO23	Control
TCGACCTGTCTATGAC_SMC033	SMC033	Control
TCGACCTGTGCGGATA_SMC041	SMC041	AD
TCGACGGAGAGTAACT_SMC052	SMC052	Control
TCGAGGTTCAGTACGC_PO11	PO11	AD
TCGATATAGCGATTGC_PO42	PO42	AD
TCGATTGAGCTTCCTG_PO28	PO28	AD
TCGATTTCAGGATGCC_PO11	PO11	AD
TCGATTTGTTGACTAC_SMC033	SMC033	Control
TCGATTTGTTGGGCCT_SMC035	SMC035	Active control
TCGCACTTCACGGAGA_SMC033	SMC033	Control
TCGCACTTCCCAGGAC_SMC029	SMC029	AD
TCGCACTTCGATTGAC_SMC037	SMC037	Active control
TCGCACTTCTGCTTTA_SMC033	SMC033	Control
TCGCAGGGTATAGGGC_SMC053	SMC053	Active control
TCGCATAAGCGAATGG_PO42	PO42	AD
TCGCATGGTGAGACAC_PO28	PO28	AD
TCGCCTATCGCATACA_PO42	PO42	AD
TCGCCTATCGTTACTC_PO11	PO11	AD
TCGCGCAAGTCTAGGC_PO05	PO05	AD
TCGCTAAAGTAAGCCC_PO28	PO28	AD
TCGCTAGGTGATTAGG_PO42	PO42	AD
TCGCTCAAGGGATCTG_SMC038	SMC038	AD
TCGCTCATCGCTGCGA_SMC049	SMC049	AD
TCGCTTACAATACCTT_PO20	PO20	Control
TCGCTTGAGCGTATGG_SMC033	SMC033	Control
TCGCTTGAGTTACGTC_SMC052	SMC052	Control
TCGCTTGCAAATTGGA_SMC033	SMC033	Control
TCGCTTGCAGAGAAAG_SMC038	SMC038	AD
TCGCTTGTCTACCACC_SMC049	SMC049	AD
TCGGATACACCGTGGT_SMC041	SMC041	AD
TCGGATACAGTATACC_SMC038	SMC038	AD
TCGGCTGAGGTCGAGA_PO05	PO05	AD
TCGGGACCAAGGTCAG_SMC039	SMC039	AD
TCGGGACCAGCTTCGG_SMC053	SMC053	Active control
TCGGGACTCGCTACAA_SMC037	SMC037	Active control
TCGGGCAAGTCACACT_SMC049	SMC049	AD
TCGGGTGAGGCCTAGA_SMC053	SMC053	Active control
TCGGGTGCAGTATACC_SMC035	SMC035	Active control
TCGGTATGTATTGCTA_PO41	PO41	AD
TCGGTCTAGAAGAACG_SMC041	SMC041	AD
TCGGTCTCAGGATCTT_SMC053	SMC053	Active control
TCGGTCTTCATGCCGG_SMC052	SMC052	Control
TCGTAATAGATTGCGC_PO05	PO05	AD
TCGTAATAGCCTGTGG_PO15	PO15	Control
TCGTACCCAATCGCCT_PO13	PO13	Control
TCGTACGGTTGCAATC_PO28	PO28	AD
TCGTAGAGTAGTAAGT_SMC041	SMC041	AD
TCGTCAAAGAACCTAT_PO13	PO13	Control
TCGTCAAAGTGGCTCG_PO13	PO13	Control
TCGTCACCACTACCGT_PO13	PO13	Control
TCGTCCAAGCTGGAGT_SMC033	SMC033	Control
TCGTCCAAGTCAATCC_SMC038	SMC038	AD
TCGTGCCTCCTTCAGT_PO41	PO41	AD
TCGTGCTAGCTGTGCC_SMC038	SMC038	AD
TCGTGCTAGGCTTAAA_SMC049	SMC049	AD
TCGTGCTAGTAGTCAA_SMC049	SMC049	AD
TCGTGCTTCACTACTT_SMC052	SMC052	Control
TCGTGGGAGAAGGCTC_SMC033	SMC033	Control
TCGTGTCCAAAGGGAC_PO11	PO11	AD
TCGTGTCCAGGCAGAG_PO05	PO05	AD
TCGTTCCGTTGACTCG_PO15	PO15	Control
TCGTTGAAGGCACGTT_PO41	PO41	AD
TCGTTTCAGGATGCCT_PO41	PO41	AD
TCGTTTCAGTTAGGTT_PO05	PO05	AD
TCGTTTGCATTAGTCT_PO28	PO28	AD
TCTAACTAGGTTTACC_SMC033	SMC033	Control
TCTAACTGTAACACGG_SMC035	SMC035	Active control
TCTACATTCATTCACT_SMC041	SMC041	AD
TCTACCGGTCGTCTCT_SMC037	SMC037	Active control
TCTACCGTCACCTCTG_SMC035	SMC035	Active control
TCTACCGTCGAACCTA_SMC041	SMC041	AD
TCTACCGTCGCTTTAT_SMC052	SMC052	Control
TCTACCGTCTTACGGA_SMC052	SMC052	Control
TCTACCGTCTTCTAAC_SMC041	SMC041	AD
TCTACGAAGCGACTAC_PO15	PO15	Control
TCTACTATCCATGCCC_PO11	PO11	AD
TCTACTATCGAAGCCT_PO20	PO20	Control
TCTACTATCGCTATGA_PO11	PO11	AD
TCTAGCGGTTACACGT_PO42	PO42	AD
TCTAGCTTCAGCGGAA_PO28	PO28	AD
TCTATACAGATACCAA_SMC039	SMC039	AD
TCTATACCATGTAACC_SMC033	SMC033	Control
TCTATACGTCGCACGT_SMC041	SMC041	AD
TCTATCAAGACCATTC_SMC037	SMC037	Active control
TCTATCAAGAGCATCG_SMC037	SMC037	Active control
TCTATCACAAGCGGAT_SMC053	SMC053	Active control
TCTATCAGTTAGGCTT_SMC041	SMC041	AD
TCTATCATCACCACAA_SMC033	SMC033	Control
TCTATGAGTTGAGCGG_PO15	PO15	Control
TCTATGGAGTAGCGGA_PO41	PO41	AD
TCTATTGTCGACCAAC_PO05	PO05	AD
TCTCACGAGGTAAGAG_SMC030	SMC030	Control
TCTCACGCACCTGCTT_SMC052	SMC052	Control
TCTCACGCATAACGGG_SMC041	SMC041	AD
TCTCACGGTATCTTCT_SMC033	SMC033	Control
TCTCACGTCAGGACGA_SMC049	SMC049	AD
TCTCACTAGTCGACGT_PO42	PO42	AD
TCTCAGCAGCCACAAG_SMC053	SMC053	Active control
TCTCAGCCAACGACAG_SMC037	SMC037	Active control
TCTCAGCCACGATAGG_SMC033	SMC033	Control
TCTCAGCCAGTCGGTC_SMC049	SMC049	AD
TCTCATCAGTTAGCAT_PO11	PO11	AD
TCTCATTGTTGTCTCC_PO11	PO11	AD
TCTCCATAGCCACTAA_PO20	PO20	Control
TCTCCGAAGAGGTTAT_SMC041	SMC041	AD
TCTCCGACACAGCCTG_SMC038	SMC038	AD
TCTCTAATCACTTGCT_PO42	PO42	AD
TCTCTGGAGTTGAATG_SMC053	SMC053	Active control
TCTCTGGTCGCAATGT_SMC049	SMC049	AD
TCTCTGGTCTACACTT_SMC052	SMC052	Control
TCTGCCACAGGTGGAT_SMC030	SMC030	Control
TCTGCCATCTCTGCCA_SMC039	SMC039	AD
TCTGCGGAGCGCGATT_PO28	PO28	AD
TCTGGCTGTCAGTCTA_SMC036	SMC036	AD
TCTGGCTTCGTGACTA_SMC041	SMC041	AD
TCTGGGCGTGAGCATA_PO23	PO23	Control
TCTGGGGTCGTGAGGA_PO41	PO41	AD
TCTGTAAGTGAGATAT_PO20	PO20	Control
TCTGTCCGTTTGGTGT_PO28	PO28	AD
TCTGTCGAGCTTACGT_SMC033	SMC033	Control
TCTGTCGAGTTAGTGA_SMC052	SMC052	Control
TCTGTCGCAGTAGTGG_SMC038	SMC038	AD
TCTGTCGCATAGTCAC_SMC036	SMC036	AD
TCTGTCGTCTTCGTAT_SMC032	SMC032	AD
TCTGTTGCAATCCCTA_PO23	PO23	Control
TCTTAGTAGCACACCC_SMC053	SMC053	Active control
TCTTCCTAGTAATCCC_SMC038	SMC038	AD
TCTTCCTCAACATACC_SMC053	SMC053	Active control
TCTTCCTGTGATTCTG_SMC035	SMC035	Active control
TCTTCCTTCTAGCCAA_SMC049	SMC049	AD
TCTTGCGAGGTGCATG_SMC038	SMC038	AD
TCTTTGAAGACCATTC_SMC030	SMC030	Control
TCTTTGACAAATAGCA_SMC033	SMC033	Control
TCTTTGATCCCATAGA_SMC049	SMC049	AD
TGAAATGAGCCTCTCA_PO11	PO11	AD
TGAAATGAGGCATGTC_PO41	PO41	AD
TGAACCTGTTAACCGT_PO05	PO05	AD
TGAACGTAGCCTGAAG_SMC037	SMC037	Active control
TGAACGTAGCTCCCTT_SMC037	SMC037	Active control
TGAACGTGTACATACC_SMC041	SMC041	AD
TGAACGTGTATAGGAT_SMC038	SMC038	AD
TGAACGTGTCGTTTCC_SMC052	SMC052	Control
TGAATCGCACGATAGG_SMC038	SMC038	AD
TGAATCGGTCACGTGC_SMC035	SMC035	Active control
TGAATCGTCGTCTCAC_SMC053	SMC053	Active control
TGAATGCAGGTACCTT_SMC053	SMC053	Active control
TGAATGCCACTTCTCG_SMC035	SMC035	Active control
TGAATGCCATCGTGGC_SMC049	SMC049	AD
TGAATGCTCGTCGATA_SMC052	SMC052	Control
TGACAGTTCCGCAAAT_SMC053	SMC053	Active control
TGACATTAGCGCTGAT_PO42	PO42	AD
TGACCCAGTCAATGCT_PO28	PO28	AD
TGACCCTAGGCGTCCT_SMC037	SMC037	Active control
TGACCCTAGTTGGCGA_SMC030	SMC030	Control
TGACCCTCATTACCTG_PO11	PO11	AD
TGACGAAGTCTAAGTC_PO20	PO20	Control
TGACGCGAGCAGCACA_SMC053	SMC053	Active control
TGACGCGGTAATGTGA_SMC038	SMC038	AD
TGACGCGGTGCGGCTT_SMC041	SMC041	AD
TGACGCGTCTCGGTCT_SMC033	SMC033	Control
TGACGGTTCGTCTCTG_PO11	PO11	AD
TGACGTTGTGCATCAT_PO28	PO28	AD
TGACTCCAGTCACTAC_SMC053	SMC053	Active control
TGACTCCGTAAGGAGA_SMC032	SMC032	AD
TGACTCCTCATTCGGA_SMC038	SMC038	AD
TGAGACTAGGTGGCTA_SMC041	SMC041	AD
TGAGACTCAAATTGGA_SMC041	SMC041	AD
TGAGACTGTGATTGGG_SMC035	SMC035	Active control
TGAGACTGTTGTCCCT_SMC053	SMC053	Active control
TGAGCAAGTCTGGTTG_PO20	PO20	Control
TGAGCATCACGACAGA_SMC049	SMC049	AD
TGAGCATGTAATACCC_SMC032	SMC032	AD
TGAGCATGTGCGGATA_SMC038	SMC038	AD
TGAGCATGTGTATCCA_SMC049	SMC049	AD
TGAGCATTCACAAGGG_SMC052	SMC052	Control
TGAGCATTCGGTAGAG_SMC033	SMC033	Control
TGAGCCACAACCTTGC_PO28	PO28	AD
TGAGCGCAGTCGCCAC_SMC053	SMC053	Active control
TGAGCGCTCGGATTAC_SMC053	SMC053	Active control
TGAGCTATCATGCGAC_PO13	PO13	Control
TGAGGAACATTAGGAC_PO28	PO28	AD
TGAGGAGGTGAGCCAA_SMC030	SMC030	Control
TGAGGCAAGTAACGAA_PO13	PO13	Control
TGAGGCGGTTCGATGT_PO42	PO42	AD
TGAGGGAAGTCATGGG_SMC035	SMC035	Active control
TGAGGGACACTAACGT_SMC052	SMC052	Control
TGAGGGATCTCGTTTA_SMC037	SMC037	Active control
TGAGGTAGTTGCGTAT_PO28	PO28	AD
TGAGGTTAGACTTCCA_SMC043	SMC043	AD
TGAGGTTTCGCTAAAC_SMC035	SMC035	Active control
TGAGTCACACAGCATT_SMC049	SMC049	AD
TGAGTCACAGTTTCAG_SMC037	SMC037	Active control
TGAGTCACATCCTGTC_SMC030	SMC030	Control
TGAGTCAGTCACTACA_SMC036	SMC036	AD
TGAGTCAGTGGCTGCT_SMC033	SMC033	Control
TGAGTCATCCCGAAAT_SMC037	SMC037	Active control
TGAGTCATCCTACGAA_SMC049	SMC049	AD
TGAGTCATCCTAGCGG_SMC041	SMC041	AD
TGAGTTGTCCAATGCA_PO28	PO28	AD
TGAGTTGTCGATGCGT_PO28	PO28	AD
TGATAGAAGTGAATCT_PO42	PO42	AD
TGATAGCCACTTGCAC_PO11	PO11	AD
TGATAGCCATCCCATA_PO20	PO20	Control
TGATCAGAGAAGTCTA_SMC035	SMC035	Active control
TGATCAGAGATGCTTC_SMC041	SMC041	AD
TGATCAGCACTTCATT_SMC052	SMC052	Control
TGATCAGGTATGACAA_SMC033	SMC033	Control
TGATCTTCAAGTTGGG_SMC033	SMC033	Control
TGATGAGGTTGAGCAA_PO15	PO15	Control
TGATGCACAAAGACTA_SMC033	SMC033	Control
TGATGCACAGGTGAGT_SMC038	SMC038	AD
TGATGCAGTGGCTACC_SMC052	SMC052	Control
TGATGCATCCGGGACT_SMC041	SMC041	AD
TGATGCCAGTCGACCG_PO20	PO20	Control
TGATGGCTCCTTCATA_PO13	PO13	Control
TGATGGTAGATGTTAG_SMC037	SMC037	Active control
TGATGGTAGTGGTGGT_SMC037	SMC037	Active control
TGATTCCTCCGTTAAG_PO11	PO11	AD
TGATTCTGTCCGGATC_SMC041	SMC041	AD
TGATTTCAGGCGACAT_SMC035	SMC035	Active control
TGATTTCTCTGGACTA_SMC035	SMC035	Active control
TGCAAATTCGATTCAG_PO28	PO28	AD
TGCACAATCGTCTACT_PO41	PO41	AD
TGCACCCTCATAGGTT_PO42	PO42	AD
TGCACCCTCGTTCGGG_PO15	PO15	Control
TGCACGGAGTACGTCT_SMC053	SMC053	Active control
TGCACGGGTCGTAATC_SMC049	SMC049	AD
TGCACGGTCAAGCCCG_SMC041	SMC041	AD
TGCAGATGTAACAGTA_SMC049	SMC049	AD
TGCAGATGTGGAAGTC_SMC053	SMC053	Active control
TGCAGATTCAGCTTCC_SMC035	SMC035	Active control
TGCAGATTCTAGTGAC_SMC033	SMC033	Control
TGCAGGCAGAGCTGAC_SMC049	SMC049	AD
TGCAGGCAGTGGAAGA_SMC053	SMC053	Active control
TGCAGGCCAACATTGA_PO28	PO28	AD
TGCAGGCCAAGTCCAT_SMC033	SMC033	Control
TGCAGTAAGCTAGAGC_SMC049	SMC049	AD
TGCAGTACATACTGTG_SMC053	SMC053	Active control
TGCATCCAGGTCACAG_SMC041	SMC041	AD
TGCATCCCAACTTGCA_SMC038	SMC038	AD
TGCATCCCAATCGAAA_SMC052	SMC052	Control
TGCATGAGTACAGGTG_SMC038	SMC038	AD
TGCATGAGTATCGAAA_SMC053	SMC053	Active control
TGCATGATCCTTACCG_SMC052	SMC052	Control
TGCATTTCACCTTGAC_PO28	PO28	AD
TGCCACCTCTGGCACG_PO11	PO11	AD
TGCCAGGTCCCGCATC_PO41	PO41	AD
TGCCAGTAGGTCATGC_PO42	PO42	AD
TGCCCAAGTTCCTGTC_PO41	PO41	AD
TGCCCGTTCAGGTCCG_PO28	PO28	AD
TGCCCTTGTAATCAGG_PO28	PO28	AD
TGCCCTTGTCTTGGGC_PO28	PO28	AD
TGCCGAGAGGTGCAGT_SMC053	SMC053	Active control
TGCCGAGTCCGGCTTT_SMC033	SMC033	Control
TGCCGCTTCTGTGGAC_PO28	PO28	AD
TGCCTGCTCAGGGACA_PO42	PO42	AD
TGCGAAAGTAATGCTC_PO28	PO28	AD
TGCGAAAGTAGTGACA_PO05	PO05	AD
TGCGACCGTATAGTGG_PO11	PO11	AD
TGCGACCGTCAGGGCA_PO42	PO42	AD
TGCGACGGTAGTAAGT_SMC049	SMC049	AD
TGCGACGGTGCGAGTA_SMC030	SMC030	Control
TGCGACGTCCATCTGC_SMC030	SMC030	Control
TGCGATACAATTCACG_SMC053	SMC053	Active control
TGCGATATCTTCGGTC_SMC041	SMC041	AD
TGCGGCAAGATTAGAC_SMC033	SMC033	Control
TGCGGCAGTGGCCCAT_SMC038	SMC038	AD
TGCGGCATCGGCTGGT_SMC041	SMC041	AD
TGCGGGTAGACTCTTG_SMC053	SMC053	Active control
TGCGGGTAGGCCACCT_SMC038	SMC038	AD
TGCGGGTCAAACCACG_PO15	PO15	Control
TGCGGGTCAAATCGTA_PO11	PO11	AD
TGCGGGTCAACTCATG_SMC041	SMC041	AD
TGCTAAGTCCAATGTG_PO28	PO28	AD
TGCTATAGTAACCGAA_PO20	PO20	Control
TGCTATAGTTCGGGCT_PO20	PO20	Control
TGCTCAAAGCTAGCGT_PO11	PO11	AD
TGCTCCAAGCGCTTCG_SMC041	SMC041	AD
TGCTCCACAGCTTCGG_SMC053	SMC053	Active control
TGCTCCATCAAGCCGC_SMC039	SMC039	AD
TGCTCGCTCCGTGGCA_PO28	PO28	AD
TGCTCGTAGTTGGAAT_SMC049	SMC049	AD
TGCTGAAGTACGATCT_SMC049	SMC049	AD
TGCTGAATCGGTGCAC_SMC053	SMC053	Active control
TGCTGTCCAGTTAATG_PO28	PO28	AD
TGCTTAAGTTTGGGAA_PO41	PO41	AD
TGCTTCGTCCAGCAAT_SMC038	SMC038	AD
TGCTTGCAGCCTCAGC_SMC053	SMC053	Active control
TGCTTGCAGGTTCACT_SMC053	SMC053	Active control
TGCTTGCGTCAGATTC_SMC038	SMC038	AD
TGCTTGCTCCTGTTAT_SMC037	SMC037	Active control
TGCTTGCTCGAGCACC_SMC038	SMC038	AD
TGCTTGCTCGCTTAAG_SMC052	SMC052	Control
TGGAACCTCGCGCCTT_PO05	PO05	AD
TGGAACCTCTTGATGG_PO20	PO20	Control
TGGAACTGTTATAGAG_SMC041	SMC041	AD
TGGAACTTCCATCAGA_SMC035	SMC035	Active control
TGGAACTTCCCAGGCA_SMC035	SMC035	Active control
TGGACGAAGAATCAAG_PO11	PO11	AD
TGGACGTTCTATCCGT_PO23	PO23	Control
TGGAGAGAGAAACTCA_SMC052	SMC052	Control
TGGAGAGAGATAACGT_SMC038	SMC038	AD
TGGAGAGTCATTATCC_SMC053	SMC053	Active control
TGGAGAGTCGGTGTAT_SMC030	SMC030	Control
TGGAGCAAGCGAACTC_PO28	PO28	AD
TGGAGCGGTCTCACGA_PO23	PO23	Control
TGGAGGAGTTGAAGTA_SMC038	SMC038	AD
TGGAGGATCGATCCAA_SMC049	SMC049	AD
TGGATAGGTGATGGGT_PO11	PO11	AD
TGGATCAGTGGATTTC_SMC041	SMC041	AD
TGGATCAGTGTATCCA_SMC049	SMC049	AD
TGGATGCTCGATGTAT_PO20	PO20	Control
TGGATGTAGCCACCGT_SMC033	SMC033	Control
TGGATGTAGGTTCTAC_SMC049	SMC049	AD
TGGATGTCAGAGTGAC_SMC033	SMC033	Control
TGGATGTGTAAGATTG_SMC041	SMC041	AD
TGGATGTGTAGGCAGT_SMC049	SMC049	AD
TGGATGTGTTCGAAGG_SMC038	SMC038	AD
TGGATGTGTTGGGAAC_SMC052	SMC052	Control
TGGATTGTCCGTGCTC_PO20	PO20	Control
TGGCATATCAGCTCAA_PO42	PO42	AD
TGGCATGCAACTGCGA_PO23	PO23	Control
TGGCATGCACCTCAAC_PO28	PO28	AD
TGGCGTGAGGACTAAT_SMC053	SMC053	Active control
TGGCGTGCAGATCCAT_SMC049	SMC049	AD
TGGCTAATCTGGCTCC_PO28	PO28	AD
TGGCTATGTTAAGCGA_PO20	PO20	Control
TGGCTGACATAACTGA_PO28	PO28	AD
TGGGAAGGTATGCTAC_SMC049	SMC049	AD
TGGGAGAAGGCAGCTA_SMC033	SMC033	Control
TGGGAGACAGGAATAT_SMC038	SMC038	AD
TGGGAGAGTATCAAGA_SMC041	SMC041	AD
TGGGAGATCCAGCCTT_SMC041	SMC041	AD
TGGGAGATCCCTCTAG_SMC038	SMC038	AD
TGGGATTAGCAAGTGC_SMC033	SMC033	Control
TGGGATTAGCTCCACG_SMC035	SMC035	Active control
TGGGATTCAATCAGAC_PO05	PO05	AD
TGGGATTGTAAGGCTG_SMC052	SMC052	Control
TGGGATTTCGTAGCCG_SMC049	SMC049	AD
TGGGATTTCTGCTGAA_SMC052	SMC052	Control
TGGGCAAAGTACGCAC_PO13	PO13	Control
TGGGCGTTCGCATGAT_SMC039	SMC039	AD
TGGGCTGGTCTGTGTA_SMC049	SMC049	AD
TGGGTCACAACCCTTA_PO41	PO41	AD
TGGGTGAAGCGAACGA_PO23	PO23	Control
TGGGTTAAGGAGTACC_SMC039	SMC039	AD
TGGGTTAAGTACTCGT_SMC038	SMC038	AD
TGGGTTACAACGACAG_SMC052	SMC052	Control
TGGGTTAGTGTTACTG_SMC053	SMC053	Active control
TGGGTTATCGAGGTCT_PO28	PO28	AD
TGGGTTGCATTACCAT_PO20	PO20	Control
TGGTACAAGTACCGGA_SMC053	SMC053	Active control
TGGTACACAGTATTCG_SMC035	SMC035	Active control
TGGTACATCAAGAGGC_SMC049	SMC049	AD
TGGTAGTGTGTCCACG_SMC053	SMC053	Active control
TGGTAGTTCCAAAGGG_SMC038	SMC038	AD
TGGTAGTTCGCTTGCT_SMC049	SMC049	AD
TGGTCACAGGAACCCT_PO13	PO13	Control
TGGTCCCTCACTCTCG_PO15	PO15	Control
TGGTCTAAGCCAACCG_PO11	PO11	AD
TGGTGATCACAACGTT_SMC041	SMC041	AD
TGGTGATCATGACCCG_SMC033	SMC033	Control
TGGTGTTGTTAAGCAG_PO20	PO20	Control
TGGTGTTGTTCGCCTT_PO20	PO20	Control
TGGTGTTGTTTGGATC_PO15	PO15	Control
TGGTTAACAGGGCAAG_PO13	PO13	Control
TGGTTACGTCCATCTC_PO23	PO23	Control
TGGTTAGAGCCGCACT_SMC049	SMC049	AD
TGGTTAGCAAGCTACT_SMC053	SMC053	Active control
TGGTTAGGTGAGTTTC_SMC033	SMC033	Control
TGGTTAGGTGGTATGG_SMC035	SMC035	Active control
TGTAACGCAGCCCACA_SMC049	SMC049	AD
TGTAACGTCGTGTCAA_SMC049	SMC049	AD
TGTAAGCCAATGAAAC_SMC033	SMC033	Control
TGTAAGCTCATTCATC_SMC052	SMC052	Control
TGTAAGGGTTCGTAAC_PO28	PO28	AD
TGTAATGCATCGGTCT_PO15	PO15	Control
TGTACAGGTCCACTCT_SMC037	SMC037	Active control
TGTACAGTCATCAGTG_SMC052	SMC052	Control
TGTACCCCATTACACT_PO42	PO42	AD
TGTACTGAGCCTCTAT_PO13	PO13	Control
TGTAGACCATTATGCG_SMC043	SMC043	AD
TGTAGACGTGGTACAG_SMC037	SMC037	Active control
TGTAGACTCGGAGTGA_SMC030	SMC030	Control
TGTAGCCAGTTAACCG_PO15	PO15	Control
TGTAGGTCAATGACGT_PO05	PO05	AD
TGTAGTTAGCCGATTA_PO20	PO20	Control
TGTATCAGTTAGTGGA_PO15	PO15	Control
TGTATGGTCGATAGGG_PO28	PO28	AD
TGTATGGTCGATCGCG_PO15	PO15	Control
TGTCACTTCCCGTACC_PO20	PO20	Control
TGTCAGAAGAGCAGCT_SMC030	SMC030	Control
TGTCAGAAGTGTGTTC_SMC049	SMC049	AD
TGTCAGACACGTCATA_SMC032	SMC032	AD
TGTCAGAGTACCCGAC_SMC032	SMC032	AD
TGTCAGGCAATCCCGT_PO28	PO28	AD
TGTCCAAAGATTAGGA_PO11	PO11	AD
TGTCCAAAGCCCTTGC_PO11	PO11	AD
TGTCCACAGGGTTTCT_SMC032	SMC032	AD
TGTCCACCATTAAGCA_PO41	PO41	AD
TGTCCACGTAGCGATG_SMC049	SMC049	AD
TGTCCACGTCTTGCTC_SMC041	SMC041	AD
TGTCCCAAGACGGTTG_SMC049	SMC049	AD
TGTCCCAGTGCCGTAC_SMC053	SMC053	Active control
TGTCCCATCCAACACA_SMC049	SMC049	AD
TGTCCGCTCACTTGGA_PO11	PO11	AD
TGTCCTGAGTATCCTG_SMC037	SMC037	Active control
TGTCCTGCACCCAACG_SMC041	SMC041	AD
TGTCCTGGTAGCTTGT_SMC035	SMC035	Active control
TGTCGTTTCACGGCTG_PO41	PO41	AD
TGTGAGTAGACTACGG_SMC030	SMC030	Control
TGTGAGTCACAAAGCG_SMC037	SMC037	Active control
TGTGATGGTTTGAACC_SMC037	SMC037	Active control
TGTGATGTCTCTTGCG_SMC049	SMC049	AD
TGTGCCAGTGAGGTGT_PO11	PO11	AD
TGTGCCCTCGACCAGT_PO42	PO42	AD
TGTGCCTCAACGTGGC_PO42	PO42	AD
TGTGCTGGTGGAAGGA_PO11	PO11	AD
TGTGCTGGTTTACTTC_PO23	PO23	Control
TGTGGCGGTTAAGACA_SMC038	SMC038	AD
TGTGGCGTCACAAGGG_SMC053	SMC053	Active control
TGTGGCGTCGTTGTGA_SMC052	SMC052	Control
TGTGGCGTCTGGAAGG_SMC053	SMC053	Active control
TGTGGTCAGAACCTAT_PO23	PO23	Control
TGTGGTCAGTAGACTT_PO15	PO15	Control
TGTGTACGTTTCGAGT_PO41	PO41	AD
TGTGTGAAGCTCCGAC_SMC053	SMC053	Active control
TGTGTGACACAGTGTT_SMC052	SMC052	Control
TGTTACTGTGCCTTTC_SMC033	SMC033	Control
TGTTCATCACATGTTG_SMC033	SMC033	Control
TGTTCATTCATGGCCG_SMC052	SMC052	Control
TGTTCATTCTATCGTT_SMC036	SMC036	AD
TGTTCCGTCCTACCAC_SMC049	SMC049	AD
TGTTCCGTCCTGGGTG_SMC033	SMC033	Control
TGTTCTACAAGTACCT_SMC053	SMC053	Active control
TGTTCTACATTGAGCT_SMC038	SMC038	AD
TGTTCTAGTCTCACGG_SMC049	SMC049	AD
TGTTCTAGTTCCTACC_SMC049	SMC049	AD
TGTTCTATCAGTCAGT_SMC049	SMC049	AD
TGTTGAGAGGGCAGAG_SMC037	SMC037	Active control
TGTTGGAAGGCTAACG_SMC033	SMC033	Control
TGTTTGTAGGTCATCT_SMC049	SMC049	AD
TGTTTGTGTTAAACCC_SMC030	SMC030	Control
TTAATCCAGTGGAAGA_SMC037	SMC037	Active control
TTAATCCAGTTACTCG_SMC049	SMC049	AD
TTAATCCCAGACATCT_SMC049	SMC049	AD
TTAATCCGTCCCTAAA_SMC049	SMC049	AD
TTAATCCTCGCATTAG_SMC053	SMC053	Active control
TTACAGGAGCAACTCT_SMC041	SMC041	AD
TTACCATAGGACAACC_SMC049	SMC049	AD
TTACCATGTGAATATG_SMC049	SMC049	AD
TTACCGCGTAGGTCAG_SMC036	SMC036	AD
TTACCGCGTCAAACGG_SMC041	SMC041	AD
TTACCGCGTGACAGGT_SMC039	SMC039	AD
TTACCGCGTTGAGAGC_SMC033	SMC033	Control
TTACCGCTCGGACTGC_SMC049	SMC049	AD
TTACGCCCACTCTCGT_SMC037	SMC037	Active control
TTACGTTAGGTCTGGA_SMC041	SMC041	AD
TTACGTTAGTGTTGTC_SMC041	SMC041	AD
TTACGTTCAATTGCGT_SMC037	SMC037	Active control
TTACTGTAGTGATTCC_SMC052	SMC052	Control
TTACTGTAGTTGTAGA_SMC033	SMC033	Control
TTACTGTAGTTTCTTC_SMC053	SMC053	Active control
TTACTGTCAACGATTC_SMC033	SMC033	Control
TTACTGTCAATTCGTG_SMC052	SMC052	Control
TTAGGGTTCCGATGTA_SMC049	SMC049	AD
TTAGTCTAGGTCGAGT_SMC033	SMC033	Control
TTATTGCCACTCAAGT_SMC033	SMC033	Control
TTATTGCGTTGAGGAC_SMC037	SMC037	Active control
TTATTGCTCCTAACAG_SMC049	SMC049	AD
TTCAATCTCATTACCT_SMC049	SMC049	AD
TTCAATCTCTACCAGA_SMC049	SMC049	AD
TTCAATCTCTCGAGTA_SMC037	SMC037	Active control
TTCACCGTCACGGAGA_SMC041	SMC041	AD
TTCACCGTCATCTACT_SMC039	SMC039	AD
TTCACCGTCCCAGTGG_SMC052	SMC052	Control
TTCACCGTCCGCTAGG_SMC049	SMC049	AD
TTCACCGTCTCTGACC_SMC049	SMC049	AD
TTCACGCAGTAACGAT_SMC052	SMC052	Control
TTCACGCCAGTGTGCC_SMC053	SMC053	Active control
TTCACGCCATTGAGGG_SMC049	SMC049	AD
TTCACGCGTGTTAAAG_SMC036	SMC036	AD
TTCACGCGTTCCGCTT_SMC052	SMC052	Control
TTCACGCGTTGGGATG_SMC037	SMC037	Active control
TTCACGCTCTCTTAAC_SMC037	SMC037	Active control
TTCAGGACAGTTCCAA_SMC053	SMC053	Active control
TTCAGGAGTTCCGCGA_SMC053	SMC053	Active control
TTCATGTAGGAACGCT_SMC033	SMC033	Control
TTCATGTGTCTGTCAA_SMC041	SMC041	AD
TTCATGTGTTTCGGCG_SMC038	SMC038	AD
TTCATTGAGCATGAAT_SMC038	SMC038	AD
TTCATTGCATAGAGGC_SMC053	SMC053	Active control
TTCATTGGTAGGACTG_SMC053	SMC053	Active control
TTCCAATAGCGTGAAC_SMC033	SMC033	Control
TTCCAATCATTGCTTT_SMC038	SMC038	AD
TTCCAATGTACGTGAG_SMC033	SMC033	Control
TTCCAATTCTATCCAT_SMC052	SMC052	Control
TTCCACGGTGACAGCA_SMC038	SMC038	AD
TTCCACGTCCTACTGC_SMC037	SMC037	Active control
TTCCGGTGTAACCAGG_SMC049	SMC049	AD
TTCCGGTGTGCTGTCG_SMC038	SMC038	AD
TTCCGGTTCCATACAG_SMC033	SMC033	Control
TTCCGTGGTCACTACA_SMC033	SMC033	Control
TTCCGTGGTCTTAGTG_SMC053	SMC053	Active control
TTCCTCTCACAATTCG_SMC049	SMC049	AD
TTCCTCTGTACCAATC_SMC038	SMC038	AD
TTCCTCTGTATCGTGT_SMC041	SMC041	AD
TTCCTCTGTGCATTTG_SMC039	SMC039	AD
TTCCTCTTCGCCGTGA_SMC052	SMC052	Control
TTCCTTCAGATCGCCC_SMC038	SMC038	AD
TTCCTTCAGCATTGAA_SMC053	SMC053	Active control
TTCCTTCCATGAATCC_SMC038	SMC038	AD
TTCGATTAGACCGCCT_SMC041	SMC041	AD
TTCGATTCACAATCTG_SMC035	SMC035	Active control
TTCGATTCATGGCTGC_SMC037	SMC037	Active control
TTCGATTGTTGCATGT_SMC038	SMC038	AD
TTCGCTGCAAGAGGCT_SMC053	SMC053	Active control
TTCGCTGGTTTACCAG_SMC052	SMC052	Control
TTCGGTCAGAGGTCGT_SMC035	SMC035	Active control
TTCTAACCAACGGCCT_SMC033	SMC033	Control
TTCTAACTCCATCTAT_SMC049	SMC049	AD
TTCTAACTCGAAGGAC_SMC035	SMC035	Active control
TTCTAGTCAGTTACCA_SMC052	SMC052	Control
TTCTAGTGTATGAGGC_SMC041	SMC041	AD
TTCTAGTGTCCAAAGG_SMC041	SMC041	AD
TTCTCTCAGCGACAGT_SMC053	SMC053	Active control
TTCTCTCCATTAGGCT_SMC041	SMC041	AD
TTCTCTCGTACAGTCT_SMC049	SMC049	AD
TTCTCTCGTCCCAAAT_SMC052	SMC052	Control
TTCTCTCGTGAATTAG_SMC037	SMC037	Active control
TTCTGTAGTGAATATG_SMC033	SMC033	Control
TTCTTCCAGGGTCTTT_SMC049	SMC049	AD
TTCTTCCAGTGGCGAT_SMC049	SMC049	AD
TTCTTCCTCAATCTTC_SMC052	SMC052	Control
TTCTTCCTCGCTAATG_SMC053	SMC053	Active control
TTCTTGACACATTCTT_SMC053	SMC053	Active control
TTCTTGAGTCAAGTTC_SMC030	SMC030	Control
TTCTTGATCCTGGGTG_SMC033	SMC033	Control
TTGAACGCATGTACGT_SMC037	SMC037	Active control
TTGAACGGTCGCACAC_SMC049	SMC049	AD
TTGAACGGTGATTGGG_SMC038	SMC038	AD
TTGACCCCAACACGAG_SMC053	SMC053	Active control
TTGACCCCAGACATCT_SMC041	SMC041	AD
TTGACCCGTGCTATTG_SMC049	SMC049	AD
TTGACCCGTTGGGCCT_SMC031	SMC031	Active control
TTGAGTGAGTCGCCAC_SMC041	SMC041	AD
TTGATGGAGCCGCTTG_SMC049	SMC049	AD
TTGCATTAGTGACCTT_SMC052	SMC052	Control
TTGCATTCACCATATG_SMC049	SMC049	AD
TTGCCTGAGTCTCCTC_SMC049	SMC049	AD
TTGCCTGCATGAATAG_SMC052	SMC052	Control
TTGCGTCCATGATGCT_SMC041	SMC041	AD
TTGCTGCAGGCTGTAG_SMC053	SMC053	Active control
TTGCTGCAGTCCGCGT_SMC035	SMC035	Active control
TTGCTGCCACACACTA_SMC052	SMC052	Control
TTGCTGCTCGACGCTG_SMC053	SMC053	Active control
TTGGATGGTTTCGACA_SMC053	SMC053	Active control
TTGGGATAGTAACAGT_SMC053	SMC053	Active control
TTGGGATCAGGCGAAT_SMC035	SMC035	Active control
TTGGGATGTCTCGGGT_SMC030	SMC030	Control
TTGGGATTCAAGTGTC_SMC049	SMC049	AD
TTGGGCGCAATTGAAG_SMC049	SMC049	AD
TTGGGCGCATATTCGG_SMC041	SMC041	AD
TTGGGCGTCCTTCTAA_SMC037	SMC037	Active control
TTGGGCGTCTTAGTTC_SMC037	SMC037	Active control
TTGGGTAGTAAGACCG_SMC049	SMC049	AD
TTGGGTAGTACTTCCC_SMC033	SMC033	Control
TTGGGTAGTCATCCGG_SMC053	SMC053	Active control
TTGGGTATCGATGGAG_SMC052	SMC052	Control
TTGGTTTAGGCCACTC_SMC049	SMC049	AD
TTGGTTTCAACAAAGT_SMC037	SMC037	Active control
TTGGTTTCATGAAGGC_SMC032	SMC032	AD
TTGGTTTGTGAGTTGG_SMC053	SMC053	Active control
TTGGTTTTCGCTCTCA_SMC037	SMC037	Active control
TTGTGGACAAGGAGTC_SMC039	SMC039	AD
TTGTGGACATCTTTCA_SMC037	SMC037	Active control
TTGTGGAGTCGATTAC_SMC037	SMC037	Active control
TTGTTCAAGGTGTGAC_SMC053	SMC053	Active control
TTGTTCAGTGCAGGAT_SMC041	SMC041	AD
TTGTTGTAGAGAATCT_SMC031	SMC031	Active control
TTGTTGTCACGCTATA_SMC053	SMC053	Active control
TTGTTGTGTCTCTCCA_SMC033	SMC033	Control
TTGTTGTGTTACGATC_SMC052	SMC052	Control
TTGTTGTTCGGACTTA_SMC049	SMC049	AD
TTGTTTGCATAACCCA_SMC036	SMC036	AD
TTGTTTGGTCTTTATC_SMC052	SMC052	Control
TTGTTTGTCTGCGTCT_SMC041	SMC041	AD
TTTACCACATGTACGT_SMC041	SMC041	AD
TTTACCAGTTCTTAGG_SMC041	SMC041	AD
TTTACCATCATCGCTC_SMC052	SMC052	Control
TTTACCATCTTTCTAG_SMC053	SMC053	Active control
TTTACGTCACTTGGCG_SMC049	SMC049	AD
TTTACTGAGTGCCTCG_SMC038	SMC038	AD
TTTACTGCAGTCGGAA_SMC052	SMC052	Control
TTTACTGTCGCAGTGC_SMC049	SMC049	AD
TTTAGTCAGACAAGCC_SMC052	SMC052	Control
TTTAGTCAGGTCATCT_SMC038	SMC038	AD
TTTAGTCAGTGCAACG_SMC037	SMC037	Active control
TTTAGTCCATCATTGG_SMC035	SMC035	Active control
TTTAGTCGTACGTGAG_SMC041	SMC041	AD
TTTAGTCGTAGACAAT_SMC035	SMC035	Active control
TTTAGTCTCCATCACC_SMC035	SMC035	Active control
TTTAGTCTCGCCTTGT_SMC041	SMC041	AD
TTTATGCAGCCGGAAT_SMC038	SMC038	AD
TTTATGCAGTGAACAT_SMC035	SMC035	Active control
TTTATGCGTAGGCTCC_SMC052	SMC052	Control
TTTATGCGTGATGTAA_SMC037	SMC037	Active control
TTTATGCGTTTCGATG_SMC053	SMC053	Active control
TTTATGCTCATTGTTC_SMC039	SMC039	AD
TTTATGCTCCTGGCTT_SMC049	SMC049	AD
TTTCACAGTATACAGA_SMC052	SMC052	Control
TTTCACATCGTAACAC_SMC038	SMC038	AD
TTTCAGTCATGCAGCC_SMC049	SMC049	AD
TTTCAGTTCTACGCGG_SMC052	SMC052	Control
TTTCATGGTTTCCAAG_SMC033	SMC033	Control
TTTCATGGTTTGCAGT_SMC035	SMC035	Active control
TTTCCTCGTCTTGAAC_SMC041	SMC041	AD
TTTCCTCTCCTTATGT_SMC037	SMC037	Active control
TTTCGATAGAACTGAT_SMC053	SMC053	Active control
TTTCGATCAATCGCGC_SMC052	SMC052	Control
TTTCGATCACCAATTG_SMC041	SMC041	AD
TTTCGATGTTCGGTAT_SMC033	SMC033	Control
TTTGACTAGAATCCCT_SMC049	SMC049	AD
TTTGACTAGCCGGATA_SMC049	SMC049	AD
TTTGACTGTCGGAAAC_SMC049	SMC049	AD
TTTGACTTCACAGAGG_SMC032	SMC032	AD
TTTGACTTCATGAGGG_SMC038	SMC038	AD
TTTGATCCAAATACAG_SMC038	SMC038	AD
TTTGATCCAGACCATT_SMC033	SMC033	Control
TTTGATCGTACTGGGA_SMC037	SMC037	Active control
TTTGATCTCGCTTGAA_SMC049	SMC049	AD
TTTGGTTAGACTGAGC_SMC037	SMC037	Active control
TTTGGTTGTGGATGAC_SMC052	SMC052	Control
TTTGTTGCAGGTCAGA_SMC035	SMC035	Active control
TTTGTTGTCGTTATCT_SMC038	SMC038	AD
