barcode	sample	condition
AAACCAAAGGCTCCAG_PO28	PO28	AD
AAACCATTCTAGTTCC_PO20	PO20	Control
AAACCCAAGCTTACGT_SMC049	SMC049	AD
AAACCCAAGGTGCCAA_SMC035	SMC035	Active control
AAACCCACAAAGAGTT_SMC053	SMC053	Active control
AAACCCATCTTCGATT_SMC053	SMC053	Active control
AAACCGCTCGCTCCAC_PO20	PO20	Control
AAACGAACAGCGGTCT_SMC052	SMC052	Control
AAACGAAGTACGACAG_SMC053	SMC053	Active control
AAACGAATCCTTCACG_SMC053	SMC053	Active control
AAACGAATCGAATCAT_PO42	PO42	AD
AAACGAATCGGTCACG_SMC033	SMC033	Control
AAACGCTAGGCCTGAA_SMC039	SMC039	AD
AAACGCTGTGATTGGG_SMC033	SMC033	Control
AAACGCTTCATCGCCT_SMC049	SMC049	AD
AAACGGGTCATACTCC_PO13	PO13	Control
AAACGTCCAAACCAGT_PO05	PO05	AD
AAACGTCCATGATTGA_PO20	PO20	Control
AAAGCATGTGAGTGAC_PO15	PO15	Control
AAAGCCTCATTAGCAA_PO28	PO28	AD
AAAGCTGGTAAGTCGA_PO41	PO41	AD
AAAGCTGGTCATGCTG_PO23	PO23	Control
AAAGCTGGTCTGGTAT_PO42	PO42	AD
AAAGGATTCGACACCG_SMC039	SMC039	AD
AAAGGGCCAACCGCTG_SMC053	SMC053	Active control
AAAGGGCTCCACCCTA_SMC053	SMC053	Active control
AAAGGTAAGCATCAAA_SMC053	SMC053	Active control
AAAGGTAGTCAAAGCG_SMC049	SMC049	AD
AAAGGTAGTGCCTATA_SMC041	SMC041	AD
AAAGGTCAGGTACAGG_PO28	PO28	AD
AAAGGTTGTTAACGAG_PO11	PO11	AD
AAAGTCAAGCAGGTGA_PO15	PO15	Control
AAAGTCCAGTAACGAT_SMC053	SMC053	Active control
AAAGTCCCACGTGTGC_SMC041	SMC041	AD
AAAGTCCGTGAGCAGT_SMC053	SMC053	Active control
AAAGTCCTCTCTGGTC_SMC037	SMC037	Active control
AAAGTGAAGTAGAGTT_SMC035	SMC035	Active control
AAAGTGACATCATGAC_SMC041	SMC041	AD
AAAGTGATCACCTAAG_PO11	PO11	AD
AAATGGAGTTCATCTT_SMC033	SMC033	Control
AAATGGATCTATCGCT_PO28	PO28	AD
AAATGGGCATCCCAGT_PO23	PO23	Control
AAATGTGAGGTCCCGA_PO11	PO11	AD
AAATTCGCATAGGCGC_PO28	PO28	AD
AAATTGCTCATATCCC_PO28	PO28	AD
AACAAAGAGCGACTGA_SMC053	SMC053	Active control
AACAAAGGTCCTCAGG_SMC049	SMC049	AD
AACAAAGGTTGGGATG_SMC052	SMC052	Control
AACAACCGTAAGACCG_SMC052	SMC052	Control
AACAACCGTCCAAAGG_SMC053	SMC053	Active control
AACAACCGTTCCGCAG_SMC037	SMC037	Active control
AACAACCTCTACGCGG_SMC052	SMC052	Control
AACAAGAAGCACTCTA_SMC053	SMC053	Active control
AACAAGAAGCGACAGT_SMC053	SMC053	Active control
AACAAGACATCTTTCA_SMC053	SMC053	Active control
AACAAGATCCAAGAGG_SMC033	SMC033	Control
AACACACAGCGATGCA_SMC039	SMC039	AD
AACACACTCGACATTG_SMC049	SMC049	AD
AACACACTCGGCTTCT_SMC039	SMC039	AD
AACACATTCCTTAGTC_PO41	PO41	AD
AACATAGAGGCACATC_PO23	PO23	Control
AACCAACAGAAGCTGC_SMC030	SMC030	Control
AACCAACCAAGGAGTC_SMC037	SMC037	Active control
AACCAACTCTGATGGT_SMC032	SMC032	AD
AACCAAGGTATTGACC_PO20	PO20	Control
AACCACAAGTATGGAT_SMC041	SMC041	AD
AACCACAGTCCATAGT_SMC052	SMC052	Control
AACCACATCAACTCTT_SMC038	SMC038	AD
AACCACATCCGTATAG_SMC049	SMC049	AD
AACCACGCAATCGTAA_PO28	PO28	AD
AACCACGCAGCTCATC_PO41	PO41	AD
AACCAGCTCACTTCAC_PO13	PO13	Control
AACCATGGTCCCAAAT_SMC037	SMC037	Active control
AACCATGTCGAAGGAC_SMC041	SMC041	AD
AACCATTAGTGATGAA_PO41	PO41	AD
AACCGGGGTATAGCTC_PO20	PO20	Control
AACCTGACAAGGATGC_SMC049	SMC049	AD
AACCTGACAGTATTCG_SMC032	SMC032	AD
AACCTGATCCTGGTAA_PO23	PO23	Control
AACCTTGAGTAACGGG_PO28	PO28	AD
AACCTTTAGACCATAA_SMC053	SMC053	Active control
AACCTTTCATGGCGCT_SMC032	SMC032	AD
AACCTTTTCACCGGTG_SMC031	SMC031	Active control
AACCTTTTCCTTCGAC_SMC035	SMC035	Active control
AACCTTTTCTCTTGCG_SMC053	SMC053	Active control
AACGAAATCTAGGCCG_SMC052	SMC052	Control
AACGAACAGGTTCGCG_PO11	PO11	AD
AACGACTCAATATCAG_PO20	PO20	Control
AACGATTTCCATCGTT_PO41	PO41	AD
AACGATTTCGTCTCGC_PO20	PO20	Control
AACGCAAGTGGGAATC_PO20	PO20	Control
AACGCAAGTTGGTTAC_PO20	PO20	Control
AACGCCACACTTGATT_PO28	PO28	AD
AACGCCACATAGGTTA_PO05	PO05	AD
AACGCGCCAAGCCACA_PO23	PO23	Control
AACGCTATCCAGCCTC_PO41	PO41	AD
AACGCTCAGCGCGATT_PO05	PO05	AD
AACGCTCAGTAATGAG_PO28	PO28	AD
AACGCTTGTTAGCTGT_PO28	PO28	AD
AACGGATAGAAGGTCG_PO28	PO28	AD
AACGGATAGGTATAGA_PO05	PO05	AD
AACGGCGGTAGGCCAG_PO28	PO28	AD
AACGGGAAGGTTACAA_SMC033	SMC033	Control
AACGGGAGTCTACGAT_SMC038	SMC038	AD
AACGGGAGTGTTTACG_SMC035	SMC035	Active control
AACGGGGCAACGTGCA_PO13	PO13	Control
AACGTAGGTCTGTGAT_PO42	PO42	AD
AACGTCAAGCATCGAG_SMC049	SMC049	AD
AACGTCACACGCGTGT_SMC049	SMC049	AD
AACGTCACATGTGCTA_SMC033	SMC033	Control
AACGTCAGTGTCTTCC_SMC037	SMC037	Active control
AACTAGAAGCGATCAC_PO11	PO11	AD
AACTAGCCAGGATTCG_PO42	PO42	AD
AACTAGCCATGCTGCT_PO15	PO15	Control
AACTCAACACATGCTC_PO13	PO13	Control
AACTGAGGTTCGTAGT_PO28	PO28	AD
AACTTCCTCGATACAT_PO28	PO28	AD
AACTTCTAGCCGGAAT_SMC038	SMC038	AD
AACTTCTCACAACGTG_PO28	PO28	AD
AACTTCTGTGTCTTCC_SMC033	SMC033	Control
AACTTCTTCTGAGAAA_SMC037	SMC037	Active control
AACTTGGTCTATGCTC_PO11	PO11	AD
AAGAACAAGGCATGGT_SMC053	SMC053	Active control
AAGAACAGTATGTCAC_SMC033	SMC033	Control
AAGAACATCCGATGCG_SMC033	SMC033	Control
AAGAACATCGCCGAAC_SMC041	SMC041	AD
AAGACAAAGAGATCGC_SMC039	SMC039	AD
AAGACAAAGTCATCGT_SMC049	SMC049	AD
AAGACAAAGTTATGGA_SMC053	SMC053	Active control
AAGACAACAGGTGTGA_SMC038	SMC038	AD
AAGACTCAGTGTTCCA_SMC049	SMC049	AD
AAGACTCCATCCGGCA_SMC053	SMC053	Active control
AAGACTCGTAGGTAGC_SMC033	SMC033	Control
AAGACTCGTTCGGTAT_SMC053	SMC053	Active control
AAGACTCTCAGTGTGT_SMC049	SMC049	AD
AAGATAGAGCACGATG_SMC041	SMC041	AD
AAGATAGCAATAACCC_SMC033	SMC033	Control
AAGATAGTCAACCTTT_SMC029	SMC029	AD
AAGCAATGTGAGTGAC_PO20	PO20	Control
AAGCATCCACATGAAC_PO20	PO20	Control
AAGCATCTCAAGGTGG_SMC049	SMC049	AD
AAGCCAAGTCCATAGT_PO28	PO28	AD
AAGCCATAGGTGGTTG_SMC049	SMC049	AD
AAGCCATAGTAGAATC_SMC033	SMC033	Control
AAGCCATCACAAGCCA_PO11	PO11	AD
AAGCCATCATATCGGT_SMC038	SMC038	AD
AAGCCATGTCTTCCGT_SMC041	SMC041	AD
AAGCCATGTTCGTAAC_SMC038	SMC038	AD
AAGCCTATCCGCTGTC_PO23	PO23	Control
AAGCGAGAGCCTGCCA_SMC041	SMC041	AD
AAGCGAGAGCGGATCA_SMC035	SMC035	Active control
AAGCGAGCAAAGCAAT_SMC041	SMC041	AD
AAGCGAGGTTGGTACT_SMC049	SMC049	AD
AAGCGAGTCCGATAGT_SMC030	SMC030	Control
AAGCGGATCAGCTCAA_PO05	PO05	AD
AAGCGGATCGACCTAA_PO42	PO42	AD
AAGCGTTAGCCTGTGC_SMC038	SMC038	AD
AAGCGTTCAGAAGCTG_SMC041	SMC041	AD
AAGCTAGGTTCTGTAA_PO23	PO23	Control
AAGCTCGCAATGGAGA_PO23	PO23	Control
AAGGAAAGTAGCGGTG_PO23	PO23	Control
AAGGAATGTAGAGATT_SMC038	SMC038	AD
AAGGAATGTCTGCCTT_SMC052	SMC052	Control
AAGGACTAGGGTCATC_PO20	PO20	Control
AAGGCAACAAAGGACA_PO20	PO20	Control
AAGGCAACAGCTCACT_PO15	PO15	Control
AAGGGCCAGTGCTCAA_PO41	PO41	AD
AAGGTAAAGCCGTTAT_SMC035	SMC035	Active control
AAGGTAAGTACGATGG_SMC049	SMC049	AD
AAGGTAATCACGCAGT_PO28	PO28	AD
AAGGTAATCGAATGGG_PO20	PO20	Control
AAGGTAATCGGTAGAG_SMC049	SMC049	AD
AAGGTTAAGCTAGGGA_PO41	PO41	AD
AAGGTTGGTGGAGCTG_PO20	PO20	Control
AAGGTTGGTTAGTTGC_PO11	PO11	AD
AAGTACCAGAGCTGCA_SMC049	SMC049	AD
AAGTACCCAAGTCGTT_SMC052	SMC052	Control
AAGTACCCATGGCACC_SMC035	SMC035	Active control
AAGTACCTCCATCTCG_SMC053	SMC053	Active control
AAGTACCTCCTGTACC_SMC039	SMC039	AD
AAGTCGCTCTAACCAG_PO05	PO05	AD
AAGTCGTAGTATTGCC_SMC039	SMC039	AD
AAGTCGTCACTGAATC_SMC052	SMC052	Control
AAGTCGTGTACTAGCT_SMC032	SMC032	AD
AAGTCGTGTCTGTCCT_SMC052	SMC052	Control
AAGTCGTTCTTCGTGC_SMC033	SMC033	Control
AAGTGGACAAGTTACA_PO41	PO41	AD
AAGTGGGTCCGCGACA_PO23	PO23	Control
AAGTGGGTCCTGCCTA_PO23	PO23	Control
AAGTTCGCAAATCAAG_SMC049	SMC049	AD
AAGTTCGCACTATCCC_SMC049	SMC049	AD
AAGTTCGCACTGGCGT_SMC035	SMC035	Active control
AAGTTCGTCTAAGCCA_SMC037	SMC037	Active control
AAGTTGAAGATTGCGC_PO05	PO05	AD
AAGTTGAAGTAATCGT_PO20	PO20	Control
AAGTTGGGTTCCCGTT_PO05	PO05	AD
AAGTTTGCAGTTGGGC_PO41	PO41	AD
AATACGCCAAGCCGGT_PO13	PO13	Control
AATAGAGAGACGACGT_SMC041	SMC041	AD
AATAGAGCACAAATGA_SMC052	SMC052	Control
AATAGAGTCCTGGGTG_SMC033	SMC033	Control
AATCACTAGGTAACGG_PO05	PO05	AD
AATCCAACAAGGGTAA_PO28	PO28	AD
AATCCATAGTACGGCT_PO28	PO28	AD
AATCCATAGTCAGTCA_PO05	PO05	AD
AATCGACCACTGAGTT_SMC038	SMC038	AD
AATCGACTCAATCCGA_SMC041	SMC041	AD
AATCGTGAGCAACTCT_SMC053	SMC053	Active control
AATCGTGGTTAGGGTG_SMC052	SMC052	Control
AATCGTTAGGTTACGC_PO28	PO28	AD
AATCGTTAGTAGTTAC_PO11	PO11	AD
AATGAAGCAACGACAG_SMC049	SMC049	AD
AATGAAGCACCGTCTT_SMC038	SMC038	AD
AATGAAGTCAGACCCG_SMC038	SMC038	AD
AATGACAAGGTTGCGT_PO05	PO05	AD
AATGACCAGATGCCGA_SMC033	SMC033	Control
AATGACCAGCTGAAAT_SMC049	SMC049	AD
AATGACCGTAACAGTA_SMC043	SMC043	AD
AATGACCGTTCTCTAT_SMC035	SMC035	Active control
AATGACCTCCTAAACG_SMC052	SMC052	Control
AATGACCTCCTTCTAA_SMC053	SMC053	Active control
AATGATGAGGTAGCGA_PO28	PO28	AD
AATGCAAAGATTGCGC_PO41	PO41	AD
AATGCCAGTATTAAGG_SMC037	SMC037	Active control
AATGCGGAGCTGGTCG_PO28	PO28	AD
AATGGAAAGAGTTGTA_SMC049	SMC049	AD
AATGGAATCGCGGTAC_SMC053	SMC053	Active control
AATGGAATCTACGGGC_SMC049	SMC049	AD
AATGGCGAGCTAGTTG_PO13	PO13	Control
AATGGCGAGTAATGTC_PO28	PO28	AD
AATGGCTCATGGCGCT_SMC043	SMC043	AD
AATGGCTTCATGACAC_SMC029	SMC029	AD
AATGGCTTCGACACCG_SMC049	SMC049	AD
AATGGGACAAACCAAC_PO23	PO23	Control
AATGGGCGTCAAGGTA_PO20	PO20	Control
AATGGGTAGCAATCCA_PO05	PO05	AD
AATTCAGCAACTACCC_PO20	PO20	Control
AATTCCTCACTATGTG_SMC052	SMC052	Control
AATTCCTGTAACTTCG_SMC049	SMC049	AD
AATTCCTGTGCTCTTC_SMC033	SMC033	Control
AATTGGGGTTTCCTGC_PO11	PO11	AD
AATTGGTTCCTCATAC_PO42	PO42	AD
AATTGTCAGTTACCTC_PO13	PO13	Control
AATTTCCAGTGCAGGT_SMC053	SMC053	Active control
AATTTCCAGTTGCTGT_SMC052	SMC052	Control
AATTTCCCACATTGTG_SMC049	SMC049	AD
ACAAAGAAGGGATCGT_SMC041	SMC041	AD
ACAAAGAGTGTTGAGG_SMC053	SMC053	Active control
ACAACCAAGATGCTGG_SMC053	SMC053	Active control
ACAACCAAGCCGTTGC_SMC041	SMC041	AD
ACAACCACAAACCACT_SMC037	SMC037	Active control
ACAACCACAGAGCTAG_SMC052	SMC052	Control
ACAACCACAGCTGTGC_SMC031	SMC031	Active control
ACAACCACAGTATTCG_SMC032	SMC032	AD
ACAACCATCAGAGTGG_SMC030	SMC030	Control
ACAAGCGAGCCTCTGC_PO05	PO05	AD
ACAAGCGAGGTTCCGG_PO05	PO05	AD
ACAAGCTAGATGTTAG_SMC035	SMC035	Active control
ACAAGCTCAACCAATC_SMC052	SMC052	Control
ACAATAGAGCATTAAC_PO05	PO05	AD
ACAATAGAGCGCCTAG_PO28	PO28	AD
ACAATGGGTCATCGCA_PO42	PO42	AD
ACACAAGGTTCCAGGC_PO11	PO11	AD
ACACACGCACCTTAGC_PO05	PO05	AD
ACACACGCATGGTCAG_PO15	PO15	Control
ACACAGTAGCAGCCTC_SMC049	SMC049	AD
ACACAGTAGTAAACTG_SMC033	SMC033	Control
ACACAGTTCGTTCGCT_SMC041	SMC041	AD
ACACCAAAGAGTTGCG_SMC030	SMC030	Control
ACACCAACAGCGACAA_SMC037	SMC037	Active control
ACACCAACATGGGAAC_SMC039	SMC039	AD
ACACCAATCCATATGG_SMC038	SMC038	AD
ACACGCGGTAGAAACT_SMC032	SMC032	AD
ACACGCGGTGCTGCAC_SMC049	SMC049	AD
ACACGTTGTGCGGATG_PO15	PO15	Control
ACACGTTGTTTACGCG_PO20	PO20	Control
ACACTGAAGAGAGTGA_SMC030	SMC030	Control
ACACTGAAGATTCGAA_SMC053	SMC053	Active control
ACACTGATCCGGGTCA_PO05	PO05	AD
ACACTGATCGACCCAG_PO28	PO28	AD
ACAGAAACAGTTGGTT_SMC049	SMC049	AD
ACAGAAACATGTCAGT_SMC049	SMC049	AD
ACAGAAAGTCCTGAAT_SMC052	SMC052	Control
ACAGAAATCTGCGGAC_SMC052	SMC052	Control
ACAGAACAGTGCAAGG_PO42	PO42	AD
ACAGACTCAAGCACCA_PO28	PO28	AD
ACAGCCACAAGTGAGA_PO42	PO42	AD
ACAGCGAAGGATCACC_PO28	PO28	AD
ACAGGAACACAATCGG_PO11	PO11	AD
ACAGGCTTCGATCCGG_PO28	PO28	AD
ACAGGGAAGGTTCCAT_SMC038	SMC038	AD
ACAGGGAGTCGCGTTG_SMC033	SMC033	Control
ACAGGGAGTGTACATC_SMC035	SMC035	Active control
ACAGGGAGTTTCTTAC_SMC041	SMC041	AD
ACAGGGATCACGTAGC_PO05	PO05	AD
ACAGGGATCCAGCTCC_PO28	PO28	AD
ACAGGGGCAAGCCATG_PO28	PO28	AD
ACAGGTTCAACTGGAT_PO28	PO28	AD
ACAGTCATCGTACTTC_PO11	PO11	AD
ACAGTGAGTAATGCGA_PO15	PO15	Control
ACAGTGAGTGATTGAG_PO11	PO11	AD
ACATAGAAGTTGGGTC_PO41	PO41	AD
ACATATCAGCAATCCA_PO41	PO41	AD
ACATATCAGGATGCCT_PO41	PO41	AD
ACATCCCAGTCACACT_SMC039	SMC039	AD
ACATCCCAGTTAGTAG_SMC053	SMC053	Active control
ACATCCCCAATACGAC_PO20	PO20	Control
ACATCCCGTATCACCA_SMC032	SMC032	AD
ACATCCCTCATGACAC_SMC035	SMC035	Active control
ACATCCCTCTCGTCGT_SMC053	SMC053	Active control
ACATCCTTCCCTGTAT_PO11	PO11	AD
ACATCGACAGCCCAGT_SMC049	SMC049	AD
ACATCGAGTCGTGCCA_SMC033	SMC033	Control
ACATCGATCACCACAA_SMC049	SMC049	AD
ACATCGATCGGTCATA_SMC035	SMC035	Active control
ACATGCAGTAGGCAGT_SMC041	SMC041	AD
ACATGCCAGCGCATTA_PO20	PO20	Control
ACATGCCAGTAGAGAC_PO20	PO20	Control
ACATGTTAGCGCTGTG_PO28	PO28	AD
ACATGTTAGCTGAGAG_PO23	PO23	Control
ACATTAGCAAATGAGG_PO28	PO28	AD
ACATTAGCAACGTTAA_PO28	PO28	AD
ACATTAGCAGCACCTT_PO41	PO41	AD
ACATTCAGTGCGATGG_PO42	PO42	AD
ACATTTCAGTTGCGCC_SMC032	SMC032	AD
ACATTTCCACTTAACT_PO23	PO23	Control
ACCAAACAGACCTGGA_SMC049	SMC049	AD
ACCAAACAGATAGGGA_SMC041	SMC041	AD
ACCAAACCAAACGTGG_SMC035	SMC035	Active control
ACCAAATTCGATCGCG_PO28	PO28	AD
ACCAACAAGCGTCAAG_SMC053	SMC053	Active control
ACCAACAAGGAACATT_SMC035	SMC035	Active control
ACCAACACAAATGGTA_SMC049	SMC049	AD
ACCAACATCTGTTCAT_SMC053	SMC053	Active control
ACCAATTAGCGGCATT_PO05	PO05	AD
ACCAATTAGTCAACCA_PO11	PO11	AD
ACCACAAAGGATACGC_SMC041	SMC041	AD
ACCACAAGTAACATGA_SMC041	SMC041	AD
ACCACAAGTAGTCGGA_SMC037	SMC037	Active control
ACCACAAGTGGTGATG_SMC035	SMC035	Active control
ACCACACAGATAGGTA_PO28	PO28	AD
ACCACACAGCCAGGAA_PO05	PO05	AD
ACCACCTCAGGACTTG_PO20	PO20	Control
ACCACTAAGTTAACCG_PO42	PO42	AD
ACCAGGCCATTCGTAT_PO28	PO28	AD
ACCATAACAAGCACGC_PO11	PO11	AD
ACCATCAAGCGAGACA_PO11	PO11	AD
ACCATCAAGTAGCACC_PO28	PO28	AD
ACCATTTCAGTACTCC_PO28	PO28	AD
ACCATTTGTTGTAAAG_SMC038	SMC038	AD
ACCATTTTCGTGACTA_SMC038	SMC038	AD
ACCATTTTCTCGTCAC_SMC049	SMC049	AD
ACCCAAAAGGAGAGTA_SMC033	SMC033	Control
ACCCAAACACTATGTG_SMC052	SMC052	Control
ACCCAAACATTCCTAT_SMC049	SMC049	AD
ACCCAAAGTACAGAAT_SMC041	SMC041	AD
ACCCAAAGTCGCTTAA_SMC033	SMC033	Control
ACCCAAATCCAATGCA_PO28	PO28	AD
ACCCAAATCCGCTGAG_PO11	PO11	AD
ACCCCATCAAAGGTTC_PO41	PO41	AD
ACCCCATCAACGTGAT_PO23	PO23	Control
ACCCCATCACATGCCT_PO11	PO11	AD
ACCCCGAAGCGGTCTG_PO23	PO23	Control
ACCCCTTGTTTAGGAG_PO20	PO20	Control
ACCCGATAGCATCAAT_PO13	PO13	Control
ACCCGCAAGGTGACGA_PO05	PO05	AD
ACCCGCAAGTCGATAT_PO05	PO05	AD
ACCCGTAGTTGCCTAG_PO11	PO11	AD
ACCCGTAGTTGGCGCT_PO13	PO13	Control
ACCCTCAAGACGATAT_SMC033	SMC033	Control
ACCCTCAGTCGACGCT_SMC052	SMC052	Control
ACCCTCAGTGGACTAG_SMC053	SMC053	Active control
ACCCTCATCGACCCAG_PO28	PO28	AD
ACCCTCATCGTACCAA_PO28	PO28	AD
ACCCTCATCTGGATAT_PO23	PO23	Control
ACCCTCGCAAGTTAGC_PO28	PO28	AD
ACCCTTGAGGCTGTAG_SMC052	SMC052	Control
ACCCTTGCACAAATAG_SMC052	SMC052	Control
ACCCTTGTCGGTGCAC_SMC039	SMC039	AD
ACCGAAAGTAGCGCCT_PO20	PO20	Control
ACCGAAAGTGCATTCG_PO05	PO05	AD
ACCGACCGTTTGGCGC_PO42	PO42	AD
ACCGATGCATGCTGTC_PO23	PO23	Control
ACCGATTGTTGTCATA_PO23	PO23	Control
ACCGATTGTTTGGAAG_PO05	PO05	AD
ACCGCAACAAATCGCG_PO20	PO20	Control
ACCGTTCAGAGCAAGA_SMC037	SMC037	Active control
ACCGTTCAGCGTGAAC_SMC052	SMC052	Control
ACCTAAGTCAGGGATG_PO41	PO41	AD
ACCTACCGTACTTGTG_SMC030	SMC030	Control
ACCTACCTCGGCATAT_SMC031	SMC031	Active control
ACCTACCTCTCAGTCC_SMC035	SMC035	Active control
ACCTACCTCTCGGCTT_SMC033	SMC033	Control
ACCTATGAGCCATCGG_PO11	PO11	AD
ACCTCGCTCCGCCACT_PO05	PO05	AD
ACCTGAACACCCTGTT_SMC033	SMC033	Control
ACCTGGACAATAGGCT_PO23	PO23	Control
ACCTGGGTCCGGACAT_PO13	PO13	Control
ACCTTAAGTGATTCGT_PO13	PO13	Control
ACCTTCACATAACGGT_PO13	PO13	Control
ACGAAGGTCCTGCGAG_PO23	PO23	Control
ACGAATCCACAACCTC_PO23	PO23	Control
ACGAATGGTAGCTAAG_PO13	PO13	Control
ACGACATCAGGGCCAT_PO20	PO20	Control
ACGACGAAGTGAAGTA_PO28	PO28	AD
ACGAGTAGTGAGACGT_PO28	PO28	AD
ACGAGTAGTGCAGGTG_PO23	PO23	Control
ACGATAGGTAAGTGGC_PO23	PO23	Control
ACGATATTCGCTGGAT_PO28	PO28	AD
ACGATCAAGGGCCAAT_SMC038	SMC038	AD
ACGATCAAGTAGATCA_SMC052	SMC052	Control
ACGATCACACATGAAA_SMC049	SMC049	AD
ACGATCACATGCGTGC_SMC029	SMC029	AD
ACGATCATCAACACCA_SMC038	SMC038	AD
ACGATCATCGGATTAC_SMC053	SMC053	Active control
ACGATGTAGGAGGGTG_SMC037	SMC037	Active control
ACGATGTAGTACCGGA_SMC053	SMC053	Active control
ACGATGTCACCCTAAA_SMC053	SMC053	Active control
ACGATGTCACTCCACT_SMC033	SMC033	Control
ACGATTTAGGCACTTA_PO20	PO20	Control
ACGCAATCACAACCCT_PO11	PO11	AD
ACGCAATCATAGGCTG_PO13	PO13	Control
ACGCACGAGCCTCACG_SMC049	SMC049	AD
ACGCACGAGCCTCTCT_SMC033	SMC033	Control
ACGCACTAGGTAATCT_PO23	PO23	Control
ACGCATTGTTTAGCCG_PO28	PO28	AD
ACGCGAGGTTAGACTC_PO20	PO20	Control
ACGCGGTCACAGCACA_PO20	PO20	Control
ACGCTAATCCCTCTGA_PO28	PO28	AD
ACGCTCAGTTAAGGTG_PO28	PO28	AD
ACGCTTGGTTAGCAGA_PO23	PO23	Control
ACGGAAGAGAAATCCA_SMC053	SMC053	Active control
ACGGAAGAGACTGAGC_SMC049	SMC049	AD
ACGGAAGAGTAGGCCA_SMC049	SMC049	AD
ACGGAAGAGTGTACCT_SMC030	SMC030	Control
ACGGAAGCACGGTAGA_SMC041	SMC041	AD
ACGGAAGTCCCTCATG_SMC049	SMC049	AD
ACGGACAAGCAAGTCC_PO28	PO28	AD
ACGGATTCATTAACCT_PO42	PO42	AD
ACGGCACCAGCTATCC_PO28	PO28	AD
ACGGCCATCAGCCCAG_PO28	PO28	AD
ACGGCCATCCTGCACC_PO15	PO15	Control
ACGGCCATCGTAACTG_PO11	PO11	AD
ACGGGTCGTAAGATAC_SMC053	SMC053	Active control
ACGGGTCTCATGCTAG_SMC033	SMC033	Control
ACGGGTTTCGTTCGTT_PO20	PO20	Control
ACGGTCGGTAGGCTGA_SMC041	SMC041	AD
ACGGTCGGTATGAAAC_SMC037	SMC037	Active control
ACGGTTACATATTCGG_SMC053	SMC053	Active control
ACGGTTAGTATCAGGG_SMC038	SMC038	AD
ACGGTTATCCGTACGG_SMC038	SMC038	AD
ACGGTTATCCTCTAAC_PO28	PO28	AD
ACGGTTGCATTCAACT_PO42	PO42	AD
ACGTAACCACCTCGTG_PO41	PO41	AD
ACGTAACCATAGACGT_PO28	PO28	AD
ACGTAACTCGATACGT_SMC053	SMC053	Active control
ACGTAAGGTAAGTCGA_PO20	PO20	Control
ACGTACAAGCATCAAA_SMC049	SMC049	AD
ACGTACAAGGTAGCCA_SMC038	SMC038	AD
ACGTACAGTACGACAG_SMC049	SMC049	AD
ACGTAGTCATTACGGT_SMC041	SMC041	AD
ACGTAGTTCAAGCCTA_SMC053	SMC053	Active control
ACGTCAATCGATACAT_PO28	PO28	AD
ACGTCACAGTGAGCGA_PO28	PO28	AD
ACGTCCTAGAATTTGG_SMC053	SMC053	Active control
ACGTCCTAGGAAGTGA_SMC053	SMC053	Active control
ACGTCCTGTTAGAGAT_SMC053	SMC053	Active control
ACGTCCTTCACGGGAA_SMC052	SMC052	Control
ACGTCTAAGTGGCTCG_PO28	PO28	AD
ACGTTCCCAAACTAAG_SMC041	SMC041	AD
ACGTTCCCACAACATC_SMC041	SMC041	AD
ACGTTCCGTACGATTC_SMC052	SMC052	Control
ACGTTTGAGGAGCTTC_PO28	PO28	AD
ACTACATAGAACGGCA_PO28	PO28	AD
ACTACATAGTCGAGGA_PO11	PO11	AD
ACTACCAAGCTAGACC_PO20	PO20	Control
ACTACGAAGGGCAGAG_SMC041	SMC041	AD
ACTACGAAGGGTAATT_SMC049	SMC049	AD
ACTACGACACCGCTGA_SMC052	SMC052	Control
ACTACGACATGCCGGT_SMC052	SMC052	Control
ACTACTTCAGGCAGGA_PO20	PO20	Control
ACTATCTCACTAATGA_PO41	PO41	AD
ACTATCTCAGGCTATG_PO28	PO28	AD
ACTATCTCAGGGACGA_PO28	PO28	AD
ACTATCTGTCGCAGTC_SMC041	SMC041	AD
ACTATCTGTGCGAACA_SMC049	SMC049	AD
ACTATCTTCAGGACGA_SMC033	SMC033	Control
ACTATCTTCATAGGCT_SMC053	SMC053	Active control
ACTATGGGTATACGGG_SMC049	SMC049	AD
ACTATGGGTGGCACTC_SMC033	SMC033	Control
ACTATGGTCGGTTGTA_SMC041	SMC041	AD
ACTATGGTCGTAGTAT_PO05	PO05	AD
ACTATTCTCTACCACC_SMC052	SMC052	Control
ACTCACCCAGCTACTC_PO05	PO05	AD
ACTCAGGCAGCATGGC_PO28	PO28	AD
ACTCCACCACCTCACG_PO28	PO28	AD
ACTCCCACACCCAAGC_SMC038	SMC038	AD
ACTCCCAGTGGACTGA_SMC038	SMC038	AD
ACTCCCATCCTTCAGC_SMC041	SMC041	AD
ACTCCCTGTTTAGTGC_PO05	PO05	AD
ACTCCTTAGCGATGTC_PO28	PO28	AD
ACTCGAATCACTTGGA_PO42	PO42	AD
ACTCGATGTAGCTCCA_PO20	PO20	Control
ACTCGCCTCTTGAGGC_PO23	PO23	Control
ACTCGTTTCACACACA_PO05	PO05	AD
ACTCTCGAGCGTGCTC_SMC053	SMC053	Active control
ACTCTCGAGGGCTAAC_SMC037	SMC037	Active control
ACTCTCGGTACCCACG_SMC041	SMC041	AD
ACTCTCGGTTGCTAGT_SMC033	SMC033	Control
ACTGAACCACATGAGT_PO28	PO28	AD
ACTGATGCAAACGGCA_SMC033	SMC033	Control
ACTGATGCACGACTAT_SMC035	SMC035	Active control
ACTGATGCAGGTATGG_SMC038	SMC038	AD
ACTGATGGTTCTGAGT_SMC049	SMC049	AD
ACTGATGTCAGGGATG_SMC053	SMC053	Active control
ACTGATTAGCGCCAAT_PO11	PO11	AD
ACTGATTAGGTGGCTT_PO05	PO05	AD
ACTGCAAAGTTCCGTA_SMC053	SMC053	Active control
ACTGCAAGTAGCGTAG_SMC052	SMC052	Control
ACTGCAATCTTCACAT_SMC041	SMC041	AD
ACTGCTAAGGTCAATT_PO11	PO11	AD
ACTGCTGGTAACGACA_PO13	PO13	Control
ACTGGGTTCCGTGGCA_PO23	PO23	Control
ACTGTGACAGCGTTGC_SMC049	SMC049	AD
ACTGTGACATCCGCGA_SMC039	SMC039	AD
ACTGTGAGTTCGCGTG_SMC052	SMC052	Control
ACTGTGATCGCACTCT_SMC049	SMC049	AD
ACTTAACAGCGCCTCT_PO20	PO20	Control
ACTTAGGAGCCTCATA_SMC030	SMC030	Control
ACTTAGGTCCGGTAGT_PO20	PO20	Control
ACTTAGGTCGGTGAAG_SMC038	SMC038	AD
ACTTATCCATGTGCTA_SMC038	SMC038	AD
ACTTATCGTACTCGTA_SMC038	SMC038	AD
ACTTATCGTTTGGGAG_SMC049	SMC049	AD
ACTTCATCATCGGTCT_PO05	PO05	AD
ACTTCCGGTTAGGCTT_SMC049	SMC049	AD
ACTTCGCCATCCAGCT_PO28	PO28	AD
ACTTCGCTCATTTCGT_SMC033	SMC033	Control
ACTTGGATCTATCGGA_PO13	PO13	Control
ACTTTCAAGACGATAT_SMC041	SMC041	AD
ACTTTCACATCGAAGG_SMC041	SMC041	AD
ACTTTCAGTCAACACT_SMC035	SMC035	Active control
ACTTTCATCAAAGGTA_SMC041	SMC041	AD
ACTTTCATCGACATAC_SMC032	SMC032	AD
ACTTTCGCAGGAACTT_PO28	PO28	AD
ACTTTCGCATTAACTC_PO15	PO15	Control
ACTTTGTAGAGGTGCT_SMC049	SMC049	AD
ACTTTGTGTGGTCTAT_SMC033	SMC033	Control
ACTTTGTTCGATGGAG_SMC033	SMC033	Control
ACTTTGTTCGCACTCT_SMC038	SMC038	AD
ACTTTGTTCGCGATCG_SMC039	SMC039	AD
AGAAATGAGAGGATGA_SMC038	SMC038	AD
AGAAATGCAAGTCCAT_SMC053	SMC053	Active control
AGAAATGCAGCGTGAA_SMC035	SMC035	Active control
AGAAATGCAGGCACAA_SMC033	SMC033	Control
AGAAATGCATGAGAAT_SMC049	SMC049	AD
AGAAATGGTCCTGTTC_SMC049	SMC049	AD
AGAAATGTCACTGTCC_SMC049	SMC049	AD
AGAACAATCAGCTGTA_SMC052	SMC052	Control
AGAACAATCTTCTGGC_SMC049	SMC049	AD
AGAACCTCAGACATCT_SMC033	SMC033	Control
AGAAGCGAGCTAGAAT_SMC049	SMC049	AD
AGAAGCGAGTGCAGGT_SMC033	SMC033	Control
AGAAGCGAGTTCGCAT_SMC035	SMC035	Active control
AGAAGCGTCTAACGCA_SMC035	SMC035	Active control
AGAAGGTTCGATTGAT_PO28	PO28	AD
AGAAGTAAGAGAGGGC_SMC053	SMC053	Active control
AGAAGTTGTTGTCTAA_PO23	PO23	Control
AGAATAGTCACCTAGA_PO11	PO11	AD
AGAATTGAGCAGGTCT_PO13	PO13	Control
AGACAAACAATCACGT_SMC049	SMC049	AD
AGACACTAGAGGTTAT_SMC041	SMC041	AD
AGACACTGTGATACTC_SMC052	SMC052	Control
AGACACTGTTGCATAC_SMC033	SMC033	Control
AGACACTTCCACATAG_SMC052	SMC052	Control
AGACACTTCCTTGAAG_SMC037	SMC037	Active control
AGACAGGAGTGCCCGT_SMC035	SMC035	Active control
AGACAGGGTACATTGC_SMC053	SMC053	Active control
AGACATGGTGCAGGAT_PO42	PO42	AD
AGACATGGTTCGTTGG_PO28	PO28	AD
AGACCATGTGTGGACA_SMC041	SMC041	AD
AGACCCGAGCGAATGC_SMC053	SMC053	Active control
AGACCCGTCACCGCTT_SMC033	SMC033	Control
AGACGGGCACCATGTC_PO41	PO41	AD
AGACGGGCAGGGCCAT_PO28	PO28	AD
AGACTCGCAACCATCC_PO42	PO42	AD
AGAGAATAGCCGGATA_SMC032	SMC032	AD
AGAGAATCATGATAGA_SMC041	SMC041	AD
AGAGAATCATGGCCCA_SMC033	SMC033	Control
AGAGAATTCACGAGGA_SMC035	SMC035	Active control
AGAGAATTCGTTCGCT_SMC033	SMC033	Control
AGAGACTAGGTATCTG_PO42	PO42	AD
AGAGCAGCATCAGCAT_SMC037	SMC037	Active control
AGAGCAGGTTTGCCGG_SMC053	SMC053	Active control
AGAGCAGTCCATAGAC_SMC033	SMC033	Control
AGAGCAGTCTGCGGAC_SMC052	SMC052	Control
AGAGCCCTCTCCGCAT_SMC052	SMC052	Control
AGAGGCATCACCTGCC_PO20	PO20	Control
AGAGGCATCGACTGCG_PO28	PO28	AD
AGAGTTGGTATTGGAG_PO28	PO28	AD
AGATAGATCGACTCCT_SMC032	SMC032	AD
AGATAGATCGCATTAG_SMC037	SMC037	Active control
AGATCCAGTTATAGCC_SMC041	SMC041	AD
AGATCGTTCTCATGGA_SMC038	SMC038	AD
AGATGAACAAGGCAAC_SMC033	SMC033	Control
AGATGAACACTGTCCT_SMC049	SMC049	AD
AGATGAAGTTCGGACC_SMC037	SMC037	Active control
AGATGAATCGGAAGGT_SMC049	SMC049	AD
AGATGAATCTGATGGT_SMC037	SMC037	Active control
AGCAACCTCAATTGCG_PO28	PO28	AD
AGCACTTGTTCAATCA_PO28	PO28	AD
AGCATATTCCTGTGCC_PO05	PO05	AD
AGCATATTCGTTAGGC_PO05	PO05	AD
AGCATCAAGCCATTGT_SMC041	SMC041	AD
AGCATCAGTAACTGCT_SMC041	SMC041	AD
AGCATCAGTCGAACAG_SMC033	SMC033	Control
AGCATCATCACAGCTA_PO13	PO13	Control
AGCATCATCCGTTTCG_SMC049	SMC049	AD
AGCATGAGTGGACAGT_PO28	PO28	AD
AGCATGGAGGTATCCA_PO28	PO28	AD
AGCATTGTCCAACTCT_PO28	PO28	AD
AGCATTGTCCATTGCT_PO05	PO05	AD
AGCATTTAGGATGTAA_PO28	PO28	AD
AGCCAATCAGGGCCAT_PO20	PO20	Control
AGCCAATTCGTCTACC_SMC032	SMC032	AD
AGCCACGAGAGCTTTC_SMC041	SMC041	AD
AGCCACGAGCCGTTGC_SMC038	SMC038	AD
AGCCACGGTATCGAAA_SMC049	SMC049	AD
AGCCACGGTGAGATAT_SMC052	SMC052	Control
AGCCACGGTTTGGCTA_SMC033	SMC033	Control
AGCCACTAGTGGCTAC_PO42	PO42	AD
AGCCAGCAGGTCCGAA_SMC049	SMC049	AD
AGCCAGCGTATGAAAC_SMC041	SMC041	AD
AGCCAGCGTTTCACTT_SMC038	SMC038	AD
AGCCCCTTCCGCTGAG_PO28	PO28	AD
AGCCGAAAGAATCGGG_PO20	PO20	Control
AGCCGAAAGGTATGAA_PO23	PO23	Control
AGCCTCAGTTTGACCG_PO42	PO42	AD
AGCCTGGTCCCAGTCC_PO11	PO11	AD
AGCGAACGTAATGCTC_PO11	PO11	AD
AGCGATAGTTATAGCC_PO28	PO28	AD
AGCGATTCACGAGGTA_SMC049	SMC049	AD
AGCGATTCATCCTACA_PO28	PO28	AD
AGCGCACCAACCTTCA_PO28	PO28	AD
AGCGCCAAGCTAAATG_SMC037	SMC037	Active control
AGCGCCACAACAAGAT_SMC053	SMC053	Active control
AGCGCCACAACACGTT_SMC049	SMC049	AD
AGCGCCACAATAGTCC_SMC052	SMC052	Control
AGCGCCACACACCTTC_SMC037	SMC037	Active control
AGCGCCACACTTACAG_SMC053	SMC053	Active control
AGCGCCAGTACGGGAT_SMC049	SMC049	AD
AGCGCCATCGTGCGAT_PO23	PO23	Control
AGCGCTGAGGGTAGCT_SMC053	SMC053	Active control
AGCGCTGGTACAAAGT_SMC037	SMC037	Active control
AGCGCTGTCAACTACG_SMC041	SMC041	AD
AGCGCTGTCGTCTAAG_SMC035	SMC035	Active control
AGCGCTGTCTATTCGT_SMC053	SMC053	Active control
AGCGGATGTTTGCAGT_PO28	PO28	AD
AGCGGGACAGGGATGG_PO28	PO28	AD
AGCGGTTTCACAGCTA_PO42	PO42	AD
AGCGGTTTCCAGCCGA_PO11	PO11	AD
AGCGTAAGTAGTCCCA_PO28	PO28	AD
AGCGTAAGTATGGCAA_PO13	PO13	Control
AGCGTATGTCACTAGT_SMC053	SMC053	Active control
AGCGTATTCCATGCAA_SMC039	SMC039	AD
AGCGTCGCAACACGAG_SMC032	SMC032	AD
AGCGTTATCACGTAAT_PO23	PO23	Control
AGCGTTATCGATTGCA_PO23	PO23	Control
AGCTACAAGGTTGACG_SMC053	SMC053	Active control
AGCTACAGTGGTCAAG_SMC035	SMC035	Active control
AGCTACATCACGATAC_SMC052	SMC052	Control
AGCTATGTCCATTCGT_PO20	PO20	Control
AGCTCAAAGCAGTCTT_SMC052	SMC052	Control
AGCTCAAAGCTAAATG_SMC041	SMC041	AD
AGCTCAAAGTTGTAGA_SMC049	SMC049	AD
AGCTCAACAGAGTCTT_SMC029	SMC029	AD
AGCTCAACAGGTCCCA_SMC052	SMC052	Control
AGCTCAAGTTAAGAAC_SMC032	SMC032	AD
AGCTCAATCTCTAAGG_SMC053	SMC053	Active control
AGCTGAGAGCCACATA_PO20	PO20	Control
AGCTGAGAGCGGCATT_PO23	PO23	Control
AGCTTAACAATCGGGC_PO23	PO23	Control
AGCTTACGTTTGAGTC_PO20	PO20	Control
AGCTTCCAGTAAACGT_SMC053	SMC053	Active control
AGGAAATAGAACGTGC_SMC049	SMC049	AD
AGGAAATCAGTCAGTT_SMC053	SMC053	Active control
AGGAATAAGAGTGAAG_SMC053	SMC053	Active control
AGGAATAAGCGGTAGT_SMC041	SMC041	AD
AGGACCAAGGGTAGAT_PO05	PO05	AD
AGGACCAAGTTACCAG_PO11	PO11	AD
AGGACGACACCAGCCA_SMC049	SMC049	AD
AGGACTAGTTCGGCAC_PO28	PO28	AD
AGGACTAGTTTACGGT_PO20	PO20	Control
AGGACTGAGTGAGGAT_PO11	PO11	AD
AGGACTTAGAAGCCAC_SMC033	SMC033	Control
AGGACTTAGCCATCCG_SMC035	SMC035	Active control
AGGACTTCACCGGAAA_SMC036	SMC036	AD
AGGACTTCAGTGAGCA_SMC041	SMC041	AD
AGGACTTCATGTGACT_SMC037	SMC037	Active control
AGGACTTGTTACGATC_SMC053	SMC053	Active control
AGGACTTTCTCCCTAG_SMC049	SMC049	AD
AGGAGCCAGAATCGAA_PO41	PO41	AD
AGGAGGTAGGGAGGGT_SMC052	SMC052	Control
AGGAGGTGTCGAACGA_SMC039	SMC039	AD
AGGAGGTTCGACACCG_SMC049	SMC049	AD
AGGAGGTTCTGGCTGG_SMC033	SMC033	Control
AGGAGTTAGTCAATGT_PO11	PO11	AD
AGGATAAGTTCAGTAC_SMC033	SMC033	Control
AGGATCAGTAAGGTCA_PO11	PO11	AD
AGGATCTAGAGTACCG_SMC053	SMC053	Active control
AGGCAAGTCTGTCATC_PO28	PO28	AD
AGGCACGGTTGGAGCG_PO23	PO23	Control
AGGCATTAGACTTAAG_SMC049	SMC049	AD
AGGCATTCATGATGCT_SMC037	SMC037	Active control
AGGCATTTCATGCGGC_SMC038	SMC038	AD
AGGCCACCAGATTTCG_SMC033	SMC033	Control
AGGCCACGTCTCGACG_SMC041	SMC041	AD
AGGCCAGGTTCGCCAA_PO28	PO28	AD
AGGCCCATCGACATTG_PO11	PO11	AD
AGGCGAATCCTGCGTC_PO28	PO28	AD
AGGCGGACACTAGGCA_PO28	PO28	AD
AGGCGGACAGTTGGGC_PO42	PO42	AD
AGGCGTTTCTAGTCCT_PO42	PO42	AD
AGGCTGCAGGCACGAT_SMC041	SMC041	AD
AGGCTGCCAAACTCTG_SMC052	SMC052	Control
AGGCTGCCAATAGTGA_SMC053	SMC053	Active control
AGGCTGCTCGATGGAG_SMC033	SMC033	Control
AGGGAGTCAGAGAGGG_SMC033	SMC033	Control
AGGGAGTGTCAGGTAG_SMC033	SMC033	Control
AGGGAGTGTGAGCAGT_SMC052	SMC052	Control
AGGGAGTTCACTGATG_SMC053	SMC053	Active control
AGGGAGTTCGACCAAT_SMC032	SMC032	AD
AGGGAGTTCTATGCCC_SMC053	SMC053	Active control
AGGGCATGTTATAGGG_PO20	PO20	Control
AGGGCCTAGCGCCTAC_SMC041	SMC041	AD
AGGGCCTCAAGGACAC_SMC049	SMC049	AD
AGGGCTCAGCAGCACA_SMC053	SMC053	Active control
AGGGCTCGTAGTTAGA_SMC053	SMC053	Active control
AGGGCTCGTTGTCATG_SMC033	SMC033	Control
AGGGCTGGTTGACCCA_PO20	PO20	Control
AGGGGTTGTAGTAGGC_PO41	PO41	AD
AGGGTATAGGCGAATG_PO23	PO23	Control
AGGGTCCCACTATGTG_SMC053	SMC053	Active control
AGGGTGAAGTGCTCAT_SMC041	SMC041	AD
AGGGTGACAGTCGAGA_SMC053	SMC053	Active control
AGGGTTAGTTCTGTAA_PO20	PO20	Control
AGGGTTGAGTGGGTCT_PO41	PO41	AD
AGGGTTTCACCGTGCA_SMC038	SMC038	AD
AGGGTTTTCACGTCCT_SMC039	SMC039	AD
AGGTAATGTTCCCAAG_PO28	PO28	AD
AGGTAGGAGAAGCCAC_SMC033	SMC033	Control
AGGTAGGAGTCGAAAT_SMC049	SMC049	AD
AGGTAGGTCCTAGCTC_SMC041	SMC041	AD
AGGTAGGTCCTGGCTT_SMC035	SMC035	Active control
AGGTCATAGAGCAGTC_SMC041	SMC041	AD
AGGTCATGTACCCGAC_SMC052	SMC052	Control
AGGTCATGTGGCCTCA_SMC035	SMC035	Active control
AGGTCTACACACCTAA_SMC052	SMC052	Control
AGGTCTAGTAGCGTCC_SMC052	SMC052	Control
AGGTCTATCTTTGATC_SMC053	SMC053	Active control
AGGTGTTAGCCTGTCG_SMC038	SMC038	AD
AGGTGTTGTCAACGCC_SMC041	SMC041	AD
AGGTGTTTCAACTCTT_SMC049	SMC049	AD
AGGTTACAGTCCTGTA_SMC033	SMC033	Control
AGGTTACCAACGACTT_SMC049	SMC049	AD
AGGTTAGGTTGCAGGG_PO42	PO42	AD
AGGTTCGCAATTGGTA_PO42	PO42	AD
AGGTTGTAGTCAAGCG_SMC038	SMC038	AD
AGGTTGTCATTCTGTT_SMC053	SMC053	Active control
AGGTTGTGTCAGCGTC_SMC033	SMC033	Control
AGTAACCAGAACTGAT_SMC038	SMC038	AD
AGTAACCAGACTAAGT_SMC049	SMC049	AD
AGTAACCAGCGATTCT_SMC049	SMC049	AD
AGTAACCCAGGGCTGT_PO28	PO28	AD
AGTAACCCAGTTGCTC_PO11	PO11	AD
AGTAACCGTTAATCGC_SMC041	SMC041	AD
AGTACCAGTATGAAAC_SMC033	SMC033	Control
AGTACCAGTTAGAGTA_SMC053	SMC053	Active control
AGTACCAGTTGCTAGT_SMC038	SMC038	AD
AGTACCAGTTTAGAGA_SMC049	SMC049	AD
AGTACCATCGCTAATG_PO28	PO28	AD
AGTACCGCAAGCACAT_PO05	PO05	AD
AGTACGGAGCGGATAG_PO28	PO28	AD
AGTACTGTCAAAGGAT_SMC037	SMC037	Active control
AGTAGCTCAATGTCTG_SMC031	SMC031	Active control
AGTAGCTCAGTTCCAA_SMC041	SMC041	AD
AGTAGCTGTTGGGAAC_SMC038	SMC038	AD
AGTAGCTTCTGGGCAC_SMC033	SMC033	Control
AGTAGTCGTACGTTCA_SMC038	SMC038	AD
AGTATCACAAAGGAGC_PO05	PO05	AD
AGTATGAAGTCTAGCA_PO15	PO15	Control
AGTCAACAGAGCAGCT_SMC041	SMC041	AD
AGTCAACCACACCGCA_SMC035	SMC035	Active control
AGTCAACGTCTGTCAA_SMC053	SMC053	Active control
AGTCAACGTGTCCGTG_SMC052	SMC052	Control
AGTCAACTCCCAAGTA_SMC049	SMC049	AD
AGTCACAAGATTAGCA_SMC053	SMC053	Active control
AGTCACAAGGACAAGA_SMC035	SMC035	Active control
AGTCACAAGGACTATA_SMC035	SMC035	Active control
AGTCACACACGACTAT_SMC033	SMC033	Control
AGTCACAGTTAAGACA_SMC041	SMC041	AD
AGTCAGCTCTAAGCAT_PO23	PO23	Control
AGTCAGGAGGTTCCTT_PO11	PO11	AD
AGTCAGTCATTCAGCC_PO28	PO28	AD
AGTCATGCACTTGACA_SMC053	SMC053	Active control
AGTCATGGTCTTTCAT_SMC052	SMC052	Control
AGTCATGTCTATACGG_SMC052	SMC052	Control
AGTCCAGCAGCAGGAG_PO41	PO41	AD
AGTCCTAAGTAGCATT_PO05	PO05	AD
AGTCCTAAGTCGAGTC_PO23	PO23	Control
AGTCGAAGTTTCCAGG_PO20	PO20	Control
AGTCGATCATTCCTAG_PO28	PO28	AD
AGTCGTTGTGAGAGCT_PO28	PO28	AD
AGTCTCCCACACACGC_SMC053	SMC053	Active control
AGTCTCCCAGTATACC_SMC052	SMC052	Control
AGTCTCCGTATCGCAT_SMC052	SMC052	Control
AGTCTCCTCAGCCCAG_SMC049	SMC049	AD
AGTCTCCTCATTCTTG_SMC053	SMC053	Active control
AGTCTTGAGCTGAGAG_PO13	PO13	Control
AGTGACAGTCAGCTTG_PO11	PO11	AD
AGTGACTAGCACTAAA_SMC052	SMC052	Control
AGTGACTAGGTACATA_SMC049	SMC049	AD
AGTGACTCACCAAAGG_SMC053	SMC053	Active control
AGTGACTGTGAGACCA_SMC038	SMC038	AD
AGTGACTTCGATTGGT_SMC049	SMC049	AD
AGTGAGACAACCCGAA_PO11	PO11	AD
AGTGAGTAGGTCATGC_PO41	PO41	AD
AGTGATCAGGGCAACT_SMC053	SMC053	Active control
AGTGATCAGTAGTCAA_SMC033	SMC033	Control
AGTGATCCATCAGCGC_SMC035	SMC035	Active control
AGTGATCGTAGCGTAG_SMC049	SMC049	AD
AGTGATTTCGATCGGT_PO23	PO23	Control
AGTGCCGCAATTTCCT_SMC053	SMC053	Active control
AGTGCTCAGCTAGGCT_PO15	PO15	Control
AGTGGAACATCCTCGG_PO05	PO05	AD
AGTGGCTTCGACCCAG_PO41	PO41	AD
AGTGGTGAGGCATGGA_PO20	PO20	Control
AGTGGTTCAATATCTC_PO42	PO42	AD
AGTGTAAAGCCAGTTA_PO28	PO28	AD
AGTGTGAGTCTAGGAA_PO28	PO28	AD
AGTGTGAGTGCGGTGA_PO42	PO42	AD
AGTGTGGAGTACCATG_PO11	PO11	AD
AGTGTTGAGCAGCACA_SMC049	SMC049	AD
AGTGTTGAGCATGAAT_SMC035	SMC035	Active control
AGTGTTGGTCGTCAGC_SMC037	SMC037	Active control
AGTGTTGGTGTGGTCC_SMC038	SMC038	AD
AGTGTTGTCTGGATAT_PO13	PO13	Control
AGTTAGCAGGGAGGTG_SMC052	SMC052	Control
AGTTAGCCACTGTGTA_SMC049	SMC049	AD
AGTTAGCGTCGAACAG_SMC033	SMC033	Control
AGTTCCCAGCAGCCTC_SMC053	SMC053	Active control
AGTTCCCAGTTCGCAT_SMC035	SMC035	Active control
AGTTCCCCAGAGGTTG_SMC041	SMC041	AD
AGTTCCCTCATTCACT_SMC053	SMC053	Active control
AGTTCCCTCGGCTGAC_SMC030	SMC030	Control
AGTTCGACAGAGGCAT_SMC053	SMC053	Active control
AGTTCGATCGACGTCG_SMC037	SMC037	Active control
AGTTGAAAGTAGCTTG_PO42	PO42	AD
AGTTGAGGTTAACGAG_PO23	PO23	Control
AGTTGAGGTTCGGTGC_PO11	PO11	AD
AGTTGCATCCGCACCT_PO23	PO23	Control
AGTTGGGAGTGGCCTG_PO20	PO20	Control
AGTTTAGCAAGCTAAC_PO42	PO42	AD
ATAACCACAAACCTGG_PO11	PO11	AD
ATAACCACAACCGTCT_PO20	PO20	Control
ATAACCACACCAGCTT_PO05	PO05	AD
ATAACGGGTATGTCCG_PO28	PO28	AD
ATAATGCTCCATCCAT_PO05	PO05	AD
ATACACTAGGAATTGA_PO42	PO42	AD
ATACACTAGGCTCAGT_PO13	PO13	Control
ATACCAACATTCCTGA_PO20	PO20	Control
ATACCGACAAACCATC_SMC033	SMC033	Control
ATACCGACAGGAGACT_SMC053	SMC053	Active control
ATACCGAGTGAGATCG_SMC038	SMC038	AD
ATACGAAAGCTTCCTG_PO41	PO41	AD
ATACGTTAGGGGTACA_PO28	PO28	AD
ATACTGACAGGATCAT_PO20	PO20	Control
ATACTGACATTCCTTC_PO05	PO05	AD
ATACTTCGTACAACGG_SMC038	SMC038	AD
ATACTTCGTCATCGCG_SMC041	SMC041	AD
ATACTTCGTGACAACG_SMC053	SMC053	Active control
ATACTTCTCTCAATCT_SMC033	SMC033	Control
ATAGACCAGGCCTGAA_SMC049	SMC049	AD
ATAGACCGTCGTATTG_SMC035	SMC035	Active control
ATAGACCTCATGAAAG_SMC041	SMC041	AD
ATAGAGAAGCTGAGCA_SMC035	SMC035	Active control
ATAGAGATCTCATTTG_SMC038	SMC038	AD
ATAGCGAGTGGACATA_PO41	PO41	AD
ATAGCGAGTTGCTTGG_PO11	PO11	AD
ATAGCGGAGAAGCGGC_PO23	PO23	Control
ATAGGCCTCCGCGGTA_PO28	PO28	AD
ATAGGCGAGGTCACGT_PO28	PO28	AD
ATAGGCTCACAATCCC_PO28	PO28	AD
ATAGGCTGTCCCAAAT_SMC053	SMC053	Active control
ATAGGGCGTAATCCTA_PO11	PO11	AD
ATAGGGTAGTGACCAC_PO23	PO23	Control
ATATCAGCAACTACGG_PO28	PO28	AD
ATATCCCTCGTGAGAG_PO15	PO15	Control
ATATCCTAGTCTAACC_SMC053	SMC053	Active control
ATATCCTCACAAATAG_SMC049	SMC049	AD
ATATCCTTCGGTATGT_SMC049	SMC049	AD
ATATGGGGTATGGAGC_PO13	PO13	Control
ATATGTCAGATAGGAC_PO20	PO20	Control
ATCAAGGGTCTAGAGA_PO11	PO11	AD
ATCACAGAGTAAAGCT_SMC041	SMC041	AD
ATCACAGGTATAGGGC_SMC049	SMC049	AD
ATCACAGGTCCAAGAG_SMC052	SMC052	Control
ATCACAGGTGGACTGA_SMC035	SMC035	Active control
ATCACAGTCACATACG_SMC041	SMC041	AD
ATCACGAAGGTTGGAC_SMC052	SMC052	Control
ATCACGAAGTTAGTGA_SMC049	SMC049	AD
ATCACGAGTGAGCGAT_SMC032	SMC032	AD
ATCACTTAGGTGCATG_SMC052	SMC052	Control
ATCACTTAGTATGGCG_SMC053	SMC053	Active control
ATCACTTTCGGAATGG_SMC031	SMC031	Active control
ATCAGGTGTGGTCTAT_SMC033	SMC033	Control
ATCAGTTAGGAGTAAC_PO42	PO42	AD
ATCATCCTCACTTGCT_PO20	PO20	Control
ATCATCTCAACTGGAT_PO28	PO28	AD
ATCATCTCAAGGTACT_PO11	PO11	AD
ATCATCTCATTACCGC_PO28	PO28	AD
ATCATTCAGGACATCG_SMC049	SMC049	AD
ATCATTCCAACGGCAC_PO11	PO11	AD
ATCATTCCATCAATTC_PO42	PO42	AD
ATCCACCAGATACTGA_SMC037	SMC037	Active control
ATCCACCTCACCTCTG_SMC052	SMC052	Control
ATCCACGGTGAGCGTG_PO41	PO41	AD
ATCCACGGTTAGCAGA_PO05	PO05	AD
ATCCACTTCACTTCAC_PO42	PO42	AD
ATCCATGAGGGGTACA_PO23	PO23	Control
ATCCATGAGTATGGAA_PO11	PO11	AD
ATCCATTCAATAACCC_SMC029	SMC029	AD
ATCCATTCACAGAAGC_SMC052	SMC052	Control
ATCCATTCAGTATTCG_SMC041	SMC041	AD
ATCCATTCATAGAAAC_SMC041	SMC041	AD
ATCCATTGTGTTACTG_SMC049	SMC049	AD
ATCCATTTCATTTACC_SMC030	SMC030	Control
ATCCATTTCCAAGCCG_SMC038	SMC038	AD
ATCCGTAAGGAGGACC_PO20	PO20	Control
ATCCGTCAGACAAGCC_SMC035	SMC035	Active control
ATCCGTCCAGGTTCCG_SMC037	SMC037	Active control
ATCCTAGAGGCGAATG_PO41	PO41	AD
ATCCTAGAGGTAGATA_PO11	PO11	AD
ATCCTATAGGTTTACC_SMC052	SMC052	Control
ATCCTATAGTCACTAC_SMC052	SMC052	Control
ATCCTATCACGGCCAT_SMC052	SMC052	Control
ATCCTATGTCGTTATG_SMC033	SMC033	Control
ATCCTCACAGGATGGG_PO05	PO05	AD
ATCGAACCAACGTGCA_PO42	PO42	AD
ATCGATGCATCGGATT_SMC052	SMC052	Control
ATCGATGTCTGACCCT_SMC035	SMC035	Active control
ATCGCCTAGCTGGAGT_SMC039	SMC039	AD
ATCGCCTCACCAACCT_PO05	PO05	AD
ATCGCCTCACTAGCCT_PO20	PO20	Control
ATCGCCTGTGCTCTCT_SMC041	SMC041	AD
ATCGCCTGTTCTCAGA_SMC052	SMC052	Control
ATCGCCTTCAGACCTA_SMC035	SMC035	Active control
ATCGCCTTCCGTGCGA_SMC035	SMC035	Active control
ATCGCCTTCGAATGCT_SMC053	SMC053	Active control
ATCGCCTTCGGCGATC_SMC053	SMC053	Active control
ATCGCGCGTTCACTGG_PO28	PO28	AD
ATCGGATGTTCCGCAG_SMC053	SMC053	Active control
ATCGGCGAGAGTACCG_SMC052	SMC052	Control
ATCGGCGCAGGTAGTG_SMC052	SMC052	Control
ATCGGCGTCCTGGGTG_SMC041	SMC041	AD
ATCGTAGGTACCTATG_SMC032	SMC032	AD
ATCGTAGTCCGAGGCT_SMC052	SMC052	Control
ATCGTAGTCTCTAAGG_SMC031	SMC031	Active control
ATCGTCCAGAGAGGGC_SMC032	SMC032	AD
ATCGTCCGTCTGTGAT_SMC037	SMC037	Active control
ATCTAACAGAAGCTGG_PO42	PO42	AD
ATCTAACAGTGACGAG_PO15	PO15	Control
ATCTACTCAACTGGTG_PO28	PO28	AD
ATCTCTACAAGAAACT_SMC053	SMC053	Active control
ATCTCTAGTTACGTAC_SMC053	SMC053	Active control
ATCTCTATCGCATTAG_SMC038	SMC038	AD
ATCTGAGTCTGTGAGC_PO15	PO15	Control
ATCTGGATCCTCAATC_PO05	PO05	AD
ATCTTCACACAACGAG_SMC032	SMC032	AD
ATCTTCAGTCCTACGG_SMC049	SMC049	AD
ATCTTCAGTGCCCTTT_SMC053	SMC053	Active control
ATCTTCATCAGGCAGA_PO13	PO13	Control
ATGAAAGAGGTAAGAG_SMC033	SMC033	Control
ATGAAAGTCACCCTGC_PO28	PO28	AD
ATGAAAGTCGTGCCAG_PO28	PO28	AD
ATGAACGGTCTCACAG_PO28	PO28	AD
ATGAACGGTTTACATG_PO05	PO05	AD
ATGACCAAGGATGTTA_SMC037	SMC037	Active control
ATGACCAGTCGCTTAA_SMC052	SMC052	Control
ATGACCATCATACGGT_SMC053	SMC053	Active control
ATGACCATCCCGAGTG_SMC036	SMC036	AD
ATGAGGCGTCAGGAAC_PO41	PO41	AD
ATGAGGTAGGATGGAT_PO41	PO41	AD
ATGAGGTAGGCTGTAC_PO05	PO05	AD
ATGAGTCAGAGTTCGG_SMC049	SMC049	AD
ATGAGTCCACAGAGCA_SMC038	SMC038	AD
ATGAGTCCACATTGTG_SMC038	SMC038	AD
ATGAGTCGTAAGATTG_SMC049	SMC049	AD
ATGATCCGTGCGGATG_PO28	PO28	AD
ATGATCGCACAAGCCC_SMC033	SMC033	Control
ATGATCGGTTCTTAGG_SMC033	SMC033	Control
ATGATCGTCTTTCAGT_SMC049	SMC049	AD
ATGCAGGAGCCTACCC_PO28	PO28	AD
ATGCATGCAACCGTGC_SMC049	SMC049	AD
ATGCATGCACTTGTCC_SMC052	SMC052	Control
ATGCATGTCCGGCAGT_SMC027	SMC027	Control
ATGCCAATCAGTTAGT_PO41	PO41	AD
ATGCCACAGCGATGCT_PO11	PO11	AD
ATGCCTCCATCTTAGG_SMC033	SMC033	Control
ATGCCTCGTTGAAGTA_SMC037	SMC037	Active control
ATGCGATAGCCACAAG_SMC053	SMC053	Active control
ATGCGATTCATTCGTT_SMC053	SMC053	Active control
ATGCGGTTCGCGCAAT_PO23	PO23	Control
ATGCTTAGTTATCATG_PO05	PO05	AD
ATGCTTGAGTGGCTCG_PO11	PO11	AD
ATGGACCTCATCTGGA_PO42	PO42	AD
ATGGAGGAGCCTCTCT_SMC053	SMC053	Active control
ATGGAGGCAGCGCTTG_SMC039	SMC039	AD
ATGGAGGGTGGAATGC_SMC049	SMC049	AD
ATGGATCCACAGTGAG_SMC035	SMC035	Active control
ATGGATCCAGTTAGGG_SMC041	SMC041	AD
ATGGATCCATCGGAAG_SMC052	SMC052	Control
ATGGATCGTTACACAC_SMC039	SMC039	AD
ATGGATCTCCATTGTT_SMC049	SMC049	AD
ATGGCCCGTGCGTGCT_PO20	PO20	Control
ATGGCTGCAGGAACCC_PO28	PO28	AD
ATGGGAGAGAATTGTG_SMC033	SMC033	Control
ATGGGAGTCGCTATTT_SMC049	SMC049	AD
ATGGGATAGCCGATAC_PO28	PO28	AD
ATGGGTGAGTTGCGGT_PO28	PO28	AD
ATGGGTTAGGCATCTT_SMC041	SMC041	AD
ATGGGTTCAGTTAGAA_SMC053	SMC053	Active control
ATGGGTTCATGTGCCG_SMC037	SMC037	Active control
ATGGGTTGTACCGTGC_SMC053	SMC053	Active control
ATGGGTTTCGACCACG_SMC033	SMC033	Control
ATGGGTTTCTGACAGT_SMC049	SMC049	AD
ATGGTAAAGTGAACTT_PO20	PO20	Control
ATGGTGAGTGAGCCGA_PO05	PO05	AD
ATGGTTGAGCGCCATC_SMC053	SMC053	Active control
ATGGTTGAGTTGTCAC_SMC052	SMC052	Control
ATGGTTGGTGGTCTTA_SMC049	SMC049	AD
ATGGTTGTCATGAAAG_SMC049	SMC049	AD
ATGTACCGTCTAGGCC_PO41	PO41	AD
ATGTCAACACAGGGTC_PO23	PO23	Control
ATGTCCCTCACCATAG_SMC033	SMC033	Control
ATGTCCCTCGGCTATA_SMC041	SMC041	AD
ATGTCCCTCTGAATGC_SMC033	SMC033	Control
ATGTCTTAGCAATTCC_SMC030	SMC030	Control
ATGTGGGAGCATGCAC_PO05	PO05	AD
ATGTGGGAGGGTCTGT_PO11	PO11	AD
ATGTGTTAGGATAGGT_PO28	PO28	AD
ATGTTAGCATCGATCC_PO23	PO23	Control
ATTAAGCTCTTGATCC_PO05	PO05	AD
ATTACAGCAGTAAGGA_PO20	PO20	Control
ATTACCCTCACAGCCG_PO23	PO23	Control
ATTACCTAGCCTGAAG_SMC041	SMC041	AD
ATTACCTAGTCATCCA_SMC037	SMC037	Active control
ATTACCTTCACTTTGT_SMC037	SMC037	Active control
ATTACCTTCATTCCTA_SMC049	SMC049	AD
ATTACCTTCGATGCTA_SMC041	SMC041	AD
ATTACCTTCTAGCCAA_SMC038	SMC038	AD
ATTACTCAGATCCTAC_SMC049	SMC049	AD
ATTACTCAGGAACGTC_SMC035	SMC035	Active control
ATTACTCAGGCCACCT_SMC052	SMC052	Control
ATTATCCAGCCTTGAT_SMC037	SMC037	Active control
ATTATCCAGCTTCTAG_SMC041	SMC041	AD
ATTATCCCATCATCTT_SMC037	SMC037	Active control
ATTATCCCATTAGTCT_PO20	PO20	Control
ATTATCCTCGGCAGTC_SMC053	SMC053	Active control
ATTATCCTCTCTTAAC_SMC033	SMC033	Control
ATTCACTGTTCTAACG_SMC041	SMC041	AD
ATTCACTTCATGACAC_SMC041	SMC041	AD
ATTCACTTCCCTATTA_SMC038	SMC038	AD
ATTCACTTCCCTTGGT_SMC033	SMC033	Control
ATTCACTTCTAAGCCA_SMC033	SMC033	Control
ATTCAGGAGTGGCGAT_SMC041	SMC041	AD
ATTCAGGCAACGTATC_SMC041	SMC041	AD
ATTCAGGCAGGATGAC_SMC035	SMC035	Active control
ATTCAGGGTCGACTTA_SMC041	SMC041	AD
ATTCAGGTCAAGCGTT_SMC030	SMC030	Control
ATTCATCCATTGCAAC_SMC041	SMC041	AD
ATTCCAAGTAGCGCCT_PO05	PO05	AD
ATTCCATGTTACCTTT_SMC038	SMC038	AD
ATTCCATTCCTACCAC_SMC049	SMC049	AD
ATTCCATTCGGTCATA_SMC038	SMC038	AD
ATTCCGCCACAACCCT_PO23	PO23	Control
ATTCCGGGTTCACTCC_PO13	PO13	Control
ATTCCTAAGCGACAGT_SMC053	SMC053	Active control
ATTCCTACAACTCCCT_SMC039	SMC039	AD
ATTCCTAGTAGTATAG_SMC053	SMC053	Active control
ATTCGCTTCCGGTAAC_PO15	PO15	Control
ATTCGGGCAAATCAGC_PO23	PO23	Control
ATTCGTTAGCCGCTTG_SMC037	SMC037	Active control
ATTCGTTCACCATGAG_PO23	PO23	Control
ATTCGTTGTCGAGTTT_SMC049	SMC049	AD
ATTCGTTGTGCCGGTT_SMC037	SMC037	Active control
ATTCTACAGGCTTAGG_SMC036	SMC036	AD
ATTCTACGTAAGTCAA_SMC049	SMC049	AD
ATTCTACGTTATAGCC_SMC037	SMC037	Active control
ATTCTACGTTGGCTAT_SMC049	SMC049	AD
ATTCTTGCACTGGACC_SMC053	SMC053	Active control
ATTCTTGGTCGACTGC_SMC052	SMC052	Control
ATTCTTGGTTTACTGG_SMC049	SMC049	AD
ATTGAGAAGGAGGTGC_PO28	PO28	AD
ATTGAGGGTAGTAGCA_PO13	PO13	Control
ATTGAGGGTTGGGCAG_PO28	PO28	AD
ATTGGCCAGCTTCCCA_PO11	PO11	AD
ATTGGCGCATTAGGCG_PO20	PO20	Control
ATTGGGTAGCGCATCC_SMC052	SMC052	Control
ATTGGGTCATCCCAAC_PO41	PO41	AD
ATTGGGTTCTATGTGG_SMC039	SMC039	AD
ATTGTTCAGGTTGGAC_SMC041	SMC041	AD
ATTGTTCTCATAGGCT_SMC049	SMC049	AD
ATTGTTCTCCGTAGTA_SMC049	SMC049	AD
ATTTCACGTCCTTGTC_SMC041	SMC041	AD
ATTTCTGAGAGCCGAT_SMC053	SMC053	Active control
ATTTCTGGTACTGCGC_SMC049	SMC049	AD
ATTTCTGGTCTTAGTG_SMC052	SMC052	Control
CAAACCATCAATCAGT_PO20	PO20	Control
CAAACCATCCCATGAA_PO28	PO28	AD
CAAACCTGTTTACGGT_PO42	PO42	AD
CAAAGAAAGATTGATG_SMC053	SMC053	Active control
CAAAGAATCTACAGGT_SMC049	SMC049	AD
CAAAGCCTCCATCTGT_PO05	PO05	AD
CAAAGCCTCGTGAACC_PO20	PO20	Control
CAAAGCCTCTAGCTGA_PO28	PO28	AD
CAAAGGGTCATCGACA_PO41	PO41	AD
CAAAGGGTCCTTCGGC_PO28	PO28	AD
CAAATGAAGTAAGGCG_PO11	PO11	AD
CAAATGGGTTAGGTAG_PO20	PO20	Control
CAACAACAGCGGTAGT_SMC053	SMC053	Active control
CAACAACGTGCCAAGA_SMC038	SMC038	AD
CAACAACTCTCAATCT_SMC049	SMC049	AD
CAACAACTCTCGGCTT_SMC041	SMC041	AD
CAACAGTAGGCATTTC_SMC037	SMC037	Active control
CAACAGTTCATACAGC_SMC033	SMC033	Control
CAACAGTTCCATTCAT_SMC049	SMC049	AD
CAACAGTTCTTGTGCC_SMC053	SMC053	Active control
CAACCAACAGGAATAT_SMC037	SMC037	Active control
CAACCAACATAGAGGC_SMC041	SMC041	AD
CAACCAAGTAAGTTAG_SMC033	SMC033	Control
CAACCAAGTGGTTTGT_SMC053	SMC053	Active control
CAACCAATCCATCAGA_PO11	PO11	AD
CAACCCAGTTAAGCAG_PO28	PO28	AD
CAACCTCCAGAATGTA_SMC052	SMC052	Control
CAACCTCCAGGTGTTT_SMC035	SMC035	Active control
CAACCTCTCAACTTTC_SMC032	SMC032	AD
CAACCTCTCGCCACTT_SMC037	SMC037	Active control
CAACCTCTCTCCATAT_SMC049	SMC049	AD
CAACGATGTAGCTGTT_SMC035	SMC035	Active control
CAACGATGTGTCCGTG_SMC049	SMC049	AD
CAACGATTCCAGCACG_SMC053	SMC053	Active control
CAACGATTCGGCCCAA_SMC049	SMC049	AD
CAACGGCAGCAAGTGC_SMC037	SMC037	Active control
CAACGGCCATTGCCTC_SMC041	SMC041	AD
CAACGGGGTCAACCTG_PO20	PO20	Control
CAACTGATCGACTGCG_PO28	PO28	AD
CAAGACTCAAGCGCAC_PO42	PO42	AD
CAAGAGGAGCGATTCT_SMC049	SMC049	AD
CAAGCGCCATCGTTCA_PO11	PO11	AD
CAAGCTAAGACTGTTC_SMC049	SMC049	AD
CAAGCTAAGCGCCCAT_SMC053	SMC053	Active control
CAAGCTAAGTGCTCGC_SMC038	SMC038	AD
CAAGCTAGTGACTATC_SMC037	SMC037	Active control
CAAGCTAGTGTCGATT_SMC049	SMC049	AD
CAAGCTATCACAGCTA_PO28	PO28	AD
CAAGCTATCGCTTTAT_SMC033	SMC033	Control
CAAGCTATCTATTGTC_SMC053	SMC053	Active control
CAAGCTCAGCCTGATA_PO11	PO11	AD
CAAGGGAAGAGTCAGC_SMC049	SMC049	AD
CAAGGGAAGCACCGTC_SMC052	SMC052	Control
CAAGGGACAGAGTAAT_SMC053	SMC053	Active control
CAAGGGACATGACACT_SMC049	SMC049	AD
CAAGGGAGTATCCTCC_SMC030	SMC030	Control
CAAGGTGAGCAGGCAA_PO20	PO20	Control
CAAGTCGCAAGTGAAG_PO15	PO15	Control
CAATACGCAAGCTGTT_SMC037	SMC037	Active control
CAATAGCCATGGTCAG_PO23	PO23	Control
CAATCATAGCTATGGC_PO41	PO41	AD
CAATCCGGTGGGTCCT_PO42	PO42	AD
CAATCGACAATTCTTC_SMC052	SMC052	Control
CAATCGACACCACTGG_SMC041	SMC041	AD
CAATCGATCCCAGGCA_PO05	PO05	AD
CAATCGATCGCTCCTA_SMC038	SMC038	AD
CAATCGATCGCTGATA_SMC049	SMC049	AD
CAATCTTCAATTGGTA_PO15	PO15	Control
CAATGACCAAGCCTGC_SMC049	SMC049	AD
CAATGACCATGCCGGT_SMC033	SMC033	Control
CAATGACGTGCACGCT_SMC035	SMC035	Active control
CAATGGCTCGATTGGC_PO20	PO20	Control
CAATGGTCACTTACAT_PO13	PO13	Control
CAATTTCCAAATACAG_SMC052	SMC052	Control
CAATTTCCAAGTAACC_PO28	PO28	AD
CAATTTCGTGGGCTCT_SMC033	SMC033	Control
CAATTTCTCCGATCTC_SMC038	SMC038	AD
CACAACACACAGAGAC_SMC053	SMC053	Active control
CACAACAGTTAGGGTG_SMC033	SMC033	Control
CACACAAAGCCGGAAT_SMC041	SMC041	AD
CACACAAAGGATGCGT_SMC038	SMC038	AD
CACACAAAGTCACTAC_SMC053	SMC053	Active control
CACACAACAAGAGGTC_SMC041	SMC041	AD
CACACAAGTCCTGAAT_SMC039	SMC039	AD
CACACAGCATAAGCAC_PO11	PO11	AD
CACACCCTCACTATCC_PO20	PO20	Control
CACACCCTCGACTAGC_PO41	PO41	AD
CACACCCTCGCATCGG_PO23	PO23	Control
CACACCTCATCCCAAC_PO23	PO23	Control
CACACTAAGTAAGCGG_PO28	PO28	AD
CACAGATGTACGATTC_SMC030	SMC030	Control
CACAGGCCAGAGTGTG_SMC033	SMC033	Control
CACAGGCCATTGCCTC_SMC035	SMC035	Active control
CACATAGTCGAGTGGA_PO20	PO20	Control
CACATCCCAAACCCAG_PO28	PO28	AD
CACATGAGTCATGACT_SMC037	SMC037	Active control
CACATTAGTGAGGACT_PO20	PO20	Control
CACATTGAGGTGGACA_PO20	PO20	Control
CACATTTCAACCTTCA_PO42	PO42	AD
CACCAAAAGTCACAGG_SMC049	SMC049	AD
CACCAAACAGTTTCAG_SMC033	SMC033	Control
CACCAAAGTCATCCCT_SMC053	SMC053	Active control
CACCAAATCACCTGGG_SMC053	SMC053	Active control
CACCAAATCCCTTGTG_SMC041	SMC041	AD
CACCAAATCGTTGTTT_SMC049	SMC049	AD
CACCATAAGCTATCAG_PO13	PO13	Control
CACCATAAGTAGCGGA_PO05	PO05	AD
CACCATTTCCTCTCAG_PO20	PO20	Control
CACCCGTTCCGTGTGG_PO23	PO23	Control
CACCGATAGAACGACG_PO28	PO28	AD
CACCGCAAGCTACGGT_PO28	PO28	AD
CACCGTTCACATACGT_SMC053	SMC053	Active control
CACCGTTCAGTTGGCA_PO20	PO20	Control
CACCGTTTCATTCGTT_SMC049	SMC049	AD
CACCTAAAGCGAACTC_PO20	PO20	Control
CACGAAAGTGCGCATC_PO28	PO28	AD
CACGAATAGAATCGAT_SMC052	SMC052	Control
CACGAATCAAGTCCCG_SMC052	SMC052	Control
CACGAATCACTACGGC_SMC049	SMC049	AD
CACGAATCAGTGGTGA_SMC049	SMC049	AD
CACGAATCATCGGATT_SMC052	SMC052	Control
CACGAATGTTGGGTTT_SMC033	SMC033	Control
CACGAATTCTGGTGCG_SMC039	SMC039	AD
CACGAGGGTAGCAGTA_PO28	PO28	AD
CACGAGGGTATAGACG_PO23	PO23	Control
CACGATGCAAGCACCA_PO20	PO20	Control
CACGGGTAGAATTGCA_SMC049	SMC049	AD
CACGGGTAGACAGCTG_SMC053	SMC053	Active control
CACGGGTCAACCTGTC_PO13	PO13	Control
CACGGGTCATACTGAC_SMC033	SMC033	Control
CACGGGTGTGGCTTGC_SMC049	SMC049	AD
CACGGGTTCCAGGACC_SMC035	SMC035	Active control
CACGTGGCAAACTCTG_SMC049	SMC049	AD
CACGTGGTCTTGAGCA_SMC036	SMC036	AD
CACGTTCAGCGTGCTC_SMC049	SMC049	AD
CACGTTCAGTGCAACG_SMC053	SMC053	Active control
CACGTTCCAAACCACT_SMC038	SMC038	AD
CACGTTCGTCAATCTG_SMC041	SMC041	AD
CACGTTCTCCTAACAG_SMC052	SMC052	Control
CACGTTCTCCTGTTGC_SMC033	SMC033	Control
CACGTTGGTCTGGTAT_PO28	PO28	AD
CACTAAGAGAGTGGCT_SMC041	SMC041	AD
CACTAAGCACTCATAG_SMC053	SMC053	Active control
CACTAAGTCGTTCATT_SMC052	SMC052	Control
CACTACTTCCGGAGTT_PO28	PO28	AD
CACTATGAGCCGCAAT_PO11	PO11	AD
CACTCACCAACCGCAA_PO20	PO20	Control
CACTCACCAGGATGAA_PO28	PO28	AD
CACTCACCAGGTTGCA_PO28	PO28	AD
CACTGAAAGGACAACC_SMC038	SMC038	AD
CACTGCCTCTGGATTG_PO41	PO41	AD
CACTGGGAGAACAAGG_SMC052	SMC052	Control
CACTGGGGTGACCGTC_SMC049	SMC049	AD
CACTGTCTCCTTTGAT_SMC052	SMC052	Control
CACTTCGAGTCATAGA_SMC030	SMC030	Control
CACTTCGCACTCCTTG_SMC033	SMC033	Control
CACTTCGTCGGTTGTA_SMC052	SMC052	Control
CAGAGCCTCTGGCCGA_SMC053	SMC053	Active control
CAGATACAGCACCCAC_SMC053	SMC053	Active control
CAGATACCAACTGGTT_SMC037	SMC037	Active control
CAGATACCACAACGCC_SMC053	SMC053	Active control
CAGATACCACACTGGC_SMC041	SMC041	AD
CAGATACGTCAATGGG_SMC033	SMC033	Control
CAGATACGTGAGGATC_SMC052	SMC052	Control
CAGATACTCCTTGACC_SMC033	SMC033	Control
CAGATCACATGTGACT_SMC053	SMC053	Active control
CAGATCAGTCAACCTA_SMC053	SMC053	Active control
CAGATCAGTGTTAGCT_SMC037	SMC037	Active control
CAGATCATCTCCCTAG_SMC041	SMC041	AD
CAGATTGTCCTTGACC_SMC038	SMC038	AD
CAGCAATAGACATATG_SMC030	SMC030	Control
CAGCAATCACATTGGG_PO15	PO15	Control
CAGCAATGTTTCGACA_SMC052	SMC052	Control
CAGCACGAGGCAGGTT_SMC053	SMC053	Active control
CAGCACGAGGGTTAAT_SMC038	SMC038	AD
CAGCACGAGTAGTCTC_SMC053	SMC053	Active control
CAGCACGCACCTATCC_SMC049	SMC049	AD
CAGCACGCACCTGTCT_SMC049	SMC049	AD
CAGCACGCAGGTCTCG_SMC041	SMC041	AD
CAGCACTAGGGTCACT_PO28	PO28	AD
CAGCAGCCAAATTGCC_SMC033	SMC033	Control
CAGCAGCCAATTGCAC_SMC041	SMC041	AD
CAGCAGCGTAGGACTG_SMC037	SMC037	Active control
CAGCAGCTCGAACCAT_SMC041	SMC041	AD
CAGCCAGAGCTGAAGC_SMC037	SMC037	Active control
CAGCCAGGTAGTACGG_SMC038	SMC038	AD
CAGCCATAGCAATCTG_PO11	PO11	AD
CAGCCATAGCGCCTGA_PO28	PO28	AD
CAGCGTGCAAGATTGA_SMC053	SMC053	Active control
CAGCGTGCAGTGTGCC_SMC038	SMC038	AD
CAGCGTGTCACTTGTT_SMC033	SMC033	Control
CAGGATAGTAGCCTCA_PO23	PO23	Control
CAGGATAGTTAGACGA_PO23	PO23	Control
CAGGATTCATGGAATC_PO20	PO20	Control
CAGGCCAAGAATAGTC_SMC041	SMC041	AD
CAGGCCAAGAGAATCT_SMC053	SMC053	Active control
CAGGCCAAGGTTGGTG_SMC049	SMC049	AD
CAGGCCAGTTCTTCAT_SMC049	SMC049	AD
CAGGCTTAGTAGTCGC_PO11	PO11	AD
CAGGGCTAGGACTATA_SMC038	SMC038	AD
CAGGGGACATTACGCC_PO23	PO23	Control
CAGGGTTTCTAAGCTG_PO28	PO28	AD
CAGGTAAGTCTGGCGT_PO28	PO28	AD
CAGGTATCACGATTCA_SMC035	SMC035	Active control
CAGGTATGTTCGGCGT_SMC041	SMC041	AD
CAGGTATTCACCTCTG_SMC037	SMC037	Active control
CAGGTATTCGGATACT_SMC032	SMC032	AD
CAGTAAGGTTCGCAGC_PO28	PO28	AD
CAGTAGCTCACCCTGC_PO23	PO23	Control
CAGTCAATCACGCAGT_PO42	PO42	AD
CAGTCTAAGCTTACGA_PO20	PO20	Control
CAGTGCGCACAACATC_SMC049	SMC049	AD
CAGTGCGGTGACTAAA_SMC049	SMC049	AD
CAGTGCGGTTACGTAC_SMC033	SMC033	Control
CAGTGCGTCAAGCCCG_SMC053	SMC053	Active control
CAGTTAGCACTCCGGA_SMC041	SMC041	AD
CAGTTAGTCAGGAGAC_SMC049	SMC049	AD
CAGTTAGTCTGTGCGG_SMC053	SMC053	Active control
CAGTTCCAGGCACAAC_SMC053	SMC053	Active control
CAGTTCCCAAGTATGC_PO15	PO15	Control
CATAAGCAGTGCCGAA_SMC053	SMC053	Active control
CATAAGCCATACTTTC_SMC053	SMC053	Active control
CATAAGCCATCATCTT_SMC033	SMC033	Control
CATAAGCGTCTGTCAA_SMC049	SMC049	AD
CATAAGGGTTAGCAGA_PO41	PO41	AD
CATAAGGGTTTGATTG_PO05	PO05	AD
CATACAGAGAATTGCA_SMC033	SMC033	Control
CATACAGCAGAACCGA_SMC041	SMC041	AD
CATACAGCAGGTGTTT_SMC041	SMC041	AD
CATACAGCAGTGTGCC_SMC027	SMC027	Control
CATACAGTCCGGGACT_SMC041	SMC041	AD
CATACATAGGATTGAA_PO41	PO41	AD
CATACCCAGACGATAT_SMC039	SMC039	AD
CATAGACGTAGTCGTT_SMC053	SMC053	Active control
CATAGACGTTCAGCGC_SMC049	SMC049	AD
CATAGACTCAAAGACA_SMC041	SMC041	AD
CATAGATTCGTTCAAG_PO28	PO28	AD
CATAGCCAGGATGAAC_PO11	PO11	AD
CATAGCGCAATCGAAC_PO23	PO23	Control
CATAGCTGTGGCCTGT_PO41	PO41	AD
CATAGCTGTTCCGGGT_PO28	PO28	AD
CATATGGTCCAATTCC_PO05	PO05	AD
CATCAAGAGCCATATC_SMC049	SMC049	AD
CATCACCCAAGCATAC_PO20	PO20	Control
CATCACTTCATGCTGA_PO20	PO20	Control
CATCCCAGTGATACCT_SMC053	SMC053	Active control
CATCCCAGTTCCACGG_SMC049	SMC049	AD
CATCCCAGTTGTACGT_SMC049	SMC049	AD
CATCCGTAGGCTGAAC_SMC041	SMC041	AD
CATCCGTCAGCGTGAA_SMC038	SMC038	AD
CATCCGTGTTCGAACT_SMC053	SMC053	Active control
CATCGCCTCACAGCGT_PO28	PO28	AD
CATCGCCTCGTAGTTG_PO28	PO28	AD
CATCGCTTCTAAGCGT_SMC052	SMC052	Control
CATCGGGTCAGCACCG_SMC038	SMC038	AD
CATCGGGTCCACATAG_SMC039	SMC039	AD
CATCGTCAGGTATCTC_SMC038	SMC038	AD
CATCGTCCAGATTTCG_SMC032	SMC032	AD
CATCGTCTCACGGGAA_SMC049	SMC049	AD
CATCGTCTCTTTCAGT_SMC035	SMC035	Active control
CATCTCACAGTTGGCA_PO42	PO42	AD
CATCTTGCAATGGAGA_PO05	PO05	AD
CATGAGTAGATAGCAT_SMC033	SMC033	Control
CATGAGTGTTGAGTCT_SMC037	SMC037	Active control
CATGCAAGTATCGAAA_SMC041	SMC041	AD
CATGCAAGTCAACCAT_SMC041	SMC041	AD
CATGCAATCGCAATGT_SMC037	SMC037	Active control
CATGCCTAGCGACATG_SMC037	SMC037	Active control
CATGCCTCACAATCGG_PO20	PO20	Control
CATGCGGAGTAAGAGG_SMC053	SMC053	Active control
CATGCGGCACCTCTGT_SMC035	SMC035	Active control
CATGCGGTCTAATTCC_SMC049	SMC049	AD
CATGCTCCACCGTGGT_SMC032	SMC032	AD
CATGCTCGTTTCACAG_SMC041	SMC041	AD
CATGCTCTCTGAGCAT_SMC049	SMC049	AD
CATGGATAGGCTTTCA_SMC052	SMC052	Control
CATGGATGTCTAGGTT_SMC049	SMC049	AD
CATGGTACATGGATCT_SMC033	SMC033	Control
CATGGTAGTCCGTACG_SMC049	SMC049	AD
CATGGTAGTTGGACCC_SMC038	SMC038	AD
CATGGTATCATGCAGT_SMC052	SMC052	Control
CATTCATAGGTAATCA_SMC039	SMC039	AD
CATTCATCAGACCAGA_SMC053	SMC053	Active control
CATTCATTCGACTCCT_SMC053	SMC053	Active control
CATTCCGAGGTCACAG_SMC038	SMC038	AD
CATTCCGCAGGTCCCA_SMC049	SMC049	AD
CATTCCGCATCTTAGG_SMC053	SMC053	Active control
CATTCCGGTGCAACAG_SMC053	SMC053	Active control
CATTCGAAGTTGGGTC_PO15	PO15	Control
CATTCTACAACGACTT_SMC049	SMC049	AD
CATTCTACAGGACAGT_SMC038	SMC038	AD
CATTCTAGTAGGCTGA_SMC053	SMC053	Active control
CATTCTATCAGTAGGG_SMC037	SMC037	Active control
CATTGAGAGGATTTGA_SMC038	SMC038	AD
CATTGAGAGGGATCGT_SMC032	SMC032	AD
CATTGAGAGTAAGGGA_SMC052	SMC052	Control
CATTGAGCACGAGGAT_SMC049	SMC049	AD
CATTGAGTCGCCAATA_SMC049	SMC049	AD
CATTGAGTCTGACCCT_SMC053	SMC053	Active control
CATTGCCAGGGAGGGT_SMC037	SMC037	Active control
CATTGCCAGTCACACT_SMC049	SMC049	AD
CATTGCCAGTTTCAGC_SMC053	SMC053	Active control
CATTGCCCAGTCTTCC_SMC041	SMC041	AD
CATTGCCGTACGACTT_SMC053	SMC053	Active control
CATTGCCTCTCGCGTT_SMC030	SMC030	Control
CATTGCTTCAGCCATA_PO20	PO20	Control
CATTGGGCAATGACAC_PO28	PO28	AD
CATTGTTGTCAGACTT_SMC041	SMC041	AD
CATTTCACAGTCGGAA_SMC053	SMC053	Active control
CATTTCATCGCGTCTC_PO23	PO23	Control
CATTTGGAGTGATTCG_PO41	PO41	AD
CCAAAGTCAACCCTTA_PO28	PO28	AD
CCAAATTAGGCTCTCC_PO20	PO20	Control
CCAACCCTCACTCTCG_PO23	PO23	Control
CCAACCTCATCGCTTA_PO15	PO15	Control
CCAAGCGAGATCCAAA_SMC053	SMC053	Active control
CCAAGCGCACGTAGAG_SMC052	SMC052	Control
CCAATAGTCGCTCCGT_PO41	PO41	AD
CCAATAGTCTATGCGA_PO23	PO23	Control
CCAATCCCAGCACCAA_PO42	PO42	AD
CCAATGACAACGATCT_SMC031	SMC031	Active control
CCAATGAGTTTCCCAC_SMC035	SMC035	Active control
CCAATGATCATCTCTA_SMC039	SMC039	AD
CCAATGATCCTTATAC_SMC037	SMC037	Active control
CCAATTAGTAACGCTT_PO05	PO05	AD
CCAATTGAGATAGAGC_PO28	PO28	AD
CCAATTTAGCACAAAT_SMC053	SMC053	Active control
CCAATTTCACGGGCTT_SMC052	SMC052	Control
CCACAAAAGCGTGTTT_SMC035	SMC035	Active control
CCACAAAAGCTCGACC_SMC053	SMC053	Active control
CCACAAAAGTACTGTC_SMC035	SMC035	Active control
CCACAAACACTCATAG_SMC037	SMC037	Active control
CCACAAACAGCAGGAT_SMC037	SMC037	Active control
CCACAAACAGCGGATA_SMC037	SMC037	Active control
CCACAAAGTACCGGAA_SMC033	SMC033	Control
CCACAAAGTACTAAGA_SMC052	SMC052	Control
CCACAAATCATTTGTC_SMC038	SMC038	AD
CCACAACAGCTGGGAA_PO13	PO13	Control
CCACACTCAGCGACCT_SMC052	SMC052	Control
CCACACTGTTGCATCA_SMC049	SMC049	AD
CCACATCCAAACCCGA_PO42	PO42	AD
CCACATCCATAATCAG_PO20	PO20	Control
CCACCATCAACCTGTC_PO11	PO11	AD
CCACCATGTGCACGCT_SMC032	SMC032	AD
CCACCATTCTACGCGG_SMC053	SMC053	Active control
CCACCTCAGGCGAAGC_PO23	PO23	Control
CCACCTGCACAACCTC_PO42	PO42	AD
CCACGAGAGATGATTG_SMC037	SMC037	Active control
CCACGAGTCTCCGCAT_SMC049	SMC049	AD
CCACGTAGTAGCTCAT_PO28	PO28	AD
CCACGTAGTCTTACCC_PO28	PO28	AD
CCACGTAGTTCCTTCA_PO28	PO28	AD
CCACGTTCACTAGGTT_SMC038	SMC038	AD
CCACGTTCACTTGGGC_SMC049	SMC049	AD
CCACTAAAGCATGGTC_PO11	PO11	AD
CCACTAAAGCTACGAC_PO28	PO28	AD
CCACTAGGTAGGCGTG_PO28	PO28	AD
CCACTTACATGCAGAT_PO28	PO28	AD
CCAGAGGGTTCCCAGA_PO05	PO05	AD
CCAGATTGTAATGCCT_PO42	PO42	AD
CCAGATTGTGGCCAAG_PO20	PO20	Control
CCAGGTTAGTCAGCGT_PO20	PO20	Control
CCAGTCCTCAGCCTAA_PO20	PO20	Control
CCATAAGAGGCTCTCG_SMC033	SMC033	Control
CCATAAGGTAGACGTG_SMC035	SMC035	Active control
CCATAAGTCCCTGTTG_SMC041	SMC041	AD
CCATATAGTCAATGCT_PO20	PO20	Control
CCATCACCATCCCAGT_PO20	PO20	Control
CCATCACGTCTCAGGC_SMC037	SMC037	Active control
CCATCACGTGCCTTTC_SMC033	SMC033	Control
CCATCACTCCCAGGAC_SMC053	SMC053	Active control
CCATCCGCATGGATTA_PO41	PO41	AD
CCATCCTGTGCACGAG_PO42	PO42	AD
CCATCCTGTTGTCACG_PO05	PO05	AD
CCATCGCTCAGTGCTA_PO41	PO41	AD
CCATCTTAGGGCTCTG_PO15	PO15	Control
CCATGTCCATTGCCCG_PO13	PO13	Control
CCATTAGAGATACTGT_PO41	PO41	AD
CCATTTCAGCTATGAT_PO05	PO05	AD
CCCAACTAGCTGTTAC_SMC030	SMC030	Control
CCCAACTCACCGCTGA_SMC038	SMC038	AD
CCCAACTTCAGTGTCA_SMC033	SMC033	Control
CCCAACTTCCGTGCGA_SMC049	SMC049	AD
CCCAATTTCATGGTCA_PO28	PO28	AD
CCCACGTTCGAAGTCC_PO11	PO11	AD
CCCACTTGTTGGAGCG_PO11	PO11	AD
CCCAGCAAGTCGAGTC_PO28	PO28	AD
CCCATATTCAAGTTAC_PO23	PO23	Control
CCCATCTGTGATAGTG_PO28	PO28	AD
CCCATGAGTTCGGGCT_PO42	PO42	AD
CCCATTGAGGATGAGA_SMC041	SMC041	AD
CCCATTGCACAAATAG_SMC049	SMC049	AD
CCCATTGCACAGACGA_SMC053	SMC053	Active control
CCCATTGCACCTGCTT_SMC027	SMC027	Control
CCCATTGTCGCCGATG_SMC032	SMC032	AD
CCCGAAGCATGATCTG_SMC032	SMC032	AD
CCCGAAGTCGTACACA_SMC032	SMC032	AD
CCCGAAGTCTCTCGCA_SMC041	SMC041	AD
CCCGAATAGGAGGACC_PO15	PO15	Control
CCCGATGAGCATGATT_PO05	PO05	AD
CCCGCATTCTCACCAT_PO41	PO41	AD
CCCGCATTCTGGCTCC_PO13	PO13	Control
CCCGGAACATACAGAA_SMC037	SMC037	Active control
CCCTAACTCAATGTCG_SMC033	SMC033	Control
CCCTAACTCCAATGCA_SMC053	SMC053	Active control
CCCTAACTCGACTCCT_SMC049	SMC049	AD
CCCTAACTCTGGGTCG_SMC041	SMC041	AD
CCCTCAAAGACTCCGC_SMC052	SMC052	Control
CCCTCAAAGGCACAAC_SMC052	SMC052	Control
CCCTCAACACGTCATA_SMC053	SMC053	Active control
CCCTCAACATTGACCA_SMC039	SMC039	AD
CCCTCAATCACGTAGT_SMC041	SMC041	AD
CCCTCACAGTAAGTGA_PO28	PO28	AD
CCCTCTCGTACGCGTC_SMC037	SMC037	Active control
CCCTGATAGAGTGTTA_SMC035	SMC035	Active control
CCCTGATAGATCCTAC_SMC041	SMC041	AD
CCCTGATCAGATCACT_SMC053	SMC053	Active control
CCCTGATTCTCCTGTG_SMC049	SMC049	AD
CCCTTAGCAATCACGT_SMC049	SMC049	AD
CCCTTAGCAGTGTACT_SMC049	SMC049	AD
CCCTTAGGTAAGCAAT_SMC037	SMC037	Active control
CCCTTAGTCATGCTGA_PO20	PO20	Control
CCGAACGCACGCAGTC_SMC049	SMC049	AD
CCGAACGGTACGTGTT_SMC035	SMC035	Active control
CCGAACGTCCGTAGGC_SMC052	SMC052	Control
CCGAACGTCGCTCATC_SMC053	SMC053	Active control
CCGAATGCATTAAGTG_PO15	PO15	Control
CCGACAACAAGTGGAA_PO15	PO15	Control
CCGACAACAGGGCTGT_PO28	PO28	AD
CCGACATAGGAGGCTA_PO15	PO15	Control
CCGACATAGGATAGCG_PO13	PO13	Control
CCGACATAGGCTTAAT_PO13	PO13	Control
CCGACATAGTTAGAGA_PO28	PO28	AD
CCGACCAAGCCATCAA_PO05	PO05	AD
CCGACTAGTCTCAGTG_PO23	PO23	Control
CCGACTTCAGGAATGA_PO20	PO20	Control
CCGATCTTCCGCGATG_SMC030	SMC030	Control
CCGATGGAGAGGGTGG_SMC037	SMC037	Active control
CCGATGGCATCACAGT_SMC049	SMC049	AD
CCGATTAAGGAGTCGA_PO28	PO28	AD
CCGATTGGTAGGTTAG_PO41	PO41	AD
CCGCAAGCATTGGATC_SMC053	SMC053	Active control
CCGCAAGGTCACAGTT_SMC049	SMC049	AD
CCGCAAGTCAGACCTA_SMC049	SMC049	AD
CCGCCATTCCGTGGAT_PO41	PO41	AD
CCGCCATTCGATCATG_PO41	PO41	AD
CCGCTTGCATTCAACT_PO05	PO05	AD
CCGGACACACAGCTTA_SMC033	SMC033	Control
CCGGACAGTAGCGATG_SMC053	SMC053	Active control
CCGGACAGTTCGGTTA_SMC033	SMC033	Control
CCGGCATGTCAGCCGT_PO28	PO28	AD
CCGGCTAAGCAAGTAA_PO42	PO42	AD
CCGGGTTGTGAACCTT_PO20	PO20	Control
CCGGTAGAGCCTGAGA_SMC041	SMC041	AD
CCGGTGACACTGTGTA_SMC035	SMC035	Active control
CCGGTGAGTGTAGGAC_SMC049	SMC049	AD
CCGTAACAGCGAGCAA_PO05	PO05	AD
CCGTAATGTTTCGCTC_PO28	PO28	AD
CCGTAGGAGCCGATTT_SMC049	SMC049	AD
CCGTAGGGTTTGGGTT_SMC041	SMC041	AD
CCGTAGTAGTTACGGC_PO28	PO28	AD
CCGTCGTTCGTTCCAT_PO11	PO11	AD
CCGTGAGAGTCGAATA_SMC052	SMC052	Control
CCGTGAGAGTGCGACA_SMC053	SMC053	Active control
CCGTGAGGTAAGGCTG_SMC041	SMC041	AD
CCGTGCTTCGTGAATT_PO20	PO20	Control
CCGTTCAAGAAATGGG_SMC035	SMC035	Active control
CCGTTCACACAAGTTC_SMC039	SMC039	AD
CCGTTCATCCAGCTCT_SMC041	SMC041	AD
CCGTTCATCGACCAAC_PO42	PO42	AD
CCGTTCATCTCTTGCG_SMC039	SMC039	AD
CCTAACCAGCCATGCC_SMC049	SMC049	AD
CCTAACCTCATAGGCT_SMC052	SMC052	Control
CCTAAGAGTCGCACAC_SMC049	SMC049	AD
CCTAAGAGTTGGAGGT_SMC053	SMC053	Active control
CCTAATTCAAGGTGAA_PO42	PO42	AD
CCTACGGAGTAGAGGT_PO28	PO28	AD
CCTACGTAGCGCTTCG_SMC053	SMC053	Active control
CCTACGTAGTGCGCTC_SMC053	SMC053	Active control
CCTACGTGTATCATGC_SMC041	SMC041	AD
CCTACGTTCGTACACA_SMC049	SMC049	AD
CCTAGGTAGTGACCGT_PO05	PO05	AD
CCTAGTAAGTCATCGA_PO41	PO41	AD
CCTATAGAGCGCCTCT_PO20	PO20	Control
CCTATCCGTAATCGTC_PO11	PO11	AD
CCTATCGAGTAAACGT_SMC033	SMC033	Control
CCTATCGCACTCTAGA_SMC033	SMC033	Control
CCTATGAAGAAGGATC_PO11	PO11	AD
CCTATGAAGCTAACTG_PO41	PO41	AD
CCTCAACAGGACAGTC_SMC049	SMC049	AD
CCTCAACAGGATATGT_SMC049	SMC049	AD
CCTCAACAGTGTAGAT_SMC053	SMC053	Active control
CCTCAACCAATTTCTC_SMC038	SMC038	AD
CCTCAACCATCACTTG_PO11	PO11	AD
CCTCAACTCGTAGAGG_SMC053	SMC053	Active control
CCTCAATTCTGGCACG_PO05	PO05	AD
CCTCACAAGCACCCAC_SMC032	SMC032	AD
CCTCACAAGCCTCGTG_SMC053	SMC053	Active control
CCTCACATCTACGCGG_SMC041	SMC041	AD
CCTCAGTAGTAAAGCT_SMC035	SMC035	Active control
CCTCAGTCAAACTCTG_SMC039	SMC039	AD
CCTCAGTCATAGGAGC_SMC033	SMC033	Control
CCTCAGTGTTGCTAGT_SMC049	SMC049	AD
CCTCAGTGTTGGGATG_SMC033	SMC033	Control
CCTCAGTTCTTGGGCG_SMC053	SMC053	Active control
CCTCATGAGATGCTTC_SMC052	SMC052	Control
CCTCATTAGCGCTTAA_PO28	PO28	AD
CCTCCAAAGACAGTCG_SMC052	SMC052	Control
CCTCCAAAGCATCCCG_SMC049	SMC049	AD
CCTCCAAAGTACTGTC_SMC038	SMC038	AD
CCTCCAAGTGGAACAC_SMC037	SMC037	Active control
CCTCCTCAGAGGTCAC_SMC033	SMC033	Control
CCTCCTCCATGCGGTC_SMC052	SMC052	Control
CCTCCTGGTAACGACA_PO41	PO41	AD
CCTCCTGGTTATCCTT_PO20	PO20	Control
CCTCGAAGTCATTCAA_PO20	PO20	Control
CCTCGGTTCAGGAGCA_PO15	PO15	Control
CCTCGGTTCCGTATAG_PO41	PO41	AD
CCTCTAGAGGGTCAAC_SMC041	SMC041	AD
CCTCTAGGTGAGATAT_SMC049	SMC049	AD
CCTCTAGGTTCGAAGG_SMC049	SMC049	AD
CCTCTAGTCTAGAGCT_SMC052	SMC052	Control
CCTCTCCAGGTTATAG_SMC039	SMC039	AD
CCTCTCCAGTTCCGTA_SMC041	SMC041	AD
CCTCTCCCAAACTGCT_SMC041	SMC041	AD
CCTCTCCCACCACTGG_SMC052	SMC052	Control
CCTCTCCCAGGAGACT_SMC041	SMC041	AD
CCTCTCCGTGTGACCC_SMC038	SMC038	AD
CCTCTCCTCTCTCCGA_SMC036	SMC036	AD
CCTGAGACACATGAAC_PO41	PO41	AD
CCTGATCCAAGTGAGA_PO42	PO42	AD
CCTGCAAGTTTGGAGA_PO15	PO15	Control
CCTGCATAGGTTGAGC_SMC037	SMC037	Active control
CCTGCATCAAATCAGA_SMC049	SMC049	AD
CCTGCATCAACGGCTC_SMC049	SMC049	AD
CCTGCATCATAGTCGT_SMC032	SMC032	AD
CCTGCATCATGCGGAC_PO23	PO23	Control
CCTGCATGTAGGTACG_SMC049	SMC049	AD
CCTGCATGTGCGTGCT_SMC033	SMC033	Control
CCTGCATTCCATTGGA_SMC052	SMC052	Control
CCTGGTGAGTAGTGCC_PO23	PO23	Control
CCTGTGGAGATAGTAG_PO11	PO11	AD
CCTGTTGCAAGACGGT_SMC052	SMC052	Control
CCTGTTGCAAGCGCAA_SMC049	SMC049	AD
CCTGTTGCACATGGTT_SMC053	SMC053	Active control
CCTGTTGGTTCAAGTC_SMC041	SMC041	AD
CCTGTTGTCCATGCAA_SMC052	SMC052	Control
CCTGTTGTCGACTGGT_PO28	PO28	AD
CCTGTTGTCGTCGATA_SMC049	SMC049	AD
CCTTAGAAGTCATCGA_PO11	PO11	AD
CCTTAGCCATCAAGGT_PO20	PO20	Control
CCTTATCAGTTGGTAT_PO28	PO28	AD
CCTTCAGAGCCACCGT_SMC041	SMC041	AD
CCTTCAGTCCCAAGTA_SMC037	SMC037	Active control
CCTTCAGTCGGCCTTT_SMC053	SMC053	Active control
CCTTCGATCATCGAAT_PO11	PO11	AD
CCTTGAGGTTTCGGGC_PO11	PO11	AD
CCTTGCATCGAGTGTC_PO20	PO20	Control
CCTTGTGCAACCGCTG_SMC041	SMC041	AD
CCTTGTGTCGAACACT_SMC038	SMC038	AD
CCTTTAGCATCCCAAC_PO20	PO20	Control
CCTTTGGAGGATGTTA_SMC052	SMC052	Control
CCTTTGGCAAGCGAGT_SMC039	SMC039	AD
CCTTTGGCACGCGTGT_SMC053	SMC053	Active control
CCTTTGGCAGTTCACA_SMC032	SMC032	AD
CCTTTGGGTCGCTGCA_SMC029	SMC029	AD
CCTTTGGTCGTACTTC_PO15	PO15	Control
CCTTTGGTCTAGCATG_SMC041	SMC041	AD
CGAACGAAGCCGCGTA_PO23	PO23	Control
CGAACGAAGTTAGCGC_PO23	PO23	Control
CGAACTATCCGCCTGT_PO20	PO20	Control
CGAAGCAAGTTGCGCG_PO28	PO28	AD
CGAAGGAGTCTTCGAA_SMC053	SMC053	Active control
CGAAGTTGTCATATGC_SMC053	SMC053	Active control
CGAAGTTTCCGGCTTT_SMC033	SMC033	Control
CGAATCATCGACTAGC_PO23	PO23	Control
CGAATTGCAGCGAACA_SMC049	SMC049	AD
CGAATTGTCGGACTGC_SMC053	SMC053	Active control
CGAATTGTCGTTGTAG_SMC033	SMC033	Control
CGACAGCCATAAGCAA_SMC053	SMC053	Active control
CGACAGCCATTCGATG_SMC049	SMC049	AD
CGACAGCGTCCTCCTA_SMC049	SMC049	AD
CGACCTAGTCTGGGCT_PO23	PO23	Control
CGACTATGTCTTGCCT_PO23	PO23	Control
CGACTGACAGTTAATG_PO28	PO28	AD
CGACTGGTCAGTTCCT_PO23	PO23	Control
CGACTGGTCTGGCTCC_PO05	PO05	AD
CGAGAAGAGGATGAGA_SMC033	SMC033	Control
CGAGAAGTCTGACCCT_SMC035	SMC035	Active control
CGAGAAGTCTTACCGC_SMC038	SMC038	AD
CGAGCACCACTATATC_PO41	PO41	AD
CGAGCAGGTTAGCCGC_PO23	PO23	Control
CGAGCCTGTAGTTAGG_PO20	PO20	Control
CGAGCGAGTTAATTCG_PO28	PO28	AD
CGAGGAAAGAGAGGGC_SMC033	SMC033	Control
CGAGGAACACATATGC_SMC049	SMC049	AD
CGAGGAATCATGAAAG_SMC033	SMC033	Control
CGAGGCTAGATTGACA_SMC052	SMC052	Control
CGAGGCTCACCTTCGT_SMC041	SMC041	AD
CGAGGCTCAGCCGTTG_SMC041	SMC041	AD
CGAGGCTTCAGTCAGT_SMC041	SMC041	AD
CGAGGGACACTTGCTA_PO20	PO20	Control
CGAGTCACAACGGGTC_PO41	PO41	AD
CGAGTGCAGAACGTGC_SMC049	SMC049	AD
CGAGTGCCACCCTGAG_SMC053	SMC053	Active control
CGAGTTACAATCTGCA_SMC038	SMC038	AD
CGAGTTACACGCGGTT_SMC033	SMC033	Control
CGAGTTACACGTCTCT_SMC037	SMC037	Active control
CGAGTTAGTGACCGAA_SMC041	SMC041	AD
CGAGTTAGTGGTATGG_SMC053	SMC053	Active control
CGAGTTAGTTGGACCC_SMC041	SMC041	AD
CGAGTTATCCACCTGT_SMC037	SMC037	Active control
CGATAACCATAGAGGA_PO23	PO23	Control
CGATCCCTCGCATTGA_PO11	PO11	AD
CGATCGGCACAAATGA_SMC038	SMC038	AD
CGATCGGCACTCTCGT_SMC030	SMC030	Control
CGATCGGTCGCCGTGA_SMC033	SMC033	Control
CGATCTAAGTAGTCAT_PO28	PO28	AD
CGATGCGAGAGTAACT_SMC053	SMC053	Active control
CGATGCGAGGTAGCAC_SMC033	SMC033	Control
CGATGCGCAAGTGGTG_SMC038	SMC038	AD
CGATGCGGTACTAACC_SMC053	SMC053	Active control
CGATGCGGTTTATGCG_SMC035	SMC035	Active control
CGATGCGTCATTCGGA_SMC041	SMC041	AD
CGATGCGTCTAGCATG_SMC052	SMC052	Control
CGATGGCGTTGCATAC_SMC041	SMC041	AD
CGATGGCTCACAAGAA_SMC049	SMC049	AD
CGATGGGGTTCGGGTC_PO23	PO23	Control
CGATGTTGTGATGGAC_PO15	PO15	Control
CGATTACGTAATCCAC_PO23	PO23	Control
CGATTACGTGCAACCC_PO05	PO05	AD
CGATTATAGGTAGCAG_PO28	PO28	AD
CGATTTAGTCAATGGA_PO20	PO20	Control
CGATTTGAGTGAGCGA_PO20	PO20	Control
CGCAGGTAGTAGCATA_SMC052	SMC052	Control
CGCAGGTCAGCTTCCT_SMC037	SMC037	Active control
CGCAGTTAGATAGACA_PO20	PO20	Control
CGCATAACACAAGGTG_SMC033	SMC033	Control
CGCATAAGTCTACGTA_SMC038	SMC038	AD
CGCATAAGTCTATGAC_SMC049	SMC049	AD
CGCATCAGTCATCACG_PO41	PO41	AD
CGCATCTCATGCTCGT_PO23	PO23	Control
CGCATGGGTTGTGTTG_SMC052	SMC052	Control
CGCATGGTCTCACTCG_SMC039	SMC039	AD
CGCCAATAGGCACTTA_PO13	PO13	Control
CGCCAATAGTCGAAGG_PO28	PO28	AD
CGCCAGAAGGGATCAC_SMC038	SMC038	AD
CGCCAGACACCCTGTT_SMC049	SMC049	AD
CGCCAGAGTAGGATAT_SMC030	SMC030	Control
CGCCAGATCCCAGGCA_SMC038	SMC038	AD
CGCCAGATCGAAGCCC_SMC033	SMC033	Control
CGCCAGATCGTTAGAC_SMC038	SMC038	AD
CGCCATGAGCTAACGC_PO05	PO05	AD
CGCCATGAGGTACCCG_PO42	PO42	AD
CGCCCAAAGCATCCTT_PO05	PO05	AD
CGCCCAAAGTTACGGC_PO28	PO28	AD
CGCCCATTCTAAGCAT_PO05	PO05	AD
CGCCTAAGTCATCCTC_PO11	PO11	AD
CGCCTAAGTTTAGTTG_PO20	PO20	Control
CGCCTAGAGGGGATCA_PO20	PO20	Control
CGCGAAGGTTGGTAGA_PO20	PO20	Control
CGCGATTAGTCAATCG_PO20	PO20	Control
CGCGCATGTGCGGTAG_PO13	PO13	Control
CGCGCATGTTGACTGT_PO05	PO05	AD
CGCGTCAAGCTGGACT_PO23	PO23	Control
CGCGTCAAGGTATCCA_PO13	PO13	Control
CGCGTGATCATTGTTC_SMC032	SMC032	AD
CGCTAAATCGAGTCCG_PO41	PO41	AD
CGCTAACAGGGTAGTG_PO28	PO28	AD
CGCTCATCACTTGCCG_PO11	PO11	AD
CGCTCCACAAATCGGT_PO28	PO28	AD
CGCTCCACATTACCAT_PO41	PO41	AD
CGCTGTGAGCGATCAC_PO05	PO05	AD
CGCTGTGAGTGCCGAT_PO28	PO28	AD
CGCTTCATCAATCCGA_PO11	PO11	AD
CGGAACCTCCACTGGG_SMC033	SMC033	Control
CGGAACCTCCGCAAAT_SMC052	SMC052	Control
CGGAATTCAGAGATGC_SMC041	SMC041	AD
CGGAATTCAGCTCGGT_SMC049	SMC049	AD
CGGACACCAGAAATTG_SMC033	SMC033	Control
CGGACAGGTTCGTATA_PO13	PO13	Control
CGGACAGGTTGCCCTT_PO42	PO42	AD
CGGACAGGTTTGCCTC_PO28	PO28	AD
CGGAGAACACCCTGAG_SMC053	SMC053	Active control
CGGAGAATCACTCACC_SMC049	SMC049	AD
CGGCAGTAGGTAGTAT_SMC037	SMC037	Active control
CGGCAGTGTAGACGGT_SMC053	SMC053	Active control
CGGCAGTGTATGCGGA_SMC049	SMC049	AD
CGGCAGTTCATGAAAG_SMC049	SMC049	AD
CGGCAGTTCTTGGATG_SMC039	SMC039	AD
CGGCATTAGGGGTAGC_PO28	PO28	AD
CGGCCTAAGCCTGGAT_PO42	PO42	AD
CGGCCTAAGGAGGCAC_PO11	PO11	AD
CGGCCTAAGGATCCGT_PO11	PO11	AD
CGGCCTAAGTCAGCCG_PO11	PO11	AD
CGGGACTCACGACAGA_SMC052	SMC052	Control
CGGGACTCATCGGTTA_SMC041	SMC041	AD
CGGGACTGTACCAGAG_SMC041	SMC041	AD
CGGGACTGTGATGTAA_SMC049	SMC049	AD
CGGGACTTCACAACCA_SMC041	SMC041	AD
CGGGACTTCCGAAGGA_SMC038	SMC038	AD
CGGGCATCAAGTGTCT_SMC033	SMC033	Control
CGGGCATCACCGCTGA_SMC035	SMC035	Active control
CGGGCATGTAAGTCAA_SMC038	SMC038	AD
CGGGCATGTCTAGATC_SMC053	SMC053	Active control
CGGGCATTCATCACTT_SMC053	SMC053	Active control
CGGGCATTCGATACTG_SMC038	SMC038	AD
CGGGCTTGTAGTTGAG_PO28	PO28	AD
CGGGCTTGTGCAAGGT_PO05	PO05	AD
CGGGGAACATAAGGGA_PO28	PO28	AD
CGGGGATAGGCTCTGG_PO20	PO20	Control
CGGGGATAGGGCTCAT_PO11	PO11	AD
CGGGGTAGTTCCTGTC_PO41	PO41	AD
CGGGTCACAATTTCTC_SMC052	SMC052	Control
CGGGTCACACGACAGA_SMC049	SMC049	AD
CGGGTCATCTGCATAG_SMC049	SMC049	AD
CGGGTGTAGGGTTAAT_SMC038	SMC038	AD
CGGGTGTCAGCCCACA_SMC049	SMC049	AD
CGGGTGTGTCGGAACA_SMC049	SMC049	AD
CGGGTGTTCGGTCTGG_SMC041	SMC041	AD
CGGGTGTTCTTGAACG_SMC033	SMC033	Control
CGGTAATCAACCTCTA_PO41	PO41	AD
CGGTAATCATTACGGG_PO11	PO11	AD
CGGTCAACACCAGCTT_PO05	PO05	AD
CGGTCAGGTTCACGAT_SMC053	SMC053	Active control
CGGTGAAAGTAGTGAA_PO41	PO41	AD
CGGTTAATCCTTAGAG_PO28	PO28	AD
CGGTTAGCAATTGCTT_PO28	PO28	AD
CGTAAACCACTATGGG_PO23	PO23	Control
CGTAAACCATGGCTCT_PO41	PO41	AD
CGTAAACCATTAGGCG_PO11	PO11	AD
CGTAACATCGATCAGC_PO05	PO05	AD
CGTAAGTAGATAGCAT_SMC053	SMC053	Active control
CGTAAGTCAGGTGTGA_SMC049	SMC049	AD
CGTAAGTCATCCGTGG_SMC053	SMC053	Active control
CGTAATGAGAATAGTC_SMC052	SMC052	Control
CGTAATGTCTCTTCAA_SMC052	SMC052	Control
CGTAATTAGGCGTTCG_PO11	PO11	AD
CGTACTGGTCATGCTG_PO15	PO15	Control
CGTAGTAGTCGGTGTC_SMC052	SMC052	Control
CGTAGTCAGGATGACG_PO23	PO23	Control
CGTAGTCAGTCTAGCA_PO28	PO28	AD
CGTATTAGTAGCTATC_PO15	PO15	Control
CGTCAAATCAATCGTG_PO23	PO23	Control
CGTCAGTAGGATGGTG_PO05	PO05	AD
CGTCAGTAGTGCCCGA_PO20	PO20	Control
CGTCATAAGGTCACGT_PO20	PO20	Control
CGTCATGGTTTGAGTC_PO41	PO41	AD
CGTCATTTCCTCATAC_PO23	PO23	Control
CGTCCATAGCGGTAAC_SMC053	SMC053	Active control
CGTCCATGTACTAACC_SMC030	SMC030	Control
CGTCCATGTTGACTGT_SMC041	SMC041	AD
CGTCCGTTCACATTGG_PO23	PO23	Control
CGTCCGTTCAGGGAAT_PO28	PO28	AD
CGTCCTGCACAACGTG_PO23	PO23	Control
CGTCGCTTCACAGCTA_PO20	PO20	Control
CGTCGTAGTGAAGGCT_PO41	PO41	AD
CGTGAATAGCCTCGTG_SMC033	SMC033	Control
CGTGAATCAACGTATC_SMC049	SMC049	AD
CGTGAATCACAGAGCA_SMC053	SMC053	Active control
CGTGAATCACCATTCC_SMC037	SMC037	Active control
CGTGACCGTTGTGCGC_PO20	PO20	Control
CGTGAGAAGATAGCCC_PO05	PO05	AD
CGTGAGGGTATGGAGC_PO28	PO28	AD
CGTGATACAGCGTGAA_SMC049	SMC049	AD
CGTGATACATTGGATC_SMC037	SMC037	Active control
CGTGATAGTTAAGGAT_SMC033	SMC033	Control
CGTGATATCACCTTGC_SMC032	SMC032	AD
CGTGATTGTGATGATG_PO05	PO05	AD
CGTGCAACAACCGTAG_PO20	PO20	Control
CGTGCTAGTCAGTCGC_PO20	PO20	Control
CGTGCTTGTAGCTCGC_SMC038	SMC038	AD
CGTGCTTGTGAGTGAC_SMC033	SMC033	Control
CGTGCTTGTTCCGCTT_SMC038	SMC038	AD
CGTGTCTAGATCGACG_SMC037	SMC037	Active control
CGTGTCTAGGAACATT_SMC033	SMC033	Control
CGTGTCTCAACGATCT_SMC043	SMC043	AD
CGTTACAAGGCGAAGC_PO15	PO15	Control
CGTTAGAAGATAGTCA_SMC049	SMC049	AD
CGTTAGAAGATTACCC_SMC033	SMC033	Control
CGTTAGAGTAGTACGG_SMC049	SMC049	AD
CGTTATAGTATTGGGA_PO11	PO11	AD
CGTTATAGTGAGGAAG_PO15	PO15	Control
CGTTATAGTTCGATAC_PO28	PO28	AD
CGTTCAGGTTTAGTGC_PO28	PO28	AD
CGTTCGCTCAGCATTG_PO11	PO11	AD
CGTTCTGAGAGTTCGG_SMC049	SMC049	AD
CGTTCTGCACCGTGAC_SMC049	SMC049	AD
CGTTCTGGTACCAATC_SMC053	SMC053	Active control
CGTTCTGTCGCGTCGA_SMC049	SMC049	AD
CGTTGGACACATAGGT_PO28	PO28	AD
CGTTGGACAGCACTCT_PO41	PO41	AD
CGTTGGGAGCACGATG_SMC030	SMC030	Control
CGTTGGGCAAATTGGA_SMC049	SMC049	AD
CGTTGGGCAAGCGATG_SMC038	SMC038	AD
CGTTGGGTCCAAGCCG_SMC033	SMC033	Control
CGTTGGGTCCCCAGAG_PO20	PO20	Control
CGTTGGGTCTAAGCCA_SMC053	SMC053	Active control
CGTTGGGTCTAATTCC_SMC033	SMC033	Control
CGTTGGGTCTGCATGA_SMC038	SMC038	AD
CGTTGGGTCTGGGTCG_SMC053	SMC053	Active control
CTAAACCGTTAGCAGA_PO20	PO20	Control
CTAAACCGTTCAAGTC_PO23	PO23	Control
CTAAAGCCAATCTCTG_PO13	PO13	Control
CTAACCCAGAAACCAT_SMC052	SMC052	Control
CTAACCCTCGAAGTGG_SMC033	SMC033	Control
CTAACTTCAACCGCCA_SMC053	SMC053	Active control
CTAACTTTCATCGACA_SMC053	SMC053	Active control
CTAACTTTCCCTTTGG_SMC033	SMC033	Control
CTAACTTTCCTCATAT_SMC038	SMC038	AD
CTAAGCCAGCGATGAG_PO41	PO41	AD
CTAAGGCTCAGCTCAA_PO05	PO05	AD
CTAAGGGAGGTGACTC_PO15	PO15	Control
CTAAGTGAGACCGCCT_SMC053	SMC053	Active control
CTAAGTGAGCGCCTCA_SMC036	SMC036	AD
CTAAGTGAGCTAAATG_SMC052	SMC052	Control
CTAAGTGCACAATGCT_SMC041	SMC041	AD
CTACACAAGGCAACTC_PO28	PO28	AD
CTACACAAGGGTAGGC_PO05	PO05	AD
CTACAGAAGACATATG_SMC053	SMC053	Active control
CTACAGAAGTAAGACT_SMC052	SMC052	Control
CTACAGAGTTGATGTC_SMC041	SMC041	AD
CTACAGGCACTAGGGC_PO42	PO42	AD
CTACATTAGCACCTGC_SMC039	SMC039	AD
CTACATTAGCCATGCC_SMC049	SMC049	AD
CTACATTGTGGCTACC_SMC052	SMC052	Control
CTACATTTCGGTAAGG_SMC049	SMC049	AD
CTACATTTCGTCGATA_SMC049	SMC049	AD
CTACCATTCAAGTTAC_PO11	PO11	AD
CTACCCAAGAAACTGT_SMC053	SMC053	Active control
CTACCCACACTTGAGT_SMC033	SMC033	Control
CTACCCGCATAATTCC_PO20	PO20	Control
CTACCCTGTGCATCTG_PO42	PO42	AD
CTACCTGAGAGTACCG_SMC053	SMC053	Active control
CTACCTGGTCCGGCAT_SMC030	SMC030	Control
CTACCTGGTCGTATGT_SMC049	SMC049	AD
CTACGACAGCCATCCC_PO13	PO13	Control
CTACGATGTAGCTGAA_PO20	PO20	Control
CTACGGGAGCTAAGTA_SMC052	SMC052	Control
CTACGGGTCCTTGATC_PO20	PO20	Control
CTACGGGTCTCGACCT_SMC041	SMC041	AD
CTACGTAAGGCGATGA_PO15	PO15	Control
CTACTATCAAGTTCGT_SMC053	SMC053	Active control
CTACTATCACCTTCGT_SMC053	SMC053	Active control
CTACTCCGTTAAGCAG_PO42	PO42	AD
CTAGAAGGTTGTCCTC_PO05	PO05	AD
CTAGACAAGTAGTCCT_SMC041	SMC041	AD
CTAGACAAGTTCATGC_SMC052	SMC052	Control
CTAGACACAACCACGC_SMC039	SMC039	AD
CTAGACACACACGGAA_SMC053	SMC053	Active control
CTAGACATCAATCCAG_SMC052	SMC052	Control
CTAGATTAGTAATGAG_PO20	PO20	Control
CTAGCCTCAAGGGCAG_PO28	PO28	AD
CTAGCGCGTTCAATGC_PO28	PO28	AD
CTAGCTGGTTTAGGCT_PO05	PO05	AD
CTAGGTAAGAATCGCG_SMC053	SMC053	Active control
CTAGGTCAGAATCGAA_PO15	PO15	Control
CTATAGGCATACAGCT_SMC033	SMC033	Control
CTATAGGGTCTTCATT_SMC052	SMC052	Control
CTATAGGTCGGTGAAG_SMC053	SMC053	Active control
CTATCCGAGGTCGCCT_SMC033	SMC033	Control
CTATCCGCACAAATAG_SMC033	SMC033	Control
CTATCCGGTGGGCTTC_SMC038	SMC038	AD
CTATCCGGTGTCCACG_SMC053	SMC053	Active control
CTATCCGTCTCGTGAA_SMC053	SMC053	Active control
CTATCTAGTCGATTCA_SMC030	SMC030	Control
CTATCTAGTGTTCATG_SMC049	SMC049	AD
CTATCTATCATGCGAC_PO28	PO28	AD
CTATCTATCCCTGTTG_SMC053	SMC053	Active control
CTATCTATCGAGTCCG_SMC049	SMC049	AD
CTATCTATCTGCGGCA_SMC053	SMC053	Active control
CTATGCTTCACCTAGA_PO11	PO11	AD
CTATGGATCATATCGG_PO28	PO28	AD
CTATGGATCTAACTCC_PO41	PO41	AD
CTCAAAGTCCTGGTAA_PO42	PO42	AD
CTCAACCCATCAGCGC_SMC052	SMC052	Control
CTCAACCCATCTGCGG_SMC049	SMC049	AD
CTCAACCTCCTTCTTC_SMC035	SMC035	Active control
CTCAAGAAGTTGCGCC_SMC053	SMC053	Active control
CTCAAGACAGCGTTGC_SMC041	SMC041	AD
CTCAATTGTCATGGCC_SMC035	SMC035	Active control
CTCACACCATGCGTTC_PO05	PO05	AD
CTCACATTCTAGTACG_PO42	PO42	AD
CTCACGAGTGATCCTG_PO28	PO28	AD
CTCACTGAGAGGATCC_SMC041	SMC041	AD
CTCACTGAGTGATAGT_SMC037	SMC037	Active control
CTCACTGGTCTCGCGA_SMC053	SMC053	Active control
CTCACTGGTGGTTTGT_SMC041	SMC041	AD
CTCAGAACAAGGACAC_SMC033	SMC033	Control
CTCAGGGAGGGCATGT_SMC035	SMC035	Active control
CTCAGGGCACTGTCGG_SMC033	SMC033	Control
CTCAGGGCATATAGCC_SMC049	SMC049	AD
CTCAGGGGTTGTAAAG_SMC041	SMC041	AD
CTCAGTCAGTAAACAC_SMC037	SMC037	Active control
CTCAGTCAGTGCACAG_SMC049	SMC049	AD
CTCAGTCCACAGCGCT_SMC041	SMC041	AD
CTCAGTCTCTCCTGTG_SMC037	SMC037	Active control
CTCAGTTTCCCAGGTG_PO13	PO13	Control
CTCATGAAGGCACTAC_PO41	PO41	AD
CTCATGAAGTAGAGGT_PO11	PO11	AD
CTCATGCAGTTGGACG_SMC038	SMC038	AD
CTCATGCGTCAGTCGC_SMC033	SMC033	Control
CTCATGCTCCATCTGC_SMC030	SMC030	Control
CTCATGGGTGAGCCAG_PO41	PO41	AD
CTCATTACACCGAATT_SMC049	SMC049	AD
CTCCAACAGAGTTGTA_SMC049	SMC049	AD
CTCCAACCATGTTTGG_SMC049	SMC049	AD
CTCCACAAGCAAATCA_SMC037	SMC037	Active control
CTCCACACATGATCTG_SMC033	SMC033	Control
CTCCACAGTGGTATGG_SMC039	SMC039	AD
CTCCACATCACACCCT_SMC053	SMC053	Active control
CTCCACATCATCACTT_SMC032	SMC032	AD
CTCCACATCCAACCGG_SMC053	SMC053	Active control
CTCCACATCCGTGCGA_SMC041	SMC041	AD
CTCCAGCTCACGCAGT_PO41	PO41	AD
CTCCATGAGCTGGCCT_SMC033	SMC033	Control
CTCCATGGTATACCTG_SMC049	SMC049	AD
CTCCATGTCCGTCACT_SMC049	SMC049	AD
CTCCATTAGCTGGGAA_PO42	PO42	AD
CTCCCAAAGCTGACTT_SMC053	SMC053	Active control
CTCCCAATCCTGGTCC_PO28	PO28	AD
CTCCCTCAGTCCCAAT_SMC049	SMC049	AD
CTCCCTCGTAGGGAGG_SMC053	SMC053	Active control
CTCCCTCGTCTGCATA_SMC041	SMC041	AD
CTCCCTCTCATGCCGG_SMC035	SMC035	Active control
CTCCCTCTCGCGTCGA_SMC035	SMC035	Active control
CTCCGATAGCACTCAT_SMC052	SMC052	Control
CTCCGATGTTTGGGTT_SMC053	SMC053	Active control
CTCCGATTCTTTCAGT_SMC041	SMC041	AD
CTCCGTTGTTGAGTAG_PO41	PO41	AD
CTCCTCAAGGCACGAA_PO20	PO20	Control
CTCCTCCCATAGGCGA_SMC041	SMC041	AD
CTCCTCCCATCAGCTA_SMC037	SMC037	Active control
CTCCTTAGTTCGGTGC_PO13	PO13	Control
CTCCTTTAGCGACTAG_SMC037	SMC037	Active control
CTCCTTTAGTGCCCGT_SMC035	SMC035	Active control
CTCCTTTGTTACCGTA_SMC037	SMC037	Active control
CTCCTTTTCCGTTTCG_SMC041	SMC041	AD
CTCCTTTTCGGATTAC_SMC053	SMC053	Active control
CTCGAACAGGAGCTAG_PO15	PO15	Control
CTCGAGGGTACAGAGC_SMC033	SMC033	Control
CTCGATCCAAGGGCAG_PO28	PO28	AD
CTCGCCACAGTTGCAG_PO05	PO05	AD
CTCGCGTTCAGGCAGA_PO28	PO28	AD
CTCGCTATCCACGGAT_PO11	PO11	AD
CTCGCTGCACTTGGAG_PO41	PO41	AD
CTCGGTTCACTCATCA_PO23	PO23	Control
CTCGGTTCAGCCTAAG_PO41	PO41	AD
CTCGGTTCAGGCTAAT_PO23	PO23	Control
CTCGTAGGTGGGTACG_PO28	PO28	AD
CTCGTTACACAACGTG_PO28	PO28	AD
CTCTAGAAGCTATGCA_PO41	PO41	AD
CTCTAGAAGTTAGATC_PO41	PO41	AD
CTCTATATCTGGATGC_PO20	PO20	Control
CTCTCAACATGATTGA_PO28	PO28	AD
CTCTCAGGTCCAACGC_SMC033	SMC033	Control
CTCTCGACACCTATCC_SMC049	SMC049	AD
CTCTCGAGTATAATGG_SMC052	SMC052	Control
CTCTCGATCAACTGAC_SMC038	SMC038	AD
CTCTCGATCCTCTCTC_PO11	PO11	AD
CTCTGACCAGGGCAGA_PO15	PO15	Control
CTCTGCATCCATCGGG_PO41	PO41	AD
CTCTGGTAGAATAACC_SMC030	SMC030	Control
CTCTGGTAGACTACCT_SMC041	SMC041	AD
CTCTGGTAGTCGCCCA_SMC041	SMC041	AD
CTCTTAATCATAGATC_PO05	PO05	AD
CTGAATGAGGTCTACT_SMC035	SMC035	Active control
CTGAATGGTCATATGC_SMC033	SMC033	Control
CTGACCAGTGACTCGC_PO23	PO23	Control
CTGAGCGAGCGGGTAT_SMC053	SMC053	Active control
CTGAGCGAGTTACGAA_SMC032	SMC032	AD
CTGAGCGCAAATAAGC_SMC041	SMC041	AD
CTGAGCGCAACTCGTA_SMC041	SMC041	AD
CTGAGCGTCCCAACTC_SMC033	SMC033	Control
CTGATATAGTGCTCGG_PO05	PO05	AD
CTGATCAAGGTCGTTA_PO41	PO41	AD
CTGATCCAGAGATTCA_SMC053	SMC053	Active control
CTGATCCGTTCCTAAG_SMC049	SMC049	AD
CTGATTGAGCCTGCGA_PO23	PO23	Control
CTGCAGGAGGCATCAG_SMC041	SMC041	AD
CTGCAGGTCGCGGTAC_SMC053	SMC053	Active control
CTGCATCAGGCCCAAA_SMC038	SMC038	AD
CTGCATCTCTTGGAAC_SMC053	SMC053	Active control
CTGCATGGTGATCCAT_PO28	PO28	AD
CTGCCATCAACCTCGT_PO13	PO13	Control
CTGCCATCATTACCAT_PO20	PO20	Control
CTGCCATTCCCGTGTT_SMC053	SMC053	Active control
CTGCCTAAGTCCGCGT_SMC052	SMC052	Control
CTGCCTACAGACCTAT_SMC039	SMC039	AD
CTGCCTACAGTATGAA_SMC039	SMC039	AD
CTGCCTACAGTCAGAG_SMC053	SMC053	Active control
CTGCCTATCGAGAAAT_SMC049	SMC049	AD
CTGCGAGGTTATTCTC_SMC049	SMC049	AD
CTGCGCAAGGATGCCT_PO41	PO41	AD
CTGCTCAAGACTTCCA_SMC049	SMC049	AD
CTGCTCGCATAACTGA_PO11	PO11	AD
CTGCTCTGTTCGTGAT_PO05	PO05	AD
CTGCTTACATGCTGCT_PO41	PO41	AD
CTGGACGAGCGGATCA_SMC035	SMC035	Active control
CTGGACGGTCCTGGTG_SMC035	SMC035	Active control
CTGGACGGTCGGTGAA_SMC035	SMC035	Active control
CTGGCAGAGGAAGTCC_SMC037	SMC037	Active control
CTGGCAGCACTAACCA_SMC049	SMC049	AD
CTGGCAGCAGTGCGCT_SMC033	SMC033	Control
CTGGCAGCATCATGAC_SMC033	SMC033	Control
CTGGCAGTCATCCTAT_SMC052	SMC052	Control
CTGGCAGTCTGTGCAA_SMC041	SMC041	AD
CTGGGTTAGATAGCGG_PO05	PO05	AD
CTGGTCAGTGAAGTTG_PO23	PO23	Control
CTGGTCAGTTCGCAAT_PO23	PO23	Control
CTGGTCTTCGACACCG_SMC041	SMC041	AD
CTGGTTGGTGAGCGTG_PO42	PO42	AD
CTGTAAGTCCATGAGC_PO05	PO05	AD
CTGTACCCAGAACTTC_SMC037	SMC037	Active control
CTGTACCTCCTAGCCT_SMC033	SMC033	Control
CTGTACGGTGAGTAGC_PO05	PO05	AD
CTGTACTTCTGGCTGG_PO11	PO11	AD
CTGTATAGTCTAGCTG_PO13	PO13	Control
CTGTATAGTGCAAGTA_PO05	PO05	AD
CTGTATTAGGATTCAA_SMC053	SMC053	Active control
CTGTATTAGTAAGGGA_SMC033	SMC033	Control
CTGTATTTCGCGTAGC_SMC041	SMC041	AD
CTGTCACCACATTACT_PO28	PO28	AD
CTGTCGTTCCAAGCTA_SMC041	SMC041	AD
CTGTCGTTCCACTTTA_SMC049	SMC049	AD
CTGTGAAAGACCTCAT_SMC052	SMC052	Control
CTGTGAAAGCCGTTAT_SMC041	SMC041	AD
CTGTGAAAGCTCCGAC_SMC039	SMC039	AD
CTGTGAACATCTGGGC_SMC053	SMC053	Active control
CTGTGAATCAAACCTG_SMC053	SMC053	Active control
CTGTGATGTTAATGGG_PO13	PO13	Control
CTGTGGGGTAATGCGG_SMC033	SMC033	Control
CTGTGGGGTCTTGAAC_SMC053	SMC053	Active control
CTGTGGGTCCTTGGAA_PO15	PO15	Control
CTGTGTCCACTCGGAA_PO11	PO11	AD
CTTACATCATGAGCAT_PO41	PO41	AD
CTTACCGAGCGCCATC_SMC049	SMC049	AD
CTTACCGCACATAGCT_SMC037	SMC037	Active control
CTTACCGGTATGCTAC_SMC038	SMC038	AD
CTTACCGTCTTCTCAA_SMC037	SMC037	Active control
CTTAGCAAGGTACGGA_PO28	PO28	AD
CTTAGGAGTAATGTGA_SMC037	SMC037	Active control
CTTAGGAGTCAGATTC_SMC035	SMC035	Active control
CTTAGGATCAGGCGAA_SMC030	SMC030	Control
CTTAGGATCTGTCAGA_SMC032	SMC032	AD
CTTAGTAGTTGTCCAG_PO11	PO11	AD
CTTAGTGAGTCGATGC_PO28	PO28	AD
CTTATCTGTGAGGTGT_PO15	PO15	Control
CTTCAATAGGTAAAGG_SMC049	SMC049	AD
CTTCAATCAAACTACA_PO42	PO42	AD
CTTCAATCACTTACTG_PO23	PO23	Control
CTTCAGCCAATATCGA_PO41	PO41	AD
CTTCCGACAGTAGGAC_SMC049	SMC049	AD
CTTCCGATCAGGGTAG_SMC041	SMC041	AD
CTTCCGATCCGTGTAA_SMC033	SMC033	Control
CTTCCTTAGGAGATAG_SMC030	SMC030	Control
CTTCCTTGTACTCCGG_SMC041	SMC041	AD
CTTCCTTTCCAGCAAT_SMC033	SMC033	Control
CTTCCTTTCCGATGCG_SMC049	SMC049	AD
CTTCGAGGTTTGAGAG_PO20	PO20	Control
CTTCGGTAGGAACTCG_SMC049	SMC049	AD
CTTCGGTCAATGTATG_PO28	PO28	AD
CTTCGGTGTTTCCCAC_SMC035	SMC035	Active control
CTTCTAAGTAGCGTAG_SMC041	SMC041	AD
CTTCTAAGTGGTTCTA_SMC053	SMC053	Active control
CTTCTAAGTTGGGTTT_SMC052	SMC052	Control
CTTCTAATCCTATTTG_SMC041	SMC041	AD
CTTCTAATCTTGACTC_PO05	PO05	AD
CTTCTCTAGATCGGTG_SMC041	SMC041	AD
CTTCTCTAGCAATTCC_SMC049	SMC049	AD
CTTCTCTAGGTGCTGA_SMC049	SMC049	AD
CTTCTCTGTGCTATTG_SMC049	SMC049	AD
CTTGAACGTTTCGGCA_PO28	PO28	AD
CTTGAATAGCGAGTAG_PO11	PO11	AD
CTTGAATAGGTAGACG_PO41	PO41	AD
CTTGACCCATTCGTCA_PO15	PO15	Control
CTTGAGAAGCCATCCG_SMC053	SMC053	Active control
CTTGAGAAGTAACCTC_SMC049	SMC049	AD
CTTGATGAGGTAGCGA_PO42	PO42	AD
CTTGATTAGGCGATAC_SMC049	SMC049	AD
CTTGATTCAATCGCGC_SMC049	SMC049	AD
CTTGCAGGTCAGCGGA_PO41	PO41	AD
CTTGCCATCCCCTGGT_PO11	PO11	AD
CTTGGATGTCTAAGGA_PO41	PO41	AD
CTTGGCTCATAGAGCT_PO15	PO15	Control
CTTGTAAGTCTTGGGC_PO15	PO15	Control
CTTGTCCGTGAGCAGT_PO20	PO20	Control
CTTGTGTTCCGTCATT_PO13	PO13	Control
CTTTCAAAGTGGTGAC_SMC032	SMC032	AD
CTTTCAACACACACTA_SMC041	SMC041	AD
CTTTCAACAGTTAGAA_SMC052	SMC052	Control
CTTTCAAGTACGAGCA_SMC033	SMC033	Control
CTTTCAAGTGTATTCG_SMC049	SMC049	AD
CTTTCAAGTGTTAGCT_SMC053	SMC053	Active control
CTTTCAAGTTGGACTT_SMC038	SMC038	AD
CTTTCGGTCATAGGCT_SMC052	SMC052	Control
GAAACCTTCCTACTGC_SMC030	SMC030	Control
GAAATGACAGCGCTTG_SMC053	SMC053	Active control
GAAATGATCTTCTGTA_SMC032	SMC032	AD
GAACACTAGACGGTCA_SMC052	SMC052	Control
GAACACTCAGCAGTGA_SMC035	SMC035	Active control
GAACGTTAGAAATTGC_SMC053	SMC053	Active control
GAACGTTCAGTGTGGA_SMC049	SMC049	AD
GAACGTTGTTAAGCAA_SMC033	SMC033	Control
GAACGTTTCATTGCTT_SMC035	SMC035	Active control
GAACGTTTCCTGTAAG_SMC053	SMC053	Active control
GAACTGTAGGCATCAG_SMC033	SMC033	Control
GAACTGTCATCCTCAC_SMC038	SMC038	AD
GAACTGTCATTCACCC_SMC053	SMC053	Active control
GAACTGTGTACAAACA_SMC041	SMC041	AD
GAACTGTGTATTTCGG_SMC030	SMC030	Control
GAACTGTTCCCGATCT_SMC038	SMC038	AD
GAACTGTTCGAGAACG_SMC049	SMC049	AD
GAAGAATCATGGGAAC_SMC049	SMC049	AD
GAAGAATGTGTTAGCT_SMC049	SMC049	AD
GAAGAATTCTAGCAAC_SMC033	SMC033	Control
GAAGAATTCTATCACT_SMC052	SMC052	Control
GAAGCCCCACGGTCTG_SMC029	SMC029	AD
GAAGCCCCAGCACGAA_SMC033	SMC033	Control
GAAGCCCGTGAATAAC_SMC039	SMC039	AD
GAAGCCCTCACGATCA_SMC033	SMC033	Control
GAAGCGAAGCAAGTGC_SMC033	SMC033	Control
GAAGCGACAAGACAAT_SMC053	SMC053	Active control
GAAGCGACAGACCCGT_SMC035	SMC035	Active control
GAAGCGAGTTCTCCTG_SMC033	SMC033	Control
GAAGCGATCGCTAATG_SMC052	SMC052	Control
GAAGGACAGCGAGAAA_SMC041	SMC041	AD
GAAGGACAGTCTTCCC_SMC053	SMC053	Active control
GAAGGACGTATGGGAC_SMC052	SMC052	Control
GAAGGACTCTCCGTGT_SMC033	SMC033	Control
GAAGGGTAGGGTAATT_SMC041	SMC041	AD
GAAGGGTGTATTCCTT_SMC049	SMC049	AD
GAAGTAACACAGTCAT_SMC041	SMC041	AD
GAAGTAAGTAGGGTAC_SMC049	SMC049	AD
GAATAGAGTCTAACGT_SMC033	SMC033	Control
GAATCACCAAATCAGA_SMC033	SMC033	Control
GAATCACCAACTCCCT_SMC037	SMC037	Active control
GAATCACCACGACGTC_SMC053	SMC053	Active control
GAATCACCAGCTGAGA_SMC041	SMC041	AD
GAATCACCATACCAGT_SMC052	SMC052	Control
GAATCACGTCACCCTT_SMC052	SMC052	Control
GAATCACTCCGTGACG_SMC049	SMC049	AD
GAATCACTCGATTGGT_SMC036	SMC036	AD
GAATCGTAGACCATGG_SMC041	SMC041	AD
GAATCGTGTTGTGTAC_SMC049	SMC049	AD
GACACGCAGAGTCCGA_SMC038	SMC038	AD
GACACGCAGCAGCCTC_SMC052	SMC052	Control
GACACGCAGGAGACCT_SMC049	SMC049	AD
GACACGCTCAGCGGAA_SMC041	SMC041	AD
GACAGCCGTCATAACC_SMC052	SMC052	Control
GACAGCCGTTGGGTAG_SMC033	SMC033	Control
GACAGCCTCATGCCAA_SMC052	SMC052	Control
GACATCACAGCGAGTA_SMC037	SMC037	Active control
GACCAATAGCGTGAAC_SMC052	SMC052	Control
GACCAATAGTACCATC_SMC041	SMC041	AD
GACCAATGTAGGGAGG_SMC041	SMC041	AD
GACCAATGTCAACACT_SMC041	SMC041	AD
GACCAATTCCGATCTC_SMC035	SMC035	Active control
GACCAATTCTGTGTGA_SMC053	SMC053	Active control
GACCCAGAGGAGATAG_SMC030	SMC030	Control
GACCCAGGTCTCCCTA_SMC037	SMC037	Active control
GACCCTTAGTTCCGTA_SMC039	SMC039	AD
GACCCTTCATACCATG_SMC049	SMC049	AD
GACCCTTGTTAAGACA_SMC049	SMC049	AD
GACCCTTGTTCTCACC_SMC035	SMC035	Active control
GACCGTGCAAGTGATA_SMC041	SMC041	AD
GACCGTGGTTGCATTG_SMC033	SMC033	Control
GACCTTCAGATGCTAA_SMC033	SMC033	Control
GACCTTCAGCGCACAA_SMC037	SMC037	Active control
GACCTTCGTAAGGTCG_SMC041	SMC041	AD
GACGCTGCAACGGGTA_SMC052	SMC052	Control
GACGCTGCAAGCTCTA_SMC049	SMC049	AD
GACGTTAGTCCCGTGA_SMC053	SMC053	Active control
GACGTTAGTCTACAGT_SMC037	SMC037	Active control
GACGTTAGTGTAGTGG_SMC033	SMC033	Control
GACTATGAGGCCTGAA_SMC049	SMC049	AD
GACTATGGTTGAGGAC_SMC052	SMC052	Control
GACTCAATCTCCGAAA_SMC049	SMC049	AD
GACTCTCAGTCTGCAT_SMC035	SMC035	Active control
GACTCTCCAACAGATA_SMC053	SMC053	Active control
GACTCTCCACTTGGGC_SMC049	SMC049	AD
GACTCTCCATCCTGTC_SMC033	SMC033	Control
GACTCTCGTTCGGACC_SMC053	SMC053	Active control
GACTTCCAGGGATCTG_SMC041	SMC041	AD
GACTTCCCAGACACAG_SMC053	SMC053	Active control
GACTTCCCATGCACTA_SMC049	SMC049	AD
GACTTCCTCACAGAGG_SMC052	SMC052	Control
GACTTCCTCCTGTTAT_SMC041	SMC041	AD
GAGACCCAGTACTGTC_SMC049	SMC049	AD
GAGACCCTCGTTCATT_SMC033	SMC033	Control
GAGACCCTCTCTGGTC_SMC033	SMC033	Control
GAGAGGTAGTGGTCAG_SMC053	SMC053	Active control
GAGAGGTGTGGTTTGT_SMC049	SMC049	AD
GAGAGGTTCTATCGCC_SMC049	SMC049	AD
GAGCCTGCATGACAGG_SMC041	SMC041	AD
GAGCCTGGTAGCGTTT_SMC049	SMC049	AD
GAGGCAAAGACCAACG_SMC032	SMC032	AD
GAGGCAAGTCTTACTT_SMC049	SMC049	AD
GAGGCAAGTGTACGCC_SMC033	SMC033	Control
GAGGCCTTCTACGGGC_SMC032	SMC032	AD
GAGGGATAGAAGGTAG_SMC052	SMC052	Control
GAGGGTAAGAACTGAT_SMC053	SMC053	Active control
GAGGGTATCGACCAAT_SMC052	SMC052	Control
GAGTCATAGTTCACTG_SMC041	SMC041	AD
GAGTCATCACGGCTAC_SMC035	SMC035	Active control
GAGTCATGTACAAACA_SMC037	SMC037	Active control
GAGTCTACAATTGCAC_SMC049	SMC049	AD
GAGTCTAGTACGATTC_SMC039	SMC039	AD
GAGTGAGAGGGTATAT_SMC053	SMC053	Active control
GAGTGAGCAACAGAGC_SMC053	SMC053	Active control
GAGTGAGTCCGGCAGT_SMC037	SMC037	Active control
GAGTGTTGTCGTGCCA_SMC035	SMC035	Active control
GAGTGTTGTGTCTTGA_SMC041	SMC041	AD
GAGTGTTTCATGGATC_SMC035	SMC035	Active control
GAGTGTTTCGTGGTAT_SMC053	SMC053	Active control
GAGTTACAGTAAATGC_SMC037	SMC037	Active control
GAGTTACTCGAAGTGG_SMC037	SMC037	Active control
GAGTTACTCTAGGCAT_SMC030	SMC030	Control
GAGTTGTAGAGCCTGA_SMC049	SMC049	AD
GAGTTGTCATATGGCT_SMC037	SMC037	Active control
GAGTTGTGTTATGACC_SMC037	SMC037	Active control
GAGTTTGGTGACGCCT_SMC041	SMC041	AD
GATAGAAAGGCTCTCG_SMC038	SMC038	AD
GATAGAAGTGGTAATA_SMC037	SMC037	Active control
GATAGCTAGCACCCAC_SMC035	SMC035	Active control
GATAGCTAGCGCATCC_SMC053	SMC053	Active control
GATAGCTTCACAATGC_SMC049	SMC049	AD
GATCACAGTGAGGCAT_SMC049	SMC049	AD
GATCAGTCAATCTGCA_SMC035	SMC035	Active control
GATCAGTCAGTTGCGC_SMC053	SMC053	Active control
GATCAGTGTTACCGTA_SMC041	SMC041	AD
GATCATGAGGCTTAAA_SMC033	SMC033	Control
GATCATGAGTTGTAAG_SMC053	SMC053	Active control
GATCATGCATCGATAC_SMC037	SMC037	Active control
GATCATGTCACCTTAT_SMC041	SMC041	AD
GATCCCTCAAGGCGTA_SMC053	SMC053	Active control
GATCCCTCAAGTATCC_SMC053	SMC053	Active control
GATCCCTCACCTTCCA_SMC049	SMC049	AD
GATCCCTTCGAGTACT_SMC052	SMC052	Control
GATCGTAAGCTGGCCT_SMC041	SMC041	AD
GATCGTATCGTTCTCG_SMC053	SMC053	Active control
GATGACTAGTGGAATT_SMC032	SMC032	AD
GATGACTTCATGAAAG_SMC038	SMC038	AD
GATGAGGAGCGTGCCT_SMC052	SMC052	Control
GATGATCAGCGACTGA_SMC033	SMC033	Control
GATGCTACAACAAGAT_SMC041	SMC041	AD
GATGCTACACACCGCA_SMC052	SMC052	Control
GATGCTACAGCACAGA_SMC037	SMC037	Active control
GATGCTACATGAGGGT_SMC053	SMC053	Active control
GATGGAGAGACACACG_SMC033	SMC033	Control
GATGGAGCACCTGCAG_SMC037	SMC037	Active control
GATGGAGCATCTTCGC_SMC033	SMC033	Control
GATGGAGGTAGCGTCC_SMC033	SMC033	Control
GATGGAGTCAGAACCT_SMC053	SMC053	Active control
GATGTTGAGCACGATG_SMC053	SMC053	Active control
GATGTTGAGCAGCCTC_SMC041	SMC041	AD
GATGTTGAGGCAGTCA_SMC049	SMC049	AD
GATGTTGCAGAAACCG_SMC036	SMC036	AD
GATGTTGGTGCGACAA_SMC041	SMC041	AD
GATTCGAGTTTCACAG_SMC037	SMC037	Active control
GATTCTTAGCATGAAT_SMC032	SMC032	AD
GATTCTTAGCTGTCCG_SMC049	SMC049	AD
GATTCTTGTGGCTGAA_SMC053	SMC053	Active control
GATTCTTGTTGCATTG_SMC052	SMC052	Control
GATTCTTGTTGTGCAT_SMC052	SMC052	Control
GATTCTTTCTCTCTAA_SMC049	SMC049	AD
GATTGGTCAAGGACAC_SMC053	SMC053	Active control
GATTGGTGTATGGAAT_SMC053	SMC053	Active control
GATTGGTTCACAGTGT_SMC041	SMC041	AD
GATTGGTTCTTTGGAG_SMC053	SMC053	Active control
GCAACATAGCCGTTAT_SMC039	SMC039	AD
GCAACATGTTCGTGCG_SMC049	SMC049	AD
GCAACATTCCGATGTA_SMC053	SMC053	Active control
GCAACGGGTGATAGGC_PO05	PO05	AD
GCAACGTTCGAATGGG_PO23	PO23	Control
GCAAGCAAGCATTAAC_PO23	PO23	Control
GCAAGTGAGCATTCGA_PO13	PO13	Control
GCAATCTGTGACTCGC_PO20	PO20	Control
GCAATTGTCAATCGGC_PO20	PO20	Control
GCACACTAGTTAGCCA_PO13	PO13	Control
GCACATAAGAACGTGC_SMC041	SMC041	AD
GCACATAAGAGGATGA_SMC053	SMC053	Active control
GCACATACAACGGGTA_SMC053	SMC053	Active control
GCACATACAAGTGCTT_SMC049	SMC049	AD
GCACATACATCTCAAG_SMC041	SMC041	AD
GCACCATAGTCAGCTA_PO28	PO28	AD
GCACCCTTCACAGATT_PO11	PO11	AD
GCACGAAAGGTCCATA_PO41	PO41	AD
GCACGATTCGTAGTGC_PO20	PO20	Control
GCACGGTAGACCGCCT_SMC041	SMC041	AD
GCACGGTCACATACGT_SMC049	SMC049	AD
GCACGGTGTGAGTAAT_SMC041	SMC041	AD
GCACGTGCAGAGGCAT_SMC033	SMC033	Control
GCACGTGCATGGAGAC_SMC033	SMC033	Control
GCACGTTAGCAGGTCT_PO42	PO42	AD
GCACTAACAAGACGAC_SMC035	SMC035	Active control
GCACTAACAATAGAGT_SMC053	SMC053	Active control
GCACTAATCTAGTGTG_SMC038	SMC038	AD
GCACTCCTCCGGTACG_PO23	PO23	Control
GCACTCCTCGCATCAA_PO11	PO11	AD
GCAGCCACAAGGCGTA_SMC037	SMC037	Active control
GCAGCCACAGGCTTGC_SMC053	SMC053	Active control
GCAGCCAGTACAGAAT_SMC037	SMC037	Active control
GCAGCCAGTAGTCACT_SMC041	SMC041	AD
GCAGCGAGTTCCTGAG_PO20	PO20	Control
GCAGCGAGTTGTGCCA_PO11	PO11	AD
GCAGCTGCATGACGGA_SMC041	SMC041	AD
GCAGCTGTCGCGGTAC_SMC053	SMC053	Active control
GCAGCTGTCTACTCAT_SMC035	SMC035	Active control
GCAGGATGTGAAGCTA_PO28	PO28	AD
GCAGGCTAGAAGCGGG_SMC041	SMC041	AD
GCAGGCTAGGTTCCGC_SMC049	SMC049	AD
GCAGGCTCAACCAGTG_PO23	PO23	Control
GCAGGCTCATGCCATA_SMC053	SMC053	Active control
GCAGGGACAAGTGAAG_PO20	PO20	Control
GCAGGGACATCGCGTT_PO11	PO11	AD
GCAGGGTAGAACCTCA_PO28	PO28	AD
GCAGGGTAGGAGGCGT_PO05	PO05	AD
GCAGTTAAGAAGCGGG_SMC053	SMC053	Active control
GCAGTTAAGACCAAAT_SMC041	SMC041	AD
GCAGTTACATGTAACC_SMC033	SMC033	Control
GCAGTTATCCACAGGC_SMC049	SMC049	AD
GCAGTTATCCACGTGG_SMC033	SMC033	Control
GCATAGCTCGACTTGA_PO42	PO42	AD
GCATCACAGGGGTTAG_PO42	PO42	AD
GCATCCCTCCGGTGAT_PO28	PO28	AD
GCATCCCTCGTCTATC_PO13	PO13	Control
GCATCGGCACGTCTCT_SMC038	SMC038	AD
GCATCGGCAGAGGTTG_SMC041	SMC041	AD
GCATCTAAGTCATCTC_PO28	PO28	AD
GCATCTAAGTGGCGAA_PO20	PO20	Control
GCATCTCAGGAAAGAC_SMC032	SMC032	AD
GCATCTCAGTCACACT_SMC041	SMC041	AD
GCATCTCGTAGGAAAG_SMC037	SMC037	Active control
GCATCTCGTTGCATGT_SMC041	SMC041	AD
GCATGAGAGCGATACC_PO28	PO28	AD
GCATGAGAGGGGCTAA_PO11	PO11	AD
GCATGATAGACCAAGC_SMC039	SMC039	AD
GCATGATAGCTAGCCC_SMC052	SMC052	Control
GCATGATGTATGATCC_SMC033	SMC033	Control
GCATTACGTTCGGGCT_PO20	PO20	Control
GCATTACGTTCGTAGT_PO11	PO11	AD
GCATTAGCATATCTCT_SMC037	SMC037	Active control
GCATTAGGTTTGGGAG_SMC053	SMC053	Active control
GCATTAGTCATAGACT_PO28	PO28	AD
GCATTATAGGTGCATC_PO41	PO41	AD
GCATTATAGGTTCCAA_PO23	PO23	Control
GCATTCAAGGGCTAGA_PO41	PO41	AD
GCATTTAGTTAGCAAG_PO23	PO23	Control
GCCAACGGTCTGTCAA_SMC037	SMC037	Active control
GCCAACGTCCTAAACG_SMC038	SMC038	AD
GCCAACGTCTAACGCA_SMC052	SMC052	Control
GCCAGCAAGCGCCTAC_SMC049	SMC049	AD
GCCAGCAAGTGGCCTC_SMC033	SMC033	Control
GCCAGCAAGTTGTACC_SMC038	SMC038	AD
GCCAGCACAACGCCCA_SMC053	SMC053	Active control
GCCAGCACACTTGGGC_SMC033	SMC033	Control
GCCAGGTAGTTCCTGA_SMC052	SMC052	Control
GCCAGGTCACTTCTCG_SMC039	SMC039	AD
GCCAGGTGTCATATGC_SMC035	SMC035	Active control
GCCAGGTTCCTGTTAT_SMC052	SMC052	Control
GCCAGGTTCGCTTTAT_SMC033	SMC033	Control
GCCAGGTTCGGAGTAG_SMC049	SMC049	AD
GCCAGGTTCTTGATTC_SMC049	SMC049	AD
GCCATAATCCGCAGTG_PO42	PO42	AD
GCCATAGCAATCCCGT_PO42	PO42	AD
GCCATCTCAGCTAGGC_PO23	PO23	Control
GCCATGGCACTACCGG_SMC033	SMC033	Control
GCCATTCAGATTGGGC_SMC049	SMC049	AD
GCCATTCCAAGTGAGA_PO42	PO42	AD
GCCATTCCATCCTGTC_SMC053	SMC053	Active control
GCCCAGAAGAGTGGCT_SMC033	SMC033	Control
GCCCAGAAGGGCAGAG_SMC032	SMC032	AD
GCCCAGACAAGGGTCA_SMC039	SMC039	AD
GCCCAGACACACCGAC_SMC049	SMC049	AD
GCCCAGACAGCTATTG_SMC035	SMC035	Active control
GCCCAGAGTCAATGGG_SMC037	SMC037	Active control
GCCCCATTCAGCGATC_PO28	PO28	AD
GCCCGAAAGCATAGGC_SMC053	SMC053	Active control
GCCCGAAAGTGGAAGA_SMC041	SMC041	AD
GCCCGAATCTGTCCGT_SMC053	SMC053	Active control
GCCCTAGAGTCGATCA_PO05	PO05	AD
GCCCTGAAGCTAGTCA_PO13	PO13	Control
GCCCTTGCAACCGGAC_PO28	PO28	AD
GCCGATGTCACCGGGT_SMC049	SMC049	AD
GCCGATGTCTCCGAGG_SMC038	SMC038	AD
GCCGGTTGTTGGTAAG_PO20	PO20	Control
GCCGTCAAGAATCAGA_PO42	PO42	AD
GCCGTGAAGTCTAGCT_SMC041	SMC041	AD
GCCGTGAGTGCTGTCG_SMC052	SMC052	Control
GCCGTGATCTCGCTCA_SMC037	SMC037	Active control
GCCTAACAGGAGTAGT_PO05	PO05	AD
GCCTACTCACTAGCTC_PO28	PO28	AD
GCCTCCACATCCCGAT_PO28	PO28	AD
GCCTGATAGAACGAGT_PO05	PO05	AD
GCCTGGATCGACTGGT_PO42	PO42	AD
GCCTGTTAGAATTGTG_SMC032	SMC032	AD
GCCTGTTCACCTGCAG_SMC041	SMC041	AD
GCCTGTTCACTACACA_SMC038	SMC038	AD
GCCTGTTCATGCAGGA_SMC053	SMC053	Active control
GCCTGTTGTTACACTG_SMC053	SMC053	Active control
GCCTTCATCGAGTGTC_PO28	PO28	AD
GCGAATTCACTACCTA_PO28	PO28	AD
GCGACAGGTTTACTGA_PO15	PO15	Control
GCGACATTCTGTCTAC_PO11	PO11	AD
GCGAGAACACGAGAAC_SMC033	SMC033	Control
GCGAGAACACTACCCT_SMC030	SMC030	Control
GCGAGAATCTGCGGGT_SMC039	SMC039	AD
GCGATAAGTCAACCTG_PO28	PO28	AD
GCGATAAGTCTGTGTG_PO20	PO20	Control
GCGATAAGTGGCGCAA_PO20	PO20	Control
GCGATAAGTGGCGTTC_PO20	PO20	Control
GCGATCGGTAACCAGG_SMC041	SMC041	AD
GCGATCGGTCCTCCTA_SMC053	SMC053	Active control
GCGATCGTCAGTGTGT_SMC033	SMC033	Control
GCGATCGTCCCAGCGA_SMC038	SMC038	AD
GCGATCGTCGCATGAT_SMC049	SMC049	AD
GCGATGTTCAGTTAGT_PO41	PO41	AD
GCGATGTTCATCTCTA_PO28	PO28	AD
GCGATGTTCCTGCATT_PO28	PO28	AD
GCGCATTAGCAGTCTA_PO11	PO11	AD
GCGCTAGTCACTCGTT_PO11	PO11	AD
GCGCTCAAGCTGAGTC_PO28	PO28	AD
GCGGAAACAACGGGTA_SMC049	SMC049	AD
GCGGAAACAACGTTAC_SMC038	SMC038	AD
GCGGAAACACACACGC_SMC049	SMC049	AD
GCGGAAACATTGACCA_SMC053	SMC053	Active control
GCGGAAAGTAGGGTAC_SMC049	SMC049	AD
GCGGAAAGTCACCGCA_SMC038	SMC038	AD
GCGGAGTAGTGGGTTC_PO42	PO42	AD
GCGGATCTCCTCTTTC_SMC035	SMC035	Active control
GCGGATCTCTATACTC_SMC032	SMC032	AD
GCGGATCTCTTACACT_SMC049	SMC049	AD
GCGGATGGTCTGGTGC_PO11	PO11	AD
GCGGTAAAGATTCCGA_PO05	PO05	AD
GCGGTAAAGGCGAGTA_PO11	PO11	AD
GCGGTAAAGTAGTTAC_PO28	PO28	AD
GCGGTTTAGATTGCAT_PO28	PO28	AD
GCGTACCGTCAAGGCG_PO28	PO28	AD
GCGTCCTTCAGCCCGA_PO28	PO28	AD
GCGTCCTTCTCACTCG_PO28	PO28	AD
GCGTGAGGTCATTGCG_PO28	PO28	AD
GCGTGAGGTTGACCGC_PO41	PO41	AD
GCGTGCACAAGTGGTG_SMC041	SMC041	AD
GCGTGCAGTCTGCCTT_SMC033	SMC033	Control
GCGTGCAGTTGGGAAC_SMC053	SMC053	Active control
GCGTGCATCGACATGC_PO05	PO05	AD
GCGTGTTAGCAAGTCC_PO11	PO11	AD
GCGTTAATCATATCCC_PO11	PO11	AD
GCGTTAGCACTCAGGA_PO23	PO23	Control
GCGTTTCTCAGGAGAC_SMC049	SMC049	AD
GCGTTTCTCCGAGTGC_SMC033	SMC033	Control
GCTAACATCAGGAGTG_PO28	PO28	AD
GCTAACATCTAGCCGG_PO28	PO28	AD
GCTAATGTCCTGCATT_PO05	PO05	AD
GCTACAAAGGCATGCA_SMC033	SMC033	Control
GCTACAAAGTTGGAGC_SMC049	SMC049	AD
GCTACAAGTCGGCCTA_SMC032	SMC032	AD
GCTACAAGTTGCATCA_SMC032	SMC032	AD
GCTACCTAGCCTCATA_SMC049	SMC049	AD
GCTACCTAGGCCACTC_SMC053	SMC053	Active control
GCTACCTAGGTAACTA_SMC033	SMC033	Control
GCTACCTCAACCGCTG_SMC033	SMC033	Control
GCTACCTCAACGACAG_SMC035	SMC035	Active control
GCTACCTCACATTCGC_PO11	PO11	AD
GCTACCTCAGACGCTC_SMC041	SMC041	AD
GCTACCTCATCCGCGA_SMC052	SMC052	Control
GCTAGGGGTTAGCGTT_PO11	PO11	AD
GCTAGGTTCCATCGGG_PO05	PO05	AD
GCTAGTCAGCTATGTG_PO13	PO13	Control
GCTAGTCAGGGTAGGC_PO20	PO20	Control
GCTATGATCCAGCAGT_PO41	PO41	AD
GCTATTGAGCTATCCT_PO28	PO28	AD
GCTCAAACATGACTAC_SMC041	SMC041	AD
GCTCAAAGTGAGATTA_SMC041	SMC041	AD
GCTCAAATCACTCCAT_PO11	PO11	AD
GCTCAAATCGATTACG_PO28	PO28	AD
GCTCAATGTCAAGCAA_PO05	PO05	AD
GCTCATGGTTATGAGG_PO11	PO11	AD
GCTCATTTCACTCGGG_PO28	PO28	AD
GCTCATTTCAGCATTG_PO13	PO13	Control
GCTCCTGCACTATACT_PO42	PO42	AD
GCTCCTTGTTAATTCG_PO23	PO23	Control
GCTCGATAGCTTACTC_PO42	PO42	AD
GCTCGATAGTCAGCAC_PO05	PO05	AD
GCTCGTAGTAAGTGAT_PO15	PO15	Control
GCTGAATAGCGCAATG_SMC035	SMC035	Active control
GCTGAATAGTCAAGCG_SMC049	SMC049	AD
GCTGCAGCAAAGGATT_SMC036	SMC036	AD
GCTGCAGGTCGCTTGG_SMC053	SMC053	Active control
GCTGCAGTCATGGATC_SMC052	SMC052	Control
GCTGCAGTCTGGAAGG_SMC049	SMC049	AD
GCTGCTAGTTTAGTGC_PO05	PO05	AD
GCTGCTGAGGCTTACA_PO28	PO28	AD
GCTGGGTAGCTACTAC_SMC032	SMC032	AD
GCTGGGTAGCTGACAG_SMC053	SMC053	Active control
GCTGGGTAGTCGGGAT_SMC037	SMC037	Active control
GCTGGGTCAAGAGGTC_SMC035	SMC035	Active control
GCTGGGTCACTAGGTG_PO05	PO05	AD
GCTGGGTCAGCACCCA_SMC033	SMC033	Control
GCTGGGTGTGCATTTG_SMC037	SMC037	Active control
GCTGGGTTCAACTACG_SMC033	SMC033	Control
GCTTAACGTAGTAGTG_PO05	PO05	AD
GCTTAATAGTTAGCTG_PO41	PO41	AD
GCTTACAAGTTACGCA_PO41	PO41	AD
GCTTATGAGGTACGGA_PO15	PO15	Control
GCTTCACCATGACTGT_SMC027	SMC027	Control
GCTTCACGTCGAATGG_SMC053	SMC053	Active control
GCTTCCATCATACTGG_PO20	PO20	Control
GCTTCCGCAGGACATT_PO05	PO05	AD
GCTTGATGTGCGTGTC_PO15	PO15	Control
GCTTGGGCAGACAAAT_SMC033	SMC033	Control
GCTTGGGCATCTGGGC_SMC041	SMC041	AD
GCTTGGGTCCGTGGGT_SMC053	SMC053	Active control
GCTTGGGTCCTTGACC_SMC049	SMC049	AD
GCTTGGGTCGTGAATT_PO42	PO42	AD
GCTTGTAAGCGATGCT_PO23	PO23	Control
GCTTGTCCACTCGCCA_PO28	PO28	AD
GCTTTCGAGTCTAGAA_SMC033	SMC033	Control
GCTTTCGGTAGGTAGC_SMC033	SMC033	Control
GCTTTCGGTCCAACGC_SMC035	SMC035	Active control
GGAAATGCATCACAGG_PO05	PO05	AD
GGAACCCCAAGTAGTA_SMC038	SMC038	AD
GGAACCCCATGGTGGA_SMC041	SMC041	AD
GGAACGATCATAGGAA_PO42	PO42	AD
GGAAGGCTCCGTGCAG_PO23	PO23	Control
GGAAGTGCAAACAGGC_SMC033	SMC033	Control
GGAAGTGTCAGAGCGA_SMC049	SMC049	AD
GGAAGTGTCTGGCCTT_SMC052	SMC052	Control
GGAATCTAGAATAACC_SMC049	SMC049	AD
GGAATCTAGAGGCGTT_SMC053	SMC053	Active control
GGAATCTAGTTGCTCA_SMC035	SMC035	Active control
GGAATCTCAAGTTCGG_PO20	PO20	Control
GGAATCTCACTTACTG_PO28	PO28	AD
GGAATCTCATCGAACT_SMC052	SMC052	Control
GGAATCTCATTATGCG_SMC053	SMC053	Active control
GGAATCTGTATCAGCT_SMC053	SMC053	Active control
GGAATCTGTCTACTGA_SMC049	SMC049	AD
GGAATGGCAATCGAAA_SMC053	SMC053	Active control
GGAATGGCACGCGGTT_SMC038	SMC038	AD
GGACACAAGAAGGGTT_PO23	PO23	Control
GGACACAAGCATGAGG_PO20	PO20	Control
GGACACGGTGAGTTGA_PO05	PO05	AD
GGACACGGTTGGACCC_PO41	PO41	AD
GGACATAGTTCGCAAT_PO20	PO20	Control
GGACATGAGGCGTACT_PO15	PO15	Control
GGACCTTAGAATCACT_PO11	PO11	AD
GGACGAATCCTGCACC_PO11	PO11	AD
GGACGTCCACTGGACC_SMC053	SMC053	Active control
GGACTCACACCAACTC_PO28	PO28	AD
GGAGAACAGGCCACCT_SMC041	SMC041	AD
GGAGAACTCACCCTTG_SMC037	SMC037	Active control
GGAGAACTCATTGCTT_SMC052	SMC052	Control
GGAGAACTCTGGCCTT_SMC053	SMC053	Active control
GGAGAAGGTTCTGGTG_PO20	PO20	Control
GGAGATGAGAAGCCTG_SMC038	SMC038	AD
GGAGATGAGGGCAGAG_SMC035	SMC035	Active control
GGAGATGAGGTCATTC_SMC033	SMC033	Control
GGAGATGGTAACATCC_SMC049	SMC049	AD
GGAGATGTCAACACCA_SMC041	SMC041	AD
GGAGATGTCATGCGGC_SMC035	SMC035	Active control
GGAGCAATCCTTCCTC_PO23	PO23	Control
GGAGCAATCTTGGTGA_SMC039	SMC039	AD
GGAGGATAGTCCCGAC_SMC033	SMC033	Control
GGAGGATGTGTCTTCC_SMC053	SMC053	Active control
GGAGGATGTTCCTACC_SMC049	SMC049	AD
GGAGGATTCATTTACC_SMC049	SMC049	AD
GGAGGTAGTTTACCAG_SMC030	SMC030	Control
GGAGGTATCTTCCCGA_SMC053	SMC053	Active control
GGAGGTTGTTCGCCAA_PO11	PO11	AD
GGAGTAACAAGTTACA_PO28	PO28	AD
GGAGTAACATTCGCCG_PO05	PO05	AD
GGAGTGATCTATGTCC_PO20	PO20	Control
GGATAATGTAGTTGCT_PO15	PO15	Control
GGATATGGTAACTCGT_PO23	PO23	Control
GGATATGGTGAGTAAT_PO23	PO23	Control
GGATGTGAGGCACTCG_PO41	PO41	AD
GGATGTTCACAGCGCT_SMC053	SMC053	Active control
GGATGTTGTGATGAAT_SMC037	SMC037	Active control
GGATTCATCACGTAAT_PO05	PO05	AD
GGATTCGCAATACTCT_PO20	PO20	Control
GGCAACTTCACGCCAG_PO20	PO20	Control
GGCAACTTCTCACTAC_PO11	PO11	AD
GGCAAGGCAACCTGTC_PO20	PO20	Control
GGCACCATCAGCGGAA_PO11	PO11	AD
GGCACCATCGTAGTAT_PO42	PO42	AD
GGCACGTGTCATGGCC_SMC033	SMC033	Control
GGCAGTCCAGCATGCC_SMC032	SMC032	AD
GGCAGTCGTCAAGCGA_SMC053	SMC053	Active control
GGCAGTCTCTAGCAAC_SMC033	SMC033	Control
GGCAGTCTCTGGCCAG_SMC038	SMC038	AD
GGCATGTTCATGGTAT_PO05	PO05	AD
GGCATGTTCGACCGTG_PO28	PO28	AD
GGCCAATTCCTGCCTA_PO41	PO41	AD
GGCCCTAAGCTGGATC_PO13	PO13	Control
GGCCGATCACCATCGT_PO23	PO23	Control
GGCCTTGAGGAACCAG_PO23	PO23	Control
GGCCTTGAGGCTCTGG_PO41	PO41	AD
GGCGACTCAGGCTCAA_PO11	PO11	AD
GGCGGTAGTAATCGGA_PO20	PO20	Control
GGCGTAGGTTAGAGCA_PO11	PO11	AD
GGCGTCACAAGCCTGC_SMC041	SMC041	AD
GGCGTCTGTCAGCCAC_PO42	PO42	AD
GGCTATATCCAACCAA_PO05	PO05	AD
GGCTATTGTGAAGCCG_PO20	PO20	Control
GGCTGACCAACCCTAC_PO28	PO28	AD
GGCTGGTCACTTGAGG_PO23	PO23	Control
GGCTGTGCAGACATCT_SMC032	SMC032	AD
GGCTGTGTCAGATGCT_SMC041	SMC041	AD
GGCTGTTAGTCGATAT_PO28	PO28	AD
GGCTTCCTCCGTGGCA_PO42	PO42	AD
GGCTTCCTCGACTGAC_PO41	PO41	AD
GGCTTCTCACTAGCAG_PO05	PO05	AD
GGCTTGGGTCCACACG_SMC030	SMC030	Control
GGCTTGGTCACTGGGC_SMC053	SMC053	Active control
GGCTTTCAGAGGTCAC_SMC053	SMC053	Active control
GGCTTTCAGTGATTCC_SMC052	SMC052	Control
GGCTTTCGTATCGTAC_SMC053	SMC053	Active control
GGCTTTCGTTAGAAGT_SMC037	SMC037	Active control
GGCTTTCGTTCCTAGA_SMC053	SMC053	Active control
GGGAAGTCACTACTTT_SMC053	SMC053	Active control
GGGAAGTCATAGACTC_SMC035	SMC035	Active control
GGGACAAAGAATCGCG_SMC037	SMC037	Active control
GGGACAACAAGTTCCA_SMC037	SMC037	Active control
GGGACAACACTCAAGT_SMC041	SMC041	AD
GGGACCAGTGATGATG_PO23	PO23	Control
GGGACCTCAAGATCCT_SMC052	SMC052	Control
GGGACCTGTACACTCA_SMC038	SMC038	AD
GGGACCTTCTTCCCAG_SMC041	SMC041	AD
GGGACGTAGCCCGTGA_PO13	PO13	Control
GGGACTCAGACCCTTA_SMC033	SMC033	Control
GGGACTCGTCGCTTAA_SMC041	SMC041	AD
GGGAGATGTCCACTTC_SMC037	SMC037	Active control
GGGAGATTCGCTGATA_SMC035	SMC035	Active control
GGGAGTAAGTGATTCC_SMC053	SMC053	Active control
GGGAGTATCCTTCGAC_SMC033	SMC033	Control
GGGATCCAGAAACTCA_SMC049	SMC049	AD
GGGATCCGTGAATATG_SMC049	SMC049	AD
GGGATGATCAACCCGG_SMC041	SMC041	AD
GGGATTAGTAGCGACG_PO41	PO41	AD
GGGCAAATCCGTGGAT_PO28	PO28	AD
GGGCAATGTCAACTTA_PO13	PO13	Control
GGGCAGACATGTCGTC_PO28	PO28	AD
GGGCAGACATTCATAC_PO13	PO13	Control
GGGCCATAGGTGATCG_SMC049	SMC049	AD
GGGCCATCACACCAGC_SMC033	SMC033	Control
GGGCCATTCTTGCAGA_SMC049	SMC049	AD
GGGCCTTGTTAGTCCG_PO28	PO28	AD
GGGCCTTGTTCACCAG_PO23	PO23	Control
GGGCCTTGTTCGTGCA_PO13	PO13	Control
GGGCGATAGGTCAACC_PO42	PO42	AD
GGGCGTTAGCATCAAA_SMC038	SMC038	AD
GGGCGTTCATCTCCCA_SMC038	SMC038	AD
GGGCTAAAGTAGTAGA_PO23	PO23	Control
GGGCTACAGACAGCGT_SMC053	SMC053	Active control
GGGCTACCAGAAGTGC_SMC052	SMC052	Control
GGGCTACGTGCTCTCT_SMC033	SMC033	Control
GGGCTCAAGTTGTCGT_SMC035	SMC035	Active control
GGGCTCAGTTCTTGCC_SMC049	SMC049	AD
GGGCTTGTCCTGCTCA_PO20	PO20	Control
GGGGCAACAGCCAAGC_PO20	PO20	Control
GGGTAAGTCACGCTAA_PO13	PO13	Control
GGGTAAGTCGCTTCGC_PO42	PO42	AD
GGGTACTTCGCGTCGA_PO42	PO42	AD
GGGTACTTCTCACCAT_PO41	PO41	AD
GGGTAGAAGAAGTCTA_SMC033	SMC033	Control
GGGTAGAGTCCGGTGT_SMC030	SMC030	Control
GGGTATAGTCTAGCCA_PO15	PO15	Control
GGGTATAGTGCGCCAT_PO28	PO28	AD
GGGTATGAGTCGCTGG_PO11	PO11	AD
GGGTATTAGCAATTCC_SMC041	SMC041	AD
GGGTATTTCTGCGATA_SMC041	SMC041	AD
GGGTCACTCCTCACTG_SMC038	SMC038	AD
GGGTCACTCGACCAAT_SMC041	SMC041	AD
GGGTCAGGTAACGAAT_PO23	PO23	Control
GGGTCATTCAGGACTC_PO20	PO20	Control
GGGTCATTCATGGTGC_PO23	PO23	Control
GGGTCTGGTGATTCAC_SMC041	SMC041	AD
GGGTGAAAGGTGCTGA_SMC053	SMC053	Active control
GGGTGAAGTGAATTGA_SMC038	SMC038	AD
GGGTGTCAGGCATCTT_SMC033	SMC033	Control
GGGTGTCCACACCTGG_SMC038	SMC038	AD
GGGTGTCCATGACAAA_SMC037	SMC037	Active control
GGGTGTCGTCTGATAC_SMC030	SMC030	Control
GGGTTAAGTTCCGGGT_PO20	PO20	Control
GGGTTAGAGCATCACA_PO20	PO20	Control
GGGTTATAGTGCCGAA_SMC037	SMC037	Active control
GGGTTATCAGGACTTT_SMC052	SMC052	Control
GGGTTATGTCCTCCAT_SMC041	SMC041	AD
GGGTTATGTTTCCAAG_SMC053	SMC053	Active control
GGGTTATTCACTGGTA_SMC052	SMC052	Control
GGGTTGAAGGATAGGT_PO28	PO28	AD
GGGTTGAAGGTTCCAA_PO42	PO42	AD
GGGTTGGGTCAGCACC_PO11	PO11	AD
GGGTTTAAGACGGTCA_SMC037	SMC037	Active control
GGGTTTACAGGCGAAT_SMC049	SMC049	AD
GGGTTTATCCGAAGGA_SMC038	SMC038	AD
GGGTTTATCTACCTTA_SMC033	SMC033	Control
GGGTTTCAGCTAGTCA_PO11	PO11	AD
GGGTTTGCAAGTGGTT_PO05	PO05	AD
GGTAAATGTCAGCCGT_PO15	PO15	Control
GGTAAATGTGCAAGTA_PO13	PO13	Control
GGTAAATGTGCGCCAT_PO05	PO05	AD
GGTAACAGTTATCCGG_PO13	PO13	Control
GGTAATCAGGTCACAG_SMC035	SMC035	Active control
GGTAATCCAACCAATC_SMC037	SMC037	Active control
GGTAATCCAACCGCAA_PO23	PO23	Control
GGTAATCCAAGTCGGC_PO23	PO23	Control
GGTAATCCAGGACTCA_PO20	PO20	Control
GGTAATCCATTGAAGA_SMC033	SMC033	Control
GGTAATTTCCTTGATC_PO05	PO05	AD
GGTACGCCAAGCGATT_PO05	PO05	AD
GGTACGCCAGGCTAAT_PO23	PO23	Control
GGTACGGGTAAGCTAG_PO20	PO20	Control
GGTACTATCCGTGGAT_PO05	PO05	AD
GGTACTTGTTGACTCG_PO23	PO23	Control
GGTAGAGCATCTTTCA_SMC053	SMC053	Active control
GGTAGAGTCCACTTTA_SMC049	SMC049	AD
GGTAGCAAGGGGATGC_PO05	PO05	AD
GGTAGTAGTGAGTAAT_PO28	PO28	AD
GGTAGTAGTTGCGCTA_PO20	PO20	Control
GGTAGTGAGTTACGGC_PO23	PO23	Control
GGTATCGCATTAGGAC_PO20	PO20	Control
GGTATGAGTTGTCATA_PO15	PO15	Control
GGTATGGAGAAGCCTC_PO41	PO41	AD
GGTATGTCACCTCGCA_PO28	PO28	AD
GGTCACGAGCGGTATG_SMC049	SMC049	AD
GGTCACGGTAGACACG_SMC052	SMC052	Control
GGTCACGTCATCGACA_SMC049	SMC049	AD
GGTCAGCCATCCATGC_PO28	PO28	AD
GGTCATATCGCGCTGA_PO28	PO28	AD
GGTCATTGTGAAGCAC_PO15	PO15	Control
GGTCCTGAGCCACTAA_PO28	PO28	AD
GGTCCTGAGGCGAGTA_PO20	PO20	Control
GGTCCTGAGTCGAGGA_PO15	PO15	Control
GGTCGCATCTGGCTGG_PO20	PO20	Control
GGTCGGTCACAGCAGC_PO05	PO05	AD
GGTCTAATCTAAGCTG_PO41	PO41	AD
GGTCTGGAGCTGGAGT_SMC037	SMC037	Active control
GGTCTGGGTCTGATAC_SMC038	SMC038	AD
GGTCTGGTCCGTTTCG_SMC038	SMC038	AD
GGTCTTAAGCAATGAA_PO28	PO28	AD
GGTGAAGCATCAGTCA_SMC033	SMC033	Control
GGTGATAGTCATCCTC_PO20	PO20	Control
GGTGATTGTGTTAAAG_SMC049	SMC049	AD
GGTGATTTCTAGCAAC_SMC041	SMC041	AD
GGTGCTTAGCCATTGA_PO13	PO13	Control
GGTGGATGTGAGCAAC_PO41	PO41	AD
GGTGGCTCAAGAGGCT_SMC052	SMC052	Control
GGTGGCTCAAGTAGAG_PO23	PO23	Control
GGTGGCTTCCTAAGTG_SMC033	SMC033	Control
GGTGTAAGTGAGTGGT_PO28	PO28	AD
GGTGTCGCAATCGCAT_SMC038	SMC038	AD
GGTGTCGCACAAGCTT_SMC049	SMC049	AD
GGTGTCGCATCAGCTA_SMC032	SMC032	AD
GGTGTCGGTCACAGTT_SMC053	SMC053	Active control
GGTGTGAAGCTAATCG_PO28	PO28	AD
GGTGTTAAGCCGCTTG_SMC053	SMC053	Active control
GGTGTTGCACTAGCAG_PO28	PO28	AD
GGTTAACCAGCTCCTT_SMC041	SMC041	AD
GGTTAACTCTCACTCG_SMC049	SMC049	AD
GGTTAAGGTGGCGTGA_PO28	PO28	AD
GGTTAATTCCGTGAAC_PO28	PO28	AD
GGTTACATCGAATCAT_PO20	PO20	Control
GGTTACATCGTGCATA_PO15	PO15	Control
GGTTAGCTCGCGTTGG_PO41	PO41	AD
GGTTAGTCAACCGTGA_PO41	PO41	AD
GGTTAGTCAACTGCCT_PO13	PO13	Control
GGTTATGTCCACCGCT_PO42	PO42	AD
GGTTATGTCCTGCGCT_PO13	PO13	Control
GGTTCTAAGTCTAGGC_PO11	PO11	AD
GGTTGGTTCACAGCGT_PO41	PO41	AD
GGTTGTAAGGCCACTC_SMC053	SMC053	Active control
GGTTGTAGTTTCTTAC_SMC053	SMC053	Active control
GGTTTACGTAGTGTCT_PO23	PO23	Control
GGTTTAGTCAATGGTT_PO13	PO13	Control
GGTTTAGTCCATGCGG_PO20	PO20	Control
GGTTTCAAGCGCTACG_PO05	PO05	AD
GTAAACGGTGCGGTGA_PO20	PO20	Control
GTAAACGGTGGCTTCA_PO23	PO23	Control
GTAAACGGTTCCCGTT_PO41	PO41	AD
GTAAAGGCAGGTAACT_PO23	PO23	Control
GTAAAGGCATCATCAT_PO05	PO05	AD
GTAACACCACCCAATA_SMC053	SMC053	Active control
GTAACCACAACACACT_SMC049	SMC049	AD
GTAACCAGTTTGACAC_SMC053	SMC053	Active control
GTAACCATCCTATGGA_SMC035	SMC035	Active control
GTAACCATCGTGCAAC_PO28	PO28	AD
GTAACCTGTGCAACGG_PO20	PO20	Control
GTAAGCGAGGTAGCCT_PO41	PO41	AD
GTAAGCTCATCCCGTG_PO13	PO13	Control
GTAAGTAAGGAGTAGT_PO28	PO28	AD
GTAAGTCAGAGCAGTC_SMC053	SMC053	Active control
GTAAGTCAGCTGACTT_SMC041	SMC041	AD
GTAAGTCGTAGATTGA_SMC032	SMC032	AD
GTAAGTTTCGATGACC_PO28	PO28	AD
GTAATCGCATGACCCG_SMC035	SMC035	Active control
GTAATCGGTGATGTAA_SMC038	SMC038	AD
GTAATCGTCTGGGCAC_SMC041	SMC041	AD
GTAATGCAGTCCTGCG_SMC041	SMC041	AD
GTAATGCCACATCCCT_SMC033	SMC033	Control
GTAATGGGTGGGTCTC_PO23	PO23	Control
GTACAACCACTGGACC_SMC041	SMC041	AD
GTACAACGTCTTTATC_SMC032	SMC032	AD
GTACAACTCAGTGATC_SMC053	SMC053	Active control
GTACAGTCATTATGCG_SMC041	SMC041	AD
GTACAGTGTACGCTTA_SMC041	SMC041	AD
GTACAGTTCGCACGAC_SMC033	SMC033	Control
GTACGATCATTCATAC_PO23	PO23	Control
GTACTAACAACGGTAT_PO42	PO42	AD
GTACTAACACAGCGAC_PO28	PO28	AD
GTAGAAAAGTCCTGTA_SMC035	SMC035	Active control
GTAGAAACACAAATCC_SMC049	SMC049	AD
GTAGAAATCCGAAATC_SMC033	SMC033	Control
GTAGAGGGTCACTTCC_SMC041	SMC041	AD
GTAGAGGTCGGTGTAT_SMC052	SMC052	Control
GTAGATCCAGCGTACC_SMC031	SMC031	Active control
GTAGATCCATGATCTG_SMC049	SMC049	AD
GTAGATCGTCTCAGGC_SMC033	SMC033	Control
GTAGATCGTTAGGCTT_SMC033	SMC033	Control
GTAGCAAGTATGGCCC_PO11	PO11	AD
GTAGCATCAGGGCAAG_PO11	PO11	AD
GTAGCGGGTAGGTAGC_PO28	PO28	AD
GTAGCTAAGGAGAGTA_SMC037	SMC037	Active control
GTAGCTATCACCCTTG_PO28	PO28	AD
GTAGCTATCAGCTGTA_SMC053	SMC053	Active control
GTAGCTATCTTCCACG_SMC033	SMC033	Control
GTAGGAGCACAAATGA_SMC037	SMC037	Active control
GTAGGAGTCCCGAAAT_SMC053	SMC053	Active control
GTAGGGGCACAGCGAC_PO41	PO41	AD
GTAGGTGAGCAAGGGC_PO11	PO11	AD
GTAGGTTAGATGCTGG_SMC052	SMC052	Control
GTAGGTTGTACCCGCA_SMC041	SMC041	AD
GTAGGTTTCCACGAAT_SMC033	SMC033	Control
GTAGGTTTCTCTGGTC_SMC041	SMC041	AD
GTAGTAAAGCCACTAA_PO28	PO28	AD
GTAGTAAAGGTAGACG_PO05	PO05	AD
GTAGTACAGAGAGCCT_SMC041	SMC041	AD
GTAGTACAGCAATAAC_SMC049	SMC049	AD
GTAGTACCAGAGAATT_SMC053	SMC053	Active control
GTAGTAGGTAGTTGAG_PO28	PO28	AD
GTAGTGAGTGAACGGT_PO05	PO05	AD
GTAGTGAGTTCGTTAA_PO05	PO05	AD
GTAGTGAGTTTCAGGT_PO28	PO28	AD
GTAGTTGTCGTCTATC_PO05	PO05	AD
GTAGTTTAGGCTTAAT_PO11	PO11	AD
GTATCCCCACCAACGA_PO13	PO13	Control
GTATCCCCACTAGTAA_PO23	PO23	Control
GTATCCCCACTTACAT_PO42	PO42	AD
GTATCCGGTCAGGATA_PO20	PO20	Control
GTATCCGGTGAAGTTG_PO05	PO05	AD
GTATCCGGTTAGTCAC_PO20	PO20	Control
GTATCCGGTTGCATTA_PO15	PO15	Control
GTATGCATCCGCACTC_PO28	PO28	AD
GTATGGCTCCTCTACG_PO23	PO23	Control
GTATGGGAGCCAGATC_PO28	PO28	AD
GTATGGTCAACTGTCC_PO28	PO28	AD
GTATTAGCATTGGAGT_PO05	PO05	AD
GTATTGGAGTGTTCAC_SMC038	SMC038	AD
GTATTGGCACTTTATC_SMC053	SMC053	Active control
GTATTGGGTGGCGCTT_SMC052	SMC052	Control
GTATTGGTCCAACTCT_PO20	PO20	Control
GTATTGGTCCGAGAAG_SMC049	SMC049	AD
GTATTTCAGAGGCTGT_SMC041	SMC041	AD
GTATTTCCAGTGTGCC_SMC033	SMC033	Control
GTATTTCGTTACCTGA_SMC032	SMC032	AD
GTCAAACCATTGTGCA_SMC039	SMC039	AD
GTCAAACTCGCAATTG_SMC038	SMC038	AD
GTCAAAGGTTAGGCAA_PO20	PO20	Control
GTCAAGTAGAGTCACG_SMC049	SMC049	AD
GTCAAGTAGTCTGCAT_SMC049	SMC049	AD
GTCAAGTTCCCTCTAG_SMC030	SMC030	Control
GTCAAGTTCCGTGCGA_SMC030	SMC030	Control
GTCAAGTTCGATCCCT_SMC049	SMC049	AD
GTCACCCTCAATGGCC_PO15	PO15	Control
GTCACCCTCGTTAGTG_PO11	PO11	AD
GTCACGGAGATTGACA_SMC035	SMC035	Active control
GTCACGGGTGGACCAA_SMC033	SMC033	Control
GTCACGGGTGTTCAGT_SMC052	SMC052	Control
GTCACTCCAAATTAGG_SMC037	SMC037	Active control
GTCACTCCAGGTCTCG_SMC053	SMC053	Active control
GTCACTCGTGTGGTCC_SMC049	SMC049	AD
GTCACTCTCAACACGT_SMC037	SMC037	Active control
GTCACTCTCCGTCACT_SMC053	SMC053	Active control
GTCACTCTCCTGCTAC_SMC041	SMC041	AD
GTCAGCGAGAATACAC_SMC035	SMC035	Active control
GTCAGCGAGATGGCGT_SMC038	SMC038	AD
GTCAGCGCAAAGGGCT_SMC041	SMC041	AD
GTCAGCGCACCGCTAG_SMC041	SMC041	AD
GTCAGCGTCTGAGCAT_SMC037	SMC037	Active control
GTCATCCCAAGCACAT_PO13	PO13	Control
GTCATCCCAGCAGTAT_PO23	PO23	Control
GTCATCCCATCACGGC_SMC037	SMC037	Active control
GTCATCCGTCTGTCAA_SMC052	SMC052	Control
GTCATGACATCTAACG_SMC053	SMC053	Active control
GTCATGAGTAAGATCA_SMC041	SMC041	AD
GTCATGAGTCAACCAT_SMC049	SMC049	AD
GTCATGATCTCTATAC_SMC037	SMC037	Active control
GTCATTTAGCATACTC_SMC038	SMC038	AD
GTCATTTCATTAAGCC_SMC035	SMC035	Active control
GTCATTTTCTTCTGTA_SMC037	SMC037	Active control
GTCCAAATCACGTGCG_PO11	PO11	AD
GTCCACCTCAGGCTTA_PO41	PO41	AD
GTCCACTAGCAAGTCG_SMC052	SMC052	Control
GTCCACTGTCAAGCGA_SMC052	SMC052	Control
GTCCCATTCAGCGGAA_SMC032	SMC032	AD
GTCCCGTTCACATTCC_PO41	PO41	AD
GTCCCTTGTAGCTCGC_PO23	PO23	Control
GTCCGAACAAGTGATC_PO23	PO23	Control
GTCCGCTTCACCATGA_PO20	PO20	Control
GTCCTAAAGCATCCGG_PO41	PO41	AD
GTCCTATTCAGCAGAG_PO23	PO23	Control
GTCCTCAAGAGGCTGT_SMC053	SMC053	Active control
GTCCTCACAGTCAGTT_SMC052	SMC052	Control
GTCCTCAGTGAGTCAG_SMC041	SMC041	AD
GTCCTCAGTTTGTTGG_SMC049	SMC049	AD
GTCCTCATCAGTCAGT_SMC049	SMC049	AD
GTCCTCATCCTGAATG_PO05	PO05	AD
GTCCTCATCGACGACC_SMC052	SMC052	Control
GTCCTTTAGTCAGCCG_PO11	PO11	AD
GTCGAATAGCTGAGCA_SMC035	SMC035	Active control
GTCGAATCACAGCCAC_SMC037	SMC037	Active control
GTCGAATTCTCAACGA_SMC041	SMC041	AD
GTCGCGACAATTTCCT_SMC049	SMC049	AD
GTCGCGATCTCCCAAC_SMC049	SMC049	AD
GTCGCTAGTTAGTGGA_PO11	PO11	AD
GTCGGGTCAACCCGAA_PO11	PO11	AD
GTCGGTTAGCTACCAA_PO15	PO15	Control
GTCGTAAAGCGTTAGG_SMC038	SMC038	AD
GTCGTAATCAGGGTAG_SMC037	SMC037	Active control
GTCGTTCAGGCCTAGA_SMC043	SMC043	AD
GTCGTTCCACCCAATA_SMC035	SMC035	Active control
GTCTACCAGAAGAACG_SMC030	SMC030	Control
GTCTACCCATTGTGCA_SMC041	SMC041	AD
GTCTAGAAGCTCACTA_SMC038	SMC038	AD
GTCTAGAAGGATCATA_SMC052	SMC052	Control
GTCTAGAAGGGAGGGT_SMC030	SMC030	Control
GTCTAGACATTGCTTT_SMC041	SMC041	AD
GTCTAGAGTTGCACGC_SMC035	SMC035	Active control
GTCTATGAGCTGGAGA_PO15	PO15	Control
GTCTCGCTCCCCTTAG_PO20	PO20	Control
GTCTGCCTCACAGCAC_PO28	PO28	AD
GTCTGGACATAATTGG_PO05	PO05	AD
GTCTGTCAGTACAACA_SMC033	SMC033	Control
GTCTGTCCACCCGTAG_SMC053	SMC053	Active control
GTCTGTCCACCTTCGT_SMC052	SMC052	Control
GTCTGTCTCGAGAAAT_SMC049	SMC049	AD
GTCTTAAGTAGGCGAT_PO11	PO11	AD
GTCTTTACACGCTGCA_SMC033	SMC033	Control
GTCTTTACATTGAAAG_SMC041	SMC041	AD
GTCTTTAGTCCATAGT_SMC032	SMC032	AD
GTCTTTATCAGTGATC_SMC038	SMC038	AD
GTGAAGGTCACGTACA_PO15	PO15	Control
GTGAAGGTCAGGCAGA_PO05	PO05	AD
GTGAATCCAACATGCG_PO13	PO13	Control
GTGACGCAGGCGAACT_SMC053	SMC053	Active control
GTGACGCGTGCCGTTG_SMC033	SMC033	Control
GTGACGCGTTAAACAG_SMC049	SMC049	AD
GTGACGCTCAGCGGAA_SMC041	SMC041	AD
GTGACGCTCGGACTTA_SMC041	SMC041	AD
GTGAGCCAGATTGCGG_SMC041	SMC041	AD
GTGAGCCGTGTTAGCT_SMC033	SMC033	Control
GTGAGCCTCTAAGAAG_SMC033	SMC033	Control
GTGAGCGGTTAGGTCT_PO15	PO15	Control
GTGAGGAAGAGAGTTT_SMC049	SMC049	AD
GTGAGTAGTCATTACA_PO41	PO41	AD
GTGAGTAGTGCATCTG_PO23	PO23	Control
GTGAGTTAGACTGGGT_SMC035	SMC035	Active control
GTGAGTTCACTGTCGG_SMC049	SMC049	AD
GTGATAGGTTATGGCT_PO28	PO28	AD
GTGATAGGTTTACCAA_PO20	PO20	Control
GTGATGTCAACAGCTT_SMC035	SMC035	Active control
GTGATGTGTCGAGATG_SMC049	SMC049	AD
GTGATGTGTGGAATGC_SMC033	SMC033	Control
GTGCACGAGACCGCCT_SMC049	SMC049	AD
GTGCACGAGCTTCGTA_SMC038	SMC038	AD
GTGCACGCAAAGGCGT_SMC053	SMC053	Active control
GTGCACGCAATACGCT_SMC052	SMC052	Control
GTGCACGTCGGTAAGG_SMC038	SMC038	AD
GTGCAGCCACCATGAG_PO11	PO11	AD
GTGCAGCCAGGGTCTC_SMC052	SMC052	Control
GTGCAGCCATCACGGC_SMC052	SMC052	Control
GTGCAGCTCGATGGAG_SMC038	SMC038	AD
GTGCAGCTCTCGCGTT_SMC039	SMC039	AD
GTGCATTGTAGGTAGC_PO05	PO05	AD
GTGCCCAAGCCAGTAC_PO15	PO15	Control
GTGCCCAAGGCTCTGG_PO05	PO05	AD
GTGCCTAGTAACTCTA_PO41	PO41	AD
GTGCGATTCAATCGGC_PO41	PO41	AD
GTGCGGTCACCTCACG_PO23	PO23	Control
GTGCGGTCAGGTTGCA_PO05	PO05	AD
GTGCTCAGTTCCCTTA_PO15	PO15	Control
GTGCTGGAGCAGGCAT_SMC033	SMC033	Control
GTGCTGGCAACGCATT_SMC030	SMC030	Control
GTGCTGGTCGACACTA_SMC037	SMC037	Active control
GTGCTGGTCTTCGGTC_SMC052	SMC052	Control
GTGCTTCTCAAAGGTA_SMC041	SMC041	AD
GTGCTTCTCCGTTGGG_SMC041	SMC041	AD
GTGCTTGGTTGACGGG_PO11	PO11	AD
GTGGAACGTTTACGCG_PO11	PO11	AD
GTGGAAGCAGAATTCC_SMC033	SMC033	Control
GTGGAAGCATGCCGAC_SMC038	SMC038	AD
GTGGAAGGTTCGGTAT_SMC033	SMC033	Control
GTGGACAAGCAAGGGC_PO20	PO20	Control
GTGGAGACAGGTCAGA_SMC038	SMC038	AD
GTGGAGAGTCCCTGAG_SMC041	SMC041	AD
GTGGAGAGTGCTCGTG_SMC053	SMC053	Active control
GTGGAGATCGATCCCT_SMC041	SMC041	AD
GTGGAGGCATTCGGGA_PO23	PO23	Control
GTGGCGTGTGCCTGAC_SMC049	SMC049	AD
GTGGCGTGTTATGGTC_SMC037	SMC037	Active control
GTGGGAAGTCAGATTC_SMC033	SMC033	Control
GTGGGATGTTGACCAT_PO41	PO41	AD
GTGGTTAAGATAACAC_SMC030	SMC030	Control
GTGGTTAAGGCCCACT_SMC038	SMC038	AD
GTGGTTAGTCACTGAT_SMC053	SMC053	Active control
GTGGTTATCCGGTTCT_SMC053	SMC053	Active control
GTGGTTATCGGTAACT_SMC039	SMC039	AD
GTGTAACAGTGAGTGC_SMC032	SMC032	AD
GTGTCAATCATGCGTA_PO11	PO11	AD
GTGTCAATCCTGCGGA_PO11	PO11	AD
GTGTCCTGTGAATATG_SMC049	SMC049	AD
GTGTCCTGTTCTGACA_SMC038	SMC038	AD
GTGTCCTTCGGCCAAC_SMC033	SMC033	Control
GTGTGATAGAGCATAT_SMC041	SMC041	AD
GTGTGATCAATGCTCA_SMC053	SMC053	Active control
GTGTGATTCCGTATGA_SMC052	SMC052	Control
GTGTGATTCTGCTGAA_SMC053	SMC053	Active control
GTGTGGCGTTCGAGCC_SMC041	SMC041	AD
GTGTTAGTCACCCTAT_PO42	PO42	AD
GTGTTCAAGTGGCTTA_PO28	PO28	AD
GTGTTCCAGTGCCTCG_SMC035	SMC035	Active control
GTGTTCCCACTGGATT_SMC032	SMC032	AD
GTGTTCCGTCGAAGCA_SMC053	SMC053	Active control
GTGTTCCGTGACAACG_SMC038	SMC038	AD
GTTAACTAGGTTGCGT_PO15	PO15	Control
GTTAAGGGTGCGGACA_PO42	PO42	AD
GTTACAGAGAGATTCA_SMC053	SMC053	Active control
GTTACAGAGCAGGTCA_SMC049	SMC049	AD
GTTACAGCAAAGGATT_SMC033	SMC033	Control
GTTACAGGTCCCTCAT_SMC049	SMC049	AD
GTTACAGGTCGTCGGT_SMC033	SMC033	Control
GTTACAGGTTCTCGCT_SMC052	SMC052	Control
GTTACAGGTTCTCTCG_SMC049	SMC049	AD
GTTACAGGTTGCTGAT_SMC033	SMC033	Control
GTTACCTTCAGTTGGC_PO20	PO20	Control
GTTACGACACGACAAG_SMC049	SMC049	AD
GTTACGACAGAATTCC_SMC037	SMC037	Active control
GTTAGACCAAACAGGC_SMC049	SMC049	AD
GTTAGACCAATGACCT_SMC053	SMC053	Active control
GTTAGACCAATTGCCA_SMC053	SMC053	Active control
GTTAGACGTCAGACTT_SMC037	SMC037	Active control
GTTAGGCTCACATTCC_PO20	PO20	Control
GTTAGGTCAAGTATCA_PO23	PO23	Control
GTTAGTGCAAATACGA_SMC032	SMC032	AD
GTTAGTGCATAGGTAA_SMC049	SMC049	AD
GTTATCAGTCTGTGAT_PO13	PO13	Control
GTTATCCTCCTCATTA_PO23	PO23	Control
GTTATCCTCGACTACA_PO20	PO20	Control
GTTATCTCAAATCAGC_PO41	PO41	AD
GTTATCTCATCCTGAC_PO20	PO20	Control
GTTATGGTCTTCCAGC_SMC053	SMC053	Active control
GTTCACAAGTGATACT_PO42	PO42	AD
GTTCAGGCATGCTGTC_PO28	PO28	AD
GTTCATTCATAACGGG_SMC038	SMC038	AD
GTTCATTGTATCGTTG_SMC049	SMC049	AD
GTTCATTTCCACCTCA_SMC038	SMC038	AD
GTTCATTTCGAATGCT_SMC035	SMC035	Active control
GTTCCCGCAACTGGTG_PO28	PO28	AD
GTTCCCTGTTATCCTT_PO28	PO28	AD
GTTCCGGAGTACCATG_PO28	PO28	AD
GTTCCGTGTGACCTGC_SMC037	SMC037	Active control
GTTCCGTTCCATCGTC_SMC033	SMC033	Control
GTTCCTTAGCGGTGAA_PO42	PO42	AD
GTTCGATGTATGGACA_PO28	PO28	AD
GTTCGCCTCGACCATA_PO42	PO42	AD
GTTCGCTAGTATGGCG_SMC049	SMC049	AD
GTTCGCTGTACCCGAC_SMC049	SMC049	AD
GTTCGCTGTTGCCGAC_SMC039	SMC039	AD
GTTCGCTTCCACGGGT_SMC049	SMC049	AD
GTTCGTCCATTGGAGT_PO20	PO20	Control
GTTCGTTTCCTGTACT_PO42	PO42	AD
GTTCGTTTCCTGTGCC_PO15	PO15	Control
GTTCTATTCTATCGGA_SMC049	SMC049	AD
GTTCTCACATTGGCAG_PO15	PO15	Control
GTTGCATGTAGTAGGC_PO20	PO20	Control
GTTGCCAGTAAGTGTG_PO42	PO42	AD
GTTGCGGAGTAGACAT_SMC030	SMC030	Control
GTTGCGGCACCTATCC_SMC041	SMC041	AD
GTTGCGGCAGCACCCA_SMC053	SMC053	Active control
GTTGCGGCAGCCTACG_SMC053	SMC053	Active control
GTTGCGGGTTCCTACC_SMC030	SMC030	Control
GTTGCGGGTTTGGGAG_SMC033	SMC033	Control
GTTGTACGTTGGCGCT_PO23	PO23	Control
GTTGTAGAGAGAATCT_SMC035	SMC035	Active control
GTTGTAGAGAGAGGGC_SMC043	SMC043	AD
GTTGTAGAGGATGTTA_SMC041	SMC041	AD
GTTGTAGCAGAGACTG_SMC049	SMC049	AD
GTTGTAGGTATCACGT_SMC052	SMC052	Control
GTTGTAGGTCACGTGC_SMC052	SMC052	Control
GTTGTCCGTCTGTTAG_SMC049	SMC049	AD
GTTGTCCGTGGACCAA_SMC052	SMC052	Control
GTTGTGACACTAGGCC_SMC037	SMC037	Active control
GTTGTGAGTGTGAGCA_SMC049	SMC049	AD
GTTTACTGTATAGGAT_SMC041	SMC041	AD
GTTTGGAAGTTCGCAT_SMC037	SMC037	Active control
GTTTGGATCACCCATC_SMC041	SMC041	AD
TAAACCACAATTGCCC_PO41	PO41	AD
TAAACGGGTGATGCGG_PO28	PO28	AD
TAAATCGCACAACCTC_PO28	PO28	AD
TAACACGTCCGGACGT_SMC033	SMC033	Control
TAACACTAGAAGGATC_PO11	PO11	AD
TAACCAGTCTATCGTT_SMC035	SMC035	Active control
TAACCGATCCCTGACC_PO23	PO23	Control
TAACCTAGTTCGCAGC_PO05	PO05	AD
TAACCTAGTTGCTCGA_PO20	PO20	Control
TAACGACGTTCGGTCG_SMC053	SMC053	Active control
TAACGACTCCATACTT_SMC033	SMC033	Control
TAACTGACAGCAGGTC_PO23	PO23	Control
TAACTGACATGAGCTG_PO28	PO28	AD
TAACTTCGTACAATAG_SMC033	SMC033	Control
TAAGCACGTAATACCC_SMC035	SMC035	Active control
TAAGCCATCAACGTGT_SMC033	SMC033	Control
TAAGCGAGTTGGCCGT_PO28	PO28	AD
TAAGCGTTCCTAGAGT_SMC030	SMC030	Control
TAAGGATGTTATAGCC_PO11	PO11	AD
TAAGGGTAGCCACTAA_PO41	PO41	AD
TAAGTCACACCATCCG_PO41	PO41	AD
TAAGTCGCAATGAACA_SMC039	SMC039	AD
TAATCCTCATCACTTG_PO41	PO41	AD
TAATCTCCAAAGGATT_SMC036	SMC036	AD
TAATCTCCAGCGAGTA_SMC052	SMC052	Control
TAATCTCCATCCAATG_SMC049	SMC049	AD
TAATCTCGTCAACCAT_SMC041	SMC041	AD
TAATTCCTCCTACACC_SMC049	SMC049	AD
TACAACGCAATGCAGG_SMC033	SMC033	Control
TACAACGGTGGTACAG_SMC033	SMC033	Control
TACAAGGGTTAGACAG_PO28	PO28	AD
TACACCCAGCTGTACT_SMC038	SMC038	AD
TACACCCCAAAGCTCT_SMC030	SMC030	Control
TACACCCGTAGAATAC_SMC041	SMC041	AD
TACACCCGTTCAGTAC_SMC052	SMC052	Control
TACACCCTCAAAGCCT_SMC039	SMC039	AD
TACACCCTCTTCCAGC_SMC033	SMC033	Control
TACACCTTCCCGTACC_PO23	PO23	Control
TACACTTCAAACCGAT_PO05	PO05	AD
TACACTTCAAATCCTT_PO05	PO05	AD
TACAGATTCAGTATGT_PO28	PO28	AD
TACAGATTCGATGTGC_PO41	PO41	AD
TACAGCGCAGTTGCTC_PO42	PO42	AD
TACAGCGCATCGCTTA_PO28	PO28	AD
TACAGGTAGACATGCG_SMC038	SMC038	AD
TACAGGTCACTCCTTG_SMC053	SMC053	Active control
TACAGGTCACTTGAGT_SMC052	SMC052	Control
TACATTCAGACTCGAG_SMC038	SMC038	AD
TACCACAAGCATGGAG_PO28	PO28	AD
TACCACGGTTGAGGCG_PO20	PO20	Control
TACCACGGTTTCCATT_PO20	PO20	Control
TACCATTCATGACGGC_PO28	PO28	AD
TACCCACAGGACTATA_SMC041	SMC041	AD
TACCCACCACGATAGG_SMC049	SMC049	AD
TACCCACTCACGGGAA_SMC038	SMC038	AD
TACCCACTCCGACAGC_SMC029	SMC029	AD
TACCCACTCGTTCTGC_SMC037	SMC037	Active control
TACCCAGGTAGCTCGC_PO41	PO41	AD
TACCCATTCACATGGC_PO20	PO20	Control
TACCCATTCCACGGAT_PO28	PO28	AD
TACCCCTGTGAGAGGA_PO15	PO15	Control
TACCCGTCACTTGAAC_SMC053	SMC053	Active control
TACCCGTCAGTCTTCC_SMC033	SMC033	Control
TACCCGTGTCTCGCGA_SMC053	SMC053	Active control
TACCCGTTCAAACTGC_SMC053	SMC053	Active control
TACCCTTAGTCGCATA_PO20	PO20	Control
TACCGAAGTGGTGATG_SMC037	SMC037	Active control
TACCGAATCGCATTGA_SMC053	SMC053	Active control
TACCGACAGGCATTCA_PO20	PO20	Control
TACCGACAGTCAGTAT_PO23	PO23	Control
TACCGCCTCATATGGT_PO05	PO05	AD
TACCGGACAACATCGG_PO23	PO23	Control
TACCGGGGTAGCTTTG_SMC038	SMC038	AD
TACCGGGGTCATCACA_SMC049	SMC049	AD
TACCGGGGTCGGATTT_SMC035	SMC035	Active control
TACCGGGTCAAGAAAC_SMC033	SMC033	Control
TACCGGGTCTGTCTCG_SMC037	SMC037	Active control
TACCTAAGTGCGGTCT_PO13	PO13	Control
TACCTAGAGGTAGGAT_PO15	PO15	Control
TACCTCACAACTGGGC_PO28	PO28	AD
TACCTCGAGGTAAGAG_SMC049	SMC049	AD
TACCTCGAGTGGAAGA_SMC041	SMC041	AD
TACCTCGCACTTGTCC_SMC041	SMC041	AD
TACCTCGGTGGTACAG_SMC035	SMC035	Active control
TACCTCGTCTCTCCGA_SMC049	SMC049	AD
TACCTCGTCTGTCCGT_SMC038	SMC038	AD
TACCTGAAGCTAAGGG_PO23	PO23	Control
TACCTGCAGGACGCAT_SMC041	SMC041	AD
TACCTGCAGTGAGGCT_SMC038	SMC038	AD
TACCTGCGTCAAGTTC_SMC037	SMC037	Active control
TACGAAGGTGCACGCT_PO41	PO41	AD
TACGAGTCATTAGTAG_PO13	PO13	Control
TACGCTAAGTAACGAA_PO28	PO28	AD
TACGCTCAGCAACAAT_SMC033	SMC033	Control
TACGCTCTCATCGACA_SMC053	SMC053	Active control
TACGGGCAGTCGAGGT_SMC053	SMC053	Active control
TACGGGCCACATACGG_PO28	PO28	AD
TACGGGCCACTAAACC_SMC032	SMC032	AD
TACGGGCCATTCCTAT_SMC053	SMC053	Active control
TACGGGCTCCGACATA_SMC035	SMC035	Active control
TACGGTAAGACCGTTT_SMC053	SMC053	Active control
TACGGTAGTTTCGGCG_SMC053	SMC053	Active control
TACGGTATCTTGCGCT_SMC052	SMC052	Control
TACGTCCCATCCTAAG_SMC032	SMC032	AD
TACGTCCGTCATCCCT_SMC033	SMC033	Control
TACGTTGAGCCTGATA_PO20	PO20	Control
TACTGATAGGTAATTC_PO05	PO05	AD
TACTGCCAGGTACCTT_SMC030	SMC030	Control
TACTGCCCACACGGAA_SMC053	SMC053	Active control
TACTGCCGTATAATGG_SMC037	SMC037	Active control
TACTGCCGTCATAACC_SMC033	SMC033	Control
TACTGCCTCTACGCGG_SMC049	SMC049	AD
TACTGTGAGGGCAGTA_PO41	PO41	AD
TACTTACAGGTCACTT_SMC053	SMC053	Active control
TACTTACCAGGAGGTT_SMC041	SMC041	AD
TACTTACTCTAGCCAA_SMC041	SMC041	AD
TACTTACTCTGCTGAA_SMC052	SMC052	Control
TACTTACTCTTTGCAT_SMC049	SMC049	AD
TACTTCAGTTGCTGAT_SMC033	SMC033	Control
TACTTCATCACCTCAT_PO11	PO11	AD
TACTTCATCATCAGTG_SMC037	SMC037	Active control
TACTTGTAGTGAACAT_SMC033	SMC033	Control
TACTTGTGTTCGGTTA_SMC053	SMC053	Active control
TAGACCAAGAGTTGTA_SMC053	SMC053	Active control
TAGACCAAGCACCGTC_SMC037	SMC037	Active control
TAGACCAAGCTGCCAC_SMC049	SMC049	AD
TAGACCATCCGAGATT_SMC052	SMC052	Control
TAGAGTCGTCGGCCTA_SMC052	SMC052	Control
TAGATCGCACATAGCT_SMC033	SMC033	Control
TAGATCGCATGGGATG_SMC053	SMC053	Active control
TAGATCGTCTGCTCTG_SMC053	SMC053	Active control
TAGCAAGGTAGTAGAT_PO41	PO41	AD
TAGCACAAGAAGGGAT_SMC052	SMC052	Control
TAGCACAAGTCGCCAC_SMC053	SMC053	Active control
TAGCACAGTGATAGTA_SMC049	SMC049	AD
TAGCACATCATCGTAG_SMC031	SMC031	Active control
TAGCATTAGCCATACA_PO42	PO42	AD
TAGCCAATCCTGCTCA_PO42	PO42	AD
TAGCCAATCGACTCAA_PO28	PO28	AD
TAGCCACAGCGAGTGA_PO05	PO05	AD
TAGCGGTTCCTGACCC_PO05	PO05	AD
TAGGACTCAACCGCTT_PO28	PO28	AD
TAGGAGGCAAGGTCAG_SMC053	SMC053	Active control
TAGGAGGCAATGAACA_SMC053	SMC053	Active control
TAGGAGGGTGTTACTG_SMC041	SMC041	AD
TAGGAGGTCGGTCGGT_SMC049	SMC049	AD
TAGGATGGTTAGGCCC_PO28	PO28	AD
TAGGATGGTTCGTTAA_PO13	PO13	Control
TAGGGGATCGATTGGC_PO05	PO05	AD
TAGGGGATCTTGATGG_PO11	PO11	AD
TAGGGTTAGCTTTGTG_SMC035	SMC035	Active control
TAGGGTTAGTCGGCCT_SMC027	SMC027	Control
TAGGGTTGTTTCGTGA_SMC033	SMC033	Control
TAGGTACGTCATAACC_SMC037	SMC037	Active control
TAGGTACGTCGCGGTT_SMC038	SMC038	AD
TAGGTACGTTCCGCAG_SMC038	SMC038	AD
TAGGTACGTTGCCGCA_SMC049	SMC049	AD
TAGGTACTCTCTCCGA_SMC053	SMC053	Active control
TAGGTACTCTGGACCG_SMC041	SMC041	AD
TAGGTCATCCGGTTAA_PO13	PO13	Control
TAGGTTGAGATCACCT_SMC052	SMC052	Control
TAGGTTTAGGTAAGGT_PO11	PO11	AD
TAGTAGCCAGGCTACA_PO23	PO23	Control
TAGTCCCCACTCAGCT_PO13	PO13	Control
TAGTGCAGTCGCTGCA_SMC038	SMC038	AD
TAGTTAGCATAAGGCT_PO28	PO28	AD
TAGTTTCCAAGGTGCC_PO11	PO11	AD
TATACAGCAACTGTCC_PO42	PO42	AD
TATACAGCAATTGCTT_PO20	PO20	Control
TATACCTAGCTTTCTT_SMC032	SMC032	AD
TATACCTCAATTGCGT_SMC049	SMC049	AD
TATACGTAGTCGAACC_PO41	PO41	AD
TATACGTAGTTGCCGG_PO42	PO42	AD
TATAGGCCAGCCATTC_PO28	PO28	AD
TATAGGGGTTCACCTC_PO15	PO15	Control
TATAGTCAGGTAAGTA_PO13	PO13	Control
TATATCCCAACTGATC_SMC037	SMC037	Active control
TATATCCCACGCGGTT_SMC052	SMC052	Control
TATATCCGTGCTCCGA_SMC041	SMC041	AD
TATATCCTCGCTGTTC_SMC035	SMC035	Active control
TATCAGGGTCCTTAAG_SMC030	SMC030	Control
TATCAGGGTGCTAGCC_SMC049	SMC049	AD
TATCAGGGTTGTTTGG_SMC038	SMC038	AD
TATCAGTAGTCATTCC_PO20	PO20	Control
TATCAGTAGTGCTGCG_PO41	PO41	AD
TATCCATCAACCCGTT_PO11	PO11	AD
TATCCTAAGGACAAGA_SMC037	SMC037	Active control
TATCCTAGTCACAATC_SMC041	SMC041	AD
TATCCTATCTCATTAC_SMC052	SMC052	Control
TATCGAACAAGCCGAC_PO15	PO15	Control
TATCGCCAGATAGCTA_SMC033	SMC033	Control
TATCGCCAGCTCCGAC_SMC052	SMC052	Control
TATCGCCCAAACTAAG_SMC031	SMC031	Active control
TATCGCCCAATACGAA_SMC038	SMC038	AD
TATCGCCGTGTCACAT_SMC053	SMC053	Active control
TATCGCCTCATTACGG_SMC049	SMC049	AD
TATCGTAGTGAACGCG_PO42	PO42	AD
TATCTGTCAAAGCACG_SMC049	SMC049	AD
TATCTGTCAACTCCCT_SMC049	SMC049	AD
TATCTGTCAAGTCGTT_SMC052	SMC052	Control
TATCTGTCAGGTGGAT_SMC049	SMC049	AD
TATCTGTTCCCTATTA_SMC052	SMC052	Control
TATCTTGCAGGTCAGA_SMC049	SMC049	AD
TATCTTGGTCCTATAG_SMC032	SMC032	AD
TATCTTGTCTCGCGTT_SMC049	SMC049	AD
TATGAGAAGTGATTAC_PO05	PO05	AD
TATGCTAGTGCAGCGA_PO15	PO15	Control
TATGGCTGTCATCATA_PO23	PO23	Control
TATGGTTAGGTACGAG_PO41	PO41	AD
TATGTTCAGCACCCAC_SMC041	SMC041	AD
TATGTTCAGGTTAGTA_SMC038	SMC038	AD
TATGTTCGTCTGCCTT_SMC053	SMC053	Active control
TATGTTCGTGTCACAT_SMC038	SMC038	AD
TATGTTGGTTGACTGT_PO20	PO20	Control
TATTCCACATCGATGT_SMC038	SMC038	AD
TATTGCTCAACCGTAT_SMC041	SMC041	AD
TATTGCTCAGCTACTA_SMC033	SMC033	Control
TATTGCTGTACGGCAA_SMC032	SMC032	AD
TATTGCTGTACTGGGA_SMC033	SMC033	Control
TATTGCTGTTCATCGA_SMC032	SMC032	AD
TATTGGGCAAGTATAG_SMC035	SMC035	Active control
TATTTCGCAGAGACTG_SMC053	SMC053	Active control
TATTTCGGTTAGTTCG_SMC033	SMC033	Control
TCAAACTAGGCGTTCG_PO42	PO42	AD
TCAACCAAGGCGTACT_PO28	PO28	AD
TCAACTGAGGGTTGGA_PO20	PO20	Control
TCAAGACAGGTAAAGG_SMC039	SMC039	AD
TCAAGACAGGTGCTTT_SMC041	SMC041	AD
TCAAGACAGTAACGAT_SMC041	SMC041	AD
TCAAGACCATAACAGA_SMC033	SMC033	Control
TCAAGACGTAGAGGAA_SMC049	SMC049	AD
TCAAGACTCAGTGTCA_SMC053	SMC053	Active control
TCAAGCAAGATGCTGG_SMC041	SMC041	AD
TCAAGTGAGAGAAGGT_SMC052	SMC052	Control
TCAAGTGCAACTGCTA_SMC049	SMC049	AD
TCAAGTGCACTATCGA_SMC041	SMC041	AD
TCAAGTGCAGGCCTGT_SMC033	SMC033	Control
TCAAGTGGTCCTCCTA_SMC053	SMC053	Active control
TCAAGTGTCCTAGCGG_SMC037	SMC037	Active control
TCAAGTGTCGAAATCC_SMC053	SMC053	Active control
TCAATCTAGACATCCT_SMC033	SMC033	Control
TCAATCTAGCTCGCAC_SMC038	SMC038	AD
TCAATCTAGTCATAGA_SMC039	SMC039	AD
TCAATCTTCTCGTCAC_SMC037	SMC037	Active control
TCAATGGTCCCATGAA_PO28	PO28	AD
TCAATTCCACCCTGAG_SMC049	SMC049	AD
TCAATTCGTATTAAGG_SMC041	SMC041	AD
TCACAAGGTAATTGGA_SMC037	SMC037	Active control
TCACAAGGTACCTGTA_SMC033	SMC033	Control
TCACAAGGTCCACAGC_SMC041	SMC041	AD
TCACAAGGTGAGCAGT_SMC033	SMC033	Control
TCACAAGTCAGAATAG_SMC052	SMC052	Control
TCACAAGTCTTGGTCC_SMC038	SMC038	AD
TCACAATAGTTGCACA_PO11	PO11	AD
TCACACAAGTCGATTG_PO23	PO23	Control
TCACACCTCCACGGAC_SMC033	SMC033	Control
TCACATTAGTCAGCCC_SMC052	SMC052	Control
TCACATTCAGCATGCC_SMC049	SMC049	AD
TCACATTCATAGGTTA_PO28	PO28	AD
TCACCATTCCCTCTGA_PO28	PO28	AD
TCACCCTGTGGAGCAT_PO28	PO28	AD
TCACGAATCGACCAAC_PO41	PO41	AD
TCACGAATCTAGCTCT_PO05	PO05	AD
TCACGACAGCGGTCAT_PO42	PO42	AD
TCACGACAGGAGTACG_PO28	PO28	AD
TCACGATGTGGACCTC_PO23	PO23	Control
TCACGCTAGTAAACGT_SMC049	SMC049	AD
TCACGCTCAACCTAAC_SMC037	SMC037	Active control
TCACGCTCAACGCCCA_SMC035	SMC035	Active control
TCACGCTTCCAAACCA_SMC053	SMC053	Active control
TCACGCTTCTGGAAGG_SMC041	SMC041	AD
TCACGGGAGGGTTAGC_SMC049	SMC049	AD
TCACGGGGTTCAAGGG_SMC052	SMC052	Control
TCACGTCCACATAGGT_PO28	PO28	AD
TCACGTCCATGGTGTG_PO11	PO11	AD
TCACTATAGAGTTGTA_SMC049	SMC049	AD
TCACTATGTCAAGCCC_SMC041	SMC041	AD
TCACTATTCATGCCAA_SMC033	SMC033	Control
TCACTCCGTTGAGTCT_PO23	PO23	Control
TCACTCGAGGGAGGAC_SMC038	SMC038	AD
TCACTCGCAATACGAA_SMC035	SMC035	Active control
TCACTCGGTTTAAGGA_SMC041	SMC041	AD
TCACTCGTCTGCATGA_SMC035	SMC035	Active control
TCACTGTTCACCCTAT_PO11	PO11	AD
TCAGATTAGTTGCTTC_PO05	PO05	AD
TCAGCAAAGGCTGGAT_SMC041	SMC041	AD
TCAGCAAAGGTATAGT_SMC033	SMC033	Control
TCAGCAACAGTAGTGG_SMC053	SMC053	Active control
TCAGCAAGTACTCGAT_SMC037	SMC037	Active control
TCAGCAAGTATGACAA_SMC049	SMC049	AD
TCAGCATGTAGGCGCA_PO20	PO20	Control
TCAGCATGTATTGGGA_PO28	PO28	AD
TCAGCATGTGCACGTC_PO23	PO23	Control
TCAGCCAGTGGGTCCT_PO28	PO28	AD
TCAGCCTGTCTCACGG_SMC033	SMC033	Control
TCAGCCTGTTGCCTAA_SMC052	SMC052	Control
TCAGCCTTCAGACCCG_SMC035	SMC035	Active control
TCAGGTATCGAAACAA_SMC049	SMC049	AD
TCAGGTATCGATTTCT_SMC038	SMC038	AD
TCAGGTTGTATAGCCT_PO23	PO23	Control
TCAGGTTGTTCGGTCA_PO11	PO11	AD
TCAGTATAGTCATTGG_PO23	PO23	Control
TCAGTCCAGAGAGGGC_SMC041	SMC041	AD
TCAGTCCCACCAGACC_SMC032	SMC032	AD
TCAGTCCGTGTAGTGG_SMC053	SMC053	Active control
TCAGTCCTCCACCTCA_SMC041	SMC041	AD
TCAGTGATCAGCGGAA_SMC049	SMC049	AD
TCAGTGATCGCTAATG_SMC049	SMC049	AD
TCAGTTTCAAGAGTTA_SMC041	SMC041	AD
TCAGTTTCAGTTTCAG_SMC049	SMC049	AD
TCAGTTTGTCCAAATC_SMC052	SMC052	Control
TCAGTTTGTGATCATC_SMC037	SMC037	Active control
TCAGTTTTCCTGGGAC_SMC033	SMC033	Control
TCATACTAGAGTATAC_SMC032	SMC032	AD
TCATACTAGCGCCTCA_SMC038	SMC038	AD
TCATACTCAGCAGTTT_SMC053	SMC053	Active control
TCATATCAGGGTCAAC_SMC041	SMC041	AD
TCATCATGTTAGGGAC_SMC039	SMC039	AD
TCATCATTCGTAGCCG_SMC033	SMC033	Control
TCATCATTCTATCGTT_SMC053	SMC053	Active control
TCATCCGAGACATGCG_SMC049	SMC049	AD
TCATCCGGTAACGTTC_SMC038	SMC038	AD
TCATCCGGTACAATAG_SMC038	SMC038	AD
TCATCCGGTCACTACA_SMC052	SMC052	Control
TCATCCGTCGCTTACC_SMC037	SMC037	Active control
TCATCGTTCACCTCTG_PO20	PO20	Control
TCATCTATCATGTGCA_PO05	PO05	AD
TCATGAGCAGCTGAAG_SMC033	SMC033	Control
TCATGAGGTTTCACAG_SMC033	SMC033	Control
TCATGCAAGCATGAGG_PO41	PO41	AD
TCATGCCAGAGTGACC_SMC049	SMC049	AD
TCATGCCCAGCGCGTT_SMC037	SMC037	Active control
TCATGCTTCGTACTAG_PO23	PO23	Control
TCATGGACATCGAACT_SMC030	SMC030	Control
TCATGGATCAAAGACA_SMC037	SMC037	Active control
TCATGGATCCGTCCTA_SMC033	SMC033	Control
TCATTACAGCCGGAAT_SMC033	SMC033	Control
TCATTACAGCGACATG_SMC049	SMC049	AD
TCATTACCAAAGCTCT_SMC033	SMC033	Control
TCATTACGTGTCTCCT_SMC041	SMC041	AD
TCATTCAAGACCTCCG_SMC039	SMC039	AD
TCATTCACACGTGAGA_SMC053	SMC053	Active control
TCATTCACAGTTTGGT_SMC033	SMC033	Control
TCATTCAGTTGTCAGT_SMC038	SMC038	AD
TCATTGCTCAGCGAAG_PO41	PO41	AD
TCATTGTAGTACCATC_SMC033	SMC033	Control
TCATTGTCACGGTGTC_SMC041	SMC041	AD
TCATTGTGTTCTCCTG_SMC053	SMC053	Active control
TCATTTGAGGGAGGTG_SMC052	SMC052	Control
TCCAACCCACATTCCA_PO11	PO11	AD
TCCAACTTCGCTCGCT_PO28	PO28	AD
TCCAATGAGTGAATGA_PO15	PO15	Control
TCCACATTCCGGGTTG_PO23	PO23	Control
TCCACCAAGGTAACTA_SMC033	SMC033	Control
TCCACCAGTGGACTGA_SMC049	SMC049	AD
TCCACCAGTGGTCAAG_SMC053	SMC053	Active control
TCCACGTCAAGTTCGT_SMC041	SMC041	AD
TCCACGTCAGCTTCCT_SMC052	SMC052	Control
TCCACGTGTGGCCTCA_SMC033	SMC033	Control
TCCACGTTCCGTGTGG_SMC052	SMC052	Control
TCCAGAACAATTGCTG_SMC039	SMC039	AD
TCCAGAAGTGTTACTG_SMC052	SMC052	Control
TCCATAGAGGGCTTAC_PO28	PO28	AD
TCCATCCGTCTTACGG_PO23	PO23	Control
TCCATCGAGGGTGAGG_SMC032	SMC032	AD
TCCATCGTCCGAGAAG_SMC033	SMC033	Control
TCCATCGTCTATCGCC_SMC037	SMC037	Active control
TCCATGCGTACGGCAA_SMC038	SMC038	AD
TCCATGCGTTCACGAT_SMC049	SMC049	AD
TCCATGCTCTTTCCGG_SMC033	SMC033	Control
TCCATGGGTGAGGCAT_PO42	PO42	AD
TCCATTGCAAACCAAC_PO28	PO28	AD
TCCCAAGGTTCCCGAA_PO11	PO11	AD
TCCCACAGTTCTTAGG_SMC041	SMC041	AD
TCCCACATCATATGGC_SMC049	SMC049	AD
TCCCACGCATTACACT_PO11	PO11	AD
TCCCAGCTCAGTTCGA_PO05	PO05	AD
TCCCAGTAGAGCCCAA_SMC052	SMC052	Control
TCCCAGTTCTCCTGTG_SMC049	SMC049	AD
TCCCATGAGCCTCACG_SMC049	SMC049	AD
TCCCATGAGTCATGGG_SMC037	SMC037	Active control
TCCCATGAGTGATAGT_SMC052	SMC052	Control
TCCCATGGTAGCGTTT_SMC049	SMC049	AD
TCCCATGTCGCTCATC_SMC052	SMC052	Control
TCCCCTGGTATGGGTA_PO20	PO20	Control
TCCCCTGGTGAGACCG_PO28	PO28	AD
TCCCGTTGTCAAGGTA_PO42	PO42	AD
TCCCTCAAGCATTAGT_PO15	PO15	Control
TCCCTCAAGTAGGATA_PO28	PO28	AD
TCCGAAATCTGTACAG_SMC053	SMC053	Active control
TCCGATCCACAAGCCC_SMC037	SMC037	Active control
TCCGATCCACGAGAAC_SMC052	SMC052	Control
TCCGATCGTTCGGGTC_SMC033	SMC033	Control
TCCGATCTCCTTGACC_SMC037	SMC037	Active control
TCCGGGATCAGTGTGT_SMC049	SMC049	AD
TCCGTGTCAGGGTTGA_SMC053	SMC053	Active control
TCCGTGTGTAACAAGT_SMC032	SMC032	AD
TCCGTGTGTTCGAGCC_SMC052	SMC052	Control
TCCGTGTTCTCGGGAC_SMC041	SMC041	AD
TCCTAATGTATGGAGC_SMC049	SMC049	AD
TCCTAATTCCGTGGCA_SMC052	SMC052	Control
TCCTAATTCGCTATTT_SMC033	SMC033	Control
TCCTATATCTAGCTCT_PO28	PO28	AD
TCCTCAACAGCACCTT_PO05	PO05	AD
TCCTCAACATCCTCGG_PO20	PO20	Control
TCCTCCCCAAGTTCGT_SMC041	SMC041	AD
TCCTCCCGTCGAGCAA_SMC053	SMC053	Active control
TCCTCCCGTGGACAGT_SMC033	SMC033	Control
TCCTCCCGTTGAGAGC_SMC032	SMC032	AD
TCCTCCCTCCTCTTTC_SMC041	SMC041	AD
TCCTCGAAGAAGCTCG_SMC053	SMC053	Active control
TCCTCGACAGCACAGA_SMC041	SMC041	AD
TCCTCGAGTGCGCTCA_SMC041	SMC041	AD
TCCTCGATCATCACAG_SMC038	SMC038	AD
TCCTCGATCCTACCAC_SMC035	SMC035	Active control
TCCTCTTAGGCACTAG_SMC049	SMC049	AD
TCCTCTTGTCAAAGCG_SMC053	SMC053	Active control
TCCTGACCATCCAATT_PO05	PO05	AD
TCCTGCATCCGCGACA_PO13	PO13	Control
TCCTGGTCAGCTATCC_PO41	PO41	AD
TCCTTAATCGCTTCAT_PO28	PO28	AD
TCCTTAATCTGGATGC_PO15	PO15	Control
TCCTTATGTTGTCTGG_PO41	PO41	AD
TCCTTCTAGTTGGACG_SMC053	SMC053	Active control
TCCTTCTTCAGCGCGT_SMC041	SMC041	AD
TCCTTTGGTCTAAGTC_PO11	PO11	AD
TCCTTTGGTGGCGACA_PO23	PO23	Control
TCGAACAAGACTGAGC_SMC038	SMC038	AD
TCGAACAAGTCTAGAA_SMC049	SMC049	AD
TCGAACAAGTGGCCTC_SMC038	SMC038	AD
TCGAACACAAAGCAAT_SMC049	SMC049	AD
TCGAACAGTGGTCTTA_SMC053	SMC053	Active control
TCGAACAGTGTGGTCC_SMC049	SMC049	AD
TCGAATTAGCTAGGGA_PO28	PO28	AD
TCGACACAGTGCCCAG_PO41	PO41	AD
TCGACCTAGGCATCGA_SMC038	SMC038	AD
TCGACCTCAGTCTGGC_SMC053	SMC053	Active control
TCGACCTGTAGCCAGA_SMC033	SMC033	Control
TCGACGGAGGAATTAC_SMC052	SMC052	Control
TCGACGGAGGTAGGCT_SMC041	SMC041	AD
TCGACGGCAATCCAGT_SMC038	SMC038	AD
TCGACGGGTAGTGTGG_SMC049	SMC049	AD
TCGAGGTTCGCGAGTT_PO11	PO11	AD
TCGATTTAGTAGACCG_SMC035	SMC035	Active control
TCGCACTAGCGACTAG_SMC049	SMC049	AD
TCGCACTTCCGATTAG_SMC052	SMC052	Control
TCGCAGGCAACGCCCA_SMC033	SMC033	Control
TCGCAGGTCAACGTGT_SMC049	SMC049	AD
TCGCAGGTCTATGTGG_SMC035	SMC035	Active control
TCGCATCCAATCCTTG_PO28	PO28	AD
TCGCATGGTGGCCAAG_PO15	PO15	Control
TCGCCAAGTTTGGAGA_PO13	PO13	Control
TCGCGATAGTCATGTG_PO28	PO28	AD
TCGCGCAAGAACCTAT_PO11	PO11	AD
TCGCGGATCGCTAGGT_PO41	PO41	AD
TCGCTAAAGCAAGCGA_PO28	PO28	AD
TCGCTAAAGTAGTCAT_PO05	PO05	AD
TCGCTAGGTAATCGCT_PO05	PO05	AD
TCGCTCAGTATGTCTG_SMC041	SMC041	AD
TCGCTCAGTCCCTAAA_SMC053	SMC053	Active control
TCGCTCTGTTGCACTG_PO28	PO28	AD
TCGCTGCTCATATCCC_PO41	PO41	AD
TCGCTTACATAATCTC_PO13	PO13	Control
TCGCTTGAGACAGCGT_SMC030	SMC030	Control
TCGCTTGTCACACCGG_PO20	PO20	Control
TCGGATAAGAGCAACC_SMC049	SMC049	AD
TCGGATAAGATGGTCG_SMC041	SMC041	AD
TCGGGACTCTTTACAC_SMC049	SMC049	AD
TCGGGCAAGGTTAGTA_SMC041	SMC041	AD
TCGGGCAGTAGACAAT_SMC033	SMC033	Control
TCGGGCAGTAGTCGGA_SMC038	SMC038	AD
TCGGGCATCATAGAGA_SMC041	SMC041	AD
TCGGGGTCAGCTAAGT_PO23	PO23	Control
TCGGGTGAGATTGAGT_SMC049	SMC049	AD
TCGGGTGAGGATATGT_SMC049	SMC049	AD
TCGGGTGCAGCTGGTC_SMC035	SMC035	Active control
TCGGGTGTCAAGGCTT_SMC053	SMC053	Active control
TCGGGTGTCTGTTCAT_SMC053	SMC053	Active control
TCGGTATGTGCGCAGA_PO11	PO11	AD
TCGGTCTAGCCAGAGT_SMC041	SMC041	AD
TCGGTCTAGGTCCAGA_SMC049	SMC049	AD
TCGGTCTCAGAAGCTG_SMC041	SMC041	AD
TCGGTCTCAGGGAATC_SMC053	SMC053	Active control
TCGGTCTTCCTCTTTC_SMC038	SMC038	AD
TCGGTTAAGCCACTCC_PO42	PO42	AD
TCGGTTAAGCGAATCC_PO05	PO05	AD
TCGTACCCATTGCACC_PO28	PO28	AD
TCGTACGGTAATGACG_PO41	PO41	AD
TCGTACGGTCTAGTTA_PO15	PO15	Control
TCGTAGACATTGAGGG_SMC041	SMC041	AD
TCGTAGATCTGTAAGC_SMC029	SMC029	AD
TCGTCCACAAATACAG_SMC037	SMC037	Active control
TCGTCCATCCATTAGG_PO28	PO28	AD
TCGTCCATCCGTGATA_PO41	PO41	AD
TCGTCCATCTTGACTC_PO11	PO11	AD
TCGTGATGTTATGTCA_PO28	PO28	AD
TCGTGCTAGAGCAACC_SMC041	SMC041	AD
TCGTGCTCACGCACCA_SMC053	SMC053	Active control
TCGTGGGGTTTCAGAC_SMC049	SMC049	AD
TCGTGGGTCTGGGAGA_SMC041	SMC041	AD
TCGTGTCCAACCTCTA_PO28	PO28	AD
TCGTGTCCACTAGGTG_PO05	PO05	AD
TCGTTCCGTGACGACG_PO11	PO11	AD
TCGTTCCGTTGCGTGC_PO28	PO28	AD
TCGTTTGCATGGCAGC_PO05	PO05	AD
TCTAACCTCAGCTATG_PO28	PO28	AD
TCTAACTAGGAACTAT_SMC038	SMC038	AD
TCTAACTCAGGGACTA_SMC037	SMC037	Active control
TCTAACTGTTTCGTAG_SMC049	SMC049	AD
TCTAACTTCTTGGATG_SMC053	SMC053	Active control
TCTACATAGTCATTGC_SMC049	SMC049	AD
TCTACATCACTCACTC_SMC053	SMC053	Active control
TCTACATGTCACTCAA_SMC030	SMC030	Control
TCTACATGTCCTTAAG_SMC041	SMC041	AD
TCTACATTCACCCTGT_SMC041	SMC041	AD
TCTACATTCGCTCTCA_SMC041	SMC041	AD
TCTACCGCACTGTCGG_SMC038	SMC038	AD
TCTACGTTCCGCTGTC_PO23	PO23	Control
TCTACGTTCCTTCGGC_PO23	PO23	Control
TCTACTATCGATTGGC_PO20	PO20	Control
TCTAGCGGTCTGTGCA_PO28	PO28	AD
TCTAGCGGTGCGATGG_PO05	PO05	AD
TCTAGCTTCGATGATT_PO42	PO42	AD
TCTAGTGAGCATCCAA_PO23	PO23	Control
TCTAGTGAGGCTCAGT_PO13	PO13	Control
TCTATACCAGAGGACT_SMC049	SMC049	AD
TCTATACCATGCCATA_SMC033	SMC033	Control
TCTATACGTTCTCCCA_SMC049	SMC049	AD
TCTATACTCTGTCAGA_SMC033	SMC033	Control
TCTATCAAGTTTCGAC_SMC049	SMC049	AD
TCTATCACAGTTGAAA_SMC033	SMC033	Control
TCTATCAGTACAAGCG_SMC053	SMC053	Active control
TCTATCAGTCGGTGAA_SMC037	SMC037	Active control
TCTCACGAGAGGCGGA_SMC041	SMC041	AD
TCTCACGGTTGATCGT_SMC033	SMC033	Control
TCTCAGCCAAACCGGA_SMC033	SMC033	Control
TCTCAGCCAATGGAAG_PO23	PO23	Control
TCTCAGCGTCGCTTGG_SMC038	SMC038	AD
TCTCATTGTCTTACGG_PO23	PO23	Control
TCTCCATAGCATCCGG_PO11	PO11	AD
TCTCCCAAGGTCATTG_PO23	PO23	Control
TCTCCGAGTGAGACCA_SMC037	SMC037	Active control
TCTCCGAGTGTTCAGT_SMC049	SMC049	AD
TCTCCGATCAATGTCG_SMC049	SMC049	AD
TCTCCGATCACGGACC_SMC032	SMC032	AD
TCTCGATTCTGGTAAT_PO11	PO11	AD
TCTCGCGCAAGTCGAT_PO42	PO42	AD
TCTCTAATCAATCCGA_PO20	PO20	Control
TCTCTCCTCTAATGGT_PO23	PO23	Control
TCTCTGGAGTCTTGGT_SMC032	SMC032	AD
TCTCTGGCAGACCATT_SMC041	SMC041	AD
TCTCTGGGTAAGTTAG_SMC049	SMC049	AD
TCTGACCCATAAGCTA_PO20	PO20	Control
TCTGCACCAAATCGTA_PO15	PO15	Control
TCTGCCAGTCATCTAG_SMC041	SMC041	AD
TCTGCCAGTCTACACA_SMC038	SMC038	AD
TCTGCCAGTGCCCACA_SMC052	SMC052	Control
TCTGCCAGTGGCTGCT_SMC041	SMC041	AD
TCTGCGAGTCATCGCA_PO28	PO28	AD
TCTGCGGAGCTACTGA_PO28	PO28	AD
TCTGGCCTCAGCTAAT_PO28	PO28	AD
TCTGGCGAGCAGTCTA_PO20	PO20	Control
TCTGGCTCACCTTCGT_SMC035	SMC035	Active control
TCTGGCTCAGCCATGA_PO05	PO05	AD
TCTGGCTCATCTCAAG_SMC037	SMC037	Active control
TCTGGCTTCGATGCAT_SMC052	SMC052	Control
TCTGGGCGTCATCCGA_PO13	PO13	Control
TCTGGGCGTCTTGATA_PO13	PO13	Control
TCTGGGGTCTGGTCAA_PO11	PO11	AD
TCTGTCGTCTCACTCG_SMC037	SMC037	Active control
TCTGTGAAGTGAGGAT_PO11	PO11	AD
TCTGTTGCATGGTACG_PO28	PO28	AD
TCTTCCTAGAATTTGG_SMC032	SMC032	AD
TCTTGCGCAACGCATT_SMC053	SMC053	Active control
TCTTGCGGTGGGATTG_SMC033	SMC033	Control
TCTTGCGGTTGTGGAG_SMC038	SMC038	AD
TCTTTGAAGCAACCAG_SMC041	SMC041	AD
TCTTTGATCTGATTCT_SMC049	SMC049	AD
TCTTTGATCTGGAAGG_SMC030	SMC030	Control
TGAAACGGTTTGGCAT_PO15	PO15	Control
TGAAACTTCTGTGAGC_PO42	PO42	AD
TGAAAGGCACCTGCAT_PO05	PO05	AD
TGAACCCAGAAGCGTG_PO28	PO28	AD
TGAACCCAGCCTGCCT_PO23	PO23	Control
TGAACCCAGCTAGCGT_PO13	PO13	Control
TGAACCCAGTGATACT_PO23	PO23	Control
TGAACGTTCCGCGGAT_SMC037	SMC037	Active control
TGAATCGAGATGGTAT_SMC035	SMC035	Active control
TGAATCGGTCTCCTGT_SMC049	SMC049	AD
TGAATCGTCGATCCCT_SMC052	SMC052	Control
TGAATGAAGCTAGCAC_PO05	PO05	AD
TGAATGCAGGCTTCCG_SMC041	SMC041	AD
TGAATGCAGGTTTGAA_SMC035	SMC035	Active control
TGACAGTCAACACACT_SMC053	SMC053	Active control
TGACAGTTCCCACAGG_SMC033	SMC033	Control
TGACATTAGCAGTTCA_PO42	PO42	AD
TGACCTAAGCAATCTG_PO20	PO20	Control
TGACGCGGTCGGAAAC_SMC052	SMC052	Control
TGACGGGGTAATGTCC_PO23	PO23	Control
TGACGTTGTGCAGTCC_PO42	PO42	AD
TGACTCCGTACGTGAG_SMC033	SMC033	Control
TGACTCCTCCTAGCGG_SMC033	SMC033	Control
TGACTCCTCTGGGAGA_SMC053	SMC053	Active control
TGAGAATGTGAGGAGA_PO13	PO13	Control
TGAGACTGTCGTTTCC_SMC052	SMC052	Control
TGAGACTTCTACAGGT_SMC052	SMC052	Control
TGAGACTTCTGCACCT_SMC041	SMC041	AD
TGAGCATCAAGGTCAG_SMC053	SMC053	Active control
TGAGCATCACAACGGC_PO28	PO28	AD
TGAGCATGTATGGAAT_SMC052	SMC052	Control
TGAGCATTCGTGCATA_SMC052	SMC052	Control
TGAGCGAAGGGGCATA_PO41	PO41	AD
TGAGCGGGTGGACTAA_PO11	PO11	AD
TGAGCTGCAATACCGG_PO28	PO28	AD
TGAGCTGCATTAGTGA_PO05	PO05	AD
TGAGGAACAAACCTGG_PO11	PO11	AD
TGAGGAACATAGGGCC_PO11	PO11	AD
TGAGGAGAGTGCGACA_SMC041	SMC041	AD
TGAGGAGGTTATCTGG_SMC033	SMC033	Control
TGAGGCAAGTGCTTGA_PO41	PO41	AD
TGAGGGAAGCTGACTT_SMC041	SMC041	AD
TGAGGGACAACCACAT_SMC038	SMC038	AD
TGAGGGAGTTATCTTC_SMC049	SMC049	AD
TGAGGGATCCTCGTCA_PO23	PO23	Control
TGAGGTGAGATTACCG_PO28	PO28	AD
TGAGGTTAGAAGTCTA_SMC049	SMC049	AD
TGAGGTTCAGTGGTGA_SMC052	SMC052	Control
TGAGGTTGTAACAGGC_SMC038	SMC038	AD
TGAGGTTGTAGGCTCC_SMC053	SMC053	Active control
TGAGGTTTCGTGGGAA_SMC038	SMC038	AD
TGAGGTTTCTCCAAGA_SMC041	SMC041	AD
TGAGTAGGTCATTCCC_PO11	PO11	AD
TGAGTCATCACATCAG_SMC038	SMC038	AD
TGAGTCGCAGCCATGA_PO11	PO11	AD
TGAGTCTGTAACCGAA_PO41	PO41	AD
TGAGTGAGTTAACCCG_PO41	PO41	AD
TGATCCTTCCCCAATT_PO05	PO05	AD
TGATCTTAGGTGGTTG_SMC027	SMC027	Control
TGATCTTCAAACCACT_SMC033	SMC033	Control
TGATCTTCAGATTAAG_SMC041	SMC041	AD
TGATGAAAGCGCATAC_PO05	PO05	AD
TGATGCAAGCCAGACA_SMC033	SMC033	Control
TGATGCACATGAATAG_SMC052	SMC052	Control
TGATGGTAGACATCCT_SMC049	SMC049	AD
TGATGGTAGCGAATGC_SMC033	SMC033	Control
TGATGGTAGCGTTACT_SMC052	SMC052	Control
TGATGGTCAACCTCGT_PO23	PO23	Control
TGATGGTTCTGCTCTG_SMC049	SMC049	AD
TGATTTCCAAGCGGAT_SMC053	SMC053	Active control
TGATTTCCATCCAATG_SMC053	SMC053	Active control
TGATTTCGTCCTTTGC_SMC037	SMC037	Active control
TGATTTCGTGAACTAA_SMC038	SMC038	AD
TGATTTCTCGCGAAGA_SMC049	SMC049	AD
TGCAAACCAAATCGGT_PO28	PO28	AD
TGCAAACCACATGCCT_PO28	PO28	AD
TGCAAAGGTTCGCATG_PO20	PO20	Control
TGCAAATTCGATTGGC_PO28	PO28	AD
TGCACAATCAAGTCCA_PO28	PO28	AD
TGCACCCTCGATACGC_PO05	PO05	AD
TGCACCTCAAACCGCA_PO23	PO23	Control
TGCACGGCAGTTGTTG_SMC041	SMC041	AD
TGCAGATGTGATACAA_SMC035	SMC035	Active control
TGCAGGCAGTAGCTCT_SMC053	SMC053	Active control
TGCAGGCCAAAGGCAA_PO11	PO11	AD
TGCAGGCCACACTGGC_SMC041	SMC041	AD
TGCAGGCCAGCCGTTG_SMC053	SMC053	Active control
TGCAGGCTCCCGTGTT_SMC033	SMC033	Control
TGCAGTACACAGTCCG_SMC053	SMC053	Active control
TGCAGTACACGTACTA_SMC037	SMC037	Active control
TGCATAACATGGTACG_PO15	PO15	Control
TGCATAGTCAGGTTCA_PO23	PO23	Control
TGCATCAAGCCCGTGA_PO41	PO41	AD
TGCATCCAGCTCGGCT_SMC052	SMC052	Control
TGCATCCAGTTGTCGT_SMC049	SMC049	AD
TGCATCCCATATGCGT_SMC053	SMC053	Active control
TGCATCCTCGCGCTGA_SMC049	SMC049	AD
TGCATGACACGCCAGT_SMC041	SMC041	AD
TGCATGACACGGTGCT_SMC033	SMC033	Control
TGCATTGAGATTCAAC_PO20	PO20	Control
TGCCATAAGCATCTAG_PO28	PO28	AD
TGCCATCCATGGTGTG_PO11	PO11	AD
TGCCATGGTAGCAGGT_PO11	PO11	AD
TGCCCTCAGGGCTTAC_PO28	PO28	AD
TGCCGAGAGCGACCCT_SMC033	SMC033	Control
TGCCGAGAGTCCTACA_SMC033	SMC033	Control
TGCCGAGGTACACTCA_SMC037	SMC037	Active control
TGCCGAGGTCCAGTTA_SMC041	SMC041	AD
TGCCGAGTCGCCAACG_SMC049	SMC049	AD
TGCCGTGAGTCAATGT_PO05	PO05	AD
TGCCTCATCTATGGGC_PO15	PO15	Control
TGCCTCGCAGCACCTT_PO42	PO42	AD
TGCCTGCTCACTCTGT_PO23	PO23	Control
TGCCTGCTCGAATGGG_PO13	PO13	Control
TGCGACGAGAAACACT_SMC041	SMC041	AD
TGCGACGAGTCACGAG_SMC032	SMC032	AD
TGCGACGCAGAGTAAT_SMC053	SMC053	Active control
TGCGACGCATCAGTCA_SMC030	SMC030	Control
TGCGACGGTACAGAAT_SMC035	SMC035	Active control
TGCGATAAGACCTGGA_SMC033	SMC033	Control
TGCGATAAGTACAACA_SMC030	SMC030	Control
TGCGATAGTTCAGCTA_SMC038	SMC038	AD
TGCGGCACACACACTA_SMC049	SMC049	AD
TGCGGCAGTAAGCGGT_SMC041	SMC041	AD
TGCGGCATCCCAGCGA_SMC032	SMC032	AD
TGCGGCTGTGAAGTAT_PO28	PO28	AD
TGCGGGTCATTAAGCC_SMC049	SMC049	AD
TGCGGGTTCAAGTTGC_SMC037	SMC037	Active control
TGCGGTTAGCGCATGT_PO28	PO28	AD
TGCGGTTAGGGGTTAG_PO28	PO28	AD
TGCTAAGTCTGTCTGT_PO42	PO42	AD
TGCTACTTCAGCGATC_PO41	PO41	AD
TGCTATGAGCGGGAAC_PO42	PO42	AD
TGCTCCACATGCAGGA_SMC052	SMC052	Control
TGCTCCAGTAAGATTG_SMC037	SMC037	Active control
TGCTCCAGTGAGCGAT_SMC032	SMC032	AD
TGCTCCAGTGCCCACA_SMC049	SMC049	AD
TGCTCCATCTCCACTG_SMC038	SMC038	AD
TGCTCCGCACTTGCGT_PO13	PO13	Control
TGCTCGTAGGATTCCT_SMC049	SMC049	AD
TGCTCGTAGGTGATCG_SMC039	SMC039	AD
TGCTCGTCAACCACAT_SMC049	SMC049	AD
TGCTCGTCACGCAGTC_SMC041	SMC041	AD
TGCTCGTCAGGTCCGT_SMC049	SMC049	AD
TGCTGAAAGAGTGACC_SMC033	SMC033	Control
TGCTGAACATGAGTAA_SMC035	SMC035	Active control
TGCTGAAGTCCACAGC_SMC049	SMC049	AD
TGCTTAAGTTGGATCT_PO20	PO20	Control
TGCTTCGGTCTGCATA_SMC043	SMC043	AD
TGCTTGCGTGAGTTGG_SMC035	SMC035	Active control
TGCTTGCTCGTGCAGC_SMC037	SMC037	Active control
TGGACAAGTTGGCTGC_PO41	PO41	AD
TGGACATCAATATCGA_PO28	PO28	AD
TGGACGAAGCGCAATC_PO13	PO13	Control
TGGACTCAGATTGGTT_PO05	PO05	AD
TGGACTCAGTAGCGTC_PO05	PO05	AD
TGGAGAGCATCCTTCG_SMC049	SMC049	AD
TGGAGAGGTCGTACTA_SMC041	SMC041	AD
TGGAGGAAGGCGATAC_SMC053	SMC053	Active control
TGGAGGATCACGCCTC_PO42	PO42	AD
TGGAGGATCAGCCATA_PO28	PO28	AD
TGGATCAAGAGTCTTC_SMC049	SMC049	AD
TGGATCAAGTTGGAAT_SMC033	SMC033	Control
TGGATGTGTACTCAAC_SMC041	SMC041	AD
TGGATGTTCTTAGCAG_SMC039	SMC039	AD
TGGATTGTCGACATAT_PO05	PO05	AD
TGGCATATCACGCCAG_PO41	PO41	AD
TGGCCATAGCGAACTC_PO42	PO42	AD
TGGCCTGAGCGCTATA_PO23	PO23	Control
TGGCGAAAGCATGTCA_PO23	PO23	Control
TGGCGCATCAATTGCG_PO11	PO11	AD
TGGCGTGGTAACAAGT_SMC041	SMC041	AD
TGGCGTGGTAGTAAGT_SMC052	SMC052	Control
TGGCGTGGTCTCGGGT_SMC052	SMC052	Control
TGGGAACGTGCACGTC_PO20	PO20	Control
TGGGAAGCATCGCCTT_SMC030	SMC030	Control
TGGGAAGGTGAGATAT_SMC033	SMC033	Control
TGGGAAGGTTGTGGCC_SMC052	SMC052	Control
TGGGAGAAGGAGTATT_SMC033	SMC033	Control
TGGGAGATCTATACTC_SMC049	SMC049	AD
TGGGATTAGCGAGTCA_SMC052	SMC052	Control
TGGGATTAGTGTAGTA_SMC053	SMC053	Active control
TGGGATTTCGCTCCTA_SMC033	SMC033	Control
TGGGATTTCGTAGTGT_SMC052	SMC052	Control
TGGGCACCAGGCATCA_PO13	PO13	Control
TGGGCGTAGAGCTGCA_SMC035	SMC035	Active control
TGGGCGTGTAAGGTCG_SMC049	SMC049	AD
TGGGCTGAGCTAGATA_SMC053	SMC053	Active control
TGGGCTGAGGCCGCTT_SMC052	SMC052	Control
TGGGCTGCACCCAATA_SMC041	SMC041	AD
TGGGCTGGTCGCACGT_SMC049	SMC049	AD
TGGGCTGGTCTCGGAC_SMC049	SMC049	AD
TGGGCTGTCCCTAGGG_SMC049	SMC049	AD
TGGGGCAGTAGTGCCC_PO11	PO11	AD
TGGGGCAGTATGGCAA_PO42	PO42	AD
TGGGGTAAGCCTTCCA_PO28	PO28	AD
TGGGGTTTCCGCTAGG_PO20	PO20	Control
TGGGTTAAGCTCCGAC_SMC033	SMC033	Control
TGGGTTACATTGCTGA_SMC030	SMC030	Control
TGGGTTAGTTTACTTC_SMC037	SMC037	Active control
TGGGTTGCAACCTGTC_PO28	PO28	AD
TGGTAAGGTCAGCTCA_PO05	PO05	AD
TGGTACAGTCGAACAG_SMC038	SMC038	AD
TGGTACAGTCGCAGTC_SMC049	SMC049	AD
TGGTACATCTTCGTGC_SMC033	SMC033	Control
TGGTAGTAGACTCAAA_SMC038	SMC038	AD
TGGTAGTCAGCCATTA_SMC052	SMC052	Control
TGGTAGTCAGTTGCCT_PO23	PO23	Control
TGGTAGTGTCCATAGT_SMC041	SMC041	AD
TGGTAGTGTCTCACAA_SMC030	SMC030	Control
TGGTAGTGTCTGTGTA_SMC053	SMC053	Active control
TGGTCACAGTCGAAGG_PO41	PO41	AD
TGGTTAGTCCACGGAC_SMC037	SMC037	Active control
TGGTTCAAGGAATGTA_PO42	PO42	AD
TGGTTTAGTTGCAGTT_PO15	PO15	Control
TGGTTTGAGGGCTCAT_PO23	PO23	Control
TGTAACGCATAGGTAA_SMC038	SMC038	AD
TGTAACGTCCGATGTA_SMC052	SMC052	Control
TGTAACGTCGCTTTAT_SMC035	SMC035	Active control
TGTAACGTCGGCTATA_SMC049	SMC049	AD
TGTAACGTCTCATGGA_SMC049	SMC049	AD
TGTAACGTCTTGCGCT_SMC033	SMC033	Control
TGTAAGCAGCAATTCC_SMC035	SMC035	Active control
TGTAAGCAGCTAATGA_SMC038	SMC038	AD
TGTAAGCGTTCCGCTT_SMC053	SMC053	Active control
TGTAAGCTCCACGGAC_SMC041	SMC041	AD
TGTACAGAGAGCCCAA_SMC037	SMC037	Active control
TGTACAGCATCTATCT_SMC041	SMC041	AD
TGTACCCCATGGTCAG_PO20	PO20	Control
TGTACGATCTAGCCAA_PO28	PO28	AD
TGTACTGAGGCAATGG_PO28	PO28	AD
TGTACTTCAATCCGCT_PO20	PO20	Control
TGTAGACCACGTAACT_SMC038	SMC038	AD
TGTAGACCATTGACAC_SMC049	SMC049	AD
TGTAGACGTGGAACAC_SMC038	SMC038	AD
TGTAGCGCAGCATGGC_PO13	PO13	Control
TGTAGTTAGTAAGCCC_PO23	PO23	Control
TGTATCAGTCTAGTAC_PO42	PO42	AD
TGTATGGTCCCTCGAC_PO11	PO11	AD
TGTATGGTCCGTAGGT_PO28	PO28	AD
TGTCAGAAGTAGTGCG_SMC049	SMC049	AD
TGTCCACAGCCGTTAT_SMC052	SMC052	Control
TGTCCACCAAGCGGAG_PO41	PO41	AD
TGTCCAGGTGAGATCA_PO41	PO41	AD
TGTCCAGGTTCGGGTC_PO23	PO23	Control
TGTCCCAAGATACCAA_SMC035	SMC035	Active control
TGTCCCAGTACAACGG_SMC052	SMC052	Control
TGTCCCATCCGTATAG_PO28	PO28	AD
TGTCCCTGTTTGACAC_PO23	PO23	Control
TGTCCTGGTCTTGCGG_SMC049	SMC049	AD
TGTCCTGTCCATTCGC_SMC041	SMC041	AD
TGTCCTTAGGGTTGGA_PO41	PO41	AD
TGTCCTTAGGTCGATC_PO28	PO28	AD
TGTCGAATCCCAGATA_PO20	PO20	Control
TGTCGTCCACGCCATT_PO42	PO42	AD
TGTCTCACACAATGAC_PO11	PO11	AD
TGTCTTGCAATGAAGG_PO11	PO11	AD
TGTGAAGGTAATGCAG_PO41	PO41	AD
TGTGAAGGTGGACACG_PO23	PO23	Control
TGTGAGGAGCTATGAT_PO05	PO05	AD
TGTGAGTCATCTCGTC_SMC052	SMC052	Control
TGTGAGTGTGAATGAT_SMC052	SMC052	Control
TGTGATGCAGGGACTA_SMC053	SMC053	Active control
TGTGATGTCAAACGAA_SMC039	SMC039	AD
TGTGATGTCCTCTAAT_SMC049	SMC049	AD
TGTGATTAGCAAGTGG_PO13	PO13	Control
TGTGATTAGGATCCCG_PO28	PO28	AD
TGTGATTAGTCATCTC_PO05	PO05	AD
TGTGATTAGTTGCACA_PO20	PO20	Control
TGTGCAATCGTGATGC_PO23	PO23	Control
TGTGCCAGTAATCGTC_PO41	PO41	AD
TGTGCCCTCACTCAAG_PO28	PO28	AD
TGTGCCTCAGTACTAA_PO05	PO05	AD
TGTGCGGAGTAAGACT_SMC035	SMC035	Active control
TGTGCGGCAATGGCCC_SMC052	SMC052	Control
TGTGCGGTCCAAATGC_SMC033	SMC033	Control
TGTGCGGTCTGCTCTG_SMC037	SMC037	Active control
TGTGGCGCAGACTGCC_SMC037	SMC037	Active control
TGTGGCGTCCTCACTG_SMC038	SMC038	AD
TGTGGTCAGGCTTGGT_PO13	PO13	Control
TGTGTGAAGATTGCGG_SMC041	SMC041	AD
TGTGTGAGTCTTTCTA_SMC041	SMC041	AD
TGTGTTGAGGTGAGTG_PO05	PO05	AD
TGTTACTGTTCGTGCG_SMC038	SMC038	AD
TGTTACTGTTTGGGTT_SMC039	SMC039	AD
TGTTCATAGCAGCCCT_SMC033	SMC033	Control
TGTTCATCAACCGTAT_SMC033	SMC033	Control
TGTTCATGTGGCTGCT_SMC049	SMC049	AD
TGTTCATTCTCGGGAC_SMC052	SMC052	Control
TGTTCCGTCTCTATAC_SMC038	SMC038	AD
TGTTCTACAATAACCC_SMC037	SMC037	Active control
TGTTGAGCATCGAAGG_SMC033	SMC033	Control
TGTTGAGCATGATGCT_SMC033	SMC033	Control
TGTTGAGGTAGGACCA_SMC049	SMC049	AD
TGTTGGACAAAGTGTA_SMC053	SMC053	Active control
TGTTGGAGTAACAGTA_SMC049	SMC049	AD
TGTTGGAGTCTCACAA_SMC053	SMC053	Active control
TGTTTGTCAACGACAG_SMC049	SMC049	AD
TGTTTGTCACCTGAAT_SMC041	SMC041	AD
TGTTTGTGTCGGTAAG_SMC041	SMC041	AD
TGTTTGTTCATTACGG_SMC033	SMC033	Control
TGTTTGTTCTTTGATC_SMC037	SMC037	Active control
TTAATCCAGAGATGCC_SMC041	SMC041	AD
TTAATCCAGGAAGTGA_SMC049	SMC049	AD
TTAATCCGTTAAGCAA_SMC049	SMC049	AD
TTAATCCTCACTACTT_SMC033	SMC033	Control
TTAATCCTCATGCCGG_SMC052	SMC052	Control
TTACAGGGTACGCGTC_SMC033	SMC033	Control
TTACCGCAGCATCTTG_SMC030	SMC030	Control
TTACCGCAGGCTGAAC_SMC038	SMC038	AD
TTACCGCCAGTCTACA_SMC035	SMC035	Active control
TTACCGCGTCAACCAT_SMC052	SMC052	Control
TTACCGCGTGAGACCA_SMC041	SMC041	AD
TTACCGCGTGTTCCAA_SMC053	SMC053	Active control
TTACGCCAGTCTTCCC_SMC039	SMC039	AD
TTACGCCCAGCCGTTG_SMC053	SMC053	Active control
TTACGCCTCCTAGCCT_SMC032	SMC032	AD
TTACGTTAGACTCGAG_SMC053	SMC053	Active control
TTACGTTTCTAGCAAC_SMC033	SMC033	Control
TTACTGTCACTCGATA_SMC052	SMC052	Control
TTACTGTGTAGATGTA_SMC037	SMC037	Active control
TTACTGTTCTAGGCCG_SMC049	SMC049	AD
TTACTGTTCTGGGCGT_SMC053	SMC053	Active control
TTAGGGTCAGGTAGTG_SMC053	SMC053	Active control
TTAGTCTAGAGCAGTC_SMC033	SMC033	Control
TTAGTCTCACTCAGAT_SMC041	SMC041	AD
TTAGTCTTCATTCACT_SMC049	SMC049	AD
TTATTGCCAGCGCTTG_SMC053	SMC053	Active control
TTATTGCGTGTCCTAA_SMC053	SMC053	Active control
TTATTGCTCGACACTA_SMC041	SMC041	AD
TTCAATCAGGTGATCG_SMC049	SMC049	AD
TTCAATCAGTACCATC_SMC041	SMC041	AD
TTCAATCGTGGGTCAA_SMC037	SMC037	Active control
TTCACCGAGTTAACGA_SMC039	SMC039	AD
TTCACCGTCTGGTGCG_SMC038	SMC038	AD
TTCACGCAGAGAACCC_SMC052	SMC052	Control
TTCACGCAGATTAGTG_SMC053	SMC053	Active control
TTCACGCCATCCAATG_SMC039	SMC039	AD
TTCACGCGTACGACAG_SMC053	SMC053	Active control
TTCATGTAGGATGAGA_SMC038	SMC038	AD
TTCATGTGTGAACCGA_SMC052	SMC052	Control
TTCATGTTCGGCTTGG_SMC049	SMC049	AD
TTCATGTTCTCCTGTG_SMC052	SMC052	Control
TTCATTGAGAATACAC_SMC049	SMC049	AD
TTCATTGAGGAAACGA_SMC053	SMC053	Active control
TTCATTGAGGTTGGAC_SMC049	SMC049	AD
TTCATTGCAATTGAGA_SMC053	SMC053	Active control
TTCATTGCAGCAGTGA_SMC049	SMC049	AD
TTCATTGGTCCCTCAT_SMC053	SMC053	Active control
TTCCAATAGTCGCCCA_SMC041	SMC041	AD
TTCCAATCAACGGCTC_SMC030	SMC030	Control
TTCCAATCACTATGTG_SMC037	SMC037	Active control
TTCCAATCATGTGCTA_SMC041	SMC041	AD
TTCCAATTCCAGGACC_SMC049	SMC049	AD
TTCCACGAGCACGATG_SMC035	SMC035	Active control
TTCCACGAGGGCTGAT_SMC033	SMC033	Control
TTCCACGCATGAGAAT_SMC032	SMC032	AD
TTCCACGGTATCGTGT_SMC053	SMC053	Active control
TTCCACGTCCTCACGT_SMC033	SMC033	Control
TTCCGGTCAGAGTCAG_SMC049	SMC049	AD
TTCCGGTGTAACATCC_SMC049	SMC049	AD
TTCCGGTTCATTATCC_SMC037	SMC037	Active control
TTCCGGTTCGGCTTGG_SMC037	SMC037	Active control
TTCCGTGCAGGAACCA_SMC035	SMC035	Active control
TTCCTAATCCTGGGTG_SMC041	SMC041	AD
TTCCTCTCACATTCTT_SMC038	SMC038	AD
TTCCTCTCACCTCTAC_SMC041	SMC041	AD
TTCCTTCCATATAGCC_SMC033	SMC033	Control
TTCGATTAGAAGCTGC_SMC053	SMC053	Active control
TTCGATTAGTCATACC_SMC041	SMC041	AD
TTCGATTGTCTTGCGG_SMC049	SMC049	AD
TTCGATTGTGCTGATT_SMC049	SMC049	AD
TTCGCTGCAAGTTCGT_SMC037	SMC037	Active control
TTCGCTGCAGTTTCAG_SMC049	SMC049	AD
TTCGCTGCATCGATGT_SMC049	SMC049	AD
TTCGGTCAGCGAATGC_SMC038	SMC038	AD
TTCGGTCGTACGTGAG_SMC038	SMC038	AD
TTCGGTCGTCCAGGTC_SMC041	SMC041	AD
TTCGGTCGTCGCAGTC_SMC033	SMC033	Control
TTCTAACCACTCAGAT_SMC053	SMC053	Active control
TTCTAACCATCATCTT_SMC041	SMC041	AD
TTCTAACGTCTGGTTA_SMC053	SMC053	Active control
TTCTAACTCCGTCACT_SMC035	SMC035	Active control
TTCTAGTGTGGACTAG_SMC031	SMC031	Active control
TTCTAGTTCCATCAGA_SMC038	SMC038	AD
TTCTCTCCAGCAGTGA_SMC030	SMC030	Control
TTCTCTCCAGTCGCTG_SMC033	SMC033	Control
TTCTGTAGTCGTTGGC_SMC039	SMC039	AD
TTCTGTAGTTCCGCAG_SMC030	SMC030	Control
TTCTGTATCCACGTGG_SMC031	SMC031	Active control
TTCTTGAAGTAGACAT_SMC038	SMC038	AD
TTCTTGATCGCTTTAT_SMC052	SMC052	Control
TTGACCCAGCAGATAT_SMC030	SMC030	Control
TTGACCCCACAATGAA_SMC037	SMC037	Active control
TTGACCCTCAATCTCT_SMC049	SMC049	AD
TTGACCCTCACCACAA_SMC049	SMC049	AD
TTGAGTGAGACGATAT_SMC033	SMC033	Control
TTGAGTGGTCAAAGAT_SMC030	SMC030	Control
TTGAGTGGTGCGGTAA_SMC031	SMC031	Active control
TTGATGGCACCCTCTA_SMC053	SMC053	Active control
TTGATGGCAGAACGCA_SMC052	SMC052	Control
TTGATGGGTCCTGAAT_SMC035	SMC035	Active control
TTGCATTAGATGTTCC_SMC049	SMC049	AD
TTGCCTGAGGGCAGTT_SMC052	SMC052	Control
TTGCCTGAGTACAGAT_SMC052	SMC052	Control
TTGCCTGGTCCAGCAC_SMC037	SMC037	Active control
TTGCCTGGTTCTTCAT_SMC041	SMC041	AD
TTGCCTGTCCCTCATG_SMC041	SMC041	AD
TTGCGTCAGTTGCATC_SMC037	SMC037	Active control
TTGCTGCAGGTTGGTG_SMC033	SMC033	Control
TTGCTGCCATGAGAAT_SMC049	SMC049	AD
TTGCTGCTCGTGGAAG_SMC049	SMC049	AD
TTGGATGGTTGCGAAG_SMC041	SMC041	AD
TTGGGATCATGACTGT_SMC041	SMC041	AD
TTGGGCGAGTAGATCA_SMC035	SMC035	Active control
TTGGGCGCATAGGTTC_SMC038	SMC038	AD
TTGGGCGGTTAAACCC_SMC038	SMC038	AD
TTGGGCGTCAGTCTTT_SMC049	SMC049	AD
TTGGGTAAGACTGTTC_SMC049	SMC049	AD
TTGGGTAAGCACTCCG_SMC053	SMC053	Active control
TTGGGTAAGCGAGTAC_SMC053	SMC053	Active control
TTGGGTAGTAATGTGA_SMC033	SMC033	Control
TTGGGTATCGAGAATA_SMC052	SMC052	Control
TTGGTTTTCCACGTAA_SMC035	SMC035	Active control
TTGGTTTTCCGAGGCT_SMC035	SMC035	Active control
TTGTGGACATGGCCAC_SMC037	SMC037	Active control
TTGTGGATCGAGAAAT_SMC035	SMC035	Active control
TTGTGGATCTCCAAGA_SMC037	SMC037	Active control
TTGTGTTAGAAGATCT_SMC053	SMC053	Active control
TTGTGTTAGTCTCGTA_SMC033	SMC033	Control
TTGTGTTCACACTTAG_SMC053	SMC053	Active control
TTGTGTTGTGATCGTT_SMC041	SMC041	AD
TTGTGTTGTTGTCAGT_SMC035	SMC035	Active control
TTGTGTTTCGGAAGGT_SMC030	SMC030	Control
TTGTTCAAGCATGAAT_SMC041	SMC041	AD
TTGTTCAAGCTTAAGA_SMC041	SMC041	AD
TTGTTCACACGAGAAC_SMC033	SMC033	Control
TTGTTGTAGCCATTCA_SMC039	SMC039	AD
TTGTTGTCAATACCTG_SMC052	SMC052	Control
TTGTTTGCACAACGAG_SMC053	SMC053	Active control
TTGTTTGGTCGTTTCC_SMC038	SMC038	AD
TTGTTTGTCTCATTGT_SMC052	SMC052	Control
TTTACCAAGCCTCTGG_SMC037	SMC037	Active control
TTTACCAGTCGGATTT_SMC041	SMC041	AD
TTTACCATCCCAGCGA_SMC053	SMC053	Active control
TTTACGTAGCCTAGGA_SMC037	SMC037	Active control
TTTACGTCATGACCCG_SMC052	SMC052	Control
TTTACGTGTGGAATGC_SMC038	SMC038	AD
TTTACGTGTTAGAAGT_SMC052	SMC052	Control
TTTACTGGTATGTCAC_SMC041	SMC041	AD
TTTACTGGTTGCTGAT_SMC049	SMC049	AD
TTTACTGTCTGGCCGA_SMC053	SMC053	Active control
TTTAGTCCATAGGAGC_SMC049	SMC049	AD
TTTAGTCGTCTCACAA_SMC033	SMC033	Control
TTTAGTCTCAAGATAG_SMC033	SMC033	Control
TTTAGTCTCACATCAG_SMC041	SMC041	AD
TTTATGCAGAGGCTGT_SMC035	SMC035	Active control
TTTATGCAGAGTCTGG_SMC049	SMC049	AD
TTTATGCCAGGTGTTT_SMC041	SMC041	AD
TTTATGCGTATTTCTC_SMC053	SMC053	Active control
TTTCACAAGCTCCCTT_SMC049	SMC049	AD
TTTCACAAGGATTCAA_SMC041	SMC041	AD
TTTCATGTCGCGCTGA_SMC053	SMC053	Active control
TTTCCTCAGTGCTCGC_SMC041	SMC041	AD
TTTCCTCCAAATCGGG_SMC041	SMC041	AD
TTTCGATCAAGATTGA_SMC049	SMC049	AD
TTTCGATCATGACGGA_SMC032	SMC032	AD
TTTCGATGTCAAAGAT_SMC037	SMC037	Active control
TTTCGATGTGACACAG_SMC038	SMC038	AD
TTTCGATTCATGCTAG_SMC041	SMC041	AD
TTTGACTAGAGGTCAC_SMC053	SMC053	Active control
TTTGACTAGTTGTCGT_SMC033	SMC033	Control
TTTGACTCATCCTTGC_SMC041	SMC041	AD
TTTGACTGTGAATTGA_SMC049	SMC049	AD
TTTGACTTCATGGATC_SMC038	SMC038	AD
TTTGATCAGAGGATCC_SMC049	SMC049	AD
TTTGATCAGCAGATAT_SMC036	SMC036	AD
TTTGATCGTTGCTCGG_SMC037	SMC037	Active control
TTTGATCTCCGCAGTG_SMC037	SMC037	Active control
TTTGGAGAGTACCGGA_SMC037	SMC037	Active control
TTTGGAGTCCCTTGGT_SMC037	SMC037	Active control
TTTGGTTAGCTTAAGA_SMC053	SMC053	Active control
TTTGTTGAGCCTCACG_SMC049	SMC049	AD
TTTGTTGCATACGCAT_SMC052	SMC052	Control
TTTGTTGGTCGTCTCT_SMC041	SMC041	AD
TTTGTTGTCGGCCAAC_SMC041	SMC041	AD
