barcode	sample	condition
AAACCCAAGAAACTCA_SMC030	SMC030	Control
AAACCCAAGTTGTACC_SMC053	SMC053	Active control
AAACCCACACAGTACT_SMC053	SMC053	Active control
AAACCCAGTCGTCGGT_SMC052	SMC052	Control
AAACCCAGTGTCATGT_SMC049	SMC049	AD
AAACCCAGTTAAGAAC_SMC052	SMC052	Control
AAACCCATCGCCGTGA_SMC035	SMC035	Active control
AAACCGCTCGACTCAA_PO11	PO11	AD
AAACGAACAATCGTCA_SMC036	SMC036	AD
AAACGAACAGGATCTT_SMC030	SMC030	Control
AAACGAACATCATTTC_SMC035	SMC035	Active control
AAACGAAGTATGGAAT_SMC053	SMC053	Active control
AAACGAAGTCCAATCA_SMC030	SMC030	Control
AAACGAAGTCTGTAAC_SMC049	SMC049	AD
AAACGAATCACCTACC_SMC049	SMC049	AD
AAACGAATCGGTCATA_SMC038	SMC038	AD
AAACGATGTTGGCTGC_PO11	PO11	AD
AAACGCTAGACAAGCC_SMC049	SMC049	AD
AAACGCTAGTGACCTT_SMC031	SMC031	Active control
AAACGCTAGTTGGGAC_SMC052	SMC052	Control
AAACGCTCATTAGGCT_SMC041	SMC041	AD
AAACGCTGTAATGTGA_SMC052	SMC052	Control
AAACGCTGTAGCGTAG_SMC037	SMC037	Active control
AAACGCTGTGGAAATT_SMC053	SMC053	Active control
AAACGCTGTGTGCTTA_SMC027	SMC027	Control
AAACGCTTCCGTGCGA_SMC052	SMC052	Control
AAACGCTTCCTGGGTG_SMC049	SMC049	AD
AAACGCTTCTAGCATG_SMC032	SMC032	AD
AAACGGACAAAGGTCT_PO42	PO42	AD
AAACTCACAGTTAGGT_PO13	PO13	Control
AAACTCCGTTAAGGAT_PO20	PO20	Control
AAACTTGCACCATTGC_PO23	PO23	Control
AAAGAACAGACCTGGA_SMC038	SMC038	AD
AAAGAACCAGCTTCCT_SMC038	SMC038	AD
AAAGAACCATTGTGCA_SMC049	SMC049	AD
AAAGAACTCATTACGG_SMC037	SMC037	Active control
AAAGAACTCTAGCCTC_SMC052	SMC052	Control
AAAGAACTCTTACCGC_SMC033	SMC033	Control
AAAGCCTCAAAGGGTA_PO05	PO05	AD
AAAGCCTCAATACGAC_PO15	PO15	Control
AAAGCCTCAGCTCTGT_PO05	PO05	AD
AAAGCCTCATCCCGTG_PO23	PO23	Control
AAAGGATAGAAGCTGC_SMC052	SMC052	Control
AAAGGATAGCAAGTCG_SMC030	SMC030	Control
AAAGGATCAATTTCCT_SMC049	SMC049	AD
AAAGGATCACAGTATC_SMC035	SMC035	Active control
AAAGGATCACGCGGTT_SMC038	SMC038	AD
AAAGGATGTAGGAAAG_SMC033	SMC033	Control
AAAGGATGTATCTCTT_SMC038	SMC038	AD
AAAGGATGTGTTGCCG_SMC049	SMC049	AD
AAAGGATTCAACGTGT_SMC035	SMC035	Active control
AAAGGATTCATTCGTT_SMC049	SMC049	AD
AAAGGATTCCAACCGG_SMC052	SMC052	Control
AAAGGATTCTTGCAGA_SMC052	SMC052	Control
AAAGGGCAGACATAGT_SMC049	SMC049	AD
AAAGGGCAGGGATGTC_SMC033	SMC033	Control
AAAGGGCAGGTTACAA_SMC038	SMC038	AD
AAAGGGCCACGGAAGT_SMC038	SMC038	AD
AAAGGGCCACGTATAC_SMC049	SMC049	AD
AAAGGGCCAGTTGTTG_SMC030	SMC030	Control
AAAGGGCGTCTGTCAA_SMC032	SMC032	AD
AAAGGGCGTTCACCGG_SMC035	SMC035	Active control
AAAGGGCTCACCCTTG_SMC049	SMC049	AD
AAAGGGCTCTGAGAGG_SMC035	SMC035	Active control
AAAGGTAAGAGCTGAC_SMC035	SMC035	Active control
AAAGGTAAGCGATCGA_SMC041	SMC041	AD
AAAGGTAAGCTCCATA_SMC033	SMC033	Control
AAAGGTAAGGTATTGA_SMC033	SMC033	Control
AAAGGTACATTGAGGG_SMC049	SMC049	AD
AAAGGTAGTACAGGTG_SMC029	SMC029	AD
AAAGGTAGTCGGTGAA_SMC038	SMC038	AD
AAAGGTAGTGGCTGCT_SMC049	SMC049	AD
AAAGGTAGTTCTCAGA_SMC036	SMC036	AD
AAAGGTATCAAGGCTT_SMC038	SMC038	AD
AAAGGTATCGGACGTC_SMC053	SMC053	Active control
AAAGGTATCTGCATGA_SMC032	SMC032	AD
AAAGGTATCTTCCAGC_SMC038	SMC038	AD
AAAGTCCAGCACGTCC_SMC033	SMC033	Control
AAAGTCCAGGCCACTC_SMC043	SMC043	AD
AAAGTCCCACGCTGCA_SMC035	SMC035	Active control
AAAGTCCCATTGTAGC_SMC049	SMC049	AD
AAAGTCCGTACACGCC_SMC052	SMC052	Control
AAAGTCCGTACTAAGA_SMC033	SMC033	Control
AAAGTCCGTCCGATCG_SMC035	SMC035	Active control
AAAGTCCGTGTAAACA_SMC041	SMC041	AD
AAAGTCCTCAATCAGC_SMC033	SMC033	Control
AAAGTCCTCACCCATC_SMC049	SMC049	AD
AAAGTCCTCATTCGTT_SMC041	SMC041	AD
AAAGTCCTCGACCATA_SMC049	SMC049	AD
AAAGTCCTCTCGAGTA_SMC049	SMC049	AD
AAAGTGAAGTCTACCA_SMC053	SMC053	Active control
AAAGTGAGTAGCGATG_SMC033	SMC033	Control
AAAGTGATCTTGGGCG_SMC049	SMC049	AD
AAATGCAAGGTATAGA_PO13	PO13	Control
AAATGGAAGGAAAGGT_SMC033	SMC033	Control
AAATGGAAGGATTTGA_SMC031	SMC031	Active control
AAATGGAAGGTTATAG_SMC031	SMC031	Active control
AAATGGAAGTATGACA_SMC030	SMC030	Control
AAATGGAGTAATACCC_SMC052	SMC052	Control
AAATGGAGTACAGTAA_SMC052	SMC052	Control
AAATGGAGTCCTCATC_SMC052	SMC052	Control
AAATGGATCACGGGAA_SMC035	SMC035	Active control
AAATGGATCAGTCTTT_SMC053	SMC053	Active control
AAATGGATCGTCGACG_SMC035	SMC035	Active control
AAATGGATCTATTTCG_SMC052	SMC052	Control
AAATGGATCTTAGCTT_SMC033	SMC033	Control
AAATGGATCTTCGATT_SMC053	SMC053	Active control
AAATGTGAGCGCTGTG_PO23	PO23	Control
AAATTCGCATAACTAG_PO23	PO23	Control
AACAAAGAGACCAACG_SMC030	SMC030	Control
AACAAAGAGCTCGTGC_SMC052	SMC052	Control
AACAAAGAGGCTGGAT_SMC031	SMC031	Active control
AACAAAGAGTTGCGCC_SMC035	SMC035	Active control
AACAAAGCACCACATA_SMC053	SMC053	Active control
AACAAAGCACGTAACT_SMC036	SMC036	AD
AACAAAGCACTTGAGT_SMC033	SMC033	Control
AACAAAGCATAGGCGA_SMC052	SMC052	Control
AACAAAGTCGAGAGAC_SMC052	SMC052	Control
AACAAAGTCGGAAACG_SMC038	SMC038	AD
AACAAAGTCGTCCATC_SMC038	SMC038	AD
AACAAAGTCTGCGGCA_SMC033	SMC033	Control
AACAACCCAAGGTACG_SMC038	SMC038	AD
AACAACCCACACCTTC_SMC052	SMC052	Control
AACAACCCACATACTG_SMC033	SMC033	Control
AACAACCCACCTGCAG_SMC027	SMC027	Control
AACAACCCAGCAATTC_SMC035	SMC035	Active control
AACAACCCAGCTATAC_SMC036	SMC036	AD
AACAACCGTATGGGAC_SMC038	SMC038	AD
AACAACCGTCCAGCGT_SMC030	SMC030	Control
AACAACCGTGGCCACT_SMC032	SMC032	AD
AACAACCGTGGCTACC_SMC031	SMC031	Active control
AACAACCGTTAGAAAC_SMC049	SMC049	AD
AACAACCGTTTGGAGG_SMC052	SMC052	Control
AACAACCTCAGCACCG_SMC052	SMC052	Control
AACAACCTCCCTCATG_SMC030	SMC030	Control
AACAAGAAGGAACGTC_SMC038	SMC038	AD
AACAAGAGTCACTTCC_SMC049	SMC049	AD
AACAAGAGTTCAGCGC_SMC035	SMC035	Active control
AACAAGATCGTCCATC_SMC052	SMC052	Control
AACAAGATCTATCGGA_SMC031	SMC031	Active control
AACAAGATCTCGACGG_SMC035	SMC035	Active control
AACAAGATCTGCGGGT_SMC053	SMC053	Active control
AACACACAGAGAGTGA_SMC029	SMC029	AD
AACACACAGGAGAATG_SMC030	SMC030	Control
AACACACCAAACTGCG_PO05	PO05	AD
AACACACCAAGTAGTA_SMC053	SMC053	Active control
AACACACCAAGTGGTG_SMC041	SMC041	AD
AACACACCACAGAGAC_SMC037	SMC037	Active control
AACACACCACTAAGGT_PO23	PO23	Control
AACACACCACTACCCT_SMC032	SMC032	AD
AACACACCAGAGTCAG_SMC033	SMC033	Control
AACACACCAGCTACAT_SMC031	SMC031	Active control
AACACACCATGATAGA_SMC052	SMC052	Control
AACACACGTCGGTACC_SMC049	SMC049	AD
AACACACTCAACACCA_SMC049	SMC049	AD
AACACACTCTCTTGCG_SMC052	SMC052	Control
AACACACTCTTACTGT_SMC030	SMC030	Control
AACACATTCAATGGTT_PO41	PO41	AD
AACACCGCATGAGCAT_PO15	PO15	Control
AACAGCTCATTGGAAC_PO23	PO23	Control
AACAGGGGTACGAGCA_SMC052	SMC052	Control
AACAGGGGTATGCGGA_SMC030	SMC030	Control
AACAGGGGTCACCGAC_SMC052	SMC052	Control
AACAGGGTCCGACGGT_SMC053	SMC053	Active control
AACAGTAAGCTAGTGC_PO05	PO05	AD
AACATAGAGAAGCGCA_PO23	PO23	Control
AACATAGAGGATCCAC_PO20	PO20	Control
AACATCCGTCCCGAAC_PO11	PO11	AD
AACATGAAGTAGTAGA_PO41	PO41	AD
AACATTCAGGTCGAGA_PO05	PO05	AD
AACCAACCAGAAGTTA_SMC037	SMC037	Active control
AACCAACCAGATTAAG_SMC049	SMC049	AD
AACCAACCAGCTTCCT_SMC033	SMC033	Control
AACCAACCATCGCTCT_SMC052	SMC052	Control
AACCAACGTTCTCGTC_SMC035	SMC035	Active control
AACCAACTCATGGCCG_SMC049	SMC049	AD
AACCAACTCCATCTAT_SMC052	SMC052	Control
AACCAACTCGCCGAGT_SMC029	SMC029	AD
AACCAACTCTCAGGCG_SMC049	SMC049	AD
AACCACAAGACGAAGA_SMC053	SMC053	Active control
AACCACAAGCTGAGTG_SMC030	SMC030	Control
AACCACAAGTAGATCA_SMC037	SMC037	Active control
AACCACAAGTGATGGC_SMC033	SMC033	Control
AACCACACAGAACGCA_SMC052	SMC052	Control
AACCACACAGTCGCAC_SMC052	SMC052	Control
AACCACACATAGACTC_SMC038	SMC038	AD
AACCACACATGAAGCG_SMC052	SMC052	Control
AACCACAGTGGGATTG_SMC053	SMC053	Active control
AACCACAGTGTGTTTG_SMC052	SMC052	Control
AACCACATCATACGAC_SMC035	SMC035	Active control
AACCATGAGAGTATAC_SMC033	SMC033	Control
AACCATGAGGTAAGGA_SMC049	SMC049	AD
AACCATGCACTGGACC_SMC035	SMC035	Active control
AACCATGGTAGCTTAC_SMC030	SMC030	Control
AACCATGGTGTATACC_SMC049	SMC049	AD
AACCATGGTTGGGATG_SMC052	SMC052	Control
AACCATGTCGAGTACT_SMC049	SMC049	AD
AACCATGTCGGATAAA_SMC053	SMC053	Active control
AACCATGTCGGTCATA_SMC033	SMC033	Control
AACCATGTCTTACCAT_SMC052	SMC052	Control
AACCCAAAGACGCCAA_SMC052	SMC052	Control
AACCCAAAGCGACAGT_SMC052	SMC052	Control
AACCCAAAGTAGTCAA_SMC052	SMC052	Control
AACCCAACAATCCTAG_SMC052	SMC052	Control
AACCCAACACGCGTGT_SMC041	SMC041	AD
AACCCAACATCGGAGA_SMC052	SMC052	Control
AACCCAAGTAACGTTC_SMC052	SMC052	Control
AACCCAAGTCTTACTT_SMC037	SMC037	Active control
AACCCAAGTTGGTAGG_SMC037	SMC037	Active control
AACCCAATCAACTGGT_SMC030	SMC030	Control
AACCCAATCCTAAGTG_SMC052	SMC052	Control
AACCCAATCTATTGTC_SMC027	SMC027	Control
AACCCAATCTGTCGCT_SMC038	SMC038	AD
AACCCACAGTTAGAGA_PO23	PO23	Control
AACCCTAAGGGCCATT_PO23	PO23	Control
AACCTGAAGAAACTCA_SMC038	SMC038	AD
AACCTGAAGACCAAGC_SMC038	SMC038	AD
AACCTGAAGTAGTCCT_SMC038	SMC038	AD
AACCTGAAGTATTAGG_SMC038	SMC038	AD
AACCTGACAGTAACCT_SMC029	SMC029	AD
AACCTGAGTCCTATAG_SMC053	SMC053	Active control
AACCTGAGTGGCCACT_SMC052	SMC052	Control
AACCTGAGTGGTCTGC_SMC038	SMC038	AD
AACCTGATCCCAGACG_PO15	PO15	Control
AACCTGATCTGCATAG_SMC038	SMC038	AD
AACCTGATCTGGAAGG_SMC049	SMC049	AD
AACCTTGAGCAACTGC_PO05	PO05	AD
AACCTTGAGTCAGTTG_PO05	PO05	AD
AACCTTTAGGCCATAG_SMC035	SMC035	Active control
AACCTTTAGGGTGAAA_SMC030	SMC030	Control
AACCTTTAGTCTAGCT_SMC038	SMC038	AD
AACCTTTGTACTCGCG_SMC041	SMC041	AD
AACCTTTGTGGAATGC_SMC033	SMC033	Control
AACCTTTTCTGGTCAA_SMC049	SMC049	AD
AACGAAAAGAACCCGA_SMC033	SMC033	Control
AACGAAAAGACCGCCT_SMC032	SMC032	AD
AACGAAAAGCACTCCG_SMC030	SMC030	Control
AACGAAAAGCGGATCA_SMC035	SMC035	Active control
AACGAAAAGGAACGTC_SMC027	SMC027	Control
AACGAAAAGGTATCTC_SMC032	SMC032	AD
AACGAAAAGTCATTGC_SMC052	SMC052	Control
AACGAAACAGAACTCT_SMC037	SMC037	Active control
AACGACTCAACTGGTG_PO23	PO23	Control
AACGACTCACATATAG_PO42	PO42	AD
AACGATTTCACCAGAC_PO23	PO23	Control
AACGCAAGTGATGCGG_PO13	PO13	Control
AACGCAAGTTATGGGA_PO05	PO05	AD
AACGCCACACCTTAAT_PO05	PO05	AD
AACGCCCGTTTCGGAT_PO42	PO42	AD
AACGCGAAGGTTGACC_PO15	PO15	Control
AACGCTATCAGCAACC_PO23	PO23	Control
AACGGCAAGTTGCGGT_PO20	PO20	Control
AACGGGAAGTGTGTTC_SMC030	SMC030	Control
AACGGGACAAGACGAC_SMC049	SMC049	AD
AACGGGACACAAATAG_SMC037	SMC037	Active control
AACGGGAGTGGCCCAT_SMC052	SMC052	Control
AACGGGAGTTGTCCCT_SMC033	SMC033	Control
AACGGGATCAAAGAAC_SMC052	SMC052	Control
AACGGGATCACCATCC_SMC038	SMC038	AD
AACGGGATCCTAGCTC_SMC033	SMC033	Control
AACGGGATCGCAATTG_SMC049	SMC049	AD
AACGGGGCAGGTTCAG_PO05	PO05	AD
AACGGTGAGGCTCTGG_PO05	PO05	AD
AACGTCAAGCATGTTC_SMC052	SMC052	Control
AACGTCACACAACGAG_SMC033	SMC033	Control
AACGTCAGTCAATGGG_SMC033	SMC033	Control
AACGTCAGTGAGGCAT_SMC052	SMC052	Control
AACGTCATCCCAGGCA_SMC053	SMC053	Active control
AACTCTTCAGTAAGGA_PO20	PO20	Control
AACTCTTCATCCTTGA_PO42	PO42	AD
AACTGAAAGTCAGCAC_PO20	PO20	Control
AACTGACCAACCTGGA_PO42	PO42	AD
AACTGAGGTTTGGTGT_PO23	PO23	Control
AACTGCATCAGGTCGT_PO23	PO23	Control
AACTGCATCGAACCCG_PO05	PO05	AD
AACTTCTAGCATACTC_SMC031	SMC031	Active control
AACTTCTCATTGAGCT_SMC038	SMC038	AD
AACTTCTGTATTTCCT_SMC049	SMC049	AD
AACTTCTGTCCATACA_SMC052	SMC052	Control
AACTTCTGTCTAGATC_SMC049	SMC049	AD
AACTTCTGTGCAGGAT_SMC033	SMC033	Control
AACTTCTGTGCTGTCG_SMC035	SMC035	Active control
AACTTCTGTGGTCTGC_SMC053	SMC053	Active control
AACTTCTGTTGTATGC_SMC038	SMC038	AD
AACTTCTTCAACCTCC_SMC049	SMC049	AD
AACTTGGTCACTTCGT_PO11	PO11	AD
AAGAACAAGATGAAGG_SMC052	SMC052	Control
AAGAACATCAAAGGAT_SMC035	SMC035	Active control
AAGAACATCAAGGACG_SMC041	SMC041	AD
AAGAACATCCTGTAGA_SMC035	SMC035	Active control
AAGAACATCGTGCTCT_SMC052	SMC052	Control
AAGACAAAGAGAGGGC_SMC038	SMC038	AD
AAGACAAAGCCGCTTG_SMC041	SMC041	AD
AAGACAAAGTATGATG_SMC043	SMC043	AD
AAGACAACACGGAAGT_SMC037	SMC037	Active control
AAGACAAGTCGCGTTG_SMC049	SMC049	AD
AAGACAATCTGACAGT_SMC035	SMC035	Active control
AAGACTCAGAAATTGC_SMC052	SMC052	Control
AAGACTCAGCACCAGA_SMC049	SMC049	AD
AAGACTCGTGGCTTGC_SMC049	SMC049	AD
AAGACTCGTTCTCGTC_SMC033	SMC033	Control
AAGACTCGTTGTCTAG_SMC052	SMC052	Control
AAGACTCTCACCCATC_SMC052	SMC052	Control
AAGACTCTCACCTTAT_SMC052	SMC052	Control
AAGACTCTCTGTGCGG_SMC049	SMC049	AD
AAGATAGAGAAATTCG_SMC052	SMC052	Control
AAGATAGCAACCGCTG_SMC049	SMC049	AD
AAGATAGCACTCATAG_SMC033	SMC033	Control
AAGATAGCACTTGAAC_SMC041	SMC041	AD
AAGATAGCAGGCGTTC_SMC033	SMC033	Control
AAGATAGGTCTACAGT_SMC052	SMC052	Control
AAGATAGGTGGCTCTG_SMC038	SMC038	AD
AAGATAGGTGTCGCTG_SMC038	SMC038	AD
AAGATAGTCACTGGTA_SMC033	SMC033	Control
AAGATAGTCGAGAATA_SMC035	SMC035	Active control
AAGATAGTCTGCGAGC_SMC038	SMC038	AD
AAGCAAATCCGTGCTC_PO20	PO20	Control
AAGCAATGTTTGGAAG_PO23	PO23	Control
AAGCATCAGCACTTTG_SMC052	SMC052	Control
AAGCATCAGTCCCAGC_SMC030	SMC030	Control
AAGCATCAGTTCTACG_SMC033	SMC033	Control
AAGCATCCAATTCATC_PO05	PO05	AD
AAGCATCCAGTGTACT_SMC049	SMC049	AD
AAGCATCCAGTTTGGT_SMC052	SMC052	Control
AAGCATCGTCATAAAG_SMC053	SMC053	Active control
AAGCATCGTGTAAACA_SMC033	SMC033	Control
AAGCCAAGTGCACGTC_PO15	PO15	Control
AAGCCATAGCCTCTGG_SMC030	SMC030	Control
AAGCCATAGGTTTACC_SMC049	SMC049	AD
AAGCCATCACTTTATC_SMC033	SMC033	Control
AAGCCATCATATAGCC_SMC038	SMC038	AD
AAGCCATGTGACAACG_SMC030	SMC030	Control
AAGCCTGCAATACAGC_PO23	PO23	Control
AAGCGAGAGAGATCGC_SMC036	SMC036	AD
AAGCGAGAGCATAGGC_SMC052	SMC052	Control
AAGCGAGAGGGCAGGA_SMC049	SMC049	AD
AAGCGAGAGGTGCCAA_SMC049	SMC049	AD
AAGCGAGCAAAGCAAT_SMC035	SMC035	Active control
AAGCGAGCACTGGAAG_SMC033	SMC033	Control
AAGCGAGGTTTGGGAG_SMC052	SMC052	Control
AAGCGCAAGTGTCCTT_PO20	PO20	Control
AAGCGTTAGAGGCCAT_SMC029	SMC029	AD
AAGCGTTAGGGAGAAT_SMC035	SMC035	Active control
AAGCGTTCACCATATG_SMC038	SMC038	AD
AAGCGTTCACTCCTGT_SMC052	SMC052	Control
AAGCGTTCAGCCCAGT_SMC049	SMC049	AD
AAGCGTTTCATGCAGT_SMC035	SMC035	Active control
AAGCGTTTCCCGAACG_SMC035	SMC035	Active control
AAGCGTTTCCTCTAAT_SMC030	SMC030	Control
AAGCGTTTCTTACGGA_SMC049	SMC049	AD
AAGGAATAGGTCATAA_SMC049	SMC049	AD
AAGGAATAGGTCCAGA_SMC031	SMC031	Active control
AAGGAATAGTGCACCC_SMC049	SMC049	AD
AAGGAATGTACGCGTC_SMC041	SMC041	AD
AAGGAATGTCTGTGTA_SMC032	SMC032	AD
AAGGAATGTCTTGCTC_SMC049	SMC049	AD
AAGGAATGTTAAACCC_SMC041	SMC041	AD
AAGGAATTCAGCTAGT_SMC049	SMC049	AD
AAGGACTAGCTTAGGC_PO23	PO23	Control
AAGGCAACACTCAAGG_PO11	PO11	AD
AAGGCCAAGATTCACG_PO05	PO05	AD
AAGGCCCCATCCACTA_PO11	PO11	AD
AAGGCCCCATTACGAA_PO28	PO28	AD
AAGGGCATCAGCACTA_PO23	PO23	Control
AAGGGGTCAAACTATG_PO23	PO23	Control
AAGGGGTCACCTGGAA_PO23	PO23	Control
AAGGTAAAGAATAACC_SMC030	SMC030	Control
AAGGTAACAAATGGAT_SMC033	SMC033	Control
AAGGTAACACGGTGCT_SMC032	SMC032	AD
AAGGTAACACTCACTC_SMC049	SMC049	AD
AAGGTAACATGGAGAC_SMC041	SMC041	AD
AAGGTAATCAGAGCGA_SMC035	SMC035	Active control
AAGGTAATCTCCGCAT_SMC030	SMC030	Control
AAGGTATGTAATCAGG_PO11	PO11	AD
AAGGTATGTGGCTCGT_PO05	PO05	AD
AAGGTCAGTAACCGGG_PO05	PO05	AD
AAGGTCAGTGGGTCAG_PO11	PO11	AD
AAGGTTAAGCCATAGC_PO11	PO11	AD
AAGTACCAGCTGAGCA_SMC053	SMC053	Active control
AAGTACCAGTGATCGG_SMC033	SMC033	Control
AAGTACCCAAACTCTG_SMC035	SMC035	Active control
AAGTACCCACCATAAC_SMC049	SMC049	AD
AAGTACCGTCTGTGTA_SMC027	SMC027	Control
AAGTACCGTTCTTAGG_SMC030	SMC030	Control
AAGTACCTCAATCCGA_SMC033	SMC033	Control
AAGTACCTCTGTGCAA_SMC052	SMC052	Control
AAGTATGAGGCTACCG_PO42	PO42	AD
AAGTCAGGTAGCGACG_PO23	PO23	Control
AAGTCATTCTGGGCTG_PO05	PO05	AD
AAGTCGTAGGAGTCTG_SMC032	SMC032	AD
AAGTCGTAGTTAGAAC_SMC053	SMC053	Active control
AAGTCGTGTGACCTGC_SMC052	SMC052	Control
AAGTCGTGTGCCTGCA_SMC052	SMC052	Control
AAGTCGTGTGTATCCA_SMC035	SMC035	Active control
AAGTCGTGTTAGGCCC_SMC052	SMC052	Control
AAGTCGTTCCACGAAT_SMC049	SMC049	AD
AAGTCGTTCCGTGTAA_SMC035	SMC035	Active control
AAGTGAAAGCTGGCTC_SMC049	SMC049	AD
AAGTGAACAGGGTCTC_SMC039	SMC039	AD
AAGTGAACATGACTGT_SMC039	SMC039	AD
AAGTGAAGTCGACTTA_SMC052	SMC052	Control
AAGTGAATCTTAGCTT_SMC033	SMC033	Control
AAGTGAATCTTTGCAT_SMC038	SMC038	AD
AAGTGATGTCCATTAA_PO23	PO23	Control
AAGTTCCGTGATAGTG_PO23	PO23	Control
AAGTTCGAGCACCGTC_SMC049	SMC049	AD
AAGTTCGAGGAGGCAG_SMC033	SMC033	Control
AAGTTCGAGGTATCTC_SMC041	SMC041	AD
AAGTTCGAGGTCCTGC_SMC052	SMC052	Control
AAGTTCGCAACGTATC_SMC027	SMC027	Control
AAGTTCGCAAGACGAC_SMC052	SMC052	Control
AAGTTCGCACACCGCA_SMC033	SMC033	Control
AAGTTCGCACTCAAGT_SMC041	SMC041	AD
AAGTTCGCAGTAGATA_SMC033	SMC033	Control
AAGTTCGTCGAACACT_SMC049	SMC049	AD
AAGTTGAAGTCATGCA_PO42	PO42	AD
AATACGCCATGACGAT_PO42	PO42	AD
AATACGGGTTGCTCGA_PO23	PO23	Control
AATACGTTCCCATGCC_PO23	PO23	Control
AATAGAGAGCTAGTTC_SMC035	SMC035	Active control
AATAGAGCAAATCGGG_SMC053	SMC053	Active control
AATAGAGCAGGACTAG_SMC052	SMC052	Control
AATAGAGTCTCATTGT_SMC030	SMC030	Control
AATATGCTCTCATTCA_PO42	PO42	AD
AATCACGAGACCTGGA_SMC052	SMC052	Control
AATCACGAGATGACAT_SMC049	SMC049	AD
AATCACGAGCGTATAA_SMC052	SMC052	Control
AATCACGAGGATGAGA_SMC038	SMC038	AD
AATCACGAGTCCGCCA_SMC049	SMC049	AD
AATCACGCAGACGCTC_SMC037	SMC037	Active control
AATCACGGTACGACTT_SMC052	SMC052	Control
AATCACGGTTGGACTT_SMC030	SMC030	Control
AATCACGTCCACCCTA_SMC052	SMC052	Control
AATCACGTCCCTCATG_SMC049	SMC049	AD
AATCACTAGGTACTGC_PO11	PO11	AD
AATCACTAGTCAGCGT_PO23	PO23	Control
AATCAGCCATTCATAC_PO11	PO11	AD
AATCATCAGGCACTGT_PO23	PO23	Control
AATCCCAAGTAGCTTG_PO20	PO20	Control
AATCGACAGAGCAGCT_SMC027	SMC027	Control
AATCGACAGAGGTGCT_SMC041	SMC041	AD
AATCGACCAACCAACT_SMC031	SMC031	Active control
AATCGACCAAGTACCT_SMC030	SMC030	Control
AATCGACCAGCAATTC_SMC049	SMC049	AD
AATCGACCAGCGGTCT_SMC031	SMC031	Active control
AATCGACGTACAGAAT_SMC038	SMC038	AD
AATCGACGTCCTGGGT_SMC052	SMC052	Control
AATCGACGTTCTTAGG_SMC033	SMC033	Control
AATCGACGTTTGATCG_SMC035	SMC035	Active control
AATCGACTCACCCTCA_SMC052	SMC052	Control
AATCGACTCCGGCAGT_SMC052	SMC052	Control
AATCGCGCAACTGTAA_PO20	PO20	Control
AATCGGCTCTAAGTAC_PO05	PO05	AD
AATCGGTCATAGATCA_PO28	PO28	AD
AATCGGTCATTACACT_PO23	PO23	Control
AATCGTGAGCGGTAAC_SMC052	SMC052	Control
AATCGTGCAAGTGGGT_SMC049	SMC049	AD
AATCGTGCACAAATAG_SMC049	SMC049	AD
AATCGTGCACTACACA_SMC032	SMC032	AD
AATCGTGGTGTGGACA_SMC038	SMC038	AD
AATCGTGTCACAATGC_SMC052	SMC052	Control
AATCGTGTCCCAGCGA_SMC033	SMC033	Control
AATCGTGTCGCGATCG_SMC049	SMC049	AD
AATCGTTAGCAGTTCA_PO23	PO23	Control
AATCTAGCAAAGGTAG_PO11	PO11	AD
AATCTCCTCTAATGCG_PO13	PO13	Control
AATCTGGTCTGGCCTC_PO41	PO41	AD
AATGAAGAGCTGCCAC_SMC038	SMC038	AD
AATGAAGCAAACCACT_SMC049	SMC049	AD
AATGAAGCAAGACCGA_SMC030	SMC030	Control
AATGAAGCAAGATCCT_SMC037	SMC037	Active control
AATGAAGCACGACTAT_SMC033	SMC033	Control
AATGAAGCAGTTCCAA_SMC049	SMC049	AD
AATGAAGTCACTTATC_SMC038	SMC038	AD
AATGAAGTCCCGAGTG_SMC052	SMC052	Control
AATGACCAGAAATGGG_SMC035	SMC035	Active control
AATGACCAGCATTGTC_SMC032	SMC032	AD
AATGACCAGCTCTTCC_SMC052	SMC052	Control
AATGACCAGGCGTCCT_SMC049	SMC049	AD
AATGACCAGGTAATCA_SMC035	SMC035	Active control
AATGACCAGGTAGTAT_SMC037	SMC037	Active control
AATGACCAGGTCGTGA_SMC038	SMC038	AD
AATGACCAGGTTGTTC_SMC049	SMC049	AD
AATGACCAGTAAACTG_SMC030	SMC030	Control
AATGACCCAAGCGGAT_SMC049	SMC049	AD
AATGACCCACACCGCA_SMC033	SMC033	Control
AATGACCCAGCACAGA_SMC053	SMC053	Active control
AATGACCCAGCACGAA_SMC027	SMC027	Control
AATGACCCATAACGGG_SMC033	SMC033	Control
AATGACCGTAACGCGA_SMC033	SMC033	Control
AATGACCGTAAGATCA_SMC030	SMC030	Control
AATGACCGTCCAAATC_SMC031	SMC031	Active control
AATGACCGTGTTCCAA_SMC038	SMC038	AD
AATGACCTCTATCGCC_SMC029	SMC029	AD
AATGACTTCCAATTCC_PO28	PO28	AD
AATGACTTCCAGGTGT_PO23	PO23	Control
AATGACTTCGACTATG_PO05	PO05	AD
AATGAGGCAACATCAA_PO23	PO23	Control
AATGCAAAGCGCATGT_PO05	PO05	AD
AATGCAGGTTGTAGCT_PO23	PO23	Control
AATGCCAAGATTAGTG_SMC035	SMC035	Active control
AATGCCAAGCATAGGC_SMC052	SMC052	Control
AATGCCAAGCATGGGT_SMC035	SMC035	Active control
AATGCCAAGCTACTGT_SMC035	SMC035	Active control
AATGCCAAGGCGAACT_SMC049	SMC049	AD
AATGCCAAGTTGCGCC_SMC032	SMC032	AD
AATGCCACAGCCTACG_SMC032	SMC032	AD
AATGCCACATAAGCAA_SMC038	SMC038	AD
AATGCCAGTAGAGACC_SMC049	SMC049	AD
AATGCCAGTATGGGAC_SMC049	SMC049	AD
AATGCCAGTCATCGCG_SMC049	SMC049	AD
AATGCCAGTTACGGAG_SMC049	SMC049	AD
AATGCCATCCATACTT_SMC035	SMC035	Active control
AATGCCATCGGTGTTA_SMC049	SMC049	AD
AATGCCATCTCACTCG_SMC041	SMC041	AD
AATGCGAGTATTGGTC_PO23	PO23	Control
AATGCGAGTTCTGGTG_PO11	PO11	AD
AATGCGGAGGATGGCA_PO05	PO05	AD
AATGGAAAGACAGCTG_SMC053	SMC053	Active control
AATGGAAAGATGTTGA_SMC029	SMC029	AD
AATGGAAAGGTATAGT_SMC035	SMC035	Active control
AATGGAAAGGTCGTCC_SMC049	SMC049	AD
AATGGAACAGCGCGTT_SMC035	SMC035	Active control
AATGGAACATGTGCCG_SMC027	SMC027	Control
AATGGAAGTATTCCGA_SMC041	SMC041	AD
AATGGAAGTCGCTGCA_SMC039	SMC039	AD
AATGGAAGTGAATGAT_SMC033	SMC033	Control
AATGGAAGTTGTTGAC_SMC049	SMC049	AD
AATGGAATCGCCATAA_SMC052	SMC052	Control
AATGGCAGTAATTCGC_PO13	PO13	Control
AATGGCCTCTAATGAC_PO05	PO05	AD
AATGGCTAGGGAGGTG_SMC033	SMC033	Control
AATGGCTCAACAGAGC_SMC033	SMC033	Control
AATGGCTCACTTGGGC_SMC052	SMC052	Control
AATGGCTCAGCAGTTT_SMC031	SMC031	Active control
AATGGCTGTATGTCTG_SMC049	SMC049	AD
AATGGCTGTCAAATCC_SMC052	SMC052	Control
AATGGCTTCCCAGGCA_SMC052	SMC052	Control
AATGGCTTCCGTCCTA_SMC052	SMC052	Control
AATGGCTTCTGCTTAT_SMC052	SMC052	Control
AATGGGACAATTGCCC_PO23	PO23	Control
AATGGGCGTTCCGTGA_PO15	PO15	Control
AATGGGGTCTCATCGT_PO42	PO42	AD
AATGTGAAGGTAGGTG_PO11	PO11	AD
AATTCAGCAGGGACCT_PO11	PO11	AD
AATTCCTAGCTGAAAT_SMC030	SMC030	Control
AATTCCTAGGTTTGAA_SMC053	SMC053	Active control
AATTCCTAGTAGAGTT_SMC052	SMC052	Control
AATTCCTCAATGGGTG_SMC033	SMC033	Control
AATTCCTCACTCATGC_PO11	PO11	AD
AATTCCTCAGTCGCAC_SMC037	SMC037	Active control
AATTCCTGTGTGTCCG_SMC049	SMC049	AD
AATTCCTGTTAGTCGT_SMC038	SMC038	AD
AATTCCTTCCGCATAA_SMC038	SMC038	AD
AATTCCTTCGATCCAA_SMC029	SMC029	AD
AATTCCTTCGCAGTGC_SMC036	SMC036	AD
AATTGGTTCCACCTCA_PO28	PO28	AD
AATTGTCAGCAACTGC_PO05	PO05	AD
AATTTCCAGGGCGAGA_SMC052	SMC052	Control
AATTTCCAGTATGGCG_SMC033	SMC033	Control
AATTTCCCACTTCCTG_SMC037	SMC037	Active control
AATTTCCCATGCACTA_SMC038	SMC038	AD
AATTTCCGTACAGGTG_SMC052	SMC052	Control
AATTTCCGTAGAGTTA_SMC052	SMC052	Control
AATTTCCGTATTTCCT_SMC038	SMC038	AD
AATTTCCGTGCGAGTA_SMC052	SMC052	Control
AATTTCCGTTACTCAG_SMC049	SMC049	AD
AATTTCCGTTTGAACC_SMC052	SMC052	Control
AATTTCCTCCGCGATG_SMC033	SMC033	Control
AATTTCCTCGTTAGAC_SMC038	SMC038	AD
ACAAAGAAGCCGTTGC_SMC038	SMC038	AD
ACAAAGAAGTGGGAAA_SMC041	SMC041	AD
ACAAAGACAGAGGTAC_SMC052	SMC052	Control
ACAAAGACAGCGTTGC_SMC052	SMC052	Control
ACAAAGAGTTCTCCTG_SMC029	SMC029	AD
ACAACCAAGCACTAAA_SMC052	SMC052	Control
ACAACCAAGGGTTTCT_SMC053	SMC053	Active control
ACAACCAAGTATAACG_SMC052	SMC052	Control
ACAACCACAACGACTT_SMC052	SMC052	Control
ACAACCACAATACGCT_SMC052	SMC052	Control
ACAACCACACGTGTGC_SMC052	SMC052	Control
ACAACCAGTAGCGATG_SMC029	SMC029	AD
ACAACCATCACTTGGA_SMC038	SMC038	AD
ACAACCATCCGGCAAC_SMC052	SMC052	Control
ACAAGCTCACTACACA_SMC032	SMC032	AD
ACAAGCTCAGCCATTA_SMC041	SMC041	AD
ACAAGCTCATCCGTTC_SMC052	SMC052	Control
ACAAGCTGTACGCTTA_SMC049	SMC049	AD
ACAAGCTGTCTACGAT_SMC039	SMC039	AD
ACAAGCTGTGCAATAA_SMC052	SMC052	Control
ACAAGCTTCATTCATC_SMC053	SMC053	Active control
ACAAGCTTCTGGTGCG_SMC041	SMC041	AD
ACAAGGCGTGAGGTAC_PO23	PO23	Control
ACAAGTAAGTGAAGGT_PO42	PO42	AD
ACAAGTTTCCGCCTTA_PO11	PO11	AD
ACAAGTTTCGTAACCA_PO28	PO28	AD
ACACAAGGTCAGCTTG_PO11	PO11	AD
ACACAGTCAGTCCCGA_SMC029	SMC029	AD
ACACAGTCATGGCTCT_PO11	PO11	AD
ACACAGTGTCAGCTTA_SMC035	SMC035	Active control
ACACAGTGTGAGTAGC_SMC049	SMC049	AD
ACACAGTGTGCGGCTT_SMC052	SMC052	Control
ACACAGTGTGCTTATG_SMC038	SMC038	AD
ACACAGTGTTGGCCTG_SMC033	SMC033	Control
ACACAGTTCCAGCTCT_SMC036	SMC036	AD
ACACATTAGCCAGTGT_PO05	PO05	AD
ACACATTAGGTATAGA_PO42	PO42	AD
ACACCAAAGAATCGTA_SMC033	SMC033	Control
ACACCAAAGTAAGCAT_SMC049	SMC049	AD
ACACCAAAGTCGAAGC_SMC038	SMC038	AD
ACACCAACACTAGAGG_SMC033	SMC033	Control
ACACCAACAGACTCTA_SMC049	SMC049	AD
ACACCAACATAATGAG_SMC033	SMC033	Control
ACACCAACATCCGGCA_SMC038	SMC038	AD
ACACCAAGTGGACAGT_SMC029	SMC029	AD
ACACCAAGTTCCCAAA_SMC033	SMC033	Control
ACACCAATCAACTCTT_SMC039	SMC039	AD
ACACCAATCGATTACG_PO42	PO42	AD
ACACCAATCTCATGTC_PO11	PO11	AD
ACACCAATCTTTGATC_SMC052	SMC052	Control
ACACGAAGTTTGGAAG_PO11	PO11	AD
ACACGCGAGACCTCAT_SMC033	SMC033	Control
ACACGCGAGCCGAATG_SMC038	SMC038	AD
ACACGCGAGCTAGAAT_SMC052	SMC052	Control
ACACGCGAGTCTAACC_SMC035	SMC035	Active control
ACACGCGAGTGCTACT_SMC052	SMC052	Control
ACACGCGAGTGGCGAT_SMC053	SMC053	Active control
ACACGCGAGTGTAGAT_SMC053	SMC053	Active control
ACACGCGCAAACGAGC_SMC031	SMC031	Active control
ACACGCGCACTACGGC_SMC041	SMC041	AD
ACACGCGCAGTCAGTT_SMC053	SMC053	Active control
ACACGCGTCTGGAGAG_SMC027	SMC027	Control
ACACGGGGTCCATCGA_PO23	PO23	Control
ACACGGTTCCCGCTTA_PO05	PO05	AD
ACACTAGTCCATTCCG_PO28	PO28	AD
ACACTGAAGCGCTGAA_SMC049	SMC049	AD
ACACTGAAGCTCGGCT_SMC033	SMC033	Control
ACACTGAAGTCCCAGC_SMC035	SMC035	Active control
ACACTGACACAACGCC_SMC049	SMC049	AD
ACACTGAGTCTGTCCT_SMC030	SMC030	Control
ACACTGAGTCTGTCCT_SMC035	SMC035	Active control
ACACTGAGTGAGCCAA_SMC052	SMC052	Control
ACACTGAGTTGACGGA_SMC035	SMC035	Active control
ACACTGATCAACTTTC_SMC036	SMC036	AD
ACACTGATCCCAAGTA_SMC049	SMC049	AD
ACACTGATCCCAGCGA_SMC052	SMC052	Control
ACACTGATCGCCCAGA_SMC030	SMC030	Control
ACAGAAAAGACTTCAC_SMC049	SMC049	AD
ACAGAAAAGAGAGAAC_SMC052	SMC052	Control
ACAGAAAAGATACGAT_SMC052	SMC052	Control
ACAGAAAAGCCATTTG_SMC030	SMC030	Control
ACAGAAAAGTAATTGG_SMC036	SMC036	AD
ACAGAAAAGTCATGAA_SMC033	SMC033	Control
ACAGAAACAAAGGCGT_SMC052	SMC052	Control
ACAGAAACAATGCTCA_SMC049	SMC049	AD
ACAGAAACAGACCAAG_SMC038	SMC038	AD
ACAGAAAGTCAGTTTG_SMC033	SMC033	Control
ACAGAAATCTAAGCCA_SMC035	SMC035	Active control
ACAGAACAGGGGTTAG_PO11	PO11	AD
ACAGAATGTGATGACA_PO23	PO23	Control
ACAGACAGTGAGCGAT_PO23	PO23	Control
ACAGACTCATCATAGA_PO23	PO23	Control
ACAGACTCATCCGTTA_PO42	PO42	AD
ACAGCCACAAGTCCCT_PO11	PO11	AD
ACAGCCCGTGAACCAA_PO15	PO15	Control
ACAGCCCGTTCGTTAA_PO23	PO23	Control
ACAGCCGAGTCATACC_SMC033	SMC033	Control
ACAGCCGGTAAGGCCA_SMC049	SMC049	AD
ACAGCCGGTACCAGAG_SMC033	SMC033	Control
ACAGCCGGTACTGTTG_SMC032	SMC032	AD
ACAGCCGGTATCACGT_SMC035	SMC035	Active control
ACAGCCGGTTCTCCCA_SMC049	SMC049	AD
ACAGCCGTCTTTCTAG_SMC038	SMC038	AD
ACAGCTCAGGGGTAAT_PO05	PO05	AD
ACAGCTCAGTTAGATC_PO23	PO23	Control
ACAGGAACAATCGAAC_PO42	PO42	AD
ACAGGAACAATTGGAC_PO42	PO42	AD
ACAGGAACACATAGAC_PO20	PO20	Control
ACAGGATAGCGAAGGC_PO05	PO05	AD
ACAGGCGGTTTCGGCA_PO23	PO23	Control
ACAGGCTTCCTCATCG_PO20	PO20	Control
ACAGGGAAGTCAGCCC_SMC049	SMC049	AD
ACAGGGACACGTTCGG_SMC033	SMC033	Control
ACAGGGAGTCAATCTG_SMC038	SMC038	AD
ACAGGGAGTGGACAGT_SMC052	SMC052	Control
ACAGGGAGTTTCGATG_SMC036	SMC036	AD
ACAGGGATCAGCCCAG_SMC035	SMC035	Active control
ACAGGGATCCGATAAC_SMC036	SMC036	AD
ACAGGGATCCGCAGAT_PO15	PO15	Control
ACAGGGATCGGAAGGT_SMC053	SMC053	Active control
ACAGGTGAGGCGAGGT_PO23	PO23	Control
ACAGTCGCACTATCCA_PO11	PO11	AD
ACAGTTTAGTCAGGTC_PO41	PO41	AD
ACATAGCCACCTTGGT_PO05	PO05	AD
ACATATCAGGGTCTGT_PO42	PO42	AD
ACATCATAGTGATGGG_PO11	PO11	AD
ACATCCCAGCAGCCTC_SMC052	SMC052	Control
ACATCCCAGTTAACGA_SMC049	SMC049	AD
ACATCCCCAACTACGT_SMC053	SMC053	Active control
ACATCCCCAAGACGAC_SMC052	SMC052	Control
ACATCCCCAATACCTG_SMC053	SMC053	Active control
ACATCCCCAGTGTGGA_SMC033	SMC033	Control
ACATCCCGTACAAAGT_SMC037	SMC037	Active control
ACATCCCGTAGGTAGC_SMC031	SMC031	Active control
ACATCCCGTTGCATCA_SMC035	SMC035	Active control
ACATCCCTCAATCCGA_SMC038	SMC038	AD
ACATCCCTCTGCTTTA_SMC032	SMC032	AD
ACATCCCTCTGGCCTT_SMC049	SMC049	AD
ACATCCCTCTTGTGCC_SMC033	SMC033	Control
ACATCCTTCAGGGCTT_PO11	PO11	AD
ACATCGAAGAGCTGAC_SMC033	SMC033	Control
ACATCGAAGGTCTGGA_SMC052	SMC052	Control
ACATCGAGTGACACGA_SMC035	SMC035	Active control
ACATCGATCAACTGAC_SMC049	SMC049	AD
ACATCGATCGGTTCAA_SMC039	SMC039	AD
ACATCGATCTCTAAGG_SMC049	SMC049	AD
ACATCGATCTTGGTCC_SMC049	SMC049	AD
ACATCGATCTTGTTAC_SMC041	SMC041	AD
ACATCTTCATTCAACT_PO05	PO05	AD
ACATGCAAGTGGCCTC_SMC053	SMC053	Active control
ACATGCAGTCAAGCCC_SMC033	SMC033	Control
ACATGCAGTGAAAGTT_SMC030	SMC030	Control
ACATGCAGTGAACGGT_SMC030	SMC030	Control
ACATGCAGTGCCCAGT_SMC053	SMC053	Active control
ACATGCATCCAGCCTT_SMC052	SMC052	Control
ACATGCATCCTTGACC_SMC043	SMC043	AD
ACATGCATCGACCATA_SMC038	SMC038	AD
ACATGCATCGCTCTCA_SMC049	SMC049	AD
ACATGCATCTCGTCGT_SMC038	SMC038	AD
ACATGCCAGAACCTTG_PO28	PO28	AD
ACATGGCTCAGGGACA_PO20	PO20	Control
ACATGTTAGGGTACGA_PO41	PO41	AD
ACATGTTAGTAACGAA_PO42	PO42	AD
ACATTAGCAACCGTAG_PO15	PO15	Control
ACATTCAGTATTGAGG_PO05	PO05	AD
ACATTCCTCACGCAAC_PO42	PO42	AD
ACATTTCAGTAGGTTA_SMC053	SMC053	Active control
ACATTTCAGTTGGCTT_SMC031	SMC031	Active control
ACATTTCCACCTTGCG_PO20	PO20	Control
ACATTTCGTTAGAAGT_SMC049	SMC049	AD
ACATTTCGTTGACGGA_SMC043	SMC043	AD
ACATTTCGTTTGGAAA_SMC035	SMC035	Active control
ACATTTCTCCAATCCC_SMC030	SMC030	Control
ACATTTCTCGCCGAAC_SMC036	SMC036	AD
ACATTTGGTCCATCCT_PO42	PO42	AD
ACCAAACAGCCTCGTG_SMC035	SMC035	Active control
ACCAAACAGCGAGTAC_SMC033	SMC033	Control
ACCAAACAGGGACACT_SMC053	SMC053	Active control
ACCAAACAGTGGTTGG_SMC049	SMC049	AD
ACCAAACCAACTCATG_SMC052	SMC052	Control
ACCAAACCACCAGACC_SMC027	SMC027	Control
ACCAAACCACCGAATT_SMC049	SMC049	AD
ACCAAACCAGAAGTGC_SMC037	SMC037	Active control
ACCAAACGTCCTGTCT_SMC035	SMC035	Active control
ACCAAACGTGCGAGTA_SMC035	SMC035	Active control
ACCAAACGTTGTCCCT_SMC038	SMC038	AD
ACCAAACTCACTGATG_SMC052	SMC052	Control
ACCAAACTCCATCAGA_SMC052	SMC052	Control
ACCAAACTCTCATTAC_SMC049	SMC049	AD
ACCAAACTCTCGAGTA_SMC032	SMC032	AD
ACCAACAAGACTCGAG_SMC052	SMC052	Control
ACCAACAAGGAGAGTA_SMC033	SMC033	Control
ACCAACAAGTAAACTG_SMC030	SMC030	Control
ACCAACACACAGTACT_SMC052	SMC052	Control
ACCAACAGTACTGACT_SMC049	SMC049	AD
ACCAACAGTGAGTCAG_SMC037	SMC037	Active control
ACCAACATCCTTTGAT_SMC035	SMC035	Active control
ACCAACATCGGCATTA_SMC030	SMC030	Control
ACCAACATCTTTCCGG_SMC033	SMC033	Control
ACCAATTAGTAATCCG_PO15	PO15	Control
ACCACAACAACTACGT_SMC035	SMC035	Active control
ACCACAACACACAGCC_SMC031	SMC031	Active control
ACCACAACACCCATAA_SMC027	SMC027	Control
ACCACAAGTCGAACGA_SMC052	SMC052	Control
ACCACAAGTGGCTAGA_SMC049	SMC049	AD
ACCACAAGTTCAAGTC_SMC049	SMC049	AD
ACCACAATCAAGCGTT_SMC052	SMC052	Control
ACCACAATCAGAACCT_SMC049	SMC049	AD
ACCACAATCAGATTGC_SMC038	SMC038	AD
ACCACAATCGCCATAA_SMC049	SMC049	AD
ACCACAATCGGCCTTT_SMC053	SMC053	Active control
ACCACAATCGTTAGGC_PO42	PO42	AD
ACCACAATCTGGAAGG_SMC035	SMC035	Active control
ACCACACAGGAGCTTC_PO15	PO15	Control
ACCACACAGTATGGCC_PO23	PO23	Control
ACCACCTCATCAAGTA_PO11	PO11	AD
ACCACTAAGCCATACA_PO05	PO05	AD
ACCAGGCCATCCTATG_PO23	PO23	Control
ACCATAGTCCAGCAGT_PO11	PO11	AD
ACCATTGAGATAGGTA_PO20	PO20	Control
ACCATTGAGGCATTCA_PO11	PO11	AD
ACCATTTAGAAACACT_SMC033	SMC033	Control
ACCATTTAGTGCAACG_SMC049	SMC049	AD
ACCATTTCACGATAGG_SMC053	SMC053	Active control
ACCATTTCAGTTTGGT_SMC041	SMC041	AD
ACCATTTGTGGTTCTA_SMC053	SMC053	Active control
ACCATTTTCAAACTGC_SMC033	SMC033	Control
ACCATTTTCTGAGGTT_SMC033	SMC033	Control
ACCCAAAAGAAATGGG_SMC033	SMC033	Control
ACCCAAAAGCTTAAGA_SMC038	SMC038	AD
ACCCAAAAGGTGGCTA_SMC035	SMC035	Active control
ACCCAAACAAATAGCA_SMC053	SMC053	Active control
ACCCAAACAAGAGCTG_SMC049	SMC049	AD
ACCCAAACAGCAGATG_SMC033	SMC033	Control
ACCCAATGTCAAGGTA_PO05	PO05	AD
ACCCAGGTCCGTCCGT_PO11	PO11	AD
ACCCAGTAGCCGATGT_PO11	PO11	AD
ACCCAGTAGCTTCCGC_PO42	PO42	AD
ACCCAGTAGGATGCCT_PO20	PO20	Control
ACCCCTTGTCTAGCAT_PO13	PO13	Control
ACCCGAACATAGGTAC_PO23	PO23	Control
ACCCGATAGCTACAGC_PO23	PO23	Control
ACCCGCTTCCATCGAA_PO11	PO11	AD
ACCCGCTTCTGGTCGG_PO05	PO05	AD
ACCCGTAGTTCATCCC_PO11	PO11	AD
ACCCTAGGTTGCACGC_PO20	PO20	Control
ACCCTCACACGGTGCT_SMC052	SMC052	Control
ACCCTCACAGGTCAGA_SMC041	SMC041	AD
ACCCTCACATAGGCGA_SMC033	SMC033	Control
ACCCTCAGTACTCGTA_SMC035	SMC035	Active control
ACCCTCAGTTGCGGCT_SMC052	SMC052	Control
ACCCTCATCCGCTACC_PO15	PO15	Control
ACCCTCGCAATTGGAC_PO42	PO42	AD
ACCCTTGAGTAAACTG_SMC052	SMC052	Control
ACCCTTGCAAGGGTCA_SMC049	SMC049	AD
ACCCTTGGTGAGACGT_SMC029	SMC029	AD
ACCCTTGGTGCTGATT_SMC031	SMC031	Active control
ACCCTTGGTGTATTGC_SMC035	SMC035	Active control
ACCCTTGGTTTGACAC_SMC049	SMC049	AD
ACCCTTGTCAACTGGT_SMC052	SMC052	Control
ACCGACTAGAAGGGCC_PO23	PO23	Control
ACCGACTAGGCAATGG_PO15	PO15	Control
ACCGACTAGTAGTCTG_PO13	PO13	Control
ACCGATGCAAGTAGCT_PO23	PO23	Control
ACCGCTAGTTTAAGCC_PO05	PO05	AD
ACCGTTCAGCGACTTT_SMC035	SMC035	Active control
ACCGTTCAGGAGGGTG_SMC030	SMC030	Control
ACCGTTCCACACGTGC_SMC031	SMC031	Active control
ACCGTTCGTAGTCTTG_SMC052	SMC052	Control
ACCGTTCGTTGAAGTA_SMC052	SMC052	Control
ACCGTTCGTTTAGTCG_SMC033	SMC033	Control
ACCGTTCTCTCATTAC_SMC033	SMC033	Control
ACCTACCAGCACACAG_SMC052	SMC052	Control
ACCTACCAGTTGTCAC_SMC049	SMC049	AD
ACCTACCCAAATTCAG_PO11	PO11	AD
ACCTACCCATACAGGG_SMC038	SMC038	AD
ACCTACCGTACTCGCG_SMC049	SMC049	AD
ACCTACCGTCGTCAGC_SMC049	SMC049	AD
ACCTACCGTTCGGTAT_SMC033	SMC033	Control
ACCTACCTCACTACGA_SMC049	SMC049	AD
ACCTCCGCAATCATAG_PO23	PO23	Control
ACCTCGCTCACCATTC_PO42	PO42	AD
ACCTGAAAGCTGCCTG_SMC031	SMC031	Active control
ACCTGAACAAACGGCA_SMC033	SMC033	Control
ACCTGAACAACGGCTC_SMC049	SMC049	AD
ACCTGAACAAGAAATC_SMC033	SMC033	Control
ACCTGAACATCGAAGG_SMC033	SMC033	Control
ACCTGAAGTCAACGCC_SMC049	SMC049	AD
ACCTGAAGTGAGTCAG_SMC049	SMC049	AD
ACCTGAAGTTCTATCT_SMC052	SMC052	Control
ACCTGAATCAAACTGC_SMC033	SMC033	Control
ACCTGGACATGCGTCT_PO41	PO41	AD
ACCTGTCAGAAACTCA_SMC052	SMC052	Control
ACCTGTCAGCATCGAG_SMC053	SMC053	Active control
ACCTGTCAGGAATCGC_SMC049	SMC049	AD
ACCTGTCCAACAACAA_SMC033	SMC033	Control
ACCTGTCCAAGTGTCT_SMC037	SMC037	Active control
ACCTGTCCATGAAAGT_SMC049	SMC049	AD
ACCTGTCGTAAGGAGA_SMC052	SMC052	Control
ACCTGTCGTCATACCA_SMC041	SMC041	AD
ACCTGTCGTGCCCACA_SMC035	SMC035	Active control
ACCTGTCGTGCCTTCT_SMC041	SMC041	AD
ACCTGTCGTGGAAATT_SMC035	SMC035	Active control
ACCTGTCGTGTAAATG_SMC052	SMC052	Control
ACCTGTCGTTTCCAAG_SMC033	SMC033	Control
ACCTGTCTCGAGTACT_SMC035	SMC035	Active control
ACCTGTCTCGTACCTC_SMC049	SMC049	AD
ACGAACCTCCTTCACG_PO05	PO05	AD
ACGAACCTCTGGAACC_PO23	PO23	Control
ACGACATCAATAGGCT_PO42	PO42	AD
ACGACGAAGGGGCAGT_PO05	PO05	AD
ACGATAGGTCAAGTCT_PO05	PO05	AD
ACGATAGGTTGCGTAT_PO42	PO42	AD
ACGATCAAGATACATG_SMC038	SMC038	AD
ACGATCAAGTAACCGG_SMC032	SMC032	AD
ACGATCAAGTATCTGC_SMC038	SMC038	AD
ACGATCAAGTCGCTAT_SMC053	SMC053	Active control
ACGATCACAACCGTAT_SMC030	SMC030	Control
ACGATCACAAGTGCTT_SMC035	SMC035	Active control
ACGATCACACGGTGTC_SMC035	SMC035	Active control
ACGATCACAGCAATTC_SMC032	SMC032	AD
ACGATCAGTCTCTCTG_SMC049	SMC049	AD
ACGATCATCTCTGCCA_SMC052	SMC052	Control
ACGATGTAGCACTAAA_SMC035	SMC035	Active control
ACGATGTAGCCTATTG_SMC033	SMC033	Control
ACGATGTAGGATCATA_SMC039	SMC039	AD
ACGATGTAGTGATGGC_SMC052	SMC052	Control
ACGATGTCACCGTGAC_SMC053	SMC053	Active control
ACGATGTCAGCAGAAC_SMC038	SMC038	AD
ACGATGTCAGGCATGA_SMC033	SMC033	Control
ACGATGTCATGATCTG_SMC041	SMC041	AD
ACGATGTGTGTTACAC_SMC049	SMC049	AD
ACGATGTTCGATCCAA_SMC052	SMC052	Control
ACGATGTTCGGATTAC_SMC049	SMC049	AD
ACGATGTTCTGTGTGA_SMC039	SMC039	AD
ACGATGTTCTTAATCC_SMC041	SMC041	AD
ACGATTGTCTGGTGTA_PO15	PO15	Control
ACGCAATCATGGCAGC_PO23	PO23	Control
ACGCACGAGGCCGCTT_SMC053	SMC053	Active control
ACGCACGCAAATTGGA_SMC031	SMC031	Active control
ACGCACGGTAGAGCTG_SMC049	SMC049	AD
ACGCACGGTCTCGCGA_SMC033	SMC033	Control
ACGCACGTCAAGGCTT_SMC030	SMC030	Control
ACGCACGTCAGCACCG_SMC052	SMC052	Control
ACGCACGTCGTGGGAA_SMC049	SMC049	AD
ACGCAGCCAAGCTCTC_PO42	PO42	AD
ACGCCATAGTAGGATA_PO42	PO42	AD
ACGCGAAAGCGGTTAC_PO23	PO23	Control
ACGCGGTCAGTTGGTG_PO23	PO23	Control
ACGCTAATCCTGAGAC_PO20	PO20	Control
ACGCTGACAATCGGGC_PO42	PO42	AD
ACGCTTGGTCTAAGCT_PO42	PO42	AD
ACGCTTGGTCTCACCT_PO23	PO23	Control
ACGGAAGCAATGAACA_SMC053	SMC053	Active control
ACGGAAGCAATGTCTG_SMC053	SMC053	Active control
ACGGAAGCATATGCGT_SMC031	SMC031	Active control
ACGGAAGGTCAACACT_SMC038	SMC038	AD
ACGGAAGGTCTGTAGT_SMC053	SMC053	Active control
ACGGAAGGTGTGGTCC_SMC032	SMC032	AD
ACGGAAGGTTCTCACC_SMC053	SMC053	Active control
ACGGAAGTCAGTGATC_SMC038	SMC038	AD
ACGGAAGTCTCTAGGA_SMC036	SMC036	AD
ACGGACCCAAACCACG_PO11	PO11	AD
ACGGATTCAGCAGGTC_PO11	PO11	AD
ACGGCACCATCACTTG_PO05	PO05	AD
ACGGCCATCACGCCAG_PO23	PO23	Control
ACGGCCATCCAGAGGA_PO05	PO05	AD
ACGGCTTAGGCAACGA_PO11	PO11	AD
ACGGCTTAGTAATGTC_PO42	PO42	AD
ACGGGCAGTAGTTAGG_PO42	PO42	AD
ACGGGCAGTTATGGCT_PO28	PO28	AD
ACGGGTCCAAGGTCAG_SMC036	SMC036	AD
ACGGGTCCATAGGTTC_SMC033	SMC033	Control
ACGGGTCGTAGTCGGA_SMC038	SMC038	AD
ACGGGTCGTTGCTAGT_SMC038	SMC038	AD
ACGGGTCTCTGCCTGT_SMC041	SMC041	AD
ACGGGTTTCCTGATCT_PO42	PO42	AD
ACGGGTTTCGCGACTG_PO23	PO23	Control
ACGGTCACATCGCTTA_PO42	PO42	AD
ACGGTCGCAACTTGGT_SMC030	SMC030	Control
ACGGTCGCACAAGTTC_SMC038	SMC038	AD
ACGGTCGCATACCACA_SMC033	SMC033	Control
ACGGTCGCATGTTTGG_SMC032	SMC032	AD
ACGGTCGGTTAAGCAA_SMC052	SMC052	Control
ACGGTCGTCACCGGTG_SMC038	SMC038	AD
ACGGTGAAGCCTGTGG_PO11	PO11	AD
ACGGTTAAGGGAGGCA_SMC035	SMC035	Active control
ACGGTTAAGTTGCTGT_SMC033	SMC033	Control
ACGGTTACAACGATCT_SMC031	SMC031	Active control
ACGGTTACAGACTGCC_SMC041	SMC041	AD
ACGGTTAGTAGCGAGT_SMC049	SMC049	AD
ACGGTTAGTTGGTGTT_SMC030	SMC030	Control
ACGGTTATCAGTTGCA_PO23	PO23	Control
ACGGTTATCTGGGAGA_SMC036	SMC036	AD
ACGGTTGCATCAAGCG_PO20	PO20	Control
ACGGTTGCATCACAGG_PO23	PO23	Control
ACGGTTGCATCCAACC_PO11	PO11	AD
ACGTAACAGCATTGAA_SMC052	SMC052	Control
ACGTAACCACACAGCC_SMC052	SMC052	Control
ACGTAACCACATAGCG_PO05	PO05	AD
ACGTAACCACCATAAC_SMC033	SMC033	Control
ACGTAACCATCCGCTG_PO11	PO11	AD
ACGTAACGTGCACATT_SMC033	SMC033	Control
ACGTAACGTTGTTGTG_SMC033	SMC033	Control
ACGTAACTCAGCTGAT_SMC033	SMC033	Control
ACGTAACTCATTACTC_SMC049	SMC049	AD
ACGTACAAGGCTATCT_SMC035	SMC035	Active control
ACGTACAAGGTTGGAC_SMC053	SMC053	Active control
ACGTACAAGTAGCTCT_SMC053	SMC053	Active control
ACGTACACAAACGGCA_SMC035	SMC035	Active control
ACGTACACACCCTTAC_SMC032	SMC032	AD
ACGTACACACTGTCCT_SMC033	SMC033	Control
ACGTACACATCGTGGC_SMC052	SMC052	Control
ACGTACAGTATGTCCA_SMC041	SMC041	AD
ACGTACAGTTAAGGAT_SMC052	SMC052	Control
ACGTACATCAACTACG_SMC030	SMC030	Control
ACGTACATCACCTCTG_SMC049	SMC049	AD
ACGTACATCTTGCAAG_SMC041	SMC041	AD
ACGTAGTAGAGCATCG_SMC041	SMC041	AD
ACGTAGTCAACTGCCG_SMC031	SMC031	Active control
ACGTAGTCATAGACTC_SMC033	SMC033	Control
ACGTAGTCATCCGATA_SMC049	SMC049	AD
ACGTAGTGTCTACGAT_SMC032	SMC032	AD
ACGTAGTGTGAGATAT_SMC038	SMC038	AD
ACGTAGTGTGCCGAAA_SMC037	SMC037	Active control
ACGTAGTGTTAGGACG_SMC036	SMC036	AD
ACGTAGTTCTCGAACA_SMC032	SMC032	AD
ACGTCACAGCTACCAA_PO28	PO28	AD
ACGTCACAGTCAGTCA_PO42	PO42	AD
ACGTCCCTCGACATGC_PO15	PO15	Control
ACGTCCTAGCACGTCC_SMC049	SMC049	AD
ACGTCCTAGCCATTCA_SMC052	SMC052	Control
ACGTCCTAGTCACAGG_SMC052	SMC052	Control
ACGTCCTAGTTGAAGT_SMC029	SMC029	AD
ACGTCCTAGTTTCTTC_SMC049	SMC049	AD
ACGTCCTCAACCAGAG_SMC033	SMC033	Control
ACGTCCTCAAGAGGCT_SMC049	SMC049	AD
ACGTCCTGTGCTAGCC_SMC033	SMC033	Control
ACGTCCTTCACGGGAA_SMC033	SMC033	Control
ACGTCCTTCCGAAGGA_SMC029	SMC029	AD
ACGTCCTTCGGTGCAC_SMC053	SMC053	Active control
ACGTCCTTCGTTAGTG_SMC049	SMC049	AD
ACGTGAGAGGCACTTA_PO23	PO23	Control
ACGTTCCAGCGTCTCG_SMC052	SMC052	Control
ACGTTCCAGGAACATT_SMC052	SMC052	Control
ACGTTCCAGTGTAGTA_SMC049	SMC049	AD
ACGTTCCCAAATTGCC_SMC029	SMC029	AD
ACGTTCCCAACATCGT_SMC033	SMC033	Control
ACGTTCCCAATCTGCA_SMC052	SMC052	Control
ACGTTCCCACTTGACC_PO05	PO05	AD
ACGTTCCCATCCAACA_SMC033	SMC033	Control
ACGTTCCCATTAAGCC_SMC027	SMC027	Control
ACGTTCCTCCATCACC_SMC037	SMC037	Active control
ACGTTCCTCCGTGACG_SMC049	SMC049	AD
ACGTTCCTCTCGCGTT_SMC049	SMC049	AD
ACGTTCCTCTTTGCAT_SMC053	SMC053	Active control
ACTAATGCAATCGCAG_PO05	PO05	AD
ACTACCCCAATAGGAG_PO11	PO11	AD
ACTACCTTCCAGGTCG_PO23	PO23	Control
ACTACGAAGGTCATCT_SMC049	SMC049	AD
ACTACGACAACATACC_SMC049	SMC049	AD
ACTACGACAGGTCCCA_SMC053	SMC053	Active control
ACTACGAGTGAAAGTT_SMC049	SMC049	AD
ACTACGAGTGGGACAT_SMC029	SMC029	AD
ACTACGATCCACGTGG_SMC032	SMC032	AD
ACTATCCTCAAGTGAA_PO42	PO42	AD
ACTATCTAGCACCGTC_SMC052	SMC052	Control
ACTATCTAGCAGCCCT_SMC027	SMC027	Control
ACTATCTAGGCTCAAG_SMC052	SMC052	Control
ACTATCTCATTCAGCA_SMC049	SMC049	AD
ACTATCTGTATACCCA_SMC052	SMC052	Control
ACTATCTGTCTCACGG_SMC052	SMC052	Control
ACTATCTTCGATACGT_SMC037	SMC037	Active control
ACTATCTTCGTTCTCG_SMC035	SMC035	Active control
ACTATCTTCTATTTCG_SMC033	SMC033	Control
ACTATGGAGGTACAGC_SMC030	SMC030	Control
ACTATGGCAACTTGGT_SMC052	SMC052	Control
ACTATGGCAAGCCTGC_SMC035	SMC035	Active control
ACTATGGCAATTTCTC_SMC035	SMC035	Active control
ACTATGGCAGTTTGGT_SMC052	SMC052	Control
ACTATGGGTAGCTAAA_SMC036	SMC036	AD
ACTATGGGTGTTATCG_SMC049	SMC049	AD
ACTATGGGTTAGCGGA_SMC052	SMC052	Control
ACTATGGTCCTGATAG_PO15	PO15	Control
ACTATGGTCGTAGAGG_SMC052	SMC052	Control
ACTATGGTCTCACTCG_SMC049	SMC049	AD
ACTATTCAGGTTATAG_SMC035	SMC035	Active control
ACTATTCAGTCAGCGA_SMC033	SMC033	Control
ACTATTCAGTGGAAAG_SMC049	SMC049	AD
ACTATTCAGTTGGACG_SMC053	SMC053	Active control
ACTATTCCACGCGTCA_SMC030	SMC030	Control
ACTATTCCATCCGAAT_SMC049	SMC049	AD
ACTATTCCATCGAACG_PO13	PO13	Control
ACTATTCCATTAGGAA_SMC036	SMC036	AD
ACTATTCGTGCTCTTC_SMC049	SMC049	AD
ACTATTCGTTTACGTG_SMC053	SMC053	Active control
ACTATTCTCATTCGGA_SMC033	SMC033	Control
ACTATTCTCTCGTCAC_SMC052	SMC052	Control
ACTCAATAGCTAGACC_PO11	PO11	AD
ACTCAATAGGCGTAAG_PO05	PO05	AD
ACTCAATAGTAACGCC_PO05	PO05	AD
ACTCACCCATAACCTT_PO41	PO41	AD
ACTCACTTCCCATATC_PO42	PO42	AD
ACTCAGGCATCGATCC_PO20	PO20	Control
ACTCCCAAGCGAACTG_SMC052	SMC052	Control
ACTCCCAAGTTTCAGC_SMC049	SMC049	AD
ACTCCCAGTAACTAAG_SMC049	SMC049	AD
ACTCCCAGTACTTCCC_SMC033	SMC033	Control
ACTCCCAGTTCGTTCC_SMC049	SMC049	AD
ACTCCCATCAGCCTCT_SMC039	SMC039	AD
ACTCCCATCCCATAGA_SMC049	SMC049	AD
ACTCCCATCGCAGAGA_SMC049	SMC049	AD
ACTCCCATCTTTCCAA_SMC035	SMC035	Active control
ACTCCCGCACTCGGTT_PO42	PO42	AD
ACTCCTTAGATTAGCT_PO42	PO42	AD
ACTCGTCCAACTTCAT_PO11	PO11	AD
ACTCTCACATAAGGCT_PO23	PO23	Control
ACTCTCGAGGCAGCTA_SMC052	SMC052	Control
ACTCTCGCAAGTCGTT_SMC052	SMC052	Control
ACTCTCGGTCACAGTT_SMC052	SMC052	Control
ACTCTCGTCGCCTTGT_SMC030	SMC030	Control
ACTCTCGTCTTTCCAA_SMC033	SMC033	Control
ACTCTGTTCCATGACA_PO28	PO28	AD
ACTCTGTTCTCATTCA_PO13	PO13	Control
ACTGAAGGTATAGCCT_PO23	PO23	Control
ACTGAGGAGTTGCAGC_PO11	PO11	AD
ACTGATGAGACTTAAG_SMC041	SMC041	AD
ACTGATGAGGAATGTT_SMC049	SMC049	AD
ACTGATGAGGTGCTGA_SMC052	SMC052	Control
ACTGATGCAAGTCCCG_SMC052	SMC052	Control
ACTGATGCAATGGGTG_SMC053	SMC053	Active control
ACTGATGCAGATGCGA_SMC052	SMC052	Control
ACTGATGCAGCATCTA_SMC041	SMC041	AD
ACTGATGCAGCTGTGC_SMC035	SMC035	Active control
ACTGATGCATTGCCGG_SMC035	SMC035	Active control
ACTGCAAAGGACACTG_SMC053	SMC053	Active control
ACTGCAAAGTCCGTCG_SMC041	SMC041	AD
ACTGCAACATGGACAG_SMC052	SMC052	Control
ACTGCAATCGCACGGT_SMC030	SMC030	Control
ACTGCAATCGCGGTAC_SMC039	SMC039	AD
ACTGCAATCTACGCGG_SMC029	SMC029	AD
ACTGCATGTAGGTACA_PO15	PO15	Control
ACTGCCTCAAACCAGT_PO42	PO42	AD
ACTGCGCGTTTGAGAG_PO05	PO05	AD
ACTGCTGGTGACGACG_PO28	PO28	AD
ACTGCTGGTGCGCGTT_PO11	PO11	AD
ACTGGGTTCCCTGATT_PO42	PO42	AD
ACTGGTCAGCGCTGTG_PO05	PO05	AD
ACTGGTCAGTCGAATT_PO11	PO11	AD
ACTGTCCAGGTCCCGT_SMC031	SMC031	Active control
ACTGTCCGTCGTACAT_SMC049	SMC049	AD
ACTGTCCGTTCTCCCA_SMC038	SMC038	AD
ACTGTCCTCACGAGGA_SMC052	SMC052	Control
ACTGTCCTCATGGCCG_SMC052	SMC052	Control
ACTGTCCTCGGATAAA_SMC052	SMC052	Control
ACTGTGAAGAGGATGA_SMC035	SMC035	Active control
ACTGTGAAGGCTATCT_SMC049	SMC049	AD
ACTGTGACAAGGTCGA_SMC052	SMC052	Control
ACTGTGACACACGCCA_SMC049	SMC049	AD
ACTGTGACATAGTCAC_SMC041	SMC041	AD
ACTGTGATCCCATTCG_SMC030	SMC030	Control
ACTGTGATCCGATGCG_SMC053	SMC053	Active control
ACTGTGATCTCATTTG_SMC033	SMC033	Control
ACTGTGATCTCGTCAC_SMC033	SMC033	Control
ACTGTGATCTTCCCAG_SMC049	SMC049	AD
ACTGTGATCTTCGTAT_SMC031	SMC031	Active control
ACTGTTAGTGAGCGTG_PO20	PO20	Control
ACTTACCTCCAGCCCT_PO05	PO05	AD
ACTTACCTCCTCGTGC_PO11	PO11	AD
ACTTAGGAGAAGTCCG_SMC052	SMC052	Control
ACTTAGGAGCTGTACT_SMC049	SMC049	AD
ACTTAGGAGGATTACA_SMC031	SMC031	Active control
ACTTAGGAGGCGAAGG_SMC052	SMC052	Control
ACTTAGGGTTCCAGGC_SMC052	SMC052	Control
ACTTAGGTCCTATGGA_SMC038	SMC038	AD
ACTTAGGTCGAGTACC_PO05	PO05	AD
ACTTAGGTCGCCGATG_SMC052	SMC052	Control
ACTTAGGTCTACTATC_SMC038	SMC038	AD
ACTTAGGTCTTCCACG_SMC032	SMC032	AD
ACTTATCAGAATTTGG_SMC038	SMC038	AD
ACTTATCAGTCGAAAT_SMC038	SMC038	AD
ACTTATCAGTCGAATA_SMC052	SMC052	Control
ACTTATCCAGGAGACT_SMC049	SMC049	AD
ACTTATCTCGCACTCT_SMC049	SMC049	AD
ACTTCCGAGACGCCCT_SMC053	SMC053	Active control
ACTTCCGAGGACAACC_SMC052	SMC052	Control
ACTTCCGAGGCAATGC_SMC052	SMC052	Control
ACTTCCGAGGGAGGAC_SMC031	SMC031	Active control
ACTTCCGCACTTCCTG_SMC035	SMC035	Active control
ACTTCCGCATGCACTA_SMC049	SMC049	AD
ACTTCCGCATGTGGCC_SMC049	SMC049	AD
ACTTCCGGTCGGAAAC_SMC031	SMC031	Active control
ACTTCCGGTGTCCGTG_SMC052	SMC052	Control
ACTTCCGGTTGGTAGG_SMC049	SMC049	AD
ACTTCCGGTTTACTGG_SMC052	SMC052	Control
ACTTCCGTCAACTGAC_SMC052	SMC052	Control
ACTTCCGTCAAGTCTG_SMC052	SMC052	Control
ACTTCCGTCAGCTTGA_SMC052	SMC052	Control
ACTTCCGTCATCACTT_SMC039	SMC039	AD
ACTTCCGTCATCGCCT_SMC053	SMC053	Active control
ACTTCCGTCGTTTACT_SMC049	SMC049	AD
ACTTCGCAGGTCACAG_SMC031	SMC031	Active control
ACTTCGCCAAGCTACT_SMC052	SMC052	Control
ACTTCGCCAGCGTATT_SMC052	SMC052	Control
ACTTCGCGTCGGTAAG_SMC030	SMC030	Control
ACTTCGTTCACGGAAG_PO15	PO15	Control
ACTTCGTTCGACCAGT_PO28	PO28	AD
ACTTGGATCCTCTAGT_PO41	PO41	AD
ACTTGGATCTGGTAGC_PO23	PO23	Control
ACTTTAGGTGAGAGCT_PO42	PO42	AD
ACTTTCAAGAGTGTGC_SMC053	SMC053	Active control
ACTTTCACACTAAACC_SMC052	SMC052	Control
ACTTTCACAGTTGCGC_SMC052	SMC052	Control
ACTTTCACATTGACCA_SMC052	SMC052	Control
ACTTTCAGTTAAACCC_SMC035	SMC035	Active control
ACTTTCAGTTTGTGGT_SMC052	SMC052	Control
ACTTTCATCTCATTAC_SMC052	SMC052	Control
ACTTTGAGTTGCAGTT_PO11	PO11	AD
ACTTTGTAGAATAACC_SMC049	SMC049	AD
ACTTTGTAGGGAGAAT_SMC031	SMC031	Active control
ACTTTGTAGGGCTAAC_SMC037	SMC037	Active control
ACTTTGTAGTAGCTCT_SMC033	SMC033	Control
ACTTTGTCACAAATCC_SMC031	SMC031	Active control
ACTTTGTCATAAGCGG_SMC030	SMC030	Control
ACTTTGTGTAGCGTCC_SMC038	SMC038	AD
ACTTTGTGTGTCACAT_SMC049	SMC049	AD
ACTTTGTGTTACGTAC_SMC052	SMC052	Control
ACTTTGTTCAGCATTG_SMC049	SMC049	AD
ACTTTGTTCTGGACCG_SMC041	SMC041	AD
AGAAATGAGAGGGTAA_SMC052	SMC052	Control
AGAAATGAGCTGAGCA_SMC052	SMC052	Control
AGAAATGAGGTAATCA_SMC033	SMC033	Control
AGAAATGCATGATGCT_SMC033	SMC033	Control
AGAAATGGTCCAATCA_SMC036	SMC036	AD
AGAAATGGTGACGTCC_SMC030	SMC030	Control
AGAAATGTCATTGTTC_SMC037	SMC037	Active control
AGAACAAAGGAATTAC_SMC035	SMC035	Active control
AGAACAACAAATTGCC_SMC053	SMC053	Active control
AGAACAACATAGGCGA_SMC030	SMC030	Control
AGAACAACATGAAAGT_SMC035	SMC035	Active control
AGAACAAGTAGTGATA_SMC039	SMC039	AD
AGAACAATCAACGCTA_SMC030	SMC030	Control
AGAACAATCCGTATAG_SMC030	SMC030	Control
AGAACAATCGCAGATT_SMC031	SMC031	Active control
AGAACAATCGTAACTG_SMC052	SMC052	Control
AGAACCTAGTCATTGC_SMC033	SMC033	Control
AGAACCTCAGAGAGGG_SMC033	SMC033	Control
AGAACCTCATGTTACG_SMC049	SMC049	AD
AGAACCTCATTCACCC_SMC033	SMC033	Control
AGAACCTGTATCAAGA_SMC053	SMC053	Active control
AGAACCTGTTGCATAC_SMC049	SMC049	AD
AGAACCTGTTGGGTAG_SMC052	SMC052	Control
AGAACCTTCACTAGCA_SMC033	SMC033	Control
AGAACCTTCGCAGTCG_SMC041	SMC041	AD
AGAAGCGCAAGACGGT_SMC049	SMC049	AD
AGAAGCGCACCCAACG_SMC037	SMC037	Active control
AGAAGCGCAGCTACTA_SMC052	SMC052	Control
AGAAGCGCAGTATTCG_SMC041	SMC041	AD
AGAAGCGGTCGGCCTA_SMC030	SMC030	Control
AGAAGCGGTGACAGGT_SMC053	SMC053	Active control
AGAAGCGGTGAGTGAC_SMC035	SMC035	Active control
AGAAGCGGTGTTCCTC_SMC035	SMC035	Active control
AGAAGCGTCCGGACGT_SMC052	SMC052	Control
AGAAGCGTCGTAACCA_SMC033	SMC033	Control
AGAAGCGTCTGACAGT_SMC049	SMC049	AD
AGAAGGGGTAGTCAAG_PO28	PO28	AD
AGAAGGTTCCATGCCC_PO05	PO05	AD
AGAAGTAAGATGGGCT_SMC037	SMC037	Active control
AGAAGTAAGATGGTCG_SMC052	SMC052	Control
AGAAGTAAGCACACAG_SMC035	SMC035	Active control
AGAAGTAAGCAGCCCT_SMC038	SMC038	AD
AGAAGTAAGGACGCTA_SMC052	SMC052	Control
AGAAGTAAGGATACCG_SMC049	SMC049	AD
AGAAGTAAGTTCGCAT_SMC049	SMC049	AD
AGAAGTACAAACCGGA_SMC038	SMC038	AD
AGAAGTACAAGCAGGT_SMC030	SMC030	Control
AGAAGTACAGCAGACA_SMC027	SMC027	Control
AGAAGTAGTAAGATCA_SMC033	SMC033	Control
AGAAGTAGTCTGATAC_SMC039	SMC039	AD
AGAAGTAGTGACTCGC_SMC035	SMC035	Active control
AGAAGTATCCTCAGAA_SMC033	SMC033	Control
AGAAGTATCTCACCCA_SMC052	SMC052	Control
AGAAGTCAGGAGCTAG_PO05	PO05	AD
AGAAGTCAGTGGCTTA_PO13	PO13	Control
AGACAAAAGCAACTCT_SMC052	SMC052	Control
AGACAAAAGGCAGCTA_SMC033	SMC033	Control
AGACAAAAGTCTAGAA_SMC052	SMC052	Control
AGACAAAAGTTTCGAC_SMC049	SMC049	AD
AGACAAACAGCGTACC_SMC029	SMC029	AD
AGACAAAGTACCTATG_SMC035	SMC035	Active control
AGACAAAGTCACTTAG_SMC052	SMC052	Control
AGACAAAGTCCAGTTA_SMC052	SMC052	Control
AGACAAAGTCGGTGTC_SMC035	SMC035	Active control
AGACAAAGTGAGTTTC_SMC049	SMC049	AD
AGACAAATCAATGTCG_SMC035	SMC035	Active control
AGACAAATCAGACCCG_SMC037	SMC037	Active control
AGACAAATCAGAGTTC_SMC031	SMC031	Active control
AGACAAATCCATAAGC_SMC035	SMC035	Active control
AGACAAATCTCAGTCC_SMC049	SMC049	AD
AGACAACAGGAGCCTT_PO23	PO23	Control
AGACAACAGTGCTTGA_PO11	PO11	AD
AGACACTAGATGGTAT_SMC049	SMC049	AD
AGACACTAGCCAAGGT_SMC052	SMC052	Control
AGACACTCAACTCATG_SMC052	SMC052	Control
AGACACTCACATTACG_SMC041	SMC041	AD
AGACACTCATCGATCA_SMC049	SMC049	AD
AGACACTGTCCAAGAG_SMC043	SMC043	AD
AGACACTGTTCCCAAA_SMC053	SMC053	Active control
AGACACTGTTGTGTTG_SMC049	SMC049	AD
AGACACTTCGACGTCG_SMC053	SMC053	Active control
AGACAGACACCTGTCG_PO11	PO11	AD
AGACAGGAGGTCGACA_SMC033	SMC033	Control
AGACAGGAGTACGTCT_SMC037	SMC037	Active control
AGACAGGCAGGTGTGA_SMC029	SMC029	AD
AGACAGGCATGGCTGC_SMC052	SMC052	Control
AGACAGGGTGCCTGCA_SMC033	SMC033	Control
AGACAGGTCAGGTGTT_SMC041	SMC041	AD
AGACAGGTCGAGAGAC_SMC038	SMC038	AD
AGACAGGTCGTTCTGC_SMC052	SMC052	Control
AGACATCCATGTCGTC_PO11	PO11	AD
AGACATCCATTAGTAG_PO11	PO11	AD
AGACATGGTTAGTTGC_PO11	PO11	AD
AGACATGGTTCCGGTA_PO23	PO23	Control
AGACCATAGACATATG_SMC052	SMC052	Control
AGACCATAGACATCCT_SMC052	SMC052	Control
AGACCATAGCTGCGAA_SMC037	SMC037	Active control
AGACCATCAAGATGGC_SMC049	SMC049	AD
AGACCATCAATCGCAT_SMC027	SMC027	Control
AGACCATGTAACAGTA_SMC027	SMC027	Control
AGACCATTCCATCTAT_SMC053	SMC053	Active control
AGACCCGAGAATTTGG_SMC038	SMC038	AD
AGACCCGAGCATCAGG_SMC038	SMC038	AD
AGACCCGAGGTGCATG_SMC052	SMC052	Control
AGACCCGAGTTGGAAT_SMC049	SMC049	AD
AGACCCGCAAATGGCG_SMC053	SMC053	Active control
AGACCCGCACATTCTT_SMC035	SMC035	Active control
AGACCCGGTCACCTTC_SMC052	SMC052	Control
AGACCCGGTGCACGCT_SMC049	SMC049	AD
AGACCCGGTTCAATCG_SMC033	SMC033	Control
AGACCCGTCCGTGTCT_SMC053	SMC053	Active control
AGACTCAAGCAGATAT_SMC052	SMC052	Control
AGACTCAAGCCGATTT_SMC032	SMC032	AD
AGACTCAAGGACACTG_SMC052	SMC052	Control
AGACTCACAGGGACTA_SMC030	SMC030	Control
AGACTCACATAACCCA_SMC053	SMC053	Active control
AGACTCAGTACCGCGT_SMC030	SMC030	Control
AGACTCAGTGAAAGTT_SMC049	SMC049	AD
AGACTCAGTGCGGATA_SMC032	SMC032	AD
AGACTCGCAGGTTGGC_PO05	PO05	AD
AGAGAATAGAGAGTGA_SMC052	SMC052	Control
AGAGAATAGATTAGAC_SMC053	SMC053	Active control
AGAGAATAGGGCCAAT_SMC038	SMC038	AD
AGAGAATCAAGACCTT_SMC052	SMC052	Control
AGAGAATCACACCTGG_SMC052	SMC052	Control
AGAGAATCACATGCCT_PO20	PO20	Control
AGAGAATCAGGTGAGT_SMC041	SMC041	AD
AGAGAATCATAATGCC_SMC052	SMC052	Control
AGAGAATGTCACTACA_SMC053	SMC053	Active control
AGAGAATGTTGTGTTG_SMC052	SMC052	Control
AGAGAATTCATTTCCA_SMC033	SMC033	Control
AGAGAATTCGATTGGT_SMC032	SMC032	AD
AGAGAATTCTGTTCAT_SMC049	SMC049	AD
AGAGAATTCTTCGATT_SMC030	SMC030	Control
AGAGAGAAGTAGCTTG_PO42	PO42	AD
AGAGAGCAGCATCAGG_SMC041	SMC041	AD
AGAGAGCAGGTCACCC_SMC052	SMC052	Control
AGAGAGCGTGAAGCTG_SMC043	SMC043	AD
AGAGAGCTCTCAGTCC_SMC030	SMC030	Control
AGAGCAGAGAAGTGTT_SMC043	SMC043	AD
AGAGCAGAGACCTCAT_SMC049	SMC049	AD
AGAGCAGCAAAGCGTG_SMC052	SMC052	Control
AGAGCAGCACATTCTT_SMC038	SMC038	AD
AGAGCAGCACTCACTC_SMC049	SMC049	AD
AGAGCAGCAGTGGCTC_SMC030	SMC030	Control
AGAGCAGGTTATGTCG_SMC052	SMC052	Control
AGAGCAGTCCTAGCTC_SMC049	SMC049	AD
AGAGCAGTCGAGCACC_SMC035	SMC035	Active control
AGAGCAGTCGCACTCT_SMC043	SMC043	AD
AGAGCAGTCGCCCAGA_SMC049	SMC049	AD
AGAGCAGTCTCCTGTG_SMC052	SMC052	Control
AGAGCCCAGAGTCCGA_SMC052	SMC052	Control
AGAGCCCCAACATACC_SMC052	SMC052	Control
AGAGCCCCAACTAGAA_SMC052	SMC052	Control
AGAGCCCCACGACAGA_SMC038	SMC038	AD
AGAGCCCTCAGCAGAG_SMC035	SMC035	Active control
AGAGCCCTCCGGTTCT_SMC038	SMC038	AD
AGAGCCCTCCGTATAG_SMC035	SMC035	Active control
AGAGCCCTCGAGATAA_SMC027	SMC027	Control
AGAGGCATCGCTATGA_PO42	PO42	AD
AGAGGCATCGCTGAGT_PO11	PO11	AD
AGAGGCATCGCTTGGG_PO11	PO11	AD
AGAGGCGCAGCAGGTC_PO23	PO23	Control
AGAGGGTCAAGCTGTG_PO05	PO05	AD
AGAGTATGTAGTAACG_PO11	PO11	AD
AGAGTTGGTGCGAGCA_PO20	PO20	Control
AGATAGAAGGACGCAT_SMC035	SMC035	Active control
AGATAGAAGTTTCGGT_SMC052	SMC052	Control
AGATAGACAACTAGAA_SMC053	SMC053	Active control
AGATAGACAATACCTG_SMC038	SMC038	AD
AGATAGACACTGAATC_SMC052	SMC052	Control
AGATAGACACTTGGCG_SMC053	SMC053	Active control
AGATAGACAGTTTCGA_SMC053	SMC053	Active control
AGATAGACATCCGTGG_SMC033	SMC033	Control
AGATAGAGTACGATTC_SMC052	SMC052	Control
AGATAGAGTCATCCGG_SMC030	SMC030	Control
AGATAGAGTGTTTACG_SMC033	SMC033	Control
AGATAGAGTTGCGGAA_SMC052	SMC052	Control
AGATAGATCTTCGTAT_SMC049	SMC049	AD
AGATCCACAGCAGTTT_SMC030	SMC030	Control
AGATCCACAGTCGTTA_SMC030	SMC030	Control
AGATCCAGTCCATAGT_SMC033	SMC033	Control
AGATCCAGTCTAACTG_SMC038	SMC038	AD
AGATCCAGTTAAACAG_SMC038	SMC038	AD
AGATCCAGTTAGTCGT_SMC053	SMC053	Active control
AGATCGTAGCAATAGT_SMC049	SMC049	AD
AGATCGTAGCGTGAGT_SMC030	SMC030	Control
AGATCGTAGGAGGCAG_SMC027	SMC027	Control
AGATCGTAGTAGGGTC_SMC053	SMC053	Active control
AGATCGTAGTGCGACA_SMC053	SMC053	Active control
AGATCGTCAATAGTCC_SMC052	SMC052	Control
AGATCGTGTATGTCTG_SMC052	SMC052	Control
AGATCGTGTGGCACTC_SMC038	SMC038	AD
AGATCGTTCGACACCG_SMC049	SMC049	AD
AGATCGTTCGCCTTTG_SMC053	SMC053	Active control
AGATCGTTCTCGCTTG_SMC052	SMC052	Control
AGATGAAAGGTAGACC_SMC049	SMC049	AD
AGATGAACAGCCGTCA_SMC030	SMC030	Control
AGATGAAGTATGAAGT_SMC033	SMC033	Control
AGATGAAGTGCCTTCT_SMC038	SMC038	AD
AGATGCTAGAAGTATC_SMC035	SMC035	Active control
AGATGCTAGCTCCGAC_SMC038	SMC038	AD
AGATGCTCATACCATG_SMC030	SMC030	Control
AGATGCTGTAAGATCA_SMC052	SMC052	Control
AGATGCTGTCAGACGA_SMC035	SMC035	Active control
AGATGCTTCAAACGAA_SMC049	SMC049	AD
AGCAACCTCAAGTGAA_PO20	PO20	Control
AGCAATCCACTCATCA_PO15	PO15	Control
AGCACGTTCACCATGA_PO23	PO23	Control
AGCACGTTCCGTAGGT_PO42	PO42	AD
AGCACTATCACATAGT_PO11	PO11	AD
AGCACTATCTAGTCCT_PO23	PO23	Control
AGCACTTGTAGCAGAC_PO42	PO42	AD
AGCATATTCCCGTAGG_PO23	PO23	Control
AGCATCAAGCATTTCG_SMC031	SMC031	Active control
AGCATCAAGGCCATAG_SMC038	SMC038	AD
AGCATCACAACCCGCA_SMC053	SMC053	Active control
AGCATCACATGAAGCG_SMC053	SMC053	Active control
AGCATCAGTGCCCTTT_SMC032	SMC032	AD
AGCATCAGTGGCTACC_SMC035	SMC035	Active control
AGCATCATCCCGAGGT_SMC031	SMC031	Active control
AGCATCATCCGGGTAT_PO42	PO42	AD
AGCATCATCGTTGTAG_SMC033	SMC033	Control
AGCATCATCTATACTC_SMC033	SMC033	Control
AGCATCATCTGGGCGT_SMC033	SMC033	Control
AGCATCATCTTAGCTT_SMC043	SMC043	AD
AGCATCTGTTATCCTT_PO42	PO42	AD
AGCATGGAGCCTTCCA_PO23	PO23	Control
AGCCAATAGTTGAATG_SMC038	SMC038	AD
AGCCAATCAAGAGTTA_SMC052	SMC052	Control
AGCCAATCAAGCGGTC_PO15	PO15	Control
AGCCAATCACCGCTAG_SMC052	SMC052	Control
AGCCAATGTAGCGAGT_SMC033	SMC033	Control
AGCCAATGTCTACGTA_SMC049	SMC049	AD
AGCCAATGTGGATTTC_SMC032	SMC032	AD
AGCCAATTCGCTTACC_SMC030	SMC030	Control
AGCCAATTCTCACTCG_SMC049	SMC049	AD
AGCCAATTCTGTAAGC_SMC035	SMC035	Active control
AGCCACGAGAGTTGAT_SMC053	SMC053	Active control
AGCCACGAGATAGTCA_SMC031	SMC031	Active control
AGCCACGAGGTAAGTT_SMC053	SMC053	Active control
AGCCACGCAGCGGTCT_SMC053	SMC053	Active control
AGCCACGGTGGATCAG_SMC033	SMC033	Control
AGCCACGTCAAAGCCT_SMC052	SMC052	Control
AGCCACGTCAAAGGAT_SMC049	SMC049	AD
AGCCACGTCAAGATAG_SMC033	SMC033	Control
AGCCACGTCATCGGGC_SMC032	SMC032	AD
AGCCACGTCGCTACGG_SMC030	SMC030	Control
AGCCACGTCTCCAATT_SMC053	SMC053	Active control
AGCCACGTCTGCTTTA_SMC049	SMC049	AD
AGCCACGTCTTGTGCC_SMC052	SMC052	Control
AGCCACTAGGATGACG_PO11	PO11	AD
AGCCAGCAGACCATTC_SMC053	SMC053	Active control
AGCCAGCCACGGGCTT_SMC052	SMC052	Control
AGCCAGCCACTCGATA_SMC027	SMC027	Control
AGCCAGCGTGTTGCCG_SMC038	SMC038	AD
AGCCAGCGTTAATCGC_SMC052	SMC052	Control
AGCCAGCGTTTAGACC_SMC052	SMC052	Control
AGCCAGCTCATCGACA_SMC037	SMC037	Active control
AGCCAGCTCTGATGGT_SMC032	SMC032	AD
AGCCATCAGGTACGAG_PO05	PO05	AD
AGCCCAACATGGTCCT_PO20	PO20	Control
AGCCCATAGATTAGGA_PO11	PO11	AD
AGCCCCAAGATTAGGA_PO11	PO11	AD
AGCCCGATCCCTGACC_PO42	PO42	AD
AGCCGAAAGGGTCCAT_PO28	PO28	AD
AGCCGATTCTGGTAAT_PO05	PO05	AD
AGCCGTTAGCTATGAT_PO05	PO05	AD
AGCCTCAGTTTAAGCC_PO20	PO20	Control
AGCCTGGTCCTGCTGC_PO42	PO42	AD
AGCGAATAGATAGTCT_PO41	PO41	AD
AGCGAATAGTAGAGGT_PO42	PO42	AD
AGCGATAGTAGCGATA_PO28	PO28	AD
AGCGATGAGTGAGAGT_PO23	PO23	Control
AGCGATTAGTCTGTAC_SMC033	SMC033	Control
AGCGATTCAGCCGTCA_SMC052	SMC052	Control
AGCGATTCATACTTTC_SMC052	SMC052	Control
AGCGATTGTAACCCGC_SMC033	SMC033	Control
AGCGATTTCCCTGGTT_SMC035	SMC035	Active control
AGCGCACCATAGAGTC_PO11	PO11	AD
AGCGCCAAGCGTATGG_SMC052	SMC052	Control
AGCGCCAAGCGTTGTT_SMC052	SMC052	Control
AGCGCCAAGCTACTGT_SMC052	SMC052	Control
AGCGCCAAGGCTTCCG_SMC049	SMC049	AD
AGCGCCAAGGTCACAG_SMC049	SMC049	AD
AGCGCCAAGTACCCTA_SMC030	SMC030	Control
AGCGCCACACAAAGTA_SMC035	SMC035	Active control
AGCGCCACAGGCGAAT_SMC038	SMC038	AD
AGCGCCAGTGGAGGTT_SMC033	SMC033	Control
AGCGCTGAGATGGCGT_SMC036	SMC036	AD
AGCGCTGAGGAGAGGC_SMC031	SMC031	Active control
AGCGCTGAGTCTTCCC_SMC035	SMC035	Active control
AGCGCTGCACCTTCGT_SMC031	SMC031	Active control
AGCGCTGCATGAGTAA_SMC049	SMC049	AD
AGCGCTGGTGCCGAAA_SMC035	SMC035	Active control
AGCGCTGTCGGACTTA_SMC033	SMC033	Control
AGCGCTGTCTGCATAG_SMC036	SMC036	AD
AGCGGATGTAAGGGTC_PO20	PO20	Control
AGCGGATGTCATTAGC_PO05	PO05	AD
AGCGGGACATCGCTAC_PO05	PO05	AD
AGCGGTTTCATGCCTT_PO42	PO42	AD
AGCGGTTTCGCGTAAC_PO28	PO28	AD
AGCGTATCAAGAGTTA_SMC049	SMC049	AD
AGCGTATCAGTTCACA_SMC053	SMC053	Active control
AGCGTATGTAACACCT_SMC049	SMC049	AD
AGCGTATGTCCAAGAG_SMC033	SMC033	Control
AGCGTATGTTTGACAC_SMC035	SMC035	Active control
AGCGTATTCCAACCGG_SMC049	SMC049	AD
AGCGTATTCGCCGATG_SMC031	SMC031	Active control
AGCGTCGCATGAATCC_SMC030	SMC030	Control
AGCGTCGCATGGAGAC_SMC052	SMC052	Control
AGCGTCGCATTGACTG_SMC030	SMC030	Control
AGCGTCGGTCCCGCAA_SMC052	SMC052	Control
AGCGTCGGTCGCGGTT_SMC032	SMC032	AD
AGCGTCGTCCTCTCGA_SMC038	SMC038	AD
AGCGTCGTCTACACTT_SMC035	SMC035	Active control
AGCGTTATCTGTGAAT_PO23	PO23	Control
AGCGTTGCAACTACCC_PO42	PO42	AD
AGCTACAAGAGGTCAC_SMC032	SMC032	AD
AGCTACAAGGCTGGAT_SMC039	SMC039	AD
AGCTACACAAGCGAAC_SMC052	SMC052	Control
AGCTACACACAGCCTG_SMC049	SMC049	AD
AGCTACACAGTTCTAG_SMC049	SMC049	AD
AGCTACAGTATGGTTC_SMC053	SMC053	Active control
AGCTACAGTCTCCTGT_SMC027	SMC027	Control
AGCTACAGTTAAGGAT_SMC033	SMC033	Control
AGCTACAGTTGGAGGT_SMC052	SMC052	Control
AGCTACATCGTAGAGG_SMC052	SMC052	Control
AGCTACATCGTGACTA_SMC053	SMC053	Active control
AGCTACATCTCTGCCA_SMC038	SMC038	AD
AGCTACGCAAGTAGCT_PO42	PO42	AD
AGCTACGCACCATACC_PO23	PO23	Control
AGCTACGCATGCTCAC_PO05	PO05	AD
AGCTCAAAGCTCCGAC_SMC049	SMC049	AD
AGCTCAAAGGGAGGGT_SMC052	SMC052	Control
AGCTCAAAGTGATAGT_SMC052	SMC052	Control
AGCTCAACAAGGTTGG_SMC053	SMC053	Active control
AGCTCAACACTGGACC_SMC052	SMC052	Control
AGCTCAACAGCAGGAT_SMC052	SMC052	Control
AGCTCAACATAACCCA_SMC053	SMC053	Active control
AGCTCAAGTGCAAGAC_SMC035	SMC035	Active control
AGCTCAAGTGCCTTTC_SMC052	SMC052	Control
AGCTCAAGTGGTAATA_SMC049	SMC049	AD
AGCTCAAGTGGTCCGT_SMC053	SMC053	Active control
AGCTCAAGTGTCACAT_SMC033	SMC033	Control
AGCTCAAGTTTAGACC_SMC033	SMC033	Control
AGCTCAATCAACTGAC_SMC038	SMC038	AD
AGCTCAATCCATCTGC_SMC053	SMC053	Active control
AGCTGTTGTTTGGAAG_PO05	PO05	AD
AGCTTCCCAACCTATG_SMC052	SMC052	Control
AGCTTCCCAATTGAAG_SMC030	SMC030	Control
AGCTTCCTCAAGCGTT_SMC049	SMC049	AD
AGCTTCCTCAGCTTCC_SMC032	SMC032	AD
AGCTTCCTCCTCGCAT_SMC052	SMC052	Control
AGCTTCCTCGATTGGT_SMC032	SMC032	AD
AGCTTCCTCGCCGATG_SMC052	SMC052	Control
AGGAAATAGAATACAC_SMC052	SMC052	Control
AGGAAATAGTAACGAT_SMC030	SMC030	Control
AGGAAATCAGGGCTTC_SMC052	SMC052	Control
AGGAAATCAGTTGCGC_SMC032	SMC032	AD
AGGAAATCATCGACAG_PO11	PO11	AD
AGGAAATGTCACGACC_SMC030	SMC030	Control
AGGAAATGTCGTCTCT_SMC049	SMC049	AD
AGGAAATGTGCGAGTA_SMC052	SMC052	Control
AGGAAATTCATGCCCT_SMC053	SMC053	Active control
AGGAAATTCCGTGTAA_SMC052	SMC052	Control
AGGAAATTCGCGCTGA_SMC049	SMC049	AD
AGGAATAAGATTAGAC_SMC049	SMC049	AD
AGGAATAAGTATTCCG_SMC049	SMC049	AD
AGGAATAGTAGGGTAC_SMC030	SMC030	Control
AGGAATAGTGTCTTGA_SMC049	SMC049	AD
AGGAATAGTTATTCCT_SMC035	SMC035	Active control
AGGAATATCACTTGTT_SMC052	SMC052	Control
AGGAATATCCCGTTCA_SMC049	SMC049	AD
AGGAATATCTAGACAC_SMC052	SMC052	Control
AGGACATAGATAGGAC_PO05	PO05	AD
AGGACGAAGAAGCCAC_SMC041	SMC041	AD
AGGACGAAGCTTGTTG_SMC052	SMC052	Control
AGGACGAAGTCTGCGC_SMC038	SMC038	AD
AGGACGAGTATTCCGA_SMC031	SMC031	Active control
AGGACGAGTCCGAAAG_SMC053	SMC053	Active control
AGGACGAGTGTTCCAA_SMC052	SMC052	Control
AGGACGAGTGTTCGAT_SMC038	SMC038	AD
AGGACGATCCTTCAGC_SMC052	SMC052	Control
AGGACGATCTACCTTA_SMC049	SMC049	AD
AGGACGATCTTTGATC_SMC031	SMC031	Active control
AGGACTAGTTCCTGAG_PO42	PO42	AD
AGGACTTAGACCGCCT_SMC052	SMC052	Control
AGGACTTAGGGATCTG_SMC030	SMC030	Control
AGGACTTAGTCCGCGT_SMC053	SMC053	Active control
AGGACTTCAATGTTGC_SMC052	SMC052	Control
AGGACTTCACAAATAG_SMC049	SMC049	AD
AGGACTTCACTACCCT_SMC031	SMC031	Active control
AGGACTTCAGTCGAGA_SMC039	SMC039	AD
AGGACTTGTACCACGC_SMC052	SMC052	Control
AGGACTTGTTAAACAG_SMC053	SMC053	Active control
AGGACTTGTTGGGAAC_SMC052	SMC052	Control
AGGAGCCAGTGAATCT_PO11	PO11	AD
AGGAGGTAGGACCCAA_SMC033	SMC033	Control
AGGAGGTAGGCGACAT_SMC035	SMC035	Active control
AGGAGGTAGGGCAAGG_SMC033	SMC033	Control
AGGAGGTCAGACCATT_SMC035	SMC035	Active control
AGGAGGTCAGGAGACT_SMC049	SMC049	AD
AGGAGGTCATTGCCGG_SMC052	SMC052	Control
AGGAGGTGTCGTCTCT_SMC033	SMC033	Control
AGGAGGTTCCGTGTGG_SMC033	SMC033	Control
AGGAGGTTCTTTACAC_SMC033	SMC033	Control
AGGATAAAGCTACTAC_SMC049	SMC049	AD
AGGATAAAGGGTTTCT_SMC030	SMC030	Control
AGGATAAAGGTGCATG_SMC053	SMC053	Active control
AGGATAACACGCGCTA_SMC033	SMC033	Control
AGGATAACATCGGAAG_SMC053	SMC053	Active control
AGGATAAGTAAGTTGA_SMC033	SMC033	Control
AGGATAATCAGCTTCC_SMC053	SMC053	Active control
AGGATCTAGACATAAC_SMC032	SMC032	AD
AGGATCTAGGCATCTT_SMC053	SMC053	Active control
AGGATCTCAACCACAT_SMC052	SMC052	Control
AGGATCTCATAGTCGT_SMC033	SMC033	Control
AGGATCTCATATTCGG_SMC039	SMC039	AD
AGGATCTCATGAGATA_SMC033	SMC033	Control
AGGATCTGTCGGTAAG_SMC030	SMC030	Control
AGGATCTGTGGACTAG_SMC033	SMC033	Control
AGGATCTGTGGCGCTT_SMC053	SMC053	Active control
AGGATCTTCAATCGGT_SMC049	SMC049	AD
AGGATCTTCCCTTCCC_SMC041	SMC041	AD
AGGATTAAGTAACCGC_PO11	PO11	AD
AGGATTGGTGCAGCCT_PO05	PO05	AD
AGGCACGGTTGCGTGC_PO28	PO28	AD
AGGCATTAGAATCGTA_SMC030	SMC030	Control
AGGCATTAGACATACA_SMC038	SMC038	AD
AGGCATTAGACGCCAA_SMC035	SMC035	Active control
AGGCATTAGCGTGCTC_SMC041	SMC041	AD
AGGCATTAGTGCCCGT_SMC049	SMC049	AD
AGGCATTCAACGTATC_SMC035	SMC035	Active control
AGGCATTCAATGTCTG_SMC033	SMC033	Control
AGGCATTCAGATTTCG_SMC052	SMC052	Control
AGGCATTGTACGTGTT_SMC052	SMC052	Control
AGGCATTGTCACTCAA_SMC035	SMC035	Active control
AGGCATTGTCCAGAAG_SMC032	SMC032	AD
AGGCATTGTCCGGATC_SMC030	SMC030	Control
AGGCATTGTGACAACG_SMC035	SMC035	Active control
AGGCATTTCCCTCTCC_SMC053	SMC053	Active control
AGGCATTTCGATTGAC_SMC031	SMC031	Active control
AGGCATTTCTGAGCAT_SMC052	SMC052	Control
AGGCCACAGTAACGAT_SMC052	SMC052	Control
AGGCCACAGTTGCCTA_SMC052	SMC052	Control
AGGCCACCACAAGCCC_SMC035	SMC035	Active control
AGGCCACCACTCATAG_SMC039	SMC039	AD
AGGCCACGTAATGTGA_SMC049	SMC049	AD
AGGCCACGTACTTGTG_SMC033	SMC033	Control
AGGCCACGTGCCCAGT_SMC053	SMC053	Active control
AGGCCACTCACGATAC_SMC049	SMC049	AD
AGGCCACTCACTGCTC_SMC033	SMC033	Control
AGGCCACTCGATTTCT_SMC030	SMC030	Control
AGGCCACTCGCTTGCT_SMC037	SMC037	Active control
AGGCCACTCGGTTAGT_SMC033	SMC033	Control
AGGCCCATCACTATGG_PO11	PO11	AD
AGGCGAATCTCATTGC_PO20	PO20	Control
AGGCGGACAGGTTAGT_PO28	PO28	AD
AGGCGTTTCACGTGTA_PO41	PO41	AD
AGGCTCCGTTATCGTA_PO23	PO23	Control
AGGCTGCAGATCCTAC_SMC049	SMC049	AD
AGGCTGCAGATGCAGC_SMC029	SMC029	AD
AGGCTGCAGGGAGATA_SMC052	SMC052	Control
AGGCTGCCAAGAGTGC_SMC033	SMC033	Control
AGGCTGCCACTGGCCA_SMC030	SMC030	Control
AGGCTGCCATGCGTGC_SMC041	SMC041	AD
AGGCTGCTCAACACGT_SMC038	SMC038	AD
AGGCTGCTCCTATTGT_SMC053	SMC053	Active control
AGGCTGCTCGCTACAA_SMC052	SMC052	Control
AGGCTGCTCTTCCAGC_SMC030	SMC030	Control
AGGGAAGGTCTGTGCA_PO23	PO23	Control
AGGGAAGGTGGCCTAC_PO28	PO28	AD
AGGGAAGGTTTCCTAT_PO42	PO42	AD
AGGGAGTAGAGAGCCT_SMC041	SMC041	AD
AGGGAGTCAACGGTAG_SMC035	SMC035	Active control
AGGGAGTCAGCGCGTT_SMC030	SMC030	Control
AGGGAGTCAGGTTCCT_PO11	PO11	AD
AGGGAGTCATACCACA_SMC032	SMC032	AD
AGGGAGTCATGCTGAG_PO05	PO05	AD
AGGGAGTGTGCCGGTT_SMC035	SMC035	Active control
AGGGAGTTCGCTCCTA_SMC049	SMC049	AD
AGGGATTAGGTCAATT_PO05	PO05	AD
AGGGATTAGGTCCAAC_PO13	PO13	Control
AGGGCAATCCAGCCGA_PO20	PO20	Control
AGGGCCTAGCGTGAGT_SMC052	SMC052	Control
AGGGCCTAGGCAGTCA_SMC052	SMC052	Control
AGGGCCTAGGTAATCA_SMC030	SMC030	Control
AGGGCCTAGTAAGCAT_SMC035	SMC035	Active control
AGGGCCTCACGACGAA_SMC052	SMC052	Control
AGGGCCTCATCCTAAG_SMC053	SMC053	Active control
AGGGCCTCATTGAAGA_SMC029	SMC029	AD
AGGGCCTGTAATGCGG_SMC032	SMC032	AD
AGGGCCTGTGTGGACA_SMC033	SMC033	Control
AGGGCCTTCCTGGTCT_SMC035	SMC035	Active control
AGGGCTCAGCTTTGTG_SMC031	SMC031	Active control
AGGGCTCAGGGATCAC_SMC032	SMC032	AD
AGGGCTCCACCCTTAC_SMC036	SMC036	AD
AGGGCTCGTCGCTTGG_SMC052	SMC052	Control
AGGGCTCTCGAGAGAC_SMC049	SMC049	AD
AGGGCTCTCGATGCAT_SMC035	SMC035	Active control
AGGGCTCTCTCAAAGC_SMC035	SMC035	Active control
AGGGCTGGTGGCTCGT_PO42	PO42	AD
AGGGTCAAGTGATGGG_PO23	PO23	Control
AGGGTCCAGCCAAGCA_SMC038	SMC038	AD
AGGGTCCAGTTGGAGC_SMC038	SMC038	AD
AGGGTCCCATGAAAGT_SMC052	SMC052	Control
AGGGTCCGTAAGATAC_SMC038	SMC038	AD
AGGGTCCGTGAATAAC_SMC033	SMC033	Control
AGGGTCCGTTGTATGC_SMC031	SMC031	Active control
AGGGTCCTCTACAGGT_SMC038	SMC038	AD
AGGGTCCTCTGAACGT_SMC033	SMC033	Control
AGGGTGAAGTCACGAG_SMC049	SMC049	AD
AGGGTGAAGTGCCTCG_SMC035	SMC035	Active control
AGGGTGACATGAGGGT_SMC052	SMC052	Control
AGGGTGAGTCAAGCCC_SMC049	SMC049	AD
AGGGTGATCATGGATC_SMC052	SMC052	Control
AGGGTTTAGAGTCACG_SMC033	SMC033	Control
AGGGTTTCAAAGGGTC_SMC049	SMC049	AD
AGGGTTTCAGGACATG_SMC053	SMC053	Active control
AGGGTTTGTACTGACT_SMC033	SMC033	Control
AGGGTTTGTCTAACGT_SMC041	SMC041	AD
AGGGTTTGTGAATTAG_SMC049	SMC049	AD
AGGGTTTGTGGTAATA_SMC041	SMC041	AD
AGGGTTTGTGGTCTGC_SMC052	SMC052	Control
AGGGTTTGTGTTACAC_SMC038	SMC038	AD
AGGGTTTTCCTCCACA_SMC030	SMC030	Control
AGGGTTTTCGACGATT_SMC049	SMC049	AD
AGGGTTTTCTGACCCT_SMC049	SMC049	AD
AGGTAAATCAGTATCG_PO23	PO23	Control
AGGTAACAGCTAGATT_PO23	PO23	Control
AGGTAACAGTTGCATG_PO23	PO23	Control
AGGTAGGAGACTACGG_SMC053	SMC053	Active control
AGGTAGGAGATTCGAA_SMC052	SMC052	Control
AGGTAGGAGCACTCCG_SMC038	SMC038	AD
AGGTAGGAGTGTTCCA_SMC053	SMC053	Active control
AGGTAGGAGTTAACGA_SMC030	SMC030	Control
AGGTAGGCACTGCACG_SMC041	SMC041	AD
AGGTAGGCACTTGGGC_SMC039	SMC039	AD
AGGTAGGCATAGAATG_SMC049	SMC049	AD
AGGTAGGGTATGAGAT_SMC031	SMC031	Active control
AGGTAGGGTATGGTAA_SMC052	SMC052	Control
AGGTAGGGTCACAATC_SMC027	SMC027	Control
AGGTAGGGTGGCAACA_SMC052	SMC052	Control
AGGTAGGTCCGCGAGT_SMC041	SMC041	AD
AGGTCATAGAATCGAT_SMC053	SMC053	Active control
AGGTCATAGACCAACG_SMC043	SMC043	AD
AGGTCATCACAGTCAT_SMC052	SMC052	Control
AGGTCATGTAGGAAAG_SMC053	SMC053	Active control
AGGTCATGTCCGGACT_SMC049	SMC049	AD
AGGTCATGTCTGCATA_SMC043	SMC043	AD
AGGTCATGTGCAGTGA_SMC030	SMC030	Control
AGGTCATTCATGGGAG_SMC049	SMC049	AD
AGGTCATTCGCAGAGA_SMC035	SMC035	Active control
AGGTCTAAGACCATGG_SMC035	SMC035	Active control
AGGTCTAAGAGAACCC_SMC052	SMC052	Control
AGGTCTAAGCGAATGC_SMC033	SMC033	Control
AGGTCTAAGTGATTCC_SMC041	SMC041	AD
AGGTCTAAGTTAACGA_SMC049	SMC049	AD
AGGTCTACACCCATAA_SMC052	SMC052	Control
AGGTCTACACTACACA_SMC053	SMC053	Active control
AGGTCTAGTTAGGACG_SMC031	SMC031	Active control
AGGTCTAGTTTGTGGT_SMC035	SMC035	Active control
AGGTCTATCAACCCGG_SMC030	SMC030	Control
AGGTCTATCAGACCTA_SMC033	SMC033	Control
AGGTCTATCATTGTGG_SMC039	SMC039	AD
AGGTCTATCCAACACA_SMC033	SMC033	Control
AGGTGTGAGCCGACCA_PO42	PO42	AD
AGGTGTTAGCGTGCTC_SMC032	SMC032	AD
AGGTGTTAGGGATGTC_SMC052	SMC052	Control
AGGTGTTCAGGCATGA_SMC029	SMC029	AD
AGGTGTTCAGTAACAA_SMC049	SMC049	AD
AGGTGTTGTGCCGGTT_SMC053	SMC053	Active control
AGGTGTTGTTCTCCCA_SMC035	SMC035	Active control
AGGTGTTTCAAGGACG_SMC053	SMC053	Active control
AGGTGTTTCCATGCAA_SMC033	SMC033	Control
AGGTGTTTCGATACAC_SMC041	SMC041	AD
AGGTTAAAGCAATCGC_PO23	PO23	Control
AGGTTACAGATAGTCA_SMC052	SMC052	Control
AGGTTACAGCAACTCT_SMC049	SMC049	AD
AGGTTACAGCGACTTT_SMC037	SMC037	Active control
AGGTTACCAATGACCT_SMC041	SMC041	AD
AGGTTACGTCTTCGAA_SMC053	SMC053	Active control
AGGTTACGTTAATGAG_SMC052	SMC052	Control
AGGTTACTCCGTCACT_SMC052	SMC052	Control
AGGTTACTCGGTTAGT_SMC031	SMC031	Active control
AGGTTACTCTCCCAAC_SMC031	SMC031	Active control
AGGTTACTCTGGAAGG_SMC035	SMC035	Active control
AGGTTGTAGACCTCAT_SMC038	SMC038	AD
AGGTTGTAGGTTCTAC_SMC031	SMC031	Active control
AGGTTGTAGTCCCAAT_SMC052	SMC052	Control
AGGTTGTCAAGTCATC_SMC053	SMC053	Active control
AGGTTGTCAATTTCCT_SMC033	SMC033	Control
AGGTTGTCAGTGACCC_SMC033	SMC033	Control
AGGTTGTTCAAGTTGC_SMC035	SMC035	Active control
AGGTTGTTCGTTAGTG_SMC041	SMC041	AD
AGTAACCAGACTCGAG_SMC053	SMC053	Active control
AGTAACCCAAGAAATC_SMC049	SMC049	AD
AGTAACCGTAGATCCT_SMC036	SMC036	AD
AGTAACCGTGCCGGTT_SMC033	SMC033	Control
AGTAACCGTTAAACCC_SMC052	SMC052	Control
AGTAACCTCGATTGGT_SMC035	SMC035	Active control
AGTAACCTCTCAACCC_SMC030	SMC030	Control
AGTAATGAGCCTAAGC_PO23	PO23	Control
AGTACAGGTAATCACC_PO11	PO11	AD
AGTACCAAGAATCGAT_SMC041	SMC041	AD
AGTACCAAGGATACAT_SMC049	SMC049	AD
AGTACCAGTAGCACAG_SMC052	SMC052	Control
AGTACCAGTTATAGAG_SMC032	SMC032	AD
AGTACCAGTTCGGGTC_SMC031	SMC031	Active control
AGTACCAGTTGCTAGT_SMC033	SMC033	Control
AGTACCATCAGGGACA_PO23	PO23	Control
AGTACCATCCACACAA_SMC053	SMC053	Active control
AGTACCGCATGGTGAT_PO11	PO11	AD
AGTACCTGTGGGTAAC_PO11	PO11	AD
AGTACTGAGAAGAACG_SMC052	SMC052	Control
AGTACTGAGAGTGGCT_SMC049	SMC049	AD
AGTACTGAGGGACACT_SMC052	SMC052	Control
AGTACTGAGGTACAAT_SMC041	SMC041	AD
AGTACTGAGTGAGGTC_SMC038	SMC038	AD
AGTACTGCAAAGGCAC_SMC033	SMC033	Control
AGTACTGTCACCGGTG_SMC030	SMC030	Control
AGTACTGTCATAAGGA_SMC038	SMC038	AD
AGTACTGTCGTCGCTT_SMC049	SMC049	AD
AGTACTGTCTCTTGCG_SMC049	SMC049	AD
AGTACTTAGTCGCGTG_PO15	PO15	Control
AGTAGCTCAACGAGGT_SMC031	SMC031	Active control
AGTAGCTCACTGCATA_SMC053	SMC053	Active control
AGTAGCTCATAGACTC_SMC035	SMC035	Active control
AGTAGCTGTAAGCGGT_SMC041	SMC041	AD
AGTAGCTGTTGAAGTA_SMC053	SMC053	Active control
AGTAGCTTCGTCGATA_SMC033	SMC033	Control
AGTAGTCAGAGTACCG_SMC041	SMC041	AD
AGTAGTCAGCCATATC_SMC053	SMC053	Active control
AGTAGTCCAGTTGAAA_SMC052	SMC052	Control
AGTAGTCGTGACAACG_SMC049	SMC049	AD
AGTAGTCGTGATCGTT_SMC033	SMC033	Control
AGTAGTCGTTGTTTGG_SMC029	SMC029	AD
AGTATCACACTAGCCT_PO23	PO23	Control
AGTATCCGTAAGCAGC_PO42	PO42	AD
AGTATGAAGCTAATCG_PO05	PO05	AD
AGTCAACAGTAAGCAT_SMC049	SMC049	AD
AGTCAACCAAACCCGA_PO42	PO42	AD
AGTCAACCAAATCGTC_SMC038	SMC038	AD
AGTCAACCAACGAGGT_SMC038	SMC038	AD
AGTCAACCAAGCAATA_SMC049	SMC049	AD
AGTCAACCAGAACCGA_SMC052	SMC052	Control
AGTCAACGTACGCGTC_SMC031	SMC031	Active control
AGTCAACTCACGTCCT_SMC052	SMC052	Control
AGTCAACTCCGGACTG_SMC035	SMC035	Active control
AGTCAACTCCGTATGA_SMC033	SMC033	Control
AGTCAAGGTGACTCGC_PO05	PO05	AD
AGTCAAGGTTGTCTGG_PO11	PO11	AD
AGTCAATTCCGCTGTC_PO42	PO42	AD
AGTCACACAATTGCAC_SMC035	SMC035	Active control
AGTCACAGTAACTGCT_SMC049	SMC049	AD
AGTCACAGTATCAAGA_SMC049	SMC049	AD
AGTCACAGTCGTATGT_SMC035	SMC035	Active control
AGTCACAGTCTCGCGA_SMC041	SMC041	AD
AGTCACAGTGAAAGTT_SMC030	SMC030	Control
AGTCACATCCTTACCG_SMC052	SMC052	Control
AGTCACATCGACCTAA_SMC033	SMC033	Control
AGTCACGCAGCTCGAA_PO23	PO23	Control
AGTCAGCTCCCGTGAG_PO11	PO11	AD
AGTCATGAGGATTTAG_SMC049	SMC049	AD
AGTCATGAGGCATGCA_SMC053	SMC053	Active control
AGTCATGCAGCGTAGA_SMC049	SMC049	AD
AGTCATGGTACTTGTG_SMC031	SMC031	Active control
AGTCATGGTTGGTACT_SMC052	SMC052	Control
AGTCATGTCCATCCGT_SMC027	SMC027	Control
AGTCATGTCGAACACT_SMC030	SMC030	Control
AGTCATGTCGCCATAA_SMC035	SMC035	Active control
AGTCATGTCGTCAGAT_SMC033	SMC033	Control
AGTCATGTCTCCCATG_SMC049	SMC049	AD
AGTCATTAGCCACATA_PO15	PO15	Control
AGTCCAGCAAGGTAAG_PO20	PO20	Control
AGTCGGTTCTATCCGT_PO28	PO28	AD
AGTCTCAAGAATCGAA_PO11	PO11	AD
AGTCTCAAGTGAGTAA_PO23	PO23	Control
AGTCTCCAGAAATGGG_SMC030	SMC030	Control
AGTCTCCAGAAGGTAG_SMC052	SMC052	Control
AGTCTCCAGCTAAATG_SMC038	SMC038	AD
AGTCTCCCACTCTGCT_SMC033	SMC033	Control
AGTCTCCGTTGGAGGT_SMC049	SMC049	AD
AGTCTCCTCGGTGTAT_SMC049	SMC049	AD
AGTGACTAGCCTCAGC_SMC032	SMC032	AD
AGTGACTAGGGTGAGG_SMC036	SMC036	AD
AGTGACTAGTTAGTAG_SMC035	SMC035	Active control
AGTGACTCACATAGCT_SMC049	SMC049	AD
AGTGACTCACTACCGG_SMC030	SMC030	Control
AGTGACTCAGACATCT_SMC049	SMC049	AD
AGTGACTCAGGGTTGA_SMC032	SMC032	AD
AGTGACTGTCCACGCA_SMC038	SMC038	AD
AGTGACTTCTCATTGT_SMC030	SMC030	Control
AGTGACTTCTTACCAT_SMC052	SMC052	Control
AGTGATCAGCACGGAT_SMC053	SMC053	Active control
AGTGATCAGCCGATAG_SMC038	SMC038	AD
AGTGATCAGCTCTGTA_SMC035	SMC035	Active control
AGTGATCAGGTGCATG_SMC052	SMC052	Control
AGTGATCCAGGATCTT_SMC049	SMC049	AD
AGTGATCCATCCTATT_SMC041	SMC041	AD
AGTGATCGTAATGTGA_SMC031	SMC031	Active control
AGTGATCGTGATGGCA_SMC052	SMC052	Control
AGTGATCGTGTCCACG_SMC031	SMC031	Active control
AGTGATCGTGTTATCG_SMC035	SMC035	Active control
AGTGATCTCATCAGTG_SMC031	SMC031	Active control
AGTGATTTCGTCTATC_PO23	PO23	Control
AGTGCAAGTAGTGACA_PO15	PO15	Control
AGTGCAAGTTGAGGTA_PO42	PO42	AD
AGTGCATCAATTAGGC_PO42	PO42	AD
AGTGCATCACTTACGC_PO05	PO05	AD
AGTGCATCAGGTAATC_PO23	PO23	Control
AGTGCCGCACAGAGCA_SMC049	SMC049	AD
AGTGCCGGTAAGATAC_SMC037	SMC037	Active control
AGTGCCGGTATAGCTC_SMC053	SMC053	Active control
AGTGCCGGTATCGCGC_SMC033	SMC033	Control
AGTGCCGGTGGAGAAA_SMC033	SMC033	Control
AGTGCCGGTTAATGAG_SMC049	SMC049	AD
AGTGCCGGTTTCGGCG_SMC035	SMC035	Active control
AGTGCCGTCACGTAGT_SMC029	SMC029	AD
AGTGCCGTCGCTCATC_SMC049	SMC049	AD
AGTGGCGGTTCCAGTG_PO11	PO11	AD
AGTGGCGGTTGAGTAG_PO42	PO42	AD
AGTGGCTTCCTGCCGT_PO13	PO13	Control
AGTGTGAGTTGGGCCT_PO42	PO42	AD
AGTGTGGAGGAGCCTT_PO11	PO11	AD
AGTGTTGCACCAAAGG_SMC052	SMC052	Control
AGTGTTGCACCTCAGG_SMC053	SMC053	Active control
AGTGTTGGTCGCACAC_SMC038	SMC038	AD
AGTGTTGGTGTTAACC_SMC041	SMC041	AD
AGTGTTGTCTAGCAAC_SMC038	SMC038	AD
AGTTAGCAGACCAAAT_SMC035	SMC035	Active control
AGTTAGCAGAGGACTC_SMC030	SMC030	Control
AGTTAGCAGCGGCTCT_SMC037	SMC037	Active control
AGTTAGCAGGTTCAGG_SMC049	SMC049	AD
AGTTAGCCATTCCTTC_PO11	PO11	AD
AGTTAGCGTCATAGTC_SMC052	SMC052	Control
AGTTAGCTCTATGCCC_SMC041	SMC041	AD
AGTTCCCAGAGTGACC_SMC052	SMC052	Control
AGTTCCCCAAAGCTAA_SMC038	SMC038	AD
AGTTCCCCACTATGTG_SMC052	SMC052	Control
AGTTCCCCAGCATTGT_SMC052	SMC052	Control
AGTTCCCCAGGACAGT_SMC049	SMC049	AD
AGTTCCCCAGGCAATG_SMC052	SMC052	Control
AGTTCCCGTCTCTCCA_SMC033	SMC033	Control
AGTTCCCTCAAGGTGG_SMC030	SMC030	Control
AGTTCCCTCAGGACAG_SMC052	SMC052	Control
AGTTCCCTCATTCGTT_SMC033	SMC033	Control
AGTTCCCTCGCGGTAC_SMC052	SMC052	Control
AGTTCGAAGTCTTCGA_SMC049	SMC049	AD
AGTTCGACATACATCG_SMC038	SMC038	AD
AGTTCGACATTACTCT_SMC033	SMC033	Control
AGTTCGAGTCAGGTGA_SMC033	SMC033	Control
AGTTCGAGTCTTCGAA_SMC052	SMC052	Control
AGTTCGAGTGCGTGCT_SMC052	SMC052	Control
AGTTCGATCTCCGAGG_SMC030	SMC030	Control
AGTTGCATCACGTGTA_PO23	PO23	Control
AGTTTCCTCACCTCAT_PO11	PO11	AD
AGTTTCCTCGCTCCTA_PO20	PO20	Control
ATAACCACAACGTGGC_PO05	PO05	AD
ATAACGAAGGTTCACA_PO23	PO23	Control
ATAAGCAAGCTACTTC_PO05	PO05	AD
ATAAGCAAGGGTTAGG_PO42	PO42	AD
ATAAGGATCACTGGGT_PO05	PO05	AD
ATAAGTGAGGTGATGG_PO20	PO20	Control
ATAATGCTCATCTACC_PO23	PO23	Control
ATAATGCTCCGTTACT_PO11	PO11	AD
ATAATGCTCTGGTAGC_PO23	PO23	Control
ATACCAACAAGTGTAC_PO20	PO20	Control
ATACCAACAGGCTAAT_PO23	PO23	Control
ATACCATAGTAGGCGA_PO05	PO05	AD
ATACCATAGTCATGCA_PO11	PO11	AD
ATACCATAGTGGGTAG_PO11	PO11	AD
ATACCCTTCGACCGCA_PO23	PO23	Control
ATACCGAAGCTACTAC_SMC032	SMC032	AD
ATACCGAAGCTGTGCC_SMC053	SMC053	Active control
ATACCGACAATGGCAG_SMC052	SMC052	Control
ATACCGACATCATCCC_SMC035	SMC035	Active control
ATACCGAGTATTGACC_SMC049	SMC049	AD
ATACCGAGTTCTGACA_SMC052	SMC052	Control
ATACCGATCCACCTGT_SMC038	SMC038	AD
ATACCGATCCTGGTCT_SMC035	SMC035	Active control
ATACCTTCACACCGCA_SMC029	SMC029	AD
ATACCTTCACAGTGTT_SMC030	SMC030	Control
ATACCTTCACCGAATT_SMC031	SMC031	Active control
ATACCTTCAGCGTATT_SMC030	SMC030	Control
ATACCTTGTACATTGC_SMC035	SMC035	Active control
ATACGATTCCACCATT_PO42	PO42	AD
ATACGCGCATTGGGCA_PO42	PO42	AD
ATACTGACAAGCGAGG_PO05	PO05	AD
ATACTGGTCCATCCCA_PO05	PO05	AD
ATACTTCAGGAGATAG_SMC052	SMC052	Control
ATACTTCCAATGAAAC_SMC049	SMC049	AD
ATACTTCGTCCAAAGG_SMC043	SMC043	AD
ATACTTCGTCCCGTGA_SMC033	SMC033	Control
ATACTTCGTTGAAGTA_SMC052	SMC052	Control
ATACTTCTCTCAGTCC_SMC037	SMC037	Active control
ATACTTCTCTGTTCAT_SMC036	SMC036	AD
ATACTTCTCTTCGGAA_SMC035	SMC035	Active control
ATAGACCCAAGAAATC_SMC052	SMC052	Control
ATAGACCCACCCAATA_SMC038	SMC038	AD
ATAGACCCATTGGGAG_SMC032	SMC032	AD
ATAGACCGTCTTTCAT_SMC049	SMC049	AD
ATAGACCGTTACGGAG_SMC049	SMC049	AD
ATAGACCTCACTGTCC_SMC049	SMC049	AD
ATAGACCTCCGAGGCT_SMC032	SMC032	AD
ATAGACCTCGATGCAT_SMC052	SMC052	Control
ATAGACCTCTAGCCAA_SMC033	SMC033	Control
ATAGAGAAGTATAGAC_SMC035	SMC035	Active control
ATAGAGACATGCGGTC_SMC033	SMC033	Control
ATAGAGAGTACAAACA_SMC039	SMC039	AD
ATAGAGATCCGAAGGA_SMC031	SMC031	Active control
ATAGAGATCCGACATA_SMC053	SMC053	Active control
ATAGAGATCGGCCAAC_SMC052	SMC052	Control
ATAGAGATCGGCTGGT_SMC035	SMC035	Active control
ATAGAGATCTGAGATC_SMC049	SMC049	AD
ATAGCAGGTTTCGCAG_PO15	PO15	Control
ATAGCGAGTCATGAGA_PO42	PO42	AD
ATAGCGCTCCGCCTAC_PO11	PO11	AD
ATAGGATGTGCATTCG_PO05	PO05	AD
ATAGGATGTTGTAGAG_PO11	PO11	AD
ATAGGCTAGGACTGGT_SMC049	SMC049	AD
ATAGGCTAGGGCGAAG_SMC037	SMC037	Active control
ATAGGCTAGTGCAACG_SMC033	SMC033	Control
ATAGGCTCAATTTCGG_SMC038	SMC038	AD
ATAGGCTCATCGAACT_SMC041	SMC041	AD
ATAGGCTTCCGAGTGC_SMC049	SMC049	AD
ATAGGGCGTAGTGCAA_PO11	PO11	AD
ATAGGGGTCAGCATTG_PO05	PO05	AD
ATAGGGGTCGCTCTGC_PO11	PO11	AD
ATATCACAGTCAGCGT_PO23	PO23	Control
ATATCCTAGAGAGGGC_SMC052	SMC052	Control
ATATCCTAGCATCAAA_SMC030	SMC030	Control
ATATCCTAGGTTGAGC_SMC035	SMC035	Active control
ATATCCTAGTTTCAGC_SMC052	SMC052	Control
ATATCCTCAATGGGTG_SMC052	SMC052	Control
ATATCCTCACTACCTA_PO11	PO11	AD
ATATCCTCATGGGATG_SMC052	SMC052	Control
ATATCCTGTATTGACC_SMC049	SMC049	AD
ATATCCTGTGGACCTC_SMC052	SMC052	Control
ATATCCTGTGGAGGTT_SMC049	SMC049	AD
ATATCCTTCCAAGCTA_SMC049	SMC049	AD
ATATCCTTCTCTTCAA_SMC030	SMC030	Control
ATATGGCCACCTGTCG_PO05	PO05	AD
ATATGGTTCGTTCCGC_PO11	PO11	AD
ATATGTCAGTCATGTG_PO13	PO13	Control
ATATTCCCATAATCAG_PO23	PO23	Control
ATCAACTAGCCATCCC_PO11	PO11	AD
ATCAAGCCACTCGGAA_PO28	PO28	AD
ATCACAGAGCTGAAGC_SMC033	SMC033	Control
ATCACAGAGTCAATCC_SMC036	SMC036	AD
ATCACAGCAAGAGCTG_SMC035	SMC035	Active control
ATCACAGCAGACCTGC_SMC052	SMC052	Control
ATCACAGGTAAGCTCT_SMC052	SMC052	Control
ATCACAGGTCTAGGTT_SMC032	SMC032	AD
ATCACAGGTGACACGA_SMC038	SMC038	AD
ATCACGAAGCGAGTCA_SMC035	SMC035	Active control
ATCACGAAGCGTTCCG_SMC039	SMC039	AD
ATCACGAAGGCCTAGA_SMC032	SMC032	AD
ATCACGACAAACTAAG_SMC049	SMC049	AD
ATCACGACACGAGGTA_SMC053	SMC053	Active control
ATCACGACAGTGGCTC_SMC052	SMC052	Control
ATCACGAGTCAGTTTG_SMC033	SMC033	Control
ATCACGAGTTGAGTCT_SMC033	SMC033	Control
ATCACGATCACGCGAT_PO11	PO11	AD
ATCACGATCCATTTCA_SMC031	SMC031	Active control
ATCACGATCCTAGCCT_SMC035	SMC035	Active control
ATCACGATCGAGCCTG_SMC031	SMC031	Active control
ATCACGATCGCCGAGT_SMC033	SMC033	Control
ATCACGATCGGAACTT_SMC052	SMC052	Control
ATCACGATCTGATGGT_SMC049	SMC049	AD
ATCACTTCAATTGCCC_PO15	PO15	Control
ATCACTTCAGCAAGAC_SMC053	SMC053	Active control
ATCACTTCAGCTATAC_SMC037	SMC037	Active control
ATCACTTCAGTGACCC_SMC035	SMC035	Active control
ATCACTTCAGTTCCAA_SMC029	SMC029	AD
ATCACTTCATAGAATG_SMC029	SMC029	AD
ATCACTTTCCGCAGTG_SMC052	SMC052	Control
ATCACTTTCTTCTGTA_SMC052	SMC052	Control
ATCAGGGAGTGGGTCT_PO05	PO05	AD
ATCAGGTAGGGCGAGA_SMC035	SMC035	Active control
ATCAGGTAGGTCACCC_SMC035	SMC035	Active control
ATCAGGTCACAGTGTT_SMC053	SMC053	Active control
ATCAGGTCACATGCCT_PO23	PO23	Control
ATCAGGTCATGACGGA_SMC053	SMC053	Active control
ATCAGGTCATGAGCTG_PO15	PO15	Control
ATCAGGTGTACCGTGC_SMC030	SMC030	Control
ATCAGGTGTAGTCACT_SMC052	SMC052	Control
ATCAGGTGTTATAGAG_SMC030	SMC030	Control
ATCAGGTTCAGACAAA_SMC052	SMC052	Control
ATCAGGTTCCACACAA_SMC035	SMC035	Active control
ATCAGGTTCTAGTTCT_SMC033	SMC033	Control
ATCAGGTTCTAGTTCT_SMC053	SMC053	Active control
ATCAGGTTCTTACGTT_SMC052	SMC052	Control
ATCATCCTCGCTTCCA_PO23	PO23	Control
ATCATTCAGATTCGAA_SMC052	SMC052	Control
ATCATTCAGCCATTGT_SMC049	SMC049	AD
ATCATTCAGCGGCTCT_SMC029	SMC029	AD
ATCATTCAGTGTACCT_SMC033	SMC033	Control
ATCATTCCAAGAGGCT_SMC035	SMC035	Active control
ATCATTCGTCCATCTC_SMC052	SMC052	Control
ATCATTCGTCCCAAAT_SMC053	SMC053	Active control
ATCATTCGTTCTCGCT_SMC037	SMC037	Active control
ATCATTCTCAGGACGA_SMC037	SMC037	Active control
ATCATTCTCAGTGTTG_SMC049	SMC049	AD
ATCCACAAGCGGCATT_PO11	PO11	AD
ATCCACCAGCCGAATG_SMC035	SMC035	Active control
ATCCACCCAGAACTCT_SMC033	SMC033	Control
ATCCACCCAGCGTATT_SMC052	SMC052	Control
ATCCACCCATCGTGCG_SMC052	SMC052	Control
ATCCACCGTAATGCGG_SMC052	SMC052	Control
ATCCACCGTAGGTACG_SMC030	SMC030	Control
ATCCACCGTAGGTAGC_SMC033	SMC033	Control
ATCCACCGTGAACGGT_SMC030	SMC030	Control
ATCCACCGTGCAACAG_SMC041	SMC041	AD
ATCCACCTCGGTAACT_SMC035	SMC035	Active control
ATCCACGGTCATCCTC_PO15	PO15	Control
ATCCACGGTGGGTACG_PO11	PO11	AD
ATCCATAGTAACCCTG_PO23	PO23	Control
ATCCATAGTCATGCGC_PO05	PO05	AD
ATCCATTAGCAAGGAA_SMC036	SMC036	AD
ATCCATTAGGCAGGTT_SMC031	SMC031	Active control
ATCCATTCAAGAGTAT_SMC033	SMC033	Control
ATCCATTCAGAACCGA_SMC049	SMC049	AD
ATCCATTCAGTCTTCC_SMC052	SMC052	Control
ATCCATTCATACACCA_SMC033	SMC033	Control
ATCCATTGTACTAGCT_SMC039	SMC039	AD
ATCCATTGTATCGTGT_SMC035	SMC035	Active control
ATCCATTGTGCCTGAC_SMC053	SMC053	Active control
ATCCCCTGTCCATATA_PO23	PO23	Control
ATCCCGCTCCCGCGAA_PO15	PO15	Control
ATCCCTGAGGACTTCT_SMC049	SMC049	AD
ATCCCTGAGTCGTTAC_SMC037	SMC037	Active control
ATCCCTGAGTGGAAAG_SMC049	SMC049	AD
ATCCCTGCACGCTATA_SMC052	SMC052	Control
ATCCCTGCATACAGCT_SMC030	SMC030	Control
ATCCCTGCATCCAATG_SMC030	SMC030	Control
ATCCCTGGTAAGTAGT_SMC049	SMC049	AD
ATCCCTGGTAATGCTC_SMC052	SMC052	Control
ATCCCTGGTGACTCGC_SMC035	SMC035	Active control
ATCCCTGGTGTTCGTA_SMC037	SMC037	Active control
ATCCCTGGTTATCCAG_SMC053	SMC053	Active control
ATCCCTGTCATGTCTT_SMC049	SMC049	AD
ATCCCTGTCGACATAC_SMC053	SMC053	Active control
ATCCCTTAGCTAGACC_PO23	PO23	Control
ATCCCTTAGCTATCTC_PO23	PO23	Control
ATCCGTCAGACTTGTC_SMC038	SMC038	AD
ATCCGTCAGGCGCTTC_SMC052	SMC052	Control
ATCCGTCAGGTTGAGC_SMC033	SMC033	Control
ATCCGTCAGTCCGTCG_SMC031	SMC031	Active control
ATCCGTCAGTCGAGGT_SMC033	SMC033	Control
ATCCGTCCATTCGCAC_PO05	PO05	AD
ATCCGTCGTCGGAACA_SMC053	SMC053	Active control
ATCCGTCTCAAGATAG_SMC037	SMC037	Active control
ATCCGTCTCACTTGGA_SMC049	SMC049	AD
ATCCGTCTCATCGCAA_SMC038	SMC038	AD
ATCCGTCTCCAACACA_SMC041	SMC041	AD
ATCCGTCTCGAGTCCG_SMC038	SMC038	AD
ATCCTAAGTGATGCGG_PO42	PO42	AD
ATCCTAGAGGTCATGC_PO11	PO11	AD
ATCCTATCAATGAACA_SMC031	SMC031	Active control
ATCCTATCACTGTGTA_SMC052	SMC052	Control
ATCCTATCAGAATGTA_SMC049	SMC049	AD
ATCCTATGTAAGTAGT_SMC030	SMC030	Control
ATCCTATGTCACTACA_SMC052	SMC052	Control
ATCCTATGTCCGGCAT_SMC053	SMC053	Active control
ATCCTATTCCTGGGTG_SMC041	SMC041	AD
ATCCTATTCGGTGCAC_SMC049	SMC049	AD
ATCCTATTCTTAGCCC_SMC052	SMC052	Control
ATCCTCACAAGCTTCC_PO42	PO42	AD
ATCCTGAAGGTACAGG_PO23	PO23	Control
ATCCTGTTCCAGATCA_PO42	PO42	AD
ATCCTGTTCGATGTGC_PO13	PO13	Control
ATCGAAGGTAAGCAAT_PO42	PO42	AD
ATCGAAGGTTAGGCAA_PO23	PO23	Control
ATCGATGAGTGGTTGG_SMC052	SMC052	Control
ATCGATGCAGACATCT_SMC052	SMC052	Control
ATCGATGCAGTCCGTG_SMC030	SMC030	Control
ATCGATGCATAGGCGA_SMC035	SMC035	Active control
ATCGATGCATTGTCGA_SMC033	SMC033	Control
ATCGATGGTTAGTTCG_SMC038	SMC038	AD
ATCGATGGTTGCACGC_SMC049	SMC049	AD
ATCGATGTCCCGATCT_SMC053	SMC053	Active control
ATCGATGTCGACATAC_SMC049	SMC049	AD
ATCGCCCTCCAACCGG_PO42	PO42	AD
ATCGCCTCAGCATGCC_SMC031	SMC031	Active control
ATCGCCTCATGGCTGC_SMC038	SMC038	AD
ATCGCCTGTGTCTTGA_SMC053	SMC053	Active control
ATCGGATAGACGGTTG_SMC035	SMC035	Active control
ATCGGATAGAGAGGTA_SMC049	SMC049	AD
ATCGGATAGCACTCAT_SMC049	SMC049	AD
ATCGGATCAAGAATGT_SMC049	SMC049	AD
ATCGGATCACAATGAA_SMC053	SMC053	Active control
ATCGGATCACAGTGTT_SMC030	SMC030	Control
ATCGGATCACCATAAC_SMC053	SMC053	Active control
ATCGGATGTGATTGGG_SMC035	SMC035	Active control
ATCGGATGTTGCATAC_SMC039	SMC039	AD
ATCGGATTCATCGACA_SMC033	SMC033	Control
ATCGGATTCTGGCCAG_SMC033	SMC033	Control
ATCGGATTCTTGGGCG_SMC049	SMC049	AD
ATCGGCGAGGTAAGTT_SMC052	SMC052	Control
ATCGGCGCAACCCTAA_SMC052	SMC052	Control
ATCGGCGCAGTGCCTG_SMC039	SMC039	AD
ATCGGCGGTCATCGGC_SMC030	SMC030	Control
ATCGGCGGTGGTTCTA_SMC038	SMC038	AD
ATCGGCGGTGTGCCTG_SMC038	SMC038	AD
ATCGGCGGTTCGGTCG_SMC053	SMC053	Active control
ATCGGCGGTTGGGAAC_SMC033	SMC033	Control
ATCGGCGTCACAGTGT_SMC033	SMC033	Control
ATCGGTCAGCCAGATC_PO05	PO05	AD
ATCGTAGAGCAGCAGT_SMC052	SMC052	Control
ATCGTAGAGGTCCCGT_SMC052	SMC052	Control
ATCGTAGAGTAACGTA_SMC049	SMC049	AD
ATCGTAGTCAATCAAC_PO23	PO23	Control
ATCGTAGTCATCGCAA_SMC038	SMC038	AD
ATCGTAGTCATTACGG_SMC049	SMC049	AD
ATCGTAGTCCGATTAG_SMC049	SMC049	AD
ATCGTCAAGGATTGCC_PO42	PO42	AD
ATCGTCCAGCGTTACT_SMC038	SMC038	AD
ATCGTCCCAGGTTCAT_SMC052	SMC052	Control
ATCGTCCCATCATCTT_SMC035	SMC035	Active control
ATCGTCCTCCGGTTCT_SMC041	SMC041	AD
ATCGTGAAGAGCCCAA_SMC049	SMC049	AD
ATCGTGAAGCGGTAAC_SMC030	SMC030	Control
ATCGTGAAGGCACTAG_SMC052	SMC052	Control
ATCGTGACAATTGAGA_SMC039	SMC039	AD
ATCGTGACAGTTACCA_SMC030	SMC030	Control
ATCGTGAGTGCTAGCC_SMC027	SMC027	Control
ATCGTGATCTGCTCTG_SMC049	SMC049	AD
ATCTAACAGGTAATTC_PO42	PO42	AD
ATCTAACAGTGAACCC_PO15	PO15	Control
ATCTAACAGTGCGCTG_PO05	PO05	AD
ATCTACTCAGTTGGTG_PO23	PO23	Control
ATCTCTAGTATCGAGG_SMC049	SMC049	AD
ATCTCTATCCAAGCAT_SMC038	SMC038	AD
ATCTGTGAGTAAGTGA_PO28	PO28	AD
ATCTTCAAGTAAACAC_SMC033	SMC033	Control
ATCTTCACAAACACGG_SMC035	SMC035	Active control
ATCTTCACACCTGCGA_SMC049	SMC049	AD
ATCTTCACATCCGCGA_SMC033	SMC033	Control
ATCTTCACATGGCCAC_SMC031	SMC031	Active control
ATCTTCAGTATTTCGG_SMC049	SMC049	AD
ATCTTCAGTCCACGCA_SMC052	SMC052	Control
ATCTTCAGTGATTGGG_SMC031	SMC031	Active control
ATCTTCAGTTGACGGA_SMC052	SMC052	Control
ATCTTCATCAGTAGCC_PO13	PO13	Control
ATCTTCATCGAAATCC_SMC038	SMC038	AD
ATGAAAGAGATTGAGT_SMC041	SMC041	AD
ATGAAAGAGTTGTCAC_SMC052	SMC052	Control
ATGAAAGCACTGAATC_SMC030	SMC030	Control
ATGAAAGCAGCTATAC_SMC030	SMC030	Control
ATGAAAGGTCTCACGG_SMC039	SMC039	AD
ATGAAAGTCATCTGTT_SMC052	SMC052	Control
ATGAACGGTGAGAGTC_PO20	PO20	Control
ATGACCAAGGGCAAGG_SMC035	SMC035	Active control
ATGACCAAGTAAGAGG_SMC032	SMC032	AD
ATGACCACACTAAACC_SMC053	SMC053	Active control
ATGACCACAGCGTTTA_SMC031	SMC031	Active control
ATGACCACATCTAGAC_SMC041	SMC041	AD
ATGACCAGTCGAGTGA_SMC035	SMC035	Active control
ATGACCAGTCGCTTGG_SMC053	SMC053	Active control
ATGACCAGTGGGTTGA_SMC038	SMC038	AD
ATGACCATCTAGCCAA_SMC052	SMC052	Control
ATGACCCAGTGGGTAG_PO05	PO05	AD
ATGAGGGAGTGCTCGC_SMC052	SMC052	Control
ATGAGGGGTATAATGG_SMC052	SMC052	Control
ATGAGGGGTCGTTATG_SMC041	SMC041	AD
ATGAGGGGTCTTGGTA_SMC049	SMC049	AD
ATGAGGGTCACATCAG_SMC052	SMC052	Control
ATGAGGGTCTAATTCC_SMC032	SMC032	AD
ATGAGGGTCTCATGGA_SMC031	SMC031	Active control
ATGAGGGTCTGAGAAA_SMC027	SMC027	Control
ATGAGTCAGAATCGTA_SMC053	SMC053	Active control
ATGAGTCGTTACCCTC_SMC041	SMC041	AD
ATGAGTCTCAAGTAAG_SMC033	SMC033	Control
ATGAGTCTCGTTATCT_SMC041	SMC041	AD
ATGATCCGTTCCAGGC_PO23	PO23	Control
ATGATCGAGACCAAAT_SMC035	SMC035	Active control
ATGATCGAGAGAACCC_SMC052	SMC052	Control
ATGATCGAGAGGACTC_SMC030	SMC030	Control
ATGATCGAGCGGCTCT_SMC037	SMC037	Active control
ATGATCGAGGTGCTAG_SMC052	SMC052	Control
ATGATCGAGTGGTTAA_SMC049	SMC049	AD
ATGATCGGTGCAGGAT_SMC038	SMC038	AD
ATGATCGTCACAAGGG_SMC032	SMC032	AD
ATGATCGTCAGAGTTC_SMC052	SMC052	Control
ATGATCGTCCAAGCTA_SMC033	SMC033	Control
ATGATCGTCCCAGGCA_SMC032	SMC032	AD
ATGATCGTCGGTCATA_SMC035	SMC035	Active control
ATGATCGTCTAGAGCT_SMC029	SMC029	AD
ATGATCGTCTCTATGT_SMC052	SMC052	Control
ATGATGTTCATCTCTA_PO11	PO11	AD
ATGATTGCAAGGTATC_PO42	PO42	AD
ATGCACGCACATAGGT_PO11	PO11	AD
ATGCATGAGAGTGAAG_SMC038	SMC038	AD
ATGCATGAGCCTTTCC_SMC027	SMC027	Control
ATGCATGAGGATACCG_SMC053	SMC053	Active control
ATGCATGCATGAAGGC_SMC052	SMC052	Control
ATGCATGGTATACCCA_SMC052	SMC052	Control
ATGCATGGTATCTCTT_SMC049	SMC049	AD
ATGCATGGTGTAACGG_SMC049	SMC049	AD
ATGCATGTCACCGCTT_SMC033	SMC033	Control
ATGCATGTCTGTCCCA_SMC030	SMC030	Control
ATGCCTAAGGTCACTA_PO20	PO20	Control
ATGCCTCAGGTGTGAC_SMC029	SMC029	AD
ATGCCTCCAACAGCTT_SMC041	SMC041	AD
ATGCCTCGTCTGCATA_SMC049	SMC049	AD
ATGCCTCGTTAACAGA_SMC052	SMC052	Control
ATGCCTCTCCGCAACG_SMC035	SMC035	Active control
ATGCCTCTCTCACTCG_SMC052	SMC052	Control
ATGCCTGGTCCCGTAA_PO05	PO05	AD
ATGCGATAGAGCCATG_SMC033	SMC033	Control
ATGCGATAGTAGGATT_SMC049	SMC049	AD
ATGCGATCAACCAATC_SMC052	SMC052	Control
ATGCGATGTGCTATTG_SMC033	SMC033	Control
ATGCGATGTTGCGGCT_SMC030	SMC030	Control
ATGCGATTCTATCACT_SMC049	SMC049	AD
ATGCGATTCTCCGATC_SMC052	SMC052	Control
ATGCTAACAGCTCACT_PO11	PO11	AD
ATGGACTCAAATGCAC_PO41	PO41	AD
ATGGACTCATGGCGTA_PO42	PO42	AD
ATGGAGGAGACATACA_SMC038	SMC038	AD
ATGGAGGAGACTTCGT_SMC030	SMC030	Control
ATGGAGGAGCATAGGC_SMC033	SMC033	Control
ATGGAGGAGCATGCAG_SMC053	SMC053	Active control
ATGGAGGAGGCGTCCT_SMC030	SMC030	Control
ATGGAGGAGTCATGCT_SMC053	SMC053	Active control
ATGGAGGCAAAGAACT_SMC037	SMC037	Active control
ATGGAGGCACGTTCGG_SMC035	SMC035	Active control
ATGGAGGGTCAGTCTA_SMC053	SMC053	Active control
ATGGAGGTCCCTAGGG_SMC041	SMC041	AD
ATGGAGGTCCGGGACT_SMC029	SMC029	AD
ATGGATCAGCCATTTG_SMC033	SMC033	Control
ATGGATCCACCAATTG_SMC049	SMC049	AD
ATGGATCGTACCCAGC_SMC052	SMC052	Control
ATGGATCGTCTGTCAA_SMC053	SMC053	Active control
ATGGATCTCAGCAATC_SMC030	SMC030	Control
ATGGATCTCATGGGAG_SMC053	SMC053	Active control
ATGGATCTCTTCGATT_SMC049	SMC049	AD
ATGGATGGTTGACGTT_PO05	PO05	AD
ATGGATGGTTTACTGA_PO11	PO11	AD
ATGGCCCGTGCAGTAA_PO05	PO05	AD
ATGGCGAAGCCAGTGT_PO05	PO05	AD
ATGGGAGAGGAACGCT_SMC049	SMC049	AD
ATGGGAGAGTGTCATC_SMC038	SMC038	AD
ATGGGAGCATATCTGG_SMC032	SMC032	AD
ATGGGAGGTGCCTACG_SMC032	SMC032	AD
ATGGGTAGTTAGCTGT_PO23	PO23	Control
ATGGGTTAGCACACCC_SMC038	SMC038	AD
ATGGGTTAGGCAGTCA_SMC037	SMC037	Active control
ATGGGTTAGTAAGCAT_SMC031	SMC031	Active control
ATGGGTTGTACCTATG_SMC041	SMC041	AD
ATGGGTTGTATATGGA_SMC038	SMC038	AD
ATGGGTTGTCGTTATG_SMC035	SMC035	Active control
ATGGTAGGTAAGGTCA_PO41	PO41	AD
ATGGTAGGTAAGTGGC_PO20	PO20	Control
ATGGTCATCGTTAGGC_PO23	PO23	Control
ATGGTGAGTAACCACT_PO23	PO23	Control
ATGGTGGAGTAACGAA_PO23	PO23	Control
ATGGTTGAGCTGGCTC_SMC052	SMC052	Control
ATGGTTGAGTCGCCAC_SMC041	SMC041	AD
ATGGTTGCATCTCGTC_SMC033	SMC033	Control
ATGGTTGCATTCCTCG_SMC052	SMC052	Control
ATGGTTGTCAAACTGC_SMC052	SMC052	Control
ATGGTTGTCACAACCA_SMC033	SMC033	Control
ATGGTTGTCCGTCAAA_SMC049	SMC049	AD
ATGGTTGTCCTAGCTC_SMC038	SMC038	AD
ATGGTTGTCTAACGCA_SMC053	SMC053	Active control
ATGGTTGTCTGGAAGG_SMC035	SMC035	Active control
ATGGTTTAGCGGTCTG_PO42	PO42	AD
ATGTACCGTTGCCTTC_PO05	PO05	AD
ATGTCCCAGAATTGTG_SMC052	SMC052	Control
ATGTCCCAGCGTCAGA_SMC049	SMC049	AD
ATGTCCCAGGAGAGGC_SMC049	SMC049	AD
ATGTCCCCACTGAGTT_SMC053	SMC053	Active control
ATGTCCCCAGGTCCGT_SMC053	SMC053	Active control
ATGTCCCGTAATGATG_SMC031	SMC031	Active control
ATGTCCCTCCCTCTCC_SMC052	SMC052	Control
ATGTCCCTCGCAGAGA_SMC033	SMC033	Control
ATGTCCTTCGTAACCA_PO20	PO20	Control
ATGTCTTCAACCGTGC_SMC031	SMC031	Active control
ATGTCTTCAGCACAAG_SMC049	SMC049	AD
ATGTCTTTCAAGCCCG_SMC052	SMC052	Control
ATGTCTTTCAATCCAG_SMC030	SMC030	Control
ATGTCTTTCATCACAG_SMC053	SMC053	Active control
ATGTGCATCGCGTTAA_PO20	PO20	Control
ATGTGGGAGGCTATAT_PO23	PO23	Control
ATGTTCCTCACTCTCG_PO13	PO13	Control
ATGTTCCTCATGCACA_PO23	PO23	Control
ATTAAGCTCGTTAGTG_PO23	PO23	Control
ATTACCTAGACGACTG_SMC052	SMC052	Control
ATTACCTAGCATGTTC_SMC030	SMC030	Control
ATTACCTAGGAGAATG_SMC052	SMC052	Control
ATTACCTCAATAGTGA_SMC041	SMC041	AD
ATTACCTCACCGGTCA_SMC035	SMC035	Active control
ATTACCTCAGTAACAA_SMC036	SMC036	AD
ATTACCTCATCCTCAC_SMC031	SMC031	Active control
ATTACCTGTTCGAAGG_SMC052	SMC052	Control
ATTACCTGTTCGATTG_SMC049	SMC049	AD
ATTACCTTCCCTTGTG_SMC052	SMC052	Control
ATTACCTTCGGCGATC_SMC041	SMC041	AD
ATTACGTAGTAGCTGC_PO20	PO20	Control
ATTACTCCAAACGGCA_SMC053	SMC053	Active control
ATTACTCCATGGCTGC_SMC049	SMC049	AD
ATTACTCGTACAGCGA_SMC035	SMC035	Active control
ATTACTCGTCGTACAT_SMC031	SMC031	Active control
ATTACTCGTGGTCCGT_SMC037	SMC037	Active control
ATTACTCGTTAGGGAC_SMC041	SMC041	AD
ATTATCCAGCACGGAT_SMC033	SMC033	Control
ATTATCCCAATGCAAA_SMC038	SMC038	AD
ATTATCCCATGAGCCA_PO15	PO15	Control
ATTATCCTCACATTGG_SMC053	SMC053	Active control
ATTCACTAGAAATCCA_SMC053	SMC053	Active control
ATTCACTAGGAAGAAC_SMC049	SMC049	AD
ATTCACTAGGGCAATC_SMC030	SMC030	Control
ATTCACTAGGTTCCAT_SMC032	SMC032	AD
ATTCACTCAACCTATG_SMC035	SMC035	Active control
ATTCACTCACAAGCCC_SMC036	SMC036	AD
ATTCACTGTACCGCGT_SMC038	SMC038	AD
ATTCACTGTTCCGGTG_SMC035	SMC035	Active control
ATTCACTGTTTCTTAC_SMC052	SMC052	Control
ATTCACTTCACCTCGT_SMC049	SMC049	AD
ATTCACTTCCATGCAA_SMC052	SMC052	Control
ATTCACTTCTTCTAAC_SMC036	SMC036	AD
ATTCAGGAGAGGCCAT_SMC049	SMC049	AD
ATTCAGGAGCATACTC_SMC049	SMC049	AD
ATTCAGGAGTCACAGG_SMC030	SMC030	Control
ATTCAGGAGTCGGCAA_SMC031	SMC031	Active control
ATTCAGGCACCAGCCA_SMC052	SMC052	Control
ATTCAGGCAGCGTGAA_SMC049	SMC049	AD
ATTCAGGCATGTGCTA_SMC035	SMC035	Active control
ATTCAGGGTCGCGGTT_SMC052	SMC052	Control
ATTCAGGGTCGTGATT_SMC038	SMC038	AD
ATTCAGGTCCATAGAC_SMC033	SMC033	Control
ATTCAGGTCCGTGGCA_SMC052	SMC052	Control
ATTCAGGTCGAGAAGC_SMC052	SMC052	Control
ATTCATCAGACAGTCG_SMC037	SMC037	Active control
ATTCATCAGAGGCTGT_SMC037	SMC037	Active control
ATTCATCCAAAGCTCT_SMC035	SMC035	Active control
ATTCATCCAATCCTAG_SMC038	SMC038	AD
ATTCATCCACAGCCTT_PO23	PO23	Control
ATTCATCCACTCGATA_SMC030	SMC030	Control
ATTCATCCAGTACTAC_SMC052	SMC052	Control
ATTCATCCATGGTACT_SMC052	SMC052	Control
ATTCATCGTAGCGTCC_SMC041	SMC041	AD
ATTCATCGTTCAGCTA_SMC049	SMC049	AD
ATTCATCTCGGCATCG_SMC052	SMC052	Control
ATTCATCTCGTTGTGA_SMC049	SMC049	AD
ATTCATGGTTTGCACG_PO05	PO05	AD
ATTCCAAGTTGCTTCC_PO23	PO23	Control
ATTCCATAGCGCCTAC_SMC035	SMC035	Active control
ATTCCATAGCTGAGTG_SMC049	SMC049	AD
ATTCCATGTAATTGGA_SMC049	SMC049	AD
ATTCCATGTCGCATTA_SMC052	SMC052	Control
ATTCCATGTGATGGCA_SMC039	SMC039	AD
ATTCCATTCATACGAC_SMC038	SMC038	AD
ATTCCCGAGCGACAGT_SMC053	SMC053	Active control
ATTCCCGCAATAGAGT_SMC052	SMC052	Control
ATTCCCGCAGATTTCG_SMC052	SMC052	Control
ATTCCCGCATCGCTGG_SMC049	SMC049	AD
ATTCCCGGTGAATGTA_SMC033	SMC033	Control
ATTCCCGTCATGGGAG_SMC053	SMC053	Active control
ATTCCCGTCGTGGACC_SMC038	SMC038	AD
ATTCCCGTCTACACTT_SMC052	SMC052	Control
ATTCCCGTCTATCACT_SMC049	SMC049	AD
ATTCCTAAGCAACAGC_SMC031	SMC031	Active control
ATTCCTAAGGGAGTGG_SMC049	SMC049	AD
ATTCCTAGTAACGATA_SMC053	SMC053	Active control
ATTCCTAGTATTCTCT_SMC036	SMC036	AD
ATTCCTAGTCAGTCTA_SMC049	SMC049	AD
ATTCCTATCAAGATAG_SMC027	SMC027	Control
ATTCCTATCTCTCCGA_SMC052	SMC052	Control
ATTCCTATCTGCTCTG_SMC052	SMC052	Control
ATTCCTTGTCATGATC_PO15	PO15	Control
ATTCGATAGCCCTTGC_PO23	PO23	Control
ATTCGCTTCGAAGTCC_PO28	PO28	AD
ATTCGCTTCTGTGGCG_PO28	PO28	AD
ATTCGGGCAAGTGCTG_PO05	PO05	AD
ATTCGTAGTCTAACTA_PO23	PO23	Control
ATTCGTTAGAGCACTG_SMC031	SMC031	Active control
ATTCGTTAGCGGCTCT_SMC031	SMC031	Active control
ATTCGTTAGGTTACCT_SMC033	SMC033	Control
ATTCGTTAGTCGTTAC_SMC030	SMC030	Control
ATTCGTTCAGGTTGGC_PO05	PO05	AD
ATTCGTTCAGTCAGTT_SMC052	SMC052	Control
ATTCGTTGTCTACTGA_SMC037	SMC037	Active control
ATTCGTTTCCTGATAG_SMC031	SMC031	Active control
ATTCTACAGAGCCCAA_SMC035	SMC035	Active control
ATTCTACAGCGCAATG_SMC035	SMC035	Active control
ATTCTACAGGAGACCT_SMC035	SMC035	Active control
ATTCTACAGGCCTGCT_SMC052	SMC052	Control
ATTCTACCATACTGTG_SMC053	SMC053	Active control
ATTCTACCATCATTGG_SMC030	SMC030	Control
ATTCTACTCAGTGTTG_SMC031	SMC031	Active control
ATTCTACTCGATGGAG_SMC031	SMC031	Active control
ATTCTACTCGCTATTT_SMC030	SMC030	Control
ATTCTACTCGTCAGAT_SMC049	SMC049	AD
ATTCTACTCGTTGCCT_SMC038	SMC038	AD
ATTCTTGAGATACCAA_SMC053	SMC053	Active control
ATTCTTGCATAGTCGT_SMC032	SMC032	AD
ATTCTTGGTTCGGGTC_SMC052	SMC052	Control
ATTCTTGTCACTCGAA_SMC049	SMC049	AD
ATTCTTGTCGCGTAGC_SMC037	SMC037	Active control
ATTGAGAAGCCAGGAA_PO20	PO20	Control
ATTGGATTCCATCAGA_PO23	PO23	Control
ATTGGATTCCATCCGC_PO23	PO23	Control
ATTGGCGCAGCTAGAT_PO20	PO20	Control
ATTGGCTGTTATGGAG_PO11	PO11	AD
ATTGGCTGTTGAGGCG_PO23	PO23	Control
ATTGGGTAGACCAGAC_SMC031	SMC031	Active control
ATTGGGTCAATAACCC_SMC041	SMC041	AD
ATTGGGTGTACTAAGA_SMC035	SMC035	Active control
ATTGGGTTCCCTTGTG_SMC032	SMC032	AD
ATTGGGTTCGTCGACG_SMC053	SMC053	Active control
ATTGTTCAGGACAGTC_SMC052	SMC052	Control
ATTGTTCCAAGGTACG_SMC053	SMC053	Active control
ATTGTTCCACCGTACG_SMC049	SMC049	AD
ATTGTTCCAGGAATAT_SMC052	SMC052	Control
ATTGTTCTCATAGCAC_SMC035	SMC035	Active control
ATTGTTCTCATTGGTG_SMC031	SMC031	Active control
ATTGTTCTCCCATTTA_SMC038	SMC038	AD
ATTGTTCTCCCGTAAA_SMC038	SMC038	AD
ATTGTTCTCTAGTGAC_SMC041	SMC041	AD
ATTTACCAGCTTTGTG_SMC038	SMC038	AD
ATTTACCAGTTGCATC_SMC035	SMC035	Active control
ATTTACCAGTTGGAGC_SMC031	SMC031	Active control
ATTTACCCACAACGAG_SMC043	SMC043	AD
ATTTACCCACCCAACG_SMC037	SMC037	Active control
ATTTACCCACTGCGAC_SMC052	SMC052	Control
ATTTACCCAGTCACGC_SMC033	SMC033	Control
ATTTACCGTCGAACGA_SMC033	SMC033	Control
ATTTACCGTTTCGTTT_SMC035	SMC035	Active control
ATTTACCTCAGTCACA_SMC052	SMC052	Control
ATTTACCTCTGAACGT_SMC052	SMC052	Control
ATTTCACAGACAACAT_SMC052	SMC052	Control
ATTTCACAGACGCCCT_SMC049	SMC049	AD
ATTTCACAGATCACCT_SMC049	SMC049	AD
ATTTCACAGCCGTTAT_SMC053	SMC053	Active control
ATTTCACAGTCAGAGC_SMC052	SMC052	Control
ATTTCACAGTCGGCAA_SMC037	SMC037	Active control
ATTTCACCAGGGTCTC_SMC033	SMC033	Control
ATTTCACGTAGACTGG_SMC049	SMC049	AD
ATTTCACTCAAATGCC_SMC033	SMC033	Control
ATTTCACTCCAGGACC_SMC033	SMC033	Control
ATTTCACTCGCAACAT_SMC049	SMC049	AD
ATTTCACTCGGCATTA_SMC052	SMC052	Control
ATTTCACTCTTCGGAA_SMC035	SMC035	Active control
ATTTCTGAGGATCACG_SMC052	SMC052	Control
ATTTCTGAGGCTCACC_SMC053	SMC053	Active control
ATTTCTGCATACAGCT_SMC053	SMC053	Active control
ATTTCTGGTCGGAACA_SMC049	SMC049	AD
ATTTCTGGTTAGGCCC_SMC052	SMC052	Control
ATTTCTGTCCATTGTT_SMC027	SMC027	Control
ATTTCTGTCCCTCTCC_SMC053	SMC053	Active control
ATTTCTGTCCTCGCAT_SMC052	SMC052	Control
CAAACCGCACTCGCCA_PO23	PO23	Control
CAAACCGCATCCTCAA_PO23	PO23	Control
CAAACTTAGCTACGCG_PO42	PO42	AD
CAAAGAAAGAGAACCC_SMC030	SMC030	Control
CAAAGAAAGTAAGCAT_SMC030	SMC030	Control
CAAAGAAAGTCTTGGT_SMC036	SMC036	AD
CAAAGAAGTGTTCCTC_SMC033	SMC033	Control
CAAAGAATCACGATCA_SMC030	SMC030	Control
CAAAGAATCATATGGC_SMC049	SMC049	AD
CAAAGGCGTTCGTCCT_PO05	PO05	AD
CAAAGGCGTTGACGCC_PO20	PO20	Control
CAAATGAAGCATTACG_PO20	PO20	Control
CAAATGTTCAGGACTC_PO42	PO42	AD
CAAATTCAGGCGAGGT_PO42	PO42	AD
CAAATTCAGGCGCTTG_PO28	PO28	AD
CAAATTCAGTAAGGAC_PO05	PO05	AD
CAACAACAGTAGGTTA_SMC053	SMC053	Active control
CAACAACCAGACGCTC_SMC030	SMC030	Control
CAACAACCAGAGACTG_SMC037	SMC037	Active control
CAACAACCAGATACTC_SMC043	SMC043	AD
CAACAACGTATTCCTT_SMC053	SMC053	Active control
CAACAACGTCAGGTGA_SMC052	SMC052	Control
CAACAACGTCCTGTTC_SMC033	SMC033	Control
CAACAACTCGTAATGC_SMC052	SMC052	Control
CAACAACTCTACTGAG_SMC052	SMC052	Control
CAACAGTAGAACTCCT_SMC053	SMC053	Active control
CAACAGTAGATCACCT_SMC053	SMC053	Active control
CAACAGTAGTCACGAG_SMC038	SMC038	AD
CAACAGTCAAGCCAGC_PO20	PO20	Control
CAACAGTCATCGAAGT_PO23	PO23	Control
CAACAGTTCCACGTGG_SMC033	SMC033	Control
CAACAGTTCCGGTAAT_SMC053	SMC053	Active control
CAACAGTTCTTACGGA_SMC033	SMC033	Control
CAACCAAAGTTGCGAG_SMC052	SMC052	Control
CAACCAACATATTCGG_SMC030	SMC030	Control
CAACCAACATGGCCCA_SMC031	SMC031	Active control
CAACCAAGTACTGCGC_SMC049	SMC049	AD
CAACCAAGTGAATTGA_SMC033	SMC033	Control
CAACCAAGTGTGATGG_SMC041	SMC041	AD
CAACCAATCGACCACG_SMC031	SMC031	Active control
CAACCAATCTATTTCG_SMC029	SMC029	AD
CAACCAATCTTCGTGC_SMC038	SMC038	AD
CAACCCTCAATCGTCC_PO11	PO11	AD
CAACCTCAGCGATGCA_SMC049	SMC049	AD
CAACCTCAGGCTCTAT_SMC053	SMC053	Active control
CAACCTCAGGGCCTCT_SMC043	SMC043	AD
CAACCTCCAACCTAAC_SMC032	SMC032	AD
CAACCTCCAACTTGGT_SMC033	SMC033	Control
CAACCTCCAAGATGTA_SMC052	SMC052	Control
CAACCTCCACCCTATC_SMC049	SMC049	AD
CAACCTCGTGACGCCT_SMC041	SMC041	AD
CAACGATAGAGAGGTA_SMC049	SMC049	AD
CAACGATAGTTCCAGT_SMC035	SMC035	Active control
CAACGATCAATTCGTG_SMC049	SMC049	AD
CAACGATCACTCGCTG_PO42	PO42	AD
CAACGATGTCGATGCC_SMC052	SMC052	Control
CAACGATGTCTTCAAG_SMC037	SMC037	Active control
CAACGATTCTTACGGA_SMC033	SMC033	Control
CAACGGCAGTGAATAC_SMC049	SMC049	AD
CAACGGCCACCCTGAG_SMC053	SMC053	Active control
CAACGGCCACCGTGAC_SMC033	SMC033	Control
CAACGGCCATCGTGCG_SMC049	SMC049	AD
CAACGGCTCGCTGACG_SMC033	SMC033	Control
CAACGGCTCGTCGATA_SMC037	SMC037	Active control
CAACGGCTCTTAAGGC_SMC041	SMC041	AD
CAACTGATCCAATGTG_PO28	PO28	AD
CAAGACTCACGAAAGC_SMC035	SMC035	Active control
CAAGACTGTCAACCAT_SMC033	SMC033	Control
CAAGACTGTCCGATCG_SMC038	SMC038	AD
CAAGACTGTGTATTCG_SMC053	SMC053	Active control
CAAGACTGTTAGGGAC_SMC030	SMC030	Control
CAAGACTGTTCAGTAC_SMC038	SMC038	AD
CAAGACTTCACTTGTT_SMC053	SMC053	Active control
CAAGACTTCGCTACGG_SMC037	SMC037	Active control
CAAGACTTCGTCTCAC_SMC038	SMC038	AD
CAAGAGGAGAAAGCGA_SMC052	SMC052	Control
CAAGAGGAGAACGCGT_SMC031	SMC031	Active control
CAAGAGGAGGCCACTC_SMC053	SMC053	Active control
CAAGAGGAGTTAGAAC_SMC052	SMC052	Control
CAAGAGGCAATTGCCA_SMC041	SMC041	AD
CAAGAGGCAGAGATGC_SMC049	SMC049	AD
CAAGAGGCAGCTTCCT_SMC052	SMC052	Control
CAAGAGGGTCATACCA_SMC053	SMC053	Active control
CAAGAGGGTCTAACGT_SMC038	SMC038	AD
CAAGAGGTCCGTACGG_SMC033	SMC033	Control
CAAGCTAAGACATAAC_SMC031	SMC031	Active control
CAAGCTAAGAGAGCAA_SMC052	SMC052	Control
CAAGCTAAGGACTATA_SMC052	SMC052	Control
CAAGCTACACCCTATC_SMC053	SMC053	Active control
CAAGCTACACGGATCC_SMC049	SMC049	AD
CAAGCTAGTCTGTCCT_SMC035	SMC035	Active control
CAAGCTAGTGTCCAAT_SMC032	SMC032	AD
CAAGCTATCATTACCT_SMC052	SMC052	Control
CAAGGGAAGGCACAAC_SMC031	SMC031	Active control
CAAGGGAAGGCGAACT_SMC033	SMC033	Control
CAAGGGAAGTATGATG_SMC037	SMC037	Active control
CAAGGGACAGAGTCAG_SMC052	SMC052	Control
CAAGGGACAGCATCTA_SMC033	SMC033	Control
CAAGGGAGTCCCTCAT_SMC032	SMC032	AD
CAAGGGATCATAGAGA_SMC039	SMC039	AD
CAAGGGGCAACTGTAA_PO42	PO42	AD
CAAGGGGCAATCGAGT_PO11	PO11	AD
CAAGGTAGTGGGTAGT_PO23	PO23	Control
CAAGTAAAGCTAGTAT_PO05	PO05	AD
CAAGTAGGTCATGTGT_PO11	PO11	AD
CAAGTAGGTCTCCACT_PO05	PO05	AD
CAAGTCGCAAGCATTA_PO15	PO15	Control
CAAGTTACATAACCGG_PO42	PO42	AD
CAAGTTTAGGAGGCGT_PO23	PO23	Control
CAATACGCAAACACCT_SMC035	SMC035	Active control
CAATACGCATTCGGGC_SMC052	SMC052	Control
CAATACGGTGTGCTTA_SMC049	SMC049	AD
CAATACGTCCACAGCG_SMC052	SMC052	Control
CAATACGTCTTCTGTA_SMC053	SMC053	Active control
CAATCCTTCGCGCATG_PO05	PO05	AD
CAATCGAAGAGTGTGC_SMC035	SMC035	Active control
CAATCGAAGCTAGAGC_SMC052	SMC052	Control
CAATCGAAGGCTAACG_SMC053	SMC053	Active control
CAATCGAAGTTACTCG_SMC049	SMC049	AD
CAATCGACAAAGAGTT_SMC049	SMC049	AD
CAATCGACACACCGAC_SMC033	SMC033	Control
CAATCGACATGTACGT_SMC049	SMC049	AD
CAATCGAGTACGGTTT_SMC032	SMC032	AD
CAATCGAGTCGATGCC_SMC035	SMC035	Active control
CAATCGATCTAATTCC_SMC038	SMC038	AD
CAATGACAGAGTCGAC_SMC033	SMC033	Control
CAATGACAGCCAAGTG_SMC038	SMC038	AD
CAATGACAGTTAACAG_SMC029	SMC029	AD
CAATGACCACCGCTAG_SMC052	SMC052	Control
CAATGACGTTCGGGTC_SMC052	SMC052	Control
CAATGACGTTCTCGCT_SMC030	SMC030	Control
CAATGACTCAGTCACA_SMC053	SMC053	Active control
CAATGCCAGCCAGGTT_PO23	PO23	Control
CAATGCCAGGGGATGC_PO15	PO15	Control
CAATGGTCAGTTGGTG_PO23	PO23	Control
CAATTAGCAACATAGC_PO41	PO41	AD
CAATTTCAGCACCTGC_SMC033	SMC033	Control
CAATTTCAGCGTTCCG_SMC033	SMC033	Control
CAATTTCAGTATCTGC_SMC031	SMC031	Active control
CAATTTCAGTTCATGC_SMC033	SMC033	Control
CAATTTCCAATACGAC_PO20	PO20	Control
CAATTTCCACAATCCC_PO05	PO05	AD
CAATTTCCAGCCTATA_SMC033	SMC033	Control
CAATTTCCAGGCTATT_SMC043	SMC043	AD
CAATTTCGTGCATGTT_SMC053	SMC053	Active control
CAATTTCTCACCGGGT_SMC031	SMC031	Active control
CAATTTCTCCCATAAG_SMC053	SMC053	Active control
CACAACACACTCACTC_SMC052	SMC052	Control
CACAACACATGTTCAG_SMC052	SMC052	Control
CACAACAGTAGTAAGT_SMC035	SMC035	Active control
CACAACAGTTCCATTT_SMC030	SMC030	Control
CACAACAGTTCTAAGC_SMC052	SMC052	Control
CACAACATCCGGTTAA_PO15	PO15	Control
CACAAGCTCATCGTCT_PO11	PO11	AD
CACACAACACGACAGA_SMC041	SMC041	AD
CACACAACACGGTGTC_SMC053	SMC053	Active control
CACACAATCAAATGAG_SMC049	SMC049	AD
CACACAATCCAATGCA_SMC033	SMC033	Control
CACACAATCGTACACA_SMC037	SMC037	Active control
CACACACAGTCATAGT_PO42	PO42	AD
CACACCCTCGTCTCTG_PO05	PO05	AD
CACACCTCAAATCATG_PO23	PO23	Control
CACAGATAGTATGACA_SMC052	SMC052	Control
CACAGATCACTAAACC_SMC052	SMC052	Control
CACAGATCAGGCATGA_SMC031	SMC031	Active control
CACAGATCAGTAACGG_SMC052	SMC052	Control
CACAGATGTCTACGAT_SMC052	SMC052	Control
CACAGATTCACTGAAC_SMC052	SMC052	Control
CACAGATTCTTCGTAT_SMC037	SMC037	Active control
CACAGGCAGATGGGCT_SMC052	SMC052	Control
CACAGGCAGATTAGCA_SMC030	SMC030	Control
CACAGGCCACCCTAGG_SMC030	SMC030	Control
CACAGGCCAGCTCAAG_PO23	PO23	Control
CACAGGCCATATCGGT_SMC052	SMC052	Control
CACAGGCGTACGTTCA_SMC052	SMC052	Control
CACAGGCGTAGGAGGG_SMC052	SMC052	Control
CACAGGCGTCCACACG_SMC038	SMC038	AD
CACAGGCGTTATTCTC_SMC033	SMC033	Control
CACAGGCTCATCTCTA_SMC039	SMC039	AD
CACAGGTTCTCACCGC_PO23	PO23	Control
CACATAGTCGATAGGG_PO13	PO13	Control
CACATATAGGATTCAT_PO11	PO11	AD
CACATCAAGCCTCTAT_PO42	PO42	AD
CACATCAAGGATGCTC_PO05	PO05	AD
CACATGAAGAGTGAAG_SMC041	SMC041	AD
CACATGACACATTGTG_SMC035	SMC035	Active control
CACATGACAGAGCTAG_SMC039	SMC039	AD
CACATGACAGTCTACA_SMC041	SMC041	AD
CACATGACATATAGCC_SMC039	SMC039	AD
CACATGACATCTAACG_SMC032	SMC032	AD
CACATGAGTCCGGCAT_SMC049	SMC049	AD
CACATGAGTCCTCAGG_SMC037	SMC037	Active control
CACATGAGTCTCGGAC_SMC033	SMC033	Control
CACATGAGTGGCTGAA_SMC032	SMC032	AD
CACATTTCAAGCATCG_PO20	PO20	Control
CACCAAAAGCGACAGT_SMC052	SMC052	Control
CACCAAACAAACCATC_SMC030	SMC030	Control
CACCAAACAGAAGTGC_SMC035	SMC035	Active control
CACCAAACAGGCATGA_SMC049	SMC049	AD
CACCAAACAGGTCCGT_SMC036	SMC036	AD
CACCAAAGTCTCTCTG_SMC053	SMC053	Active control
CACCAAAGTGTTCATG_SMC033	SMC033	Control
CACCAAATCAATCCGA_SMC035	SMC035	Active control
CACCAAATCATCCTAT_SMC052	SMC052	Control
CACCAAATCCTCTCGA_PO05	PO05	AD
CACCAAATCGGCTTCT_SMC053	SMC053	Active control
CACCACCTCATGTGTG_PO23	PO23	Control
CACCAGACAATTAGTG_PO42	PO42	AD
CACCATAAGCCGACTG_PO23	PO23	Control
CACCATCCAATTGGTA_PO41	PO41	AD
CACCCATCATCGACAG_PO13	PO13	Control
CACCCGTTCCAGATTG_PO23	PO23	Control
CACCCTGCATCGACCT_PO11	PO11	AD
CACCCTTGTGATGCCC_PO23	PO23	Control
CACCGAACAAAGGAAT_PO13	PO13	Control
CACCGATAGTAAGGAC_PO11	PO11	AD
CACCGCTTCGATCATG_PO23	PO23	Control
CACCGTTAGTACAGCG_SMC041	SMC041	AD
CACCGTTAGTCCTGCG_SMC033	SMC033	Control
CACCGTTCAACACTAC_SMC033	SMC033	Control
CACCGTTCAACCGGAA_SMC052	SMC052	Control
CACCGTTCACCGTGCA_SMC033	SMC033	Control
CACCGTTCAGCTACTA_SMC033	SMC033	Control
CACCGTTGTCCAGCGT_SMC031	SMC031	Active control
CACCGTTGTGTCGATT_SMC049	SMC049	AD
CACCGTTTCGCATAGT_SMC032	SMC032	AD
CACCGTTTCTCGTCGT_SMC052	SMC052	Control
CACCTCGCATTAGTCT_PO23	PO23	Control
CACGAATAGAATCCCT_SMC049	SMC049	AD
CACGAATAGACACACG_SMC053	SMC053	Active control
CACGAATCAAATGAGT_SMC035	SMC035	Active control
CACGAATCACGCAGTC_SMC052	SMC052	Control
CACGAATGTAGAGCTG_SMC041	SMC041	AD
CACGAATGTCCAGTTA_SMC052	SMC052	Control
CACGAATGTCGTAATC_SMC052	SMC052	Control
CACGAATGTTGTTGAC_SMC031	SMC031	Active control
CACGAATTCAGACATC_SMC052	SMC052	Control
CACGAATTCGGACCAC_SMC049	SMC049	AD
CACGACTAGGAGGCAC_PO23	PO23	Control
CACGACTAGTGATTCG_PO05	PO05	AD
CACGATTGTAACGTAG_PO20	PO20	Control
CACGGGTAGGACGCTA_SMC030	SMC030	Control
CACGGGTCAGAATGTA_SMC043	SMC043	AD
CACGGGTCAGGTATGG_SMC032	SMC032	AD
CACGGGTGTGACTATC_SMC049	SMC049	AD
CACGGGTGTGTTCAGT_SMC052	SMC052	Control
CACGGGTTCGTGTTCC_SMC049	SMC049	AD
CACGGGTTCTCAGAAC_SMC052	SMC052	Control
CACGGGTTCTTGCAAG_SMC041	SMC041	AD
CACGTAATCACTCACT_PO23	PO23	Control
CACGTATGTAATGCTC_PO42	PO42	AD
CACGTGGCAATGAGCG_SMC030	SMC030	Control
CACGTGGCATTCCTCG_SMC041	SMC041	AD
CACGTGGGTGTACGCC_SMC052	SMC052	Control
CACGTGGGTTACCCTC_SMC052	SMC052	Control
CACGTGGTCACGGAGA_SMC049	SMC049	AD
CACGTGGTCCGTGGGT_SMC052	SMC052	Control
CACGTGGTCTAGCATG_SMC027	SMC027	Control
CACGTTCAGGGATCTG_SMC053	SMC053	Active control
CACGTTCCAACGCATT_SMC033	SMC033	Control
CACGTTCCAATACGAA_SMC052	SMC052	Control
CACGTTCGTCGATGCC_SMC053	SMC053	Active control
CACGTTCGTGATACAA_SMC038	SMC038	AD
CACGTTCTCAGGACAG_SMC033	SMC033	Control
CACGTTCTCCTCACGT_SMC052	SMC052	Control
CACGTTCTCGATACAC_SMC053	SMC053	Active control
CACGTTCTCTGTACAG_SMC035	SMC035	Active control
CACTAAGAGACCATAA_SMC039	SMC039	AD
CACTAAGGTGTCGCTG_SMC052	SMC052	Control
CACTAAGTCCGCAGTG_SMC033	SMC033	Control
CACTACAAGATTAAGG_PO13	PO13	Control
CACTACAAGCGAGTAG_PO11	PO11	AD
CACTACCCAAGTGGCC_PO23	PO23	Control
CACTACCCATCCTGGT_PO15	PO15	Control
CACTCCATCCCAGAGT_PO11	PO11	AD
CACTCGCTCAATCACG_PO11	PO11	AD
CACTGAAAGAGCTGAC_SMC033	SMC033	Control
CACTGAAAGTAAAGCT_SMC041	SMC041	AD
CACTGAAGTCTTTCAT_SMC053	SMC053	Active control
CACTGAAGTGGGACAT_SMC052	SMC052	Control
CACTGAATCAATCCAG_SMC037	SMC037	Active control
CACTGAATCATCCTGC_SMC035	SMC035	Active control
CACTGGGAGGTGCCTC_SMC038	SMC038	AD
CACTGGGAGTAAGCAT_SMC052	SMC052	Control
CACTGGGCACATGGTT_SMC052	SMC052	Control
CACTGGGCATGGCTAT_SMC030	SMC030	Control
CACTGGGGTAGATGTA_SMC038	SMC038	AD
CACTGGGGTATTGCCA_SMC053	SMC053	Active control
CACTGGGGTTGGTGTT_SMC052	SMC052	Control
CACTGGGTCAAGCTGT_SMC053	SMC053	Active control
CACTGGGTCACTAGCA_SMC049	SMC049	AD
CACTGGGTCAGACATC_SMC049	SMC049	AD
CACTGGGTCATCCCGT_SMC053	SMC053	Active control
CACTGGGTCCAACTTC_PO42	PO42	AD
CACTGGGTCGAATGAA_PO11	PO11	AD
CACTGGGTCGTTGTGA_SMC029	SMC029	AD
CACTGGGTCTCTGCCA_SMC027	SMC027	Control
CACTGTCAGAGGACTC_SMC033	SMC033	Control
CACTGTCAGCGCTGAA_SMC030	SMC030	Control
CACTGTCAGCTCTATG_SMC032	SMC032	AD
CACTGTCAGTCATGAA_SMC052	SMC052	Control
CACTGTCCATACTTTC_SMC052	SMC052	Control
CACTGTCGTCAAACGG_SMC035	SMC035	Active control
CACTGTCGTTGGTAGG_SMC033	SMC033	Control
CACTGTCTCAGCTCTC_SMC033	SMC033	Control
CACTTCGAGAATCCCT_SMC049	SMC049	AD
CACTTCGAGCAAGTGC_SMC035	SMC035	Active control
CACTTCGAGGGTCACA_SMC035	SMC035	Active control
CACTTCGCAAACTCTG_SMC030	SMC030	Control
CACTTCGCAGCCTATA_SMC052	SMC052	Control
CACTTCGGTCGATGCC_SMC052	SMC052	Control
CACTTCGTCAGAGCAG_SMC038	SMC038	AD
CACTTCGTCCAACACA_SMC049	SMC049	AD
CACTTCGTCGACGAGA_SMC030	SMC030	Control
CACTTCGTCGATTGGT_SMC052	SMC052	Control
CACTTCGTCGCCACTT_SMC037	SMC037	Active control
CAGAGCCAGACATCAA_SMC033	SMC033	Control
CAGAGCCAGACGACTG_SMC031	SMC031	Active control
CAGAGCCAGCAGAAAG_SMC032	SMC032	AD
CAGAGCCAGGTCATAA_SMC049	SMC049	AD
CAGAGCCAGTCGCGAA_SMC031	SMC031	Active control
CAGAGCCAGTCTAGAA_SMC036	SMC036	AD
CAGAGCCCAACGCCCA_SMC053	SMC053	Active control
CAGAGCCCAGTCGTTA_SMC033	SMC033	Control
CAGAGCCCATCGGAAG_SMC052	SMC052	Control
CAGAGCCCATCGTGGC_SMC029	SMC029	AD
CAGAGCCGTATCTTCT_SMC035	SMC035	Active control
CAGAGCCTCAAAGGTA_SMC035	SMC035	Active control
CAGAGCCTCAGTCCGG_SMC035	SMC035	Active control
CAGAGCCTCCAATGCA_SMC033	SMC033	Control
CAGAGCCTCGTAACAC_SMC052	SMC052	Control
CAGATACAGATACTGA_SMC049	SMC049	AD
CAGATACAGGCCTTGC_SMC052	SMC052	Control
CAGATACAGTGTAGTA_SMC033	SMC033	Control
CAGATACCACCTTCGT_SMC030	SMC030	Control
CAGATACCAGCCTACG_SMC049	SMC049	AD
CAGATACCAGCTACCG_SMC052	SMC052	Control
CAGATACCAGGTCAGA_SMC035	SMC035	Active control
CAGATACGTCGTTCAA_SMC032	SMC032	AD
CAGATACGTGAATAAC_SMC049	SMC049	AD
CAGATCAAGCCTGAGA_SMC035	SMC035	Active control
CAGATCAGTCTACGTA_SMC030	SMC030	Control
CAGATCATCCTGCCAT_SMC035	SMC035	Active control
CAGATCATCGATCCAA_SMC031	SMC031	Active control
CAGATTGAGTCAGGGT_SMC052	SMC052	Control
CAGATTGAGTGAATAC_SMC052	SMC052	Control
CAGATTGCACATATCG_SMC038	SMC038	AD
CAGATTGCACGTCATA_SMC038	SMC038	AD
CAGATTGGTCCGAAGA_SMC052	SMC052	Control
CAGATTGGTCGTACTA_SMC053	SMC053	Active control
CAGATTGGTGCACATT_SMC049	SMC049	AD
CAGATTGGTGCCTATA_SMC053	SMC053	Active control
CAGATTGGTGTTATCG_SMC052	SMC052	Control
CAGATTGGTTCTCTCG_SMC033	SMC033	Control
CAGATTGGTTGCCTAA_SMC053	SMC053	Active control
CAGATTGTCAAACCCA_SMC031	SMC031	Active control
CAGATTGTCTGCTTAT_SMC032	SMC032	AD
CAGCAATAGCACCAGA_SMC038	SMC038	AD
CAGCAATAGCAGGTCA_SMC038	SMC038	AD
CAGCAATAGTAGACAT_SMC038	SMC038	AD
CAGCAATCAACCAGAT_PO11	PO11	AD
CAGCAATCACAATCTG_SMC033	SMC033	Control
CAGCAATCACGTAGTT_SMC052	SMC052	Control
CAGCAATCACTAACCA_SMC053	SMC053	Active control
CAGCAATCACTACACA_SMC049	SMC049	AD
CAGCAATTCACTCCGT_SMC052	SMC052	Control
CAGCAATTCAGGACGA_SMC049	SMC049	AD
CAGCAATTCTCGTCGT_SMC053	SMC053	Active control
CAGCAATTCTTGAGCA_SMC052	SMC052	Control
CAGCACGAGAGTGGCT_SMC052	SMC052	Control
CAGCACGAGCTCGGCT_SMC049	SMC049	AD
CAGCACGCAGGCACTC_SMC052	SMC052	Control
CAGCACGCAGTCTTCC_SMC039	SMC039	AD
CAGCACGGTTGTGCAT_SMC031	SMC031	Active control
CAGCACGTCTTCGTAT_SMC049	SMC049	AD
CAGCAGCAGAAAGCGA_SMC039	SMC039	AD
CAGCAGCAGACATAGT_SMC039	SMC039	AD
CAGCAGCAGAGCCGTA_SMC035	SMC035	Active control
CAGCAGCAGAGGTTTA_SMC052	SMC052	Control
CAGCAGCAGATGCTGG_SMC049	SMC049	AD
CAGCAGCAGCTGCCAC_SMC053	SMC053	Active control
CAGCAGCCAAGTGAAG_PO42	PO42	AD
CAGCAGCGTAGTTCCA_SMC049	SMC049	AD
CAGCAGCGTGAGTGAC_SMC030	SMC030	Control
CAGCAGCGTGGTAACG_SMC049	SMC049	AD
CAGCAGCGTTCCGTTC_SMC032	SMC032	AD
CAGCAGCTCCGAACGC_SMC030	SMC030	Control
CAGCAGCTCCTGTAGA_SMC052	SMC052	Control
CAGCAGCTCGAAGCCC_SMC052	SMC052	Control
CAGCATTGTATTGGGA_PO11	PO11	AD
CAGCCAGAGCGAACTG_SMC052	SMC052	Control
CAGCCAGCAACCGACC_SMC043	SMC043	AD
CAGCCAGCAACGGCTC_SMC031	SMC031	Active control
CAGCCAGCACAAGCCC_SMC032	SMC032	AD
CAGCCAGCATTCTTCA_SMC033	SMC033	Control
CAGCCAGGTCTCACAA_SMC052	SMC052	Control
CAGCCAGTCAACCCGG_SMC049	SMC049	AD
CAGCCAGTCGACATAC_SMC031	SMC031	Active control
CAGCCAGTCGGCTGGT_SMC029	SMC029	AD
CAGCCTAGTAGCTCCA_PO42	PO42	AD
CAGCCTAGTTCACCTC_PO23	PO23	Control
CAGCGAGGTAAGCTAG_PO23	PO23	Control
CAGCGAGGTGCATCAT_PO05	PO05	AD
CAGCGATTCGCGTCCT_PO23	PO23	Control
CAGCGTGAGACGGTCA_SMC052	SMC052	Control
CAGCGTGAGGATATAC_SMC052	SMC052	Control
CAGCGTGCAGAGTTCT_SMC049	SMC049	AD
CAGCGTGGTAGTCGGA_SMC032	SMC032	AD
CAGGAACGTCAACGAA_PO28	PO28	AD
CAGGATAGTAATGTCC_PO05	PO05	AD
CAGGCACCATTCGGTC_PO05	PO05	AD
CAGGCCACATCTAACG_SMC052	SMC052	Control
CAGGCCAGTAAGATAC_SMC035	SMC035	Active control
CAGGCCATCGATTGGT_SMC052	SMC052	Control
CAGGCCATCTAAGTAC_PO23	PO23	Control
CAGGCGAGTTCGGTCA_PO42	PO42	AD
CAGGCGAGTTTGGTAC_PO11	PO11	AD
CAGGCTTAGTGGCGAA_PO11	PO11	AD
CAGGGCAGTAGCTCAT_PO05	PO05	AD
CAGGGCTAGATGCTAA_SMC035	SMC035	Active control
CAGGGCTAGCAATTCC_SMC030	SMC030	Control
CAGGGCTAGTTCATCG_SMC038	SMC038	AD
CAGGGCTGTACGGTTT_SMC049	SMC049	AD
CAGGGCTGTCAAACGG_SMC037	SMC037	Active control
CAGGGCTTCCCGTTCA_SMC052	SMC052	Control
CAGGGCTTCTGAGGTT_SMC052	SMC052	Control
CAGGGCTTCTTGATTC_SMC052	SMC052	Control
CAGGGGACAGGTTCGA_PO23	PO23	Control
CAGGGTTTCGATTAAC_PO23	PO23	Control
CAGGTATAGGCTTTCA_SMC049	SMC049	AD
CAGGTATCAACCGACC_SMC041	SMC041	AD
CAGGTATCAACGACAG_SMC052	SMC052	Control
CAGGTATCATGTCGTA_SMC038	SMC038	AD
CAGGTATCATTGGGAG_SMC033	SMC033	Control
CAGGTATGTGACTCGC_SMC049	SMC049	AD
CAGGTATGTTCGGCCA_SMC027	SMC027	Control
CAGGTATTCACTTGTT_SMC033	SMC033	Control
CAGGTATTCCTCTTTC_SMC038	SMC038	AD
CAGGTATTCTACCACC_SMC032	SMC032	AD
CAGGTATTCTCAATCT_SMC052	SMC052	Control
CAGGTATTCTTGAGCA_SMC049	SMC049	AD
CAGGTCCGTGATAGCA_PO11	PO11	AD
CAGGTTATCTGGGAAG_PO20	PO20	Control
CAGTAACCAAGGTGAA_PO41	PO41	AD
CAGTAAGGTTAACTGC_PO42	PO42	AD
CAGTAGCTCCCAGATA_PO15	PO15	Control
CAGTATTAGTAGGCAG_PO13	PO13	Control
CAGTGCGAGCTGAGCA_SMC030	SMC030	Control
CAGTGCGAGGTGCTGA_SMC038	SMC038	AD
CAGTGCGCAACCTAAC_SMC030	SMC030	Control
CAGTGCGGTAACTGCT_SMC033	SMC033	Control
CAGTGCGGTATTCTCT_SMC049	SMC049	AD
CAGTGCGTCACGGTCG_SMC030	SMC030	Control
CAGTGCGTCAGCATTG_SMC033	SMC033	Control
CAGTGCGTCTGAACGT_SMC052	SMC052	Control
CAGTTACGTTCGCTCT_PO23	PO23	Control
CAGTTAGAGCACCAGA_SMC053	SMC053	Active control
CAGTTAGAGGGTGGGA_SMC038	SMC038	AD
CAGTTAGAGTGCACAG_SMC052	SMC052	Control
CAGTTAGAGTGGCAGT_SMC033	SMC033	Control
CAGTTAGCAATCCAGT_SMC041	SMC041	AD
CAGTTAGGTATTTCCT_SMC033	SMC033	Control
CAGTTCCAGAACAAGG_SMC052	SMC052	Control
CAGTTCCAGCATCGAG_SMC029	SMC029	AD
CAGTTCCAGGGCTAAC_SMC035	SMC035	Active control
CAGTTCCAGTAGCTCT_SMC052	SMC052	Control
CAGTTCCAGTCAGCCC_SMC039	SMC039	AD
CAGTTCCCAAATGGAG_PO23	PO23	Control
CAGTTCCCACTTTAGG_SMC049	SMC049	AD
CAGTTCCCAGAACTAA_SMC031	SMC031	Active control
CAGTTCCCAGCTGGTC_SMC033	SMC033	Control
CAGTTCCCATACTGTG_SMC033	SMC033	Control
CAGTTCCCATAGGCGA_SMC038	SMC038	AD
CAGTTCCCATTAGGAA_SMC037	SMC037	Active control
CAGTTCCGTATCGAAA_SMC053	SMC053	Active control
CAGTTCCTCGGTCTGG_SMC052	SMC052	Control
CATAAGCAGAAGAGCA_SMC031	SMC031	Active control
CATAAGCAGCCTGCCA_SMC033	SMC033	Control
CATAAGCCATTACGGT_SMC052	SMC052	Control
CATAAGCGTACTCGTA_SMC049	SMC049	AD
CATAAGCGTGTGTGGA_SMC052	SMC052	Control
CATAAGCTCAACGTGT_SMC049	SMC049	AD
CATAAGCTCGCCTTGT_SMC032	SMC032	AD
CATAAGCTCGTCCATC_SMC030	SMC030	Control
CATACAACATAAGCGT_PO20	PO20	Control
CATACAGAGGCAGGGA_SMC049	SMC049	AD
CATACAGAGTAGCTCT_SMC041	SMC041	AD
CATACAGAGTGTACCT_SMC049	SMC049	AD
CATACAGCACATAGCT_SMC033	SMC033	Control
CATACAGCAGTAGATA_SMC041	SMC041	AD
CATACAGCATCTCAAG_SMC030	SMC030	Control
CATACAGGTATGCTAC_SMC049	SMC049	AD
CATACAGGTGTCTCCT_SMC037	SMC037	Active control
CATACAGGTTACGTAC_SMC049	SMC049	AD
CATACAGTCACTGTCC_SMC053	SMC053	Active control
CATACAGTCCGGGACT_SMC049	SMC049	AD
CATACAGTCGTCCTCA_SMC038	SMC038	AD
CATACCAAGATTCAAC_PO15	PO15	Control
CATACCAAGGTATAGA_PO11	PO11	AD
CATACCAAGGTTGGGA_PO11	PO11	AD
CATACCCAGGTCCTGC_SMC052	SMC052	Control
CATACCCAGGTCGTGA_SMC038	SMC038	AD
CATACCCCAAAGGGAC_PO23	PO23	Control
CATACCCCAAATGATG_SMC049	SMC049	AD
CATACCCCAAGTAGTA_SMC030	SMC030	Control
CATACCCCACGCACCA_SMC053	SMC053	Active control
CATACCCCACTATGTG_SMC033	SMC033	Control
CATACCCCAGCAGTTT_SMC049	SMC049	AD
CATACCCGTCTTTATC_SMC052	SMC052	Control
CATACCCGTGATACCT_SMC049	SMC049	AD
CATACCCGTTAAACAG_SMC041	SMC041	AD
CATACCCGTTAAACCC_SMC038	SMC038	AD
CATACCCTCGGAGTAG_SMC049	SMC049	AD
CATACCTTCCAGGCCA_PO05	PO05	AD
CATACCTTCGAAGCCT_PO42	PO42	AD
CATACCTTCTGGATCA_PO42	PO42	AD
CATACTTAGATTGATG_SMC033	SMC033	Control
CATACTTAGCCGTTGC_SMC033	SMC033	Control
CATACTTAGTGAGCCA_SMC053	SMC053	Active control
CATACTTCAAGCGGTC_PO28	PO28	AD
CATACTTGTAGTCTGT_SMC052	SMC052	Control
CATACTTGTCAAACGG_SMC052	SMC052	Control
CATACTTGTTCTAACG_SMC038	SMC038	AD
CATACTTTCCAATCTT_SMC043	SMC043	AD
CATACTTTCCTACGAA_SMC038	SMC038	AD
CATAGACAGCCGTTGC_SMC035	SMC035	Active control
CATAGACAGTACGAGC_SMC041	SMC041	AD
CATAGACGTCTGTGCG_SMC038	SMC038	AD
CATAGACGTGGAAGTC_SMC052	SMC052	Control
CATAGACTCCGCTGTT_SMC049	SMC049	AD
CATAGAGGTTTGCCAG_PO11	PO11	AD
CATAGATTCACCAGAC_PO05	PO05	AD
CATAGCATCGCGATGT_PO11	PO11	AD
CATAGCCAGGTGAACG_PO23	PO23	Control
CATAGCTGTTCCCTGT_PO15	PO15	Control
CATAGCTGTTTCACTT_PO42	PO42	AD
CATAGGGAGTACCAAT_PO11	PO11	AD
CATAGGTCACCTAACC_PO41	PO41	AD
CATAGGTCACTTGATT_PO20	PO20	Control
CATAGGTCATGCGTTC_PO05	PO05	AD
CATATAGCAACCTACC_PO15	PO15	Control
CATCAAGAGCATGGGT_SMC053	SMC053	Active control
CATCAAGAGGACTATA_SMC053	SMC053	Active control
CATCAAGAGTAGAGTT_SMC038	SMC038	AD
CATCAAGCAGGACATG_SMC052	SMC052	Control
CATCAAGCAGTTCACA_SMC052	SMC052	Control
CATCAAGGTGAACGGT_SMC035	SMC035	Active control
CATCAAGTCCAGCCTT_SMC038	SMC038	AD
CATCAAGTCCTCTAAT_SMC049	SMC049	AD
CATCAAGTCTGGCCGA_SMC035	SMC035	Active control
CATCACAAGGTCATCA_PO05	PO05	AD
CATCACAAGTTGGTCA_PO05	PO05	AD
CATCACCCAAACCTAA_PO15	PO15	Control
CATCACTTCTATCGCT_PO42	PO42	AD
CATCATTCATAACCTT_PO23	PO23	Control
CATCCACAGCACTCTA_SMC052	SMC052	Control
CATCCACAGCTCACTA_SMC049	SMC049	AD
CATCCACAGGATGAGA_SMC052	SMC052	Control
CATCCACAGTGCAAAT_SMC052	SMC052	Control
CATCCACCAACTCGAT_SMC035	SMC035	Active control
CATCCACCACAGAGCA_SMC049	SMC049	AD
CATCCACCAGTAATTG_PO42	PO42	AD
CATCCACCAGTTTCAG_SMC033	SMC033	Control
CATCCACGTGATGAAT_SMC033	SMC033	Control
CATCCACGTGCGAGTA_SMC038	SMC038	AD
CATCCACTCGACGATT_SMC052	SMC052	Control
CATCCAGGTCATGCGC_PO11	PO11	AD
CATCCAGGTTTACACA_PO28	PO28	AD
CATCCCACAAACGAGC_SMC053	SMC053	Active control
CATCCCACAATGAACA_SMC035	SMC035	Active control
CATCCCACACTTCTCG_SMC038	SMC038	AD
CATCCCAGTCTGTCCT_SMC033	SMC033	Control
CATCCCAGTGGACCAA_SMC030	SMC030	Control
CATCCCATCAGATGCT_SMC041	SMC041	AD
CATCCCATCATTACTC_SMC052	SMC052	Control
CATCCCATCGCGACAT_PO42	PO42	AD
CATCCCATCGCTTACC_SMC035	SMC035	Active control
CATCCCATCTAGCCTC_SMC035	SMC035	Active control
CATCCGCTCGATGGGA_PO11	PO11	AD
CATCCGTAGAATCCCT_SMC052	SMC052	Control
CATCCGTAGATTTGCC_SMC030	SMC030	Control
CATCCGTCAACAACAA_SMC037	SMC037	Active control
CATCCGTCAATCGAAA_SMC038	SMC038	AD
CATCCGTGTCCCTAAA_SMC052	SMC052	Control
CATCCGTGTTATCTTC_SMC038	SMC038	AD
CATCCGTTCGGTCGGT_SMC030	SMC030	Control
CATCGCTAGACATACA_SMC036	SMC036	AD
CATCGCTAGACTACCT_SMC041	SMC041	AD
CATCGCTAGGCCTGCT_SMC033	SMC033	Control
CATCGCTAGGTACAAT_SMC049	SMC049	AD
CATCGCTCACAACGAG_SMC038	SMC038	AD
CATCGCTCACCCTTGT_SMC049	SMC049	AD
CATCGCTGTAACAGGC_SMC033	SMC033	Control
CATCGGGAGCTATCTG_SMC041	SMC041	AD
CATCGGGAGTTCCGTA_SMC049	SMC049	AD
CATCGGGCAAATGGTA_SMC035	SMC035	Active control
CATCGGGCAACGTATC_SMC053	SMC053	Active control
CATCGGGCAGCGCTTG_SMC038	SMC038	AD
CATCGGGCAGGACTAG_SMC049	SMC049	AD
CATCGGGTCACGTCCT_SMC053	SMC053	Active control
CATCGGGTCACTGGTA_SMC052	SMC052	Control
CATCGGGTCGGAGATG_SMC049	SMC049	AD
CATCGGGTCTGCACCT_SMC030	SMC030	Control
CATCGTCAGACCCGCT_SMC049	SMC049	AD
CATCGTCAGGTTCACT_SMC039	SMC039	AD
CATCGTCAGTGAGGTC_SMC033	SMC033	Control
CATCGTCCAATCGTAA_PO11	PO11	AD
CATCGTCCACACGGAA_SMC052	SMC052	Control
CATCGTCCAGGAATAT_SMC033	SMC033	Control
CATCGTCGTGGACCTC_SMC049	SMC049	AD
CATCGTCGTTGAAGTA_SMC035	SMC035	Active control
CATCGTCTCCGCAAAT_SMC036	SMC036	AD
CATCGTCTCGCTCATC_SMC033	SMC033	Control
CATCGTCTCTCATGGA_SMC033	SMC033	Control
CATCGTCTCTGCCTGT_SMC035	SMC035	Active control
CATCGTTTCTTGACAG_PO05	PO05	AD
CATCTCACAATGTAGC_PO28	PO28	AD
CATCTCACACTAGCAG_PO11	PO11	AD
CATCTTGCATGACGTG_PO42	PO42	AD
CATGAGTAGAATCGCG_SMC052	SMC052	Control
CATGAGTCACAAATAG_SMC049	SMC049	AD
CATGAGTCATCATGAC_SMC033	SMC033	Control
CATGAGTCATCGGAAG_SMC041	SMC041	AD
CATGAGTGTAACCAGG_SMC049	SMC049	AD
CATGAGTGTCACATTG_SMC035	SMC035	Active control
CATGAGTGTGTGTCCG_SMC035	SMC035	Active control
CATGCAAAGAATGTTG_SMC035	SMC035	Active control
CATGCAAAGAGAATCT_SMC038	SMC038	AD
CATGCAAAGTCACTGT_SMC030	SMC030	Control
CATGCAAAGTTAACAG_SMC052	SMC052	Control
CATGCAACACAACGCC_SMC030	SMC030	Control
CATGCAACATCCCACT_SMC035	SMC035	Active control
CATGCAACATTCTGTT_SMC049	SMC049	AD
CATGCAAGTCGTCGGT_SMC035	SMC035	Active control
CATGCAAGTCTTGCTC_SMC038	SMC038	AD
CATGCAATCAAACCTG_SMC030	SMC030	Control
CATGCAATCCGAGGCT_SMC033	SMC033	Control
CATGCCTAGCACCGAA_SMC036	SMC036	AD
CATGCCTAGTTGAATG_SMC052	SMC052	Control
CATGCCTCAAAGCTCT_SMC041	SMC041	AD
CATGCCTCATTGCCTC_SMC052	SMC052	Control
CATGCCTGTTATCTTC_SMC033	SMC033	Control
CATGCCTTCACGGGCT_SMC035	SMC035	Active control
CATGCGGAGGCATGCA_SMC033	SMC033	Control
CATGCGGAGTTAACGA_SMC041	SMC041	AD
CATGCGGCAGGCACTC_SMC033	SMC033	Control
CATGCGGGTTACGTAC_SMC033	SMC033	Control
CATGCGGTCCTGCCAT_SMC029	SMC029	AD
CATGCGGTCGCACGGT_SMC052	SMC052	Control
CATGCTCAGGGTAATT_SMC041	SMC041	AD
CATGCTCAGTTACTCG_SMC052	SMC052	Control
CATGCTCCACAATGTC_SMC053	SMC053	Active control
CATGCTCCACAGAGAC_SMC032	SMC032	AD
CATGCTCGTAGTGTGG_SMC031	SMC031	Active control
CATGCTCGTGACATCT_SMC030	SMC030	Control
CATGCTCGTTGTTGTG_SMC041	SMC041	AD
CATGGATAGTGAGCCA_SMC052	SMC052	Control
CATGGATAGTGTGTTC_SMC027	SMC027	Control
CATGGATGTACCAATC_SMC049	SMC049	AD
CATGGATGTTTGGGTT_SMC043	SMC043	AD
CATGGATTCGCATAGT_SMC052	SMC052	Control
CATGGATTCTACCTTA_SMC052	SMC052	Control
CATGGATTCTGTCGTC_SMC033	SMC033	Control
CATGGTAAGGATGGCT_SMC035	SMC035	Active control
CATGGTACAAAGCTCT_SMC052	SMC052	Control
CATGGTACATAATCGC_SMC035	SMC035	Active control
CATGGTACATAGATGA_SMC053	SMC053	Active control
CATGGTACATATCTGG_SMC033	SMC033	Control
CATGGTAGTCCTGTTC_SMC052	SMC052	Control
CATGGTAGTCTTGCGG_SMC038	SMC038	AD
CATGGTAGTGACGTCC_SMC033	SMC033	Control
CATGGTAGTGCTCTTC_SMC033	SMC033	Control
CATGGTAGTTGGTGTT_SMC038	SMC038	AD
CATGGTATCATGGGAG_SMC032	SMC032	AD
CATGGTATCCCGGTAG_SMC033	SMC033	Control
CATGGTATCTCATTAC_SMC053	SMC053	Active control
CATGGTATCTGAGGTT_SMC035	SMC035	Active control
CATGTTAGTAACCGGG_PO13	PO13	Control
CATGTTGAGGAGCTAG_PO42	PO42	AD
CATTAGGTCCCCAGCT_PO42	PO42	AD
CATTAGGTCGTTCACT_PO42	PO42	AD
CATTAGTAGGATAGAC_PO42	PO42	AD
CATTAGTAGGTAAGGT_PO05	PO05	AD
CATTCATCAACCACGC_SMC036	SMC036	AD
CATTCATCAACCGTGC_SMC033	SMC033	Control
CATTCATCAAGTGACG_SMC033	SMC033	Control
CATTCATCACAATCTG_SMC035	SMC035	Active control
CATTCATCAGCGAGTA_SMC052	SMC052	Control
CATTCATGTCAAGTTC_SMC053	SMC053	Active control
CATTCATGTGGATCAG_SMC049	SMC049	AD
CATTCATTCCTCTAAT_SMC052	SMC052	Control
CATTCCGAGAAGAACG_SMC038	SMC038	AD
CATTCCGAGGCCACTC_SMC038	SMC038	AD
CATTCCGAGTGAGCCA_SMC049	SMC049	AD
CATTCCGAGTGGATAT_SMC053	SMC053	Active control
CATTCCGGTCCGGTCA_SMC033	SMC033	Control
CATTCCGGTGGTTCTA_SMC052	SMC052	Control
CATTCCGGTTGCCGAC_SMC043	SMC043	AD
CATTCCGTCTAGCCAA_SMC049	SMC049	AD
CATTCGTTCGCGACTG_PO42	PO42	AD
CATTCTAAGGCGAACT_SMC052	SMC052	Control
CATTCTACACGAAGAC_SMC037	SMC037	Active control
CATTCTACAGCTGCCA_SMC033	SMC033	Control
CATTCTACATGGACAG_SMC038	SMC038	AD
CATTCTAGTAGGTACG_SMC038	SMC038	AD
CATTCTAGTGACACGA_SMC053	SMC053	Active control
CATTCTATCACGACTA_SMC035	SMC035	Active control
CATTCTATCGAACCAT_SMC053	SMC053	Active control
CATTCTATCGTCCTCA_SMC049	SMC049	AD
CATTGAGAGCCTTTGA_SMC052	SMC052	Control
CATTGAGAGGCCACTC_SMC052	SMC052	Control
CATTGAGGTACCTATG_SMC052	SMC052	Control
CATTGAGGTAGCACAG_SMC030	SMC030	Control
CATTGAGGTCTCGGAC_SMC049	SMC049	AD
CATTGAGTCGCCGATG_SMC038	SMC038	AD
CATTGAGTCGGTCTAA_SMC038	SMC038	AD
CATTGAGTCTGGGTCG_SMC052	SMC052	Control
CATTGCCAGACTCTTG_SMC052	SMC052	Control
CATTGCCAGCAGGGAG_SMC041	SMC041	AD
CATTGCCAGCGCCTAC_SMC035	SMC035	Active control
CATTGCCAGCGGGTTA_SMC053	SMC053	Active control
CATTGCCAGGTTCTTG_SMC052	SMC052	Control
CATTGCCCAACCAATC_SMC053	SMC053	Active control
CATTGCCCACATGGTT_SMC031	SMC031	Active control
CATTGCCCATCCTCAC_SMC052	SMC052	Control
CATTGCCGTGATACCT_SMC052	SMC052	Control
CATTGCCGTGCTGATT_SMC038	SMC038	AD
CATTGCCGTTAGGGTG_SMC037	SMC037	Active control
CATTGCCTCAAATGCC_SMC049	SMC049	AD
CATTGCCTCCATCTAT_SMC030	SMC030	Control
CATTGCCTCGAGAGCA_SMC035	SMC035	Active control
CATTGCCTCTTGCAGA_SMC033	SMC033	Control
CATTGGGCACAGGCAC_PO20	PO20	Control
CATTGTGAGTCGATAT_PO05	PO05	AD
CATTGTTAGGATGCGT_SMC030	SMC030	Control
CATTGTTAGGATTTAG_SMC038	SMC038	AD
CATTGTTCAGTATGAA_SMC038	SMC038	AD
CATTGTTGTAGGCAGT_SMC033	SMC033	Control
CATTGTTGTGACATCT_SMC049	SMC049	AD
CATTGTTGTGACCTGC_SMC049	SMC049	AD
CATTGTTGTGGATTTC_SMC053	SMC053	Active control
CATTTAGGTGGCAGCA_PO11	PO11	AD
CATTTAGGTTGCGCGT_PO05	PO05	AD
CATTTCAAGCAGGTCA_SMC053	SMC053	Active control
CATTTCAAGCGCACAA_SMC053	SMC053	Active control
CATTTCACATAAGATG_SMC038	SMC038	AD
CATTTCACATTGGGAG_SMC038	SMC038	AD
CATTTCAGTTCAAGTC_SMC038	SMC038	AD
CATTTCATCCATAGGT_SMC038	SMC038	AD
CATTTCATCCTCCACA_SMC052	SMC052	Control
CATTTCATCTTTACAC_SMC030	SMC030	Control
CCAAAGTCAGGATGCC_PO11	PO11	AD
CCAAATTAGGGGTTAG_PO11	PO11	AD
CCAACCCTCCATCGTT_PO41	PO41	AD
CCAACTAAGCTATCAG_PO05	PO05	AD
CCAACTAAGGCATCAC_PO11	PO11	AD
CCAAGCGAGGGTGGGA_SMC053	SMC053	Active control
CCAAGCGCAGAGTGTG_SMC035	SMC035	Active control
CCAAGCGGTAGCTGTT_SMC030	SMC030	Control
CCAAGCGGTTACCCAA_SMC049	SMC049	AD
CCAAGCGTCCAACTAG_SMC049	SMC049	AD
CCAAGCGTCCGTTTCG_SMC030	SMC030	Control
CCAAGGTTCGTACAGC_PO41	PO41	AD
CCAAGTCAGGCGCATT_PO23	PO23	Control
CCAATATAGTATGTGT_PO23	PO23	Control
CCAATGAAGTCCGTCG_SMC049	SMC049	AD
CCAATGACACGCTATA_SMC052	SMC052	Control
CCAATGAGTAGCGATG_SMC030	SMC030	Control
CCAATGAGTCAGGCAA_SMC033	SMC033	Control
CCAATGAGTGGTCCCA_SMC035	SMC035	Active control
CCAATGATCCACAGCG_SMC052	SMC052	Control
CCAATGATCCCATAAG_SMC037	SMC037	Active control
CCAATGATCCGTAATG_SMC049	SMC049	AD
CCAATGATCGATGCTA_SMC052	SMC052	Control
CCAATTAGTAGGTTGA_PO05	PO05	AD
CCAATTAGTCAAGTCT_PO28	PO28	AD
CCAATTAGTTATAGGG_PO13	PO13	Control
CCAATTAGTTCGTCTC_PO23	PO23	Control
CCAATTTAGTAAACTG_SMC032	SMC032	AD
CCAATTTCACGCAGTC_SMC035	SMC035	Active control
CCAATTTCAGCTGTGC_SMC032	SMC032	AD
CCAATTTCAGTCTCTC_SMC049	SMC049	AD
CCAATTTCATTGGCAG_PO42	PO42	AD
CCAATTTGTCAAAGTA_SMC035	SMC035	Active control
CCAATTTGTGATTGGG_SMC035	SMC035	Active control
CCAATTTGTTGCTCAA_SMC041	SMC041	AD
CCAATTTTCGATTTCT_SMC049	SMC049	AD
CCAATTTTCGTTCCCA_SMC035	SMC035	Active control
CCAATTTTCTACACAG_SMC038	SMC038	AD
CCACAAAAGACAGTCG_SMC035	SMC035	Active control
CCACAAAAGACTTAAG_SMC039	SMC039	AD
CCACAAAAGGTCACAG_SMC038	SMC038	AD
CCACAAACAAGCAATA_SMC030	SMC030	Control
CCACAAACACTCCGAG_SMC049	SMC049	AD
CCACAAAGTAGGATAT_SMC041	SMC041	AD
CCACAAAGTATCATGC_SMC052	SMC052	Control
CCACAAAGTCGTACAT_SMC030	SMC030	Control
CCACAACAGCCTGCGA_PO23	PO23	Control
CCACAACAGGAACCGA_PO13	PO13	Control
CCACACTAGAGTCAGC_SMC039	SMC039	AD
CCACACTCAGCTTTCC_SMC052	SMC052	Control
CCACACTCAGGCTACC_SMC052	SMC052	Control
CCACACTGTAGCGAGT_SMC038	SMC038	AD
CCACACTGTATCCTCC_SMC052	SMC052	Control
CCACACTGTGCCTTTC_SMC052	SMC052	Control
CCACACTGTTTACCTT_SMC031	SMC031	Active control
CCACACTTCATCGCCT_SMC053	SMC053	Active control
CCACACTTCTCTTAAC_SMC030	SMC030	Control
CCACATCCATCAAGGT_PO23	PO23	Control
CCACCAAGTAAGTGGC_PO05	PO05	AD
CCACCAAGTTTGCACG_PO23	PO23	Control
CCACCATAGAGCCATG_SMC049	SMC049	AD
CCACCATCACCGTCGA_SMC053	SMC053	Active control
CCACCATCACGGCGTT_SMC052	SMC052	Control
CCACCATCACTATCGA_SMC038	SMC038	AD
CCACCATCAGGTATGG_SMC035	SMC035	Active control
CCACCATCAGTAACCT_SMC052	SMC052	Control
CCACCATCATGTTCAG_SMC052	SMC052	Control
CCACCATGTAGACAAT_SMC033	SMC033	Control
CCACCATGTCGAACAG_SMC052	SMC052	Control
CCACCATGTGTACATC_SMC049	SMC049	AD
CCACCATTCAGACCTA_SMC052	SMC052	Control
CCACCTATCGCGAATC_PO42	PO42	AD
CCACCTGCAGGGCTAC_PO15	PO15	Control
CCACGAACAAGCCAGC_PO23	PO23	Control
CCACGAGGTACAAGTA_SMC052	SMC052	Control
CCACGAGGTATGAGAT_SMC053	SMC053	Active control
CCACGAGTCCCAGTGG_SMC030	SMC030	Control
CCACGAGTCGACCTAA_SMC049	SMC049	AD
CCACGGATCCAGCCTC_PO23	PO23	Control
CCACGGATCGCTAGAC_PO05	PO05	AD
CCACGTTCAATCCATT_PO20	PO20	Control
CCACGTTCACAGCACA_PO11	PO11	AD
CCACGTTCACATTCGA_SMC035	SMC035	Active control
CCACGTTCACTACTTT_SMC031	SMC031	Active control
CCACGTTCACTTACTG_PO11	PO11	AD
CCACGTTCATCCTGAC_PO23	PO23	Control
CCACGTTGTCCTTGTC_SMC033	SMC033	Control
CCACGTTGTCTAACTG_SMC049	SMC049	AD
CCACGTTTCAGACCGC_SMC049	SMC049	AD
CCACGTTTCCCTCGTA_SMC038	SMC038	AD
CCACGTTTCCTGCTAC_SMC041	SMC041	AD
CCACTCGCATGACCCT_PO23	PO23	Control
CCACTTGAGCCTGTCG_SMC037	SMC037	Active control
CCACTTGAGGCCACTC_SMC049	SMC049	AD
CCACTTGCACACCTGG_SMC030	SMC030	Control
CCACTTGCACCAGCGT_SMC043	SMC043	AD
CCACTTGCAGATAAAC_SMC038	SMC038	AD
CCACTTGGTAGAATGT_SMC049	SMC049	AD
CCACTTGGTCGCGTCA_SMC052	SMC052	Control
CCACTTGTCACCGACG_SMC035	SMC035	Active control
CCACTTGTCGTGACTA_SMC038	SMC038	AD
CCAGAATCACATTACT_PO15	PO15	Control
CCAGACCGTCAAGGTA_PO20	PO20	Control
CCAGACTAGGGTAGGC_PO11	PO11	AD
CCAGAGAAGATTCGTG_PO05	PO05	AD
CCAGATTGTATAGACG_PO11	PO11	AD
CCAGCAACATTAGACA_PO15	PO15	Control
CCAGCCAAGTAATGTC_PO20	PO20	Control
CCAGTAATCGCGATAC_PO28	PO28	AD
CCAGTTGGTGGACCGA_PO42	PO42	AD
CCATAAGAGACATAAC_SMC049	SMC049	AD
CCATAAGCAGTTAGAA_SMC049	SMC049	AD
CCATAAGGTCGTATGT_SMC038	SMC038	AD
CCATAAGGTGAGAACC_SMC030	SMC030	Control
CCATAAGTCAGAATAG_SMC030	SMC030	Control
CCATAAGTCTCTGCTG_SMC035	SMC035	Active control
CCATACTTCCCAATTC_PO15	PO15	Control
CCATCACAGTTTCTTC_SMC049	SMC049	AD
CCATCACCAAGCTAAC_PO05	PO05	AD
CCATCACCAGCCATCT_PO42	PO42	AD
CCATCACCAGTGTGGA_SMC038	SMC038	AD
CCATCACTCAGCAATC_SMC033	SMC033	Control
CCATCACTCATCGCTC_SMC052	SMC052	Control
CCATCACTCTCAACCC_SMC038	SMC038	AD
CCATCAGGTTTCGGCA_PO15	PO15	Control
CCATCCGCAATGCCGA_PO23	PO23	Control
CCATGCCTCATGTCTC_PO28	PO28	AD
CCATTTCAGCGATCTA_PO42	PO42	AD
CCCAACTAGAGGATGA_SMC035	SMC035	Active control
CCCAACTCATTGAGCT_SMC049	SMC049	AD
CCCAACTGTAACGCGA_SMC052	SMC052	Control
CCCAACTGTCTGTGGC_SMC052	SMC052	Control
CCCAACTGTTTACGAC_SMC041	SMC041	AD
CCCAACTTCCTTCTTC_SMC049	SMC049	AD
CCCAACTTCTTCACAT_SMC035	SMC035	Active control
CCCACTATCAATGTAC_PO05	PO05	AD
CCCACTATCTAGTCCT_PO15	PO15	Control
CCCACTTGTCAACGGG_PO28	PO28	AD
CCCATAGGTTCCTCAC_PO42	PO42	AD
CCCATCATCGATGATT_PO23	PO23	Control
CCCATGAGTTATGTGC_PO05	PO05	AD
CCCATGAGTTGCAATC_PO23	PO23	Control
CCCATGCTCAGTACGC_PO23	PO23	Control
CCCATTGCACAAGTGG_SMC035	SMC035	Active control
CCCATTGCATTGACTG_SMC041	SMC041	AD
CCCATTGGTATTTCCT_SMC052	SMC052	Control
CCCATTGGTCTGATAC_SMC030	SMC030	Control
CCCATTGGTGAATAAC_SMC043	SMC043	AD
CCCATTGGTGGTAATA_SMC049	SMC049	AD
CCCATTGTCAGCCTTC_SMC030	SMC030	Control
CCCATTGTCCATCTGC_SMC049	SMC049	AD
CCCATTGTCCCATACC_SMC030	SMC030	Control
CCCATTGTCGACTCCT_SMC033	SMC033	Control
CCCATTGTCGCTGTCT_SMC052	SMC052	Control
CCCGAACGTTATCCAA_PO41	PO41	AD
CCCGAAGAGAGTTCGG_SMC049	SMC049	AD
CCCGAAGAGCCTGCCA_SMC049	SMC049	AD
CCCGAAGCACCTTCGT_SMC033	SMC033	Control
CCCGAAGCAGCAAGAC_SMC049	SMC049	AD
CCCGAAGCAGTACTAC_SMC052	SMC052	Control
CCCGAAGGTACGGATG_SMC033	SMC033	Control
CCCGAAGGTAGTAAGT_SMC038	SMC038	AD
CCCGAAGTCAACGAGG_SMC049	SMC049	AD
CCCGAAGTCCGGTAGC_SMC033	SMC033	Control
CCCGAAGTCCTATTTG_SMC052	SMC052	Control
CCCGAAGTCCTTTAGT_SMC030	SMC030	Control
CCCGAAGTCGGATACT_SMC030	SMC030	Control
CCCGCTTAGTACGCCG_PO15	PO15	Control
CCCGGAAAGCCTGACC_SMC030	SMC030	Control
CCCGGAAAGGTTCAGG_SMC038	SMC038	AD
CCCGGAACAACACAAA_SMC052	SMC052	Control
CCCGGAACACGCGCAT_SMC030	SMC030	Control
CCCGGAACAGGTGTTT_SMC033	SMC033	Control
CCCGGAAGTATCGCGC_SMC035	SMC035	Active control
CCCGGAATCCCATAGA_SMC039	SMC039	AD
CCCGGAATCCGTACGG_SMC052	SMC052	Control
CCCGTTGCACCTTCAA_PO13	PO13	Control
CCCTAACAGAGTCAGC_SMC037	SMC037	Active control
CCCTAACAGGTAAAGG_SMC052	SMC052	Control
CCCTAACAGGTAGCCA_SMC052	SMC052	Control
CCCTAACCAATCGCGC_SMC049	SMC049	AD
CCCTAACCACCCTTAC_SMC038	SMC038	AD
CCCTAACCACGACTAT_SMC049	SMC049	AD
CCCTAACGTGACTCGC_SMC033	SMC033	Control
CCCTAACGTTCCATTT_SMC033	SMC033	Control
CCCTAACTCCATGAGT_SMC033	SMC033	Control
CCCTAACTCTAGTGTG_SMC038	SMC038	AD
CCCTAACTCTAGTTCT_SMC052	SMC052	Control
CCCTACGCAAGCGCAC_PO15	PO15	Control
CCCTACGCACTCAACC_PO11	PO11	AD
CCCTAGCTCACATTGG_PO15	PO15	Control
CCCTAGTCAGTTAAGC_PO20	PO20	Control
CCCTATGTCAATTGCG_PO28	PO28	AD
CCCTCAACAAAGGGTC_SMC052	SMC052	Control
CCCTCAACACACCGAC_SMC049	SMC049	AD
CCCTCAACAGTAACCT_SMC049	SMC049	AD
CCCTCAAGTTCCCACT_SMC052	SMC052	Control
CCCTCAAGTTGGAGAC_SMC030	SMC030	Control
CCCTCAATCCCCAGTC_PO11	PO11	AD
CCCTCAATCGACCGAT_PO42	PO42	AD
CCCTCTCAGCCAGAGT_SMC032	SMC032	AD
CCCTCTCCATGGCTGC_SMC052	SMC052	Control
CCCTCTCGTCACAATC_SMC049	SMC049	AD
CCCTCTCGTTAGGGAC_SMC031	SMC031	Active control
CCCTCTCGTTGTACGT_SMC052	SMC052	Control
CCCTGATAGTAACCGG_SMC038	SMC038	AD
CCCTGATTCAGGCGAA_SMC041	SMC041	AD
CCCTGATTCCTAGCCT_SMC037	SMC037	Active control
CCCTGATTCGATCCAA_SMC035	SMC035	Active control
CCCTGATTCGGAGATG_SMC053	SMC053	Active control
CCCTGATTCGTCAAAC_SMC053	SMC053	Active control
CCCTTAGAGAAGTCCG_SMC038	SMC038	AD
CCCTTAGAGCAGCCCT_SMC039	SMC039	AD
CCCTTAGAGCTCCACG_SMC033	SMC033	Control
CCCTTAGGTGCTGTCG_SMC049	SMC049	AD
CCCTTAGGTTTGTGGT_SMC052	SMC052	Control
CCCTTTAGTTCCGGGT_PO20	PO20	Control
CCGAAATCAAGCTGTG_PO05	PO05	AD
CCGAACGAGGTCACCC_SMC052	SMC052	Control
CCGAACGAGTTCGCAT_SMC031	SMC031	Active control
CCGAACGCAATAAGGT_SMC052	SMC052	Control
CCGAACGGTCATCCGG_SMC037	SMC037	Active control
CCGAACGGTCGAGATG_SMC037	SMC037	Active control
CCGAACGGTTTCCAAG_SMC033	SMC033	Control
CCGAACGTCAAGGAGC_SMC049	SMC049	AD
CCGAACGTCACACGAT_SMC052	SMC052	Control
CCGACAACAAATCGCG_PO11	PO11	AD
CCGACAACAGCAGTCA_PO05	PO05	AD
CCGACCTTCCGCCAAG_PO20	PO20	Control
CCGACTTCAATCTGCC_PO23	PO23	Control
CCGACTTCAGGGCTAC_PO28	PO28	AD
CCGATCTAGAAGTCAT_SMC035	SMC035	Active control
CCGATCTAGACCAAGC_SMC035	SMC035	Active control
CCGATCTAGCATGATA_SMC037	SMC037	Active control
CCGATCTCAATGTCAC_SMC036	SMC036	AD
CCGATCTCACTGATTG_SMC053	SMC053	Active control
CCGATCTTCAACTTTC_SMC049	SMC049	AD
CCGATCTTCCTTGAAG_SMC052	SMC052	Control
CCGATCTTCTAATTCC_SMC049	SMC049	AD
CCGATGGAGACGGAAA_SMC052	SMC052	Control
CCGATGGAGATTAGTG_SMC033	SMC033	Control
CCGATGGAGTGGAATT_SMC030	SMC030	Control
CCGATGGAGTGTAGTA_SMC037	SMC037	Active control
CCGATGGCAAAGACGC_SMC038	SMC038	AD
CCGATGGCAGCTAACT_SMC035	SMC035	Active control
CCGATGGTCTCGTGGG_SMC037	SMC037	Active control
CCGATTAAGCGCCTGA_PO42	PO42	AD
CCGCAAGAGAAATCCA_SMC037	SMC037	Active control
CCGCAAGAGATACAGT_SMC052	SMC052	Control
CCGCAAGAGTCAGCCC_SMC049	SMC049	AD
CCGCAAGCAAGCTCTA_SMC052	SMC052	Control
CCGCAAGCACGATAGG_SMC053	SMC053	Active control
CCGCAAGGTGAGATAT_SMC049	SMC049	AD
CCGCAAGGTGGGAGAG_SMC030	SMC030	Control
CCGCAAGGTTGAGAGC_SMC030	SMC030	Control
CCGCAAGTCTAGACAC_SMC031	SMC031	Active control
CCGCAATAGTTAACCG_PO23	PO23	Control
CCGCCATTCACCTGGG_PO42	PO42	AD
CCGCCATTCCCCTGGT_PO42	PO42	AD
CCGCCATTCCCTGACC_PO28	PO28	AD
CCGCCTTAGGGTACTC_PO23	PO23	Control
CCGCGAATCGATAGGG_PO42	PO42	AD
CCGCGATGTGCAATTC_PO28	PO28	AD
CCGCGTTTCGCGTCCT_PO42	PO42	AD
CCGCGTTTCGTGCCTC_PO05	PO05	AD
CCGCGTTTCTGGTAGC_PO11	PO11	AD
CCGCTAGAGCTATCGA_PO23	PO23	Control
CCGGACAAGACGGTTG_SMC038	SMC038	AD
CCGGACAAGCATGCGA_SMC052	SMC052	Control
CCGGACAAGCCGTAAG_SMC030	SMC030	Control
CCGGACAAGCCTTTGA_SMC033	SMC033	Control
CCGGACAAGCTACTGT_SMC052	SMC052	Control
CCGGACAAGTTGTAAG_SMC049	SMC049	AD
CCGGACACAAATACGA_SMC031	SMC031	Active control
CCGGACACAAATCAAG_SMC035	SMC035	Active control
CCGGACACAACCGTAT_SMC035	SMC035	Active control
CCGGACACAAGATCCT_SMC027	SMC027	Control
CCGGACACACTAACGT_SMC049	SMC049	AD
CCGGACACACTATGTG_SMC035	SMC035	Active control
CCGGACAGTCCAACGC_SMC043	SMC043	AD
CCGGACAGTCCTATAG_SMC052	SMC052	Control
CCGGACAGTTACCCTC_SMC037	SMC037	Active control
CCGGACATCCTTGAAG_SMC052	SMC052	Control
CCGGACATCGATGGAG_SMC030	SMC030	Control
CCGGACATCTGGGCGT_SMC049	SMC049	AD
CCGGATTAGCTTACAG_PO41	PO41	AD
CCGGCTAAGCGATGGA_PO15	PO15	Control
CCGGGTAAGCAGTACG_SMC032	SMC032	AD
CCGGGTAAGGTTAAAC_SMC030	SMC030	Control
CCGGGTAAGTCAGCCC_SMC052	SMC052	Control
CCGGGTAGTCTACGTA_SMC033	SMC033	Control
CCGGGTAGTGCATACT_SMC036	SMC036	AD
CCGGGTATCCCATACC_SMC031	SMC031	Active control
CCGGGTATCTGCCTGT_SMC035	SMC035	Active control
CCGGTAGCAAGGTACG_SMC031	SMC031	Active control
CCGGTAGCATGCGGTC_SMC052	SMC052	Control
CCGGTAGGTGTGTCCG_SMC052	SMC052	Control
CCGGTAGTCCACTTCG_SMC052	SMC052	Control
CCGGTAGTCGTTGTAG_SMC038	SMC038	AD
CCGGTCAAGCAAGGCA_PO11	PO11	AD
CCGGTGAAGACGCTCC_SMC030	SMC030	Control
CCGGTGAAGCCACAAG_SMC049	SMC049	AD
CCGGTGACAACTGCTA_SMC041	SMC041	AD
CCGGTGACACATGTTG_SMC033	SMC033	Control
CCGGTGACAGACAATA_SMC049	SMC049	AD
CCGGTGACAGCCGTCA_SMC052	SMC052	Control
CCGGTGACATAGGTAA_SMC036	SMC036	AD
CCGGTGAGTCCTTGTC_SMC052	SMC052	Control
CCGGTGATCCAACTAG_SMC049	SMC049	AD
CCGGTGATCCGAACGC_SMC033	SMC033	Control
CCGGTTAGTGATGCCC_PO11	PO11	AD
CCGTAATGTTGACGGG_PO11	PO11	AD
CCGTAATGTTGTGACT_PO23	PO23	Control
CCGTAGGAGAATACAC_SMC041	SMC041	AD
CCGTAGGCATAGATCC_SMC033	SMC033	Control
CCGTAGGGTACCGTCG_SMC052	SMC052	Control
CCGTAGGGTCTCAGAT_SMC041	SMC041	AD
CCGTAGGGTGGATGAC_SMC052	SMC052	Control
CCGTAGGGTTGTTGTG_SMC037	SMC037	Active control
CCGTAGGTCACCATGA_SMC037	SMC037	Active control
CCGTAGGTCCGAGAAG_SMC033	SMC033	Control
CCGTAGGTCTCGTCGT_SMC039	SMC039	AD
CCGTATGGTTTGAGAG_PO23	PO23	Control
CCGTCAAGTGACGACG_PO15	PO15	Control
CCGTCCACAAGCTATA_PO23	PO23	Control
CCGTCGTTCCAGCATA_PO28	PO28	AD
CCGTCTATCATGCGCG_PO05	PO05	AD
CCGTGAGAGAGTCAAT_SMC033	SMC033	Control
CCGTGAGAGTCATAGA_SMC035	SMC035	Active control
CCGTGAGCACTAACGT_SMC049	SMC049	AD
CCGTGAGCATGAGAAT_SMC038	SMC038	AD
CCGTGAGGTATGGAGC_SMC033	SMC033	Control
CCGTGAGGTCGAAGCA_SMC052	SMC052	Control
CCGTGAGGTGTCACAT_SMC036	SMC036	AD
CCGTGAGGTGTTCATG_SMC038	SMC038	AD
CCGTGAGGTTTGGAAA_SMC031	SMC031	Active control
CCGTGAGTCGGACCAC_SMC053	SMC053	Active control
CCGTGAGTCTCTCTAA_SMC033	SMC033	Control
CCGTGATAGGCTTGGT_PO11	PO11	AD
CCGTGCTTCAGCCTAA_PO05	PO05	AD
CCGTGTTCATTACTCG_PO20	PO20	Control
CCGTTAGGTGAGGCAT_PO42	PO42	AD
CCGTTCAAGGACACTG_SMC031	SMC031	Active control
CCGTTCAAGGTCCTGC_SMC053	SMC053	Active control
CCGTTCACAATACCTG_SMC049	SMC049	AD
CCGTTCACAGCAGTCC_SMC049	SMC049	AD
CCGTTCACATGGGTCC_SMC049	SMC049	AD
CCGTTCAGTGCCCACA_SMC052	SMC052	Control
CCGTTCATCACGAACT_SMC030	SMC030	Control
CCGTTCATCTTGCAAG_SMC038	SMC038	AD
CCGTTGGAGATTCCCT_PO05	PO05	AD
CCTAACCAGGGCTTCC_SMC038	SMC038	AD
CCTAACCAGGTCGTCC_SMC033	SMC033	Control
CCTAACCCATAGGAGC_SMC029	SMC029	AD
CCTAACCCATTCGTGC_PO28	PO28	AD
CCTAACCGTACCTATG_SMC033	SMC033	Control
CCTAACCGTAGTAAGT_SMC038	SMC038	AD
CCTAACCGTATGGAGC_SMC052	SMC052	Control
CCTAACCGTGAATATG_SMC052	SMC052	Control
CCTAACCGTGACACGA_SMC035	SMC035	Active control
CCTAACCGTTCGCGTG_SMC038	SMC038	AD
CCTAACCGTTCTCCAC_SMC049	SMC049	AD
CCTAACCTCAACGCTA_SMC052	SMC052	Control
CCTAACCTCGTTGTGA_SMC041	SMC041	AD
CCTAACCTCTTGAACG_SMC049	SMC049	AD
CCTAACTTCATAGGAA_PO15	PO15	Control
CCTAAGAAGCGTCTGC_SMC035	SMC035	Active control
CCTAAGAAGGGCCAAT_SMC052	SMC052	Control
CCTAAGAAGTCATCGT_SMC029	SMC029	AD
CCTAAGACAGAAGTTA_SMC035	SMC035	Active control
CCTAAGACATCATCTT_SMC035	SMC035	Active control
CCTAAGAGTAGTCGGA_SMC035	SMC035	Active control
CCTAAGAGTCCAAATC_SMC052	SMC052	Control
CCTAAGAGTCCACAGC_SMC031	SMC031	Active control
CCTAAGATCCACGTGG_SMC052	SMC052	Control
CCTAAGATCGACATTG_SMC039	SMC039	AD
CCTAAGATCGCTATTT_SMC038	SMC038	AD
CCTAATGAGCATTCGA_PO15	PO15	Control
CCTAATGAGGTAGCCT_PO05	PO05	AD
CCTACAGGTGCGGATG_PO42	PO42	AD
CCTACAGGTTGGTTCG_PO42	PO42	AD
CCTACGTAGCACCGTC_SMC027	SMC027	Control
CCTACGTAGCCGTTGC_SMC049	SMC049	AD
CCTACGTCAGTTTCGA_SMC049	SMC049	AD
CCTACGTGTGTCATTG_SMC052	SMC052	Control
CCTACGTTCAACTGGT_SMC041	SMC041	AD
CCTACGTTCCGCACGA_SMC053	SMC053	Active control
CCTAGGTAGCATGGAG_PO23	PO23	Control
CCTATCCGTAGCGAGT_PO42	PO42	AD
CCTATCGAGCCACCGT_SMC041	SMC041	AD
CCTATCGAGTCATCCA_SMC049	SMC049	AD
CCTATCGCAGAACGCA_SMC052	SMC052	Control
CCTATCGCAGGTCCCA_SMC041	SMC041	AD
CCTATCGCATCGTGCG_SMC052	SMC052	Control
CCTATCGGTACTGGGA_SMC039	SMC039	AD
CCTATCGGTCCAAAGG_SMC030	SMC030	Control
CCTATCGGTCGGCCTA_SMC053	SMC053	Active control
CCTATCGGTTGAATCC_SMC053	SMC053	Active control
CCTATCGTCGGTTCAA_SMC053	SMC053	Active control
CCTATGAAGTTAGGAA_PO13	PO13	Control
CCTATGTTCACTTCAC_PO23	PO23	Control
CCTATGTTCATGCGCG_PO11	PO11	AD
CCTCAACAGCGTCGAA_SMC038	SMC038	AD
CCTCAACAGCTAAGTA_SMC032	SMC032	AD
CCTCAACAGGCACTCC_SMC031	SMC031	Active control
CCTCAACAGGCCACCT_SMC038	SMC038	AD
CCTCAACCAACCAGAG_SMC041	SMC041	AD
CCTCAACCAAGCAATA_SMC031	SMC031	Active control
CCTCAACGTCTGTAGT_SMC052	SMC052	Control
CCTCAACGTGCCAAGA_SMC033	SMC033	Control
CCTCAACGTTTAGACC_SMC035	SMC035	Active control
CCTCAACTCATCCTGC_SMC035	SMC035	Active control
CCTCAAGGTAACGTCT_PO20	PO20	Control
CCTCAAGGTCAGCCTA_PO23	PO23	Control
CCTCAATTCCACGGCA_PO23	PO23	Control
CCTCAATTCGTTCACT_PO23	PO23	Control
CCTCACAAGCCTCAAT_SMC052	SMC052	Control
CCTCACACAGGTGAGT_SMC049	SMC049	AD
CCTCACACAGTGGGTA_SMC049	SMC049	AD
CCTCACACATACGCAT_SMC053	SMC053	Active control
CCTCACAGTAACCCTA_SMC049	SMC049	AD
CCTCACAGTCGTCAGC_SMC049	SMC049	AD
CCTCACAGTGGATCAG_SMC052	SMC052	Control
CCTCACATCATTTCGT_SMC053	SMC053	Active control
CCTCACATCCGATAAC_SMC053	SMC053	Active control
CCTCACATCGGTAAGG_SMC035	SMC035	Active control
CCTCAGTCAACAACAA_SMC037	SMC037	Active control
CCTCAGTCACACCTTC_SMC049	SMC049	AD
CCTCAGTCAGTCAGCC_SMC033	SMC033	Control
CCTCAGTCATGGTTAA_PO11	PO11	AD
CCTCAGTGTAACTTCG_SMC049	SMC049	AD
CCTCAGTGTTGCCATA_SMC032	SMC032	AD
CCTCAGTTCGCTGATA_SMC052	SMC052	Control
CCTCAGTTCTTCCCAG_SMC049	SMC049	AD
CCTCATGAGGAGTCTG_SMC052	SMC052	Control
CCTCATGAGGATGGCT_SMC049	SMC049	AD
CCTCATGCACAGCATT_SMC035	SMC035	Active control
CCTCATGCATGAAAGT_SMC052	SMC052	Control
CCTCATGCATTAGGAA_SMC030	SMC030	Control
CCTCATGTCAAAGGTA_SMC030	SMC030	Control
CCTCCAAAGGCCACTC_SMC053	SMC053	Active control
CCTCCAAGTGCATACT_SMC052	SMC052	Control
CCTCCTCAGTCCCGAC_SMC036	SMC036	AD
CCTCCTCCACGCCAGT_SMC052	SMC052	Control
CCTCCTCGTAATCAAG_SMC035	SMC035	Active control
CCTCCTCGTACCAATC_SMC038	SMC038	AD
CCTCCTCGTATCCTTT_SMC053	SMC053	Active control
CCTCCTCGTGTTGATC_SMC033	SMC033	Control
CCTCCTCGTTCTCTCG_SMC041	SMC041	AD
CCTCCTCTCGACTCCT_SMC052	SMC052	Control
CCTCCTGGTTCCTCTA_PO15	PO15	Control
CCTCGATCAAACTGAC_PO20	PO20	Control
CCTCGATCACCTCGAT_PO42	PO42	AD
CCTCTAACATCCAATT_PO15	PO15	Control
CCTCTAACATTAGCAA_PO23	PO23	Control
CCTCTAGAGAAACCCG_SMC038	SMC038	AD
CCTCTAGAGACGACGT_SMC052	SMC052	Control
CCTCTAGAGAGTCTTC_SMC033	SMC033	Control
CCTCTAGCAAGTATCC_SMC049	SMC049	AD
CCTCTAGGTCTCAAGT_SMC038	SMC038	AD
CCTCTAGTCGTCGCTT_SMC035	SMC035	Active control
CCTCTCAAGGTAGTCC_PO20	PO20	Control
CCTCTCCAGTGCAGGT_SMC035	SMC035	Active control
CCTCTCCAGTTCAACC_SMC041	SMC041	AD
CCTCTCCCAAGTGGTG_SMC033	SMC033	Control
CCTCTCCCAATAACCC_SMC053	SMC053	Active control
CCTCTCCGTTTACCAG_SMC039	SMC039	AD
CCTCTCCTCTTGGTCC_SMC039	SMC039	AD
CCTGAGACATAAGTCA_PO05	PO05	AD
CCTGAGTAGGTATCTG_PO05	PO05	AD
CCTGATCCACAAGCTG_PO11	PO11	AD
CCTGATCCACTCGGAA_PO42	PO42	AD
CCTGATGGTGAGTAGC_PO11	PO11	AD
CCTGATGGTTGCTTGG_PO20	PO20	Control
CCTGATTTCAATCGGC_PO23	PO23	Control
CCTGCATAGAACTCCT_SMC041	SMC041	AD
CCTGCATAGACTACGG_SMC031	SMC031	Active control
CCTGCATAGGCCGCTT_SMC033	SMC033	Control
CCTGCATAGTGAGGCT_SMC049	SMC049	AD
CCTGCATCAACATACC_SMC052	SMC052	Control
CCTGCATCACGATAGG_SMC052	SMC052	Control
CCTGCATCACGTGAGA_SMC053	SMC053	Active control
CCTGCATGTAGGAGGG_SMC049	SMC049	AD
CCTGCATTCGCTAGCG_SMC038	SMC038	AD
CCTGCATTCGTTGTGA_SMC035	SMC035	Active control
CCTGTGGAGCCAATCA_PO15	PO15	Control
CCTGTGGAGTTACCCT_PO11	PO11	AD
CCTGTTGAGCGTGAGT_SMC052	SMC052	Control
CCTGTTGAGGCGAAGG_SMC038	SMC038	AD
CCTGTTGCAGAACATA_SMC052	SMC052	Control
CCTGTTGGTACGCTTA_SMC033	SMC033	Control
CCTGTTGGTCGAACAG_SMC052	SMC052	Control
CCTGTTGGTCTTGTCC_SMC030	SMC030	Control
CCTGTTGGTTGGCCTG_SMC049	SMC049	AD
CCTGTTGTCGCTATCT_PO11	PO11	AD
CCTTAATCAACGTTAA_PO20	PO20	Control
CCTTAGCCACATTAGA_PO23	PO23	Control
CCTTCAGAGCTGACCC_SMC037	SMC037	Active control
CCTTCAGCACCTGAAT_SMC052	SMC052	Control
CCTTCAGGTATTGACC_SMC033	SMC033	Control
CCTTCAGGTCCGGTGT_SMC049	SMC049	AD
CCTTCAGGTCCGTACG_SMC033	SMC033	Control
CCTTCAGTCCGTGTCT_SMC052	SMC052	Control
CCTTCAGTCCGTTGAA_SMC037	SMC037	Active control
CCTTCCTTCGATGGGA_PO20	PO20	Control
CCTTCGATCCTTCGAT_PO11	PO11	AD
CCTTGAAAGGTGAGCA_PO23	PO23	Control
CCTTGAAAGTAGACTT_PO15	PO15	Control
CCTTGAGGTTGCATCG_PO20	PO20	Control
CCTTGGTCAGTACTCC_PO42	PO42	AD
CCTTGTGCACACCGAC_SMC052	SMC052	Control
CCTTGTGGTCCCAAAT_SMC030	SMC030	Control
CCTTGTGGTGGCCTCA_SMC049	SMC049	AD
CCTTGTGGTGTCCCTT_SMC037	SMC037	Active control
CCTTTAATCGACCGAT_PO23	PO23	Control
CCTTTAATCTATCGTC_PO11	PO11	AD
CCTTTGGAGAAACTAC_SMC053	SMC053	Active control
CCTTTGGAGCCTGAAG_SMC052	SMC052	Control
CCTTTGGAGGGCAGTT_SMC052	SMC052	Control
CCTTTGGCAACTTGGT_SMC052	SMC052	Control
CCTTTGGCAGGACTAG_SMC038	SMC038	AD
CCTTTGGGTTCTCTAT_SMC049	SMC049	AD
CCTTTGGTCACAATGC_SMC049	SMC049	AD
CCTTTGGTCGATGCCG_PO20	PO20	Control
CGAACCACAATACTGA_PO15	PO15	Control
CGAACGAAGATTACCG_PO20	PO20	Control
CGAACGAAGGATCCAC_PO42	PO42	AD
CGAACGGGTCCCGAAC_PO05	PO05	AD
CGAACTATCATGCGGT_PO11	PO11	AD
CGAACTATCCCGCAGA_PO13	PO13	Control
CGAACTTGTCCCGATA_PO20	PO20	Control
CGAAGCAAGTAAGTTC_PO42	PO42	AD
CGAAGGACAATCTGCA_SMC038	SMC038	AD
CGAAGGACACGTGAGA_SMC035	SMC035	Active control
CGAAGGACAGCCGTCA_SMC052	SMC052	Control
CGAAGGACAGGTGTTT_SMC052	SMC052	Control
CGAAGGACATATACCG_SMC033	SMC033	Control
CGAAGGAGTAAGACCG_SMC035	SMC035	Active control
CGAAGGAGTATTCCGA_SMC033	SMC033	Control
CGAAGGAGTGACGCCT_SMC053	SMC053	Active control
CGAAGGAGTGTAGGAC_SMC035	SMC035	Active control
CGAAGGAGTTCATCTT_SMC037	SMC037	Active control
CGAAGGAGTTGGACCC_SMC036	SMC036	AD
CGAAGTTCAGAGTTCT_SMC038	SMC038	AD
CGAAGTTGTCACGCTG_SMC049	SMC049	AD
CGAAGTTGTGTGTGTT_SMC041	SMC041	AD
CGAAGTTGTTAAGAAC_SMC052	SMC052	Control
CGAAGTTTCAGTCACA_SMC053	SMC053	Active control
CGAATCTGTGAGCAGT_PO28	PO28	AD
CGAATCTGTTGCGACC_PO23	PO23	Control
CGAATCTGTTGCGGCT_PO23	PO23	Control
CGAATTGAGCGAACTG_SMC032	SMC032	AD
CGAATTGAGGGTACGT_SMC038	SMC038	AD
CGAATTGCATCCTATT_SMC052	SMC052	Control
CGAATTGGTCGAATGG_SMC049	SMC049	AD
CGAATTGGTGAACTAA_SMC035	SMC035	Active control
CGAATTGGTGCTCCGA_SMC052	SMC052	Control
CGAATTGTCCTCGATC_SMC049	SMC049	AD
CGAATTGTCGGCTGTG_SMC052	SMC052	Control
CGAATTGTCTCCGAGG_SMC049	SMC049	AD
CGAATTTAGTCGACGT_PO05	PO05	AD
CGAATTTAGTGACGGA_PO11	PO11	AD
CGACAGCAGAAGAACG_SMC052	SMC052	Control
CGACAGCCACATTCTT_SMC037	SMC037	Active control
CGACAGCGTCCTACGG_SMC041	SMC041	AD
CGACAGCTCAGCTTGA_SMC038	SMC038	AD
CGACCATAGCGAAGTG_PO42	PO42	AD
CGACCATAGTTACGCA_PO11	PO11	AD
CGACCTAGTCAGCCGT_PO28	PO28	AD
CGACCTAGTGAGTCGG_PO05	PO05	AD
CGACTAATCAAGTTCG_PO05	PO05	AD
CGACTGGTCCCAGATA_PO05	PO05	AD
CGAGAAGCATAACGGG_SMC039	SMC039	AD
CGAGAAGGTACTAGCT_SMC035	SMC035	Active control
CGAGAAGGTGTTAACC_SMC035	SMC035	Active control
CGAGAAGTCATTCATC_SMC037	SMC037	Active control
CGAGAAGTCGATGGAG_SMC029	SMC029	AD
CGAGAAGTCGGTCGAC_SMC035	SMC035	Active control
CGAGAAGTCTCATGGA_SMC038	SMC038	AD
CGAGCACCAATCCGCT_PO05	PO05	AD
CGAGCAGGTTGGTCAT_PO28	PO28	AD
CGAGCCTGTAATCGTC_PO23	PO23	Control
CGAGCCTGTGGCAGCA_PO42	PO42	AD
CGAGCCTGTTTAGGCT_PO15	PO15	Control
CGAGCGAGTGAACGAC_PO23	PO23	Control
CGAGGAAAGACATCCT_SMC053	SMC053	Active control
CGAGGAAAGACGGATC_SMC052	SMC052	Control
CGAGGAAAGATTGCGG_SMC053	SMC053	Active control
CGAGGAAAGCACTAAA_SMC038	SMC038	AD
CGAGGAAAGTCTCCTC_SMC032	SMC032	AD
CGAGGAAGTCGGAAAC_SMC052	SMC052	Control
CGAGGAAGTGGATTTC_SMC035	SMC035	Active control
CGAGGATGTATGGTAG_PO23	PO23	Control
CGAGGCTAGGGACTGT_SMC033	SMC033	Control
CGAGGCTAGTCACAGG_SMC038	SMC038	AD
CGAGGCTAGTCTAACC_SMC038	SMC038	AD
CGAGGCTGTGGGCTTC_SMC035	SMC035	Active control
CGAGGCTGTTTCACTT_SMC052	SMC052	Control
CGAGGCTTCACTGTCC_SMC030	SMC030	Control
CGAGGCTTCGACATAC_SMC035	SMC035	Active control
CGAGGCTTCTGTACAG_SMC038	SMC038	AD
CGAGGCTTCTTACCAT_SMC053	SMC053	Active control
CGAGGGACATGAGTTA_PO20	PO20	Control
CGAGTCCGTCAGTGCC_PO20	PO20	Control
CGAGTGCGTTTAGTCG_SMC049	SMC049	AD
CGAGTGCTCAGGGATG_SMC053	SMC053	Active control
CGAGTGCTCGAGAACG_SMC053	SMC053	Active control
CGAGTTAAGCAAGGAA_SMC030	SMC030	Control
CGAGTTACAAGATGTA_SMC053	SMC053	Active control
CGAGTTACAAGCCATT_SMC049	SMC049	AD
CGAGTTAGTCACTTAG_SMC030	SMC030	Control
CGAGTTAGTGACTCGC_SMC031	SMC031	Active control
CGATAACCATTACGAA_PO42	PO42	AD
CGATCACAGTGATACT_PO05	PO05	AD
CGATCCTCACTCATGC_PO23	PO23	Control
CGATCCTCATAGAGTC_PO42	PO42	AD
CGATCGGAGACCACGA_SMC032	SMC032	AD
CGATCGGAGAGTGAAG_SMC052	SMC052	Control
CGATCGGAGTAAGCAT_SMC031	SMC031	Active control
CGATCGGCAGGTTTAC_SMC033	SMC033	Control
CGATCGGCATCTCCCA_SMC030	SMC030	Control
CGATCGGGTAGGTGCA_SMC052	SMC052	Control
CGATCGGGTGATCATC_SMC049	SMC049	AD
CGATCGGGTTCGAAGG_SMC033	SMC033	Control
CGATCTAAGGTACTTG_PO28	PO28	AD
CGATGAGAGTAGGCAG_PO41	PO41	AD
CGATGCGAGGAGCAAA_SMC049	SMC049	AD
CGATGCGAGGTCGTAG_SMC031	SMC031	Active control
CGATGCGCATGGAATA_SMC053	SMC053	Active control
CGATGCGGTATTCCGA_SMC032	SMC032	AD
CGATGCGGTCTTCCGT_SMC030	SMC030	Control
CGATGCGGTGCAGATG_SMC052	SMC052	Control
CGATGCGGTGTAAATG_SMC039	SMC039	AD
CGATGCGGTTTACGAC_SMC049	SMC049	AD
CGATGCGTCGCGGTAC_SMC041	SMC041	AD
CGATGCGTCGTCCTCA_SMC053	SMC053	Active control
CGATGCGTCTCCTGCA_SMC033	SMC033	Control
CGATGGCAGATTGTGA_SMC038	SMC038	AD
CGATGGCAGCGAACTG_SMC052	SMC052	Control
CGATGGCAGCGATTCT_SMC030	SMC030	Control
CGATGGCAGGCATTTC_SMC049	SMC049	AD
CGATGGCCAGGTATGG_SMC049	SMC049	AD
CGATGGCGTAGGTAGC_SMC030	SMC030	Control
CGATGGCGTCACTAGT_SMC041	SMC041	AD
CGATGGCGTGTCATGT_SMC038	SMC038	AD
CGATGGCGTGTGGACA_SMC030	SMC030	Control
CGATGGCGTTGGGTAG_SMC052	SMC052	Control
CGATGGCTCGCTTGAA_SMC052	SMC052	Control
CGATGGCTCGTTCCTG_SMC052	SMC052	Control
CGATTACGTGACTTCG_PO11	PO11	AD
CGATTCAAGGAACTGG_PO05	PO05	AD
CGATTCCCAATCTCAT_PO05	PO05	AD
CGATTTAGTGACGAGT_PO13	PO13	Control
CGATTTAGTGGGTCCT_PO23	PO23	Control
CGCACAACAATACTTC_PO15	PO15	Control
CGCACAACATGAATTG_PO23	PO23	Control
CGCAGGTAGACATAAC_SMC033	SMC033	Control
CGCAGGTAGCATTGTC_SMC049	SMC049	AD
CGCAGGTAGGCCACTC_SMC033	SMC033	Control
CGCAGGTAGTAAGGGA_SMC029	SMC029	AD
CGCAGGTCATAGAGTC_PO42	PO42	AD
CGCAGGTCATCAGTGT_SMC041	SMC041	AD
CGCAGGTCATTCTCCG_SMC049	SMC049	AD
CGCAGGTGTCATCCCT_SMC033	SMC033	Control
CGCAGGTGTCATCCGG_SMC035	SMC035	Active control
CGCAGGTTCAACCTTT_SMC038	SMC038	AD
CGCAGGTTCAGGGATG_SMC049	SMC049	AD
CGCAGGTTCATCGTAG_SMC052	SMC052	Control
CGCAGTTAGGATCTCA_PO42	PO42	AD
CGCAGTTAGTCGCAGT_PO20	PO20	Control
CGCATAAAGTCATCGT_SMC038	SMC038	AD
CGCATAAAGTCGGCAA_SMC052	SMC052	Control
CGCATAACAGTAACGG_SMC032	SMC032	AD
CGCATAAGTAAGATTG_SMC041	SMC041	AD
CGCATAAGTACGGGAT_SMC053	SMC053	Active control
CGCATAAGTCGTATGT_SMC041	SMC041	AD
CGCATAAGTCTCACAA_SMC038	SMC038	AD
CGCATAAGTTCTAAGC_SMC030	SMC030	Control
CGCATAAGTTGTGTTG_SMC038	SMC038	AD
CGCATAATCACTGTTT_SMC052	SMC052	Control
CGCATAATCTTCTCAA_SMC052	SMC052	Control
CGCATAGCAACATCAA_PO05	PO05	AD
CGCATAGCACCTGTAC_PO15	PO15	Control
CGCATGGAGAGATTCA_SMC038	SMC038	AD
CGCATGGAGCACGATG_SMC049	SMC049	AD
CGCATGGAGTGGCAGT_SMC053	SMC053	Active control
CGCATGGCACAATGTC_SMC030	SMC030	Control
CGCATGGCAGTTCTAG_SMC038	SMC038	AD
CGCATGGGTAATGTGA_SMC041	SMC041	AD
CGCATGGTCCAATCCC_SMC049	SMC049	AD
CGCATGGTCGAAGAAT_SMC049	SMC049	AD
CGCATGGTCGCGCTGA_SMC053	SMC053	Active control
CGCCAGAAGAAGCTCG_SMC049	SMC049	AD
CGCCAGAAGCGCCCAT_SMC039	SMC039	AD
CGCCAGAAGCTGAAAT_SMC035	SMC035	Active control
CGCCAGAAGGCACCAA_SMC052	SMC052	Control
CGCCAGACACAAGCAG_SMC030	SMC030	Control
CGCCAGACACCAGCGT_SMC038	SMC038	AD
CGCCAGACACGGTGTC_SMC038	SMC038	AD
CGCCAGATCCTGGGAC_SMC053	SMC053	Active control
CGCCATTCAACTCATG_SMC033	SMC033	Control
CGCCATTCAAGCTCTC_PO05	PO05	AD
CGCCATTCAATACATG_PO11	PO11	AD
CGCCATTCACGTCATA_SMC038	SMC038	AD
CGCCATTCAGGAGGAG_SMC052	SMC052	Control
CGCCATTGTAGCTGTT_SMC041	SMC041	AD
CGCCATTTCACAAGGG_SMC036	SMC036	AD
CGCCATTTCACCGACG_SMC049	SMC049	AD
CGCCATTTCAGCCCAG_SMC035	SMC035	Active control
CGCCATTTCGGACTGC_SMC037	SMC037	Active control
CGCCATTTCGGTCTAA_SMC052	SMC052	Control
CGCCATTTCTCGAGTA_SMC033	SMC033	Control
CGCCATTTCTGAGTCA_SMC037	SMC037	Active control
CGCCCTTAGATTGGTT_PO23	PO23	Control
CGCCCTTAGGTTACTG_PO13	PO13	Control
CGCCTAGAGCTATGTG_PO42	PO42	AD
CGCCTCACAAACTCAA_PO05	PO05	AD
CGCGAACCAAGTGCCA_PO23	PO23	Control
CGCGCAATCTATGGCA_PO11	PO11	AD
CGCGGTTGTCATGAAG_PO11	PO11	AD
CGCGTGAAGAGTGACC_SMC033	SMC033	Control
CGCGTGAAGTTCCAGT_SMC033	SMC033	Control
CGCGTGAAGTTGGGAC_SMC031	SMC031	Active control
CGCGTGACACCAAAGG_SMC032	SMC032	AD
CGCGTGACACTACACA_SMC029	SMC029	AD
CGCGTGACAGACGATG_SMC052	SMC052	Control
CGCGTGACAGCACACC_SMC030	SMC030	Control
CGCGTGACAGCAGGAT_SMC038	SMC038	AD
CGCGTGACATCAGCGC_SMC041	SMC041	AD
CGCGTGAGTCCGAAGA_SMC052	SMC052	Control
CGCGTGAGTCGTCGGT_SMC049	SMC049	AD
CGCGTGATCTGGAAGG_SMC052	SMC052	Control
CGCGTTAGTATAGCAG_PO11	PO11	AD
CGCTAAATCGCTTCAT_PO23	PO23	Control
CGCTAATGTTCGAATC_PO28	PO28	AD
CGCTACCTCTGTCAAG_PO42	PO42	AD
CGCTTAGGTTTGGCAT_PO23	PO23	Control
CGCTTCATCGCGTTGG_PO42	PO42	AD
CGGAACCAGCCAAGCA_SMC052	SMC052	Control
CGGAACCCAAAGGGCT_SMC049	SMC049	AD
CGGAACCCAGGTTCGC_SMC030	SMC030	Control
CGGAACCGTCTTGCTC_SMC037	SMC037	Active control
CGGAACCGTGAAAGTT_SMC052	SMC052	Control
CGGAACCTCAACCTTT_SMC049	SMC049	AD
CGGAACCTCTTCTAAC_SMC039	SMC039	AD
CGGAATTAGCTGGTGA_SMC032	SMC032	AD
CGGAATTCAAAGAACT_SMC052	SMC052	Control
CGGAATTCACTGTCCT_SMC052	SMC052	Control
CGGAATTCAGCGGTTC_SMC032	SMC032	AD
CGGAATTCAGTGTGGA_SMC033	SMC033	Control
CGGAATTCATGTGGTT_SMC053	SMC053	Active control
CGGAATTGTCACAATC_SMC052	SMC052	Control
CGGAATTGTCCAGCAC_SMC032	SMC032	AD
CGGAATTGTCTCAAGT_SMC052	SMC052	Control
CGGAATTTCCTCATAT_SMC032	SMC032	AD
CGGAATTTCTGGCCAG_SMC049	SMC049	AD
CGGACACTCAAAGACA_SMC030	SMC030	Control
CGGACACTCCGATTAG_SMC053	SMC053	Active control
CGGACACTCGAGCACC_SMC052	SMC052	Control
CGGACACTCTCATAGG_SMC052	SMC052	Control
CGGACACTCTGTCGTC_SMC039	SMC039	AD
CGGACAGGTCAGTTAC_PO23	PO23	Control
CGGAGAAAGCGCTTCG_SMC052	SMC052	Control
CGGAGAAAGGCTCTAT_SMC038	SMC038	AD
CGGAGAACACGTGAGA_SMC038	SMC038	AD
CGGAGAACAGGTGAGT_SMC052	SMC052	Control
CGGAGAAGTGGCCACT_SMC035	SMC035	Active control
CGGAGAATCATTCTTG_SMC052	SMC052	Control
CGGAGAATCGAAGTGG_SMC033	SMC033	Control
CGGAGAATCGGTAGGA_SMC049	SMC049	AD
CGGAGAATCTCGACGG_SMC035	SMC035	Active control
CGGATAAGTTGGTCAT_PO23	PO23	Control
CGGATTCAGCTGAGTC_PO28	PO28	AD
CGGATTCAGCTGGTCG_PO13	PO13	Control
CGGCAGTAGGCATCAG_SMC038	SMC038	AD
CGGCAGTAGTGGTTCT_SMC032	SMC032	AD
CGGCAGTAGTGTAGAT_SMC052	SMC052	Control
CGGCAGTTCCCTCATG_SMC035	SMC035	Active control
CGGCAGTTCGCCTAGG_SMC049	SMC049	AD
CGGCAGTTCTGGACCG_SMC033	SMC033	Control
CGGCTAACAATTCGTT_PO42	PO42	AD
CGGCTAGTCTAATCCC_PO15	PO15	Control
CGGCTGATCCATCGTT_PO41	PO41	AD
CGGGACTCACAACGTT_SMC038	SMC038	AD
CGGGACTCACGCTGCA_SMC030	SMC030	Control
CGGGACTCACTTCATT_SMC033	SMC033	Control
CGGGACTCAGCTATAC_SMC052	SMC052	Control
CGGGACTCAGTCGAGA_SMC038	SMC038	AD
CGGGACTGTGGTCCCA_SMC038	SMC038	AD
CGGGATGGTGAGGTCG_PO42	PO42	AD
CGGGCATAGAGTGAAG_SMC031	SMC031	Active control
CGGGCATCAATTGAAG_SMC049	SMC049	AD
CGGGCATCACTTGAGT_SMC052	SMC052	Control
CGGGCATCATGACGGA_SMC052	SMC052	Control
CGGGCATCATGTTACG_SMC030	SMC030	Control
CGGGCATGTCAAGCGA_SMC052	SMC052	Control
CGGGCATGTCCGGATC_SMC053	SMC053	Active control
CGGGCATGTGCAGATG_SMC037	SMC037	Active control
CGGGCATTCCCTCGAT_SMC052	SMC052	Control
CGGGCATTCCTAGCGG_SMC049	SMC049	AD
CGGGGATAGCAAGCCT_PO05	PO05	AD
CGGGGTAGTTCGATGT_PO23	PO23	Control
CGGGTAAAGGTGCAGA_PO13	PO13	Control
CGGGTCAAGTTGGCGA_SMC053	SMC053	Active control
CGGGTCACACAGCTGC_SMC036	SMC036	AD
CGGGTCACACGAAGAC_SMC052	SMC052	Control
CGGGTCACATCTCAAG_SMC033	SMC033	Control
CGGGTCAGTGGAAATT_SMC052	SMC052	Control
CGGGTCAGTTGCATAC_SMC052	SMC052	Control
CGGGTCATCATCCTAT_SMC052	SMC052	Control
CGGGTCATCCTCTCTT_SMC037	SMC037	Active control
CGGGTCATCCTTTAGT_SMC052	SMC052	Control
CGGGTGAGTAAGTGAT_PO15	PO15	Control
CGGGTGAGTAATTGCC_PO11	PO11	AD
CGGGTGAGTTAGCCTG_PO15	PO15	Control
CGGGTGAGTTCCCAGA_PO11	PO11	AD
CGGGTGTAGCGTCTGC_SMC033	SMC033	Control
CGGGTGTAGTATTGCC_SMC033	SMC033	Control
CGGGTGTCAAATTGCC_SMC052	SMC052	Control
CGGGTGTGTTGCATTG_SMC030	SMC030	Control
CGGGTGTTCCAACTGA_SMC035	SMC035	Active control
CGGGTGTTCCCATAAG_SMC052	SMC052	Control
CGGGTGTTCGCCGTGA_SMC038	SMC038	AD
CGGGTGTTCGTAGAGG_SMC052	SMC052	Control
CGGGTGTTCTTTGCGC_SMC049	SMC049	AD
CGGGTTACAATACGCG_PO05	PO05	AD
CGGGTTACAGGGCACT_PO20	PO20	Control
CGGGTTTAGCGAGTGA_PO23	PO23	Control
CGGTAAAGTCAGCCGT_PO05	PO05	AD
CGGTATATCGTAATGT_PO11	PO11	AD
CGGTATTGTAAGTCGA_PO05	PO05	AD
CGGTATTGTAGTAGTG_PO42	PO42	AD
CGGTATTGTGGGTTAA_PO23	PO23	Control
CGGTATTGTTTGGCGC_PO23	PO23	Control
CGGTCAACACCTTAGC_PO42	PO42	AD
CGGTCAACATCACTGC_PO23	PO23	Control
CGGTCAGAGAGCCATG_SMC049	SMC049	AD
CGGTCAGAGATTAGAC_SMC041	SMC041	AD
CGGTCAGAGATTGCGG_SMC033	SMC033	Control
CGGTCAGAGCTCTTCC_SMC052	SMC052	Control
CGGTCAGAGGGAGGGT_SMC053	SMC053	Active control
CGGTCAGAGTTCCGGC_SMC049	SMC049	AD
CGGTCAGCACTAGTAC_SMC033	SMC033	Control
CGGTCAGGTATCTCGA_SMC052	SMC052	Control
CGGTCAGGTCACTTCC_SMC032	SMC032	AD
CGGTCAGGTGCACGCT_SMC032	SMC032	AD
CGGTCAGTCACCCTGT_SMC035	SMC035	Active control
CGGTCAGTCCCGAACG_SMC049	SMC049	AD
CGGTCAGTCGCCGAGT_SMC049	SMC049	AD
CGGTTAATCACACTGA_PO11	PO11	AD
CGGTTATGTTGCAGCC_PO23	PO23	Control
CGGTTCCTCATCTAGG_PO23	PO23	Control
CGGTTCTCATCCTCAA_PO05	PO05	AD
CGTAACATCCAACTGA_PO11	PO11	AD
CGTAAGTCACAGTATC_SMC035	SMC035	Active control
CGTAAGTCACCTGAAT_SMC053	SMC053	Active control
CGTAAGTCAGTGTGGA_SMC049	SMC049	AD
CGTAAGTGTACGATCT_SMC052	SMC052	Control
CGTAAGTGTAGCGTAG_SMC049	SMC049	AD
CGTAAGTGTGTTCATG_SMC049	SMC049	AD
CGTAAGTTCACACGAT_SMC033	SMC033	Control
CGTAATGAGATGCCGA_SMC041	SMC041	AD
CGTAATGAGTCCGCCA_SMC038	SMC038	AD
CGTAATGGTAACACGG_SMC052	SMC052	Control
CGTAATGGTGCCAAGA_SMC043	SMC043	AD
CGTAATGGTTCCATTT_SMC052	SMC052	Control
CGTAATGTCGCTATGA_PO11	PO11	AD
CGTACAGCATTAGATG_PO05	PO05	AD
CGTACCCTCCAGAGAG_PO05	PO05	AD
CGTACCTCAAGCTCTC_PO11	PO11	AD
CGTACCTCATGGTCGA_PO11	PO11	AD
CGTACTGGTAACGATG_PO28	PO28	AD
CGTACTGGTAGCGAGT_PO15	PO15	Control
CGTAGTAAGAACGTGC_SMC052	SMC052	Control
CGTAGTAAGCAAGTCG_SMC036	SMC036	AD
CGTAGTAAGGCTTAAA_SMC052	SMC052	Control
CGTAGTAAGTCACACT_SMC053	SMC053	Active control
CGTAGTAAGTCATGGG_SMC033	SMC033	Control
CGTAGTAGTACCGGAA_SMC052	SMC052	Control
CGTAGTAGTCGTGTTA_SMC037	SMC037	Active control
CGTATATAGTTACAGT_PO42	PO42	AD
CGTATTGAGGTTGGTC_PO05	PO05	AD
CGTCAAAAGTGGTTCT_SMC035	SMC035	Active control
CGTCAAACACTGCGTG_SMC052	SMC052	Control
CGTCAAACATACATCG_SMC041	SMC041	AD
CGTCAAAGTACCTTCC_SMC039	SMC039	AD
CGTCAAAGTGTTGATC_SMC030	SMC030	Control
CGTCAAAGTTGCATCA_SMC033	SMC033	Control
CGTCAAATCAAAGGTA_SMC032	SMC032	AD
CGTCAAATCGCCCAGA_SMC030	SMC030	Control
CGTCAAATCGCGCTGA_PO13	PO13	Control
CGTCAAATCGCTAGGT_PO42	PO42	AD
CGTCAATGTCTGTGGC_PO41	PO41	AD
CGTCATAAGCAGGGTA_PO42	PO42	AD
CGTCATCCACAGGCGT_PO05	PO05	AD
CGTCATCCATCGACTC_PO05	PO05	AD
CGTCCATAGAAACTGT_SMC041	SMC041	AD
CGTCCATCAGCAAGAC_SMC049	SMC049	AD
CGTCCATGTGGTTCTA_SMC052	SMC052	Control
CGTCCATGTGTCATGT_SMC029	SMC029	AD
CGTCCCACAACGGGCT_PO11	PO11	AD
CGTCCTGCATGGTGAT_PO28	PO28	AD
CGTCCTTGTAGCCTTG_PO05	PO05	AD
CGTCCTTGTATGTGTC_PO20	PO20	Control
CGTCGTAGTTGTAGCT_PO05	PO05	AD
CGTCTATTCCAGCAGT_PO42	PO42	AD
CGTCTCATCACTCCGC_PO05	PO05	AD
CGTCTCATCATGAGCC_PO05	PO05	AD
CGTCTCATCCTCACAT_PO23	PO23	Control
CGTGAATAGAACCGCA_SMC053	SMC053	Active control
CGTGAATAGATAACAC_SMC033	SMC033	Control
CGTGAATAGTATTCCG_SMC030	SMC030	Control
CGTGAATCAAATCAAG_SMC052	SMC052	Control
CGTGAATCAAGTGGTG_SMC030	SMC030	Control
CGTGAATCAATCGTCA_SMC033	SMC033	Control
CGTGAATCACTTCAGA_SMC037	SMC037	Active control
CGTGAATCAGATTTCG_SMC038	SMC038	AD
CGTGAATCAGGCACAA_SMC052	SMC052	Control
CGTGAATCAGTCTACA_SMC052	SMC052	Control
CGTGAATCATGATCTG_SMC027	SMC027	Control
CGTGAATGTATTAAGG_SMC041	SMC041	AD
CGTGAATGTCTAACTG_SMC052	SMC052	Control
CGTGAATGTTACCGTA_SMC037	SMC037	Active control
CGTGACCGTGAGGATC_PO11	PO11	AD
CGTGACCGTGGCTAGG_PO20	PO20	Control
CGTGATAAGTCACTCA_SMC035	SMC035	Active control
CGTGATACACTCTAGA_SMC035	SMC035	Active control
CGTGATAGTGCAACAG_SMC052	SMC052	Control
CGTGATAGTTTACGAC_SMC035	SMC035	Active control
CGTGATATCAAGCGTT_SMC052	SMC052	Control
CGTGCCTTCATGCCAA_PO42	PO42	AD
CGTGCTAGTTCGTGCA_PO05	PO05	AD
CGTGCTGAGCCAGGAA_PO23	PO23	Control
CGTGCTTAGGCACAAC_SMC052	SMC052	Control
CGTGCTTCACCCTAGG_SMC033	SMC033	Control
CGTGCTTCATGCAGGA_SMC049	SMC049	AD
CGTGCTTGTATCTTCT_SMC052	SMC052	Control
CGTGCTTGTTGTGGAG_SMC038	SMC038	AD
CGTGCTTTCTTCCCAG_SMC041	SMC041	AD
CGTGCTTTCTTGGTGA_SMC052	SMC052	Control
CGTGTCTAGAATTGTG_SMC052	SMC052	Control
CGTGTCTAGCCTATTG_SMC030	SMC030	Control
CGTGTCTAGGTTACCT_SMC038	SMC038	AD
CGTGTCTAGTGCCCGT_SMC035	SMC035	Active control
CGTGTCTCAATTAGGA_SMC033	SMC033	Control
CGTGTCTCATAGTCGT_SMC033	SMC033	Control
CGTGTCTCATCGTGGC_SMC053	SMC053	Active control
CGTGTCTGTCGAAGCA_SMC033	SMC033	Control
CGTGTCTGTTAGAAAC_SMC038	SMC038	AD
CGTGTCTGTTCAAACC_SMC052	SMC052	Control
CGTGTCTGTTGCAAGG_SMC035	SMC035	Active control
CGTGTCTTCCTGGGAC_SMC033	SMC033	Control
CGTTACCCAACCTGAG_PO05	PO05	AD
CGTTAGAAGGGTAATT_SMC052	SMC052	Control
CGTTAGACACAAATAG_SMC037	SMC037	Active control
CGTTAGACAGGCGAAT_SMC052	SMC052	Control
CGTTAGAGTCTGTCAA_SMC049	SMC049	AD
CGTTAGAGTTAATCGC_SMC030	SMC030	Control
CGTTAGAGTTCCCAAA_SMC037	SMC037	Active control
CGTTAGAGTTGCAAGG_SMC052	SMC052	Control
CGTTAGAGTTTGGGTT_SMC030	SMC030	Control
CGTTAGATCAAACGTC_SMC052	SMC052	Control
CGTTAGATCTTACGTT_SMC033	SMC033	Control
CGTTATAGTCTTGACG_PO28	PO28	AD
CGTTATGAGCGGACTT_PO11	PO11	AD
CGTTCTGAGGACTGGT_SMC052	SMC052	Control
CGTTCTGAGGTTCACT_SMC033	SMC033	Control
CGTTCTGAGTAAACAC_SMC052	SMC052	Control
CGTTCTGGTCCACGCA_SMC033	SMC033	Control
CGTTCTGGTGAGCCAA_SMC041	SMC041	AD
CGTTCTGGTTACCTGA_SMC029	SMC029	AD
CGTTCTGGTTCGAAGG_SMC035	SMC035	Active control
CGTTCTGGTTCTTAGG_SMC035	SMC035	Active control
CGTTCTGGTTGGACTT_SMC031	SMC031	Active control
CGTTCTGGTTGGGACA_SMC052	SMC052	Control
CGTTCTGGTTTGCCGG_SMC052	SMC052	Control
CGTTCTGTCTACGGGC_SMC030	SMC030	Control
CGTTGAATCATAGGTT_PO42	PO42	AD
CGTTGGACAAACCGGC_PO05	PO05	AD
CGTTGGGAGACATGCG_SMC035	SMC035	Active control
CGTTGGGAGTGACACG_SMC049	SMC049	AD
CGTTGGGAGTGCTAGG_SMC052	SMC052	Control
CGTTGGGCAGGCGATA_SMC052	SMC052	Control
CGTTGGGCATGCCGCA_SMC049	SMC049	AD
CGTTGGGGTCATCCCT_SMC052	SMC052	Control
CGTTGGGGTTCGAAGG_SMC030	SMC030	Control
CGTTGGGTCGAGATAA_SMC049	SMC049	AD
CGTTGGGTCTAGTGTG_SMC052	SMC052	Control
CGTTGGGTCTTGCAGA_SMC033	SMC033	Control
CGTTGTAAGATTGCCA_PO42	PO42	AD
CGTTGTAAGTACGCAC_PO41	PO41	AD
CGTTTCCGTTAGCTGT_PO20	PO20	Control
CTAAAGCCAATCTCTG_PO23	PO23	Control
CTAACCCAGGTAAGGA_SMC033	SMC033	Control
CTAACCCCAATGTCAC_SMC041	SMC041	AD
CTAACCCGTAGGGTAC_SMC030	SMC030	Control
CTAACCCGTCTTCTAT_SMC049	SMC049	AD
CTAACCCGTGTTCATG_SMC052	SMC052	Control
CTAACCCTCACTCCGT_SMC037	SMC037	Active control
CTAACCCTCATCAGTG_SMC052	SMC052	Control
CTAACGATCCCTCAGC_PO23	PO23	Control
CTAACGATCCGCATGG_PO23	PO23	Control
CTAACGATCGAACGGA_PO42	PO42	AD
CTAACTTAGATGCCGA_SMC049	SMC049	AD
CTAACTTAGCACGGAT_SMC052	SMC052	Control
CTAACTTAGGTGCATG_SMC049	SMC049	AD
CTAACTTCAATAGTGA_SMC052	SMC052	Control
CTAACTTCACGGTGCT_SMC052	SMC052	Control
CTAACTTCATTCTCCG_SMC036	SMC036	AD
CTAACTTGTACTCCGG_SMC035	SMC035	Active control
CTAACTTGTCCGGCAT_SMC030	SMC030	Control
CTAACTTTCGAGTACT_SMC052	SMC052	Control
CTAACTTTCGTAGGGA_SMC033	SMC033	Control
CTAAGCATCGAACGTC_PO20	PO20	Control
CTAAGGCTCCTGAATG_PO15	PO15	Control
CTAAGGGAGTGAATGA_PO20	PO20	Control
CTAAGTGGTTATTCTC_SMC049	SMC049	AD
CTAAGTGGTTCTAACG_SMC053	SMC053	Active control
CTAATCCTCACACCGG_PO20	PO20	Control
CTAATCCTCGCTTCCA_PO05	PO05	AD
CTAATCTCATTCGCTA_PO05	PO05	AD
CTACAGAAGAGGTTAT_SMC049	SMC049	AD
CTACAGACAACTGCCG_SMC053	SMC053	Active control
CTACAGACATCCTATT_SMC030	SMC030	Control
CTACAGAGTCCCGGTA_SMC041	SMC041	AD
CTACAGATCGTAACCA_SMC053	SMC053	Active control
CTACAGGCATCGGTCT_PO42	PO42	AD
CTACATTAGGTATCTC_SMC033	SMC033	Control
CTACATTCACCCTGTT_SMC033	SMC033	Control
CTACATTGTAGCTAAA_SMC031	SMC031	Active control
CTACATTGTAGTCGTT_SMC052	SMC052	Control
CTACATTTCCACGGAC_SMC035	SMC035	Active control
CTACATTTCGCGTGCA_SMC029	SMC029	AD
CTACATTTCGCTGTCT_SMC035	SMC035	Active control
CTACCAAAGCATATAC_PO42	PO42	AD
CTACCCAAGGAAAGGT_SMC038	SMC038	AD
CTACCCAAGGTAGCCA_SMC030	SMC030	Control
CTACCCAAGTCCCTAA_SMC037	SMC037	Active control
CTACCCACAACTCGAT_SMC049	SMC049	AD
CTACCCACAGCCTACG_SMC052	SMC052	Control
CTACCCAGTTAGAAGT_SMC030	SMC030	Control
CTACCCAGTTCACGAT_SMC053	SMC053	Active control
CTACCCATCATAGAGA_SMC032	SMC032	AD
CTACCCATCTGGTTGA_SMC027	SMC027	Control
CTACCTGAGACATGCG_SMC038	SMC038	AD
CTACCTGCAAACTCTG_SMC052	SMC052	Control
CTACCTGCAATCGCAT_SMC041	SMC041	AD
CTACCTGCAGGTACGA_SMC052	SMC052	Control
CTACCTGCATGACAGG_SMC035	SMC035	Active control
CTACCTGGTACAGAGC_SMC035	SMC035	Active control
CTACCTGGTGCAGGAT_SMC039	SMC039	AD
CTACGAATCGTACCAA_PO15	PO15	Control
CTACGGGAGTTGTCGT_SMC052	SMC052	Control
CTACGGGGTGTACATC_SMC049	SMC049	AD
CTACGGGTCAATCCGA_SMC032	SMC032	AD
CTACGGGTCAGGCAAG_PO11	PO11	AD
CTACGGGTCTGGTAGC_PO15	PO15	Control
CTACGTAAGGGGTACA_PO11	PO11	AD
CTACGTAAGTGCTGAC_PO42	PO42	AD
CTACGTCCAACCCGAA_PO11	PO11	AD
CTACGTTTCCTCTACG_PO11	PO11	AD
CTACTATAGAAATTCG_SMC049	SMC049	AD
CTACTATAGAAGCGCT_SMC030	SMC030	Control
CTACTATAGGTAGTCG_SMC052	SMC052	Control
CTACTATAGTAGGTTA_SMC052	SMC052	Control
CTACTATCACACACTA_SMC052	SMC052	Control
CTACTATGTACTTGTG_SMC038	SMC038	AD
CTACTATGTCCAAAGG_SMC053	SMC053	Active control
CTACTATGTTAGGCTT_SMC052	SMC052	Control
CTACTATGTTATGGTC_SMC053	SMC053	Active control
CTACTATTCTAACACG_SMC041	SMC041	AD
CTACTCACATGGAACT_PO42	PO42	AD
CTACTCCGTGCAAGTA_PO11	PO11	AD
CTACTTATCTAAGCGC_PO15	PO15	Control
CTACTTGCAATACTTC_PO20	PO20	Control
CTAGAAGGTCAAGGAC_PO20	PO20	Control
CTAGAAGGTTTGCCCT_PO23	PO23	Control
CTAGACAAGGACTGGT_SMC035	SMC035	Active control
CTAGACACACCGTGAC_SMC052	SMC052	Control
CTAGACACAGACATCT_SMC035	SMC035	Active control
CTAGACATCAAGTCTG_SMC033	SMC033	Control
CTAGACATCTTCACAT_SMC052	SMC052	Control
CTAGATTAGGTAGTAA_PO42	PO42	AD
CTAGCCAGTGGCTCGT_PO11	PO11	AD
CTAGGTAAGACAACTA_SMC035	SMC035	Active control
CTAGGTAAGTACAGAT_SMC052	SMC052	Control
CTAGGTAAGTACCCTA_SMC035	SMC035	Active control
CTAGGTAAGTCGTTAC_SMC033	SMC033	Control
CTAGGTAAGTGACCTT_SMC030	SMC030	Control
CTAGGTACATACCACA_SMC036	SMC036	AD
CTAGGTAGTTAGGACG_SMC033	SMC033	Control
CTAGGTATCTAGCAAC_SMC037	SMC037	Active control
CTAGGTCAGCGCGATT_PO20	PO20	Control
CTAGGTTGTAACCGAA_PO23	PO23	Control
CTAGGTTGTAATGGTG_PO42	PO42	AD
CTAGTAACAGGGCTTA_PO23	PO23	Control
CTAGTATAGGGGACAC_PO28	PO28	AD
CTAGTTAGTTAGAGGC_PO05	PO05	AD
CTAGTTGAGGTGACTC_PO28	PO28	AD
CTATAGGAGAGCCCAA_SMC052	SMC052	Control
CTATAGGAGCACGATG_SMC052	SMC052	Control
CTATAGGAGCCGGATA_SMC049	SMC049	AD
CTATAGGAGGCAATGC_SMC049	SMC049	AD
CTATAGGCACTCAGAT_SMC029	SMC029	AD
CTATAGGCATCCGCGA_SMC037	SMC037	Active control
CTATAGGGTGCTGATT_SMC030	SMC030	Control
CTATAGGTCCACTGAA_SMC037	SMC037	Active control
CTATAGGTCCATGAGT_SMC037	SMC037	Active control
CTATAGGTCGTAGTTG_PO13	PO13	Control
CTATAGGTCTTACGTT_SMC053	SMC053	Active control
CTATAGTAGGATGATA_PO11	PO11	AD
CTATCAAGTTAGGCTT_PO42	PO42	AD
CTATCCGCAGCTACCG_SMC052	SMC052	Control
CTATCCGGTATCGAAA_SMC053	SMC053	Active control
CTATCCGTCAGCGTCG_SMC033	SMC033	Control
CTATCTACAATTCACG_SMC053	SMC053	Active control
CTATCTAGTATCCCTC_SMC053	SMC053	Active control
CTATCTAGTCATATGC_SMC052	SMC052	Control
CTATCTAGTCTCGACG_SMC052	SMC052	Control
CTATCTAGTGTCCGTG_SMC052	SMC052	Control
CTATCTAGTTGCTCGG_SMC030	SMC030	Control
CTATCTATCACCTTAT_SMC052	SMC052	Control
CTATCTATCCACGTCT_SMC033	SMC033	Control
CTATGTGAGTGGCGAA_PO05	PO05	AD
CTATTCATCATGCGCG_PO11	PO11	AD
CTCAACCAGCCTGTGC_SMC049	SMC049	AD
CTCAACCCAACCAACT_SMC053	SMC053	Active control
CTCAACCCACAGAAGC_SMC039	SMC039	AD
CTCAACCCATTCAGCA_SMC041	SMC041	AD
CTCAACCGTCCGAAAG_SMC037	SMC037	Active control
CTCAACCTCGCAATGT_SMC041	SMC041	AD
CTCAAGACACCTGTCT_SMC052	SMC052	Control
CTCAAGACAGCGTGCT_SMC035	SMC035	Active control
CTCAAGACATTGTGCA_SMC031	SMC031	Active control
CTCAAGAGTCACTCTC_SMC052	SMC052	Control
CTCAAGAGTCGTAATC_SMC033	SMC033	Control
CTCAAGAGTTAAGCAA_SMC052	SMC052	Control
CTCAAGAGTTGATGTC_SMC030	SMC030	Control
CTCAAGATCATTTGTC_SMC030	SMC030	Control
CTCAAGATCGAGAGAC_SMC052	SMC052	Control
CTCAAGATCGGTCAGC_SMC052	SMC052	Control
CTCAATTAGAGAGTGA_SMC030	SMC030	Control
CTCAATTAGAGGTATT_SMC049	SMC049	AD
CTCAATTCAAATTCAG_PO42	PO42	AD
CTCAATTCACCAGTAT_SMC052	SMC052	Control
CTCAATTCACTTGCGT_PO23	PO23	Control
CTCAATTCAGAGCTAG_SMC033	SMC033	Control
CTCAATTCATTGAAGA_SMC041	SMC041	AD
CTCAATTGTAGGAAAG_SMC041	SMC041	AD
CTCAATTGTGTCTTAG_SMC052	SMC052	Control
CTCAATTGTTGCATCA_SMC041	SMC041	AD
CTCAATTTCTACTCAT_SMC052	SMC052	Control
CTCACATTCGATGTAT_PO28	PO28	AD
CTCACATTCTCACAGA_PO20	PO20	Control
CTCACTGAGACTCGAG_SMC038	SMC038	AD
CTCACTGCAATCTAGC_SMC031	SMC031	Active control
CTCACTGCAGACCTAT_SMC049	SMC049	AD
CTCACTGCAGTGGTGA_SMC052	SMC052	Control
CTCACTGGTAACTAAG_SMC038	SMC038	AD
CTCACTGTCAAACCCA_SMC052	SMC052	Control
CTCACTGTCGATTGAC_SMC033	SMC033	Control
CTCAGAAAGCTGGTGA_SMC052	SMC052	Control
CTCAGAAAGGGAGGAC_SMC049	SMC049	AD
CTCAGAACACAAATAG_SMC052	SMC052	Control
CTCAGAACATCCGGCA_SMC053	SMC053	Active control
CTCAGAAGTTATGACC_SMC053	SMC053	Active control
CTCAGAATCCATGAGT_SMC052	SMC052	Control
CTCAGGGAGAAACTGT_SMC049	SMC049	AD
CTCAGGGAGGTGGCTA_SMC033	SMC033	Control
CTCAGGGAGTAATTGG_SMC052	SMC052	Control
CTCAGGGAGTTTGGCT_SMC035	SMC035	Active control
CTCAGGGCAATGAAAC_SMC027	SMC027	Control
CTCAGGGCAGACACAG_SMC031	SMC031	Active control
CTCAGGGGTCAACATC_SMC053	SMC053	Active control
CTCAGGGTCCATTGCC_SMC052	SMC052	Control
CTCAGTCAGACCCTTA_SMC053	SMC053	Active control
CTCAGTCAGGGTCACA_SMC049	SMC049	AD
CTCAGTCCAAATCAGA_SMC041	SMC041	AD
CTCAGTCCAAATTAGG_SMC038	SMC038	AD
CTCAGTCCAATTTCGG_SMC037	SMC037	Active control
CTCAGTCGTACGATTC_SMC052	SMC052	Control
CTCATAAGTAGTGCGG_PO42	PO42	AD
CTCATCCGTTCCTCGT_PO23	PO23	Control
CTCATCGAGACTAGAT_SMC053	SMC053	Active control
CTCATCGAGTTGCGAG_SMC033	SMC033	Control
CTCATCGCAAATGCTC_SMC038	SMC038	AD
CTCATCGCACATGACT_SMC035	SMC035	Active control
CTCATCGCACCCTTAC_SMC052	SMC052	Control
CTCATCGGTAGCCCTG_SMC053	SMC053	Active control
CTCATCGGTAGTTAGA_SMC032	SMC032	AD
CTCATCGGTGATGAAT_SMC033	SMC033	Control
CTCATCGTCACTTATC_SMC049	SMC049	AD
CTCATCGTCCGTGGTG_SMC052	SMC052	Control
CTCATCGTCCTGGGAC_SMC035	SMC035	Active control
CTCATGCAGGCGACAT_SMC038	SMC038	AD
CTCATGCAGGCGCTCT_SMC035	SMC035	Active control
CTCATGCAGTCACAGG_SMC030	SMC030	Control
CTCATGCCAAATGGTA_SMC030	SMC030	Control
CTCATGCCACCCTAGG_SMC038	SMC038	AD
CTCATGCCACCTGATA_SMC031	SMC031	Active control
CTCATGCCACGCTGCA_SMC049	SMC049	AD
CTCATGCGTATGGTAA_SMC035	SMC035	Active control
CTCATGCGTATTTCCT_SMC031	SMC031	Active control
CTCATGCTCCACTTCG_SMC052	SMC052	Control
CTCATGCTCCTCACGT_SMC052	SMC052	Control
CTCATGCTCGGAACTT_SMC049	SMC049	AD
CTCATGTTCGTACCAA_PO28	PO28	AD
CTCATTAAGAGTCGAC_SMC039	SMC039	AD
CTCATTAAGATTGTGA_SMC038	SMC038	AD
CTCATTAAGGTTCACT_SMC033	SMC033	Control
CTCATTAAGTGTAGTA_SMC049	SMC049	AD
CTCATTACAAACTAAG_SMC052	SMC052	Control
CTCATTACAAGCACAG_SMC033	SMC033	Control
CTCATTACAAGTTCGT_SMC052	SMC052	Control
CTCATTACACAAGTGG_SMC031	SMC031	Active control
CTCATTACACATACGT_SMC049	SMC049	AD
CTCATTAGTCATGACT_SMC030	SMC030	Control
CTCATTAGTTTAGAGA_SMC036	SMC036	AD
CTCATTATCCATATGG_SMC029	SMC029	AD
CTCATTATCGTTCAGA_SMC053	SMC053	Active control
CTCATTCAGCTAGAGG_PO05	PO05	AD
CTCATTGCAAACTAGC_PO23	PO23	Control
CTCATTGCAATAGTGC_PO42	PO42	AD
CTCCAACAGACCAAAT_SMC039	SMC039	AD
CTCCAACAGAGTCACG_SMC035	SMC035	Active control
CTCCAACAGCTTACGT_SMC041	SMC041	AD
CTCCAACCACCCTTGT_SMC049	SMC049	AD
CTCCAACCATTCACAG_SMC049	SMC049	AD
CTCCAACGTCAGCGTC_SMC035	SMC035	Active control
CTCCAACTCAGAGCAG_SMC037	SMC037	Active control
CTCCAACTCGAACACT_SMC041	SMC041	AD
CTCCAACTCTTCCAGC_SMC032	SMC032	AD
CTCCAAGGTTAGGCTT_PO15	PO15	Control
CTCCAATTCATCGACA_PO05	PO05	AD
CTCCACAAGAAGATCT_SMC049	SMC049	AD
CTCCACAAGGTATTGA_SMC052	SMC052	Control
CTCCACAAGTGAGGCT_SMC038	SMC038	AD
CTCCACACAACACTAC_SMC035	SMC035	Active control
CTCCACACATCCGGCA_SMC049	SMC049	AD
CTCCACACATTCTGTT_SMC031	SMC031	Active control
CTCCACAGTTCATCTT_SMC038	SMC038	AD
CTCCACATCCAGTTCC_SMC027	SMC027	Control
CTCCATGAGTACTGGG_SMC038	SMC038	AD
CTCCATGAGTGAACAT_SMC052	SMC052	Control
CTCCATGCAACGCATT_SMC035	SMC035	Active control
CTCCATGCAGGTTTAC_SMC033	SMC033	Control
CTCCATGCATATCGGT_SMC049	SMC049	AD
CTCCATGGTCGTATTG_SMC052	SMC052	Control
CTCCATGGTTACGATC_SMC052	SMC052	Control
CTCCATGTCCCTTGGT_SMC049	SMC049	AD
CTCCATGTCTGGGCAC_SMC041	SMC041	AD
CTCCATGTCTTGAACG_SMC039	SMC039	AD
CTCCATTAGGGCTACT_PO05	PO05	AD
CTCCCAAAGGTAAGTT_SMC052	SMC052	Control
CTCCCAAAGTAGTCTC_SMC052	SMC052	Control
CTCCCAAAGTGATGGC_SMC030	SMC030	Control
CTCCCAACAACAGATA_SMC052	SMC052	Control
CTCCCAACACCTCTGT_SMC033	SMC033	Control
CTCCCAACAGATTTCG_SMC035	SMC035	Active control
CTCCCAAGTATTCCTT_SMC032	SMC032	AD
CTCCCAAGTCCGCAGT_SMC035	SMC035	Active control
CTCCCAATCCGCGTCT_PO11	PO11	AD
CTCCCAATCGAAGCTC_PO23	PO23	Control
CTCCCAATCGGCATCG_SMC035	SMC035	Active control
CTCCCACAGCCATCCC_PO41	PO41	AD
CTCCCTCAGACTGAGC_SMC035	SMC035	Active control
CTCCCTCAGAGGACTC_SMC049	SMC049	AD
CTCCCTCAGTCGAAGC_SMC030	SMC030	Control
CTCCCTCGTACTCGAT_SMC052	SMC052	Control
CTCCCTCGTTACACAC_SMC032	SMC032	AD
CTCCCTCTCCTCTAGC_SMC049	SMC049	AD
CTCCGATAGCAAGTCG_SMC049	SMC049	AD
CTCCGATAGGATGCGT_SMC027	SMC027	Control
CTCCGATCAATCGTCA_SMC031	SMC031	Active control
CTCCGATCATGTGACT_SMC030	SMC030	Control
CTCCGATGTCCGAAAG_SMC033	SMC033	Control
CTCCGATGTCCGAAGA_SMC033	SMC033	Control
CTCCGATGTTTACCAG_SMC052	SMC052	Control
CTCCGATTCACGAGGA_SMC031	SMC031	Active control
CTCCGATTCACGTCCT_SMC035	SMC035	Active control
CTCCGATTCGTTGTTT_SMC038	SMC038	AD
CTCCTAGTCCAACTCT_PO23	PO23	Control
CTCCTCCAGGCATCTT_SMC038	SMC038	AD
CTCCTCCCAGCAGTGA_SMC049	SMC049	AD
CTCCTCCCAGTGTACT_SMC038	SMC038	AD
CTCCTCCCATTCTGTT_SMC052	SMC052	Control
CTCCTCCTCCTCACCA_SMC052	SMC052	Control
CTCCTCCTCGTGGACC_SMC049	SMC049	AD
CTCCTTTAGAATTCAG_SMC038	SMC038	AD
CTCCTTTAGTGGTTCT_SMC039	SMC039	AD
CTCCTTTCACGGCTAC_SMC052	SMC052	Control
CTCCTTTCACTTGGCG_SMC030	SMC030	Control
CTCCTTTCAGGAATAT_SMC038	SMC038	AD
CTCCTTTCATCCGAAT_SMC052	SMC052	Control
CTCCTTTCATTCATCT_SMC031	SMC031	Active control
CTCCTTTGTCTACAGT_SMC038	SMC038	AD
CTCGAGGAGGCTAACG_SMC052	SMC052	Control
CTCGAGGCAATTGCCA_SMC049	SMC049	AD
CTCGAGGGTACGTGTT_SMC030	SMC030	Control
CTCGAGGGTATGAGAT_SMC049	SMC049	AD
CTCGAGGGTGGACTAG_SMC049	SMC049	AD
CTCGAGGGTGTGATGG_SMC041	SMC041	AD
CTCGAGGGTGTTTACG_SMC049	SMC049	AD
CTCGAGGGTTTGGCTA_SMC053	SMC053	Active control
CTCGAGGTCGGACTGC_SMC052	SMC052	Control
CTCGAGGTCGTGGACC_SMC049	SMC049	AD
CTCGAGGTCTCATTAC_SMC035	SMC035	Active control
CTCGATCCACTTAACT_PO42	PO42	AD
CTCGCGTTCTAATGGT_PO23	PO23	Control
CTCGTAAAGTCGCTGG_PO11	PO11	AD
CTCTCAGAGTAGTCAA_SMC035	SMC035	Active control
CTCTCAGCAAATGATG_SMC049	SMC049	AD
CTCTCAGGTCTCTCCA_SMC049	SMC049	AD
CTCTCAGGTGTAGCAG_SMC032	SMC032	AD
CTCTCAGGTTTAGTCG_SMC033	SMC033	Control
CTCTCAGTCGGAGCAA_SMC052	SMC052	Control
CTCTCAGTCGTGTGGC_SMC052	SMC052	Control
CTCTCAGTCTTGGTGA_SMC049	SMC049	AD
CTCTCGAAGAAGGCTC_SMC033	SMC033	Control
CTCTCGAAGGAGATAG_SMC033	SMC033	Control
CTCTCGAAGGAGATAG_SMC036	SMC036	AD
CTCTCGACAATGTGGG_SMC038	SMC038	AD
CTCTCGACAGAACGCA_SMC030	SMC030	Control
CTCTCGACAGACGCTC_SMC033	SMC033	Control
CTCTCGAGTACCGCGT_SMC052	SMC052	Control
CTCTCGAGTGACCGAA_SMC052	SMC052	Control
CTCTGATTCCAGAGAG_PO23	PO23	Control
CTCTGGTAGGAGCTGT_SMC037	SMC037	Active control
CTCTGGTCAAGCTCAG_PO28	PO28	AD
CTCTGGTCAATCTCCA_PO11	PO11	AD
CTCTGGTCATAATCCG_SMC049	SMC049	AD
CTCTGGTGTGGTTTAC_SMC038	SMC038	AD
CTCTGGTTCCGTATGA_SMC052	SMC052	Control
CTCTGGTTCGGACGTC_SMC038	SMC038	AD
CTCTGGTTCGTCCTCA_SMC049	SMC049	AD
CTCTGGTTCTTACACT_SMC030	SMC030	Control
CTCTTAATCCTGATGA_PO42	PO42	AD
CTCTTAATCGATGTCA_PO05	PO05	AD
CTGAATGAGCCATTGT_SMC032	SMC032	AD
CTGAATGAGCTAGAAT_SMC049	SMC049	AD
CTGAATGAGCTCTATG_SMC030	SMC030	Control
CTGAATGAGTAGGGTC_SMC038	SMC038	AD
CTGAATGCACCCTAGG_SMC049	SMC049	AD
CTGAATGCACGCCACA_SMC033	SMC033	Control
CTGAATGCAGTCCGTG_SMC037	SMC037	Active control
CTGAATGGTTACCGTA_SMC052	SMC052	Control
CTGAATGGTTCTAAGC_SMC041	SMC041	AD
CTGAATGGTTGCCGCA_SMC039	SMC039	AD
CTGAATGTCCACGTGG_SMC049	SMC049	AD
CTGACACAGGTACCAC_PO23	PO23	Control
CTGAGCGAGACTTCGT_SMC031	SMC031	Active control
CTGAGCGAGCACACAG_SMC052	SMC052	Control
CTGAGCGAGCCGAATG_SMC038	SMC038	AD
CTGAGCGAGCGAGGAG_SMC049	SMC049	AD
CTGAGCGCACTGGACC_SMC052	SMC052	Control
CTGAGCGGTCTACAAC_SMC036	SMC036	AD
CTGAGCGGTTCCAGGC_SMC038	SMC038	AD
CTGAGCGTCAGGAACG_SMC052	SMC052	Control
CTGAGCGTCCAGTACA_SMC030	SMC030	Control
CTGAGGCAGATTCGCT_SMC049	SMC049	AD
CTGAGGCAGGTCGAGT_SMC038	SMC038	AD
CTGAGGCCAATTCGTG_SMC038	SMC038	AD
CTGAGGCCAGCTGGTC_SMC049	SMC049	AD
CTGAGGCCATATACCG_SMC052	SMC052	Control
CTGAGGCCATGGACAG_SMC027	SMC027	Control
CTGAGGCGTCGGTGAA_SMC035	SMC035	Active control
CTGAGGCTCAGGACGA_SMC030	SMC030	Control
CTGAGGCTCCGTGCGA_SMC049	SMC049	AD
CTGAGGCTCGACCCAG_SMC033	SMC033	Control
CTGAGGCTCTGGGCAC_SMC037	SMC037	Active control
CTGAGGCTCTGTGCAA_SMC035	SMC035	Active control
CTGATATAGAAGCGTG_PO23	PO23	Control
CTGATATAGTAGTAGA_PO11	PO11	AD
CTGATATAGTCAGGCT_PO11	PO11	AD
CTGATCCAGCAATAGT_SMC033	SMC033	Control
CTGATCCAGCCAAGCA_SMC052	SMC052	Control
CTGATCCAGGTAAAGG_SMC027	SMC027	Control
CTGATCCCAGAGGAAA_SMC030	SMC030	Control
CTGATCCGTAACACCT_SMC053	SMC053	Active control
CTGATCCGTGGCTCTG_SMC033	SMC033	Control
CTGATCCGTTTGGAAA_SMC052	SMC052	Control
CTGATCCTCACCGGTG_SMC052	SMC052	Control
CTGATCCTCCCTCGAT_SMC030	SMC030	Control
CTGATCCTCGACGATT_SMC049	SMC049	AD
CTGATCCTCTCTGACC_SMC038	SMC038	AD
CTGCAACAGGATCTGC_PO20	PO20	Control
CTGCAATGTGAAGCTA_PO23	PO23	Control
CTGCACCTCACTTGGA_PO23	PO23	Control
CTGCAGGAGTGAGTGC_SMC052	SMC052	Control
CTGCAGGCACACACTA_SMC041	SMC041	AD
CTGCAGGCAGATCATC_SMC035	SMC035	Active control
CTGCAGGCATCAGCTA_SMC038	SMC038	AD
CTGCAGGCATGACGTT_SMC031	SMC031	Active control
CTGCAGGGTAGAATAC_SMC049	SMC049	AD
CTGCAGGGTTGCCTAA_SMC049	SMC049	AD
CTGCAGGTCAAGAGGC_SMC052	SMC052	Control
CTGCAGGTCGGTCACG_SMC035	SMC035	Active control
CTGCATCAGAATTCAG_SMC049	SMC049	AD
CTGCATCAGAGGGCGA_SMC052	SMC052	Control
CTGCATCAGCTTACGT_SMC033	SMC033	Control
CTGCATCAGGCACTAG_SMC052	SMC052	Control
CTGCATCAGGTTCCAT_SMC053	SMC053	Active control
CTGCATCAGTCATCGT_SMC049	SMC049	AD
CTGCATCCAAGTACCT_SMC052	SMC052	Control
CTGCATCCACAGCCTG_SMC035	SMC035	Active control
CTGCATCCAGGTGTTT_SMC038	SMC038	AD
CTGCATCGTCGATTCA_SMC049	SMC049	AD
CTGCATCGTGTGACCC_SMC049	SMC049	AD
CTGCATCGTTACCGTA_SMC038	SMC038	AD
CTGCATCGTTCCGCGA_SMC052	SMC052	Control
CTGCATCTCACAAGAA_SMC039	SMC039	AD
CTGCATCTCTGTCCGT_SMC049	SMC049	AD
CTGCCATAGACCATGG_SMC052	SMC052	Control
CTGCCATCAATGTCAC_SMC038	SMC038	AD
CTGCCATGTTACCCTC_SMC032	SMC032	AD
CTGCCATGTTGCCATA_SMC049	SMC049	AD
CTGCCATTCCGGTAAT_SMC035	SMC035	Active control
CTGCCATTCCTACCAC_SMC052	SMC052	Control
CTGCCATTCTACAGGT_SMC036	SMC036	AD
CTGCCTAAGATTGAGT_SMC033	SMC033	Control
CTGCCTACAAGGACAC_SMC035	SMC035	Active control
CTGCCTACAATAACCC_SMC037	SMC037	Active control
CTGCCTACATAACAGA_SMC035	SMC035	Active control
CTGCCTAGTACGCTAT_SMC039	SMC039	AD
CTGCCTAGTTGAGGAC_SMC052	SMC052	Control
CTGCCTATCACTCAAG_PO15	PO15	Control
CTGCCTATCCAGTGTA_SMC043	SMC043	AD
CTGCGAGAGCATGCGA_SMC031	SMC031	Active control
CTGCGAGAGCGCGTTC_SMC035	SMC035	Active control
CTGCGAGCACCCTGTT_SMC049	SMC049	AD
CTGCGAGCAGGCTACC_SMC032	SMC032	AD
CTGCGAGCAGTCAGCC_SMC043	SMC043	AD
CTGCGAGGTAACCCTA_SMC038	SMC038	AD
CTGCGAGGTGCAGGAT_SMC041	SMC041	AD
CTGCGAGGTGGAGAAA_SMC038	SMC038	AD
CTGCGAGTCATAAGGA_SMC049	SMC049	AD
CTGCGAGTCGGTAGGA_SMC041	SMC041	AD
CTGCTCAAGGTCGTAG_SMC052	SMC052	Control
CTGCTCAAGTCAATCC_SMC052	SMC052	Control
CTGCTCAAGTTTCGAC_SMC053	SMC053	Active control
CTGCTCACAATCGTCA_SMC030	SMC030	Control
CTGCTCACAGGGTTGA_SMC035	SMC035	Active control
CTGCTCACATCGGCCA_SMC049	SMC049	AD
CTGCTCAGTCACCGAC_SMC049	SMC049	AD
CTGCTCAGTTCTTAGG_SMC033	SMC033	Control
CTGCTCATCAGTCACA_SMC035	SMC035	Active control
CTGCTCTGTAGTCATC_PO11	PO11	AD
CTGCTCTGTCTTGGGC_PO11	PO11	AD
CTGCTTACAATACGCG_PO05	PO05	AD
CTGCTTACATGACTCC_PO15	PO15	Control
CTGGAAAGTCCCGAGT_PO42	PO42	AD
CTGGAAAGTTCCTGTC_PO11	PO11	AD
CTGGACTAGGGCCATT_PO11	PO11	AD
CTGGATGCATCGACAG_PO42	PO42	AD
CTGGCAGAGGTAGATT_SMC049	SMC049	AD
CTGGCAGCAATGGCAG_SMC049	SMC049	AD
CTGGCAGCAGCCTATA_SMC043	SMC043	AD
CTGGCAGCATGGGTTT_SMC035	SMC035	Active control
CTGGCAGGTACTTGTG_SMC049	SMC049	AD
CTGGCAGGTTGATCGT_SMC041	SMC041	AD
CTGGCAGTCCAAGGGA_SMC033	SMC033	Control
CTGGCAGTCGAACACT_SMC032	SMC032	AD
CTGGCAGTCTCTAGGA_SMC041	SMC041	AD
CTGGGCATCTTGAACG_PO23	PO23	Control
CTGGGTTAGCGATTGC_PO11	PO11	AD
CTGGTAATCCTCATGT_PO11	PO11	AD
CTGGTATGTAGCCAGG_PO23	PO23	Control
CTGGTATGTCTAGGCC_PO11	PO11	AD
CTGGTCAGTTCATCCC_PO23	PO23	Control
CTGGTCTAGGTCTACT_SMC037	SMC037	Active control
CTGGTCTCACAGTGAG_SMC035	SMC035	Active control
CTGGTCTCATCAGCGC_SMC052	SMC052	Control
CTGGTCTGTATCGAGG_SMC052	SMC052	Control
CTGGTCTGTCGTCATA_SMC053	SMC053	Active control
CTGGTCTGTGTCTTCC_SMC033	SMC033	Control
CTGGTCTGTTATCTGG_SMC049	SMC049	AD
CTGGTCTGTTATCTTC_SMC052	SMC052	Control
CTGGTCTGTTCAGCGC_SMC033	SMC033	Control
CTGGTCTTCGGCATTA_SMC049	SMC049	AD
CTGGTCTTCTCTGCCA_SMC038	SMC038	AD
CTGGTCTTCTGCTCTG_SMC052	SMC052	Control
CTGGTCTTCTTTCTAG_SMC041	SMC041	AD
CTGGTTAAGGTAAGGT_PO23	PO23	Control
CTGTAAGTCTAGTTGG_PO28	PO28	AD
CTGTACCAGCAGGCTA_SMC053	SMC053	Active control
CTGTACCAGGATATAC_SMC052	SMC052	Control
CTGTACCCACGCTTAA_SMC031	SMC031	Active control
CTGTACCCAGCTGCCA_SMC053	SMC053	Active control
CTGTACCGTAATTGGA_SMC049	SMC049	AD
CTGTACCGTTCGAAGG_SMC031	SMC031	Active control
CTGTACCGTTTGAACC_SMC053	SMC053	Active control
CTGTACCTCCACAGCG_SMC035	SMC035	Active control
CTGTACTTCAATCGCA_PO42	PO42	AD
CTGTAGAAGAGAGTTT_SMC033	SMC033	Control
CTGTAGAAGCACCAGA_SMC052	SMC052	Control
CTGTAGAAGCCGTCGT_SMC033	SMC033	Control
CTGTAGAAGGACAGCT_SMC041	SMC041	AD
CTGTAGAAGGGTCTTT_SMC049	SMC049	AD
CTGTAGACACCTCTGT_SMC030	SMC030	Control
CTGTAGATCAACCCGG_SMC052	SMC052	Control
CTGTAGATCGCCCAGA_SMC033	SMC033	Control
CTGTAGATCTAGTCAG_SMC033	SMC033	Control
CTGTATTAGATCGCTT_SMC029	SMC029	AD
CTGTATTCACAGAAGC_SMC053	SMC053	Active control
CTGTATTCACCTGATA_SMC032	SMC032	AD
CTGTATTGTATCGGTT_SMC052	SMC052	Control
CTGTATTTCATCCTGC_SMC043	SMC043	AD
CTGTATTTCGCCATAA_SMC052	SMC052	Control
CTGTATTTCGTTGTTT_SMC032	SMC032	AD
CTGTATTTCTAGAGCT_SMC030	SMC030	Control
CTGTATTTCTATGTGG_SMC052	SMC052	Control
CTGTCATTCCTCTCGA_PO23	PO23	Control
CTGTCATTCCTGTGAA_PO42	PO42	AD
CTGTCGTAGAGAACCC_SMC052	SMC052	Control
CTGTCGTCAGCGCTTG_SMC031	SMC031	Active control
CTGTCGTGTAACATGA_SMC038	SMC038	AD
CTGTCGTGTCGCACGT_SMC053	SMC053	Active control
CTGTCGTTCATGTCTT_SMC039	SMC039	AD
CTGTCGTTCCAATCTT_SMC029	SMC029	AD
CTGTCGTTCCTGATAG_SMC053	SMC053	Active control
CTGTCGTTCGCTTAAG_SMC052	SMC052	Control
CTGTGAAAGACGGTTG_SMC049	SMC049	AD
CTGTGAAAGATACCAA_SMC049	SMC049	AD
CTGTGAAAGTAGGAAG_SMC038	SMC038	AD
CTGTGAACACTTCATT_SMC038	SMC038	AD
CTGTGAAGTCCAGTTA_SMC033	SMC033	Control
CTGTGAAGTCCTCCAT_SMC049	SMC049	AD
CTGTGAATCACTAGCA_SMC041	SMC041	AD
CTGTGAATCATCGCAA_SMC037	SMC037	Active control
CTGTGAATCGACGACC_SMC033	SMC033	Control
CTGTGAATCTGCATGA_SMC035	SMC035	Active control
CTGTGAATCTTTCGAT_SMC033	SMC033	Control
CTGTGCCTCCTGGGAT_PO23	PO23	Control
CTGTGGGAGGCTGTAG_SMC041	SMC041	AD
CTGTGGGAGGTTGGAC_SMC049	SMC049	AD
CTGTGGGAGTCATTGC_SMC038	SMC038	AD
CTGTGGGAGTCCTGTA_SMC052	SMC052	Control
CTGTGGGCAGCAGGAT_SMC030	SMC030	Control
CTGTGGGCAGCTCTGG_SMC049	SMC049	AD
CTGTGGGCAGGTGACA_SMC049	SMC049	AD
CTGTGGGCATATCTGG_SMC030	SMC030	Control
CTGTGGGGTATCGATC_SMC052	SMC052	Control
CTGTGGGGTGACAACG_SMC038	SMC038	AD
CTGTGGGGTGCACATT_SMC049	SMC049	AD
CTGTGGGTCACATCAG_SMC037	SMC037	Active control
CTGTGGGTCCCTCTAG_SMC035	SMC035	Active control
CTGTGTCCAACTAGCG_PO05	PO05	AD
CTGTGTCCATCCTAAT_PO42	PO42	AD
CTGTTAAGTTAACGCT_PO23	PO23	Control
CTTAATGGTATTAGGG_PO23	PO23	Control
CTTACAAGTTGCCTAG_PO11	PO11	AD
CTTACATCAAGTCCCT_PO05	PO05	AD
CTTACATCACCTCGAT_PO23	PO23	Control
CTTACCGAGAATACAC_SMC053	SMC053	Active control
CTTACCGAGCTGCCAC_SMC052	SMC052	Control
CTTACCGCACCAAATC_SMC052	SMC052	Control
CTTACCGCATCAGTCA_SMC052	SMC052	Control
CTTACCGGTAAGGTCG_SMC031	SMC031	Active control
CTTACCGTCATGCGGC_SMC037	SMC037	Active control
CTTACGCCATAAGCGT_PO11	PO11	AD
CTTACGGGTTACACTA_PO23	PO23	Control
CTTAGCAAGCGGTAAG_PO28	PO28	AD
CTTAGCGGTTCGTTGG_PO28	PO28	AD
CTTAGGAAGCAGCAGT_SMC052	SMC052	Control
CTTAGGAAGCCAAGGT_SMC033	SMC033	Control
CTTAGGAAGGCGCTTC_SMC053	SMC053	Active control
CTTAGGACAAGTCGTT_SMC035	SMC035	Active control
CTTAGGACATAACAGA_SMC038	SMC038	AD
CTTAGGAGTCCTTTGC_SMC039	SMC039	AD
CTTAGGAGTTGTCTAG_SMC052	SMC052	Control
CTTAGGATCACAGTGT_SMC038	SMC038	AD
CTTAGGATCCAAGCAT_SMC033	SMC033	Control
CTTAGGATCCCTTGTG_SMC052	SMC052	Control
CTTAGGATCCGAAATC_SMC052	SMC052	Control
CTTAGGATCTTAGGAC_SMC052	SMC052	Control
CTTAGTAGTGGCGTCT_PO05	PO05	AD
CTTAGTAGTTTACCTT_PO23	PO23	Control
CTTAGTGAGCGGATTC_PO28	PO28	AD
CTTATAGGTAATGGGC_PO42	PO42	AD
CTTATCGCACTACCGT_PO15	PO15	Control
CTTATGCTCAGTACCA_PO11	PO11	AD
CTTCAATAGGGCCCTT_SMC052	SMC052	Control
CTTCAATAGTAGCTCT_SMC053	SMC053	Active control
CTTCAATCATGTCAGT_SMC053	SMC053	Active control
CTTCAATGTAGAGTTA_SMC049	SMC049	AD
CTTCAATGTGCATTTG_SMC033	SMC033	Control
CTTCAATTCATTACCT_SMC041	SMC041	AD
CTTCAATTCGCAGATT_SMC052	SMC052	Control
CTTCAATTCGGCTGTG_SMC033	SMC033	Control
CTTCAGCCATAGATTG_PO15	PO15	Control
CTTCCGACAAGTGGCA_SMC038	SMC038	AD
CTTCCGAGTGGCTACC_SMC052	SMC052	Control
CTTCCGAGTTTGGCTA_SMC035	SMC035	Active control
CTTCCGATCATCGACA_SMC037	SMC037	Active control
CTTCCTTAGAGGCGTT_SMC053	SMC053	Active control
CTTCCTTAGCACTAGG_SMC052	SMC052	Control
CTTCCTTAGCTGAAAT_SMC038	SMC038	AD
CTTCCTTAGGTAGCCA_SMC049	SMC049	AD
CTTCCTTAGGTCCAGA_SMC038	SMC038	AD
CTTCCTTCAATATCCG_SMC033	SMC033	Control
CTTCCTTGTAGAGTTA_SMC049	SMC049	AD
CTTCCTTGTGTCTCCT_SMC053	SMC053	Active control
CTTCCTTTCAAGTGTC_SMC030	SMC030	Control
CTTCCTTTCCTGATAG_SMC027	SMC027	Control
CTTCCTTTCCTTATCA_SMC033	SMC033	Control
CTTCGAGGTTTACGAC_PO23	PO23	Control
CTTCGATTCTGGAACC_PO05	PO05	AD
CTTCGCGCAAGCACAT_PO23	PO23	Control
CTTCGGTAGGTGTGAC_SMC052	SMC052	Control
CTTCGGTGTACGTAGG_SMC036	SMC036	AD
CTTCGGTGTGTATTGC_SMC049	SMC049	AD
CTTCGGTTCCCAAGCG_SMC030	SMC030	Control
CTTCGGTTCTTTGGAG_SMC049	SMC049	AD
CTTCTAAAGATGTTCC_SMC035	SMC035	Active control
CTTCTAAAGCCAAGTG_SMC052	SMC052	Control
CTTCTAAAGCTAAGTA_SMC052	SMC052	Control
CTTCTAACATCACCAA_SMC049	SMC049	AD
CTTCTAAGTACGAGTG_SMC027	SMC027	Control
CTTCTCTAGGCACTAG_SMC052	SMC052	Control
CTTCTCTAGTCTTCGA_SMC033	SMC033	Control
CTTCTCTAGTTCAACC_SMC036	SMC036	AD
CTTCTCTCAACTTGCA_SMC033	SMC033	Control
CTTCTCTCAATATCCG_SMC049	SMC049	AD
CTTCTCTGTAGCACGA_SMC041	SMC041	AD
CTTCTCTGTTCGGTTA_SMC038	SMC038	AD
CTTCTCTTCTCCGATC_SMC032	SMC032	AD
CTTGAGAAGAAGTGTT_SMC038	SMC038	AD
CTTGAGAAGTTGGAGC_SMC052	SMC052	Control
CTTGAGATCACCGGTG_SMC053	SMC053	Active control
CTTGAGATCGCGTAGC_SMC052	SMC052	Control
CTTGAGATCTGTAAGC_SMC052	SMC052	Control
CTTGATGAGTGAGTCC_PO42	PO42	AD
CTTGATTAGCGAGAAA_SMC030	SMC030	Control
CTTGATTAGGTTCATC_SMC049	SMC049	AD
CTTGATTCAACTCATG_SMC033	SMC033	Control
CTTGATTCAACTCGAT_SMC035	SMC035	Active control
CTTGATTCAAGTCCCG_SMC041	SMC041	AD
CTTGATTCACTCGATA_SMC033	SMC033	Control
CTTGATTCAGCGTACC_SMC033	SMC033	Control
CTTGATTGTCATAACC_SMC053	SMC053	Active control
CTTGATTGTTCCGTTC_SMC052	SMC052	Control
CTTGCAGGTTGGATCT_PO28	PO28	AD
CTTGCATTCATCACAG_PO23	PO23	Control
CTTGCCATCACTCTCG_PO23	PO23	Control
CTTGGATGTTGCTTCC_PO23	PO23	Control
CTTGGCCTCCCGTTCA_PO11	PO11	AD
CTTGGCGAGATACTAC_PO23	PO23	Control
CTTGGGACAGCACTGA_PO20	PO20	Control
CTTGGGTAGAAGGGAA_PO15	PO15	Control
CTTGGTAAGCGCCTGA_PO28	PO28	AD
CTTGGTAAGTAATCAC_PO23	PO23	Control
CTTGTAAGTGAGGCAT_PO20	PO20	Control
CTTGTCCGTTTGATTG_PO11	PO11	AD
CTTGTGTTCATCAGGC_PO23	PO23	Control
CTTTCAAAGGATTTGA_SMC049	SMC049	AD
CTTTCAAAGTATGGAT_SMC053	SMC053	Active control
CTTTCAAAGTCGCCCA_SMC052	SMC052	Control
CTTTCAACACAGCTGC_SMC049	SMC049	AD
CTTTCAACACCGTACG_SMC052	SMC052	Control
CTTTCAACAGACCATT_SMC033	SMC033	Control
CTTTCAACAGCGTTTA_SMC033	SMC033	Control
CTTTCAACATTGGATC_SMC030	SMC030	Control
CTTTCAAGTCCAGCAC_SMC052	SMC052	Control
CTTTCAAGTGTCCAAT_SMC035	SMC035	Active control
CTTTCAATCACATTGG_SMC053	SMC053	Active control
CTTTCGGAGAAGGATG_SMC049	SMC049	AD
CTTTCGGCACCATAAC_SMC038	SMC038	AD
CTTTCGGCACTGCATA_SMC053	SMC053	Active control
CTTTCGGCAGACATCT_SMC053	SMC053	Active control
CTTTCGGCAGTTGCGC_SMC049	SMC049	AD
CTTTCGGGTCGCCTAG_SMC052	SMC052	Control
CTTTCGGGTCGTTCAA_SMC038	SMC038	AD
CTTTCGGGTGACCGTC_SMC052	SMC052	Control
CTTTCGGTCCGCACGA_SMC049	SMC049	AD
CTTTCGGTCTCAACCC_SMC052	SMC052	Control
CTTTCGGTCTGTGCAA_SMC038	SMC038	AD
GAAACCTAGTTCCGGC_SMC035	SMC035	Active control
GAAACCTCAAATGGCG_SMC049	SMC049	AD
GAAACCTCAACCACAT_SMC052	SMC052	Control
GAAACCTCAGCATCTA_SMC041	SMC041	AD
GAAACCTGTCGCTTAA_SMC033	SMC033	Control
GAAACCTGTTCGGACC_SMC033	SMC033	Control
GAAACCTTCTTGGTCC_SMC038	SMC038	AD
GAAATGAAGGAAGAAC_SMC038	SMC038	AD
GAAATGAAGGCACTCC_SMC049	SMC049	AD
GAAATGACACGCACCA_SMC031	SMC031	Active control
GAAATGACACTTCAGA_SMC033	SMC033	Control
GAAATGACATCCTGTC_SMC035	SMC035	Active control
GAAATGAGTCGAATGG_SMC035	SMC035	Active control
GAAATGAGTGTCATCA_SMC035	SMC035	Active control
GAAATGATCAAGCGTT_SMC038	SMC038	AD
GAAATGATCACACGAT_SMC053	SMC053	Active control
GAAATGATCTCTGAGA_SMC030	SMC030	Control
GAACACTAGAAGGGAT_SMC049	SMC049	AD
GAACACTCACCTCAGG_SMC052	SMC052	Control
GAACACTGTGTTCGAT_SMC052	SMC052	Control
GAACACTGTTATAGAG_SMC052	SMC052	Control
GAACACTGTTGTATGC_SMC032	SMC032	AD
GAACACTTCTAATTCC_SMC038	SMC038	AD
GAACACTTCTCGGGAC_SMC049	SMC049	AD
GAACGTTAGACTTCGT_SMC052	SMC052	Control
GAACGTTCACCCTGTT_SMC049	SMC049	AD
GAACGTTCACGCAGTC_SMC049	SMC049	AD
GAACGTTGTATCGCAT_SMC052	SMC052	Control
GAACGTTGTCCCTAAA_SMC052	SMC052	Control
GAACGTTGTCCGGTCA_SMC052	SMC052	Control
GAACGTTTCTGGCCGA_SMC049	SMC049	AD
GAACTGTAGAGGTGCT_SMC030	SMC030	Control
GAACTGTAGCACGTCC_SMC038	SMC038	AD
GAACTGTAGCTAATGA_SMC036	SMC036	AD
GAACTGTAGTCGGGAT_SMC038	SMC038	AD
GAACTGTCACACCGCA_SMC053	SMC053	Active control
GAACTGTCACAGTATC_SMC052	SMC052	Control
GAACTGTGTCTGTCAA_SMC033	SMC033	Control
GAACTGTGTGTTCATG_SMC049	SMC049	AD
GAACTGTGTTGACTGT_SMC035	SMC035	Active control
GAACTGTTCGACGAGA_SMC033	SMC033	Control
GAAGAATAGACCTCAT_SMC052	SMC052	Control
GAAGAATAGCATCCTA_SMC049	SMC049	AD
GAAGAATAGGTGGCTA_SMC032	SMC032	AD
GAAGAATCACCAGCGT_SMC052	SMC052	Control
GAAGAATCACCGGCTA_SMC052	SMC052	Control
GAAGAATCATGCAGCC_SMC030	SMC030	Control
GAAGAATTCTGCGTCT_SMC052	SMC052	Control
GAAGAATTCTGCTTTA_SMC035	SMC035	Active control
GAAGCCCAGACATCAA_SMC049	SMC049	AD
GAAGCCCCATGTTCGA_SMC052	SMC052	Control
GAAGCCCGTTGCACGC_SMC049	SMC049	AD
GAAGCCCGTTTCACAG_SMC052	SMC052	Control
GAAGCGAAGATCCTAC_SMC052	SMC052	Control
GAAGCGAAGCTGAAAT_SMC035	SMC035	Active control
GAAGCGACACAAGCCC_SMC052	SMC052	Control
GAAGCGACATAAGCGG_SMC036	SMC036	AD
GAAGCGAGTAAGGTCG_SMC032	SMC032	AD
GAAGCGAGTCTCAGAT_SMC052	SMC052	Control
GAAGCGAGTGACTCTA_SMC049	SMC049	AD
GAAGCGAGTGCTGTCG_SMC033	SMC033	Control
GAAGCGATCGATCCAA_SMC035	SMC035	Active control
GAAGCGATCTACTATC_SMC035	SMC035	Active control
GAAGCGATCTTCACGC_SMC049	SMC049	AD
GAAGGACAGAATCTAG_SMC031	SMC031	Active control
GAAGGACCAAGCACAG_SMC038	SMC038	AD
GAAGGACCACGAGGAT_SMC032	SMC032	AD
GAAGGACCAGCCCACA_SMC053	SMC053	Active control
GAAGGACGTAGGTCAG_SMC030	SMC030	Control
GAAGGACGTCTATGAC_SMC037	SMC037	Active control
GAAGGACGTCTGTGTA_SMC032	SMC032	AD
GAAGGACGTTGCGTAT_SMC035	SMC035	Active control
GAAGGACTCACCGGTG_SMC052	SMC052	Control
GAAGGACTCAGATTGC_SMC052	SMC052	Control
GAAGGACTCCCGAAAT_SMC053	SMC053	Active control
GAAGGGTAGAAGTCCG_SMC052	SMC052	Control
GAAGGGTAGCCTCTGG_SMC032	SMC032	AD
GAAGGGTAGGGCGAAG_SMC052	SMC052	Control
GAAGGGTAGTCCGTCG_SMC030	SMC030	Control
GAAGGGTCAATAGAGT_SMC049	SMC049	AD
GAAGGGTCACTAAACC_SMC052	SMC052	Control
GAAGGGTGTTCCCAAA_SMC033	SMC033	Control
GAAGGGTTCAATCTCT_SMC053	SMC053	Active control
GAAGGGTTCCTTTGAT_SMC037	SMC037	Active control
GAAGTAAAGGCTAACG_SMC031	SMC031	Active control
GAAGTAACAAGCCATT_SMC033	SMC033	Control
GAAGTAACACAGACGA_SMC052	SMC052	Control
GAAGTAACAGGTGAGT_SMC030	SMC030	Control
GAAGTAAGTAGGCTCC_SMC041	SMC041	AD
GAAGTAAGTGATGGCA_SMC052	SMC052	Control
GAAGTAAGTTTCCATT_SMC027	SMC027	Control
GAAGTAATCGTGTTCC_SMC052	SMC052	Control
GAATAGAAGATACGAT_SMC052	SMC052	Control
GAATAGACAACCCGCA_SMC038	SMC038	AD
GAATAGACAAGATGGC_SMC035	SMC035	Active control
GAATAGACACACAGAG_SMC033	SMC033	Control
GAATAGACATCGTCCT_SMC052	SMC052	Control
GAATAGAGTCTTGCTC_SMC052	SMC052	Control
GAATAGATCTCTATAC_SMC038	SMC038	AD
GAATCACAGCTAGAGC_SMC033	SMC033	Control
GAATCACAGCTGACAG_SMC052	SMC052	Control
GAATCACAGGGAGTGG_SMC049	SMC049	AD
GAATCACAGTTAGTGA_SMC049	SMC049	AD
GAATCACCACAGGATG_SMC037	SMC037	Active control
GAATCACTCAACACCA_SMC037	SMC037	Active control
GAATCACTCAACTTTC_SMC049	SMC049	AD
GAATCACTCCGTGTCT_SMC033	SMC033	Control
GAATCACTCTTAATCC_SMC052	SMC052	Control
GAATCGTAGGAGCTGT_SMC049	SMC049	AD
GAATCGTAGGCGAAGG_SMC032	SMC032	AD
GAATCGTCAAGGTCTT_SMC052	SMC052	Control
GAATCGTCACTACCGG_SMC053	SMC053	Active control
GAATCGTCATGACTCA_SMC030	SMC030	Control
GAATCGTGTCCTGGTG_SMC030	SMC030	Control
GAATCGTGTCGGTAAG_SMC041	SMC041	AD
GAATCGTGTCGTGTTA_SMC052	SMC052	Control
GAATCGTGTTAAACAG_SMC039	SMC039	AD
GAATCGTTCCGTCAAA_SMC033	SMC033	Control
GAATCGTTCGGTCTAA_SMC049	SMC049	AD
GACACGCAGCACCCAC_SMC052	SMC052	Control
GACACGCAGTGCACCC_SMC038	SMC038	AD
GACACGCAGTTGTAAG_SMC038	SMC038	AD
GACACGCCAAGATGGC_SMC038	SMC038	AD
GACACGCGTCCCTAAA_SMC033	SMC033	Control
GACACGCGTGCCTTTC_SMC037	SMC037	Active control
GACACGCGTGTGGTCC_SMC032	SMC032	AD
GACACGCTCATGAGAA_SMC031	SMC031	Active control
GACACGCTCGGTGAAG_SMC033	SMC033	Control
GACAGCCAGCGTCTGC_SMC049	SMC049	AD
GACAGCCAGCGTGCTC_SMC052	SMC052	Control
GACAGCCAGGAACGTC_SMC049	SMC049	AD
GACAGCCCAAAGCACG_SMC037	SMC037	Active control
GACAGCCCAGCTACAT_SMC030	SMC030	Control
GACAGCCCAGCTGTTA_SMC049	SMC049	AD
GACAGCCCAGTGCGCT_SMC030	SMC030	Control
GACAGCCCATCCGTGG_SMC049	SMC049	AD
GACAGCCGTAGCGCCT_SMC053	SMC053	Active control
GACAGCCGTATGCTAC_SMC037	SMC037	Active control
GACAGCCGTGTGCTTA_SMC030	SMC030	Control
GACAGCCTCAATCTTC_SMC035	SMC035	Active control
GACAGCCTCAGCAATC_SMC053	SMC053	Active control
GACAGCCTCAGTGTTG_SMC052	SMC052	Control
GACAGCCTCGCGAAGA_SMC052	SMC052	Control
GACAGCCTCTAGTGAC_SMC038	SMC038	AD
GACATCAGTCCGGACT_SMC049	SMC049	AD
GACATCAGTCTACAAC_SMC053	SMC053	Active control
GACATCATCCAAGCAT_SMC049	SMC049	AD
GACATCATCCGGCTTT_SMC052	SMC052	Control
GACATCATCGTAATGC_SMC049	SMC049	AD
GACCAATAGACGAGCT_SMC049	SMC049	AD
GACCAATAGATGGTCG_SMC049	SMC049	AD
GACCAATCACTCGATA_SMC052	SMC052	Control
GACCAATCAGACACCC_SMC038	SMC038	AD
GACCAATCAGTTACCA_SMC041	SMC041	AD
GACCAATGTTCTCTAT_SMC052	SMC052	Control
GACCAATTCCTTGGAA_SMC049	SMC049	AD
GACCAATTCCTTGGAA_SMC052	SMC052	Control
GACCAATTCGAGCACC_SMC049	SMC049	AD
GACCCAGAGTGCGTCC_SMC032	SMC032	AD
GACCCAGCATGACAAA_SMC031	SMC031	Active control
GACCCAGCATGACAGG_SMC049	SMC049	AD
GACCCAGGTGTTCATG_SMC049	SMC049	AD
GACCCAGTCAGGTGTT_SMC030	SMC030	Control
GACCCAGTCATGCTAG_SMC033	SMC033	Control
GACCCAGTCGAGATGG_SMC052	SMC052	Control
GACCCAGTCTTAGGAC_SMC041	SMC041	AD
GACCCTTAGAGTCTTC_SMC030	SMC030	Control
GACCCTTAGCAACAGC_SMC030	SMC030	Control
GACCCTTAGCCAGACA_SMC041	SMC041	AD
GACCCTTAGGCATTTC_SMC038	SMC038	AD
GACCCTTCAATCTCGA_SMC052	SMC052	Control
GACCCTTCACGGTAGA_SMC038	SMC038	AD
GACCCTTCATCACAGT_SMC038	SMC038	AD
GACCCTTTCAAGATAG_SMC030	SMC030	Control
GACCGTGCACTGTTCC_SMC038	SMC038	AD
GACCGTGCAGAGGAAA_SMC035	SMC035	Active control
GACCGTGCATGCGTGC_SMC052	SMC052	Control
GACCGTGGTAGAGGAA_SMC033	SMC033	Control
GACCGTGGTGCATACT_SMC030	SMC030	Control
GACCGTGGTGTGCCTG_SMC035	SMC035	Active control
GACCGTGTCGTTACCC_SMC033	SMC033	Control
GACCTTCAGACATAAC_SMC032	SMC032	AD
GACCTTCAGAGGTTAT_SMC049	SMC049	AD
GACCTTCAGGCTTAAA_SMC032	SMC032	AD
GACCTTCAGTTAGTAG_SMC049	SMC049	AD
GACCTTCCAAATACAG_SMC052	SMC052	Control
GACCTTCCAATTGGTC_SMC039	SMC039	AD
GACCTTCCAGAGTAAT_SMC052	SMC052	Control
GACCTTCGTACGACTT_SMC049	SMC049	AD
GACCTTCGTTGCGTAT_SMC033	SMC033	Control
GACCTTCTCAACACGT_SMC049	SMC049	AD
GACCTTCTCAGCCTTC_SMC052	SMC052	Control
GACCTTCTCATTGTTC_SMC041	SMC041	AD
GACCTTCTCCTTTGAT_SMC049	SMC049	AD
GACGCTGAGCCTCAAT_SMC036	SMC036	AD
GACGCTGCAATCCTTT_SMC053	SMC053	Active control
GACGCTGCAGCGGTCT_SMC037	SMC037	Active control
GACGCTGGTAAGTTAG_SMC037	SMC037	Active control
GACGCTGGTACGCGTC_SMC043	SMC043	AD
GACGCTGGTCTCGACG_SMC049	SMC049	AD
GACGCTGGTTGAAGTA_SMC049	SMC049	AD
GACGCTGTCAACGAGG_SMC035	SMC035	Active control
GACGCTGTCACCTTAT_SMC052	SMC052	Control
GACGCTGTCTTCCAGC_SMC052	SMC052	Control
GACGTTAAGCTATCTG_SMC039	SMC039	AD
GACGTTACAGAGTAAT_SMC041	SMC041	AD
GACGTTACAGTCTGGC_SMC052	SMC052	Control
GACGTTACATTGTAGC_SMC053	SMC053	Active control
GACGTTAGTCACTCTC_SMC052	SMC052	Control
GACGTTAGTCCGGATC_SMC053	SMC053	Active control
GACTATGAGAACCCGA_SMC041	SMC041	AD
GACTATGAGTATGACA_SMC033	SMC033	Control
GACTATGCACAGTATC_SMC049	SMC049	AD
GACTATGCACGTAGTT_SMC052	SMC052	Control
GACTATGGTACAAGTA_SMC035	SMC035	Active control
GACTATGGTATCTCGA_SMC052	SMC052	Control
GACTATGGTCAAAGAT_SMC033	SMC033	Control
GACTATGTCCTCAGGG_SMC053	SMC053	Active control
GACTATGTCTTCACGC_SMC038	SMC038	AD
GACTCAAAGAACTCCT_SMC053	SMC053	Active control
GACTCAAAGACGAAGA_SMC039	SMC039	AD
GACTCAAAGCCATTGT_SMC052	SMC052	Control
GACTCAAAGTAGGCCA_SMC049	SMC049	AD
GACTCAACATGGAATA_SMC049	SMC049	AD
GACTCAAGTCAGGTGA_SMC027	SMC027	Control
GACTCAATCCATAGGT_SMC032	SMC032	AD
GACTCAATCCTGCCAT_SMC033	SMC033	Control
GACTCAATCGAGCCAC_SMC030	SMC030	Control
GACTCAATCTGCTAGA_SMC052	SMC052	Control
GACTCAATCTGTAACG_SMC035	SMC035	Active control
GACTCTCAGCAGCCCT_SMC035	SMC035	Active control
GACTCTCAGTAAGGGA_SMC033	SMC033	Control
GACTCTCCACAGTGAG_SMC052	SMC052	Control
GACTCTCCAGCTCATA_SMC043	SMC043	AD
GACTCTCGTACAGTAA_SMC049	SMC049	AD
GACTCTCGTTAGGACG_SMC052	SMC052	Control
GACTCTCTCAACACCA_SMC031	SMC031	Active control
GACTCTCTCAGACCCG_SMC038	SMC038	AD
GACTCTCTCGTTAGAC_SMC035	SMC035	Active control
GACTGATAGACCTTTG_SMC052	SMC052	Control
GACTGATAGACTCAAA_SMC053	SMC053	Active control
GACTGATAGCCTCAGC_SMC033	SMC033	Control
GACTGATAGGAGGGTG_SMC030	SMC030	Control
GACTGATAGGGAGGAC_SMC038	SMC038	AD
GACTGATCAACGGGTA_SMC041	SMC041	AD
GACTGATCACATGACT_SMC029	SMC029	AD
GACTGATCACGACTAT_SMC030	SMC030	Control
GACTGATCATCAGTGT_SMC049	SMC049	AD
GACTGATGTAACACGG_SMC038	SMC038	AD
GACTGATGTCGTTGCG_SMC030	SMC030	Control
GACTGATGTCTGTCCT_SMC049	SMC049	AD
GACTGATTCACACCCT_SMC030	SMC030	Control
GACTGATTCCTCACCA_SMC038	SMC038	AD
GACTTCCAGACCCTTA_SMC052	SMC052	Control
GACTTCCAGACCTCCG_SMC041	SMC041	AD
GACTTCCAGATGACCG_SMC052	SMC052	Control
GACTTCCAGCTTAGTC_SMC033	SMC033	Control
GACTTCCAGCTTCTAG_SMC052	SMC052	Control
GACTTCCAGTTGTACC_SMC035	SMC035	Active control
GACTTCCCACGGTCTG_SMC038	SMC038	AD
GACTTCCCAGAACTAA_SMC030	SMC030	Control
GACTTCCCAGTTGTTG_SMC033	SMC033	Control
GACTTCCGTACACGCC_SMC035	SMC035	Active control
GACTTCCGTCAGTCTA_SMC052	SMC052	Control
GACTTCCGTCCTTAAG_SMC053	SMC053	Active control
GACTTCCTCAACTCTT_SMC052	SMC052	Control
GAGAAATAGCTTAGTC_SMC032	SMC032	AD
GAGAAATAGGATAATC_SMC038	SMC038	AD
GAGAAATAGGGTACGT_SMC041	SMC041	AD
GAGAAATCAGTCAACT_SMC030	SMC030	Control
GAGAAATCAGTTGGTT_SMC052	SMC052	Control
GAGAAATGTCAATGGG_SMC031	SMC031	Active control
GAGAAATGTCCTTTGC_SMC049	SMC049	AD
GAGAAATTCCCATTTA_SMC031	SMC031	Active control
GAGACCCAGCGAGAAA_SMC052	SMC052	Control
GAGACCCAGTTGGCGA_SMC029	SMC029	AD
GAGACCCCAAGACTGG_SMC037	SMC037	Active control
GAGACCCCAATTGAGA_SMC035	SMC035	Active control
GAGACCCCACAACGCC_SMC049	SMC049	AD
GAGACCCCACCAGGTC_SMC032	SMC032	AD
GAGACCCCAGAGGCAT_SMC027	SMC027	Control
GAGACCCCAGCGTACC_SMC035	SMC035	Active control
GAGACCCCATGGGATG_SMC052	SMC052	Control
GAGACCCGTCACTCGG_SMC038	SMC038	AD
GAGACCCGTGCTCCGA_SMC030	SMC030	Control
GAGACCCTCCATTTCA_SMC049	SMC049	AD
GAGACCCTCGGACTTA_SMC035	SMC035	Active control
GAGACTTAGAACAAGG_SMC033	SMC033	Control
GAGACTTAGATCCCGC_SMC052	SMC052	Control
GAGACTTAGGTAAGAG_SMC038	SMC038	AD
GAGACTTCAAACACGG_SMC049	SMC049	AD
GAGACTTCAATAACCC_SMC052	SMC052	Control
GAGACTTGTAGACGGT_SMC033	SMC033	Control
GAGACTTGTCTGATCA_SMC035	SMC035	Active control
GAGACTTGTCTGTGCG_SMC049	SMC049	AD
GAGACTTTCATCTCTA_SMC052	SMC052	Control
GAGACTTTCTTGAGCA_SMC029	SMC029	AD
GAGAGGTAGAACAGGA_SMC049	SMC049	AD
GAGAGGTAGACGCCCT_SMC035	SMC035	Active control
GAGAGGTAGGGTCACA_SMC052	SMC052	Control
GAGATGGAGCCACAAG_SMC052	SMC052	Control
GAGATGGAGTTTGCTG_SMC039	SMC039	AD
GAGATGGCAGACACAG_SMC049	SMC049	AD
GAGATGGCAGAGGTAC_SMC049	SMC049	AD
GAGATGGGTGCTATTG_SMC032	SMC032	AD
GAGATGGTCCCAATAG_SMC049	SMC049	AD
GAGCCTGCAACTAGAA_SMC052	SMC052	Control
GAGCCTGCACCGCTGA_SMC031	SMC031	Active control
GAGCCTGCAGCAGAAC_SMC036	SMC036	AD
GAGCCTGCAGCGTTGC_SMC052	SMC052	Control
GAGCCTGCAGTTAGAA_SMC033	SMC033	Control
GAGCCTGCATGTCAGT_SMC030	SMC030	Control
GAGCCTGGTACGAAAT_SMC030	SMC030	Control
GAGCCTGGTCCAGCGT_SMC030	SMC030	Control
GAGCCTGGTGTCCGTG_SMC052	SMC052	Control
GAGCTGCAGAGGCCAT_SMC035	SMC035	Active control
GAGCTGCAGAGGGTAA_SMC049	SMC049	AD
GAGCTGCAGCATTGAA_SMC031	SMC031	Active control
GAGCTGCAGCTCCCTT_SMC052	SMC052	Control
GAGCTGCAGTACCATC_SMC031	SMC031	Active control
GAGCTGCAGTTGCGCC_SMC049	SMC049	AD
GAGCTGCCATGAAGCG_SMC049	SMC049	AD
GAGCTGCGTGTACGCC_SMC052	SMC052	Control
GAGCTGCTCCAATCTT_SMC038	SMC038	AD
GAGCTGCTCTATGTGG_SMC032	SMC032	AD
GAGCTGCTCTTTACAC_SMC038	SMC038	AD
GAGGCAAAGGCTTCCG_SMC049	SMC049	AD
GAGGCAACACAGACGA_SMC031	SMC031	Active control
GAGGCAACAGCCGTCA_SMC033	SMC033	Control
GAGGCAACATCAGTCA_SMC052	SMC052	Control
GAGGCAAGTCCCTCAT_SMC033	SMC033	Control
GAGGCAAGTGCGTTTA_SMC052	SMC052	Control
GAGGCAAGTGGCAACA_SMC049	SMC049	AD
GAGGCAATCAAAGGTA_SMC037	SMC037	Active control
GAGGCAATCGTTCAGA_SMC035	SMC035	Active control
GAGGCAATCTAGGAAA_SMC041	SMC041	AD
GAGGCAATCTGGTCAA_SMC041	SMC041	AD
GAGGCCTAGTCTCGTA_SMC052	SMC052	Control
GAGGCCTCAGAGATTA_SMC041	SMC041	AD
GAGGCCTCATGATAGA_SMC031	SMC031	Active control
GAGGCCTGTAACCCTA_SMC052	SMC052	Control
GAGGCCTGTACGATGG_SMC049	SMC049	AD
GAGGCCTGTAGCTAAA_SMC038	SMC038	AD
GAGGCCTGTCACTCTC_SMC052	SMC052	Control
GAGGCCTGTGCGAGTA_SMC052	SMC052	Control
GAGGGATCACAACGTT_SMC053	SMC053	Active control
GAGGGATCATGTAACC_SMC049	SMC049	AD
GAGGGATGTGAGTGAC_SMC041	SMC041	AD
GAGGGATGTTCACCGG_SMC035	SMC035	Active control
GAGGGATGTTTACTTC_SMC052	SMC052	Control
GAGGGATTCCACACCT_SMC053	SMC053	Active control
GAGGGATTCTCGCAGG_SMC049	SMC049	AD
GAGGGTAAGGGTACAC_SMC033	SMC033	Control
GAGGGTAAGGTCGTAG_SMC052	SMC052	Control
GAGGGTAAGTCTCGTA_SMC032	SMC032	AD
GAGGGTACAACACAGG_SMC052	SMC052	Control
GAGGGTAGTACAGCGA_SMC041	SMC041	AD
GAGGGTATCTCGTCAC_SMC053	SMC053	Active control
GAGTCATAGAATAGTC_SMC030	SMC030	Control
GAGTCATAGCTGAAGC_SMC035	SMC035	Active control
GAGTCATCAAATACGA_SMC041	SMC041	AD
GAGTCATCAACCGACC_SMC041	SMC041	AD
GAGTCATCAATAACCC_SMC036	SMC036	AD
GAGTCATCATTGGATC_SMC030	SMC030	Control
GAGTCATGTAGTGATA_SMC038	SMC038	AD
GAGTCATGTTCGATTG_SMC049	SMC049	AD
GAGTCATTCCTGTTGC_SMC049	SMC049	AD
GAGTCTAAGCGTGTTT_SMC053	SMC053	Active control
GAGTCTACAACCAACT_SMC031	SMC031	Active control
GAGTCTACAGTCCCGA_SMC052	SMC052	Control
GAGTCTACATCGTCCT_SMC038	SMC038	AD
GAGTCTACATCGTCCT_SMC052	SMC052	Control
GAGTCTAGTACCTGTA_SMC052	SMC052	Control
GAGTCTAGTACTGCCG_SMC035	SMC035	Active control
GAGTCTAGTATTGCCA_SMC035	SMC035	Active control
GAGTCTAGTGGTAATA_SMC035	SMC035	Active control
GAGTCTAGTGTCGATT_SMC033	SMC033	Control
GAGTCTATCAGGAAGC_SMC043	SMC043	AD
GAGTCTATCCCTTGGT_SMC052	SMC052	Control
GAGTGAGAGAATCTAG_SMC049	SMC049	AD
GAGTGAGAGGGTTAAT_SMC052	SMC052	Control
GAGTGAGCAAATCAAG_SMC053	SMC053	Active control
GAGTGAGCACAAAGCG_SMC029	SMC029	AD
GAGTGAGCACAAGTGG_SMC030	SMC030	Control
GAGTGAGCACCAGCTG_SMC033	SMC033	Control
GAGTGAGGTAACTTCG_SMC032	SMC032	AD
GAGTGAGGTGGTTCTA_SMC049	SMC049	AD
GAGTGAGTCCTGCTAC_SMC052	SMC052	Control
GAGTGAGTCGGTAACT_SMC052	SMC052	Control
GAGTGAGTCTCATGCC_SMC041	SMC041	AD
GAGTGTTCAACTGGTT_SMC030	SMC030	Control
GAGTGTTGTGACTGAG_SMC033	SMC033	Control
GAGTGTTGTGTGTTTG_SMC038	SMC038	AD
GAGTGTTGTTAGAAGT_SMC038	SMC038	AD
GAGTGTTGTTATCTTC_SMC049	SMC049	AD
GAGTGTTGTTCCATTT_SMC038	SMC038	AD
GAGTGTTTCAAGCCGC_SMC049	SMC049	AD
GAGTGTTTCCGTGTAA_SMC052	SMC052	Control
GAGTGTTTCGGCTTCT_SMC052	SMC052	Control
GAGTTACAGTCAACAA_SMC032	SMC032	AD
GAGTTACCAGGACTTT_SMC033	SMC033	Control
GAGTTACCAGGTTACT_SMC049	SMC049	AD
GAGTTACCATAGGAGC_SMC032	SMC032	AD
GAGTTACGTAACTTCG_SMC033	SMC033	Control
GAGTTACGTTCACGAT_SMC041	SMC041	AD
GAGTTACGTTCGAGCC_SMC053	SMC053	Active control
GAGTTACGTTCTCAGA_SMC052	SMC052	Control
GAGTTACGTTGGGTTT_SMC035	SMC035	Active control
GAGTTACGTTTAAGGA_SMC030	SMC030	Control
GAGTTACTCATCCTGC_SMC030	SMC030	Control
GAGTTGTAGGAGAATG_SMC033	SMC033	Control
GAGTTGTAGGCATGGT_SMC041	SMC041	AD
GAGTTGTAGTACCCTA_SMC052	SMC052	Control
GAGTTGTCAGTTGTTG_SMC037	SMC037	Active control
GAGTTGTCATCGATGT_SMC053	SMC053	Active control
GAGTTGTCATTGTGCA_SMC053	SMC053	Active control
GAGTTGTGTCGTTCAA_SMC030	SMC030	Control
GAGTTGTGTTAGGCCC_SMC049	SMC049	AD
GAGTTGTTCAGCTGTA_SMC049	SMC049	AD
GAGTTGTTCATAAGGA_SMC052	SMC052	Control
GAGTTGTTCGGTAACT_SMC037	SMC037	Active control
GAGTTTGAGAAGTGTT_SMC052	SMC052	Control
GAGTTTGAGAGTGTGC_SMC049	SMC049	AD
GAGTTTGAGCTAAACA_SMC033	SMC033	Control
GAGTTTGAGGAATCGC_SMC033	SMC033	Control
GAGTTTGAGGTACATA_SMC049	SMC049	AD
GAGTTTGAGTCACACT_SMC033	SMC033	Control
GAGTTTGCACAATGTC_SMC052	SMC052	Control
GAGTTTGGTAGGACCA_SMC041	SMC041	AD
GAGTTTGTCAAATGAG_SMC053	SMC053	Active control
GAGTTTGTCGTGGACC_SMC053	SMC053	Active control
GAGTTTGTCTGGCTGG_SMC030	SMC030	Control
GATAGAACAAGACAAT_SMC035	SMC035	Active control
GATAGAACACTCCTGT_SMC036	SMC036	AD
GATAGAACATCACCAA_SMC033	SMC033	Control
GATAGAACATCAGTGT_SMC049	SMC049	AD
GATAGAAGTGCAGTGA_SMC030	SMC030	Control
GATAGAATCCATTGGA_SMC035	SMC035	Active control
GATAGCTAGACTGTTC_SMC052	SMC052	Control
GATAGCTAGATGCTTC_SMC035	SMC035	Active control
GATAGCTAGGACAGTC_SMC041	SMC041	AD
GATAGCTAGGCATCTT_SMC049	SMC049	AD
GATAGCTAGGCCACTC_SMC030	SMC030	Control
GATAGCTCAGTGCGCT_SMC052	SMC052	Control
GATAGCTGTGGCGTAA_SMC038	SMC038	AD
GATAGCTGTTGAAGTA_SMC030	SMC030	Control
GATAGCTTCACAGTGT_SMC052	SMC052	Control
GATAGCTTCGAAACAA_SMC032	SMC032	AD
GATCACAAGCACTCCG_SMC049	SMC049	AD
GATCACAAGTGGTTGG_SMC052	SMC052	Control
GATCACACAACAACAA_SMC053	SMC053	Active control
GATCACACACAAAGTA_SMC035	SMC035	Active control
GATCACACACATGGTT_SMC052	SMC052	Control
GATCACAGTCACCCTT_SMC035	SMC035	Active control
GATCACAGTCACTCGG_SMC033	SMC033	Control
GATCACAGTCGAGCAA_SMC053	SMC053	Active control
GATCACAGTGTACAGG_SMC038	SMC038	AD
GATCACATCACTCCGT_SMC033	SMC033	Control
GATCACATCACTTCTA_SMC031	SMC031	Active control
GATCACATCTGAGAAA_SMC030	SMC030	Control
GATCAGTAGCAATTAG_SMC035	SMC035	Active control
GATCAGTAGCCTTTGA_SMC029	SMC029	AD
GATCAGTAGCTTCTAG_SMC052	SMC052	Control
GATCAGTAGTAGGGTC_SMC035	SMC035	Active control
GATCAGTCACTCATAG_SMC030	SMC030	Control
GATCAGTCAGATTCGT_SMC053	SMC053	Active control
GATCAGTCAGGTTCAT_SMC029	SMC029	AD
GATCAGTCAGTATACC_SMC033	SMC033	Control
GATCAGTGTCAACCTA_SMC053	SMC053	Active control
GATCAGTGTCAGGAGT_SMC038	SMC038	AD
GATCAGTGTCTCGCGA_SMC036	SMC036	AD
GATCAGTTCAACACGT_SMC043	SMC043	AD
GATCAGTTCATCCTAT_SMC053	SMC053	Active control
GATCAGTTCGCGTGCA_SMC049	SMC049	AD
GATCATGAGACTACCT_SMC037	SMC037	Active control
GATCATGAGATTCGAA_SMC052	SMC052	Control
GATCATGAGGTAAGAG_SMC052	SMC052	Control
GATCATGCAACTACGT_SMC052	SMC052	Control
GATCATGCAGAGCTAG_SMC052	SMC052	Control
GATCATGCATCATTGG_SMC049	SMC049	AD
GATCATGGTTTGATCG_SMC030	SMC030	Control
GATCCCTAGGGCAACT_SMC038	SMC038	AD
GATCCCTAGTACCGGA_SMC049	SMC049	AD
GATCCCTGTCTTCATT_SMC052	SMC052	Control
GATCCCTGTGGTCCGT_SMC049	SMC049	AD
GATCCCTTCGGTCGAC_SMC053	SMC053	Active control
GATCCCTTCGGTTGTA_SMC035	SMC035	Active control
GATCCCTTCTGCACCT_SMC052	SMC052	Control
GATCCCTTCTTGGAAC_SMC052	SMC052	Control
GATCGTAAGGCGAACT_SMC052	SMC052	Control
GATCGTACACGTTGGC_SMC038	SMC038	AD
GATCGTAGTGACACGA_SMC049	SMC049	AD
GATCGTATCACTTGGA_SMC033	SMC033	Control
GATCGTATCTCAACCC_SMC052	SMC052	Control
GATGACTAGTATGAGT_SMC041	SMC041	AD
GATGACTCAACGACTT_SMC043	SMC043	AD
GATGACTCACGGTGCT_SMC052	SMC052	Control
GATGACTGTACCGGAA_SMC030	SMC030	Control
GATGACTGTATGCTTG_SMC049	SMC049	AD
GATGACTGTCATGCAT_SMC033	SMC033	Control
GATGACTGTGCCCAGT_SMC032	SMC032	AD
GATGAGGAGGTTCCAT_SMC053	SMC053	Active control
GATGAGGCACTTGGCG_SMC052	SMC052	Control
GATGAGGCATCAGCTA_SMC041	SMC041	AD
GATGAGGCATGCCGAC_SMC049	SMC049	AD
GATGAGGGTGGGTCAA_SMC052	SMC052	Control
GATGAGGTCGGACTTA_SMC052	SMC052	Control
GATGATCAGGAGTACC_SMC033	SMC033	Control
GATGATCAGGATTTCC_SMC052	SMC052	Control
GATGATCAGTCCCGGT_SMC041	SMC041	AD
GATGATCAGTGCAACG_SMC049	SMC049	AD
GATGATCAGTGTGTTC_SMC041	SMC041	AD
GATGATCCAAACTCGT_SMC033	SMC033	Control
GATGATCCAAGTTCGT_SMC033	SMC033	Control
GATGATCCAATCTGCA_SMC053	SMC053	Active control
GATGATCCACATATCG_SMC033	SMC033	Control
GATGATCCACATCCCT_SMC031	SMC031	Active control
GATGATCCAGTCCGTG_SMC038	SMC038	AD
GATGATCCATCGGCCA_SMC052	SMC052	Control
GATGATCCATGAGGGT_SMC049	SMC049	AD
GATGATCGTAGAAACT_SMC049	SMC049	AD
GATGATCGTCATAGTC_SMC049	SMC049	AD
GATGATCGTTCTCCCA_SMC035	SMC035	Active control
GATGATCGTTGTAGCT_SMC052	SMC052	Control
GATGATCTCCATTTCA_SMC053	SMC053	Active control
GATGCTAAGAATTTGG_SMC049	SMC049	AD
GATGCTAAGGCTCCCA_SMC029	SMC029	AD
GATGCTACAACCCGCA_SMC033	SMC033	Control
GATGCTAGTGTTACTG_SMC035	SMC035	Active control
GATGCTATCAAATGCC_SMC052	SMC052	Control
GATGCTATCAGCGGAA_SMC049	SMC049	AD
GATGCTATCATTCACT_SMC033	SMC033	Control
GATGCTATCTTGCAAG_SMC041	SMC041	AD
GATGGAGAGGGAGGTG_SMC052	SMC052	Control
GATGGAGAGGGCCCTT_SMC052	SMC052	Control
GATGGAGGTACGAGCA_SMC052	SMC052	Control
GATGGAGTCGCCACTT_SMC038	SMC038	AD
GATGTTGAGACAACTA_SMC049	SMC049	AD
GATGTTGAGCCTCTTC_SMC031	SMC031	Active control
GATGTTGAGGCTAGCA_SMC037	SMC037	Active control
GATGTTGAGGGTGGGA_SMC053	SMC053	Active control
GATGTTGAGTTAACAG_SMC041	SMC041	AD
GATGTTGCAACTTGCA_SMC033	SMC033	Control
GATGTTGCAATTGCCA_SMC035	SMC035	Active control
GATGTTGCAGTTTGGT_SMC053	SMC053	Active control
GATGTTGGTCACTGAT_SMC037	SMC037	Active control
GATGTTGGTGGTTTGT_SMC052	SMC052	Control
GATGTTGTCAATGCAC_SMC039	SMC039	AD
GATGTTGTCATTTGTC_SMC052	SMC052	Control
GATTCGAAGATAGTCA_SMC052	SMC052	Control
GATTCGAAGGGCCTCT_SMC049	SMC049	AD
GATTCGAAGTGTGTTC_SMC049	SMC049	AD
GATTCGACATTACGGT_SMC031	SMC031	Active control
GATTCGAGTAACATCC_SMC049	SMC049	AD
GATTCGAGTAGCCAGA_SMC041	SMC041	AD
GATTCGATCATCACAG_SMC035	SMC035	Active control
GATTCGATCTCGTTTA_SMC033	SMC033	Control
GATTCTTAGAATGTTG_SMC052	SMC052	Control
GATTCTTAGAGTTGCG_SMC030	SMC030	Control
GATTCTTAGTATGACA_SMC033	SMC033	Control
GATTCTTCAAGAGGTC_SMC038	SMC038	AD
GATTCTTCACAGAAGC_SMC052	SMC052	Control
GATTCTTCACGGTAGA_SMC053	SMC053	Active control
GATTCTTGTCTTACAG_SMC052	SMC052	Control
GATTCTTGTGTATACC_SMC031	SMC031	Active control
GATTCTTTCACTGGTA_SMC053	SMC053	Active control
GATTGGTAGTGGACGT_SMC052	SMC052	Control
GATTGGTCAAGACTGG_SMC038	SMC038	AD
GATTGGTCAGCAAGAC_SMC052	SMC052	Control
GATTGGTCAGTCAGAG_SMC030	SMC030	Control
GATTGGTGTAGTCGGA_SMC037	SMC037	Active control
GATTGGTTCCTACACC_SMC049	SMC049	AD
GATTGGTTCCTCACGT_SMC049	SMC049	AD
GATTGGTTCGCTTGAA_SMC038	SMC038	AD
GATTTCTCAAATGCTC_SMC038	SMC038	AD
GATTTCTCAAGACTGG_SMC032	SMC032	AD
GATTTCTCAATTTCGG_SMC052	SMC052	Control
GATTTCTCATTGCAAC_SMC052	SMC052	Control
GATTTCTGTGACGCCT_SMC052	SMC052	Control
GATTTCTGTGCATGAG_SMC033	SMC033	Control
GATTTCTTCTGACAGT_SMC053	SMC053	Active control
GCAACATAGCTACAAA_SMC053	SMC053	Active control
GCAACATAGCTGAAAT_SMC049	SMC049	AD
GCAACATAGGACAAGA_SMC049	SMC049	AD
GCAACATAGGCATCAG_SMC053	SMC053	Active control
GCAACATCAAAGGATG_PO05	PO05	AD
GCAACATCACGTTCGG_SMC033	SMC033	Control
GCAACATCAGACCAAG_SMC031	SMC031	Active control
GCAACATCAGCACACC_SMC043	SMC043	AD
GCAACATCAGGTGAGT_SMC033	SMC033	Control
GCAACATTCACATCAG_SMC041	SMC041	AD
GCAACCGAGGATGAGA_SMC049	SMC049	AD
GCAACCGAGTGCACAG_SMC031	SMC031	Active control
GCAACCGGTCGTACAT_SMC052	SMC052	Control
GCAACCGTCGCTACAA_SMC038	SMC038	AD
GCAACCGTCTCATGCC_SMC052	SMC052	Control
GCAAGCAAGGTGATCC_PO41	PO41	AD
GCAATCATCATGTCGA_PO13	PO13	Control
GCAATCTGTAAGGTAT_PO23	PO23	Control
GCAATCTGTTCCATCC_PO23	PO23	Control
GCAATGAGTGCACCGT_PO42	PO42	AD
GCAATTGTCAGGTAGG_PO11	PO11	AD
GCAATTGTCAGGTCGT_PO05	PO05	AD
GCACATAAGCTCGAAG_SMC049	SMC049	AD
GCACATAAGTGGCCTC_SMC032	SMC032	AD
GCACATAGTACGATTC_SMC035	SMC035	Active control
GCACATAGTCAACCTA_SMC053	SMC053	Active control
GCACATAGTCTCCTGT_SMC052	SMC052	Control
GCACATATCCCTTGTG_SMC052	SMC052	Control
GCACATATCCTCTGCA_SMC035	SMC035	Active control
GCACATATCTTACCAT_SMC033	SMC033	Control
GCACCGATCCAGGTGT_PO28	PO28	AD
GCACCTAGTGAGTGGT_PO41	PO41	AD
GCACCTAGTTAAGGTG_PO23	PO23	Control
GCACGAAAGGCATTCA_PO23	PO23	Control
GCACGGTAGCGAGGAG_SMC029	SMC029	AD
GCACGGTAGCGTACAG_SMC053	SMC053	Active control
GCACGGTAGGCCACTC_SMC038	SMC038	AD
GCACGGTAGGGTAGCT_SMC037	SMC037	Active control
GCACGGTCAATTGACA_PO20	PO20	Control
GCACGGTCACGCGCTA_SMC033	SMC033	Control
GCACGGTCAGTACTAC_SMC031	SMC031	Active control
GCACGGTGTCAACGCC_SMC053	SMC053	Active control
GCACGGTGTCCGGTGT_SMC035	SMC035	Active control
GCACGGTGTGGTCTAT_SMC038	SMC038	AD
GCACGGTGTTTCAGAC_SMC030	SMC030	Control
GCACGGTTCAAGAGGC_SMC033	SMC033	Control
GCACGGTTCACTGATG_SMC052	SMC052	Control
GCACGGTTCAGAGCGA_SMC049	SMC049	AD
GCACGTGAGACATAAC_SMC049	SMC049	AD
GCACGTGAGACTTCCA_SMC029	SMC029	AD
GCACGTGAGATCCTAC_SMC032	SMC032	AD
GCACGTGAGCAACTCT_SMC037	SMC037	Active control
GCACGTGAGCGATGGT_SMC033	SMC033	Control
GCACGTGAGTAACGTA_SMC052	SMC052	Control
GCACGTGCAACCCGCA_SMC049	SMC049	AD
GCACGTGCAGTGGTGA_SMC052	SMC052	Control
GCACGTGCAGTTCACA_SMC036	SMC036	AD
GCACGTGCATGACTCA_SMC038	SMC038	AD
GCACGTGCATGTGCCG_SMC053	SMC053	Active control
GCACGTGGTACGCGTC_SMC033	SMC033	Control
GCACGTGTCAGAATAG_SMC052	SMC052	Control
GCACTAACAAGCAGGT_SMC052	SMC052	Control
GCACTAACATAGAGGC_SMC041	SMC041	AD
GCACTAACATGAGTAA_SMC049	SMC049	AD
GCACTAATCGAATCCA_SMC053	SMC053	Active control
GCACTAATCTACAGGT_SMC036	SMC036	AD
GCACTAGCAATACAGC_PO42	PO42	AD
GCACTAGCAGCCAATG_PO42	PO42	AD
GCACTCCTCGATATGT_PO13	PO13	Control
GCACTTGGTCATGCCA_PO23	PO23	Control
GCAGCCAAGCACCTGC_SMC041	SMC041	AD
GCAGCCAAGGATCATA_SMC052	SMC052	Control
GCAGCCAGTCGATGCC_SMC036	SMC036	AD
GCAGCCAGTGGTAACG_SMC030	SMC030	Control
GCAGCCATCCCTTCCC_SMC030	SMC030	Control
GCAGCCATCCTACGAA_SMC052	SMC052	Control
GCAGCCATCGATCCCT_SMC033	SMC033	Control
GCAGCCATCGGTCTAA_SMC038	SMC038	AD
GCAGCCATCTGGGTCG_SMC033	SMC033	Control
GCAGCTGAGCAATAGT_SMC030	SMC030	Control
GCAGCTGAGTAACCGG_SMC052	SMC052	Control
GCAGCTGCAACTGATC_SMC052	SMC052	Control
GCAGCTGCACAGTCCG_SMC052	SMC052	Control
GCAGCTGCATATAGCC_SMC030	SMC030	Control
GCAGCTGCATCGCTGG_SMC032	SMC032	AD
GCAGCTGGTACAGCGA_SMC038	SMC038	AD
GCAGCTGGTCAAAGTA_SMC038	SMC038	AD
GCAGCTGGTGATCATC_SMC049	SMC049	AD
GCAGCTGTCCATTTGT_SMC041	SMC041	AD
GCAGCTGTCCCAAGTA_SMC041	SMC041	AD
GCAGCTGTCGACTCCT_SMC031	SMC031	Active control
GCAGCTGTCGGTCACG_SMC038	SMC038	AD
GCAGCTGTCTGTTGGA_SMC033	SMC033	Control
GCAGGATGTCTTGCTC_PO20	PO20	Control
GCAGGCTAGCTACTAC_SMC049	SMC049	AD
GCAGGCTCAAGAGATT_SMC052	SMC052	Control
GCAGGCTCAAGGGTCA_SMC053	SMC053	Active control
GCAGGCTCACTCCGGA_SMC037	SMC037	Active control
GCAGGCTCAGACACCC_SMC052	SMC052	Control
GCAGGCTGTATAGCTC_SMC035	SMC035	Active control
GCAGGCTGTGACCGAA_SMC041	SMC041	AD
GCAGGCTGTTTACACG_SMC053	SMC053	Active control
GCAGGCTTCACAGTGT_SMC030	SMC030	Control
GCAGGCTTCAGAGCGA_SMC033	SMC033	Control
GCAGGCTTCCCAGGAC_SMC049	SMC049	AD
GCAGGCTTCGCTTGCT_SMC049	SMC049	AD
GCAGGCTTCGGTATGT_SMC052	SMC052	Control
GCAGGGACAGTACCAG_PO23	PO23	Control
GCAGTGAAGGATTGGG_PO11	PO11	AD
GCAGTTAAGAATTTGG_SMC038	SMC038	AD
GCAGTTAAGTCTAGCT_SMC052	SMC052	Control
GCAGTTAAGTGGTGAC_SMC035	SMC035	Active control
GCAGTTACAACTAGAA_SMC032	SMC032	AD
GCAGTTACATAATGAG_SMC038	SMC038	AD
GCAGTTATCGACGTCG_SMC038	SMC038	AD
GCAGTTATCTTGCAGA_SMC030	SMC030	Control
GCATAAGGTTGCCTTC_PO20	PO20	Control
GCATCCTCATCAAGGT_PO05	PO05	AD
GCATCGGCAAATCAGA_SMC037	SMC037	Active control
GCATCGGCACCGTGCA_SMC035	SMC035	Active control
GCATCGGCACTTGAGT_SMC032	SMC032	AD
GCATCGGCAGCATACT_SMC032	SMC032	AD
GCATCGGCAGCGTTTA_SMC033	SMC033	Control
GCATCGGTCAACCCGG_SMC033	SMC033	Control
GCATCGGTCCACATAG_SMC032	SMC032	AD
GCATCGGTCTTCTAAC_SMC052	SMC052	Control
GCATCTCAGGCCATAG_SMC049	SMC049	AD
GCATCTCCACCAGGTC_SMC049	SMC049	AD
GCATCTCGTAGAGCTG_SMC038	SMC038	AD
GCATCTCTCCATGAGT_SMC041	SMC041	AD
GCATCTCTCCCTCTTT_SMC049	SMC049	AD
GCATGAGAGGTTCGGT_PO23	PO23	Control
GCATGATAGCTCTATG_SMC039	SMC039	AD
GCATGATCAAGCTGTT_SMC049	SMC049	AD
GCATGATCAGACACAG_SMC031	SMC031	Active control
GCATGATGTAGGCAAC_SMC052	SMC052	Control
GCATGATGTATAGGGC_SMC038	SMC038	AD
GCATGATGTGGATTTC_SMC053	SMC053	Active control
GCATGATGTGTCCAAT_SMC053	SMC053	Active control
GCATGATGTTGGGAAC_SMC033	SMC033	Control
GCATGATTCAGGTGTT_SMC041	SMC041	AD
GCATGATTCTACTTCA_SMC032	SMC032	AD
GCATGGGGTTGGCCGT_PO05	PO05	AD
GCATGTCAGGTTGCCG_PO23	PO23	Control
GCATTAACAAGCGTGC_PO11	PO11	AD
GCATTAGAGCAAATGT_SMC053	SMC053	Active control
GCATTAGCACATCATG_SMC027	SMC027	Control
GCATTAGCAGAACTTC_SMC030	SMC030	Control
GCATTAGCATTACTCT_SMC030	SMC030	Control
GCATTAGGTAAGCGGT_SMC052	SMC052	Control
GCATTAGGTTCCGCAG_SMC052	SMC052	Control
GCATTAGTCCACATAG_SMC035	SMC035	Active control
GCATTAGTCCACTAGA_SMC035	SMC035	Active control
GCATTAGTCCATCTGT_PO23	PO23	Control
GCATTAGTCCTACCAC_SMC052	SMC052	Control
GCATTCAAGGATACTT_PO42	PO42	AD
GCCAAATCAGGAAGCG_PO23	PO23	Control
GCCAACGAGCGCCTAC_SMC052	SMC052	Control
GCCAACGAGGTCGTGA_SMC053	SMC053	Active control
GCCAACGCAGCTCGGT_SMC053	SMC053	Active control
GCCAACGCATCGTGCG_SMC053	SMC053	Active control
GCCAACGGTCTACACA_SMC033	SMC033	Control
GCCAACGGTCTACGTA_SMC049	SMC049	AD
GCCAACGGTGAGTCAG_SMC032	SMC032	AD
GCCAACGGTGCATTTG_SMC035	SMC035	Active control
GCCAACGTCTAGGAAA_SMC037	SMC037	Active control
GCCAACGTCTTCGATT_SMC052	SMC052	Control
GCCAACTAGTAGGCAG_PO28	PO28	AD
GCCAAGCCAGGAAGGT_PO15	PO15	Control
GCCAATATCCTGCCAC_PO15	PO15	Control
GCCAATGCAATAGAGG_PO42	PO42	AD
GCCACAACAAGCCACA_PO23	PO23	Control
GCCAGCAAGATGCTGG_SMC052	SMC052	Control
GCCAGCAAGATGGCGT_SMC030	SMC030	Control
GCCAGCAAGATTGTGA_SMC052	SMC052	Control
GCCAGCAAGCTCTTCC_SMC035	SMC035	Active control
GCCAGCACAAGTGACG_SMC052	SMC052	Control
GCCAGCACAAGTGGTG_SMC027	SMC027	Control
GCCAGCACAGTCGGTC_SMC031	SMC031	Active control
GCCAGCACAGTGTGGA_SMC032	SMC032	AD
GCCAGCACATGGGTTT_SMC033	SMC033	Control
GCCAGCAGTCGTACAT_SMC030	SMC030	Control
GCCAGCATCTTCGCTG_SMC030	SMC030	Control
GCCAGGTAGAGGTCGT_SMC049	SMC049	AD
GCCAGGTAGCACTAAA_SMC049	SMC049	AD
GCCAGGTCAACTTGGT_SMC038	SMC038	AD
GCCAGGTCATAATCGC_SMC035	SMC035	Active control
GCCAGGTGTAAGTTAG_SMC031	SMC031	Active control
GCCAGGTGTCTACTGA_SMC049	SMC049	AD
GCCAGGTTCAAGCGTT_SMC049	SMC049	AD
GCCAGGTTCACGGACC_SMC043	SMC043	AD
GCCAGGTTCCATTCGC_SMC032	SMC032	AD
GCCAGGTTCTCTCGCA_SMC031	SMC031	Active control
GCCAGTGAGACGCAGT_SMC052	SMC052	Control
GCCAGTGAGCATGGGT_SMC035	SMC035	Active control
GCCAGTGGTCGCTGCA_SMC033	SMC033	Control
GCCAGTGGTGACAACG_SMC035	SMC035	Active control
GCCAGTGGTGCGCTCA_SMC052	SMC052	Control
GCCAGTGGTGGGAGAG_SMC031	SMC031	Active control
GCCAGTGTCCAAGCCG_SMC035	SMC035	Active control
GCCAGTGTCTCGTCGT_SMC052	SMC052	Control
GCCATAATCAGTACGC_PO23	PO23	Control
GCCATAGCAAATCACA_PO23	PO23	Control
GCCATAGCACTTGACC_PO20	PO20	Control
GCCATATGTTGAAGCA_PO11	PO11	AD
GCCATCTCAACATCGG_PO42	PO42	AD
GCCATCTCAAGGTCCA_PO23	PO23	Control
GCCATCTCACAACTAA_PO11	PO11	AD
GCCATGGAGCATGCGA_SMC049	SMC049	AD
GCCATGGAGCCATCCG_SMC052	SMC052	Control
GCCATGGAGTCCGTCG_SMC052	SMC052	Control
GCCATGGCAGGAATCG_SMC038	SMC038	AD
GCCATGGGTAGCACAG_SMC049	SMC049	AD
GCCATGGTCAAGAAAC_SMC052	SMC052	Control
GCCATGGTCACACGAT_SMC033	SMC033	Control
GCCATGGTCATCTACT_SMC038	SMC038	AD
GCCATGGTCTTTCCAA_SMC052	SMC052	Control
GCCATTCAGAGAGTTT_SMC032	SMC032	AD
GCCATTCAGATTGGGC_SMC032	SMC032	AD
GCCATTCAGGAAAGTG_SMC049	SMC049	AD
GCCATTCAGGCATCAG_SMC049	SMC049	AD
GCCATTCAGGGCAGGA_SMC037	SMC037	Active control
GCCATTCCACGACGTC_SMC052	SMC052	Control
GCCATTCCAGCATCTA_SMC038	SMC038	AD
GCCATTCCATCTGGGC_SMC033	SMC033	Control
GCCATTCCATTCATCT_SMC036	SMC036	AD
GCCATTCGTACTGGGA_SMC033	SMC033	Control
GCCATTCGTTTACCAG_SMC052	SMC052	Control
GCCATTCTCACCCTGT_SMC033	SMC033	Control
GCCATTCTCCTGTTGC_SMC031	SMC031	Active control
GCCATTCTCGACCTAA_SMC033	SMC033	Control
GCCATTCTCGCGGACT_SMC049	SMC049	AD
GCCCAAGTCCTGATTC_PO42	PO42	AD
GCCCAAGTCGCATACA_PO42	PO42	AD
GCCCAGAAGCTTACGT_SMC053	SMC053	Active control
GCCCAGACAATTGAAG_SMC052	SMC052	Control
GCCCAGACAGTCTTCC_SMC035	SMC035	Active control
GCCCAGACATCACGGC_SMC049	SMC049	AD
GCCCAGACATCGTGCG_SMC033	SMC033	Control
GCCCAGACATGTCTAG_SMC049	SMC049	AD
GCCCAGAGTATGGAGC_SMC052	SMC052	Control
GCCCAGATCAAGGTGG_SMC041	SMC041	AD
GCCCAGATCTAGTGAC_SMC049	SMC049	AD
GCCCCAAAGTAGCACC_PO23	PO23	Control
GCCCCATTCCCATAGA_PO15	PO15	Control
GCCCCTTAGCCAGTGT_PO05	PO05	AD
GCCCGAACAATACCTG_SMC052	SMC052	Control
GCCCGAACACTAGTAC_SMC030	SMC030	Control
GCCCGAACAGCGTGCT_SMC038	SMC038	AD
GCCCGAAGTATGGTAA_SMC049	SMC049	AD
GCCCGAAGTTACGTAC_SMC032	SMC032	AD
GCCCGAAGTTGCATGT_SMC029	SMC029	AD
GCCCGAATCAAGGCTT_SMC052	SMC052	Control
GCCCGAATCATCGCCT_SMC049	SMC049	AD
GCCCGAATCTGAATCG_SMC049	SMC049	AD
GCCCGAATCTGAGCAT_SMC053	SMC053	Active control
GCCCGTAAGGTTGGCT_PO11	PO11	AD
GCCCTAAGTTTCCGTC_PO05	PO05	AD
GCCCTGAAGGTGAGAT_PO42	PO42	AD
GCCCTGAAGTAATCCG_PO05	PO05	AD
GCCCTGTTCCCCAGGA_PO11	PO11	AD
GCCCTGTTCGAACCCG_PO11	PO11	AD
GCCGAAGGTCTAATTG_PO15	PO15	Control
GCCGATGAGGATGAGA_SMC053	SMC053	Active control
GCCGATGAGGGTGGGA_SMC052	SMC052	Control
GCCGATGGTCGAAGCA_SMC052	SMC052	Control
GCCGATGGTCGCGGTT_SMC033	SMC033	Control
GCCGATGGTCTACAAC_SMC033	SMC033	Control
GCCGATTAGCTTACGA_PO15	PO15	Control
GCCGTACGTGATGGGT_PO23	PO23	Control
GCCGTGAAGACATAAC_SMC033	SMC033	Control
GCCGTGAAGCTGGTGA_SMC032	SMC032	AD
GCCGTGACAGCGTGCT_SMC033	SMC033	Control
GCCGTGACAGTCGCAC_SMC033	SMC033	Control
GCCGTGAGTACTGACT_SMC049	SMC049	AD
GCCTAAATCAATCCGA_PO15	PO15	Control
GCCTAACAGGTCCCGA_PO23	PO23	Control
GCCTACCTCACCCTGC_PO42	PO42	AD
GCCTACCTCAGGAGCA_PO42	PO42	AD
GCCTACCTCCATATCC_PO05	PO05	AD
GCCTACCTCGCGACTG_PO05	PO05	AD
GCCTACTCAAATTCCT_PO23	PO23	Control
GCCTATGGTAACCCAT_PO28	PO28	AD
GCCTCCACATAATCCT_PO05	PO05	AD
GCCTGCAAGCATTGAT_PO11	PO11	AD
GCCTGGATCGAATTAC_PO28	PO28	AD
GCCTGTTAGCGACCCT_SMC052	SMC052	Control
GCCTGTTAGGATTACA_SMC035	SMC035	Active control
GCCTGTTAGGCCACTC_SMC035	SMC035	Active control
GCCTGTTAGGGCAGTT_SMC031	SMC031	Active control
GCCTGTTAGTTGCCTA_SMC052	SMC052	Control
GCCTGTTCAAATCAGA_SMC035	SMC035	Active control
GCCTGTTCACACGCCA_SMC052	SMC052	Control
GCCTGTTCATGACACT_SMC049	SMC049	AD
GCCTGTTGTAATACCC_SMC052	SMC052	Control
GCCTGTTGTCTACGAT_SMC049	SMC049	AD
GCCTGTTGTGGATTTC_SMC049	SMC049	AD
GCCTGTTTCAAACGAA_SMC049	SMC049	AD
GCCTGTTTCGTTGTTT_SMC049	SMC049	AD
GCCTTCATCTAACCTC_PO05	PO05	AD
GCGACAGGTAATTCGC_PO41	PO41	AD
GCGACTTAGAAGCGAT_PO28	PO28	AD
GCGACTTAGCAATTCG_PO23	PO23	Control
GCGAGAAAGCCTTGAT_SMC052	SMC052	Control
GCGAGAAAGGACAGCT_SMC041	SMC041	AD
GCGAGAAAGGCAGGGA_SMC038	SMC038	AD
GCGAGAAAGTGGATAT_SMC049	SMC049	AD
GCGAGAACACAGCCAC_SMC049	SMC049	AD
GCGAGAACACTGCGTG_SMC033	SMC033	Control
GCGAGAACAGGCTTGC_SMC041	SMC041	AD
GCGAGAAGTATTGGCT_SMC033	SMC033	Control
GCGAGAAGTTCCAGGC_SMC038	SMC038	AD
GCGAGAAGTTTCGTGA_SMC027	SMC027	Control
GCGAGAATCACTGTCC_SMC052	SMC052	Control
GCGAGAATCGCATGAT_SMC041	SMC041	AD
GCGAGTTTCCTGATGA_PO23	PO23	Control
GCGATCCGTGGGTCGA_PO42	PO42	AD
GCGATCGCACATACTG_SMC053	SMC053	Active control
GCGATCGCACGCGCTA_SMC052	SMC052	Control
GCGATCGCAGCTACCG_SMC033	SMC033	Control
GCGATCGCATAATCGC_SMC052	SMC052	Control
GCGATCGGTATTCCTT_SMC033	SMC033	Control
GCGATCGGTGTTACTG_SMC033	SMC033	Control
GCGATCGGTTGTACGT_SMC038	SMC038	AD
GCGATCGTCTGCAGCG_SMC052	SMC052	Control
GCGATGAAGTATGAGA_PO05	PO05	AD
GCGCTTAGTAACGAGC_PO23	PO23	Control
GCGGAAAGTCTACGTA_SMC033	SMC033	Control
GCGGAAAGTTCTATCT_SMC052	SMC052	Control
GCGGAAATCCTAAGTG_SMC038	SMC038	AD
GCGGAGTAGGTATAGA_PO11	PO11	AD
GCGGAGTAGTAGTTCG_PO42	PO42	AD
GCGGATCAGATGCTGG_SMC049	SMC049	AD
GCGGATCAGCTAAACA_SMC052	SMC052	Control
GCGGATCAGGATCACG_SMC038	SMC038	AD
GCGGATCAGGCGATAC_SMC033	SMC033	Control
GCGGATCCAAGGTACG_SMC053	SMC053	Active control
GCGGATCCAGAAATTG_SMC033	SMC033	Control
GCGGATCCAGAACCGA_SMC049	SMC049	AD
GCGGATCCAGGTTACT_SMC052	SMC052	Control
GCGGATCTCCTCTCGA_SMC052	SMC052	Control
GCGGATCTCTCTCGAC_SMC027	SMC027	Control
GCGGATCTCTGTTGGA_SMC049	SMC049	AD
GCGGATGGTTGCATCG_PO15	PO15	Control
GCGGCTTGTAGGTGCG_PO42	PO42	AD
GCGGCTTGTTTGGGCC_PO11	PO11	AD
GCGGGAACATTCGTCA_PO20	PO20	Control
GCGGTAAAGGTGCTCG_PO41	PO41	AD
GCGGTAGGTATAGTGG_PO28	PO28	AD
GCGTAAAGTAAGCTCT_PO05	PO05	AD
GCGTAAAGTGCAGGTG_PO42	PO42	AD
GCGTAATCAAACTTAG_PO20	PO20	Control
GCGTAGCCAAGCATGT_PO42	PO42	AD
GCGTAGCCAGGATAGA_PO23	PO23	Control
GCGTATTGTCATTAGC_PO11	PO11	AD
GCGTGCAAGAGCAAGA_SMC038	SMC038	AD
GCGTGCACACGAGGAT_SMC033	SMC033	Control
GCGTGCACAGACGCTC_SMC038	SMC038	AD
GCGTGCATCCAAATGC_SMC031	SMC031	Active control
GCGTGCATCCCAGCGA_SMC052	SMC052	Control
GCGTGCATCGATAACC_SMC035	SMC035	Active control
GCGTGCATCGCTTTAT_SMC049	SMC049	AD
GCGTTAATCAGGTGAG_PO23	PO23	Control
GCGTTATGTCAACGAA_PO42	PO42	AD
GCGTTATGTGATTGAG_PO13	PO13	Control
GCGTTCTCAAATGAGG_PO15	PO15	Control
GCGTTTCCAACTGCCG_SMC049	SMC049	AD
GCGTTTCCAACTTGCA_SMC035	SMC035	Active control
GCGTTTCCACCCTGTT_SMC049	SMC049	AD
GCGTTTCCAGGACTAG_SMC033	SMC033	Control
GCGTTTCGTAGCTTTG_SMC033	SMC033	Control
GCGTTTCGTCAAAGAT_SMC036	SMC036	AD
GCGTTTCGTCATTGCA_SMC029	SMC029	AD
GCGTTTCGTTATGACC_SMC033	SMC033	Control
GCGTTTCTCCATCCGT_SMC049	SMC049	AD
GCGTTTCTCTAGTACG_SMC052	SMC052	Control
GCGTTTGGTTCGCCAA_PO15	PO15	Control
GCTAAACCACCAACGA_PO42	PO42	AD
GCTAAACCACTAGTCC_PO23	PO23	Control
GCTAAACCAGCAGGCT_PO05	PO05	AD
GCTAATGTCGATGATT_PO11	PO11	AD
GCTACAAAGTGGATTA_SMC041	SMC041	AD
GCTACAAGTACTCCGG_SMC039	SMC039	AD
GCTACAAGTTGCTCCT_SMC033	SMC033	Control
GCTACAATCCGAGGCT_SMC049	SMC049	AD
GCTACAATCTGCTGAA_SMC030	SMC030	Control
GCTACAGCATCGGTAG_PO05	PO05	AD
GCTACCTAGATACATG_SMC035	SMC035	Active control
GCTACCTAGCCACTCG_SMC049	SMC049	AD
GCTACCTAGCCATGCC_SMC049	SMC049	AD
GCTACCTAGCGAACTG_SMC052	SMC052	Control
GCTACCTCAAGTGATA_SMC053	SMC053	Active control
GCTACCTGTCTAGATC_SMC038	SMC038	AD
GCTACCTTCCATCCGT_SMC033	SMC033	Control
GCTACCTTCGAGAACG_SMC036	SMC036	AD
GCTACCTTCGATTGGT_SMC049	SMC049	AD
GCTACCTTCGGAGTGA_SMC032	SMC032	AD
GCTACCTTCTAGCAAC_SMC049	SMC049	AD
GCTAGGTTCCTGTGAA_PO23	PO23	Control
GCTAGTTGTAAGGTAT_PO23	PO23	Control
GCTATCCCAATCGGTG_PO42	PO42	AD
GCTATCCCATGCAGGC_PO23	PO23	Control
GCTCAAAAGCTCGAAG_SMC038	SMC038	AD
GCTCAAAAGGAAAGAC_SMC035	SMC035	Active control
GCTCAAAAGTCCCGGT_SMC053	SMC053	Active control
GCTCAAAAGTGCTCAT_SMC052	SMC052	Control
GCTCAAAAGTTGTAAG_SMC049	SMC049	AD
GCTCAAACAAAGAGTT_SMC033	SMC033	Control
GCTCAAACAGCGTATT_SMC052	SMC052	Control
GCTCAAACATCACGGC_SMC052	SMC052	Control
GCTCAAAGTTATGACC_SMC038	SMC038	AD
GCTCAAAGTTCTCCCA_SMC038	SMC038	AD
GCTCAAAGTTGGACCC_SMC052	SMC052	Control
GCTCAATGTGAGATTG_PO42	PO42	AD
GCTCAGTAGTACCATG_PO05	PO05	AD
GCTCATTTCACAGGTC_PO11	PO11	AD
GCTCCGTTCGATTCAG_PO23	PO23	Control
GCTCGCTTCGACCCAG_PO23	PO23	Control
GCTCTATTCATGCGGT_PO23	PO23	Control
GCTCTCATCCAGGTCG_PO11	PO11	AD
GCTGAATAGAGGCGGA_SMC032	SMC032	AD
GCTGAATAGATTAGTG_SMC029	SMC029	AD
GCTGAATAGCGCACAA_SMC052	SMC052	Control
GCTGAATAGGTATTGA_SMC052	SMC052	Control
GCTGAATAGTTCACTG_SMC043	SMC043	AD
GCTGAATCACACCTAA_SMC033	SMC033	Control
GCTGAATCACCCGTAG_SMC035	SMC035	Active control
GCTGAATCACTCCGAG_SMC030	SMC030	Control
GCTGAATCAGGCACTC_SMC035	SMC035	Active control
GCTGAATCAGGCGTTC_SMC033	SMC033	Control
GCTGAATGTACGAAAT_SMC031	SMC031	Active control
GCTGAATGTGGGTTGA_SMC049	SMC049	AD
GCTGAGGGTTCGTTGG_PO28	PO28	AD
GCTGATGCACATTGGG_PO23	PO23	Control
GCTGCAGAGATCGACG_SMC041	SMC041	AD
GCTGCAGAGCAGTACG_SMC035	SMC035	Active control
GCTGCAGCAAGCACAG_SMC052	SMC052	Control
GCTGCAGCAGTAGTTC_SMC033	SMC033	Control
GCTGCAGGTATCTCGA_SMC030	SMC030	Control
GCTGCAGGTCTTCATT_SMC033	SMC033	Control
GCTGCAGGTGTATCCA_SMC037	SMC037	Active control
GCTGCAGTCTAACGGT_SMC027	SMC027	Control
GCTGGGTAGAATCTAG_SMC052	SMC052	Control
GCTGGGTAGGTGCAGT_SMC030	SMC030	Control
GCTGGGTCATGAAGCT_PO28	PO28	AD
GCTGGGTGTCAACACT_SMC049	SMC049	AD
GCTGGGTTCGACCCAG_SMC029	SMC029	AD
GCTGGGTTCTACAGGT_SMC049	SMC049	AD
GCTGGGTTCTACGCGG_SMC033	SMC033	Control
GCTTACAAGTCAGTTG_PO11	PO11	AD
GCTTACAAGTTAACCG_PO42	PO42	AD
GCTTACTTCCACCGGA_PO41	PO41	AD
GCTTCACAGATAACGT_SMC030	SMC030	Control
GCTTCACAGTGCAGGT_SMC052	SMC052	Control
GCTTCACCAAGGCAAC_SMC052	SMC052	Control
GCTTCACCAGTAACCT_SMC038	SMC038	AD
GCTTCACCATTGCCAC_PO42	PO42	AD
GCTTCAGGTGAGGCCA_PO42	PO42	AD
GCTTCCGCACTTGATT_PO05	PO05	AD
GCTTCGCTCCACCGTC_PO05	PO05	AD
GCTTCGCTCCTTGATC_PO05	PO05	AD
GCTTGATGTAGTCCCA_PO23	PO23	Control
GCTTGGGAGCGATTCT_SMC049	SMC049	AD
GCTTGGGAGTTGGCGA_SMC033	SMC033	Control
GCTTGGGCAAGACAAT_SMC049	SMC049	AD
GCTTGGGCACAATTCG_SMC049	SMC049	AD
GCTTGGGGTCGCAACC_SMC052	SMC052	Control
GCTTGGGGTGATATAG_SMC030	SMC030	Control
GCTTGGGTCACTTGTT_SMC027	SMC027	Control
GCTTGGGTCAGAATAG_SMC049	SMC049	AD
GCTTGGGTCAGGAGTG_PO11	PO11	AD
GCTTGTCCATTCGCAC_PO42	PO42	AD
GCTTTCACAAGCCACA_PO23	PO23	Control
GCTTTCACAGCACTAG_PO28	PO28	AD
GCTTTCGCAACACGAG_SMC052	SMC052	Control
GCTTTCGCAACTTCTT_SMC052	SMC052	Control
GCTTTCGCAAGTCATC_SMC049	SMC049	AD
GCTTTCGCAATCTCGA_SMC049	SMC049	AD
GCTTTCGCAATTAGGA_SMC052	SMC052	Control
GCTTTCGCATCCGATA_SMC038	SMC038	AD
GCTTTCGGTCTTGAAC_SMC052	SMC052	Control
GCTTTCGGTTCCACGG_SMC049	SMC049	AD
GCTTTCGTCATCGCCT_SMC033	SMC033	Control
GCTTTCGTCTATCCAT_SMC052	SMC052	Control
GCTTTGGGTCTAGGCC_PO20	PO20	Control
GGAACCCAGAGAGCAA_SMC038	SMC038	AD
GGAACCCCAAACTCGT_SMC052	SMC052	Control
GGAACCCCAAGAGCTG_SMC035	SMC035	Active control
GGAACCCCAGCAATTC_SMC049	SMC049	AD
GGAACCCCATATCTCT_SMC049	SMC049	AD
GGAACCCGTAGAGATT_SMC052	SMC052	Control
GGAACCCGTATGGAAT_SMC049	SMC049	AD
GGAACCCGTCCCGCAA_SMC038	SMC038	AD
GGAACCCGTGCGGATA_SMC037	SMC037	Active control
GGAACCCTCCAGCTCT_SMC036	SMC036	AD
GGAACCCTCCATACAG_SMC049	SMC049	AD
GGAACCCTCGACCAAT_SMC053	SMC053	Active control
GGAACCCTCGTGTTCC_SMC053	SMC053	Active control
GGAACCTTCATCGAAT_PO42	PO42	AD
GGAACCTTCTATCGGA_PO23	PO23	Control
GGAACGATCCAGCTCC_PO23	PO23	Control
GGAACTGAGATAGCAA_PO28	PO28	AD
GGAAGCATCTTGAGCA_PO20	PO20	Control
GGAAGTGAGGTACAGC_SMC052	SMC052	Control
GGAAGTGAGGTGCAGT_SMC030	SMC030	Control
GGAAGTGAGTCATGAA_SMC030	SMC030	Control
GGAAGTGCATCCTATT_SMC049	SMC049	AD
GGAAGTGCATGTAACC_SMC052	SMC052	Control
GGAAGTGGTCTCGCGA_SMC038	SMC038	AD
GGAAGTGGTGGTCTTA_SMC031	SMC031	Active control
GGAAGTGTCGATGCAT_SMC052	SMC052	Control
GGAATCTAGGCGAACT_SMC037	SMC037	Active control
GGAATCTAGTATTCCG_SMC053	SMC053	Active control
GGAATCTCACATGTTG_SMC027	SMC027	Control
GGAATCTCATGCAGAT_PO23	PO23	Control
GGAATCTGTAATGCGG_SMC049	SMC049	AD
GGAATCTGTCAGGTAG_SMC037	SMC037	Active control
GGAATCTTCACCGGGT_SMC052	SMC052	Control
GGAATCTTCGGCTGTG_SMC038	SMC038	AD
GGAATCTTCGGTCTAA_SMC053	SMC053	Active control
GGAATGGAGACAGCGT_SMC052	SMC052	Control
GGAATGGAGCCACTCG_SMC049	SMC049	AD
GGAATGGAGCTTAGTC_SMC052	SMC052	Control
GGAATGGAGGAGATAG_SMC053	SMC053	Active control
GGAATGGGTTCTCGCT_SMC033	SMC033	Control
GGAATGGTCTGGTTGA_SMC035	SMC035	Active control
GGAATTAAGCGGCATT_PO23	PO23	Control
GGAATTGGTAGCGGCA_PO11	PO11	AD
GGAATTGGTGGACACG_PO11	PO11	AD
GGACACAAGGATGCAG_PO28	PO28	AD
GGACACCCAAGCTTAA_PO11	PO11	AD
GGACAGGCATCCCGAT_PO20	PO20	Control
GGACAGGCATTACACT_PO42	PO42	AD
GGACATAGTAGGCGTG_PO11	PO11	AD
GGACATAGTTGCGACC_PO41	PO41	AD
GGACGATGTTACTGCG_PO42	PO42	AD
GGACGGACAATACGAC_PO20	PO20	Control
GGACGTCAGAATCTAG_SMC032	SMC032	AD
GGACGTCAGGCATCTT_SMC052	SMC052	Control
GGACGTCCACAGAGCA_SMC052	SMC052	Control
GGACGTCCACATGGTT_SMC037	SMC037	Active control
GGACGTCCACCACATA_SMC041	SMC041	AD
GGACGTCGTATCAGCT_SMC053	SMC053	Active control
GGACGTCTCGTAGTCA_SMC027	SMC027	Control
GGACGTCTCGTCACCT_SMC049	SMC049	AD
GGACGTCTCTCGTGGG_SMC037	SMC037	Active control
GGACTTATCAGCATAT_PO42	PO42	AD
GGAGAACAGCGCTGAA_SMC049	SMC049	AD
GGAGAACCATAGATTG_PO23	PO23	Control
GGAGAACGTATCAGGG_SMC032	SMC032	AD
GGAGAACGTATGTCTG_SMC043	SMC043	AD
GGAGAACGTGGCTAGA_SMC033	SMC033	Control
GGAGAACTCGAACCTA_SMC053	SMC053	Active control
GGAGAACTCGTGCATA_SMC049	SMC049	AD
GGAGAACTCTCAACGA_SMC049	SMC049	AD
GGAGAAGGTAAGTAAC_PO11	PO11	AD
GGAGAGGAGGCGAGGT_PO23	PO23	Control
GGAGAGTCACCTTCCC_PO05	PO05	AD
GGAGAGTCATGCTGAG_PO23	PO23	Control
GGAGATGAGGAAGTCC_SMC049	SMC049	AD
GGAGATGCACTGCATA_SMC049	SMC049	AD
GGAGATGCAGCGAGTA_SMC033	SMC033	Control
GGAGATGGTCAAGCCC_SMC035	SMC035	Active control
GGAGATGGTTCCAGGC_SMC033	SMC033	Control
GGAGATGTCTCGTGGG_SMC052	SMC052	Control
GGAGCAAAGCCGATAG_SMC030	SMC030	Control
GGAGCAAAGGCACCAA_SMC038	SMC038	AD
GGAGCAAAGGTGCCAA_SMC027	SMC027	Control
GGAGCAAAGTGACCTT_SMC038	SMC038	AD
GGAGCAAAGTTCATGC_SMC052	SMC052	Control
GGAGCAACACTCAAGT_SMC041	SMC041	AD
GGAGCAAGTAATGCGG_SMC030	SMC030	Control
GGAGCAATCATAAGGA_SMC035	SMC035	Active control
GGAGCTAAGAAGCGCA_PO05	PO05	AD
GGAGGATAGACCAGCA_SMC035	SMC035	Active control
GGAGGATAGGACACTG_SMC041	SMC041	AD
GGAGGATAGGGCAGTT_SMC033	SMC033	Control
GGAGGATCAAAGTATG_SMC052	SMC052	Control
GGAGGATCAAGTGGAC_SMC053	SMC053	Active control
GGAGGATCACAACGCC_SMC030	SMC030	Control
GGAGGATGTCACCGCA_SMC033	SMC033	Control
GGAGGATTCACGGACC_SMC041	SMC041	AD
GGAGGATTCCATCACC_SMC052	SMC052	Control
GGAGGATTCTGGGATT_SMC052	SMC052	Control
GGAGGTAAGACCATTC_SMC053	SMC053	Active control
GGAGGTAAGCGACTAG_SMC041	SMC041	AD
GGAGGTAAGGGAGGAC_SMC053	SMC053	Active control
GGAGGTACAACGGCTC_SMC043	SMC043	AD
GGAGGTACAGACGGAT_SMC049	SMC049	AD
GGAGGTACATCCGTGG_SMC052	SMC052	Control
GGAGGTAGTAGCCAGA_SMC043	SMC043	AD
GGAGGTAGTCACTCGG_SMC053	SMC053	Active control
GGAGGTAGTTAAGGGC_SMC049	SMC049	AD
GGAGGTATCCGTGCGA_SMC052	SMC052	Control
GGAGGTATCGCCTCTA_SMC038	SMC038	AD
GGAGTAACATCCACTA_PO15	PO15	Control
GGAGTGATCCATCAAG_PO11	PO11	AD
GGAGTGATCCATCCGC_PO11	PO11	AD
GGATCGCCAAACCGAT_PO23	PO23	Control
GGATCTAAGACTCGAG_SMC052	SMC052	Control
GGATCTAAGCGCCTCA_SMC049	SMC049	AD
GGATCTACAACTTCTT_SMC038	SMC038	AD
GGATCTATCGCTTTAT_SMC035	SMC035	Active control
GGATCTATCGTTGTGA_SMC037	SMC037	Active control
GGATGCAAGGTAGGAT_PO42	PO42	AD
GGATGCTTCACAGCTA_PO20	PO20	Control
GGATGCTTCTATCAGG_PO20	PO20	Control
GGATGTGAGATTCACG_PO11	PO11	AD
GGATGTTAGGCAGCTA_SMC053	SMC053	Active control
GGATGTTCAATGAACA_SMC049	SMC049	AD
GGATGTTCACAACGTT_SMC049	SMC049	AD
GGATGTTCACCATTCC_SMC030	SMC030	Control
GGATGTTCACGATTCA_SMC030	SMC030	Control
GGATGTTGTCCTACGG_SMC052	SMC052	Control
GGATGTTTCAATCTCT_SMC049	SMC049	AD
GGATGTTTCTGGTGGC_SMC049	SMC049	AD
GGATTAAAGGGGACTA_PO23	PO23	Control
GGATTCATCCGGTTAA_PO42	PO42	AD
GGCAAAGTCCCCAGAG_PO23	PO23	Control
GGCAACTTCGTGAGGA_PO11	PO11	AD
GGCAATGAGCATAGTT_PO05	PO05	AD
GGCACATTCAGCTATG_PO11	PO11	AD
GGCACCTGTCAATGTC_PO23	PO23	Control
GGCACGAGTGAGGCTG_PO23	PO23	Control
GGCACGTAGACGTCCC_SMC041	SMC041	AD
GGCACGTCAAGATTGA_SMC035	SMC035	Active control
GGCACGTCACACGGAA_SMC052	SMC052	Control
GGCACGTCAGAAGCTG_SMC049	SMC049	AD
GGCACGTGTGTGCCTG_SMC038	SMC038	AD
GGCACGTTCATGCAGT_SMC049	SMC049	AD
GGCACGTTCCTCACTG_SMC049	SMC049	AD
GGCAGTCAGGGTGAAA_SMC049	SMC049	AD
GGCAGTCAGGTGCCTC_SMC052	SMC052	Control
GGCAGTCAGTCCCGGT_SMC049	SMC049	AD
GGCAGTCAGTTGTCAC_SMC035	SMC035	Active control
GGCAGTCCAATCGCAT_SMC052	SMC052	Control
GGCAGTCCAGGCATGA_SMC052	SMC052	Control
GGCAGTCGTACCGGCT_SMC038	SMC038	AD
GGCAGTCGTATGAAAC_SMC032	SMC032	AD
GGCAGTCGTCCGTACG_SMC035	SMC035	Active control
GGCAGTCGTGCCTACG_SMC031	SMC031	Active control
GGCAGTCTCACGGTCG_SMC049	SMC049	AD
GGCAGTCTCCACCCTA_SMC052	SMC052	Control
GGCATCACAATTAGGC_PO05	PO05	AD
GGCATGAAGGTTAATC_PO42	PO42	AD
GGCATGGGTCAGTATC_PO20	PO20	Control
GGCATGTTCACTAACG_PO05	PO05	AD
GGCCCTAAGCCTAGAC_PO20	PO20	Control
GGCCGAAGTATTGCTA_PO05	PO05	AD
GGCCGAAGTTGCATAC_PO11	PO11	AD
GGCCGTTGTAATCGGA_PO05	PO05	AD
GGCCTAACAATGGAAG_PO15	PO15	Control
GGCCTAACATGAATTG_PO13	PO13	Control
GGCCTCAAGCCGACAT_PO15	PO15	Control
GGCGCTATCACAGGGA_PO42	PO42	AD
GGCGCTATCCATCGTT_PO23	PO23	Control
GGCGCTTGTCTAGTTA_PO05	PO05	AD
GGCGGATAGCCTTGGG_PO05	PO05	AD
GGCGGTAGTTATCAGC_PO11	PO11	AD
GGCGTCAAGATGCTGG_SMC049	SMC049	AD
GGCGTCAAGCCGGAAT_SMC030	SMC030	Control
GGCGTCAAGGTACATA_SMC032	SMC032	AD
GGCGTCACAACACAGG_SMC033	SMC033	Control
GGCGTCACAACCCTCT_SMC038	SMC038	AD
GGCGTCACACACCTTC_SMC049	SMC049	AD
GGCGTCACAGGCCCTA_SMC052	SMC052	Control
GGCGTCAGTAGCACGA_SMC039	SMC039	AD
GGCGTCAGTGAGTTTC_SMC053	SMC053	Active control
GGCGTCAGTTAGGCTT_SMC049	SMC049	AD
GGCGTCAGTTATAGCC_SMC030	SMC030	Control
GGCGTGAGTAACCGAA_PO05	PO05	AD
GGCGTGAGTAAGGTAT_PO11	PO11	AD
GGCGTGAGTAGGTTGA_PO23	PO23	Control
GGCTAATCATAACCAA_PO41	PO41	AD
GGCTAGAAGCCTAAGC_PO42	PO42	AD
GGCTATTGTGAAGTTG_PO13	PO13	Control
GGCTCAACAACTGGCA_PO41	PO41	AD
GGCTCAACACCTGTAC_PO11	PO11	AD
GGCTCAACATCGGTAG_PO11	PO11	AD
GGCTGAAAGAAGGTCG_PO42	PO42	AD
GGCTGCATCCTTGGAA_PO05	PO05	AD
GGCTGCATCGCGTCGA_PO23	PO23	Control
GGCTGGTCATCCAAGG_PO13	PO13	Control
GGCTGTGAGCGCCTTG_SMC035	SMC035	Active control
GGCTGTGAGGTGATCG_SMC049	SMC049	AD
GGCTGTGAGTAGGTTA_SMC038	SMC038	AD
GGCTGTGCACTCTGCT_SMC033	SMC033	Control
GGCTGTGCAGTTTCGA_SMC035	SMC035	Active control
GGCTGTGCATCTCGTC_SMC035	SMC035	Active control
GGCTGTGCATGAATCC_SMC049	SMC049	AD
GGCTGTGCATGTTACG_SMC049	SMC049	AD
GGCTGTGGTACGAAAT_SMC033	SMC033	Control
GGCTGTGGTGGATGAC_SMC053	SMC053	Active control
GGCTGTGGTTCCAAAC_SMC049	SMC049	AD
GGCTGTGTCTACAGGT_SMC030	SMC030	Control
GGCTTAATCGTACAGC_PO23	PO23	Control
GGCTTCCTCATGCTTC_PO05	PO05	AD
GGCTTCCTCTAGTTCC_PO42	PO42	AD
GGCTTGGAGACAACAT_SMC052	SMC052	Control
GGCTTGGAGGAAAGAC_SMC053	SMC053	Active control
GGCTTGGCAAGTGGCA_SMC053	SMC053	Active control
GGCTTGGCAATGCTCA_SMC053	SMC053	Active control
GGCTTGGCACATTCGA_SMC053	SMC053	Active control
GGCTTGGCATCCAATG_SMC052	SMC052	Control
GGCTTGGTCAGCCCGA_PO23	PO23	Control
GGCTTGGTCATTACGG_SMC030	SMC030	Control
GGCTTGGTCGTTCCCA_SMC053	SMC053	Active control
GGCTTGGTCTCCTACG_SMC052	SMC052	Control
GGCTTGGTCTCGCAGG_SMC035	SMC035	Active control
GGCTTTCAGGGCTAAC_SMC037	SMC037	Active control
GGCTTTCAGTAATACG_SMC052	SMC052	Control
GGCTTTCCACAACGCC_SMC053	SMC053	Active control
GGCTTTCCATCCTTCG_SMC049	SMC049	AD
GGCTTTCGTAACCCTA_SMC052	SMC052	Control
GGCTTTCGTATGGTTC_SMC052	SMC052	Control
GGCTTTCGTCCACACG_SMC035	SMC035	Active control
GGCTTTCGTCGAGCTC_SMC035	SMC035	Active control
GGCTTTCGTCTTCAAG_SMC030	SMC030	Control
GGCTTTCGTTCTCGCT_SMC031	SMC031	Active control
GGCTTTCGTTGCCGCA_SMC033	SMC033	Control
GGCTTTCTCCGAGAAG_SMC033	SMC033	Control
GGGAAGTAGAAACTGT_SMC033	SMC033	Control
GGGAAGTAGGAGTATT_SMC052	SMC052	Control
GGGAAGTCAAATCAAG_SMC053	SMC053	Active control
GGGAAGTCACAAATAG_SMC052	SMC052	Control
GGGAAGTCATCACCAA_SMC037	SMC037	Active control
GGGAAGTGTTAATGAG_SMC037	SMC037	Active control
GGGAAGTTCATTACGG_SMC052	SMC052	Control
GGGAAGTTCCGAACGC_SMC053	SMC053	Active control
GGGAAGTTCGAGTCTA_SMC033	SMC033	Control
GGGAAGTTCTCTCGAC_SMC052	SMC052	Control
GGGAATGTCACCCTAT_PO15	PO15	Control
GGGACAAAGAAAGCGA_SMC038	SMC038	AD
GGGACAAAGTTCTACG_SMC037	SMC037	Active control
GGGACAACAGACTGCC_SMC033	SMC033	Control
GGGACAACAGCACACC_SMC033	SMC033	Control
GGGACAACATGGCGCT_SMC053	SMC053	Active control
GGGACAATCCCATAAG_SMC049	SMC049	AD
GGGACAATCCTTCACG_SMC052	SMC052	Control
GGGACAATCTGCCCTA_SMC049	SMC049	AD
GGGACCTAGGTCTACT_SMC030	SMC030	Control
GGGACCTCAAATAGCA_SMC038	SMC038	AD
GGGACCTCAATAGGAG_PO42	PO42	AD
GGGACCTCACGAGGAT_SMC033	SMC033	Control
GGGACCTCAGGTGTGA_SMC053	SMC053	Active control
GGGACCTCAGTTCCAA_SMC049	SMC049	AD
GGGACCTGTAGGTAGC_SMC038	SMC038	AD
GGGACCTGTCACTCAA_SMC035	SMC035	Active control
GGGACCTGTCATGCAT_SMC031	SMC031	Active control
GGGACCTGTCTCTCAC_SMC036	SMC036	AD
GGGACCTTCACGGTCG_SMC038	SMC038	AD
GGGACCTTCAGCATTG_SMC049	SMC049	AD
GGGACCTTCGCCGAGT_SMC035	SMC035	Active control
GGGACCTTCTGTGTGA_SMC053	SMC053	Active control
GGGACTCAGAAGCGCT_SMC049	SMC049	AD
GGGACTCAGATGCAGC_SMC049	SMC049	AD
GGGACTCAGCAACAGC_SMC052	SMC052	Control
GGGACTCAGGATGTTA_SMC053	SMC053	Active control
GGGACTCAGGCTTAGG_SMC053	SMC053	Active control
GGGACTCCACGCGTCA_SMC049	SMC049	AD
GGGACTCCAGAACTTC_SMC038	SMC038	AD
GGGACTCCAGGCGAAT_SMC049	SMC049	AD
GGGACTCGTTAAGAAC_SMC041	SMC041	AD
GGGACTCTCCCTAGGG_SMC029	SMC029	AD
GGGACTCTCGGTGCAC_SMC049	SMC049	AD
GGGACTCTCTAAGCCA_SMC053	SMC053	Active control
GGGACTGGTTCACCTC_PO42	PO42	AD
GGGAGATAGAAACCAT_SMC052	SMC052	Control
GGGAGATCAAATAGCA_SMC053	SMC053	Active control
GGGAGATCAACACTAC_SMC030	SMC030	Control
GGGAGATCACCAGTTA_SMC033	SMC033	Control
GGGAGATGTAACACGG_SMC035	SMC035	Active control
GGGAGATGTACGACTT_SMC049	SMC049	AD
GGGAGATGTAGGCAAC_SMC033	SMC033	Control
GGGAGATGTGATGTAA_SMC052	SMC052	Control
GGGAGATTCGAAATCC_SMC035	SMC035	Active control
GGGAGATTCTTGGAAC_SMC049	SMC049	AD
GGGAGTACACGCGTGT_SMC053	SMC053	Active control
GGGAGTACATAGGCGA_SMC030	SMC030	Control
GGGAGTACATCAGCAT_SMC052	SMC052	Control
GGGAGTAGTACACGCC_SMC053	SMC053	Active control
GGGAGTAGTTCACCGG_SMC052	SMC052	Control
GGGAGTATCCCTTTGG_SMC052	SMC052	Control
GGGATATAGTAAGGGT_PO13	PO13	Control
GGGATCAAGTATGATC_PO13	PO13	Control
GGGATCCAGCCTTGAT_SMC035	SMC035	Active control
GGGATCCAGCTCATAC_SMC049	SMC049	AD
GGGATCCAGCTGACTT_SMC052	SMC052	Control
GGGATCCAGGCTAAAT_SMC052	SMC052	Control
GGGATCCAGTGTCATC_SMC033	SMC033	Control
GGGATCCCAACACACT_SMC052	SMC052	Control
GGGATCCCAATAGTCC_SMC049	SMC049	AD
GGGATCCCAGCAATTC_SMC032	SMC032	AD
GGGATCCGTGAACGGT_SMC053	SMC053	Active control
GGGATCCTCACAATGC_SMC053	SMC053	Active control
GGGATGAAGACTGAGC_SMC053	SMC053	Active control
GGGATGACAAGGCCTC_SMC035	SMC035	Active control
GGGATGACAATCCTAG_SMC049	SMC049	AD
GGGATGACAATTCGTG_SMC052	SMC052	Control
GGGATGAGTCAACCTA_SMC041	SMC041	AD
GGGATGAGTCCACTCT_SMC038	SMC038	AD
GGGATGATCAAACCCA_SMC049	SMC049	AD
GGGATGATCCTCTCGA_SMC035	SMC035	Active control
GGGATGATCGTAACAC_SMC030	SMC030	Control
GGGATTAGTTGACCTG_PO23	PO23	Control
GGGCAGACACCATACC_PO23	PO23	Control
GGGCATCCAGCCAAGC_PO23	PO23	Control
GGGCATCCAGGAACTT_PO11	PO11	AD
GGGCATCCATAGGCGC_PO11	PO11	AD
GGGCATTTCCAACTTC_PO11	PO11	AD
GGGCCATAGCGGTAGT_SMC030	SMC030	Control
GGGCCATAGTAACCTC_SMC035	SMC035	Active control
GGGCCATCAGGAGGTT_SMC052	SMC052	Control
GGGCCATCAGGTCTCG_SMC035	SMC035	Active control
GGGCCATCAGTCAGCC_SMC030	SMC030	Control
GGGCCATGTCCCGCAA_SMC053	SMC053	Active control
GGGCCATGTTGGAGGT_SMC052	SMC052	Control
GGGCCATTCAGAGCGA_SMC049	SMC049	AD
GGGCCATTCAGTGATC_SMC035	SMC035	Active control
GGGCCATTCAGTGTCA_SMC032	SMC032	AD
GGGCCATTCTCATAGG_SMC038	SMC038	AD
GGGCGATAGGGTATGG_PO23	PO23	Control
GGGCGATAGGTCCCGA_PO05	PO05	AD
GGGCGTTAGCCGATCC_SMC036	SMC036	AD
GGGCGTTAGTATTAGG_SMC052	SMC052	Control
GGGCGTTCAACCAGAG_SMC033	SMC033	Control
GGGCGTTCAACCTAAC_SMC033	SMC033	Control
GGGCGTTCACTGTTCC_SMC031	SMC031	Active control
GGGCGTTGTACCGTGC_SMC035	SMC035	Active control
GGGCGTTTCACCATCC_SMC033	SMC033	Control
GGGCGTTTCCTTTGAT_SMC033	SMC033	Control
GGGCTAAAGGATTAGA_PO11	PO11	AD
GGGCTACCAATGGGTG_SMC033	SMC033	Control
GGGCTACCAGGACTAG_SMC052	SMC052	Control
GGGCTACGTAGGTTTC_SMC041	SMC041	AD
GGGCTACGTCGTTTCC_SMC035	SMC035	Active control
GGGCTACTCATGGTAC_SMC052	SMC052	Control
GGGCTACTCCATTTGT_SMC035	SMC035	Active control
GGGCTACTCTTGGAAC_SMC052	SMC052	Control
GGGCTCAAGATGCTAA_SMC052	SMC052	Control
GGGCTCAAGGTGCTGA_SMC053	SMC053	Active control
GGGCTCACAAGACGGT_SMC035	SMC035	Active control
GGGCTCACAATTGTGC_SMC052	SMC052	Control
GGGCTCACAGTCGGTC_SMC052	SMC052	Control
GGGCTCACAGTCGTTA_SMC052	SMC052	Control
GGGCTCAGTCTAGGTT_SMC027	SMC027	Control
GGGCTCAGTTAGCGGA_SMC038	SMC038	AD
GGGCTCATCCCAAGCG_SMC029	SMC029	AD
GGGCTCTGTTTACTTC_PO05	PO05	AD
GGGGACTAGCGGTAGA_PO05	PO05	AD
GGGGCTAGTTGGTTCG_PO20	PO20	Control
GGGGTTGGTAACGTAG_PO41	PO41	AD
GGGTAACGTGAAGGCT_PO23	PO23	Control
GGGTACTTCACACACA_PO15	PO15	Control
GGGTACTTCTAAGTGT_PO11	PO11	AD
GGGTAGAAGCTTCGTA_SMC033	SMC033	Control
GGGTAGAAGGGATCGT_SMC033	SMC033	Control
GGGTAGAAGGTTCAGG_SMC049	SMC049	AD
GGGTAGACATTCATCT_SMC049	SMC049	AD
GGGTAGAGTACTTGTG_SMC027	SMC027	Control
GGGTAGAGTTTGAAAG_SMC037	SMC037	Active control
GGGTAGATCATTGCGA_SMC052	SMC052	Control
GGGTAGATCCCGAGGT_SMC032	SMC032	AD
GGGTAGATCCGTGCGA_SMC030	SMC030	Control
GGGTATGAGCCACACG_PO15	PO15	Control
GGGTATTCAACTAGAA_SMC029	SMC029	AD
GGGTATTCAGCAGTCC_SMC049	SMC049	AD
GGGTATTGTACTGTTG_SMC053	SMC053	Active control
GGGTATTGTATGGAAT_SMC036	SMC036	AD
GGGTATTGTTGAGTCT_SMC027	SMC027	Control
GGGTATTTCATGAGTC_SMC053	SMC053	Active control
GGGTATTTCCATTTGT_SMC053	SMC053	Active control
GGGTATTTCGCGATCG_SMC052	SMC052	Control
GGGTATTTCGGATAAA_SMC053	SMC053	Active control
GGGTCACAGCCTCGTG_SMC052	SMC052	Control
GGGTCACAGCGCGTTC_SMC053	SMC053	Active control
GGGTCACCACGTACAT_SMC033	SMC033	Control
GGGTCACCACGTAGAG_SMC033	SMC033	Control
GGGTCACCAGGGAGAG_SMC041	SMC041	AD
GGGTCACCAGTCTGGC_SMC038	SMC038	AD
GGGTCACCATAGAAAC_SMC053	SMC053	Active control
GGGTCACCATGAGATA_SMC032	SMC032	AD
GGGTCACGTACCACGC_SMC052	SMC052	Control
GGGTCACGTAGGTTTC_SMC053	SMC053	Active control
GGGTCACGTTACGTAC_SMC041	SMC041	AD
GGGTCACTCCATTGCC_SMC033	SMC033	Control
GGGTCACTCGAGTACT_SMC053	SMC053	Active control
GGGTCACTCGTACACA_SMC052	SMC052	Control
GGGTCACTCTACGGGC_SMC052	SMC052	Control
GGGTCCATCACCAATG_PO11	PO11	AD
GGGTCCATCGCGCGTA_PO11	PO11	AD
GGGTCTGAGAAGTCAT_SMC052	SMC052	Control
GGGTCTGAGCACTAAA_SMC052	SMC052	Control
GGGTCTGAGCGACATG_SMC038	SMC038	AD
GGGTCTGAGCTGACCC_SMC052	SMC052	Control
GGGTCTGCAAGTCATC_SMC027	SMC027	Control
GGGTCTGCACCCTAAA_SMC052	SMC052	Control
GGGTCTGCAGTTGAAA_SMC032	SMC032	AD
GGGTCTGCATAAGCAA_SMC035	SMC035	Active control
GGGTCTGCATGGTGGA_SMC043	SMC043	AD
GGGTCTGTCCGTGCGA_SMC033	SMC033	Control
GGGTCTGTCTCCTGTG_SMC053	SMC053	Active control
GGGTGAAAGAAGTCTA_SMC033	SMC033	Control
GGGTGAACACAGTCGC_SMC041	SMC041	AD
GGGTGAACATCCGTTC_SMC041	SMC041	AD
GGGTGAACATCTTAGG_SMC049	SMC049	AD
GGGTGAAGTAGCTGAG_SMC052	SMC052	Control
GGGTGAAGTGTAAACA_SMC029	SMC029	AD
GGGTGAAGTGTTACAC_SMC052	SMC052	Control
GGGTGAAGTTTCGTTT_SMC053	SMC053	Active control
GGGTGAATCATCGTAG_PO23	PO23	Control
GGGTGAATCCACACAA_SMC053	SMC053	Active control
GGGTGAATCCTTATAC_SMC049	SMC049	AD
GGGTGAATCTCGTTTA_SMC053	SMC053	Active control
GGGTGTCAGAATCGTA_SMC027	SMC027	Control
GGGTGTCCAAGCGCAC_PO42	PO42	AD
GGGTGTCGTGTTCGAT_SMC038	SMC038	AD
GGGTGTCTCCACCTGT_SMC049	SMC049	AD
GGGTTAAGTTAAGGGC_PO23	PO23	Control
GGGTTATAGAATCGTA_SMC035	SMC035	Active control
GGGTTATAGTGCGACA_SMC030	SMC030	Control
GGGTTATCAAGGATGC_SMC033	SMC033	Control
GGGTTATCACCTCGTT_SMC038	SMC038	AD
GGGTTATCAGAGTTGG_SMC049	SMC049	AD
GGGTTATCATTGCAAC_SMC043	SMC043	AD
GGGTTATGTGCTTATG_SMC049	SMC049	AD
GGGTTATGTGTGGTCC_SMC035	SMC035	Active control
GGGTTATGTTGTACGT_SMC049	SMC049	AD
GGGTTATTCCCTCAAC_SMC033	SMC033	Control
GGGTTGGGTAGGTCCC_PO28	PO28	AD
GGGTTGGGTTGACCGC_PO20	PO20	Control
GGGTTTATCCTGGGTG_SMC038	SMC038	AD
GGGTTTATCTACGGGC_SMC053	SMC053	Active control
GGGTTTATCTTCGTGC_SMC030	SMC030	Control
GGGTTTGCATGTCGTC_PO28	PO28	AD
GGTAACTAGCTGACAG_SMC041	SMC041	AD
GGTAACTAGGGAACAA_SMC033	SMC033	Control
GGTAACTCAGCCTTCT_SMC031	SMC031	Active control
GGTAACTCATTGCCGG_SMC033	SMC033	Control
GGTAACTGTATCGTTG_SMC052	SMC052	Control
GGTAACTTCGCATTGA_SMC032	SMC032	AD
GGTAATCAGATCCTAC_SMC052	SMC052	Control
GGTAATCAGCGATGCA_SMC052	SMC052	Control
GGTAATCAGCGATGGT_SMC033	SMC033	Control
GGTAATCCACGTACTA_SMC053	SMC053	Active control
GGTAATCCACTGGCCA_SMC037	SMC037	Active control
GGTAATCGTGATACCT_SMC035	SMC035	Active control
GGTAATCTCACTGAAC_SMC041	SMC041	AD
GGTAATCTCATGCCAA_SMC033	SMC033	Control
GGTAATCTCGCTGTTC_SMC053	SMC053	Active control
GGTAATCTCGGCCAAC_SMC030	SMC030	Control
GGTACGAAGGATGTCC_PO41	PO41	AD
GGTACGAAGGTCACAC_PO20	PO20	Control
GGTACGCCAATAGAGG_PO11	PO11	AD
GGTACGTTCCCTCATG_PO05	PO05	AD
GGTAGAGAGGAGTATT_SMC053	SMC053	Active control
GGTAGAGAGGTGATCG_SMC052	SMC052	Control
GGTAGAGCAGACTGCC_SMC037	SMC037	Active control
GGTAGAGGTAGCTGTT_SMC036	SMC036	AD
GGTAGAGGTGTTCATG_SMC038	SMC038	AD
GGTAGAGGTTTGATCG_SMC053	SMC053	Active control
GGTAGAGTCATTGCGA_SMC030	SMC030	Control
GGTAGAGTCCACCCTA_SMC030	SMC030	Control
GGTAGAGTCCATCACC_SMC033	SMC033	Control
GGTAGAGTCCGAAGGA_SMC049	SMC049	AD
GGTAGCAAGGCAAGCA_PO11	PO11	AD
GGTATCGCACTCAAGG_PO05	PO05	AD
GGTATCGCATAGAGAG_PO05	PO05	AD
GGTATGAGTCTGGTGC_PO42	PO42	AD
GGTATGTCACAAGCGC_PO42	PO42	AD
GGTATTGTCGTAATGT_PO05	PO05	AD
GGTCAATCAAGTAGTC_PO05	PO05	AD
GGTCACGAGATGCTGG_SMC052	SMC052	Control
GGTCACGAGCGTCAGA_SMC053	SMC053	Active control
GGTCACGAGGTCGTGA_SMC033	SMC033	Control
GGTCACGAGGTTCACT_SMC053	SMC053	Active control
GGTCACGCACACCGAC_SMC049	SMC049	AD
GGTCACGCACTGAGTT_SMC049	SMC049	AD
GGTCACGGTCAACCTA_SMC052	SMC052	Control
GGTCACGGTCGCGGTT_SMC038	SMC038	AD
GGTCACGTCACACCGG_SMC037	SMC037	Active control
GGTCACGTCACTGTCC_SMC053	SMC053	Active control
GGTCACGTCTAAGCGT_SMC030	SMC030	Control
GGTCACGTCTCCTGAC_SMC052	SMC052	Control
GGTCACTAGTGCTGCG_PO23	PO23	Control
GGTCATATCATGCTAG_PO23	PO23	Control
GGTCGAGGTTCATCCC_PO11	PO11	AD
GGTCGTTAGCAAGCCT_PO11	PO11	AD
GGTCTATGTTGCTTAA_PO05	PO05	AD
GGTCTATGTTGGCATT_PO23	PO23	Control
GGTCTGGCAGGCATGA_SMC032	SMC032	AD
GGTCTGGTCGTCTACC_SMC033	SMC033	Control
GGTCTTAAGAAGCGGC_PO23	PO23	Control
GGTGAAGAGGTTCTTG_SMC052	SMC052	Control
GGTGAAGCATCTCCCA_SMC032	SMC032	AD
GGTGAAGGTAAGACCG_SMC038	SMC038	AD
GGTGAAGGTAGTCACT_SMC027	SMC027	Control
GGTGAAGGTATGTCCA_SMC038	SMC038	AD
GGTGAAGGTCGACTTA_SMC049	SMC049	AD
GGTGAAGGTGACTATC_SMC031	SMC031	Active control
GGTGAAGGTTCGGTCG_SMC053	SMC053	Active control
GGTGAAGTCCCGTAAA_SMC049	SMC049	AD
GGTGACTTCGTGAATT_PO11	PO11	AD
GGTGATAGTGAGGTTA_PO23	PO23	Control
GGTGATAGTGAGTATG_PO05	PO05	AD
GGTGATTAGAAGGCTC_SMC033	SMC033	Control
GGTGATTAGATGTAGT_SMC052	SMC052	Control
GGTGATTAGGTTCAGG_SMC035	SMC035	Active control
GGTGATTAGTTACGGG_SMC033	SMC033	Control
GGTGATTCATATGAAG_SMC049	SMC049	AD
GGTGATTCATATTCGG_SMC033	SMC033	Control
GGTGATTCATTCTGTT_SMC049	SMC049	AD
GGTGATTGTAACTTCG_SMC052	SMC052	Control
GGTGATTGTGCAACAG_SMC041	SMC041	AD
GGTGATTGTGGCAACA_SMC041	SMC041	AD
GGTGATTTCCCAGGAC_SMC038	SMC038	AD
GGTGATTTCCGTTTCG_SMC049	SMC049	AD
GGTGCGAGTATGTCCG_PO23	PO23	Control
GGTGCGAGTTAGAGTG_PO11	PO11	AD
GGTGGCAGTAACGCTT_PO11	PO11	AD
GGTGGCAGTTGAGTAG_PO15	PO15	Control
GGTGGCTAGCCTCTTC_SMC033	SMC033	Control
GGTGGCTAGTCATGAA_SMC037	SMC037	Active control
GGTGGCTCACAGCGCT_SMC041	SMC041	AD
GGTGGCTCAGCAGACA_SMC049	SMC049	AD
GGTGGCTCATGGAGAC_SMC052	SMC052	Control
GGTGGCTGTATTAAGG_SMC041	SMC041	AD
GGTGGCTGTCGCCACA_SMC030	SMC030	Control
GGTGGCTTCCGAAGGA_SMC049	SMC049	AD
GGTGGCTTCGCATTGA_SMC052	SMC052	Control
GGTGGCTTCGCGTTTC_SMC053	SMC053	Active control
GGTGTCGCAAGAAATC_SMC035	SMC035	Active control
GGTGTCGCACGCACCA_SMC039	SMC039	AD
GGTGTCGCACTTCCTG_SMC035	SMC035	Active control
GGTGTCGGTATATGGA_SMC049	SMC049	AD
GGTGTCGTCTTACTGT_SMC049	SMC049	AD
GGTGTGAAGCAAGCGA_PO41	PO41	AD
GGTGTTAAGGTGCTTT_SMC053	SMC053	Active control
GGTGTTACATGACACT_SMC033	SMC033	Control
GGTGTTAGTGTGATGG_SMC033	SMC033	Control
GGTGTTATCCGTGTAA_SMC052	SMC052	Control
GGTTAACAGCACCGAA_SMC052	SMC052	Control
GGTTAACAGTCTGGAG_SMC053	SMC053	Active control
GGTTAACAGTTCACTG_SMC049	SMC049	AD
GGTTAACCAGAGCGTA_SMC037	SMC037	Active control
GGTTAACCAGCCATTA_SMC041	SMC041	AD
GGTTAACCAGGAACCA_SMC031	SMC031	Active control
GGTTAACGTAGTGATA_SMC053	SMC053	Active control
GGTTAACGTGAATGTA_SMC049	SMC049	AD
GGTTAACTCCGCGATG_SMC029	SMC029	AD
GGTTAACTCGCCAACG_SMC052	SMC052	Control
GGTTAACTCTAAGCGT_SMC030	SMC030	Control
GGTTAAGGTTGGTAGA_PO23	PO23	Control
GGTTAATTCGATTAGT_PO42	PO42	AD
GGTTAATTCGTGAATT_PO23	PO23	Control
GGTTACATCTAGTGAT_PO13	PO13	Control
GGTTACGCACTACCGT_PO11	PO11	AD
GGTTAGGAGCAGTCTA_PO28	PO28	AD
GGTTCAGCATAGATGC_PO23	PO23	Control
GGTTCAGCATCCAGAG_PO05	PO05	AD
GGTTCCTCATCACGCT_PO28	PO28	AD
GGTTCTAAGAAGGTCG_PO42	PO42	AD
GGTTCTCAGAAGCTGC_SMC049	SMC049	AD
GGTTCTCAGACTCGAG_SMC038	SMC038	AD
GGTTCTCAGCACACCC_SMC038	SMC038	AD
GGTTCTCAGCACCGTC_SMC043	SMC043	AD
GGTTCTCAGCCAACCC_SMC031	SMC031	Active control
GGTTCTCAGGCTATCT_SMC041	SMC041	AD
GGTTCTCGTACGACTT_SMC033	SMC033	Control
GGTTCTCGTTCTTGCC_SMC052	SMC052	Control
GGTTCTCGTTGCCAAT_SMC033	SMC033	Control
GGTTCTCTCGACGATT_SMC052	SMC052	Control
GGTTCTCTCGGTAGAG_SMC049	SMC049	AD
GGTTCTCTCGTGTTCC_SMC052	SMC052	Control
GGTTGGTTCATATAGC_PO23	PO23	Control
GGTTGTAGTAACACCT_SMC041	SMC041	AD
GGTTGTAGTCGCTGCA_SMC027	SMC027	Control
GGTTGTAGTTCCTTGC_SMC049	SMC049	AD
GGTTGTATCCTTCTAA_SMC049	SMC049	AD
GGTTGTATCGAGTCTA_SMC035	SMC035	Active control
GGTTGTATCTTCGCTG_SMC030	SMC030	Control
GGTTGTCAGAATCAAG_PO13	PO13	Control
GTAAACCCAGGCAGCT_PO05	PO05	AD
GTAAACGGTAGGCGTG_PO42	PO42	AD
GTAAACTTCAATGGCC_PO42	PO42	AD
GTAAACTTCGCTGGAT_PO23	PO23	Control
GTAAAGGCATTACTCG_PO11	PO11	AD
GTAAATGAGTTACCGA_PO42	PO42	AD
GTAACACAGCGACAGT_SMC032	SMC032	AD
GTAACACAGCTCCACG_SMC038	SMC038	AD
GTAACACAGCTGACCC_SMC049	SMC049	AD
GTAACACCAACCGTGC_SMC032	SMC032	AD
GTAACACCATAGGAGC_SMC032	SMC032	AD
GTAACACCATCGTCCT_SMC029	SMC029	AD
GTAACACGTACCGGAA_SMC033	SMC033	Control
GTAACACGTTGCCAAT_SMC030	SMC030	Control
GTAACACGTTTGGGTT_SMC030	SMC030	Control
GTAACACTCACACGAT_SMC033	SMC033	Control
GTAACACTCCGCATAA_SMC041	SMC041	AD
GTAACACTCTCGGGAC_SMC030	SMC030	Control
GTAACACTCTGAGGTT_SMC030	SMC030	Control
GTAACACTCTGTTCAT_SMC053	SMC053	Active control
GTAACCAAGACTTAAG_SMC052	SMC052	Control
GTAACCAAGAGGTTAT_SMC033	SMC033	Control
GTAACCAAGCAATAAC_SMC053	SMC053	Active control
GTAACCAAGCACGATG_SMC053	SMC053	Active control
GTAACCAAGCGGTAGT_SMC038	SMC038	AD
GTAACCACATGACTGT_SMC035	SMC035	Active control
GTAACCAGTATCGAGG_SMC032	SMC032	AD
GTAACCAGTCTAACGT_SMC053	SMC053	Active control
GTAACCATCCTATGGA_SMC052	SMC052	Control
GTAACCATCTTGGCTC_SMC033	SMC033	Control
GTAACCTGTTAGTGTC_PO28	PO28	AD
GTAAGCTCAGGATAGA_PO05	PO05	AD
GTAAGGCGTTAAGCGA_PO42	PO42	AD
GTAAGGCGTTGCTCCT_PO23	PO23	Control
GTAAGGTAGATACTGT_PO23	PO23	Control
GTAAGTCAGAGAAGGT_SMC052	SMC052	Control
GTAAGTCAGAGGGTAA_SMC049	SMC049	AD
GTAAGTCAGGAAGTGA_SMC032	SMC032	AD
GTAAGTCAGGGCCTCT_SMC033	SMC033	Control
GTAAGTCGTATCCCAA_SMC031	SMC031	Active control
GTAAGTCGTGTCCGGT_SMC049	SMC049	AD
GTAAGTCGTGTGTACT_SMC039	SMC039	AD
GTAAGTCTCAGCCCAG_SMC052	SMC052	Control
GTAAGTCTCCAATCCC_SMC037	SMC037	Active control
GTAAGTCTCCTTATAC_SMC038	SMC038	AD
GTAATCGAGGGAGGTG_SMC038	SMC038	AD
GTAATCGGTAGTTAGA_SMC041	SMC041	AD
GTAATCGGTCTCGCGA_SMC032	SMC032	AD
GTAATCGGTTCATCGA_SMC031	SMC031	Active control
GTAATCGGTTCGTAAC_SMC035	SMC035	Active control
GTAATCGGTTTGTTCT_SMC030	SMC030	Control
GTAATCGTCAGAATAG_SMC049	SMC049	AD
GTAATCGTCATCTGTT_SMC052	SMC052	Control
GTAATGAAGGAGGTGC_PO05	PO05	AD
GTAATGAAGGCGTCAT_PO05	PO05	AD
GTAATGCAGCCTGTGC_SMC037	SMC037	Active control
GTAATGCAGCGGATCA_SMC030	SMC030	Control
GTAATGCCACGACAGA_SMC033	SMC033	Control
GTAATGCGTACCACGC_SMC041	SMC041	AD
GTAATGCGTCAGTCGC_SMC035	SMC035	Active control
GTAATGCGTCTCGGAC_SMC041	SMC041	AD
GTAATGCGTGAAGCTG_SMC027	SMC027	Control
GTAATGCGTTCTCCAC_SMC052	SMC052	Control
GTAATGCTCATAGACC_SMC052	SMC052	Control
GTAATGCTCATCGTAG_SMC041	SMC041	AD
GTAATGCTCGCTGCGA_SMC052	SMC052	Control
GTAATGGGTGACTCTG_PO42	PO42	AD
GTAATGTTCTGTGGAC_PO05	PO05	AD
GTACAACAGAGAGTGA_SMC039	SMC039	AD
GTACAACAGCAACTCT_SMC049	SMC049	AD
GTACAACAGCAGGTCA_SMC049	SMC049	AD
GTACAACCAATTGCCA_SMC032	SMC032	AD
GTACAACCACTGGAAG_SMC030	SMC030	Control
GTACAACCATCCCGTT_SMC030	SMC030	Control
GTACAACGTCCATACA_SMC032	SMC032	AD
GTACAACTCGACGACC_SMC053	SMC053	Active control
GTACAACTCGCACTCT_SMC049	SMC049	AD
GTACAACTCGGTGTAT_SMC049	SMC049	AD
GTACAACTCTTCGTGC_SMC049	SMC049	AD
GTACAAGGTAGCTCAT_PO11	PO11	AD
GTACAGTAGATCCCAT_SMC035	SMC035	Active control
GTACAGTAGCTTTCCC_SMC033	SMC033	Control
GTACAGTAGTCTAGAA_SMC049	SMC049	AD
GTACAGTAGTGGCAGT_SMC052	SMC052	Control
GTACAGTCAAACGAGC_SMC030	SMC030	Control
GTACAGTCAGTCGCTG_SMC052	SMC052	Control
GTACAGTGTGATGAAT_SMC031	SMC031	Active control
GTACAGTGTGGACCAA_SMC030	SMC030	Control
GTACAGTTCAACGTGT_SMC027	SMC027	Control
GTACAGTTCGAAGAAT_SMC035	SMC035	Active control
GTACCCTCAACTTCGC_PO23	PO23	Control
GTACGTTGTTGCGTCA_PO20	PO20	Control
GTACTAACACCAACCT_PO15	PO15	Control
GTACTAGTCATGCGGT_PO42	PO42	AD
GTACTAGTCGCTTCGC_PO11	PO11	AD
GTACTCCCAACCTACC_PO05	PO05	AD
GTACTCCCAAGGTGCC_PO20	PO20	Control
GTAGAAAAGCAGATAT_SMC038	SMC038	AD
GTAGAAAAGGCTGTAG_SMC049	SMC049	AD
GTAGAAAAGGGTATAT_SMC035	SMC035	Active control
GTAGAAAAGTTCTCTT_SMC035	SMC035	Active control
GTAGAAACAAAGCGTG_SMC052	SMC052	Control
GTAGAAACAACGATCT_SMC029	SMC029	AD
GTAGAAAGTCTGTGTA_SMC031	SMC031	Active control
GTAGAAAGTGATAGTA_SMC030	SMC030	Control
GTAGAAATCTTACGGA_SMC041	SMC041	AD
GTAGACTCAGGAAGCG_PO11	PO11	AD
GTAGAGGAGGTAAGAG_SMC037	SMC037	Active control
GTAGAGGAGTGCTCAT_SMC027	SMC027	Control
GTAGAGGGTACTCCGG_SMC038	SMC038	AD
GTAGATCAGTATGTAG_SMC049	SMC049	AD
GTAGATCCAACCAATC_SMC038	SMC038	AD
GTAGATCTCACATACG_SMC030	SMC030	Control
GTAGATCTCTCGAGTA_SMC049	SMC049	AD
GTAGATGGTAGGTTAG_PO15	PO15	Control
GTAGCAAGTTATCCAA_PO23	PO23	Control
GTAGCCCGTAATGAGT_PO15	PO15	Control
GTAGCTAAGAATCGTA_SMC032	SMC032	AD
GTAGCTAAGATCCGAG_SMC052	SMC052	Control
GTAGCTAAGATGGTAT_SMC049	SMC049	AD
GTAGCTAAGGCATGCA_SMC052	SMC052	Control
GTAGCTAAGTACAGCG_SMC052	SMC052	Control
GTAGCTACAATCTGCA_SMC037	SMC037	Active control
GTAGCTAGTATTTCTC_SMC049	SMC049	AD
GTAGCTAGTTCACCGG_SMC038	SMC038	AD
GTAGCTAGTTCGTACA_SMC052	SMC052	Control
GTAGCTATCACAGGGA_PO28	PO28	AD
GTAGCTATCACATAGT_PO13	PO13	Control
GTAGCTATCCATCTAT_SMC035	SMC035	Active control
GTAGCTATCTCGCAGG_SMC030	SMC030	Control
GTAGCTTGTAAGGTGC_PO11	PO11	AD
GTAGCTTGTAGCCTGC_PO23	PO23	Control
GTAGGAGAGTTTGGCT_SMC041	SMC041	AD
GTAGGAGCAACCAGAG_SMC053	SMC053	Active control
GTAGGAGCAAGACCTT_SMC052	SMC052	Control
GTAGGAGCACGCGTCA_SMC035	SMC035	Active control
GTAGGAGTCATAGGCT_SMC038	SMC038	AD
GTAGGAGTCTACTGCC_SMC053	SMC053	Active control
GTAGGAGTCTTGGTCC_SMC052	SMC052	Control
GTAGGATAGTAGGATA_PO28	PO28	AD
GTAGGTTAGCACAAAT_SMC038	SMC038	AD
GTAGGTTAGCGACTAG_SMC029	SMC029	AD
GTAGGTTAGGTACAGC_SMC043	SMC043	AD
GTAGGTTAGTTCATCG_SMC049	SMC049	AD
GTAGGTTCATGACACT_SMC052	SMC052	Control
GTAGGTTTCTGCGATA_SMC052	SMC052	Control
GTAGTAAAGAAGCGCA_PO23	PO23	Control
GTAGTACAGATGCTAA_SMC035	SMC035	Active control
GTAGTACAGCTTGTTG_SMC052	SMC052	Control
GTAGTACAGTAATACG_SMC052	SMC052	Control
GTAGTACAGTCGTTAC_SMC038	SMC038	AD
GTAGTACAGTGCACAG_SMC053	SMC053	Active control
GTAGTACCAACCAGAG_SMC038	SMC038	AD
GTAGTACCACTCCGAG_SMC052	SMC052	Control
GTAGTACCAGTCACGC_SMC049	SMC049	AD
GTAGTACGTCACTTCC_SMC049	SMC049	AD
GTAGTACGTTCCGGTG_SMC035	SMC035	Active control
GTAGTACGTTCTATCT_SMC052	SMC052	Control
GTAGTACGTTGGTACT_SMC035	SMC035	Active control
GTAGTACTCCAAGCAT_SMC030	SMC030	Control
GTAGTACTCCTAAACG_SMC053	SMC053	Active control
GTAGTACTCCTAGCCT_SMC052	SMC052	Control
GTAGTACTCGTGTCAA_SMC052	SMC052	Control
GTAGTTTAGGGCCATT_PO05	PO05	AD
GTATAGAAGGTAATTC_PO20	PO20	Control
GTATCCCCACTTCGCG_PO15	PO15	Control
GTATCGATCCTCTAGT_PO05	PO05	AD
GTATCTTCATGACTAA_PO42	PO42	AD
GTATCTTCATTAACCT_PO05	PO05	AD
GTATGAAAGCTTCCAT_PO11	PO11	AD
GTATGCATCGACTAAT_PO42	PO42	AD
GTATGGCTCGAAGGGC_PO15	PO15	Control
GTATGTTAGGTTGACC_PO23	PO23	Control
GTATTCCTCCGCGCTT_PO23	PO23	Control
GTATTGGAGTAGATCA_SMC032	SMC032	AD
GTATTGGCAACTGTGT_SMC038	SMC038	AD
GTATTGGCAATCCTTT_SMC030	SMC030	Control
GTATTGGGTCGATTTG_SMC038	SMC038	AD
GTATTGGGTCGTGCCA_SMC030	SMC030	Control
GTATTGGTCATGATCG_PO41	PO41	AD
GTATTGGTCGACATCA_SMC035	SMC035	Active control
GTATTGGTCTGAGGCC_SMC052	SMC052	Control
GTATTGGTCTTCGACC_SMC052	SMC052	Control
GTATTTCAGAAGCCTG_SMC035	SMC035	Active control
GTATTTCAGTAACAGT_SMC052	SMC052	Control
GTATTTCCAAATAAGC_SMC037	SMC037	Active control
GTATTTCCAAGATCCT_SMC035	SMC035	Active control
GTATTTCCATGTAACC_SMC032	SMC032	AD
GTATTTCGTTTCGATG_SMC030	SMC030	Control
GTATTTCTCATGAGGG_SMC036	SMC036	AD
GTATTTCTCCCAATAG_SMC049	SMC049	AD
GTCAAACAGTAGAATC_SMC032	SMC032	AD
GTCAAACCAATGCAGG_SMC038	SMC038	AD
GTCAAACCAATGGGTG_SMC052	SMC052	Control
GTCAAACCACCCTGAG_SMC049	SMC049	AD
GTCAAACCACCGCTGA_SMC052	SMC052	Control
GTCAAACCAGACATCT_SMC033	SMC033	Control
GTCAAACTCTATGTGG_SMC049	SMC049	AD
GTCAAGCTCATGACTG_PO23	PO23	Control
GTCAAGTAGAGGATCC_SMC052	SMC052	Control
GTCAAGTCACAAGTTC_SMC049	SMC049	AD
GTCAAGTCACTGAGGA_SMC041	SMC041	AD
GTCAAGTCATGCTGCG_SMC049	SMC049	AD
GTCAAGTCATTCATCT_SMC033	SMC033	Control
GTCAAGTGTGACACAG_SMC033	SMC033	Control
GTCAAGTGTGAGTTTC_SMC053	SMC053	Active control
GTCAAGTTCAAACGTC_SMC041	SMC041	AD
GTCAAGTTCGACATTG_SMC035	SMC035	Active control
GTCAAGTTCGTGAGAG_SMC052	SMC052	Control
GTCAAGTTCTAGATCG_SMC053	SMC053	Active control
GTCAAGTTCTGTTGGA_SMC033	SMC033	Control
GTCAATGTCCCCTTAG_PO05	PO05	AD
GTCAATTAGCCTGTGG_PO23	PO23	Control
GTCACCTCACTTCAAT_PO42	PO42	AD
GTCACCTCATTAGCCC_PO41	PO41	AD
GTCACGGCATAATGCC_SMC039	SMC039	AD
GTCACGGGTCAATGGG_SMC053	SMC053	Active control
GTCACGGGTTACGCCG_SMC049	SMC049	AD
GTCACGGTCCGAACGC_SMC030	SMC030	Control
GTCACGTAGGTAAGGT_PO13	PO13	Control
GTCACTCCAAACACGG_SMC049	SMC049	AD
GTCACTCCAAATACAG_SMC039	SMC039	AD
GTCACTCGTACTCAAC_SMC033	SMC033	Control
GTCACTCGTTCTATCT_SMC033	SMC033	Control
GTCACTCTCACAACCA_SMC052	SMC052	Control
GTCACTCTCCAGTGTA_SMC053	SMC053	Active control
GTCAGCGAGCCTGAGA_SMC052	SMC052	Control
GTCAGCGAGCTTCTAG_SMC030	SMC030	Control
GTCAGCGAGGTGTGAC_SMC035	SMC035	Active control
GTCAGCGCACACGCCA_SMC033	SMC033	Control
GTCAGCGCACATCATG_SMC052	SMC052	Control
GTCAGCGGTACCTAGT_SMC052	SMC052	Control
GTCAGCGGTCACCTTC_SMC052	SMC052	Control
GTCAGCGGTCTCAGAT_SMC032	SMC032	AD
GTCAGCGGTGCGTGCT_SMC049	SMC049	AD
GTCAGCGTCACTACGA_SMC031	SMC031	Active control
GTCAGCGTCAGGAAGC_SMC031	SMC031	Active control
GTCATAACACATGAAC_PO13	PO13	Control
GTCATAGTCGCTCTCA_PO11	PO11	AD
GTCATCCAGGAGACCT_SMC038	SMC038	AD
GTCATCCCAATAGGAT_SMC029	SMC029	AD
GTCATCCCATAGATGA_SMC052	SMC052	Control
GTCATCCCATGAAAGT_SMC049	SMC049	AD
GTCATCCGTACCGTGC_SMC052	SMC052	Control
GTCATCCGTCAGACGA_SMC030	SMC030	Control
GTCATCCGTTCCAGGC_SMC033	SMC033	Control
GTCATCCTCCTACCGT_SMC030	SMC030	Control
GTCATGAAGGCAGGGA_SMC049	SMC049	AD
GTCATGAAGGGATGTC_SMC041	SMC041	AD
GTCATGACAAATGGTA_SMC030	SMC030	Control
GTCATGACACGATTCA_SMC038	SMC038	AD
GTCATGAGTAGCGCCT_SMC033	SMC033	Control
GTCATGAGTTCTCAGA_SMC038	SMC038	AD
GTCATGAGTTTGGAGG_SMC033	SMC033	Control
GTCATGATCAAGTTGC_SMC052	SMC052	Control
GTCATGATCCACCTCA_SMC033	SMC033	Control
GTCATGATCGATGCTA_SMC049	SMC049	AD
GTCATTAGTTAACCAC_PO20	PO20	Control
GTCATTTCACACTTAG_SMC037	SMC037	Active control
GTCATTTCAGAGTGAC_SMC035	SMC035	Active control
GTCATTTCATCCTGCG_PO42	PO42	AD
GTCATTTGTACTAGCT_SMC053	SMC053	Active control
GTCATTTGTATCGATC_SMC030	SMC030	Control
GTCATTTGTATCGCGC_SMC033	SMC033	Control
GTCCAAATCTATCACC_PO13	PO13	Control
GTCCACTAGAAGGATG_SMC030	SMC030	Control
GTCCACTAGGCTAAAT_SMC030	SMC030	Control
GTCCACTAGTAGCATA_SMC052	SMC052	Control
GTCCACTCACGCTGCA_SMC033	SMC033	Control
GTCCACTGTAACGCGA_SMC031	SMC031	Active control
GTCCACTGTCTAACTG_SMC038	SMC038	AD
GTCCACTGTGGCAACA_SMC053	SMC053	Active control
GTCCACTGTGGTCTTA_SMC052	SMC052	Control
GTCCACTGTTGATGTC_SMC052	SMC052	Control
GTCCACTGTTGGTACT_SMC033	SMC033	Control
GTCCACTTCAAGGACG_SMC053	SMC053	Active control
GTCCAGTAGGTCCCGA_PO05	PO05	AD
GTCCCATAGTAAATGC_SMC035	SMC035	Active control
GTCCCATCAACACGAG_SMC035	SMC035	Active control
GTCCCATCAACGGTCA_PO20	PO20	Control
GTCCCATGTCGACTGC_SMC030	SMC030	Control
GTCCCATGTGGAGAAA_SMC052	SMC052	Control
GTCCCATGTTTCGTTT_SMC031	SMC031	Active control
GTCCCATTCATATGGC_SMC038	SMC038	AD
GTCCGATAGGTGCTCG_PO20	PO20	Control
GTCCGCTTCATGGCAC_PO23	PO23	Control
GTCCTATTCATCTCTA_PO05	PO05	AD
GTCCTCAAGAGGTCGT_SMC039	SMC039	AD
GTCCTCAAGCGAGAAA_SMC049	SMC049	AD
GTCCTCAAGCTACAAA_SMC053	SMC053	Active control
GTCCTCAAGCTGGCCT_SMC036	SMC036	AD
GTCCTCACACTAGAGG_SMC052	SMC052	Control
GTCCTCACAGGAGGTT_SMC052	SMC052	Control
GTCCTCAGTCGACTGC_SMC041	SMC041	AD
GTCCTCAGTGGCCCAT_SMC053	SMC053	Active control
GTCCTCAGTGTGTGGA_SMC049	SMC049	AD
GTCCTCATCTGTAAGT_PO23	PO23	Control
GTCCTTTAGCGAGGAC_PO20	PO20	Control
GTCGAATCACAGCTGC_SMC030	SMC030	Control
GTCGAATCAGGCTATT_SMC033	SMC033	Control
GTCGAATTCATTTGGG_SMC052	SMC052	Control
GTCGAATTCCTCACCA_SMC032	SMC032	AD
GTCGAGGGTCAGGACG_PO42	PO42	AD
GTCGCGAAGAAGTATC_SMC030	SMC030	Control
GTCGCGAAGATACATG_SMC030	SMC030	Control
GTCGCGAAGTATTCCG_SMC052	SMC052	Control
GTCGCGAAGTGAGGTC_SMC049	SMC049	AD
GTCGCGACACACCTAA_SMC035	SMC035	Active control
GTCGCGACATGTGTCA_SMC032	SMC032	AD
GTCGCGACATTGCCGG_SMC033	SMC033	Control
GTCGCGAGTAATTAGG_SMC052	SMC052	Control
GTCGCGAGTGAGAACC_SMC052	SMC052	Control
GTCGCGAGTGCCTTCT_SMC041	SMC041	AD
GTCGCGAGTGGGACAT_SMC052	SMC052	Control
GTCGCGATCGTAGGAG_SMC049	SMC049	AD
GTCGCGATCTAGACAC_SMC030	SMC030	Control
GTCGTAAAGACGGATC_SMC035	SMC035	Active control
GTCGTAATCATTTGCT_SMC053	SMC053	Active control
GTCGTAATCTTACACT_SMC049	SMC049	AD
GTCGTTCAGTGAGTGC_SMC049	SMC049	AD
GTCGTTCCAAAGGAGA_SMC049	SMC049	AD
GTCGTTCCAAGACAAT_SMC035	SMC035	Active control
GTCGTTCCAGATAAAC_SMC052	SMC052	Control
GTCGTTCGTATGGAAT_SMC038	SMC038	AD
GTCGTTCTCCTAGAGT_SMC035	SMC035	Active control
GTCTAAGTCGCTTGGG_PO23	PO23	Control
GTCTACAAGTAATGTC_PO05	PO05	AD
GTCTACCCACATTGTG_SMC029	SMC029	AD
GTCTACCCACCACTGG_SMC033	SMC033	Control
GTCTACCCAGTTAGAA_SMC038	SMC038	AD
GTCTACCGTAACTGCT_SMC049	SMC049	AD
GTCTACCGTATCGTGT_SMC029	SMC029	AD
GTCTACCTCGAGTACT_SMC052	SMC052	Control
GTCTACTTCCGCCTGT_PO42	PO42	AD
GTCTAGAAGGCGAAGG_SMC033	SMC033	Control
GTCTAGACAATATCCG_SMC052	SMC052	Control
GTCTAGACAGACCAAG_SMC052	SMC052	Control
GTCTAGACATTATGCG_SMC037	SMC037	Active control
GTCTAGAGTCATGCAT_SMC053	SMC053	Active control
GTCTAGAGTGGAGAAA_SMC052	SMC052	Control
GTCTAGATCCGAGGCT_SMC035	SMC035	Active control
GTCTAGATCGTTTACT_SMC049	SMC049	AD
GTCTATGAGGAACCGA_PO11	PO11	AD
GTCTCACAGTCTGCAT_SMC035	SMC035	Active control
GTCTCACAGTTACTCG_SMC039	SMC039	AD
GTCTCACGTCCGGACT_SMC031	SMC031	Active control
GTCTCACTCAAGTCTG_SMC033	SMC033	Control
GTCTCACTCAGACAAA_SMC035	SMC035	Active control
GTCTCACTCCGCATAA_SMC027	SMC027	Control
GTCTCGCTCCCGCTAC_PO23	PO23	Control
GTCTGGACAAATGCTA_PO05	PO05	AD
GTCTGGGTCTGGCTGG_PO05	PO05	AD
GTCTGTCAGTACCATC_SMC031	SMC031	Active control
GTCTGTCGTAGCTTTG_SMC053	SMC053	Active control
GTCTGTCGTCGCAACC_SMC035	SMC035	Active control
GTCTGTCTCACTGAAC_SMC035	SMC035	Active control
GTCTGTCTCCTATTTG_SMC041	SMC041	AD
GTCTGTCTCGCTAAAC_SMC052	SMC052	Control
GTCTGTCTCGTAGTGT_SMC052	SMC052	Control
GTCTGTCTCTAAGCCA_SMC049	SMC049	AD
GTCTGTCTCTGCATGA_SMC049	SMC049	AD
GTCTTTAAGCTCCACG_SMC032	SMC032	AD
GTCTTTAAGGACAGCT_SMC049	SMC049	AD
GTCTTTACAAGTCCCG_SMC030	SMC030	Control
GTCTTTACAGAGGAAA_SMC031	SMC031	Active control
GTCTTTAGTAACATGA_SMC038	SMC038	AD
GTCTTTAGTTAAGCAA_SMC033	SMC033	Control
GTCTTTATCCTTCAGC_SMC052	SMC052	Control
GTCTTTATCTTCGATT_SMC052	SMC052	Control
GTGAACAGTTGCATCG_PO23	PO23	Control
GTGAACCTCGATACGC_PO15	PO15	Control
GTGAAGGTCACGCACG_PO42	PO42	AD
GTGAAGGTCATCTGTC_PO41	PO41	AD
GTGACGAAGGTTGGTC_PO05	PO05	AD
GTGACGCAGCAACCAG_SMC033	SMC033	Control
GTGACGCCAAATGAAC_SMC038	SMC038	AD
GTGACGCCACTGCTTC_SMC037	SMC037	Active control
GTGACGCCATAGGTAA_SMC049	SMC049	AD
GTGACGCGTTCTCACC_SMC029	SMC029	AD
GTGACGCTCATGGAGG_SMC030	SMC030	Control
GTGACGCTCCGATGCG_SMC027	SMC027	Control
GTGACTATCCTTAACC_PO15	PO15	Control
GTGACTATCGTGCCCT_PO15	PO15	Control
GTGAGCAAGGTACATT_PO05	PO05	AD
GTGAGCCAGAAGCTCG_SMC049	SMC049	AD
GTGAGCCAGAATCGCG_SMC049	SMC049	AD
GTGAGCCCACGACGAA_SMC033	SMC033	Control
GTGAGCCGTACAGTTC_SMC053	SMC053	Active control
GTGAGCCGTCTCAAGT_SMC030	SMC030	Control
GTGAGCCTCAGTCCGG_SMC030	SMC030	Control
GTGAGCCTCGCTCTAC_SMC052	SMC052	Control
GTGAGCCTCTATCCAT_SMC049	SMC049	AD
GTGAGGAAGTAGAGTT_SMC049	SMC049	AD
GTGAGGACACAGTCCG_SMC033	SMC033	Control
GTGAGGAGTTGGGAAC_SMC033	SMC033	Control
GTGAGGATCACTCCAT_PO23	PO23	Control
GTGAGGATCGCACTCT_SMC038	SMC038	AD
GTGAGTTAGCGCGTTC_SMC037	SMC037	Active control
GTGAGTTAGGTTCATC_SMC030	SMC030	Control
GTGAGTTCATCAACCA_SMC035	SMC035	Active control
GTGAGTTCATCCGTTC_SMC052	SMC052	Control
GTGAGTTGTCCACTCT_SMC052	SMC052	Control
GTGAGTTTCCGAAATC_SMC031	SMC031	Active control
GTGAGTTTCGGTCTAA_SMC039	SMC039	AD
GTGAGTTTCTCGGGAC_SMC037	SMC037	Active control
GTGATGGAGCGATCCG_PO05	PO05	AD
GTGATGTAGAATCGCG_SMC049	SMC049	AD
GTGATGTCAAAGACTA_SMC053	SMC053	Active control
GTGATGTCAGCTCCTT_SMC041	SMC041	AD
GTGATGTTCTGCACCT_SMC052	SMC052	Control
GTGATGTTCTTACTGT_SMC035	SMC035	Active control
GTGATTGTCACCATTC_PO23	PO23	Control
GTGCAATCAAGTCCTC_PO23	PO23	Control
GTGCACGAGAATAGTC_SMC049	SMC049	AD
GTGCACGAGAGTATAC_SMC038	SMC038	AD
GTGCACGAGCCATATC_SMC052	SMC052	Control
GTGCACGAGCGCTTCG_SMC033	SMC033	Control
GTGCACGAGCGTATAA_SMC032	SMC032	AD
GTGCACGCACGTAACT_SMC041	SMC041	AD
GTGCACGCAGAGTAAT_SMC052	SMC052	Control
GTGCACGTCATTTACC_SMC052	SMC052	Control
GTGCACGTCCATTGTT_SMC031	SMC031	Active control
GTGCACGTCCCAAGCG_SMC032	SMC032	AD
GTGCACGTCCTTCGAC_SMC031	SMC031	Active control
GTGCACTAGTAGAGAC_PO05	PO05	AD
GTGCAGCAGCTTTCTT_SMC032	SMC032	AD
GTGCAGCAGGGATCGT_SMC033	SMC033	Control
GTGCAGCAGTCATTGC_SMC053	SMC053	Active control
GTGCAGCCAACAGCTT_SMC033	SMC033	Control
GTGCAGCCAGCTCCTT_SMC029	SMC029	AD
GTGCAGCTCGCTACGG_SMC052	SMC052	Control
GTGCAGCTCTCCTACG_SMC049	SMC049	AD
GTGCATATCAATGTAC_PO23	PO23	Control
GTGCATTGTTGGCGAG_PO11	PO11	AD
GTGCGAAAGGGGTTAG_PO28	PO28	AD
GTGCGAGGTAACGGTA_PO15	PO15	Control
GTGCGATTCAATCGTG_PO23	PO23	Control
GTGCGGTCACTAGGCA_PO23	PO23	Control
GTGCGTGAGGGCAGTT_SMC037	SMC037	Active control
GTGCGTGAGGTCCCTG_SMC052	SMC052	Control
GTGCGTGAGGTTTACC_SMC037	SMC037	Active control
GTGCGTGAGTTGGAAT_SMC027	SMC027	Control
GTGCGTGCAGAGATGC_SMC027	SMC027	Control
GTGCGTGCAGCAATTC_SMC052	SMC052	Control
GTGCGTGCAGTCTCTC_SMC033	SMC033	Control
GTGCGTGGTTACGGAG_SMC035	SMC035	Active control
GTGCTAATCGCGCTGA_PO28	PO28	AD
GTGCTATGTCTAATGC_PO20	PO20	Control
GTGCTATGTGATGCAA_PO05	PO05	AD
GTGCTCAGTCTAACGT_PO15	PO15	Control
GTGCTGGAGTGCGACA_SMC052	SMC052	Control
GTGCTGGAGTGGAAGA_SMC049	SMC049	AD
GTGCTGGCACCCTAGG_SMC031	SMC031	Active control
GTGCTGGCAGAGCTAG_SMC049	SMC049	AD
GTGCTGGCAGTTCTAG_SMC052	SMC052	Control
GTGCTGGGTACGCTTA_SMC049	SMC049	AD
GTGCTGGGTCATAACC_SMC052	SMC052	Control
GTGCTGGGTTATCTGG_SMC052	SMC052	Control
GTGCTGGGTTCTCTCG_SMC049	SMC049	AD
GTGCTGGTCGATTGGT_SMC041	SMC041	AD
GTGCTGGTCTAAGGAA_SMC049	SMC049	AD
GTGCTTCAGCTACAAA_SMC033	SMC033	Control
GTGCTTCGTAAGATCA_SMC035	SMC035	Active control
GTGCTTCGTAGGTCAG_SMC033	SMC033	Control
GTGCTTCGTAGTATAG_SMC052	SMC052	Control
GTGCTTCGTGTCGCTG_SMC052	SMC052	Control
GTGCTTCGTGTGAATA_SMC033	SMC033	Control
GTGCTTCGTTTGTTGG_SMC033	SMC033	Control
GTGCTTCTCATAGGCT_SMC035	SMC035	Active control
GTGCTTCTCATCACAG_SMC031	SMC031	Active control
GTGCTTCTCCTACGGG_SMC038	SMC038	AD
GTGCTTCTCGCTCATC_SMC043	SMC043	AD
GTGCTTCTCGGCTTCT_SMC033	SMC033	Control
GTGCTTGGTTCGATAC_PO15	PO15	Control
GTGGAAGAGCCATTTG_SMC035	SMC035	Active control
GTGGAAGCACGCTGAC_SMC052	SMC052	Control
GTGGAAGGTCACTTCC_SMC029	SMC029	AD
GTGGAAGGTGCCTATA_SMC052	SMC052	Control
GTGGAAGTCCCGTTGT_SMC030	SMC030	Control
GTGGAAGTCGCCGAAC_SMC037	SMC037	Active control
GTGGACCCAATAGGCT_PO23	PO23	Control
GTGGAGAAGCGTCGAA_SMC053	SMC053	Active control
GTGGAGAAGTAGACCG_SMC030	SMC030	Control
GTGGAGACAAAGCTCT_SMC038	SMC038	AD
GTGGAGACAAGAGAGA_SMC027	SMC027	Control
GTGGAGACAAGGGCAT_SMC035	SMC035	Active control
GTGGAGACAGGCATGA_SMC035	SMC035	Active control
GTGGAGACATCATCCC_SMC052	SMC052	Control
GTGGAGACATTCGATG_SMC049	SMC049	AD
GTGGAGGCATTCGGTC_PO23	PO23	Control
GTGGATAGTTAAGCGA_PO23	PO23	Control
GTGGCAAAGGTTGCCG_PO23	PO23	Control
GTGGCCATCATGTGTG_PO23	PO23	Control
GTGGCGTAGCTCTGTA_SMC049	SMC049	AD
GTGGCGTAGCTGACTT_SMC052	SMC052	Control
GTGGCGTCAAAGGAGA_SMC052	SMC052	Control
GTGGCGTCAATTGCCA_SMC052	SMC052	Control
GTGGCGTCACGTGTGC_SMC037	SMC037	Active control
GTGGCGTTCACTACGA_SMC049	SMC049	AD
GTGGCGTTCCATAAGC_SMC053	SMC053	Active control
GTGGCGTTCCATCGTC_SMC041	SMC041	AD
GTGGCGTTCCCTCTCC_SMC038	SMC038	AD
GTGGCGTTCGCACTCT_SMC027	SMC027	Control
GTGGCGTTCTTGCAGA_SMC049	SMC049	AD
GTGGGAAAGAATTGTG_SMC052	SMC052	Control
GTGGGAAAGGCGAAGG_SMC041	SMC041	AD
GTGGGAACACTTGTCC_SMC053	SMC053	Active control
GTGGGAAGTCGTCATA_SMC049	SMC049	AD
GTGGGAAGTGCGACAA_SMC049	SMC049	AD
GTGGGAAGTGGTGATG_SMC052	SMC052	Control
GTGGGAATCACTAGCA_SMC035	SMC035	Active control
GTGGGCAGTCTGTGAT_PO11	PO11	AD
GTGGTCACATGACCCT_PO28	PO28	AD
GTGGTTAAGATACATG_SMC052	SMC052	Control
GTGGTTAAGTACGTCT_SMC035	SMC035	Active control
GTGGTTACAAGCCATT_SMC041	SMC041	AD
GTGGTTACACGCGCAT_SMC037	SMC037	Active control
GTGGTTACACTGTCGG_SMC030	SMC030	Control
GTGGTTACAGTCTTCC_SMC049	SMC049	AD
GTGGTTAGTATGAAAC_SMC027	SMC027	Control
GTGGTTATCACTTTGT_SMC035	SMC035	Active control
GTGGTTATCCACTTCG_SMC031	SMC031	Active control
GTGGTTATCGCGATGT_PO20	PO20	Control
GTGGTTGCATAATCGA_PO05	PO05	AD
GTGTAACAGGTCCTGC_SMC032	SMC032	AD
GTGTAACAGTAATACG_SMC049	SMC049	AD
GTGTAACAGTCTCGTA_SMC038	SMC038	AD
GTGTAACAGTGCTAGG_SMC030	SMC030	Control
GTGTAACCACGGCACT_SMC038	SMC038	AD
GTGTAACCACTCGGAA_PO05	PO05	AD
GTGTAACCATGAGCGC_PO11	PO11	AD
GTGTAACGTAGCTTGT_SMC035	SMC035	Active control
GTGTAACGTCGCTTAA_SMC052	SMC052	Control
GTGTAACGTTGCTCAA_SMC052	SMC052	Control
GTGTAACGTTGGTGTT_SMC049	SMC049	AD
GTGTAACTCACCATAG_SMC052	SMC052	Control
GTGTAACTCGAACTCA_SMC052	SMC052	Control
GTGTAGTCAGTACCAG_PO42	PO42	AD
GTGTAGTCATGGCGTA_PO23	PO23	Control
GTGTCAATCCGGAGTT_PO42	PO42	AD
GTGTCCCTCCATCGTT_PO05	PO05	AD
GTGTCCTAGTGATAAC_SMC033	SMC033	Control
GTGTCCTCAAACCGGA_SMC049	SMC049	AD
GTGTCCTCACTCCGAG_SMC029	SMC029	AD
GTGTCCTGTACGTACT_SMC035	SMC035	Active control
GTGTCCTGTGATACTC_SMC033	SMC033	Control
GTGTCCTGTTTAAGGA_SMC033	SMC033	Control
GTGTCCTGTTTACTTC_SMC039	SMC039	AD
GTGTCCTTCAGTCTTT_SMC049	SMC049	AD
GTGTCCTTCGGTATGT_SMC033	SMC033	Control
GTGTCCTTCTCTCTTC_SMC038	SMC038	AD
GTGTGATAGGGACTGT_SMC033	SMC033	Control
GTGTGATAGTACTGGG_SMC029	SMC029	AD
GTGTGATCACAGCCTG_SMC030	SMC030	Control
GTGTGATGTCATCCCT_SMC053	SMC053	Active control
GTGTGATTCTCTCGAC_SMC033	SMC033	Control
GTGTGGCCAACTTGGT_SMC038	SMC038	AD
GTGTGGCCAAGTGCGC_PO42	PO42	AD
GTGTGGCGTCACGACC_SMC027	SMC027	Control
GTGTGGCGTCACTCTC_SMC035	SMC035	Active control
GTGTGGCGTCATCGCG_SMC052	SMC052	Control
GTGTGGCGTGCAACAG_SMC041	SMC041	AD
GTGTGGCGTGCTCGTG_SMC030	SMC030	Control
GTGTGGCTCAAACCTG_SMC038	SMC038	AD
GTGTGGCTCAGTCATG_SMC033	SMC033	Control
GTGTGGCTCGTGGTAT_SMC038	SMC038	AD
GTGTGGCTCTCCGCAT_SMC052	SMC052	Control
GTGTTACGTTGAGGAC_PO28	PO28	AD
GTGTTAGCACACCGCA_SMC030	SMC030	Control
GTGTTAGCATCAGCAT_SMC035	SMC035	Active control
GTGTTAGTCCTCTACG_PO15	PO15	Control
GTGTTAGTCTAACACG_SMC041	SMC041	AD
GTGTTCAAGTTAGGTT_PO42	PO42	AD
GTGTTCCCACATCCCT_SMC033	SMC033	Control
GTGTTCCCAGAACCGA_SMC053	SMC053	Active control
GTGTTCCGTTCAATCG_SMC049	SMC049	AD
GTGTTCCTCAAGTCGT_SMC030	SMC030	Control
GTGTTCCTCACCTGGG_SMC049	SMC049	AD
GTGTTCCTCACGTCCT_SMC049	SMC049	AD
GTGTTCCTCCATCTAT_SMC035	SMC035	Active control
GTGTTCCTCGATACAC_SMC030	SMC030	Control
GTTAACTAGAATCAGA_PO11	PO11	AD
GTTAAGGGTAATTGGG_PO41	PO41	AD
GTTAAGGGTAGTAACG_PO42	PO42	AD
GTTACAGAGGATTCAA_SMC053	SMC053	Active control
GTTACAGAGTTGGCGA_SMC038	SMC038	AD
GTTACAGGTGCAATGG_SMC030	SMC030	Control
GTTACAGGTGCATTAC_SMC038	SMC038	AD
GTTACAGGTTCAAAGA_SMC027	SMC027	Control
GTTACAGTCAACACCA_SMC049	SMC049	AD
GTTACAGTCCAAGCCG_SMC033	SMC033	Control
GTTACCCAGATGCTGG_SMC035	SMC035	Active control
GTTACCCAGGTCATTC_SMC053	SMC053	Active control
GTTACCCAGTACCCTA_SMC049	SMC049	AD
GTTACCCAGTAGACCG_SMC030	SMC030	Control
GTTACCCAGTCTCGTA_SMC032	SMC032	AD
GTTACCCCAGCCGGTT_SMC052	SMC052	Control
GTTACCCGTGACTGTT_SMC052	SMC052	Control
GTTACCCTCCTAGAGT_SMC052	SMC052	Control
GTTACGAAGAAACTCA_SMC043	SMC043	AD
GTTACGAAGCTCCCTT_SMC049	SMC049	AD
GTTACGACAACCAGAG_SMC035	SMC035	Active control
GTTACGACACTACCGG_SMC035	SMC035	Active control
GTTACGAGTGATTCTG_SMC033	SMC033	Control
GTTACGAGTGCAGGAT_SMC053	SMC053	Active control
GTTACGAGTGCTATTG_SMC049	SMC049	AD
GTTACGAGTTACCCAA_SMC035	SMC035	Active control
GTTACGATCACGAGGA_SMC031	SMC031	Active control
GTTACGATCCTAGAGT_SMC052	SMC052	Control
GTTACGATCCTTGACC_SMC030	SMC030	Control
GTTACGATCTTCCTAA_SMC052	SMC052	Control
GTTAGACAGTTCGGTT_SMC052	SMC052	Control
GTTAGACCAATTCTCT_SMC030	SMC030	Control
GTTAGACCACCAGTAT_SMC052	SMC052	Control
GTTAGACCACCCAATA_SMC049	SMC049	AD
GTTAGACGTGTAAATG_SMC041	SMC041	AD
GTTAGACTCAGCGCAC_SMC038	SMC038	AD
GTTAGACTCCCTTGTG_SMC052	SMC052	Control
GTTAGACTCTTTACAC_SMC049	SMC049	AD
GTTAGCATCACACAGC_PO11	PO11	AD
GTTAGCATCACACCTT_PO42	PO42	AD
GTTAGCATCGTTAAGT_PO28	PO28	AD
GTTAGGCTCGTTCAAG_PO42	PO42	AD
GTTAGTGAGACAACTA_SMC052	SMC052	Control
GTTAGTGAGCACCCAC_SMC052	SMC052	Control
GTTAGTGCACTGTCCT_SMC049	SMC049	AD
GTTAGTGCAGGGACTA_SMC052	SMC052	Control
GTTAGTGCAGTTACCA_SMC033	SMC033	Control
GTTAGTGGTTCTCGTC_SMC030	SMC030	Control
GTTAGTGTCCCTTCCC_SMC052	SMC052	Control
GTTAGTGTCGGCCCAA_SMC052	SMC052	Control
GTTAGTTAGATAGAGC_PO28	PO28	AD
GTTATCAGTTATGTGC_PO23	PO23	Control
GTTATCTCATGGTTGG_PO11	PO11	AD
GTTATGGCAAAGGCGT_SMC041	SMC041	AD
GTTATGGCAAGTTCCA_SMC030	SMC030	Control
GTTATGGCATGGTACT_SMC033	SMC033	Control
GTTATGGGTAACAGTA_SMC039	SMC039	AD
GTTATGGGTGCAATAA_SMC052	SMC052	Control
GTTATGGGTGTGTCCG_SMC052	SMC052	Control
GTTATGGTCACATCAG_SMC052	SMC052	Control
GTTATGGTCTGGCAAC_PO20	PO20	Control
GTTATGGTCTTCGGTC_SMC036	SMC036	AD
GTTCACCCAAATCACA_PO42	PO42	AD
GTTCACCCAAGCCACA_PO23	PO23	Control
GTTCAGGCAGGTAGTT_PO20	PO20	Control
GTTCATTAGACCAGCA_SMC052	SMC052	Control
GTTCATTCATATCTCT_SMC035	SMC035	Active control
GTTCATTGTAACCCGC_SMC036	SMC036	AD
GTTCATTGTAACTAAG_SMC030	SMC030	Control
GTTCATTGTATCACCA_SMC033	SMC033	Control
GTTCATTTCCAGTGTA_SMC037	SMC037	Active control
GTTCCACCAGGATGAA_PO20	PO20	Control
GTTCCCGCATGGTAAC_PO23	PO23	Control
GTTCCCTGTAGTGTGA_PO41	PO41	AD
GTTCCGGAGCATGTGC_PO42	PO42	AD
GTTCCGTAGACAGTCG_SMC037	SMC037	Active control
GTTCCGTAGAGGATCC_SMC030	SMC030	Control
GTTCCGTAGTAGCTCT_SMC033	SMC033	Control
GTTCCGTAGTGGTGGT_SMC052	SMC052	Control
GTTCCGTCAAGGTTGG_SMC038	SMC038	AD
GTTCCGTCACCTGTCT_SMC029	SMC029	AD
GTTCCGTCACGGTGAA_SMC052	SMC052	Control
GTTCCGTGTACTCAAC_SMC032	SMC032	AD
GTTCCGTGTCACCGCA_SMC030	SMC030	Control
GTTCCGTGTTGCCTAA_SMC036	SMC036	AD
GTTCCGTTCTCAATCT_SMC052	SMC052	Control
GTTCGATGTTGCTGGC_PO41	PO41	AD
GTTCGCTAGACTAGAT_SMC049	SMC049	AD
GTTCGCTAGCGTGCTC_SMC031	SMC031	Active control
GTTCGCTCAGAACCGA_SMC052	SMC052	Control
GTTCGCTCAGTATGAA_SMC049	SMC049	AD
GTTCGCTCATCCCGTT_SMC053	SMC053	Active control
GTTCGCTCATCTAACG_SMC052	SMC052	Control
GTTCGCTCATTAAAGG_SMC035	SMC035	Active control
GTTCGCTGTACAAACA_SMC030	SMC030	Control
GTTCGCTGTCATCCCT_SMC052	SMC052	Control
GTTCGCTGTTCCTACC_SMC052	SMC052	Control
GTTCGCTGTTTCACTT_SMC052	SMC052	Control
GTTCGCTTCCAACTAG_SMC052	SMC052	Control
GTTCGCTTCTCCGAAA_SMC052	SMC052	Control
GTTCTATAGGCGTCCT_SMC033	SMC033	Control
GTTCTATAGGGAACAA_SMC049	SMC049	AD
GTTCTATCACAAATGA_SMC035	SMC035	Active control
GTTCTATCAGGCACTC_SMC052	SMC052	Control
GTTCTATGTAGAAACT_SMC049	SMC049	AD
GTTCTATGTTGTATGC_SMC031	SMC031	Active control
GTTCTATTCAAGTTGC_SMC053	SMC053	Active control
GTTCTATTCCTCCACA_SMC038	SMC038	AD
GTTCTATTCGCAAGAG_SMC049	SMC049	AD
GTTCTATTCTCTATGT_SMC035	SMC035	Active control
GTTCTCACAATCAGCG_PO23	PO23	Control
GTTGAACAGAATCTAG_SMC052	SMC052	Control
GTTGAACAGCACACAG_SMC030	SMC030	Control
GTTGAACAGCGCCGTT_SMC052	SMC052	Control
GTTGAACCAACACTAC_SMC041	SMC041	AD
GTTGAACCAACCTATG_SMC036	SMC036	AD
GTTGAACCAGTCGGTC_SMC049	SMC049	AD
GTTGAACGTCTGTCAA_SMC041	SMC041	AD
GTTGAACGTGGCTCTG_SMC049	SMC049	AD
GTTGAACTCATCTATC_SMC030	SMC030	Control
GTTGAACTCCCTCTCC_SMC035	SMC035	Active control
GTTGAACTCGAGTCTA_SMC043	SMC043	AD
GTTGAAGGTAGCGCGA_PO23	PO23	Control
GTTGAGGAGCAAGGGC_PO28	PO28	AD
GTTGCCCTCAATCCTC_PO15	PO15	Control
GTTGCGCGTGCGTGAG_PO42	PO42	AD
GTTGCGGAGCACTCCG_SMC049	SMC049	AD
GTTGCGGAGCGCCGTT_SMC049	SMC049	AD
GTTGCGGAGTGCGCTC_SMC041	SMC041	AD
GTTGCGGCAAATGATG_SMC035	SMC035	Active control
GTTGCGGGTAGTTACC_SMC027	SMC027	Control
GTTGCGGGTATGACAA_SMC033	SMC033	Control
GTTGCGGGTTACGTAC_SMC049	SMC049	AD
GTTGCGGTCCGTATGA_SMC052	SMC052	Control
GTTGCGGTCTTCGGTC_SMC052	SMC052	Control
GTTGCTCCAAACTCTG_SMC038	SMC038	AD
GTTGCTCCAAGAATAC_SMC038	SMC038	AD
GTTGCTCCAGTCTGGC_SMC053	SMC053	Active control
GTTGCTCGTATATGGA_SMC049	SMC049	AD
GTTGCTCTCGAGTCCG_SMC052	SMC052	Control
GTTGCTCTCGGCTGAC_SMC033	SMC033	Control
GTTGGGTTCTATCAGG_PO11	PO11	AD
GTTGTAGAGCAAACAT_SMC031	SMC031	Active control
GTTGTAGAGGGATCTG_SMC049	SMC049	AD
GTTGTAGCAGAGACTG_SMC052	SMC052	Control
GTTGTAGCATACTTTC_SMC052	SMC052	Control
GTTGTAGGTAGATCGG_SMC031	SMC031	Active control
GTTGTAGGTCAACATC_SMC033	SMC033	Control
GTTGTAGGTCATATGC_SMC041	SMC041	AD
GTTGTAGGTCATCAGT_SMC053	SMC053	Active control
GTTGTAGGTTATCTTC_SMC035	SMC035	Active control
GTTGTAGTCGCGTCGA_SMC033	SMC033	Control
GTTGTAGTCTGTCCCA_SMC043	SMC043	AD
GTTGTCCAGATAACAC_SMC052	SMC052	Control
GTTGTCCAGCAACTTC_SMC035	SMC035	Active control
GTTGTCCCAGACGATG_SMC033	SMC033	Control
GTTGTCCCAGAGGTTG_SMC030	SMC030	Control
GTTGTCCCATATCTGG_SMC031	SMC031	Active control
GTTGTCCGTAGAGGAA_SMC035	SMC035	Active control
GTTGTCCGTCGTCAGC_SMC033	SMC033	Control
GTTGTCCTCACTCCGT_SMC030	SMC030	Control
GTTGTGAAGCAGAAAG_SMC052	SMC052	Control
GTTGTGAAGTATGATG_SMC052	SMC052	Control
GTTGTGAAGTGGATAT_SMC053	SMC053	Active control
GTTGTGACAATTCTTC_SMC038	SMC038	AD
GTTGTGACATCGTTCC_SMC038	SMC038	AD
GTTGTGACATTCATCT_SMC038	SMC038	AD
GTTGTGAGTGTGGTCC_SMC030	SMC030	Control
GTTGTGAGTTTATGCG_SMC049	SMC049	AD
GTTTACTAGAATTCAG_SMC049	SMC049	AD
GTTTACTAGACTAGAT_SMC041	SMC041	AD
GTTTACTAGGACATCG_SMC037	SMC037	Active control
GTTTACTAGTATGATG_SMC035	SMC035	Active control
GTTTACTCAAGTCGTT_SMC049	SMC049	AD
GTTTACTCAATGGGTG_SMC030	SMC030	Control
GTTTACTTCGAAACAA_SMC053	SMC053	Active control
GTTTGGAAGAATTTGG_SMC030	SMC030	Control
GTTTGGAAGACCAAGC_SMC052	SMC052	Control
GTTTGGAAGTTAACGA_SMC037	SMC037	Active control
GTTTGGACAGTTCCAA_SMC053	SMC053	Active control
GTTTGGACATGAGTAA_SMC035	SMC035	Active control
GTTTGGAGTGCGGATA_SMC033	SMC033	Control
GTTTGGAGTTAGAGAT_SMC043	SMC043	AD
GTTTGGATCACGTAGT_SMC052	SMC052	Control
GTTTGGATCCAACCAA_SMC030	SMC030	Control
GTTTGGATCTAGCCAA_SMC031	SMC031	Active control
TAAACCACAAATTACG_PO11	PO11	AD
TAAACCACATCACGCT_PO23	PO23	Control
TAAACGAAGTAACCAT_PO05	PO05	AD
TAACACGCAAAGGCTG_SMC037	SMC037	Active control
TAACACGCAAATAGCA_SMC053	SMC053	Active control
TAACACGCAATCAGCT_SMC031	SMC031	Active control
TAACACGCAGGACTTT_SMC041	SMC041	AD
TAACACGGTAATCAGA_SMC052	SMC052	Control
TAACACGTCAACACGT_SMC037	SMC037	Active control
TAACACGTCAGCGCGT_SMC052	SMC052	Control
TAACACGTCCATGAGT_SMC041	SMC041	AD
TAACACGTCCTAAGTG_SMC043	SMC043	AD
TAACACGTCTATGCCC_SMC052	SMC052	Control
TAACAGCCATAAGGAG_PO23	PO23	Control
TAACCAACAATGAGCT_PO11	PO11	AD
TAACCAACAGGACAGG_PO11	PO11	AD
TAACCAACAGTTGGCA_PO42	PO42	AD
TAACCAGAGGCCTTCG_SMC052	SMC052	Control
TAACCAGCAAGTTGGG_SMC053	SMC053	Active control
TAACCAGCACGTAACT_SMC033	SMC033	Control
TAACCAGCATTGAGCT_SMC038	SMC038	AD
TAACCAGGTATGTCTG_SMC049	SMC049	AD
TAACCAGGTCGACGCT_SMC049	SMC049	AD
TAACCAGTCACTCCGT_SMC041	SMC041	AD
TAACCCTTCGATGTAT_PO15	PO15	Control
TAACGAAAGTCATACG_PO05	PO05	AD
TAACGACAGCCATGCC_SMC052	SMC052	Control
TAACGACAGCCATTTG_SMC049	SMC049	AD
TAACGACAGCTTAGTC_SMC033	SMC033	Control
TAACGACAGTGCACTT_SMC052	SMC052	Control
TAACGACCACAACGAG_SMC053	SMC053	Active control
TAACGACCAGCAGACA_SMC030	SMC030	Control
TAACGACGTACGACTT_SMC049	SMC049	AD
TAACGACGTACTTCCC_SMC052	SMC052	Control
TAACGACGTTAAGCAA_SMC039	SMC039	AD
TAACGACTCCTACCAC_SMC052	SMC052	Control
TAACGACTCGGACTGC_SMC035	SMC035	Active control
TAACGGCTCTATGGTG_PO15	PO15	Control
TAACTAGCATTACATC_PO11	PO11	AD
TAACTCCTCGATACGC_PO13	PO13	Control
TAACTTCAGACCTTTG_SMC038	SMC038	AD
TAACTTCAGACGGATC_SMC052	SMC052	Control
TAACTTCAGTGGTGGT_SMC052	SMC052	Control
TAACTTCAGTTACTCG_SMC041	SMC041	AD
TAACTTCCAACCCTAA_SMC052	SMC052	Control
TAACTTCCAATATCCG_SMC049	SMC049	AD
TAACTTCCAGACCTAT_SMC049	SMC049	AD
TAACTTCCAGCCATTA_SMC038	SMC038	AD
TAACTTCGTAGAAACT_SMC043	SMC043	AD
TAACTTCGTGTCCGGT_SMC052	SMC052	Control
TAACTTCTCATTGCGA_SMC033	SMC033	Control
TAACTTCTCCGTGGTG_SMC038	SMC038	AD
TAACTTCTCGCGTCGA_SMC052	SMC052	Control
TAACTTCTCTGTAAGC_SMC049	SMC049	AD
TAAGCACAGACCTCAT_SMC031	SMC031	Active control
TAAGCACAGACGGTCA_SMC033	SMC033	Control
TAAGCACAGGGCGAAG_SMC033	SMC033	Control
TAAGCACCAGCTAAGT_PO05	PO05	AD
TAAGCACCATATGGCT_SMC033	SMC033	Control
TAAGCACCATGAAGCG_SMC052	SMC052	Control
TAAGCACCATGTGGTT_SMC038	SMC038	AD
TAAGCACGTACAGAGC_SMC052	SMC052	Control
TAAGCAGGTTGACCCA_PO42	PO42	AD
TAAGCCAAGCCAAGGT_SMC030	SMC030	Control
TAAGCCAAGGCACGAT_SMC029	SMC029	AD
TAAGCCACAAATGAGT_SMC037	SMC037	Active control
TAAGCCACAACCCTCT_SMC033	SMC033	Control
TAAGCCACACGACGTC_SMC038	SMC038	AD
TAAGCCACATCATGAC_SMC052	SMC052	Control
TAAGCCACATGGCGCT_SMC053	SMC053	Active control
TAAGCCACATGTACGT_SMC035	SMC035	Active control
TAAGCCAGTAAGTTAG_SMC030	SMC030	Control
TAAGCCAGTTCTAAGC_SMC053	SMC053	Active control
TAAGCCAGTTGGTAGG_SMC041	SMC041	AD
TAAGCCAGTTTGGAGG_SMC035	SMC035	Active control
TAAGCCATCGCGTAGC_SMC038	SMC038	AD
TAAGCGTAGCGGTAAC_SMC035	SMC035	Active control
TAAGCGTAGGGTTGCA_SMC030	SMC030	Control
TAAGCGTCAAGTGGCA_SMC052	SMC052	Control
TAAGCGTGTATGAAGT_SMC052	SMC052	Control
TAAGCGTGTGGAAATT_SMC038	SMC038	AD
TAAGCGTGTGTATTCG_SMC049	SMC049	AD
TAAGCGTGTTCGCGTG_SMC052	SMC052	Control
TAAGCGTGTTTACTTC_SMC033	SMC033	Control
TAAGCGTTCTCACGAA_SMC031	SMC031	Active control
TAAGGATGTGGCTCGT_PO41	PO41	AD
TAAGGCGAGCATTCGA_PO42	PO42	AD
TAAGGGGTCCAACCAA_PO11	PO11	AD
TAAGTCACAGCTACTC_PO05	PO05	AD
TAAGTCCGTTCGGTGC_PO05	PO05	AD
TAAGTCGAGCATGAAT_SMC041	SMC041	AD
TAAGTCGGTCATCCCT_SMC041	SMC041	AD
TAAGTCGGTTACGATC_SMC052	SMC052	Control
TAAGTCGTCACTGTTT_SMC053	SMC053	Active control
TAAGTCGTCATCTACT_SMC052	SMC052	Control
TAAGTCGTCGCCAACG_SMC038	SMC038	AD
TAAGTCGTCTTCTGTA_SMC049	SMC049	AD
TAAGTGAAGGATACTT_PO23	PO23	Control
TAATCTCAGAGAGCGG_SMC053	SMC053	Active control
TAATCTCAGGTTCCGC_SMC038	SMC038	AD
TAATCTCAGTAGAGTT_SMC049	SMC049	AD
TAATCTCAGTCCTGTA_SMC035	SMC035	Active control
TAATCTCCACTGCACG_SMC053	SMC053	Active control
TAATCTCCAGCCGTTG_SMC052	SMC052	Control
TAATCTCCATTCACCC_SMC049	SMC049	AD
TAATCTCGTCCGATCG_SMC052	SMC052	Control
TAATCTCGTTGCGGAA_SMC049	SMC049	AD
TAATCTCTCATTCGTT_SMC052	SMC052	Control
TAATCTCTCGAGCTGC_SMC038	SMC038	AD
TAATGGGGTAACGGCG_PO13	PO13	Control
TAATGGGGTAGCCTCA_PO11	PO11	AD
TAATGGTTCTAAGTGT_PO05	PO05	AD
TAATGTCAGGTTGGGA_PO23	PO23	Control
TAATTCCAGACGGATC_SMC038	SMC038	AD
TAATTCCAGAGGTTTA_SMC053	SMC053	Active control
TAATTCCCAAATGGTC_PO42	PO42	AD
TAATTCCCATCCGAGC_SMC032	SMC032	AD
TAATTCCTCACGATCA_SMC049	SMC049	AD
TAATTCCTCATCGTAG_SMC035	SMC035	Active control
TAATTCCTCCTACCAC_SMC052	SMC052	Control
TAATTCCTCTATCCAT_SMC052	SMC052	Control
TAATTCCTCTCTTCAA_SMC033	SMC033	Control
TAATTCCTCTTGCGCT_SMC052	SMC052	Control
TACAACGAGCTAGAGC_SMC037	SMC037	Active control
TACAACGAGCTAGCCC_SMC049	SMC049	AD
TACAACGAGTCTTCCC_SMC038	SMC038	AD
TACAACGAGTGCAGCA_SMC033	SMC033	Control
TACAACGCACGATTCA_SMC041	SMC041	AD
TACAACGCAGTGGTGA_SMC032	SMC032	AD
TACAACGGTAACGATA_SMC037	SMC037	Active control
TACAACGTCCCTTTGG_SMC033	SMC033	Control
TACAATGCAATACCAA_PO41	PO41	AD
TACACCCAGCACCCAC_SMC032	SMC032	AD
TACACCCAGTTGGAAT_SMC035	SMC035	Active control
TACACCCCAGAATGTA_SMC052	SMC052	Control
TACACCCGTCCCAAAT_SMC033	SMC033	Control
TACACCCGTCTGATCA_SMC030	SMC030	Control
TACACCCGTGTCCGTG_SMC049	SMC049	AD
TACACCCGTTCGCGTG_SMC052	SMC052	Control
TACACCCGTTTCTATC_SMC049	SMC049	AD
TACACCCTCCATATGG_SMC033	SMC033	Control
TACACCCTCCTAGCTC_SMC052	SMC052	Control
TACACCTTCCATCCCA_PO05	PO05	AD
TACAGCGCATGGATAC_PO15	PO15	Control
TACAGGGAGTAAGGCG_PO42	PO42	AD
TACAGGTAGCACCAGA_SMC052	SMC052	Control
TACAGGTAGTAACGTA_SMC033	SMC033	Control
TACAGGTCAAATACAG_SMC049	SMC049	AD
TACAGGTGTACCATAC_SMC052	SMC052	Control
TACAGGTTCATTCACT_SMC031	SMC031	Active control
TACAGGTTCCCTTGTG_SMC035	SMC035	Active control
TACAGGTTCCTAGAGT_SMC049	SMC049	AD
TACAGGTTCTTAGCTT_SMC038	SMC038	AD
TACATTCAGGGCAGGA_SMC049	SMC049	AD
TACATTCCAAAGGATT_SMC030	SMC030	Control
TACATTCCAGAACTTC_SMC049	SMC049	AD
TACATTCCAGTAACAA_SMC033	SMC033	Control
TACATTCCATTCCTCG_SMC038	SMC038	AD
TACATTCGTGATCATC_SMC052	SMC052	Control
TACATTCTCCGCGATG_SMC035	SMC035	Active control
TACATTCTCTAGGAAA_SMC038	SMC038	AD
TACATTCTCTCGAGTA_SMC052	SMC052	Control
TACATTCTCTGGAAGG_SMC052	SMC052	Control
TACATTCTCTTGAGCA_SMC052	SMC052	Control
TACCACAAGATTCACG_PO05	PO05	AD
TACCACGGTAGTCCTG_PO28	PO28	AD
TACCACGGTATGGATG_PO05	PO05	AD
TACCAGGCAGTACTCC_PO23	PO23	Control
TACCCACAGCCTAGGA_SMC037	SMC037	Active control
TACCCACAGCGCACAA_SMC049	SMC049	AD
TACCCACAGGAAGTGA_SMC033	SMC033	Control
TACCCACAGTCATGCT_SMC052	SMC052	Control
TACCCACCACAAATGA_SMC031	SMC031	Active control
TACCCACGTCAAACGG_SMC049	SMC049	AD
TACCCACGTGTGTACT_SMC038	SMC038	AD
TACCCACTCGCCAGAC_SMC053	SMC053	Active control
TACCCACTCTGTCAGA_SMC049	SMC049	AD
TACCCAGGTTCGTAGT_PO23	PO23	Control
TACCCATTCAGCCCGA_PO42	PO42	AD
TACCCATTCTGGCCCT_PO11	PO11	AD
TACCCCATCACCAAGC_PO23	PO23	Control
TACCCGTAGAGCCTGA_SMC030	SMC030	Control
TACCCGTAGCTGGTGA_SMC052	SMC052	Control
TACCCGTAGGCTTAAA_SMC052	SMC052	Control
TACCCGTAGTCACTAC_SMC037	SMC037	Active control
TACCCGTCATCCGTGG_SMC033	SMC033	Control
TACCCGTCATTCAGCA_SMC032	SMC032	AD
TACCCGTGTAACGATA_SMC049	SMC049	AD
TACCCGTGTGATACTC_SMC032	SMC032	AD
TACCCGTGTTTACGAC_SMC035	SMC035	Active control
TACCCGTTCAAGTCGT_SMC029	SMC029	AD
TACCCGTTCATACAGC_SMC037	SMC037	Active control
TACCCGTTCCTCGATC_SMC038	SMC038	AD
TACCGAAAGACCAAGC_SMC052	SMC052	Control
TACCGAAAGGGCAGTT_SMC053	SMC053	Active control
TACCGAACACATGTTG_SMC052	SMC052	Control
TACCGAACAGAGGAAA_SMC052	SMC052	Control
TACCGAACAGGTGAGT_SMC049	SMC049	AD
TACCGAAGTACAGAGC_SMC030	SMC030	Control
TACCGAAGTGTCTTAG_SMC052	SMC052	Control
TACCGAAGTTATAGAG_SMC052	SMC052	Control
TACCGAATCAAAGACA_SMC049	SMC049	AD
TACCGAATCCCGAGGT_SMC032	SMC032	AD
TACCGAATCCGGCAAC_SMC049	SMC049	AD
TACCGAATCGCTCTCA_SMC049	SMC049	AD
TACCGAATCTTCCGTG_SMC049	SMC049	AD
TACCGAATCTTGCAGA_SMC033	SMC033	Control
TACCGGGAGCTGAGCA_SMC033	SMC033	Control
TACCGGGAGGTAAGTT_SMC035	SMC035	Active control
TACCGGGCAAGCACAG_SMC052	SMC052	Control
TACCGGGCAGAGATTA_SMC033	SMC033	Control
TACCGGGGTTGTTGTG_SMC038	SMC038	AD
TACCGGGTCACTTATC_SMC033	SMC033	Control
TACCGGGTCAGGCGAA_SMC052	SMC052	Control
TACCGGGTCGGCCTTT_SMC041	SMC041	AD
TACCTCGAGAGGACTC_SMC032	SMC032	AD
TACCTCGAGTCGCCAC_SMC052	SMC052	Control
TACCTCGAGTTAGTGA_SMC041	SMC041	AD
TACCTCGCAGCGTGAA_SMC052	SMC052	Control
TACCTCGGTATCAGCT_SMC035	SMC035	Active control
TACCTCGGTCACAGTT_SMC029	SMC029	AD
TACCTCGGTCACTGAT_SMC027	SMC027	Control
TACCTCGTCACTCTTA_SMC049	SMC049	AD
TACCTCGTCCGCGATG_SMC049	SMC049	AD
TACCTCGTCGGCATCG_SMC049	SMC049	AD
TACCTGAAGGATGGGC_PO23	PO23	Control
TACCTGCAGAGCTGAC_SMC038	SMC038	AD
TACCTGCAGCACCTGC_SMC030	SMC030	Control
TACCTGCAGGTCGACA_SMC041	SMC041	AD
TACCTGCCAACCACGC_SMC029	SMC029	AD
TACCTGCCAAGTGTCT_SMC036	SMC036	AD
TACCTGCCACACAGCC_SMC041	SMC041	AD
TACCTGCCACTTCTCG_SMC038	SMC038	AD
TACCTGCGTGTGTGTT_SMC052	SMC052	Control
TACCTGCTCACCGGGT_SMC049	SMC049	AD
TACCTGCTCACCTGTC_SMC031	SMC031	Active control
TACCTGCTCATGGTAC_SMC036	SMC036	AD
TACCTGCTCCAACTGA_SMC030	SMC030	Control
TACCTGCTCCAGTTCC_SMC041	SMC041	AD
TACGCCCTCGTGCTAA_PO42	PO42	AD
TACGCTAAGGGTCCTG_PO28	PO28	AD
TACGCTCAGTTGGACG_SMC052	SMC052	Control
TACGCTCAGTTGTCGT_SMC052	SMC052	Control
TACGCTCCAAGCTGCC_SMC053	SMC053	Active control
TACGCTCCACTAGAGG_SMC035	SMC035	Active control
TACGCTCCATGACGGA_SMC033	SMC033	Control
TACGCTCGTCAACCTA_SMC038	SMC038	AD
TACGCTCTCAAACCCA_SMC037	SMC037	Active control
TACGCTCTCATGGTAC_SMC052	SMC052	Control
TACGCTCTCCATACTT_SMC049	SMC049	AD
TACGCTCTCCGTGTGG_SMC031	SMC031	Active control
TACGGGCCACCCTATC_SMC052	SMC052	Control
TACGGGCCACCTCGTT_SMC037	SMC037	Active control
TACGGGCCAGCACAGA_SMC049	SMC049	AD
TACGGGCCATTCAGCA_SMC052	SMC052	Control
TACGGGCCATTGCTGA_SMC049	SMC049	AD
TACGGGCGTAGTATAG_SMC038	SMC038	AD
TACGGGCGTCGCACGT_SMC049	SMC049	AD
TACGGGCGTTCTTAGG_SMC041	SMC041	AD
TACGGGCTCCTGCCAT_SMC052	SMC052	Control
TACGGTAAGCATCCCG_SMC035	SMC035	Active control
TACGGTAAGCGTCGAA_SMC053	SMC053	Active control
TACGGTAAGGATATAC_SMC052	SMC052	Control
TACGGTACAGTAGAGC_SMC049	SMC049	AD
TACGGTAGTAATACCC_SMC053	SMC053	Active control
TACGGTAGTCACCGAC_SMC035	SMC035	Active control
TACGGTAGTTAAGAAC_SMC033	SMC033	Control
TACGGTATCAGGGTAG_SMC052	SMC052	Control
TACGGTATCCCTCGAT_SMC030	SMC030	Control
TACGTCCAGCTGTTCA_SMC049	SMC049	AD
TACGTCCAGTAATCCC_SMC052	SMC052	Control
TACGTCCAGTTCGGTT_SMC038	SMC038	AD
TACGTCCCACCATAAC_SMC033	SMC033	Control
TACGTCCGTCAGTCTA_SMC049	SMC049	AD
TACGTCCGTTGCTCGG_SMC049	SMC049	AD
TACGTCCTCCTCTAGC_SMC035	SMC035	Active control
TACGTCCTCTGAACGT_SMC038	SMC038	AD
TACGTTGAGCTAACGC_PO11	PO11	AD
TACTACCTCTATGGTG_PO11	PO11	AD
TACTCATCAAGTTCCC_PO42	PO42	AD
TACTCCACAATCAGAC_PO11	PO11	AD
TACTCGCCAGGATGGG_PO42	PO42	AD
TACTGCAAGCCACAGT_PO20	PO20	Control
TACTGCCAGCGCTGCT_SMC035	SMC035	Active control
TACTGCCAGCTCATAC_SMC033	SMC033	Control
TACTGCCAGGAGTCTG_SMC049	SMC049	AD
TACTGCCCAGTCACGC_SMC038	SMC038	AD
TACTGCCCAGTCAGAG_SMC035	SMC035	Active control
TACTGCCGTTGATGTC_SMC035	SMC035	Active control
TACTGCCTCTGAACGT_SMC038	SMC038	AD
TACTGGATCGTGCCTC_PO11	PO11	AD
TACTTACAGGCATGGT_SMC030	SMC030	Control
TACTTACAGGTGGTTG_SMC032	SMC032	AD
TACTTACAGTTGTCGT_SMC053	SMC053	Active control
TACTTACCAGACAAGC_SMC049	SMC049	AD
TACTTACCAGCATACT_SMC053	SMC053	Active control
TACTTACGTCTTGAAC_SMC052	SMC052	Control
TACTTACGTTTGCCGG_SMC052	SMC052	Control
TACTTACTCAGCCTCT_SMC053	SMC053	Active control
TACTTACTCAGGTGTT_SMC053	SMC053	Active control
TACTTAGGTATTGCGT_PO23	PO23	Control
TACTTAGGTCAATCTA_PO11	PO11	AD
TACTTCAAGCCTATTG_SMC053	SMC053	Active control
TACTTCAAGCTCGCAC_SMC037	SMC037	Active control
TACTTCAAGGTACAAT_SMC052	SMC052	Control
TACTTCAAGTTGAAGT_SMC038	SMC038	AD
TACTTCACACGACGCT_SMC033	SMC033	Control
TACTTCAGTTCTATCT_SMC038	SMC038	AD
TACTTCAGTTGTGGCC_SMC053	SMC053	Active control
TACTTCATCCGCCTAT_SMC029	SMC029	AD
TACTTGCTCCACCTTG_PO23	PO23	Control
TACTTGTCAATTCTTC_SMC049	SMC049	AD
TACTTGTCACGGTCTG_SMC030	SMC030	Control
TACTTGTCATGCCGCA_SMC033	SMC033	Control
TACTTGTGTCCGTTTC_SMC049	SMC049	AD
TACTTGTGTCGGATTT_SMC030	SMC030	Control
TACTTGTGTTGCATGT_SMC053	SMC053	Active control
TACTTGTTCATCACAG_SMC049	SMC049	AD
TACTTGTTCTTGAACG_SMC052	SMC052	Control
TAGACCAAGCACCTGC_SMC041	SMC041	AD
TAGACCAAGGCTAAAT_SMC038	SMC038	AD
TAGACCAAGGTATAGT_SMC052	SMC052	Control
TAGACCACAACTCGAT_SMC033	SMC033	Control
TAGACCACAGAATCGG_SMC039	SMC039	AD
TAGACCAGTACCGCGT_SMC030	SMC030	Control
TAGACCAGTCAGGAGT_SMC038	SMC038	AD
TAGACCAGTGAAGCGT_SMC052	SMC052	Control
TAGACCAGTGGTTTAC_SMC032	SMC032	AD
TAGACCAGTTCCACGG_SMC035	SMC035	Active control
TAGACCAGTTCGGCTG_SMC030	SMC030	Control
TAGACCATCCCATACC_SMC052	SMC052	Control
TAGACCATCCCGAAAT_SMC049	SMC049	AD
TAGACTGAGGAAACGA_SMC031	SMC031	Active control
TAGACTGAGGGTCTTT_SMC052	SMC052	Control
TAGACTGAGGTTGTTC_SMC053	SMC053	Active control
TAGACTGCAACAAGAT_SMC027	SMC027	Control
TAGACTGCACGCACCA_SMC052	SMC052	Control
TAGACTGGTCAACGCC_SMC032	SMC032	AD
TAGACTGGTCGGAAAC_SMC049	SMC049	AD
TAGACTGGTTCAGGTT_SMC031	SMC031	Active control
TAGACTGGTTGCTCGG_SMC049	SMC049	AD
TAGACTGTCAATCTCT_SMC049	SMC049	AD
TAGACTGTCACGGTCG_SMC030	SMC030	Control
TAGACTGTCTGGCCTT_SMC052	SMC052	Control
TAGAGTCAGATGGGCT_SMC032	SMC032	AD
TAGAGTCAGCCATGCC_SMC052	SMC052	Control
TAGAGTCAGCCGATAG_SMC037	SMC037	Active control
TAGAGTCAGGACTGGT_SMC037	SMC037	Active control
TAGAGTCAGTAGACAT_SMC052	SMC052	Control
TAGAGTCGTTCAAGGG_SMC041	SMC041	AD
TAGAGTCTCGCTGACG_SMC035	SMC035	Active control
TAGAGTCTCTGAACGT_SMC032	SMC032	AD
TAGATCGAGACCCTTA_SMC038	SMC038	AD
TAGATCGAGCAGCACA_SMC033	SMC033	Control
TAGATCGAGCCTCTGG_SMC033	SMC033	Control
TAGATCGAGCTACAAA_SMC033	SMC033	Control
TAGATCGAGGCACTAG_SMC033	SMC033	Control
TAGATCGAGTGGATTA_SMC032	SMC032	AD
TAGATCGCAATCGCAT_SMC053	SMC053	Active control
TAGATCGGTCAGATTC_SMC038	SMC038	AD
TAGATCGGTGCGACAA_SMC033	SMC033	Control
TAGATCGGTTACAGCT_SMC043	SMC043	AD
TAGATCGGTTGGGTAG_SMC035	SMC035	Active control
TAGATCGTCAATCCGA_SMC030	SMC030	Control
TAGCAAGGTTTCGAGT_PO23	PO23	Control
TAGCACAAGATGGCAC_SMC033	SMC033	Control
TAGCACAAGATTGACA_SMC030	SMC030	Control
TAGCACAAGCCGTAAG_SMC052	SMC052	Control
TAGCACAAGTATGGAT_SMC053	SMC053	Active control
TAGCACAAGTATTGCC_SMC033	SMC033	Control
TAGCACACAACTCGAT_SMC036	SMC036	AD
TAGCACACACTGGACC_SMC052	SMC052	Control
TAGCACAGTGACACAG_SMC037	SMC037	Active control
TAGCACATCCATTTAC_SMC049	SMC049	AD
TAGCACATCTGCTGAA_SMC035	SMC035	Active control
TAGCACATCTGTAAGC_SMC049	SMC049	AD
TAGCACGCACCATCAC_PO41	PO41	AD
TAGCAGTCAGGTAACT_PO23	PO23	Control
TAGCCAATCCTGATTC_PO42	PO42	AD
TAGCCAGCAACCCGAA_PO41	PO41	AD
TAGCCTGGTATGGCTT_PO20	PO20	Control
TAGCCTGGTGGCGACA_PO41	PO41	AD
TAGCCTGGTTCTGGGC_PO23	PO23	Control
TAGCGAAGTCAATGGA_PO23	PO23	Control
TAGCTAGTCCTTCCTC_PO23	PO23	Control
TAGCTAGTCTAACTCC_PO20	PO20	Control
TAGCTCAAGCATCTCT_PO11	PO11	AD
TAGGACTCAAGCCTCT_PO23	PO23	Control
TAGGACTCAGCTATGG_PO41	PO41	AD
TAGGAGGAGTATGACA_SMC030	SMC030	Control
TAGGAGGCAAGTACCT_SMC049	SMC049	AD
TAGGAGGGTAAGGCTG_SMC030	SMC030	Control
TAGGAGGGTACGTAGG_SMC030	SMC030	Control
TAGGAGGGTGACTCTA_SMC038	SMC038	AD
TAGGAGGGTGGAGAAA_SMC049	SMC049	AD
TAGGAGGGTGTCTTGA_SMC033	SMC033	Control
TAGGAGGTCCCTCGTA_SMC033	SMC033	Control
TAGGAGGTCTTCGGTC_SMC038	SMC038	AD
TAGGATGGTGGCGATG_PO05	PO05	AD
TAGGCGAAGAAGCTGG_PO11	PO11	AD
TAGGCGAAGCCTGACG_PO20	PO20	Control
TAGGCGAAGCGAGTTC_PO11	PO11	AD
TAGGCTGCATCAATTC_PO11	PO11	AD
TAGGGGATCGACTGCG_PO11	PO11	AD
TAGGGGATCGTGCAAC_PO23	PO23	Control
TAGGGTAGTAGTCCGC_PO41	PO41	AD
TAGGGTAGTTTGCATA_PO23	PO23	Control
TAGGGTTAGACCAGCA_SMC049	SMC049	AD
TAGGGTTAGCTGACAG_SMC052	SMC052	Control
TAGGGTTAGTGTTCAC_SMC027	SMC027	Control
TAGGGTTCAATAGGGC_SMC032	SMC032	AD
TAGGGTTCACAGCCTG_SMC033	SMC033	Control
TAGGGTTGTCCCAAAT_SMC033	SMC033	Control
TAGGGTTGTGCCTTCT_SMC041	SMC041	AD
TAGGGTTTCTATACGG_SMC052	SMC052	Control
TAGGGTTTCTTGGTCC_SMC035	SMC035	Active control
TAGGTACAGGATACGC_SMC052	SMC052	Control
TAGGTACAGGTTCACT_SMC052	SMC052	Control
TAGGTACAGTGCCAGA_SMC038	SMC038	AD
TAGGTACAGTGGTTCT_SMC027	SMC027	Control
TAGGTACCAAATAGCA_SMC052	SMC052	Control
TAGGTACCACAGTCCG_SMC053	SMC053	Active control
TAGGTACCAGCGAACA_SMC053	SMC053	Active control
TAGGTACGTACCCACG_SMC033	SMC033	Control
TAGGTACGTTACAGCT_SMC049	SMC049	AD
TAGGTACTCGCCCAGA_SMC030	SMC030	Control
TAGGTAGGTGAGAGGA_PO20	PO20	Control
TAGGTAGGTTTGGAGA_PO28	PO28	AD
TAGGTCATCGTGATGC_PO42	PO42	AD
TAGGTTGCATCACCAA_SMC035	SMC035	Active control
TAGGTTGGTCGTGGTC_SMC052	SMC052	Control
TAGGTTGGTGCTCCGA_SMC030	SMC030	Control
TAGGTTGGTGCTGATT_SMC031	SMC031	Active control
TAGGTTGGTGTCCCTT_SMC052	SMC052	Control
TAGTACCGTGAGGCAT_PO13	PO13	Control
TAGTCAACAAACCTAA_PO15	PO15	Control
TAGTCCCCAGCCATAG_PO15	PO15	Control
TAGTGAGGTCAGCATT_PO23	PO23	Control
TAGTGCAAGGGTAATT_SMC038	SMC038	AD
TAGTGCACATCAGCAT_SMC035	SMC035	Active control
TAGTGCAGTAGGTTTC_SMC049	SMC049	AD
TAGTGCAGTGGTCTTA_SMC030	SMC030	Control
TAGTGCAGTGTCCTAA_SMC049	SMC049	AD
TAGTGCAGTTAGGCTT_SMC052	SMC052	Control
TAGTGCAGTTTGTGGT_SMC041	SMC041	AD
TAGTGCATCAGTGGGA_SMC030	SMC030	Control
TAGTGCATCCCTAGGG_SMC049	SMC049	AD
TAGTGCATCTAGCCTC_SMC049	SMC049	AD
TAGTGGCTCCCTCTGA_PO20	PO20	Control
TAGTGTTAGGGTATCC_PO20	PO20	Control
TAGTTAGCAGCAGTCA_PO23	PO23	Control
TAGTTCTCACAGGCGT_PO05	PO05	AD
TAGTTTCCATCCGCTG_PO42	PO42	AD
TATACCTAGCATTGAA_SMC052	SMC052	Control
TATACCTAGGGCTTCC_SMC030	SMC030	Control
TATACCTCAGCGCGTT_SMC052	SMC052	Control
TATACCTGTATCAAGA_SMC053	SMC053	Active control
TATACCTGTCAACGCC_SMC052	SMC052	Control
TATACCTGTCCCAAAT_SMC031	SMC031	Active control
TATACCTGTCGTGATT_SMC031	SMC031	Active control
TATACCTGTGAGATTA_SMC052	SMC052	Control
TATACCTTCACAGAGG_SMC035	SMC035	Active control
TATACCTTCCTGGCTT_SMC049	SMC049	AD
TATACGTAGGCAAGTG_PO11	PO11	AD
TATACTGGTAGCTAAG_PO11	PO11	AD
TATAGGTTCATATCGG_PO15	PO15	Control
TATAGGTTCCGTTAGA_PO11	PO11	AD
TATAGGTTCGTGCGAT_PO05	PO05	AD
TATATCCAGATGCAGC_SMC038	SMC038	AD
TATATCCAGGGAGAAT_SMC049	SMC049	AD
TATATCCCAATGAAAC_SMC033	SMC033	Control
TATATCCCACAGGATG_SMC049	SMC049	AD
TATATCCCACATTACG_SMC049	SMC049	AD
TATATCCCACGAAGAC_SMC035	SMC035	Active control
TATATCCGTACAAGTA_SMC053	SMC053	Active control
TATATCCGTACGCTTA_SMC038	SMC038	AD
TATATCCGTATCGATC_SMC049	SMC049	AD
TATATCCGTTCTCCCA_SMC052	SMC052	Control
TATCACCTCATGCCTT_PO41	PO41	AD
TATCAGGCATTCGATG_SMC053	SMC053	Active control
TATCAGGGTGAAAGTT_SMC049	SMC049	AD
TATCAGGGTGATCATC_SMC027	SMC027	Control
TATCAGGGTTGAGGAC_SMC030	SMC030	Control
TATCAGGTCATCACTC_PO23	PO23	Control
TATCAGGTCATCGCTC_SMC036	SMC036	AD
TATCATGGTTGTGGCC_PO23	PO23	Control
TATCCGCCACAACTAA_PO23	PO23	Control
TATCCTAAGAAAGCGA_SMC052	SMC052	Control
TATCCTAAGCACTCAT_SMC030	SMC030	Control
TATCCTAAGCCGAACA_SMC035	SMC035	Active control
TATCCTAAGCGTTACT_SMC030	SMC030	Control
TATCCTAAGTCCCGAC_SMC033	SMC033	Control
TATCCTAAGTGATAAC_SMC049	SMC049	AD
TATCCTACAGGCTCTG_SMC035	SMC035	Active control
TATCCTAGTCGAATTC_SMC052	SMC052	Control
TATCGCCAGAGCACTG_SMC052	SMC052	Control
TATCGCCAGGTAAGAG_SMC052	SMC052	Control
TATCGCCCAACTCATG_SMC052	SMC052	Control
TATCGCCGTGCCTTCT_SMC049	SMC049	AD
TATCGCCTCAGACATC_SMC041	SMC041	AD
TATCGCCTCCTACGGG_SMC041	SMC041	AD
TATCGCCTCGCCTTGT_SMC037	SMC037	Active control
TATCGCCTCTTCGCTG_SMC053	SMC053	Active control
TATCTGTAGAGAGTGA_SMC041	SMC041	AD
TATCTGTAGCCAACCC_SMC052	SMC052	Control
TATCTGTAGCGATTCT_SMC052	SMC052	Control
TATCTGTCAAGAATAC_SMC053	SMC053	Active control
TATCTGTGTCAGCTTA_SMC049	SMC049	AD
TATCTGTGTCAGGAGT_SMC033	SMC033	Control
TATCTGTGTTCAAGTC_SMC053	SMC053	Active control
TATCTGTGTTGCTAGT_SMC030	SMC030	Control
TATCTGTGTTTAGAGA_SMC038	SMC038	AD
TATCTGTTCACCGCTT_SMC031	SMC031	Active control
TATCTGTTCATCTATC_SMC041	SMC041	AD
TATCTTGAGCCTTGAT_SMC053	SMC053	Active control
TATCTTGAGCGAACTG_SMC053	SMC053	Active control
TATCTTGAGCGTCGAA_SMC049	SMC049	AD
TATCTTGAGGATATGT_SMC030	SMC030	Control
TATCTTGAGGGCCCTT_SMC039	SMC039	AD
TATCTTGAGTCATCGT_SMC049	SMC049	AD
TATCTTGGTGCAATGG_SMC038	SMC038	AD
TATCTTGTCAGCATTG_SMC035	SMC035	Active control
TATCTTGTCGTCGATA_SMC030	SMC030	Control
TATGACTAGGCGTAAG_PO23	PO23	Control
TATGCAACAGCCATCT_PO42	PO42	AD
TATGCTAGTTAAGGGC_PO15	PO15	Control
TATGGCCAGGTTCAAT_PO11	PO11	AD
TATGGCGCAAGTATGC_PO11	PO11	AD
TATGGCTGTAATGCAG_PO05	PO05	AD
TATGTTCAGCAGGGAG_SMC032	SMC032	AD
TATGTTCAGCTAAACA_SMC033	SMC033	Control
TATGTTCCACGGTGAA_SMC039	SMC039	AD
TATGTTCCACTACTTT_SMC052	SMC052	Control
TATGTTCGTGCCGGTT_SMC041	SMC041	AD
TATGTTCTCGACACCG_SMC052	SMC052	Control
TATGTTCTCGCCTTGT_SMC049	SMC049	AD
TATGTTCTCGTCAACA_SMC029	SMC029	AD
TATGTTCTCTTTCTAG_SMC030	SMC030	Control
TATTCCAAGAATCCCT_SMC033	SMC033	Control
TATTCCAAGATGTTAG_SMC033	SMC033	Control
TATTCCACAGCAGATG_SMC052	SMC052	Control
TATTCCACAGCTATAC_SMC052	SMC052	Control
TATTCCACATAGGTTC_SMC038	SMC038	AD
TATTCCACATCGGATT_SMC032	SMC032	AD
TATTCCAGTTTGGGTT_SMC033	SMC033	Control
TATTCCATCATTGTTC_SMC041	SMC041	AD
TATTCCATCCGGCAGT_SMC030	SMC030	Control
TATTCCATCGAACCTA_SMC052	SMC052	Control
TATTCCATCGTTCATT_SMC035	SMC035	Active control
TATTCCATCTACGCAA_SMC052	SMC052	Control
TATTGCTAGCAACTTC_SMC035	SMC035	Active control
TATTGCTCACTATCGA_SMC053	SMC053	Active control
TATTGGGAGACCTGGA_SMC041	SMC041	AD
TATTGGGAGGGCAATC_SMC049	SMC049	AD
TATTGGGAGTCGAATA_SMC052	SMC052	Control
TATTGGGCACTACGGC_SMC052	SMC052	Control
TATTGGGCACTAGGCC_SMC033	SMC033	Control
TATTGGGCAGTTTGGT_SMC052	SMC052	Control
TATTGGGCATTCATCT_SMC032	SMC032	AD
TATTGGGGTGCGACAA_SMC049	SMC049	AD
TATTGGGGTTGTTGCA_SMC052	SMC052	Control
TATTGGGTCAAGGCTT_SMC030	SMC030	Control
TATTGGGTCAGCTGTA_SMC049	SMC049	AD
TATTTCGAGACATCAA_SMC030	SMC030	Control
TATTTCGAGCACCTGC_SMC053	SMC053	Active control
TATTTCGCAACTTGCA_SMC031	SMC031	Active control
TATTTCGCAGCGTTTA_SMC035	SMC035	Active control
TATTTCGCATCACAGT_SMC049	SMC049	AD
TATTTCGCATCGAAGG_SMC052	SMC052	Control
TATTTCGGTATCACCA_SMC053	SMC053	Active control
TATTTCGGTATTTCGG_SMC049	SMC049	AD
TATTTCGGTCATCCCT_SMC049	SMC049	AD
TATTTCGTCCACTTTA_SMC049	SMC049	AD
TCAAACTAGCCTATCT_PO42	PO42	AD
TCAAACTAGTAGCACC_PO42	PO42	AD
TCAAAGGGTTTACAGC_PO13	PO13	Control
TCAACATAGAATCCTG_PO42	PO42	AD
TCAACCAAGGATCACC_PO42	PO42	AD
TCAAGACAGACGGTTG_SMC035	SMC035	Active control
TCAAGACAGCTAAATG_SMC036	SMC036	AD
TCAAGACAGGTATCTC_SMC052	SMC052	Control
TCAAGACCAAATGGCG_SMC035	SMC035	Active control
TCAAGACCAGTGGTGA_SMC038	SMC038	AD
TCAAGACGTGTCCGTG_SMC052	SMC052	Control
TCAAGACGTTATGTGC_SMC030	SMC030	Control
TCAAGACTCTTCCAGC_SMC038	SMC038	AD
TCAAGCAAGACCATTC_SMC041	SMC041	AD
TCAAGCAAGCTGGTGA_SMC052	SMC052	Control
TCAAGCACAACGACTT_SMC052	SMC052	Control
TCAAGCACAGCGTTGC_SMC030	SMC030	Control
TCAAGCACAGGCTACC_SMC052	SMC052	Control
TCAAGCACAGGGATAC_SMC053	SMC053	Active control
TCAAGCAGTAACATCC_SMC041	SMC041	AD
TCAAGCATCCTATTTG_SMC052	SMC052	Control
TCAAGTGCACATGTTG_SMC049	SMC049	AD
TCAAGTGCACGGCTAC_SMC049	SMC049	AD
TCAAGTGCACTATGTG_SMC052	SMC052	Control
TCAAGTGCAGAACTAA_SMC033	SMC033	Control
TCAAGTGCAGACAATA_SMC052	SMC052	Control
TCAAGTGCAGCTCTGG_SMC049	SMC049	AD
TCAAGTGCATCCCACT_SMC041	SMC041	AD
TCAAGTGGTAGATGTA_SMC052	SMC052	Control
TCAAGTGGTATTTCCT_SMC037	SMC037	Active control
TCAAGTGGTTCCGTTC_SMC038	SMC038	AD
TCAAGTGTCGCTGACG_SMC041	SMC041	AD
TCAAGTGTCTGCGTCT_SMC053	SMC053	Active control
TCAATCCTCGTAGTTG_PO15	PO15	Control
TCAATCTAGAGTGTGC_SMC038	SMC038	AD
TCAATCTAGTCCCGGT_SMC030	SMC030	Control
TCAATCTCAGGTCAGA_SMC033	SMC033	Control
TCAATCTGTCGGTAAG_SMC049	SMC049	AD
TCAATCTGTGCAGATG_SMC052	SMC052	Control
TCAATCTGTTGACGGA_SMC053	SMC053	Active control
TCAATCTTCGTAACTG_SMC052	SMC052	Control
TCAATTCAGGTGCTGA_SMC033	SMC033	Control
TCAATTCCAATGCAAA_SMC049	SMC049	AD
TCAATTCCACGTTGGC_SMC030	SMC030	Control
TCAATTCCAGACGGAT_SMC053	SMC053	Active control
TCAATTCCATACAGCT_SMC033	SMC033	Control
TCAATTCCATGGCGCT_SMC030	SMC030	Control
TCAATTCGTGGGAGAG_SMC033	SMC033	Control
TCAATTCGTTAGCTAC_SMC030	SMC030	Control
TCAATTCTCCCTTTGG_SMC038	SMC038	AD
TCAATTCTCTTAAGGC_SMC049	SMC049	AD
TCACAAGAGCTCGAAG_SMC033	SMC033	Control
TCACAAGCATCATTTC_SMC049	SMC049	AD
TCACAAGGTAGACAAT_SMC041	SMC041	AD
TCACAAGGTCTTACAG_SMC052	SMC052	Control
TCACAAGGTGTAAACA_SMC035	SMC035	Active control
TCACAAGGTTCTCTAT_SMC049	SMC049	AD
TCACAAGTCACGAGGA_SMC052	SMC052	Control
TCACAAGTCAGCCTTC_SMC053	SMC053	Active control
TCACAAGTCATTGTGG_SMC053	SMC053	Active control
TCACAAGTCGAATGCT_SMC029	SMC029	AD
TCACAAGTCGGTCATA_SMC052	SMC052	Control
TCACAATAGCGACTGT_PO11	PO11	AD
TCACAATAGTATGACT_PO05	PO05	AD
TCACACCAGAGTCAAT_SMC030	SMC030	Control
TCACACCAGGAAAGTG_SMC049	SMC049	AD
TCACACCAGGGCAATC_SMC041	SMC041	AD
TCACACCCAAATCGAC_PO23	PO23	Control
TCACACCCAAGTTCCA_SMC049	SMC049	AD
TCACACCCATCTTAGG_SMC030	SMC030	Control
TCACACCCATGTCGTA_SMC031	SMC031	Active control
TCACACCGTACAGTCT_SMC035	SMC035	Active control
TCACACCGTACCCACG_SMC033	SMC033	Control
TCACACCGTGTCCATA_SMC052	SMC052	Control
TCACACCGTTCTCGTC_SMC049	SMC049	AD
TCACACCTCGGTTCAA_SMC052	SMC052	Control
TCACACCTCGTGTTCC_SMC052	SMC052	Control
TCACACGGTGCAATTC_PO11	PO11	AD
TCACACGGTTATCCTT_PO11	PO11	AD
TCACATTAGAAGGGAT_SMC052	SMC052	Control
TCACATTAGCTCAGAG_SMC049	SMC049	AD
TCACATTCACTAAGGT_PO15	PO15	Control
TCACATTCAGGTGTTT_SMC030	SMC030	Control
TCACATTCATAAGATG_SMC053	SMC053	Active control
TCACATTGTCGTTCAA_SMC033	SMC033	Control
TCACATTGTGTCTTAG_SMC033	SMC033	Control
TCACATTTCCAGTGTA_SMC035	SMC035	Active control
TCACATTTCCCTCGTA_SMC052	SMC052	Control
TCACATTTCCTACAAG_SMC035	SMC035	Active control
TCACATTTCGAAATCC_SMC033	SMC033	Control
TCACGACAGATTCCCT_PO15	PO15	Control
TCACGACAGGCACAGA_PO23	PO23	Control
TCACGCTAGCACTCAT_SMC041	SMC041	AD
TCACGCTAGTCGAAGC_SMC037	SMC037	Active control
TCACGCTCAACGTTAC_SMC030	SMC030	Control
TCACGCTCAATAACGA_SMC038	SMC038	AD
TCACGCTCAGGCTCTG_SMC031	SMC031	Active control
TCACGCTGTAGCTGCC_SMC035	SMC035	Active control
TCACGCTGTCAACCAT_SMC049	SMC049	AD
TCACGCTTCTCGCTCA_SMC052	SMC052	Control
TCACGGGAGCCTCTTC_SMC030	SMC030	Control
TCACGGGAGTAGAATC_SMC052	SMC052	Control
TCACGGGCAACACTAC_SMC049	SMC049	AD
TCACGGGGTAAGCGGT_SMC033	SMC033	Control
TCACGGGGTACCCGCA_SMC049	SMC049	AD
TCACGGGGTATCTCGA_SMC052	SMC052	Control
TCACGGGGTCACGTGC_SMC029	SMC029	AD
TCACGGGGTCCTGTCT_SMC033	SMC033	Control
TCACGGGGTTGCTTGA_SMC033	SMC033	Control
TCACGTAAGGAACTAA_PO11	PO11	AD
TCACGTTTCATCATCC_PO42	PO42	AD
TCACGTTTCCCTCGTA_PO11	PO11	AD
TCACTATAGCTCTATG_SMC049	SMC049	AD
TCACTATCACCGAATT_SMC035	SMC035	Active control
TCACTATTCCCATAAG_SMC038	SMC038	AD
TCACTCACACTAAGGT_PO28	PO28	AD
TCACTCGAGCTCGCAC_SMC038	SMC038	AD
TCACTCGCAATTGCAC_SMC049	SMC049	AD
TCACTCGCAGCAGACA_SMC035	SMC035	Active control
TCACTCGCAGGATCTT_SMC038	SMC038	AD
TCACTCGCATAAGCAA_SMC049	SMC049	AD
TCACTCGCATTGAGGG_SMC049	SMC049	AD
TCACTCGGTAACCAGG_SMC052	SMC052	Control
TCACTCGGTCATACCA_SMC031	SMC031	Active control
TCACTCGGTCCTTGTC_SMC033	SMC033	Control
TCACTCGGTGTGCCTG_SMC030	SMC030	Control
TCACTCGTCGCTAATG_SMC035	SMC035	Active control
TCACTCGTCGCTCTCA_SMC033	SMC033	Control
TCACTCGTCTTAAGGC_SMC049	SMC049	AD
TCACTGTTCACACACA_PO23	PO23	Control
TCACTGTTCAGCATAT_PO11	PO11	AD
TCACTTATCTGGCTCC_PO23	PO23	Control
TCACTTGCAAGCGACC_PO20	PO20	Control
TCACTTGCATTACGAA_PO23	PO23	Control
TCAGCAAAGGCAGGGA_SMC030	SMC030	Control
TCAGCAACAAGCCCAC_SMC033	SMC033	Control
TCAGCAAGTACGGCAA_SMC052	SMC052	Control
TCAGCATGTTGCTTGG_PO42	PO42	AD
TCAGCCTCAAAGTGTA_SMC053	SMC053	Active control
TCAGCCTCAAATGGCG_SMC035	SMC035	Active control
TCAGCCTCACGACAGA_SMC053	SMC053	Active control
TCAGCCTGTAGTCGTT_SMC043	SMC043	AD
TCAGCCTGTCCCGGTA_SMC037	SMC037	Active control
TCAGCCTGTCGCATGC_SMC041	SMC041	AD
TCAGCCTGTCGTGTTA_SMC041	SMC041	AD
TCAGCCTGTTGGAGAC_SMC049	SMC049	AD
TCAGCCTTCGTTGTTT_SMC053	SMC053	Active control
TCAGCTAAGGTACTAT_PO05	PO05	AD
TCAGGGCAGCTCCATA_SMC052	SMC052	Control
TCAGGGCAGGTTGAGC_SMC041	SMC041	AD
TCAGGGCCATCTCATT_SMC049	SMC049	AD
TCAGGGCGTCAGCTTA_SMC035	SMC035	Active control
TCAGGGCGTTAATCGC_SMC038	SMC038	AD
TCAGGGCTCAGTAGGG_SMC049	SMC049	AD
TCAGGGCTCGTCGATA_SMC052	SMC052	Control
TCAGGGCTCTCCCATG_SMC049	SMC049	AD
TCAGGGCTCTCGCTTG_SMC049	SMC049	AD
TCAGGGCTCTTACCGC_SMC031	SMC031	Active control
TCAGGTAGTTCCTTGC_SMC039	SMC039	AD
TCAGGTATCATATGGC_SMC030	SMC030	Control
TCAGGTATCCTTCAGC_SMC035	SMC035	Active control
TCAGGTATCGACGATT_SMC030	SMC030	Control
TCAGGTATCGGTGTAT_SMC027	SMC027	Control
TCAGGTATCTTCGACC_SMC027	SMC027	Control
TCAGTAACATTGGGCA_PO28	PO28	AD
TCAGTCCAGAGATTCA_SMC052	SMC052	Control
TCAGTCCAGATGCAGC_SMC052	SMC052	Control
TCAGTCCAGCACAAAT_SMC049	SMC049	AD
TCAGTCCAGGTTCAGG_SMC030	SMC030	Control
TCAGTCCCAGACATCT_SMC035	SMC035	Active control
TCAGTCCCAGCGAGTA_SMC052	SMC052	Control
TCAGTCCCATCGATAC_SMC041	SMC041	AD
TCAGTCCCATCTAGAC_SMC049	SMC049	AD
TCAGTCCGTGAGTGAC_SMC049	SMC049	AD
TCAGTCCGTTGAGAGC_SMC052	SMC052	Control
TCAGTCCGTTGGGACA_SMC049	SMC049	AD
TCAGTCCTCCTCATAT_SMC052	SMC052	Control
TCAGTCCTCGCACGGT_SMC053	SMC053	Active control
TCAGTGAAGATAGTGT_SMC037	SMC037	Active control
TCAGTGACAAGTAGTA_SMC052	SMC052	Control
TCAGTGACACTATGTG_SMC052	SMC052	Control
TCAGTGACAGCACGAA_SMC033	SMC033	Control
TCAGTGACAGCGAACA_SMC030	SMC030	Control
TCAGTTTAGTCACTCA_SMC031	SMC031	Active control
TCAGTTTAGTCCCGGT_SMC049	SMC049	AD
TCAGTTTAGTCGCTAT_SMC031	SMC031	Active control
TCAGTTTCAAGGCGTA_SMC052	SMC052	Control
TCAGTTTGTAACAGTA_SMC043	SMC043	AD
TCAGTTTGTGGCTAGA_SMC033	SMC033	Control
TCAGTTTTCTCCAAGA_SMC031	SMC031	Active control
TCATAACAGCCCTTCA_PO23	PO23	Control
TCATACTAGCGCCTAC_SMC049	SMC049	AD
TCATACTGTCTTGGTA_SMC053	SMC053	Active control
TCATACTTCGCTAATG_SMC029	SMC029	AD
TCATACTTCTTAGCCC_SMC038	SMC038	AD
TCATATCAGAGTGGCT_SMC030	SMC030	Control
TCATATCAGCCTGCCA_SMC041	SMC041	AD
TCATATCAGCTGTACT_SMC030	SMC030	Control
TCATATCAGGATACGC_SMC035	SMC035	Active control
TCATATCCAGAGTGTG_SMC049	SMC049	AD
TCATATCCATCAGCGC_SMC052	SMC052	Control
TCATATCTCACCTCTG_SMC035	SMC035	Active control
TCATATCTCTAACACG_SMC052	SMC052	Control
TCATCATAGCATCCTA_SMC049	SMC049	AD
TCATCATAGGAGTATT_SMC049	SMC049	AD
TCATCATAGGGTGGGA_SMC031	SMC031	Active control
TCATCATCAAATGGTA_SMC036	SMC036	AD
TCATCATCAGGACTAG_SMC053	SMC053	Active control
TCATCATGTATCTCGA_SMC053	SMC053	Active control
TCATCATTCACCTGTC_SMC031	SMC031	Active control
TCATCATTCATTACTC_SMC043	SMC043	AD
TCATCATTCCTCACTG_SMC030	SMC030	Control
TCATCCGAGCAACTTC_SMC052	SMC052	Control
TCATCCGAGTCTAACC_SMC052	SMC052	Control
TCATCCGCACACCTGG_SMC053	SMC053	Active control
TCATCCGCACGAGAAC_SMC037	SMC037	Active control
TCATCCGCATTACTCT_SMC052	SMC052	Control
TCATCCGGTATGTCAC_SMC049	SMC049	AD
TCATCCGTCCGTCCTA_SMC052	SMC052	Control
TCATCCGTCGCACTCT_SMC027	SMC027	Control
TCATCCGTCGCGGACT_SMC030	SMC030	Control
TCATCTATCCACCTAT_PO23	PO23	Control
TCATGAGAGGGTGAAA_SMC033	SMC033	Control
TCATGAGCAAACACCT_SMC041	SMC041	AD
TCATGAGCAAATCAAG_SMC049	SMC049	AD
TCATGAGCAAGAGTGC_SMC035	SMC035	Active control
TCATGAGCACCAGTAT_SMC052	SMC052	Control
TCATGAGCACGCTTAA_SMC049	SMC049	AD
TCATGAGCATCGAGCC_SMC030	SMC030	Control
TCATGCCAGAGGCCAT_SMC049	SMC049	AD
TCATGCCAGTCGGCAA_SMC053	SMC053	Active control
TCATGCCCACGCTATA_SMC037	SMC037	Active control
TCATGCCCACGGTCTG_SMC041	SMC041	AD
TCATGCCGTTGCGGAA_SMC052	SMC052	Control
TCATGCCTCGATTCCC_SMC031	SMC031	Active control
TCATGCTTCACGGATC_PO20	PO20	Control
TCATGCTTCCTTGGTT_PO11	PO11	AD
TCATGGAAGCACAAAT_SMC052	SMC052	Control
TCATGGACAACAAGTA_SMC052	SMC052	Control
TCATGGACAATTCACG_SMC035	SMC035	Active control
TCATGGAGTCGGAAAC_SMC038	SMC038	AD
TCATGGAGTTCATCTT_SMC052	SMC052	Control
TCATGGATCAGGTTCA_PO05	PO05	AD
TCATGTTCACTTTAGG_SMC033	SMC033	Control
TCATGTTCATGCCGAC_SMC052	SMC052	Control
TCATGTTGTCAAATCC_SMC041	SMC041	AD
TCATGTTTCCATCTAT_SMC049	SMC049	AD
TCATGTTTCGAATCCA_SMC038	SMC038	AD
TCATGTTTCTAGCCAA_SMC036	SMC036	AD
TCATTACAGAAGAACG_SMC041	SMC041	AD
TCATTACAGCGCCTAC_SMC033	SMC033	Control
TCATTACAGTGCACCC_SMC035	SMC035	Active control
TCATTACCACTCACTC_SMC052	SMC052	Control
TCATTACCAGGCATTT_SMC049	SMC049	AD
TCATTACCATCTCATT_SMC037	SMC037	Active control
TCATTACGTACTAGCT_SMC038	SMC038	AD
TCATTACGTGGAACAC_SMC038	SMC038	AD
TCATTACTCCGTTGGG_SMC038	SMC038	AD
TCATTACTCGTTATCT_SMC037	SMC037	Active control
TCATTCAAGTGGGAAA_SMC053	SMC053	Active control
TCATTCAGTGCAGATG_SMC037	SMC037	Active control
TCATTCAGTTCAGGTT_SMC049	SMC049	AD
TCATTCAGTTGGACTT_SMC052	SMC052	Control
TCATTCAGTTGTTGCA_SMC038	SMC038	AD
TCATTGCTCACGTTGA_PO42	PO42	AD
TCATTGCTCCATGAGC_PO20	PO20	Control
TCATTGCTCCTTGATC_PO23	PO23	Control
TCATTGTAGGTGGGTT_SMC052	SMC052	Control
TCATTGTCACAACGTT_SMC052	SMC052	Control
TCATTGTCACAATTCG_SMC052	SMC052	Control
TCATTGTCAGCCTACG_SMC035	SMC035	Active control
TCATTGTGTAGTGATA_SMC053	SMC053	Active control
TCATTGTGTCATCACA_SMC041	SMC041	AD
TCATTGTTCCCTATTA_SMC052	SMC052	Control
TCATTGTTCTGGAAGG_SMC031	SMC031	Active control
TCATTTGAGCGGGTTA_SMC033	SMC033	Control
TCATTTGAGGCTATCT_SMC032	SMC032	AD
TCATTTGAGTGCCGAA_SMC030	SMC030	Control
TCATTTGAGTGGAAGA_SMC038	SMC038	AD
TCATTTGTCGGAGCAA_SMC038	SMC038	AD
TCATTTGTCTCTCAAT_SMC052	SMC052	Control
TCCAAGGCACCTCGAT_PO23	PO23	Control
TCCAATGAGTTGCGGT_PO42	PO42	AD
TCCACCAAGTACAACA_SMC038	SMC038	AD
TCCACCACACGTATAC_SMC052	SMC052	Control
TCCACCAGTAGTAAGT_SMC030	SMC030	Control
TCCACCAGTATTGGCT_SMC033	SMC033	Control
TCCACCAGTCGAATGG_SMC052	SMC052	Control
TCCACCATCAGCCAGT_PO42	PO42	AD
TCCACCATCGATGTCA_PO05	PO05	AD
TCCACCATCGTTTACT_SMC052	SMC052	Control
TCCACCGCAATACAGC_PO23	PO23	Control
TCCACCGCATCCTGCG_PO15	PO15	Control
TCCACCTGTGCAACCC_PO41	PO41	AD
TCCACGTAGGAATCGC_SMC037	SMC037	Active control
TCCACGTAGGCTCTAT_SMC029	SMC029	AD
TCCACGTAGGGTGAAA_SMC052	SMC052	Control
TCCACGTAGTATAACG_SMC038	SMC038	AD
TCCACGTAGTTCGCAT_SMC052	SMC052	Control
TCCACGTCAATAAGGT_SMC049	SMC049	AD
TCCACGTCAGATCACT_SMC030	SMC030	Control
TCCACGTCAGTGTGGA_SMC038	SMC038	AD
TCCACGTGTTGCATTG_SMC033	SMC033	Control
TCCACGTTCGTTCTCG_SMC052	SMC052	Control
TCCACGTTCTATTTCG_SMC030	SMC030	Control
TCCAGAAAGAGTATAC_SMC038	SMC038	AD
TCCAGAAAGTCTAGCT_SMC038	SMC038	AD
TCCAGAAAGTTGTACC_SMC035	SMC035	Active control
TCCAGAACAAGACGGT_SMC033	SMC033	Control
TCCAGAACAGAGTTCT_SMC052	SMC052	Control
TCCAGAACATTCATCT_SMC053	SMC053	Active control
TCCAGAAGTCGGCCTA_SMC032	SMC032	AD
TCCAGAAGTCGTACAT_SMC052	SMC052	Control
TCCAGAAGTGACGTCC_SMC030	SMC030	Control
TCCAGAAGTGGATGAC_SMC052	SMC052	Control
TCCAGAAGTTAGAAAC_SMC052	SMC052	Control
TCCAGAATCAGTCATG_SMC052	SMC052	Control
TCCAGAATCTCATTTG_SMC038	SMC038	AD
TCCAGGCGTAGTTAGG_PO42	PO42	AD
TCCATAAGTTTGCCCT_PO23	PO23	Control
TCCATCACAGTTGGAT_PO42	PO42	AD
TCCATCCGTGCAGCTC_PO13	PO13	Control
TCCATCGAGAAACCAT_SMC033	SMC033	Control
TCCATCGAGACCTGGA_SMC049	SMC049	AD
TCCATCGCATAGGTAA_SMC052	SMC052	Control
TCCATCGCATGGATCT_SMC030	SMC030	Control
TCCATCGGTATCACGT_SMC035	SMC035	Active control
TCCATCGTCCTGTAAG_SMC053	SMC053	Active control
TCCATCGTCGCTGATA_SMC030	SMC030	Control
TCCATGAAGGGCTCAT_PO11	PO11	AD
TCCATGCAGTAGTGCG_SMC035	SMC035	Active control
TCCATGCGTAGCGCTC_SMC029	SMC029	AD
TCCATGCGTCCGACGT_SMC035	SMC035	Active control
TCCATGCTCCTCTGCA_SMC041	SMC041	AD
TCCATGCTCGTGCATA_SMC052	SMC052	Control
TCCATGCTCTGTCTCG_SMC038	SMC038	AD
TCCATGGGTTCGGTCA_PO42	PO42	AD
TCCATTCAGGTACATT_PO23	PO23	Control
TCCATTCAGGTCGATC_PO23	PO23	Control
TCCCAAGGTTGGCCTA_PO11	PO11	AD
TCCCACAAGACCACGA_SMC033	SMC033	Control
TCCCACAAGCTGAGCA_SMC041	SMC041	AD
TCCCACAAGGTACAGC_SMC052	SMC052	Control
TCCCACAAGTGGTGAC_SMC052	SMC052	Control
TCCCACACAGCACAAG_SMC052	SMC052	Control
TCCCACAGTACCCGCA_SMC033	SMC033	Control
TCCCACAGTGAATTAG_SMC049	SMC049	AD
TCCCACAGTTGTCTAG_SMC035	SMC035	Active control
TCCCACATCTAGGCCG_SMC035	SMC035	Active control
TCCCAGCTCCTCATTA_PO23	PO23	Control
TCCCAGCTCCTTCACG_PO05	PO05	AD
TCCCAGCTCTAGTTCC_PO11	PO11	AD
TCCCAGTAGTGAGCCA_SMC049	SMC049	AD
TCCCAGTAGTGCACTT_SMC033	SMC033	Control
TCCCAGTCACTGGCCA_SMC033	SMC033	Control
TCCCAGTCAGATCCTA_SMC030	SMC030	Control
TCCCAGTGTACAAGCG_SMC033	SMC033	Control
TCCCAGTGTCGAGATG_SMC035	SMC035	Active control
TCCCAGTTCCCTTGTG_SMC049	SMC049	AD
TCCCATGAGGCAGGTT_SMC030	SMC030	Control
TCCCATGCAATACCTG_SMC053	SMC053	Active control
TCCCATGCAGGTCAAG_SMC033	SMC033	Control
TCCCATGCATTGAAGA_SMC052	SMC052	Control
TCCCATGGTATAATGG_SMC038	SMC038	AD
TCCCATGGTTCATCTT_SMC037	SMC037	Active control
TCCCATGGTTCTATCT_SMC049	SMC049	AD
TCCCATGTCCTACCAC_SMC049	SMC049	AD
TCCCATGTCGCAACAT_SMC035	SMC035	Active control
TCCCCTAAGGTACTAT_PO05	PO05	AD
TCCCGAAGTTAGGGAC_PO42	PO42	AD
TCCCTAACAGTAAGCT_PO15	PO15	Control
TCCCTTGAGCGCCTCT_PO11	PO11	AD
TCCGAAAAGCGAGAAA_SMC052	SMC052	Control
TCCGAAACAAGGCCTC_SMC049	SMC049	AD
TCCGAAACACATAACC_SMC032	SMC032	AD
TCCGAAACACATGTTG_SMC052	SMC052	Control
TCCGAAAGTAACCCTA_SMC036	SMC036	AD
TCCGAAAGTCACTTCC_SMC053	SMC053	Active control
TCCGAAATCTATGTGG_SMC052	SMC052	Control
TCCGAAATCTTCCCAG_SMC053	SMC053	Active control
TCCGATCAGAGTAACT_SMC052	SMC052	Control
TCCGATCAGGCGAACT_SMC032	SMC032	AD
TCCGATCGTTGTTGAC_SMC033	SMC033	Control
TCCGATCTCATTCGTT_SMC032	SMC032	AD
TCCGATCTCGGCTTGG_SMC033	SMC033	Control
TCCGATCTCTCGGCTT_SMC053	SMC053	Active control
TCCGGGAAGCATACTC_SMC031	SMC031	Active control
TCCGGGAAGCGCCGTT_SMC030	SMC030	Control
TCCGGGAAGCGGTAGT_SMC038	SMC038	AD
TCCGGGAAGCTAGTTC_SMC052	SMC052	Control
TCCGGGAAGGGTTAGC_SMC027	SMC027	Control
TCCGGGACAAGCGGAT_SMC052	SMC052	Control
TCCGGGACAGCACAGA_SMC037	SMC037	Active control
TCCGGGACATGAGATA_SMC027	SMC027	Control
TCCGGGAGTCATAGTC_SMC049	SMC049	AD
TCCGGGAGTGTTGAGG_SMC030	SMC030	Control
TCCGGGAGTTGTTTGG_SMC035	SMC035	Active control
TCCGGGATCAAGCCGC_SMC053	SMC053	Active control
TCCGGGATCATGACAC_SMC033	SMC033	Control
TCCGGGATCCTCAGGG_SMC035	SMC035	Active control
TCCGTGTCAATTGCCA_SMC052	SMC052	Control
TCCGTGTCATAACAGA_SMC033	SMC033	Control
TCCGTGTCATTGTAGC_SMC049	SMC049	AD
TCCGTGTGTATTGGCT_SMC030	SMC030	Control
TCCGTGTGTTGAGAGC_SMC033	SMC033	Control
TCCGTGTTCCGATCTC_SMC038	SMC038	AD
TCCTAATAGAATTCAG_SMC049	SMC049	AD
TCCTAATAGCGACATG_SMC033	SMC033	Control
TCCTAATAGCTCGGCT_SMC053	SMC053	Active control
TCCTAATCATGGCTCT_PO23	PO23	Control
TCCTAATGTTGAAGTA_SMC052	SMC052	Control
TCCTAATGTTTCGCTC_SMC053	SMC053	Active control
TCCTAATTCGTAGTCA_SMC033	SMC033	Control
TCCTAGAAGATTCCTC_PO11	PO11	AD
TCCTATATCCGCACAG_PO23	PO23	Control
TCCTATTGTAGCTGGG_PO42	PO42	AD
TCCTATTGTCAGGCTC_PO11	PO11	AD
TCCTCAACATAACTTC_PO11	PO11	AD
TCCTCCCAGACGACGT_SMC030	SMC030	Control
TCCTCCCCATCCGGCA_SMC030	SMC030	Control
TCCTCCCGTACAGGTG_SMC032	SMC032	AD
TCCTCCCGTCCAGCCA_SMC052	SMC052	Control
TCCTCCCGTCTCAGGC_SMC038	SMC038	AD
TCCTCCCTCCGGCAAC_SMC035	SMC035	Active control
TCCTCGAAGAGTTGAT_SMC053	SMC053	Active control
TCCTCGAAGGACAGTC_SMC049	SMC049	AD
TCCTCGACACGTACTA_SMC035	SMC035	Active control
TCCTCGACACTAGGTT_SMC037	SMC037	Active control
TCCTCGAGTATACCCA_SMC030	SMC030	Control
TCCTCGAGTTGCCGAC_SMC052	SMC052	Control
TCCTCGATCATAGGCT_SMC027	SMC027	Control
TCCTCGATCCCGGTAG_SMC035	SMC035	Active control
TCCTCGATCTAGTGAC_SMC038	SMC038	AD
TCCTCGATCTGACAGT_SMC053	SMC053	Active control
TCCTCTTAGCATCCTA_SMC052	SMC052	Control
TCCTCTTAGGGACTGT_SMC035	SMC035	Active control
TCCTCTTCAACCGACC_SMC049	SMC049	AD
TCCTCTTCACGAGGAT_SMC031	SMC031	Active control
TCCTCTTCAGCTTCGG_SMC039	SMC039	AD
TCCTCTTTCACCTACC_SMC052	SMC052	Control
TCCTCTTTCCCTTGGT_SMC031	SMC031	Active control
TCCTCTTTCGCAGTTA_SMC033	SMC033	Control
TCCTCTTTCGGAGTAG_SMC052	SMC052	Control
TCCTCTTTCGTTAGAC_SMC049	SMC049	AD
TCCTCTTTCTAATTCC_SMC052	SMC052	Control
TCCTGCAAGACAACTA_SMC038	SMC038	AD
TCCTGCAAGGACGCTA_SMC049	SMC049	AD
TCCTGCACAAGCGCTC_SMC031	SMC031	Active control
TCCTGCAGTACTTCCC_SMC035	SMC035	Active control
TCCTGCAGTATTTCCT_SMC053	SMC053	Active control
TCCTGCAGTTGTTGCA_SMC052	SMC052	Control
TCCTGCATCATTACTC_SMC041	SMC041	AD
TCCTGCATCCACTTCG_SMC053	SMC053	Active control
TCCTGCATCCCGTGTT_SMC035	SMC035	Active control
TCCTGCATCGCTAAAC_SMC049	SMC049	AD
TCCTGTTAGGGCTTAC_PO11	PO11	AD
TCCTTAATCTGTCATC_PO11	PO11	AD
TCCTTCTAGCGTTAGG_SMC038	SMC038	AD
TCCTTCTAGGAACGAA_SMC052	SMC052	Control
TCCTTCTAGGATTCAA_SMC052	SMC052	Control
TCCTTCTAGGTCGCCT_SMC036	SMC036	AD
TCCTTCTGTATCCCAA_SMC049	SMC049	AD
TCCTTCTGTCGCCACA_SMC030	SMC030	Control
TCCTTCTGTTTAAGGA_SMC027	SMC027	Control
TCCTTCTTCCATCAGA_SMC033	SMC033	Control
TCCTTCTTCCTTCTAA_SMC039	SMC039	AD
TCCTTCTTCGAGATGG_SMC036	SMC036	AD
TCCTTCTTCTATTCGT_SMC033	SMC033	Control
TCCTTCTTCTGCATAG_SMC052	SMC052	Control
TCCTTGGTCCATAGTG_PO41	PO41	AD
TCCTTTCAGACAACTA_SMC049	SMC049	AD
TCCTTTCAGACATCCT_SMC049	SMC049	AD
TCCTTTCAGTCAGGGT_SMC033	SMC033	Control
TCCTTTCAGTTCATGC_SMC037	SMC037	Active control
TCCTTTCCACTTGAAC_SMC049	SMC049	AD
TCCTTTCCAGATACTC_SMC030	SMC030	Control
TCCTTTCCAGCGTATT_SMC052	SMC052	Control
TCCTTTCGTAATACCC_SMC037	SMC037	Active control
TCCTTTCGTTGCGGCT_SMC049	SMC049	AD
TCCTTTCTCCTTTAGT_SMC049	SMC049	AD
TCCTTTGGTTAAGCTC_PO11	PO11	AD
TCCTTTGGTTCTGGAT_PO23	PO23	Control
TCGAACAAGCGACTTT_SMC029	SMC029	AD
TCGAACAAGCGTATAA_SMC035	SMC035	Active control
TCGAACACACAAAGCG_SMC049	SMC049	AD
TCGAACACACAAAGCG_SMC052	SMC052	Control
TCGAACAGTACCGGCT_SMC049	SMC049	AD
TCGAACAGTCGCACGT_SMC052	SMC052	Control
TCGAACATCAACTTTC_SMC038	SMC038	AD
TCGAACATCGTCTCAC_SMC033	SMC033	Control
TCGAACATCTACGCGG_SMC052	SMC052	Control
TCGAACATCTGAATCG_SMC033	SMC033	Control
TCGAAGTAGCAAATGT_SMC052	SMC052	Control
TCGAAGTAGGTCTACT_SMC038	SMC038	AD
TCGAAGTCAAGTGATA_SMC032	SMC032	AD
TCGAAGTCACCATAAC_SMC037	SMC037	Active control
TCGAAGTCAGACACCC_SMC037	SMC037	Active control
TCGAAGTCAGGCGAAT_SMC033	SMC033	Control
TCGAAGTCATAGCACT_SMC033	SMC033	Control
TCGAAGTGTTCCAGGC_SMC038	SMC038	AD
TCGAATTAGCATAGGG_PO41	PO41	AD
TCGACCTAGACCAGAC_SMC038	SMC038	AD
TCGACCTCATCCGGTG_SMC038	SMC038	AD
TCGACCTCATGGCTGC_SMC049	SMC049	AD
TCGACCTTCATTACTC_SMC030	SMC030	Control
TCGACCTTCCGTACGG_SMC052	SMC052	Control
TCGACGGAGAGTGAAG_SMC033	SMC033	Control
TCGACGGAGATTAGAC_SMC049	SMC049	AD
TCGACGGAGGAGCAAA_SMC053	SMC053	Active control
TCGACGGAGGATATGT_SMC031	SMC031	Active control
TCGACGGCAACAAAGT_SMC030	SMC030	Control
TCGACGGCACCCTTAC_SMC030	SMC030	Control
TCGACGGCAGAGAATT_SMC052	SMC052	Control
TCGACGGCATCCTGTC_SMC049	SMC049	AD
TCGACGGCATGATAGA_SMC032	SMC032	AD
TCGACGGTCGATCCCT_SMC038	SMC038	AD
TCGACGGTCGCTAGCG_SMC049	SMC049	AD
TCGACTAAGGATGCGA_PO05	PO05	AD
TCGATCAAGTTAGGTT_PO11	PO11	AD
TCGATTGAGCGAGAGC_PO20	PO20	Control
TCGATTGAGGGGATCA_PO23	PO23	Control
TCGATTTAGCCTCATA_SMC052	SMC052	Control
TCGATTTAGGCACGAT_SMC049	SMC049	AD
TCGATTTAGTGCTCGC_SMC035	SMC035	Active control
TCGATTTCAAACGAGC_SMC027	SMC027	Control
TCGATTTCACTCACTC_SMC041	SMC041	AD
TCGATTTCAGGTCCCA_SMC029	SMC029	AD
TCGATTTGTTTGGAGG_SMC052	SMC052	Control
TCGATTTTCCCAGTGG_SMC030	SMC030	Control
TCGATTTTCCGTGGGT_SMC033	SMC033	Control
TCGATTTTCCTGTAAG_SMC052	SMC052	Control
TCGATTTTCGCGTCGA_SMC038	SMC038	AD
TCGCACCTCCATCTGT_PO20	PO20	Control
TCGCACCTCTGGTCCC_PO23	PO23	Control
TCGCACTAGAATCTAG_SMC049	SMC049	AD
TCGCACTAGCCATATC_SMC053	SMC053	Active control
TCGCACTAGTCTCCTC_SMC052	SMC052	Control
TCGCACTGTACAGTCT_SMC031	SMC031	Active control
TCGCACTGTAGGCTCC_SMC029	SMC029	AD
TCGCACTGTCGCGTCA_SMC041	SMC041	AD
TCGCACTGTCTACGAT_SMC043	SMC043	AD
TCGCACTGTTCCGCGA_SMC036	SMC036	AD
TCGCACTGTTTACGAC_SMC052	SMC052	Control
TCGCACTTCATGCAGT_SMC033	SMC033	Control
TCGCACTTCATGCTAG_SMC033	SMC033	Control
TCGCACTTCGGTGCAC_SMC049	SMC049	AD
TCGCACTTCTCGCGTT_SMC049	SMC049	AD
TCGCAGGAGAGTCACG_SMC035	SMC035	Active control
TCGCAGGCAAGAGCTG_SMC053	SMC053	Active control
TCGCAGGCATCCAACA_SMC039	SMC039	AD
TCGCAGGGTCCTACAA_SMC033	SMC033	Control
TCGCATAAGGTCATAT_PO11	PO11	AD
TCGCCTATCTAGTCTC_PO23	PO23	Control
TCGCCTTGTCAATCTA_PO23	PO23	Control
TCGCGCAAGTAGCCAC_PO23	PO23	Control
TCGCTCAAGTAAACAC_SMC038	SMC038	AD
TCGCTCACAATCCAGT_SMC053	SMC053	Active control
TCGCTCACAGCATCTA_SMC031	SMC031	Active control
TCGCTCACATGCCGCA_SMC041	SMC041	AD
TCGCTCAGTATTTCGG_SMC041	SMC041	AD
TCGCTCAGTCATCACA_SMC038	SMC038	AD
TCGCTCATCCCTTGGT_SMC041	SMC041	AD
TCGCTCATCGAGTCTA_SMC031	SMC031	Active control
TCGCTCTGTTGCAGTT_PO05	PO05	AD
TCGCTGCTCCGTCATT_PO05	PO05	AD
TCGCTTACATCGCTGT_PO11	PO11	AD
TCGCTTGAGACGCATG_SMC033	SMC033	Control
TCGCTTGAGCATAGGC_SMC053	SMC053	Active control
TCGCTTGCAAGAAATC_SMC049	SMC049	AD
TCGCTTGCACTTACAG_SMC052	SMC052	Control
TCGCTTGCAGTTACCA_SMC041	SMC041	AD
TCGCTTGGTATGTGTC_SMC030	SMC030	Control
TCGCTTGGTTACGATC_SMC053	SMC053	Active control
TCGCTTGTCAAATGAG_SMC036	SMC036	AD
TCGCTTGTCAGTCCGG_SMC035	SMC035	Active control
TCGCTTGTCGATCCAA_SMC037	SMC037	Active control
TCGCTTGTCTCTTCAA_SMC052	SMC052	Control
TCGGATACAATCGCAT_SMC035	SMC035	Active control
TCGGATACATACAGAA_SMC053	SMC053	Active control
TCGGATACATCTCCCA_SMC037	SMC037	Active control
TCGGATAGTAACGGTG_SMC033	SMC033	Control
TCGGATAGTGAACTAA_SMC035	SMC035	Active control
TCGGCAACATTCATGT_PO05	PO05	AD
TCGGGACAGACGCAGT_SMC052	SMC052	Control
TCGGGACAGACTCTAC_SMC052	SMC052	Control
TCGGGACAGCGTGTCC_SMC029	SMC029	AD
TCGGGACCAAGGCTTT_SMC038	SMC038	AD
TCGGGACCACTCAGAT_SMC049	SMC049	AD
TCGGGACCATCGCTGG_SMC033	SMC033	Control
TCGGGACGTTATGTCG_SMC033	SMC033	Control
TCGGGCACAAGAGAGA_SMC053	SMC053	Active control
TCGGGCAGTTACCCAA_SMC032	SMC032	AD
TCGGGCAGTTTGTGGT_SMC052	SMC052	Control
TCGGGCATCAATCTCC_PO05	PO05	AD
TCGGGTGGTACAGTCT_SMC035	SMC035	Active control
TCGGGTGGTAGATGTA_SMC052	SMC052	Control
TCGGGTGGTCAGTTTG_SMC049	SMC049	AD
TCGGGTGGTCTCAAGT_SMC038	SMC038	AD
TCGGGTGGTGGACTGA_SMC053	SMC053	Active control
TCGGGTGGTGTTACAC_SMC035	SMC035	Active control
TCGGGTGTCAACTTTC_SMC035	SMC035	Active control
TCGGGTGTCCATACAG_SMC035	SMC035	Active control
TCGGGTGTCCGAGAAG_SMC053	SMC053	Active control
TCGGGTGTCGTCCTTG_SMC035	SMC035	Active control
TCGGTATGTCAGTATC_PO15	PO15	Control
TCGGTATGTCTCCATC_PO23	PO23	Control
TCGGTATGTTTGGAGA_PO15	PO15	Control
TCGGTCAGTTCGCTTC_PO42	PO42	AD
TCGGTCTAGAGTGAAG_SMC033	SMC033	Control
TCGGTCTAGGACAGCT_SMC052	SMC052	Control
TCGGTCTAGTATCCTG_SMC052	SMC052	Control
TCGGTCTCAGCGCGTT_SMC038	SMC038	AD
TCGGTCTCAGCGTGCT_SMC038	SMC038	AD
TCGGTCTGTCGTTATG_SMC052	SMC052	Control
TCGGTCTGTCTGCAAT_SMC052	SMC052	Control
TCGGTCTGTGAGATAT_SMC052	SMC052	Control
TCGGTCTGTGTTTGCA_SMC049	SMC049	AD
TCGGTCTTCTGAGATC_SMC053	SMC053	Active control
TCGGTTGGTAATCGTC_PO42	PO42	AD
TCGTAGAAGATTACCC_SMC049	SMC049	AD
TCGTAGACAAGTACCT_SMC033	SMC033	Control
TCGTAGACAATTCGTG_SMC033	SMC033	Control
TCGTAGACACTTCAAG_SMC041	SMC041	AD
TCGTAGAGTATCGAAA_SMC033	SMC033	Control
TCGTATAGTTCCGGGT_PO11	PO11	AD
TCGTCATTCATGGCGT_PO42	PO42	AD
TCGTCCAAGACCAAGC_SMC032	SMC032	AD
TCGTCCAAGAGGTTTA_SMC052	SMC052	Control
TCGTCCAAGCATCCTA_SMC030	SMC030	Control
TCGTCCAAGGATGTTA_SMC039	SMC039	AD
TCGTCCACAAGCTACT_SMC052	SMC052	Control
TCGTCCACACGACTAT_SMC053	SMC053	Active control
TCGTCCACAGACCATT_SMC049	SMC049	AD
TCGTCCAGTGAAAGTT_SMC041	SMC041	AD
TCGTCCATCCGTATGA_SMC053	SMC053	Active control
TCGTCCATCCTCTACG_PO23	PO23	Control
TCGTGATGTATAGCTC_PO42	PO42	AD
TCGTGCTAGCGACATG_SMC052	SMC052	Control
TCGTGCTCAATATCCG_SMC033	SMC033	Control
TCGTGCTCACATGAAA_SMC053	SMC053	Active control
TCGTGCTCACCTATCC_SMC052	SMC052	Control
TCGTGCTCAGGGCTTC_SMC053	SMC053	Active control
TCGTGCTGTCTGTAGT_SMC039	SMC039	AD
TCGTGCTGTCTTACAG_SMC052	SMC052	Control
TCGTGCTTCCAAGCTA_SMC052	SMC052	Control
TCGTGCTTCCCTGGTT_SMC053	SMC053	Active control
TCGTGCTTCCTTGAAG_SMC035	SMC035	Active control
TCGTGGACACCTTGCG_PO23	PO23	Control
TCGTGGGAGGCTGAAC_SMC052	SMC052	Control
TCGTGGGGTTGGGTTT_SMC030	SMC030	Control
TCGTGGGTCAAGCTTG_SMC038	SMC038	AD
TCGTGGGTCCGGTAAT_SMC043	SMC043	AD
TCGTGGGTCTATCGGA_SMC031	SMC031	Active control
TCGTTAAGTTCCGGGT_PO05	PO05	AD
TCGTTGAAGCGAGTAG_PO20	PO20	Control
TCGTTGGGTATGGTGA_PO42	PO42	AD
TCTAACCTCAGGCTTA_PO15	PO15	Control
TCTAACTAGAAGTATC_SMC035	SMC035	Active control
TCTAACTCAAATGGCG_SMC039	SMC039	AD
TCTAACTGTAATTAGG_SMC030	SMC030	Control
TCTAACTGTCATCGGC_SMC052	SMC052	Control
TCTAACTGTGCTGCAC_SMC049	SMC049	AD
TCTAACTTCAGACCTA_SMC049	SMC049	AD
TCTAACTTCGTCTAAG_SMC052	SMC052	Control
TCTAAGGTCCGGGTTG_PO41	PO41	AD
TCTAATCCAGGCAGCT_PO28	PO28	AD
TCTAATGGTGAGCCGA_PO15	PO15	Control
TCTACAAGTTCGTGTG_PO23	PO23	Control
TCTACATAGACCATTC_SMC032	SMC032	AD
TCTACATCAAGCCGTA_PO05	PO05	AD
TCTACATCAATGGAGA_PO42	PO42	AD
TCTACATCAGCAGTAG_SMC035	SMC035	Active control
TCTACATCATGCTTCA_PO11	PO11	AD
TCTACATGTACTAACC_SMC030	SMC030	Control
TCTACATGTGGAATGC_SMC052	SMC052	Control
TCTACATGTGTCTTAG_SMC052	SMC052	Control
TCTACATTCATGCCGG_SMC052	SMC052	Control
TCTACATTCCCACAGG_SMC033	SMC033	Control
TCTACATTCGTGACTA_SMC032	SMC032	AD
TCTACCGAGAGTGGCT_SMC049	SMC049	AD
TCTACCGAGTTTGCTG_SMC039	SMC039	AD
TCTACCGCAACTACGT_SMC031	SMC031	Active control
TCTACCGCACAAGCTT_SMC043	SMC043	AD
TCTACCGCATACAGGG_SMC029	SMC029	AD
TCTACCGCATGGTGGA_SMC035	SMC035	Active control
TCTACCGGTACTCCCT_SMC052	SMC052	Control
TCTACCGGTGATCATC_SMC049	SMC049	AD
TCTACCGGTGTCATTG_SMC033	SMC033	Control
TCTACCGTCAGACCCG_SMC049	SMC049	AD
TCTACCGTCATCGTAG_SMC033	SMC033	Control
TCTACCGTCGAACTCA_SMC052	SMC052	Control
TCTACCGTCGAAGAAT_SMC049	SMC049	AD
TCTACTTGTTGTCTGG_PO23	PO23	Control
TCTAGCGGTTGCCTGA_PO20	PO20	Control
TCTATACAGCCGTTAT_SMC030	SMC030	Control
TCTATACAGCGCTGCT_SMC031	SMC031	Active control
TCTATACAGGTGCCTC_SMC049	SMC049	AD
TCTATACAGTTGCTGT_SMC053	SMC053	Active control
TCTATACCACAGTCAT_SMC053	SMC053	Active control
TCTATACCAGCGTGCT_SMC033	SMC033	Control
TCTATACCATGATGCT_SMC031	SMC031	Active control
TCTATACGTGATAGTA_SMC049	SMC049	AD
TCTATACTCAATCCGA_SMC035	SMC035	Active control
TCTATCAAGCTGTTAC_SMC039	SMC039	AD
TCTATCAAGTCACAGG_SMC030	SMC030	Control
TCTATCACAAAGGGCT_SMC033	SMC033	Control
TCTATCACAGAATCGG_SMC033	SMC033	Control
TCTATCAGTATTGCCA_SMC030	SMC030	Control
TCTATCAGTCGTTCAA_SMC029	SMC029	AD
TCTATCATCAGAATAG_SMC033	SMC033	Control
TCTATCATCATCGTAG_SMC035	SMC035	Active control
TCTATCATCCCATTCG_SMC049	SMC049	AD
TCTATCATCCGATCTC_SMC052	SMC052	Control
TCTATCATCGCCGTGA_SMC049	SMC049	AD
TCTATCATCGTGGTAT_SMC049	SMC049	AD
TCTATCTGTCCATCCT_PO11	PO11	AD
TCTATTGTCATCTAGG_PO23	PO23	Control
TCTCAATCAAGGGAAC_PO05	PO05	AD
TCTCACGAGTTGTCGT_SMC052	SMC052	Control
TCTCACGCACAAATAG_SMC052	SMC052	Control
TCTCACGCACCTTCGT_SMC049	SMC049	AD
TCTCACGCACGGAAGT_SMC052	SMC052	Control
TCTCACGGTTCCTAAG_SMC035	SMC035	Active control
TCTCACGTCAAGAGTA_SMC053	SMC053	Active control
TCTCACGTCCCGATCT_SMC053	SMC053	Active control
TCTCACGTCGAAGCAG_SMC052	SMC052	Control
TCTCACGTCGGACTGC_SMC049	SMC049	AD
TCTCACGTCTGCGGGT_SMC053	SMC053	Active control
TCTCAGCCAAGCAATA_SMC049	SMC049	AD
TCTCAGCCACATTCGA_SMC038	SMC038	AD
TCTCAGCCACTCCGGA_SMC053	SMC053	Active control
TCTCAGCCAGAGAGGG_SMC052	SMC052	Control
TCTCAGCCATAATCCG_SMC033	SMC033	Control
TCTCAGCTCCATCTCG_SMC052	SMC052	Control
TCTCAGCTCCTTATAC_SMC043	SMC043	AD
TCTCCAACAATGCCAG_PO42	PO42	AD
TCTCCAACACAGCGAC_PO23	PO23	Control
TCTCCATAGGCAAGTG_PO42	PO42	AD
TCTCCCAAGTGATGGG_PO42	PO42	AD
TCTCCGAAGAATGTTG_SMC052	SMC052	Control
TCTCCGAAGCTTCTAG_SMC052	SMC052	Control
TCTCCGAAGGACCCAA_SMC049	SMC049	AD
TCTCCGAAGGATTTAG_SMC049	SMC049	AD
TCTCCGAAGGTAGTAT_SMC053	SMC053	Active control
TCTCCGACAAACAGGC_SMC033	SMC033	Control
TCTCCGACACACGCCA_SMC049	SMC049	AD
TCTCCGACACTTCAGA_SMC031	SMC031	Active control
TCTCCGACAGCTATAC_SMC049	SMC049	AD
TCTCCGACAGGCACTC_SMC038	SMC038	AD
TCTCCGAGTGGTCCCA_SMC052	SMC052	Control
TCTCCGAGTTTCACTT_SMC049	SMC049	AD
TCTCCGATCCATAAGC_SMC033	SMC033	Control
TCTCCGATCGGCATCG_SMC032	SMC032	AD
TCTCCGATCGGTCATA_SMC037	SMC037	Active control
TCTCCGATCGTCCTCA_SMC041	SMC041	AD
TCTCGCATCCTTCATA_PO23	PO23	Control
TCTCGCGCAACCCTGT_PO20	PO20	Control
TCTCGTTAGCATATCG_PO23	PO23	Control
TCTCGTTAGCGAAGCA_PO20	PO20	Control
TCTCTAGCACAGGCGT_PO23	PO23	Control
TCTCTGGCAAATGGCG_SMC033	SMC033	Control
TCTCTGGCACAGCCAC_SMC049	SMC049	AD
TCTCTGGCACAGTCCG_SMC052	SMC052	Control
TCTCTGGGTAGTCGTT_SMC031	SMC031	Active control
TCTCTGGGTCACGCTG_SMC052	SMC052	Control
TCTCTGGGTGTATTCG_SMC052	SMC052	Control
TCTCTGGGTGTGCTTA_SMC052	SMC052	Control
TCTCTGGGTGTTGATC_SMC052	SMC052	Control
TCTCTGGTCCCGTTCA_PO28	PO28	AD
TCTCTGGTCCGTCACT_SMC052	SMC052	Control
TCTCTGGTCGCATACA_PO11	PO11	AD
TCTCTGGTCTACCACC_SMC038	SMC038	AD
TCTCTGGTCTCCGAAA_SMC035	SMC035	Active control
TCTGACTTCCACCTCA_PO05	PO05	AD
TCTGCAGGTGAGCCGA_PO11	PO11	AD
TCTGCCAAGACTGTTC_SMC049	SMC049	AD
TCTGCCAAGCATAGGC_SMC033	SMC033	Control
TCTGCCAAGCCTATCA_SMC038	SMC038	AD
TCTGCCAAGCTTTCTT_SMC049	SMC049	AD
TCTGCCACAAACTCTG_SMC039	SMC039	AD
TCTGCCACAAGTTGGG_SMC038	SMC038	AD
TCTGCCACACTGTGAT_SMC049	SMC049	AD
TCTGCCAGTAGCTTTG_SMC049	SMC049	AD
TCTGCCAGTCGCAGTC_SMC052	SMC052	Control
TCTGCCATCAGGAAAT_SMC036	SMC036	AD
TCTGCCATCCGCTTAC_SMC041	SMC041	AD
TCTGCCATCTATCGGA_SMC049	SMC049	AD
TCTGCGGAGGAATTGA_PO20	PO20	Control
TCTGGCTCAACATCCC_PO11	PO11	AD
TCTGGCTCACGAAAGC_SMC035	SMC035	Active control
TCTGGCTCATAATCTC_PO42	PO42	AD
TCTGGCTCATCACGTC_PO11	PO11	AD
TCTGGCTCATTGACTG_SMC053	SMC053	Active control
TCTGGCTGTCCGAAAG_SMC030	SMC030	Control
TCTGGCTGTCCTCCTA_SMC052	SMC052	Control
TCTGGCTGTGGCCCAT_SMC038	SMC038	AD
TCTGGCTGTTGACGGA_SMC049	SMC049	AD
TCTGGCTTCCCTCTTT_SMC036	SMC036	AD
TCTGGGGTCACTGGCG_PO20	PO20	Control
TCTGGGGTCACTGGCG_PO23	PO23	Control
TCTGGGTAGGATCCGT_PO20	PO20	Control
TCTGTAAGTCAAGCGG_PO11	PO11	AD
TCTGTAAGTTTGGGAA_PO23	PO23	Control
TCTGTCGAGAGTACCG_SMC033	SMC033	Control
TCTGTCGAGGCTCAAG_SMC041	SMC041	AD
TCTGTCGAGTGCCAGA_SMC033	SMC033	Control
TCTGTCGCAGTATGAA_SMC035	SMC035	Active control
TCTGTCGCAGTTAGGG_SMC038	SMC038	AD
TCTGTCGGTTGTACGT_SMC052	SMC052	Control
TCTGTCGTCGAAGAAT_SMC027	SMC027	Control
TCTGTCGTCTTGGCTC_SMC053	SMC053	Active control
TCTGTGTTCTAGGCGT_PO42	PO42	AD
TCTTAGTAGTAGGATT_SMC049	SMC049	AD
TCTTAGTCAAGATTGA_SMC035	SMC035	Active control
TCTTAGTGTACCAGAG_SMC053	SMC053	Active control
TCTTAGTGTCTGTGAT_SMC052	SMC052	Control
TCTTAGTGTGGATACG_SMC038	SMC038	AD
TCTTAGTTCCAACTGA_SMC052	SMC052	Control
TCTTAGTTCCGAAATC_SMC038	SMC038	AD
TCTTAGTTCCGTTGGG_SMC053	SMC053	Active control
TCTTAGTTCTTCGACC_SMC049	SMC049	AD
TCTTCCTAGGAACATT_SMC038	SMC038	AD
TCTTCCTCAAATCCCA_SMC049	SMC049	AD
TCTTCCTCAACGACAG_SMC038	SMC038	AD
TCTTCCTCAGCTAACT_SMC052	SMC052	Control
TCTTCCTCATGGACAG_SMC033	SMC033	Control
TCTTCCTCATTGACCA_SMC052	SMC052	Control
TCTTCCTGTCGTCTCT_SMC031	SMC031	Active control
TCTTCCTGTCGTGCCA_SMC041	SMC041	AD
TCTTCCTTCAATCTTC_SMC043	SMC043	AD
TCTTCCTTCATCGCAA_SMC052	SMC052	Control
TCTTCCTTCCCATGGG_SMC035	SMC035	Active control
TCTTCCTTCGCCTAGG_SMC049	SMC049	AD
TCTTCCTTCGGCCCAA_SMC038	SMC038	AD
TCTTCCTTCTCCTACG_SMC052	SMC052	Control
TCTTGCGAGCGAGAAA_SMC030	SMC030	Control
TCTTGCGAGCGTCGAA_SMC035	SMC035	Active control
TCTTGCGCATCGGATT_SMC030	SMC030	Control
TCTTGCGGTACCGTGC_SMC052	SMC052	Control
TCTTGCGGTCAGCGTC_SMC049	SMC049	AD
TCTTGCGGTCGAAGCA_SMC033	SMC033	Control
TCTTGCGTCAGGAGAC_SMC049	SMC049	AD
TCTTGCGTCATCTACT_SMC052	SMC052	Control
TCTTGCGTCCTCACTG_SMC049	SMC049	AD
TCTTTGAAGCTCGACC_SMC038	SMC038	AD
TCTTTGACACCAGCCA_SMC053	SMC053	Active control
TCTTTGACACTGGCGT_SMC049	SMC049	AD
TCTTTGACAGCACAAG_SMC033	SMC033	Control
TCTTTGACATCCTGTC_SMC031	SMC031	Active control
TCTTTGAGTAACTGCT_SMC049	SMC049	AD
TCTTTGAGTCGCCTAG_SMC053	SMC053	Active control
TCTTTGAGTGGTCTAT_SMC033	SMC033	Control
TCTTTGAGTTACTCAG_SMC052	SMC052	Control
TCTTTGATCAGACTGT_SMC049	SMC049	AD
TCTTTGATCGGATACT_SMC052	SMC052	Control
TCTTTGATCTTGAGCA_SMC033	SMC033	Control
TGAAACCCATCCGGTT_PO42	PO42	AD
TGAAACTTCCTTCGAT_PO23	PO23	Control
TGAACAGGTCAGGAGT_PO11	PO11	AD
TGAACCCAGGATACCC_PO23	PO23	Control
TGAACGTGTAAGCGGT_SMC037	SMC037	Active control
TGAACGTGTACGCTTA_SMC038	SMC038	AD
TGAACGTGTATACAGA_SMC031	SMC031	Active control
TGAACGTGTGTCATTG_SMC041	SMC041	AD
TGAACGTGTTAGGCCC_SMC052	SMC052	Control
TGAACGTGTTGTTGCA_SMC038	SMC038	AD
TGAACGTGTTTGAACC_SMC052	SMC052	Control
TGAACGTTCCGGTAAT_SMC049	SMC049	AD
TGAACGTTCCTGATAG_SMC052	SMC052	Control
TGAATCCGTTGGAAGC_PO20	PO20	Control
TGAATCGAGATCACCT_SMC049	SMC049	AD
TGAATCGAGCCTGACC_SMC035	SMC035	Active control
TGAATCGAGGAACTCG_SMC053	SMC053	Active control
TGAATCGCAATTTCTC_SMC049	SMC049	AD
TGAATCGCATCGGAAG_SMC052	SMC052	Control
TGAATCGGTACAAGTA_SMC052	SMC052	Control
TGAATCGGTCATCAGT_SMC043	SMC043	AD
TGAATCGGTGCATTTG_SMC033	SMC033	Control
TGAATCGTCAGGTAAA_SMC030	SMC030	Control
TGAATCGTCGTGGACC_SMC035	SMC035	Active control
TGAATCGTCTGGGCCA_SMC052	SMC052	Control
TGAATGAAGTGCAATT_PO42	PO42	AD
TGAATGCAGCCGCTTG_SMC038	SMC038	AD
TGAATGCAGCTTCGTA_SMC052	SMC052	Control
TGAATGCCATATCTCT_SMC032	SMC032	AD
TGAATGCGTACGTGAG_SMC033	SMC033	Control
TGAATGCGTAGCTTAC_SMC038	SMC038	AD
TGAATGCTCCGTAGTA_SMC049	SMC049	AD
TGACAGTAGAACCCGA_SMC041	SMC041	AD
TGACAGTAGGTCGTAG_SMC038	SMC038	AD
TGACAGTCAAACAGGC_SMC052	SMC052	Control
TGACAGTCACAAGTTC_SMC035	SMC035	Active control
TGACAGTGTGTCCACG_SMC035	SMC035	Active control
TGACAGTTCCGTGTAA_SMC038	SMC038	AD
TGACAGTTCCTACCAC_SMC030	SMC030	Control
TGACAGTTCTGTAACG_SMC030	SMC030	Control
TGACATTAGCTGGCAT_PO23	PO23	Control
TGACCAATCCAACCTT_PO11	PO11	AD
TGACCAGCAGCTACGA_PO20	PO20	Control
TGACCCTAGAGAGCGG_SMC049	SMC049	AD
TGACCCTAGCAGTCTT_SMC049	SMC049	AD
TGACCCTAGCGATGCA_SMC035	SMC035	Active control
TGACCCTAGCTGTACT_SMC049	SMC049	AD
TGACCCTCAACGAGGT_SMC030	SMC030	Control
TGACCCTCAAGGTACG_SMC038	SMC038	AD
TGACCCTCAGTGGCTC_SMC033	SMC033	Control
TGACCCTGTCACAGAG_SMC033	SMC033	Control
TGACCCTGTCCACTCT_SMC053	SMC053	Active control
TGACCCTGTCTCGGGT_SMC052	SMC052	Control
TGACCCTTCCATCTCG_SMC043	SMC043	AD
TGACCTAAGTCAGTCA_PO15	PO15	Control
TGACGCGAGACCAACG_SMC049	SMC049	AD
TGACGCGAGCGCCATC_SMC052	SMC052	Control
TGACGCGAGTGGACGT_SMC030	SMC030	Control
TGACGCGCAAGAAACT_SMC032	SMC032	AD
TGACGCGCACACTTAG_SMC032	SMC032	AD
TGACGCGCAGTCGCTG_SMC038	SMC038	AD
TGACGCGCAGTTTCAG_SMC049	SMC049	AD
TGACGCGCATGGAATA_SMC031	SMC031	Active control
TGACGCGGTAATCAAG_SMC038	SMC038	AD
TGACGCGGTCATAAAG_SMC052	SMC052	Control
TGACGCGGTTGATCGT_SMC052	SMC052	Control
TGACGCGTCACGTCCT_SMC053	SMC053	Active control
TGACGGTTCCATCCCA_PO20	PO20	Control
TGACGTTGTTAGTGCT_PO05	PO05	AD
TGACTCCAGGTTGCCC_SMC053	SMC053	Active control
TGACTCCCAAAGCAAT_SMC033	SMC033	Control
TGACTCCCAATACGCT_SMC053	SMC053	Active control
TGACTCCCAGCAGTCA_PO13	PO13	Control
TGACTCCCATAAGTGC_PO05	PO05	AD
TGACTCCCATGGAGAC_SMC035	SMC035	Active control
TGACTCCGTCGGCACT_SMC052	SMC052	Control
TGACTCCGTGGATACG_SMC052	SMC052	Control
TGACTCCGTTATCTGG_SMC033	SMC033	Control
TGACTCCGTTATCTGG_SMC035	SMC035	Active control
TGACTCCGTTCCTAAG_SMC052	SMC052	Control
TGACTCCTCAAGTAAG_SMC035	SMC035	Active control
TGACTCCTCACCCATC_SMC052	SMC052	Control
TGACTCCTCATGCAGT_SMC049	SMC049	AD
TGACTCCTCTCTGAGA_SMC049	SMC049	AD
TGACTGATCTAACTCC_PO23	PO23	Control
TGAGAACAGCAATCGC_PO42	PO42	AD
TGAGACTAGCTTCTAG_SMC049	SMC049	AD
TGAGACTCAACCCGCA_SMC035	SMC035	Active control
TGAGACTCAATTCGTG_SMC036	SMC036	AD
TGAGACTCATAGAATG_SMC033	SMC033	Control
TGAGACTCATATGGCT_SMC030	SMC030	Control
TGAGACTGTCTCACAA_SMC035	SMC035	Active control
TGAGACTTCATCACCC_SMC035	SMC035	Active control
TGAGATGGTCCATCTC_PO11	PO11	AD
TGAGCAAGTAGCTGGG_PO05	PO05	AD
TGAGCATAGCCTCTTC_SMC053	SMC053	Active control
TGAGCATCAAAGTATG_SMC049	SMC049	AD
TGAGCATCAACCGGAA_SMC032	SMC032	AD
TGAGCATGTCGCTCGA_SMC035	SMC035	Active control
TGAGCATGTGCCAAGA_SMC033	SMC033	Control
TGAGCATGTGGCTACC_SMC052	SMC052	Control
TGAGCATTCCACGTCT_SMC049	SMC049	AD
TGAGCATTCGAGTCCG_SMC053	SMC053	Active control
TGAGCATTCGCTGTCT_SMC030	SMC030	Control
TGAGCATTCGGTATGT_SMC035	SMC035	Active control
TGAGCATTCTGATTCT_SMC037	SMC037	Active control
TGAGCGCCAAATTAGG_SMC052	SMC052	Control
TGAGCGCCAACTCCCT_SMC053	SMC053	Active control
TGAGCGCCACTATCGA_SMC031	SMC031	Active control
TGAGCGCCAGAACATA_SMC037	SMC037	Active control
TGAGCGCCATTGAAAG_SMC043	SMC043	AD
TGAGCGCGTCCGGCAT_SMC041	SMC041	AD
TGAGCGCGTGTGCCTG_SMC033	SMC033	Control
TGAGCGCTCGTGTTCC_SMC032	SMC032	AD
TGAGCGGGTAAGCATG_PO42	PO42	AD
TGAGCGGGTAGTGTCT_PO13	PO13	Control
TGAGCTATCAATTCCC_PO23	PO23	Control
TGAGCTGCACTTGGAG_PO05	PO05	AD
TGAGCTTGTAGGCTGG_PO23	PO23	Control
TGAGCTTGTCTTGATA_PO28	PO28	AD
TGAGGAACAAGTGGAA_PO41	PO41	AD
TGAGGAGAGTAGACCG_SMC030	SMC030	Control
TGAGGAGCAACGTATC_SMC052	SMC052	Control
TGAGGAGCAATGTTGC_SMC052	SMC052	Control
TGAGGAGCACGGTGTC_SMC035	SMC035	Active control
TGAGGAGCAGCAATTC_SMC032	SMC032	AD
TGAGGAGCATCTTCGC_SMC041	SMC041	AD
TGAGGAGGTAGGCTCC_SMC052	SMC052	Control
TGAGGAGGTCTGTCAA_SMC049	SMC049	AD
TGAGGAGGTGTGTCGC_SMC049	SMC049	AD
TGAGGAGGTTCCGTTC_SMC033	SMC033	Control
TGAGGAGGTTCTCCTG_SMC035	SMC035	Active control
TGAGGAGTCTCGAGTA_SMC053	SMC053	Active control
TGAGGATAGCCGACAT_PO20	PO20	Control
TGAGGCGGTAATGGGC_PO11	PO11	AD
TGAGGCGGTCTAATTG_PO20	PO20	Control
TGAGGGAAGTTTCGGT_SMC049	SMC049	AD
TGAGGGACACAAGCAG_SMC041	SMC041	AD
TGAGGGACATCCTCAC_SMC032	SMC032	AD
TGAGGGAGTCAATGGG_SMC049	SMC049	AD
TGAGGGAGTCCTTAAG_SMC041	SMC041	AD
TGAGGGAGTGAGATTA_SMC052	SMC052	Control
TGAGGGAGTGCACATT_SMC037	SMC037	Active control
TGAGGGATCCATACTT_SMC030	SMC030	Control
TGAGGGATCCCTCGAT_SMC031	SMC031	Active control
TGAGGGATCCCTTGTG_SMC038	SMC038	AD
TGAGGGATCGTGCTGG_PO11	PO11	AD
TGAGGTAGTATGGGTA_PO23	PO23	Control
TGAGGTTAGACTACGG_SMC035	SMC035	Active control
TGAGGTTTCTCTAGGA_SMC049	SMC049	AD
TGAGTAAAGATTGCGC_PO42	PO42	AD
TGAGTCAAGGGATCGT_SMC033	SMC033	Control
TGAGTCACAAACTAAG_SMC030	SMC030	Control
TGAGTCACAAGCCTGC_SMC052	SMC052	Control
TGAGTCACAGCCGTCA_SMC038	SMC038	AD
TGAGTCACAGGTCTCG_SMC052	SMC052	Control
TGAGTCACATGTGGCC_SMC035	SMC035	Active control
TGAGTCATCGAGTACT_SMC049	SMC049	AD
TGAGTCATCGTGGAAG_SMC049	SMC049	AD
TGAGTCTGTTGGACCC_PO05	PO05	AD
TGAGTTGTCGTGCGAT_PO28	PO28	AD
TGATAGCCAACGGTAT_PO23	PO23	Control
TGATCAGAGCTATCCA_SMC041	SMC041	AD
TGATCAGCAAGCTACT_SMC037	SMC037	Active control
TGATCAGCACATATGC_SMC041	SMC041	AD
TGATCAGGTGTGACCC_SMC049	SMC049	AD
TGATCAGGTTGTTGCA_SMC035	SMC035	Active control
TGATCAGTCTGGGAGA_SMC041	SMC041	AD
TGATCCGGTTGGCGCT_PO23	PO23	Control
TGATCTTCACGTAGTT_SMC052	SMC052	Control
TGATCTTCACTCTAGA_SMC052	SMC052	Control
TGATCTTGTAGGACCA_SMC053	SMC053	Active control
TGATCTTGTCCACATA_SMC049	SMC049	AD
TGATCTTGTGTCCTAA_SMC035	SMC035	Active control
TGATCTTTCAGAGCGA_SMC035	SMC035	Active control
TGATCTTTCCATACAG_SMC036	SMC036	AD
TGATGAAAGGAATCAA_PO42	PO42	AD
TGATGAGGTTTGACAC_PO05	PO05	AD
TGATGCAAGCAGGCAT_SMC035	SMC035	Active control
TGATGCACAAAGCGTG_SMC049	SMC049	AD
TGATGCACACCCAACG_SMC049	SMC049	AD
TGATGCAGTAAGATTG_SMC029	SMC029	AD
TGATGCAGTGCAGGAT_SMC033	SMC033	Control
TGATGCAGTTACCTTT_SMC029	SMC029	AD
TGATGGTAGTGCTAGG_SMC052	SMC052	Control
TGATGGTCACCGTGAC_SMC052	SMC052	Control
TGATGGTCACTTGACA_SMC033	SMC033	Control
TGATGGTGTAGATTGA_SMC049	SMC049	AD
TGATGGTTCCCGAAAT_SMC053	SMC053	Active control
TGATGGTTCCGATAGT_SMC035	SMC035	Active control
TGATTCCTCAGGCAGA_PO05	PO05	AD
TGATTCCTCCGTGATA_PO23	PO23	Control
TGATTCTAGACGTCGA_SMC030	SMC030	Control
TGATTCTAGCACTCCG_SMC053	SMC053	Active control
TGATTCTAGCGGTATG_SMC038	SMC038	AD
TGATTCTAGGGCAGAG_SMC031	SMC031	Active control
TGATTCTAGGTGGTTG_SMC038	SMC038	AD
TGATTCTCAAACTAAG_SMC037	SMC037	Active control
TGATTCTCAATAGTAG_SMC035	SMC035	Active control
TGATTCTCACTGGAAG_SMC035	SMC035	Active control
TGATTCTGTAGCGCTC_SMC053	SMC053	Active control
TGATTCTGTCTCCTGT_SMC053	SMC053	Active control
TGATTCTGTGCAATGG_SMC049	SMC049	AD
TGATTCTGTTAGCGGA_SMC052	SMC052	Control
TGATTCTTCTACGGGC_SMC049	SMC049	AD
TGATTTCAGAGTTGTA_SMC049	SMC049	AD
TGATTTCAGATTGATG_SMC027	SMC027	Control
TGATTTCAGCGACTTT_SMC052	SMC052	Control
TGATTTCAGTACAGAT_SMC030	SMC030	Control
TGATTTCCAAAGGCTG_SMC032	SMC032	AD
TGATTTCCACCTGCTT_SMC053	SMC053	Active control
TGATTTCTCTAGAGCT_SMC053	SMC053	Active control
TGATTTGGTTGAGGAC_PO15	PO15	Control
TGCACAATCATGCGAC_PO11	PO11	AD
TGCACAGCAAGCTAAC_PO20	PO20	Control
TGCACCCTCGTAGTTG_PO20	PO20	Control
TGCACCTCACATTAAG_PO28	PO28	AD
TGCACGGAGCGTTCAT_SMC052	SMC052	Control
TGCACGGAGTGATAAC_SMC052	SMC052	Control
TGCACGGCACTGAGTT_SMC049	SMC049	AD
TGCACGGCAGAATCGG_SMC033	SMC033	Control
TGCACGGGTTACGCCG_SMC052	SMC052	Control
TGCACGGGTTCTCAGA_SMC053	SMC053	Active control
TGCACGTAGCCGACAT_PO23	PO23	Control
TGCAGATAGAGTGACC_SMC035	SMC035	Active control
TGCAGATAGCATGAAT_SMC052	SMC052	Control
TGCAGATAGGTGGTTG_SMC049	SMC049	AD
TGCAGATAGTAACCTC_SMC038	SMC038	AD
TGCAGATCAACAGATA_SMC041	SMC041	AD
TGCAGATCAGGTGACA_SMC030	SMC030	Control
TGCAGATGTCTTACTT_SMC053	SMC053	Active control
TGCAGATGTGGACCTC_SMC049	SMC049	AD
TGCAGATGTGTTGAGG_SMC053	SMC053	Active control
TGCAGATGTTTCGACA_SMC049	SMC049	AD
TGCAGATTCATCACTT_SMC052	SMC052	Control
TGCAGATTCTTCGTGC_SMC052	SMC052	Control
TGCAGGCAGTGTACCT_SMC030	SMC030	Control
TGCAGGCCACCACTGG_SMC052	SMC052	Control
TGCAGGCCACGACGAA_SMC052	SMC052	Control
TGCAGGCCATTCAGGT_SMC049	SMC049	AD
TGCAGGCGTACTCGCG_SMC032	SMC032	AD
TGCAGGCGTATAGGAT_SMC053	SMC053	Active control
TGCAGGCTCACTGGTA_SMC038	SMC038	AD
TGCAGGCTCAGCACCG_SMC053	SMC053	Active control
TGCAGGCTCGAGTCTA_SMC052	SMC052	Control
TGCAGGTTCCTCGTTG_PO42	PO42	AD
TGCAGTAAGAGGCGGA_SMC032	SMC032	AD
TGCAGTAAGATGACAT_SMC052	SMC052	Control
TGCAGTAAGCGAGTAC_SMC053	SMC053	Active control
TGCAGTAGTAGGCAAC_SMC030	SMC030	Control
TGCAGTAGTGTCCGGT_SMC052	SMC052	Control
TGCAGTATCAACACCA_SMC053	SMC053	Active control
TGCAGTATCGACGCTG_SMC035	SMC035	Active control
TGCAGTATCGATACTG_SMC038	SMC038	AD
TGCAGTCAGGTAGCAG_PO05	PO05	AD
TGCATCCAGGCGATAC_SMC029	SMC029	AD
TGCATCCCAAATGAGT_SMC052	SMC052	Control
TGCATCCCAACAAGTA_SMC049	SMC049	AD
TGCATCCCAGCTGGTC_SMC035	SMC035	Active control
TGCATCCGTAATACCC_SMC033	SMC033	Control
TGCATCCGTAGGGTAC_SMC038	SMC038	AD
TGCATCCGTCACGCTG_SMC049	SMC049	AD
TGCATCCGTCCACACG_SMC053	SMC053	Active control
TGCATCCTCATTGGTG_SMC035	SMC035	Active control
TGCATGAAGCTTCGTA_SMC039	SMC039	AD
TGCATGAAGGCTGAAC_SMC038	SMC038	AD
TGCATGAAGGTCCAGA_SMC041	SMC041	AD
TGCATGAAGTAAACTG_SMC049	SMC049	AD
TGCATGAAGTTTGAGA_SMC049	SMC049	AD
TGCATGACAACATCGT_SMC033	SMC033	Control
TGCATGACACCATAAC_SMC052	SMC052	Control
TGCATGACACTGCACG_SMC049	SMC049	AD
TGCATGACAGTTACCA_SMC029	SMC029	AD
TGCATGAGTACGTTCA_SMC037	SMC037	Active control
TGCATGAGTAGAGCTG_SMC035	SMC035	Active control
TGCATGATCAGCTAGT_SMC033	SMC033	Control
TGCATGATCCACTGAA_SMC053	SMC053	Active control
TGCATGATCTGAACGT_SMC030	SMC030	Control
TGCATTAGTAGCTAGA_PO23	PO23	Control
TGCATTAGTATGGATG_PO15	PO15	Control
TGCATTGAGTTGCGCG_PO23	PO23	Control
TGCCAGACATCACATT_PO23	PO23	Control
TGCCAGACATCCTTGA_PO05	PO05	AD
TGCCAGTAGAACCATT_PO42	PO42	AD
TGCCAGTAGAAGGGCC_PO11	PO11	AD
TGCCAGTAGGCGAATG_PO05	PO05	AD
TGCCATAAGTAGGCAG_PO15	PO15	Control
TGCCCATCACAATGGT_PO05	PO05	AD
TGCCCGTTCCTGAAGC_PO23	PO23	Control
TGCCGAGAGAAATGGG_SMC052	SMC052	Control
TGCCGAGAGAACAAGG_SMC049	SMC049	AD
TGCCGAGCACATGTTG_SMC033	SMC033	Control
TGCCGAGCACTGAGGA_SMC030	SMC030	Control
TGCCGAGCAGGCGATA_SMC038	SMC038	AD
TGCCGAGCAGGTGTTT_SMC038	SMC038	AD
TGCCGAGGTCGCCTAG_SMC049	SMC049	AD
TGCCGAGGTGCATTAC_SMC038	SMC038	AD
TGCCGAGTCCCGAGGT_SMC043	SMC043	AD
TGCCGAGTCGGCTGTG_SMC049	SMC049	AD
TGCCGAGTCTGGGTCG_SMC031	SMC031	Active control
TGCCGAGTCTTTGGAG_SMC052	SMC052	Control
TGCCGTAGTTGCGGAG_PO11	PO11	AD
TGCCTAAAGCAGGCTT_PO11	PO11	AD
TGCCTAAAGGTAGCTC_PO11	PO11	AD
TGCCTAAAGGTCCACG_PO42	PO42	AD
TGCCTCGCAGCTCACT_PO20	PO20	Control
TGCCTGCTCGCTCACC_PO05	PO05	AD
TGCGACCGTTTGCAGT_PO42	PO42	AD
TGCGACGAGAAAGTCT_SMC038	SMC038	AD
TGCGACGAGCTAGAAT_SMC031	SMC031	Active control
TGCGACGCAAGGAGTC_SMC052	SMC052	Control
TGCGACGGTAAGCTCT_SMC041	SMC041	AD
TGCGACGGTCTTGAAC_SMC036	SMC036	AD
TGCGACGTCAGTCTTT_SMC049	SMC049	AD
TGCGACGTCCATGATG_SMC052	SMC052	Control
TGCGACGTCGCTCTAC_SMC052	SMC052	Control
TGCGACGTCTGATGGT_SMC052	SMC052	Control
TGCGACGTCTTGCAGA_SMC038	SMC038	AD
TGCGATAAGCACTGGA_SMC052	SMC052	Control
TGCGATAAGCGCCCAT_SMC053	SMC053	Active control
TGCGATAAGGCATCAG_SMC052	SMC052	Control
TGCGATACAATGTCTG_SMC052	SMC052	Control
TGCGATACAGTTTCGA_SMC041	SMC041	AD
TGCGATAGTATCCCTC_SMC038	SMC038	AD
TGCGATATCGAGTACT_SMC033	SMC033	Control
TGCGATGCATCCTCAA_PO41	PO41	AD
TGCGATTGTCAAGCGG_PO23	PO23	Control
TGCGATTGTGAACCGG_PO42	PO42	AD
TGCGGCAAGCTATCTG_SMC052	SMC052	Control
TGCGGCAAGTCGAAGC_SMC033	SMC033	Control
TGCGGCACAACTTGCA_SMC052	SMC052	Control
TGCGGCAGTTGAGAGC_SMC052	SMC052	Control
TGCGGCATCAATCCAG_SMC038	SMC038	AD
TGCGGCATCGGACTGC_SMC052	SMC052	Control
TGCGGCATCGTAGCCG_SMC053	SMC053	Active control
TGCGGCATCTACGGGC_SMC038	SMC038	AD
TGCGGCATCTTGGGCG_SMC049	SMC049	AD
TGCGGGTAGAACTGAT_SMC052	SMC052	Control
TGCGGGTAGGGAGGCA_SMC049	SMC049	AD
TGCGGGTAGTTGAATG_SMC049	SMC049	AD
TGCGGGTCAAATGGCG_SMC030	SMC030	Control
TGCGGGTCAATGAAAC_SMC037	SMC037	Active control
TGCGGGTCACATGCCT_PO23	PO23	Control
TGCGGGTGTATCGCAT_SMC033	SMC033	Control
TGCGGGTTCGTGGTAT_SMC052	SMC052	Control
TGCGGGTTCTTGGATG_SMC031	SMC031	Active control
TGCTAACGTCTCACTC_PO23	PO23	Control
TGCTACAAGGCGATTC_PO20	PO20	Control
TGCTACAAGGCGTCTG_PO20	PO20	Control
TGCTACTTCAGTATGT_PO11	PO11	AD
TGCTACTTCCCTCTAG_PO42	PO42	AD
TGCTACTTCCGTGTCC_PO05	PO05	AD
TGCTATGAGCATTACG_PO23	PO23	Control
TGCTATGAGTGAGGAT_PO15	PO15	Control
TGCTCAAAGCGGTAAG_PO23	PO23	Control
TGCTCAAAGGTACTGC_PO15	PO15	Control
TGCTCACCAAATCCTT_PO42	PO42	AD
TGCTCCAAGAATTGCA_SMC031	SMC031	Active control
TGCTCCAAGACACACG_SMC053	SMC053	Active control
TGCTCCAAGAGCAAGA_SMC052	SMC052	Control
TGCTCCAAGGATGTTA_SMC049	SMC049	AD
TGCTCCAAGGCATCGA_SMC049	SMC049	AD
TGCTCCAAGGTTTGAA_SMC038	SMC038	AD
TGCTCCAAGTGCAAAT_SMC038	SMC038	AD
TGCTCCACACAGGATG_SMC052	SMC052	Control
TGCTCCACACGCAAAG_SMC038	SMC038	AD
TGCTCCACACTCACTC_SMC052	SMC052	Control
TGCTCCACAGACCTAT_SMC052	SMC052	Control
TGCTCCACAGTGTGCC_SMC052	SMC052	Control
TGCTCCAGTAGTCCTA_SMC033	SMC033	Control
TGCTCCAGTATAATGG_SMC030	SMC030	Control
TGCTCCAGTATTTCCT_SMC049	SMC049	AD
TGCTCCAGTTTGTTGG_SMC052	SMC052	Control
TGCTCCATCATTTGTC_SMC032	SMC032	AD
TGCTCCATCCGCCTAT_SMC049	SMC049	AD
TGCTCCATCGTAACAC_SMC052	SMC052	Control
TGCTCCATCTAGTGAC_SMC049	SMC049	AD
TGCTCCATCTCGCTCA_SMC052	SMC052	Control
TGCTCCATCTGGTGCG_SMC053	SMC053	Active control
TGCTCGCTCTGGCTAA_PO41	PO41	AD
TGCTCGTAGTCACTGT_SMC035	SMC035	Active control
TGCTCGTCACGTGAGA_SMC052	SMC052	Control
TGCTCGTGTACGATCT_SMC049	SMC049	AD
TGCTCGTTCGCTCATC_SMC053	SMC053	Active control
TGCTCGTTCGGTCACG_SMC052	SMC052	Control
TGCTGAAAGACTTGTC_SMC053	SMC053	Active control
TGCTGAAGTAGCGTCC_SMC049	SMC049	AD
TGCTGAAGTGTGTGTT_SMC030	SMC030	Control
TGCTGAAGTTATCTTC_SMC033	SMC033	Control
TGCTGAATCTCCATAT_SMC039	SMC039	AD
TGCTGAATCTGTCCCA_SMC041	SMC041	AD
TGCTTAGAGCGAGGTA_PO23	PO23	Control
TGCTTCGAGAACGTGC_SMC032	SMC032	AD
TGCTTCGAGTAGGCCA_SMC029	SMC029	AD
TGCTTCGCAACCGGAA_SMC033	SMC033	Control
TGCTTCGCACACGTGC_SMC030	SMC030	Control
TGCTTCGGTACACTCA_SMC052	SMC052	Control
TGCTTCGTCACTCACC_SMC033	SMC033	Control
TGCTTGCAGGTTCCGC_SMC049	SMC049	AD
TGCTTGCCAAAGGCGT_SMC030	SMC030	Control
TGCTTGCCAATTTCTC_SMC049	SMC049	AD
TGCTTGCCACCTTCGT_SMC052	SMC052	Control
TGCTTGCCACTGTCGG_SMC033	SMC033	Control
TGCTTGCCAGAACTTC_SMC033	SMC033	Control
TGCTTGCCATGGGTTT_SMC049	SMC049	AD
TGCTTGCGTACTCGTA_SMC035	SMC035	Active control
TGCTTGCGTCCTCCAT_SMC033	SMC033	Control
TGCTTGCTCAAATGCC_SMC049	SMC049	AD
TGGAACCTCTAGTAAC_PO23	PO23	Control
TGGAACTAGAGGTGCT_SMC031	SMC031	Active control
TGGAACTAGCCAAGTG_SMC052	SMC052	Control
TGGAACTCAGCTACAT_SMC032	SMC032	AD
TGGAACTCAGGTAGTG_SMC035	SMC035	Active control
TGGAACTCATAGATGA_SMC049	SMC049	AD
TGGAACTCATCCTTCG_SMC052	SMC052	Control
TGGACGAAGCATTCAG_PO23	PO23	Control
TGGACGAAGCTGGTTA_PO15	PO15	Control
TGGACTCAGGGGCAAC_PO13	PO13	Control
TGGACTCAGTCAGTAT_PO05	PO05	AD
TGGAGAGAGCCGATAG_SMC052	SMC052	Control
TGGAGAGAGGCCCACT_SMC053	SMC053	Active control
TGGAGAGAGTATGAGT_SMC033	SMC033	Control
TGGAGAGAGTGCCTCG_SMC053	SMC053	Active control
TGGAGAGCACAGTCGC_SMC033	SMC033	Control
TGGAGAGCAGTTGAAA_SMC052	SMC052	Control
TGGAGGAAGAGCAACC_SMC033	SMC033	Control
TGGAGGAAGTGAACAT_SMC052	SMC052	Control
TGGAGGACACTGCTTC_SMC033	SMC033	Control
TGGAGGAGTATGCTTG_SMC033	SMC033	Control
TGGAGGAGTATGGTAA_SMC027	SMC027	Control
TGGAGGAGTCTACAGT_SMC052	SMC052	Control
TGGAGGAGTGAATTGA_SMC052	SMC052	Control
TGGAGGATCCTTCTAA_SMC052	SMC052	Control
TGGAGGATCGCTTGAA_SMC038	SMC038	AD
TGGAGGATCTATCCAT_SMC052	SMC052	Control
TGGATCAAGCATTGAA_SMC030	SMC030	Control
TGGATCAAGCTACTGT_SMC037	SMC037	Active control
TGGATCAAGGGATCTG_SMC052	SMC052	Control
TGGATCACACCGTGGT_SMC038	SMC038	AD
TGGATCACACTCCACT_SMC032	SMC032	AD
TGGATCAGTGATGGCA_SMC052	SMC052	Control
TGGATCAGTGGCGCTT_SMC049	SMC049	AD
TGGATCATCCAAACCA_SMC039	SMC039	AD
TGGATCATCCCGTGAG_SMC033	SMC033	Control
TGGATCATCGTGGTAT_SMC052	SMC052	Control
TGGATGTAGAGCCTGA_SMC052	SMC052	Control
TGGATGTCACAACATC_SMC049	SMC049	AD
TGGATGTCACACCTAA_SMC049	SMC049	AD
TGGATGTCAGTCGGTC_SMC038	SMC038	AD
TGGATGTCATGCCGGT_SMC052	SMC052	Control
TGGATGTGTCACGTGC_SMC035	SMC035	Active control
TGGATGTGTGAAAGTT_SMC033	SMC033	Control
TGGATGTGTTTGGCTA_SMC038	SMC038	AD
TGGATGTTCAAGCCCG_SMC052	SMC052	Control
TGGATGTTCACGATCA_SMC038	SMC038	AD
TGGATGTTCATTCATC_SMC030	SMC030	Control
TGGATGTTCTTACCGC_SMC033	SMC033	Control
TGGATTTAGCATATAC_PO23	PO23	Control
TGGCATATCACGCGCA_PO23	PO23	Control
TGGCATGCAAGTAACC_PO05	PO05	AD
TGGCATTGTCTGTCCT_PO42	PO42	AD
TGGCCATAGCAAGGGC_PO05	PO05	AD
TGGCCATAGTAGGACG_PO11	PO11	AD
TGGCGAAAGGCAACGA_PO23	PO23	Control
TGGCGAGGTTTAGTCA_PO23	PO23	Control
TGGCGAGGTTTGGTCG_PO23	PO23	Control
TGGCGTGAGACATATG_SMC049	SMC049	AD
TGGCGTGAGAGATGCC_SMC033	SMC033	Control
TGGCGTGCAACGGGTA_SMC052	SMC052	Control
TGGCGTGCACATCATG_SMC037	SMC037	Active control
TGGCGTGCACCGTGAC_SMC049	SMC049	AD
TGGCGTGGTACAAACA_SMC035	SMC035	Active control
TGGCGTGGTACCTAAC_SMC037	SMC037	Active control
TGGCGTGGTACGATCT_SMC052	SMC052	Control
TGGCGTGGTCACCTTC_SMC033	SMC033	Control
TGGCGTGGTCACTTCC_SMC037	SMC037	Active control
TGGCGTGGTCGACGCT_SMC033	SMC033	Control
TGGCGTGGTGATACTC_SMC035	SMC035	Active control
TGGCGTGGTGGTCTGC_SMC052	SMC052	Control
TGGCGTGGTGTTCGAT_SMC030	SMC030	Control
TGGCGTGGTTGGCTAT_SMC033	SMC033	Control
TGGCGTGTCAGTGTTG_SMC049	SMC049	AD
TGGCTATGTCAGGGCA_PO13	PO13	Control
TGGCTCAGTGAGAGTC_PO11	PO11	AD
TGGCTCTCAACTTACT_PO42	PO42	AD
TGGCTTGGTATAGCTC_PO11	PO11	AD
TGGGAAGAGAACTGAT_SMC052	SMC052	Control
TGGGAAGAGCATGCAG_SMC038	SMC038	AD
TGGGAAGAGCATTGTC_SMC030	SMC030	Control
TGGGAAGAGCTGGAGT_SMC049	SMC049	AD
TGGGAAGCACACCGCA_SMC052	SMC052	Control
TGGGAAGCAGCTACCG_SMC035	SMC035	Active control
TGGGAAGCAGGTTACT_SMC052	SMC052	Control
TGGGAAGCATTCCTAT_SMC037	SMC037	Active control
TGGGAAGGTACAGTTC_SMC049	SMC049	AD
TGGGAAGGTCGACTGC_SMC033	SMC033	Control
TGGGAAGGTGGTGATG_SMC052	SMC052	Control
TGGGAAGGTTCGTAAC_SMC053	SMC053	Active control
TGGGAAGTCATGTCTT_SMC032	SMC032	AD
TGGGAAGTCCAACCGG_SMC033	SMC033	Control
TGGGAAGTCGTGCTCT_SMC041	SMC041	AD
TGGGAAGTCTAGTCAG_SMC035	SMC035	Active control
TGGGAGAAGAAGATCT_SMC030	SMC030	Control
TGGGAGACAATCACGT_SMC033	SMC033	Control
TGGGAGACACATCCCT_SMC049	SMC049	AD
TGGGAGAGTCGACTGC_SMC041	SMC041	AD
TGGGAGATCAATCTTC_SMC030	SMC030	Control
TGGGATTAGAACGTGC_SMC053	SMC053	Active control
TGGGATTCAATCCTAG_SMC033	SMC033	Control
TGGGATTCAATGGGTG_SMC033	SMC033	Control
TGGGATTCACCCTTAC_SMC037	SMC037	Active control
TGGGATTCACTACACA_SMC032	SMC032	AD
TGGGATTCAGCCTACG_SMC053	SMC053	Active control
TGGGATTGTCTCGCGA_SMC033	SMC033	Control
TGGGATTGTCTTTATC_SMC029	SMC029	AD
TGGGATTTCAACACCA_SMC052	SMC052	Control
TGGGCAAAGTCATGCA_PO15	PO15	Control
TGGGCGAGTTCGTTGG_PO42	PO42	AD
TGGGCGTAGATGGGCT_SMC052	SMC052	Control
TGGGCGTAGCACACCC_SMC031	SMC031	Active control
TGGGCGTAGCCATTTG_SMC049	SMC049	AD
TGGGCGTCAAACTAAG_SMC049	SMC049	AD
TGGGCGTCAACAAGAT_SMC052	SMC052	Control
TGGGCGTCAACCGATT_SMC052	SMC052	Control
TGGGCGTCAGAGGGTT_SMC035	SMC035	Active control
TGGGCGTGTATGGGAC_SMC035	SMC035	Active control
TGGGCGTGTGTAACGG_SMC035	SMC035	Active control
TGGGCGTGTTAACAGA_SMC037	SMC037	Active control
TGGGCGTTCACAGTGT_SMC033	SMC033	Control
TGGGCGTTCTCAATCT_SMC039	SMC039	AD
TGGGCGTTCTTCGTGC_SMC031	SMC031	Active control
TGGGCTGAGAAGGCTC_SMC029	SMC029	AD
TGGGCTGAGGCTAAAT_SMC033	SMC033	Control
TGGGCTGAGTGATGGC_SMC049	SMC049	AD
TGGGCTGCACCGTCGA_SMC035	SMC035	Active control
TGGGCTGCACTACCGG_SMC049	SMC049	AD
TGGGCTGCACTGAGTT_SMC033	SMC033	Control
TGGGCTGCATCGTCCT_SMC049	SMC049	AD
TGGGCTGGTACTCAAC_SMC052	SMC052	Control
TGGGCTGGTCTGTGAT_SMC049	SMC049	AD
TGGGCTGGTGCACAAG_SMC049	SMC049	AD
TGGGCTGGTTGAATCC_SMC037	SMC037	Active control
TGGGCTGTCATAGACC_SMC052	SMC052	Control
TGGGCTGTCGTGCACG_SMC038	SMC038	AD
TGGGCTGTCGTGGTAT_SMC038	SMC038	AD
TGGGGTTTCGCGTTGG_PO23	PO23	Control
TGGGTCACAAAGGTAG_PO23	PO23	Control
TGGGTCACAGCTCTCG_PO11	PO11	AD
TGGGTGAAGATTGGTT_PO13	PO13	Control
TGGGTTAAGAACTGAT_SMC052	SMC052	Control
TGGGTTAAGAATCGAT_SMC052	SMC052	Control
TGGGTTAAGCCTTCTC_SMC030	SMC030	Control
TGGGTTAAGGTCCAGA_SMC052	SMC052	Control
TGGGTTAAGTCACTGT_SMC052	SMC052	Control
TGGGTTACAAGCGAGT_SMC052	SMC052	Control
TGGGTTACAGCATACT_SMC036	SMC036	AD
TGGGTTACATAACTCG_SMC049	SMC049	AD
TGGGTTAGTACCAGAG_SMC035	SMC035	Active control
TGGGTTAGTGATACAA_SMC052	SMC052	Control
TGGGTTATCAAGGTGG_SMC052	SMC052	Control
TGGTACAAGCAATTAG_SMC027	SMC027	Control
TGGTACAAGGGTCACA_SMC035	SMC035	Active control
TGGTACAAGTGAGTGC_SMC052	SMC052	Control
TGGTACACAAGTCCAT_SMC038	SMC038	AD
TGGTACACACACGGAA_SMC052	SMC052	Control
TGGTACACATGTAACC_SMC052	SMC052	Control
TGGTACAGTAACATGA_SMC053	SMC053	Active control
TGGTACAGTACCAATC_SMC049	SMC049	AD
TGGTACATCTCGCAGG_SMC038	SMC038	AD
TGGTACATCTTGGTGA_SMC049	SMC049	AD
TGGTAGTAGCGATGCA_SMC052	SMC052	Control
TGGTAGTAGCTCCGAC_SMC049	SMC049	AD
TGGTAGTAGGCGTTGA_SMC037	SMC037	Active control
TGGTAGTCACAAGCCC_SMC038	SMC038	AD
TGGTAGTCACCGGCTA_SMC032	SMC032	AD
TGGTAGTTCCTTATGT_SMC049	SMC049	AD
TGGTAGTTCGCTTAAG_SMC038	SMC038	AD
TGGTAGTTCTGAGTCA_SMC033	SMC033	Control
TGGTATTAGATTCAGT_PO42	PO42	AD
TGGTCAATCGAAGGGC_PO23	PO23	Control
TGGTCCCTCCTGAGTA_PO05	PO05	AD
TGGTGAGAGCTGAGTC_PO15	PO15	Control
TGGTGATAGAAGGATG_SMC049	SMC049	AD
TGGTGATAGACCTCAT_SMC053	SMC053	Active control
TGGTGATAGGTACAGC_SMC052	SMC052	Control
TGGTGATAGTCGAATA_SMC052	SMC052	Control
TGGTGATCACCGTCGA_SMC029	SMC029	AD
TGGTGATGTGAATGAT_SMC052	SMC052	Control
TGGTGATGTTCTCAGA_SMC049	SMC049	AD
TGGTGATTCCCATTTA_SMC041	SMC041	AD
TGGTGATTCGAACGGA_SMC033	SMC033	Control
TGGTGGTTCACACACA_PO05	PO05	AD
TGGTTACGTCTTGAGT_PO42	PO42	AD
TGGTTAGAGCCATATC_SMC049	SMC049	AD
TGGTTAGAGTCCTACA_SMC049	SMC049	AD
TGGTTAGCATGGGTTT_SMC037	SMC037	Active control
TGGTTAGGTACTCAAC_SMC052	SMC052	Control
TGGTTAGGTCAACACT_SMC052	SMC052	Control
TGGTTAGGTGATAGTA_SMC053	SMC053	Active control
TGGTTAGGTGCCCGTA_SMC049	SMC049	AD
TGGTTAGTCAAGAATG_SMC030	SMC030	Control
TGGTTAGTCCACAGCG_SMC049	SMC049	AD
TGGTTATAGCCCGTTC_PO15	PO15	Control
TGGTTCAAGTATGACT_PO41	PO41	AD
TGGTTCCCAACGTGAT_PO23	PO23	Control
TGGTTCCCATGGTGTG_PO11	PO11	AD
TGGTTTAGTGAACTGA_PO11	PO11	AD
TGGTTTAGTTGGTGCC_PO23	PO23	Control
TGTAACGAGCAGCACA_SMC033	SMC033	Control
TGTAACGAGCCTGCCA_SMC035	SMC035	Active control
TGTAACGAGGCGACAT_SMC049	SMC049	AD
TGTAACGAGGTAGATT_SMC053	SMC053	Active control
TGTAACGCACCGCTGA_SMC037	SMC037	Active control
TGTAACGGTGATACCT_SMC035	SMC035	Active control
TGTAACGGTGATATAG_SMC052	SMC052	Control
TGTAACGGTGTTAACC_SMC033	SMC033	Control
TGTAACGTCCCACAGG_SMC033	SMC033	Control
TGTAACGTCTGTAACG_SMC052	SMC052	Control
TGTAACGTCTTTGCGC_SMC049	SMC049	AD
TGTAAGCAGACGCTCC_SMC049	SMC049	AD
TGTAAGCAGCCTCAGC_SMC052	SMC052	Control
TGTAAGCAGGCCTGAA_SMC049	SMC049	AD
TGTAAGCAGGCCTGAA_SMC053	SMC053	Active control
TGTAAGCAGTATTAGG_SMC038	SMC038	AD
TGTAAGCCAAATCATG_PO05	PO05	AD
TGTAAGCCAAGCGGTC_PO15	PO15	Control
TGTAAGCCAAGGTCTT_SMC052	SMC052	Control
TGTAAGCCAATGCTCA_SMC043	SMC043	AD
TGTAAGCCATTCATCT_SMC049	SMC049	AD
TGTACAGCAGATCACT_SMC052	SMC052	Control
TGTACAGCAGCCGGTT_SMC052	SMC052	Control
TGTACAGCAGTAGAAT_SMC052	SMC052	Control
TGTACAGGTCAGGTAG_SMC032	SMC032	AD
TGTACAGGTCCCTGAG_SMC030	SMC030	Control
TGTACAGGTTAGAGTA_SMC049	SMC049	AD
TGTACAGGTTCGCGTG_SMC052	SMC052	Control
TGTACAGTCACTACTT_SMC053	SMC053	Active control
TGTACAGTCGAAGGAC_SMC052	SMC052	Control
TGTACAGTCTAATTCC_SMC052	SMC052	Control
TGTACTGAGCGAATGG_PO15	PO15	Control
TGTAGACAGACTCTAC_SMC052	SMC052	Control
TGTAGACAGGATTTGA_SMC035	SMC035	Active control
TGTAGACAGTCATGAA_SMC052	SMC052	Control
TGTAGACAGTTGTCGT_SMC049	SMC049	AD
TGTAGACCACCAGCGT_SMC052	SMC052	Control
TGTAGACCATTGAGGG_SMC041	SMC041	AD
TGTAGACGTACACGCC_SMC038	SMC038	AD
TGTAGACGTACCGGCT_SMC053	SMC053	Active control
TGTAGACGTCTACATG_SMC052	SMC052	Control
TGTAGACGTGATACAA_SMC030	SMC030	Control
TGTAGACGTTATTCCT_SMC052	SMC052	Control
TGTAGACTCACTCTTA_SMC033	SMC033	Control
TGTAGACTCCAAGCCG_SMC036	SMC036	AD
TGTAGACTCCGTGACG_SMC052	SMC052	Control
TGTAGACTCTCCGTGT_SMC029	SMC029	AD
TGTAGCATCCATAGTG_PO42	PO42	AD
TGTAGTTAGTTAGTAC_PO41	PO41	AD
TGTATCTCAAACCGCA_PO15	PO15	Control
TGTATGACAGGATACT_PO28	PO28	AD
TGTATGGTCGTACTTC_PO13	PO13	Control
TGTATTCCATGATTGA_PO41	PO41	AD
TGTCACCCAGCATGTG_PO13	PO13	Control
TGTCACTTCGTTCAAG_PO05	PO05	AD
TGTCAGAAGCCGAACA_SMC035	SMC035	Active control
TGTCAGAAGGTCTTTG_SMC049	SMC049	AD
TGTCAGAGTAGTGTGG_SMC031	SMC031	Active control
TGTCAGAGTCAGATTC_SMC049	SMC049	AD
TGTCAGATCATATGGC_SMC030	SMC030	Control
TGTCAGATCCGTGACG_SMC052	SMC052	Control
TGTCCACAGCACAAAT_SMC052	SMC052	Control
TGTCCACCACTTCATG_PO13	PO13	Control
TGTCCACCAGAGAATT_SMC035	SMC035	Active control
TGTCCACCAGCGGATA_SMC041	SMC041	AD
TGTCCACCATCAGTGT_SMC033	SMC033	Control
TGTCCACCATCATGAC_SMC038	SMC038	AD
TGTCCACGTAGAGCTG_SMC052	SMC052	Control
TGTCCACTCACAAGGG_SMC052	SMC052	Control
TGTCCACTCAGAGCAG_SMC049	SMC049	AD
TGTCCCAAGAGTGTGC_SMC053	SMC053	Active control
TGTCCCACACCGAATT_SMC053	SMC053	Active control
TGTCCCACAGCCGTTG_SMC037	SMC037	Active control
TGTCCCACAGCTACCG_SMC033	SMC033	Control
TGTCCCACATATACCG_SMC033	SMC033	Control
TGTCCCATCAGCCCAG_SMC031	SMC031	Active control
TGTCCCATCATGCCAA_SMC027	SMC027	Control
TGTCCCTGTTTCCTAT_PO20	PO20	Control
TGTCCGCTCAGCCTAA_PO05	PO05	AD
TGTCCTGGTACCTATG_SMC033	SMC033	Control
TGTCCTGGTATCGAGG_SMC030	SMC030	Control
TGTCCTGGTGACATCT_SMC053	SMC053	Active control
TGTCCTGGTTTACGAC_SMC037	SMC037	Active control
TGTCCTGTCCCGATCT_SMC038	SMC038	AD
TGTCGATGTCTTGCGA_PO15	PO15	Control
TGTCGTCCACTCATGC_PO28	PO28	AD
TGTCTCACATTAACTC_PO42	PO42	AD
TGTCTGTTCACATTCC_PO23	PO23	Control
TGTCTTGCAAGTGATC_PO20	PO20	Control
TGTGAAGGTTATGCAC_PO11	PO11	AD
TGTGAAGGTTGGCTGC_PO41	PO41	AD
TGTGAGGAGCTACTCT_PO23	PO23	Control
TGTGAGGAGCTACTGA_PO15	PO15	Control
TGTGAGTAGTACTCGT_SMC052	SMC052	Control
TGTGAGTAGTCTAGCT_SMC035	SMC035	Active control
TGTGAGTCAAAGCTAA_SMC052	SMC052	Control
TGTGAGTCATCCCGTT_SMC033	SMC033	Control
TGTGAGTCATTATGCG_SMC053	SMC053	Active control
TGTGAGTGTACTCGTA_SMC031	SMC031	Active control
TGTGAGTGTTCTTGTT_SMC031	SMC031	Active control
TGTGAGTGTTGTACGT_SMC033	SMC033	Control
TGTGAGTGTTTCTATC_SMC049	SMC049	AD
TGTGAGTTCGCCAGTG_SMC053	SMC053	Active control
TGTGAGTTCTCGGTCT_SMC038	SMC038	AD
TGTGATGAGACGCCAA_SMC038	SMC038	AD
TGTGATGAGGTCTGGA_SMC052	SMC052	Control
TGTGATGCACCTCTAC_SMC052	SMC052	Control
TGTGATGCAGCGGTTC_SMC029	SMC029	AD
TGTGATGGTCTTGGTA_SMC033	SMC033	Control
TGTGATGGTTCAAAGA_SMC052	SMC052	Control
TGTGATGTCCTCCACA_SMC053	SMC053	Active control
TGTGATTAGTATGGAA_PO11	PO11	AD
TGTGCAATCAGCCCAG_PO28	PO28	AD
TGTGCATGTCTGGTCA_PO42	PO42	AD
TGTGCGGAGAAACTCA_SMC052	SMC052	Control
TGTGCGGAGATCCTAC_SMC035	SMC035	Active control
TGTGCGGAGCCTAACT_SMC037	SMC037	Active control
TGTGCGGAGGGTATAT_SMC027	SMC027	Control
TGTGCGGAGTTGCATC_SMC033	SMC033	Control
TGTGCGGCACTGCGTG_SMC033	SMC033	Control
TGTGCGGCATGCACTA_SMC029	SMC029	AD
TGTGCGGGTCTCGGGT_SMC049	SMC049	AD
TGTGCGGGTTGGTGTT_SMC036	SMC036	AD
TGTGCGGTCACGGTCG_SMC030	SMC030	Control
TGTGCGGTCAGCGCGT_SMC030	SMC030	Control
TGTGCGGTCATACAGC_SMC031	SMC031	Active control
TGTGCGGTCTCTCGAC_SMC053	SMC053	Active control
TGTGCTGGTAACTCGT_PO23	PO23	Control
TGTGGCGCACAATGAA_SMC033	SMC033	Control
TGTGGCGCAGAGGAAA_SMC049	SMC049	AD
TGTGGCGGTAGTATAG_SMC035	SMC035	Active control
TGTGGCGGTGCCTAAT_SMC031	SMC031	Active control
TGTGTGAAGAGTAACT_SMC052	SMC052	Control
TGTGTGAGTATTTCTC_SMC030	SMC030	Control
TGTGTGAGTCACGCTG_SMC031	SMC031	Active control
TGTGTGAGTTGGATCT_SMC030	SMC030	Control
TGTGTGATCGAGAAGC_SMC030	SMC030	Control
TGTGTTAGTTGTAAGG_PO20	PO20	Control
TGTGTTGAGGATCCCG_PO11	PO11	AD
TGTTACTAGAAGGATG_SMC033	SMC033	Control
TGTTACTAGGAGACCT_SMC037	SMC037	Active control
TGTTACTCAACGACAG_SMC049	SMC049	AD
TGTTACTCACTCCACT_SMC053	SMC053	Active control
TGTTACTCAGAACCGA_SMC035	SMC035	Active control
TGTTACTCAGAGTGTG_SMC030	SMC030	Control
TGTTACTCAGATTTCG_SMC053	SMC053	Active control
TGTTACTCAGCGGTTC_SMC030	SMC030	Control
TGTTACTGTATGGAAT_SMC052	SMC052	Control
TGTTACTGTCCAATCA_SMC030	SMC030	Control
TGTTACTGTGGTCTTA_SMC031	SMC031	Active control
TGTTACTGTGTGGTCC_SMC033	SMC033	Control
TGTTACTTCCTTATCA_SMC035	SMC035	Active control
TGTTCATAGCGTGCCT_SMC053	SMC053	Active control
TGTTCATAGTCATCGT_SMC053	SMC053	Active control
TGTTCATCACAGTGTT_SMC032	SMC032	AD
TGTTCATCAGGAACCA_SMC052	SMC052	Control
TGTTCATCATTGAGCT_SMC032	SMC032	AD
TGTTCATGTCAAAGCG_SMC038	SMC038	AD
TGTTCATGTCCGGTCA_SMC049	SMC049	AD
TGTTCATGTGTTATCG_SMC031	SMC031	Active control
TGTTCATTCACTGTTT_SMC049	SMC049	AD
TGTTCATTCATGTCTT_SMC035	SMC035	Active control
TGTTCATTCGGAGATG_SMC052	SMC052	Control
TGTTCATTCGGCATTA_SMC035	SMC035	Active control
TGTTCATTCTAGCCAA_SMC032	SMC032	AD
TGTTCATTCTCCACTG_SMC031	SMC031	Active control
TGTTCCGAGCCGCACT_SMC053	SMC053	Active control
TGTTCCGAGTCCCGGT_SMC035	SMC035	Active control
TGTTCCGCACCTCTGT_SMC032	SMC032	AD
TGTTCCGCATGTGACT_SMC037	SMC037	Active control
TGTTCCGGTAGCTCGC_SMC033	SMC033	Control
TGTTCCGGTGAATATG_SMC049	SMC049	AD
TGTTCCGGTGCCCGTA_SMC052	SMC052	Control
TGTTCCGGTGTAGCAG_SMC033	SMC033	Control
TGTTCCGGTTCGTAAC_SMC052	SMC052	Control
TGTTCCGTCAGCGGAA_SMC052	SMC052	Control
TGTTCCGTCATGACAC_SMC052	SMC052	Control
TGTTCCGTCATTGTTC_SMC052	SMC052	Control
TGTTCCGTCGGTCTAA_SMC041	SMC041	AD
TGTTCTAAGGACATCG_SMC049	SMC049	AD
TGTTCTACAGCATCTA_SMC030	SMC030	Control
TGTTCTACATCCCACT_SMC035	SMC035	Active control
TGTTCTAGTAGTCCTA_SMC035	SMC035	Active control
TGTTCTATCGATTTCT_SMC053	SMC053	Active control
TGTTCTATCGCCAATA_SMC049	SMC049	AD
TGTTCTATCTCAGAAC_SMC049	SMC049	AD
TGTTGAGAGAGTCGAC_SMC030	SMC030	Control
TGTTGAGAGCCGTTAT_SMC053	SMC053	Active control
TGTTGAGAGGGAGTGG_SMC052	SMC052	Control
TGTTGAGCATGACCCG_SMC052	SMC052	Control
TGTTGAGCATGCTGCG_SMC052	SMC052	Control
TGTTGAGGTACGTACT_SMC052	SMC052	Control
TGTTGAGGTCAAAGAT_SMC030	SMC030	Control
TGTTGAGGTGACTCGC_SMC030	SMC030	Control
TGTTGAGGTTCGAGCC_SMC049	SMC049	AD
TGTTGAGGTTGTAAAG_SMC032	SMC032	AD
TGTTGAGTCATTGCCC_SMC052	SMC052	Control
TGTTGGAAGACAGCGT_SMC038	SMC038	AD
TGTTGGAAGGCCTAGA_SMC033	SMC033	Control
TGTTGGAGTACAAAGT_SMC031	SMC031	Active control
TGTTGGAGTGGTCCCA_SMC052	SMC052	Control
TGTTGGAGTGTGAATA_SMC052	SMC052	Control
TGTTGGAGTTCGCGTG_SMC038	SMC038	AD
TGTTTGTAGAAGTCAT_SMC052	SMC052	Control
TGTTTGTAGCGGCTCT_SMC030	SMC030	Control
TGTTTGTGTAGGATAT_SMC030	SMC030	Control
TGTTTGTTCCGACATA_SMC038	SMC038	AD
TGTTTGTTCGTCCTCA_SMC049	SMC049	AD
TTAATCCAGCGATTCT_SMC049	SMC049	AD
TTAATCCAGGATGTTA_SMC052	SMC052	Control
TTAATCCCAATAACCC_SMC027	SMC027	Control
TTAATCCCACCATTCC_SMC049	SMC049	AD
TTAATCCGTAACCAGG_SMC049	SMC049	AD
TTAATCCGTATGAAAC_SMC030	SMC030	Control
TTAATCCGTCCGGACT_SMC049	SMC049	AD
TTAATCCGTGTCTAAC_SMC052	SMC052	Control
TTAATCCGTTACACTG_SMC030	SMC030	Control
TTAATCCGTTGCATCA_SMC052	SMC052	Control
TTAATCCGTTTCCATT_SMC035	SMC035	Active control
TTAATCCTCGAGTCCG_SMC052	SMC052	Control
TTACAGGAGTGCTCAT_SMC049	SMC049	AD
TTACAGGCAATCCTAG_SMC039	SMC039	AD
TTACAGGGTAAGATTG_SMC035	SMC035	Active control
TTACAGGGTACACGCC_SMC030	SMC030	Control
TTACAGGGTGGCGCTT_SMC052	SMC052	Control
TTACAGGTCGACATAC_SMC041	SMC041	AD
TTACCATAGACATGCG_SMC052	SMC052	Control
TTACCATAGACGCAGT_SMC041	SMC041	AD
TTACCATCACCAGCTG_SMC033	SMC033	Control
TTACCATGTAGGATAT_SMC053	SMC053	Active control
TTACCATGTCACTCGG_SMC053	SMC053	Active control
TTACCATGTTGCCGAC_SMC033	SMC033	Control
TTACCATTCAATCAGC_SMC052	SMC052	Control
TTACCATTCAGTCACA_SMC030	SMC030	Control
TTACCATTCAGTCAGT_SMC052	SMC052	Control
TTACCATTCTTCACGC_SMC033	SMC033	Control
TTACCGCAGATGCTAA_SMC033	SMC033	Control
TTACCGCAGCGGTAAC_SMC035	SMC035	Active control
TTACCGCCAAGGCCTC_SMC049	SMC049	AD
TTACCGCCACTTCTCG_SMC033	SMC033	Control
TTACCGCGTAGCCCTG_SMC041	SMC041	AD
TTACCGCTCCACTGGG_SMC027	SMC027	Control
TTACCGCTCCTGGGAC_SMC052	SMC052	Control
TTACGCCAGGCCATAG_SMC033	SMC033	Control
TTACGCCAGGTGCGAT_SMC049	SMC049	AD
TTACGCCAGGTTGAGC_SMC030	SMC030	Control
TTACGCCCACACCGCA_SMC049	SMC049	AD
TTACGCCCACGCGCAT_SMC052	SMC052	Control
TTACGCCGTACCAGAG_SMC038	SMC038	AD
TTACGCCTCACCATGA_SMC053	SMC053	Active control
TTACGCCTCAGGACAG_SMC053	SMC053	Active control
TTACGCCTCGGTGAAG_SMC038	SMC038	AD
TTACGTTAGATGGTCG_SMC052	SMC052	Control
TTACGTTAGCCTCAGC_SMC035	SMC035	Active control
TTACGTTAGCGTATGG_SMC033	SMC033	Control
TTACGTTAGCTCGCAC_SMC049	SMC049	AD
TTACGTTAGTTAGTGA_SMC053	SMC053	Active control
TTACGTTCAAGCCATT_SMC035	SMC035	Active control
TTACGTTCACACACTA_SMC037	SMC037	Active control
TTACGTTCATGTACGT_SMC033	SMC033	Control
TTACGTTGTGGGTTGA_SMC030	SMC030	Control
TTACGTTTCAACCTTT_SMC049	SMC049	AD
TTACGTTTCCGATGCG_SMC052	SMC052	Control
TTACTGTCAGAGAAAG_SMC031	SMC031	Active control
TTACTGTTCAAAGCCT_SMC035	SMC035	Active control
TTACTGTTCGCAGATT_SMC037	SMC037	Active control
TTACTGTTCTATCGGA_SMC052	SMC052	Control
TTAGGCAAGAAATTCG_SMC052	SMC052	Control
TTAGGCAAGAAATTGC_SMC041	SMC041	AD
TTAGGCAAGACTCTAC_SMC035	SMC035	Active control
TTAGGCAAGTCGCCCA_SMC049	SMC049	AD
TTAGGCAAGTTACGTC_SMC041	SMC041	AD
TTAGGCAAGTTTGGCT_SMC038	SMC038	AD
TTAGGCACACACTGGC_SMC052	SMC052	Control
TTAGGCACACCAGCTG_SMC049	SMC049	AD
TTAGGCACACTGAGTT_SMC033	SMC033	Control
TTAGGCACATGAGGGT_SMC032	SMC032	AD
TTAGGCAGTTGGAGGT_SMC052	SMC052	Control
TTAGGCATCAGAACCT_SMC049	SMC049	AD
TTAGGCATCCCAGTGG_SMC035	SMC035	Active control
TTAGGCATCGTGTGAT_SMC038	SMC038	AD
TTAGGCATCTCTCTAA_SMC052	SMC052	Control
TTAGGGTAGGTAGCCA_SMC053	SMC053	Active control
TTAGGGTCAACCGCTG_SMC049	SMC049	AD
TTAGGGTGTATGAGGC_SMC053	SMC053	Active control
TTAGGGTGTCACAATC_SMC049	SMC049	AD
TTAGGGTTCGTAACCA_SMC052	SMC052	Control
TTAGTCTAGAAGAACG_SMC030	SMC030	Control
TTAGTCTAGCTGTTAC_SMC035	SMC035	Active control
TTAGTCTAGGCAGCTA_SMC033	SMC033	Control
TTAGTCTCAAATCGTC_SMC033	SMC033	Control
TTAGTCTCAAATTGGA_SMC052	SMC052	Control
TTAGTCTCAACATCGT_SMC029	SMC029	AD
TTAGTCTCAGCCGTTG_SMC029	SMC029	AD
TTAGTCTGTAGGCAAC_SMC049	SMC049	AD
TTAGTCTTCAAGGTGG_SMC031	SMC031	Active control
TTAGTCTTCAGCATTG_SMC038	SMC038	AD
TTAGTCTTCTGGGAGA_SMC030	SMC030	Control
TTATTGCAGCTCGAAG_SMC033	SMC033	Control
TTATTGCCACTCTCGT_SMC030	SMC030	Control
TTATTGCGTCTGCATA_SMC049	SMC049	AD
TTATTGCGTGTTACTG_SMC049	SMC049	AD
TTATTGCGTTTCGGCG_SMC037	SMC037	Active control
TTATTGCTCATTTGTC_SMC049	SMC049	AD
TTATTGCTCCAACACA_SMC053	SMC053	Active control
TTATTGCTCTACTCAT_SMC053	SMC053	Active control
TTCAATCAGGCTAGCA_SMC035	SMC035	Active control
TTCAATCCAAATGGTA_SMC032	SMC032	AD
TTCAATCCAGATCACT_SMC049	SMC049	AD
TTCAATCGTAAGACCG_SMC049	SMC049	AD
TTCAATCGTCAGGTAG_SMC049	SMC049	AD
TTCAATCGTGACCGAA_SMC031	SMC031	Active control
TTCAATCGTTTACTGG_SMC030	SMC030	Control
TTCAATCTCGATTGAC_SMC049	SMC049	AD
TTCACCGGTGCATCTA_SMC027	SMC027	Control
TTCACCGGTGCCCGTA_SMC041	SMC041	AD
TTCACCGTCAAACCTG_SMC030	SMC030	Control
TTCACCGTCATCTGTT_SMC053	SMC053	Active control
TTCACGCAGGAATGTT_SMC041	SMC041	AD
TTCACGCAGGATTTGA_SMC052	SMC052	Control
TTCACGCAGTGGAATT_SMC052	SMC052	Control
TTCACGCGTAGTTACC_SMC049	SMC049	AD
TTCACGCTCACCTACC_SMC049	SMC049	AD
TTCACGCTCGAGCACC_SMC033	SMC033	Control
TTCAGGACAACCGACC_SMC053	SMC053	Active control
TTCAGGACAACGATCT_SMC038	SMC038	AD
TTCAGGACAATAGTCC_SMC052	SMC052	Control
TTCAGGACAGAAATCA_SMC030	SMC030	Control
TTCAGGACATGAATCC_SMC049	SMC049	AD
TTCAGGAGTCTCACAA_SMC033	SMC033	Control
TTCAGGAGTGAATGAT_SMC038	SMC038	AD
TTCAGGAGTGCCGGTT_SMC041	SMC041	AD
TTCAGGATCACTGTTT_SMC033	SMC033	Control
TTCAGGATCGAACTCA_SMC035	SMC035	Active control
TTCATGTAGAATCTAG_SMC043	SMC043	AD
TTCATGTAGATACATG_SMC030	SMC030	Control
TTCATGTAGATGGGCT_SMC035	SMC035	Active control
TTCATGTCACGACAAG_SMC031	SMC031	Active control
TTCATGTCAGTTACCA_SMC032	SMC032	AD
TTCATGTCATGGGATG_SMC030	SMC030	Control
TTCATGTGTATGCAAA_SMC052	SMC052	Control
TTCATGTGTTCTTCAT_SMC030	SMC030	Control
TTCATGTGTTGCATGT_SMC049	SMC049	AD
TTCATTGAGAATTCAG_SMC037	SMC037	Active control
TTCATTGAGGTGGCTA_SMC041	SMC041	AD
TTCATTGAGTCACTAC_SMC031	SMC031	Active control
TTCATTGGTGTCTCCT_SMC052	SMC052	Control
TTCATTGTCATCGGGC_SMC052	SMC052	Control
TTCATTGTCGAGCCTG_SMC052	SMC052	Control
TTCATTGTCTATGTGG_SMC052	SMC052	Control
TTCCAATAGACGAAGA_SMC053	SMC053	Active control
TTCCAATAGTGGAAAG_SMC049	SMC049	AD
TTCCAATCAACCCGCA_SMC049	SMC049	AD
TTCCAATCAAGCTCTA_SMC033	SMC033	Control
TTCCAATCAAGGGTCA_SMC032	SMC032	AD
TTCCAATTCCGAGGCT_SMC035	SMC035	Active control
TTCCAATTCCTTCACG_SMC038	SMC038	AD
TTCCACGAGCACTCGC_SMC053	SMC053	Active control
TTCCACGCAAAGCAAT_SMC049	SMC049	AD
TTCCACGCAAGCCCAC_SMC049	SMC049	AD
TTCCACGCACTACGGC_SMC030	SMC030	Control
TTCCACGGTCCTGAAT_SMC036	SMC036	AD
TTCCACGGTCTTAGTG_SMC052	SMC052	Control
TTCCGGTAGAATTCAG_SMC052	SMC052	Control
TTCCGGTAGCAGCCTC_SMC037	SMC037	Active control
TTCCGGTAGGAGTCTG_SMC035	SMC035	Active control
TTCCGGTCATATCTCT_SMC030	SMC030	Control
TTCCGGTCATCATCCC_SMC035	SMC035	Active control
TTCCGGTTCAAACCCA_SMC027	SMC027	Control
TTCCGTGAGAGCAAGA_SMC049	SMC049	AD
TTCCGTGAGAGTATAC_SMC030	SMC030	Control
TTCCGTGAGGTACAAT_SMC033	SMC033	Control
TTCCGTGCATGTTTGG_SMC030	SMC030	Control
TTCCGTGGTGGTAACG_SMC038	SMC038	AD
TTCCGTGTCAATCCAG_SMC038	SMC038	AD
TTCCGTGTCGACGCGT_SMC052	SMC052	Control
TTCCGTGTCTTACTGT_SMC031	SMC031	Active control
TTCCTAAAGATAGTGT_SMC052	SMC052	Control
TTCCTAAAGTCATCGT_SMC027	SMC027	Control
TTCCTAACAACTCCCT_SMC033	SMC033	Control
TTCCTAACAGAGTTCT_SMC030	SMC030	Control
TTCCTAACATGGCCAC_SMC032	SMC032	AD
TTCCTAACATGTCAGT_SMC036	SMC036	AD
TTCCTAAGTTTCTTAC_SMC031	SMC031	Active control
TTCCTAATCAAGAATG_SMC052	SMC052	Control
TTCCTAATCCACGTGG_SMC035	SMC035	Active control
TTCCTAATCGTTATCT_SMC038	SMC038	AD
TTCCTAATCTACTGAG_SMC049	SMC049	AD
TTCCTCTAGAGGGTCT_SMC037	SMC037	Active control
TTCCTCTAGCTATCTG_SMC049	SMC049	AD
TTCCTCTAGGTTATAG_SMC049	SMC049	AD
TTCCTCTAGTAGCCAG_SMC043	SMC043	AD
TTCCTCTCAATACGCT_SMC043	SMC043	AD
TTCCTCTCACTGATTG_SMC035	SMC035	Active control
TTCCTCTCAGGCTATT_SMC043	SMC043	AD
TTCCTCTCAGGTACGA_SMC052	SMC052	Control
TTCCTCTTCCAGTGCG_SMC052	SMC052	Control
TTCCTCTTCGGTCGAC_SMC030	SMC030	Control
TTCCTTCAGCTGCCTG_SMC053	SMC053	Active control
TTCCTTCAGGATATGT_SMC052	SMC052	Control
TTCCTTCAGTGGTGAC_SMC053	SMC053	Active control
TTCCTTCCAACATCGT_SMC043	SMC043	AD
TTCCTTCCAAGTACCT_SMC030	SMC030	Control
TTCCTTCCACCCTTGT_SMC052	SMC052	Control
TTCCTTCGTATCATGC_SMC053	SMC053	Active control
TTCCTTCGTCCTGGTG_SMC035	SMC035	Active control
TTCCTTCGTGAGTGAC_SMC049	SMC049	AD
TTCCTTCGTGGGCTTC_SMC052	SMC052	Control
TTCCTTCGTGTTGAGG_SMC033	SMC033	Control
TTCCTTCTCACATACG_SMC029	SMC029	AD
TTCGATTCAAATGGCG_SMC052	SMC052	Control
TTCGATTCAAGCGGAT_SMC033	SMC033	Control
TTCGATTCACTGTCGG_SMC052	SMC052	Control
TTCGATTCAGAAGCTG_SMC030	SMC030	Control
TTCGATTGTGCGAGTA_SMC035	SMC035	Active control
TTCGATTTCAAATAGG_SMC052	SMC052	Control
TTCGATTTCAACTCTT_SMC030	SMC030	Control
TTCGATTTCACGGGAA_SMC049	SMC049	AD
TTCGATTTCCCGTTGT_SMC049	SMC049	AD
TTCGATTTCGCCTATC_SMC049	SMC049	AD
TTCGATTTCGCTCTCA_SMC049	SMC049	AD
TTCGATTTCTGATGGT_SMC030	SMC030	Control
TTCGCTGAGCTGCGAA_SMC039	SMC039	AD
TTCGCTGAGGAACTCG_SMC033	SMC033	Control
TTCGCTGAGGCGAAGG_SMC052	SMC052	Control
TTCGCTGAGGTCTTTG_SMC027	SMC027	Control
TTCGCTGAGTCCGCGT_SMC030	SMC030	Control
TTCGCTGCACAGCCAC_SMC030	SMC030	Control
TTCGCTGCAGGGAGAG_SMC035	SMC035	Active control
TTCGCTGCAGTTACCA_SMC049	SMC049	AD
TTCGCTGGTAGATGTA_SMC033	SMC033	Control
TTCGCTGGTTTCAGAC_SMC031	SMC031	Active control
TTCGGTCAGCGTTCAT_SMC049	SMC049	AD
TTCGGTCAGGACGCTA_SMC033	SMC033	Control
TTCGGTCAGTCTTCGA_SMC032	SMC032	AD
TTCGGTCCACACTTAG_SMC033	SMC033	Control
TTCGGTCGTGATTGGG_SMC033	SMC033	Control
TTCGGTCGTGGCTGAA_SMC033	SMC033	Control
TTCTAACAGAAATTCG_SMC033	SMC033	Control
TTCTAACAGGCCCGTT_SMC033	SMC033	Control
TTCTAACAGGTTCATC_SMC032	SMC032	AD
TTCTAACAGTTAGAAC_SMC049	SMC049	AD
TTCTAACAGTTGCGAG_SMC038	SMC038	AD
TTCTAACCAGGATTCT_SMC052	SMC052	Control
TTCTAACCATACCAGT_SMC053	SMC053	Active control
TTCTAACCATCGGAGA_SMC037	SMC037	Active control
TTCTAACCATGTACGT_SMC033	SMC033	Control
TTCTAACCATTGTCGA_SMC035	SMC035	Active control
TTCTAGTAGACATCCT_SMC052	SMC052	Control
TTCTAGTAGCGAATGC_SMC052	SMC052	Control
TTCTAGTAGGCCTTGC_SMC033	SMC033	Control
TTCTAGTAGTAACAGT_SMC052	SMC052	Control
TTCTAGTCAAACTCGT_SMC052	SMC052	Control
TTCTAGTCACACGTGC_SMC031	SMC031	Active control
TTCTAGTCACATGGTT_SMC049	SMC049	AD
TTCTAGTCAGACTCTA_SMC039	SMC039	AD
TTCTAGTCAGTTGAAA_SMC029	SMC029	AD
TTCTAGTCATCCTCAC_SMC033	SMC033	Control
TTCTAGTGTACACGTT_SMC052	SMC052	Control
TTCTAGTGTGCCTTCT_SMC035	SMC035	Active control
TTCTAGTGTTTCAGAC_SMC029	SMC029	AD
TTCTAGTTCAAAGCCT_SMC035	SMC035	Active control
TTCTAGTTCGCTGTTC_SMC031	SMC031	Active control
TTCTCTCAGAAGAGCA_SMC041	SMC041	AD
TTCTCTCAGACAGCGT_SMC038	SMC038	AD
TTCTCTCAGACATATG_SMC033	SMC033	Control
TTCTCTCAGAGAATCT_SMC052	SMC052	Control
TTCTCTCAGGGCCTCT_SMC038	SMC038	AD
TTCTCTCAGTTGTAAG_SMC035	SMC035	Active control
TTCTCTCCACTATCCC_SMC027	SMC027	Control
TTCTCTCCAGGAGGAG_SMC053	SMC053	Active control
TTCTCTCCATTCATCT_SMC038	SMC038	AD
TTCTCTCGTTCTCTCG_SMC032	SMC032	AD
TTCTCTCTCAAAGAAC_SMC038	SMC038	AD
TTCTCTCTCACTCGAA_SMC052	SMC052	Control
TTCTCTCTCCGATCTC_SMC049	SMC049	AD
TTCTCTCTCGATGCTA_SMC033	SMC033	Control
TTCTCTCTCGTAACTG_SMC033	SMC033	Control
TTCTGTAGTTGAATCC_SMC038	SMC038	AD
TTCTGTAGTTGAGTCT_SMC049	SMC049	AD
TTCTTCCAGCTACAAA_SMC032	SMC032	AD
TTCTTCCAGCTTTCCC_SMC030	SMC030	Control
TTCTTCCAGGCTTTCA_SMC049	SMC049	AD
TTCTTCCCAAGTGTCT_SMC053	SMC053	Active control
TTCTTCCCACATTGTG_SMC052	SMC052	Control
TTCTTCCCAGAATGTA_SMC049	SMC049	AD
TTCTTCCGTGTTGAGG_SMC052	SMC052	Control
TTCTTCCTCGCCTTTG_SMC033	SMC033	Control
TTCTTCCTCTACCACC_SMC049	SMC049	AD
TTCTTGACACACACGC_SMC049	SMC049	AD
TTCTTGACACCAGCTG_SMC049	SMC049	AD
TTCTTGAGTGACGCCT_SMC052	SMC052	Control
TTCTTGATCGCACGGT_SMC037	SMC037	Active control
TTCTTGATCGCACTCT_SMC049	SMC049	AD
TTCTTGATCGCCTTGT_SMC033	SMC033	Control
TTCTTGATCGGCTGTG_SMC031	SMC031	Active control
TTCTTGATCTGGGCAC_SMC049	SMC049	AD
TTCTTGATCTGGGCGT_SMC032	SMC032	AD
TTGAACGGTAAGTTGA_SMC032	SMC032	AD
TTGAACGGTGGATGAC_SMC052	SMC052	Control
TTGAACGTCGGAGTGA_SMC049	SMC049	AD
TTGACCCAGACATCAA_SMC030	SMC030	Control
TTGACCCCAGATCATC_SMC030	SMC030	Control
TTGACCCCATAAGCAA_SMC049	SMC049	AD
TTGACCCCATACTGTG_SMC027	SMC027	Control
TTGACCCCATCCCGTT_SMC049	SMC049	AD
TTGACCCGTAAGAACT_SMC052	SMC052	Control
TTGACCCGTAGCTTTG_SMC038	SMC038	AD
TTGACCCTCCCGTGTT_SMC052	SMC052	Control
TTGAGTGAGACTTCAC_SMC049	SMC049	AD
TTGAGTGAGAGTCTGG_SMC033	SMC033	Control
TTGAGTGAGATGCTTC_SMC038	SMC038	AD
TTGAGTGCACAAATCC_SMC053	SMC053	Active control
TTGAGTGCACTTGACA_SMC038	SMC038	AD
TTGAGTGCAGACACAG_SMC052	SMC052	Control
TTGAGTGCAGCCTACG_SMC031	SMC031	Active control
TTGAGTGGTCGACTTA_SMC031	SMC031	Active control
TTGAGTGGTCTTCTAT_SMC052	SMC052	Control
TTGAGTGGTGATGAAT_SMC053	SMC053	Active control
TTGAGTGTCATTGCGA_SMC033	SMC033	Control
TTGAGTGTCGATTGGT_SMC030	SMC030	Control
TTGATGGAGCAGCACA_SMC032	SMC032	AD
TTGATGGAGCGCATCC_SMC031	SMC031	Active control
TTGATGGAGGCATCTT_SMC052	SMC052	Control
TTGATGGAGGTGCCTC_SMC052	SMC052	Control
TTGATGGCAGCAGATG_SMC049	SMC049	AD
TTGATGGCATGGCACC_SMC035	SMC035	Active control
TTGATGGGTACTAGCT_SMC033	SMC033	Control
TTGATGGGTCGCTCGA_SMC053	SMC053	Active control
TTGATGGTCAAGCGTT_SMC032	SMC032	AD
TTGATGGTCCAAGCAT_SMC033	SMC033	Control
TTGATGGTCTACTCAT_SMC049	SMC049	AD
TTGATGGTCTATCGCC_SMC030	SMC030	Control
TTGATGGTCTCATTTG_SMC049	SMC049	AD
TTGCATTAGCGCAATG_SMC052	SMC052	Control
TTGCATTCAGATCCTA_SMC053	SMC053	Active control
TTGCATTCAGTTAGAA_SMC030	SMC030	Control
TTGCATTCATGGGTCC_SMC032	SMC032	AD
TTGCATTCATGTGGCC_SMC033	SMC033	Control
TTGCATTGTGAATGTA_SMC052	SMC052	Control
TTGCCTGAGAAGATCT_SMC052	SMC052	Control
TTGCCTGAGGTGAGAA_SMC049	SMC049	AD
TTGCCTGCAGAGATTA_SMC052	SMC052	Control
TTGCCTGCAGTGTATC_SMC049	SMC049	AD
TTGCCTGGTGGCTCTG_SMC027	SMC027	Control
TTGCCTGGTGGTTTGT_SMC049	SMC049	AD
TTGCCTGTCACACCGG_SMC038	SMC038	AD
TTGCCTGTCCTCATAT_SMC049	SMC049	AD
TTGCCTGTCGAAACAA_SMC043	SMC043	AD
TTGCCTGTCGACATAC_SMC041	SMC041	AD
TTGCCTGTCGTGCATA_SMC033	SMC033	Control
TTGCGTCAGACTGTTC_SMC049	SMC049	AD
TTGCGTCAGAGCCGTA_SMC053	SMC053	Active control
TTGCGTCAGGTATTGA_SMC037	SMC037	Active control
TTGCGTCCACTTTAGG_SMC031	SMC031	Active control
TTGCGTCGTATCGTGT_SMC049	SMC049	AD
TTGCGTCGTTTCCATT_SMC052	SMC052	Control
TTGCGTCTCATGGAGG_SMC033	SMC033	Control
TTGCGTCTCCTGATAG_SMC031	SMC031	Active control
TTGCTGCAGCAGCCCT_SMC052	SMC052	Control
TTGCTGCAGGAACTCG_SMC031	SMC031	Active control
TTGCTGCCAAGAATAC_SMC035	SMC035	Active control
TTGCTGCCAAGTAGTA_SMC032	SMC032	AD
TTGCTGCCATCTTTCA_SMC053	SMC053	Active control
TTGCTGCCATTGCTTT_SMC033	SMC033	Control
TTGCTGCGTTGTTGCA_SMC052	SMC052	Control
TTGCTGCTCACCACAA_SMC052	SMC052	Control
TTGCTGCTCCGACAGC_SMC049	SMC049	AD
TTGCTGCTCGACGCTG_SMC033	SMC033	Control
TTGCTGCTCGCTTTAT_SMC049	SMC049	AD
TTGCTGCTCTCGGTCT_SMC053	SMC053	Active control
TTGGATGCAGGCATGA_SMC049	SMC049	AD
TTGGATGGTAGGATAT_SMC031	SMC031	Active control
TTGGATGGTCGCTTAA_SMC030	SMC030	Control
TTGGATGGTGTTACTG_SMC052	SMC052	Control
TTGGATGTCCCGATCT_SMC038	SMC038	AD
TTGGATGTCGTTGTTT_SMC037	SMC037	Active control
TTGGATGTCTCGTGAA_SMC053	SMC053	Active control
TTGGATGTCTGCGGCA_SMC027	SMC027	Control
TTGGATGTCTGGCCTT_SMC052	SMC052	Control
TTGGGATAGCGACATG_SMC052	SMC052	Control
TTGGGATAGCTAAACA_SMC049	SMC049	AD
TTGGGATAGGCCTTCG_SMC052	SMC052	Control
TTGGGATAGGTTCAGG_SMC052	SMC052	Control
TTGGGATCAACACACT_SMC039	SMC039	AD
TTGGGATGTAAGCGGT_SMC053	SMC053	Active control
TTGGGATGTCGCATGC_SMC030	SMC030	Control
TTGGGCGAGCTGTGCC_SMC049	SMC049	AD
TTGGGCGAGGGTTGCA_SMC052	SMC052	Control
TTGGGCGAGGTTATAG_SMC052	SMC052	Control
TTGGGCGCAACCTATG_SMC033	SMC033	Control
TTGGGCGCACGACGCT_SMC049	SMC049	AD
TTGGGCGGTACTCCCT_SMC049	SMC049	AD
TTGGGCGGTCCGATCG_SMC033	SMC033	Control
TTGGGCGGTCGCTTGG_SMC038	SMC038	AD
TTGGGCGGTTCGGCTG_SMC030	SMC030	Control
TTGGGCGTCAAGCCGC_SMC032	SMC032	AD
TTGGGCGTCGCCGATG_SMC029	SMC029	AD
TTGGGTAAGAGCACTG_SMC052	SMC052	Control
TTGGGTAAGCGTGTCC_SMC037	SMC037	Active control
TTGGGTACAACACGTT_SMC053	SMC053	Active control
TTGGGTACACCACATA_SMC032	SMC032	AD
TTGGGTACACTGTGTA_SMC052	SMC052	Control
TTGGGTACATGGACAG_SMC052	SMC052	Control
TTGGGTAGTGTCATCA_SMC043	SMC043	AD
TTGGGTAGTTATGTCG_SMC049	SMC049	AD
TTGGGTAGTTCTCCCA_SMC053	SMC053	Active control
TTGGGTATCCAACCAA_SMC049	SMC049	AD
TTGGGTATCGAGAGAC_SMC035	SMC035	Active control
TTGGTTTAGGCGCTTC_SMC049	SMC049	AD
TTGGTTTAGTAAATGC_SMC038	SMC038	AD
TTGGTTTCAACATCGT_SMC041	SMC041	AD
TTGGTTTCACCTAAAC_SMC041	SMC041	AD
TTGGTTTCAGTTACCA_SMC037	SMC037	Active control
TTGGTTTCATCGAGCC_SMC052	SMC052	Control
TTGGTTTGTCAACGCC_SMC049	SMC049	AD
TTGGTTTGTGGTCTGC_SMC038	SMC038	AD
TTGGTTTGTGTCCGGT_SMC052	SMC052	Control
TTGGTTTTCATTCACT_SMC052	SMC052	Control
TTGGTTTTCCGTGCGA_SMC041	SMC041	AD
TTGGTTTTCGCAACAT_SMC035	SMC035	Active control
TTGTGGACAACAAAGT_SMC052	SMC052	Control
TTGTGGACAACATACC_SMC037	SMC037	Active control
TTGTGGACAGACACCC_SMC052	SMC052	Control
TTGTGGAGTGCGAGTA_SMC037	SMC037	Active control
TTGTGGAGTTGTTTGG_SMC053	SMC053	Active control
TTGTGGATCATGAGAA_SMC029	SMC029	AD
TTGTGGATCGTAATGC_SMC036	SMC036	AD
TTGTGTTAGCCGCACT_SMC031	SMC031	Active control
TTGTGTTAGGATACAT_SMC033	SMC033	Control
TTGTGTTCACGTACAT_SMC033	SMC033	Control
TTGTGTTGTAAGTAGT_SMC035	SMC035	Active control
TTGTGTTGTTAACCTG_SMC031	SMC031	Active control
TTGTTCAAGGACGGAG_SMC052	SMC052	Control
TTGTTCAAGGATACGC_SMC049	SMC049	AD
TTGTTCACACCTCGTT_SMC038	SMC038	AD
TTGTTCACACTTCATT_SMC052	SMC052	Control
TTGTTCACAGGAGGAG_SMC038	SMC038	AD
TTGTTCACATCTTAGG_SMC052	SMC052	Control
TTGTTCACATGGGTCC_SMC049	SMC049	AD
TTGTTCATCAGCGCGT_SMC049	SMC049	AD
TTGTTCATCCCTCTTT_SMC049	SMC049	AD
TTGTTCATCCTCACCA_SMC052	SMC052	Control
TTGTTCATCGACACTA_SMC052	SMC052	Control
TTGTTCATCGGTATGT_SMC053	SMC053	Active control
TTGTTGTAGACCATTC_SMC033	SMC033	Control
TTGTTGTAGACCTCCG_SMC038	SMC038	AD
TTGTTGTAGTGTTGAA_SMC027	SMC027	Control
TTGTTGTCACGCTGCA_SMC053	SMC053	Active control
TTGTTGTCATCGTGGC_SMC052	SMC052	Control
TTGTTGTGTCGTCATA_SMC030	SMC030	Control
TTGTTGTGTGAGTGAC_SMC053	SMC053	Active control
TTGTTGTGTGTCATCA_SMC052	SMC052	Control
TTGTTGTGTTGGCCGT_SMC049	SMC049	AD
TTGTTGTTCATACGAC_SMC052	SMC052	Control
TTGTTGTTCCGATTAG_SMC049	SMC049	AD
TTGTTGTTCGACGATT_SMC037	SMC037	Active control
TTGTTGTTCTGAACGT_SMC052	SMC052	Control
TTGTTTGAGCCGTCGT_SMC041	SMC041	AD
TTGTTTGCACAGCTGC_SMC052	SMC052	Control
TTGTTTGCACGGTAGA_SMC049	SMC049	AD
TTGTTTGCAGTTCCAA_SMC038	SMC038	AD
TTGTTTGGTATGTGTC_SMC052	SMC052	Control
TTGTTTGGTCCTCATC_SMC053	SMC053	Active control
TTGTTTGGTGAGGAAA_SMC052	SMC052	Control
TTGTTTGTCAGGGATG_SMC053	SMC053	Active control
TTGTTTGTCAGTCACA_SMC037	SMC037	Active control
TTGTTTGTCCACACAA_SMC049	SMC049	AD
TTGTTTGTCGTCGATA_SMC033	SMC033	Control
TTTACCAAGACGTCGA_SMC052	SMC052	Control
TTTACCAAGCCGTTGC_SMC041	SMC041	AD
TTTACCACAACAAGAT_SMC038	SMC038	AD
TTTACCAGTAAGATAC_SMC035	SMC035	Active control
TTTACCAGTCACTAGT_SMC052	SMC052	Control
TTTACCAGTTTCTATC_SMC031	SMC031	Active control
TTTACCATCAGCGGAA_SMC029	SMC029	AD
TTTACCATCAGCTGAT_SMC031	SMC031	Active control
TTTACCATCCGCAACG_SMC032	SMC032	AD
TTTACCATCCGTGGCA_SMC052	SMC052	Control
TTTACCATCGCGTTTC_SMC052	SMC052	Control
TTTACGTAGGCTCACC_SMC041	SMC041	AD
TTTACGTCAACAAAGT_SMC035	SMC035	Active control
TTTACGTGTACGAGCA_SMC036	SMC036	AD
TTTACGTGTATGAAGT_SMC037	SMC037	Active control
TTTACGTGTCAGTCCG_SMC052	SMC052	Control
TTTACGTGTGAACTAA_SMC049	SMC049	AD
TTTACGTGTGAGTCAG_SMC052	SMC052	Control
TTTACGTTCAGAGTGG_SMC049	SMC049	AD
TTTACGTTCCCATAAG_SMC052	SMC052	Control
TTTACGTTCTCTTGCG_SMC049	SMC049	AD
TTTACTGAGAATGTTG_SMC035	SMC035	Active control
TTTACTGAGCGCCGTT_SMC038	SMC038	AD
TTTACTGAGGCCTGAA_SMC035	SMC035	Active control
TTTACTGCACCATAAC_SMC049	SMC049	AD
TTTACTGGTCACCCTT_SMC052	SMC052	Control
TTTACTGGTGGATTTC_SMC053	SMC053	Active control
TTTACTGTCCTACACC_SMC053	SMC053	Active control
TTTACTGTCTGGTGCG_SMC033	SMC033	Control
TTTAGTCAGGAATCGC_SMC052	SMC052	Control
TTTAGTCAGTTCTACG_SMC039	SMC039	AD
TTTAGTCCAACAAGAT_SMC039	SMC039	AD
TTTAGTCCAATGTCAC_SMC027	SMC027	Control
TTTAGTCCAGATGCGA_SMC052	SMC052	Control
TTTAGTCCAGCTACAT_SMC038	SMC038	AD
TTTAGTCCATGCCGGT_SMC039	SMC039	AD
TTTAGTCGTTAATCGC_SMC033	SMC033	Control
TTTAGTCTCGTCAAAC_SMC038	SMC038	AD
TTTAGTCTCTAGTTCT_SMC038	SMC038	AD
TTTATGCAGAATACAC_SMC033	SMC033	Control
TTTATGCAGATGTTCC_SMC027	SMC027	Control
TTTATGCAGCAAGTCG_SMC049	SMC049	AD
TTTATGCAGCGGATCA_SMC030	SMC030	Control
TTTATGCAGGCCCAAA_SMC053	SMC053	Active control
TTTATGCAGTAACCGG_SMC053	SMC053	Active control
TTTATGCAGTTTCAGC_SMC033	SMC033	Control
TTTATGCGTAAGCAAT_SMC052	SMC052	Control
TTTATGCGTCGTTATG_SMC049	SMC049	AD
TTTATGCGTTGCTCAA_SMC038	SMC038	AD
TTTATGCTCAAGTCTG_SMC041	SMC041	AD
TTTATGCTCACGTCCT_SMC049	SMC049	AD
TTTATGCTCCGATCGG_SMC037	SMC037	Active control
TTTCACAAGCGACTGA_SMC052	SMC052	Control
TTTCACACAGCAGACA_SMC052	SMC052	Control
TTTCACACATCCGATA_SMC030	SMC030	Control
TTTCACACATCGAAGG_SMC052	SMC052	Control
TTTCACACATGGAACG_SMC035	SMC035	Active control
TTTCACAGTACTCGTA_SMC049	SMC049	AD
TTTCACAGTGAAGCGT_SMC033	SMC033	Control
TTTCACATCATCACAG_SMC053	SMC053	Active control
TTTCACATCATCGGGC_SMC052	SMC052	Control
TTTCACATCCACCTCA_SMC030	SMC030	Control
TTTCACATCCATCTGC_SMC052	SMC052	Control
TTTCACATCGTGGCGT_SMC049	SMC049	AD
TTTCACATCTAGCCTC_SMC035	SMC035	Active control
TTTCAGTAGGAACGAA_SMC049	SMC049	AD
TTTCAGTCAACGTTAC_SMC030	SMC030	Control
TTTCAGTGTAGCCAGA_SMC052	SMC052	Control
TTTCAGTGTTGTTTGG_SMC036	SMC036	AD
TTTCAGTTCCCTCAAC_SMC038	SMC038	AD
TTTCAGTTCGTGCAGC_SMC033	SMC033	Control
TTTCAGTTCGTTTACT_SMC052	SMC052	Control
TTTCAGTTCTTCTAAC_SMC033	SMC033	Control
TTTCAGTTCTTGAACG_SMC030	SMC030	Control
TTTCATGCAAATCAGA_SMC033	SMC033	Control
TTTCATGCAAATGGTA_SMC052	SMC052	Control
TTTCATGCACTTGGGC_SMC038	SMC038	AD
TTTCATGGTAACGTTC_SMC030	SMC030	Control
TTTCATGGTGACCTGC_SMC030	SMC030	Control
TTTCATGGTGCAATAA_SMC052	SMC052	Control
TTTCATGGTTGCTCGG_SMC030	SMC030	Control
TTTCATGTCGATACAC_SMC049	SMC049	AD
TTTCATGTCTAGTGTG_SMC053	SMC053	Active control
TTTCCTCCAAATGAAC_SMC049	SMC049	AD
TTTCCTCCAGGCATGA_SMC053	SMC053	Active control
TTTCCTCCATCACGGC_SMC033	SMC033	Control
TTTCCTCCATTCATCT_SMC036	SMC036	AD
TTTCCTCGTAGGCTGA_SMC049	SMC049	AD
TTTCCTCGTTAACAGA_SMC033	SMC033	Control
TTTCCTCTCCACACCT_SMC052	SMC052	Control
TTTCCTCTCGGTTGTA_SMC052	SMC052	Control
TTTCCTCTCTGAGAGG_SMC030	SMC030	Control
TTTCGATAGACCAGAC_SMC038	SMC038	AD
TTTCGATAGGTTATAG_SMC033	SMC033	Control
TTTCGATCACAAATGA_SMC052	SMC052	Control
TTTCGATCACCAGTTA_SMC049	SMC049	AD
TTTCGATCACTGATTG_SMC031	SMC031	Active control
TTTCGATGTAACCCGC_SMC052	SMC052	Control
TTTCGATTCACACCGG_SMC052	SMC052	Control
TTTCGATTCAGACATC_SMC033	SMC033	Control
TTTCGATTCCTGTTAT_SMC052	SMC052	Control
TTTCGATTCTTTGATC_SMC033	SMC033	Control
TTTGACTAGAAGGCTC_SMC033	SMC033	Control
TTTGACTAGAGGCGTT_SMC032	SMC032	AD
TTTGACTCACACACGC_SMC038	SMC038	AD
TTTGACTCACTCCCTA_SMC033	SMC033	Control
TTTGACTTCACACGAT_SMC033	SMC033	Control
TTTGACTTCCCGTGAG_SMC035	SMC035	Active control
TTTGACTTCGTTCTGC_SMC032	SMC032	AD
TTTGATCAGATAACGT_SMC031	SMC031	Active control
TTTGATCAGATCCCGC_SMC033	SMC033	Control
TTTGATCAGTAGAATC_SMC041	SMC041	AD
TTTGATCCACAACCGC_SMC033	SMC033	Control
TTTGATCCACTGTCCT_SMC033	SMC033	Control
TTTGATCCAGTGGCTC_SMC038	SMC038	AD
TTTGATCCATACTGAC_SMC049	SMC049	AD
TTTGATCCATGCACTA_SMC033	SMC033	Control
TTTGATCGTAAGAACT_SMC035	SMC035	Active control
TTTGATCGTTCGGCCA_SMC039	SMC039	AD
TTTGATCGTTTGAAAG_SMC038	SMC038	AD
TTTGATCTCACCTCAC_SMC035	SMC035	Active control
TTTGATCTCGCGGTAC_SMC049	SMC049	AD
TTTGGAGAGGCATCTT_SMC053	SMC053	Active control
TTTGGAGAGGCTAACG_SMC033	SMC033	Control
TTTGGAGCAAAGAACT_SMC052	SMC052	Control
TTTGGAGCATCCGCGA_SMC053	SMC053	Active control
TTTGGAGGTCGTATTG_SMC053	SMC053	Active control
TTTGGAGGTTAAGACA_SMC038	SMC038	AD
TTTGGTTAGACAGTCG_SMC049	SMC049	AD
TTTGGTTTCAGTGATC_SMC033	SMC033	Control
TTTGGTTTCCACAGCG_SMC052	SMC052	Control
TTTGTTGAGAAAGTCT_SMC053	SMC053	Active control
TTTGTTGAGTAGGAAG_SMC030	SMC030	Control
TTTGTTGCACGTATAC_SMC031	SMC031	Active control
TTTGTTGCAGCGTACC_SMC043	SMC043	AD
TTTGTTGCATAGAGGC_SMC029	SMC029	AD
TTTGTTGGTAACACCT_SMC053	SMC053	Active control
TTTGTTGGTAGTACGG_SMC049	SMC049	AD
TTTGTTGGTGACCGAA_SMC033	SMC033	Control
TTTGTTGTCCCTGGTT_SMC033	SMC033	Control
TTTGTTGTCTGGGCAC_SMC033	SMC033	Control
