barcode	sample	condition
AAACCAAAGCGATCTA_PO23	PO23	Control
AAACCATTCCAACTTC_PO11	PO11	AD
AAACCCAAGAAGGTAG_SMC041	SMC041	AD
AAACCCAAGGCCTAGA_SMC033	SMC033	Control
AAACCCACACCGGCTA_SMC053	SMC053	Active control
AAACCCACACTGTCCT_SMC053	SMC053	Active control
AAACCCACAGGTATGG_SMC052	SMC052	Control
AAACCCACATTACTCT_SMC041	SMC041	AD
AAACCCAGTCGGCCTA_SMC052	SMC052	Control
AAACCCAGTGGAGGTT_SMC038	SMC038	AD
AAACGAACATCCTATT_SMC052	SMC052	Control
AAACGAAGTCTAACGT_SMC041	SMC041	AD
AAACGAAGTGGAACAC_SMC052	SMC052	Control
AAACGAAGTGGAGAAA_SMC049	SMC049	AD
AAACGAATCACGCTAA_PO23	PO23	Control
AAACGAATCGCATAGC_PO20	PO20	Control
AAACGAATCTTGACTC_PO42	PO42	AD
AAACGACAGCGGTACT_PO28	PO28	AD
AAACGACAGTGCCCGA_PO42	PO42	AD
AAACGCCTCACTGGTA_PO28	PO28	AD
AAACGCCTCCATGTGA_PO15	PO15	Control
AAACGCCTCGATGGGA_PO05	PO05	AD
AAACGCTCAAGGTCAG_SMC030	SMC030	Control
AAACGCTCAGCAAGAC_SMC053	SMC053	Active control
AAACGCTCATCGAAGG_SMC052	SMC052	Control
AAACGCTGTGAAGCTG_SMC053	SMC053	Active control
AAACGCTGTTGCTGAT_SMC053	SMC053	Active control
AAACGCTGTTGGAGGT_SMC049	SMC049	AD
AAACGCTTCCTGTAGA_SMC049	SMC049	AD
AAACGGACACCAGGGT_PO20	PO20	Control
AAACTTGCAAGCGTTG_PO28	PO28	AD
AAACTTGCACTTGCTA_PO23	PO23	Control
AAACTTGCAGGGCTTA_PO28	PO28	AD
AAAGAACCACCGTACG_SMC052	SMC052	Control
AAAGAACCACGACAAG_SMC052	SMC052	Control
AAAGAACCACGTTGGC_SMC032	SMC032	AD
AAAGAACGTCACCGAC_SMC035	SMC035	Active control
AAAGAACGTCCAAGAG_SMC035	SMC035	Active control
AAAGAACGTTAAACCC_SMC052	SMC052	Control
AAAGAACTCCTCTGCA_SMC036	SMC036	AD
AAAGCAATCGAATCCA_PO42	PO42	AD
AAAGCATGTAAGCGGT_PO13	PO13	Control
AAAGCATGTATTGAGG_PO41	PO41	AD
AAAGCATGTTCGCAAT_PO23	PO23	Control
AAAGCCTCAGCTCAGA_PO20	PO20	Control
AAAGCTAAGTAGACTT_PO28	PO28	AD
AAAGCTGGTCTCACCT_PO11	PO11	AD
AAAGCTGGTTAGTCAC_PO05	PO05	AD
AAAGGATAGAGTCTGG_SMC041	SMC041	AD
AAAGGATAGCCACTCG_SMC052	SMC052	Control
AAAGGATAGCTGTACT_SMC052	SMC052	Control
AAAGGATCAACGACTT_SMC049	SMC049	AD
AAAGGATCAATTCGTG_SMC053	SMC053	Active control
AAAGGATGTACAACGG_SMC033	SMC033	Control
AAAGGATTCCTGATAG_SMC049	SMC049	AD
AAAGGATTCGATACTG_SMC049	SMC049	AD
AAAGGATTCTAGTCAG_SMC049	SMC049	AD
AAAGGGCAGCACTCAT_SMC052	SMC052	Control
AAAGGGCAGGATTTAG_SMC053	SMC053	Active control
AAAGGGCAGTGTACAA_SMC053	SMC053	Active control
AAAGGGCCAACACGAG_SMC053	SMC053	Active control
AAAGGGCCAATAGTCC_SMC035	SMC035	Active control
AAAGGGCCACAGGATG_SMC049	SMC049	AD
AAAGGGCCAGTAGAGC_SMC049	SMC049	AD
AAAGGGCGTACCAATC_SMC049	SMC049	AD
AAAGGGCGTACTGGGA_SMC049	SMC049	AD
AAAGGGCGTGGAACAC_SMC033	SMC033	Control
AAAGGGCGTTAGTTCG_SMC049	SMC049	AD
AAAGGGCTCTCATTTG_SMC035	SMC035	Active control
AAAGGTAAGGGCCAAT_SMC037	SMC037	Active control
AAAGGTAAGTGGAAGA_SMC052	SMC052	Control
AAAGGTATCGCATTGA_SMC052	SMC052	Control
AAAGGTTGTGATAGAT_PO41	PO41	AD
AAAGTAGTCCCATACT_PO28	PO28	AD
AAAGTAGTCGATGGGA_PO20	PO20	Control
AAAGTCAAGGCGATCT_PO28	PO28	AD
AAAGTCCAGAGGTTTA_SMC052	SMC052	Control
AAAGTCCAGATGCCGA_SMC053	SMC053	Active control
AAAGTCCAGGCCTGCT_SMC049	SMC049	AD
AAAGTCCTCAAGTCTG_SMC049	SMC049	AD
AAAGTCCTCATTCATC_SMC052	SMC052	Control
AAAGTCCTCCGTGGTG_SMC052	SMC052	Control
AAAGTCCTCGAGAGAC_SMC052	SMC052	Control
AAAGTCCTCTTTACAC_SMC052	SMC052	Control
AAAGTGAAGAGCAAGA_SMC037	SMC037	Active control
AAAGTGACACTCCACT_SMC035	SMC035	Active control
AAAGTGATCAATCAGC_SMC053	SMC053	Active control
AAAGTGATCAGCAATT_PO11	PO11	AD
AAAGTGATCCGGACGT_SMC053	SMC053	Active control
AAAGTGATCGGACTTA_SMC053	SMC053	Active control
AAATGCAAGCTAGACC_PO42	PO42	AD
AAATGGACAAAGCTCT_SMC052	SMC052	Control
AAATGGACAGGTTCGC_SMC035	SMC035	Active control
AAATGGACAGTCCGTG_SMC041	SMC041	AD
AAATGGAGTACGTACT_SMC052	SMC052	Control
AAATGGAGTATCCCTC_SMC053	SMC053	Active control
AAATGGAGTTACCCAA_SMC053	SMC053	Active control
AAATGGAGTTATAGAG_SMC052	SMC052	Control
AAATGGAGTTCGGACC_SMC049	SMC049	AD
AAATGGATCACCCTAT_PO20	PO20	Control
AAATGGATCCCGTGCT_PO28	PO28	AD
AAATGGATCCGCACAG_PO15	PO15	Control
AAATGGATCCTACGGG_SMC049	SMC049	AD
AAATGGATCTCACATC_PO23	PO23	Control
AAATGGATCTCATCGT_PO05	PO05	AD
AAATGGGCAATATCAG_PO05	PO05	AD
AAATGGGCAATCCATT_PO28	PO28	AD
AAATGGGCAATGAAGG_PO15	PO15	Control
AAATGGGCATTAACGA_PO15	PO15	Control
AAATGTGAGATTCGAT_PO05	PO05	AD
AAATTCGCAACATTAG_PO23	PO23	Control
AAATTGCTCATGCCTT_PO41	PO41	AD
AAATTGCTCCTGTCGC_PO15	PO15	Control
AACAAAGAGAAACTGT_SMC049	SMC049	AD
AACAAAGAGGTAACTA_SMC053	SMC053	Active control
AACAAAGAGTCACTCA_SMC053	SMC053	Active control
AACAAAGCACAAGCCC_SMC053	SMC053	Active control
AACAAAGCACACCGCA_SMC038	SMC038	AD
AACAAAGCAGAGTTGG_SMC052	SMC052	Control
AACAAAGCATCAGCAT_SMC052	SMC052	Control
AACAAAGCATGATCTG_SMC033	SMC033	Control
AACAAAGGTCAGCGTC_SMC053	SMC053	Active control
AACAAAGGTCTGCAAT_SMC041	SMC041	AD
AACAAAGGTGCTGATT_SMC037	SMC037	Active control
AACAAAGTCAAGTCGT_SMC049	SMC049	AD
AACAAAGTCAAGTCGT_SMC052	SMC052	Control
AACAACCAGGGTTAAT_SMC052	SMC052	Control
AACAACCAGTTGGAAT_SMC035	SMC035	Active control
AACAACCCAATGTTGC_SMC053	SMC053	Active control
AACAACCCAGAAATTG_SMC049	SMC049	AD
AACAACCCAGTAGATA_SMC038	SMC038	AD
AACAACCCATCCCGTT_SMC052	SMC052	Control
AACAACCGTCACGCTG_SMC049	SMC049	AD
AACAAGAAGTGAGTGC_SMC052	SMC052	Control
AACAAGACATTCTCTA_SMC033	SMC033	Control
AACAAGAGTAGACGTG_SMC035	SMC035	Active control
AACAAGAGTCGTATTG_SMC033	SMC033	Control
AACAAGATCCGCAGTG_SMC049	SMC049	AD
AACACACAGAATTGTG_SMC053	SMC053	Active control
AACACACAGGACTATA_SMC052	SMC052	Control
AACACACAGGTTGGTG_SMC049	SMC049	AD
AACACACAGTATGCAA_SMC049	SMC049	AD
AACACACAGTGGATAT_SMC049	SMC049	AD
AACACACCATACCGTA_SMC052	SMC052	Control
AACACACGTAACAAGT_SMC037	SMC037	Active control
AACACACGTCCCGTGA_SMC049	SMC049	AD
AACACACTCCTTCTGG_SMC035	SMC035	Active control
AACACACTCTTTCGAT_SMC041	SMC041	AD
AACACATTCAGGGAAT_PO28	PO28	AD
AACACCGCAAACTGAC_PO05	PO05	AD
AACACCGCATGGTTGG_PO23	PO23	Control
AACACCGCATTACAGA_PO23	PO23	Control
AACACCTGTGAGAGGA_PO42	PO42	AD
AACACGAGTCAAGCCC_PO20	PO20	Control
AACACGAGTGCAGCTC_PO28	PO28	AD
AACACGAGTTCGAGTT_PO23	PO23	Control
AACAGCTCATGAGTGT_PO23	PO23	Control
AACAGGCGTTGCATGT_PO13	PO13	Control
AACAGGGTCGATGCAT_SMC035	SMC035	Active control
AACAGTAAGCTAGTAT_PO41	PO41	AD
AACATAGAGTCGATAT_PO41	PO41	AD
AACATCACAAGCTCTC_PO42	PO42	AD
AACATCACAGGAAGTA_PO42	PO42	AD
AACATTCAGGCGCATT_PO41	PO41	AD
AACATTGCAGGAAGTA_PO13	PO13	Control
AACCAACAGCTAGTTC_SMC038	SMC038	AD
AACCAACAGTATGAAC_SMC053	SMC053	Active control
AACCAACCAAGTCCAT_SMC053	SMC053	Active control
AACCAACTCGGTGTTA_SMC052	SMC052	Control
AACCAAGGTTCACGAT_PO05	PO05	AD
AACCACACAAACGTGG_SMC053	SMC053	Active control
AACCACACAGGTTTAC_SMC052	SMC052	Control
AACCACAGTCTGTCCT_SMC052	SMC052	Control
AACCACAGTTGACTAC_SMC052	SMC052	Control
AACCACAGTTGCCTAA_SMC038	SMC038	AD
AACCACGCAGCCATAG_PO42	PO42	AD
AACCACGCAGGCAATT_PO05	PO05	AD
AACCAGCTCATCATCC_PO23	PO23	Control
AACCAGCTCCAGGTAC_PO23	PO23	Control
AACCAGCTCTGGATTG_PO23	PO23	Control
AACCAGGAGCGAACGA_PO42	PO42	AD
AACCATGAGACAGCTG_SMC053	SMC053	Active control
AACCATGCACGACCTG_SMC053	SMC053	Active control
AACCATGGTGGTCAAG_SMC033	SMC033	Control
AACCATGTCCGATGTA_SMC053	SMC053	Active control
AACCCAAAGACGTCGA_SMC052	SMC052	Control
AACCCAAAGGCATGCA_SMC030	SMC030	Control
AACCCAACAGCCTACG_SMC053	SMC053	Active control
AACCCAACATGGCACC_SMC053	SMC053	Active control
AACCCAAGTCAAATCC_SMC053	SMC053	Active control
AACCCAAGTTGCTTGA_SMC052	SMC052	Control
AACCCAATCATGCCCT_SMC038	SMC038	AD
AACCCAATCCACGAAT_SMC049	SMC049	AD
AACCCAATCTGCTAGA_SMC035	SMC035	Active control
AACCCAATCTGTACAG_SMC049	SMC049	AD
AACCCAGCAAGCTGGC_PO41	PO41	AD
AACCCTAAGCAAGGGC_PO41	PO41	AD
AACCCTAAGGTTCATG_PO13	PO13	Control
AACCCTGGTATGTCAC_PO23	PO23	Control
AACCCTGGTTGCTCTC_PO42	PO42	AD
AACCGGGGTATGTACC_PO23	PO23	Control
AACCGGGGTTGTGAGA_PO28	PO28	AD
AACCTCAAGGAGCTTC_PO11	PO11	AD
AACCTCAAGTCGCAGT_PO23	PO23	Control
AACCTGAAGAACTGAT_SMC052	SMC052	Control
AACCTGAAGGGCGAAG_SMC052	SMC052	Control
AACCTGAAGTAGTCAA_SMC032	SMC032	AD
AACCTGACAACCGCTG_SMC049	SMC049	AD
AACCTGACAATCTCTT_SMC053	SMC053	Active control
AACCTGACAGGATCTT_SMC052	SMC052	Control
AACCTGACATCATGAC_SMC052	SMC052	Control
AACCTGATCGGAATTC_SMC052	SMC052	Control
AACCTGATCTACCAGA_SMC052	SMC052	Control
AACCTTGAGTATGACT_PO15	PO15	Control
AACCTTTAGCCAAGCA_SMC053	SMC053	Active control
AACCTTTAGTGCGCTC_SMC052	SMC052	Control
AACCTTTCACACGCCA_SMC052	SMC052	Control
AACCTTTGTAGCCCTG_SMC049	SMC049	AD
AACCTTTGTCACCGCA_SMC052	SMC052	Control
AACCTTTTCAAGGTGG_SMC049	SMC049	AD
AACCTTTTCGCTTACC_SMC052	SMC052	Control
AACCTTTTCTCCTACG_SMC033	SMC033	Control
AACGAAAAGTACCATC_SMC049	SMC049	AD
AACGAAAAGTTGTACC_SMC053	SMC053	Active control
AACGAAACAATAGTCC_SMC033	SMC033	Control
AACGAAACACTATCCC_SMC053	SMC053	Active control
AACGAAAGTAACACGG_SMC049	SMC049	AD
AACGAAAGTGCTGCAC_SMC052	SMC052	Control
AACGAAAGTTGATCGT_SMC052	SMC052	Control
AACGAAATCCGCACGA_SMC033	SMC033	Control
AACGAACAGATACTCG_PO20	PO20	Control
AACGAATGTCAAGTCT_PO23	PO23	Control
AACGATCCAAATTCCT_PO23	PO23	Control
AACGATCCAAGTCCTC_PO28	PO28	AD
AACGATGGTCTTGCGA_PO15	PO15	Control
AACGCAAGTCAGCCAC_PO42	PO42	AD
AACGCAAGTTGGTGAA_PO23	PO23	Control
AACGCCCGTATTAGGG_PO15	PO15	Control
AACGCCCGTGAGGAAG_PO28	PO28	AD
AACGCGCCAGCAGGTC_PO42	PO42	AD
AACGCGCCATGAGCTG_PO42	PO42	AD
AACGCTATCACTCGAA_PO41	PO41	AD
AACGCTCAGCTAGAGG_PO15	PO15	Control
AACGCTCAGTTGCGGT_PO41	PO41	AD
AACGGATAGTCGCGTG_PO23	PO23	Control
AACGGATAGTTGCGTA_PO28	PO28	AD
AACGGCAAGTTGGGTC_PO13	PO13	Control
AACGGGAAGGGTTAGC_SMC049	SMC049	AD
AACGGGACATTGTAGC_SMC052	SMC052	Control
AACGGGAGTACCATAC_SMC035	SMC035	Active control
AACGGGAGTTAAAGTG_SMC052	SMC052	Control
AACGGGAGTTATAGAG_SMC053	SMC053	Active control
AACGGGATCAGTCATG_SMC038	SMC038	AD
AACGGGATCTTGTTAC_SMC049	SMC049	AD
AACGGTAGTTGGCTGC_PO20	PO20	Control
AACGTAAAGTAAGGAC_PO15	PO15	Control
AACGTAGGTCAGGACG_PO23	PO23	Control
AACGTAGGTCATCACG_PO28	PO28	AD
AACGTCAAGTCGTCTA_SMC033	SMC033	Control
AACGTCAGTCAGACGA_SMC052	SMC052	Control
AACGTCATCGTGACTA_SMC038	SMC038	AD
AACTAGAAGCGAACCT_PO28	PO28	AD
AACTAGCCAATGTCGG_PO42	PO42	AD
AACTAGCCAGGGCTAC_PO42	PO42	AD
AACTAGCCATGGCTTC_PO42	PO42	AD
AACTCGATCCGGTTAA_PO05	PO05	AD
AACTCTTCACATAGAC_PO42	PO42	AD
AACTCTTCATCCCTGG_PO20	PO20	Control
AACTGACCATGAGCCA_PO20	PO20	Control
AACTGAGGTAGCAGGT_PO23	PO23	Control
AACTGAGGTGCGCAGA_PO42	PO42	AD
AACTTCCTCACTTCAC_PO28	PO28	AD
AACTTCTAGATGACCG_SMC053	SMC053	Active control
AACTTCTAGCCTCAAT_SMC053	SMC053	Active control
AACTTCTAGTATGCAA_SMC053	SMC053	Active control
AACTTCTAGTTCAACC_SMC052	SMC052	Control
AACTTCTCAAGAGCTG_SMC033	SMC033	Control
AACTTCTCACTAATCT_PO28	PO28	AD
AACTTCTGTACGATTC_SMC052	SMC052	Control
AACTTCTGTATACAGA_SMC037	SMC037	Active control
AACTTCTGTGCTGATT_SMC049	SMC049	AD
AACTTCTTCCATACAG_SMC052	SMC052	Control
AACTTCTTCGGAATGG_SMC052	SMC052	Control
AACTTCTTCGTTAGTG_SMC049	SMC049	AD
AACTTCTTCTAAGCGT_SMC053	SMC053	Active control
AACTTGGTCCTTCGAT_PO23	PO23	Control
AACTTGGTCGCTCGTC_PO05	PO05	AD
AACTTTGGTTCGCTAG_PO41	PO41	AD
AAGAACAAGTAATACG_SMC049	SMC049	AD
AAGAACAAGTTCGGTT_SMC053	SMC053	Active control
AAGAACACACGCCACA_SMC053	SMC053	Active control
AAGAACAGTTGGGACA_SMC052	SMC052	Control
AAGAACATCATTGGTG_SMC033	SMC033	Control
AAGAACATCTCTCCGA_SMC035	SMC035	Active control
AAGACAAAGAAATTCG_SMC052	SMC052	Control
AAGACAAAGATGGGCT_SMC052	SMC052	Control
AAGACAAAGGTTGAGC_SMC052	SMC052	Control
AAGACAACAAAGCACG_SMC035	SMC035	Active control
AAGACAACAAGAGTGC_SMC049	SMC049	AD
AAGACAACAAGTTCGT_SMC037	SMC037	Active control
AAGACAAGTAATGATG_SMC049	SMC049	AD
AAGACAAGTCGAGTTT_SMC052	SMC052	Control
AAGACAATCAGACCGC_SMC033	SMC033	Control
AAGACAATCCATTCAT_SMC052	SMC052	Control
AAGACTCCACCGTGAC_SMC049	SMC049	AD
AAGACTCGTACAGTAA_SMC049	SMC049	AD
AAGACTCGTCGCATCG_SMC033	SMC033	Control
AAGACTCGTTGCTAGT_SMC053	SMC053	Active control
AAGACTCGTTTGTGGT_SMC049	SMC049	AD
AAGACTCTCATTTGTC_SMC049	SMC049	AD
AAGACTCTCTGGACTA_SMC041	SMC041	AD
AAGATAGAGTGTAGAT_SMC049	SMC049	AD
AAGATAGCACGACAAG_SMC041	SMC041	AD
AAGATAGCAGGAACCA_SMC052	SMC052	Control
AAGATAGGTCTTCCGT_SMC032	SMC032	AD
AAGATAGTCCTTCTTC_SMC053	SMC053	Active control
AAGCAACAGTCTCTGT_PO13	PO13	Control
AAGCAATGTGGAGACT_PO42	PO42	AD
AAGCACCTCCAGGGTT_PO11	PO11	AD
AAGCACCTCTGGATCA_PO20	PO20	Control
AAGCACCTCTTGATGG_PO20	PO20	Control
AAGCATCAGTAACCTC_SMC038	SMC038	AD
AAGCATCCACAGCCTT_PO20	PO20	Control
AAGCATCCACCATATG_SMC052	SMC052	Control
AAGCATCCAGCCAATG_PO11	PO11	AD
AAGCATCGTAAGGCTG_SMC052	SMC052	Control
AAGCATCGTCTGATCA_SMC049	SMC049	AD
AAGCATCTCTACGCGG_SMC053	SMC053	Active control
AAGCATCTCTAGGCCG_SMC052	SMC052	Control
AAGCATCTCTTAATCC_SMC053	SMC053	Active control
AAGCATTTCCGTTGGG_PO28	PO28	AD
AAGCATTTCGCGCAAT_PO13	PO13	Control
AAGCCATAGACTTAAG_SMC052	SMC052	Control
AAGCCATCACTATGCC_PO42	PO42	AD
AAGCCATGTAGATTAG_SMC037	SMC037	Active control
AAGCCATGTGAATTAG_SMC038	SMC038	AD
AAGCCATTCATAAGGA_SMC049	SMC049	AD
AAGCCATTCGATACTG_SMC052	SMC052	Control
AAGCCGCCATTGGCCT_PO23	PO23	Control
AAGCCGGGTAGCCCGT_PO28	PO28	AD
AAGCCGGGTTCGTCCT_PO20	PO20	Control
AAGCCTATCGCATTGA_PO11	PO11	AD
AAGCCTGCAACATAGC_PO15	PO15	Control
AAGCGAGAGGACGCTA_SMC052	SMC052	Control
AAGCGAGCACTAACGT_SMC053	SMC053	Active control
AAGCGAGCATGGGTTT_SMC053	SMC053	Active control
AAGCGAGCATTCCTCG_SMC038	SMC038	AD
AAGCGAGTCCATAGAC_SMC053	SMC053	Active control
AAGCGATAGTCGCAGT_PO23	PO23	Control
AAGCGCAAGGTCACGT_PO28	PO28	AD
AAGCGGATCCACCGCT_PO42	PO42	AD
AAGCGGATCCGGTAGT_PO15	PO15	Control
AAGCGGATCCGTGGCA_PO28	PO28	AD
AAGCGTTAGCAACAAT_SMC035	SMC035	Active control
AAGCGTTAGCCACAAG_SMC035	SMC035	Active control
AAGCGTTCACATAACC_SMC049	SMC049	AD
AAGCGTTCATCGCCTT_SMC032	SMC032	AD
AAGCGTTGTAGAGATT_SMC049	SMC049	AD
AAGCGTTGTATTCCGA_SMC049	SMC049	AD
AAGCGTTTCGAACACT_SMC052	SMC052	Control
AAGCGTTTCTCATAGG_SMC052	SMC052	Control
AAGCGTTTCTTGGCTC_SMC049	SMC049	AD
AAGCTAAAGTTGGCTA_PO42	PO42	AD
AAGCTCTGTTGGGCCT_PO23	PO23	Control
AAGGAATAGGCAGTCA_SMC049	SMC049	AD
AAGGAATAGGGCTAAC_SMC037	SMC037	Active control
AAGGAATCAGCACAGA_SMC052	SMC052	Control
AAGGAATGTATTCCTT_SMC035	SMC035	Active control
AAGGAATGTCAAAGTA_SMC038	SMC038	AD
AAGGAATGTCTCTCCA_SMC053	SMC053	Active control
AAGGAATTCGGCAGTC_SMC049	SMC049	AD
AAGGACTAGGCGTCAT_PO28	PO28	AD
AAGGCTAGTCAAGCCC_PO05	PO05	AD
AAGGCTAGTTTGGACT_PO11	PO11	AD
AAGGGGTCACCTCATA_PO28	PO28	AD
AAGGGTTAGTGCTTGA_PO05	PO05	AD
AAGGTAAAGTTCGGTT_SMC052	SMC052	Control
AAGGTAACAATACAGA_SMC053	SMC053	Active control
AAGGTAAGTGTCACAT_SMC039	SMC039	AD
AAGGTAATCATCCCGT_SMC052	SMC052	Control
AAGGTAATCATGACAC_SMC052	SMC052	Control
AAGGTAATCCACACAA_SMC049	SMC049	AD
AAGGTAATCCTTAGTC_PO15	PO15	Control
AAGGTAATCGATGCTA_SMC052	SMC052	Control
AAGGTAATCTCGGTCT_SMC049	SMC049	AD
AAGGTAATCTGTCCCA_SMC033	SMC033	Control
AAGGTATGTAGTGCAA_PO23	PO23	Control
AAGGTATGTTCATCCC_PO41	PO41	AD
AAGGTCAGTTATCGGT_PO42	PO42	AD
AAGGTTAAGGTGCTTA_PO05	PO05	AD
AAGTAAGTCCGTTACT_PO23	PO23	Control
AAGTACCAGGTCGTGA_SMC049	SMC049	AD
AAGTACCCAAGAATAC_SMC038	SMC038	AD
AAGTACCCACGCAAAG_SMC035	SMC035	Active control
AAGTACCCACTTGAAC_SMC052	SMC052	Control
AAGTACCCAGGACTAT_PO28	PO28	AD
AAGTACCCATGCCATA_SMC053	SMC053	Active control
AAGTACCCATGGAACG_SMC049	SMC049	AD
AAGTACCCATGGTGAT_PO11	PO11	AD
AAGTACCGTGACGTCC_SMC037	SMC037	Active control
AAGTACCGTTCTTGCC_SMC053	SMC053	Active control
AAGTACCTCAACCGAT_SMC052	SMC052	Control
AAGTACCTCATTGTTC_SMC049	SMC049	AD
AAGTACCTCCGCAACG_SMC052	SMC052	Control
AAGTACCTCTGGCCGA_SMC049	SMC049	AD
AAGTACGGTCATGGTT_PO15	PO15	Control
AAGTATGAGTGGGTCT_PO42	PO42	AD
AAGTCACCATAAGCGT_PO28	PO28	AD
AAGTCAGGTTGGTAGA_PO23	PO23	Control
AAGTCATTCATCACGA_PO13	PO13	Control
AAGTCGCTCCGTAGAC_PO42	PO42	AD
AAGTCGCTCCTTCGCA_PO13	PO13	Control
AAGTCGCTCGCGTGTG_PO15	PO15	Control
AAGTCGCTCTGGCCCT_PO28	PO28	AD
AAGTCGTAGTGAGTGC_SMC053	SMC053	Active control
AAGTCGTCACGGAAGT_SMC053	SMC053	Active control
AAGTCGTCATGTGGTT_SMC052	SMC052	Control
AAGTCGTGTAAGGCCA_SMC052	SMC052	Control
AAGTCGTTCAGTGTCA_SMC035	SMC035	Active control
AAGTCGTTCCTCACTG_SMC049	SMC049	AD
AAGTCGTTCGCACGAC_SMC052	SMC052	Control
AAGTGAAAGCGATGAC_SMC053	SMC053	Active control
AAGTGAAAGGATTCCT_SMC035	SMC035	Active control
AAGTGAACACACCGAC_SMC038	SMC038	AD
AAGTGAAGTAGATTGA_SMC053	SMC053	Active control
AAGTGAAGTGAACCGA_SMC052	SMC052	Control
AAGTGAAGTTACAGCT_SMC052	SMC052	Control
AAGTGAAGTTTCGTAG_SMC035	SMC035	Active control
AAGTGAATCTGCTCTG_SMC053	SMC053	Active control
AAGTGATGTATGTCAC_PO42	PO42	AD
AAGTGCCTCGCTGAAC_PO13	PO13	Control
AAGTGGACATTAATCC_PO28	PO28	AD
AAGTGGGTCACTCCGC_PO41	PO41	AD
AAGTGTCCAACTAATG_PO20	PO20	Control
AAGTTCCGTAGCTATC_PO28	PO28	AD
AAGTTCGAGAGTCGAC_SMC053	SMC053	Active control
AAGTTCGAGGGAGGCA_SMC041	SMC041	AD
AAGTTCGCAAGTCCAT_SMC052	SMC052	Control
AAGTTCGCACCGTCTT_SMC052	SMC052	Control
AAGTTCGCAGCTCGGT_SMC053	SMC053	Active control
AAGTTCGCATGCGGTC_SMC053	SMC053	Active control
AAGTTCGGTATGAGCG_SMC052	SMC052	Control
AAGTTCGGTCCAGTTA_SMC052	SMC052	Control
AAGTTCGGTGAGAACC_SMC032	SMC032	AD
AAGTTCGTCACTCGAA_SMC038	SMC038	AD
AAGTTCGTCGCACGAC_SMC049	SMC049	AD
AAGTTCGTCTTCCGTG_SMC038	SMC038	AD
AAGTTGAAGCGCATCG_PO13	PO13	Control
AAGTTGGGTTGTCTCC_PO23	PO23	Control
AAGTTTCAGGCGTCAT_PO15	PO15	Control
AAGTTTCAGTGAATGA_PO42	PO42	AD
AATACGCCAATATGCA_PO20	PO20	Control
AATACGCCACAGCACA_PO20	PO20	Control
AATACGCCATTAACTC_PO23	PO23	Control
AATACGGGTTATGCTA_PO41	PO41	AD
AATACGTTCCTCTCCT_PO42	PO42	AD
AATACGTTCGAGTCCG_PO28	PO28	AD
AATAGAGAGGGAGGTG_SMC038	SMC038	AD
AATAGAGCACTACCCT_SMC049	SMC049	AD
AATAGAGGTAGCCCTG_SMC052	SMC052	Control
AATAGAGGTATGCGTT_SMC049	SMC049	AD
AATAGAGGTGACTCGC_SMC053	SMC053	Active control
AATAGAGGTGTAAATG_SMC049	SMC049	AD
AATAGAGTCACCTGGG_SMC041	SMC041	AD
AATAGAGTCAGTGTTG_SMC052	SMC052	Control
AATAGAGTCGAGGCAA_SMC041	SMC041	AD
AATAGAGTCGCTGCGA_SMC049	SMC049	AD
AATATCGCATAACCGG_PO28	PO28	AD
AATATGGAGAAGCCTC_PO05	PO05	AD
AATATGGAGGCATTCA_PO15	PO15	Control
AATCACGAGCCATTGT_SMC049	SMC049	AD
AATCACGGTCCAGGTC_SMC053	SMC053	Active control
AATCACGTCAAGTGGG_SMC053	SMC053	Active control
AATCACGTCACCATGA_SMC049	SMC049	AD
AATCACTAGTCGCAGT_PO15	PO15	Control
AATCATCAGCTACTGA_PO20	PO20	Control
AATCATCAGCTTCCAT_PO28	PO28	AD
AATCCCAAGGATGAGT_PO23	PO23	Control
AATCGACCATACACCA_SMC052	SMC052	Control
AATCGACGTACAGAAT_SMC052	SMC052	Control
AATCGACGTTGTATGC_SMC049	SMC049	AD
AATCGACTCACCGGTG_SMC049	SMC049	AD
AATCGACTCGAGCACC_SMC037	SMC037	Active control
AATCGGCTCAGGCTCG_PO28	PO28	AD
AATCGGTCACATACTT_PO05	PO05	AD
AATCGTGAGAAACCAT_SMC053	SMC053	Active control
AATCGTGAGAGCATTA_SMC049	SMC049	AD
AATCGTGAGGAGAGTA_SMC049	SMC049	AD
AATCGTGCATCCTAAG_SMC052	SMC052	Control
AATCGTGGTTAACCTG_SMC053	SMC053	Active control
AATCGTGTCAGCAATC_SMC049	SMC049	AD
AATCGTGTCGTAGGAG_SMC035	SMC035	Active control
AATCTAGCACTAACGG_PO28	PO28	AD
AATCTGGTCACATGAT_PO15	PO15	Control
AATGAACGTGGCGCAA_PO28	PO28	AD
AATGAAGAGGCACGAT_SMC052	SMC052	Control
AATGAAGCACAAATAG_SMC033	SMC033	Control
AATGAAGGTATGATCC_SMC052	SMC052	Control
AATGAAGGTTAAGCAA_SMC049	SMC049	AD
AATGAAGGTTCTTGTT_SMC049	SMC049	AD
AATGACAAGATTCCCT_PO28	PO28	AD
AATGACCAGGCCTGAA_SMC053	SMC053	Active control
AATGACCCATAAGGAG_PO13	PO13	Control
AATGACCCATTCATCG_PO20	PO20	Control
AATGACCGTAGTGATA_SMC053	SMC053	Active control
AATGACCGTCTGCGCA_SMC052	SMC052	Control
AATGACCTCACCTGGG_SMC049	SMC049	AD
AATGACCTCGCCATAA_SMC049	SMC049	AD
AATGAGGCACATGCTC_PO23	PO23	Control
AATGCACCACTTCGCG_PO23	PO23	Control
AATGCAGGTGGACATA_PO28	PO28	AD
AATGCAGGTTCACCGA_PO05	PO05	AD
AATGCCAAGAATCGAT_SMC052	SMC052	Control
AATGCCACAAACTAAG_SMC053	SMC053	Active control
AATGCCACAATCCAGT_SMC037	SMC037	Active control
AATGCCACACTGATTG_SMC052	SMC052	Control
AATGCCACAGGATGAC_SMC052	SMC052	Control
AATGCCAGTTCCTTGC_SMC035	SMC035	Active control
AATGCCATCCCGTGTT_SMC049	SMC049	AD
AATGCCATCGGCGATC_SMC049	SMC049	AD
AATGCCATCGGCTCTT_SMC052	SMC052	Control
AATGCCTGTCATCGCA_PO05	PO05	AD
AATGCCTGTCATGCCA_PO42	PO42	AD
AATGCGGAGTTACGAT_PO28	PO28	AD
AATGGAAAGGCAGCTA_SMC052	SMC052	Control
AATGGAAGTAGCGAGT_SMC052	SMC052	Control
AATGGAAGTTCTTGTT_SMC053	SMC053	Active control
AATGGAATCACGGACC_SMC052	SMC052	Control
AATGGAATCATGCAGT_SMC049	SMC049	AD
AATGGAATCTACTGCC_SMC053	SMC053	Active control
AATGGATGTAATCCGT_PO28	PO28	AD
AATGGATGTCAGGAGT_PO05	PO05	AD
AATGGATGTTAATCGC_PO28	PO28	AD
AATGGCAGTTTGCCTC_PO15	PO15	Control
AATGGCCTCTAGCTTC_PO42	PO42	AD
AATGGCGAGATAGCAA_PO23	PO23	Control
AATGGCGAGCGATGTC_PO15	PO15	Control
AATGGCGAGCTGGAGA_PO11	PO11	AD
AATGGCGAGGTTCATG_PO23	PO23	Control
AATGGCTAGAGTGGCT_SMC053	SMC053	Active control
AATGGCTAGTCCCGGT_SMC036	SMC036	AD
AATGGCTCAACATACA_PO28	PO28	AD
AATGGCTCACGTACAT_SMC052	SMC052	Control
AATGGCTCAGGCTCTG_SMC052	SMC052	Control
AATGGCTCATGAAGCG_SMC038	SMC038	AD
AATGGCTGTAACCCTA_SMC049	SMC049	AD
AATGGCTGTGCCTACG_SMC049	SMC049	AD
AATGGCTGTGGGATTG_SMC053	SMC053	Active control
AATGGGCGTTGTAGGA_PO42	PO42	AD
AATGGGGTCAGCCCGA_PO20	PO20	Control
AATGGGGTCCGCTGAG_PO13	PO13	Control
AATGGTAAGTGAACTT_PO28	PO28	AD
AATGTGAAGGCATGTC_PO15	PO15	Control
AATGTGTTCATGCGGT_PO23	PO23	Control
AATGTGTTCGCTCCTA_PO42	PO42	AD
AATGTTGCAGGAACTT_PO42	PO42	AD
AATTCCTAGCCAGAGT_SMC049	SMC049	AD
AATTCCTAGGTTCTAC_SMC052	SMC052	Control
AATTCCTCAACTGAAA_SMC038	SMC038	AD
AATTCCTCATGACCCT_PO11	PO11	AD
AATTCCTGTGTGTTTG_SMC038	SMC038	AD
AATTCCTGTTATTCCT_SMC053	SMC053	Active control
AATTCCTTCTCTCGAC_SMC052	SMC052	Control
AATTGGGGTTCGGTGC_PO42	PO42	AD
AATTGGTTCCGTGCAG_PO23	PO23	Control
AATTGGTTCGCGTGAT_PO28	PO28	AD
AATTGTCAGGTGACTC_PO13	PO13	Control
AATTTCCAGCGATGCA_SMC033	SMC033	Control
AATTTCCCAACCAGAG_SMC041	SMC041	AD
AATTTCCCAGACGCTC_SMC052	SMC052	Control
AATTTCCCAGATTCGT_SMC052	SMC052	Control
AATTTCCGTAAGACCG_SMC053	SMC053	Active control
AATTTCCGTCGGTGTC_SMC041	SMC041	AD
AATTTCCGTCTGCGCA_SMC049	SMC049	AD
AATTTCCTCCGAGCTG_SMC052	SMC052	Control
AATTTCCTCGCTTACC_SMC053	SMC053	Active control
ACAAAGAAGCATTTGC_SMC041	SMC041	AD
ACAAAGAAGCGATTCT_SMC033	SMC033	Control
ACAAAGACATTGTCGA_SMC049	SMC049	AD
ACAAAGAGTAGGACCA_SMC053	SMC053	Active control
ACAAAGAGTGACCGTC_SMC049	SMC049	AD
ACAAAGATCGGCTGTG_SMC052	SMC052	Control
ACAAAGATCGTCCTCA_SMC033	SMC033	Control
ACAACAGGTTAAGTCC_PO41	PO41	AD
ACAACAGGTTATGTCA_PO28	PO28	AD
ACAACATTCGCTAGGT_PO28	PO28	AD
ACAACATTCTAAGTGT_PO05	PO05	AD
ACAACCAGTGGGCTTC_SMC052	SMC052	Control
ACAACCAGTTACGGAG_SMC030	SMC030	Control
ACAACCATCACCGCTT_SMC049	SMC049	AD
ACAACCATCATGAGAA_SMC052	SMC052	Control
ACAACCATCGCTCGTC_PO28	PO28	AD
ACAACCATCTGGGATT_SMC052	SMC052	Control
ACAACCGCAGTTAGGT_PO20	PO20	Control
ACAACCGCATAGATGC_PO15	PO15	Control
ACAACCTGTGCACGAG_PO28	PO28	AD
ACAAGCCTCATCACTC_PO13	PO13	Control
ACAAGCGAGATAGGGT_PO23	PO23	Control
ACAAGCTAGCAAGCCA_SMC052	SMC052	Control
ACAAGCTAGGTCGTCC_SMC052	SMC052	Control
ACAAGCTCAGGATGCC_PO20	PO20	Control
ACAAGCTGTAATGTGA_SMC037	SMC037	Active control
ACAAGCTGTGCAGATG_SMC035	SMC035	Active control
ACAAGCTGTGCATGTT_SMC037	SMC037	Active control
ACAAGCTGTGTTCCAA_SMC053	SMC053	Active control
ACAAGGCGTCCATCTC_PO23	PO23	Control
ACAAGGTAGATAGCGG_PO05	PO05	AD
ACAAGGTAGTGGCTGT_PO15	PO15	Control
ACAAGTTTCCTCGTTG_PO05	PO05	AD
ACAATAGAGCGAGCAA_PO42	PO42	AD
ACAATCACAAGTAGTC_PO23	PO23	Control
ACAATCACACTAGGGC_PO13	PO13	Control
ACAATCACAGCACCTT_PO23	PO23	Control
ACAATCCGTTCGCCAA_PO41	PO41	AD
ACAATGGGTTAGAGAT_PO28	PO28	AD
ACAATGGGTTATCAGC_PO23	PO23	Control
ACAATTCAGCGCTATA_PO15	PO15	Control
ACACAGTAGACCAAAT_SMC052	SMC052	Control
ACACAGTAGGCATCAG_SMC053	SMC053	Active control
ACACAGTGTAGTCGTT_SMC049	SMC049	AD
ACACAGTGTGCTCTTC_SMC049	SMC049	AD
ACACAGTTCTGCCTGT_SMC049	SMC049	AD
ACACCAAAGTCTACCA_SMC052	SMC052	Control
ACACCAACAATCTCGA_SMC049	SMC049	AD
ACACCAAGTAGCGTTT_SMC053	SMC053	Active control
ACACCAATCAAAGCCT_SMC049	SMC049	AD
ACACCAATCAGAGTTC_SMC049	SMC049	AD
ACACCAATCCATTGCC_SMC049	SMC049	AD
ACACCAATCCTACGGG_SMC052	SMC052	Control
ACACCAATCGCATCGG_PO28	PO28	AD
ACACCAATCTGCAGCG_SMC049	SMC049	AD
ACACCCTCAGCCAATG_PO11	PO11	AD
ACACGAAGTATTGGCT_PO42	PO42	AD
ACACGAAGTTCCGTCT_PO11	PO11	AD
ACACGATCACCATGCT_PO23	PO23	Control
ACACGCGAGGCCACTC_SMC041	SMC041	AD
ACACGCGCAGTGCGCT_SMC041	SMC041	AD
ACACGCGCATAATCCG_SMC038	SMC038	AD
ACACGCGCATGTGACT_SMC049	SMC049	AD
ACACGCGGTATCAGCT_SMC053	SMC053	Active control
ACACGCGGTCCAAATC_SMC037	SMC037	Active control
ACACGCGGTCTTGAAC_SMC041	SMC041	AD
ACACGCGTCCGTTTCG_SMC033	SMC033	Control
ACACGGTTCATGCCGG_PO42	PO42	AD
ACACTCCCACTTCGTA_PO20	PO20	Control
ACACTGAAGAAGGGAT_SMC041	SMC041	AD
ACACTGAAGCCAAGGT_SMC052	SMC052	Control
ACACTGACAAGGTCTT_SMC052	SMC052	Control
ACACTGACATGACTCA_SMC052	SMC052	Control
ACACTGAGTCCTCCAT_SMC052	SMC052	Control
ACACTGAGTCCTTTGC_SMC052	SMC052	Control
ACACTGAGTTAAGCAA_SMC049	SMC049	AD
ACACTGATCATTGCCC_SMC052	SMC052	Control
ACACTGATCCAAGGGA_SMC041	SMC041	AD
ACAGAAAAGACGGTTG_SMC049	SMC049	AD
ACAGAAAGTCCCGCAA_SMC052	SMC052	Control
ACAGAAAGTGCTAGCC_SMC041	SMC041	AD
ACAGAAATCGCATAGT_SMC049	SMC049	AD
ACAGAACAGCCCTGTC_PO05	PO05	AD
ACAGAACAGTAGGAGT_PO23	PO23	Control
ACAGACAGTAGTAGTG_PO23	PO23	Control
ACAGACTCACAGCGAC_PO23	PO23	Control
ACAGATGGTCAGTTCG_PO42	PO42	AD
ACAGATGGTGCAGTCC_PO41	PO41	AD
ACAGCCACAAGTGCGC_PO42	PO42	AD
ACAGCCACATCGTACC_PO13	PO13	Control
ACAGCCCGTTACTGCG_PO28	PO28	AD
ACAGCCGCAGAGCTAG_SMC053	SMC053	Active control
ACAGCCGCATCGCCTT_SMC049	SMC049	AD
ACAGCCGCATGTTACG_SMC049	SMC049	AD
ACAGCCGGTCCAGCAC_SMC052	SMC052	Control
ACAGCCGGTCCATAGT_SMC037	SMC037	Active control
ACAGCCGTCGAATGCT_SMC035	SMC035	Active control
ACAGCCGTCGCTTAAG_SMC033	SMC033	Control
ACAGCCGTCGGCTCTT_SMC041	SMC041	AD
ACAGCCGTCTATTGTC_SMC052	SMC052	Control
ACAGCGGGTCAGGCAG_PO05	PO05	AD
ACAGCTCAGTCAAGTT_PO42	PO42	AD
ACAGCTCAGTCGAAGG_PO41	PO41	AD
ACAGGCAAGCAAGTAA_PO42	PO42	AD
ACAGGCAAGCTATGAT_PO15	PO15	Control
ACAGGGACAGGTGACA_SMC033	SMC033	Control
ACAGGGACAGTCAGAG_SMC053	SMC053	Active control
ACAGGGACATTGCTGA_SMC049	SMC049	AD
ACAGGGATCAGTTCCT_PO05	PO05	AD
ACAGGGATCATGAGTC_SMC033	SMC033	Control
ACAGGGATCCACTGAA_SMC049	SMC049	AD
ACAGGTAGTGGCGCTT_PO41	PO41	AD
ACAGGTAGTTGAGCCC_PO28	PO28	AD
ACAGGTGAGTCAACTG_PO15	PO15	Control
ACAGTCATCCGCATCC_PO23	PO23	Control
ACAGTCATCGCGCTTC_PO28	PO28	AD
ACAGTCGCACTACCGT_PO13	PO13	Control
ACAGTGAGTTTAGTCA_PO15	PO15	Control
ACAGTTACAGTAATGC_PO20	PO20	Control
ACAGTTTAGCCGATAC_PO23	PO23	Control
ACATAGAAGCGCATAC_PO42	PO42	AD
ACATAGCCAATGAAGG_PO11	PO11	AD
ACATAGCCAGTACCAG_PO28	PO28	AD
ACATCCCAGACGCCAA_SMC041	SMC041	AD
ACATCCCCAATAGGAG_PO11	PO11	AD
ACATCCCCAATGCGTG_PO11	PO11	AD
ACATCCCCACACGGAA_SMC049	SMC049	AD
ACATCCCCACAGGATT_PO20	PO20	Control
ACATCCCCACATACGT_SMC032	SMC032	AD
ACATCCCCACTGCACG_SMC038	SMC038	AD
ACATCCCCATCACGGC_SMC049	SMC049	AD
ACATCCCGTTCAGTAC_SMC049	SMC049	AD
ACATCCCTCGGACTGC_SMC053	SMC053	Active control
ACATCCCTCTACTCAT_SMC053	SMC053	Active control
ACATCCCTCTCTCTAA_SMC049	SMC049	AD
ACATCCGGTGCACGTC_PO28	PO28	AD
ACATCCTTCAGCCTAA_PO13	PO13	Control
ACATCGAAGCGTATGG_SMC053	SMC053	Active control
ACATCGAAGTCCCGAC_SMC052	SMC052	Control
ACATCGAGTTAATGAG_SMC041	SMC041	AD
ACATGAGGTCTTGCTC_PO23	PO23	Control
ACATGAGGTTGAATCC_PO11	PO11	AD
ACATGCAAGCCGATAG_SMC053	SMC053	Active control
ACATGCACAGCTCCTT_SMC049	SMC049	AD
ACATGCAGTACGCTTA_SMC053	SMC053	Active control
ACATGCAGTCACTAGT_SMC053	SMC053	Active control
ACATGCATCAATCAGC_SMC052	SMC052	Control
ACATGCATCCACGAAT_SMC049	SMC049	AD
ACATGCATCCCAGTGG_SMC053	SMC053	Active control
ACATGCATCCGTGGAT_PO41	PO41	AD
ACATGCATCGCTCTGC_PO23	PO23	Control
ACATGCCAGGATCTCA_PO11	PO11	AD
ACATGCCAGGTCATAT_PO11	PO11	AD
ACATGCCAGTAGGTCC_PO28	PO28	AD
ACATGTTAGCGCTGCA_PO13	PO13	Control
ACATGTTAGGAGCTGA_PO23	PO23	Control
ACATTCAGTCAGGATA_PO15	PO15	Control
ACATTCAGTGAGGTCG_PO13	PO13	Control
ACATTGGTCACTCGTT_PO15	PO15	Control
ACATTGGTCTAATGCG_PO42	PO42	AD
ACATTTCAGACTACCT_SMC033	SMC033	Control
ACATTTCCAAGTTAGC_PO23	PO23	Control
ACATTTCCAGATACTC_SMC049	SMC049	AD
ACATTTCCATCAGCAT_SMC052	SMC052	Control
ACATTTCGTATCGAAA_SMC041	SMC041	AD
ACATTTCGTCGACTTA_SMC049	SMC049	AD
ACATTTCGTCTGATAC_SMC052	SMC052	Control
ACATTTCGTTTGGGAG_SMC049	SMC049	AD
ACATTTCTCCGGTAGC_SMC049	SMC049	AD
ACATTTCTCGAGTCTA_SMC053	SMC053	Active control
ACATTTCTCGGCATTA_SMC041	SMC041	AD
ACATTTGGTAGTTGGA_PO41	PO41	AD
ACCAAACAGATCACTC_SMC052	SMC052	Control
ACCAAACCACCTTCCA_SMC053	SMC053	Active control
ACCAAACCACTACCCT_SMC053	SMC053	Active control
ACCAAACCAGAGACTG_SMC053	SMC053	Active control
ACCAAACCAGGTTCGC_SMC052	SMC052	Control
ACCAAACCATGATTGA_PO13	PO13	Control
ACCAAACCATTGAGCT_SMC052	SMC052	Control
ACCAAACGTAGCCCTG_SMC052	SMC052	Control
ACCAAAGGTCTTGCCT_PO28	PO28	AD
ACCAAAGGTGCGTAGG_PO28	PO28	AD
ACCAACAAGGCTGTAG_SMC053	SMC053	Active control
ACCAACAAGGTAAGTT_SMC049	SMC049	AD
ACCAACAAGGTAGTCG_SMC049	SMC049	AD
ACCAACAAGTGCCTCG_SMC038	SMC038	AD
ACCAACAGTTATGTCG_SMC037	SMC037	Active control
ACCAACAGTTGACTAC_SMC052	SMC052	Control
ACCAAGCTCGTGCAAC_PO28	PO28	AD
ACCAATGTCCGTGTAA_PO28	PO28	AD
ACCAATTAGATTGGTT_PO15	PO15	Control
ACCACAAAGCATTTCG_SMC052	SMC052	Control
ACCACAAAGGAAGTGA_SMC052	SMC052	Control
ACCACAAAGGGATGTC_SMC053	SMC053	Active control
ACCACAACAAGTAGTA_SMC053	SMC053	Active control
ACCACAAGTACACTCA_SMC032	SMC032	AD
ACCACAAGTGACGTCC_SMC052	SMC052	Control
ACCACAAGTGAGCCAA_SMC049	SMC049	AD
ACCACAATCAAGAGTA_SMC052	SMC052	Control
ACCACAATCCGCACGA_PO42	PO42	AD
ACCACAATCGACTTGA_PO23	PO23	Control
ACCACACAGCCTAGAC_PO42	PO42	AD
ACCACACAGGCGATAG_PO42	PO42	AD
ACCACAGCACAGCATG_PO28	PO28	AD
ACCACCTCAATATACG_PO11	PO11	AD
ACCACGTAGCATGTAT_PO05	PO05	AD
ACCATAGTCAATGTCG_PO23	PO23	Control
ACCATAGTCTGGAAGG_PO42	PO42	AD
ACCATATAGCCGCGTA_PO42	PO42	AD
ACCATCAAGCTAACGC_PO05	PO05	AD
ACCATTAGTTAATCGC_PO05	PO05	AD
ACCATTGAGCTATCGA_PO23	PO23	Control
ACCATTTCAAACGAGC_SMC037	SMC037	Active control
ACCATTTCACGTAGTT_SMC049	SMC049	AD
ACCATTTCACTTGAGT_SMC033	SMC033	Control
ACCATTTCAGACACCC_SMC053	SMC053	Active control
ACCATTTCAGTTAAGC_PO15	PO15	Control
ACCATTTGTCGTAATC_SMC053	SMC053	Active control
ACCATTTTCGAACCAT_SMC049	SMC049	AD
ACCATTTTCGTGTGGC_SMC049	SMC049	AD
ACCCAAAAGTACTGGG_SMC052	SMC052	Control
ACCCAAAAGTCACACT_SMC053	SMC053	Active control
ACCCAAACACGGTGTC_SMC052	SMC052	Control
ACCCAAACATGTCAGT_SMC041	SMC041	AD
ACCCAAAGTGTTAGCT_SMC038	SMC038	AD
ACCCAAAGTTCCGCAG_SMC049	SMC049	AD
ACCCAAATCGACCACG_SMC053	SMC053	Active control
ACCCAAATCGCTTGCT_SMC038	SMC038	AD
ACCCAACAGGCACTTA_PO23	PO23	Control
ACCCAACAGGCTTACA_PO15	PO15	Control
ACCCAATGTGCAACCC_PO28	PO28	AD
ACCCAGGTCGTGCTGG_PO20	PO20	Control
ACCCAGTAGTAGCATT_PO23	PO23	Control
ACCCAGTAGTGAGGCA_PO15	PO15	Control
ACCCATGGTGAGACCG_PO11	PO11	AD
ACCCCAAGTGGACAGT_PO42	PO42	AD
ACCCCGAAGGCTACCG_PO28	PO28	AD
ACCCCTGCAAAGGAGC_PO23	PO23	Control
ACCCCTGCAACATGGT_PO05	PO05	AD
ACCCCTTGTTAGGTCT_PO13	PO13	Control
ACCCCTTGTTGAGCGG_PO42	PO42	AD
ACCCGATAGATAGGCG_PO11	PO11	AD
ACCCGCTTCGATTGGC_PO05	PO05	AD
ACCCGTTCATAGAGTC_PO15	PO15	Control
ACCCTAGGTGGGTAAC_PO42	PO42	AD
ACCCTATTCGCATGTA_PO13	PO13	Control
ACCCTCAAGCCTCACG_SMC052	SMC052	Control
ACCCTCAAGGAAACGA_SMC052	SMC052	Control
ACCCTCACAAAGCACG_SMC035	SMC035	Active control
ACCCTCACAACCGATT_SMC035	SMC035	Active control
ACCCTCACATGGTGGA_SMC053	SMC053	Active control
ACCCTCAGTAGGAAAG_SMC043	SMC043	AD
ACCCTCAGTGTCCAAT_SMC041	SMC041	AD
ACCCTCAGTTCAAGTC_SMC053	SMC053	Active control
ACCCTCAGTTTGTGGT_SMC052	SMC052	Control
ACCCTCATCCGGACTG_SMC049	SMC049	AD
ACCCTCATCGCTCATT_PO05	PO05	AD
ACCCTGCTCACACTGA_PO15	PO15	Control
ACCCTGCTCAGGCAAG_PO23	PO23	Control
ACCCTGCTCGCGAATC_PO42	PO42	AD
ACCCTTGAGCCGCTTG_SMC052	SMC052	Control
ACCCTTGAGGATATGT_SMC053	SMC053	Active control
ACCCTTGCACTGTGAT_SMC049	SMC049	AD
ACCCTTGCAGACCTAT_SMC053	SMC053	Active control
ACCCTTGCAGGGTCTC_SMC052	SMC052	Control
ACCCTTGCAGTTGTTG_SMC053	SMC053	Active control
ACCCTTGCATAGGTAA_SMC052	SMC052	Control
ACCCTTGGTCTCGGGT_SMC041	SMC041	AD
ACCCTTGTCACTGAAC_SMC052	SMC052	Control
ACCGACCGTTCACGCA_PO11	PO11	AD
ACCGACCGTTTAAGCC_PO11	PO11	AD
ACCGACTAGCTGGAGA_PO05	PO05	AD
ACCGAGGGTAGTTGAG_PO05	PO05	AD
ACCGATGCAAGTGTAC_PO28	PO28	AD
ACCGATTGTGATAGGC_PO13	PO13	Control
ACCGATTGTGGCTGCT_PO28	PO28	AD
ACCGCCAAGGGCAGTA_PO13	PO13	Control
ACCGGATTCACACTAG_PO42	PO42	AD
ACCGTTCCACGCGTCA_SMC049	SMC049	AD
ACCGTTCCATCTATCT_SMC053	SMC053	Active control
ACCGTTCCATGGAATA_SMC052	SMC052	Control
ACCGTTCCATTCAGCA_SMC052	SMC052	Control
ACCGTTCGTACAAAGT_SMC052	SMC052	Control
ACCGTTCGTTGTTGCA_SMC049	SMC049	AD
ACCGTTCTCGAACGCC_SMC052	SMC052	Control
ACCGTTGGTTCCCATC_PO11	PO11	AD
ACCTAACGTTGGCTAT_PO05	PO05	AD
ACCTACCAGAAGTGTT_SMC049	SMC049	AD
ACCTACCCAAGGGACG_PO05	PO05	AD
ACCTACCGTACTCCGG_SMC037	SMC037	Active control
ACCTACCGTAGTGTGG_SMC052	SMC052	Control
ACCTACCGTTTCGATG_SMC035	SMC035	Active control
ACCTACCTCCGATGCG_SMC041	SMC041	AD
ACCTATGAGAACGGTG_PO11	PO11	AD
ACCTATGAGCTAGAGG_PO05	PO05	AD
ACCTATGAGTTGCTCT_PO42	PO42	AD
ACCTCACCAAGTTCAA_PO23	PO23	Control
ACCTCCGCAATTGGAC_PO42	PO42	AD
ACCTCCGCACATTGGG_PO23	PO23	Control
ACCTCCGCATTAGGGT_PO23	PO23	Control
ACCTCGCTCGCTATCT_PO23	PO23	Control
ACCTCTTAGGCTAGAG_PO23	PO23	Control
ACCTCTTAGTCGAATT_PO28	PO28	AD
ACCTGAAAGCCGTTGC_SMC053	SMC053	Active control
ACCTGAAAGCTAGCCC_SMC053	SMC053	Active control
ACCTGAACAGAAGCTG_SMC038	SMC038	AD
ACCTGAATCAGCTTGA_SMC049	SMC049	AD
ACCTGAATCATGGAGG_SMC049	SMC049	AD
ACCTGAATCGCCTTGT_SMC052	SMC052	Control
ACCTGAATCTCCAATT_SMC032	SMC032	AD
ACCTGATGTAGCGGTG_PO41	PO41	AD
ACCTGCCTCGATACGC_PO42	PO42	AD
ACCTGCCTCGCGACTG_PO15	PO15	Control
ACCTGGACAACGTGGC_PO13	PO13	Control
ACCTGGGTCACGTTGA_PO05	PO05	AD
ACCTGGGTCCGGGCTA_PO20	PO20	Control
ACCTGTCAGCGACTGA_SMC052	SMC052	Control
ACCTGTCCACATGTTG_SMC052	SMC052	Control
ACCTGTCGTAGACAAT_SMC052	SMC052	Control
ACCTGTCGTGATACTC_SMC052	SMC052	Control
ACCTGTCTCGTTGTTT_SMC052	SMC052	Control
ACCTTAAGTGATCCGC_PO28	PO28	AD
ACGAAATGTGCACCAC_PO15	PO15	Control
ACGAACCTCGAAGCTC_PO05	PO05	AD
ACGAAGGTCACAGAGG_PO23	PO23	Control
ACGAATCCACCACACT_PO15	PO15	Control
ACGACAAGTGCAGTAA_PO11	PO11	AD
ACGACATCATCCGGTT_PO42	PO42	AD
ACGACGAAGGGTATCC_PO28	PO28	AD
ACGAGCAAGTGAAGGT_PO11	PO11	AD
ACGAGTAGTCAACTAC_PO42	PO42	AD
ACGAGTAGTTAGTGTC_PO15	PO15	Control
ACGAGTAGTTGTGAGA_PO42	PO42	AD
ACGAGTGAGCGAGCTT_PO23	PO23	Control
ACGATAGGTCATGATC_PO28	PO28	AD
ACGATAGGTGCGAGAT_PO41	PO41	AD
ACGATCAAGTCTCCTC_SMC041	SMC041	AD
ACGATCAGTACATACC_SMC052	SMC052	Control
ACGATCAGTATCGTGT_SMC049	SMC049	AD
ACGATCAGTCAGGTAG_SMC033	SMC033	Control
ACGATGGAGCCAGATC_PO23	PO23	Control
ACGATGTAGACATATG_SMC049	SMC049	AD
ACGATGTAGTAGGGTC_SMC052	SMC052	Control
ACGATGTCACACGGAA_SMC052	SMC052	Control
ACGATGTCACCTGCAG_SMC052	SMC052	Control
ACGATGTTCATGCAGT_SMC052	SMC052	Control
ACGATGTTCCAGTTCC_SMC038	SMC038	AD
ACGATGTTCCGTGTGG_SMC049	SMC049	AD
ACGATTGTCCACGGCA_PO05	PO05	AD
ACGATTGTCGCTCCTA_PO05	PO05	AD
ACGCAATCATAACCTT_PO42	PO42	AD
ACGCACGAGCTAAGTA_SMC052	SMC052	Control
ACGCACGAGGAACATT_SMC035	SMC035	Active control
ACGCACGAGGATACAT_SMC053	SMC053	Active control
ACGCACGAGGCTTCCG_SMC053	SMC053	Active control
ACGCACGCAATAGTGA_SMC035	SMC035	Active control
ACGCACGCAGGTTACT_SMC036	SMC036	AD
ACGCACGGTCAGACTT_SMC052	SMC052	Control
ACGCACGTCCGACGGT_SMC049	SMC049	AD
ACGCACGTCCGGACGT_SMC049	SMC049	AD
ACGCACGTCCTCAGGG_SMC041	SMC041	AD
ACGCACTAGGTATGGG_PO42	PO42	AD
ACGCACTAGTGCAAGG_PO41	PO41	AD
ACGCATATCCAGCGTG_PO23	PO23	Control
ACGCATTGTCAATGTC_PO42	PO42	AD
ACGCCATAGAAGCGTG_PO41	PO41	AD
ACGCCCAAGTAATGGA_PO15	PO15	Control
ACGCCTAGTTAGTGAG_PO28	PO28	AD
ACGCGATTCCGCTGTC_PO28	PO28	AD
ACGCGATTCGCTTGAA_PO05	PO05	AD
ACGCGCATCAGCTAAT_PO15	PO15	Control
ACGCGGTCATTCAGCC_PO28	PO28	AD
ACGCTAATCATGTGGC_PO41	PO41	AD
ACGCTATGTTTGGAGA_PO23	PO23	Control
ACGCTCAGTTAGCGTT_PO41	PO41	AD
ACGCTTGGTAGTGCTT_PO42	PO42	AD
ACGCTTGGTATGGGAC_PO28	PO28	AD
ACGCTTGGTTCACGGC_PO05	PO05	AD
ACGGAACGTTAGCTGT_PO28	PO28	AD
ACGGAAGAGGTACAGC_SMC053	SMC053	Active control
ACGGAAGAGGTATAGT_SMC052	SMC052	Control
ACGGAAGAGGTCCCTG_SMC052	SMC052	Control
ACGGAAGCACGTGAGA_SMC041	SMC041	AD
ACGGAAGGTACCGCGT_SMC035	SMC035	Active control
ACGGAAGGTCTGTAGT_SMC052	SMC052	Control
ACGGAAGTCGGAATTC_SMC041	SMC041	AD
ACGGAAGTCGTCTCAC_SMC052	SMC052	Control
ACGGACAAGCCATTAG_PO28	PO28	AD
ACGGATAGTAAGGGCT_PO23	PO23	Control
ACGGATAGTTGTAGAG_PO28	PO28	AD
ACGGCAGGTTGCTTCC_PO13	PO13	Control
ACGGCTTAGGAATGTA_PO05	PO05	AD
ACGGGCAGTTGTGGCC_PO42	PO42	AD
ACGGGCTCAAGGTGCC_PO11	PO11	AD
ACGGGCTCAATACTCT_PO28	PO28	AD
ACGGGCTCACTAAGGT_PO20	PO20	Control
ACGGGGTAGGGCTATC_PO42	PO42	AD
ACGGGTAAGCATTACG_PO23	PO23	Control
ACGGGTCCAGAGATTA_SMC052	SMC052	Control
ACGGGTCCATTGACTG_SMC053	SMC053	Active control
ACGGGTCGTACCTAGT_SMC053	SMC053	Active control
ACGGGTTTCCGTTGCC_PO13	PO13	Control
ACGGGTTTCTGTAACG_PO15	PO15	Control
ACGGTCGAGGCGAAGG_SMC049	SMC049	AD
ACGGTCGCACTTCAAG_SMC052	SMC052	Control
ACGGTCGGTAATGCTC_SMC053	SMC053	Active control
ACGGTCGGTGACTATC_SMC053	SMC053	Active control
ACGGTCGGTGTTCGAT_SMC049	SMC049	AD
ACGGTCGTCACTCTTA_SMC037	SMC037	Active control
ACGGTTAAGTTGGACG_SMC052	SMC052	Control
ACGGTTACACCTCTAC_SMC049	SMC049	AD
ACGGTTAGTAAGCAAT_SMC049	SMC049	AD
ACGGTTAGTACTGCCG_SMC030	SMC030	Control
ACGTAACAGCTTAGTC_SMC052	SMC052	Control
ACGTAACCACCGCTGA_SMC052	SMC052	Control
ACGTAACCAGCCTAGA_PO41	PO41	AD
ACGTAACCAGTTCACA_SMC052	SMC052	Control
ACGTAACCATCCAACC_PO42	PO42	AD
ACGTAACCATCGGTTC_PO41	PO41	AD
ACGTAACCATTGTACG_SMC052	SMC052	Control
ACGTAACGTGGAGGTT_SMC038	SMC038	AD
ACGTAACGTTAACAGA_SMC041	SMC041	AD
ACGTAACTCGTTCCCA_SMC052	SMC052	Control
ACGTACAAGGTCACAG_SMC053	SMC053	Active control
ACGTACAGTCACATTG_SMC038	SMC038	AD
ACGTACATCACCACAA_SMC052	SMC052	Control
ACGTACATCATGAGTC_SMC049	SMC049	AD
ACGTAGTAGGTCCAGA_SMC049	SMC049	AD
ACGTAGTCAGCGCGTT_SMC053	SMC053	Active control
ACGTAGTCATCCAATG_SMC052	SMC052	Control
ACGTAGTGTATCAAGA_SMC052	SMC052	Control
ACGTAGTGTGGCGCTT_SMC053	SMC053	Active control
ACGTAGTGTTTGGAGG_SMC052	SMC052	Control
ACGTAGTTCCCGAGTG_SMC053	SMC053	Active control
ACGTAGTTCGACGAGA_SMC035	SMC035	Active control
ACGTAGTTCTCATTAC_SMC049	SMC049	AD
ACGTAGTTCTTGGTCC_SMC049	SMC049	AD
ACGTCAATCGAGTACC_PO42	PO42	AD
ACGTCACAGCAATCGC_PO41	PO41	AD
ACGTCCTAGATTGACA_SMC049	SMC049	AD
ACGTCCTAGCATGCAG_SMC052	SMC052	Control
ACGTCCTAGCGCACAA_SMC033	SMC033	Control
ACGTCCTCAATAGCCG_PO23	PO23	Control
ACGTCCTCACTTGTGA_SMC035	SMC035	Active control
ACGTCCTGTATCGAAA_SMC033	SMC033	Control
ACGTCCTGTCCACACG_SMC049	SMC049	AD
ACGTCCTGTGAGGATC_SMC053	SMC053	Active control
ACGTCCTGTTCCATTT_SMC052	SMC052	Control
ACGTCCTTCAGGAACG_SMC052	SMC052	Control
ACGTCCTTCCCGAGAC_SMC053	SMC053	Active control
ACGTCTAAGCGGGATA_PO05	PO05	AD
ACGTCTAAGTCTAGCA_PO23	PO23	Control
ACGTGAGAGCGCATGT_PO11	PO11	AD
ACGTGTTGTGAGCAGT_PO11	PO11	AD
ACGTTAACAACCTACC_PO11	PO11	AD
ACGTTAACAGGTTAGT_PO28	PO28	AD
ACGTTAACATTAGCCC_PO28	PO28	AD
ACGTTAGTCCCCAGAG_PO23	PO23	Control
ACGTTCCAGTCCTGTA_SMC052	SMC052	Control
ACGTTCCCAAGTGATA_SMC033	SMC033	Control
ACGTTCCCACACCGCA_SMC052	SMC052	Control
ACGTTCCGTAGAGATT_SMC052	SMC052	Control
ACGTTCCGTGGCTTGC_SMC052	SMC052	Control
ACGTTCCTCCGTGGTG_SMC052	SMC052	Control
ACGTTCCTCGTAGTGT_SMC052	SMC052	Control
ACGTTTAGTAAGCAGC_PO28	PO28	AD
ACGTTTGAGTTAGCAT_PO28	PO28	AD
ACTAACTAGGATTGGG_PO23	PO23	Control
ACTAAGCCAAGCTCTC_PO13	PO13	Control
ACTACAACAAGTAGTC_PO20	PO20	Control
ACTACAACAGGAAGCG_PO23	PO23	Control
ACTACATAGCTGGATC_PO23	PO23	Control
ACTACATAGGTAGGTG_PO23	PO23	Control
ACTACCAAGTAACCTG_PO23	PO23	Control
ACTACCCCATTCATGT_PO42	PO42	AD
ACTACCTTCCGCGTGA_PO23	PO23	Control
ACTACCTTCTTGACTC_PO41	PO41	AD
ACTACGAAGTAGGGTC_SMC052	SMC052	Control
ACTACGACAGGTCTCG_SMC052	SMC052	Control
ACTACGAGTTGGGAAC_SMC037	SMC037	Active control
ACTACTTCACTTACGC_PO11	PO11	AD
ACTACTTCATCCCTAA_PO15	PO15	Control
ACTATCCTCGTTGCTT_PO15	PO15	Control
ACTATCTAGATTAGCA_SMC052	SMC052	Control
ACTATCTAGCGAGAAA_SMC053	SMC053	Active control
ACTATCTAGTCTAGAA_SMC052	SMC052	Control
ACTATCTCACAATGTC_SMC033	SMC033	Control
ACTATCTCAGAACTCT_SMC052	SMC052	Control
ACTATCTCAGAAGTGC_SMC052	SMC052	Control
ACTATCTCATAAGTTG_PO15	PO15	Control
ACTATCTCATCGGTAG_PO11	PO11	AD
ACTATCTGTATTTCTC_SMC052	SMC052	Control
ACTATCTGTCCTACGG_SMC049	SMC049	AD
ACTATCTGTCGTTGCG_SMC049	SMC049	AD
ACTATCTGTGTCTAAC_SMC053	SMC053	Active control
ACTATCTGTTCAGCTA_SMC035	SMC035	Active control
ACTATCTGTTTGGAAA_SMC052	SMC052	Control
ACTATGGCAACCACAT_SMC053	SMC053	Active control
ACTATGGCACTAGGCC_SMC041	SMC041	AD
ACTATGGCAGGACGAT_SMC035	SMC035	Active control
ACTATGGCATGCCGCA_SMC038	SMC038	AD
ACTATGGGTGAGCAGT_SMC041	SMC041	AD
ACTATGGGTTCTTCAT_SMC035	SMC035	Active control
ACTATGGTCGGTCAGC_SMC053	SMC053	Active control
ACTATGGTCTCACCGC_PO11	PO11	AD
ACTATTCCAAGATGTA_SMC037	SMC037	Active control
ACTATTCGTACACTCA_SMC052	SMC052	Control
ACTATTCTCACGAACT_SMC052	SMC052	Control
ACTATTCTCACTCGAA_SMC052	SMC052	Control
ACTATTCTCCCGGTAG_SMC035	SMC035	Active control
ACTATTGGTCTTGAGT_PO28	PO28	AD
ACTCAATAGATTCGTG_PO11	PO11	AD
ACTCACAAGTGAGTGG_PO20	PO20	Control
ACTCACCCAGCCAGTA_PO15	PO15	Control
ACTCACCCATCCGCTG_PO41	PO41	AD
ACTCAGGCATCGGGTA_PO13	PO13	Control
ACTCAGGCATGGATAC_PO13	PO13	Control
ACTCCAAAGTGATGAA_PO41	PO41	AD
ACTCCAAAGTGTCCTT_PO23	PO23	Control
ACTCCACCAGCTAGTG_PO23	PO23	Control
ACTCCCAAGGGAGGCA_SMC041	SMC041	AD
ACTCCCAAGTATGATG_SMC049	SMC049	AD
ACTCCCACACAAATCC_SMC052	SMC052	Control
ACTCCCACAGGAGGTT_SMC035	SMC035	Active control
ACTCCCACAGTGTGCC_SMC038	SMC038	AD
ACTCCCAGTATTGGCT_SMC035	SMC035	Active control
ACTCCCAGTGGTCTGC_SMC049	SMC049	AD
ACTCCCATCGCCAGTG_SMC052	SMC052	Control
ACTCCCGCAAGGTTCG_PO23	PO23	Control
ACTCCCGCACATGCTC_PO23	PO23	Control
ACTCCCTGTTCAAGCT_PO28	PO28	AD
ACTCCGCTCCTGCCGT_PO13	PO13	Control
ACTCCGCTCTAGCTCT_PO05	PO05	AD
ACTCGATGTGAGTGTA_PO13	PO13	Control
ACTCGATGTGGCCAAG_PO28	PO28	AD
ACTCGCCTCACGTGTA_PO28	PO28	AD
ACTCGTTTCAGTACGC_PO28	PO28	AD
ACTCGTTTCCAGAGGA_PO15	PO15	Control
ACTCGTTTCCTCTATA_PO05	PO05	AD
ACTCTAAGTAGGTCGG_PO23	PO23	Control
ACTCTAAGTGAGTAAT_PO42	PO42	AD
ACTCTCACATCCTTGA_PO15	PO15	Control
ACTCTCGAGCGGACAT_SMC049	SMC049	AD
ACTCTCGCAAAGAACT_SMC049	SMC049	AD
ACTCTCGCACCTCTAC_SMC052	SMC052	Control
ACTCTCGGTCGATTAC_SMC052	SMC052	Control
ACTCTCGTCATGGCCG_SMC031	SMC031	Active control
ACTCTTGCAATGAGCT_PO23	PO23	Control
ACTCTTGCACCATGAG_PO28	PO28	AD
ACTGATGAGAGAGAAC_SMC052	SMC052	Control
ACTGATGAGCAGCCTC_SMC049	SMC049	AD
ACTGATGAGTGCTACT_SMC053	SMC053	Active control
ACTGATGCAATGAACA_SMC049	SMC049	AD
ACTGATGCAGAACCGA_SMC037	SMC037	Active control
ACTGATGGTACGTGAG_SMC041	SMC041	AD
ACTGATGGTAGCACGA_SMC049	SMC049	AD
ACTGATGGTTAGAAAC_SMC053	SMC053	Active control
ACTGATGGTTTGATCG_SMC049	SMC049	AD
ACTGATGTCGCCGAAC_SMC049	SMC049	AD
ACTGATGTCTGACAGT_SMC052	SMC052	Control
ACTGATTAGGTCCAGT_PO23	PO23	Control
ACTGATTAGGTGAGCA_PO05	PO05	AD
ACTGCAAAGGTGCTAG_SMC041	SMC041	AD
ACTGCAAAGTAGGAAG_SMC041	SMC041	AD
ACTGCAACAGACAAGC_SMC053	SMC053	Active control
ACTGCAAGTGTCTCCT_SMC053	SMC053	Active control
ACTGCAATCAAGTATC_PO28	PO28	AD
ACTGCAATCCGTCCTA_SMC052	SMC052	Control
ACTGCAATCGAACCAC_PO23	PO23	Control
ACTGCATGTCATCCTC_PO23	PO23	Control
ACTGCCCTCAATCTGG_PO28	PO28	AD
ACTGCCTCAATCAGGT_PO15	PO15	Control
ACTGCTGGTATGGGAC_PO42	PO42	AD
ACTGCTGGTGGCTGAG_PO11	PO11	AD
ACTGGTCAGCGAGAGC_PO05	PO05	AD
ACTGTCAAGGGCTATC_PO05	PO05	AD
ACTGTCCAGTTTGGCT_SMC049	SMC049	AD
ACTGTGAAGCGTCAGA_SMC053	SMC053	Active control
ACTGTGAAGTACCGGA_SMC052	SMC052	Control
ACTGTGAGTCATACCA_SMC049	SMC049	AD
ACTGTGATCAATCCAG_PO23	PO23	Control
ACTGTGATCCCGGTAG_SMC052	SMC052	Control
ACTGTGATCCGCCACT_PO42	PO42	AD
ACTGTGATCGCTAATG_SMC038	SMC038	AD
ACTGTGATCGTCGACG_SMC049	SMC049	AD
ACTGTGATCTGTCAGA_SMC035	SMC035	Active control
ACTGTTAGTTTCAGGT_PO05	PO05	AD
ACTGTTAGTTTCCATT_PO11	PO11	AD
ACTGTTGAGATAGTAG_PO13	PO13	Control
ACTTAACAGATAGCGG_PO23	PO23	Control
ACTTAACAGGCTACGT_PO41	PO41	AD
ACTTACTCACCTGTGT_PO41	PO41	AD
ACTTACTCATTAGGAC_PO15	PO15	Control
ACTTAGGAGCTAAGTA_SMC033	SMC033	Control
ACTTAGGCACGAAAGC_SMC049	SMC049	AD
ACTTAGGCAGGAAGTC_SMC053	SMC053	Active control
ACTTAGGCATTGGGAG_SMC049	SMC049	AD
ACTTAGGGTTTACGTG_SMC052	SMC052	Control
ACTTATCAGGTCACCC_SMC033	SMC033	Control
ACTTATCCAGGTCAGA_SMC052	SMC052	Control
ACTTATCCATCGGCCA_SMC053	SMC053	Active control
ACTTATCTCTAATTCC_SMC035	SMC035	Active control
ACTTCATCAAGTGGAA_PO41	PO41	AD
ACTTCATCACAAGCGC_PO28	PO28	AD
ACTTCATCATCCACGT_PO23	PO23	Control
ACTTCCGAGCGTGTCC_SMC052	SMC052	Control
ACTTCCGAGGTACAGC_SMC037	SMC037	Active control
ACTTCCGCAAGCTCTA_SMC052	SMC052	Control
ACTTCCGTCGACATTG_SMC053	SMC053	Active control
ACTTCGCAGCATCAGG_SMC052	SMC052	Control
ACTTCGCCAGCGGTTC_SMC049	SMC049	AD
ACTTCGCGTGCCGTAC_SMC041	SMC041	AD
ACTTCGCGTTATCTGG_SMC053	SMC053	Active control
ACTTCGCTCGCGGACT_SMC053	SMC053	Active control
ACTTCGCTCTAACACG_SMC038	SMC038	AD
ACTTCGCTCTGTTGGA_SMC049	SMC049	AD
ACTTCTATCGCGTGAT_PO28	PO28	AD
ACTTCTATCGTGCGTG_PO42	PO42	AD
ACTTCTATCTAAGTAC_PO42	PO42	AD
ACTTGCTTCCCAGATA_PO15	PO15	Control
ACTTGGATCGTAGTGC_PO28	PO28	AD
ACTTGTGAGCTAGGGA_PO28	PO28	AD
ACTTGTGAGGATGGAT_PO28	PO28	AD
ACTTTAGGTGAGGCCA_PO23	PO23	Control
ACTTTAGGTTGCGAGG_PO23	PO23	Control
ACTTTCACAAGAGATT_SMC052	SMC052	Control
ACTTTCACAGGTTACT_SMC053	SMC053	Active control
ACTTTCATCAGCCCAG_SMC053	SMC053	Active control
ACTTTCATCTATCAGG_PO20	PO20	Control
ACTTTCATCTGATGGT_SMC041	SMC041	AD
ACTTTCGCACCATGAG_PO13	PO13	Control
ACTTTCGCAGGCAGCT_PO28	PO28	AD
ACTTTGAGTTAGTTCA_PO23	PO23	Control
ACTTTGAGTTATCTCT_PO28	PO28	AD
ACTTTGAGTTGGAATG_PO41	PO41	AD
ACTTTGGAGGTGAAGT_PO23	PO23	Control
ACTTTGTAGCTGGTGA_SMC041	SMC041	AD
ACTTTGTAGGCTCAAG_SMC052	SMC052	Control
ACTTTGTAGGGAGGCA_SMC052	SMC052	Control
ACTTTGTGTAACCAGG_SMC033	SMC033	Control
AGAAATGCAGCGTGCT_SMC041	SMC041	AD
AGAAATGTCCTCAGAA_SMC037	SMC037	Active control
AGAAATGTCGAGTGAG_SMC049	SMC049	AD
AGAAATGTCGTTCATT_SMC049	SMC049	AD
AGAACAAAGCATACTC_SMC053	SMC053	Active control
AGAACAAAGCTACAAA_SMC053	SMC053	Active control
AGAACAAGTAGACGTG_SMC035	SMC035	Active control
AGAACAAGTTAAGTCC_SMC053	SMC053	Active control
AGAACAATCAAACCTG_SMC052	SMC052	Control
AGAACAATCCACGAAT_SMC032	SMC032	AD
AGAACAATCCGCGGAT_SMC053	SMC053	Active control
AGAACCTAGAAACACT_SMC041	SMC041	AD
AGAACCTAGAAGAGCA_SMC052	SMC052	Control
AGAACCTAGCACCTGC_SMC041	SMC041	AD
AGAACCTAGGTTCAGG_SMC053	SMC053	Active control
AGAACCTCACGAGGAT_SMC041	SMC041	AD
AGAACCTGTCCAGCAC_SMC038	SMC038	AD
AGAACCTGTCGGTAAG_SMC032	SMC032	AD
AGAAGCGAGATGGTCG_SMC049	SMC049	AD
AGAAGCGAGCCTCCAG_SMC041	SMC041	AD
AGAAGCGGTCCACTCT_SMC049	SMC049	AD
AGAAGCGTCGGTATGT_SMC053	SMC053	Active control
AGAAGCGTCTCACGAA_SMC041	SMC041	AD
AGAAGCGTCTGCGTCT_SMC035	SMC035	Active control
AGAAGGGGTGCGAGTG_PO15	PO15	Control
AGAAGGGGTTGCATGT_PO23	PO23	Control
AGAAGTAAGTGAATAC_SMC053	SMC053	Active control
AGAAGTAAGTTATGGA_SMC052	SMC052	Control
AGAAGTACAAGATGGC_SMC052	SMC052	Control
AGAAGTAGTTATGTCG_SMC053	SMC053	Active control
AGAAGTATCTGCGGGT_SMC049	SMC049	AD
AGAAGTCAGCAACCGT_PO15	PO15	Control
AGAAGTCAGTGACCGT_PO11	PO11	AD
AGAATAGTCCTGAGTA_PO20	PO20	Control
AGAATCAAGCATTAGT_PO42	PO42	AD
AGACAAAAGACTTGTC_SMC049	SMC049	AD
AGACAAAAGGATTCAA_SMC049	SMC049	AD
AGACAAACAACTTGCA_SMC049	SMC049	AD
AGACAAACATAATGAG_SMC052	SMC052	Control
AGACAAAGTACCGGCT_SMC052	SMC052	Control
AGACAAAGTATCGCGC_SMC053	SMC053	Active control
AGACAAAGTCCTGTCT_SMC052	SMC052	Control
AGACAAAGTGGCAACA_SMC053	SMC053	Active control
AGACAAAGTGGCTGCT_SMC038	SMC038	AD
AGACAAAGTTAGGACG_SMC052	SMC052	Control
AGACAAATCAGTCAGT_SMC035	SMC035	Active control
AGACAAATCTGTGCGG_SMC053	SMC053	Active control
AGACAACAGGAATCGG_PO23	PO23	Control
AGACACAGTTGCTTGG_PO28	PO28	AD
AGACACTCACAGCATT_SMC049	SMC049	AD
AGACACTGTCGGAACA_SMC035	SMC035	Active control
AGACACTGTGCGAACA_SMC053	SMC053	Active control
AGACAGGAGAAGTATC_SMC053	SMC053	Active control
AGACAGGAGATTAGCA_SMC052	SMC052	Control
AGACAGGTCCGCCTAT_SMC052	SMC052	Control
AGACAGGTCGTGGACC_SMC037	SMC037	Active control
AGACAGGTCTTTGCTA_SMC049	SMC049	AD
AGACATAAGGAGCCTT_PO41	PO41	AD
AGACATCCACTAGGCA_PO28	PO28	AD
AGACCATAGAGATTCA_SMC052	SMC052	Control
AGACCATCAGGAGGAG_SMC041	SMC041	AD
AGACCATGTAACACGG_SMC035	SMC035	Active control
AGACCATGTACTCAAC_SMC049	SMC049	AD
AGACCATGTCAGTCCG_SMC052	SMC052	Control
AGACCATTCGCGTAGC_SMC049	SMC049	AD
AGACCCGAGAGTACCG_SMC035	SMC035	Active control
AGACCCGAGGGCCAAT_SMC049	SMC049	AD
AGACCCGGTGATGTAA_SMC038	SMC038	AD
AGACCCGTCCATAGGT_SMC049	SMC049	AD
AGACCCGTCGATACTG_SMC052	SMC052	Control
AGACCCGTCTGTTGGA_SMC049	SMC049	AD
AGACGAACAACCTCTA_PO20	PO20	Control
AGACGAACAGCCATTC_PO05	PO05	AD
AGACGAACATTCGTGC_PO13	PO13	Control
AGACGATAGGTGCAAG_PO23	PO23	Control
AGACGCAAGCATCAAT_PO15	PO15	Control
AGACGGATCCCATGAA_PO20	PO20	Control
AGACGTAGTAATGGAT_PO42	PO42	AD
AGACGTAGTGAGCAAC_PO23	PO23	Control
AGACGTAGTTGCTAAC_PO23	PO23	Control
AGACTCAAGACCTGGA_SMC032	SMC032	AD
AGACTCAAGCGCATCC_SMC032	SMC032	AD
AGACTCAGTCCATACA_SMC052	SMC052	Control
AGACTCAGTCCTGTTC_SMC053	SMC053	Active control
AGACTCAGTGAGGAAA_SMC052	SMC052	Control
AGACTCAGTGTTAAAG_SMC052	SMC052	Control
AGACTCATCCATCACC_SMC049	SMC049	AD
AGACTGCTCTGGCCGA_PO23	PO23	Control
AGACTTACATTAACTC_PO23	PO23	Control
AGACTTACATTAGAGC_PO28	PO28	AD
AGAGAATAGGCGCTCT_SMC049	SMC049	AD
AGAGAATAGTGGACGT_SMC049	SMC049	AD
AGAGAATCAACCACAT_SMC049	SMC049	AD
AGAGAATCAAGCGGTC_PO23	PO23	Control
AGAGAATCACTACCAC_PO42	PO42	AD
AGAGAATCACTCATAG_SMC035	SMC035	Active control
AGAGAATCAGCAGTAG_SMC049	SMC049	AD
AGAGAATCATCGGCCA_SMC049	SMC049	AD
AGAGAATGTTAGGCCC_SMC035	SMC035	Active control
AGAGAATTCCATAGGT_SMC033	SMC033	Control
AGAGAATTCGCATTAG_SMC049	SMC049	AD
AGAGAATTCTTTACAC_SMC052	SMC052	Control
AGAGACCGTTGGTAAG_PO28	PO28	AD
AGAGACCGTTGTCTAA_PO28	PO28	AD
AGAGACTAGGCTAGAG_PO15	PO15	Control
AGAGAGAAGTCGATGC_PO15	PO15	Control
AGAGAGAAGTTGGACC_PO28	PO28	AD
AGAGAGCAGACCCGCT_SMC053	SMC053	Active control
AGAGAGCAGAGTCCGA_SMC049	SMC049	AD
AGAGAGCAGCGTATGG_SMC049	SMC049	AD
AGAGAGCCAAACACCT_SMC052	SMC052	Control
AGAGAGCTCTTGATTC_SMC052	SMC052	Control
AGAGAGCTCTTTGCAT_SMC049	SMC049	AD
AGAGAGCTCTTTGCGC_SMC052	SMC052	Control
AGAGAGGGTTGACGTT_PO20	PO20	Control
AGAGATGCAAACCTGG_PO23	PO23	Control
AGAGATGCAAGGTGAA_PO23	PO23	Control
AGAGCAGAGATAGCAT_SMC038	SMC038	AD
AGAGCAGAGCAAATCA_SMC053	SMC053	Active control
AGAGCAGCAATTTCCT_SMC041	SMC041	AD
AGAGCAGCACAGAAGC_SMC041	SMC041	AD
AGAGCAGCACTTGGCG_SMC033	SMC033	Control
AGAGCAGGTGGTGATG_SMC053	SMC053	Active control
AGAGCAGGTTAAACCC_SMC038	SMC038	AD
AGAGCCCAGAGCACTG_SMC031	SMC031	Active control
AGAGCCCTCCACGTGG_SMC053	SMC053	Active control
AGAGCCCTCGGAGATG_SMC052	SMC052	Control
AGAGCCCTCTCTGCCA_SMC049	SMC049	AD
AGAGCCCTCTTTGCGC_SMC049	SMC049	AD
AGAGGAGGTAATCCGT_PO23	PO23	Control
AGAGGAGGTGGACATA_PO11	PO11	AD
AGAGGAGGTTGGCGAG_PO23	PO23	Control
AGAGGCATCGAATCCA_PO23	PO23	Control
AGAGGCTGTGGACATA_PO28	PO28	AD
AGAGGCTGTTTACCGG_PO41	PO41	AD
AGAGGGTCATCGCGTT_PO42	PO42	AD
AGAGGTTAGGATGGGC_PO20	PO20	Control
AGAGGTTAGGATTGCC_PO23	PO23	Control
AGAGGTTAGTAGGTCC_PO23	PO23	Control
AGAGTATGTCTAACCG_PO15	PO15	Control
AGAGTATGTTTCGCTC_PO15	PO15	Control
AGAGTCAGTTGAGTTC_PO28	PO28	AD
AGAGTCAGTTGTAGTC_PO23	PO23	Control
AGAGTCCTCGTTAGAT_PO28	PO28	AD
AGAGTTGGTCTCACAG_PO05	PO05	AD
AGAGTTGGTTAGGTCT_PO15	PO15	Control
AGATAGAAGCTCCATA_SMC053	SMC053	Active control
AGATAGACACGGCTAC_SMC049	SMC049	AD
AGATAGATCGCCGAGT_SMC049	SMC049	AD
AGATCCAGTACTCGCG_SMC052	SMC052	Control
AGATCCAGTCGAACAG_SMC052	SMC052	Control
AGATCCAGTCGACGCT_SMC041	SMC041	AD
AGATCCAGTCTGTTAG_SMC052	SMC052	Control
AGATCCATCAAGCCCG_SMC035	SMC035	Active control
AGATCCATCTGCATGA_SMC038	SMC038	AD
AGATCGTAGAGAGGTA_SMC052	SMC052	Control
AGATCGTAGCGCACAA_SMC041	SMC041	AD
AGATCGTAGTTCTCTT_SMC053	SMC053	Active control
AGATCGTTCGGTCGAC_SMC049	SMC049	AD
AGATGAAAGTGGTCAG_SMC052	SMC052	Control
AGATGAACAATTGCCA_SMC052	SMC052	Control
AGATGAACACTGGACC_SMC052	SMC052	Control
AGATGAACAGGCGATA_SMC033	SMC033	Control
AGATGAAGTCTACACA_SMC053	SMC053	Active control
AGATGAAGTGTCCAAT_SMC053	SMC053	Active control
AGATGAATCAACCTCC_SMC053	SMC053	Active control
AGATGAATCCGTATAG_SMC053	SMC053	Active control
AGATGCTCAACGCCCA_SMC053	SMC053	Active control
AGATGCTCACGACGTC_SMC049	SMC049	AD
AGATGCTGTTGGTACT_SMC052	SMC052	Control
AGATGCTTCAAGCCTA_SMC052	SMC052	Control
AGATGCTTCGGAACTT_SMC035	SMC035	Active control
AGCAATCCAACATTGA_PO23	PO23	Control
AGCACCACAGCACTGA_PO20	PO20	Control
AGCACGCCAGCTACAG_PO23	PO23	Control
AGCACGTTCGTCTACT_PO15	PO15	Control
AGCACTATCGTACACA_PO11	PO11	AD
AGCACTTGTGATGCTT_PO20	PO20	Control
AGCAGCAAGATTAGAG_PO15	PO15	Control
AGCAGCAAGGCGAGGT_PO42	PO42	AD
AGCATAGGTTCCGCTT_PO23	PO23	Control
AGCATCAAGGTACAAT_SMC053	SMC053	Active control
AGCATCACATTGTAGC_SMC052	SMC052	Control
AGCATCAGTGTCGCTG_SMC053	SMC053	Active control
AGCATCAGTTAGGGAC_SMC041	SMC041	AD
AGCATCAGTTATCTGG_SMC053	SMC053	Active control
AGCATCATCATCTAGG_PO28	PO28	AD
AGCATCATCCATTACC_PO20	PO20	Control
AGCATCGCAACGGTCA_PO41	PO41	AD
AGCATCGCAGTTGGAT_PO23	PO23	Control
AGCATCGCATCCTGCG_PO23	PO23	Control
AGCATGGAGGGCAGTA_PO11	PO11	AD
AGCCAAAGTCTAGTGT_PO05	PO05	AD
AGCCAATAGAAGAGCA_SMC052	SMC052	Control
AGCCAATCAGGGACAG_PO13	PO13	Control
AGCCAATGTGGCTACC_SMC033	SMC033	Control
AGCCAATGTTAAGACA_SMC052	SMC052	Control
AGCCACGAGGTACAGC_SMC049	SMC049	AD
AGCCACGAGTGGACTG_SMC052	SMC052	Control
AGCCACGGTATCGTTG_SMC030	SMC030	Control
AGCCACGTCCAGTACA_SMC052	SMC052	Control
AGCCACTAGAACGAAC_PO23	PO23	Control
AGCCACTAGGAGTAAC_PO05	PO05	AD
AGCCACTAGTAACGGG_PO28	PO28	AD
AGCCAGCAGAACTTCC_SMC053	SMC053	Active control
AGCCAGCAGACCTGGA_SMC049	SMC049	AD
AGCCAGCAGAGCATAT_SMC052	SMC052	Control
AGCCAGCCAATAGGAT_SMC052	SMC052	Control
AGCCAGCCAGTTGTCA_SMC035	SMC035	Active control
AGCCAGCGTACAGAAT_SMC053	SMC053	Active control
AGCCAGCGTCATGGCC_SMC049	SMC049	AD
AGCCAGCGTCGCAGTC_SMC035	SMC035	Active control
AGCCAGCGTCTACACA_SMC053	SMC053	Active control
AGCCAGCGTGTGTACT_SMC053	SMC053	Active control
AGCCAGCTCCGCATAA_SMC038	SMC038	AD
AGCCATTGTTTACGGT_PO20	PO20	Control
AGCCATTGTTTAGGCT_PO13	PO13	Control
AGCCCAACAGGTTCCT_PO11	PO11	AD
AGCCCATAGAACGAGT_PO28	PO28	AD
AGCCCCAAGTGATTCG_PO28	PO28	AD
AGCCCCTTCCTGCGGA_PO41	PO41	AD
AGCCCCTTCGCTGACG_PO13	PO13	Control
AGCCCTAGTGGACATA_PO23	PO23	Control
AGCCGAAAGGAGTATA_PO23	PO23	Control
AGCCGATTCGTAGTAT_PO15	PO15	Control
AGCCGTTAGCTGGCTG_PO05	PO05	AD
AGCCTCAGTGGCGATG_PO23	PO23	Control
AGCCTGACAAGTCGAT_PO41	PO41	AD
AGCCTGACATAAGTGC_PO05	PO05	AD
AGCCTGGTCAGCAGTC_PO23	PO23	Control
AGCCTGGTCCGCCTGT_PO23	PO23	Control
AGCCTGGTCTCATTCA_PO41	PO41	AD
AGCGAATAGCAATCTG_PO05	PO05	AD
AGCGAATAGGATTCAT_PO42	PO42	AD
AGCGAATAGGTAGTAA_PO11	PO11	AD
AGCGACAAGCATGCAC_PO13	PO13	Control
AGCGACAAGGAGGTCA_PO42	PO42	AD
AGCGATGAGCGCTCAG_PO23	PO23	Control
AGCGATTCAAGCGTTG_PO05	PO05	AD
AGCGATTCACATTACG_SMC052	SMC052	Control
AGCGATTCACGCAGTC_SMC033	SMC033	Control
AGCGATTGTCATCCGG_SMC052	SMC052	Control
AGCGATTTCGTAACTG_SMC041	SMC041	AD
AGCGATTTCTTACGGA_SMC053	SMC053	Active control
AGCGCAGGTCTCAGCA_PO42	PO42	AD
AGCGCATTCTATCCTA_PO11	PO11	AD
AGCGCCAAGTGTTGAA_SMC037	SMC037	Active control
AGCGCCACACAGTGTT_SMC052	SMC052	Control
AGCGCCATCAATCCGA_SMC052	SMC052	Control
AGCGCCATCACGGAGA_SMC049	SMC049	AD
AGCGCCATCCAAGCAT_SMC053	SMC053	Active control
AGCGCCATCGAACGAG_PO13	PO13	Control
AGCGCCATCGCCCAGA_SMC041	SMC041	AD
AGCGCCATCGGTTCAA_SMC038	SMC038	AD
AGCGCCATCTATTGTC_SMC037	SMC037	Active control
AGCGCTGAGCCTGACC_SMC049	SMC049	AD
AGCGCTGCAGCAGTAG_SMC052	SMC052	Control
AGCGCTGGTGATGGCA_SMC049	SMC049	AD
AGCGCTGTCACTGGGC_SMC052	SMC052	Control
AGCGGTAAGCGCGATT_PO11	PO11	AD
AGCGTATAGCCAGACA_SMC052	SMC052	Control
AGCGTATCAGCTACTA_SMC049	SMC049	AD
AGCGTATTCAGAGTTC_SMC049	SMC049	AD
AGCGTCCGTTGGACGG_PO23	PO23	Control
AGCGTCCGTTGGGATA_PO13	PO13	Control
AGCGTCGAGCTTACGT_SMC041	SMC041	AD
AGCGTCGCAAATGATG_SMC053	SMC053	Active control
AGCGTCGCAACGACTT_SMC049	SMC049	AD
AGCGTCGCAGGCTACC_SMC041	SMC041	AD
AGCGTCGCATACCATG_SMC052	SMC052	Control
AGCGTCGGTACACGCC_SMC052	SMC052	Control
AGCGTCGGTCGTAATC_SMC030	SMC030	Control
AGCGTTATCGATCGCG_PO28	PO28	AD
AGCTAACCAAGTCCAG_PO23	PO23	Control
AGCTAACCATCATCGC_PO28	PO28	AD
AGCTAAGGTATAGCGA_PO41	PO41	AD
AGCTAATTCACCTAAG_PO42	PO42	AD
AGCTACAAGTCGGCAA_SMC053	SMC053	Active control
AGCTACAGTCCAGCGT_SMC052	SMC052	Control
AGCTACATCCGGCTTT_SMC049	SMC049	AD
AGCTACGCACTCGGAA_PO05	PO05	AD
AGCTACGCATAATCGA_PO23	PO23	Control
AGCTATGTCATACTCC_PO28	PO28	AD
AGCTCAAAGACGGTCA_SMC049	SMC049	AD
AGCTCAAAGGAACGTC_SMC053	SMC053	Active control
AGCTCAAAGGTAGTCG_SMC049	SMC049	AD
AGCTCAACAGACGCTC_SMC049	SMC049	AD
AGCTCAAGTACGTGAG_SMC053	SMC053	Active control
AGCTCAAGTTAATGAG_SMC052	SMC052	Control
AGCTCAAGTTTGCAGT_SMC052	SMC052	Control
AGCTCAATCATCGGGC_SMC053	SMC053	Active control
AGCTGGTTCACTCGTT_PO42	PO42	AD
AGCTTACGTTGGCCTA_PO13	PO13	Control
AGCTTATAGTCGCGTG_PO05	PO05	AD
AGCTTCCAGACGCAGT_SMC052	SMC052	Control
AGCTTCCGTGTTGACT_SMC049	SMC049	AD
AGCTTCCGTTCTTAGG_SMC041	SMC041	AD
AGCTTTAGTCTTGGTG_PO23	PO23	Control
AGGAAATAGGTTACAA_SMC049	SMC049	AD
AGGAAATCATCAGCTA_SMC053	SMC053	Active control
AGGAAATCATTGAGGG_SMC035	SMC035	Active control
AGGAAATGTACAGCGA_SMC041	SMC041	AD
AGGAAATTCAAGCCCG_SMC052	SMC052	Control
AGGAAATTCCCAGCGA_SMC052	SMC052	Control
AGGAAATTCCGCCTAT_SMC052	SMC052	Control
AGGAAATTCTTTGCTA_SMC049	SMC049	AD
AGGAACTAGGTAATCT_PO23	PO23	Control
AGGAATAAGATGGTCG_SMC052	SMC052	Control
AGGAATAAGCATTGAA_SMC041	SMC041	AD
AGGAATACAGGTTCGC_SMC037	SMC037	Active control
AGGAATAGTGACTCGC_SMC052	SMC052	Control
AGGAATATCCGCGAAT_PO28	PO28	AD
AGGAATGCATGCTCAC_PO13	PO13	Control
AGGACCAAGCAGGTCT_PO23	PO23	Control
AGGACCAAGCGGTAAG_PO05	PO05	AD
AGGACCAAGTAGTAGA_PO15	PO15	Control
AGGACGAAGCAAGGAA_SMC053	SMC053	Active control
AGGACGAAGCTTCATG_SMC049	SMC049	AD
AGGACGAAGGATCATA_SMC053	SMC053	Active control
AGGACGAAGTGTAGAT_SMC052	SMC052	Control
AGGACGACATTGCAAC_SMC052	SMC052	Control
AGGACGAGTCAAAGTA_SMC049	SMC049	AD
AGGACGAGTCTCACAA_SMC052	SMC052	Control
AGGACGAGTCTGTGCG_SMC035	SMC035	Active control
AGGACGATCCGGACTG_SMC053	SMC053	Active control
AGGACGATCTCGACCT_SMC053	SMC053	Active control
AGGACTAGTAGTAACG_PO20	PO20	Control
AGGACTAGTCTCACGA_PO42	PO42	AD
AGGACTGAGGGTCAAG_PO23	PO23	Control
AGGACTTAGCCGAACA_SMC049	SMC049	AD
AGGACTTAGGTAAGTT_SMC033	SMC033	Control
AGGACTTAGTGGTGGT_SMC052	SMC052	Control
AGGACTTAGTTCCAGT_SMC032	SMC032	AD
AGGACTTAGTTGGACG_SMC041	SMC041	AD
AGGACTTCACAATTCG_SMC052	SMC052	Control
AGGACTTCACCCTAGG_SMC052	SMC052	Control
AGGACTTGTAGCTAAA_SMC052	SMC052	Control
AGGACTTGTCCTGAAT_SMC052	SMC052	Control
AGGACTTTCGAACACT_SMC049	SMC049	AD
AGGAGATTCCATTCCG_PO41	PO41	AD
AGGAGATTCCGCAACG_PO23	PO23	Control
AGGAGCCAGTCATCAG_PO42	PO42	AD
AGGAGGTCAATAGGGC_SMC033	SMC033	Control
AGGAGGTGTCTCTCAC_SMC052	SMC052	Control
AGGAGGTGTTTACCAG_SMC037	SMC037	Active control
AGGAGGTTCAAAGCCT_SMC052	SMC052	Control
AGGAGGTTCATTGAGC_SMC036	SMC036	AD
AGGAGGTTCCAAAGGG_SMC035	SMC035	Active control
AGGAGGTTCGTTCTCG_SMC041	SMC041	AD
AGGAGGTTCTTAGCTT_SMC049	SMC049	AD
AGGAGTTAGCGCTTGG_PO23	PO23	Control
AGGAGTTAGTTACAGT_PO05	PO05	AD
AGGAGTTAGTTACCTC_PO28	PO28	AD
AGGATAACAAATGCGG_SMC053	SMC053	Active control
AGGATAACATGACTCA_SMC052	SMC052	Control
AGGATAAGTAGAATAC_SMC052	SMC052	Control
AGGATAATCAGAATAG_SMC049	SMC049	AD
AGGATAATCATCTCTA_SMC052	SMC052	Control
AGGATAATCATTACCT_SMC053	SMC053	Active control
AGGATCTAGCCATCCG_SMC038	SMC038	AD
AGGATCTCAAGCCCAC_SMC035	SMC035	Active control
AGGATCTGTGACCGTC_SMC053	SMC053	Active control
AGGATCTTCTTCGGAA_SMC052	SMC052	Control
AGGCAAGTCAAGTCTG_PO41	PO41	AD
AGGCAAGTCAGCACTA_PO42	PO42	AD
AGGCAATAGGTACGAG_PO23	PO23	Control
AGGCACGGTAAGCTAG_PO28	PO28	AD
AGGCACGGTCTAGTGT_PO28	PO28	AD
AGGCATAGTTAAGCTC_PO11	PO11	AD
AGGCATAGTTTACCGG_PO15	PO15	Control
AGGCATTAGAGGTCAC_SMC038	SMC038	AD
AGGCATTAGGATGTTA_SMC049	SMC049	AD
AGGCATTAGGCTTAAA_SMC053	SMC053	Active control
AGGCATTCAACTTCCA_PO15	PO15	Control
AGGCATTCACTTCCTG_SMC033	SMC033	Control
AGGCATTCAGGACAGG_PO05	PO05	AD
AGGCATTCATCCTAAT_PO05	PO05	AD
AGGCATTCATTGGAGT_PO13	PO13	Control
AGGCCAAAGCGGTTCG_PO23	PO23	Control
AGGCCAAAGGCTTCCC_PO42	PO42	AD
AGGCCACAGTCATCGT_SMC053	SMC053	Active control
AGGCCACCAATGCAAA_SMC033	SMC033	Control
AGGCCACGTACAGTAA_SMC052	SMC052	Control
AGGCCACGTCTAGATC_SMC049	SMC049	AD
AGGCCACGTCTTTCAT_SMC053	SMC053	Active control
AGGCCACGTGGATCGA_SMC052	SMC052	Control
AGGCCAGGTGATAGAT_PO20	PO20	Control
AGGCCATTCAGCAATT_PO13	PO13	Control
AGGCCATTCGACCATA_PO28	PO28	AD
AGGCCCATCGAATTAC_PO41	PO41	AD
AGGCGAATCCAACCGG_PO23	PO23	Control
AGGCGAATCCGGAACT_PO42	PO42	AD
AGGCGGACATGGTACG_PO42	PO42	AD
AGGCGTTTCATGCTTC_PO05	PO05	AD
AGGCTCACAATTACCT_PO28	PO28	AD
AGGCTCACAGCCAGAC_PO20	PO20	Control
AGGCTGCAGGGCCTCT_SMC052	SMC052	Control
AGGCTGCCACATACGT_SMC049	SMC049	AD
AGGCTGCGTCGAACGA_SMC038	SMC038	AD
AGGCTGCTCGAGTACT_SMC053	SMC053	Active control
AGGCTTATCAGTTACG_PO42	PO42	AD
AGGCTTATCGATGAGG_PO42	PO42	AD
AGGCTTATCGTGCTGG_PO20	PO20	Control
AGGCTTATCTAATGCG_PO05	PO05	AD
AGGCTTATCTAGCCTT_PO42	PO42	AD
AGGCTTGCATGGTGTG_PO41	PO41	AD
AGGGAACCACATTCCA_PO42	PO42	AD
AGGGAGTAGATCACCT_SMC049	SMC049	AD
AGGGAGTAGTCAGCGA_SMC049	SMC049	AD
AGGGAGTCAAGCTTAA_PO41	PO41	AD
AGGGAGTCAATAGGGA_PO11	PO11	AD
AGGGAGTGTAACAGGC_SMC049	SMC049	AD
AGGGAGTGTCATAACC_SMC053	SMC053	Active control
AGGGAGTTCCCATGGG_SMC033	SMC033	Control
AGGGAGTTCGGTCATA_SMC041	SMC041	AD
AGGGATTAGCAAGTCC_PO20	PO20	Control
AGGGATTAGCATGTAT_PO23	PO23	Control
AGGGCATGTTGGTGAA_PO42	PO42	AD
AGGGCCTAGGCACTCC_SMC052	SMC052	Control
AGGGCCTAGTGCAGGT_SMC049	SMC049	AD
AGGGCCTCACTGCTTC_SMC052	SMC052	Control
AGGGCCTCACTTGACA_SMC033	SMC033	Control
AGGGCCTCAGACCAGA_SMC049	SMC049	AD
AGGGCCTCATCATCTT_SMC038	SMC038	AD
AGGGCCTGTACTCGCG_SMC049	SMC049	AD
AGGGCCTTCTTAAGGC_SMC049	SMC049	AD
AGGGCTAAGGGCAGGT_PO42	PO42	AD
AGGGCTCAGAGTAACT_SMC052	SMC052	Control
AGGGCTCAGCATTTCG_SMC049	SMC049	AD
AGGGCTCCAGTGCCTG_SMC049	SMC049	AD
AGGGCTCGTACGTGTT_SMC052	SMC052	Control
AGGGCTCGTCCACTTC_SMC033	SMC033	Control
AGGGCTCTCGCTCTAC_SMC033	SMC033	Control
AGGGCTGGTTCCAGCA_PO13	PO13	Control
AGGGGTTGTGAAGTCA_PO41	PO41	AD
AGGGTACGTAAGGTTG_PO13	PO13	Control
AGGGTATAGGTACGTC_PO42	PO42	AD
AGGGTATAGTGAACGG_PO23	PO23	Control
AGGGTCAAGCGGTAAG_PO13	PO13	Control
AGGGTCCCATGACCCG_SMC052	SMC052	Control
AGGGTCCGTAGATTGA_SMC035	SMC035	Active control
AGGGTCCGTGATACAA_SMC038	SMC038	AD
AGGGTCCGTGGGTTGA_SMC052	SMC052	Control
AGGGTCCTCAACGTGT_SMC049	SMC049	AD
AGGGTCCTCCCATTCG_SMC053	SMC053	Active control
AGGGTCCTCGGTGAAG_SMC053	SMC053	Active control
AGGGTGAAGTCACTAC_SMC052	SMC052	Control
AGGGTGAAGTGGTCAG_SMC037	SMC037	Active control
AGGGTGACATTCCTAT_SMC053	SMC053	Active control
AGGGTGAGTACTTCCC_SMC041	SMC041	AD
AGGGTGAGTGTATCCA_SMC049	SMC049	AD
AGGGTGAGTTATGTGC_SMC049	SMC049	AD
AGGGTGAGTTCGGTCG_SMC049	SMC049	AD
AGGGTTAGTAACGAGC_PO42	PO42	AD
AGGGTTAGTGGAGCTG_PO15	PO15	Control
AGGGTTGAGGTTAGTT_PO15	PO15	Control
AGGGTTGAGTCGACAC_PO28	PO28	AD
AGGGTTTAGACTACCT_SMC053	SMC053	Active control
AGGGTTTAGTTCCTGA_SMC052	SMC052	Control
AGGGTTTAGTTTGAGA_SMC052	SMC052	Control
AGGGTTTCAACCGATT_SMC052	SMC052	Control
AGGGTTTGTACCAATC_SMC049	SMC049	AD
AGGTAACAGCGCTATA_PO28	PO28	AD
AGGTAGGCACCGAATT_SMC052	SMC052	Control
AGGTAGGCATTCGGGC_SMC052	SMC052	Control
AGGTAGGGTAGCTTTG_SMC035	SMC035	Active control
AGGTAGGGTATGACAA_SMC035	SMC035	Active control
AGGTAGGGTCAAAGTA_SMC049	SMC049	AD
AGGTAGGGTGTGTCCG_SMC035	SMC035	Active control
AGGTAGGGTTACGCCG_SMC052	SMC052	Control
AGGTAGGTCCCTCATG_SMC035	SMC035	Active control
AGGTAGGTCCTAGCCT_SMC033	SMC033	Control
AGGTAGGTCGCTAGCG_SMC052	SMC052	Control
AGGTAGGTCTGGGTCG_SMC035	SMC035	Active control
AGGTCATAGATTGACA_SMC049	SMC049	AD
AGGTCATCAACCACAT_SMC049	SMC049	AD
AGGTCATCACCTGATA_SMC049	SMC049	AD
AGGTCATTCACCCTCA_SMC053	SMC053	Active control
AGGTCTAAGCTAGCCC_SMC052	SMC052	Control
AGGTCTAAGTGCGACA_SMC049	SMC049	AD
AGGTCTAGTATCGCAT_SMC049	SMC049	AD
AGGTCTATCCCTAGGG_SMC049	SMC049	AD
AGGTGCAAGGAGTACG_PO42	PO42	AD
AGGTGCTTCGCTGACG_PO20	PO20	Control
AGGTGTTCAGTCTCTC_SMC052	SMC052	Control
AGGTGTTCATGACGAG_SMC049	SMC049	AD
AGGTGTTGTGCTCTTC_SMC052	SMC052	Control
AGGTGTTTCACCTTGC_SMC052	SMC052	Control
AGGTGTTTCCACTAGA_SMC049	SMC049	AD
AGGTGTTTCTACTGCC_SMC049	SMC049	AD
AGGTGTTTCTCCCAAC_SMC039	SMC039	AD
AGGTTAAAGAAGCGCA_PO13	PO13	Control
AGGTTACAGCCATTCA_SMC033	SMC033	Control
AGGTTACAGGTCTGGA_SMC052	SMC052	Control
AGGTTACCAGACCGCT_SMC049	SMC049	AD
AGGTTACGTCATATGC_SMC053	SMC053	Active control
AGGTTAGGTCTGGCGT_PO20	PO20	Control
AGGTTAGGTTGCGTGC_PO13	PO13	Control
AGGTTAGGTTTCGACG_PO41	PO41	AD
AGGTTCATCAATCGGC_PO23	PO23	Control
AGGTTCGCAATGCCGA_PO28	PO28	AD
AGGTTCGCAGGCAGAG_PO13	PO13	Control
AGGTTCGCATAACGCG_PO41	PO41	AD
AGGTTGTAGAGAGTTT_SMC041	SMC041	AD
AGGTTGTAGGGCAGGA_SMC052	SMC052	Control
AGGTTGTCACATGAAA_SMC053	SMC053	Active control
AGGTTGTCAGCTCTGG_SMC052	SMC052	Control
AGGTTGTTCCTAAGTG_SMC052	SMC052	Control
AGTAACCCAGCTCATC_PO28	PO28	AD
AGTAACCCATAACTCG_SMC035	SMC035	Active control
AGTAACCCATCCAAGG_PO13	PO13	Control
AGTAACCTCAGGTAAA_SMC053	SMC053	Active control
AGTAACCTCGCAGTCG_SMC053	SMC053	Active control
AGTAACCTCTCATTGT_SMC052	SMC052	Control
AGTAACGGTATGTCAC_PO23	PO23	Control
AGTAACGGTCAGTCAT_PO23	PO23	Control
AGTACCAGTTCCGCGA_SMC049	SMC049	AD
AGTACCAGTTGATCGT_SMC038	SMC038	AD
AGTACCATCAAGGTGG_SMC037	SMC037	Active control
AGTACCATCGTCGGGT_SMC049	SMC049	AD
AGTACCTGTAACTGCT_PO05	PO05	AD
AGTACCTGTGCATTAC_PO13	PO13	Control
AGTACCTGTGGAGACT_PO23	PO23	Control
AGTACGGAGGATGGGC_PO28	PO28	AD
AGTACGGAGTACCAAT_PO23	PO23	Control
AGTACGGAGTGCAATT_PO23	PO23	Control
AGTACTGAGACCGCCT_SMC038	SMC038	AD
AGTACTGCATGATCTG_SMC049	SMC049	AD
AGTACTGGTAAGGTCG_SMC049	SMC049	AD
AGTACTGGTCATTGCA_SMC049	SMC049	AD
AGTACTGGTTATGTGC_SMC053	SMC053	Active control
AGTACTGTCGAACCAT_SMC052	SMC052	Control
AGTACTGTCGACGCGT_SMC052	SMC052	Control
AGTACTGTCTATTGTC_SMC052	SMC052	Control
AGTACTGTCTTGGGCG_SMC052	SMC052	Control
AGTACTTAGGAGTATA_PO11	PO11	AD
AGTAGCTAGCGTCGAA_SMC035	SMC035	Active control
AGTAGCTAGTAGTCAA_SMC037	SMC037	Active control
AGTAGCTAGTATTCCG_SMC035	SMC035	Active control
AGTAGCTAGTCCGCGT_SMC052	SMC052	Control
AGTAGCTGTGGGTCAA_SMC049	SMC049	AD
AGTAGCTGTGTTACAC_SMC053	SMC053	Active control
AGTAGCTGTTCCGCAG_SMC049	SMC049	AD
AGTAGCTTCTGTACAG_SMC052	SMC052	Control
AGTAGTCAGGGAGTGG_SMC053	SMC053	Active control
AGTAGTCCAAGGTACG_SMC052	SMC052	Control
AGTAGTCTCCACAGCG_SMC053	SMC053	Active control
AGTAGTCTCTTTGCTA_SMC052	SMC052	Control
AGTATAGAGGTTCAAT_PO13	PO13	Control
AGTATCACAAAGGATG_PO23	PO23	Control
AGTATCCGTGGCAGTG_PO23	PO23	Control
AGTATGAAGATAGGTA_PO05	PO05	AD
AGTATGGGTAGTTACC_PO23	PO23	Control
AGTATGTTCACAGGAG_PO05	PO05	AD
AGTATGTTCCCATAGA_PO23	PO23	Control
AGTATTCAGTACCATG_PO15	PO15	Control
AGTATTGCATAGGGCC_PO13	PO13	Control
AGTCAACAGCAGCCCT_SMC033	SMC033	Control
AGTCAACAGTAGCATA_SMC038	SMC038	AD
AGTCAACCAAACTAAG_SMC049	SMC049	AD
AGTCAACCACGGGCTT_SMC038	SMC038	AD
AGTCAAGGTTTCCAGG_PO13	PO13	Control
AGTCACAAGACCCTTA_SMC030	SMC030	Control
AGTCACAGTCGAGTGA_SMC049	SMC049	AD
AGTCACAGTCTCTCCA_SMC053	SMC053	Active control
AGTCACAGTTCCTAGA_SMC041	SMC041	AD
AGTCACGCAGGTAGGG_PO15	PO15	Control
AGTCATGAGCTACAAA_SMC052	SMC052	Control
AGTCATGAGGTAGCCA_SMC052	SMC052	Control
AGTCATGAGTGCGACA_SMC053	SMC053	Active control
AGTCATGCACTGCGTG_SMC038	SMC038	AD
AGTCATGGTAGTTAGA_SMC053	SMC053	Active control
AGTCATGTCAAGTGTC_SMC049	SMC049	AD
AGTCATTAGCCGAGTT_PO13	PO13	Control
AGTCCAGCACCTATCA_PO28	PO28	AD
AGTCCAGCATAACGTA_PO13	PO13	Control
AGTCCCTCAATACAGC_PO11	PO11	AD
AGTCCTGGTGAGCATA_PO23	PO23	Control
AGTCGAAGTTGCTCCT_PO13	PO13	Control
AGTCGGTTCAATTAGC_PO13	PO13	Control
AGTCGGTTCGAAGCCT_PO42	PO42	AD
AGTCGGTTCGTTAGAT_PO11	PO11	AD
AGTCGTTGTCAGTCAT_PO28	PO28	AD
AGTCGTTGTTCCGCTT_PO05	PO05	AD
AGTCTCAAGATAGGAC_PO05	PO05	AD
AGTCTCAAGGCAACCT_PO28	PO28	AD
AGTCTCAAGGCACTCG_PO28	PO28	AD
AGTCTCAAGGGCTTAC_PO13	PO13	Control
AGTCTCAAGTCGACAC_PO28	PO28	AD
AGTCTCCAGCCAGAGT_SMC049	SMC049	AD
AGTCTCCCACACACTA_SMC052	SMC052	Control
AGTCTCCTCTCTCAAT_SMC049	SMC049	AD
AGTCTTAGTAATGAGT_PO15	PO15	Control
AGTCTTAGTCAGTCAT_PO20	PO20	Control
AGTCTTGAGTAGAGAC_PO20	PO20	Control
AGTGAACAGCTAGATT_PO11	PO11	AD
AGTGAACAGGGTCTAC_PO41	PO41	AD
AGTGACTAGAATACAC_SMC041	SMC041	AD
AGTGACTCACGAGGTA_SMC033	SMC033	Control
AGTGACTCAGGAAGTC_SMC052	SMC052	Control
AGTGACTCAGGTTCGC_SMC052	SMC052	Control
AGTGACTTCTCGTGAA_SMC052	SMC052	Control
AGTGAGACATGCTCTA_PO23	PO23	Control
AGTGAGTAGGAGGTTG_PO23	PO23	Control
AGTGAGTAGGCGATAG_PO20	PO20	Control
AGTGAGTAGTCAACTG_PO23	PO23	Control
AGTGATCAGACATCAA_SMC041	SMC041	AD
AGTGATCAGATACAGT_SMC041	SMC041	AD
AGTGATCAGCAACTTC_SMC052	SMC052	Control
AGTGATTTCACGGATC_PO42	PO42	AD
AGTGCATCATCCGCAT_PO23	PO23	Control
AGTGCATCATGCGTAG_PO20	PO20	Control
AGTGCCGAGTTCGCAT_SMC041	SMC041	AD
AGTGCCGCACATGGTT_SMC053	SMC053	Active control
AGTGCCGCACCCTTGT_SMC032	SMC032	AD
AGTGCCGCACGGTCTG_SMC052	SMC052	Control
AGTGCCGCATCTCCCA_SMC052	SMC052	Control
AGTGCCGGTTTGGGTT_SMC052	SMC052	Control
AGTGCCGTCTCGCTCA_SMC053	SMC053	Active control
AGTGCGGGTTGCCCTT_PO23	PO23	Control
AGTGGTGAGCTAATCG_PO42	PO42	AD
AGTGGTGAGGGTTAGG_PO13	PO13	Control
AGTGTAAAGGCTAGAG_PO23	PO23	Control
AGTGTCATCCCATGAA_PO20	PO20	Control
AGTGTCATCCGGTGTG_PO11	PO11	AD
AGTGTCGCAATCGGTG_PO42	PO42	AD
AGTGTCGCATTGCCCG_PO11	PO11	AD
AGTGTGAGTAGCGAGT_PO41	PO41	AD
AGTGTGAGTGACTCCA_PO28	PO28	AD
AGTGTTGAGAGTCCGA_SMC052	SMC052	Control
AGTGTTGAGAGTTGTA_SMC041	SMC041	AD
AGTGTTGAGATGAATC_SMC049	SMC049	AD
AGTGTTGAGGTATAGT_SMC049	SMC049	AD
AGTGTTGAGGTCCCTG_SMC053	SMC053	Active control
AGTGTTGGTCTGCGCA_SMC035	SMC035	Active control
AGTGTTGTCATCCTAT_SMC041	SMC041	AD
AGTGTTGTCCCCTGAC_PO23	PO23	Control
AGTGTTGTCTTCTGGC_SMC041	SMC041	AD
AGTTAGAAGCCACGAT_PO11	PO11	AD
AGTTAGAAGGATCCAC_PO05	PO05	AD
AGTTAGAAGTACCAAT_PO23	PO23	Control
AGTTAGCAGAATTGTG_SMC030	SMC030	Control
AGTTAGCAGACGATAT_SMC053	SMC053	Active control
AGTTAGCCATCGAACT_SMC041	SMC041	AD
AGTTAGCTCAGGGATG_SMC049	SMC049	AD
AGTTAGCTCGTAGTCA_SMC053	SMC053	Active control
AGTTCCCAGAAATTGC_SMC052	SMC052	Control
AGTTCCCAGATGGCAC_SMC052	SMC052	Control
AGTTCCCAGCGTCTCG_SMC041	SMC041	AD
AGTTCCCAGTACAACA_SMC053	SMC053	Active control
AGTTCCCAGTCACACT_SMC053	SMC053	Active control
AGTTCCCCACATATGC_SMC049	SMC049	AD
AGTTCCCGTCTTCGAA_SMC052	SMC052	Control
AGTTCCCGTTCCCAAA_SMC053	SMC053	Active control
AGTTCCCGTTCTTGCC_SMC052	SMC052	Control
AGTTCCCTCAACTACG_SMC032	SMC032	AD
AGTTCCCTCACCATAG_SMC052	SMC052	Control
AGTTCCCTCCGTCCTA_SMC052	SMC052	Control
AGTTCCCTCGCCACTT_SMC053	SMC053	Active control
AGTTCGAAGACTAAGT_SMC052	SMC052	Control
AGTTCGAAGTAAAGCT_SMC053	SMC053	Active control
AGTTCGACAAGGTCTT_SMC053	SMC053	Active control
AGTTCGACACACCGCA_SMC041	SMC041	AD
AGTTCGACATGAGATA_SMC052	SMC052	Control
AGTTCGAGTCTGTCAA_SMC041	SMC041	AD
AGTTCGATCGGCACTG_SMC031	SMC031	Active control
AGTTGAAAGATAGACA_PO23	PO23	Control
AGTTGAGGTTAAGGAT_PO05	PO05	AD
AGTTTAGCAATTGAGC_PO23	PO23	Control
AGTTTGGTCAATTCGG_PO28	PO28	AD
ATAACCACACCTCGCA_PO13	PO13	Control
ATAACGAAGCAGGCAA_PO28	PO28	AD
ATAACGGGTCCATCCT_PO23	PO23	Control
ATAACGGGTTGCAGCC_PO05	PO05	AD
ATAACGTTCACTAGAT_PO28	PO28	AD
ATAACGTTCCGTAGAC_PO28	PO28	AD
ATAACGTTCGCGAGTT_PO41	PO41	AD
ATAAGCAAGAAGGAAG_PO13	PO13	Control
ATAAGCAAGGTACGGA_PO23	PO23	Control
ATAAGCAAGGTATCTG_PO05	PO05	AD
ATAAGCTTCATCAGCA_PO42	PO42	AD
ATAAGCTTCCAGCACG_PO42	PO42	AD
ATAAGCTTCTATGGTG_PO28	PO28	AD
ATAAGGATCACTATCC_PO28	PO28	AD
ATAATCGCAACGTTAA_PO28	PO28	AD
ATACACTAGTCGAGGA_PO11	PO11	AD
ATACAGCCAACTGTAA_PO28	PO28	AD
ATACCAACAATTGCCC_PO23	PO23	Control
ATACCGAAGATCGGTG_SMC052	SMC052	Control
ATACCGAAGTAATTGG_SMC053	SMC053	Active control
ATACCGAAGTTGAAAC_SMC049	SMC049	AD
ATACCGACAGCTCTGG_SMC038	SMC038	AD
ATACCGACATCCTTCG_SMC052	SMC052	Control
ATACCGACATGCCGGT_SMC053	SMC053	Active control
ATACCGAGTGATGGCA_SMC033	SMC033	Control
ATACCGATCATGCGGC_SMC041	SMC041	AD
ATACCTAGTCTCCAGA_PO15	PO15	Control
ATACCTTAGAAACTGT_SMC049	SMC049	AD
ATACCTTAGGATTACA_SMC049	SMC049	AD
ATACCTTAGGCGTCCT_SMC052	SMC052	Control
ATACCTTTCGACATAC_SMC053	SMC053	Active control
ATACCTTTCGGCTGTG_SMC049	SMC049	AD
ATACGAAAGGGTTGCT_PO23	PO23	Control
ATACGATTCCTGAGTA_PO42	PO42	AD
ATACGCGCAATAGTTG_PO42	PO42	AD
ATACGCGCACCAACGA_PO13	PO13	Control
ATACGGTCAGGATCAT_PO41	PO41	AD
ATACGGTCATCAATTC_PO05	PO05	AD
ATACGTTAGTGCGGTT_PO13	PO13	Control
ATACTGGTCCATCCCA_PO42	PO42	AD
ATACTTCAGCCATTCA_SMC049	SMC049	AD
ATACTTCAGCCTTTGA_SMC032	SMC032	AD
ATACTTCCAAATTGCC_SMC049	SMC049	AD
ATACTTCCAAGTATAG_SMC052	SMC052	Control
ATACTTCGTTGTAGCT_SMC049	SMC049	AD
ATACTTCTCCCTTGTG_SMC052	SMC052	Control
ATAGACCCAATAGGGC_SMC052	SMC052	Control
ATAGACCCAATTCACG_SMC052	SMC052	Control
ATAGACCCAGAGGACT_SMC037	SMC037	Active control
ATAGACCCATGTTCGA_SMC049	SMC049	AD
ATAGACCGTACTCGCG_SMC052	SMC052	Control
ATAGACCTCAGACCTA_SMC049	SMC049	AD
ATAGACCTCCCACAGG_SMC035	SMC035	Active control
ATAGAGAAGATTGCGG_SMC033	SMC033	Control
ATAGAGACAAGCACAG_SMC052	SMC052	Control
ATAGAGACACGAGGAT_SMC049	SMC049	AD
ATAGAGACACGGCACT_SMC052	SMC052	Control
ATAGAGAGTCCTGTCT_SMC053	SMC053	Active control
ATAGCAAAGCATGTCA_PO28	PO28	AD
ATAGCACCAAGGTCAT_PO13	PO13	Control
ATAGCCTGTGACTCCA_PO23	PO23	Control
ATAGCCTGTTGGAGCG_PO13	PO13	Control
ATAGCGCTCCCAGGTG_PO15	PO15	Control
ATAGCGCTCTATGCAG_PO05	PO05	AD
ATAGGATGTGAACCGG_PO13	PO13	Control
ATAGGATGTGGCTCGT_PO28	PO28	AD
ATAGGATGTTATCCTT_PO28	PO28	AD
ATAGGCGAGCGAGGAC_PO23	PO23	Control
ATAGGCGAGGCACGAA_PO05	PO05	AD
ATAGGCTAGTGGCCTC_SMC053	SMC053	Active control
ATAGGCTCAGTCACGC_SMC035	SMC035	Active control
ATAGGCTGTCGTGGAA_SMC053	SMC053	Active control
ATAGGCTTCAAGCCCG_SMC038	SMC038	AD
ATAGGCTTCAATCGGT_SMC033	SMC033	Control
ATAGGCTTCCCTAGGG_SMC053	SMC053	Active control
ATAGGGGTCCGTTGGG_PO05	PO05	AD
ATAGGGTAGATTGATC_PO28	PO28	AD
ATAGGGTAGCTATCAG_PO42	PO42	AD
ATAGTCACACAAGGTT_PO23	PO23	Control
ATAGTCACAGCCATCT_PO11	PO11	AD
ATAGTCCGTTTACCTT_PO05	PO05	AD
ATATCAGCACATGCAG_PO05	PO05	AD
ATATCCTCACAGTCGC_SMC052	SMC052	Control
ATATCCTCAGCTTCCT_SMC053	SMC053	Active control
ATATCCTCATTGGATC_SMC049	SMC049	AD
ATATCCTGTCCACATA_SMC041	SMC041	AD
ATATCCTTCACTACTT_SMC052	SMC052	Control
ATATCCTTCACTCTTA_SMC053	SMC053	Active control
ATATCCTTCCCTCTAG_SMC049	SMC049	AD
ATATGGCCAATGGAAG_PO41	PO41	AD
ATATGGGGTTCGTGTG_PO28	PO28	AD
ATATGGGGTTGCTCCT_PO42	PO42	AD
ATATGTCAGGGGCAAC_PO05	PO05	AD
ATATTCCCAAGTAGAG_PO15	PO15	Control
ATCAACTAGTAAGGTA_PO23	PO23	Control
ATCAACTAGTAGAGAC_PO13	PO13	Control
ATCACAACACAACTAA_PO42	PO42	AD
ATCACAACAGCTCTCG_PO11	PO11	AD
ATCACAGAGAGTTCGG_SMC052	SMC052	Control
ATCACAGCAGCACAAG_SMC049	SMC049	AD
ATCACAGCATTGAAAG_SMC030	SMC030	Control
ATCACAGGTAACATAG_SMC035	SMC035	Active control
ATCACAGGTAAGGCTG_SMC033	SMC033	Control
ATCACAGGTACCTTCC_SMC053	SMC053	Active control
ATCACAGGTTGCATTG_SMC041	SMC041	AD
ATCACAGTCCCAAGCG_SMC041	SMC041	AD
ATCACAGTCGAGTTGT_SMC033	SMC033	Control
ATCACAGTCTGAGATC_SMC049	SMC049	AD
ATCACCTTCTGTCTGT_PO23	PO23	Control
ATCACGAAGGTTCTAC_SMC053	SMC053	Active control
ATCACGACAGGACTAG_SMC049	SMC049	AD
ATCACGACAGGTGTGA_SMC033	SMC033	Control
ATCACGAGTAGCTGTT_SMC053	SMC053	Active control
ATCACGAGTCGATTCA_SMC053	SMC053	Active control
ATCACGAGTGTTCGAT_SMC053	SMC053	Active control
ATCACGATCACATTGG_SMC053	SMC053	Active control
ATCACGATCACCTTAC_PO20	PO20	Control
ATCACGATCGCGTGCA_SMC049	SMC049	AD
ATCACGATCTTCTGGC_SMC052	SMC052	Control
ATCACTTAGAAGCCAC_SMC049	SMC049	AD
ATCACTTAGCTAATGA_SMC052	SMC052	Control
ATCACTTCATAGGTTA_PO28	PO28	AD
ATCACTTCATTAGTGA_PO28	PO28	AD
ATCACTTGTCCATAGT_SMC052	SMC052	Control
ATCAGGCTCAATTAGC_PO41	PO41	AD
ATCAGGGAGGTAATTC_PO20	PO20	Control
ATCAGGGAGTGCCGTG_PO23	PO23	Control
ATCAGGTAGGTTCAGG_SMC035	SMC035	Active control
ATCAGGTGTACGATCT_SMC052	SMC052	Control
ATCAGGTGTGAGGAAA_SMC049	SMC049	AD
ATCAGGTTCAGTAGGG_SMC052	SMC052	Control
ATCAGGTTCATCGCCT_SMC053	SMC053	Active control
ATCAGGTTCTAGCATG_SMC053	SMC053	Active control
ATCAGTTAGGTTGAGG_PO23	PO23	Control
ATCAGTTAGTTGGGCT_PO41	PO41	AD
ATCATCCTCCCCATGC_PO42	PO42	AD
ATCATGGTCACGGAGA_PO23	PO23	Control
ATCATGGTCGCATAGC_PO13	PO13	Control
ATCATGGTCTGTCACT_PO05	PO05	AD
ATCATTCAGAAGAGCA_SMC053	SMC053	Active control
ATCATTCAGCTGTTAC_SMC049	SMC049	AD
ATCATTCAGGTAAGTT_SMC053	SMC053	Active control
ATCATTCAGTGGACTG_SMC030	SMC030	Control
ATCATTCCAAATGGCG_SMC049	SMC049	AD
ATCATTCCAATGTAGC_PO20	PO20	Control
ATCATTCCAGTTAGAA_SMC049	SMC049	AD
ATCATTCCATAGAATG_SMC049	SMC049	AD
ATCATTCCATATGGCT_SMC049	SMC049	AD
ATCATTCCATCCTGAC_PO23	PO23	Control
ATCATTCGTCACGACC_SMC052	SMC052	Control
ATCATTCTCTAGATCG_SMC052	SMC052	Control
ATCCACCAGAAGAGCA_SMC052	SMC052	Control
ATCCACCCAACTTGCA_SMC049	SMC049	AD
ATCCACCCACATATGC_SMC030	SMC030	Control
ATCCACCGTTCGTGCG_SMC041	SMC041	AD
ATCCACCTCACCTGTC_SMC053	SMC053	Active control
ATCCACGGTCATCAAC_PO42	PO42	AD
ATCCACGGTTCCTTGC_PO28	PO28	AD
ATCCACTTCCCAGACG_PO11	PO11	AD
ATCCACTTCCCCTGTA_PO42	PO42	AD
ATCCATAGTAGTGAGC_PO05	PO05	AD
ATCCATAGTGATGAAT_PO20	PO20	Control
ATCCATGAGAAGCGCA_PO05	PO05	AD
ATCCATTAGCATCCTA_SMC041	SMC041	AD
ATCCATTAGTATAGGT_SMC049	SMC049	AD
ATCCATTAGTCACTGT_SMC052	SMC052	Control
ATCCATTCAAACCGGA_SMC038	SMC038	AD
ATCCATTCAACCGCTG_SMC052	SMC052	Control
ATCCATTCACCGTGAC_SMC049	SMC049	AD
ATCCATTCATGAAGGC_SMC052	SMC052	Control
ATCCATTGTACGTTCA_SMC049	SMC049	AD
ATCCATTGTAGTCACT_SMC052	SMC052	Control
ATCCATTGTGCATACT_SMC053	SMC053	Active control
ATCCATTGTTTACACG_SMC035	SMC035	Active control
ATCCATTTCTTCGGTC_SMC041	SMC041	AD
ATCCCAAAGGTCAACC_PO42	PO42	AD
ATCCCCATCAATGTAC_PO23	PO23	Control
ATCCCCATCCAGCTCC_PO28	PO28	AD
ATCCCCATCCTCATTA_PO13	PO13	Control
ATCCCCTGTAGTTACC_PO20	PO20	Control
ATCCCCTGTTCCCGAA_PO20	PO20	Control
ATCCCGCTCCGTTAAG_PO28	PO28	AD
ATCCCTGAGTGCTCGC_SMC049	SMC049	AD
ATCCCTGCAAGACGAC_SMC033	SMC033	Control
ATCCCTGCACTTGGCG_SMC052	SMC052	Control
ATCCCTGGTTGACTAC_SMC049	SMC049	AD
ATCCCTGTCATGCATG_SMC052	SMC052	Control
ATCCCTGTCGGTTGTA_SMC038	SMC038	AD
ATCCCTGTCGTCGGGT_SMC030	SMC030	Control
ATCCGACAGGGGTACA_PO23	PO23	Control
ATCCGACAGTCAGGTC_PO42	PO42	AD
ATCCGCCTCCGTATAG_PO23	PO23	Control
ATCCGCCTCGTTCCAT_PO23	PO23	Control
ATCCGGGTCTCATGTC_PO23	PO23	Control
ATCCGTCAGTCACTAC_SMC041	SMC041	AD
ATCCGTCCAAATGCGT_PO15	PO15	Control
ATCCGTCCACATTCTT_SMC041	SMC041	AD
ATCCGTCGTAGCTAAA_SMC052	SMC052	Control
ATCCGTCGTAGGAGTC_SMC052	SMC052	Control
ATCCTAAGTCATCGTG_PO42	PO42	AD
ATCCTAAGTTTACATG_PO28	PO28	AD
ATCCTAGAGCAAGGCA_PO11	PO11	AD
ATCCTAGAGCTGGAAG_PO23	PO23	Control
ATCCTATAGATAGCTA_SMC053	SMC053	Active control
ATCCTATAGCCACCGT_SMC053	SMC053	Active control
ATCCTATCACTTCAAG_SMC053	SMC053	Active control
ATCCTATCATGACTAC_SMC037	SMC037	Active control
ATCCTATGTGCCGTTG_SMC052	SMC052	Control
ATCCTATGTGTAGTGG_SMC049	SMC049	AD
ATCCTATTCTCCGTGT_SMC052	SMC052	Control
ATCCTCCGTAGGCGCA_PO28	PO28	AD
ATCCTCCGTGGCTACC_PO23	PO23	Control
ATCCTGAAGCGGTCAT_PO11	PO11	AD
ATCCTGAAGGTGAAGT_PO05	PO05	AD
ATCCTGTTCACGCTCC_PO42	PO42	AD
ATCCTGTTCGTGAGGA_PO28	PO28	AD
ATCGAACCAAGGTAGA_PO15	PO15	Control
ATCGAAGGTCAAGCAA_PO13	PO13	Control
ATCGATGAGGACTATA_SMC052	SMC052	Control
ATCGATGAGGTAGACC_SMC053	SMC053	Active control
ATCGATGCACACGGAA_SMC053	SMC053	Active control
ATCGATGCACATATGC_SMC041	SMC041	AD
ATCGATGCAGAATGTA_SMC052	SMC052	Control
ATCGATGGTATCCTCC_SMC041	SMC041	AD
ATCGATGGTTGGCCGT_SMC038	SMC038	AD
ATCGATGTCCGTGTGG_SMC053	SMC053	Active control
ATCGATGTCTAGTGTG_SMC049	SMC049	AD
ATCGATTAGTGATTCG_PO23	PO23	Control
ATCGCCTAGCTCCCTT_SMC053	SMC053	Active control
ATCGCCTAGCTGACCC_SMC049	SMC049	AD
ATCGCCTAGGAACGTC_SMC049	SMC049	AD
ATCGCCTAGGACAAGA_SMC041	SMC041	AD
ATCGCCTAGGCTAGCA_SMC049	SMC049	AD
ATCGCCTAGTAGTCAA_SMC037	SMC037	Active control
ATCGCCTCATTAAGCA_PO42	PO42	AD
ATCGCCTGTGAATGAT_SMC052	SMC052	Control
ATCGGATAGGTCACAG_SMC052	SMC052	Control
ATCGGATAGTAGACCG_SMC038	SMC038	AD
ATCGGATCAGTGAGCA_SMC052	SMC052	Control
ATCGGATGTGCTCCGA_SMC033	SMC033	Control
ATCGGATTCGCTACGG_SMC032	SMC032	AD
ATCGGATTCTCATTAC_SMC049	SMC049	AD
ATCGGCGCAAAGGCGT_SMC041	SMC041	AD
ATCGGCGCACGCGTGT_SMC035	SMC035	Active control
ATCGGCGCAGGCACAA_SMC033	SMC033	Control
ATCGGCGGTATGCAAA_SMC049	SMC049	AD
ATCGGCGTCAAGTGTC_SMC052	SMC052	Control
ATCGGCGTCGCTATTT_SMC033	SMC033	Control
ATCGGGCCAGCTATCC_PO23	PO23	Control
ATCGGTCAGCTGGGTT_PO15	PO15	Control
ATCGTAGAGCTGTTCA_SMC049	SMC049	AD
ATCGTAGAGTATCTGC_SMC053	SMC053	Active control
ATCGTAGCAAACGGCA_SMC049	SMC049	AD
ATCGTAGCAATACCTG_SMC035	SMC035	Active control
ATCGTAGCATTGTACG_SMC049	SMC049	AD
ATCGTAGGTCATCACA_SMC035	SMC035	Active control
ATCGTAGGTTACACAC_SMC052	SMC052	Control
ATCGTAGTCTATCCAT_SMC052	SMC052	Control
ATCGTCAAGCAATCAT_PO15	PO15	Control
ATCGTCCAGAATGTTG_SMC038	SMC038	AD
ATCGTCCCAGAATTCC_SMC049	SMC049	AD
ATCGTCCCAGCCTATA_SMC053	SMC053	Active control
ATCGTCCCATCGCTGG_SMC049	SMC049	AD
ATCGTCCGTATCCCTC_SMC049	SMC049	AD
ATCGTCCGTCTAGGTT_SMC049	SMC049	AD
ATCGTCCGTCTCCTGT_SMC053	SMC053	Active control
ATCGTCCGTCTGCATA_SMC052	SMC052	Control
ATCGTCCGTTGTCAGT_SMC049	SMC049	AD
ATCGTGAAGGACATCG_SMC038	SMC038	AD
ATCGTGAAGTATTAGG_SMC037	SMC037	Active control
ATCGTGACACATTGTG_SMC052	SMC052	Control
ATCGTGAGTTCCACGG_SMC053	SMC053	Active control
ATCGTGATCATTGCTT_SMC052	SMC052	Control
ATCGTGATCGTGGAAG_SMC049	SMC049	AD
ATCGTGATCTCAACGA_SMC043	SMC043	AD
ATCGTTAGTTACACTA_PO11	PO11	AD
ATCTACCTCGTACTAG_PO05	PO05	AD
ATCTACCTCTCACAGA_PO28	PO28	AD
ATCTATGGTATTGGTC_PO20	PO20	Control
ATCTATGGTGGCGATG_PO23	PO23	Control
ATCTCATCATAACGTA_PO05	PO05	AD
ATCTCCACAAGTTACA_PO05	PO05	AD
ATCTCCACACAGCGTA_PO41	PO41	AD
ATCTCGCCAATCGCTC_PO23	PO23	Control
ATCTCGCCATAGAGGA_PO41	PO41	AD
ATCTCGCCATTAGGGT_PO28	PO28	AD
ATCTCTAAGGTCATCT_SMC052	SMC052	Control
ATCTCTACACTTGAGT_SMC052	SMC052	Control
ATCTCTAGTGGTTTGT_SMC038	SMC038	AD
ATCTCTAGTTACGATC_SMC053	SMC053	Active control
ATCTCTATCATCGCAA_SMC053	SMC053	Active control
ATCTCTATCATTTGTC_SMC035	SMC035	Active control
ATCTCTATCCCAGTGG_SMC049	SMC049	AD
ATCTCTATCTTACCAT_SMC035	SMC035	Active control
ATCTGCAAGCGATAGG_PO23	PO23	Control
ATCTGGATCCCGTGCT_PO20	PO20	Control
ATCTGGATCTATGCCT_PO05	PO05	AD
ATCTGTTCACATACTT_PO41	PO41	AD
ATCTTAGGTGGCTCAC_PO05	PO05	AD
ATCTTCAAGAAGATCT_SMC053	SMC053	Active control
ATCTTCAAGAGCCGTA_SMC053	SMC053	Active control
ATCTTCAAGGATGCGT_SMC032	SMC032	AD
ATCTTCAAGGTTACCT_SMC049	SMC049	AD
ATCTTCAGTAAGAACT_SMC052	SMC052	Control
ATCTTCAGTACCTTCC_SMC033	SMC033	Control
ATCTTCATCATGGCTA_PO23	PO23	Control
ATCTTCATCCATGCAA_PO23	PO23	Control
ATCTTCATCCATTCAT_SMC032	SMC032	AD
ATCTTCATCCTACCGT_SMC053	SMC053	Active control
ATCTTCATCCTTCTTC_SMC053	SMC053	Active control
ATCTTCATCTAGCCGG_PO28	PO28	AD
ATCTTCATCTAGGAAA_SMC038	SMC038	AD
ATCTTGCTCCCATGCC_PO23	PO23	Control
ATGAAACGTTGTCTAA_PO23	PO23	Control
ATGAAAGAGCGCTGCT_SMC033	SMC033	Control
ATGAAAGGTATTTCGG_SMC052	SMC052	Control
ATGAAAGTCACTTCTA_SMC053	SMC053	Active control
ATGAAAGTCGCATACA_PO41	PO41	AD
ATGAACCCAATTAGTG_PO11	PO11	AD
ATGAACCCAGGGCAGA_PO20	PO20	Control
ATGAACCCATAAGGCT_PO23	PO23	Control
ATGAACGGTAATCCAC_PO13	PO13	Control
ATGACCAAGTCCTGTA_SMC052	SMC052	Control
ATGACCACACCTCTGT_SMC053	SMC053	Active control
ATGACCACAGTATACC_SMC049	SMC049	AD
ATGACCACATTGTACG_SMC053	SMC053	Active control
ATGACCAGTACCCAGC_SMC053	SMC053	Active control
ATGACCAGTCCTGTCT_SMC049	SMC049	AD
ATGACCAGTCGAACGA_SMC052	SMC052	Control
ATGACCAGTGCCTTCT_SMC035	SMC035	Active control
ATGACCATCCCAAGTA_SMC049	SMC049	AD
ATGACCCAGGGCTAAG_PO41	PO41	AD
ATGAGGGAGGTATCTC_SMC053	SMC053	Active control
ATGAGGGCAAACTGCT_SMC033	SMC033	Control
ATGAGGGGTCGACGCT_SMC049	SMC049	AD
ATGAGGGGTTACGTAC_SMC053	SMC053	Active control
ATGAGGGTCGAGAAGC_SMC033	SMC033	Control
ATGAGGGTCTAGTGTG_SMC038	SMC038	AD
ATGAGGTAGGTACTTG_PO28	PO28	AD
ATGAGTAAGCCATCAA_PO42	PO42	AD
ATGAGTCAGGTTCTAC_SMC053	SMC053	Active control
ATGAGTCCACACCGCA_SMC038	SMC038	AD
ATGAGTCCATGTCTAG_SMC053	SMC053	Active control
ATGAGTCGTACGACAG_SMC032	SMC032	AD
ATGAGTCGTCTCGGAC_SMC037	SMC037	Active control
ATGAGTCTCAGTCAGT_SMC052	SMC052	Control
ATGAGTCTCCGTCCTA_SMC038	SMC038	AD
ATGAGTCTCCTTCTAA_SMC053	SMC053	Active control
ATGAGTTTCTGGAAGG_PO15	PO15	Control
ATGATCCGTGCGAGCA_PO11	PO11	AD
ATGATCCGTTGCAGGG_PO15	PO15	Control
ATGATCGAGAATTGTG_SMC030	SMC030	Control
ATGATCGCACAAGTTC_SMC049	SMC049	AD
ATGATCGCACACCTGG_SMC053	SMC053	Active control
ATGATCGCAGTCGCAC_SMC049	SMC049	AD
ATGATTGCAACGGGCT_PO11	PO11	AD
ATGCACGCAGCTAGGC_PO42	PO42	AD
ATGCAGCTCCCCATCA_PO41	PO41	AD
ATGCAGCTCCGTAAGC_PO41	PO41	AD
ATGCAGCTCCTGTCCA_PO11	PO11	AD
ATGCAGGAGTACGCTA_PO28	PO28	AD
ATGCATGCATCCTATT_SMC049	SMC049	AD
ATGCATGGTACTGCGC_SMC052	SMC052	Control
ATGCATGGTATGAGGC_SMC053	SMC053	Active control
ATGCATGGTCCACGCA_SMC052	SMC052	Control
ATGCATTAGCATGTCA_PO28	PO28	AD
ATGCATTAGTTACGAT_PO28	PO28	AD
ATGCCAATCCTGCCGT_PO15	PO15	Control
ATGCCAGCAAACTCAA_PO42	PO42	AD
ATGCCAGCATGAGCCA_PO23	PO23	Control
ATGCCCAGTTTGACTA_PO23	PO23	Control
ATGCCTCGTGGACTAG_SMC053	SMC053	Active control
ATGCCTCGTTCTCCCA_SMC052	SMC052	Control
ATGCCTCTCCACAGCG_SMC032	SMC032	AD
ATGCCTCTCCTACACC_SMC031	SMC031	Active control
ATGCGATCACGCGCAT_SMC049	SMC049	AD
ATGCGATCAGAAACCG_SMC052	SMC052	Control
ATGCGATCAGAGTAAT_SMC053	SMC053	Active control
ATGCGATGTAGCTGAG_SMC052	SMC052	Control
ATGCGATGTCGTTATG_SMC053	SMC053	Active control
ATGCGATGTGACCGAA_SMC049	SMC049	AD
ATGCGATTCCTACACC_SMC049	SMC049	AD
ATGCGATTCGCTGTCT_SMC053	SMC053	Active control
ATGCTAACAGCACCTT_PO41	PO41	AD
ATGCTAACATCCGGTT_PO28	PO28	AD
ATGCTAACATTACCTG_PO23	PO23	Control
ATGCTCAAGTACGGAG_PO23	PO23	Control
ATGCTCAAGTTAGAGA_PO28	PO28	AD
ATGCTGATCCTCTAAC_PO42	PO42	AD
ATGGACCTCCGTAAGC_PO42	PO42	AD
ATGGACTCATTGGAAC_PO42	PO42	AD
ATGGAGACAGCTACTC_PO05	PO05	AD
ATGGAGGAGACTTAAG_SMC052	SMC052	Control
ATGGAGGAGCTACAAA_SMC052	SMC052	Control
ATGGAGGCACGATAGG_SMC049	SMC049	AD
ATGGAGGCACTCACTC_SMC052	SMC052	Control
ATGGAGGGTATGAAAC_SMC053	SMC053	Active control
ATGGAGGGTCCCGCAA_SMC049	SMC049	AD
ATGGAGGGTGAGTTGG_SMC049	SMC049	AD
ATGGAGGGTTGTCATG_SMC049	SMC049	AD
ATGGAGGTCACTTCTA_SMC035	SMC035	Active control
ATGGAGGTCCCATGGG_SMC037	SMC037	Active control
ATGGAGGTCGAGATGG_SMC041	SMC041	AD
ATGGAGTAGGAACCAG_PO11	PO11	AD
ATGGAGTAGGTAATTC_PO42	PO42	AD
ATGGATCAGACTACGG_SMC052	SMC052	Control
ATGGATCCAAGATCCT_SMC052	SMC052	Control
ATGGATCCAGAAACCG_SMC052	SMC052	Control
ATGGATCCAGTTAAAG_SMC049	SMC049	AD
ATGGATCGTATACCCA_SMC052	SMC052	Control
ATGGATCTCACTTCTA_SMC052	SMC052	Control
ATGGATCTCCAGGACC_SMC036	SMC036	AD
ATGGATCTCCGTGTAA_SMC053	SMC053	Active control
ATGGCAAGTGCACCGT_PO05	PO05	AD
ATGGCTATCCCGCATC_PO28	PO28	AD
ATGGCTATCGATTAAC_PO28	PO28	AD
ATGGCTGCACAAGCCA_PO42	PO42	AD
ATGGCTGCACTAAGCG_PO23	PO23	Control
ATGGCTGCAGGATTCG_PO42	PO42	AD
ATGGGAGAGAAATGGG_SMC053	SMC053	Active control
ATGGGAGAGCCAACCC_SMC052	SMC052	Control
ATGGGAGAGCCTCAGC_SMC049	SMC049	AD
ATGGGAGAGTCCTACA_SMC049	SMC049	AD
ATGGGAGCAACACTAC_SMC052	SMC052	Control
ATGGGAGCATGGCCCA_SMC049	SMC049	AD
ATGGGAGGTCGCGTCA_SMC049	SMC049	AD
ATGGGATAGCAACTGC_PO42	PO42	AD
ATGGGCAAGGGTTGGA_PO42	PO42	AD
ATGGGCTTCATATCGG_PO23	PO23	Control
ATGGGGATCACTATGG_PO05	PO05	AD
ATGGGGATCGCGCTCT_PO23	PO23	Control
ATGGGTTGTAGCGCTC_SMC053	SMC053	Active control
ATGGGTTGTCATCTAG_SMC049	SMC049	AD
ATGGGTTGTCTGTCCT_SMC033	SMC033	Control
ATGGGTTTCATGAGTC_SMC049	SMC049	AD
ATGGTAAAGTTAGCGC_PO15	PO15	Control
ATGGTCATCAGGGACA_PO41	PO41	AD
ATGGTGAGTGAAGCTA_PO20	PO20	Control
ATGGTGGAGCAACTAT_PO20	PO20	Control
ATGGTTGCACAATGCT_SMC052	SMC052	Control
ATGGTTGCACGGGTAA_SMC052	SMC052	Control
ATGGTTGGTCAGTCGC_SMC038	SMC038	AD
ATGGTTGGTGAGGCAT_SMC038	SMC038	AD
ATGGTTGGTTACCCTC_SMC052	SMC052	Control
ATGGTTGGTTACCTGA_SMC035	SMC035	Active control
ATGGTTGTCAGTGCGC_SMC052	SMC052	Control
ATGGTTTAGTGCTCGG_PO11	PO11	AD
ATGTACCGTGACCGAG_PO42	PO42	AD
ATGTAGCCAATTCAAG_PO20	PO20	Control
ATGTCAACACCATCGT_PO28	PO28	AD
ATGTCAACACTAACGG_PO15	PO15	Control
ATGTCCCAGTAATTGG_SMC033	SMC033	Control
ATGTCCCAGTATGGAT_SMC049	SMC049	AD
ATGTCCCCAAACTCGT_SMC049	SMC049	AD
ATGTCCCCAAGTACCT_SMC053	SMC053	Active control
ATGTCCCCAGCGTATT_SMC049	SMC049	AD
ATGTCCCCATAGAGTC_PO05	PO05	AD
ATGTCCCTCCCGGTAG_SMC053	SMC053	Active control
ATGTCCCTCTATCCAT_SMC052	SMC052	Control
ATGTCTTAGCCGTTAT_SMC041	SMC041	AD
ATGTCTTAGTGATAAC_SMC035	SMC035	Active control
ATGTCTTCAGGAATCG_SMC052	SMC052	Control
ATGTCTTCAGTATTCG_SMC035	SMC035	Active control
ATGTCTTGTTTAGTCG_SMC053	SMC053	Active control
ATGTCTTTCCCGAAAT_SMC049	SMC049	AD
ATGTCTTTCTACGCGG_SMC052	SMC052	Control
ATGTGAAAGCAATCGC_PO05	PO05	AD
ATGTGAAAGGCTTACA_PO05	PO05	AD
ATGTGGCTCTGGATCA_PO23	PO23	Control
ATGTGTTAGCTAATCG_PO05	PO05	AD
ATGTTCTCAATCGGCA_PO20	PO20	Control
ATTACCCTCCATAGTG_PO23	PO23	Control
ATTACCTAGCGACATG_SMC052	SMC052	Control
ATTACCTCACCCTGAG_SMC037	SMC037	Active control
ATTACCTCATTCATCG_PO20	PO20	Control
ATTACCTGTAGACGTG_SMC053	SMC053	Active control
ATTACCTGTGAATTAG_SMC032	SMC032	AD
ATTACCTGTGCACAAG_SMC053	SMC053	Active control
ATTACCTGTTTCCCAC_SMC049	SMC049	AD
ATTACCTGTTTGCAGT_SMC041	SMC041	AD
ATTACCTTCAGCGCGT_SMC049	SMC049	AD
ATTACCTTCATGCTAG_SMC052	SMC052	Control
ATTACCTTCTGGGCGT_SMC041	SMC041	AD
ATTACTCAGATGCTGG_SMC049	SMC049	AD
ATTACTCAGGATACCG_SMC033	SMC033	Control
ATTACTCAGTGGTCAG_SMC052	SMC052	Control
ATTACTCCACGTGAGA_SMC052	SMC052	Control
ATTACTCCACTGTCGG_SMC052	SMC052	Control
ATTACTCGTTGGGATG_SMC049	SMC049	AD
ATTACTCGTTGTGGAG_SMC053	SMC053	Active control
ATTACTCTCCGGCAGT_SMC049	SMC049	AD
ATTACTGGTAACGCAA_PO42	PO42	AD
ATTACTGGTCAAGTGA_PO42	PO42	AD
ATTATCCAGGCGTTGA_SMC053	SMC053	Active control
ATTATCCAGTTCATGC_SMC052	SMC052	Control
ATTATCCCATGCGGAC_PO28	PO28	AD
ATTATCCGTTCGTTCC_SMC052	SMC052	Control
ATTATCCTCAGTGATC_SMC038	SMC038	AD
ATTATCCTCTTAGTTC_SMC041	SMC041	AD
ATTCACTAGAAGGCTC_SMC041	SMC041	AD
ATTCACTAGGAACGTC_SMC052	SMC052	Control
ATTCACTAGTGGACGT_SMC038	SMC038	AD
ATTCACTCACATACGT_SMC049	SMC049	AD
ATTCACTCACGACCTG_SMC049	SMC049	AD
ATTCACTCAGAGTGAC_SMC031	SMC031	Active control
ATTCACTCAGGCTATT_SMC049	SMC049	AD
ATTCACTGTCTAGATC_SMC033	SMC033	Control
ATTCACTGTGCACGCT_SMC052	SMC052	Control
ATTCACTTCCTGGTCT_SMC052	SMC052	Control
ATTCAGGAGAAATTGC_SMC053	SMC053	Active control
ATTCAGGAGACCCGCT_SMC038	SMC038	AD
ATTCAGGAGGAACTCG_SMC033	SMC033	Control
ATTCAGGCAAAGGGTC_SMC052	SMC052	Control
ATTCAGGCAGAGGCTA_SMC053	SMC053	Active control
ATTCAGGCAGGGTTGA_SMC049	SMC049	AD
ATTCAGGTCACAGGAG_PO11	PO11	AD
ATTCAGGTCCATCAAG_PO05	PO05	AD
ATTCAGGTCCTGCGGA_PO42	PO42	AD
ATTCAGGTCTCAGGCG_SMC053	SMC053	Active control
ATTCAGTAGGATCCCG_PO42	PO42	AD
ATTCAGTAGTTGCTCT_PO23	PO23	Control
ATTCATCAGACGAGCT_SMC052	SMC052	Control
ATTCATCAGCTGAAGC_SMC052	SMC052	Control
ATTCATCAGGCGATAC_SMC035	SMC035	Active control
ATTCATCCAACTTCAT_PO42	PO42	AD
ATTCATCCACAGCATG_PO13	PO13	Control
ATTCATCCAGAAGTTA_SMC038	SMC038	AD
ATTCATCCATCCTCGG_PO28	PO28	AD
ATTCATCCATCTTTCA_SMC035	SMC035	Active control
ATTCATCCATTACCGC_PO42	PO42	AD
ATTCATCGTGGGAGAG_SMC052	SMC052	Control
ATTCATCTCTTTGCAT_SMC049	SMC049	AD
ATTCCATAGCTGTTCA_SMC052	SMC052	Control
ATTCCATCAAAGGTTC_PO41	PO41	AD
ATTCCATCAATGGCAG_SMC037	SMC037	Active control
ATTCCATCACAACGTG_PO13	PO13	Control
ATTCCATCACAATGCT_SMC049	SMC049	AD
ATTCCATCAGGGAGAG_SMC053	SMC053	Active control
ATTCCATCATGCAGGC_PO05	PO05	AD
ATTCCATGTCTTTCTA_SMC041	SMC041	AD
ATTCCATTCAATCTTC_SMC033	SMC033	Control
ATTCCATTCGCAATGT_SMC033	SMC033	Control
ATTCCATTCGGAACTT_SMC052	SMC052	Control
ATTCCCACATTAATCC_PO42	PO42	AD
ATTCCCGAGACCGTTT_SMC052	SMC052	Control
ATTCCCGAGAGCCCAA_SMC052	SMC052	Control
ATTCCCGAGATAGGGA_SMC041	SMC041	AD
ATTCCCGAGTATGGCG_SMC033	SMC033	Control
ATTCCCGCAATAGTGA_SMC052	SMC052	Control
ATTCCGCCAACCATCC_PO05	PO05	AD
ATTCCGGGTCATCCTC_PO23	PO23	Control
ATTCCTAAGAACAAGG_SMC053	SMC053	Active control
ATTCCTAAGTAGCATA_SMC049	SMC049	AD
ATTCCTACACACTGGC_SMC052	SMC052	Control
ATTCCTACACGGCTAC_SMC049	SMC049	AD
ATTCCTACAGACTCTA_SMC052	SMC052	Control
ATTCCTACATGGGATG_SMC053	SMC053	Active control
ATTCCTAGTACAGAAT_SMC033	SMC033	Control
ATTCCTAGTAGCACAG_SMC049	SMC049	AD
ATTCCTATCTTAAGGC_SMC041	SMC041	AD
ATTCGTAGTGCAAGGT_PO20	PO20	Control
ATTCGTAGTTGGGTAA_PO05	PO05	AD
ATTCGTTAGAGGTGCT_SMC049	SMC049	AD
ATTCGTTCAACCAACG_PO28	PO28	AD
ATTCGTTCACTATCTG_PO28	PO28	AD
ATTCGTTCAGTATGAA_SMC052	SMC052	Control
ATTCGTTCATGCTCAC_PO05	PO05	AD
ATTCGTTGTAAGACCG_SMC052	SMC052	Control
ATTCGTTGTGCGCTCA_SMC049	SMC049	AD
ATTCGTTGTTTATGCG_SMC031	SMC031	Active control
ATTCGTTTCTTAAGGC_SMC037	SMC037	Active control
ATTCTACAGGAACTCG_SMC049	SMC049	AD
ATTCTACAGTAGCTCT_SMC049	SMC049	AD
ATTCTACCACGTGAGA_SMC052	SMC052	Control
ATTCTACGTACGCGTC_SMC053	SMC053	Active control
ATTCTACTCAAGCCTA_SMC052	SMC052	Control
ATTCTACTCCATAAGC_SMC053	SMC053	Active control
ATTCTTGAGCACACAG_SMC053	SMC053	Active control
ATTCTTGGTAGGTTTC_SMC052	SMC052	Control
ATTCTTGGTAGGTTTC_SMC053	SMC053	Active control
ATTCTTGTCGCTTGCT_SMC053	SMC053	Active control
ATTCTTGTCGGTGTAT_SMC049	SMC049	AD
ATTGACTAGATAGGGT_PO23	PO23	Control
ATTGACTAGGTGGCTT_PO15	PO15	Control
ATTGAGAAGTAAGTGA_PO13	PO13	Control
ATTGAGGGTAAGTGCA_PO42	PO42	AD
ATTGAGGGTCTAATTG_PO28	PO28	AD
ATTGATGCAATCCTTG_PO15	PO15	Control
ATTGATGCAGTACTCC_PO42	PO42	AD
ATTGCCCCATTAGTGA_PO05	PO05	AD
ATTGGATTCATGAGCC_PO42	PO42	AD
ATTGGCCAGATTAACC_PO42	PO42	AD
ATTGGCCAGCCACGCA_PO13	PO13	Control
ATTGGCGCAAACTGTA_PO42	PO42	AD
ATTGGGTCAAAGTATG_SMC049	SMC049	AD
ATTGGGTCAGGGCATC_PO23	PO23	Control
ATTGGGTCATAACAGA_SMC035	SMC035	Active control
ATTGGGTGTCGTTCAA_SMC052	SMC052	Control
ATTGGGTGTTGCCTAA_SMC052	SMC052	Control
ATTGGGTGTTTCGATG_SMC052	SMC052	Control
ATTGGGTTCGGAGCAA_SMC052	SMC052	Control
ATTGGTTAGCATGTGC_PO23	PO23	Control
ATTGGTTAGTAGGATA_PO42	PO42	AD
ATTGTCAGTTAGTGCT_PO28	PO28	AD
ATTGTTCAGGCTCAAG_SMC049	SMC049	AD
ATTGTTCCAGTAGAGC_SMC049	SMC049	AD
ATTGTTCCATGACACT_SMC049	SMC049	AD
ATTGTTCGTACTCGCG_SMC037	SMC037	Active control
ATTGTTCGTGGTCCCA_SMC049	SMC049	AD
ATTGTTCTCGAAATCC_SMC049	SMC049	AD
ATTTACCAGGACAACC_SMC038	SMC038	AD
ATTTACCCAAACCACT_SMC035	SMC035	Active control
ATTTACCCACACCTTC_SMC052	SMC052	Control
ATTTACCCAGCACGAA_SMC049	SMC049	AD
ATTTACCGTACAATAG_SMC053	SMC053	Active control
ATTTACCGTCGTATTG_SMC053	SMC053	Active control
ATTTACCTCAACGTGT_SMC049	SMC049	AD
ATTTACCTCCCAGGCA_SMC053	SMC053	Active control
ATTTACCTCCTGGTCT_SMC038	SMC038	AD
ATTTCACAGGAAGTCC_SMC037	SMC037	Active control
ATTTCACAGGTGCAGT_SMC037	SMC037	Active control
ATTTCACCAATCAAGA_SMC052	SMC052	Control
ATTTCACGTTCTCTAT_SMC053	SMC053	Active control
ATTTCACTCAGCGGAA_SMC049	SMC049	AD
ATTTCTGAGCAATAAC_SMC049	SMC049	AD
ATTTCTGAGGGTACAC_SMC049	SMC049	AD
ATTTCTGAGTAAGCAT_SMC053	SMC053	Active control
ATTTCTGAGTAGAGTT_SMC052	SMC052	Control
ATTTCTGCAGCTGTGC_SMC049	SMC049	AD
ATTTCTGCATAATCGC_SMC052	SMC052	Control
ATTTCTGGTATCGTAC_SMC041	SMC041	AD
ATTTCTGGTCCGGTCA_SMC041	SMC041	AD
ATTTCTGTCGCAGTCG_SMC049	SMC049	AD
CAAACCCAGAAGGGCC_PO28	PO28	AD
CAAACCCAGATAGATG_PO23	PO23	Control
CAAACCCAGGCGTATC_PO28	PO28	AD
CAAACCGCAACATCAA_PO23	PO23	Control
CAAACCGCAACGTTAA_PO11	PO11	AD
CAAACCTGTCATCGGC_PO28	PO28	AD
CAAACTTAGGGTCCAT_PO13	PO13	Control
CAAAGAACAGCCTTCT_SMC052	SMC052	Control
CAAAGAACATACCATG_SMC052	SMC052	Control
CAAAGAAGTGGTCCCA_SMC041	SMC041	AD
CAAAGAATCCTCTGCA_SMC052	SMC052	Control
CAAAGAATCGAGTTGT_SMC049	SMC049	AD
CAAAGCGAGATAGGAC_PO23	PO23	Control
CAAAGCTCACCTTGAC_PO42	PO42	AD
CAAAGCTCATAGGTCG_PO13	PO13	Control
CAAAGGGTCTGTCTGT_PO05	PO05	AD
CAAATCACATAGGGCC_PO42	PO42	AD
CAAATGAAGGGGTAGC_PO13	PO13	Control
CAAATGGGTATTGCCG_PO13	PO13	Control
CAAATGTTCAATCTGG_PO28	PO28	AD
CAAATGTTCCATCAGA_PO42	PO42	AD
CAAATTCAGGTTAGTT_PO11	PO11	AD
CAACAACAGCTAGAGC_SMC039	SMC039	AD
CAACAACAGTGCACAG_SMC041	SMC041	AD
CAACAACCATTCTCTA_SMC052	SMC052	Control
CAACAACGTATCACCA_SMC041	SMC041	AD
CAACAACGTGCGGCTT_SMC052	SMC052	Control
CAACACGCACATGCCT_PO05	PO05	AD
CAACAGTAGCATAGGC_SMC032	SMC032	AD
CAACAGTAGCTCGAAG_SMC049	SMC049	AD
CAACAGTAGGCACAAC_SMC049	SMC049	AD
CAACAGTAGTAACGTA_SMC053	SMC053	Active control
CAACAGTCATCATCCC_SMC052	SMC052	Control
CAACAGTCATTAAAGG_SMC049	SMC049	AD
CAACAGTGTCTACACA_SMC053	SMC053	Active control
CAACAGTGTTATGTGC_SMC052	SMC052	Control
CAACAGTTCATTCCTA_SMC053	SMC053	Active control
CAACAGTTCCGTAATG_SMC049	SMC049	AD
CAACATTAGTGCGGTT_PO28	PO28	AD
CAACCAAAGCTGCCTG_SMC052	SMC052	Control
CAACCAAAGGAGGTTC_SMC052	SMC052	Control
CAACCAAAGTAAACTG_SMC049	SMC049	AD
CAACCAAAGTTTCTTC_SMC053	SMC053	Active control
CAACCAACACCTGTCT_SMC049	SMC049	AD
CAACCAAGTACCTAAC_SMC041	SMC041	AD
CAACCAAGTATCCTTT_SMC049	SMC049	AD
CAACCAAGTATGTCCA_SMC041	SMC041	AD
CAACCAATCATCACCT_PO11	PO11	AD
CAACCAATCCTGGGAC_SMC049	SMC049	AD
CAACCAGCATCATCGC_PO42	PO42	AD
CAACCTCAGAAACTGT_SMC052	SMC052	Control
CAACCTCAGCCATTCA_SMC052	SMC052	Control
CAACCTCAGGCAGGGA_SMC035	SMC035	Active control
CAACCTCTCGACACTA_SMC035	SMC035	Active control
CAACGAAGTTCGTCTC_PO28	PO28	AD
CAACGATAGGAGACCT_SMC053	SMC053	Active control
CAACGATCATGGTCGA_PO05	PO05	AD
CAACGATGTAGACAGC_SMC037	SMC037	Active control
CAACGATGTAGACTGG_SMC053	SMC053	Active control
CAACGATGTATGGTTC_SMC052	SMC052	Control
CAACGATGTTCAAGGG_SMC041	SMC041	AD
CAACGATTCGTGGGTC_SMC052	SMC052	Control
CAACGGCAGAAGCGCT_SMC053	SMC053	Active control
CAACGGCAGTACCCTA_SMC041	SMC041	AD
CAACGGCAGTAGACAT_SMC038	SMC038	AD
CAACGGCCAAACTAGA_SMC049	SMC049	AD
CAACGGCCAAGGACAC_SMC052	SMC052	Control
CAACGGCCACGATAGG_SMC049	SMC049	AD
CAACGGCCAGGACAGT_SMC052	SMC052	Control
CAACGGCGTACTGAGG_SMC053	SMC053	Active control
CAACTAACAGCTAGAT_PO11	PO11	AD
CAACTGATCTGGCTAA_PO05	PO05	AD
CAAGACTCAAGGTCCA_PO28	PO28	AD
CAAGACTCAGAGTAAT_SMC033	SMC033	Control
CAAGACTGTTAGAAAC_SMC049	SMC049	AD
CAAGACTGTTGTTGTG_SMC053	SMC053	Active control
CAAGAGGAGACGCAGT_SMC032	SMC032	AD
CAAGAGGAGGTCACCC_SMC052	SMC052	Control
CAAGAGGAGGTGATAT_SMC049	SMC049	AD
CAAGAGGCAAATTAGG_SMC052	SMC052	Control
CAAGAGGGTGGTTTAC_SMC049	SMC049	AD
CAAGAGGTCCGACAGC_SMC035	SMC035	Active control
CAAGAGGTCGGCTTGG_SMC053	SMC053	Active control
CAAGAGGTCTCCTACG_SMC052	SMC052	Control
CAAGCATCAAGCCATG_PO05	PO05	AD
CAAGCGCCAACTAGGT_PO23	PO23	Control
CAAGCGGGTAAGGTCA_PO28	PO28	AD
CAAGCGGGTCATCATA_PO05	PO05	AD
CAAGCTACACTGGCCA_SMC035	SMC035	Active control
CAAGCTAGTACCATAC_SMC049	SMC049	AD
CAAGCTATCACTGGTA_SMC049	SMC049	AD
CAAGCTATCCCCAATT_PO05	PO05	AD
CAAGCTATCCTGACCC_PO20	PO20	Control
CAAGCTATCGAACACT_SMC041	SMC041	AD
CAAGCTATCGACCGCA_PO23	PO23	Control
CAAGCTATCTAGAACC_SMC052	SMC052	Control
CAAGGCAAGGTACACC_PO23	PO23	Control
CAAGGCGGTGAGTATG_PO23	PO23	Control
CAAGGGAAGGTTGTTC_SMC053	SMC053	Active control
CAAGGGAGTCCAATCA_SMC053	SMC053	Active control
CAAGGGAGTCCACATA_SMC035	SMC035	Active control
CAAGGGAGTTCGAACT_SMC049	SMC049	AD
CAAGGGATCAAGGACG_SMC053	SMC053	Active control
CAAGGGATCCAGGTAC_PO42	PO42	AD
CAAGGGGCAGCACTCT_PO23	PO23	Control
CAAGGGGCATAAGTGC_PO15	PO15	Control
CAAGGTAGTCCATCCT_PO11	PO11	AD
CAAGGTGAGTGATAGA_PO23	PO23	Control
CAAGGTTCAGCTATGG_PO28	PO28	AD
CAAGTAAAGCCTGGAT_PO28	PO28	AD
CAAGTAAAGGCGTCCA_PO42	PO42	AD
CAAGTAAAGGCTCCAG_PO05	PO05	AD
CAAGTAAAGTGGGTCT_PO42	PO42	AD
CAAGTAGGTTTACTGA_PO13	PO13	Control
CAAGTAGGTTTGGGTT_PO42	PO42	AD
CAAGTCATCGTACGGT_PO23	PO23	Control
CAAGTCGCAGGTTGGC_PO42	PO42	AD
CAAGTCTGTTAGGTGA_PO28	PO28	AD
CAAGTTTAGCATTCGA_PO15	PO15	Control
CAATACGAGGCTTAAA_SMC052	SMC052	Control
CAATACGAGGGACTGT_SMC052	SMC052	Control
CAATACGAGTAAGGGA_SMC038	SMC038	AD
CAATACGGTCCGGTCA_SMC053	SMC053	Active control
CAATACGGTTGCCAAT_SMC037	SMC037	Active control
CAATACGGTTTCCATT_SMC053	SMC053	Active control
CAATAGCCACAACCTC_PO23	PO23	Control
CAATAGCCACAACGGC_PO42	PO42	AD
CAATATCAGGTTCAAT_PO41	PO41	AD
CAATCATAGGCATCAC_PO41	PO41	AD
CAATCCTTCATGCAGC_PO13	PO13	Control
CAATCGAAGAAGTATC_SMC035	SMC035	Active control
CAATCGAGTCTGATCA_SMC053	SMC053	Active control
CAATCGAGTGGTCTCG_SMC052	SMC052	Control
CAATCGAGTTACGCCG_SMC052	SMC052	Control
CAATCGATCCATCGTC_SMC053	SMC053	Active control
CAATCGATCCATCGTT_PO05	PO05	AD
CAATCGATCCATCTGT_PO41	PO41	AD
CAATCGATCCGCCTAT_SMC036	SMC036	AD
CAATCTTCATCGCGTT_PO42	PO42	AD
CAATCTTCATGGTATA_PO15	PO15	Control
CAATGACCAATACGAA_SMC052	SMC052	Control
CAATGACCAGCCGGTT_SMC052	SMC052	Control
CAATGACGTCACATTG_SMC052	SMC052	Control
CAATGACGTGTAGCAG_SMC037	SMC037	Active control
CAATGACTCCGCACGA_SMC052	SMC052	Control
CAATGACTCCTGATAG_SMC052	SMC052	Control
CAATGCATCCGCTGCT_PO28	PO28	AD
CAATGCATCCGTTGCC_PO41	PO41	AD
CAATGCCAGTTACCGA_PO41	PO41	AD
CAATGGTCACCTCATA_PO05	PO05	AD
CAATGGTCATGGTGCA_PO42	PO42	AD
CAATGTTAGGCTTAAT_PO23	PO23	Control
CAATTAGCATGGTATA_PO23	PO23	Control
CAATTTCAGCGACCCT_SMC033	SMC033	Control
CAATTTCAGCGCCCAT_SMC052	SMC052	Control
CAATTTCCATGACCAG_PO23	PO23	Control
CAATTTCGTCAGATTC_SMC049	SMC049	AD
CAATTTCTCAAAGAAC_SMC049	SMC049	AD
CACAACAAGACGACTG_SMC035	SMC035	Active control
CACAACAAGTGAGGCT_SMC053	SMC053	Active control
CACAAGCTCGACCAAC_PO23	PO23	Control
CACAAGTCACCTTCAA_PO28	PO28	AD
CACAATTAGATTAACC_PO41	PO41	AD
CACACAAAGCTTCGTA_SMC052	SMC052	Control
CACACAAAGTAAGGGA_SMC053	SMC053	Active control
CACACAACAGAGTGAC_SMC053	SMC053	Active control
CACACAACAGGCCCTA_SMC052	SMC052	Control
CACACAAGTACCTAAC_SMC052	SMC052	Control
CACACAAGTGTCGATT_SMC052	SMC052	Control
CACACAAGTTCCTAAG_SMC052	SMC052	Control
CACACAATCAGCGGAA_PO42	PO42	AD
CACACAATCGTTGCCT_SMC049	SMC049	AD
CACACAATCTGGATGC_PO05	PO05	AD
CACACAATCTGTGCGG_PO28	PO28	AD
CACACACAGGCGTAAG_PO15	PO15	Control
CACACAGCATGGATGT_PO15	PO15	Control
CACACCCTCAGCATTG_PO28	PO28	AD
CACAGATAGTCGTTAC_SMC052	SMC052	Control
CACAGATCAGAGGTTG_SMC052	SMC052	Control
CACAGATGTATGCGTT_SMC052	SMC052	Control
CACAGATTCCGGTAGC_SMC053	SMC053	Active control
CACAGGCCAACAGATA_SMC052	SMC052	Control
CACAGGCCAACGGGCT_PO15	PO15	Control
CACAGGCCAGTCAGAG_SMC052	SMC052	Control
CACAGGCGTCAGACGA_SMC041	SMC041	AD
CACAGGCGTCGCGTCA_SMC049	SMC049	AD
CACATAACAAATGGTC_PO28	PO28	AD
CACATAGTCAATTAGC_PO28	PO28	AD
CACATAGTCGACCAAC_PO28	PO28	AD
CACATATAGCGCCACA_PO15	PO15	Control
CACATATAGGAGGCAC_PO11	PO11	AD
CACATGACAAAGCTCT_SMC049	SMC049	AD
CACATGACAGGTTCAT_SMC033	SMC033	Control
CACATGAGTAAGTTGA_SMC038	SMC038	AD
CACATGAGTCATTCCC_SMC052	SMC052	Control
CACATGAGTGCAATAA_SMC033	SMC033	Control
CACATGAGTGGTTTAC_SMC053	SMC053	Active control
CACATGAGTGTAGTGG_SMC053	SMC053	Active control
CACATGAGTTAGAAAC_SMC053	SMC053	Active control
CACATTTCAACTGTGG_PO11	PO11	AD
CACATTTCACATTCCA_PO28	PO28	AD
CACCAAAAGTCAGAGC_SMC037	SMC037	Active control
CACCAAAGTGTTGCCG_SMC052	SMC052	Control
CACCAAATCACAGGTC_PO11	PO11	AD
CACCAAATCGAGTTGT_SMC052	SMC052	Control
CACCAATGTCTCACCT_PO23	PO23	Control
CACCAATGTTGCAGGG_PO41	PO41	AD
CACCAGACAATGGGCC_PO23	PO23	Control
CACCATTTCAAGTGAA_PO23	PO23	Control
CACCCAAGTCTGTGCA_PO23	PO23	Control
CACCCATCAACTAAGC_PO23	PO23	Control
CACCCGTTCCAACTCT_PO13	PO13	Control
CACCCTGCACAAGGCC_PO42	PO42	AD
CACCCTGCAGGACTGC_PO20	PO20	Control
CACCCTTGTTGACCTG_PO20	PO20	Control
CACCGAACACTTAACT_PO05	PO05	AD
CACCGATAGGTCATTG_PO11	PO11	AD
CACCGCTTCGATGGCT_PO15	PO15	Control
CACCGTAGTGCATTCG_PO28	PO28	AD
CACCGTTAGGTAGATT_SMC052	SMC052	Control
CACCGTTAGTCACTAC_SMC038	SMC038	AD
CACCGTTGTGGCTGAA_SMC033	SMC033	Control
CACCGTTTCCAACTAG_SMC049	SMC049	AD
CACCGTTTCCAAGCTA_SMC033	SMC033	Control
CACCTAAAGTGATTCG_PO28	PO28	AD
CACCTATTCGCGCGTA_PO23	PO23	Control
CACCTCATCGCTAGTA_PO11	PO11	AD
CACCTCGCAAGGTGCC_PO42	PO42	AD
CACCTCGCACTTGACC_PO13	PO13	Control
CACCTCTGTAGTGTCT_PO05	PO05	AD
CACCTCTGTTAATCGC_PO11	PO11	AD
CACCTGCTCACTCTAC_PO41	PO41	AD
CACGAAAGTAGTGCCC_PO20	PO20	Control
CACGAATAGGAGATAG_SMC037	SMC037	Active control
CACGAATAGGCATCAG_SMC052	SMC052	Control
CACGAATTCTTAGGAC_SMC033	SMC033	Control
CACGACTAGCGATGCT_PO42	PO42	AD
CACGACTAGTGCGCTG_PO28	PO28	AD
CACGACTAGTTACGTG_PO23	PO23	Control
CACGAGGGTGCGGATG_PO11	PO11	AD
CACGAGGGTTGCTCGA_PO23	PO23	Control
CACGATGCAAACTCGG_PO13	PO13	Control
CACGATGCACTCAAGG_PO42	PO42	AD
CACGCTAGTCATGCCA_PO20	PO20	Control
CACGGCTGTTAGTCCG_PO05	PO05	AD
CACGGGTAGAACGCGT_SMC052	SMC052	Control
CACGGGTAGAGGCGTT_SMC049	SMC049	AD
CACGGGTAGCGGACAT_SMC053	SMC053	Active control
CACGGGTCATTGTCGA_SMC052	SMC052	Control
CACGGGTTCACTGATG_SMC049	SMC049	AD
CACGGGTTCATAGACC_SMC052	SMC052	Control
CACGTAATCGCGTAAC_PO42	PO42	AD
CACGTATGTATTGGGA_PO23	PO23	Control
CACGTGGAGAGCTGAC_SMC049	SMC049	AD
CACGTGGAGCACTCAT_SMC052	SMC052	Control
CACGTGGAGGTATCTC_SMC053	SMC053	Active control
CACGTGGCAGCGTTTA_SMC039	SMC039	AD
CACGTGGCAGGTTCCG_SMC052	SMC052	Control
CACGTGGCAGTCGCTG_SMC052	SMC052	Control
CACGTGGGTACGATCT_SMC038	SMC038	AD
CACGTGGGTGATACTC_SMC052	SMC052	Control
CACGTGGGTTGGAGGT_SMC052	SMC052	Control
CACGTGGTCTGCGGGT_SMC052	SMC052	Control
CACGTGGTCTGGTGGC_SMC036	SMC036	AD
CACGTTCAGCAGCCTC_SMC052	SMC052	Control
CACGTTCGTGATGTAA_SMC052	SMC052	Control
CACGTTCGTTTGTTGG_SMC052	SMC052	Control
CACGTTCTCGCACGAC_SMC052	SMC052	Control
CACGTTGGTGCAGCCT_PO41	PO41	AD
CACGTTGGTTGGCGTC_PO13	PO13	Control
CACTAAGCACGGTGCT_SMC049	SMC049	AD
CACTAAGGTCCAACGC_SMC049	SMC049	AD
CACTAAGTCTTACGTT_SMC049	SMC049	AD
CACTAAGTCTTTACAC_SMC053	SMC053	Active control
CACTACAAGCCTATCT_PO15	PO15	Control
CACTACTTCGCATCCC_PO23	PO23	Control
CACTATGAGCGGTTCG_PO05	PO05	AD
CACTATGAGCTAACCA_PO15	PO15	Control
CACTCAAAGGGCTCCA_PO28	PO28	AD
CACTCAAAGTATCTCC_PO42	PO42	AD
CACTCCATCGACCGCA_PO42	PO42	AD
CACTCCATCTCACTCG_PO20	PO20	Control
CACTCCGCAATCTCCA_PO42	PO42	AD
CACTCGCTCCAGGGAA_PO42	PO42	AD
CACTGAAAGCCATGCC_SMC032	SMC032	AD
CACTGAACAACCTAAC_SMC052	SMC052	Control
CACTGAACATCCTAAG_SMC049	SMC049	AD
CACTGAACATGGCCAC_SMC038	SMC038	AD
CACTGAAGTCGATTAC_SMC049	SMC049	AD
CACTGAAGTTGTCTAG_SMC049	SMC049	AD
CACTGAATCCCTTTGG_SMC052	SMC052	Control
CACTGCCTCCTTCGTG_PO28	PO28	AD
CACTGCCTCTGGCAAC_PO11	PO11	AD
CACTGGGAGATCCCGC_SMC052	SMC052	Control
CACTGGGAGCGTCTCG_SMC052	SMC052	Control
CACTGGGCAACATACC_SMC049	SMC049	AD
CACTGGGGTAAGATCA_SMC052	SMC052	Control
CACTGGGGTCACAATC_SMC035	SMC035	Active control
CACTGGGGTGTCCTAA_SMC053	SMC053	Active control
CACTGGGTCCACTTCG_SMC052	SMC052	Control
CACTGGGTCTATACTC_SMC053	SMC053	Active control
CACTGTCAGGGACACT_SMC049	SMC049	AD
CACTGTCAGTTAGTGA_SMC052	SMC052	Control
CACTGTCCAACGCATT_SMC049	SMC049	AD
CACTGTCCATGGGAAC_SMC049	SMC049	AD
CACTGTCTCGTGAGAG_SMC053	SMC053	Active control
CACTGTCTCTGCGATA_SMC049	SMC049	AD
CACTTCACAATACTTC_PO15	PO15	Control
CACTTCGAGAGGACTC_SMC049	SMC049	AD
CACTTCGAGCGATGCA_SMC037	SMC037	Active control
CACTTCGCACACTGGC_SMC033	SMC033	Control
CACTTCGCACCTTCCA_SMC053	SMC053	Active control
CACTTCGGTCATCGCG_SMC053	SMC053	Active control
CAGAGCCAGACGTCGA_SMC052	SMC052	Control
CAGAGCCAGCTAGTTC_SMC052	SMC052	Control
CAGAGCCAGGGCAGGA_SMC035	SMC035	Active control
CAGAGCCAGGTACTGG_SMC035	SMC035	Active control
CAGAGCCCATCTGCGG_SMC052	SMC052	Control
CAGAGCCGTGCAGGAT_SMC049	SMC049	AD
CAGATACAGCAACCAG_SMC049	SMC049	AD
CAGATACGTTGGGTTT_SMC035	SMC035	Active control
CAGATACTCCTGCTAC_SMC049	SMC049	AD
CAGATACTCGTCTAAG_SMC053	SMC053	Active control
CAGATACTCTTTCCGG_SMC052	SMC052	Control
CAGATCACAACATCGT_SMC043	SMC043	AD
CAGATCACAATGGCAG_SMC033	SMC033	Control
CAGATCAGTACCAATC_SMC052	SMC052	Control
CAGATCAGTCACTCTC_SMC049	SMC049	AD
CAGATCAGTCGCGGTT_SMC052	SMC052	Control
CAGATCAGTCTGCGCA_SMC052	SMC052	Control
CAGATCAGTGTAGCAG_SMC032	SMC032	AD
CAGATCATCAAGTCTG_SMC052	SMC052	Control
CAGATCATCTATCCAT_SMC052	SMC052	Control
CAGATTGAGATTGTGA_SMC030	SMC030	Control
CAGATTGCAGGACTTT_SMC053	SMC053	Active control
CAGATTGCAGTCCGTG_SMC052	SMC052	Control
CAGATTGGTCCAGCGT_SMC049	SMC049	AD
CAGATTGGTTTAGACC_SMC053	SMC053	Active control
CAGATTGTCGGTGTTA_SMC052	SMC052	Control
CAGATTGTCTAGCCTC_SMC049	SMC049	AD
CAGCAATCACCCAATA_SMC037	SMC037	Active control
CAGCAATGTCACCGAC_SMC041	SMC041	AD
CAGCAATGTGTATTGC_SMC052	SMC052	Control
CAGCACGAGACGCCCT_SMC052	SMC052	Control
CAGCACGCAAATCAGA_SMC052	SMC052	Control
CAGCACGCAGGATCTT_SMC052	SMC052	Control
CAGCACGCATAGGTTC_SMC052	SMC052	Control
CAGCACGGTCCTGGTG_SMC035	SMC035	Active control
CAGCACGTCTCTCTTC_SMC041	SMC041	AD
CAGCACTAGCAACCTA_PO11	PO11	AD
CAGCACTAGCCACACG_PO05	PO05	AD
CAGCACTAGTTGCATG_PO42	PO42	AD
CAGCAGCAGTGTTGAA_SMC052	SMC052	Control
CAGCAGCCAAATCACA_PO20	PO20	Control
CAGCAGCCACCGGAAA_SMC049	SMC049	AD
CAGCAGCGTTCCACAA_SMC052	SMC052	Control
CAGCAGCTCTGCCTGT_SMC052	SMC052	Control
CAGCATATCACACTAG_PO05	PO05	AD
CAGCATATCAGTATCG_PO42	PO42	AD
CAGCATTGTAAGCAGC_PO20	PO20	Control
CAGCATTGTTATGAGG_PO20	PO20	Control
CAGCCAGAGAGCAGAA_SMC053	SMC053	Active control
CAGCCAGAGGTCTGGA_SMC052	SMC052	Control
CAGCCAGCAAGACTGG_SMC035	SMC035	Active control
CAGCCAGCAAGCGATG_SMC049	SMC049	AD
CAGCCAGCAGTTACCA_SMC049	SMC049	AD
CAGCCAGCATAACTCG_SMC038	SMC038	AD
CAGCCAGCATCTTAGG_SMC049	SMC049	AD
CAGCCAGGTACGCTTA_SMC052	SMC052	Control
CAGCCAGGTCAGCTTA_SMC052	SMC052	Control
CAGCCAGGTTCAGGTT_SMC033	SMC033	Control
CAGCCTAGTAAGCAGC_PO28	PO28	AD
CAGCGAGGTAAGTTCC_PO20	PO20	Control
CAGCGAGGTAGCCTGC_PO28	PO28	AD
CAGCGCATCACTGGGT_PO42	PO42	AD
CAGCGCATCCATAGTG_PO11	PO11	AD
CAGCGGTCACCATCTA_PO05	PO05	AD
CAGCGTGAGGATATGT_SMC049	SMC049	AD
CAGCGTGAGTCTACCA_SMC033	SMC033	Control
CAGCGTGAGTGGCCTC_SMC053	SMC053	Active control
CAGCGTGCAAGAGAGA_SMC052	SMC052	Control
CAGCGTGCACACAGCC_SMC035	SMC035	Active control
CAGCGTGCAGGGAGAG_SMC052	SMC052	Control
CAGCGTGGTCACTCAA_SMC052	SMC052	Control
CAGCGTGGTCTCTCTG_SMC052	SMC052	Control
CAGCTAATCCCCATCA_PO13	PO13	Control
CAGCTAATCGCTCTGC_PO23	PO23	Control
CAGCTAATCTATGGGC_PO20	PO20	Control
CAGCTATGTAACGGTA_PO23	PO23	Control
CAGCTCTCAACTGGGC_PO23	PO23	Control
CAGCTTGGTAGGCGCA_PO13	PO13	Control
CAGGAACGTTTGGGCC_PO11	PO11	AD
CAGGACAAGCAAGCGA_PO13	PO13	Control
CAGGACAAGCGAGCTT_PO15	PO15	Control
CAGGACCCAGGACAGG_PO23	PO23	Control
CAGGACCCATAGGTCG_PO23	PO23	Control
CAGGACCCATCGCGTT_PO41	PO41	AD
CAGGAGGCACCTTCAA_PO11	PO11	AD
CAGGATAGTCTTGGAT_PO15	PO15	Control
CAGGCACCACTACCGT_PO23	PO23	Control
CAGGCACCAGTTGCGA_PO15	PO15	Control
CAGGCCAAGACCAAAT_SMC052	SMC052	Control
CAGGCCAAGAGAGAAC_SMC053	SMC053	Active control
CAGGCCAAGCGCATCC_SMC032	SMC032	AD
CAGGCCAAGCGCATCC_SMC041	SMC041	AD
CAGGCCAGTGAGTAAT_SMC052	SMC052	Control
CAGGCCATCATCTACT_SMC049	SMC049	AD
CAGGCCATCGTTCGTT_PO42	PO42	AD
CAGGCCATCTCACCAT_PO28	PO28	AD
CAGGCTTAGCAAGCCT_PO11	PO11	AD
CAGGCTTAGCCAGGTT_PO41	PO41	AD
CAGGCTTAGGATCTGC_PO13	PO13	Control
CAGGCTTAGTCGAATT_PO42	PO42	AD
CAGGGATGTCAATCAC_PO42	PO42	AD
CAGGGCAGTCATCACG_PO28	PO28	AD
CAGGGCAGTTTGGTTA_PO28	PO28	AD
CAGGGCTCAAAGTGTA_SMC052	SMC052	Control
CAGGGCTCACCAAATC_SMC035	SMC035	Active control
CAGGGCTGTGCTCTCT_SMC038	SMC038	AD
CAGGGCTGTGGCTCTG_SMC035	SMC035	Active control
CAGGGCTTCAGTGATC_SMC052	SMC052	Control
CAGGGGACATGAAGTC_PO05	PO05	AD
CAGGGGTAGCCCGTAG_PO41	PO41	AD
CAGGGTTTCCCCAGCT_PO42	PO42	AD
CAGGTAAGTTCACCAG_PO41	PO41	AD
CAGGTAAGTTTGAGAG_PO28	PO28	AD
CAGGTATCAACAGCCC_SMC052	SMC052	Control
CAGGTATCAACAGCTT_SMC049	SMC049	AD
CAGGTATCACAACGAG_SMC052	SMC052	Control
CAGGTATGTACTGTTG_SMC052	SMC052	Control
CAGGTATGTGGGTATG_SMC049	SMC049	AD
CAGGTATTCAATCAGC_SMC033	SMC033	Control
CAGGTATTCGAACGGA_SMC053	SMC053	Active control
CAGGTATTCTCTCTAA_SMC049	SMC049	AD
CAGGTCACAGGATACT_PO23	PO23	Control
CAGGTCACATCCATAT_PO23	PO23	Control
CAGGTCCGTCTAAGCT_PO23	PO23	Control
CAGGTCCGTCTCACGA_PO13	PO13	Control
CAGGTCCGTTAGGTGA_PO23	PO23	Control
CAGGTTATCACCAAGC_PO28	PO28	AD
CAGGTTATCGATGACC_PO28	PO28	AD
CAGGTTATCTCATCGT_PO42	PO42	AD
CAGTAACCACATACGG_PO05	PO05	AD
CAGTAACCATAACTTC_PO28	PO28	AD
CAGTAAGGTGGCGATG_PO05	PO05	AD
CAGTAGCTCACACTAG_PO05	PO05	AD
CAGTAGGAGGATGTCC_PO23	PO23	Control
CAGTATTAGGTGAGTG_PO23	PO23	Control
CAGTATTAGGTGCTTA_PO23	PO23	Control
CAGTCAATCGTTCGCC_PO28	PO28	AD
CAGTCCCTCCCAATGA_PO23	PO23	Control
CAGTCCTCACTTAACT_PO05	PO05	AD
CAGTCTAAGCGCTACG_PO23	PO23	Control
CAGTGCGCAGGAACCA_SMC049	SMC049	AD
CAGTGTTGTAAGGTCA_PO11	PO11	AD
CAGTTAACAAAGGTTC_PO41	PO41	AD
CAGTTAGAGACGGATC_SMC049	SMC049	AD
CAGTTAGAGGAATCGC_SMC052	SMC052	Control
CAGTTAGCAATGCAAA_SMC049	SMC049	AD
CAGTTAGCACTAGGCC_SMC052	SMC052	Control
CAGTTAGGTCACATTG_SMC052	SMC052	Control
CAGTTAGGTCAGGTGA_SMC052	SMC052	Control
CAGTTAGTCCAGGCCA_PO05	PO05	AD
CAGTTAGTCCCGAGTG_SMC049	SMC049	AD
CAGTTATAGCGAATGG_PO15	PO15	Control
CAGTTATAGGCGTTCG_PO15	PO15	Control
CAGTTCAAGTCAACCA_PO13	PO13	Control
CAGTTCCCAAACCGAT_PO05	PO05	AD
CAGTTCCCACGTAGTT_SMC052	SMC052	Control
CAGTTCCCAGCACAAG_SMC053	SMC053	Active control
CAGTTCCCATGGCTGC_SMC052	SMC052	Control
CAGTTCCGTCTTAGTG_SMC052	SMC052	Control
CAGTTCCTCTCCGTGT_SMC052	SMC052	Control
CAGTTTAGTTGCGAGG_PO20	PO20	Control
CATAACTAGGCAACGA_PO11	PO11	AD
CATAACTAGGTTCGCG_PO20	PO20	Control
CATAAGCAGCTAAATG_SMC049	SMC049	AD
CATAAGCCAAGCCCAC_SMC052	SMC052	Control
CATAAGCCACAATCGG_PO41	PO41	AD
CATAAGCCACCAGGGT_PO11	PO11	AD
CATAAGCGTATCCTTT_SMC053	SMC053	Active control
CATAAGCGTCCAGGTC_SMC035	SMC035	Active control
CATAAGCGTGGCTGCT_SMC049	SMC049	AD
CATAAGCTCACGGAGA_SMC037	SMC037	Active control
CATAAGCTCCTGATAG_SMC052	SMC052	Control
CATAAGCTCTTAATCC_SMC032	SMC032	AD
CATACAACACCTAACC_PO28	PO28	AD
CATACAGAGCCTCGTG_SMC052	SMC052	Control
CATACAGCAATTTCGG_SMC052	SMC052	Control
CATACAGGTGACCGAA_SMC053	SMC053	Active control
CATACAGTCGCGAAGA_SMC049	SMC049	AD
CATACAGTCGTTCGCT_SMC049	SMC049	AD
CATACAGTCTCTGCTG_SMC053	SMC053	Active control
CATACATAGCCTAAGC_PO42	PO42	AD
CATACCCAGTGACCTT_SMC053	SMC053	Active control
CATACCCCAACAACAA_SMC052	SMC052	Control
CATACCCCAATCGCGC_SMC052	SMC052	Control
CATACCCCACTGCACG_SMC053	SMC053	Active control
CATACCTTCCCCAAGG_PO41	PO41	AD
CATACTTAGTCATGAA_SMC049	SMC049	AD
CATACTTCAATAGTGA_SMC053	SMC053	Active control
CATACTTCACGTCATA_SMC052	SMC052	Control
CATACTTGTGTTCAGT_SMC053	SMC053	Active control
CATACTTTCCATGATG_SMC052	SMC052	Control
CATAGACAGAAGATCT_SMC052	SMC052	Control
CATAGACCAATAGTGA_SMC052	SMC052	Control
CATAGACCATGGGTCC_SMC033	SMC033	Control
CATAGACGTCCGAAGA_SMC038	SMC038	AD
CATAGACGTGGACTAG_SMC038	SMC038	AD
CATAGACGTTCACGAT_SMC053	SMC053	Active control
CATAGACTCATCCTAT_SMC049	SMC049	AD
CATAGACTCCTGATAG_SMC032	SMC032	AD
CATAGACTCGTGGTAT_SMC038	SMC038	AD
CATAGATTCATCTGTC_PO41	PO41	AD
CATAGATTCGAACCAC_PO41	PO41	AD
CATAGATTCGACTAAT_PO42	PO42	AD
CATAGCATCAGCACCG_PO28	PO28	AD
CATAGCATCATCACGA_PO13	PO13	Control
CATAGCCAGCGCTCTC_PO23	PO23	Control
CATAGCCAGCTAGGGA_PO13	PO13	Control
CATAGCGCAGCACTAG_PO28	PO28	AD
CATAGCGCATCGGGAC_PO23	PO23	Control
CATAGGGAGGTGCTAC_PO28	PO28	AD
CATAGTTAGTTAGCGC_PO23	PO23	Control
CATATAGCAAGGTATC_PO15	PO15	Control
CATATCCTCCAGCAGT_PO28	PO28	AD
CATATCTCACCATACC_PO41	PO41	AD
CATATGGTCAGCCTAA_PO15	PO15	Control
CATATGGTCAGGCTAC_PO28	PO28	AD
CATATGGTCTGTAACG_PO13	PO13	Control
CATATTCCAACTGGAT_PO23	PO23	Control
CATATTCCATGGTAAC_PO20	PO20	Control
CATCAAGAGCAACAAT_SMC036	SMC036	AD
CATCAAGAGCAGCACA_SMC053	SMC053	Active control
CATCAAGAGCATGAAT_SMC032	SMC032	AD
CATCAAGAGTAGTCAA_SMC049	SMC049	AD
CATCAAGCACCGTGGT_SMC052	SMC052	Control
CATCAAGCAGCACAAG_SMC053	SMC053	Active control
CATCAAGTCAAACCTG_SMC049	SMC049	AD
CATCAAGTCTAGTTCT_SMC052	SMC052	Control
CATCAATAGCGAACCT_PO28	PO28	AD
CATCAATAGTGAGGCA_PO05	PO05	AD
CATCACAAGGCATTCA_PO41	PO41	AD
CATCAGGCAAGTTACA_PO28	PO28	AD
CATCAGGCAGGACAGG_PO28	PO28	AD
CATCAGGCAGGTAACT_PO28	PO28	AD
CATCATTCACATTCAT_PO41	PO41	AD
CATCCAAAGCAATCCA_PO42	PO42	AD
CATCCAAAGCGCATGT_PO11	PO11	AD
CATCCAAAGCGCTTCC_PO28	PO28	AD
CATCCAAAGGATTGGG_PO23	PO23	Control
CATCCACAGCGAGGAG_SMC035	SMC035	Active control
CATCCACAGGTAGATT_SMC038	SMC038	AD
CATCCACCAACCGCAA_PO20	PO20	Control
CATCCACCATCCACTA_PO15	PO15	Control
CATCCACGTACCATAC_SMC053	SMC053	Active control
CATCCACTCGAAGGAC_SMC038	SMC038	AD
CATCCACTCGAGTCCG_SMC052	SMC052	Control
CATCCACTCGCGGTAC_SMC041	SMC041	AD
CATCCAGGTAATGCTC_PO23	PO23	Control
CATCCCAAGAATCTAG_SMC053	SMC053	Active control
CATCCCATCAGCGGAA_SMC049	SMC049	AD
CATCCCATCCAATCTT_SMC053	SMC053	Active control
CATCCCATCCAGAGAG_PO42	PO42	AD
CATCCCATCCTAGCTC_SMC052	SMC052	Control
CATCCCATCGTAACCA_SMC030	SMC030	Control
CATCCCGCACCTTAGC_PO42	PO42	AD
CATCCGGAGTCGATGC_PO23	PO23	Control
CATCCGGAGTGCGGAA_PO42	PO42	AD
CATCCGTAGAACAGGA_SMC035	SMC035	Active control
CATCCGTAGCATGTTC_SMC053	SMC053	Active control
CATCCGTAGTAGACCG_SMC053	SMC053	Active control
CATCCGTCAAGCGCTC_SMC053	SMC053	Active control
CATCCGTCAGCAGTAG_SMC052	SMC052	Control
CATCCGTTCAATCTTC_SMC053	SMC053	Active control
CATCGCCTCCCGCAGA_PO13	PO13	Control
CATCGCTAGCGGTATG_SMC052	SMC052	Control
CATCGCTAGGGACACT_SMC053	SMC053	Active control
CATCGCTTCATTTCCA_SMC038	SMC038	AD
CATCGCTTCGGTTCAA_SMC049	SMC049	AD
CATCGGGCAAAGTATG_SMC053	SMC053	Active control
CATCGGGCACAGAGAC_SMC052	SMC052	Control
CATCGGGCATCACGGC_SMC053	SMC053	Active control
CATCGGGGTGAGATAT_SMC035	SMC035	Active control
CATCGGGGTTAGTCGT_SMC033	SMC033	Control
CATCGGGTCATCACTT_SMC052	SMC052	Control
CATCGGGTCCTCTAAT_SMC052	SMC052	Control
CATCGGGTCGATACTG_SMC035	SMC035	Active control
CATCGTCAGCTTCTAG_SMC053	SMC053	Active control
CATCGTCCACTTCGTA_PO42	PO42	AD
CATCGTCCAGGATGCC_PO23	PO23	Control
CATCGTCCATTGCCGG_SMC052	SMC052	Control
CATCGTCTCAGTAGGG_SMC049	SMC049	AD
CATCGTCTCATACAGC_SMC049	SMC049	AD
CATCGTCTCCATTGCC_SMC053	SMC053	Active control
CATCGTCTCGAGCTGC_SMC053	SMC053	Active control
CATCGTCTCGGCATTA_SMC052	SMC052	Control
CATCGTTTCTCACTTA_PO15	PO15	Control
CATCTCACACCACAGA_PO15	PO15	Control
CATCTCACACTTACCA_PO28	PO28	AD
CATCTCACATAATCCT_PO20	PO20	Control
CATCTTGCAAGTAGGA_PO11	PO11	AD
CATGAACCATTACGTT_PO23	PO23	Control
CATGAAGGTAAGTGAT_PO28	PO28	AD
CATGAAGGTCTAGTAC_PO28	PO28	AD
CATGAAGGTTCGTCCT_PO20	PO20	Control
CATGAAGGTTTGGTTA_PO23	PO23	Control
CATGAGTCAAAGCAAT_SMC053	SMC053	Active control
CATGAGTCAGTCTCTC_SMC041	SMC041	AD
CATGAGTGTTAGAGAT_SMC033	SMC033	Control
CATGAGTTCCTGTTAT_SMC053	SMC053	Active control
CATGAGTTCTTGCAGA_SMC052	SMC052	Control
CATGATTAGCTGGTTA_PO23	PO23	Control
CATGCAACAGCCTTCT_SMC052	SMC052	Control
CATGCAACATAGCACT_SMC035	SMC035	Active control
CATGCAACATGCCGGT_SMC052	SMC052	Control
CATGCAAGTTCCGCAG_SMC049	SMC049	AD
CATGCCAGTATGGACA_PO23	PO23	Control
CATGCCAGTGAAGTCA_PO11	PO11	AD
CATGCCAGTTAGCGAA_PO23	PO23	Control
CATGCCTAGACGCATG_SMC035	SMC035	Active control
CATGCCTAGGAGTATT_SMC053	SMC053	Active control
CATGCCTAGGTTGTTC_SMC053	SMC053	Active control
CATGCCTCAACCCTAA_SMC038	SMC038	AD
CATGCCTGTTAGGGTG_SMC053	SMC053	Active control
CATGCCTTCCCTTGGT_SMC041	SMC041	AD
CATGCGCGTTAGGTTC_PO41	PO41	AD
CATGCGCGTTCCCTGT_PO28	PO28	AD
CATGCGGAGAGCAGTC_SMC052	SMC052	Control
CATGCGGAGGTAAGTT_SMC053	SMC053	Active control
CATGCGGCAAAGACTA_SMC053	SMC053	Active control
CATGCGGCACTGTCGG_SMC053	SMC053	Active control
CATGCGGGTATGAGAT_SMC049	SMC049	AD
CATGCGGGTTCCACGG_SMC053	SMC053	Active control
CATGCGGTCCCGTTGT_SMC041	SMC041	AD
CATGCGGTCTCCAATT_SMC052	SMC052	Control
CATGCTCAGTGCCAGA_SMC053	SMC053	Active control
CATGCTCCATACCATG_SMC033	SMC033	Control
CATGCTCGTCGGCACT_SMC052	SMC052	Control
CATGCTCGTCTTGCTC_SMC053	SMC053	Active control
CATGCTCGTGAACCGA_SMC032	SMC032	AD
CATGCTCTCCCTCGTA_SMC049	SMC049	AD
CATGCTCTCCGTGTGG_SMC053	SMC053	Active control
CATGCTCTCGCCTTGT_SMC038	SMC038	AD
CATGCTCTCGTGACTA_SMC052	SMC052	Control
CATGCTGGTGGCTTGC_PO23	PO23	Control
CATGGATAGCCTCGTG_SMC052	SMC052	Control
CATGGATCAAAGGGCT_SMC053	SMC053	Active control
CATGGATCAGCGTAGA_SMC052	SMC052	Control
CATGGATGTCCGATCG_SMC053	SMC053	Active control
CATGGATGTGTTCCAA_SMC049	SMC049	AD
CATGGATGTTCTCGTC_SMC033	SMC033	Control
CATGGTACACGAAGAC_SMC032	SMC032	AD
CATGGTACATCCGCGA_SMC053	SMC053	Active control
CATGGTACATGGCTGC_SMC052	SMC052	Control
CATGGTAGTTTCACAG_SMC049	SMC049	AD
CATGGTCAGTGGCTAC_PO15	PO15	Control
CATGGTTGTGCAGCCT_PO42	PO42	AD
CATGTCAAGGTCCCGA_PO20	PO20	Control
CATGTTGAGTCGCTGG_PO05	PO05	AD
CATTAACAGCCTGTAA_PO11	PO11	AD
CATTAACAGGCTCTGG_PO28	PO28	AD
CATTCAAGTCAATGGA_PO23	PO23	Control
CATTCATAGTGTTCCA_SMC049	SMC049	AD
CATTCATCAAGCTATA_PO23	PO23	Control
CATTCATCACCATCGT_PO41	PO41	AD
CATTCATCACCGAATT_SMC053	SMC053	Active control
CATTCATCACGACCTG_SMC049	SMC049	AD
CATTCATCATGCCGGT_SMC052	SMC052	Control
CATTCATCATTGAGCT_SMC049	SMC049	AD
CATTCATGTAGTCGGA_SMC049	SMC049	AD
CATTCATTCATGTCTT_SMC053	SMC053	Active control
CATTCATTCCGATAAC_SMC049	SMC049	AD
CATTCATTCCGTTTCG_SMC049	SMC049	AD
CATTCATTCGAAATCC_SMC052	SMC052	Control
CATTCCGAGCGACTTT_SMC052	SMC052	Control
CATTCCGCAAGTATAG_SMC041	SMC041	AD
CATTCCGCACTTGGCG_SMC041	SMC041	AD
CATTCCGCATCTTAGG_SMC032	SMC032	AD
CATTCCGCATTCAGGT_SMC038	SMC038	AD
CATTCCGGTACATTGC_SMC041	SMC041	AD
CATTCGCCAGCTCTAC_PO11	PO11	AD
CATTCGTTCGAATGGG_PO11	PO11	AD
CATTCGTTCGTACCAA_PO42	PO42	AD
CATTCTATCGCTCTCA_PO20	PO20	Control
CATTGAGAGGTGCGAT_SMC041	SMC041	AD
CATTGAGCACATGTTG_SMC053	SMC053	Active control
CATTGAGCAGTGCGCT_SMC052	SMC052	Control
CATTGAGCATAATGCC_SMC052	SMC052	Control
CATTGCCAGAGGCGGA_SMC049	SMC049	AD
CATTGCCCACCCGTAG_SMC052	SMC052	Control
CATTGCCGTAGGTTTC_SMC049	SMC049	AD
CATTGCCGTTACTCAG_SMC052	SMC052	Control
CATTGCCTCACATTGG_SMC053	SMC053	Active control
CATTGCCTCTGTCCCA_SMC049	SMC049	AD
CATTGGGCACAGGCGT_PO23	PO23	Control
CATTGGGCACTTGCCG_PO42	PO42	AD
CATTGTGAGCGCTTCC_PO28	PO28	AD
CATTGTGAGTAGCGTC_PO23	PO23	Control
CATTGTTCACAACGTT_SMC053	SMC053	Active control
CATTGTTCACCAGCGT_SMC037	SMC037	Active control
CATTGTTCAGTTTCAG_SMC053	SMC053	Active control
CATTGTTCATGAAAGT_SMC038	SMC038	AD
CATTGTTGTACGACAG_SMC041	SMC041	AD
CATTGTTGTGTCGCTG_SMC033	SMC033	Control
CATTGTTTCATTCGTT_SMC053	SMC053	Active control
CATTTAGGTAGTGTCT_PO15	PO15	Control
CATTTAGGTATGGGTA_PO41	PO41	AD
CATTTAGGTTGCCTGA_PO15	PO15	Control
CATTTCAAGAAGCGGG_SMC033	SMC033	Control
CATTTCAAGTTTGGCT_SMC053	SMC053	Active control
CATTTCACAATACGAA_SMC052	SMC052	Control
CATTTCACAGACCCGT_SMC053	SMC053	Active control
CATTTCACAGCTAACT_SMC053	SMC053	Active control
CATTTCATCAGGAAGC_SMC037	SMC037	Active control
CATTTCATCCGATGCG_SMC049	SMC049	AD
CATTTCATCGATCCAA_SMC049	SMC049	AD
CATTTCATCGCTTGCT_SMC052	SMC052	Control
CATTTCGCATAAGCTA_PO20	PO20	Control
CATTTGAGTGCACGCT_PO15	PO15	Control
CATTTGAGTTCCAGGC_PO42	PO42	AD
CATTTGGAGGTAGGAT_PO05	PO05	AD
CATTTGGAGGTCCAAC_PO42	PO42	AD
CCAAAGCTCAATCCGA_PO28	PO28	AD
CCAAAGTCAAGGTCGC_PO20	PO20	Control
CCAAATTAGGAGGCAC_PO15	PO15	Control
CCAACCCTCCTCACTG_PO41	PO41	AD
CCAACTAAGTGAGACG_PO13	PO13	Control
CCAACTGGTGATGAAT_PO42	PO42	AD
CCAAGCGAGTCTGTAC_SMC033	SMC033	Control
CCAAGCGCAATTTCTC_SMC049	SMC049	AD
CCAAGCGCAGCGATTT_SMC049	SMC049	AD
CCAAGCGGTTCCGGTG_SMC052	SMC052	Control
CCAAGCGTCAAATAGG_SMC052	SMC052	Control
CCAAGCGTCAGGTAAA_SMC049	SMC049	AD
CCAAGGGGTTGCATGT_PO20	PO20	Control
CCAAGGTTCAAGTGCC_PO42	PO42	AD
CCAAGTCAGGATGAGT_PO41	PO41	AD
CCAATCCCAGCTACGA_PO28	PO28	AD
CCAATCCCAGGACTAT_PO28	PO28	AD
CCAATCCCATCCGCAT_PO13	PO13	Control
CCAATGAAGACATCAA_SMC032	SMC032	AD
CCAATGAAGAGGCGTT_SMC052	SMC052	Control
CCAATGAAGGAGTACC_SMC049	SMC049	AD
CCAATGACAACCTAAC_SMC053	SMC053	Active control
CCAATGAGTGCCGGTT_SMC052	SMC052	Control
CCAATGATCATTTACC_SMC049	SMC049	AD
CCAATGATCTAAGCGT_SMC049	SMC049	AD
CCAATTGAGCATGACC_PO11	PO11	AD
CCAATTGAGGAACCAG_PO23	PO23	Control
CCAATTGAGTAGACTT_PO23	PO23	Control
CCAATTTAGACCTCCG_SMC035	SMC035	Active control
CCAATTTCAACCCTCT_SMC033	SMC033	Control
CCAATTTCACCGTCTT_SMC052	SMC052	Control
CCAATTTCAGGCAGGA_PO20	PO20	Control
CCAATTTCATCGCTGG_SMC037	SMC037	Active control
CCAATTTCATGAGCCA_PO20	PO20	Control
CCAATTTCATTGCCTC_SMC041	SMC041	AD
CCACAAAAGCCAGACA_SMC052	SMC052	Control
CCACAAACAAAGGGTC_SMC035	SMC035	Active control
CCACAAACAAATGAAC_SMC049	SMC049	AD
CCACAAACAAGTGACG_SMC049	SMC049	AD
CCACAAACAGAGATGC_SMC049	SMC049	AD
CCACAAACATCTGTTT_SMC052	SMC052	Control
CCACAAAGTGGGCTCT_SMC041	SMC041	AD
CCACAAATCCCGATCT_SMC053	SMC053	Active control
CCACAAATCGCCAACG_SMC052	SMC052	Control
CCACAAATCTGGGCCA_SMC052	SMC052	Control
CCACAACAGCGCTCGA_PO23	PO23	Control
CCACACAGTTCGTCCT_PO28	PO28	AD
CCACACTAGGACGCAT_SMC052	SMC052	Control
CCACACTAGTGGTCAG_SMC037	SMC037	Active control
CCACACTGTCCATACA_SMC052	SMC052	Control
CCACACTGTCGATTTG_SMC053	SMC053	Active control
CCACAGACAAGGTCCA_PO05	PO05	AD
CCACAGACAGGAGCCT_PO28	PO28	AD
CCACATAAGTGAGCAG_PO28	PO28	AD
CCACATGGTCTAGGTT_PO20	PO20	Control
CCACATGGTGAGAGTC_PO41	PO41	AD
CCACATGGTTCTGGTG_PO05	PO05	AD
CCACCAAGTAACTGTC_PO11	PO11	AD
CCACCAAGTGCAGGAT_PO05	PO05	AD
CCACCATAGAATTGCA_SMC033	SMC033	Control
CCACCATAGAGTATAC_SMC052	SMC052	Control
CCACCATAGCCTCAGC_SMC049	SMC049	AD
CCACCATCAACTACCC_PO23	PO23	Control
CCACCATCACAAGCCC_SMC052	SMC052	Control
CCACCATCACACTGGC_SMC038	SMC038	AD
CCACCATCACGGGCTT_SMC052	SMC052	Control
CCACCATCAGACAATA_SMC033	SMC033	Control
CCACCATGTACATTGC_SMC037	SMC037	Active control
CCACCGTTCCAGCTCC_PO41	PO41	AD
CCACCGTTCGTACCGG_PO20	PO20	Control
CCACCTATCATGCGCG_PO05	PO05	AD
CCACCTCAGAACGGAT_PO11	PO11	AD
CCACCTGCAAAGGTGA_PO15	PO15	Control
CCACCTGCATCGGGTA_PO42	PO42	AD
CCACCTTGTTTAAGCC_PO23	PO23	Control
CCACGAGAGAATTGCA_SMC053	SMC053	Active control
CCACGAGAGGACAGTC_SMC049	SMC049	AD
CCACGAGCAGACAAAT_SMC038	SMC038	AD
CCACGAGGTCAACCTA_SMC052	SMC052	Control
CCACGAGGTGCCCAGT_SMC052	SMC052	Control
CCACGAGGTGGTCTGC_SMC053	SMC053	Active control
CCACGAGTCATGCCAA_SMC052	SMC052	Control
CCACGATAGTGAATGA_PO15	PO15	Control
CCACGCAAGAACGGAT_PO42	PO42	AD
CCACGCAAGGCTACTA_PO11	PO11	AD
CCACGGATCAAGTCCA_PO11	PO11	AD
CCACGGATCCCGTAGG_PO23	PO23	Control
CCACGTTAGACATACA_SMC053	SMC053	Active control
CCACGTTAGCTTCATG_SMC049	SMC049	AD
CCACGTTAGGAGGTTC_SMC049	SMC049	AD
CCACGTTAGGTACATA_SMC053	SMC053	Active control
CCACGTTAGGTCTACT_SMC052	SMC052	Control
CCACGTTAGGTTGGAC_SMC053	SMC053	Active control
CCACGTTCACCGGTCA_SMC053	SMC053	Active control
CCACGTTCATGACTGT_SMC052	SMC052	Control
CCACGTTCATTCGCAC_PO11	PO11	AD
CCACGTTGTCGAACAG_SMC053	SMC053	Active control
CCACGTTTCGAAGTGG_SMC033	SMC033	Control
CCACTAAAGGCGATAG_PO42	PO42	AD
CCACTAAAGTGAAGGT_PO41	PO41	AD
CCACTATTCATGCAAT_PO23	PO23	Control
CCACTTACAATACGAC_PO15	PO15	Control
CCACTTACAATACTTC_PO11	PO11	AD
CCACTTACACATTCGC_PO23	PO23	Control
CCACTTGAGAGATTCA_SMC033	SMC033	Control
CCACTTGAGGGCGAGA_SMC049	SMC049	AD
CCACTTGCACTAAACC_SMC049	SMC049	AD
CCACTTGGTAATCAAG_SMC053	SMC053	Active control
CCACTTGGTACCAATC_SMC031	SMC031	Active control
CCAGACCGTGATCAGA_PO13	PO13	Control
CCAGACCGTTCGGTTG_PO41	PO41	AD
CCAGACTAGGGCTAGA_PO13	PO13	Control
CCAGAGGGTTTAGGCT_PO42	PO42	AD
CCAGAGGGTTTCAGGT_PO15	PO15	Control
CCAGATGCATTAGGTA_PO42	PO42	AD
CCAGATGCATTGGCCT_PO13	PO13	Control
CCAGATTGTGCAGGCA_PO23	PO23	Control
CCAGATTGTTAGGTCT_PO05	PO05	AD
CCAGCCTTCGAACGCT_PO23	PO23	Control
CCAGGCATCAAGTCCA_PO13	PO13	Control
CCAGGTTAGCTAGCCG_PO05	PO05	AD
CCAGGTTAGGGGACTA_PO41	PO41	AD
CCAGTAATCGTGCCGA_PO15	PO15	Control
CCAGTCCTCGCGCTGA_PO41	PO41	AD
CCAGTTGGTCAGGCGA_PO15	PO15	Control
CCATAAGAGCCTTCTC_SMC049	SMC049	AD
CCATAAGAGCGTGCCT_SMC033	SMC033	Control
CCATAAGAGGACAGCT_SMC033	SMC033	Control
CCATAAGAGGCAGCTA_SMC052	SMC052	Control
CCATAAGCAGCGGTCT_SMC053	SMC053	Active control
CCATAAGTCACCGGTG_SMC037	SMC037	Active control
CCATAAGTCATTCACT_SMC052	SMC052	Control
CCATAAGTCCACCTGC_PO05	PO05	AD
CCATAAGTCTCGTGGG_SMC049	SMC049	AD
CCATACTTCGATACAT_PO42	PO42	AD
CCATACTTCGCTGGAT_PO15	PO15	Control
CCATACTTCTCATGCT_PO23	PO23	Control
CCATCACAGAGGTTTA_SMC049	SMC049	AD
CCATCACAGTGATGGC_SMC031	SMC031	Active control
CCATCACCAACGATCT_SMC053	SMC053	Active control
CCATCACCAAGAGTAT_SMC053	SMC053	Active control
CCATCACGTACCCGAC_SMC052	SMC052	Control
CCATCAGGTGCGAGCA_PO05	PO05	AD
CCATCAGGTTCAAGCT_PO05	PO05	AD
CCATCCGCATCCCAGT_PO23	PO23	Control
CCATCGCTCAGGCAGA_PO15	PO15	Control
CCATGTCCAACTGCGA_PO13	PO13	Control
CCATTAAGTTCCAGTG_PO23	PO23	Control
CCATTAGAGGATTCAT_PO13	PO13	Control
CCATTAGAGGTTGGAG_PO20	PO20	Control
CCATTTCAGCAATCCA_PO20	PO20	Control
CCATTTCAGCTACAGC_PO20	PO20	Control
CCATTTGCAAATGACC_PO15	PO15	Control
CCATTTGCAATCTATC_PO11	PO11	AD
CCATTTGCATCATATC_PO28	PO28	AD
CCCAAATGTGGGTATA_PO05	PO05	AD
CCCAACCTCGACTATG_PO41	PO41	AD
CCCAACTAGAACGCGT_SMC049	SMC049	AD
CCCAACTAGGGTTTCT_SMC052	SMC052	Control
CCCAACTTCGTAACTG_SMC049	SMC049	AD
CCCAACTTCTACCAGA_SMC041	SMC041	AD
CCCAAGGTCAATCCCT_PO23	PO23	Control
CCCAAGGTCAGGTCTA_PO23	PO23	Control
CCCAATTTCATGACTG_PO42	PO42	AD
CCCAATTTCGATCATG_PO41	PO41	AD
CCCACTATCAGGTCGT_PO28	PO28	AD
CCCACTATCATCGTGA_PO15	PO15	Control
CCCACTATCCATCAGA_PO28	PO28	AD
CCCACTTGTGGACCCT_PO42	PO42	AD
CCCAGCAAGTGAACGG_PO15	PO15	Control
CCCAGCAAGTTAGACT_PO23	PO23	Control
CCCATAGGTGGCCATC_PO23	PO23	Control
CCCATCATCACTGGTA_PO05	PO05	AD
CCCATCGCAATACATG_PO11	PO11	AD
CCCATCGCACAGGATT_PO05	PO05	AD
CCCATGAGTTTGAGCT_PO11	PO11	AD
CCCATGCTCCTTCCTC_PO42	PO42	AD
CCCATGGAGGTACTTG_PO05	PO05	AD
CCCATTGAGAGCAGTC_SMC052	SMC052	Control
CCCATTGAGAGCTGCA_SMC038	SMC038	AD
CCCATTGCACCCGTAG_SMC052	SMC052	Control
CCCATTGCACGCTGTG_SMC052	SMC052	Control
CCCATTGCAGCAGTCC_SMC053	SMC053	Active control
CCCATTGGTCCGACGT_SMC052	SMC052	Control
CCCATTGGTGAGCTCC_SMC030	SMC030	Control
CCCATTGGTTGGGACA_SMC035	SMC035	Active control
CCCATTGTCAAATGCC_SMC053	SMC053	Active control
CCCATTGTCCCATTTA_SMC053	SMC053	Active control
CCCATTGTCTGGAGAG_SMC053	SMC053	Active control
CCCATTGTCTGTCCCA_SMC041	SMC041	AD
CCCGAAGAGCACCCAC_SMC053	SMC053	Active control
CCCGAAGAGCACCGAA_SMC033	SMC033	Control
CCCGAAGAGGCAATGC_SMC053	SMC053	Active control
CCCGAAGCATCGAGCC_SMC052	SMC052	Control
CCCGAAGGTCATATGC_SMC053	SMC053	Active control
CCCGAAGGTGAGACCA_SMC041	SMC041	AD
CCCGAAGTCGACTCCT_SMC053	SMC053	Active control
CCCGAAGTCGATTCCC_SMC052	SMC052	Control
CCCGAAGTCTTCGGAA_SMC052	SMC052	Control
CCCGAATAGGCACATC_PO41	PO41	AD
CCCGATAGTTCCGGGT_PO28	PO28	AD
CCCGATAGTTTGAGGA_PO28	PO28	AD
CCCGATGAGCGACTGT_PO28	PO28	AD
CCCGATTCAAGGTCGC_PO05	PO05	AD
CCCGATTCAAGGTTCG_PO42	PO42	AD
CCCGATTCAATGACGT_PO15	PO15	Control
CCCGCATTCGCGCGTA_PO28	PO28	AD
CCCGCTTAGCCGATAC_PO11	PO11	AD
CCCGGAAAGTACAGCG_SMC035	SMC035	Active control
CCCGGAAAGTACCCTA_SMC053	SMC053	Active control
CCCGGAAAGTAGTCTC_SMC041	SMC041	AD
CCCGGAAAGTCATGAA_SMC052	SMC052	Control
CCCGGAACATATTCGG_SMC035	SMC035	Active control
CCCGGAACATCGTTCC_SMC052	SMC052	Control
CCCGGAAGTATACAGA_SMC053	SMC053	Active control
CCCGGAAGTGAATATG_SMC052	SMC052	Control
CCCGGAAGTGAGCCAA_SMC037	SMC037	Active control
CCCGGAATCGGAAGGT_SMC049	SMC049	AD
CCCGGAATCTACGCAA_SMC052	SMC052	Control
CCCGGTAAGGTTCACA_PO28	PO28	AD
CCCGTAAGTCTCCATC_PO28	PO28	AD
CCCTAACAGGTACTGG_SMC053	SMC053	Active control
CCCTAACCACAAGGTG_SMC052	SMC052	Control
CCCTAACCATTGGCCT_PO23	PO23	Control
CCCTAACGTTGTGGCC_SMC052	SMC052	Control
CCCTAACTCAAGCCGC_SMC052	SMC052	Control
CCCTACGCAAGTCGGC_PO11	PO11	AD
CCCTATGTCACCAAGC_PO42	PO42	AD
CCCTCAAAGACCCGCT_SMC052	SMC052	Control
CCCTCAAAGGACTTCT_SMC032	SMC032	AD
CCCTCAAAGGGAGGAC_SMC035	SMC035	Active control
CCCTCAAAGTGAGGCT_SMC033	SMC033	Control
CCCTCAACAAGAGAGA_SMC052	SMC052	Control
CCCTCAACAAGTTGGG_SMC049	SMC049	AD
CCCTCAACAGCGTAGA_SMC049	SMC049	AD
CCCTCAAGTCCATAGT_SMC035	SMC035	Active control
CCCTCAAGTGTATTCG_SMC035	SMC035	Active control
CCCTCAAGTTTGATCG_SMC053	SMC053	Active control
CCCTCAATCCAACTGA_SMC033	SMC033	Control
CCCTCACAGTCGCGCA_PO23	PO23	Control
CCCTCTCAGAGGGCGA_SMC049	SMC049	AD
CCCTCTCAGCGATGCA_SMC038	SMC038	AD
CCCTCTCCAGTCTGGC_SMC053	SMC053	Active control
CCCTCTCCATAGTCGT_SMC053	SMC053	Active control
CCCTCTCCATGTGGCC_SMC052	SMC052	Control
CCCTCTCGTGCGGATA_SMC049	SMC049	AD
CCCTCTCTCAGTGATC_SMC052	SMC052	Control
CCCTGATAGAATCTAG_SMC049	SMC049	AD
CCCTGATAGACAGCGT_SMC052	SMC052	Control
CCCTGATAGAGCACTG_SMC052	SMC052	Control
CCCTGATAGGTGGGTT_SMC049	SMC049	AD
CCCTGATCACAATTCG_SMC052	SMC052	Control
CCCTGATTCCACACCT_SMC052	SMC052	Control
CCCTGGTTCCATGACA_PO28	PO28	AD
CCCTGTTGTATGGGAC_PO28	PO28	AD
CCCTTAACAATATGCA_PO20	PO20	Control
CCCTTAGAGAGATTCA_SMC037	SMC037	Active control
CCCTTAGAGCATGGGT_SMC053	SMC053	Active control
CCCTTAGCAACCAATC_SMC052	SMC052	Control
CCCTTAGCACTCTAGA_SMC049	SMC049	AD
CCCTTAGCACTTCCTG_SMC049	SMC049	AD
CCCTTAGCAGGTGGAT_SMC049	SMC049	AD
CCCTTAGCATGGAAGC_SMC053	SMC053	Active control
CCCTTAGTCAAGTCGC_PO42	PO42	AD
CCCTTAGTCGCGACAT_PO42	PO42	AD
CCCTTGATCTGGGCAT_PO41	PO41	AD
CCGAAATCATAGAGAG_PO23	PO23	Control
CCGAACGAGAGCTGCA_SMC052	SMC052	Control
CCGAACGAGATTCGCT_SMC049	SMC049	AD
CCGAACGAGGTTGGAC_SMC053	SMC053	Active control
CCGAACGAGTAGGTTA_SMC052	SMC052	Control
CCGAACGAGTATGAGT_SMC049	SMC049	AD
CCGAACGAGTTCGCAT_SMC053	SMC053	Active control
CCGAACGCAGTGGCTC_SMC053	SMC053	Active control
CCGAACGCATCCGAGC_SMC053	SMC053	Active control
CCGAACGGTACCATAC_SMC052	SMC052	Control
CCGAACTAGGTAGTCC_PO20	PO20	Control
CCGACAACAGTAATGC_PO05	PO05	AD
CCGACTAGTAAGTCCT_PO15	PO15	Control
CCGATCTAGCTAGAGC_SMC052	SMC052	Control
CCGATCTAGCTCCGAC_SMC052	SMC052	Control
CCGATCTGTACCTAGT_SMC052	SMC052	Control
CCGATCTGTATACCCA_SMC052	SMC052	Control
CCGATCTGTCAATGGG_SMC052	SMC052	Control
CCGATCTTCATTGCGA_SMC049	SMC049	AD
CCGATCTTCTGCGAGC_SMC049	SMC049	AD
CCGATGGAGCGTGAGT_SMC053	SMC053	Active control
CCGATGGCAATCGCCG_SMC033	SMC033	Control
CCGATGGCATATTCGG_SMC052	SMC052	Control
CCGATGGCATGGCGCT_SMC053	SMC053	Active control
CCGATGGGTTGCATCA_SMC033	SMC033	Control
CCGATGGTCAACGCTA_SMC053	SMC053	Active control
CCGATGGTCGGTCGGT_SMC052	SMC052	Control
CCGATTGGTAGTGCGG_PO42	PO42	AD
CCGATTGGTTCGTAAC_PO28	PO28	AD
CCGATTGGTTGTGCAT_PO28	PO28	AD
CCGCAAGAGGCAGGGA_SMC052	SMC052	Control
CCGCAAGAGTAAGCAT_SMC041	SMC041	AD
CCGCAAGAGTGAATAC_SMC052	SMC052	Control
CCGCAAGCAAGGGTCA_SMC052	SMC052	Control
CCGCAAGCACGACAAG_SMC035	SMC035	Active control
CCGCAAGCACTACGGC_SMC041	SMC041	AD
CCGCAAGGTACGAGCA_SMC052	SMC052	Control
CCGCAAGTCCGGTTCC_PO28	PO28	AD
CCGCAATAGGAACTAA_PO20	PO20	Control
CCGCATGAGCAGTCTA_PO11	PO11	AD
CCGCATGAGGCGTTAC_PO42	PO42	AD
CCGCATTCAGCACCAA_PO42	PO42	AD
CCGCATTCATCACTCA_PO23	PO23	Control
CCGCCTTAGCATGGAG_PO42	PO42	AD
CCGCGATGTAGTCCAT_PO42	PO42	AD
CCGCTAGAGAACCTGC_PO20	PO20	Control
CCGCTCACAGGCATAT_PO42	PO42	AD
CCGCTTGCATCCGTCG_PO15	PO15	Control
CCGGAACCAATAGCAC_PO41	PO41	AD
CCGGAACCATAAGTTG_PO42	PO42	AD
CCGGAAGGTAGCCTCA_PO05	PO05	AD
CCGGACAAGCTAATGA_SMC033	SMC033	Control
CCGGACACAGGCCTGT_SMC049	SMC049	AD
CCGGACACATTCAGGT_SMC033	SMC033	Control
CCGGACAGTGAGCCAA_SMC052	SMC052	Control
CCGGACATCTCTATGT_SMC030	SMC030	Control
CCGGATTAGGTTCGAC_PO28	PO28	AD
CCGGCAATCATAGGTT_PO11	PO11	AD
CCGGCAATCCGTAGGT_PO28	PO28	AD
CCGGCAATCGCGTGAT_PO23	PO23	Control
CCGGCATGTTAGGTTC_PO28	PO28	AD
CCGGCTAAGCCCTGAG_PO13	PO13	Control
CCGGCTAAGCTGGTGT_PO05	PO05	AD
CCGGCTAAGTTGCGTA_PO20	PO20	Control
CCGGGTAAGTTACGTC_SMC035	SMC035	Active control
CCGGGTACACAAGCTT_SMC037	SMC037	Active control
CCGGGTACACAGTCCG_SMC052	SMC052	Control
CCGGGTAGTCGAACAG_SMC033	SMC033	Control
CCGGGTAGTCTTCATT_SMC038	SMC038	AD
CCGGGTATCCACGTGG_SMC049	SMC049	AD
CCGGGTATCTAACGCA_SMC033	SMC033	Control
CCGGGTTGTCATCGCA_PO42	PO42	AD
CCGGTAGAGGAGATAG_SMC038	SMC038	AD
CCGGTAGAGTAGTCTC_SMC052	SMC052	Control
CCGGTAGCAAGTCCCG_SMC049	SMC049	AD
CCGGTAGCAGTGTACT_SMC035	SMC035	Active control
CCGGTAGCATGCCGCA_SMC052	SMC052	Control
CCGGTAGGTCAGGCAA_SMC053	SMC053	Active control
CCGGTAGGTCGTTGGC_SMC038	SMC038	AD
CCGGTAGTCGGATTAC_SMC049	SMC049	AD
CCGGTAGTCGTGTTCC_SMC037	SMC037	Active control
CCGGTATAGTTACCAG_PO13	PO13	Control
CCGGTCAAGCCAGCAT_PO28	PO28	AD
CCGGTCAAGGTGACAG_PO23	PO23	Control
CCGGTGAAGGAAGAAC_SMC052	SMC052	Control
CCGGTGACACTTGACA_SMC032	SMC032	AD
CCGGTGAGTTGCTAGT_SMC049	SMC049	AD
CCGGTGATCACAGTGT_SMC049	SMC049	AD
CCGGTTAGTCTGGCGT_PO05	PO05	AD
CCGTAAATCGTTAGTG_PO05	PO05	AD
CCGTAGGAGGCCTTCG_SMC053	SMC053	Active control
CCGTAGGAGTGCAGGT_SMC049	SMC049	AD
CCGTAGGCACTCCTTG_SMC049	SMC049	AD
CCGTAGGGTTCTATCT_SMC052	SMC052	Control
CCGTAGGGTTTGTGGT_SMC049	SMC049	AD
CCGTAGTAGGAATGTA_PO05	PO05	AD
CCGTAGTAGTCGCTAA_PO05	PO05	AD
CCGTCAAGTAGTTGGA_PO42	PO42	AD
CCGTCAAGTATGTGAG_PO13	PO13	Control
CCGTCATCACCTATCA_PO28	PO28	AD
CCGTCATCATGCGTAG_PO20	PO20	Control
CCGTCGTTCAAGTCGC_PO11	PO11	AD
CCGTCGTTCTAGTTCC_PO15	PO15	Control
CCGTGAGAGAGGATCC_SMC053	SMC053	Active control
CCGTGAGAGCGCCTCA_SMC032	SMC032	AD
CCGTGAGAGGCCTAAG_SMC049	SMC049	AD
CCGTGAGGTTGCATAC_SMC052	SMC052	Control
CCGTGAGTCAAAGACA_SMC035	SMC035	Active control
CCGTGAGTCACGGGCT_SMC049	SMC049	AD
CCGTGAGTCCGCACTT_SMC052	SMC052	Control
CCGTGCAAGGCTGTAC_PO05	PO05	AD
CCGTGCTTCGTTCATC_PO11	PO11	AD
CCGTGGATCACCCTGC_PO23	PO23	Control
CCGTGGATCACGGAAG_PO41	PO41	AD
CCGTGGATCTCATGCT_PO42	PO42	AD
CCGTGTTCAAGTGGAA_PO41	PO41	AD
CCGTGTTCAGTTGAGT_PO41	PO41	AD
CCGTTCAAGTTGCGCC_SMC052	SMC052	Control
CCGTTCACAATTGTGC_SMC041	SMC041	AD
CCGTTCAGTCAAGGCA_SMC052	SMC052	Control
CCGTTCATCGTAGTTG_PO28	PO28	AD
CCGTTCATCTCCCTAG_SMC049	SMC049	AD
CCGTTCGCAGCACCAA_PO05	PO05	AD
CCGTTCGCAGTTGGGC_PO28	PO28	AD
CCGTTGAGTATTGCAC_PO23	PO23	Control
CCGTTGAGTGGAGCCA_PO42	PO42	AD
CCGTTGCTCCAGCGTG_PO41	PO41	AD
CCTAACCAGTAACGAT_SMC052	SMC052	Control
CCTAACCCACCAGCTT_PO13	PO13	Control
CCTAACCCACCTCGTT_SMC052	SMC052	Control
CCTAACCCAGGGATGG_PO15	PO15	Control
CCTAACCCATCCATAT_PO20	PO20	Control
CCTAACCGTCGATTCA_SMC052	SMC052	Control
CCTAACCTCCGCAACG_SMC049	SMC049	AD
CCTAACTTCCGCTGTC_PO13	PO13	Control
CCTAAGATCCATTCAT_SMC035	SMC035	Active control
CCTAATGAGTATGTGT_PO20	PO20	Control
CCTACCATCACCTCAT_PO23	PO23	Control
CCTACCGCAGGCATCA_PO28	PO28	AD
CCTACCTGTAAGCTGA_PO05	PO05	AD
CCTACCTGTCATTGGT_PO28	PO28	AD
CCTACGAGTTGCTAAC_PO20	PO20	Control
CCTACGGAGGGGTACA_PO41	PO41	AD
CCTACGGAGTTGCCTT_PO13	PO13	Control
CCTACGTGTATAGCTC_SMC041	SMC041	AD
CCTACGTGTCATACCA_SMC053	SMC053	Active control
CCTAGCCTCCCGCATC_PO42	PO42	AD
CCTAGCCTCGTACCGG_PO05	PO05	AD
CCTAGCGAGCGCATTA_PO23	PO23	Control
CCTAGCTCATAGGGTT_PO28	PO28	AD
CCTAGGGTCATCGAAT_PO05	PO05	AD
CCTAGGTAGCAAGCCT_PO11	PO11	AD
CCTAGGTAGCCAACTA_PO15	PO15	Control
CCTAGGTAGGTGCTGT_PO42	PO42	AD
CCTAGGTAGTATGAGA_PO42	PO42	AD
CCTAGGTAGTCATCCT_PO05	PO05	AD
CCTAGGTAGTGAACGG_PO15	PO15	Control
CCTAGTAAGGCGATCT_PO23	PO23	Control
CCTAGTAAGTAAGGCG_PO28	PO28	AD
CCTAGTAAGTTAATGC_PO42	PO42	AD
CCTAGTTTCAGGGCAA_PO05	PO05	AD
CCTATAGAGCTATGCA_PO15	PO15	Control
CCTATCACACAACCCT_PO41	PO41	AD
CCTATCACAGGGCACT_PO13	PO13	Control
CCTATCCGTCAATCAC_PO42	PO42	AD
CCTATCGCAATCGCCG_SMC053	SMC053	Active control
CCTATCGCACCTTCGT_SMC052	SMC052	Control
CCTATCGCAGACAAGC_SMC032	SMC032	AD
CCTATCGCATGACGTT_SMC052	SMC052	Control
CCTATCGGTCCGTTTC_SMC052	SMC052	Control
CCTATCGGTCGAAACG_SMC049	SMC049	AD
CCTATGAAGCCCGTGA_PO28	PO28	AD
CCTATGGGTGGCGATG_PO15	PO15	Control
CCTATGTTCCGTAGAC_PO41	PO41	AD
CCTATTCAGAATCACT_PO05	PO05	AD
CCTCAACAGACATACA_SMC053	SMC053	Active control
CCTCAACAGACGACGT_SMC053	SMC053	Active control
CCTCAACAGGCTGTAG_SMC052	SMC052	Control
CCTCAACAGTTTCTTC_SMC037	SMC037	Active control
CCTCAACCATTCCTAT_SMC037	SMC037	Active control
CCTCAACGTACCCAGC_SMC049	SMC049	AD
CCTCAACGTGGTCTCG_SMC053	SMC053	Active control
CCTCAACTCGCTTTAT_SMC049	SMC049	AD
CCTCAACTCTTCCCAG_SMC053	SMC053	Active control
CCTCAAGGTTATCTGA_PO28	PO28	AD
CCTCAATTCACGCGCA_PO42	PO42	AD
CCTCAATTCGCGCATG_PO41	PO41	AD
CCTCACAAGAAGCCAC_SMC052	SMC052	Control
CCTCACAAGTAAACAC_SMC033	SMC033	Control
CCTCACACACGCAGTC_SMC035	SMC035	Active control
CCTCACAGTGACATCT_SMC053	SMC053	Active control
CCTCACAGTGGAATGC_SMC032	SMC032	AD
CCTCACAGTTAAGAAC_SMC033	SMC033	Control
CCTCACGCAACTCGGA_PO05	PO05	AD
CCTCACGCAAGCGCAC_PO05	PO05	AD
CCTCAGCTCGCTAGAC_PO28	PO28	AD
CCTCAGCTCGTTCACT_PO11	PO11	AD
CCTCAGTAGAGACAAG_SMC053	SMC053	Active control
CCTCAGTAGCATCCTA_SMC049	SMC049	AD
CCTCAGTCACCCTAAA_SMC049	SMC049	AD
CCTCAGTCACTACCCT_SMC041	SMC041	AD
CCTCAGTGTAGCTGAG_SMC033	SMC033	Control
CCTCAGTGTAGGCAGT_SMC049	SMC049	AD
CCTCAGTGTCCGCAGT_SMC037	SMC037	Active control
CCTCAGTTCAAGAGGC_SMC041	SMC041	AD
CCTCAGTTCTGGAAGG_SMC052	SMC052	Control
CCTCATGAGACTGTTC_SMC032	SMC032	AD
CCTCATGAGGGACACT_SMC053	SMC053	Active control
CCTCATGAGGGCAATC_SMC052	SMC052	Control
CCTCATGAGGGCTGAT_SMC049	SMC049	AD
CCTCATGAGTCCTACA_SMC030	SMC030	Control
CCTCATGCAACTGAAA_SMC052	SMC052	Control
CCTCATGCATAGAAAC_SMC052	SMC052	Control
CCTCATGGTCGACTGC_SMC052	SMC052	Control
CCTCATGGTCTGTGGC_SMC035	SMC035	Active control
CCTCCAAAGACCAACG_SMC052	SMC052	Control
CCTCCAAAGCATCAAA_SMC052	SMC052	Control
CCTCCAAAGCGAATGC_SMC052	SMC052	Control
CCTCCAACAAGACCGA_SMC038	SMC038	AD
CCTCCAACAAGGACAC_SMC053	SMC053	Active control
CCTCCAACACTGGCGT_SMC049	SMC049	AD
CCTCCAAGTAGTGATA_SMC053	SMC053	Active control
CCTCCAAGTGCCCGTA_SMC038	SMC038	AD
CCTCCAAGTTACGTAC_SMC049	SMC049	AD
CCTCCAATCAAATGCC_SMC053	SMC053	Active control
CCTCCAATCTCTCTTC_SMC052	SMC052	Control
CCTCCAGCACCATCTA_PO23	PO23	Control
CCTCCAGCATAGGTTA_PO23	PO23	Control
CCTCCTAAGGGGTCAA_PO23	PO23	Control
CCTCCTCAGACCCGCT_SMC041	SMC041	AD
CCTCCTCGTATGTGTC_SMC053	SMC053	Active control
CCTCGAAGTTATCTCT_PO42	PO42	AD
CCTCGGTTCCGCTAGG_PO23	PO23	Control
CCTCGGTTCTATCGCT_PO41	PO41	AD
CCTCTAGAGTGATCGG_SMC033	SMC033	Control
CCTCTAGAGTTGCGAG_SMC053	SMC053	Active control
CCTCTAGCAAGTTCCA_SMC052	SMC052	Control
CCTCTAGCAGAGGAAA_SMC038	SMC038	AD
CCTCTAGGTAGCACAG_SMC035	SMC035	Active control
CCTCTAGGTCCACAGC_SMC052	SMC052	Control
CCTCTAGGTGAGGAAA_SMC035	SMC035	Active control
CCTCTAGGTTCTGACA_SMC041	SMC041	AD
CCTCTAGTCAACTTTC_SMC053	SMC053	Active control
CCTCTAGTCTTGTTAC_SMC035	SMC035	Active control
CCTCTCAAGCGATGAG_PO42	PO42	AD
CCTCTCAAGGCACTCG_PO13	PO13	Control
CCTCTCCCACAGTCGC_SMC035	SMC035	Active control
CCTCTCCGTATCGATC_SMC053	SMC053	Active control
CCTCTCCGTTAAAGTG_SMC032	SMC032	AD
CCTCTCCTCGACATTG_SMC052	SMC052	Control
CCTCTGATCGAACCAC_PO20	PO20	Control
CCTCTTAGTGCGGTCT_PO13	PO13	Control
CCTCTTGAGCGGGTAA_PO23	PO23	Control
CCTCTTGAGTCAGTCA_PO28	PO28	AD
CCTGAACAGTAACCGC_PO41	PO41	AD
CCTGAACAGTAGCCGT_PO28	PO28	AD
CCTGAATGTCAGTCAT_PO28	PO28	AD
CCTGAATGTTCCGTTC_PO42	PO42	AD
CCTGAGTAGAAGCGAT_PO42	PO42	AD
CCTGAGTAGCGCATGT_PO23	PO23	Control
CCTGATCCAAACTGCG_PO15	PO15	Control
CCTGATCCACATAGGT_PO28	PO28	AD
CCTGATCCAGGATTAC_PO42	PO42	AD
CCTGATTTCGTCTCAT_PO23	PO23	Control
CCTGCAAGTGAACCGG_PO13	PO13	Control
CCTGCATAGATCCAAA_SMC053	SMC053	Active control
CCTGCATAGCTCGAAG_SMC052	SMC052	Control
CCTGCATAGGCTCTCG_SMC049	SMC049	AD
CCTGCATAGGTTTACC_SMC052	SMC052	Control
CCTGCATCAACCGTAT_SMC052	SMC052	Control
CCTGCATCACAAGCAG_SMC037	SMC037	Active control
CCTGCATCAGGTCAGA_SMC052	SMC052	Control
CCTGCATGTCTCGGAC_SMC053	SMC053	Active control
CCTGCGAAGCCTACCC_PO23	PO23	Control
CCTGCTCAGAAGGACT_PO23	PO23	Control
CCTGGCTTCGAAGGGC_PO05	PO05	AD
CCTGGTAGTCATCATA_PO23	PO23	Control
CCTGGTAGTGAGGTCG_PO28	PO28	AD
CCTGGTAGTTAGCGAA_PO20	PO20	Control
CCTGGTTCAGTTGGAT_PO05	PO05	AD
CCTGTAAAGCGCTCCT_PO05	PO05	AD
CCTGTCATCATGCGTA_PO20	PO20	Control
CCTGTCGCAAGCGGTC_PO41	PO41	AD
CCTGTGAGTTTACAGC_PO28	PO28	AD
CCTGTTGAGTGCTCGC_SMC049	SMC049	AD
CCTGTTGCAGGCATTT_SMC052	SMC052	Control
CCTGTTGGTACCGTGC_SMC049	SMC049	AD
CCTGTTGTCGCGTAGC_SMC038	SMC038	AD
CCTGTTGTCTATCGTT_SMC053	SMC053	Active control
CCTGTTGTCTGTCGTC_SMC052	SMC052	Control
CCTTAGCCAATGTCGG_PO23	PO23	Control
CCTTAGCCACTCGGAA_PO15	PO15	Control
CCTTATATCAGGTCCG_PO23	PO23	Control
CCTTATATCCGTTAGA_PO15	PO15	Control
CCTTCAGAGATGAAGG_SMC049	SMC049	AD
CCTTCAGAGATGGTAT_SMC035	SMC035	Active control
CCTTCAGAGCAGAAAG_SMC053	SMC053	Active control
CCTTCAGAGTCAGGGT_SMC052	SMC052	Control
CCTTCAGCAACCTAAC_SMC053	SMC053	Active control
CCTTCAGCAGGTCAGA_SMC053	SMC053	Active control
CCTTCAGGTGAGTAGC_SMC035	SMC035	Active control
CCTTCCTTCACGTGCG_PO42	PO42	AD
CCTTCCTTCAGCACGT_PO11	PO11	AD
CCTTCCTTCGTACCGG_PO28	PO28	AD
CCTTCGATCACATTGG_PO42	PO42	AD
CCTTCGATCCAGGTGT_PO20	PO20	Control
CCTTCGATCCGGATGT_PO23	PO23	Control
CCTTCGATCGACCTAA_PO23	PO23	Control
CCTTGAAAGGGCTCCA_PO23	PO23	Control
CCTTGAGGTGATAGAT_PO15	PO15	Control
CCTTGCATCACACACA_PO28	PO28	AD
CCTTGCATCGATGATT_PO05	PO05	AD
CCTTGGGAGCTAGGTC_PO23	PO23	Control
CCTTGGGAGTTGCACA_PO23	PO23	Control
CCTTGTGAGTGACCTT_SMC049	SMC049	AD
CCTTGTGCACATGTTG_SMC049	SMC049	AD
CCTTGTGGTACTCGTA_SMC033	SMC033	Control
CCTTGTGGTGCCCAGT_SMC049	SMC049	AD
CCTTGTGTCAGTCAGT_SMC052	SMC052	Control
CCTTTAATCACGCTCC_PO20	PO20	Control
CCTTTAATCTAACCCT_PO15	PO15	Control
CCTTTAGCAATTAACG_PO23	PO23	Control
CCTTTAGCATCGGTCT_PO41	PO41	AD
CCTTTGGGTGGGTATG_SMC049	SMC049	AD
CCTTTGGGTTTGTTCT_SMC035	SMC035	Active control
CCTTTGGTCGTGCACG_SMC053	SMC053	Active control
CCTTTGGTCTGCCCTA_SMC038	SMC038	AD
CGAAACCTCGCATCCC_PO20	PO20	Control
CGAACATCAGCTCTGT_PO23	PO23	Control
CGAACGAAGGTTGGTC_PO41	PO41	AD
CGAACGGGTAGCTAAG_PO23	PO23	Control
CGAACGGGTTAGAGAT_PO23	PO23	Control
CGAACTATCATAGAGA_PO05	PO05	AD
CGAACTATCCAATGAT_PO41	PO41	AD
CGAACTATCCATGAAT_PO41	PO41	AD
CGAACTTGTAAGGGCT_PO28	PO28	AD
CGAAGCAAGTAGTCTG_PO15	PO15	Control
CGAAGGAAGAAGGATG_SMC053	SMC053	Active control
CGAAGGAAGACACACG_SMC035	SMC035	Active control
CGAAGGAAGACCATGG_SMC038	SMC038	AD
CGAAGGAAGTGGAAGA_SMC052	SMC052	Control
CGAAGGACAACGTATC_SMC053	SMC053	Active control
CGAAGGACAAGTGCTT_SMC052	SMC052	Control
CGAAGGAGTGGATTTC_SMC039	SMC039	AD
CGAAGGATCCGCGATG_SMC035	SMC035	Active control
CGAAGGATCGCCGAAC_SMC053	SMC053	Active control
CGAAGGATCTACGGGC_SMC052	SMC052	Control
CGAAGTTAGGTAGGCT_SMC049	SMC049	AD
CGAAGTTCACTGCATA_SMC049	SMC049	AD
CGAAGTTCAGGCTTGC_SMC053	SMC053	Active control
CGAAGTTCATCCGAAT_SMC052	SMC052	Control
CGAAGTTTCACTCGAA_SMC032	SMC032	AD
CGAATAGGTCTTGAAC_PO42	PO42	AD
CGAATCATCATATCCC_PO28	PO28	AD
CGAATTGCAGCCTATA_SMC052	SMC052	Control
CGAATTGCATTGACAC_SMC033	SMC033	Control
CGAATTGGTATGGAGC_SMC049	SMC049	AD
CGAATTGTCGCGAAGA_SMC052	SMC052	Control
CGAATTGTCGTTCCCA_SMC032	SMC032	AD
CGACAGCAGAGCAACC_SMC052	SMC052	Control
CGACAGCAGCCGATTT_SMC052	SMC052	Control
CGACAGCCATCGATCA_SMC035	SMC035	Active control
CGACAGCGTGAGAACC_SMC049	SMC049	AD
CGACAGCGTGCTTATG_SMC032	SMC032	AD
CGACCAACAGCTCAGA_PO05	PO05	AD
CGACCATAGATTCGCA_PO28	PO28	AD
CGACCATAGGCTATAT_PO42	PO42	AD
CGACCATAGTAACGAA_PO13	PO13	Control
CGACCCTTCGATCCAA_PO11	PO11	AD
CGACGTTAGATTCGTG_PO42	PO42	AD
CGACGTTAGGTAGCAG_PO28	PO28	AD
CGACGTTAGTTGGTGC_PO23	PO23	Control
CGACTGGTCACTAACG_PO20	PO20	Control
CGACTGGTCCCTGATT_PO15	PO15	Control
CGACTTGGTGAGAGTC_PO20	PO20	Control
CGAGAAGAGAGCAAGA_SMC038	SMC038	AD
CGAGAAGAGGGCAAGG_SMC049	SMC049	AD
CGAGAAGCACGTCTCT_SMC049	SMC049	AD
CGAGAAGCACTTACAG_SMC033	SMC033	Control
CGAGAAGTCATGGATC_SMC049	SMC049	AD
CGAGAAGTCCATAGAC_SMC052	SMC052	Control
CGAGCAAAGGCAACGA_PO28	PO28	AD
CGAGGAAAGCTCTTCC_SMC049	SMC049	AD
CGAGGAAAGTGCCGAA_SMC052	SMC052	Control
CGAGGAACAGAGCTAG_SMC052	SMC052	Control
CGAGGAAGTGTGATGG_SMC049	SMC049	AD
CGAGGAATCCTGCGCT_PO11	PO11	AD
CGAGGATGTTATGGTC_PO11	PO11	AD
CGAGGCTAGCCTCCAG_SMC049	SMC049	AD
CGAGGCTGTTTCCATT_SMC052	SMC052	Control
CGAGTCACACTTAATC_PO05	PO05	AD
CGAGTCACATAGGTTA_PO13	PO13	Control
CGAGTGAAGAATCACT_PO23	PO23	Control
CGAGTGCAGAAACACT_SMC033	SMC033	Control
CGAGTGCAGGATCATA_SMC052	SMC052	Control
CGAGTGCCACAGTGTT_SMC052	SMC052	Control
CGAGTGCCAGAGATGC_SMC052	SMC052	Control
CGAGTGCCAGGTGTGA_SMC052	SMC052	Control
CGAGTGCGTACCGGAA_SMC038	SMC038	AD
CGAGTGCGTCTTTCAT_SMC052	SMC052	Control
CGAGTGCGTGGAAATT_SMC035	SMC035	Active control
CGAGTGCGTGGCGCTT_SMC053	SMC053	Active control
CGAGTGCGTGTTAAAG_SMC035	SMC035	Active control
CGAGTGCTCGAACCTA_SMC035	SMC035	Active control
CGAGTTAAGTCATTGC_SMC038	SMC038	AD
CGAGTTACAACGGCTC_SMC049	SMC049	AD
CGAGTTACACAAATAG_SMC049	SMC049	AD
CGAGTTAGTCCTTAAG_SMC049	SMC049	AD
CGAGTTATCTCAATCT_SMC052	SMC052	Control
CGATAAGGTATGGTGA_PO42	PO42	AD
CGATAGCTCCGCAAGT_PO05	PO05	AD
CGATCACAGCTAGCCG_PO13	PO13	Control
CGATCCTCAATATCAG_PO23	PO23	Control
CGATCCTCATGACTCC_PO15	PO15	Control
CGATCCTCATGGCTTC_PO11	PO11	AD
CGATCGGAGACTTCCA_SMC041	SMC041	AD
CGATCGGGTGAATGAT_SMC052	SMC052	Control
CGATCGGTCCGACATA_SMC052	SMC052	Control
CGATCGGTCGCAATGT_SMC049	SMC049	AD
CGATCTAAGCAAGCCT_PO15	PO15	Control
CGATCTAAGCCATGCG_PO15	PO15	Control
CGATGAGAGGCACTCG_PO05	PO05	AD
CGATGCGAGGTATAGT_SMC052	SMC052	Control
CGATGCGAGTGACCTT_SMC052	SMC052	Control
CGATGCGCAATCTCGA_SMC037	SMC037	Active control
CGATGCGCACCAATTG_SMC052	SMC052	Control
CGATGCGCACGAAGAC_SMC052	SMC052	Control
CGATGCGCACTTGAAC_SMC049	SMC049	AD
CGATGCGGTAACATCC_SMC049	SMC049	AD
CGATGCGTCGACGCGT_SMC038	SMC038	AD
CGATGGCAGGACTGGT_SMC052	SMC052	Control
CGATGGCAGTGCAACG_SMC052	SMC052	Control
CGATGGCAGTGGTGGT_SMC052	SMC052	Control
CGATGGCCAACAAGTA_SMC041	SMC041	AD
CGATGGCCACCGAATT_SMC052	SMC052	Control
CGATGGCCATATACCG_SMC038	SMC038	AD
CGATGGCGTCAAGCGA_SMC041	SMC041	AD
CGATGTCAGTACGGGA_PO13	PO13	Control
CGATGTCAGTCGATAT_PO42	PO42	AD
CGATTCAAGGCGTTCG_PO13	PO13	Control
CGATTCAAGTCAGGAG_PO23	PO23	Control
CGATTTAGTTTCACTT_PO11	PO11	AD
CGATTTGAGATTAGTC_PO15	PO15	Control
CGCAACTAGTCGCTCC_PO42	PO42	AD
CGCACAACAAGCTCTC_PO23	PO23	Control
CGCACATAGTCGAACC_PO05	PO05	AD
CGCACGATCCGCAGTG_PO15	PO15	Control
CGCACTTCAATGGAGA_PO23	PO23	Control
CGCACTTCACCACAGA_PO42	PO42	AD
CGCAGCTGTGAACCGG_PO23	PO23	Control
CGCAGCTGTTGGGTAA_PO28	PO28	AD
CGCAGGTCAACCGTGC_SMC032	SMC032	AD
CGCAGGTCACGAAGAC_SMC053	SMC053	Active control
CGCAGGTCACGGTGAA_SMC052	SMC052	Control
CGCAGGTCAGCATGAT_PO23	PO23	Control
CGCAGGTGTACGTGAG_SMC032	SMC032	AD
CGCAGGTGTCCGATCG_SMC052	SMC052	Control
CGCAGGTGTCTTCGAA_SMC049	SMC049	AD
CGCAGGTGTTGCGAAG_SMC049	SMC049	AD
CGCAGGTTCAGCATTG_SMC053	SMC053	Active control
CGCAGGTTCTCCGAGG_SMC049	SMC049	AD
CGCATAAAGCGTGTTT_SMC053	SMC053	Active control
CGCATAAAGGCGAACT_SMC053	SMC053	Active control
CGCATAAAGGGCTAAC_SMC049	SMC049	AD
CGCATAAAGTTCCAGT_SMC052	SMC052	Control
CGCATAACAAGAAATC_SMC049	SMC049	AD
CGCATAACACAAGTTC_SMC049	SMC049	AD
CGCATAATCACCCTCA_SMC052	SMC052	Control
CGCATAATCCTCTCCT_PO42	PO42	AD
CGCATAATCGCATTGA_PO23	PO23	Control
CGCATAATCGCGATGT_PO23	PO23	Control
CGCATCTCAATATCGA_PO05	PO05	AD
CGCATCTCAGGGACAG_PO05	PO05	AD
CGCATGGAGCGTTACT_SMC041	SMC041	AD
CGCATGGCAGTGTGGA_SMC053	SMC053	Active control
CGCATGGCATGAATCC_SMC052	SMC052	Control
CGCATGGGTTTCTATC_SMC052	SMC052	Control
CGCATGGTCGCTCTGC_PO23	PO23	Control
CGCATGGTCTTGGTCC_SMC052	SMC052	Control
CGCCAATAGCGCATGT_PO28	PO28	AD
CGCCAATAGGCGCATT_PO23	PO23	Control
CGCCACAAGATTGATC_PO23	PO23	Control
CGCCACTTCGACCTAA_PO05	PO05	AD
CGCCACTTCGCTGGCA_PO23	PO23	Control
CGCCAGAAGACCTCCG_SMC035	SMC035	Active control
CGCCAGAAGGATTCAA_SMC052	SMC052	Control
CGCCAGAAGTGATCGG_SMC052	SMC052	Control
CGCCAGACATCAACCA_SMC035	SMC035	Active control
CGCCAGATCAAATAGG_SMC049	SMC049	AD
CGCCAGATCTTGTGCC_SMC052	SMC052	Control
CGCCATAGTCAGTTAC_PO15	PO15	Control
CGCCATAGTGGCTCGT_PO23	PO23	Control
CGCCATAGTTCGAATC_PO28	PO28	AD
CGCCATGAGGCAACGA_PO20	PO20	Control
CGCCATGAGGGGACGT_PO42	PO42	AD
CGCCATTAGCGACTAG_SMC053	SMC053	Active control
CGCCATTAGGTCACTT_SMC049	SMC049	AD
CGCCATTCAATGGAAG_PO11	PO11	AD
CGCCATTTCAGTCAGT_SMC035	SMC035	Active control
CGCCATTTCCTTATAC_SMC053	SMC053	Active control
CGCCATTTCGACGCTG_SMC053	SMC053	Active control
CGCCATTTCTTAGCTT_SMC052	SMC052	Control
CGCCCTTAGGCTTGGT_PO15	PO15	Control
CGCCTAGAGGATGCAG_PO23	PO23	Control
CGCCTCACACATGCGA_PO11	PO11	AD
CGCCTCACACATGCGA_PO13	PO13	Control
CGCCTCACAGCAGTAT_PO28	PO28	AD
CGCCTCACATGCGTTC_PO20	PO20	Control
CGCCTGTTCCGCTGAG_PO41	PO41	AD
CGCCTTGCAACTCGTC_PO28	PO28	AD
CGCGAAGGTCTTGATA_PO41	PO41	AD
CGCGAAGGTTATGGAG_PO20	PO20	Control
CGCGATTAGTGGCTCG_PO23	PO23	Control
CGCGTACGTTTCCTGC_PO41	PO41	AD
CGCGTCAAGCCGACAT_PO23	PO23	Control
CGCGTGAAGCGATGGT_SMC052	SMC052	Control
CGCGTGAAGTCCCTAA_SMC052	SMC052	Control
CGCGTGAGTAAGGCTG_SMC053	SMC053	Active control
CGCGTGAGTAGATTAG_SMC053	SMC053	Active control
CGCGTGAGTCGCGTCA_SMC052	SMC052	Control
CGCGTGAGTTCGGGTC_SMC052	SMC052	Control
CGCGTGATCAGATGCT_SMC053	SMC053	Active control
CGCGTGATCTGTGCAA_SMC049	SMC049	AD
CGCGTTAGTAACCACT_PO13	PO13	Control
CGCGTTAGTAATCCCG_PO05	PO05	AD
CGCTAAATCACCTCAT_PO42	PO42	AD
CGCTAAATCGCGCCTT_PO28	PO28	AD
CGCTAACAGATAGCAA_PO15	PO15	Control
CGCTAACAGGAGTACG_PO11	PO11	AD
CGCTACCTCACCTGCC_PO23	PO23	Control
CGCTACTCACCTTCCC_PO13	PO13	Control
CGCTCATCATGGAGCC_PO20	PO20	Control
CGCTGATAGTAGGCTC_PO11	PO11	AD
CGCTGCAAGCGCTGTG_PO05	PO05	AD
CGCTGGATCCACGGCA_PO23	PO23	Control
CGCTGGATCCTCTAGT_PO23	PO23	Control
CGCTTCATCCGCATGG_PO15	PO15	Control
CGGAAAGTCCTGCTCA_PO05	PO05	AD
CGGAAAGTCGCTTGAA_PO28	PO28	AD
CGGAAAGTCGTCTATC_PO28	PO28	AD
CGGAACCAGACGGATC_SMC053	SMC053	Active control
CGGAACCAGCCTCTCT_SMC053	SMC053	Active control
CGGAACCAGCGTGAGT_SMC052	SMC052	Control
CGGAACCCAACTGTGT_SMC053	SMC053	Active control
CGGAACCCAGGTCAAG_SMC053	SMC053	Active control
CGGAACCCATAGCTGT_SMC035	SMC035	Active control
CGGAACCCATCAGTCA_SMC052	SMC052	Control
CGGAACCCATCCAACA_SMC037	SMC037	Active control
CGGAACCCATGCCGGT_SMC033	SMC033	Control
CGGAACCGTGTCTTGA_SMC041	SMC041	AD
CGGAACCTCAAACTGC_SMC053	SMC053	Active control
CGGAACCTCATAGAGA_SMC033	SMC033	Control
CGGAACCTCTCGACCT_SMC038	SMC038	AD
CGGAACGGTGATTGAG_PO05	PO05	AD
CGGAACGGTGGCTGTC_PO23	PO23	Control
CGGAATTAGCGTACAG_SMC041	SMC041	AD
CGGAATTAGGTGCCTC_SMC049	SMC049	AD
CGGAATTAGTCGCTAT_SMC053	SMC053	Active control
CGGAATTGTAGCGTCC_SMC037	SMC037	Active control
CGGAATTGTTGGACTT_SMC037	SMC037	Active control
CGGAATTTCCGATGCG_SMC032	SMC032	AD
CGGACACAGGTGCTAG_SMC049	SMC049	AD
CGGACACAGTCACGAG_SMC052	SMC052	Control
CGGACACCACTCAAGT_SMC037	SMC037	Active control
CGGACACTCAATCCAG_SMC038	SMC038	AD
CGGACACTCTATCGGA_SMC053	SMC053	Active control
CGGACTTAGCTATACG_PO23	PO23	Control
CGGACTTAGTAACCTG_PO28	PO28	AD
CGGACTTAGTCATCTC_PO20	PO20	Control
CGGAGAAAGCCAGTAG_SMC037	SMC037	Active control
CGGAGAACACCAAAGG_SMC041	SMC041	AD
CGGAGAACACCGTCGA_SMC053	SMC053	Active control
CGGAGAACATGATAGA_SMC049	SMC049	AD
CGGAGAAGTACTCCCT_SMC052	SMC052	Control
CGGAGAAGTATAGGAT_SMC052	SMC052	Control
CGGAGAAGTCTGCAAT_SMC052	SMC052	Control
CGGAGAAGTGCAAGAC_SMC052	SMC052	Control
CGGAGAAGTGTGCTTA_SMC037	SMC037	Active control
CGGAGAATCAGCGCGT_SMC049	SMC049	AD
CGGAGAATCCACTAGA_SMC043	SMC043	AD
CGGAGAATCCGTGACG_SMC035	SMC035	Active control
CGGAGAATCGCCGTGA_SMC049	SMC049	AD
CGGATCACAAACCCAG_PO15	PO15	Control
CGGCAAGGTTTAGGTC_PO11	PO11	AD
CGGCAGTAGAAGAACG_SMC052	SMC052	Control
CGGCAGTAGACCTCCG_SMC049	SMC049	AD
CGGCAGTAGCGACTGA_SMC053	SMC053	Active control
CGGCAGTAGCGTACAG_SMC053	SMC053	Active control
CGGCAGTAGTCCTACA_SMC053	SMC053	Active control
CGGCAGTCACCAGACC_SMC052	SMC052	Control
CGGCAGTCATACCACA_SMC052	SMC052	Control
CGGCAGTGTACTGTTG_SMC041	SMC041	AD
CGGCAGTTCATCGTAG_SMC052	SMC052	Control
CGGCATTAGTGCCATA_PO41	PO41	AD
CGGCTAACAGGGACGA_PO11	PO11	AD
CGGCTTAGTAACCCAT_PO05	PO05	AD
CGGCTTGAGCCCTGAG_PO28	PO28	AD
CGGGACTAGCAATTAG_SMC049	SMC049	AD
CGGGACTAGCTGACAG_SMC049	SMC049	AD
CGGGACTAGTAGACAT_SMC033	SMC033	Control
CGGGACTTCAGTCCGG_SMC053	SMC053	Active control
CGGGATGGTTGCTAAC_PO15	PO15	Control
CGGGCAAGTGATGACA_PO42	PO42	AD
CGGGCATAGCCGTAAG_SMC049	SMC049	AD
CGGGCATCAATAGAGT_SMC049	SMC049	AD
CGGGCATTCCATATGG_SMC033	SMC033	Control
CGGGGTAGTTGCAATC_PO20	PO20	Control
CGGGGTAGTTGCTGAT_PO42	PO42	AD
CGGGTAAAGGGGACTA_PO42	PO42	AD
CGGGTAGGTCTGTGAT_PO23	PO23	Control
CGGGTCAAGACCAAGC_SMC053	SMC053	Active control
CGGGTCAAGAGGTTAT_SMC037	SMC037	Active control
CGGGTCAAGAGTGAAG_SMC052	SMC052	Control
CGGGTCACAGAGGTTG_SMC052	SMC052	Control
CGGGTCAGTAAGTCAA_SMC035	SMC035	Active control
CGGGTCAGTCCGAAAG_SMC037	SMC037	Active control
CGGGTCATCCGCGATG_SMC041	SMC041	AD
CGGGTCATCGCCTTGT_SMC053	SMC053	Active control
CGGGTCATCGCGTTAA_PO15	PO15	Control
CGGGTGAGTTAGCCAT_PO20	PO20	Control
CGGGTGTCAAGTCCCG_SMC049	SMC049	AD
CGGGTGTCACAGTCAT_SMC033	SMC033	Control
CGGGTGTTCCCTCGTA_SMC053	SMC053	Active control
CGGGTGTTCCTGTAAG_SMC053	SMC053	Active control
CGGGTGTTCGTCTACC_SMC052	SMC052	Control
CGGGTTACAATGTCGG_PO20	PO20	Control
CGGGTTTAGAAGGGAA_PO05	PO05	AD
CGGGTTTAGGTACCCG_PO11	PO11	AD
CGGTAATCAAACTCGG_PO15	PO15	Control
CGGTATATCCTCACTG_PO42	PO42	AD
CGGTATTGTAACCGGG_PO20	PO20	Control
CGGTATTGTTGGAATG_PO20	PO20	Control
CGGTCAACAAGTGCCA_PO11	PO11	AD
CGGTCAGAGGGATCAC_SMC038	SMC038	AD
CGGTCAGAGGTCCAGA_SMC033	SMC033	Control
CGGTCAGCAAGCGCAA_SMC052	SMC052	Control
CGGTCAGGTATACCCA_SMC053	SMC053	Active control
CGGTCAGGTCCTCAGG_SMC053	SMC053	Active control
CGGTCAGGTGGCTAGA_SMC033	SMC033	Control
CGGTCAGGTGGTCTCG_SMC032	SMC032	AD
CGGTCAGTCATTTGTC_SMC049	SMC049	AD
CGGTCAGTCTAGAGCT_SMC035	SMC035	Active control
CGGTCAGTCTGACCCT_SMC052	SMC052	Control
CGGTGAAAGAACCTTG_PO42	PO42	AD
CGGTGAAAGAAGCCAG_PO23	PO23	Control
CGGTGCATCATGGCAC_PO11	PO11	AD
CGGTGCATCTATCGTC_PO11	PO11	AD
CGGTGTTAGTGAGTGG_PO11	PO11	AD
CGGTTAGCATAGGGTT_PO42	PO42	AD
CGGTTATGTCAAGTTC_PO20	PO20	Control
CGGTTATGTGACCGAG_PO23	PO23	Control
CGGTTTCCATCGGCTT_PO11	PO11	AD
CGGTTTGGTAATGAAC_PO15	PO15	Control
CGTAAACCACAAGCCA_PO42	PO42	AD
CGTAAAGGTGATGCCC_PO15	PO15	Control
CGTAAAGGTTGTGCTG_PO23	PO23	Control
CGTAACATCACACATG_PO20	PO20	Control
CGTAACATCATGGTTG_PO41	PO41	AD
CGTAACATCGCGTTAA_PO23	PO23	Control
CGTAAGTAGTAGAGTT_SMC052	SMC052	Control
CGTAAGTCATATGAAG_SMC052	SMC052	Control
CGTAAGTGTTAACAGA_SMC053	SMC053	Active control
CGTAAGTTCCGGCAAC_SMC053	SMC053	Active control
CGTAAGTTCGTGTCAA_SMC049	SMC049	AD
CGTAAGTTCTGCTGAA_SMC052	SMC052	Control
CGTAATGAGGTGCATG_SMC041	SMC041	AD
CGTAATGAGTGACCTT_SMC053	SMC053	Active control
CGTAATGCAAGGATGC_SMC032	SMC032	AD
CGTAATGCACATGGTT_SMC035	SMC035	Active control
CGTAATGGTGAGTGAC_SMC049	SMC049	AD
CGTAATGGTGTGCCTG_SMC032	SMC032	AD
CGTAATGGTTAAGACA_SMC041	SMC041	AD
CGTAATGTCATGGCCG_SMC049	SMC049	AD
CGTAATGTCTCATGCT_PO42	PO42	AD
CGTAATTAGTCAACTG_PO13	PO13	Control
CGTACAGCATCACGCT_PO23	PO23	Control
CGTACGTAGGCTTGGT_PO15	PO15	Control
CGTACTGGTATGTCAC_PO15	PO15	Control
CGTAGGCCACTCAAGG_PO15	PO15	Control
CGTAGGGGTAATGGGC_PO23	PO23	Control
CGTAGGGGTATGTGGA_PO41	PO41	AD
CGTAGGTTCCCAATTC_PO05	PO05	AD
CGTAGTAAGCGACTAG_SMC052	SMC052	Control
CGTAGTAAGTGCTACT_SMC053	SMC053	Active control
CGTAGTACAACAGCCC_SMC053	SMC053	Active control
CGTAGTACATCCGATA_SMC035	SMC035	Active control
CGTAGTAGTATCGCGC_SMC052	SMC052	Control
CGTAGTAGTCATCGGC_SMC053	SMC053	Active control
CGTAGTAGTGGTCTCG_SMC052	SMC052	Control
CGTAGTAGTTCTCGTC_SMC033	SMC033	Control
CGTAGTATCCATCTGC_SMC052	SMC052	Control
CGTAGTATCCCTCGTA_SMC052	SMC052	Control
CGTAGTATCCGATCTC_SMC038	SMC038	AD
CGTAGTATCGAGCCTG_SMC049	SMC049	AD
CGTAGTATCGCATAGT_SMC041	SMC041	AD
CGTAGTCAGCGGTGAA_PO23	PO23	Control
CGTAGTCAGGCGTCCA_PO28	PO28	AD
CGTAGTTGTTGTCCCT_PO23	PO23	Control
CGTAGTTGTTTACTTC_PO42	PO42	AD
CGTATATAGTTGGGTC_PO42	PO42	AD
CGTATTAGTTTGCACG_PO28	PO28	AD
CGTCAAAAGCCTGTGC_SMC033	SMC033	Control
CGTCAAAAGGCCGCTT_SMC035	SMC035	Active control
CGTCAAACAACGGCCT_SMC053	SMC053	Active control
CGTCAAACACTTCAAG_SMC049	SMC049	AD
CGTCAAACAGCTTCGG_SMC033	SMC033	Control
CGTCAAACATCTCATT_SMC053	SMC053	Active control
CGTCAAACATGGACAG_SMC038	SMC038	AD
CGTCAAAGTTCGATTG_SMC053	SMC053	Active control
CGTCAAATCGCTCAGG_PO28	PO28	AD
CGTCAAATCGTGACTA_SMC049	SMC049	AD
CGTCAAATCGTTGCCC_PO28	PO28	AD
CGTCAATGTATGTCAC_PO41	PO41	AD
CGTCAATGTGAAGCGT_PO05	PO05	AD
CGTCAGGTCACTCGAA_PO05	PO05	AD
CGTCAGTAGTAGTTAC_PO23	PO23	Control
CGTCATAAGTACGGTC_PO42	PO42	AD
CGTCATAAGTAGCTCA_PO23	PO23	Control
CGTCATCCAATTGGCG_PO23	PO23	Control
CGTCCAAGTATTGAGG_PO41	PO41	AD
CGTCCATAGACGCAGT_SMC049	SMC049	AD
CGTCCATAGATACGAT_SMC053	SMC053	Active control
CGTCCATAGTCAGCGA_SMC053	SMC053	Active control
CGTCCATCAAGGTCGC_PO05	PO05	AD
CGTCCATGTGCAAGAC_SMC041	SMC041	AD
CGTCCATTCATGCATG_SMC053	SMC053	Active control
CGTCCCACAACTGTAA_PO05	PO05	AD
CGTCCGTTCTAAGTGT_PO41	PO41	AD
CGTCCTGCAACGGTCA_PO42	PO42	AD
CGTCCTTGTGCAACGG_PO23	PO23	Control
CGTCGTAGTGGCGAAT_PO42	PO42	AD
CGTCGTTCAACCCTTA_PO42	PO42	AD
CGTCTATTCGATCACA_PO05	PO05	AD
CGTCTATTCTGGATTG_PO23	PO23	Control
CGTGAATAGCCTAACT_SMC052	SMC052	Control
CGTGAATAGTCCGCCA_SMC052	SMC052	Control
CGTGAATGTTGCTCCT_SMC041	SMC041	AD
CGTGACCGTAGTTACC_PO42	PO42	AD
CGTGAGAAGTTAGAGA_PO11	PO11	AD
CGTGATAAGATGTTGA_SMC052	SMC052	Control
CGTGATAAGTCTTCCC_SMC052	SMC052	Control
CGTGATAGTGATTAGA_SMC053	SMC053	Active control
CGTGATAGTGTGAATA_SMC049	SMC049	AD
CGTGATATCAATCTCT_SMC053	SMC053	Active control
CGTGATATCACTACGA_SMC041	SMC041	AD
CGTGATTGTTGCGTGC_PO11	PO11	AD
CGTGATTGTTTGGCTG_PO41	PO41	AD
CGTGCAACAGTTGGCA_PO23	PO23	Control
CGTGCCTTCAAGTAGA_PO42	PO42	AD
CGTGCTAGTGAGCCAG_PO28	PO28	AD
CGTGCTTAGACGCAGT_SMC035	SMC035	Active control
CGTGCTTAGTATGAGT_SMC049	SMC049	AD
CGTGCTTGTGACCTGC_SMC041	SMC041	AD
CGTGGCTGTAATGGGC_PO23	PO23	Control
CGTGGCTGTATTGCTA_PO11	PO11	AD
CGTGGTTAGGTATATC_PO42	PO42	AD
CGTGTATGTTGAATCC_PO05	PO05	AD
CGTGTCAGTGGCCAAG_PO20	PO20	Control
CGTGTCTAGAAGCGCT_SMC030	SMC030	Control
CGTGTCTAGACTCTAC_SMC033	SMC033	Control
CGTGTCTCAATACAGA_SMC049	SMC049	AD
CGTGTCTTCCTCGATC_SMC053	SMC053	Active control
CGTGTTAAGTTGGACC_PO28	PO28	AD
CGTGTTGGTGAGGAGA_PO28	PO28	AD
CGTTAATAGTTGCAGC_PO28	PO28	AD
CGTTACAAGGTTCACA_PO28	PO28	AD
CGTTAGAAGCGACATG_SMC033	SMC033	Control
CGTTAGACACGTCTCT_SMC038	SMC038	AD
CGTTAGATCATAGACC_SMC035	SMC035	Active control
CGTTAGATCGGTGTTA_SMC053	SMC053	Active control
CGTTAGATCTGAGAAA_SMC049	SMC049	AD
CGTTATAGTGAACCTT_PO13	PO13	Control
CGTTCAGGTTGGATGA_PO28	PO28	AD
CGTTCATTCGTGCCAG_PO42	PO42	AD
CGTTCCATCTCACACT_PO41	PO41	AD
CGTTCCATCTGTGATG_PO28	PO28	AD
CGTTCCGCAAACCGTG_PO42	PO42	AD
CGTTCCGCAAGTCCCT_PO15	PO15	Control
CGTTCCTGTCAACTAC_PO23	PO23	Control
CGTTCGCTCCCAATTC_PO42	PO42	AD
CGTTCGCTCCCATAGA_PO28	PO28	AD
CGTTCTGAGAGGGCGA_SMC033	SMC033	Control
CGTTCTGAGGTCACCC_SMC053	SMC053	Active control
CGTTCTGCAACTTGGT_SMC049	SMC049	AD
CGTTCTGCACCAGACC_SMC053	SMC053	Active control
CGTTCTGCACGTCGGT_SMC033	SMC033	Control
CGTTCTGCAGTCACGC_SMC032	SMC032	AD
CGTTCTGGTATTGAGA_SMC033	SMC033	Control
CGTTCTGTCACACCCT_SMC049	SMC049	AD
CGTTCTGTCTACGGGC_SMC038	SMC038	AD
CGTTGAATCCACCTAT_PO42	PO42	AD
CGTTGAATCCATTAGG_PO13	PO13	Control
CGTTGGACAATTAGTG_PO23	PO23	Control
CGTTGGACAGGTAACT_PO11	PO11	AD
CGTTGGGCACGGTCTG_SMC053	SMC053	Active control
CGTTGGGCACTTGACA_SMC049	SMC049	AD
CGTTGGGGTCAGGCAA_SMC052	SMC052	Control
CGTTGGGGTGGCAACA_SMC032	SMC032	AD
CGTTGGGTCGCTTGCC_PO28	PO28	AD
CGTTGTAAGGCTCCTC_PO23	PO23	Control
CGTTTAAGTAAGCCAA_PO05	PO05	AD
CGTTTAAGTCATCGTG_PO11	PO11	AD
CGTTTAAGTCATGGTT_PO05	PO05	AD
CGTTTCACACATTGGG_PO13	PO13	Control
CGTTTCACACTAGTCC_PO23	PO23	Control
CGTTTGGGTAATTGCC_PO23	PO23	Control
CTAAACCGTTATCGTA_PO28	PO28	AD
CTAAACCGTTGCTCAG_PO11	PO11	AD
CTAAACTAGCTGGCAT_PO23	PO23	Control
CTAAACTAGTGCAAGG_PO28	PO28	AD
CTAAAGGGTTGTCTCC_PO05	PO05	AD
CTAACCAAGCCGCACA_PO23	PO23	Control
CTAACCAAGGATTACT_PO42	PO42	AD
CTAACCAAGGCAACTC_PO41	PO41	AD
CTAACCAAGGGGACTA_PO20	PO20	Control
CTAACCCAGGCATGCA_SMC035	SMC035	Active control
CTAACCCAGTCATGCT_SMC049	SMC049	AD
CTAACCCTCCAGTACA_SMC036	SMC036	AD
CTAACCTTCATGAACT_PO42	PO42	AD
CTAACGATCCCTTGAT_PO11	PO11	AD
CTAACGATCCTGAGAC_PO41	PO41	AD
CTAACGATCTGTGAGC_PO42	PO42	AD
CTAACTTAGCTTGTGT_SMC053	SMC053	Active control
CTAACTTAGGATGGCT_SMC052	SMC052	Control
CTAACTTAGGTACATA_SMC053	SMC053	Active control
CTAACTTCAATGTCAC_SMC052	SMC052	Control
CTAACTTCATACTGTG_SMC052	SMC052	Control
CTAACTTCATTCTCCG_SMC049	SMC049	AD
CTAACTTGTATGCGTT_SMC049	SMC049	AD
CTAACTTGTTTGATCG_SMC038	SMC038	AD
CTAACTTTCATTACCT_SMC052	SMC052	Control
CTAACTTTCGACCATA_SMC052	SMC052	Control
CTAAGCCAGATTCCGA_PO28	PO28	AD
CTAAGCCAGGAATTAG_PO05	PO05	AD
CTAAGCCAGGTTGGTC_PO23	PO23	Control
CTAAGCCAGTAGCTGC_PO13	PO13	Control
CTAAGCCAGTGTCCGG_PO23	PO23	Control
CTAAGGCTCATGCTGA_PO13	PO13	Control
CTAAGGCTCCGTTAGA_PO28	PO28	AD
CTAAGGGAGCCATAGC_PO42	PO42	AD
CTAAGTGAGGGTGAGG_SMC049	SMC049	AD
CTAAGTGAGGTTTACC_SMC052	SMC052	Control
CTAAGTGAGTATGATG_SMC052	SMC052	Control
CTAAGTGAGTGATTCC_SMC049	SMC049	AD
CTAAGTGCACGATAGG_SMC049	SMC049	AD
CTAAGTGCAGCGTGAA_SMC053	SMC053	Active control
CTAAGTGTCTGTCTCG_SMC053	SMC053	Active control
CTAATCCTCGCGTTAA_PO23	PO23	Control
CTAATCTCAATATACG_PO05	PO05	AD
CTAATGGTCCCGGCAA_PO28	PO28	AD
CTAATTGGTTCGGCAC_PO15	PO15	Control
CTAATTGGTTGAGTTC_PO20	PO20	Control
CTACAATAGTTGGCCG_PO23	PO23	Control
CTACACAAGAAGCTAA_PO15	PO15	Control
CTACAGACAATAGAGT_SMC041	SMC041	AD
CTACAGACAGGCTACC_SMC049	SMC049	AD
CTACAGAGTGCCAAGA_SMC038	SMC038	AD
CTACAGAGTGTTAACC_SMC039	SMC039	AD
CTACAGAGTTCTAAGC_SMC052	SMC052	Control
CTACAGATCTGGCCAG_SMC053	SMC053	Active control
CTACAGGCAGGATCGC_PO15	PO15	Control
CTACATAGTAATGCGA_PO42	PO42	AD
CTACATTAGATACATG_SMC049	SMC049	AD
CTACATTAGATGGCGT_SMC052	SMC052	Control
CTACATTAGGGCCCTT_SMC052	SMC052	Control
CTACATTAGTACTGGG_SMC049	SMC049	AD
CTACATTCACACACTA_SMC053	SMC053	Active control
CTACATTTCATGCCAA_SMC052	SMC052	Control
CTACATTTCCTAGCCT_SMC049	SMC049	AD
CTACCAAAGTCGATGC_PO23	PO23	Control
CTACCATTCATGTGGC_PO23	PO23	Control
CTACCCAAGAAATTGC_SMC032	SMC032	AD
CTACCCAAGGTCGTCC_SMC053	SMC053	Active control
CTACCCACAATCCTAG_SMC052	SMC052	Control
CTACCCAGTCACCGCA_SMC053	SMC053	Active control
CTACCCATCCGGACTG_SMC052	SMC052	Control
CTACCCTGTATTGCGT_PO15	PO15	Control
CTACCTGAGATGCTGG_SMC038	SMC038	AD
CTACCTGAGCGTGAAC_SMC036	SMC036	AD
CTACCTGAGTTCAACC_SMC049	SMC049	AD
CTACCTGAGTTCGGTT_SMC052	SMC052	Control
CTACCTGCAAATACGA_SMC052	SMC052	Control
CTACCTGCACCAGCGT_SMC052	SMC052	Control
CTACCTGGTGATGAAT_SMC052	SMC052	Control
CTACCTGGTGGAATGC_SMC049	SMC049	AD
CTACCTGTCAAGTGGG_SMC053	SMC053	Active control
CTACCTGTCCAGTGCG_SMC037	SMC037	Active control
CTACCTGTCCGGACTG_SMC052	SMC052	Control
CTACCTGTCCTCACTG_SMC052	SMC052	Control
CTACCTGTCCTCGATC_SMC052	SMC052	Control
CTACGAATCACATACG_PO15	PO15	Control
CTACGAATCATGGTTG_PO05	PO05	AD
CTACGCCTCGCATGGT_PO23	PO23	Control
CTACGGACATAAGGCT_PO13	PO13	Control
CTACGGACATCCCAAC_PO28	PO28	AD
CTACGGGAGGTTATAG_SMC053	SMC053	Active control
CTACGGGAGTCCCAAT_SMC052	SMC052	Control
CTACGGGCATGACAAA_SMC049	SMC049	AD
CTACGGGGTTGGTGTT_SMC052	SMC052	Control
CTACGGGGTTGTGTAC_SMC049	SMC049	AD
CTACGGGTCACCGGTG_SMC053	SMC053	Active control
CTACGGGTCACCTATC_PO28	PO28	AD
CTACGGGTCACGAGGA_SMC038	SMC038	AD
CTACGGGTCCCCAGGA_PO42	PO42	AD
CTACGGGTCCGGCAGT_SMC052	SMC052	Control
CTACGGGTCTTCACGC_SMC049	SMC049	AD
CTACGTCCACCTAACC_PO23	PO23	Control
CTACGTCCATCGTACC_PO23	PO23	Control
CTACGTTTCCGTATAG_PO11	PO11	AD
CTACTATAGAGGCCAT_SMC049	SMC049	AD
CTACTATCAACAAGAT_SMC049	SMC049	AD
CTACTATCACCCAAGC_SMC052	SMC052	Control
CTACTATGTCAGGAGT_SMC037	SMC037	Active control
CTACTATTCCACCCTA_SMC049	SMC049	AD
CTACTATTCGGACTTA_SMC049	SMC049	AD
CTACTGTTCGTTCCTG_PO05	PO05	AD
CTACTTATCACCACTT_PO23	PO23	Control
CTACTTATCGATGCTA_PO23	PO23	Control
CTACTTGCACATAGAC_PO15	PO15	Control
CTAGAACCAATCTCTG_PO23	PO23	Control
CTAGAACCATCCAATT_PO23	PO23	Control
CTAGAACCATCCGTTA_PO42	PO42	AD
CTAGAAGGTTAGCCTG_PO23	PO23	Control
CTAGAAGGTTGAGTAG_PO41	PO41	AD
CTAGACAAGAGCATCG_SMC052	SMC052	Control
CTAGACAAGCAGTAAT_SMC049	SMC049	AD
CTAGACACACAAAGTA_SMC052	SMC052	Control
CTAGACAGTTTGTTGG_SMC052	SMC052	Control
CTAGACATCATGCTAG_SMC049	SMC049	AD
CTAGACATCGGCATCG_SMC049	SMC049	AD
CTAGACATCGGTGTTA_SMC033	SMC033	Control
CTAGATTAGTAAGTCT_PO28	PO28	AD
CTAGCATGTAACGCAA_PO42	PO42	AD
CTAGCATGTGGGAACT_PO05	PO05	AD
CTAGGTAAGAGGTCGT_SMC053	SMC053	Active control
CTAGGTAAGCTTGTGT_SMC049	SMC049	AD
CTAGGTACAGTAGAGC_SMC053	SMC053	Active control
CTAGGTACATCTATCT_SMC032	SMC032	AD
CTAGGTACATGTGGCC_SMC037	SMC037	Active control
CTAGGTAGTAAGCAAT_SMC049	SMC049	AD
CTAGGTATCACACGAT_SMC041	SMC041	AD
CTAGGTATCCGGACGT_SMC052	SMC052	Control
CTAGGTCAGTATGTCG_PO05	PO05	AD
CTAGGTTGTATTGCTA_PO42	PO42	AD
CTAGTAACAAGCATGT_PO42	PO42	AD
CTAGTATAGTATGTGT_PO11	PO11	AD
CTAGTCAAGCGAACCT_PO28	PO28	AD
CTATAGGAGGTAAGAG_SMC049	SMC049	AD
CTATAGGAGTAAAGCT_SMC049	SMC049	AD
CTATAGGCAGGTATGG_SMC053	SMC053	Active control
CTATAGGGTAGGGAGG_SMC052	SMC052	Control
CTATAGGGTCAACACT_SMC052	SMC052	Control
CTATAGGGTCACCCTT_SMC052	SMC052	Control
CTATAGGGTCTGTGCG_SMC049	SMC049	AD
CTATAGGTCAGTAGTT_PO15	PO15	Control
CTATCAAGTTGTGGTT_PO11	PO11	AD
CTATCCGAGGTACAAT_SMC053	SMC053	Active control
CTATCCGCAGCGCGTT_SMC053	SMC053	Active control
CTATCCGGTAAGACCG_SMC035	SMC035	Active control
CTATCCGGTGAAAGTT_SMC052	SMC052	Control
CTATCGAAGTGCTGGT_PO15	PO15	Control
CTATCGTTCCGCGACA_PO11	PO11	AD
CTATCTAAGAGGATCC_SMC049	SMC049	AD
CTATCTACAAGCGCAA_SMC053	SMC053	Active control
CTATCTACAAGCTGCC_SMC052	SMC052	Control
CTATCTACATCACGGC_SMC049	SMC049	AD
CTATCTAGTAGCGCTC_SMC052	SMC052	Control
CTATCTAGTGCCTTTC_SMC038	SMC038	AD
CTATCTATCGCGTTCC_PO42	PO42	AD
CTATGCAAGTACGGGA_PO42	PO42	AD
CTATGCTTCGCATCAA_PO23	PO23	Control
CTATGGATCCCATAGA_PO23	PO23	Control
CTATGTTCAGCTAACG_PO23	PO23	Control
CTATTCATCATGGCCG_PO15	PO15	Control
CTATTCGCACCTACGT_PO28	PO28	AD
CTATTGAGTTGAAGCA_PO42	PO42	AD
CTCAAAGTCCTTAACC_PO20	PO20	Control
CTCAACCAGGATATAC_SMC052	SMC052	Control
CTCAACCAGGCATGCA_SMC052	SMC052	Control
CTCAACCCAATCTCTT_SMC052	SMC052	Control
CTCAACCTCGTCTACC_SMC035	SMC035	Active control
CTCAACTTCTGGCCTC_PO20	PO20	Control
CTCAAGAAGCCGCTTG_SMC053	SMC053	Active control
CTCAAGACACAAACGG_SMC052	SMC052	Control
CTCAAGACAGCTACAT_SMC038	SMC038	AD
CTCAATAGTCAACCTG_PO42	PO42	AD
CTCAATTAGCTGAGTG_SMC041	SMC041	AD
CTCAATTCAATACCCA_SMC052	SMC052	Control
CTCAATTGTCCAACGC_SMC039	SMC039	AD
CTCAATTGTGATTAGA_SMC052	SMC052	Control
CTCAATTGTGCTGTCG_SMC049	SMC049	AD
CTCAATTTCACAATGC_SMC032	SMC032	AD
CTCAATTTCGTGTGGC_SMC052	SMC052	Control
CTCAATTTCTGGCCAG_SMC037	SMC037	Active control
CTCACACCAAAGGAAT_PO23	PO23	Control
CTCACACCAATCGAGT_PO20	PO20	Control
CTCACACCATAAGGTC_PO42	PO42	AD
CTCACCATCACTATGG_PO23	PO23	Control
CTCACCATCTGGTGTA_PO42	PO42	AD
CTCACGAGTATGGGAC_PO20	PO20	Control
CTCACGAGTTCTGTGG_PO23	PO23	Control
CTCACGAGTTGAAGGC_PO15	PO15	Control
CTCACTGAGTTGGGAC_SMC049	SMC049	AD
CTCACTGGTATCAAGA_SMC049	SMC049	AD
CTCACTGGTCGGTGTC_SMC052	SMC052	Control
CTCACTGGTTAGAGAT_SMC038	SMC038	AD
CTCACTGTCCTCTAGC_SMC035	SMC035	Active control
CTCACTGTCGGTATGT_SMC053	SMC053	Active control
CTCACTGTCGTGGTAT_SMC035	SMC035	Active control
CTCACTGTCTCACCCA_SMC053	SMC053	Active control
CTCAGAACACCTGCGA_SMC052	SMC052	Control
CTCAGAACATCTCGTC_SMC036	SMC036	AD
CTCAGAAGTCACTTAG_SMC053	SMC053	Active control
CTCAGAATCGCTAGCG_SMC052	SMC052	Control
CTCAGAATCTGCAGCG_SMC053	SMC053	Active control
CTCAGCTCAAAGGACA_PO28	PO28	AD
CTCAGGGCACCAGTAT_SMC053	SMC053	Active control
CTCAGGGCATTCGATG_SMC049	SMC049	AD
CTCAGGGGTCTTCCGT_SMC052	SMC052	Control
CTCAGGGGTGCCGGTT_SMC052	SMC052	Control
CTCAGGTAGTCGAGGA_PO23	PO23	Control
CTCAGTCAGGTCTTTG_SMC033	SMC033	Control
CTCAGTCCAACGATCT_SMC032	SMC032	AD
CTCAGTCCAGGTTCGC_SMC053	SMC053	Active control
CTCAGTCGTTAAGGGC_SMC035	SMC035	Active control
CTCAGTCGTTGCGAAG_SMC049	SMC049	AD
CTCAGTCGTTTCGCTC_SMC053	SMC053	Active control
CTCAGTCTCGCACGGT_SMC053	SMC053	Active control
CTCAGTCTCTAGCAAC_SMC049	SMC049	AD
CTCAGTTTCCCAGATA_PO23	PO23	Control
CTCATAAGTATAGCCT_PO23	PO23	Control
CTCATAAGTTGCTCGA_PO13	PO13	Control
CTCATAGAGGTGACAG_PO42	PO42	AD
CTCATCACAGCCTATC_PO11	PO11	AD
CTCATCCGTAGCCCGT_PO13	PO13	Control
CTCATCGAGGGTTAGC_SMC035	SMC035	Active control
CTCATCGCAACTCCAA_SMC052	SMC052	Control
CTCATCGCAAGCGAGT_SMC035	SMC035	Active control
CTCATCGCAGCCTACG_SMC033	SMC033	Control
CTCATCGGTCGTTGGC_SMC033	SMC033	Control
CTCATCGGTGCGTTTA_SMC049	SMC049	AD
CTCATCGGTGGTAATA_SMC053	SMC053	Active control
CTCATGAAGGCATGGA_PO13	PO13	Control
CTCATGCAGCGAACTG_SMC053	SMC053	Active control
CTCATGCCACGTGAGA_SMC053	SMC053	Active control
CTCATGCGTGAGGAAA_SMC032	SMC032	AD
CTCATGCGTGATAGTA_SMC052	SMC052	Control
CTCATGCGTGCTCTCT_SMC038	SMC038	AD
CTCATGCGTTGAGTCT_SMC052	SMC052	Control
CTCATGCTCGTCTAAG_SMC052	SMC052	Control
CTCATGGGTTGCACTG_PO28	PO28	AD
CTCATGGGTTGGCTAT_PO42	PO42	AD
CTCATTAAGCCAGACA_SMC053	SMC053	Active control
CTCATTAAGCGGGTTA_SMC053	SMC053	Active control
CTCATTAAGGATACGC_SMC038	SMC038	AD
CTCATTACACCTTCCA_SMC041	SMC041	AD
CTCATTACACTTGAGT_SMC052	SMC052	Control
CTCATTAGTGTGTACT_SMC052	SMC052	Control
CTCATTATCTACTGAG_SMC049	SMC049	AD
CTCATTATCTCCGAGG_SMC041	SMC041	AD
CTCATTCAGTCGCAAC_PO28	PO28	AD
CTCCAACAGCACAAAT_SMC049	SMC049	AD
CTCCAACCAACCGTGC_SMC052	SMC052	Control
CTCCAACCAAGAGTTA_SMC049	SMC049	AD
CTCCAACCAAGGTGAA_PO28	PO28	AD
CTCCAACCAGGCATGA_SMC041	SMC041	AD
CTCCAACGTATTAAGG_SMC052	SMC052	Control
CTCCAACGTCCCGCAA_SMC038	SMC038	AD
CTCCAAGGTTAGACCT_PO28	PO28	AD
CTCCACACATCTGGGC_SMC052	SMC052	Control
CTCCACATCGCTGCGA_SMC032	SMC032	AD
CTCCAGCTCGACTGAC_PO28	PO28	AD
CTCCATGAGCATCTTG_SMC052	SMC052	Control
CTCCATGAGCTCGCAC_SMC037	SMC037	Active control
CTCCATGAGTTGTAAG_SMC049	SMC049	AD
CTCCATGCACAGCATT_SMC052	SMC052	Control
CTCCATGCAGCTGAAG_SMC049	SMC049	AD
CTCCATGCATCCCACT_SMC053	SMC053	Active control
CTCCATGCATCCGGCA_SMC035	SMC035	Active control
CTCCATGTCATCACCC_SMC049	SMC049	AD
CTCCATGTCCCTCTCC_SMC049	SMC049	AD
CTCCATTAGGCACAGA_PO05	PO05	AD
CTCCATTAGGTTGATT_PO42	PO42	AD
CTCCCAAAGTGATAAC_SMC053	SMC053	Active control
CTCCCAACAAAGAACT_SMC052	SMC052	Control
CTCCCAAGTTCTAACG_SMC031	SMC031	Active control
CTCCCAATCCTACCGT_SMC049	SMC049	AD
CTCCCTCAGCATTGAA_SMC053	SMC053	Active control
CTCCCTCAGGTTATAG_SMC052	SMC052	Control
CTCCCTCCAACCAATC_SMC041	SMC041	AD
CTCCCTCCAACTTCTT_SMC029	SMC029	AD
CTCCCTCGTGCAATAA_SMC049	SMC049	AD
CTCCCTCGTGCGGTAA_SMC052	SMC052	Control
CTCCCTCGTGTGAGCA_SMC052	SMC052	Control
CTCCCTCTCAAGAAAC_SMC038	SMC038	AD
CTCCCTCTCACTCACC_SMC052	SMC052	Control
CTCCGATAGAAGGTAG_SMC049	SMC049	AD
CTCCGATCATAGGAGC_SMC053	SMC053	Active control
CTCCGATGTATCCCTC_SMC038	SMC038	AD
CTCCGATTCGACGAGA_SMC049	SMC049	AD
CTCCGTTGTTGAGTCT_PO23	PO23	Control
CTCCGTTGTTTAGCGT_PO05	PO05	AD
CTCCTAGTCATATCGG_PO05	PO05	AD
CTCCTCAAGATTCAGT_PO23	PO23	Control
CTCCTCCAGCACCTGC_SMC052	SMC052	Control
CTCCTCCAGCCAAGTG_SMC053	SMC053	Active control
CTCCTCCCAAGCACCC_SMC052	SMC052	Control
CTCCTCCGTAATGTGA_SMC041	SMC041	AD
CTCCTCCGTTAGGACG_SMC031	SMC031	Active control
CTCCTCCTCTCCGTGT_SMC049	SMC049	AD
CTCCTCCTCTGCTAGA_SMC053	SMC053	Active control
CTCCTCCTCTTGGGCG_SMC052	SMC052	Control
CTCCTTTAGTAGGATT_SMC053	SMC053	Active control
CTCCTTTCACATGACT_SMC053	SMC053	Active control
CTCCTTTGTGCTATTG_SMC035	SMC035	Active control
CTCCTTTGTTCGGACC_SMC038	SMC038	AD
CTCCTTTTCAGAGTTC_SMC053	SMC053	Active control
CTCCTTTTCCGTATAG_SMC052	SMC052	Control
CTCCTTTTCGGATAAA_SMC053	SMC053	Active control
CTCCTTTTCTGAATCG_SMC033	SMC033	Control
CTCGACTCACATGAAC_PO42	PO42	AD
CTCGAGGAGACGATAT_SMC049	SMC049	AD
CTCGAGGAGTGAGGCT_SMC049	SMC049	AD
CTCGAGGCAGCATACT_SMC053	SMC053	Active control
CTCGAGGGTCGCTTGG_SMC052	SMC052	Control
CTCGAGGTCCGTGGCA_SMC053	SMC053	Active control
CTCGATTTCGTTGCCC_PO42	PO42	AD
CTCGCGTTCACAGGAG_PO41	PO41	AD
CTCGCGTTCCAATGCA_PO20	PO20	Control
CTCGCGTTCTAACCAG_PO15	PO15	Control
CTCGCTATCCGTGGCA_PO05	PO05	AD
CTCGGATAGTCAGGTC_PO13	PO13	Control
CTCGGATAGTCGAAGG_PO28	PO28	AD
CTCGGATAGTCGAGGA_PO28	PO28	AD
CTCGGCAAGGTAGCTC_PO15	PO15	Control
CTCGTAAAGCGCATAC_PO13	PO13	Control
CTCGTAAAGGGGCAAC_PO28	PO28	AD
CTCGTAGGTTAGTGTC_PO42	PO42	AD
CTCGTAGGTTCGTGGC_PO42	PO42	AD
CTCGTGAGTCATGGTT_PO23	PO23	Control
CTCGTGAGTGAGATTG_PO23	PO23	Control
CTCGTGAGTTGAGTTC_PO23	PO23	Control
CTCGTTGTCCACCTGC_PO42	PO42	AD
CTCTAGCCATGGATAC_PO41	PO41	AD
CTCTATATCCTGTACT_PO13	PO13	Control
CTCTCAACACTTGAGG_PO23	PO23	Control
CTCTCAGAGAATCTAG_SMC052	SMC052	Control
CTCTCAGAGCTTTGTG_SMC049	SMC049	AD
CTCTCAGAGTTGAAAC_SMC052	SMC052	Control
CTCTCAGCAAACAGGC_SMC052	SMC052	Control
CTCTCAGCACTGAATC_SMC038	SMC038	AD
CTCTCAGCAGCAGATG_SMC038	SMC038	AD
CTCTCAGGTAGTCTGT_SMC049	SMC049	AD
CTCTCAGGTGGCTAGA_SMC053	SMC053	Active control
CTCTCAGTCGTTCTGC_SMC041	SMC041	AD
CTCTCGACATTCAGCA_SMC053	SMC053	Active control
CTCTCGAGTAACAGTA_SMC053	SMC053	Active control
CTCTCGAGTCGGTGTC_SMC049	SMC049	AD
CTCTCGATCAGCTTCC_SMC052	SMC052	Control
CTCTGACCAAGTATCA_PO28	PO28	AD
CTCTGACCACCAGCTT_PO20	PO20	Control
CTCTGATTCATACTGG_PO41	PO41	AD
CTCTGCATCTGGGACT_PO28	PO28	AD
CTCTGGTAGGCTCACC_SMC038	SMC038	AD
CTCTGGTAGTACAGCG_SMC053	SMC053	Active control
CTCTGGTGTCTTTCTA_SMC052	SMC052	Control
CTCTTAATCGAGGTCT_PO42	PO42	AD
CTCTTCTCAACCCTGT_PO23	PO23	Control
CTGAAAGGTCAGCGAG_PO28	PO28	AD
CTGAATGAGATGAACT_SMC052	SMC052	Control
CTGAATGGTATTTCGG_SMC049	SMC049	AD
CTGAATGTCATGCTTC_PO15	PO15	Control
CTGAATGTCTCGCTCA_SMC052	SMC052	Control
CTGAATGTCTGCTTTA_SMC052	SMC052	Control
CTGACACAGGTACGTC_PO11	PO11	AD
CTGACCCTCTAGTTCC_PO41	PO41	AD
CTGACCTCACTCATAT_PO28	PO28	AD
CTGACCTCATAAGTTG_PO41	PO41	AD
CTGACCTCATGGATTA_PO42	PO42	AD
CTGACGTAGCAAGGCA_PO42	PO42	AD
CTGAGCGAGACAGCTG_SMC053	SMC053	Active control
CTGAGCGAGTCAGAGC_SMC052	SMC052	Control
CTGAGCGAGTCGAAAT_SMC052	SMC052	Control
CTGAGCGCAATGAACA_SMC049	SMC049	AD
CTGAGCGCAGGCTACC_SMC052	SMC052	Control
CTGAGCGGTACGGCAA_SMC049	SMC049	AD
CTGAGCGGTCCACGCA_SMC032	SMC032	AD
CTGAGCGGTGTATTGC_SMC053	SMC053	Active control
CTGAGCGGTTGCCGAC_SMC037	SMC037	Active control
CTGAGCGTCAAAGAAC_SMC053	SMC053	Active control
CTGAGCGTCAGAATAG_SMC053	SMC053	Active control
CTGAGCGTCCATAGAC_SMC052	SMC052	Control
CTGAGGCAGCCGTCGT_SMC052	SMC052	Control
CTGAGGCAGGATACAT_SMC053	SMC053	Active control
CTGAGGCGTATTCCGA_SMC035	SMC035	Active control
CTGAGGCTCCAACCGG_SMC053	SMC053	Active control
CTGAGGCTCCGGTAGC_SMC033	SMC033	Control
CTGAGGCTCGTGCAGC_SMC053	SMC053	Active control
CTGAGGCTCTGAGCAT_SMC052	SMC052	Control
CTGATCAAGTTAGACT_PO13	PO13	Control
CTGATCCCAACGGCCT_SMC032	SMC032	AD
CTGATCCCAGTTGCGC_SMC049	SMC049	AD
CTGATCCGTTACCCAA_SMC049	SMC049	AD
CTGATCCTCGTTCAGA_SMC049	SMC049	AD
CTGATTAGTTAAGGAT_PO20	PO20	Control
CTGATTTCATGGTACG_PO23	PO23	Control
CTGCAACAGCGAGGTA_PO05	PO05	AD
CTGCAACAGTGATCCA_PO13	PO13	Control
CTGCAATGTTAACCGT_PO13	PO13	Control
CTGCACCTCCTGAGAC_PO42	PO42	AD
CTGCACCTCGTTCATC_PO13	PO13	Control
CTGCAGGAGCCAAGCA_SMC041	SMC041	AD
CTGCAGGAGTTAGTGA_SMC035	SMC035	Active control
CTGCAGGCACTTACAG_SMC049	SMC049	AD
CTGCAGGCATCTCAAG_SMC053	SMC053	Active control
CTGCAGGGTAGGTCAG_SMC041	SMC041	AD
CTGCAGGGTCACATTG_SMC033	SMC033	Control
CTGCAGGGTTTACACG_SMC053	SMC053	Active control
CTGCAGGTCCCTTTGG_SMC052	SMC052	Control
CTGCAGGTCGCCTTGT_SMC052	SMC052	Control
CTGCATCAGACCAGCA_SMC052	SMC052	Control
CTGCATCAGCATAGGC_SMC053	SMC053	Active control
CTGCATCCACGTAGAG_SMC037	SMC037	Active control
CTGCATCCAGGAGCCT_PO42	PO42	AD
CTGCATCTCAAGTAAG_SMC035	SMC035	Active control
CTGCATCTCACCTCGT_SMC053	SMC053	Active control
CTGCATCTCCATAAGC_SMC053	SMC053	Active control
CTGCATCTCGGCCAAC_SMC052	SMC052	Control
CTGCATCTCTAACGCA_SMC049	SMC049	AD
CTGCATGGTAATTGCC_PO23	PO23	Control
CTGCATGGTGACGTGG_PO23	PO23	Control
CTGCATGGTGGGTAAC_PO13	PO13	Control
CTGCATGGTTGAGGAC_PO23	PO23	Control
CTGCCATAGAAGTATC_SMC049	SMC049	AD
CTGCCATCACGAGGTA_SMC052	SMC052	Control
CTGCCATCAGAGGTAC_SMC049	SMC049	AD
CTGCCATCAGATAAAC_SMC035	SMC035	Active control
CTGCCATCAGATACTC_SMC038	SMC038	AD
CTGCCATCATCGCTCG_PO41	PO41	AD
CTGCCATCATCTGCGG_SMC053	SMC053	Active control
CTGCCATGTCTTCATT_SMC049	SMC049	AD
CTGCCATGTTTGGGAG_SMC049	SMC049	AD
CTGCCATTCCTTATCA_SMC052	SMC052	Control
CTGCCATTCGCAATGT_SMC049	SMC049	AD
CTGCCATTCTTGAGCA_SMC052	SMC052	Control
CTGCCTAAGTCGGGAT_SMC035	SMC035	Active control
CTGCCTACACCGCTAG_SMC053	SMC053	Active control
CTGCCTAGTATAATGG_SMC049	SMC049	AD
CTGCCTAGTTTGGCTA_SMC033	SMC033	Control
CTGCCTATCATGCGTA_PO13	PO13	Control
CTGCCTATCCTGACTT_PO28	PO28	AD
CTGCCTATCTAATGCG_PO28	PO28	AD
CTGCGAGAGTGAGTGC_SMC049	SMC049	AD
CTGCGAGCAATTGCCA_SMC041	SMC041	AD
CTGCGAGCATCAGTGT_SMC049	SMC049	AD
CTGCGAGGTCCCTGTT_SMC035	SMC035	Active control
CTGCGAGGTGCAGATG_SMC035	SMC035	Active control
CTGCGAGGTTGCATCA_SMC035	SMC035	Active control
CTGCGAGTCTAGTGTG_SMC053	SMC053	Active control
CTGCGATAGTCATTCC_PO11	PO11	AD
CTGCGCAAGAAGGTTA_PO41	PO41	AD
CTGCGCAAGTAATGCT_PO28	PO28	AD
CTGCGTAGTTAGGCTT_PO23	PO23	Control
CTGCTAAAGGTACACC_PO15	PO15	Control
CTGCTCAAGCCTTTGA_SMC052	SMC052	Control
CTGCTCAAGGGTTAGC_SMC049	SMC049	AD
CTGCTCTGTGAGGACT_PO42	PO42	AD
CTGCTGCTCCCCATTG_PO20	PO20	Control
CTGCTTACACAAGGCC_PO28	PO28	AD
CTGCTTACACATTCCA_PO42	PO42	AD
CTGGAAAGTAAGCACA_PO28	PO28	AD
CTGGAAAGTAGCGGTG_PO05	PO05	AD
CTGGAAAGTATTGGCT_PO41	PO41	AD
CTGGACGAGATTGGGC_SMC053	SMC053	Active control
CTGGACGCAGTTAAAG_SMC053	SMC053	Active control
CTGGACGGTAGATTAG_SMC052	SMC052	Control
CTGGACGTCAAGTGGG_SMC035	SMC035	Active control
CTGGACGTCATGGGAG_SMC053	SMC053	Active control
CTGGACGTCCGCAGTG_SMC033	SMC033	Control
CTGGACGTCGAACTCA_SMC038	SMC038	AD
CTGGACTAGATTCAAC_PO13	PO13	Control
CTGGATGCATGAAGGA_PO23	PO23	Control
CTGGCAACAGCCATAG_PO42	PO42	AD
CTGGCAACATAGACAC_PO23	PO23	Control
CTGGCAGCAGGAATAT_SMC049	SMC049	AD
CTGGCAGCATAATCCG_SMC032	SMC032	AD
CTGGCAGGTACCCGAC_SMC052	SMC052	Control
CTGGCAGTCATCTACT_SMC052	SMC052	Control
CTGGCAGTCCAAAGGG_SMC035	SMC035	Active control
CTGGCTAGTTGTGCGC_PO05	PO05	AD
CTGGGTTAGGAATGCG_PO23	PO23	Control
CTGGGTTAGTGAGGAT_PO28	PO28	AD
CTGGTAATCGATTCAG_PO41	PO41	AD
CTGGTAATCTTGAGGC_PO15	PO15	Control
CTGGTCAGTGATGAGC_PO05	PO05	AD
CTGGTCAGTTGAGTGA_PO42	PO42	AD
CTGGTCTAGAACAAGG_SMC053	SMC053	Active control
CTGGTCTAGGGCCTCT_SMC053	SMC053	Active control
CTGGTCTGTAGAGCTG_SMC052	SMC052	Control
CTGGTCTTCACAAGAA_SMC053	SMC053	Active control
CTGGTCTTCTTCCTAA_SMC049	SMC049	AD
CTGGTTAAGATTACCG_PO41	PO41	AD
CTGGTTAAGCAATCAT_PO41	PO41	AD
CTGGTTAAGTCGCTAA_PO41	PO41	AD
CTGGTTGGTTATAGCC_PO41	PO41	AD
CTGTAAGTCACAGAGG_PO28	PO28	AD
CTGTAAGTCTGTAACG_PO13	PO13	Control
CTGTACCAGCTCCACG_SMC053	SMC053	Active control
CTGTACCAGGACAGCT_SMC035	SMC035	Active control
CTGTACCCAAGACTGG_SMC037	SMC037	Active control
CTGTACCCAAGGCGTA_SMC041	SMC041	AD
CTGTACCCACATGTTG_SMC033	SMC033	Control
CTGTACCCATGACGAG_SMC053	SMC053	Active control
CTGTACCTCCGTTGGG_SMC052	SMC052	Control
CTGTACCTCTGTCGTC_SMC041	SMC041	AD
CTGTACTTCCACCTCA_PO23	PO23	Control
CTGTAGAAGAGAGCCT_SMC052	SMC052	Control
CTGTAGAAGCACACAG_SMC053	SMC053	Active control
CTGTAGACACCGGTCA_SMC037	SMC037	Active control
CTGTAGACATATCTGG_SMC052	SMC052	Control
CTGTAGAGTGTCCCTT_SMC041	SMC041	AD
CTGTAGATCGAATCCA_SMC053	SMC053	Active control
CTGTAGATCGATCCCT_SMC049	SMC049	AD
CTGTAGATCTTAGCAG_SMC033	SMC033	Control
CTGTATAGTTCCAGAT_PO28	PO28	AD
CTGTATTCACCGTGAC_SMC038	SMC038	AD
CTGTATTCATCCGGCA_SMC053	SMC053	Active control
CTGTATTGTCAGTCGC_SMC032	SMC032	AD
CTGTATTGTTCGGTAT_SMC053	SMC053	Active control
CTGTATTGTTTGCAGT_SMC053	SMC053	Active control
CTGTATTTCCCAGTGG_SMC037	SMC037	Active control
CTGTCAAAGCGAGCAA_PO05	PO05	AD
CTGTCACCAAACTCAA_PO28	PO28	AD
CTGTCACCACGCCATT_PO20	PO20	Control
CTGTCGCTCAGCCTAA_PO15	PO15	Control
CTGTCGCTCGACTAAT_PO28	PO28	AD
CTGTCGTAGAGAACCC_SMC049	SMC049	AD
CTGTCGTAGCTTGTGT_SMC052	SMC052	Control
CTGTCGTAGTCTACCA_SMC033	SMC033	Control
CTGTCGTCACAACCGC_SMC031	SMC031	Active control
CTGTCGTCATTGCCTC_SMC052	SMC052	Control
CTGTCGTGTTATTCCT_SMC049	SMC049	AD
CTGTCGTGTTCCACGG_SMC037	SMC037	Active control
CTGTCGTGTTCGGCTG_SMC038	SMC038	AD
CTGTGAAAGTTGGAGC_SMC053	SMC053	Active control
CTGTGAACAAATGGTA_SMC053	SMC053	Active control
CTGTGAACAGCTATTG_SMC053	SMC053	Active control
CTGTGAACAGGACAGT_SMC053	SMC053	Active control
CTGTGAAGTCCCGGTA_SMC041	SMC041	AD
CTGTGAATCGATAACC_SMC041	SMC041	AD
CTGTGAATCGATGTCA_PO05	PO05	AD
CTGTGGACAAGGTTAC_PO13	PO13	Control
CTGTGGACAAGTCCAG_PO42	PO42	AD
CTGTGGGAGGAAAGGT_SMC049	SMC049	AD
CTGTGGGCAGTCGTTA_SMC052	SMC052	Control
CTGTGGGGTCTGTCAA_SMC052	SMC052	Control
CTGTGGGGTGTCTTCC_SMC052	SMC052	Control
CTGTGTCCAAGCGTAT_PO23	PO23	Control
CTGTGTCCAGGATTAC_PO23	PO23	Control
CTGTTAAGTCTTGGAT_PO28	PO28	AD
CTGTTAAGTGAGCAAC_PO42	PO42	AD
CTGTTAGAGGCATGTC_PO42	PO42	AD
CTGTTCCGTGCGGTGA_PO42	PO42	AD
CTTAATCCATCCTCGG_PO05	PO05	AD
CTTACAAGTCATCCAG_PO28	PO28	AD
CTTACATCAATCGGGC_PO42	PO42	AD
CTTACATCATAACGAC_PO28	PO28	AD
CTTACCGCAACGGCCT_SMC053	SMC053	Active control
CTTACCGCACGTAGAG_SMC052	SMC052	Control
CTTACCGGTTTAGACC_SMC037	SMC037	Active control
CTTACCGTCCGGCTTT_SMC038	SMC038	AD
CTTACGAAGGCAACTC_PO41	PO41	AD
CTTACGTTCACCTGAA_PO11	PO11	AD
CTTACGTTCACTCCGC_PO42	PO42	AD
CTTACGTTCATGGCCG_PO28	PO28	AD
CTTACGTTCCATTCCG_PO05	PO05	AD
CTTACGTTCCGTCATT_PO23	PO23	Control
CTTACGTTCGATAGGG_PO05	PO05	AD
CTTACTTGTATGTGCT_PO23	PO23	Control
CTTACTTGTCAATGTC_PO41	PO41	AD
CTTACTTGTCATGAAG_PO42	PO42	AD
CTTAGCAAGAATCGGG_PO11	PO11	AD
CTTAGCGGTGAAGCCG_PO23	PO23	Control
CTTAGGAAGAGGTTAT_SMC053	SMC053	Active control
CTTAGGACAGCACAGA_SMC049	SMC049	AD
CTTAGGATCGTGCCGA_PO05	PO05	AD
CTTAGGATCTCATGGA_SMC053	SMC053	Active control
CTTAGTAGTTGAAGCA_PO23	PO23	Control
CTTAGTGAGGCAAGCA_PO42	PO42	AD
CTTAGTGAGTCAGCTA_PO23	PO23	Control
CTTAGTGAGTGATCGC_PO42	PO42	AD
CTTATCGCAGGCTACA_PO23	PO23	Control
CTTATCTGTAGCTAGA_PO23	PO23	Control
CTTATGAGTCTAATTG_PO42	PO42	AD
CTTATGCTCAATCCGA_PO05	PO05	AD
CTTATGGAGGCTGTAC_PO11	PO11	AD
CTTATGGAGTAGTCGC_PO23	PO23	Control
CTTCAATAGACCATGG_SMC049	SMC049	AD
CTTCAATCAAATCAGA_SMC041	SMC041	AD
CTTCAATCAGGCTATT_SMC035	SMC035	Active control
CTTCAATCATGATGCT_SMC052	SMC052	Control
CTTCAATGTCAAGTTC_SMC053	SMC053	Active control
CTTCAATTCAAACTGC_SMC052	SMC052	Control
CTTCAATTCAACACCA_SMC052	SMC052	Control
CTTCAATTCTTACGTT_SMC052	SMC052	Control
CTTCATTGTTCGCTTC_PO23	PO23	Control
CTTCCGAAGTGAGCCA_SMC049	SMC049	AD
CTTCCGACACCCTGTT_SMC052	SMC052	Control
CTTCCGACAGATACTC_SMC030	SMC030	Control
CTTCCGACATTGAAAG_SMC038	SMC038	AD
CTTCCGAGTCTGTAAC_SMC049	SMC049	AD
CTTCCGAGTGCCTTTC_SMC052	SMC052	Control
CTTCCGATCACAAGAA_SMC052	SMC052	Control
CTTCCTTAGCGATGGT_SMC037	SMC037	Active control
CTTCCTTCACTTGTGA_SMC053	SMC053	Active control
CTTCCTTCAGAACATA_SMC052	SMC052	Control
CTTCCTTGTAGACAAT_SMC052	SMC052	Control
CTTCCTTGTGGCCTCA_SMC052	SMC052	Control
CTTCGAGGTGGCTCAC_PO23	PO23	Control
CTTCGATTCAGCAGTC_PO15	PO15	Control
CTTCGCATCTAGTGAT_PO28	PO28	AD
CTTCGCGCAGTTGCTC_PO23	PO23	Control
CTTCGCGCATTCGGGA_PO28	PO28	AD
CTTCGGTAGGTAACTA_SMC035	SMC035	Active control
CTTCGGTCAACCTGTC_PO05	PO05	AD
CTTCGGTCACCTTCCC_PO42	PO42	AD
CTTCGGTCACTCTCGT_SMC052	SMC052	Control
CTTCGGTCAGGCGAAT_SMC052	SMC052	Control
CTTCGGTTCCTAAGTG_SMC052	SMC052	Control
CTTCGTTAGAAGCCCT_PO15	PO15	Control
CTTCGTTAGTAAGCCC_PO41	PO41	AD
CTTCGTTAGTAGCGAG_PO20	PO20	Control
CTTCTAAAGAAGGATG_SMC041	SMC041	AD
CTTCTAACAAGAGTGC_SMC053	SMC053	Active control
CTTCTAACAGAGAATT_SMC049	SMC049	AD
CTTCTAAGTATAGCTC_SMC052	SMC052	Control
CTTCTAAGTCTGTGCG_SMC049	SMC049	AD
CTTCTAATCCACCTCA_PO05	PO05	AD
CTTCTAATCCCTCGAT_SMC052	SMC052	Control
CTTCTAATCTATCGCC_SMC052	SMC052	Control
CTTCTAATCTCCGCAT_SMC052	SMC052	Control
CTTCTAATCTTCCACG_SMC052	SMC052	Control
CTTCTATGTCAGCCAC_PO23	PO23	Control
CTTCTATGTTAGGCTT_PO28	PO28	AD
CTTCTCCTCATATAGC_PO05	PO05	AD
CTTCTCTAGATGATTG_SMC049	SMC049	AD
CTTCTCTAGTAGACCG_SMC037	SMC037	Active control
CTTCTCTGTGCCGTAC_SMC053	SMC053	Active control
CTTCTCTGTGGGCTCT_SMC052	SMC052	Control
CTTCTCTTCTGTCGTC_SMC049	SMC049	AD
CTTCTCTTCTTTACAC_SMC052	SMC052	Control
CTTCTGGTCCATCTAC_PO42	PO42	AD
CTTGAACGTGAGCCAG_PO05	PO05	AD
CTTGAACGTTGTCTCC_PO28	PO28	AD
CTTGAATAGGCGCTTG_PO15	PO15	Control
CTTGAGAAGAAGAGCA_SMC035	SMC035	Active control
CTTGAGACAGAGTCTT_SMC033	SMC033	Control
CTTGAGACAGTGCCTG_SMC041	SMC041	AD
CTTGAGACAGTGTACT_SMC053	SMC053	Active control
CTTGAGACATCTTCGC_SMC041	SMC041	AD
CTTGAGAGTTTGGAGG_SMC052	SMC052	Control
CTTGATGAGGGGTAAT_PO15	PO15	Control
CTTGATTAGCGACTGA_SMC038	SMC038	AD
CTTGATTAGTGATGGC_SMC033	SMC033	Control
CTTGATTCAAGACGGT_SMC052	SMC052	Control
CTTGATTCAATTTCTC_SMC052	SMC052	Control
CTTGATTTCATGTCAG_SMC053	SMC053	Active control
CTTGATTTCGAGATAA_SMC032	SMC032	AD
CTTGCAAAGAACCAGG_PO42	PO42	AD
CTTGCAAAGTGCTGGT_PO05	PO05	AD
CTTGCATTCGTAATCG_PO05	PO05	AD
CTTGCGAGTCTTGCAG_PO28	PO28	AD
CTTGCGAGTGAGAGCT_PO11	PO11	AD
CTTGCGAGTGGAAGCT_PO28	PO28	AD
CTTGGATGTCTAGAGA_PO42	PO42	AD
CTTGGATGTTGCAGGG_PO23	PO23	Control
CTTGGCCTCATGCTCT_PO42	PO42	AD
CTTGGCCTCGACCTGG_PO20	PO20	Control
CTTGGCCTCGATCAGC_PO42	PO42	AD
CTTGGCGAGCGAACCT_PO05	PO05	AD
CTTGGCGAGGTGCATC_PO11	PO11	AD
CTTGGCGAGTTGCTCT_PO11	PO11	AD
CTTGGCTCATGCTTGC_PO05	PO05	AD
CTTGGGGTCGCTATGA_PO15	PO15	Control
CTTGGGTAGAACCTTG_PO23	PO23	Control
CTTGTAAGTTAGACAG_PO42	PO42	AD
CTTGTGAAGCCAGCCA_PO15	PO15	Control
CTTGTGAAGCGATTGC_PO15	PO15	Control
CTTGTGAAGGGCTAGA_PO23	PO23	Control
CTTGTGTTCACGCCTC_PO15	PO15	Control
CTTTCAACAAACTAAG_SMC053	SMC053	Active control
CTTTCAACAAAGGCAC_SMC041	SMC041	AD
CTTTCAACATGGGCAA_SMC038	SMC038	AD
CTTTCAAGTAGTCACT_SMC035	SMC035	Active control
CTTTCAATCCTTCACG_SMC049	SMC049	AD
CTTTCGGAGGAGCTGT_SMC049	SMC049	AD
CTTTCGGGTCAAACGG_SMC052	SMC052	Control
CTTTCGGGTCAAGCCC_SMC053	SMC053	Active control
CTTTCGGGTCGCGGTT_SMC052	SMC052	Control
CTTTCGGGTCTGTGCG_SMC033	SMC033	Control
CTTTCGGTCAGCTTCC_SMC053	SMC053	Active control
GAAACCTCAGTAGTTC_SMC030	SMC030	Control
GAAACCTGTGCCGTAC_SMC052	SMC052	Control
GAAACCTTCAAGATAG_SMC053	SMC053	Active control
GAAACCTTCAGTGTTG_SMC053	SMC053	Active control
GAAACCTTCATGCTAG_SMC052	SMC052	Control
GAAACCTTCGGTCATA_SMC052	SMC052	Control
GAAACCTTCTCCCATG_SMC052	SMC052	Control
GAAACCTTCTGGTTGA_SMC052	SMC052	Control
GAAATGAAGAGGATGA_SMC052	SMC052	Control
GAAATGAAGCCAACCC_SMC041	SMC041	AD
GAAATGACAAATTGGA_SMC053	SMC053	Active control
GAAATGACACTCTAGA_SMC038	SMC038	AD
GAAATGACAGTTTCGA_SMC041	SMC041	AD
GAAATGAGTACTCCGG_SMC052	SMC052	Control
GAAATGAGTGCACGCT_SMC033	SMC033	Control
GAAATGAGTTGACTAC_SMC035	SMC035	Active control
GAAATGATCCGCTTAC_SMC038	SMC038	AD
GAACACTAGCGTGTCC_SMC049	SMC049	AD
GAACACTCAATAGGGC_SMC053	SMC053	Active control
GAACACTCAGTATTCG_SMC049	SMC049	AD
GAACACTCATCAGCAT_SMC053	SMC053	Active control
GAACACTGTCCGACGT_SMC052	SMC052	Control
GAACACTGTGTAAACA_SMC049	SMC049	AD
GAACACTTCTTAGCTT_SMC053	SMC053	Active control
GAACGTTAGTACTGGG_SMC052	SMC052	Control
GAACGTTCAATCTGCA_SMC035	SMC035	Active control
GAACGTTCACATTGTG_SMC052	SMC052	Control
GAACGTTTCCAACCGG_SMC049	SMC049	AD
GAACGTTTCGAATCCA_SMC052	SMC052	Control
GAACGTTTCTGGACCG_SMC033	SMC033	Control
GAACTGTAGCATTTGC_SMC035	SMC035	Active control
GAACTGTAGCCTGTGC_SMC053	SMC053	Active control
GAACTGTAGGAGCAAA_SMC049	SMC049	AD
GAACTGTAGTGCAGCA_SMC053	SMC053	Active control
GAACTGTAGTTGAATG_SMC052	SMC052	Control
GAACTGTCAACAACAA_SMC035	SMC035	Active control
GAACTGTGTAACCCGC_SMC038	SMC038	AD
GAACTGTGTCGTATGT_SMC052	SMC052	Control
GAACTGTGTGCAGTGA_SMC053	SMC053	Active control
GAACTGTTCATTGAGC_SMC052	SMC052	Control
GAACTGTTCGGCTGAC_SMC052	SMC052	Control
GAAGAATAGAAACCCG_SMC052	SMC052	Control
GAAGAATCATCAGCTA_SMC053	SMC053	Active control
GAAGAATGTCTCACGG_SMC049	SMC049	AD
GAAGAATGTTCGGACC_SMC037	SMC037	Active control
GAAGAATTCTTTGATC_SMC037	SMC037	Active control
GAAGCCCAGAAGATCT_SMC049	SMC049	AD
GAAGCCCAGAGAGCAA_SMC033	SMC033	Control
GAAGCCCAGCCGCTTG_SMC038	SMC038	AD
GAAGCCCAGGATGGCT_SMC049	SMC049	AD
GAAGCCCCAATCTGCA_SMC041	SMC041	AD
GAAGCCCCAATGCAAA_SMC037	SMC037	Active control
GAAGCCCCACTGGACC_SMC053	SMC053	Active control
GAAGCCCGTCTTACAG_SMC049	SMC049	AD
GAAGCCCTCCTGGGAC_SMC049	SMC049	AD
GAAGCGACAATCTAGC_SMC041	SMC041	AD
GAAGCGACAATTGCAC_SMC052	SMC052	Control
GAAGCGAGTCGATGCC_SMC052	SMC052	Control
GAAGCGAGTGAGACCA_SMC053	SMC053	Active control
GAAGCGAGTGCACATT_SMC052	SMC052	Control
GAAGCGAGTGGCACTC_SMC052	SMC052	Control
GAAGCGATCCCGGTAG_SMC041	SMC041	AD
GAAGGACAGACAACAT_SMC052	SMC052	Control
GAAGGACAGACCATGG_SMC033	SMC033	Control
GAAGGACAGGCCGCTT_SMC053	SMC053	Active control
GAAGGACAGTATGAAC_SMC053	SMC053	Active control
GAAGGACCAGACAAGC_SMC033	SMC033	Control
GAAGGACGTTCGGCCA_SMC037	SMC037	Active control
GAAGGGTAGTCAGCGA_SMC049	SMC049	AD
GAAGGGTCATAGATGA_SMC035	SMC035	Active control
GAAGGGTGTCAGTCCG_SMC052	SMC052	Control
GAAGGGTGTCCGGCAT_SMC052	SMC052	Control
GAAGGGTGTGATTCTG_SMC033	SMC033	Control
GAAGGGTTCGATCCAA_SMC053	SMC053	Active control
GAAGTAAGTTTATGCG_SMC049	SMC049	AD
GAAGTAATCACTAGCA_SMC052	SMC052	Control
GAAGTAATCCAGTGCG_SMC038	SMC038	AD
GAAGTAATCGAAGAAT_SMC053	SMC053	Active control
GAATAGAAGATGGTAT_SMC052	SMC052	Control
GAATAGAAGTGGTGAC_SMC038	SMC038	AD
GAATAGACAATACCTG_SMC053	SMC053	Active control
GAATAGACAGAGGCTA_SMC033	SMC033	Control
GAATAGACATGGCTAT_SMC053	SMC053	Active control
GAATAGAGTACCGGAA_SMC037	SMC037	Active control
GAATAGAGTCAGACGA_SMC038	SMC038	AD
GAATAGATCATTGAGC_SMC053	SMC053	Active control
GAATAGATCGAGCACC_SMC041	SMC041	AD
GAATCACAGAACTGAT_SMC053	SMC053	Active control
GAATCACAGAAGCGGG_SMC033	SMC033	Control
GAATCACAGGATACGC_SMC049	SMC049	AD
GAATCACCAAGAGTAT_SMC049	SMC049	AD
GAATCACCACCGTACG_SMC035	SMC035	Active control
GAATCACCACTCAAGT_SMC052	SMC052	Control
GAATCACCAGCCTACG_SMC049	SMC049	AD
GAATCACCATCCTTGC_SMC032	SMC032	AD
GAATCACGTGATCATC_SMC052	SMC052	Control
GAATCACGTGCGTTTA_SMC032	SMC032	AD
GAATCACTCCACGGGT_SMC053	SMC053	Active control
GAATCACTCTAGCCAA_SMC032	SMC032	AD
GAATCACTCTCCAAGA_SMC049	SMC049	AD
GAATCACTCTTCGGTC_SMC049	SMC049	AD
GAATCGTAGCGTCTCG_SMC053	SMC053	Active control
GAATCGTAGCTTAGTC_SMC049	SMC049	AD
GAATCGTCAGAAGTTA_SMC049	SMC049	AD
GAATCGTCATCGGAAG_SMC053	SMC053	Active control
GAATCGTCATGGAACG_SMC052	SMC052	Control
GACACGCGTACTTGTG_SMC052	SMC052	Control
GACACGCGTGCCTACG_SMC053	SMC053	Active control
GACAGCCAGAACAGGA_SMC052	SMC052	Control
GACAGCCAGAGAGAAC_SMC049	SMC049	AD
GACAGCCCAACTAGAA_SMC052	SMC052	Control
GACAGCCCATGGCTAT_SMC053	SMC053	Active control
GACAGCCTCGTGGGTC_SMC052	SMC052	Control
GACAGCCTCTTAATCC_SMC052	SMC052	Control
GACATCAAGAATACAC_SMC052	SMC052	Control
GACATCAAGATTGAGT_SMC052	SMC052	Control
GACATCACACTCATAG_SMC053	SMC053	Active control
GACATCAGTGCTCTTC_SMC052	SMC052	Control
GACATCAGTTTACACG_SMC052	SMC052	Control
GACATCATCTGCAGCG_SMC052	SMC052	Control
GACCAATGTACAATAG_SMC052	SMC052	Control
GACCAATGTCACTACA_SMC041	SMC041	AD
GACCAATGTGGCAGAT_SMC029	SMC029	AD
GACCAATTCCCATTTA_SMC052	SMC052	Control
GACCAATTCGACGCTG_SMC052	SMC052	Control
GACCAATTCTACGGGC_SMC039	SMC039	AD
GACCCAGAGACATCAA_SMC049	SMC049	AD
GACCCAGAGATCGCCC_SMC038	SMC038	AD
GACCCAGAGCGATGGT_SMC037	SMC037	Active control
GACCCAGAGGTTGAGC_SMC049	SMC049	AD
GACCCAGAGTGGAAAG_SMC052	SMC052	Control
GACCCAGTCATTCCTA_SMC033	SMC033	Control
GACCCAGTCCATTGTT_SMC049	SMC049	AD
GACCCAGTCCGACAGC_SMC053	SMC053	Active control
GACCCAGTCGACCATA_SMC052	SMC052	Control
GACCCAGTCGTCAAAC_SMC053	SMC053	Active control
GACCCTTGTACCCGAC_SMC035	SMC035	Active control
GACCCTTGTCAGACGA_SMC052	SMC052	Control
GACCCTTGTTTGCCGG_SMC049	SMC049	AD
GACCCTTTCCAGCCTT_SMC052	SMC052	Control
GACCGTGAGCGTGCCT_SMC052	SMC052	Control
GACCGTGAGGTTCTAC_SMC052	SMC052	Control
GACCGTGAGTTGGAAT_SMC053	SMC053	Active control
GACCGTGCAGTATACC_SMC052	SMC052	Control
GACCTTCAGCGACTTT_SMC052	SMC052	Control
GACCTTCAGTGATAGT_SMC052	SMC052	Control
GACCTTCCATACCACA_SMC052	SMC052	Control
GACCTTCGTAAGACCG_SMC053	SMC053	Active control
GACCTTCGTCAACCAT_SMC049	SMC049	AD
GACCTTCGTGTCCCTT_SMC037	SMC037	Active control
GACCTTCGTTGCATTG_SMC033	SMC033	Control
GACCTTCTCCGTGGTG_SMC053	SMC053	Active control
GACGCTGCAACTCCCT_SMC033	SMC033	Control
GACGCTGCAATGTCTG_SMC052	SMC052	Control
GACGCTGCATCTCGTC_SMC052	SMC052	Control
GACGCTGGTGTGTGGA_SMC052	SMC052	Control
GACGTTACAACCCTAA_SMC052	SMC052	Control
GACGTTAGTACCCACG_SMC052	SMC052	Control
GACGTTATCTATCGCC_SMC049	SMC049	AD
GACGTTATCTCCCTAG_SMC052	SMC052	Control
GACTATGAGCTTCTAG_SMC052	SMC052	Control
GACTATGAGGTCCTGC_SMC053	SMC053	Active control
GACTATGAGTCCCTAA_SMC049	SMC049	AD
GACTATGCAGGAATAT_SMC052	SMC052	Control
GACTATGGTTCAGGTT_SMC033	SMC033	Control
GACTATGTCACCTCAC_SMC032	SMC032	AD
GACTCAACATGGGTCC_SMC053	SMC053	Active control
GACTCTCAGAAGCGAA_SMC052	SMC052	Control
GACTCTCAGTGGTGAC_SMC053	SMC053	Active control
GACTCTCCAACCCTAA_SMC053	SMC053	Active control
GACTCTCCAGTAGGAC_SMC049	SMC049	AD
GACTCTCCAGTCAGAG_SMC031	SMC031	Active control
GACTCTCGTCTACGTA_SMC033	SMC033	Control
GACTCTCGTGCGACAA_SMC052	SMC052	Control
GACTCTCTCTCGTGAA_SMC049	SMC049	AD
GACTGATAGCCTCTGG_SMC053	SMC053	Active control
GACTGATCACGGGCTT_SMC052	SMC052	Control
GACTGATCACTCCGGA_SMC053	SMC053	Active control
GACTGATCATGGGCAA_SMC049	SMC049	AD
GACTTCCAGAGCACTG_SMC036	SMC036	AD
GACTTCCAGTAGAGTT_SMC037	SMC037	Active control
GACTTCCAGTGCACCC_SMC041	SMC041	AD
GACTTCCCAGGAGGAG_SMC049	SMC049	AD
GACTTCCCAGGGTCTC_SMC049	SMC049	AD
GACTTCCGTCCACAGC_SMC052	SMC052	Control
GACTTCCGTCTGTGAT_SMC053	SMC053	Active control
GACTTCCTCACGATAC_SMC052	SMC052	Control
GACTTCCTCGCCAGAC_SMC053	SMC053	Active control
GACTTCCTCGTTGTTT_SMC052	SMC052	Control
GAGAAATAGAAAGCGA_SMC037	SMC037	Active control
GAGAAATTCAGAGTTC_SMC049	SMC049	AD
GAGAAATTCCATTCGC_SMC049	SMC049	AD
GAGAAATTCTTCCACG_SMC053	SMC053	Active control
GAGACCCAGCTGAAGC_SMC053	SMC053	Active control
GAGACCCAGTAATACG_SMC052	SMC052	Control
GAGACCCCAGGCACAA_SMC038	SMC038	AD
GAGACCCGTAGACAGC_SMC038	SMC038	AD
GAGACCCGTAGGTAGC_SMC049	SMC049	AD
GAGACCCTCCTGCTAC_SMC053	SMC053	Active control
GAGACCCTCGATTTCT_SMC053	SMC053	Active control
GAGACCCTCGGCATTA_SMC053	SMC053	Active control
GAGACTTAGGCTAGCA_SMC049	SMC049	AD
GAGACTTCAATTGCGT_SMC052	SMC052	Control
GAGACTTCAGCGATTT_SMC053	SMC053	Active control
GAGACTTTCACATCAG_SMC041	SMC041	AD
GAGACTTTCGATACGT_SMC033	SMC033	Control
GAGACTTTCTTCTAAC_SMC052	SMC052	Control
GAGAGGTAGCGTATAA_SMC053	SMC053	Active control
GAGAGGTCAACTGCCG_SMC052	SMC052	Control
GAGAGGTCACGTGAGA_SMC053	SMC053	Active control
GAGAGGTGTCAGGTGA_SMC052	SMC052	Control
GAGAGGTTCGAATGCT_SMC052	SMC052	Control
GAGAGGTTCGGCTTCT_SMC053	SMC053	Active control
GAGAGGTTCTATCGCC_SMC041	SMC041	AD
GAGAGGTTCTTAGCAG_SMC037	SMC037	Active control
GAGATGGAGACTCAAA_SMC041	SMC041	AD
GAGATGGCACGTAGAG_SMC052	SMC052	Control
GAGATGGCAGAAGTTA_SMC053	SMC053	Active control
GAGATGGGTGACACAG_SMC052	SMC052	Control
GAGATGGTCTCTATGT_SMC052	SMC052	Control
GAGCCTGAGATCCCAT_SMC052	SMC052	Control
GAGCCTGAGGTGGTTG_SMC049	SMC049	AD
GAGCCTGGTACGTGTT_SMC038	SMC038	AD
GAGCTGCAGGCTGAAC_SMC041	SMC041	AD
GAGCTGCAGGTATAGT_SMC052	SMC052	Control
GAGCTGCCAGCTTTCC_SMC052	SMC052	Control
GAGCTGCCATGACTTG_SMC027	SMC027	Control
GAGCTGCGTTCACGAT_SMC049	SMC049	AD
GAGCTGCTCCATTCGC_SMC049	SMC049	AD
GAGGCAAAGAAATTGC_SMC035	SMC035	Active control
GAGGCAAAGGCATGGT_SMC041	SMC041	AD
GAGGCAACAATAGTAG_SMC033	SMC033	Control
GAGGCAACAATTCTTC_SMC041	SMC041	AD
GAGGCAATCAGATGCT_SMC053	SMC053	Active control
GAGGCAATCGTCGATA_SMC049	SMC049	AD
GAGGCCTAGCGAGTAC_SMC049	SMC049	AD
GAGGCCTAGTGGTTGG_SMC038	SMC038	AD
GAGGCCTAGTTGAAGT_SMC049	SMC049	AD
GAGGCCTGTATAGGAT_SMC049	SMC049	AD
GAGGCCTTCCTTCGAC_SMC053	SMC053	Active control
GAGGCCTTCTACCCAC_SMC052	SMC052	Control
GAGGGATAGAACGCGT_SMC035	SMC035	Active control
GAGGGATAGTTGGAGC_SMC053	SMC053	Active control
GAGGGATCAATAGGAT_SMC052	SMC052	Control
GAGGGATCAGGTTTAC_SMC053	SMC053	Active control
GAGGGTAAGACGACGT_SMC049	SMC049	AD
GAGGGTAAGCATCAAA_SMC052	SMC052	Control
GAGGGTAAGTGCCGAA_SMC033	SMC033	Control
GAGGGTACATTGGATC_SMC032	SMC032	AD
GAGGGTAGTAGCTTAC_SMC052	SMC052	Control
GAGGGTAGTCATTGCA_SMC052	SMC052	Control
GAGGGTAGTCTAATCG_SMC049	SMC049	AD
GAGGGTAGTTAGTTCG_SMC053	SMC053	Active control
GAGGGTATCATTACCT_SMC049	SMC049	AD
GAGGGTATCCCTTGGT_SMC049	SMC049	AD
GAGTCATAGTTGGCTT_SMC052	SMC052	Control
GAGTCATCAAGACTGG_SMC052	SMC052	Control
GAGTCATCAGTATACC_SMC037	SMC037	Active control
GAGTCATGTTGCGGAA_SMC053	SMC053	Active control
GAGTCATTCAGTGATC_SMC053	SMC053	Active control
GAGTCATTCGGAATTC_SMC053	SMC053	Active control
GAGTCATTCTGCTGAA_SMC035	SMC035	Active control
GAGTCTAAGCAGCCCT_SMC053	SMC053	Active control
GAGTCTAAGCTGGCCT_SMC049	SMC049	AD
GAGTCTACAAGCGGAT_SMC052	SMC052	Control
GAGTCTACACGAGGTA_SMC052	SMC052	Control
GAGTCTACAGGGACTA_SMC049	SMC049	AD
GAGTCTACAGTGGTGA_SMC052	SMC052	Control
GAGTCTACATGAATAG_SMC041	SMC041	AD
GAGTCTATCAGTCTTT_SMC049	SMC049	AD
GAGTCTATCTCCATAT_SMC053	SMC053	Active control
GAGTGAGAGATGCTGG_SMC036	SMC036	AD
GAGTGAGAGCGTTAGG_SMC049	SMC049	AD
GAGTGTTCACAGCGCT_SMC035	SMC035	Active control
GAGTGTTCAGGCTACC_SMC053	SMC053	Active control
GAGTGTTCATGGACAG_SMC049	SMC049	AD
GAGTGTTTCAACACGT_SMC052	SMC052	Control
GAGTGTTTCGATACGT_SMC033	SMC033	Control
GAGTGTTTCTTGAACG_SMC053	SMC053	Active control
GAGTTACAGATGCAGC_SMC053	SMC053	Active control
GAGTTACAGGCACGAT_SMC053	SMC053	Active control
GAGTTACAGTGCGCTC_SMC052	SMC052	Control
GAGTTACGTTCGGTTA_SMC052	SMC052	Control
GAGTTACTCATTTGTC_SMC052	SMC052	Control
GAGTTGTAGTCTAACC_SMC041	SMC041	AD
GAGTTGTCAAAGGAGA_SMC053	SMC053	Active control
GAGTTGTCACAATCTG_SMC035	SMC035	Active control
GAGTTGTCATGATCTG_SMC033	SMC033	Control
GAGTTGTGTCTTACTT_SMC041	SMC041	AD
GAGTTGTTCCGTGTGG_SMC038	SMC038	AD
GAGTTGTTCGAAACAA_SMC049	SMC049	AD
GAGTTTGAGATGGCAC_SMC052	SMC052	Control
GAGTTTGGTCCGTTTC_SMC041	SMC041	AD
GAGTTTGGTTCAGTAC_SMC053	SMC053	Active control
GAGTTTGTCAACCCGG_SMC037	SMC037	Active control
GAGTTTGTCGGCATAT_SMC053	SMC053	Active control
GAGTTTGTCTTCTAAC_SMC053	SMC053	Active control
GATAGAAAGTATGATG_SMC053	SMC053	Active control
GATAGAACAAGTGATA_SMC039	SMC039	AD
GATAGAACACCTCAGG_SMC049	SMC049	AD
GATAGAACAGAAGCGT_SMC053	SMC053	Active control
GATAGAATCGAACCAT_SMC041	SMC041	AD
GATAGCTAGTAAGCAT_SMC052	SMC052	Control
GATAGCTGTATAGGAT_SMC053	SMC053	Active control
GATAGCTGTTACGCCG_SMC038	SMC038	AD
GATCACACACATATCG_SMC053	SMC053	Active control
GATCACACACCCTTGT_SMC041	SMC041	AD
GATCACACATCGAACT_SMC052	SMC052	Control
GATCACAGTGTATACC_SMC052	SMC052	Control
GATCACAGTTCCCACT_SMC049	SMC049	AD
GATCACAGTTGAGGAC_SMC049	SMC049	AD
GATCACATCAATCTTC_SMC033	SMC033	Control
GATCACATCGATTTCT_SMC052	SMC052	Control
GATCAGTAGGGTAGCT_SMC053	SMC053	Active control
GATCAGTAGTACAGAT_SMC049	SMC049	AD
GATCAGTGTCAGGTGA_SMC052	SMC052	Control
GATCAGTGTCCCGGTA_SMC053	SMC053	Active control
GATCAGTGTGAATTGA_SMC052	SMC052	Control
GATCAGTGTGCATGTT_SMC052	SMC052	Control
GATCAGTTCGTCTAAG_SMC049	SMC049	AD
GATCATGAGAAGCGAA_SMC052	SMC052	Control
GATCATGAGCCTCCAG_SMC052	SMC052	Control
GATCATGCAGGTCCGT_SMC053	SMC053	Active control
GATCATGGTTATGTCG_SMC053	SMC053	Active control
GATCCCTAGTAATACG_SMC053	SMC053	Active control
GATCCCTCACGCCAGT_SMC049	SMC049	AD
GATCCCTCACGTTCGG_SMC052	SMC052	Control
GATCCCTCATCGCTAA_SMC049	SMC049	AD
GATCCCTCATGTAACC_SMC053	SMC053	Active control
GATCCCTTCTATGCCC_SMC053	SMC053	Active control
GATCGTAAGATCACCT_SMC053	SMC053	Active control
GATCGTAAGCTACAAA_SMC052	SMC052	Control
GATCGTACAAGCACAG_SMC037	SMC037	Active control
GATCGTACAGCTCTGG_SMC038	SMC038	AD
GATCGTAGTCCTCATC_SMC037	SMC037	Active control
GATCGTAGTCGTATTG_SMC053	SMC053	Active control
GATCGTAGTCTTAGTG_SMC053	SMC053	Active control
GATCGTAGTTTCGTGA_SMC053	SMC053	Active control
GATCGTATCAGGCGAA_SMC049	SMC049	AD
GATCGTATCATCCTGC_SMC037	SMC037	Active control
GATCGTATCCCGAATA_SMC035	SMC035	Active control
GATCGTATCGCAGTTA_SMC049	SMC049	AD
GATCGTATCGTCCTTG_SMC052	SMC052	Control
GATCGTATCGTTCTGC_SMC053	SMC053	Active control
GATCGTATCTACCTTA_SMC052	SMC052	Control
GATGACTAGAAGTATC_SMC052	SMC052	Control
GATGACTAGCCTCAGC_SMC052	SMC052	Control
GATGACTCATAGATGA_SMC049	SMC049	AD
GATGACTGTATAGCTC_SMC037	SMC037	Active control
GATGACTGTCTGTTAG_SMC052	SMC052	Control
GATGACTGTGCACATT_SMC053	SMC053	Active control
GATGACTGTTTGAACC_SMC052	SMC052	Control
GATGACTTCACGATAC_SMC035	SMC035	Active control
GATGACTTCTAGGCCG_SMC049	SMC049	AD
GATGAGGAGATGCGAC_SMC053	SMC053	Active control
GATGAGGCAGCCGGTT_SMC052	SMC052	Control
GATGAGGCATGGGTCC_SMC041	SMC041	AD
GATGAGGGTCCTCATC_SMC053	SMC053	Active control
GATGAGGGTGTCCCTT_SMC035	SMC035	Active control
GATGAGGGTTATAGCC_SMC039	SMC039	AD
GATGAGGTCCGTGGGT_SMC052	SMC052	Control
GATGAGGTCTCGTTTA_SMC052	SMC052	Control
GATGATCAGGGAGGGT_SMC032	SMC032	AD
GATGATCCAAGACGAC_SMC053	SMC053	Active control
GATGATCCACCGTACG_SMC053	SMC053	Active control
GATGATCGTAGACTGG_SMC049	SMC049	AD
GATGATCGTGCACGCT_SMC052	SMC052	Control
GATGATCTCGTGACTA_SMC052	SMC052	Control
GATGCTAAGCCTCAGC_SMC049	SMC049	AD
GATGCTACACGATAGG_SMC053	SMC053	Active control
GATGCTACACTAACGT_SMC052	SMC052	Control
GATGCTACAGAGAATT_SMC049	SMC049	AD
GATGCTACATTAAGCC_SMC052	SMC052	Control
GATGCTAGTGGACCAA_SMC053	SMC053	Active control
GATGCTAGTTGGTAGG_SMC053	SMC053	Active control
GATGCTATCGAGTACT_SMC053	SMC053	Active control
GATGGAGAGCATTTGC_SMC052	SMC052	Control
GATGGAGAGGTTCCAT_SMC052	SMC052	Control
GATGGAGCAGCTGTAT_SMC053	SMC053	Active control
GATGGAGTCAAGGACG_SMC053	SMC053	Active control
GATGGAGTCAGCAATC_SMC052	SMC052	Control
GATGTTGAGTCAGCCC_SMC049	SMC049	AD
GATGTTGTCAATCGGT_SMC049	SMC049	AD
GATGTTGTCAGTGTTG_SMC052	SMC052	Control
GATGTTGTCCCGAGTG_SMC033	SMC033	Control
GATGTTGTCTTGGATG_SMC052	SMC052	Control
GATTCGAAGACTAAGT_SMC052	SMC052	Control
GATTCGACAACACAGG_SMC049	SMC049	AD
GATTCGACAATACAGA_SMC052	SMC052	Control
GATTCGACAGATCCTA_SMC052	SMC052	Control
GATTCGAGTCGGTACC_SMC053	SMC053	Active control
GATTCGAGTTAGGGAC_SMC049	SMC049	AD
GATTCGATCCACACCT_SMC052	SMC052	Control
GATTCTTAGCAGGGAG_SMC049	SMC049	AD
GATTCTTGTACGGATG_SMC049	SMC049	AD
GATTCTTGTGCCTGAC_SMC049	SMC049	AD
GATTCTTGTGCCTTCT_SMC049	SMC049	AD
GATTCTTTCAACTCTT_SMC049	SMC049	AD
GATTCTTTCACGATAC_SMC049	SMC049	AD
GATTCTTTCTCAATCT_SMC052	SMC052	Control
GATTGGTCACTCCGAG_SMC052	SMC052	Control
GATTGGTCAGCCGTTG_SMC041	SMC041	AD
GATTGGTGTGTTAAAG_SMC049	SMC049	AD
GATTTCTAGCTGAAGC_SMC038	SMC038	AD
GATTTCTAGGGACCAT_SMC053	SMC053	Active control
GATTTCTCAACGGTAG_SMC032	SMC032	AD
GATTTCTTCGATGCTA_SMC052	SMC052	Control
GATTTCTTCTTGGAAC_SMC041	SMC041	AD
GCAAACCTCGTAACCA_PO41	PO41	AD
GCAAAGGTCACGCATA_PO05	PO05	AD
GCAAAGGTCAGGTCAC_PO20	PO20	Control
GCAACATCAACCAACT_SMC049	SMC049	AD
GCAACATCATAGAGAG_PO05	PO05	AD
GCAACATCATCCGTGG_SMC037	SMC037	Active control
GCAACATGTGACCTGC_SMC036	SMC036	AD
GCAACATTCGCCTTTG_SMC049	SMC049	AD
GCAACATTCTTAGGAC_SMC052	SMC052	Control
GCAACCGAGCGATCGA_SMC052	SMC052	Control
GCAACCGCAAGATGGC_SMC049	SMC049	AD
GCAACCGCACGACGTC_SMC053	SMC053	Active control
GCAACCGCATTGCCGG_SMC049	SMC049	AD
GCAACCGGTCTGTGTA_SMC052	SMC052	Control
GCAACCGTCCTCTAAT_SMC035	SMC035	Active control
GCAACCGTCCTCTCGA_SMC052	SMC052	Control
GCAACGGGTTCGCTCT_PO13	PO13	Control
GCAACGTTCGAGGTCT_PO13	PO13	Control
GCAACTATCAGGGAAT_PO15	PO15	Control
GCAACTATCCGTGGCA_PO28	PO28	AD
GCAATCATCAGGTTGC_PO28	PO28	AD
GCAATCATCCCGCTTA_PO05	PO05	AD
GCAATCTGTAGCCTCA_PO15	PO15	Control
GCAATCTGTTTACAGC_PO15	PO15	Control
GCAATGAGTCAACTCG_PO23	PO23	Control
GCAATGAGTCTGTGCA_PO23	PO23	Control
GCAATGAGTGATTGCT_PO23	PO23	Control
GCACAATCAAGGGCTC_PO15	PO15	Control
GCACAATCATAACGTA_PO23	PO23	Control
GCACACTAGAAGCTCC_PO41	PO41	AD
GCACACTAGGTAATCT_PO42	PO42	AD
GCACAGCCACAAGCCA_PO05	PO05	AD
GCACATAAGATCCTAC_SMC052	SMC052	Control
GCACATAAGCTAGTTC_SMC041	SMC041	AD
GCACATACACCAGACC_SMC052	SMC052	Control
GCACATACAGGGCTTC_SMC033	SMC033	Control
GCACCGATCGCTTGGG_PO23	PO23	Control
GCACCTAGTCTGGCTA_PO28	PO28	AD
GCACCTAGTTAAGGGC_PO42	PO42	AD
GCACGAGGTAAGGTTG_PO05	PO05	AD
GCACGAGGTAATCGGA_PO23	PO23	Control
GCACGAGGTAGGTATG_PO28	PO28	AD
GCACGATTCACAGATT_PO42	PO42	AD
GCACGATTCCAATGTG_PO41	PO41	AD
GCACGATTCCATTGCT_PO15	PO15	Control
GCACGATTCGTGCCCT_PO41	PO41	AD
GCACGGTAGAACTGAT_SMC033	SMC033	Control
GCACGGTAGTGCCCGT_SMC053	SMC053	Active control
GCACGGTCAAATGGCT_PO28	PO28	AD
GCACGGTCACGCGTCA_SMC033	SMC033	Control
GCACGGTCATGACGGC_PO23	PO23	Control
GCACGGTTCCCTATTA_SMC033	SMC033	Control
GCACGGTTCGCTACAA_SMC052	SMC052	Control
GCACGGTTCTACACAG_SMC053	SMC053	Active control
GCACGTGAGGCACTCC_SMC052	SMC052	Control
GCACGTGCAGCCTTCT_SMC052	SMC052	Control
GCACGTGGTCTTCCGT_SMC052	SMC052	Control
GCACGTGGTTTACTTC_SMC041	SMC041	AD
GCACGTGTCCACGTAA_SMC037	SMC037	Active control
GCACTAACAGCTGTTA_SMC037	SMC037	Active control
GCACTAACATCAGCAT_SMC053	SMC053	Active control
GCACTAACATTCACAG_SMC053	SMC053	Active control
GCACTAATCAATCTGG_PO15	PO15	Control
GCACTAATCGTAACAC_SMC053	SMC053	Active control
GCACTATGTTGGATAG_PO41	PO41	AD
GCACTGACACTTAGGG_PO23	PO23	Control
GCACTGGTCTGTCAAG_PO20	PO20	Control
GCACTTGGTTGCGTCA_PO23	PO23	Control
GCAGCCAAGAGGATGA_SMC035	SMC035	Active control
GCAGCCAAGCGGTAAC_SMC041	SMC041	AD
GCAGCCAAGGTGCCAA_SMC052	SMC052	Control
GCAGCCACAATCTCGA_SMC052	SMC052	Control
GCAGCCACACATATCG_SMC035	SMC035	Active control
GCAGCCACATTAGGAA_SMC030	SMC030	Control
GCAGCCAGTAACTAAG_SMC049	SMC049	AD
GCAGCCAGTACACTCA_SMC049	SMC049	AD
GCAGCCATCAAGTTGC_SMC049	SMC049	AD
GCAGCCATCAATCTCC_PO28	PO28	AD
GCAGCCATCACACCCT_SMC041	SMC041	AD
GCAGCCATCAGTGTTG_SMC049	SMC049	AD
GCAGCGAGTTCGTATA_PO28	PO28	AD
GCAGCTGAGAATCGCG_SMC037	SMC037	Active control
GCAGCTGAGCGGTAAC_SMC049	SMC049	AD
GCAGCTGAGTACGTCT_SMC033	SMC033	Control
GCAGCTGAGTTGCCCG_SMC052	SMC052	Control
GCAGCTGGTGGTTTAC_SMC049	SMC049	AD
GCAGGCTCAGGTCCCA_SMC029	SMC029	AD
GCAGGCTGTCTTACTT_SMC029	SMC029	AD
GCAGGCTGTGTCCAAT_SMC049	SMC049	AD
GCAGGCTGTTATAGCC_SMC053	SMC053	Active control
GCAGGCTTCCAAGGGA_SMC035	SMC035	Active control
GCAGGCTTCGATAACC_SMC041	SMC041	AD
GCAGGCTTCGGAAACG_SMC041	SMC041	AD
GCAGGGACAAGCCACA_PO41	PO41	AD
GCAGGGACACATTGAA_PO23	PO23	Control
GCAGGGTAGGTTCGGT_PO20	PO20	Control
GCAGGGTAGTCGATGC_PO05	PO05	AD
GCAGTAAGTCAGTCCA_PO23	PO23	Control
GCAGTGAAGTGACGAG_PO15	PO15	Control
GCAGTTAAGCGGACAT_SMC052	SMC052	Control
GCAGTTAAGGGAGGTG_SMC053	SMC053	Active control
GCAGTTACACATGAAA_SMC052	SMC052	Control
GCAGTTAGTCCTACGG_SMC037	SMC037	Active control
GCATAGTCAAGCTCGA_PO11	PO11	AD
GCATCACAGGATCATT_PO28	PO28	AD
GCATCACAGGATGCTC_PO15	PO15	Control
GCATCGGAGGGCAGAG_SMC049	SMC049	AD
GCATCGGGTGACGTCC_SMC052	SMC052	Control
GCATCGGGTTTCGCTC_SMC053	SMC053	Active control
GCATCTAAGCCTGTCC_PO42	PO42	AD
GCATCTAAGGTGGCAA_PO41	PO41	AD
GCATCTCAGCCTCTCT_SMC049	SMC049	AD
GCATCTCCAAAGTATG_SMC052	SMC052	Control
GCATCTCCAGGTGTTT_SMC049	SMC049	AD
GCATCTCCATGTTACG_SMC049	SMC049	AD
GCATCTCTCCCATAGA_SMC052	SMC052	Control
GCATCTCTCCTGGGAC_SMC053	SMC053	Active control
GCATCTCTCTCGCGTT_SMC053	SMC053	Active control
GCATGAGAGGGTTGGA_PO23	PO23	Control
GCATGATAGGGTGGGA_SMC052	SMC052	Control
GCATGATGTCGAGATG_SMC052	SMC052	Control
GCATGATGTGACGTCC_SMC041	SMC041	AD
GCATGATGTTCGGTTA_SMC037	SMC037	Active control
GCATGATTCCTTGACC_SMC053	SMC053	Active control
GCATGGTTCATGTCCT_PO28	PO28	AD
GCATGTCAGCGGGATA_PO28	PO28	AD
GCATGTCAGTAGCATT_PO28	PO28	AD
GCATTAACAATGTCGG_PO15	PO15	Control
GCATTAACACCTATAT_PO15	PO15	Control
GCATTAACATTGCGCT_PO11	PO11	AD
GCATTACGTTGCACGC_PO11	PO11	AD
GCATTAGAGCATCTTG_SMC049	SMC049	AD
GCATTAGGTTAGGCCC_SMC035	SMC035	Active control
GCATTAGTCTCGCCTA_SMC052	SMC052	Control
GCATTATAGGCATCAC_PO23	PO23	Control
GCATTCAAGGATGGAT_PO20	PO20	Control
GCATTCCCAACGGGCT_PO28	PO28	AD
GCATTCCCAGCTCGAA_PO05	PO05	AD
GCATTGATCACGTAAT_PO11	PO11	AD
GCATTGATCCGTAGGT_PO28	PO28	AD
GCATTGATCGTAGTCA_PO42	PO42	AD
GCATTTAGTTATCCAA_PO13	PO13	Control
GCATTTGAGCTACTCT_PO11	PO11	AD
GCATTTGAGGTTACGC_PO20	PO20	Control
GCCAAATCAATTGGAC_PO13	PO13	Control
GCCAAATCACCTGTAC_PO42	PO42	AD
GCCAACGCAAGGACAC_SMC052	SMC052	Control
GCCAACGCATGGCCAC_SMC033	SMC033	Control
GCCAACGGTTTGGGTT_SMC052	SMC052	Control
GCCAACGTCCGGCAGT_SMC041	SMC041	AD
GCCAACGTCCTCCACA_SMC035	SMC035	Active control
GCCAACGTCGACCACG_SMC049	SMC049	AD
GCCAATGCAACTTACT_PO28	PO28	AD
GCCAATGCAGGAGCGA_PO42	PO42	AD
GCCAATGCATCACTAT_PO28	PO28	AD
GCCAATGCATCCAGAG_PO15	PO15	Control
GCCAATTGTCTGTCCT_PO13	PO13	Control
GCCACAACATCCGTGT_PO15	PO15	Control
GCCACATAGCGAGGAC_PO20	PO20	Control
GCCACATAGTATGAGA_PO28	PO28	AD
GCCACCTTCTGGATTG_PO11	PO11	AD
GCCACTTCACTTGCTA_PO05	PO05	AD
GCCACTTCAGGTTGCA_PO28	PO28	AD
GCCAGCACAAGAGTGC_SMC052	SMC052	Control
GCCAGCACAAGTAGTA_SMC049	SMC049	AD
GCCAGCACAGGTAGTG_SMC052	SMC052	Control
GCCAGCAGTGAGTAGC_SMC041	SMC041	AD
GCCAGGTAGCGGTAGT_SMC052	SMC052	Control
GCCAGGTCAAGGTCGA_SMC041	SMC041	AD
GCCAGGTCAGAACGCA_SMC053	SMC053	Active control
GCCAGGTCATCAGCGC_SMC053	SMC053	Active control
GCCAGGTTCGCGTGAC_SMC049	SMC049	AD
GCCAGTGAGATCCGAG_SMC038	SMC038	AD
GCCAGTGAGATCCTAC_SMC053	SMC053	Active control
GCCAGTGAGCCACTCG_SMC038	SMC038	AD
GCCAGTGAGCCTTGAT_SMC053	SMC053	Active control
GCCAGTGAGGTCGACA_SMC035	SMC035	Active control
GCCAGTGCAATACCTG_SMC053	SMC053	Active control
GCCAGTGCAGCACAAG_SMC053	SMC053	Active control
GCCAGTGGTTGCCGAC_SMC038	SMC038	AD
GCCAGTGTCCCTGTTG_SMC041	SMC041	AD
GCCAGTGTCGTGCTCT_SMC052	SMC052	Control
GCCATAATCAAGTGAA_PO42	PO42	AD
GCCATAGCAATTGGTA_PO23	PO23	Control
GCCATCTCAAACCTAA_PO42	PO42	AD
GCCATGGCACCGTGAC_SMC049	SMC049	AD
GCCATGGGTACTCCCT_SMC038	SMC038	AD
GCCATGGGTCAGTCTA_SMC030	SMC030	Control
GCCATGGTCCGCGTGA_PO23	PO23	Control
GCCATGGTCGACCATA_SMC041	SMC041	AD
GCCATGGTCGCAATGT_SMC049	SMC049	AD
GCCATTCCATAGATCC_SMC052	SMC052	Control
GCCATTCGTCACAGTT_SMC052	SMC052	Control
GCCATTCTCAAAGGTA_SMC052	SMC052	Control
GCCATTCTCCACAGGC_SMC035	SMC035	Active control
GCCCAAGTCGTCTCGC_PO15	PO15	Control
GCCCACTTCGTGACTA_PO20	PO20	Control
GCCCAGAAGTGCAAAT_SMC037	SMC037	Active control
GCCCAGACACCCTTAC_SMC035	SMC035	Active control
GCCCAGAGTAGCTTAC_SMC053	SMC053	Active control
GCCCAGAGTGACCGAA_SMC053	SMC053	Active control
GCCCATTCATTGGCCT_PO15	PO15	Control
GCCCCAAAGCTATCGA_PO05	PO05	AD
GCCCGAAAGATGGTAT_SMC052	SMC052	Control
GCCCGAAAGTCTCCTC_SMC038	SMC038	AD
GCCCGAACAATAGTAG_SMC052	SMC052	Control
GCCCGAACACGGTCTG_SMC052	SMC052	Control
GCCCTAGAGCTAGTAT_PO23	PO23	Control
GCCCTAGAGGAATGAC_PO42	PO42	AD
GCCCTAGAGTCATTCC_PO23	PO23	Control
GCCCTCACAGGGACAG_PO15	PO15	Control
GCCCTCACATTCGGGA_PO23	PO23	Control
GCCCTGAAGATACTCG_PO05	PO05	AD
GCCGAAGGTTCGTCAG_PO28	PO28	AD
GCCGAGTCAGCAGGGA_PO41	PO41	AD
GCCGAGTCATGATTAG_PO28	PO28	AD
GCCGATGCACGGGTAA_SMC049	SMC049	AD
GCCGATGCAGCAGACA_SMC035	SMC035	Active control
GCCGATGCATGAAAGT_SMC052	SMC052	Control
GCCGATGTCCATCTGC_SMC049	SMC049	AD
GCCGATGTCTCAGAAC_SMC030	SMC030	Control
GCCGATGTCTGTGCTC_SMC052	SMC052	Control
GCCGCTAAGTTAGTCG_PO11	PO11	AD
GCCGGTTGTGAACCAA_PO23	PO23	Control
GCCGGTTGTGAGGCAT_PO41	PO41	AD
GCCGTACGTAGCTTAC_PO23	PO23	Control
GCCGTACGTAGTCATC_PO20	PO20	Control
GCCGTAGTCCTGAGTA_PO05	PO05	AD
GCCGTCAAGTCGATCA_PO41	PO41	AD
GCCGTGACAGGCTACC_SMC049	SMC049	AD
GCCGTGAGTAAGATAC_SMC049	SMC049	AD
GCCGTGAGTCGTATTG_SMC041	SMC041	AD
GCCGTGAGTCTTGGTA_SMC053	SMC053	Active control
GCCGTGAGTTGACTAC_SMC053	SMC053	Active control
GCCGTGAGTTTGGGTT_SMC052	SMC052	Control
GCCGTGATCGCACTCT_SMC052	SMC052	Control
GCCGTTAGTCTTGCGA_PO42	PO42	AD
GCCGTTAGTTTAGCAC_PO42	PO42	AD
GCCTAAATCACCAGTA_PO28	PO28	AD
GCCTAAATCTATCAGG_PO42	PO42	AD
GCCTAATGTAGGTATG_PO23	PO23	Control
GCCTAATGTCAGGAAC_PO20	PO20	Control
GCCTAATGTCATCAAC_PO23	PO23	Control
GCCTACTCAATACTCT_PO42	PO42	AD
GCCTACTCATGGTACG_PO15	PO15	Control
GCCTACTCATTAGTCT_PO23	PO23	Control
GCCTATGGTTCCCGTT_PO05	PO05	AD
GCCTCATCACTACCAC_PO13	PO13	Control
GCCTCCACACAATGGT_PO15	PO15	Control
GCCTCCACATCGACAG_PO23	PO23	Control
GCCTCCACATGCTACC_PO23	PO23	Control
GCCTGCAAGCGGAGTA_PO41	PO41	AD
GCCTGCAAGCTTAACG_PO28	PO28	AD
GCCTGCAAGGGTAGCA_PO28	PO28	AD
GCCTGCAAGGTATGAA_PO15	PO15	Control
GCCTGTGAGTAACCCA_PO23	PO23	Control
GCCTGTGAGTAGACTT_PO20	PO20	Control
GCCTGTTAGTGAGTTA_SMC053	SMC053	Active control
GCCTGTTCAAACCTGG_PO23	PO23	Control
GCCTGTTCATAGAGAG_PO13	PO13	Control
GCCTGTTGTCACGTGC_SMC033	SMC033	Control
GCCTGTTGTTAGGGTG_SMC035	SMC035	Active control
GCCTGTTTCCCTATTA_SMC053	SMC053	Active control
GCCTGTTTCGCTAGCG_SMC049	SMC049	AD
GCCTGTTTCGGCTATA_SMC052	SMC052	Control
GCCTTGCTCCCATTAC_PO13	PO13	Control
GCGAAAGTCACGCTAA_PO28	PO28	AD
GCGAAAGTCCCTGATT_PO20	PO20	Control
GCGAGAACAATGTCAC_SMC035	SMC035	Active control
GCGAGAACAGCACAGA_SMC052	SMC052	Control
GCGAGAACAGCAGATG_SMC035	SMC035	Active control
GCGAGAAGTCATCCGG_SMC049	SMC049	AD
GCGAGAATCGAAGAAT_SMC049	SMC049	AD
GCGAGTAAGGCGTCCA_PO05	PO05	AD
GCGAGTTTCACAGACC_PO23	PO23	Control
GCGATCCGTATGTCCG_PO05	PO05	AD
GCGATCCGTGCGAGCA_PO42	PO42	AD
GCGATCGAGTCTAGAA_SMC033	SMC033	Control
GCGATCGCAGTAACCT_SMC049	SMC049	AD
GCGATCGGTCTGTAAC_SMC037	SMC037	Active control
GCGATCGGTTGGGACA_SMC049	SMC049	AD
GCGATGTTCACAGATT_PO28	PO28	AD
GCGATGTTCCCGGCTT_PO41	PO41	AD
GCGATTCAGCAGGTCT_PO42	PO42	AD
GCGATTCAGGTATCCA_PO42	PO42	AD
GCGATTCAGGTGACGA_PO05	PO05	AD
GCGCAAGGTGACCGAG_PO42	PO42	AD
GCGCAAGGTGCGGTCT_PO05	PO05	AD
GCGCAAGGTTTACTGA_PO23	PO23	Control
GCGCAAGGTTTCGACG_PO28	PO28	AD
GCGCATTAGCATCGAC_PO23	PO23	Control
GCGCATTAGGTGGACA_PO15	PO15	Control
GCGCCAATCATCGTGA_PO28	PO28	AD
GCGCCTAAGGCGATGA_PO05	PO05	AD
GCGCTAACATTGGCGA_PO05	PO05	AD
GCGCTAGTCCTGCCAC_PO28	PO28	AD
GCGCTCAAGGCACACT_PO42	PO42	AD
GCGCTTAGTTCTGGAT_PO42	PO42	AD
GCGCTTGAGCCACTCC_PO28	PO28	AD
GCGGAAAAGGAAAGTG_SMC041	SMC041	AD
GCGGAAAAGTGTTCAC_SMC049	SMC049	AD
GCGGAAACAACATACC_SMC030	SMC030	Control
GCGGAAACACCCATAA_SMC038	SMC038	AD
GCGGAAAGTATCGCTA_SMC037	SMC037	Active control
GCGGAAAGTGTTAGCT_SMC038	SMC038	AD
GCGGAAATCGATCCAA_SMC049	SMC049	AD
GCGGACTCAACCAACG_PO05	PO05	AD
GCGGAGACAAACCCAG_PO41	PO41	AD
GCGGAGACATGAAGCT_PO11	PO11	AD
GCGGAGTAGAACGAAC_PO28	PO28	AD
GCGGAGTAGCTTACCT_PO23	PO23	Control
GCGGATCAGGAGACCT_SMC052	SMC052	Control
GCGGATCAGGCCCAAA_SMC052	SMC052	Control
GCGGATCAGGTAGCAC_SMC049	SMC049	AD
GCGGATCGTAGTCCTA_SMC053	SMC053	Active control
GCGGATCTCGTGGTAT_SMC052	SMC052	Control
GCGGATGGTTGTAGCT_PO15	PO15	Control
GCGGCTTGTAAGTCTC_PO23	PO23	Control
GCGGGAACACTATGCC_PO15	PO15	Control
GCGGGATAGGAGCTAG_PO23	PO23	Control
GCGGGTAGTAACGGGT_PO20	PO20	Control
GCGGGTAGTCTGTGAT_PO05	PO05	AD
GCGGGTAGTGAAGCAC_PO20	PO20	Control
GCGGGTAGTTGACGAA_PO23	PO23	Control
GCGGGTTCACTACCGT_PO05	PO05	AD
GCGGGTTCATTACCCA_PO23	PO23	Control
GCGGTAAAGTTGCAGC_PO23	PO23	Control
GCGGTAGGTAGCTCCA_PO42	PO42	AD
GCGGTAGGTCATGAAG_PO41	PO41	AD
GCGGTAGGTTCACTCC_PO23	PO23	Control
GCGTAATCAGCACGGT_PO23	PO23	Control
GCGTACCGTCAATCCG_PO05	PO05	AD
GCGTACCGTTGGGCAG_PO42	PO42	AD
GCGTAGCCAATCTAAG_PO05	PO05	AD
GCGTAGCCATAGAGAG_PO23	PO23	Control
GCGTAGCCATGCAGAT_PO15	PO15	Control
GCGTATTGTCTAACCG_PO42	PO42	AD
GCGTCAACAGGACACC_PO28	PO28	AD
GCGTCAACATTAGTTC_PO11	PO11	AD
GCGTCCTTCATACTGG_PO15	PO15	Control
GCGTGAGGTAGGTCAA_PO15	PO15	Control
GCGTGAGGTTCCGCTT_PO15	PO15	Control
GCGTGCACAATGCTCA_SMC052	SMC052	Control
GCGTGCAGTTCGAACT_SMC052	SMC052	Control
GCGTGCATCACGCCTC_PO20	PO20	Control
GCGTGCATCCTGTCGC_PO11	PO11	AD
GCGTTAATCGATCGGT_PO05	PO05	AD
GCGTTAGCAGCTAAGT_PO20	PO20	Control
GCGTTAGCATCGGTGA_PO42	PO42	AD
GCGTTCCTCAGGGCTT_PO23	PO23	Control
GCGTTTCAGCTCTTCC_SMC049	SMC049	AD
GCGTTTCCACCTGCTT_SMC049	SMC049	AD
GCGTTTCCAGGATTAC_PO20	PO20	Control
GCGTTTCCATTCGATG_SMC049	SMC049	AD
GCGTTTCTCAGAGCAG_SMC052	SMC052	Control
GCGTTTCTCGAGTACT_SMC049	SMC049	AD
GCGTTTCTCTAGCCAA_SMC049	SMC049	AD
GCTAAACCAAACTACA_PO23	PO23	Control
GCTAAACCATAACGAC_PO41	PO41	AD
GCTAAAGGTCTGGCGT_PO15	PO15	Control
GCTAAAGGTGGCGCTT_PO41	PO41	AD
GCTAACATCTATGGAT_PO23	PO23	Control
GCTAAGTCAACCTTGC_PO20	PO20	Control
GCTAAGTCAACGTTCC_PO23	PO23	Control
GCTACAAAGGTCACAG_SMC035	SMC035	Active control
GCTACAACAGAGACTG_SMC049	SMC049	AD
GCTACAATCAAGTTGC_SMC052	SMC052	Control
GCTACAATCACCCTGT_SMC049	SMC049	AD
GCTACAGCAGGCATCA_PO23	PO23	Control
GCTACCCTCATATGGT_PO41	PO41	AD
GCTACCTAGCACACAG_SMC049	SMC049	AD
GCTACCTAGGACTATA_SMC052	SMC052	Control
GCTACCTAGGCTGAAC_SMC032	SMC032	AD
GCTACCTCAGCACTTC_PO15	PO15	Control
GCTACCTGTTAGTCGT_SMC027	SMC027	Control
GCTACCTTCATGAGAA_SMC049	SMC049	AD
GCTACCTTCTCGTGGG_SMC052	SMC052	Control
GCTACCTTCTGTCTCG_SMC052	SMC052	Control
GCTACTGGTGCGCATC_PO41	PO41	AD
GCTAGGGGTCAGCCAC_PO28	PO28	AD
GCTAGGTTCGAACCCG_PO23	PO23	Control
GCTAGTTGTAACCACT_PO28	PO28	AD
GCTAGTTGTTAGAGAT_PO28	PO28	AD
GCTATCCCATCCGTTA_PO23	PO23	Control
GCTATGATCAGTTAGT_PO41	PO41	AD
GCTCAAAAGTGCTCGC_SMC033	SMC033	Control
GCTCAAACAGATCCAT_SMC038	SMC038	AD
GCTCAAACAGCACAAG_SMC053	SMC053	Active control
GCTCAAAGTCTTGAGT_SMC052	SMC052	Control
GCTCAAAGTGGACCTC_SMC052	SMC052	Control
GCTCAAAGTTAACCTG_SMC052	SMC052	Control
GCTCAAAGTTACAGCT_SMC052	SMC052	Control
GCTCAAATCACGGGCT_SMC038	SMC038	AD
GCTCAAATCCGATTAG_SMC041	SMC041	AD
GCTCAAATCGCTAGTA_PO11	PO11	AD
GCTCAAATCTCGACCT_SMC053	SMC053	Active control
GCTCAAATCTGTCAAG_PO42	PO42	AD
GCTCAATGTCAGGGCA_PO23	PO23	Control
GCTCAATGTTCGGCAC_PO13	PO13	Control
GCTCAATGTTTCGTCC_PO13	PO13	Control
GCTCACCTCCGTGAAC_PO15	PO15	Control
GCTCAGGTCCAGCCTC_PO42	PO42	AD
GCTCAGGTCGATGCAC_PO23	PO23	Control
GCTCAGGTCGTTAGCA_PO20	PO20	Control
GCTCATCCATTGCGTC_PO20	PO20	Control
GCTCATGGTTAGTTCA_PO23	PO23	Control
GCTCCAAGTTTCGATA_PO28	PO28	AD
GCTCCATCAAAGGAAT_PO28	PO28	AD
GCTCCCACAATTCGGG_PO20	PO20	Control
GCTCCCACAGCTCGTT_PO05	PO05	AD
GCTCCTGCATGACAGT_PO42	PO42	AD
GCTCCTGCATGATAGC_PO20	PO20	Control
GCTCGATAGATTGCTG_PO13	PO13	Control
GCTCGCTTCCGTGTGG_PO20	PO20	Control
GCTCGCTTCGACATAT_PO23	PO23	Control
GCTCGCTTCGTTCGTT_PO20	PO20	Control
GCTCGTAGTTAGCGCC_PO05	PO05	AD
GCTCGTAGTTATCAGC_PO11	PO11	AD
GCTCGTAGTTCGCCTT_PO13	PO13	Control
GCTCGTTCAATCTGCC_PO23	PO23	Control
GCTCGTTCATGGTCCT_PO41	PO41	AD
GCTGAAAGTAAGGACC_PO23	PO23	Control
GCTGAATCACGCGCTA_SMC052	SMC052	Control
GCTGAATCAGCTGTTA_SMC049	SMC049	AD
GCTGAATCATGACCCG_SMC049	SMC049	AD
GCTGAATGTCAGGTAG_SMC049	SMC049	AD
GCTGAATGTTCTTGTT_SMC052	SMC052	Control
GCTGAATTCGCCGATG_SMC049	SMC049	AD
GCTGAATTCGTGCAGC_SMC030	SMC030	Control
GCTGAATTCGTTAGTG_SMC052	SMC052	Control
GCTGATGCACATTGCC_PO15	PO15	Control
GCTGATTGTAGGCTGG_PO28	PO28	AD
GCTGCAGAGCATTGAA_SMC052	SMC052	Control
GCTGCAGGTAAGTCAA_SMC052	SMC052	Control
GCTGCAGGTCGACTTA_SMC052	SMC052	Control
GCTGCAGGTCTACAGT_SMC052	SMC052	Control
GCTGCAGTCCGGTAGC_SMC035	SMC035	Active control
GCTGCAGTCGTAGCTA_SMC041	SMC041	AD
GCTGCGATCTTGACTC_PO41	PO41	AD
GCTGCTAGTGGCGTAG_PO42	PO42	AD
GCTGCTGAGGTCGAAG_PO23	PO23	Control
GCTGCTGAGTTAACCG_PO42	PO42	AD
GCTGCTGAGTTACCTC_PO20	PO20	Control
GCTGCTGAGTTGGTTG_PO13	PO13	Control
GCTGGATTCTATCCTA_PO42	PO42	AD
GCTGGGTCATTGGGAG_SMC052	SMC052	Control
GCTGGGTGTAATACCC_SMC052	SMC052	Control
GCTGGGTGTCGTGGAA_SMC052	SMC052	Control
GCTGGGTTCATGGTAC_SMC032	SMC032	AD
GCTGGGTTCCCGAACG_SMC052	SMC052	Control
GCTGGTTAGTGAGACG_PO15	PO15	Control
GCTGTATGTAACTGCT_PO28	PO28	AD
GCTGTATGTAAGTCCT_PO28	PO28	AD
GCTGTTGGTGCAAGTA_PO42	PO42	AD
GCTTAATAGAATCCGC_PO05	PO05	AD
GCTTAATAGATTCGCA_PO23	PO23	Control
GCTTAATAGTGCGCCA_PO23	PO23	Control
GCTTACAAGCAAGCGA_PO11	PO11	AD
GCTTACTTCGAACGGA_PO42	PO42	AD
GCTTATAGTTAACCAC_PO42	PO42	AD
GCTTCACAGAGAGAAC_SMC052	SMC052	Control
GCTTCACAGTGCCAGA_SMC052	SMC052	Control
GCTTCACCAAACCGAT_PO23	PO23	Control
GCTTCACCAACCGTGC_SMC035	SMC035	Active control
GCTTCACCAAGACGGT_SMC038	SMC038	AD
GCTTCACCACTTGTGA_SMC052	SMC052	Control
GCTTCACGTCGTGGTC_SMC049	SMC049	AD
GCTTCACTCAACCCGG_SMC053	SMC053	Active control
GCTTCACTCACTAGCA_SMC041	SMC041	AD
GCTTCAGGTCAACGAA_PO42	PO42	AD
GCTTCAGGTGACGACG_PO28	PO28	AD
GCTTCATTCAGCAGAG_PO28	PO28	AD
GCTTCCATCTGGTAGC_PO23	PO23	Control
GCTTCCTGTATAGCGA_PO23	PO23	Control
GCTTGAATCCCGTGCT_PO23	PO23	Control
GCTTGGACAATCGCAG_PO20	PO20	Control
GCTTGGGGTCGCCTAG_SMC053	SMC053	Active control
GCTTGGGGTCGTAATC_SMC041	SMC041	AD
GCTTGGGGTGACAGGT_SMC052	SMC052	Control
GCTTGGGTCAGGTGTT_SMC038	SMC038	AD
GCTTGGGTCATGTCAG_SMC052	SMC052	Control
GCTTGGGTCGTAATGC_SMC052	SMC052	Control
GCTTGGGTCTATGCCT_PO42	PO42	AD
GCTTGTAAGCCGACTG_PO28	PO28	AD
GCTTGTAAGGTCGAAG_PO23	PO23	Control
GCTTTCACATGGCGAC_PO05	PO05	AD
GCTTTCGAGTTCATGC_SMC052	SMC052	Control
GCTTTCGGTCGTTGGC_SMC049	SMC049	AD
GCTTTCGGTCTAGTGT_SMC052	SMC052	Control
GCTTTGAAGTAGGAGT_PO42	PO42	AD
GCTTTGGGTGCGGTAG_PO11	PO11	AD
GGAAAGCCAGGACTGC_PO28	PO28	AD
GGAAATGCACAAGCGC_PO28	PO28	AD
GGAACATAGGAGCTAG_PO20	PO20	Control
GGAACATAGTTGCGCG_PO05	PO05	AD
GGAACCAAGGCAACGA_PO05	PO05	AD
GGAACCAAGGCAACGA_PO13	PO13	Control
GGAACCAAGGGTCCTG_PO23	PO23	Control
GGAACCAAGTCGATGC_PO41	PO41	AD
GGAACCCGTCGCCACA_SMC049	SMC049	AD
GGAACCCTCCATTGCC_SMC038	SMC038	AD
GGAACCCTCGCAAGAG_SMC052	SMC052	Control
GGAACCCTCTCTATGT_SMC052	SMC052	Control
GGAACCTTCCATGCTT_PO13	PO13	Control
GGAACCTTCTATGCTC_PO41	PO41	AD
GGAACTGAGCAGGGTA_PO23	PO23	Control
GGAACTGAGCGAGACA_PO15	PO15	Control
GGAAGCATCTAGGCAC_PO15	PO15	Control
GGAAGCCAGCGATACC_PO20	PO20	Control
GGAAGCCAGGCGCTCA_PO42	PO42	AD
GGAAGGCTCAGGACAG_PO15	PO15	Control
GGAAGGTCAAGGTATC_PO23	PO23	Control
GGAAGTGAGAGTCAGC_SMC052	SMC052	Control
GGAAGTGAGCTGCCTG_SMC053	SMC053	Active control
GGAAGTGAGTCTAGAA_SMC037	SMC037	Active control
GGAAGTGCAACCCGCA_SMC052	SMC052	Control
GGAAGTGGTCCTACAA_SMC052	SMC052	Control
GGAAGTGTCCTTCACG_SMC041	SMC041	AD
GGAAGTGTCGGTCGAC_SMC032	SMC032	AD
GGAAGTGTCTCGGTAA_SMC032	SMC032	AD
GGAAGTTAGCCACTAA_PO42	PO42	AD
GGAAGTTAGCCACTCC_PO28	PO28	AD
GGAATCTAGGCGTTAG_SMC035	SMC035	Active control
GGAATCTAGTAGACCG_SMC038	SMC038	AD
GGAATCTCAGCTCTCG_PO42	PO42	AD
GGAATCTCATCCGGTT_PO23	PO23	Control
GGAATCTGTACTCGTA_SMC053	SMC053	Active control
GGAATCTTCCAAGCCG_SMC038	SMC038	AD
GGAATCTTCCCTCATG_SMC053	SMC053	Active control
GGAATCTTCCTGTAGA_SMC049	SMC049	AD
GGAATCTTCGAACACT_SMC049	SMC049	AD
GGAATGGAGATACTGA_SMC053	SMC053	Active control
GGAATGGCACTTCAGA_SMC053	SMC053	Active control
GGAATGGGTGCAAGAC_SMC033	SMC033	Control
GGAATGGTCACATGGC_PO05	PO05	AD
GGAATGGTCACATTGG_SMC053	SMC053	Active control
GGAATGGTCGCGGACT_SMC052	SMC052	Control
GGAATGGTCTGGGATT_SMC049	SMC049	AD
GGACAATAGGTATAGA_PO41	PO41	AD
GGACAATAGGTGCGTT_PO28	PO28	AD
GGACAATAGTGAGGCA_PO11	PO11	AD
GGACATGAGAAGGGCC_PO05	PO05	AD
GGACCTTAGGTGGAGC_PO42	PO42	AD
GGACGAATCCCAGTCC_PO28	PO28	AD
GGACGAATCTCATTGC_PO05	PO05	AD
GGACGATGTCCATAGT_PO41	PO41	AD
GGACGGACAGTACCAG_PO15	PO15	Control
GGACGTCAGAACTCCT_SMC049	SMC049	AD
GGACGTCAGACTTAAG_SMC035	SMC035	Active control
GGACGTCCAGAGCCCT_SMC049	SMC049	AD
GGACGTCCAGGGTCTC_SMC052	SMC052	Control
GGACGTCCATAGATCC_SMC053	SMC053	Active control
GGACGTCCATCCTTGC_SMC053	SMC053	Active control
GGACGTCTCCACGGGT_SMC052	SMC052	Control
GGACGTTTCAGGCATC_PO11	PO11	AD
GGACTCACAACTCGGA_PO23	PO23	Control
GGACTTATCACTAGGC_PO28	PO28	AD
GGACTTGCAAGCTCAG_PO15	PO15	Control
GGACTTGCAGGTTACG_PO23	PO23	Control
GGAGAACCACAAATAG_SMC033	SMC033	Control
GGAGAACCAGGTTCGC_SMC031	SMC031	Active control
GGAGAACCATCAAGGT_PO05	PO05	AD
GGAGAACCATCATTGG_SMC052	SMC052	Control
GGAGAAGGTAATGAAC_PO42	PO42	AD
GGAGAGGAGGCGTATC_PO28	PO28	AD
GGAGAGGAGTACCAAT_PO28	PO28	AD
GGAGAGTCAAGCTGTG_PO41	PO41	AD
GGAGAGTCAATACGAC_PO20	PO20	Control
GGAGATGCAAGCTGCC_SMC033	SMC033	Control
GGAGATGCAATAGTCC_SMC049	SMC049	AD
GGAGATGCAGAAATTG_SMC032	SMC032	AD
GGAGATGGTCGAATTC_SMC052	SMC052	Control
GGAGATGTCCGTGTAA_SMC052	SMC052	Control
GGAGATTAGAATCCGC_PO13	PO13	Control
GGAGCATGTTGGAATG_PO13	PO13	Control
GGAGCATGTTTCGAGT_PO23	PO23	Control
GGAGCTAAGCCAGTCG_PO28	PO28	AD
GGAGCTAAGGCGTCAT_PO28	PO28	AD
GGAGCTGGTCTAGAGA_PO28	PO28	AD
GGAGGATAGCGAGTAC_SMC049	SMC049	AD
GGAGGATAGCGCCCAT_SMC049	SMC049	AD
GGAGGATGTGGATACG_SMC052	SMC052	Control
GGAGGATGTTAGCTAC_SMC041	SMC041	AD
GGAGGATGTTGGACTT_SMC052	SMC052	Control
GGAGGATGTTTCCAAG_SMC049	SMC049	AD
GGAGGATGTTTGACAC_SMC030	SMC030	Control
GGAGGTAAGAGCAGAA_SMC049	SMC049	AD
GGAGGTAAGCTCGACC_SMC053	SMC053	Active control
GGAGGTAGTAGGTTTC_SMC053	SMC053	Active control
GGAGGTAGTAGTCTGT_SMC053	SMC053	Active control
GGAGGTAGTCGTATTG_SMC049	SMC049	AD
GGAGGTAGTGCCCACA_SMC053	SMC053	Active control
GGAGGTTGTTGCAATC_PO23	PO23	Control
GGAGTATAGCAACCTA_PO23	PO23	Control
GGAGTATAGCCTTCCA_PO23	PO23	Control
GGAGTCAAGCATAGGG_PO41	PO41	AD
GGAGTCAAGGTAGCCT_PO28	PO28	AD
GGAGTGATCACGTAAT_PO28	PO28	AD
GGAGTTAGTGAGGTGT_PO42	PO42	AD
GGATAACAGCGCTTCC_PO28	PO28	AD
GGATAACAGGAGGTAT_PO11	PO11	AD
GGATAATGTTATCTGA_PO28	PO28	AD
GGATAGGTCATCGTTC_PO13	PO13	Control
GGATAGGTCCATGTGA_PO42	PO42	AD
GGATCGCCATAAGGAG_PO05	PO05	AD
GGATCGTTCTGGATAT_PO05	PO05	AD
GGATCTACAAGTCGTT_SMC052	SMC052	Control
GGATCTACAATAACCC_SMC049	SMC049	AD
GGATCTACACTTTATC_SMC052	SMC052	Control
GGATCTAGTTGCATTG_SMC053	SMC053	Active control
GGATCTATCAATGTGT_PO28	PO28	AD
GGATCTATCACAGAGG_SMC030	SMC030	Control
GGATGCTTCGACATTG_PO15	PO15	Control
GGATGGATCCGTAGTA_PO23	PO23	Control
GGATGGGCAACTACTT_PO23	PO23	Control
GGATGGGCAGGCTAAT_PO42	PO42	AD
GGATGTGAGATTCGTG_PO13	PO13	Control
GGATGTGAGCTACTTC_PO23	PO23	Control
GGATGTGAGGTTACGC_PO28	PO28	AD
GGATGTGAGTGAAGGT_PO28	PO28	AD
GGATGTGAGTTGGTTG_PO23	PO23	Control
GGATGTTAGATAACGT_SMC052	SMC052	Control
GGATGTTAGCATAGGC_SMC053	SMC053	Active control
GGATGTTCAGCAAGAC_SMC049	SMC049	AD
GGATGTTCATCGGATT_SMC052	SMC052	Control
GGATGTTGTATCCCTC_SMC052	SMC052	Control
GGATGTTTCGGTCGGT_SMC038	SMC038	AD
GGATGTTTCTAGCATG_SMC052	SMC052	Control
GGATTAAAGCTAGGCT_PO23	PO23	Control
GGATTGAGTCAAGCAA_PO23	PO23	Control
GGCAACCCAGCTCTGT_PO05	PO05	AD
GGCAACTTCTATGACG_PO23	PO23	Control
GGCAAGGCAACATCCC_PO15	PO15	Control
GGCAAGGCAAGCCTAG_PO28	PO28	AD
GGCAAGGCATCCTTGA_PO05	PO05	AD
GGCAATGAGCATCCTT_PO28	PO28	AD
GGCAATTCATGATCGG_PO42	PO42	AD
GGCACACCATCACGGA_PO42	PO42	AD
GGCACATTCGCTTGGG_PO42	PO42	AD
GGCACATTCGTCTAAG_PO23	PO23	Control
GGCACCTGTCTGTGGC_PO23	PO23	Control
GGCACGAGTTGCAGCC_PO05	PO05	AD
GGCACGAGTTTAGGAG_PO15	PO15	Control
GGCACGTAGCAACCAG_SMC052	SMC052	Control
GGCACGTAGCATTGTC_SMC053	SMC053	Active control
GGCACGTAGTTGCGAG_SMC052	SMC052	Control
GGCACGTCAATCAAGA_SMC052	SMC052	Control
GGCACGTCATCGTGGC_SMC041	SMC041	AD
GGCACGTTCAACACGT_SMC049	SMC049	AD
GGCACGTTCTCCAAGA_SMC053	SMC053	Active control
GGCAGTCAGCAAACAT_SMC053	SMC053	Active control
GGCAGTCTCAATCCGA_SMC052	SMC052	Control
GGCAGTCTCACCATCC_SMC033	SMC033	Control
GGCATCCGTCAACTAC_PO28	PO28	AD
GGCATCCGTTAGGCCC_PO28	PO28	AD
GGCATGAAGCAAGTAA_PO28	PO28	AD
GGCATGAAGCATCGGT_PO05	PO05	AD
GGCATGAAGTTGGCGT_PO20	PO20	Control
GGCATGAAGTTGGCTA_PO20	PO20	Control
GGCATTATCACCCTGC_PO05	PO05	AD
GGCATTATCTGTGATG_PO11	PO11	AD
GGCCAACCAACTTACT_PO41	PO41	AD
GGCCAATTCGAACCGT_PO23	PO23	Control
GGCCCTAAGGGCTACT_PO28	PO28	AD
GGCCGAAGTAAGTGGC_PO05	PO05	AD
GGCCGAAGTTGTGCAT_PO41	PO41	AD
GGCCGTTGTCTCACCT_PO28	PO28	AD
GGCCGTTGTGACTCCA_PO05	PO05	AD
GGCCGTTGTTATCTGA_PO28	PO28	AD
GGCCGTTGTTGGCCTA_PO42	PO42	AD
GGCCTAGTCTGGTACA_PO42	PO42	AD
GGCCTCAAGTCGACCG_PO41	PO41	AD
GGCGAACAGGTTGAGG_PO13	PO13	Control
GGCGAACAGTTAGCAT_PO23	PO23	Control
GGCGAATGTTACACCG_PO42	PO42	AD
GGCGAATGTTAGTCGT_PO05	PO05	AD
GGCGACTCAACATGCG_PO28	PO28	AD
GGCGAGACAGGTTCCT_PO13	PO13	Control
GGCGATCCAACCAACG_PO13	PO13	Control
GGCGATTTCCGTTGGG_PO20	PO20	Control
GGCGATTTCGATATAC_PO28	PO28	AD
GGCGCTATCACATGAT_PO13	PO13	Control
GGCGCTATCGTTCCTG_PO13	PO13	Control
GGCGGTAGTTTGAGAG_PO23	PO23	Control
GGCGGTTCAATCTCGC_PO15	PO15	Control
GGCGTAAAGCCAGCAT_PO15	PO15	Control
GGCGTAGGTTCTGGGC_PO28	PO28	AD
GGCGTCAAGTAGCCAG_SMC053	SMC053	Active control
GGCGTCACAATTCTCT_SMC049	SMC049	AD
GGCGTCACAGGTCAAG_SMC053	SMC053	Active control
GGCGTCATCGTCGGGT_SMC041	SMC041	AD
GGCGTCTGTTAACCGT_PO05	PO05	AD
GGCGTGAGTGAGGAGA_PO11	PO11	AD
GGCGTGAGTTCATCCC_PO05	PO05	AD
GGCGTTACAATATCGA_PO05	PO05	AD
GGCGTTACATCCAACC_PO28	PO28	AD
GGCTAATCATCAAGCG_PO05	PO05	AD
GGCTAGAAGATACTAC_PO41	PO41	AD
GGCTATTGTAGGCGTG_PO41	PO41	AD
GGCTCAACATGGATCG_PO28	PO28	AD
GGCTCGATCAATTGGT_PO20	PO20	Control
GGCTCGATCCGCTGGA_PO23	PO23	Control
GGCTGAAAGCTTCCCA_PO28	PO28	AD
GGCTGACCAATGAGCT_PO20	PO20	Control
GGCTGCATCCTGCGGA_PO28	PO28	AD
GGCTGGTCATCCTTGA_PO42	PO42	AD
GGCTGTGAGCACCAGA_SMC037	SMC037	Active control
GGCTGTGCAGGATTCT_SMC053	SMC053	Active control
GGCTGTGTCATCAGTG_SMC053	SMC053	Active control
GGCTGTTAGTGACCTA_PO41	PO41	AD
GGCTGTTAGTTACCTC_PO28	PO28	AD
GGCTTAATCGTTCATC_PO28	PO28	AD
GGCTTCCTCTAGTCTC_PO23	PO23	Control
GGCTTCTCACCTGTAC_PO23	PO23	Control
GGCTTCTCATTCCTAG_PO28	PO28	AD
GGCTTGGAGCTCCCTT_SMC036	SMC036	AD
GGCTTGGAGGAAGTAG_SMC052	SMC052	Control
GGCTTGGCACAGTCAT_SMC037	SMC037	Active control
GGCTTGGCACCAAAGG_SMC038	SMC038	AD
GGCTTGGCACCAACAT_SMC041	SMC041	AD
GGCTTGGGTCGAACAG_SMC049	SMC049	AD
GGCTTGGTCACCTTCG_PO15	PO15	Control
GGCTTGGTCCCGCACT_PO41	PO41	AD
GGCTTGGTCGAAGCCC_SMC052	SMC052	Control
GGCTTGGTCGGTAACT_SMC033	SMC033	Control
GGCTTTCAGCCATTTG_SMC053	SMC053	Active control
GGCTTTCAGCTGTGCC_SMC053	SMC053	Active control
GGCTTTCTCTACCTTA_SMC053	SMC053	Active control
GGCTTTGGTCATCACG_PO15	PO15	Control
GGGAAGTAGCGCCGTT_SMC049	SMC049	AD
GGGAAGTAGCGTCAGA_SMC035	SMC035	Active control
GGGAAGTAGGCTGGAT_SMC049	SMC049	AD
GGGAAGTAGGTCTTTG_SMC049	SMC049	AD
GGGAAGTAGTAACCGG_SMC052	SMC052	Control
GGGAAGTCACAAGCAG_SMC033	SMC033	Control
GGGAAGTCAGGCGTTC_SMC049	SMC049	AD
GGGAAGTCATGGGAAC_SMC053	SMC053	Active control
GGGAAGTCATTCTGTT_SMC035	SMC035	Active control
GGGAAGTGTCGCCTAG_SMC038	SMC038	AD
GGGAAGTGTTCAAGGG_SMC052	SMC052	Control
GGGAAGTTCGATACAC_SMC052	SMC052	Control
GGGAATGTCACCTCAT_PO42	PO42	AD
GGGAATTAGGTAGGGC_PO42	PO42	AD
GGGACAAAGACCATAA_SMC053	SMC053	Active control
GGGACAAAGCGATCGA_SMC041	SMC041	AD
GGGACAACAAGAGTTA_SMC032	SMC032	AD
GGGACAATCAACACCA_SMC049	SMC049	AD
GGGACAATCAATCCTC_PO05	PO05	AD
GGGACAATCAGCTAGT_SMC053	SMC053	Active control
GGGACAATCCATCAGA_PO28	PO28	AD
GGGACAATCGACCTGG_PO13	PO13	Control
GGGACAATCGCCTTGT_SMC052	SMC052	Control
GGGACAATCGTAACCA_SMC038	SMC038	AD
GGGACCAGTGGCCTGT_PO20	PO20	Control
GGGACCTAGCACCTGC_SMC053	SMC053	Active control
GGGACCTAGGCCCGTT_SMC049	SMC049	AD
GGGACCTGTGTTGACT_SMC049	SMC049	AD
GGGACCTTCCCGGTAG_SMC041	SMC041	AD
GGGACGTAGTAATTGC_PO42	PO42	AD
GGGACGTAGTAGGCTC_PO05	PO05	AD
GGGACTAAGTAGAGGT_PO28	PO28	AD
GGGACTCAGAGCAGTC_SMC052	SMC052	Control
GGGACTCAGTGATAAC_SMC053	SMC053	Active control
GGGACTCGTGACCTGC_SMC053	SMC053	Active control
GGGACTCGTGAGATTA_SMC041	SMC041	AD
GGGACTCTCACGATAC_SMC053	SMC053	Active control
GGGACTCTCTTCCTAA_SMC053	SMC053	Active control
GGGACTGGTAGGTCAA_PO28	PO28	AD
GGGACTGGTAGTGCAA_PO15	PO15	Control
GGGACTGGTTCGTTCC_PO28	PO28	AD
GGGACTGGTTTACGGT_PO28	PO28	AD
GGGAGATAGAAACTAC_SMC035	SMC035	Active control
GGGAGATAGAGCACTG_SMC052	SMC052	Control
GGGAGATCAATTTCTC_SMC052	SMC052	Control
GGGAGATCACGCTTAA_SMC049	SMC049	AD
GGGAGATGTAACTAAG_SMC052	SMC052	Control
GGGAGATGTACCTAGT_SMC041	SMC041	AD
GGGAGATGTTGTTGTG_SMC033	SMC033	Control
GGGAGATTCATTGAGC_SMC053	SMC053	Active control
GGGAGTAAGAATCTAG_SMC049	SMC049	AD
GGGAGTAAGGAGAGTA_SMC052	SMC052	Control
GGGAGTACAGAAGCTG_SMC035	SMC035	Active control
GGGAGTACAGAGGCTA_SMC052	SMC052	Control
GGGAGTACAGTCAACT_SMC053	SMC053	Active control
GGGAGTAGTCAAGCCC_SMC035	SMC035	Active control
GGGAGTAGTGACATCT_SMC041	SMC041	AD
GGGATCAAGCCAGCAT_PO28	PO28	AD
GGGATCCAGGTTACCT_SMC033	SMC033	Control
GGGATCCCAGACCAAG_SMC052	SMC052	Control
GGGATCCGTCCAGCGT_SMC053	SMC053	Active control
GGGATCCGTGAGTGAC_SMC052	SMC052	Control
GGGATCCGTTACCTTT_SMC032	SMC032	AD
GGGATCCTCGACATAC_SMC052	SMC052	Control
GGGATGACAATGAACA_SMC033	SMC033	Control
GGGATGAGTATCGCTA_SMC038	SMC038	AD
GGGATGATCTAGTGAC_SMC052	SMC052	Control
GGGATTAGTGGCGACA_PO11	PO11	AD
GGGATTGAGCGATGTC_PO15	PO15	Control
GGGATTGAGTTACCAG_PO05	PO05	AD
GGGATTGAGTTAGAGA_PO15	PO15	Control
GGGCAACAGCAAGGAT_PO11	PO11	AD
GGGCAACAGCGGTCTG_PO23	PO23	Control
GGGCAACAGGTTCACA_PO28	PO28	AD
GGGCAATGTAGTGATG_PO42	PO42	AD
GGGCAGACATGGTCGA_PO41	PO41	AD
GGGCCATAGACATACA_SMC052	SMC052	Control
GGGCCATAGACGGAAA_SMC052	SMC052	Control
GGGCCATCACACACTA_SMC038	SMC038	AD
GGGCCATCAGGACTAG_SMC053	SMC053	Active control
GGGCCATGTACCCGAC_SMC049	SMC049	AD
GGGCCATGTAGACGTG_SMC053	SMC053	Active control
GGGCCATTCACGTAGT_SMC049	SMC049	AD
GGGCCATTCGGAGTAG_SMC053	SMC053	Active control
GGGCCTATCCAACCAA_PO13	PO13	Control
GGGCCTTGTTCTGTCC_PO11	PO11	AD
GGGCGTAGTTGTCCTC_PO28	PO28	AD
GGGCGTTCAAATACGA_SMC049	SMC049	AD
GGGCGTTCACGGCTAC_SMC035	SMC035	Active control
GGGCGTTCAGACCGCT_SMC038	SMC038	AD
GGGCGTTGTCACAATC_SMC052	SMC052	Control
GGGCGTTTCGCTGACG_SMC052	SMC052	Control
GGGCGTTTCTATCGGA_SMC049	SMC049	AD
GGGCGTTTCTGGCCTT_SMC049	SMC049	AD
GGGCTACAGTGCCGAA_SMC049	SMC049	AD
GGGCTACCAAGAGTGC_SMC035	SMC035	Active control
GGGCTACCACTTGAAC_SMC053	SMC053	Active control
GGGCTACGTATCGTGT_SMC052	SMC052	Control
GGGCTACTCGCACTCT_SMC049	SMC049	AD
GGGCTCACAATACGAA_SMC053	SMC053	Active control
GGGCTCAGTACTGCCG_SMC037	SMC037	Active control
GGGCTCAGTTTCGCTC_SMC053	SMC053	Active control
GGGCTCATCGTTACCC_SMC053	SMC053	Active control
GGGCTCTGTTAATGCC_PO15	PO15	Control
GGGCTCTGTTGCAATC_PO05	PO05	AD
GGGGATGCACAGCACA_PO42	PO42	AD
GGGGATGCAGGCTACA_PO28	PO28	AD
GGGGATGCATTGGCGA_PO23	PO23	Control
GGGGCAACAAATCCGG_PO28	PO28	AD
GGGGTAATCGATGTAT_PO28	PO28	AD
GGGGTATGTGAAGTGC_PO42	PO42	AD
GGGGTCAGTTCATCCC_PO05	PO05	AD
GGGGTTAAGCGGATGA_PO23	PO23	Control
GGGGTTGGTGAGCGAT_PO28	PO28	AD
GGGGTTGGTTGAAGCA_PO28	PO28	AD
GGGTAATAGGATGGGC_PO23	PO23	Control
GGGTACGGTAATGAGT_PO13	PO13	Control
GGGTACTTCGACTTAG_PO28	PO28	AD
GGGTACTTCTGTCACT_PO23	PO23	Control
GGGTAGAAGGAGGCAG_SMC033	SMC033	Control
GGGTAGACAACCAATC_SMC052	SMC052	Control
GGGTAGAGTCATACCA_SMC041	SMC041	AD
GGGTATGAGCGGTACT_PO23	PO23	Control
GGGTATTAGGGCATGT_SMC052	SMC052	Control
GGGTATTAGGTGCATG_SMC053	SMC053	Active control
GGGTATTAGTCCGTCG_SMC052	SMC052	Control
GGGTATTCACACCGCA_SMC049	SMC049	AD
GGGTATTCAGTATTCG_SMC033	SMC033	Control
GGGTATTCAGTCAGTT_SMC052	SMC052	Control
GGGTATTCATCAGCAT_SMC039	SMC039	AD
GGGTATTGTAACATCC_SMC038	SMC038	AD
GGGTATTTCACCCATC_SMC049	SMC049	AD
GGGTATTTCATAGCAC_SMC052	SMC052	Control
GGGTATTTCGCACGGT_SMC035	SMC035	Active control
GGGTCAAAGAAGGACT_PO23	PO23	Control
GGGTCAAAGGCGAGTA_PO05	PO05	AD
GGGTCACGTATTGACC_SMC041	SMC041	AD
GGGTCACGTCAAAGAT_SMC032	SMC032	AD
GGGTCACTCGATAACC_SMC052	SMC052	Control
GGGTCACTCGCTGATA_SMC053	SMC053	Active control
GGGTCACTCTGTTCAT_SMC049	SMC049	AD
GGGTCAGGTAAGTCCT_PO42	PO42	AD
GGGTCATTCATGAACT_PO05	PO05	AD
GGGTCTGAGCGTTAGG_SMC033	SMC033	Control
GGGTCTGAGGACTGGT_SMC037	SMC037	Active control
GGGTCTGCACGCAGTC_SMC052	SMC052	Control
GGGTCTGCATGCAGGA_SMC049	SMC049	AD
GGGTCTGGTAATACCC_SMC052	SMC052	Control
GGGTGAAAGCGTGCTC_SMC033	SMC033	Control
GGGTGAAAGCTAAACA_SMC049	SMC049	AD
GGGTGAAAGCTACTAC_SMC049	SMC049	AD
GGGTGAAAGCTCTATG_SMC052	SMC052	Control
GGGTGAAAGGACTATA_SMC053	SMC053	Active control
GGGTGAACACATACGT_SMC036	SMC036	AD
GGGTGAACATTCTCCG_SMC052	SMC052	Control
GGGTGAATCGCGATCG_SMC033	SMC033	Control
GGGTGTCAGACGACGT_SMC049	SMC049	AD
GGGTGTCCAAATGGAT_SMC053	SMC053	Active control
GGGTGTCCAAGTATGC_PO23	PO23	Control
GGGTGTCCACACCAGC_SMC052	SMC052	Control
GGGTGTCCACTTAGGG_PO15	PO15	Control
GGGTTAAGTTCGCTAG_PO20	PO20	Control
GGGTTATAGAAGCGGG_SMC052	SMC052	Control
GGGTTATAGACCATGG_SMC035	SMC035	Active control
GGGTTATGTATGAGGC_SMC052	SMC052	Control
GGGTTATGTTATCTTC_SMC049	SMC049	AD
GGGTTATTCCATCTAT_SMC049	SMC049	AD
GGGTTGGGTGGCGTTC_PO23	PO23	Control
GGGTTTAAGCACCGTC_SMC033	SMC033	Control
GGGTTTAAGCACGGAT_SMC053	SMC053	Active control
GGGTTTAAGCTCCCTT_SMC052	SMC052	Control
GGGTTTACAATCCAGT_SMC038	SMC038	AD
GGGTTTACACCTGCAG_SMC053	SMC053	Active control
GGGTTTACACGCTTAA_SMC053	SMC053	Active control
GGGTTTACATAGGAGC_SMC052	SMC052	Control
GGGTTTAGTACATACC_SMC053	SMC053	Active control
GGGTTTAGTTCCGCGA_SMC049	SMC049	AD
GGGTTTAGTTGCCTAA_SMC037	SMC037	Active control
GGGTTTATCTGACCCT_SMC052	SMC052	Control
GGGTTTCAGGCACGAA_PO05	PO05	AD
GGGTTTCAGGCGTAGA_PO15	PO15	Control
GGTAAATGTGCAACGG_PO28	PO28	AD
GGTAACAGTTAGGTAG_PO13	PO13	Control
GGTAACTAGGCTAGCA_SMC052	SMC052	Control
GGTAACTAGTTCAACC_SMC049	SMC049	AD
GGTAACTCAGCCTATA_SMC052	SMC052	Control
GGTAACTGTACAGAAT_SMC052	SMC052	Control
GGTAACTGTAGAGACC_SMC053	SMC053	Active control
GGTAACTTCGACGCGT_SMC053	SMC053	Active control
GGTAATCCAATCCTGC_PO15	PO15	Control
GGTAATCCACATTGTG_SMC052	SMC052	Control
GGTAATCCAGGTTCAG_PO23	PO23	Control
GGTAATCGTCAGATTC_SMC052	SMC052	Control
GGTAATCGTGCTATTG_SMC052	SMC052	Control
GGTACATCATCAAGGT_PO41	PO41	AD
GGTACGAAGGTGAAGT_PO05	PO05	AD
GGTACGCCACCTCATA_PO20	PO20	Control
GGTACGCCATCCTACA_PO42	PO42	AD
GGTACGTTCAATGGCC_PO23	PO23	Control
GGTACGTTCCGTTGGG_PO05	PO05	AD
GGTACTATCGTTAGTG_PO15	PO15	Control
GGTAGAGAGAGTCAAT_SMC049	SMC049	AD
GGTAGAGAGGCGAAGG_SMC035	SMC035	Active control
GGTAGAGCAGCTACCG_SMC052	SMC052	Control
GGTAGAGGTAACGATA_SMC052	SMC052	Control
GGTAGAGGTAATACCC_SMC038	SMC038	AD
GGTAGAGTCAAGCGTT_SMC049	SMC049	AD
GGTAGAGTCCCTTGGT_SMC039	SMC039	AD
GGTAGAGTCTTTACAC_SMC049	SMC049	AD
GGTAGCAAGATTCCCT_PO15	PO15	Control
GGTAGCGGTAGTAAGT_PO05	PO05	AD
GGTAGCGGTCAAGGTA_PO05	PO05	AD
GGTAGCGGTTAGTCAC_PO23	PO23	Control
GGTAGCGGTTGTAGAG_PO42	PO42	AD
GGTAGCTTCCCATTAC_PO23	PO23	Control
GGTAGTAGTCCCGATA_PO15	PO15	Control
GGTAGTAGTTCCTCAC_PO23	PO23	Control
GGTAGTAGTTCTGTAA_PO28	PO28	AD
GGTAGTGAGGCTTGGT_PO23	PO23	Control
GGTAGTGAGGTTAGGG_PO41	PO41	AD
GGTATAGGTTTACCAA_PO28	PO28	AD
GGTATATTCCCCTTAG_PO28	PO28	AD
GGTATATTCGTGATGC_PO20	PO20	Control
GGTATCGCATCCGTAC_PO05	PO05	AD
GGTATCTGTCCCGAAC_PO15	PO15	Control
GGTATGGAGATTCCCT_PO28	PO28	AD
GGTATGGAGGATGAAC_PO11	PO11	AD
GGTATTGTCGTACTTC_PO42	PO42	AD
GGTCAATCAGGATGCC_PO11	PO11	AD
GGTCACGAGCCGCACT_SMC052	SMC052	Control
GGTCACGCAGGTGTGA_SMC052	SMC052	Control
GGTCACGCAGTTAGGG_SMC052	SMC052	Control
GGTCACGGTAGATTGA_SMC052	SMC052	Control
GGTCACGGTGATTAGA_SMC052	SMC052	Control
GGTCACGTCGATGCAT_SMC029	SMC029	AD
GGTCACTAGGTGATGG_PO42	PO42	AD
GGTCACTAGTATGACT_PO05	PO05	AD
GGTCAGCCAGCAGGAG_PO28	PO28	AD
GGTCAGCCATTACGCC_PO42	PO42	AD
GGTCATCAGTCATACG_PO11	PO11	AD
GGTCCTGAGTCATCGA_PO23	PO23	Control
GGTCGAGGTTAATCGC_PO28	PO28	AD
GGTCGATTCATATAGC_PO23	PO23	Control
GGTCGGTCATCCTCAA_PO05	PO05	AD
GGTCGTTAGGGCTTCG_PO23	PO23	Control
GGTCTAATCAGCGATC_PO13	PO13	Control
GGTCTAATCGACCTGG_PO13	PO13	Control
GGTCTAGCACCTATGC_PO23	PO23	Control
GGTCTGGCAAGGAGTC_SMC032	SMC032	AD
GGTCTGGCAATCAGCT_SMC053	SMC053	Active control
GGTCTGGGTAGTATAG_SMC052	SMC052	Control
GGTCTGGGTTGAGAGC_SMC053	SMC053	Active control
GGTGAACGTAAGCAAT_PO20	PO20	Control
GGTGAAGAGGGTAGCT_SMC049	SMC049	AD
GGTGAAGAGTTCGGTT_SMC049	SMC049	AD
GGTGAAGCAGGTCCCA_SMC052	SMC052	Control
GGTGAAGGTCTCAGAT_SMC049	SMC049	AD
GGTGAAGTCTAGGAAA_SMC037	SMC037	Active control
GGTGAAGTCTGGTGCG_SMC035	SMC035	Active control
GGTGATTAGACTCATC_SMC049	SMC049	AD
GGTGATTCAACAGTGG_SMC053	SMC053	Active control
GGTGATTCAACGATTC_SMC052	SMC052	Control
GGTGATTCACACCTTC_SMC053	SMC053	Active control
GGTGATTCATTGCCTC_SMC049	SMC049	AD
GGTGATTGTCCCGCAA_SMC052	SMC052	Control
GGTGATTGTGTTCCAA_SMC049	SMC049	AD
GGTGATTGTTGGAGGT_SMC052	SMC052	Control
GGTGATTTCACCTTAT_SMC049	SMC049	AD
GGTGATTTCCTCAGGG_SMC053	SMC053	Active control
GGTGCAGGTGAGCGAT_PO28	PO28	AD
GGTGCATTCCGCCTAC_PO23	PO23	Control
GGTGCCTGTATAGTGG_PO05	PO05	AD
GGTGCCTGTTTAGGCT_PO13	PO13	Control
GGTGCGAGTAACGATG_PO11	PO11	AD
GGTGCGAGTTCAATCA_PO28	PO28	AD
GGTGCGAGTTCCCAGA_PO15	PO15	Control
GGTGCTTAGCTAGAGG_PO15	PO15	Control
GGTGCTTAGGTAATGA_PO23	PO23	Control
GGTGGATGTTTGGGAA_PO23	PO23	Control
GGTGGCAGTCTAGTGT_PO15	PO15	Control
GGTGGCTAGACATGCG_SMC053	SMC053	Active control
GGTGGCTAGAGGTTTA_SMC035	SMC035	Active control
GGTGGCTAGATTGATG_SMC049	SMC049	AD
GGTGGCTCAAGGTCCA_PO23	PO23	Control
GGTGGCTCAATACCTG_SMC053	SMC053	Active control
GGTGGCTCATACACCA_SMC049	SMC049	AD
GGTGGCTGTATGACAA_SMC041	SMC041	AD
GGTGGCTTCTGATGGT_SMC052	SMC052	Control
GGTGTAAGTAGTCCGC_PO42	PO42	AD
GGTGTCCGTTGACCTG_PO23	PO23	Control
GGTGTCGAGGCTCCCA_SMC052	SMC052	Control
GGTGTCGCAGGTCCCA_SMC038	SMC038	AD
GGTGTCGGTACTTGTG_SMC053	SMC053	Active control
GGTGTCGGTCATTCCC_SMC037	SMC037	Active control
GGTGTCGTCTCCGAGG_SMC053	SMC053	Active control
GGTGTCGTCTGACCCT_SMC033	SMC033	Control
GGTGTCGTCTGTGTGA_SMC053	SMC053	Active control
GGTGTGAAGCCCGTGA_PO23	PO23	Control
GGTGTTAAGACGCATG_SMC037	SMC037	Active control
GGTGTTAAGCATGATA_SMC049	SMC049	AD
GGTGTTAAGTGGTGGT_SMC052	SMC052	Control
GGTGTTACAACAACAA_SMC032	SMC032	AD
GGTGTTAGTCCGAAAG_SMC052	SMC052	Control
GGTGTTAGTGTTAACC_SMC049	SMC049	AD
GGTGTTATCGTGTCAA_SMC033	SMC033	Control
GGTTAACAGAAGCTGC_SMC049	SMC049	AD
GGTTAACAGGCCACCT_SMC035	SMC035	Active control
GGTTAACGTCAGTCGC_SMC035	SMC035	Active control
GGTTAACGTGAAGCGT_SMC049	SMC049	AD
GGTTAACGTGAGAACC_SMC033	SMC033	Control
GGTTAACTCCTTCACG_SMC052	SMC052	Control
GGTTAACTCTCGCTCA_SMC053	SMC053	Active control
GGTTAAGGTAACGTGA_PO41	PO41	AD
GGTTAAGGTCTTGACG_PO15	PO15	Control
GGTTAAGGTTTGACCG_PO23	PO23	Control
GGTTAATTCCATGCAA_PO42	PO42	AD
GGTTAGGAGCATCCGG_PO28	PO28	AD
GGTTAGGAGCCATACA_PO11	PO11	AD
GGTTAGGAGCCCGTAG_PO41	PO41	AD
GGTTAGGAGTAGTTCG_PO28	PO28	AD
GGTTAGGAGTGAGCGA_PO20	PO20	Control
GGTTAGTCAAGTCCTC_PO42	PO42	AD
GGTTAGTCACAGCAGC_PO23	PO23	Control
GGTTATGTCCGTCATT_PO28	PO28	AD
GGTTATGTCGTCTACT_PO13	PO13	Control
GGTTATGTCTATGCGA_PO41	PO41	AD
GGTTCCTCAAGTATCA_PO20	PO20	Control
GGTTCTCAGGTAAACT_SMC033	SMC033	Control
GGTTCTCAGGTTGTTC_SMC049	SMC049	AD
GGTTCTCCAAACCACT_SMC049	SMC049	AD
GGTTCTCCAAATGGCG_SMC037	SMC037	Active control
GGTTCTCCAGAGTTGG_SMC053	SMC053	Active control
GGTTCTCGTAAGTTGA_SMC037	SMC037	Active control
GGTTCTCTCGCTGATA_SMC052	SMC052	Control
GGTTCTCTCGTAGAGG_SMC053	SMC053	Active control
GGTTGGGGTCTAACTA_PO42	PO42	AD
GGTTGTAAGCAGCAGT_SMC049	SMC049	AD
GGTTGTAAGGTTCTAC_SMC035	SMC035	Active control
GGTTGTAAGTTTCGAC_SMC052	SMC052	Control
GGTTGTACAGGTTCAT_SMC049	SMC049	AD
GGTTGTAGTGTTACTG_SMC052	SMC052	Control
GGTTGTAGTTCTCCAC_SMC053	SMC053	Active control
GGTTGTATCGCATTAG_SMC052	SMC052	Control
GGTTGTCAGCGCTGCA_PO11	PO11	AD
GGTTTACGTAGTAGGC_PO20	PO20	Control
GGTTTAGTCCATAGTG_PO11	PO11	AD
GTAAACCCACCAATCC_PO11	PO11	AD
GTAAACGGTGGGTAAC_PO28	PO28	AD
GTAAACTTCGTGACCG_PO23	PO23	Control
GTAAATGAGCCTGAGT_PO41	PO41	AD
GTAACACAGTTGGCTT_SMC053	SMC053	Active control
GTAACACTCAAAGGTA_SMC053	SMC053	Active control
GTAACACTCTTTCGAT_SMC052	SMC052	Control
GTAACCAAGAAAGTCT_SMC053	SMC053	Active control
GTAACCAAGGTGCGAT_SMC041	SMC041	AD
GTAACCACAAATCGGG_SMC035	SMC035	Active control
GTAACCACAACAGCTT_SMC035	SMC035	Active control
GTAACCACATTGACAC_SMC049	SMC049	AD
GTAACCAGTAGCTTAC_SMC053	SMC053	Active control
GTAACCATCCAAACCA_SMC052	SMC052	Control
GTAACCATCCGCTTAC_SMC053	SMC053	Active control
GTAACCATCTGAATGC_SMC035	SMC035	Active control
GTAACCGCAATCCTAT_PO23	PO23	Control
GTAACGGAGCTAATGT_PO28	PO28	AD
GTAACGGAGGTTCAGC_PO41	PO41	AD
GTAAGCGAGCATGTCA_PO23	PO23	Control
GTAAGCGAGTGAACCC_PO42	PO42	AD
GTAAGCTCATAACTTC_PO42	PO42	AD
GTAAGGCGTAGTGTCT_PO42	PO42	AD
GTAAGGGTCAATCCCT_PO11	PO11	AD
GTAAGGGTCGTTGCCC_PO05	PO05	AD
GTAAGGTAGGCACAGA_PO23	PO23	Control
GTAAGGTAGGCGTCAT_PO05	PO05	AD
GTAAGTAAGGATTAAG_PO15	PO15	Control
GTAAGTCAGACGACGT_SMC049	SMC049	AD
GTAAGTCAGGCCACCT_SMC052	SMC052	Control
GTAAGTCAGTCTGCGC_SMC052	SMC052	Control
GTAAGTCCAAGCGGAT_SMC052	SMC052	Control
GTAAGTCCACAGCTGC_SMC049	SMC049	AD
GTAAGTCCACTGGAAG_SMC053	SMC053	Active control
GTAAGTCCAGGAATCG_SMC049	SMC049	AD
GTAAGTCCAGTGTACT_SMC049	SMC049	AD
GTAAGTCGTAACACGG_SMC053	SMC053	Active control
GTAAGTCGTCCTTTGC_SMC053	SMC053	Active control
GTAAGTCTCACATCAG_SMC052	SMC052	Control
GTAAGTTTCACTATCC_PO28	PO28	AD
GTAATAGAGCCTGTCC_PO13	PO13	Control
GTAATCGAGAGCTTTC_SMC052	SMC052	Control
GTAATCGAGTAACCTC_SMC053	SMC053	Active control
GTAATCGTCACTGGTA_SMC038	SMC038	AD
GTAATGAAGGTACACC_PO05	PO05	AD
GTAATGCAGCGCTTCG_SMC035	SMC035	Active control
GTAATGCAGGCGAACT_SMC049	SMC049	AD
GTAATGCCATTGAAAG_SMC038	SMC038	AD
GTAATGTTCGAAGCTC_PO05	PO05	AD
GTAATGTTCGATTCAG_PO28	PO28	AD
GTACAACAGACATCAA_SMC053	SMC053	Active control
GTACAACAGATTGATG_SMC052	SMC052	Control
GTACAACAGCAAATCA_SMC049	SMC049	AD
GTACAACCAAGGACAC_SMC041	SMC041	AD
GTACAACGTAACCCGC_SMC052	SMC052	Control
GTACAACGTGAGACGT_SMC053	SMC053	Active control
GTACAACGTGTTCGAT_SMC052	SMC052	Control
GTACAACGTTGCATTG_SMC052	SMC052	Control
GTACAACTCACGTAGT_SMC049	SMC049	AD
GTACAAGGTGGACACG_PO05	PO05	AD
GTACAAGGTTCCATCC_PO28	PO28	AD
GTACACGCAAAGGCAA_PO11	PO11	AD
GTACACGCAATCTACT_PO41	PO41	AD
GTACAGTGTCTGTGTA_SMC033	SMC033	Control
GTACAGTTCCGAAGGA_SMC033	SMC033	Control
GTACCAGCAGGTATGT_PO05	PO05	AD
GTACCCTCATCCCGAT_PO11	PO11	AD
GTACGAAGTAGTCAAG_PO23	PO23	Control
GTACGAAGTGAACGTA_PO23	PO23	Control
GTACGAAGTGAAGGAG_PO28	PO28	AD
GTACGAAGTGAGCAGT_PO28	PO28	AD
GTACGAAGTTTGGCAT_PO20	PO20	Control
GTACGATCAAGGGTAA_PO23	PO23	Control
GTACGGGGTTGTGACT_PO41	PO41	AD
GTACGTTGTAATCCCG_PO15	PO15	Control
GTACGTTGTCTCAGCA_PO41	PO41	AD
GTACTAACACTCATAT_PO41	PO41	AD
GTACTAGTCGTAGTTG_PO05	PO05	AD
GTACTCCCAAGGTCAT_PO05	PO05	AD
GTACTCCCAGGAGCCT_PO05	PO05	AD
GTACTCCCATCCGTAC_PO23	PO23	Control
GTAGAAAAGCTGGCCT_SMC052	SMC052	Control
GTAGAAAAGGATAATC_SMC052	SMC052	Control
GTAGAAAAGTGGATAT_SMC049	SMC049	AD
GTAGAAACACGAAAGC_SMC052	SMC052	Control
GTAGAAACACGCTGCA_SMC049	SMC049	AD
GTAGAAACACGTGAGA_SMC037	SMC037	Active control
GTAGAAACAGGCCCTA_SMC052	SMC052	Control
GTAGAAATCCAGCTCT_SMC053	SMC053	Active control
GTAGAGGAGAAGGCTC_SMC049	SMC049	AD
GTAGAGGAGCATCAGG_SMC049	SMC049	AD
GTAGAGGCACTACACA_SMC052	SMC052	Control
GTAGAGGCACTACTTT_SMC036	SMC036	AD
GTAGAGGGTCGACTTA_SMC052	SMC052	Control
GTAGAGGTCGAAGTGG_SMC032	SMC032	AD
GTAGAGGTCGAATCCA_SMC049	SMC049	AD
GTAGATCAGTGCGACA_SMC049	SMC049	AD
GTAGATCCAAGAGTTA_SMC052	SMC052	Control
GTAGATCCACAGGATG_SMC041	SMC041	AD
GTAGATCCATATCGGT_SMC052	SMC052	Control
GTAGATCGTGACGCCT_SMC053	SMC053	Active control
GTAGATCGTTAACAGA_SMC049	SMC049	AD
GTAGATCGTTTGGGAG_SMC038	SMC038	AD
GTAGATCTCAAACTGC_SMC033	SMC033	Control
GTAGATCTCTGTAACG_SMC049	SMC049	AD
GTAGCCACACTAGGTG_PO42	PO42	AD
GTAGCCACATGGAATC_PO05	PO05	AD
GTAGCCCGTGAGTGAC_PO15	PO15	Control
GTAGCCCGTTAACCGT_PO20	PO20	Control
GTAGCCCGTTGTAAGG_PO15	PO15	Control
GTAGCCCGTTGTCCTC_PO42	PO42	AD
GTAGCGAAGTATCTGG_PO05	PO05	AD
GTAGCTACAAACACGG_SMC041	SMC041	AD
GTAGCTACAACTGCTA_SMC052	SMC052	Control
GTAGCTACAAGTTCGT_SMC049	SMC049	AD
GTAGCTACAGCGCGTT_SMC037	SMC037	Active control
GTAGCTACATAGTCAC_SMC033	SMC033	Control
GTAGCTACATGTCTAG_SMC049	SMC049	AD
GTAGCTACATTGCTTT_SMC033	SMC033	Control
GTAGCTAGTTTAGACC_SMC035	SMC035	Active control
GTAGCTATCTCTATGT_SMC049	SMC049	AD
GTAGCTTGTAGTTAGG_PO23	PO23	Control
GTAGGAACAACGTGCA_PO13	PO13	Control
GTAGGAGAGATACATG_SMC049	SMC049	AD
GTAGGAGAGGAGGGTG_SMC049	SMC049	AD
GTAGGAGTCGACGCGT_SMC041	SMC041	AD
GTAGGATAGGAGGTCA_PO42	PO42	AD
GTAGGCGGTTAATTCG_PO11	PO11	AD
GTAGGGGCAATCTCAT_PO28	PO28	AD
GTAGGGGCATGGCTCT_PO05	PO05	AD
GTAGGTAGTCTAGTGT_PO41	PO41	AD
GTAGGTAGTGCGCAGA_PO23	PO23	Control
GTAGGTTAGGATTCAA_SMC052	SMC052	Control
GTAGGTTAGGGTAGCT_SMC052	SMC052	Control
GTAGGTTCAATAGAGT_SMC049	SMC049	AD
GTAGGTTCAGCTACCG_SMC053	SMC053	Active control
GTAGGTTGTAGCTGTT_SMC041	SMC041	AD
GTAGTACCAAATGCTC_SMC041	SMC041	AD
GTAGTACCAACCTATG_SMC049	SMC049	AD
GTAGTACCACCCTAGG_SMC052	SMC052	Control
GTAGTACCAGCACGAA_SMC033	SMC033	Control
GTAGTACGTACAGCGA_SMC052	SMC052	Control
GTAGTACGTCAACATC_SMC052	SMC052	Control
GTAGTACGTGCCGAAA_SMC052	SMC052	Control
GTAGTACGTGTCTCCT_SMC052	SMC052	Control
GTAGTACTCCGCAGTG_SMC035	SMC035	Active control
GTAGTACTCGAGAAGC_SMC041	SMC041	AD
GTAGTACTCGCACGAC_SMC053	SMC053	Active control
GTAGTAGGTTCCCATC_PO41	PO41	AD
GTAGTCATCACGCGCA_PO28	PO28	AD
GTAGTCATCTCATGCT_PO13	PO13	Control
GTAGTCTGTAGCCTGC_PO28	PO28	AD
GTAGTCTGTCATGATC_PO23	PO23	Control
GTAGTGAGTTATAGGG_PO23	PO23	Control
GTAGTTACAAGTCGGC_PO15	PO15	Control
GTAGTTACAGGATGCC_PO42	PO42	AD
GTAGTTACATAGAGGA_PO13	PO13	Control
GTAGTTGTCCGCGATG_PO28	PO28	AD
GTAGTTTAGATTAGAG_PO05	PO05	AD
GTAGTTTAGGTGCTTA_PO28	PO28	AD
GTATAGCCAACCTTCA_PO15	PO15	Control
GTATATCAGGATCCCG_PO28	PO28	AD
GTATCCCCAGCCATAG_PO13	PO13	Control
GTATCCCCAGGTATGT_PO15	PO15	Control
GTATCCTTCCGCATCC_PO05	PO05	AD
GTATCGATCACATGCA_PO42	PO42	AD
GTATGAAAGGAACCAG_PO28	PO28	AD
GTATGAAAGTAGTTAC_PO23	PO23	Control
GTATGAGGTAAGTGGC_PO28	PO28	AD
GTATGCATCACGCCAG_PO11	PO11	AD
GTATGCATCTATGCGA_PO41	PO41	AD
GTATGGGAGCTGGTGT_PO42	PO42	AD
GTATGGGAGTCGCTGG_PO28	PO28	AD
GTATGGTCACTAGGGC_PO42	PO42	AD
GTATGGTCAGGCTAAT_PO42	PO42	AD
GTATGTTAGGTCCACG_PO42	PO42	AD
GTATGTTAGTCATGCA_PO28	PO28	AD
GTATTAGCAAACTGGT_PO42	PO42	AD
GTATTAGCAGCACCTT_PO28	PO28	AD
GTATTAGCATCCGTTA_PO41	PO41	AD
GTATTCAGTTGGGTAA_PO42	PO42	AD
GTATTCCTCCCAATTC_PO42	PO42	AD
GTATTCCTCCCATACT_PO41	PO41	AD
GTATTCCTCCGGTGTG_PO05	PO05	AD
GTATTGGAGCGAGTAC_SMC052	SMC052	Control
GTATTGGAGGCCTTGC_SMC052	SMC052	Control
GTATTGGCAGTGTATC_SMC041	SMC041	AD
GTATTGGCATGACTAC_SMC053	SMC053	Active control
GTATTGGTCAATCCGA_SMC053	SMC053	Active control
GTATTGGTCTTCTGTA_SMC053	SMC053	Active control
GTATTTCCACAGACGA_SMC053	SMC053	Active control
GTATTTCTCGAGTACT_SMC052	SMC052	Control
GTATTTCTCGTTGCCT_SMC035	SMC035	Active control
GTATTTCTCTCTCCGA_SMC053	SMC053	Active control
GTATTTCTCTTCCGTG_SMC053	SMC053	Active control
GTCAAACAGCTGAGTG_SMC035	SMC035	Active control
GTCAAACAGTCACGCC_SMC052	SMC052	Control
GTCAAACAGTGGTGGT_SMC033	SMC033	Control
GTCAAACCAAAGGCTG_SMC049	SMC049	AD
GTCAAACCAACATACC_SMC052	SMC052	Control
GTCAAACCACATGACT_SMC053	SMC053	Active control
GTCAAACTCAAGTAAG_SMC041	SMC041	AD
GTCAAACTCAGGAGAC_SMC031	SMC031	Active control
GTCAAAGGTGATTCCG_PO28	PO28	AD
GTCAAGTAGTCCCAAT_SMC052	SMC052	Control
GTCAAGTCAACACACT_SMC052	SMC052	Control
GTCAAGTCAATGAACA_SMC049	SMC049	AD
GTCAAGTGTATCTTCT_SMC052	SMC052	Control
GTCAAGTGTGAGACCA_SMC033	SMC033	Control
GTCAAGTGTTACGATC_SMC049	SMC049	AD
GTCAAGTTCATGCCCT_SMC053	SMC053	Active control
GTCAATTAGCTAGTGC_PO41	PO41	AD
GTCACCCTCTGTGCCC_PO28	PO28	AD
GTCACGGTCGTTCCTG_SMC049	SMC049	AD
GTCACGGTCTCCGTGT_SMC033	SMC033	Control
GTCACGTAGTAGGATA_PO28	PO28	AD
GTCACTCAGATGGCGT_SMC049	SMC049	AD
GTCACTCAGCAAGTCG_SMC049	SMC049	AD
GTCACTCAGGAACATT_SMC052	SMC052	Control
GTCACTCAGGGAGAAT_SMC053	SMC053	Active control
GTCACTCAGTAGCAAT_SMC035	SMC035	Active control
GTCACTCAGTATGGCG_SMC037	SMC037	Active control
GTCACTCAGTGATCGG_SMC052	SMC052	Control
GTCACTCAGTGGCAGT_SMC052	SMC052	Control
GTCACTCCAAGCTGCC_SMC037	SMC037	Active control
GTCACTCCAGCTACAT_SMC049	SMC049	AD
GTCACTCGTCAAATCC_SMC052	SMC052	Control
GTCACTCGTCCAATCA_SMC052	SMC052	Control
GTCACTCTCGCCTCTA_SMC052	SMC052	Control
GTCACTCTCTCGAGTA_SMC035	SMC035	Active control
GTCAGCGAGTCATGAA_SMC041	SMC041	AD
GTCAGCGCAAATACAG_SMC052	SMC052	Control
GTCAGCGCAACCGCTG_SMC041	SMC041	AD
GTCAGCGGTACATTGC_SMC049	SMC049	AD
GTCAGCGGTTATTCTC_SMC030	SMC030	Control
GTCAGCGTCAACCGAT_SMC053	SMC053	Active control
GTCAGCGTCATGTCAG_SMC053	SMC053	Active control
GTCAGCGTCTGGGATT_SMC052	SMC052	Control
GTCATAACAAACTGCG_PO42	PO42	AD
GTCATATAGTTGCGTA_PO20	PO20	Control
GTCATCCGTCGACGCT_SMC049	SMC049	AD
GTCATCCGTTTCGGCG_SMC052	SMC052	Control
GTCATCCTCCAATGCA_SMC049	SMC049	AD
GTCATGAAGCGCCTAC_SMC052	SMC052	Control
GTCATGACAAATCGTC_SMC052	SMC052	Control
GTCATGAGTAGCACGA_SMC052	SMC052	Control
GTCATGAGTAGCTCGC_SMC052	SMC052	Control
GTCATGAGTCTGATAC_SMC049	SMC049	AD
GTCATGATCGAGCACC_SMC053	SMC053	Active control
GTCATGATCGGATTAC_SMC032	SMC032	AD
GTCATGATCGTCTCAC_SMC052	SMC052	Control
GTCATTTAGACCAAAT_SMC036	SMC036	AD
GTCATTTAGATCCGAG_SMC033	SMC033	Control
GTCATTTAGCCTCCAG_SMC030	SMC030	Control
GTCATTTAGGATTTGA_SMC052	SMC052	Control
GTCATTTAGGTAAGGA_SMC049	SMC049	AD
GTCATTTAGTAGCATA_SMC049	SMC049	AD
GTCATTTCAAGACGGT_SMC053	SMC053	Active control
GTCATTTCACCGGCTA_SMC053	SMC053	Active control
GTCATTTCAGCACGTA_PO23	PO23	Control
GTCATTTCAGCCGTCA_SMC052	SMC052	Control
GTCATTTCAGGTATGG_SMC053	SMC053	Active control
GTCATTTGTCCCTGTT_SMC052	SMC052	Control
GTCATTTGTCTGCGCA_SMC053	SMC053	Active control
GTCATTTGTGCCCAGT_SMC032	SMC032	AD
GTCATTTTCAGAATAG_SMC049	SMC049	AD
GTCCAAATCTCACTGT_PO05	PO05	AD
GTCCACCTCACCTTAC_PO05	PO05	AD
GTCCACTAGCTGCCTG_SMC052	SMC052	Control
GTCCACTCACTGCTTC_SMC052	SMC052	Control
GTCCACTTCCTTACCG_SMC049	SMC049	AD
GTCCAGGTCACTCCGC_PO20	PO20	Control
GTCCAGTAGCGAGTCT_PO15	PO15	Control
GTCCAGTAGCGCCTCT_PO05	PO05	AD
GTCCATCCAGGTAGCC_PO15	PO15	Control
GTCCATCCAGTACCTC_PO28	PO28	AD
GTCCATGGTCAGTCAT_PO23	PO23	Control
GTCCCATAGATGGCGT_SMC053	SMC053	Active control
GTCCCATAGGCCACCT_SMC053	SMC053	Active control
GTCCCATCAGGTAGTT_PO41	PO41	AD
GTCCCATCATGAGATA_SMC033	SMC033	Control
GTCCCATGTACTCCCT_SMC049	SMC049	AD
GTCCCATTCCCTAGGG_SMC052	SMC052	Control
GTCCCATTCGCGAAGA_SMC052	SMC052	Control
GTCCCATTCGCTTACC_SMC052	SMC052	Control
GTCCCGTTCCGTATAG_PO41	PO41	AD
GTCCCTCAGCTAAGTT_PO42	PO42	AD
GTCCGAACAAAGGCAA_PO28	PO28	AD
GTCCGCAAGCATCGGT_PO41	PO41	AD
GTCCGTTCAACCTCGT_PO23	PO23	Control
GTCCGTTCAATATGGC_PO11	PO11	AD
GTCCGTTCACTTAACT_PO05	PO05	AD
GTCCTAAAGCATTAAC_PO05	PO05	AD
GTCCTCACAAATCGTC_SMC049	SMC049	AD
GTCCTCACAATCGTCA_SMC052	SMC052	Control
GTCCTCACAGCAGGAT_SMC037	SMC037	Active control
GTCCTCAGTTCTAACG_SMC053	SMC053	Active control
GTCCTCATCCAGATCA_PO28	PO28	AD
GTCCTCATCCATCTAC_PO13	PO13	Control
GTCCTCATCGCTTCGC_PO28	PO28	AD
GTCCTCATCGTAACCA_SMC052	SMC052	Control
GTCCTGCTCCAATTCC_PO11	PO11	AD
GTCGAATAGATGCTGG_SMC052	SMC052	Control
GTCGAATAGGCCACTC_SMC053	SMC053	Active control
GTCGAATAGTCATCGT_SMC049	SMC049	AD
GTCGAATAGTGCTCAT_SMC049	SMC049	AD
GTCGAATGTCCAATCA_SMC052	SMC052	Control
GTCGAATGTGACACGA_SMC033	SMC033	Control
GTCGAATTCCTCGCAT_SMC049	SMC049	AD
GTCGAATTCGTAACTG_SMC049	SMC049	AD
GTCGACTAGAATCCTG_PO42	PO42	AD
GTCGACTAGCGAGTGA_PO28	PO28	AD
GTCGAGGGTGAGGTGT_PO13	PO13	Control
GTCGATGCACTAGGTG_PO41	PO41	AD
GTCGATGCAGGATTCG_PO28	PO28	AD
GTCGATTGTAACGCAA_PO42	PO42	AD
GTCGATTGTAATGGAT_PO11	PO11	AD
GTCGATTGTCATTGCG_PO42	PO42	AD
GTCGATTGTTCTGGTG_PO05	PO05	AD
GTCGCAACACTAAGCG_PO20	PO20	Control
GTCGCCAAGCTGGTAC_PO41	PO41	AD
GTCGCCAAGGGTGACA_PO28	PO28	AD
GTCGCGAAGACAGTCG_SMC049	SMC049	AD
GTCGCGAAGTGTACCT_SMC033	SMC033	Control
GTCGCGACATCGAACT_SMC049	SMC049	AD
GTCGCGAGTAGTTACC_SMC049	SMC049	AD
GTCGCGAGTCTATGAC_SMC049	SMC049	AD
GTCGCGATCCACGGGT_SMC052	SMC052	Control
GTCGCTAGTTGCATTA_PO20	PO20	Control
GTCGGATTCAAGTCTG_PO15	PO15	Control
GTCGGATTCACACCAA_PO23	PO23	Control
GTCGGATTCCTGATCT_PO20	PO20	Control
GTCGGCTGTGGGTAGT_PO20	PO20	Control
GTCGGCTGTTGAGTCT_PO28	PO28	AD
GTCGTAAAGTCATGAA_SMC052	SMC052	Control
GTCGTAACAATTCTTC_SMC052	SMC052	Control
GTCGTAATCAGCAAGG_PO23	PO23	Control
GTCGTAATCGCCTATC_SMC053	SMC053	Active control
GTCGTAATCGGCTGTG_SMC033	SMC033	Control
GTCGTTCAGACTACCT_SMC037	SMC037	Active control
GTCGTTCCACTCCACT_SMC052	SMC052	Control
GTCGTTCGTAATACCC_SMC037	SMC037	Active control
GTCGTTCGTAGGCAAC_SMC037	SMC037	Active control
GTCGTTCTCGGCTTCT_SMC033	SMC033	Control
GTCTAACGTCATGGAA_PO42	PO42	AD
GTCTAACGTTGCCTGA_PO28	PO28	AD
GTCTACCAGATGTTAG_SMC052	SMC052	Control
GTCTACCAGCTATCTG_SMC041	SMC041	AD
GTCTACCAGGCAGCTA_SMC049	SMC049	AD
GTCTACCCACAGAAGC_SMC052	SMC052	Control
GTCTACCCATGAATCC_SMC049	SMC049	AD
GTCTACCTCCTGTAAG_SMC053	SMC053	Active control
GTCTAGAAGCATCAGG_SMC041	SMC041	AD
GTCTAGACAATGTGGG_SMC035	SMC035	Active control
GTCTAGACAGGGAGAG_SMC035	SMC035	Active control
GTCTAGACATGCAGGA_SMC049	SMC049	AD
GTCTAGACATGGCACC_SMC041	SMC041	AD
GTCTAGATCCACGAAT_SMC053	SMC053	Active control
GTCTATGAGGTAGCCT_PO15	PO15	Control
GTCTCACAGTAGTCAA_SMC049	SMC049	AD
GTCTCACAGTCTTGGT_SMC053	SMC053	Active control
GTCTCACCAATGAAAC_SMC053	SMC053	Active control
GTCTCACCACCTCACG_PO23	PO23	Control
GTCTCACCAGGTTCCT_PO28	PO28	AD
GTCTCACGTCGAAGCA_SMC052	SMC052	Control
GTCTCACGTCGCACGT_SMC037	SMC037	Active control
GTCTCACTCACTGGGC_SMC049	SMC049	AD
GTCTCACTCATAGGCT_SMC041	SMC041	AD
GTCTCCATCGATAGTT_PO23	PO23	Control
GTCTGCCTCATGTGCA_PO23	PO23	Control
GTCTGCCTCGTGAGTC_PO28	PO28	AD
GTCTGGGTCGTGATTG_PO41	PO41	AD
GTCTGTCCAACCCTAA_SMC049	SMC049	AD
GTCTGTCCAACTAGAA_SMC053	SMC053	Active control
GTCTGTCGTAGGGAGG_SMC052	SMC052	Control
GTCTGTCGTGTGAGCA_SMC049	SMC049	AD
GTCTGTCTCCGAGAAG_SMC053	SMC053	Active control
GTCTGTCTCGTAACCA_SMC041	SMC041	AD
GTCTTAAGTTGTAGCT_PO05	PO05	AD
GTCTTTAAGGGAGTTC_SMC049	SMC049	AD
GTCTTTAAGTAAACAC_SMC038	SMC038	AD
GTCTTTACAAGACGAC_SMC049	SMC049	AD
GTCTTTACATCAGCGC_SMC033	SMC033	Control
GTCTTTAGTCTGTTAG_SMC052	SMC052	Control
GTCTTTATCGACCAAT_SMC049	SMC049	AD
GTCTTTATCTGGAAGG_SMC049	SMC049	AD
GTCTTTATCTTGCGCT_SMC031	SMC031	Active control
GTGAACAGTTGGTAAG_PO23	PO23	Control
GTGAACAGTTTGACAC_PO13	PO13	Control
GTGAACCTCCTGCCTA_PO23	PO23	Control
GTGAATCCATGACACG_PO28	PO28	AD
GTGACGAAGCATCCTT_PO20	PO20	Control
GTGACGAAGCGATAGG_PO28	PO28	AD
GTGACGAAGTCGCAAC_PO05	PO05	AD
GTGACGCAGTTGCTGT_SMC052	SMC052	Control
GTGACGCCAATGTGGG_SMC049	SMC049	AD
GTGACGCCAGCTTTCC_SMC033	SMC033	Control
GTGACGCTCCATAAGC_SMC053	SMC053	Active control
GTGACTATCCCCAGCT_PO13	PO13	Control
GTGAGCCCAGAACTAA_SMC052	SMC052	Control
GTGAGCCTCCGAAGGA_SMC052	SMC052	Control
GTGAGCCTCGGCTCTT_SMC049	SMC049	AD
GTGAGGAAGCACTAGG_SMC053	SMC053	Active control
GTGAGGAAGCTGGCTC_SMC052	SMC052	Control
GTGAGGAAGGATGGCT_SMC049	SMC049	AD
GTGAGGAAGGCAGGTT_SMC053	SMC053	Active control
GTGAGGAAGGGCATGT_SMC052	SMC052	Control
GTGAGGACACCGCTGA_SMC052	SMC052	Control
GTGAGGAGTAACGTTC_SMC052	SMC052	Control
GTGAGGAGTATACCTG_SMC052	SMC052	Control
GTGAGGAGTTGTACGT_SMC052	SMC052	Control
GTGAGGATCTTCTGGC_SMC053	SMC053	Active control
GTGAGGATCTTTGCAT_SMC032	SMC032	AD
GTGAGTAGTCAATCGT_PO28	PO28	AD
GTGAGTTAGCTAGAGC_SMC052	SMC052	Control
GTGAGTTAGGAAGTCC_SMC053	SMC053	Active control
GTGAGTTAGGCTGAAC_SMC053	SMC053	Active control
GTGAGTTAGGGCCTCT_SMC052	SMC052	Control
GTGAGTTCAGAGTTCT_SMC035	SMC035	Active control
GTGAGTTGTACTGTTG_SMC037	SMC037	Active control
GTGAGTTTCCAAGAGG_SMC049	SMC049	AD
GTGAGTTTCTCGGTAA_SMC049	SMC049	AD
GTGATATTCCTTCGCA_PO23	PO23	Control
GTGATATTCTAGCGCG_PO20	PO20	Control
GTGATGTAGCAGGGAG_SMC049	SMC049	AD
GTGATGTAGTTACGTC_SMC037	SMC037	Active control
GTGATGTGTCACGCTG_SMC035	SMC035	Active control
GTGATGTGTGTTCATG_SMC053	SMC053	Active control
GTGATGTTCATCGCTC_SMC039	SMC039	AD
GTGATGTTCCACGTGG_SMC049	SMC049	AD
GTGATGTTCGAACACT_SMC053	SMC053	Active control
GTGATGTTCGGAATGG_SMC052	SMC052	Control
GTGATGTTCTCTAAGG_SMC052	SMC052	Control
GTGATGTTCTTAGGAC_SMC041	SMC041	AD
GTGATTTAGCATCCAA_PO23	PO23	Control
GTGCAATCAATCGAGT_PO28	PO28	AD
GTGCACGAGAAAGCGA_SMC049	SMC049	AD
GTGCACGAGCACTGGA_SMC053	SMC053	Active control
GTGCACGAGTGCTCAT_SMC052	SMC052	Control
GTGCACGCACCGGAAA_SMC053	SMC053	Active control
GTGCACGCAGGTCTCG_SMC049	SMC049	AD
GTGCACGTCAGCTGTA_SMC049	SMC049	AD
GTGCACTAGCCTGAGT_PO23	PO23	Control
GTGCAGCAGAGGATGA_SMC053	SMC053	Active control
GTGCAGCCAAGAAATC_SMC049	SMC049	AD
GTGCAGCCACATAGCT_SMC052	SMC052	Control
GTGCAGCCAGAACGCA_SMC052	SMC052	Control
GTGCAGCCAGACATCT_SMC029	SMC029	AD
GTGCAGCGTGTGTACT_SMC053	SMC053	Active control
GTGCAGCTCCGGACGT_SMC052	SMC052	Control
GTGCAGCTCGTCACCT_SMC049	SMC049	AD
GTGCCATAGCCCTTCA_PO28	PO28	AD
GTGCCATAGGCAACGA_PO42	PO42	AD
GTGCCTAGTTCAATGC_PO11	PO11	AD
GTGCGAAAGGTGGAGC_PO15	PO15	Control
GTGCGATTCCCCATGC_PO05	PO05	AD
GTGCGGTCATCGGGTA_PO23	PO23	Control
GTGCGTGGTAACGTTC_SMC053	SMC053	Active control
GTGCGTGGTAGGTCAG_SMC053	SMC053	Active control
GTGCGTGGTCTTTATC_SMC052	SMC052	Control
GTGCTATGTATGGGAC_PO23	PO23	Control
GTGCTCAGTCAACCCA_PO20	PO20	Control
GTGCTGGAGCCGTTGC_SMC053	SMC053	Active control
GTGCTGGGTGAACTAA_SMC052	SMC052	Control
GTGCTGGGTGCATGTT_SMC049	SMC049	AD
GTGCTGGGTTCTGAGT_SMC049	SMC049	AD
GTGCTGGTCCACACCT_SMC049	SMC049	AD
GTGCTGGTCGCATTAG_SMC041	SMC041	AD
GTGCTGGTCGTAGGGA_SMC053	SMC053	Active control
GTGCTTCAGCGTTCCG_SMC052	SMC052	Control
GTGCTTCAGGCCTTCG_SMC049	SMC049	AD
GTGCTTCAGTCATTGC_SMC037	SMC037	Active control
GTGCTTCGTTACGGAG_SMC049	SMC049	AD
GTGCTTCGTTCTTCAT_SMC037	SMC037	Active control
GTGGAACGTTAGTCAC_PO23	PO23	Control
GTGGAAGAGAGCACTG_SMC052	SMC052	Control
GTGGAAGCAGGTGGAT_SMC052	SMC052	Control
GTGGAAGCATAGAGGC_SMC038	SMC038	AD
GTGGAAGCATCCCACT_SMC052	SMC052	Control
GTGGAAGGTCGCGTCA_SMC053	SMC053	Active control
GTGGAAGGTGCGAACA_SMC052	SMC052	Control
GTGGAAGTCCCGAGAC_SMC052	SMC052	Control
GTGGAAGTCGCTCATC_SMC052	SMC052	Control
GTGGAAGTCTCCCATG_SMC041	SMC041	AD
GTGGACAAGTAACCAT_PO05	PO05	AD
GTGGAGAAGAGTCGAC_SMC049	SMC049	AD
GTGGAGAAGCCTGAAG_SMC052	SMC052	Control
GTGGAGAGTAACAGTA_SMC038	SMC038	AD
GTGGAGAGTATGTGTC_SMC052	SMC052	Control
GTGGAGAGTGAGTAAT_SMC041	SMC041	AD
GTGGAGAGTTCGGTAT_SMC049	SMC049	AD
GTGGAGGCAGGCTTGA_PO20	PO20	Control
GTGGATAGTCTTGGAT_PO15	PO15	Control
GTGGCGAGTCAGTAAG_PO15	PO15	Control
GTGGCGTAGTAGCATA_SMC037	SMC037	Active control
GTGGCGTCACACAGCC_SMC053	SMC053	Active control
GTGGCGTCAGCGGATA_SMC053	SMC053	Active control
GTGGCGTCATGGATCT_SMC053	SMC053	Active control
GTGGCGTGTCATGACT_SMC041	SMC041	AD
GTGGCGTGTTCCGCTT_SMC049	SMC049	AD
GTGGCGTGTTTGACAC_SMC053	SMC053	Active control
GTGGCGTTCCTGTTAT_SMC049	SMC049	AD
GTGGCGTTCGTAGCCG_SMC038	SMC038	AD
GTGGCGTTCTGAGATC_SMC049	SMC049	AD
GTGGGAAAGCAATAAC_SMC035	SMC035	Active control
GTGGGAACATTCTCTA_SMC039	SMC039	AD
GTGGGAAGTCTACAAC_SMC031	SMC031	Active control
GTGGGAAGTTGTTGAC_SMC049	SMC049	AD
GTGGGAATCCCTCTTT_SMC053	SMC053	Active control
GTGGGAATCTGGCCTT_SMC052	SMC052	Control
GTGGGATGTAGCCCTA_PO28	PO28	AD
GTGGGATGTAGTTGCT_PO41	PO41	AD
GTGGGCAGTCCATTAA_PO28	PO28	AD
GTGGGCAGTTGCTGAT_PO23	PO23	Control
GTGGGTTTCGTTCCTG_PO11	PO11	AD
GTGGTGAAGAAGGACT_PO20	PO20	Control
GTGGTGAAGTATGTAC_PO13	PO13	Control
GTGGTTAAGCCGATAG_SMC052	SMC052	Control
GTGGTTACAATGGCCC_SMC053	SMC053	Active control
GTGGTTACACGGCGTT_SMC049	SMC049	AD
GTGGTTACAGCGACAA_SMC052	SMC052	Control
GTGGTTAGTCGTCTCT_SMC053	SMC053	Active control
GTGGTTATCCATCAAG_PO20	PO20	Control
GTGGTTATCCTCTAGC_SMC053	SMC053	Active control
GTGGTTATCCTGCCGT_PO42	PO42	AD
GTGGTTATCTAGCCTT_PO13	PO13	Control
GTGGTTGCAATCGAGT_PO15	PO15	Control
GTGTAACAGAACTCCT_SMC033	SMC033	Control
GTGTAACAGCAATTCC_SMC052	SMC052	Control
GTGTAACAGGCGCTCT_SMC052	SMC052	Control
GTGTAACAGGTTCCGC_SMC052	SMC052	Control
GTGTAACCACCAAATC_SMC053	SMC053	Active control
GTGTAACCACCGTGCA_SMC041	SMC041	AD
GTGTAACGTCACGCTG_SMC052	SMC052	Control
GTGTAACGTGGGACAT_SMC030	SMC030	Control
GTGTAACTCGAACGCC_SMC053	SMC053	Active control
GTGTCCCTCCACCTGC_PO28	PO28	AD
GTGTCCTAGGGAGGCA_SMC053	SMC053	Active control
GTGTCCTCAAACGGCA_SMC052	SMC052	Control
GTGTCCTTCAGCGCGT_SMC052	SMC052	Control
GTGTCCTTCTGCTCTG_SMC053	SMC053	Active control
GTGTCCTTCTGTACAG_SMC035	SMC035	Active control
GTGTGAGAGCAAGCCT_PO23	PO23	Control
GTGTGAGAGCAGGCAA_PO23	PO23	Control
GTGTGATAGATTGGGC_SMC052	SMC052	Control
GTGTGATAGATTGTGA_SMC030	SMC030	Control
GTGTGATAGGCCACTC_SMC052	SMC052	Control
GTGTGATAGGGTCTTT_SMC052	SMC052	Control
GTGTGATGTACCGCGT_SMC038	SMC038	AD
GTGTGATTCACGGGAA_SMC049	SMC049	AD
GTGTGATTCCTCACCA_SMC049	SMC049	AD
GTGTGGCCACCATAAC_SMC033	SMC033	Control
GTGTGGCCAGACACCC_SMC037	SMC037	Active control
GTGTGGCCATAAGCAA_SMC038	SMC038	AD
GTGTGGCCATCCCGTG_PO23	PO23	Control
GTGTGGCGTGAACGGT_SMC053	SMC053	Active control
GTGTGGCTCATACGAC_SMC053	SMC053	Active control
GTGTGGCTCCGTCAAA_SMC052	SMC052	Control
GTGTGGTTCACACCTT_PO42	PO42	AD
GTGTGGTTCGACATAT_PO28	PO28	AD
GTGTTAGAGAACAGGA_SMC041	SMC041	AD
GTGTTAGAGCGTCAAG_SMC053	SMC053	Active control
GTGTTAGAGCGTTGTT_SMC052	SMC052	Control
GTGTTAGAGGGATCGT_SMC053	SMC053	Active control
GTGTTAGAGTTCACTG_SMC053	SMC053	Active control
GTGTTAGCAATTCTCT_SMC052	SMC052	Control
GTGTTAGCACCATTCC_SMC052	SMC052	Control
GTGTTAGCAGCTCTGG_SMC049	SMC049	AD
GTGTTAGCAGGTGTTT_SMC053	SMC053	Active control
GTGTTAGCAGTTAGAA_SMC033	SMC033	Control
GTGTTAGCATGGGATG_SMC053	SMC053	Active control
GTGTTAGGTCCTACGG_SMC053	SMC053	Active control
GTGTTAGGTTAAGAAC_SMC041	SMC041	AD
GTGTTAGTCACTTGGA_SMC049	SMC049	AD
GTGTTAGTCAGGCTCG_PO23	PO23	Control
GTGTTAGTCCCTCGTA_SMC038	SMC038	AD
GTGTTCAAGCCTCTAT_PO11	PO11	AD
GTGTTCAAGGCATCAC_PO23	PO23	Control
GTGTTCAAGGCTTCGG_PO11	PO11	AD
GTGTTCAAGGTATCTG_PO15	PO15	Control
GTGTTCCAGTTGTACC_SMC038	SMC038	AD
GTGTTCCCAAGCTCTC_PO20	PO20	Control
GTGTTCCCAGCACACC_SMC035	SMC035	Active control
GTGTTCCCAGCTCACT_PO11	PO11	AD
GTGTTCCCATGCCGAC_SMC035	SMC035	Active control
GTGTTCCGTGATCATC_SMC041	SMC041	AD
GTGTTCCTCACTCTTA_SMC052	SMC052	Control
GTGTTCCTCCTAGAGT_SMC052	SMC052	Control
GTGTTCCTCTGCTTTA_SMC033	SMC033	Control
GTTAACTAGCGAACGA_PO05	PO05	AD
GTTAAGCCATCGGTTC_PO11	PO11	AD
GTTACAGAGTGCCCGT_SMC052	SMC052	Control
GTTACAGCAACACAGG_SMC049	SMC049	AD
GTTACAGCAATTGCAC_SMC049	SMC049	AD
GTTACAGGTCACCGCA_SMC032	SMC032	AD
GTTACAGGTTATGTCG_SMC052	SMC052	Control
GTTACAGGTTCCTACC_SMC052	SMC052	Control
GTTACAGTCAGCGGAA_SMC053	SMC053	Active control
GTTACCCAGGCCTTCG_SMC053	SMC053	Active control
GTTACCCCAACGACAG_SMC053	SMC053	Active control
GTTACCCCAATCTCCA_PO23	PO23	Control
GTTACCCCATAGGTAA_SMC033	SMC033	Control
GTTACCCGTGCCGTTG_SMC049	SMC049	AD
GTTACCCTCCTTATAC_SMC052	SMC052	Control
GTTACCCTCTCTCTAA_SMC033	SMC033	Control
GTTACGAAGCCAGAGT_SMC041	SMC041	AD
GTTACGACAGTAGAGC_SMC052	SMC052	Control
GTTACGACATCATTTC_SMC038	SMC038	AD
GTTACGATCTGGTGCG_SMC033	SMC033	Control
GTTACGATCTGTAAGC_SMC049	SMC049	AD
GTTAGACGTATGCAAA_SMC049	SMC049	AD
GTTAGAGGTGCGAGTG_PO41	PO41	AD
GTTAGCATCCCGCTGT_PO20	PO20	Control
GTTAGCATCCGGTAGT_PO11	PO11	AD
GTTAGCATCGACTAAT_PO28	PO28	AD
GTTAGCCAGTCATCTC_PO42	PO42	AD
GTTAGGGAGTAGAGCG_PO15	PO15	Control
GTTAGGGAGTTAGCAT_PO28	PO28	AD
GTTAGGGAGTTGCGAC_PO28	PO28	AD
GTTAGTGAGGATACAT_SMC052	SMC052	Control
GTTAGTGCAGACCTGC_SMC033	SMC033	Control
GTTAGTGCAGTCTCTC_SMC039	SMC039	AD
GTTAGTGGTGTGGACA_SMC049	SMC049	AD
GTTAGTGTCATGAAAG_SMC033	SMC033	Control
GTTAGTTAGAACGGAT_PO05	PO05	AD
GTTATCTCAAATTCGA_PO11	PO11	AD
GTTATGGAGTATTCCG_SMC049	SMC049	AD
GTTATGGGTACCTTCC_SMC049	SMC049	AD
GTTATGGGTGTGAGCA_SMC041	SMC041	AD
GTTATGGTCTCCCAAC_SMC052	SMC052	Control
GTTATGGTCTGGAAGG_SMC049	SMC049	AD
GTTCAATAGCCACTAA_PO23	PO23	Control
GTTCACCCAATGGAGA_PO05	PO05	AD
GTTCACCCAGCTAGTG_PO42	PO42	AD
GTTCACTTCTAAGTAC_PO42	PO42	AD
GTTCAGGCAACGTGCA_PO41	PO41	AD
GTTCAGGCAATAGGCT_PO28	PO28	AD
GTTCATTAGATTAGAC_SMC030	SMC030	Control
GTTCATTAGCATACTC_SMC052	SMC052	Control
GTTCATTAGTTAGAAC_SMC052	SMC052	Control
GTTCATTCAATCTCCA_PO23	PO23	Control
GTTCATTGTCAAAGAT_SMC053	SMC053	Active control
GTTCATTGTGTACGCC_SMC052	SMC052	Control
GTTCATTGTTTATGCG_SMC035	SMC035	Active control
GTTCATTTCCGTCAAA_SMC035	SMC035	Active control
GTTCATTTCGTTCCCA_SMC053	SMC053	Active control
GTTCCAAAGATTCACG_PO42	PO42	AD
GTTCCAAAGCGCTTAA_PO05	PO05	AD
GTTCCAAAGGGTCTCG_PO11	PO11	AD
GTTCCAGGTTGCATCG_PO28	PO28	AD
GTTCCCTGTCAAGTAG_PO11	PO11	AD
GTTCCCTGTTGTCAGT_PO20	PO20	Control
GTTCCGTCATCGATCA_SMC053	SMC053	Active control
GTTCCGTGTTCCACAA_SMC053	SMC053	Active control
GTTCCGTTCGAGCTGC_SMC049	SMC049	AD
GTTCCGTTCGTCGGGT_SMC053	SMC053	Active control
GTTCGCCTCCGGATGT_PO05	PO05	AD
GTTCGCTAGCTCGTGC_SMC052	SMC052	Control
GTTCGCTAGGCATGCA_SMC038	SMC038	AD
GTTCGCTCAAGGGCAT_SMC036	SMC036	AD
GTTCGCTCACTAGGTT_SMC049	SMC049	AD
GTTCGCTGTTCTCGTC_SMC052	SMC052	Control
GTTCGCTTCCGTATGA_SMC049	SMC049	AD
GTTCGTTTCGATGGAG_PO13	PO13	Control
GTTCTATAGCTTAAGA_SMC032	SMC032	AD
GTTCTATCACGTGTGC_SMC052	SMC052	Control
GTTCTATGTGTTTACG_SMC038	SMC038	AD
GTTCTATTCCACGAAT_SMC052	SMC052	Control
GTTCTATTCCCTTGGT_SMC049	SMC049	AD
GTTGAACCACCGGTCA_SMC041	SMC041	AD
GTTGAACGTGAGATCG_SMC035	SMC035	Active control
GTTGAACGTGCACGCT_SMC036	SMC036	AD
GTTGAACGTTCGGCCA_SMC049	SMC049	AD
GTTGAACTCAAGCTTG_SMC037	SMC037	Active control
GTTGAACTCACCACAA_SMC053	SMC053	Active control
GTTGAACTCATTCTTG_SMC033	SMC033	Control
GTTGAACTCTCCGAGG_SMC053	SMC053	Active control
GTTGAAGGTATGTCAC_PO20	PO20	Control
GTTGAGGAGCAATCGC_PO15	PO15	Control
GTTGAGGAGGTACTTG_PO41	PO41	AD
GTTGCATGTAGCTCAT_PO28	PO28	AD
GTTGCCAGTAAGGTGC_PO28	PO28	AD
GTTGCCAGTTCCGTAG_PO15	PO15	Control
GTTGCGGAGATGGCAC_SMC035	SMC035	Active control
GTTGCGGAGCACCCAC_SMC052	SMC052	Control
GTTGCGGAGCTCGACC_SMC053	SMC053	Active control
GTTGCGGAGGTCATAA_SMC053	SMC053	Active control
GTTGCGGCACATTCTT_SMC053	SMC053	Active control
GTTGCGGGTAGCTAAA_SMC053	SMC053	Active control
GTTGCGGTCCGCGATG_SMC053	SMC053	Active control
GTTGCGGTCGCCTTTG_SMC052	SMC052	Control
GTTGCGGTCTTCTAAC_SMC038	SMC038	AD
GTTGCTCCAACAAGAT_SMC052	SMC052	Control
GTTGCTCTCGATGCAT_SMC049	SMC049	AD
GTTGCTGGTAAGCATG_PO11	PO11	AD
GTTGGGTTCGACTGCG_PO05	PO05	AD
GTTGGTCAGAAGCCCT_PO05	PO05	AD
GTTGGTTGTTTACGCG_PO42	PO42	AD
GTTGTACGTAACGAAT_PO15	PO15	Control
GTTGTACGTTTCGCAG_PO23	PO23	Control
GTTGTAGAGAAGCTGC_SMC053	SMC053	Active control
GTTGTAGAGTTACGGG_SMC052	SMC052	Control
GTTGTAGCACGTTCGG_SMC053	SMC053	Active control
GTTGTAGCAGGGATAC_SMC052	SMC052	Control
GTTGTAGCATATCTCT_SMC053	SMC053	Active control
GTTGTAGTCAAACCTG_SMC049	SMC049	AD
GTTGTAGTCATCACAG_SMC049	SMC049	AD
GTTGTCCAGTGCGACA_SMC049	SMC049	AD
GTTGTCCCATCGCTAA_SMC052	SMC052	Control
GTTGTCCGTCTTGCTC_SMC049	SMC049	AD
GTTGTCCGTTTCGGCG_SMC049	SMC049	AD
GTTGTCCTCCTTGACC_SMC053	SMC053	Active control
GTTGTGAAGCACCCAC_SMC037	SMC037	Active control
GTTGTGAAGCGAGGAG_SMC052	SMC052	Control
GTTGTGAAGCGTACAG_SMC052	SMC052	Control
GTTGTGAAGGAACTCG_SMC033	SMC033	Control
GTTGTGAGTCGTTGCG_SMC049	SMC049	AD
GTTGTGATCATACAGC_SMC035	SMC035	Active control
GTTGTGATCCATCGAA_PO28	PO28	AD
GTTGTGATCCCAGGTG_PO15	PO15	Control
GTTGTGATCCTTGATC_PO15	PO15	Control
GTTTACTAGGTCACTT_SMC053	SMC053	Active control
GTTTACTCAACACTAC_SMC053	SMC053	Active control
GTTTACTCACGGCACT_SMC053	SMC053	Active control
GTTTACTGTGACAGCA_SMC049	SMC049	AD
GTTTACTGTGCGAACA_SMC038	SMC038	AD
GTTTACTTCTACGCGG_SMC049	SMC049	AD
GTTTGGAAGCTACAAA_SMC052	SMC052	Control
GTTTGGACACGGCTAC_SMC052	SMC052	Control
GTTTGGACACTGGACC_SMC052	SMC052	Control
GTTTGGACAGACCCGT_SMC053	SMC053	Active control
GTTTGGACAGCTGTAT_SMC035	SMC035	Active control
GTTTGGAGTGATACTC_SMC038	SMC038	AD
GTTTGGATCAGTCTTT_SMC053	SMC053	Active control
GTTTGGATCGGTCGAC_SMC052	SMC052	Control
TAAACGTTCTAGCTGA_PO11	PO11	AD
TAAATCGCAATTAGTG_PO28	PO28	AD
TAAATCGCATAGACAC_PO05	PO05	AD
TAACACGAGCCATTCA_SMC053	SMC053	Active control
TAACACGAGTTGTCAC_SMC049	SMC049	AD
TAACACGCAAAGCTCT_SMC053	SMC053	Active control
TAACACGCAGAACCGA_SMC049	SMC049	AD
TAACACGCATGATAGA_SMC041	SMC041	AD
TAACACGTCACTAGCA_SMC033	SMC033	Control
TAACACGTCCAACACA_SMC052	SMC052	Control
TAACACTAGGTACGAG_PO42	PO42	AD
TAACAGCCAAGTGGCC_PO23	PO23	Control
TAACCAACATCGGCTT_PO28	PO28	AD
TAACCAGAGACACACG_SMC049	SMC049	AD
TAACCAGAGATTCGCT_SMC038	SMC038	AD
TAACCAGAGTACCGGA_SMC052	SMC052	Control
TAACCAGCAGAAATCA_SMC049	SMC049	AD
TAACCAGCAGGGACTA_SMC053	SMC053	Active control
TAACCAGGTCAGATTC_SMC049	SMC049	AD
TAACCAGGTCGCATGC_SMC041	SMC041	AD
TAACCAGGTCTACGAT_SMC049	SMC049	AD
TAACCAGGTTACCTTT_SMC052	SMC052	Control
TAACCAGGTTTATGCG_SMC053	SMC053	Active control
TAACCAGTCATTCTTG_SMC049	SMC049	AD
TAACCAGTCGCCCAGA_SMC053	SMC053	Active control
TAACCAGTCGTGTGGC_SMC049	SMC049	AD
TAACCAGTCTCTGCTG_SMC035	SMC035	Active control
TAACCCTTCACCTTCG_PO42	PO42	AD
TAACCCTTCGTCTCCA_PO23	PO23	Control
TAACCTAGTCAGTCGC_PO05	PO05	AD
TAACCTAGTTCACGCA_PO15	PO15	Control
TAACGAAAGCAATCGC_PO28	PO28	AD
TAACGAAAGTGATTAC_PO28	PO28	AD
TAACGACAGACTACCT_SMC053	SMC053	Active control
TAACGACCAGGACTAG_SMC038	SMC038	AD
TAACGACGTGGCCTCA_SMC037	SMC037	Active control
TAACGACTCCTGCCAT_SMC049	SMC049	AD
TAACGACTCTCGACCT_SMC052	SMC052	Control
TAACGAGGTCAGCGAG_PO11	PO11	AD
TAACGGTCATTGGCGA_PO23	PO23	Control
TAACTAGCAACTATGA_PO20	PO20	Control
TAACTAGCAGCTAGGC_PO42	PO42	AD
TAACTCCTCCCCATGC_PO41	PO41	AD
TAACTCCTCCTCATGT_PO42	PO42	AD
TAACTGGTCATGTGGC_PO23	PO23	Control
TAACTGGTCCTGAGTA_PO23	PO23	Control
TAACTTCCACTTCAGA_SMC038	SMC038	AD
TAACTTCCAGTTTCAG_SMC049	SMC049	AD
TAACTTCGTGACGCCT_SMC031	SMC031	Active control
TAACTTCGTGTCATTG_SMC053	SMC053	Active control
TAACTTCTCCTTTAGT_SMC032	SMC032	AD
TAACTTCTCGCAGTTA_SMC049	SMC049	AD
TAAGCACAGACCCGCT_SMC052	SMC052	Control
TAAGCACAGTCGCCCA_SMC041	SMC041	AD
TAAGCACCAATCGTGG_PO41	PO41	AD
TAAGCACCACCTTCAA_PO41	PO41	AD
TAAGCACCAGGCAGAG_PO11	PO11	AD
TAAGCACGTAGTGTGG_SMC052	SMC052	Control
TAAGCACGTGCGAACA_SMC049	SMC049	AD
TAAGCACTCGTTCTCG_SMC052	SMC052	Control
TAAGCAGGTATAGCTC_PO11	PO11	AD
TAAGCAGGTTAATTCG_PO23	PO23	Control
TAAGCAGGTTGCATAC_PO13	PO13	Control
TAAGCAGGTTGCGACC_PO13	PO13	Control
TAAGCAGGTTTACCGG_PO28	PO28	AD
TAAGCCAAGACTCCGC_SMC052	SMC052	Control
TAAGCCAAGCTAATCC_SMC053	SMC053	Active control
TAAGCCAAGGGTAGCT_SMC035	SMC035	Active control
TAAGCCACATCCTATT_SMC032	SMC032	AD
TAAGCCATCCCCAAGG_PO11	PO11	AD
TAAGCCATCCCGCTTA_PO13	PO13	Control
TAAGCCATCCGCCTTA_PO11	PO11	AD
TAAGCCATCGGACTGC_SMC049	SMC049	AD
TAAGCCATCTGGTGGC_SMC052	SMC052	Control
TAAGCGAGTTCCCGAA_PO11	PO11	AD
TAAGCGGAGTATGGCC_PO28	PO28	AD
TAAGCGTAGAGGACTC_SMC052	SMC052	Control
TAAGCGTAGCCAGAGT_SMC052	SMC052	Control
TAAGCGTCAAGAATGT_SMC052	SMC052	Control
TAAGCGTCATCGATGT_SMC053	SMC053	Active control
TAAGCGTTCACGACTA_SMC052	SMC052	Control
TAAGCGTTCCTATGGA_SMC041	SMC041	AD
TAAGGCTCAACTAGGT_PO28	PO28	AD
TAAGGGGTCGCTAGTA_PO11	PO11	AD
TAAGGGTAGGGTCTCG_PO20	PO20	Control
TAAGTCACAACCGCAA_PO41	PO41	AD
TAAGTCCGTTAGCATC_PO42	PO42	AD
TAAGTCCGTTGGTGCC_PO28	PO28	AD
TAAGTCGCACGACGTC_SMC053	SMC053	Active control
TAAGTCGCACTGGCCA_SMC041	SMC041	AD
TAAGTCGCAGATAAAC_SMC052	SMC052	Control
TAAGTCGCAGTTACCA_SMC049	SMC049	AD
TAAGTCGGTACAAAGT_SMC038	SMC038	AD
TAAGTCGGTGTCTAAC_SMC053	SMC053	Active control
TAATCCCTCATGACGC_PO20	PO20	Control
TAATCTCAGTCGGCCT_SMC053	SMC053	Active control
TAATCTCCAAAGTGTA_SMC052	SMC052	Control
TAATCTCCATCCTTGC_SMC052	SMC052	Control
TAATCTCGTCCCTCAT_SMC052	SMC052	Control
TAATCTCGTTAAACCC_SMC041	SMC041	AD
TAATCTCTCAACACCA_SMC053	SMC053	Active control
TAATCTCTCAACCGAT_SMC033	SMC033	Control
TAATCTCTCATAGAGA_SMC052	SMC052	Control
TAATCTCTCCAATCTT_SMC049	SMC049	AD
TAATCTCTCGAGTTGT_SMC052	SMC052	Control
TAATCTCTCGGCCAAC_SMC052	SMC052	Control
TAATGGGGTAGCGCAG_PO42	PO42	AD
TAATGGTTCCTTGATC_PO20	PO20	Control
TAATGGTTCGTTACTC_PO13	PO13	Control
TAATTCCAGACGCAGT_SMC053	SMC053	Active control
TAATTCCCAAGCTAGT_PO23	PO23	Control
TAATTCCCAATGACGT_PO20	PO20	Control
TAATTCCCATATCTCT_SMC049	SMC049	AD
TAATTCCGTAAGTTGA_SMC052	SMC052	Control
TAATTCCGTCGTCTCT_SMC053	SMC053	Active control
TAATTCCTCGTGCAGC_SMC052	SMC052	Control
TACAACGAGATGAACT_SMC052	SMC052	Control
TACAACGGTACCTAGT_SMC049	SMC049	AD
TACAACGGTCGTTCAA_SMC049	SMC049	AD
TACAACGTCTACTCAT_SMC053	SMC053	Active control
TACAACGTCTTCGTGC_SMC037	SMC037	Active control
TACAACTAGAATCCGC_PO15	PO15	Control
TACAAGCCATGCGCTT_PO15	PO15	Control
TACAATGCATTACGGG_PO28	PO28	AD
TACACCCAGGTGCATG_SMC049	SMC049	AD
TACACCCGTTCTCGCT_SMC049	SMC049	AD
TACACCCTCAGTGGGA_SMC049	SMC049	AD
TACACCGGTGGACATA_PO28	PO28	AD
TACACCGGTTCCCGTT_PO23	PO23	Control
TACACCGGTTGAAGCA_PO23	PO23	Control
TACACCGGTTGAGTAG_PO42	PO42	AD
TACACTAGTTGCACAT_PO20	PO20	Control
TACACTTCACAACGTG_PO42	PO42	AD
TACAGCCAGCCACACG_PO42	PO42	AD
TACAGCCAGCTAGACC_PO13	PO13	Control
TACAGGGAGCATCCAA_PO23	PO23	Control
TACAGGGAGCCGATGT_PO28	PO28	AD
TACAGGGAGGTGGCAA_PO23	PO23	Control
TACAGGTAGCAACCAG_SMC053	SMC053	Active control
TACAGGTGTCCAAGAG_SMC052	SMC052	Control
TACAGGTGTTCCGGTG_SMC052	SMC052	Control
TACAGGTGTTCGTTCC_SMC053	SMC053	Active control
TACATAGCACTTAACT_PO28	PO28	AD
TACATAGCAGGAAGTA_PO23	PO23	Control
TACATAGCATAACTAG_PO28	PO28	AD
TACATAGCATTACGAA_PO28	PO28	AD
TACATCAGTTTACTAG_PO42	PO42	AD
TACATGACACCTTCCC_PO42	PO42	AD
TACATTCAGAGTTGTA_SMC049	SMC049	AD
TACATTCAGTCCGCCA_SMC052	SMC052	Control
TACATTCGTAGACACG_SMC053	SMC053	Active control
TACATTCGTCATCCCT_SMC052	SMC052	Control
TACATTCTCAAAGACA_SMC038	SMC038	AD
TACATTCTCACGTAGT_SMC052	SMC052	Control
TACATTCTCCGAGATT_SMC053	SMC053	Active control
TACATTCTCTTACCAT_SMC049	SMC049	AD
TACATTCTCTTGGGCG_SMC049	SMC049	AD
TACCACAAGCAAGTCC_PO15	PO15	Control
TACCACGGTCTTGCAG_PO28	PO28	AD
TACCACGGTTTGGAGA_PO28	PO28	AD
TACCAGGCAGTTAGTA_PO05	PO05	AD
TACCATAGTGCAACCC_PO23	PO23	Control
TACCATGAGTGAGGTG_PO41	PO41	AD
TACCATGAGTGCTTAG_PO42	PO42	AD
TACCATGAGTTGGATT_PO20	PO20	Control
TACCATTCAACATGGT_PO23	PO23	Control
TACCCACGTCTTACTT_SMC038	SMC038	AD
TACCCACTCAGCTGAT_SMC053	SMC053	Active control
TACCCACTCGATACAC_SMC041	SMC041	AD
TACCCATTCAGCAACC_PO28	PO28	AD
TACCCGCTCTAGTACG_PO15	PO15	Control
TACCCGTAGCGCAATG_SMC033	SMC033	Control
TACCCGTGTCTTGCTC_SMC052	SMC052	Control
TACCCGTGTGCGAGTA_SMC052	SMC052	Control
TACCCGTGTTGAGAGC_SMC033	SMC033	Control
TACCCGTTCTACCAGA_SMC049	SMC049	AD
TACCCTTAGGAACTAA_PO28	PO28	AD
TACCGAACAAAGACGC_SMC052	SMC052	Control
TACCGAAGTCAACCTA_SMC052	SMC052	Control
TACCGAAGTGCTCCGA_SMC038	SMC038	AD
TACCGAATCCGAGGCT_SMC052	SMC052	Control
TACCGAATCCGTATGA_SMC052	SMC052	Control
TACCGACAGTCTAGCA_PO28	PO28	AD
TACCGCCTCATGCAGC_PO20	PO20	Control
TACCGCCTCTTGAGGC_PO23	PO23	Control
TACCGGACATTGCGCT_PO15	PO15	Control
TACCGGGAGCCGATAG_SMC052	SMC052	Control
TACCGGGCACGCTGCA_SMC052	SMC052	Control
TACCGGGGTTCTAACG_SMC052	SMC052	Control
TACCGGGGTTTCGTGA_SMC053	SMC053	Active control
TACCGGGTCATTCATC_SMC052	SMC052	Control
TACCGGGTCTACTTCA_SMC053	SMC053	Active control
TACCGTCCACAACGTG_PO05	PO05	AD
TACCTAAGTTTCGACG_PO42	PO42	AD
TACCTAGAGCCCGTTC_PO05	PO05	AD
TACCTAGAGCGCAATC_PO13	PO13	Control
TACCTCGAGCTACGTT_SMC049	SMC049	AD
TACCTCGTCGGTAGAG_SMC053	SMC053	Active control
TACCTCGTCTGTTCAT_SMC033	SMC033	Control
TACCTGCAGCCAGTAG_SMC052	SMC052	Control
TACCTGCAGCTCACTA_SMC032	SMC032	AD
TACCTGCGTACTGAGG_SMC041	SMC041	AD
TACCTGCGTGATAGTA_SMC041	SMC041	AD
TACCTTGCAATCGTCC_PO13	PO13	Control
TACGAACCAACTTACT_PO13	PO13	Control
TACGAAGGTTTGGATC_PO23	PO23	Control
TACGAGGAGTAGAGGT_PO28	PO28	AD
TACGCCCTCGACATCA_PO20	PO20	Control
TACGCCTCATCGTTCA_PO05	PO05	AD
TACGCCTCATGGTAGT_PO23	PO23	Control
TACGCTAAGGCACTTA_PO42	PO42	AD
TACGCTAAGGCGATGA_PO05	PO05	AD
TACGCTCCAACGGCCT_SMC041	SMC041	AD
TACGCTCCACACAGAG_SMC053	SMC053	Active control
TACGCTCCACCTGATA_SMC033	SMC033	Control
TACGCTCCAGACAAGC_SMC041	SMC041	AD
TACGCTCCATATGAAG_SMC038	SMC038	AD
TACGCTCGTATTGGCT_SMC049	SMC049	AD
TACGCTCGTTAAACCC_SMC052	SMC052	Control
TACGCTCGTTTGAACC_SMC033	SMC033	Control
TACGCTCTCGTCGACG_SMC049	SMC049	AD
TACGGGCAGGCATGCA_SMC052	SMC052	Control
TACGGGCAGTAGACAT_SMC030	SMC030	Control
TACGGGCCAACCGTGC_SMC041	SMC041	AD
TACGGGCCAATCTACT_PO23	PO23	Control
TACGGGCCACCGGCTA_SMC049	SMC049	AD
TACGGGCCATAGAATG_SMC053	SMC053	Active control
TACGGGCGTCGTTCAA_SMC038	SMC038	AD
TACGGGCTCATGGGAG_SMC052	SMC052	Control
TACGGGCTCCGTGACG_SMC041	SMC041	AD
TACGGGCTCTGTACAG_SMC032	SMC032	AD
TACGGTACAAGAAACT_SMC049	SMC049	AD
TACGGTACAGAAGTGC_SMC052	SMC052	Control
TACGGTATCAGGAAGC_SMC053	SMC053	Active control
TACGGTCAGCTAACTG_PO42	PO42	AD
TACGGTCAGTAGGGCA_PO28	PO28	AD
TACGGTTGTGATAGCA_PO11	PO11	AD
TACGTCAAGGGCTAGA_PO28	PO28	AD
TACGTCAAGTAGTCAT_PO05	PO05	AD
TACGTCCAGCGGTATG_SMC049	SMC049	AD
TACGTCCAGGCCTAAG_SMC049	SMC049	AD
TACGTCCGTCTCGGGT_SMC052	SMC052	Control
TACGTCCTCCCATAAG_SMC052	SMC052	Control
TACTATGGTGAACGAC_PO42	PO42	AD
TACTATGGTTATATCG_PO42	PO42	AD
TACTATGGTTGTCCCT_PO15	PO15	Control
TACTCATCAACCAGCA_PO11	PO11	AD
TACTCCACAAATGGTC_PO23	PO23	Control
TACTCGCCAACCCGTT_PO28	PO28	AD
TACTCGCCACCAGCAA_PO05	PO05	AD
TACTCGCCACCTGCTG_PO13	PO13	Control
TACTGATAGGATGAAC_PO28	PO28	AD
TACTGATAGGTCATGC_PO28	PO28	AD
TACTGCAAGCCTTGGG_PO41	PO41	AD
TACTGCAAGGATAGCG_PO15	PO15	Control
TACTGCCCAATGCAGG_SMC053	SMC053	Active control
TACTGCCCAGAACTTC_SMC052	SMC052	Control
TACTGCCCAGTTGTCA_SMC033	SMC033	Control
TACTGCCTCCCGAGAC_SMC053	SMC053	Active control
TACTGCCTCCTCAGGG_SMC052	SMC052	Control
TACTGTGAGCGCTGAT_PO28	PO28	AD
TACTGTGAGGCATCCG_PO20	PO20	Control
TACTGTTCAGGAGCGA_PO28	PO28	AD
TACTTACAGGATTTAG_SMC041	SMC041	AD
TACTTACCAACTCCAA_SMC052	SMC052	Control
TACTTACCAGGCTTGC_SMC052	SMC052	Control
TACTTACGTTGATCGT_SMC052	SMC052	Control
TACTTACTCAGTCAGT_SMC033	SMC033	Control
TACTTACTCCAGCTCT_SMC052	SMC052	Control
TACTTACTCTTGAGCA_SMC052	SMC052	Control
TACTTAGGTTGTGAAG_PO28	PO28	AD
TACTTCAAGGTTCACT_SMC049	SMC049	AD
TACTTCACAACAAGTA_SMC049	SMC049	AD
TACTTCAGTCGAGCTC_SMC037	SMC037	Active control
TACTTGTGTACCTAGT_SMC053	SMC053	Active control
TACTTGTGTCCTGGTG_SMC053	SMC053	Active control
TACTTGTGTTGGGTTT_SMC041	SMC041	AD
TAGACCACAAGAAATC_SMC053	SMC053	Active control
TAGACCACAAGAGAGA_SMC033	SMC033	Control
TAGACCACAAGGGTCA_SMC038	SMC038	AD
TAGACCAGTATGGAAT_SMC049	SMC049	AD
TAGACCAGTCGGTAAG_SMC053	SMC053	Active control
TAGACCAGTTTCCCAC_SMC052	SMC052	Control
TAGACCATCCACTGAA_SMC049	SMC049	AD
TAGACCATCCAGTGTA_SMC049	SMC049	AD
TAGACCATCCCGTAAA_SMC052	SMC052	Control
TAGACCATCTGAATCG_SMC052	SMC052	Control
TAGACCATCTTTGCGC_SMC049	SMC049	AD
TAGACTGAGAGAGCCT_SMC049	SMC049	AD
TAGACTGAGGCTTTCA_SMC038	SMC038	AD
TAGACTGAGTAGATCA_SMC053	SMC053	Active control
TAGACTGCAACGACAG_SMC053	SMC053	Active control
TAGACTGCAGGCTTGC_SMC052	SMC052	Control
TAGACTGGTCCGAAAG_SMC033	SMC033	Control
TAGACTGTCATCGTAG_SMC049	SMC049	AD
TAGACTGTCGCGTGAC_SMC049	SMC049	AD
TAGAGTCAGATCGACG_SMC053	SMC053	Active control
TAGAGTCAGGGTACAC_SMC038	SMC038	AD
TAGAGTCCAACTGCTA_SMC052	SMC052	Control
TAGAGTCGTCGCTTGG_SMC035	SMC035	Active control
TAGAGTCTCCTTCTAA_SMC049	SMC049	AD
TAGATCGAGGATTTCC_SMC049	SMC049	AD
TAGATCGAGTCGAGGT_SMC053	SMC053	Active control
TAGATCGCACGTTCGG_SMC049	SMC049	AD
TAGATCGCACTGATTG_SMC041	SMC041	AD
TAGATCGCATGGGCAA_SMC053	SMC053	Active control
TAGATCGGTCACTAGT_SMC049	SMC049	AD
TAGATCGGTTCGAACT_SMC052	SMC052	Control
TAGATCGTCAGTCATG_SMC032	SMC032	AD
TAGATCGTCCTAGCGG_SMC053	SMC053	Active control
TAGCACAAGATGTAGT_SMC049	SMC049	AD
TAGCACAAGTCGGCCT_SMC037	SMC037	Active control
TAGCACACAATACAGA_SMC037	SMC037	Active control
TAGCACACAGAAGCTG_SMC035	SMC035	Active control
TAGCACAGTCACTAGT_SMC052	SMC052	Control
TAGCACAGTCGAACAG_SMC049	SMC049	AD
TAGCACAGTTCCGTTC_SMC041	SMC041	AD
TAGCACAGTTTACTGG_SMC035	SMC035	Active control
TAGCACATCGTGTGGC_SMC053	SMC053	Active control
TAGCACATCTTAGTTC_SMC053	SMC053	Active control
TAGCATTAGGATTGAA_PO28	PO28	AD
TAGCATTAGGGTATCC_PO28	PO28	AD
TAGCCAATCCTGTGAA_PO20	PO20	Control
TAGCCACAGATTGCCA_PO42	PO42	AD
TAGCCACAGTGCCATA_PO11	PO11	AD
TAGCCAGCAAATCTAG_PO28	PO28	AD
TAGCCAGCATCATCGC_PO11	PO11	AD
TAGCCCTCAAGCCTGA_PO13	PO13	Control
TAGCCTGGTGAACCTT_PO20	PO20	Control
TAGCCTGGTTCGTCAG_PO42	PO42	AD
TAGCGAAGTAAGCTGA_PO42	PO42	AD
TAGCGAAGTTTGAGAG_PO23	PO23	Control
TAGCGGTTCCAACTCT_PO41	PO41	AD
TAGCTAGTCAGGCTAC_PO23	PO23	Control
TAGCTGATCCAGGTCG_PO23	PO23	Control
TAGCTGATCGATGGCT_PO11	PO11	AD
TAGGAGGAGGGATCGT_SMC052	SMC052	Control
TAGGAGGGTCTGTGTA_SMC052	SMC052	Control
TAGGCAAGTCTAGCAT_PO23	PO23	Control
TAGGCAAGTTCGCGTA_PO20	PO20	Control
TAGGCAAGTTGTCACG_PO11	PO11	AD
TAGGCGAAGGAATGCG_PO15	PO15	Control
TAGGCTTGTAATCGAG_PO42	PO42	AD
TAGGCTTGTGGCCAGA_PO15	PO15	Control
TAGGGCTTCGTACTAG_PO42	PO42	AD
TAGGGGATCAGCGAGA_PO28	PO28	AD
TAGGGTAGTTAAGTCC_PO23	PO23	Control
TAGGGTAGTTCCCAAG_PO13	PO13	Control
TAGGGTTCACAACGAG_SMC033	SMC033	Control
TAGGGTTCACTTCAAG_SMC049	SMC049	AD
TAGGGTTCACTTGCGT_PO15	PO15	Control
TAGGGTTCAGATAAAC_SMC053	SMC053	Active control
TAGGGTTCATAACCGG_PO15	PO15	Control
TAGGGTTCATGGTACT_SMC035	SMC035	Active control
TAGGGTTGTCCTCAGG_SMC049	SMC049	AD
TAGGGTTTCCCAATAG_SMC032	SMC032	AD
TAGGTACAGAAGCGAA_SMC053	SMC053	Active control
TAGGTACAGTGCCGAA_SMC033	SMC033	Control
TAGGTACCACTTGAGT_SMC053	SMC053	Active control
TAGGTACGTTACACTG_SMC053	SMC053	Active control
TAGGTACGTTCCCAAA_SMC053	SMC053	Active control
TAGGTACTCTGCGGCA_SMC052	SMC052	Control
TAGGTCATCCTGTAAG_PO13	PO13	Control
TAGGTGAGTCAACCGC_PO42	PO42	AD
TAGGTTGAGCCTGTCG_SMC041	SMC041	AD
TAGGTTGAGGGCAGAG_SMC053	SMC053	Active control
TAGGTTGGTACGAGTG_SMC041	SMC041	AD
TAGGTTGGTGAACCGA_SMC049	SMC049	AD
TAGGTTTAGCATGACC_PO23	PO23	Control
TAGGTTTAGGTACGAG_PO23	PO23	Control
TAGTACCGTGGCTCGT_PO11	PO11	AD
TAGTAGCCATGACGTG_PO13	PO13	Control
TAGTCCCCAACCAGGC_PO28	PO28	AD
TAGTCCTTCAAGTCGC_PO23	PO23	Control
TAGTCCTTCCGCAGAT_PO15	PO15	Control
TAGTGAGGTCTGGGCT_PO41	PO41	AD
TAGTGCAAGAGTATAC_SMC053	SMC053	Active control
TAGTGCAAGCGACCCT_SMC049	SMC049	AD
TAGTGCACACAAGGTG_SMC053	SMC053	Active control
TAGTGCACAGACCTGC_SMC049	SMC049	AD
TAGTGCACATAAGCGG_SMC053	SMC053	Active control
TAGTGCATCAGGCACT_PO11	PO11	AD
TAGTGCATCGGACTTA_SMC037	SMC037	Active control
TAGTGCATCTGACCCT_SMC053	SMC053	Active control
TAGTGTTAGCTATCGA_PO28	PO28	AD
TAGTTCTCAACCGTCT_PO23	PO23	Control
TAGTTCTCACCTTGCG_PO20	PO20	Control
TAGTTTCCAATTCACT_PO20	PO20	Control
TAGTTTCCAGGTTCAG_PO23	PO23	Control
TAGTTTCCATGGTGAT_PO05	PO05	AD
TATACAGCAGGCAACC_PO13	PO13	Control
TATACCCTCGCGTTCC_PO23	PO23	Control
TATACCTAGGCCTAAG_SMC052	SMC052	Control
TATACCTGTACTCCCT_SMC053	SMC053	Active control
TATACCTGTCTACGAT_SMC033	SMC033	Control
TATACCTGTGACTAAA_SMC038	SMC038	AD
TATACCTTCTCAAAGC_SMC052	SMC052	Control
TATAGGCCAAGCGGTC_PO11	PO11	AD
TATAGGGGTAAGCCAA_PO28	PO28	AD
TATAGGGGTTCGTTCC_PO28	PO28	AD
TATAGGTTCGTGAGTC_PO20	PO20	Control
TATAGTCAGATTCGTG_PO23	PO23	Control
TATAGTCAGGTGAGAT_PO42	PO42	AD
TATATCCAGTCGTCTA_SMC053	SMC053	Active control
TATATCCCAACTCCAA_SMC052	SMC052	Control
TATATCCCAGCATGCC_SMC052	SMC052	Control
TATATCCGTTCCACAA_SMC049	SMC049	AD
TATCAGGAGCAGGTCA_SMC033	SMC033	Control
TATCAGGAGGCTCTAT_SMC053	SMC053	Active control
TATCAGGAGGCTGAAC_SMC035	SMC035	Active control
TATCAGGCACCGTGAC_SMC033	SMC033	Control
TATCAGGCAGACATCT_SMC053	SMC053	Active control
TATCAGGCAGCTATAC_SMC052	SMC052	Control
TATCAGGCATAATCCG_SMC049	SMC049	AD
TATCAGGGTACCGGCT_SMC052	SMC052	Control
TATCAGGGTATTCCTT_SMC049	SMC049	AD
TATCAGGGTCTCTCAC_SMC052	SMC052	Control
TATCAGGGTGTGTGTT_SMC052	SMC052	Control
TATCAGGTCAATCCGA_SMC039	SMC039	AD
TATCAGGTCCGCAAGT_PO28	PO28	AD
TATCAGGTCGATACGT_SMC053	SMC053	Active control
TATCAGTAGCCGATAC_PO42	PO42	AD
TATCAGTAGGTAGTAA_PO42	PO42	AD
TATCAGTAGTAAGCGG_PO23	PO23	Control
TATCAGTAGTAGTCGC_PO15	PO15	Control
TATCATCCACTTCAAT_PO41	PO41	AD
TATCATCCAGGGCTTA_PO28	PO28	AD
TATCATGGTTGCCTTC_PO15	PO15	Control
TATCCAAGTCATTACA_PO28	PO28	AD
TATCCAAGTGGGTCTC_PO05	PO05	AD
TATCCATCAACCGTCT_PO05	PO05	AD
TATCCCACATTCATGT_PO28	PO28	AD
TATCCGCCAGGCTTGA_PO41	PO41	AD
TATCCGGGTTTGCCTC_PO23	PO23	Control
TATCCGTTCACTAGAT_PO15	PO15	Control
TATCCTAAGACCAAAT_SMC053	SMC053	Active control
TATCCTAAGACGGAAA_SMC035	SMC035	Active control
TATCCTACAGTAGTTC_SMC035	SMC035	Active control
TATCCTTGTAGTTGCT_PO28	PO28	AD
TATCCTTGTATAGCGA_PO13	PO13	Control
TATCGAACATAACTTC_PO23	PO23	Control
TATCGAACATGGAGCC_PO28	PO28	AD
TATCGCCCACAGAGCA_SMC049	SMC049	AD
TATCGCCCATCATGAC_SMC053	SMC053	Active control
TATCGCCTCGAACTCA_SMC038	SMC038	AD
TATCGCCTCGCTCTAC_SMC052	SMC052	Control
TATCGCTTCCCAGGAT_PO20	PO20	Control
TATCGCTTCTATGGAT_PO28	PO28	AD
TATCGGGCATCCCTGG_PO42	PO42	AD
TATCGTAGTAGTCAAG_PO23	PO23	Control
TATCTGTAGGGAGGTG_SMC049	SMC049	AD
TATCTGTAGGTCATCT_SMC052	SMC052	Control
TATCTGTCAAGTGGCA_SMC052	SMC052	Control
TATCTGTCACTGAGTT_SMC052	SMC052	Control
TATCTGTGTATCGTGT_SMC041	SMC041	AD
TATCTGTGTCTGTCAA_SMC053	SMC053	Active control
TATCTGTTCTCGGCTT_SMC049	SMC049	AD
TATCTTGCACAAATGA_SMC030	SMC030	Control
TATCTTGGTCGACTTA_SMC049	SMC049	AD
TATCTTGGTGAATATG_SMC049	SMC049	AD
TATCTTGGTTGTAGCT_SMC052	SMC052	Control
TATCTTGTCCCAGTCC_PO11	PO11	AD
TATCTTGTCCTGTGCC_PO42	PO42	AD
TATCTTGTCTAGGAAA_SMC053	SMC053	Active control
TATCTTGTCTTGACTC_PO23	PO23	Control
TATGAGAAGGCGATTC_PO42	PO42	AD
TATGAGAAGGTACGCT_PO28	PO28	AD
TATGATGCAGGTTGGC_PO42	PO42	AD
TATGCAACAAACCGGC_PO11	PO11	AD
TATGCTAGTATGGATG_PO20	PO20	Control
TATGGCCAGTACCACA_PO28	PO28	AD
TATGGCTGTGGACATA_PO28	PO28	AD
TATGGCTGTGGCGTGA_PO41	PO41	AD
TATGGGTCAAGCGAGG_PO28	PO28	AD
TATGTTCAGTATCCTG_SMC053	SMC053	Active control
TATGTTCGTATGAGGC_SMC053	SMC053	Active control
TATGTTCTCACAATGC_SMC049	SMC049	AD
TATGTTCTCGCCATAA_SMC053	SMC053	Active control
TATGTTGGTCAGTAAG_PO28	PO28	AD
TATTCCAAGCGTCAGA_SMC049	SMC049	AD
TATTCCACAACCGTAT_SMC052	SMC052	Control
TATTCCACAGGGAATC_SMC052	SMC052	Control
TATTCCAGTAGCTGAG_SMC053	SMC053	Active control
TATTCCAGTTCGGCCA_SMC052	SMC052	Control
TATTCCATCCACACCT_SMC052	SMC052	Control
TATTCCATCGGCATCG_SMC052	SMC052	Control
TATTGCTAGAACCGCA_SMC053	SMC053	Active control
TATTGCTAGCGCACAA_SMC052	SMC052	Control
TATTGCTCAGAGAAAG_SMC038	SMC038	AD
TATTGCTGTACGTGAG_SMC037	SMC037	Active control
TATTGCTGTCATCAGT_SMC049	SMC049	AD
TATTGCTGTCCATACA_SMC052	SMC052	Control
TATTGCTTCTTCCACG_SMC052	SMC052	Control
TATTGGGAGTGAGGCT_SMC053	SMC053	Active control
TATTGGGCAAACGGCA_SMC049	SMC049	AD
TATTGGGGTAGTCACT_SMC052	SMC052	Control
TATTGGGGTGTCCGTG_SMC052	SMC052	Control
TATTGGGTCAAAGGTA_SMC033	SMC033	Control
TATTGGGTCAAATGCC_SMC035	SMC035	Active control
TATTGGGTCGCCCAGA_SMC049	SMC049	AD
TATTGGGTCTCCCAAC_SMC049	SMC049	AD
TATTTCGAGGATACCG_SMC052	SMC052	Control
TATTTCGCATCGATGT_SMC038	SMC038	AD
TATTTCGCATCGATGT_SMC053	SMC053	Active control
TATTTCGTCACGACTA_SMC041	SMC041	AD
TATTTCGTCACGGAGA_SMC052	SMC052	Control
TATTTCGTCATGCAGT_SMC053	SMC053	Active control
TATTTCGTCTCGGTCT_SMC049	SMC049	AD
TCAAACTAGGAGCCTT_PO05	PO05	AD
TCAAAGCCAAACCGTG_PO42	PO42	AD
TCAAAGCCAAGCCGTA_PO11	PO11	AD
TCAAAGCCACTATGGG_PO20	PO20	Control
TCAAATGCACCTTGGT_PO05	PO05	AD
TCAAATGCAGTAAGGA_PO15	PO15	Control
TCAACCAAGTAATGCT_PO23	PO23	Control
TCAACCTTCCTTCCTC_PO15	PO15	Control
TCAACTGAGTTAACCG_PO28	PO28	AD
TCAAGACAGACTGGGT_SMC041	SMC041	AD
TCAAGACAGATGCGAC_SMC052	SMC052	Control
TCAAGACAGCGCCTTG_SMC049	SMC049	AD
TCAAGACCATACCACA_SMC052	SMC052	Control
TCAAGCAAGATCACCT_SMC049	SMC049	AD
TCAAGCACAACGTATC_SMC033	SMC033	Control
TCAAGCACACAGTCAT_SMC052	SMC052	Control
TCAAGCACACCCTATC_SMC052	SMC052	Control
TCAAGCAGTCGTTGGC_SMC038	SMC038	AD
TCAAGCATCAAGCTGT_SMC031	SMC031	Active control
TCAAGCATCGGAAGGT_SMC049	SMC049	AD
TCAAGCATCTTCGACC_SMC035	SMC035	Active control
TCAAGTGGTAGTATAG_SMC041	SMC041	AD
TCAAGTGGTGGGTTGA_SMC049	SMC049	AD
TCAATCCTCTAGTGAT_PO28	PO28	AD
TCAATCTAGGTGCCAA_SMC052	SMC052	Control
TCAATCTCAATTCGGG_PO15	PO15	Control
TCAATCTCACCCAAGC_SMC052	SMC052	Control
TCAATCTCAGGTGGAT_SMC053	SMC053	Active control
TCAATCTGTCTGATAC_SMC052	SMC052	Control
TCAATCTGTGTCTCCT_SMC035	SMC035	Active control
TCAATCTTCAATCTTC_SMC035	SMC035	Active control
TCAATCTTCCCAGCGA_SMC041	SMC041	AD
TCAATCTTCTCGCTCA_SMC038	SMC038	AD
TCAATCTTCTCGTGAA_SMC052	SMC052	Control
TCAATGGTCTGGCCCT_PO23	PO23	Control
TCAATTCAGCTACTAC_SMC053	SMC053	Active control
TCAATTCGTCTACGTA_SMC052	SMC052	Control
TCAATTCGTCTTCAAG_SMC049	SMC049	AD
TCAATTCGTGAAGCTG_SMC052	SMC052	Control
TCAATTCGTTTGTTGG_SMC049	SMC049	AD
TCACAAGAGATGAACT_SMC053	SMC053	Active control
TCACAAGCAAACCGGA_SMC052	SMC052	Control
TCACAAGGTATTTCGG_SMC037	SMC037	Active control
TCACAAGGTGGACCAA_SMC049	SMC049	AD
TCACAAGGTGGTCCCA_SMC038	SMC038	AD
TCACAATAGAAGCGTG_PO28	PO28	AD
TCACACCCAATCCAGG_PO23	PO23	Control
TCACACCCACCACACT_PO20	PO20	Control
TCACACCTCAACGCTA_SMC035	SMC035	Active control
TCACACCTCAGTGTGT_SMC052	SMC052	Control
TCACACCTCGACACCG_SMC041	SMC041	AD
TCACACGGTTCGCCTT_PO41	PO41	AD
TCACATTCAAGTCCAT_SMC033	SMC033	Control
TCACATTCAGACCCGT_SMC049	SMC049	AD
TCACATTGTCACATTG_SMC035	SMC035	Active control
TCACATTTCGAAACAA_SMC049	SMC049	AD
TCACCAAAGTTGGCGT_PO23	PO23	Control
TCACCATTCAGGTCAC_PO11	PO11	AD
TCACCCGCAGGGCTGT_PO28	PO28	AD
TCACCCGCATAGATTG_PO42	PO42	AD
TCACCCTGTTGCTGTG_PO05	PO05	AD
TCACGACAGAAGGTAC_PO28	PO28	AD
TCACGACAGTAGTCGC_PO20	PO20	Control
TCACGCCTCCTGTAAG_PO42	PO42	AD
TCACGCCTCGTACTAG_PO42	PO42	AD
TCACGCTCATCGTGGC_SMC049	SMC049	AD
TCACGCTGTAATGCGG_SMC052	SMC052	Control
TCACGCTGTGACTATC_SMC052	SMC052	Control
TCACGCTTCACGAGGA_SMC052	SMC052	Control
TCACGCTTCATACAGC_SMC052	SMC052	Control
TCACGCTTCCCTCTCC_SMC033	SMC033	Control
TCACGCTTCGACGCTG_SMC053	SMC053	Active control
TCACGGGAGCTACAAA_SMC053	SMC053	Active control
TCACGGGCAAGTAGTA_SMC053	SMC053	Active control
TCACGGGGTACCTAGT_SMC049	SMC049	AD
TCACGGGTCTGGGTCG_SMC038	SMC038	AD
TCACGTAAGAACCATT_PO15	PO15	Control
TCACGTCCAAAGGTAG_PO28	PO28	AD
TCACGTCCAATAGTTG_PO20	PO20	Control
TCACGTCCATTAACGA_PO28	PO28	AD
TCACGTCCATTGACGG_PO23	PO23	Control
TCACGTTTCCCATTCG_PO42	PO42	AD
TCACTATAGATTAGTG_SMC049	SMC049	AD
TCACTATAGCAGCCTC_SMC049	SMC049	AD
TCACTATAGCGTTCAT_SMC049	SMC049	AD
TCACTATAGTTCCTGA_SMC033	SMC033	Control
TCACTATCAATCGCCG_SMC049	SMC049	AD
TCACTATGTACAGTTC_SMC052	SMC052	Control
TCACTATGTCAAACGG_SMC030	SMC030	Control
TCACTATGTCCTGGGT_SMC041	SMC041	AD
TCACTATGTTCGGTAT_SMC053	SMC053	Active control
TCACTATGTTGAGTCT_SMC037	SMC037	Active control
TCACTATTCAGGCGAA_SMC052	SMC052	Control
TCACTATTCCCTCATG_SMC052	SMC052	Control
TCACTATTCGCTCTCA_SMC049	SMC049	AD
TCACTATTCTATCACT_SMC053	SMC053	Active control
TCACTATTCTGATTCT_SMC049	SMC049	AD
TCACTCCGTGAGTGGT_PO23	PO23	Control
TCACTCCGTGCAGCCT_PO11	PO11	AD
TCACTCGAGAATAACC_SMC052	SMC052	Control
TCACTCGAGGTTAGTA_SMC041	SMC041	AD
TCACTCGGTCGAGTGA_SMC052	SMC052	Control
TCACTGTTCATGTCGA_PO28	PO28	AD
TCAGATTAGATAGTGA_PO15	PO15	Control
TCAGATTAGTGGCTCG_PO42	PO42	AD
TCAGCAAAGACTTCAC_SMC049	SMC049	AD
TCAGCAAAGATCGCCC_SMC049	SMC049	AD
TCAGCAACAACCGTAT_SMC052	SMC052	Control
TCAGCAACAGTCCGTG_SMC039	SMC039	AD
TCAGCAACATACTGAC_SMC053	SMC053	Active control
TCAGCAAGTGGCCTCA_SMC052	SMC052	Control
TCAGCAATCACTACTT_SMC049	SMC049	AD
TCAGCAATCACTATCC_PO41	PO41	AD
TCAGCAATCTTTGATC_SMC049	SMC049	AD
TCAGCATGTAGCTGCC_PO23	PO23	Control
TCAGCATGTCTAGCCA_PO11	PO11	AD
TCAGCCAGTTAGCTGT_PO41	PO41	AD
TCAGCCTAGCTAGTTC_SMC052	SMC052	Control
TCAGCCTGTGACGTCC_SMC052	SMC052	Control
TCAGCCTTCCAGGACC_SMC052	SMC052	Control
TCAGCCTTCGTTGTAG_SMC053	SMC053	Active control
TCAGCCTTCTCCTGAC_SMC052	SMC052	Control
TCAGCTGGTAATGCTC_PO42	PO42	AD
TCAGCTGGTGATGCGG_PO23	PO23	Control
TCAGGGCGTAGATGTA_SMC052	SMC052	Control
TCAGGGCGTTCGTACA_SMC053	SMC053	Active control
TCAGGGCTCGCTCTCA_SMC052	SMC052	Control
TCAGGTAAGCGTTCCG_SMC053	SMC053	Active control
TCAGGTACACGACCTG_SMC038	SMC038	AD
TCAGGTACATTCATCT_SMC035	SMC035	Active control
TCAGGTAGTAGAATAC_SMC038	SMC038	AD
TCAGGTAGTCAGATTC_SMC052	SMC052	Control
TCAGGTAGTGGAGAAA_SMC033	SMC033	Control
TCAGGTATCGTGCTCT_SMC049	SMC049	AD
TCAGGTATCTTCCACG_SMC041	SMC041	AD
TCAGGTCAGTATGTAC_PO42	PO42	AD
TCAGTAACAAACTTGA_PO20	PO20	Control
TCAGTAACAATCCCGT_PO13	PO13	Control
TCAGTAACAGTAATTG_PO28	PO28	AD
TCAGTATAGGGCTTAC_PO13	PO13	Control
TCAGTATAGTGGCAAG_PO13	PO13	Control
TCAGTCCCATGAGTAA_SMC049	SMC049	AD
TCAGTCCGTGCATACT_SMC041	SMC041	AD
TCAGTCCTCAATCGGT_SMC049	SMC049	AD
TCAGTCCTCAGATTGC_SMC053	SMC053	Active control
TCAGTCCTCCGCTAGG_SMC037	SMC037	Active control
TCAGTGAAGCGTATAA_SMC041	SMC041	AD
TCAGTGAAGGGTCAAC_SMC053	SMC053	Active control
TCAGTGAAGGTTCATC_SMC033	SMC033	Control
TCAGTGACAATTGCAC_SMC052	SMC052	Control
TCAGTGACACAGTCCG_SMC052	SMC052	Control
TCAGTGACAGCGGTTC_SMC052	SMC052	Control
TCAGTGAGTACCATAC_SMC052	SMC052	Control
TCAGTGAGTGTTAACC_SMC052	SMC052	Control
TCAGTGAGTTCAAGGG_SMC038	SMC038	AD
TCAGTGATCCTCTTTC_SMC038	SMC038	AD
TCAGTGATCGCGATCG_SMC035	SMC035	Active control
TCAGTTAGTGAGCATA_PO11	PO11	AD
TCAGTTAGTTGAGGCG_PO23	PO23	Control
TCAGTTTCACCGTGCA_SMC053	SMC053	Active control
TCAGTTTCAGTAGTGG_SMC049	SMC049	AD
TCAGTTTCATCGGCCA_SMC049	SMC049	AD
TCAGTTTGTCTGATCA_SMC053	SMC053	Active control
TCAGTTTGTTCTTGTT_SMC053	SMC053	Active control
TCATACTCACTTCAGA_SMC041	SMC041	AD
TCATACTCAGCAGTCC_SMC041	SMC041	AD
TCATACTCAGCGTAGA_SMC038	SMC038	AD
TCATACTGTGTCATTG_SMC049	SMC049	AD
TCATACTGTTCTTGTT_SMC049	SMC049	AD
TCATACTGTTTAAGGA_SMC053	SMC053	Active control
TCATACTTCAGTGATC_SMC052	SMC052	Control
TCATACTTCCGTTTCG_SMC053	SMC053	Active control
TCATACTTCTCGTTTA_SMC033	SMC033	Control
TCATACTTCTGGCCGA_SMC049	SMC049	AD
TCATAGGTCAGTGCTA_PO23	PO23	Control
TCATATCAGCTCGCAC_SMC053	SMC053	Active control
TCATATCCACGGTGCT_SMC052	SMC052	Control
TCATATCGTACTCGTA_SMC035	SMC035	Active control
TCATATGGTTCAATGC_PO15	PO15	Control
TCATCATAGTCATAGA_SMC053	SMC053	Active control
TCATCATCACCTCAAC_PO23	PO23	Control
TCATCATGTAAGAACT_SMC052	SMC052	Control
TCATCATGTTGCGAAG_SMC052	SMC052	Control
TCATCATTCCCTGTTG_SMC038	SMC038	AD
TCATCATTCTATCGTT_SMC052	SMC052	Control
TCATCCGCAGCATCTA_SMC049	SMC049	AD
TCATCCGCAGTAACAA_SMC033	SMC033	Control
TCATCCGGTAGCGAGT_SMC052	SMC052	Control
TCATCCGGTCATCACA_SMC052	SMC052	Control
TCATCCGGTGGGATTG_SMC033	SMC033	Control
TCATCCGGTGGGTTGA_SMC052	SMC052	Control
TCATCCGGTTACACTG_SMC052	SMC052	Control
TCATCCGTCAGCCCAG_SMC049	SMC049	AD
TCATCCGTCCTTGAAG_SMC049	SMC049	AD
TCATCCGTCTAGACAC_SMC049	SMC049	AD
TCATCGCCACCAACCT_PO15	PO15	Control
TCATCGCCACTTAATC_PO05	PO05	AD
TCATGAGAGTTCCAGT_SMC041	SMC041	AD
TCATGAGGTCGTTGGC_SMC037	SMC037	Active control
TCATGAGTCCAAATGC_SMC038	SMC038	AD
TCATGAGTCCTAACAG_SMC037	SMC037	Active control
TCATGAGTCTGAGGCC_SMC052	SMC052	Control
TCATGCCAGACCTGGA_SMC041	SMC041	AD
TCATGCCAGATGTTCC_SMC052	SMC052	Control
TCATGCCAGGTACTGG_SMC053	SMC053	Active control
TCATGCCGTTCGGCGT_SMC052	SMC052	Control
TCATGCTTCGCTTCGC_PO23	PO23	Control
TCATGGAGTAGATTGA_SMC053	SMC053	Active control
TCATGGAGTGTAGCAG_SMC033	SMC033	Control
TCATGGATCATCAGTG_SMC052	SMC052	Control
TCATGGATCCAACCAA_SMC041	SMC041	AD
TCATGGATCTATCCGT_PO28	PO28	AD
TCATGGGCAAACCGTG_PO28	PO28	AD
TCATGGGCAAACTACA_PO20	PO20	Control
TCATGGGCAAGGGAAC_PO42	PO42	AD
TCATGGGCAAGTAGAG_PO15	PO15	Control
TCATGGGCAAGTGCAT_PO41	PO41	AD
TCATGGGCACTTAATC_PO28	PO28	AD
TCATGTTAGGAAAGTG_SMC038	SMC038	AD
TCATGTTCAAACTATG_PO13	PO13	Control
TCATGTTCAATGCAGG_SMC049	SMC049	AD
TCATGTTCACGCAGTC_SMC038	SMC038	AD
TCATGTTCACTACCGG_SMC035	SMC035	Active control
TCATGTTGTGAGTAGC_SMC036	SMC036	AD
TCATGTTGTTGGACTT_SMC038	SMC038	AD
TCATGTTTCGGTCACG_SMC033	SMC033	Control
TCATTACAGGCACGAT_SMC052	SMC052	Control
TCATTACCAGAGAGGG_SMC052	SMC052	Control
TCATTACCAGATACCT_SMC049	SMC049	AD
TCATTACCAGTGTATC_SMC052	SMC052	Control
TCATTACCATCACAGT_SMC033	SMC033	Control
TCATTACGTGAGCTCC_SMC053	SMC053	Active control
TCATTACTCACGGAGA_SMC052	SMC052	Control
TCATTACTCCAACTAG_SMC038	SMC038	AD
TCATTCAAGACTTCCA_SMC038	SMC038	AD
TCATTCAAGGGAACAA_SMC038	SMC038	AD
TCATTCACAGTGTGGA_SMC038	SMC038	AD
TCATTCAGTTAGAGAT_SMC049	SMC049	AD
TCATTCATCCAGAGGA_PO23	PO23	Control
TCATTCATCCCGGCTT_PO41	PO41	AD
TCATTCATCCGGTAGC_SMC052	SMC052	Control
TCATTGCTCCCTGACC_PO05	PO05	AD
TCATTGTAGCCATCCG_SMC053	SMC053	Active control
TCATTGTAGGACTTCT_SMC053	SMC053	Active control
TCATTGTGTACCTAAC_SMC052	SMC052	Control
TCATTGTGTGATTAGA_SMC052	SMC052	Control
TCATTGTTCTATACTC_SMC053	SMC053	Active control
TCATTTGAGAACTCCT_SMC053	SMC053	Active control
TCATTTGAGTACTGGG_SMC053	SMC053	Active control
TCATTTGCAAGTCATC_SMC049	SMC049	AD
TCATTTGCATGCTGCG_SMC030	SMC030	Control
TCATTTGTCAGCGTCG_SMC049	SMC049	AD
TCCAAAGTCTAGGCAC_PO42	PO42	AD
TCCAACCCAAATGACC_PO28	PO28	AD
TCCAACTTCCCAATGA_PO23	PO23	Control
TCCAATGAGTTAGGCC_PO28	PO28	AD
TCCAATTCAGGCAACC_PO42	PO42	AD
TCCAATTCATAGGTCG_PO23	PO23	Control
TCCACACCAGCCATAG_PO28	PO28	AD
TCCACACCAGTAAGCT_PO13	PO13	Control
TCCACCAAGACAGCTG_SMC052	SMC052	Control
TCCACCAAGCTGTCCG_SMC049	SMC049	AD
TCCACCAAGTATGAGT_SMC052	SMC052	Control
TCCACCAAGTTAGAAC_SMC053	SMC053	Active control
TCCACCACAGCGAGTA_SMC033	SMC033	Control
TCCACCAGTATGTCAC_SMC053	SMC053	Active control
TCCACCAGTCCAGCCA_SMC049	SMC049	AD
TCCACCAGTCCTTTGC_SMC053	SMC053	Active control
TCCACCAGTTCGGCTG_SMC030	SMC030	Control
TCCACCATCACCTTAT_SMC053	SMC053	Active control
TCCACCATCGCGATGT_PO05	PO05	AD
TCCACCATCTCTAGGA_SMC052	SMC052	Control
TCCACGTCAGCGCGTT_SMC035	SMC035	Active control
TCCACGTCAGTTCTAG_SMC032	SMC032	AD
TCCACGTGTGTATACC_SMC053	SMC053	Active control
TCCACGTTCACCTTAT_SMC052	SMC052	Control
TCCACGTTCTATACTC_SMC049	SMC049	AD
TCCACGTTCTATCGCC_SMC053	SMC053	Active control
TCCACTTAGTACGCTA_PO28	PO28	AD
TCCAGAAAGCGTTAGG_SMC052	SMC052	Control
TCCAGAACAGGCTACC_SMC052	SMC052	Control
TCCAGAACATCTCGTC_SMC049	SMC049	AD
TCCAGAAGTCTACTGA_SMC052	SMC052	Control
TCCAGAAGTGGATCGA_SMC052	SMC052	Control
TCCAGAAGTGGCTACC_SMC052	SMC052	Control
TCCAGAAGTTGCAAGG_SMC053	SMC053	Active control
TCCAGAATCCCTTCCC_SMC038	SMC038	AD
TCCAGAATCTGCGAGC_SMC049	SMC049	AD
TCCAGCTCATTCAGTT_PO41	PO41	AD
TCCAGGCGTAAGGTAT_PO05	PO05	AD
TCCAGGCGTTCCGTTC_PO28	PO28	AD
TCCAGGTAGGGTTGGA_PO13	PO13	Control
TCCAGTAAGCGCCACA_PO41	PO41	AD
TCCAGTAAGCTACCGG_PO05	PO05	AD
TCCAGTAAGTGCAATT_PO28	PO28	AD
TCCAGTTTCGACCGCA_PO23	PO23	Control
TCCATAAGTATGTGTC_PO23	PO23	Control
TCCATAAGTCTGGTCA_PO11	PO11	AD
TCCATCCGTAAGTACG_PO11	PO11	AD
TCCATCCGTAGTGCTT_PO42	PO42	AD
TCCATCCGTGATCAGA_PO42	PO42	AD
TCCATCGAGAGCAGCT_SMC052	SMC052	Control
TCCATCGCAACTCGTA_SMC052	SMC052	Control
TCCATCGCATCTAGAC_SMC049	SMC049	AD
TCCATCGGTAACAGGC_SMC049	SMC049	AD
TCCATCGTCTCATGGA_SMC053	SMC053	Active control
TCCATCGTCTCGCGTT_SMC052	SMC052	Control
TCCATGAAGTAACGAA_PO28	PO28	AD
TCCATGAAGTAGGTAA_PO13	PO13	Control
TCCATGAAGTCAGGCT_PO28	PO28	AD
TCCATGCAGGGCCCTT_SMC052	SMC052	Control
TCCATGCAGTTGAAGT_SMC033	SMC033	Control
TCCATGCAGTTGTCGT_SMC049	SMC049	AD
TCCATGCCATTGCCTC_SMC053	SMC053	Active control
TCCATGGGTATAGCGA_PO15	PO15	Control
TCCATGGGTTAGAGAT_PO42	PO42	AD
TCCATTGCATAACTCT_PO28	PO28	AD
TCCATTGCATGCGGAC_PO41	PO41	AD
TCCCAACCAACTAGGT_PO20	PO20	Control
TCCCAACCACCTGCTG_PO23	PO23	Control
TCCCAATTCACTAACG_PO15	PO15	Control
TCCCAATTCAGCTGCG_PO11	PO11	AD
TCCCAATTCCCCAATT_PO13	PO13	Control
TCCCACAAGACTCTAC_SMC033	SMC033	Control
TCCCACAAGCTCTTCC_SMC052	SMC052	Control
TCCCACAAGGGTCAAC_SMC033	SMC033	Control
TCCCACAAGTACGTCT_SMC053	SMC053	Active control
TCCCACAAGTCCTGTA_SMC041	SMC041	AD
TCCCACACAGCATTGT_SMC052	SMC052	Control
TCCCACATCGCAAGAG_SMC053	SMC053	Active control
TCCCACATCGGTGTAT_SMC052	SMC052	Control
TCCCACATCTATCACT_SMC052	SMC052	Control
TCCCACATCTTGGATG_SMC052	SMC052	Control
TCCCACGCAATACATG_PO23	PO23	Control
TCCCAGCTCCGCGTAG_PO23	PO23	Control
TCCCAGCTCGTAGTTG_PO05	PO05	AD
TCCCAGTCAATGGCCC_SMC052	SMC052	Control
TCCCAGTCATAGCACT_SMC053	SMC053	Active control
TCCCAGTGTCGTTGCG_SMC037	SMC037	Active control
TCCCAGTTCCGAAATC_SMC053	SMC053	Active control
TCCCATGAGCAATTCC_SMC033	SMC033	Control
TCCCATGAGGTCACAG_SMC053	SMC053	Active control
TCCCATGCAACTCGTA_SMC053	SMC053	Active control
TCCCATGCAGGAGACT_SMC033	SMC033	Control
TCCCATGCATATGAAG_SMC041	SMC041	AD
TCCCATGGTCGCTTGG_SMC052	SMC052	Control
TCCCATGTCATCGCTC_SMC053	SMC053	Active control
TCCCATGTCGTGTGAT_SMC049	SMC049	AD
TCCCCAATCGAATCCA_PO42	PO42	AD
TCCCCAATCGTACTAG_PO28	PO28	AD
TCCCCAGCACATGACG_PO41	PO41	AD
TCCCCAGCATAGACGT_PO28	PO28	AD
TCCCCTAAGTGGCTCG_PO20	PO20	Control
TCCCGAAGTCAAGCAA_PO42	PO42	AD
TCCCGAAGTGCGTGCT_PO23	PO23	Control
TCCCGAAGTTCCGTTC_PO42	PO42	AD
TCCCGATCACCTATAT_PO11	PO11	AD
TCCCGATCACTAGCTC_PO23	PO23	Control
TCCCTAACATGTCGTC_PO28	PO28	AD
TCCCTAGTCAGGTTGC_PO41	PO41	AD
TCCCTAGTCGAAGCTC_PO42	PO42	AD
TCCCTGATCCGCACGA_PO42	PO42	AD
TCCCTTAGTAAGCATG_PO11	PO11	AD
TCCCTTGAGTGATAGA_PO41	PO41	AD
TCCGAAACAGTCGCAC_SMC052	SMC052	Control
TCCGAAAGTCAAACGG_SMC049	SMC049	AD
TCCGATCAGAACCCGA_SMC036	SMC036	AD
TCCGATCCAAGATGGC_SMC041	SMC041	AD
TCCGATCCACATATCG_SMC052	SMC052	Control
TCCGATCCACCGGAAA_SMC052	SMC052	Control
TCCGATCCAGATACTC_SMC049	SMC049	AD
TCCGATCCATGCAGCC_SMC032	SMC032	AD
TCCGATCCATTGCTTT_SMC053	SMC053	Active control
TCCGATCGTAGAGGAA_SMC053	SMC053	Active control
TCCGATCGTAGATTAG_SMC053	SMC053	Active control
TCCGATCGTTCGTTCC_SMC049	SMC049	AD
TCCGATCTCACCCTTG_SMC052	SMC052	Control
TCCGATCTCAGCCTTC_SMC049	SMC049	AD
TCCGATCTCCGCAGTG_SMC039	SMC039	AD
TCCGATCTCTCGCGTT_SMC033	SMC033	Control
TCCGGGAAGGTCGAGT_SMC052	SMC052	Control
TCCGGGAAGGTGCAGT_SMC052	SMC052	Control
TCCGGGACACATGGTT_SMC049	SMC049	AD
TCCGGGACACGCAAAG_SMC052	SMC052	Control
TCCGGGACATCCTATT_SMC035	SMC035	Active control
TCCGGGAGTTCTTCAT_SMC041	SMC041	AD
TCCGGGAGTTGAAGTA_SMC033	SMC033	Control
TCCGGGAGTTGCATGT_SMC036	SMC036	AD
TCCGGGAGTTTGGGAG_SMC049	SMC049	AD
TCCGTGTGTATGCAAA_SMC053	SMC053	Active control
TCCGTGTGTCTGCGCA_SMC053	SMC053	Active control
TCCGTGTGTGTGCCTG_SMC052	SMC052	Control
TCCGTGTTCTTTCAGT_SMC053	SMC053	Active control
TCCTAATAGGCGTTAG_SMC053	SMC053	Active control
TCCTAATCAAACCAAC_PO23	PO23	Control
TCCTAATCAGTAGTTC_SMC052	SMC052	Control
TCCTAATCATACCATG_SMC049	SMC049	AD
TCCTAATTCACATCAG_SMC049	SMC049	AD
TCCTAATTCGTAGTCA_SMC052	SMC052	Control
TCCTCAACAAGCCTAG_PO13	PO13	Control
TCCTCAACATGCTGCT_PO05	PO05	AD
TCCTCCCAGTCCCTAA_SMC052	SMC052	Control
TCCTCCCCATAACAGA_SMC053	SMC053	Active control
TCCTCCCGTCGAGTTT_SMC033	SMC033	Control
TCCTCCCTCCTGGGAC_SMC033	SMC033	Control
TCCTCCCTCGTAGTCA_SMC049	SMC049	AD
TCCTCCCTCGTGCAGC_SMC053	SMC053	Active control
TCCTCGAAGCAAGCCA_SMC049	SMC049	AD
TCCTCGAAGCTCACTA_SMC033	SMC033	Control
TCCTCGAAGTAGAATC_SMC049	SMC049	AD
TCCTCGACATCGCTGG_SMC052	SMC052	Control
TCCTCGAGTGGGACAT_SMC052	SMC052	Control
TCCTCGATCGACTGGT_PO05	PO05	AD
TCCTCGATCTATGAGT_PO13	PO13	Control
TCCTCTTAGTTAGTGA_SMC053	SMC053	Active control
TCCTCTTCACCCTTGT_SMC052	SMC052	Control
TCCTCTTCACTACCGG_SMC052	SMC052	Control
TCCTCTTCATTCAACT_PO23	PO23	Control
TCCTCTTTCCATTGCC_SMC053	SMC053	Active control
TCCTCTTTCGTGACTA_SMC049	SMC049	AD
TCCTGACCAAGCATAC_PO41	PO41	AD
TCCTGCAAGTATGAGT_SMC038	SMC038	AD
TCCTGCAAGTCGCCAC_SMC049	SMC049	AD
TCCTGCAGTCCACATA_SMC049	SMC049	AD
TCCTGCATCCTACGAA_SMC033	SMC033	Control
TCCTGTTAGTTACGCA_PO42	PO42	AD
TCCTTAATCAGGACGA_PO13	PO13	Control
TCCTTAATCTGTGATG_PO41	PO41	AD
TCCTTATGTTCGGTGC_PO13	PO13	Control
TCCTTATGTTCGGTGC_PO23	PO23	Control
TCCTTCTAGCTGTTAC_SMC052	SMC052	Control
TCCTTCTAGGTTTACC_SMC033	SMC033	Control
TCCTTCTCAGGTTCCT_PO20	PO20	Control
TCCTTCTCAGGTTCGC_SMC037	SMC037	Active control
TCCTTCTCAGTCCCGA_SMC052	SMC052	Control
TCCTTCTGTTTCGGCG_SMC053	SMC053	Active control
TCCTTCTTCGAAGTGG_SMC052	SMC052	Control
TCCTTGGTCGATATAC_PO42	PO42	AD
TCCTTGGTCGCGCGTA_PO28	PO28	AD
TCCTTTCAGATGGTAT_SMC035	SMC035	Active control
TCCTTTCAGTTGGAAT_SMC049	SMC049	AD
TCCTTTCGTGCAGGAT_SMC049	SMC049	AD
TCCTTTCTCCAATCTT_SMC053	SMC053	Active control
TCCTTTCTCTAACACG_SMC049	SMC049	AD
TCCTTTGGTTTGCCAG_PO20	PO20	Control
TCGAACAAGCTATCTG_SMC038	SMC038	AD
TCGAACAAGTCATGGG_SMC052	SMC052	Control
TCGAACACAATAGTCC_SMC037	SMC037	Active control
TCGAACACACAGAGCA_SMC052	SMC052	Control
TCGAACACAGTGTGCC_SMC035	SMC035	Active control
TCGAACACATTCAGGT_SMC041	SMC041	AD
TCGAACATCAACGTGT_SMC049	SMC049	AD
TCGAACATCAACTTTC_SMC052	SMC052	Control
TCGAACATCGCTAAAC_SMC053	SMC053	Active control
TCGAAGTCACTATCGA_SMC049	SMC049	AD
TCGAAGTTCAAGTCTG_SMC033	SMC033	Control
TCGAAGTTCCATAAGC_SMC035	SMC035	Active control
TCGAAGTTCTAGTGAC_SMC041	SMC041	AD
TCGAATTAGTGAAGTA_PO41	PO41	AD
TCGACACAGAATCATC_PO05	PO05	AD
TCGACCAGTAATGCTC_PO28	PO28	AD
TCGACCAGTTATCCAA_PO28	PO28	AD
TCGACCTGTCGATGCC_SMC053	SMC053	Active control
TCGACCTTCGAAGCAG_SMC032	SMC032	AD
TCGACCTTCGCCAGTG_SMC033	SMC033	Control
TCGACCTTCTGAATCG_SMC049	SMC049	AD
TCGACGGCATCAGCAT_SMC052	SMC052	Control
TCGACGGGTTGGGACA_SMC033	SMC033	Control
TCGACGGTCGCCAGTG_SMC052	SMC052	Control
TCGACGGTCGGCATTA_SMC052	SMC052	Control
TCGACGGTCTTACCGC_SMC049	SMC049	AD
TCGACGTAGGCTGTAC_PO28	PO28	AD
TCGACGTAGGTACGCT_PO20	PO20	Control
TCGACTGGTGATGATG_PO15	PO15	Control
TCGAGGTTCCCGCAAG_PO23	PO23	Control
TCGATAGTCCATCGAA_PO13	PO13	Control
TCGATCAAGCGCCATG_PO41	PO41	AD
TCGATCAAGGTGCTAC_PO28	PO28	AD
TCGATTAGTAAGTCAG_PO23	PO23	Control
TCGATTAGTCCATCGA_PO11	PO11	AD
TCGATTGAGCGACTAC_PO15	PO15	Control
TCGATTTAGCATGCAG_SMC053	SMC053	Active control
TCGATTTCATAACGTA_PO20	PO20	Control
TCGATTTTCGTAATGC_SMC035	SMC035	Active control
TCGCACTAGGTACATA_SMC052	SMC052	Control
TCGCACTCAACCGCTG_SMC052	SMC052	Control
TCGCACTCACTGATTG_SMC049	SMC049	AD
TCGCACTGTTCTATCT_SMC052	SMC052	Control
TCGCACTTCCGGCAGT_SMC052	SMC052	Control
TCGCACTTCTGCGGCA_SMC052	SMC052	Control
TCGCAGACAAACCAGT_PO20	PO20	Control
TCGCAGACATGGTGCA_PO13	PO13	Control
TCGCAGGAGCTCGAAG_SMC052	SMC052	Control
TCGCATAAGGTTACTG_PO28	PO28	AD
TCGCATCCAGGATGAA_PO28	PO28	AD
TCGCATCCATTACGTT_PO15	PO15	Control
TCGCATTTCATAGGCC_PO15	PO15	Control
TCGCATTTCCCGCATC_PO42	PO42	AD
TCGCATTTCCTGGTCC_PO23	PO23	Control
TCGCCAAGTGATGCGG_PO28	PO28	AD
TCGCCTATCATGTGCA_PO42	PO42	AD
TCGCCTGCAGGGCTGT_PO23	PO23	Control
TCGCGCAAGCGAGAGC_PO28	PO28	AD
TCGCTAAAGGTGCTCG_PO23	PO23	Control
TCGCTAGGTGAAGGCT_PO28	PO28	AD
TCGCTAGGTTGCGTCA_PO05	PO05	AD
TCGCTCAAGTATGAAC_SMC053	SMC053	Active control
TCGCTCACACCTGAAT_SMC041	SMC041	AD
TCGCTCAGTACTCCCT_SMC052	SMC052	Control
TCGCTCAGTCTGTAGT_SMC052	SMC052	Control
TCGCTCAGTGACTCGC_SMC041	SMC041	AD
TCGCTCATCCTCTTTC_SMC053	SMC053	Active control
TCGCTCATCGCTCCTA_SMC053	SMC053	Active control
TCGCTCATCTATCACT_SMC052	SMC052	Control
TCGCTCATCTGCTTTA_SMC052	SMC052	Control
TCGCTCTGTAGTAAGT_PO41	PO41	AD
TCGCTCTGTTACACGT_PO42	PO42	AD
TCGCTTACATGATTAG_PO23	PO23	Control
TCGCTTACATTCGGCT_PO23	PO23	Control
TCGCTTGAGAGTTCGG_SMC049	SMC049	AD
TCGCTTGAGGCATGGT_SMC052	SMC052	Control
TCGCTTGTCACCTTGC_SMC049	SMC049	AD
TCGGATAAGATTGTGA_SMC053	SMC053	Active control
TCGGATAAGTGCCCGT_SMC052	SMC052	Control
TCGGATACATGTTACG_SMC049	SMC049	AD
TCGGATAGTACTGTTG_SMC035	SMC035	Active control
TCGGCAACAGCTCGTT_PO28	PO28	AD
TCGGCCAAGCAACCTA_PO15	PO15	Control
TCGGCCAAGGAGCTAG_PO28	PO28	AD
TCGGCCAAGTAGTCTG_PO42	PO42	AD
TCGGCTAGTGAGGCAT_PO13	PO13	Control
TCGGGACCAGTTCTAG_SMC049	SMC049	AD
TCGGGACGTCCGGACT_SMC033	SMC033	Control
TCGGGACTCGCCGAAC_SMC052	SMC052	Control
TCGGGCAAGGTAAGTT_SMC052	SMC052	Control
TCGGGCACAAACGAGC_SMC033	SMC033	Control
TCGGGCATCAAAGACA_SMC037	SMC037	Active control
TCGGGCATCCTATGGA_SMC049	SMC049	AD
TCGGGCATCGACCTAA_SMC049	SMC049	AD
TCGGGCATCGCCTTGT_SMC052	SMC052	Control
TCGGGCATCTACTTCA_SMC052	SMC052	Control
TCGGGGTCATGCTTGC_PO42	PO42	AD
TCGGGTGAGTATGAGT_SMC049	SMC049	AD
TCGGGTGCATAATCCG_SMC035	SMC035	Active control
TCGGGTGGTGAGTAGC_SMC052	SMC052	Control
TCGGGTGTCGAACCAT_SMC035	SMC035	Active control
TCGGGTTAGGCATTCA_PO13	PO13	Control
TCGGTATGTGCGGTAG_PO15	PO15	Control
TCGGTATGTTGGACCC_PO23	PO23	Control
TCGGTCAGTCCCGAGT_PO15	PO15	Control
TCGGTCTCACCCTAAA_SMC053	SMC053	Active control
TCGGTCTCAGCTTCGG_SMC052	SMC052	Control
TCGGTCTGTCGTTATG_SMC053	SMC053	Active control
TCGGTTAAGTGAGCAG_PO05	PO05	AD
TCGTAATAGCCATCCC_PO42	PO42	AD
TCGTAATAGCGAACGA_PO28	PO28	AD
TCGTACGGTGCAACCC_PO23	PO23	Control
TCGTAGAGTAGGATAT_SMC053	SMC053	Active control
TCGTAGAGTTAGTCGT_SMC053	SMC053	Active control
TCGTATAGTCAATCGT_PO23	PO23	Control
TCGTCATTCTCATCGT_PO20	PO20	Control
TCGTCCAAGATTGCGG_SMC052	SMC052	Control
TCGTCCAAGCTGAAGC_SMC052	SMC052	Control
TCGTCCAAGGTACATA_SMC037	SMC037	Active control
TCGTCCACAACCTATG_SMC052	SMC052	Control
TCGTCCAGTCGTTCAA_SMC035	SMC035	Active control
TCGTCCATCGACACTA_SMC052	SMC052	Control
TCGTCCATCGGAGTGA_SMC052	SMC052	Control
TCGTGATGTAGGTTGA_PO05	PO05	AD
TCGTGATGTTAAGCAG_PO11	PO11	AD
TCGTGATGTTATAGCC_PO23	PO23	Control
TCGTGCCTCGACCAAC_PO05	PO05	AD
TCGTGCCTCGCGCAAT_PO41	PO41	AD
TCGTGCTAGTGCAGCA_SMC035	SMC035	Active control
TCGTGCTGTATACGGG_SMC053	SMC053	Active control
TCGTGCTGTCGCCACA_SMC052	SMC052	Control
TCGTGCTTCAGACCCG_SMC041	SMC041	AD
TCGTGCTTCGAAGGAC_SMC049	SMC049	AD
TCGTGCTTCTAGCAAC_SMC041	SMC041	AD
TCGTGGACAAATCAGC_PO05	PO05	AD
TCGTGGACATCCTGAC_PO23	PO23	Control
TCGTGGGAGAGGTCGT_SMC033	SMC033	Control
TCGTGGGAGTCTAGAA_SMC049	SMC049	AD
TCGTGGGCAAGAATAC_SMC052	SMC052	Control
TCGTGGGGTAGACAAT_SMC049	SMC049	AD
TCGTGGGGTCCAAATC_SMC052	SMC052	Control
TCGTGGGGTCGAGCTC_SMC052	SMC052	Control
TCGTGGGGTCGGAACA_SMC033	SMC033	Control
TCGTGGGGTGCTTATG_SMC053	SMC053	Active control
TCGTGGGGTGTGTGTT_SMC053	SMC053	Active control
TCGTGGGTCCGCAACG_SMC035	SMC035	Active control
TCGTTAAGTAATGTGG_PO28	PO28	AD
TCGTTAAGTGAGCCCT_PO42	PO42	AD
TCGTTAAGTGCGGATG_PO05	PO05	AD
TCGTTAGAGCAGGGAC_PO23	PO23	Control
TCGTTAGAGGTGATGG_PO05	PO05	AD
TCGTTGGGTATGTGAG_PO23	PO23	Control
TCGTTGGGTGCATCGC_PO15	PO15	Control
TCGTTTCAGTTGCGCG_PO23	PO23	Control
TCGTTTGCAGGCATAT_PO41	PO41	AD
TCTAACCTCAGCAGGA_PO05	PO05	AD
TCTAACTAGTTACGAA_SMC053	SMC053	Active control
TCTAACTCAAGAATAC_SMC052	SMC052	Control
TCTAACTTCCTTATGT_SMC033	SMC033	Control
TCTAACTTCGCACGAC_SMC049	SMC049	AD
TCTAACTTCTGCTAGA_SMC052	SMC052	Control
TCTAAGGTCACAGATT_PO20	PO20	Control
TCTAAGGTCCCGCAGA_PO23	PO23	Control
TCTAATGGTAGTTGCT_PO42	PO42	AD
TCTAATGGTTAAGCGA_PO05	PO05	AD
TCTAATGGTTAATTCG_PO23	PO23	Control
TCTACATAGACGCTCC_SMC052	SMC052	Control
TCTACATAGGAGAATG_SMC053	SMC053	Active control
TCTACATAGGTTGACG_SMC030	SMC030	Control
TCTACATCAAATGCGT_PO28	PO28	AD
TCTACATCAGACTGCC_SMC035	SMC035	Active control
TCTACATCAGATCATC_SMC049	SMC049	AD
TCTACATCAGCAGAAC_SMC038	SMC038	AD
TCTACATGTGTCCCTT_SMC049	SMC049	AD
TCTACATTCTTGCAGA_SMC052	SMC052	Control
TCTACCGAGCACTTTG_SMC049	SMC049	AD
TCTACCGAGCCGATTT_SMC053	SMC053	Active control
TCTACCGAGCGCTGCT_SMC052	SMC052	Control
TCTACCGCATCGAAGG_SMC049	SMC049	AD
TCTACCGGTCGATTAC_SMC033	SMC033	Control
TCTACCGGTGGTCAAG_SMC053	SMC053	Active control
TCTACCGTCAGTGTCA_SMC041	SMC041	AD
TCTACCGTCATGGTAC_SMC053	SMC053	Active control
TCTACCGTCATTTACC_SMC053	SMC053	Active control
TCTACCGTCCACGTCT_SMC053	SMC053	Active control
TCTACCGTCCCAAGTA_SMC041	SMC041	AD
TCTACCGTCGAGAACG_SMC041	SMC041	AD
TCTACCGTCGGACTGC_SMC053	SMC053	Active control
TCTACGAAGGTAGTGG_PO28	PO28	AD
TCTACGGGTGGACACG_PO15	PO15	Control
TCTACGTTCGCATCAA_PO23	PO23	Control
TCTACTATCCCTGACC_PO05	PO05	AD
TCTACTATCCGCCTTA_PO42	PO42	AD
TCTACTGCACATGCAG_PO28	PO28	AD
TCTACTGCACCACATC_PO23	PO23	Control
TCTACTTGTTCGGCGT_PO05	PO05	AD
TCTAGCTTCCCCATCA_PO13	PO13	Control
TCTATACAGCACTCGC_SMC033	SMC033	Control
TCTATACCAAGCCATT_SMC052	SMC052	Control
TCTATACCAGTAACGG_SMC052	SMC052	Control
TCTATACGTACAAGCG_SMC053	SMC053	Active control
TCTATACGTCTCGCGA_SMC041	SMC041	AD
TCTATACGTGAATTAG_SMC052	SMC052	Control
TCTATACTCGTAATGC_SMC052	SMC052	Control
TCTATACTCTACCACC_SMC052	SMC052	Control
TCTATAGGTATGTCCG_PO42	PO42	AD
TCTATAGGTTCGCAAT_PO15	PO15	Control
TCTATCAAGGCGCTCT_SMC035	SMC035	Active control
TCTATCACAAGAGCTG_SMC038	SMC038	AD
TCTATCACAATTGCCA_SMC035	SMC035	Active control
TCTATCAGTACCGTGC_SMC049	SMC049	AD
TCTATCAGTCAGCTTA_SMC052	SMC052	Control
TCTATCAGTGTCCAAT_SMC049	SMC049	AD
TCTATCAGTTGTCTAG_SMC052	SMC052	Control
TCTATCATCAAAGGAT_SMC052	SMC052	Control
TCTATCGCAAACCACG_PO05	PO05	AD
TCTATCGCATCAAGCG_PO23	PO23	Control
TCTATGAGTGATAGTG_PO23	PO23	Control
TCTATGCTCCGCGTCT_PO23	PO23	Control
TCTATTGTCCCTCTGA_PO28	PO28	AD
TCTCACGCAGCCTTCT_SMC038	SMC038	AD
TCTCACGGTCCTACGG_SMC052	SMC052	Control
TCTCACGGTCGCTCGA_SMC035	SMC035	Active control
TCTCACGTCGCGTGCA_SMC053	SMC053	Active control
TCTCAGCAGCTCGACC_SMC052	SMC052	Control
TCTCAGCAGCTCGTGC_SMC052	SMC052	Control
TCTCAGCAGCTTAAGA_SMC049	SMC049	AD
TCTCAGCCAATCAGAC_PO42	PO42	AD
TCTCAGCCAGAGCTAG_SMC053	SMC053	Active control
TCTCAGCGTCCTGTTC_SMC052	SMC052	Control
TCTCAGCGTGTCTCCT_SMC049	SMC049	AD
TCTCAGCTCGCAATTG_SMC049	SMC049	AD
TCTCAGCTCTGTAAGC_SMC052	SMC052	Control
TCTCATATCCACCTCA_PO42	PO42	AD
TCTCATATCCAGGCCA_PO05	PO05	AD
TCTCATCAGTGACGGA_PO20	PO20	Control
TCTCCAACAATACAGC_PO42	PO42	AD
TCTCCAACAGGAAGCG_PO05	PO05	AD
TCTCCAACATTAGGCG_PO23	PO23	Control
TCTCCATAGAAGGGTT_PO42	PO42	AD
TCTCCATAGCCGATGT_PO28	PO28	AD
TCTCCATAGTAAGGTA_PO11	PO11	AD
TCTCCCAAGTAGGTAA_PO28	PO28	AD
TCTCCGAAGCTCTATG_SMC030	SMC030	Control
TCTCCGAAGGAACGAA_SMC049	SMC049	AD
TCTCCGAAGTTTGCTG_SMC052	SMC052	Control
TCTCCGACAAGTGATA_SMC049	SMC049	AD
TCTCCGATCTTAGGAC_SMC052	SMC052	Control
TCTCCGATCTTTCCAA_SMC033	SMC033	Control
TCTCGCATCTAGTGAT_PO13	PO13	Control
TCTCGCGCAGGTTAGT_PO28	PO28	AD
TCTCGTTAGCCATTAG_PO42	PO42	AD
TCTCTATGTAGCTTCG_PO11	PO11	AD
TCTCTATGTGGCGATG_PO05	PO05	AD
TCTCTCCTCCGCTGCT_PO28	PO28	AD
TCTCTGGAGACCTGGA_SMC041	SMC041	AD
TCTCTGGAGCGCCATC_SMC049	SMC049	AD
TCTCTGGAGTAACAGT_SMC049	SMC049	AD
TCTCTGGCAGCCGGTT_SMC049	SMC049	AD
TCTCTGGGTACTCCGG_SMC052	SMC052	Control
TCTCTGGGTGAGCCAA_SMC052	SMC052	Control
TCTCTGGGTGTTTGCA_SMC052	SMC052	Control
TCTCTGGTCCGTATAG_SMC038	SMC038	AD
TCTCTGGTCGCGTCGA_PO13	PO13	Control
TCTCTGGTCTACGCGG_SMC049	SMC049	AD
TCTGACTTCCCAGTAA_PO42	PO42	AD
TCTGACTTCCGTAATG_PO11	PO11	AD
TCTGATAGTTGGGATA_PO05	PO05	AD
TCTGATGAGGCATCCG_PO23	PO23	Control
TCTGCAAAGATTCCAG_PO15	PO15	Control
TCTGCACCAAGGGACG_PO41	PO41	AD
TCTGCAGGTGAGAGGA_PO28	PO28	AD
TCTGCAGGTTGTCAGT_PO42	PO42	AD
TCTGCATTCATGGCTA_PO28	PO28	AD
TCTGCCACACAGTGTT_SMC053	SMC053	Active control
TCTGCCACAGTAGTGG_SMC049	SMC049	AD
TCTGCCACATTAAGCC_SMC049	SMC049	AD
TCTGCCAGTCAGACGA_SMC049	SMC049	AD
TCTGCCATCGCAGTCG_SMC053	SMC053	Active control
TCTGCCTGTAATGAGT_PO28	PO28	AD
TCTGCGAGTGGCGTGA_PO15	PO15	Control
TCTGCGGAGGAATCGG_PO42	PO42	AD
TCTGGCGAGGCAATGG_PO20	PO20	Control
TCTGGCTAGACTTCCA_SMC052	SMC052	Control
TCTGGCTCAAGGATGC_SMC052	SMC052	Control
TCTGGCTCATGTTTGG_SMC032	SMC032	AD
TCTGGCTTCCGAGTGC_SMC035	SMC035	Active control
TCTGGGACAGTTAATG_PO20	PO20	Control
TCTGGGCGTGAGCAAC_PO05	PO05	AD
TCTGGGGTCAGCACGT_PO20	PO20	Control
TCTGGGGTCCTGATCT_PO41	PO41	AD
TCTGGGTAGTTACACG_PO15	PO15	Control
TCTGTCCGTTATCGAC_PO41	PO41	AD
TCTGTCGAGACCAACG_SMC033	SMC033	Control
TCTGTCGAGATAGTGT_SMC033	SMC033	Control
TCTGTCGCAACTCGAT_SMC052	SMC052	Control
TCTGTCGCACTTCAGA_SMC049	SMC049	AD
TCTGTCGGTTTAAGGA_SMC053	SMC053	Active control
TCTGTCGTCTACCCAC_SMC049	SMC049	AD
TCTGTCGTCTGATTCT_SMC033	SMC033	Control
TCTGTGAAGCGCTTGG_PO23	PO23	Control
TCTGTGAAGTCAGCTA_PO23	PO23	Control
TCTGTGTTCTATCACC_PO42	PO42	AD
TCTGTTGCAAATGCAC_PO11	PO11	AD
TCTGTTGCAGGTAGTT_PO15	PO15	Control
TCTTAGTAGCTAGCCC_SMC053	SMC053	Active control
TCTTAGTAGTCACAGG_SMC053	SMC053	Active control
TCTTAGTGTTATAGCC_SMC049	SMC049	AD
TCTTAGTTCCCTCTCC_SMC052	SMC052	Control
TCTTAGTTCGCAGATT_SMC041	SMC041	AD
TCTTCCTAGACCCTTA_SMC052	SMC052	Control
TCTTCCTAGCCAAGTG_SMC052	SMC052	Control
TCTTCCTAGTGGTGGT_SMC049	SMC049	AD
TCTTCCTCACCACTGG_SMC052	SMC052	Control
TCTTCCTCAGACTGCC_SMC052	SMC052	Control
TCTTCCTGTTGTAAAG_SMC052	SMC052	Control
TCTTCCTTCACCTCTG_SMC053	SMC053	Active control
TCTTGCGCAATTGCTG_SMC052	SMC052	Control
TCTTGCGGTCCAGCAC_SMC038	SMC038	AD
TCTTGCGGTCCTGTCT_SMC049	SMC049	AD
TCTTGCGGTCGCATGC_SMC029	SMC029	AD
TCTTGCGGTCTACTGA_SMC052	SMC052	Control
TCTTGCGGTGCCTGAC_SMC049	SMC049	AD
TCTTGCGGTGGTCCCA_SMC036	SMC036	AD
TCTTGCGTCAATGTCG_SMC038	SMC038	AD
TCTTGCGTCTTGCAAG_SMC049	SMC049	AD
TCTTTGACACCCAATA_SMC053	SMC053	Active control
TCTTTGACAGCCATTA_SMC052	SMC052	Control
TCTTTGACAGTGACCC_SMC049	SMC049	AD
TCTTTGAGTGGTAATA_SMC052	SMC052	Control
TCTTTGATCCAACCGG_SMC030	SMC030	Control
TGAAACCCACCTACCG_PO41	PO41	AD
TGAAACGGTAATCCAC_PO28	PO28	AD
TGAAACGGTCAGCCTA_PO42	PO42	AD
TGAAAGGCATGAGTTA_PO11	PO11	AD
TGAAAGGCATGGTACG_PO20	PO20	Control
TGAAATGAGGATTCAT_PO42	PO42	AD
TGAACAGGTGAGTGGT_PO42	PO42	AD
TGAACATTCCATAGCA_PO15	PO15	Control
TGAACATTCGCTGGCA_PO28	PO28	AD
TGAACCGCATCCCGAT_PO15	PO15	Control
TGAACGTAGGGACCAT_SMC035	SMC035	Active control
TGAACGTGTATGCTTG_SMC049	SMC049	AD
TGAACGTTCAGTGTCA_SMC052	SMC052	Control
TGAACGTTCTCCCAAC_SMC052	SMC052	Control
TGAACTTAGCTGGCAT_PO13	PO13	Control
TGAACTTAGGGCTAGA_PO42	PO42	AD
TGAACTTAGTCGCGTG_PO23	PO23	Control
TGAACTTAGTGTCATG_PO42	PO42	AD
TGAATAGAGCATAGTT_PO28	PO28	AD
TGAATAGAGCTAGACC_PO42	PO42	AD
TGAATAGAGTGGGTCT_PO28	PO28	AD
TGAATCGAGGATACCG_SMC053	SMC053	Active control
TGAATCGCACTGTGAT_SMC041	SMC041	AD
TGAATCGCAGCTTTCC_SMC037	SMC037	Active control
TGAATCGGTCTCCCTA_SMC049	SMC049	AD
TGAATCGGTTCGGTCG_SMC049	SMC049	AD
TGAATCGGTTCTCTAT_SMC035	SMC035	Active control
TGAATGCCAAGCTGCC_SMC038	SMC038	AD
TGAATGGGTGCGAGAT_PO23	PO23	Control
TGAATGGGTTGCGTAT_PO15	PO15	Control
TGAATTGCAAAGGTCT_PO41	PO41	AD
TGAATTGCACTTACTG_PO23	PO23	Control
TGAATTGCATCCTGCG_PO41	PO41	AD
TGACACGCATCGACAG_PO42	PO42	AD
TGACAGTCAATGAGCG_SMC052	SMC052	Control
TGACAGTGTACGCTAT_SMC052	SMC052	Control
TGACAGTGTGGATTTC_SMC049	SMC049	AD
TGACATTAGCAGGCAA_PO23	PO23	Control
TGACATTAGGCTTAAT_PO42	PO42	AD
TGACCAATCGTTCATC_PO28	PO28	AD
TGACCAGCAATCCTAT_PO15	PO15	Control
TGACCAGCATCGTTGC_PO05	PO05	AD
TGACCAGCATGCTCAC_PO41	PO41	AD
TGACCCTAGACTCGAG_SMC049	SMC049	AD
TGACCCTAGCTCGACC_SMC052	SMC052	Control
TGACCCTAGTGGTCAG_SMC041	SMC041	AD
TGACCCTCAACCGCTG_SMC052	SMC052	Control
TGACCCTCAACTCGGA_PO28	PO28	AD
TGACCCTCAGGCATTG_PO42	PO42	AD
TGACCCTCATATTCGG_SMC052	SMC052	Control
TGACCCTCATCACGCT_PO11	PO11	AD
TGACCCTGTGACCGTC_SMC033	SMC033	Control
TGACCCTTCAAGGACG_SMC053	SMC053	Active control
TGACCCTTCGTGCATA_SMC033	SMC033	Control
TGACGCGAGCTTGTTG_SMC053	SMC053	Active control
TGACGCGAGGTATTGA_SMC053	SMC053	Active control
TGACGCGCACTGAGTT_SMC049	SMC049	AD
TGACGCGGTCAGGTGA_SMC052	SMC052	Control
TGACGCGGTCTGCAAT_SMC052	SMC052	Control
TGACGCGGTTAGAGAT_SMC041	SMC041	AD
TGACGCGTCCCTTGTG_SMC037	SMC037	Active control
TGACGGTTCCCGGCAA_PO15	PO15	Control
TGACGGTTCCGCTGCT_PO23	PO23	Control
TGACGGTTCGTGCATA_PO05	PO05	AD
TGACTAACAACTGCCT_PO28	PO28	AD
TGACTCCAGACCTGGA_SMC052	SMC052	Control
TGACTCCCAAACCGGA_SMC052	SMC052	Control
TGACTCCCAAGCTACT_SMC053	SMC053	Active control
TGACTCCCACAAGGTG_SMC037	SMC037	Active control
TGACTCCCACAGCTTA_SMC052	SMC052	Control
TGACTCCGTCGCACGT_SMC041	SMC041	AD
TGACTCCGTGTTGATC_SMC053	SMC053	Active control
TGACTCCTCGGTCTAA_SMC035	SMC035	Active control
TGAGAACAGCAGGTTC_PO05	PO05	AD
TGAGAATGTAATGCTC_PO23	PO23	Control
TGAGAATGTCATGGTT_PO05	PO05	AD
TGAGAATGTTGTAGGA_PO42	PO42	AD
TGAGACTAGATAGTCA_SMC052	SMC052	Control
TGAGACTCACATATCG_SMC031	SMC031	Active control
TGAGACTCATCCGTGG_SMC053	SMC053	Active control
TGAGACTCATGTCGTA_SMC052	SMC052	Control
TGAGACTGTAGCGCCT_SMC052	SMC052	Control
TGAGACTTCTTCCTAA_SMC052	SMC052	Control
TGAGCATAGACCTCAT_SMC029	SMC029	AD
TGAGCATAGAGTGTTA_SMC053	SMC053	Active control
TGAGCATCACCTACTA_PO15	PO15	Control
TGAGCATGTAAGCAAT_SMC052	SMC052	Control
TGAGCATTCAGGTAAA_SMC033	SMC033	Control
TGAGCATTCGCTGTCT_SMC038	SMC038	AD
TGAGCCACATGACCGA_PO13	PO13	Control
TGAGCCCGTTGCTGTG_PO41	PO41	AD
TGAGCGCAGAAGAACG_SMC053	SMC053	Active control
TGAGCGCAGCAATTAG_SMC049	SMC049	AD
TGAGCGCCACTGTCCT_SMC049	SMC049	AD
TGAGCGCCATGATCCC_PO28	PO28	AD
TGAGCGCGTAACAGGC_SMC052	SMC052	Control
TGAGCGCGTAGGTACG_SMC052	SMC052	Control
TGAGCGCGTATGTGTC_SMC052	SMC052	Control
TGAGCGCGTTCCTTGC_SMC049	SMC049	AD
TGAGCGGGTTAGTGCT_PO15	PO15	Control
TGAGCGGGTTATGGAG_PO42	PO42	AD
TGAGCTATCGACCAGT_PO42	PO42	AD
TGAGCTGCAACCCGTT_PO23	PO23	Control
TGAGCTGCAACTACTT_PO42	PO42	AD
TGAGGAGAGTAGTCTC_SMC041	SMC041	AD
TGAGGAGCACCTGAAT_SMC049	SMC049	AD
TGAGGAGCACGCTGTG_SMC053	SMC053	Active control
TGAGGAGCAGATTCGT_SMC041	SMC041	AD
TGAGGAGGTGGATCAG_SMC049	SMC049	AD
TGAGGAGTCAAGCTGT_SMC053	SMC053	Active control
TGAGGAGTCATTTGCT_SMC033	SMC033	Control
TGAGGAGTCCTCCACA_SMC037	SMC037	Active control
TGAGGATAGTTGGCCG_PO28	PO28	AD
TGAGGCAAGTAAGGAC_PO11	PO11	AD
TGAGGCTTCATGTGAT_PO28	PO28	AD
TGAGGCTTCTGGTAAT_PO15	PO15	Control
TGAGGGAAGTCCCGGT_SMC052	SMC052	Control
TGAGGGACACAGTCCG_SMC032	SMC032	AD
TGAGGGAGTTAAGGGC_SMC049	SMC049	AD
TGAGGGATCCACTTTA_SMC053	SMC053	Active control
TGAGGGATCCCTCTCC_SMC053	SMC053	Active control
TGAGGGATCCTTTAGT_SMC029	SMC029	AD
TGAGGGATCTCTGCCA_SMC032	SMC032	AD
TGAGGGATCTGGTGAC_PO05	PO05	AD
TGAGGTAGTATGGCTT_PO05	PO05	AD
TGAGGTGAGCTAGTGC_PO13	PO13	Control
TGAGGTTAGTGCTCAT_SMC053	SMC053	Active control
TGAGGTTCAACATCGT_SMC049	SMC049	AD
TGAGGTTCAACCAAGT_PO42	PO42	AD
TGAGGTTCAGGCAGGA_PO23	PO23	Control
TGAGGTTCAGGCTCTG_SMC049	SMC049	AD
TGAGGTTCATGGATTA_PO28	PO28	AD
TGAGGTTGTGCGGCTT_SMC049	SMC049	AD
TGAGTAGGTTAGTTCA_PO23	PO23	Control
TGAGTCAAGAATTGTG_SMC032	SMC032	AD
TGAGTCAAGCCTCACG_SMC049	SMC049	AD
TGAGTCAAGGGTGAAA_SMC053	SMC053	Active control
TGAGTCAAGTGATAAC_SMC053	SMC053	Active control
TGAGTCACATCGAAGG_SMC049	SMC049	AD
TGAGTCAGTACTGCCG_SMC037	SMC037	Active control
TGAGTCAGTCGCTTAA_SMC049	SMC049	AD
TGAGTCAGTGGGAGAG_SMC052	SMC052	Control
TGAGTCATCATACAGC_SMC052	SMC052	Control
TGAGTCATCTCCACTG_SMC038	SMC038	AD
TGAGTCATCTCCTGCA_SMC052	SMC052	Control
TGAGTCATCTGTACAG_SMC035	SMC035	Active control
TGAGTGAGTGAGACGT_PO23	PO23	Control
TGATAGAAGGAATTGA_PO28	PO28	AD
TGATAGAAGTGAACCC_PO28	PO28	AD
TGATCAGAGGACTTCT_SMC053	SMC053	Active control
TGATCAGCACTTCAAG_SMC037	SMC037	Active control
TGATCAGCAGTAGATA_SMC049	SMC049	AD
TGATCAGGTGGACAGT_SMC049	SMC049	AD
TGATCATAGGGTCCAT_PO23	PO23	Control
TGATCATAGTGCTGAC_PO23	PO23	Control
TGATCCCCAGGACTGC_PO20	PO20	Control
TGATCCGGTAAGGTGC_PO20	PO20	Control
TGATCCTTCTAGTCGA_PO11	PO11	AD
TGATCTTCACACACGC_SMC052	SMC052	Control
TGATCTTCAGATCCTA_SMC052	SMC052	Control
TGATCTTGTGGTTTAC_SMC037	SMC037	Active control
TGATCTTGTTCAAAGA_SMC052	SMC052	Control
TGATCTTGTTCGATTG_SMC053	SMC053	Active control
TGATCTTGTTCTAACG_SMC041	SMC041	AD
TGATCTTTCTGCGAGC_SMC053	SMC053	Active control
TGATGAGGTCTAGCAT_PO28	PO28	AD
TGATGAGGTTAGCCAT_PO23	PO23	Control
TGATGCAAGAGCCATG_SMC033	SMC033	Control
TGATGCAAGGCCTTCG_SMC041	SMC041	AD
TGATGCAAGTACGTCT_SMC036	SMC036	AD
TGATGCAAGTATAGGT_SMC052	SMC052	Control
TGATGCACAAAGGGTC_SMC049	SMC049	AD
TGATGCACAAGGACAC_SMC049	SMC049	AD
TGATGCAGTGACTGAG_SMC052	SMC052	Control
TGATGCAGTTACGCCG_SMC049	SMC049	AD
TGATGCATCCAACACA_SMC038	SMC038	AD
TGATGCCAGCGATAGG_PO05	PO05	AD
TGATGCCAGGGGATAT_PO42	PO42	AD
TGATGCCAGGTAGAGT_PO23	PO23	Control
TGATGGTAGGCTAGCA_SMC049	SMC049	AD
TGATGGTAGGGTTAAT_SMC038	SMC038	AD
TGATGGTGTATTCTCT_SMC041	SMC041	AD
TGATGGTGTTAATCGC_SMC041	SMC041	AD
TGATGGTGTTGCCAAT_SMC052	SMC052	Control
TGATGGTTCTTAGCTT_SMC053	SMC053	Active control
TGATTCCTCATGGCCG_PO11	PO11	AD
TGATTCCTCTATGGAT_PO23	PO23	Control
TGATTCTAGTCAGCCC_SMC049	SMC049	AD
TGATTCTAGTCTAACC_SMC037	SMC037	Active control
TGATTCTAGTGCACCC_SMC053	SMC053	Active control
TGATTCTCAGTGGTGA_SMC052	SMC052	Control
TGATTCTCATAGGTTC_SMC041	SMC041	AD
TGATTCTGTATACCTG_SMC052	SMC052	Control
TGATTCTGTCGAAGCA_SMC052	SMC052	Control
TGATTCTGTGGAAGTC_SMC033	SMC033	Control
TGATTCTTCGGCTGGT_SMC053	SMC053	Active control
TGATTGGTCGCGAATC_PO28	PO28	AD
TGATTTCAGACCCTTA_SMC052	SMC052	Control
TGATTTCAGATGGCAC_SMC052	SMC052	Control
TGATTTCAGCTTAGTC_SMC052	SMC052	Control
TGATTTCCAATTCAGA_PO28	PO28	AD
TGATTTCCAGTCGGTC_SMC049	SMC049	AD
TGATTTCCAGTTGCTC_PO15	PO15	Control
TGATTTCCATTACTAC_PO28	PO28	AD
TGATTTCGTGAGATAT_SMC038	SMC038	AD
TGATTTCTCAGTCCGG_SMC035	SMC035	Active control
TGATTTCTCCCGTGTT_SMC038	SMC038	AD
TGATTTCTCTTCGTGC_SMC053	SMC053	Active control
TGATTTGGTAGTTACC_PO15	PO15	Control
TGATTTGGTTAACCCG_PO15	PO15	Control
TGCAAAGGTGCGAGTG_PO20	PO20	Control
TGCAATGTCCGGTGAT_PO41	PO41	AD
TGCAATGTCGCGTAAC_PO11	PO11	AD
TGCAATTAGTCGAGCT_PO23	PO23	Control
TGCACAATCGTGAACC_PO20	PO20	Control
TGCACACAGGCAACCT_PO28	PO28	AD
TGCACACAGTCGAGTC_PO28	PO28	AD
TGCACAGCACCTACGT_PO20	PO20	Control
TGCACAGCAGGTTGGC_PO05	PO05	AD
TGCACCCTCTAGTGCA_PO15	PO15	Control
TGCACCTCACCAATCC_PO42	PO42	AD
TGCACCTCATTACACT_PO20	PO20	Control
TGCACGGAGAAATCCA_SMC035	SMC035	Active control
TGCACGGAGAGTGTGC_SMC053	SMC053	Active control
TGCACGGAGATTTGCC_SMC049	SMC049	AD
TGCACGGAGCGTATGG_SMC033	SMC033	Control
TGCACGGAGTTGAAGT_SMC033	SMC033	Control
TGCACGGTCCTTGACC_SMC049	SMC049	AD
TGCACTAAGGTAGCAG_PO13	PO13	Control
TGCAGATAGAAGCGGG_SMC049	SMC049	AD
TGCAGATAGTTACGGG_SMC053	SMC053	Active control
TGCAGATAGTTGTCAC_SMC053	SMC053	Active control
TGCAGATAGTTTCGAC_SMC038	SMC038	AD
TGCAGATCACTAGGTT_SMC053	SMC053	Active control
TGCAGATCAGAGAATT_SMC053	SMC053	Active control
TGCAGATGTAATTGGA_SMC041	SMC041	AD
TGCAGATGTCTGTGTA_SMC038	SMC038	AD
TGCAGATTCAACCGAT_SMC033	SMC033	Control
TGCAGGCAGATACCAA_SMC049	SMC049	AD
TGCAGGCAGGTAAACT_SMC052	SMC052	Control
TGCAGGCAGTTTGCTG_SMC038	SMC038	AD
TGCAGGCCAACGGGTA_SMC052	SMC052	Control
TGCAGGCCATGGCCCA_SMC053	SMC053	Active control
TGCAGGCGTCCTCCTA_SMC049	SMC049	AD
TGCAGGCGTGCTCCGA_SMC049	SMC049	AD
TGCAGGTTCTATCCGT_PO23	PO23	Control
TGCAGTACACTTGTGA_SMC052	SMC052	Control
TGCAGTAGTTGTCAGT_SMC049	SMC049	AD
TGCAGTATCGTCAACA_SMC049	SMC049	AD
TGCAGTCAGGAATTAG_PO28	PO28	AD
TGCAGTCAGTAGAGTA_PO28	PO28	AD
TGCATAACACATTCAT_PO15	PO15	Control
TGCATAACATAATCCT_PO28	PO28	AD
TGCATAGTCCAGCGCA_PO42	PO42	AD
TGCATAGTCCTTCAAC_PO11	PO11	AD
TGCATATAGATAGGAC_PO05	PO05	AD
TGCATCAAGCGCATAC_PO41	PO41	AD
TGCATCCAGAGAGCCT_SMC052	SMC052	Control
TGCATCCAGCTCGGCT_SMC053	SMC053	Active control
TGCATCCAGGGCCTCT_SMC052	SMC052	Control
TGCATCCAGGTCTTTG_SMC052	SMC052	Control
TGCATCCCAAATTGCC_SMC043	SMC043	AD
TGCATCCCATGGCTGC_SMC049	SMC049	AD
TGCATCCGTTGACTGT_SMC049	SMC049	AD
TGCATCCTCTTCCGTG_SMC037	SMC037	Active control
TGCATGAAGTCGGCCT_SMC038	SMC038	AD
TGCATGAGTATCGAGG_SMC052	SMC052	Control
TGCATTGAGGTATAGA_PO41	PO41	AD
TGCATTTCAAGCGCGT_PO20	PO20	Control
TGCCACCTCCAGCTAA_PO13	PO13	Control
TGCCAGACACTTCACA_PO42	PO42	AD
TGCCAGGTCGATTCAG_PO42	PO42	AD
TGCCATAAGAAGGAGA_PO05	PO05	AD
TGCCATAAGATAGATG_PO15	PO15	Control
TGCCATAAGTAAGCGG_PO23	PO23	Control
TGCCATAAGTTGCTCT_PO28	PO28	AD
TGCCATCCACAGCGAC_PO28	PO28	AD
TGCCATCCAGGAACGG_PO41	PO41	AD
TGCCATGGTAACGTCT_PO42	PO42	AD
TGCCATTTCCACCTTG_PO15	PO15	Control
TGCCCAAGTAACTTCA_PO23	PO23	Control
TGCCCAAGTTATCTCT_PO23	PO23	Control
TGCCCATCATAAGTGC_PO11	PO11	AD
TGCCCGAAGTGGCTAC_PO23	PO23	Control
TGCCCGTTCAGGCTTA_PO28	PO28	AD
TGCCCGTTCATGCGCG_PO28	PO28	AD
TGCCGAACATAGGTTA_PO20	PO20	Control
TGCCGAGAGAACGCGT_SMC053	SMC053	Active control
TGCCGAGAGACATAAC_SMC052	SMC052	Control
TGCCGAGAGCGGACAT_SMC053	SMC053	Active control
TGCCGAGAGGTCGCCT_SMC038	SMC038	AD
TGCCGAGAGGTGCTAG_SMC049	SMC049	AD
TGCCGAGAGTATTAGG_SMC052	SMC052	Control
TGCCGAGAGTCTAACC_SMC052	SMC052	Control
TGCCGAGCAGGCACTC_SMC030	SMC030	Control
TGCCGAGGTCGCTTAA_SMC038	SMC038	AD
TGCCGAGGTGGATACG_SMC032	SMC032	AD
TGCCGAGTCATCACAG_SMC030	SMC030	Control
TGCCGAGTCGTAGCCG_SMC032	SMC032	AD
TGCCGAGTCTTCGACC_SMC049	SMC049	AD
TGCCGTAGTGCATTAC_PO28	PO28	AD
TGCCGTTCACCTATAT_PO42	PO42	AD
TGCCGTTCAGGTTGCA_PO05	PO05	AD
TGCCTAGGTATGTAGG_PO23	PO23	Control
TGCCTCGCAATCCGTC_PO23	PO23	Control
TGCCTCGCACCTAATT_PO23	PO23	Control
TGCCTCGCAGCTAAGT_PO42	PO42	AD
TGCCTCTGTAATCGTC_PO28	PO28	AD
TGCCTCTGTGCGAGTG_PO15	PO15	Control
TGCCTTTAGTCAAGTT_PO11	PO11	AD
TGCGAAAGTTGACCTG_PO23	PO23	Control
TGCGACGAGCCACCGT_SMC033	SMC033	Control
TGCGACGAGTAAACGT_SMC052	SMC052	Control
TGCGACGAGTGGTTCT_SMC049	SMC049	AD
TGCGACGCAACGTATC_SMC053	SMC053	Active control
TGCGACGCATATTCGG_SMC049	SMC049	AD
TGCGACGGTACAAGTA_SMC052	SMC052	Control
TGCGACGTCCGCCTAT_SMC033	SMC033	Control
TGCGACGTCGTTAGTG_SMC038	SMC038	AD
TGCGATAAGTCACACT_SMC052	SMC052	Control
TGCGATACAACCCGCA_SMC037	SMC037	Active control
TGCGATACACGCGTGT_SMC052	SMC052	Control
TGCGATAGTATTTCGG_SMC049	SMC049	AD
TGCGATATCCATCGTC_SMC052	SMC052	Control
TGCGATATCCCGAGTG_SMC049	SMC049	AD
TGCGATATCGAATCCA_SMC053	SMC053	Active control
TGCGATATCTCATTGT_SMC033	SMC033	Control
TGCGATTGTAGCTGCC_PO41	PO41	AD
TGCGGCAAGTCTTGGT_SMC053	SMC053	Active control
TGCGGCACACGAAGAC_SMC032	SMC032	AD
TGCGGCATCACTCGAA_SMC041	SMC041	AD
TGCGGCTGTTGAGTTC_PO28	PO28	AD
TGCGGGTAGCGTGAGT_SMC035	SMC035	Active control
TGCGGGTCACAACGCC_SMC049	SMC049	AD
TGCGGGTGTAACTGCT_SMC032	SMC032	AD
TGCGGGTGTCACTCAA_SMC049	SMC049	AD
TGCGGTTAGAAGCCTC_PO42	PO42	AD
TGCGGTTAGTTAGTCG_PO23	PO23	Control
TGCGTAATCCTGATAG_PO11	PO11	AD
TGCGTATGTATGTGGA_PO28	PO28	AD
TGCGTATGTCAGGACG_PO41	PO41	AD
TGCGTATGTTGGGTCC_PO42	PO42	AD
TGCGTATGTTTCCGCT_PO05	PO05	AD
TGCTAACGTCCATCGA_PO20	PO20	Control
TGCTAAGTCACAGATT_PO23	PO23	Control
TGCTACAAGGTACGGA_PO41	PO41	AD
TGCTACAAGGTGCATC_PO20	PO20	Control
TGCTACCCAATCGAGT_PO28	PO28	AD
TGCTACCCACCATCCG_PO23	PO23	Control
TGCTACCCAGGATCTG_PO28	PO28	AD
TGCTACTTCCGCACAG_PO15	PO15	Control
TGCTATAGTGAGCGCA_PO28	PO28	AD
TGCTATAGTGAGGCTG_PO23	PO23	Control
TGCTATAGTTCGTGTG_PO28	PO28	AD
TGCTATGAGTCGCTGG_PO28	PO28	AD
TGCTCAAAGATTCCTC_PO28	PO28	AD
TGCTCCAAGTACTGGG_SMC052	SMC052	Control
TGCTCCACAGACCATT_SMC052	SMC052	Control
TGCTCCAGTAGACAAT_SMC052	SMC052	Control
TGCTCCAGTTGCTGAT_SMC053	SMC053	Active control
TGCTCCATCCAGTTCC_SMC049	SMC049	AD
TGCTCCATCCTCGACC_PO42	PO42	AD
TGCTCCATCGCACTCT_SMC049	SMC049	AD
TGCTCCATCTCGAACA_SMC052	SMC052	Control
TGCTCCATCTGTGAGC_PO42	PO42	AD
TGCTCCGCAGGCTTAG_PO28	PO28	AD
TGCTCGCTCCTCATCG_PO23	PO23	Control
TGCTCGTAGGAACTCG_SMC033	SMC033	Control
TGCTCGTAGGGTACAC_SMC052	SMC052	Control
TGCTCGTAGGTTAAAC_SMC041	SMC041	AD
TGCTCGTCAAGAAACT_SMC052	SMC052	Control
TGCTCGTGTAAGATAC_SMC049	SMC049	AD
TGCTCGTGTGGCTGAA_SMC052	SMC052	Control
TGCTCGTTCACTTGTT_SMC035	SMC035	Active control
TGCTCGTTCATCGCCT_SMC038	SMC038	AD
TGCTGAAAGAGCATCG_SMC049	SMC049	AD
TGCTGAAAGCCTGTGC_SMC049	SMC049	AD
TGCTGAACAACCGTGC_SMC052	SMC052	Control
TGCTGAAGTCCGGATC_SMC049	SMC049	AD
TGCTGAAGTCTAGATC_SMC049	SMC049	AD
TGCTGAATCAGTGATC_SMC052	SMC052	Control
TGCTGAATCCGACGGT_SMC049	SMC049	AD
TGCTGAATCCTAAACG_SMC052	SMC052	Control
TGCTGAATCCTCTAGC_SMC030	SMC030	Control
TGCTGTCCACTAGCAG_PO42	PO42	AD
TGCTGTCCATAACGGT_PO15	PO15	Control
TGCTTCGAGACCAAAT_SMC052	SMC052	Control
TGCTTCGTCCGGCAGT_SMC037	SMC037	Active control
TGCTTGCAGAGGTATT_SMC049	SMC049	AD
TGCTTGCAGCCGATAG_SMC053	SMC053	Active control
TGCTTGCAGGGCCCTT_SMC053	SMC053	Active control
TGCTTGCAGTCAATCC_SMC038	SMC038	AD
TGCTTGCAGTCTGCAT_SMC052	SMC052	Control
TGCTTGCGTACCTAGT_SMC041	SMC041	AD
TGCTTGCGTAGAAACT_SMC053	SMC053	Active control
TGCTTGCTCTATTGTC_SMC031	SMC031	Active control
TGGAACCTCCTGATGA_PO41	PO41	AD
TGGAACTAGACAAGCC_SMC052	SMC052	Control
TGGAACTAGCGTTGTT_SMC053	SMC053	Active control
TGGAACTAGTGCCGAA_SMC049	SMC049	AD
TGGAACTAGTTATGGA_SMC053	SMC053	Active control
TGGAACTCAGGCAATG_SMC053	SMC053	Active control
TGGAACTCAGTCTGGC_SMC039	SMC039	AD
TGGAACTCATGTGGCC_SMC038	SMC038	AD
TGGAACTGTGAGTCAG_SMC052	SMC052	Control
TGGAACTTCCACGGGT_SMC052	SMC052	Control
TGGACAAGTCATGATC_PO42	PO42	AD
TGGACATCAAACCTGG_PO20	PO20	Control
TGGACGAAGGATCCAC_PO15	PO15	Control
TGGACGAAGGTCGAAG_PO23	PO23	Control
TGGACTATCAGCGGTT_PO20	PO20	Control
TGGACTCAGGTTGCTA_PO20	PO20	Control
TGGACTCAGTATGTGT_PO41	PO41	AD
TGGACTCAGTGATACT_PO23	PO23	Control
TGGAGAGAGGTCGAGT_SMC049	SMC049	AD
TGGAGAGCAGGCATTT_SMC052	SMC052	Control
TGGAGAGGTGTCATGT_SMC049	SMC049	AD
TGGAGAGTCAAGAGTA_SMC052	SMC052	Control
TGGAGAGTCTTCACAT_SMC038	SMC038	AD
TGGAGCGGTAGCTGAA_PO42	PO42	AD
TGGAGGAAGGATCATA_SMC052	SMC052	Control
TGGAGGAAGTAGCCAG_SMC052	SMC052	Control
TGGAGGAAGTCACTAC_SMC041	SMC041	AD
TGGAGGAAGTGGGAAA_SMC053	SMC053	Active control
TGGAGGACAAGTTGGG_SMC052	SMC052	Control
TGGAGGACACGCGCAT_SMC052	SMC052	Control
TGGAGGAGTGAGATCG_SMC052	SMC052	Control
TGGAGGAGTGGCGTAA_SMC053	SMC053	Active control
TGGAGGAGTTAGCTAC_SMC053	SMC053	Active control
TGGAGGATCCTGCGCT_PO23	PO23	Control
TGGAGGATCTCGGCTT_SMC053	SMC053	Active control
TGGAGTGAGGGTATGG_PO41	PO41	AD
TGGAGTGAGTCAAGCC_PO23	PO23	Control
TGGATAGGTAGCTGGG_PO23	PO23	Control
TGGATAGGTCATGCCA_PO41	PO41	AD
TGGATAGGTTCCGCTT_PO42	PO42	AD
TGGATATTCATATAGC_PO23	PO23	Control
TGGATCAAGGACTTCT_SMC053	SMC053	Active control
TGGATCACATGACGAG_SMC053	SMC053	Active control
TGGATCAGTTACGTAC_SMC038	SMC038	AD
TGGATCATCTCATTAC_SMC038	SMC038	AD
TGGATGCTCCTGCTGC_PO23	PO23	Control
TGGATGTAGCCTTTGA_SMC035	SMC035	Active control
TGGATGTAGGAACGTC_SMC049	SMC049	AD
TGGATGTAGTGCTCGC_SMC053	SMC053	Active control
TGGATGTCAGTATACC_SMC049	SMC049	AD
TGGATGTGTGTATTCG_SMC052	SMC052	Control
TGGATGTGTGTCCAAT_SMC035	SMC035	Active control
TGGATGTTCAATCAGC_SMC038	SMC038	AD
TGGATGTTCACTCGAA_SMC053	SMC053	Active control
TGGATGTTCCAGCCTT_SMC053	SMC053	Active control
TGGCATGCAATTGCTT_PO15	PO15	Control
TGGCATTGTCAAGTAG_PO23	PO23	Control
TGGCCATAGCCAGATC_PO20	PO20	Control
TGGCCATAGTTAGCCA_PO23	PO23	Control
TGGCGAAAGATACTCG_PO23	PO23	Control
TGGCGAAAGCATTCGA_PO23	PO23	Control
TGGCGAAAGTCGACCG_PO41	PO41	AD
TGGCGAGGTGGGTAAC_PO05	PO05	AD
TGGCGAGGTTAGCCAT_PO11	PO11	AD
TGGCGAGGTTGCCTTC_PO28	PO28	AD
TGGCGCATCGCATGGT_PO28	PO28	AD
TGGCGTGAGAGATGCC_SMC052	SMC052	Control
TGGCGTGAGCAAATGT_SMC052	SMC052	Control
TGGCGTGAGGACTTCT_SMC035	SMC035	Active control
TGGCGTGAGGGTTAAT_SMC049	SMC049	AD
TGGCGTGCAAACGGCA_SMC052	SMC052	Control
TGGCGTGCAACTGCCG_SMC049	SMC049	AD
TGGCGTGCAATGCTCA_SMC053	SMC053	Active control
TGGCGTGGTATGCTAC_SMC052	SMC052	Control
TGGCGTGTCATTGAGC_SMC049	SMC049	AD
TGGCGTGTCATTGTGG_SMC049	SMC049	AD
TGGCGTGTCCGATAAC_SMC032	SMC032	AD
TGGCGTGTCGAGCCAC_SMC038	SMC038	AD
TGGCTAATCAGCCATA_PO28	PO28	AD
TGGCTAATCCCCATGC_PO28	PO28	AD
TGGCTCAGTAGCGACG_PO42	PO42	AD
TGGCTCAGTTTACTAG_PO05	PO05	AD
TGGCTCTCAGCTCATC_PO05	PO05	AD
TGGCTGACAAATGCGT_PO41	PO41	AD
TGGCTTGGTGCAACGG_PO15	PO15	Control
TGGCTTGGTTCAAGTC_PO28	PO28	AD
TGGGAACGTTGACTCG_PO28	PO28	AD
TGGGAAGAGTAGGTTA_SMC053	SMC053	Active control
TGGGAAGCAGATCATC_SMC053	SMC053	Active control
TGGGAAGGTTCCGCAG_SMC038	SMC038	AD
TGGGAAGGTTCTTGTT_SMC052	SMC052	Control
TGGGACAAGCTATCCT_PO15	PO15	Control
TGGGAGAAGCAGAAAG_SMC053	SMC053	Active control
TGGGAGACAACTACGT_SMC049	SMC049	AD
TGGGAGACATCTCGTC_SMC052	SMC052	Control
TGGGAGAGTTTACGAC_SMC033	SMC033	Control
TGGGATTAGCAGGTCA_SMC049	SMC049	AD
TGGGATTCAATAACGA_SMC049	SMC049	AD
TGGGATTCATCAGTGT_SMC049	SMC049	AD
TGGGATTGTACACGTT_SMC052	SMC052	Control
TGGGATTTCCGATAAC_SMC049	SMC049	AD
TGGGATTTCGAGCTGC_SMC038	SMC038	AD
TGGGCACCAACCTGCT_PO05	PO05	AD
TGGGCACCAAGGTTAC_PO42	PO42	AD
TGGGCGAGTAGCTTCG_PO11	PO11	AD
TGGGCGAGTTGACGCC_PO11	PO11	AD
TGGGCGTAGCACGTCC_SMC053	SMC053	Active control
TGGGCGTAGGAGTCTG_SMC052	SMC052	Control
TGGGCGTAGTCATCGT_SMC052	SMC052	Control
TGGGCGTCAACCAACT_SMC049	SMC049	AD
TGGGCGTCACTTGGCG_SMC049	SMC049	AD
TGGGCGTCATCGATCA_SMC049	SMC049	AD
TGGGCGTTCCTAGCGG_SMC052	SMC052	Control
TGGGCTGAGGAATTAC_SMC049	SMC049	AD
TGGGCTGAGGCATCGA_SMC041	SMC041	AD
TGGGCTGCAAGTGGCA_SMC049	SMC049	AD
TGGGCTGCAATACAGA_SMC053	SMC053	Active control
TGGGCTGCACAGAAGC_SMC049	SMC049	AD
TGGGCTGCATGTTCGA_SMC033	SMC033	Control
TGGGCTGGTACGTACT_SMC049	SMC049	AD
TGGGCTGGTTACGCCG_SMC049	SMC049	AD
TGGGCTGTCCATCTGC_SMC052	SMC052	Control
TGGGCTGTCCCATAAG_SMC052	SMC052	Control
TGGGCTGTCGAGCTGC_SMC049	SMC049	AD
TGGGCTGTCGCAATTG_SMC052	SMC052	Control
TGGGCTGTCGTAGCCG_SMC038	SMC038	AD
TGGGGCTCAAACTGGT_PO41	PO41	AD
TGGGGCTCATTACCGC_PO23	PO23	Control
TGGGGTTTCATGCAAT_PO20	PO20	Control
TGGGTCACAATTCAAG_PO20	PO20	Control
TGGGTTAAGAGAGCGG_SMC049	SMC049	AD
TGGGTTAAGAGCACTG_SMC038	SMC038	AD
TGGGTTAAGCTGGCTC_SMC052	SMC052	Control
TGGGTTAGTCGACTGC_SMC041	SMC041	AD
TGGTACAAGAGTGTGC_SMC035	SMC035	Active control
TGGTACACAATCACGT_SMC052	SMC052	Control
TGGTACACATAGAAAC_SMC049	SMC049	AD
TGGTACAGTTGCTAGT_SMC053	SMC053	Active control
TGGTACATCCTGGCTT_SMC035	SMC035	Active control
TGGTACATCTGTAAGC_SMC049	SMC049	AD
TGGTACGCAATGCCAG_PO42	PO42	AD
TGGTACGCACATAGCG_PO23	PO23	Control
TGGTACGCATTACACT_PO28	PO28	AD
TGGTAGCTCAGGAGCA_PO15	PO15	Control
TGGTAGCTCCTGATGA_PO15	PO15	Control
TGGTAGCTCGAGTCTA_PO42	PO42	AD
TGGTAGTAGTCGGCAA_SMC052	SMC052	Control
TGGTAGTAGTTGGACG_SMC053	SMC053	Active control
TGGTAGTCAAAGGATG_PO23	PO23	Control
TGGTAGTCAAATTGCC_SMC037	SMC037	Active control
TGGTAGTCACAGTACT_SMC053	SMC053	Active control
TGGTAGTGTGAGATCG_SMC052	SMC052	Control
TGGTAGTTCTATACTC_SMC053	SMC053	Active control
TGGTCAATCCGTGAAC_PO15	PO15	Control
TGGTCAATCGACTTAG_PO13	PO13	Control
TGGTCACAGATAGTTC_PO42	PO42	AD
TGGTCACAGGAATGAC_PO28	PO28	AD
TGGTCACAGTAGAGGT_PO28	PO28	AD
TGGTCCCTCGAAGCCT_PO15	PO15	Control
TGGTCCCTCTAATGAC_PO28	PO28	AD
TGGTCCTCAATCCTGC_PO23	PO23	Control
TGGTCCTCATTAACCT_PO23	PO23	Control
TGGTCTAAGCCTCTCA_PO28	PO28	AD
TGGTGAGAGCTATACG_PO28	PO28	AD
TGGTGAGAGGAGTACG_PO11	PO11	AD
TGGTGAGAGGCTTCGG_PO28	PO28	AD
TGGTGAGAGGTTAGGG_PO20	PO20	Control
TGGTGAGAGTACCAAT_PO42	PO42	AD
TGGTGATCAATTGAAG_SMC035	SMC035	Active control
TGGTGATCACATGTTG_SMC052	SMC052	Control
TGGTGATTCACTCTTA_SMC049	SMC049	AD
TGGTGATTCCTCTGCA_SMC052	SMC052	Control
TGGTGATTCTTCTAAC_SMC053	SMC053	Active control
TGGTGTTGTGGGTTAA_PO41	PO41	AD
TGGTGTTGTTCCGTCT_PO20	PO20	Control
TGGTTACGTGACGAAC_PO23	PO23	Control
TGGTTACGTTGCGGTC_PO23	PO23	Control
TGGTTACGTTTGGATC_PO11	PO11	AD
TGGTTAGAGGTAAGAG_SMC038	SMC038	AD
TGGTTAGCAGAGTTCT_SMC049	SMC049	AD
TGGTTAGCATGCCGAC_SMC052	SMC052	Control
TGGTTAGGTTTACGTG_SMC052	SMC052	Control
TGGTTAGTCATGGTAT_PO05	PO05	AD
TGGTTAGTCCCTTTGG_SMC052	SMC052	Control
TGGTTAGTCCTCACTG_SMC033	SMC033	Control
TGGTTAGTCTCTCCGA_SMC053	SMC053	Active control
TGGTTATAGGTTGAGG_PO23	PO23	Control
TGGTTCCCATCGACCT_PO42	PO42	AD
TGGTTTGAGCCAGACT_PO20	PO20	Control
TGTAACGAGATTGAGT_SMC049	SMC049	AD
TGTAACGAGTAGCCAG_SMC052	SMC052	Control
TGTAACGGTCTTGGTA_SMC049	SMC049	AD
TGTAACGGTGCCGGTT_SMC033	SMC033	Control
TGTAACGTCCTATTGT_SMC052	SMC052	Control
TGTAACGTCTAGGCCG_SMC035	SMC035	Active control
TGTAACTAGCCTCTCA_PO11	PO11	AD
TGTAAGCAGAGCAGTC_SMC049	SMC049	AD
TGTAAGCAGCGCCGTT_SMC049	SMC049	AD
TGTAAGCCAAGCGAAC_SMC053	SMC053	Active control
TGTAAGCCAATTTCTC_SMC049	SMC049	AD
TGTAAGCGTACCGTCG_SMC053	SMC053	Active control
TGTAAGCGTAGGCAAC_SMC049	SMC049	AD
TGTAAGCTCCAAAGGG_SMC052	SMC052	Control
TGTAATGCAATCATCT_PO42	PO42	AD
TGTACAGAGCGCACAA_SMC035	SMC035	Active control
TGTACAGCAGGTGTGA_SMC053	SMC053	Active control
TGTACAGGTAAGCGGT_SMC049	SMC049	AD
TGTACAGGTGCCCAGT_SMC049	SMC049	AD
TGTACAGTCAGGTGTT_SMC038	SMC038	AD
TGTACAGTCCACATAG_SMC049	SMC049	AD
TGTACAGTCCGTGACG_SMC053	SMC053	Active control
TGTACAGTCGTAGTCA_SMC049	SMC049	AD
TGTACAGTCTATCCAT_SMC052	SMC052	Control
TGTACGATCAGCCCGA_PO41	PO41	AD
TGTACTTCAATATCAG_PO13	PO13	Control
TGTAGACCACTCAAGT_SMC053	SMC053	Active control
TGTAGACGTTTAGACC_SMC049	SMC049	AD
TGTAGACTCGAGTGGA_SMC033	SMC033	Control
TGTAGACTCTCTTGCG_SMC033	SMC033	Control
TGTAGACTCTGCGATA_SMC049	SMC049	AD
TGTAGAGGTTGTCACG_PO28	PO28	AD
TGTAGCATCAGCATCA_PO15	PO15	Control
TGTAGCATCCATGCTT_PO23	PO23	Control
TGTAGCCAGATAGGCG_PO13	PO13	Control
TGTAGCCAGGAATGCG_PO20	PO20	Control
TGTAGCCAGTGACCAC_PO41	PO41	AD
TGTAGCTGTCATTGGT_PO42	PO42	AD
TGTAGCTGTCTAAGTC_PO28	PO28	AD
TGTAGCTGTCTAGAGA_PO13	PO13	Control
TGTAGCTGTGAGGATC_PO11	PO11	AD
TGTAGGTCACCTCATA_PO28	PO28	AD
TGTAGGTCATTCCTTC_PO13	PO13	Control
TGTAGTTAGTAGCCAC_PO13	PO13	Control
TGTATAGCAACTACCC_PO23	PO23	Control
TGTATCAGTTATCTCT_PO41	PO41	AD
TGTATCCTCGCTTCAT_PO15	PO15	Control
TGTATGACACTTCAAT_PO23	PO23	Control
TGTATTCCAGCTCTGT_PO13	PO13	Control
TGTATTGGTATGTGCT_PO28	PO28	AD
TGTATTGGTGAGAGGA_PO41	PO41	AD
TGTATTGGTTATAGGG_PO28	PO28	AD
TGTCAGAAGGAGACCT_SMC049	SMC049	AD
TGTCAGAAGTAGGATT_SMC049	SMC049	AD
TGTCAGACAATAGTGA_SMC053	SMC053	Active control
TGTCAGACAGCAGATG_SMC053	SMC053	Active control
TGTCAGACATCGTTCC_SMC052	SMC052	Control
TGTCAGAGTCCCAAAT_SMC053	SMC053	Active control
TGTCAGAGTCGGTACC_SMC053	SMC053	Active control
TGTCAGGCAAGGGATA_PO05	PO05	AD
TGTCATGAGCATCCTT_PO20	PO20	Control
TGTCATTCACTCGGAA_PO41	PO41	AD
TGTCCAAAGAACCTAT_PO13	PO13	Control
TGTCCAAAGCCCGTTC_PO05	PO05	AD
TGTCCACCACATGAAA_SMC053	SMC053	Active control
TGTCCACCATAACGGG_SMC052	SMC052	Control
TGTCCACCATCGGATT_SMC049	SMC049	AD
TGTCCACTCAACACGT_SMC052	SMC052	Control
TGTCCCAAGGCACTAG_SMC052	SMC052	Control
TGTCCCACACTCCCTA_SMC049	SMC049	AD
TGTCCCACAGATAAAC_SMC053	SMC053	Active control
TGTCCCACATGACTTG_SMC035	SMC035	Active control
TGTCCCAGTGCGAACA_SMC053	SMC053	Active control
TGTCCCAGTGGTCTAT_SMC053	SMC053	Active control
TGTCCCAGTTCGGCTG_SMC053	SMC053	Active control
TGTCCCATCAGCTCTC_SMC038	SMC038	AD
TGTCCCGCATAGGCTG_PO13	PO13	Control
TGTCCCTGTTGGTAAG_PO28	PO28	AD
TGTCCGCTCACCAGCG_PO05	PO05	AD
TGTCCTGCACGTAGTT_SMC053	SMC053	Active control
TGTCCTGCAGCACAAG_SMC035	SMC035	Active control
TGTCCTTAGGGTCAAG_PO41	PO41	AD
TGTCCTTAGTGCTGAC_PO41	PO41	AD
TGTCGAATCGCGACAT_PO41	PO41	AD
TGTCGCCTCACGCCGA_PO41	PO41	AD
TGTCGCCTCCCTTGCA_PO11	PO11	AD
TGTCGTTTCTATCTGC_PO23	PO23	Control
TGTCTGTTCCAGCAGT_PO41	PO41	AD
TGTCTTGCACCATCCG_PO41	PO41	AD
TGTCTTGCAGGAACCC_PO15	PO15	Control
TGTGAACCAATCTGCC_PO28	PO28	AD
TGTGAGTAGCTCTGTA_SMC049	SMC049	AD
TGTGAGTCATATAGCC_SMC033	SMC033	Control
TGTGAGTGTGTACGCC_SMC033	SMC033	Control
TGTGAGTGTTAGAGAT_SMC052	SMC052	Control
TGTGAGTTCCGCACTT_SMC049	SMC049	AD
TGTGAGTTCCTGATAG_SMC030	SMC030	Control
TGTGAGTTCTGGCCTT_SMC049	SMC049	AD
TGTGAGTTCTTGGATG_SMC033	SMC033	Control
TGTGATGAGATTCGCT_SMC049	SMC049	AD
TGTGATGAGGAAAGAC_SMC049	SMC049	AD
TGTGATGCACTAGGCC_SMC053	SMC053	Active control
TGTGATGCATAGCACT_SMC032	SMC032	AD
TGTGATGGTTCAAGTC_SMC037	SMC037	Active control
TGTGATTAGATTCCGA_PO20	PO20	Control
TGTGATTAGTCGATGC_PO28	PO28	AD
TGTGCAATCAGCGAGA_PO28	PO28	AD
TGTGCATGTAACCACT_PO05	PO05	AD
TGTGCATGTTTGGCGC_PO28	PO28	AD
TGTGCCAGTAATGGGC_PO05	PO05	AD
TGTGCCAGTCATTCAA_PO15	PO15	Control
TGTGCCAGTTTACTAG_PO15	PO15	Control
TGTGCCTCACTACCTA_PO28	PO28	AD
TGTGCGCGTTGCAGTT_PO11	PO11	AD
TGTGCGGAGAACGCGT_SMC049	SMC049	AD
TGTGCGGAGCGAGTAC_SMC053	SMC053	Active control
TGTGCGGAGCTCATAC_SMC049	SMC049	AD
TGTGCGGAGGGCAGAG_SMC052	SMC052	Control
TGTGCGGAGGTCCCTG_SMC052	SMC052	Control
TGTGCGGGTCTCTCCA_SMC032	SMC032	AD
TGTGCGGTCAGGACGA_SMC052	SMC052	Control
TGTGGCGAGATCCCAT_SMC038	SMC038	AD
TGTGGCGAGGATCATA_SMC038	SMC038	AD
TGTGGCGCAAGACAAT_SMC049	SMC049	AD
TGTGGCGGTACGTGTT_SMC041	SMC041	AD
TGTGGCGGTCGCTTAA_SMC052	SMC052	Control
TGTGGCGGTCTTTCTA_SMC053	SMC053	Active control
TGTGGCGTCTCGACCT_SMC053	SMC053	Active control
TGTGGTCAGTAGGATA_PO41	PO41	AD
TGTGTACGTAAGTTCC_PO11	PO11	AD
TGTGTGAAGACTTCAC_SMC053	SMC053	Active control
TGTGTGACATCAGCAT_SMC053	SMC053	Active control
TGTGTGACATGACTCA_SMC049	SMC049	AD
TGTGTGACATGTACGT_SMC053	SMC053	Active control
TGTGTGAGTAAGAACT_SMC049	SMC049	AD
TGTGTGAGTAGAATGT_SMC041	SMC041	AD
TGTGTGAGTTCCTACC_SMC052	SMC052	Control
TGTGTGATCCAAACCA_SMC052	SMC052	Control
TGTGTGATCTGCGATA_SMC037	SMC037	Active control
TGTTACTCACTCTAGA_SMC041	SMC041	AD
TGTTACTTCAAACGAA_SMC053	SMC053	Active control
TGTTACTTCCACGTCT_SMC038	SMC038	AD
TGTTCATCAAGAGTAT_SMC052	SMC052	Control
TGTTCATGTATGGGAC_SMC053	SMC053	Active control
TGTTCATGTATTCCGA_SMC033	SMC033	Control
TGTTCATGTGACTCTA_SMC049	SMC049	AD
TGTTCATGTGGCGTAA_SMC049	SMC049	AD
TGTTCATTCTGGCCGA_SMC052	SMC052	Control
TGTTCCGAGGTCGACA_SMC049	SMC049	AD
TGTTCCGCACGTAGTT_SMC041	SMC041	AD
TGTTCCGCAGGAATCG_SMC035	SMC035	Active control
TGTTCCGGTACGGGAT_SMC053	SMC053	Active control
TGTTCCGGTGAGCCAA_SMC035	SMC035	Active control
TGTTCTAAGGTAGCCA_SMC033	SMC033	Control
TGTTCTACAACAGCTT_SMC053	SMC053	Active control
TGTTCTACAAGACGAC_SMC033	SMC033	Control
TGTTCTAGTCAGCGTC_SMC035	SMC035	Active control
TGTTCTAGTGAGTAGC_SMC052	SMC052	Control
TGTTCTAGTTGAAGTA_SMC052	SMC052	Control
TGTTCTATCAGACCTA_SMC053	SMC053	Active control
TGTTCTATCTAACACG_SMC035	SMC035	Active control
TGTTCTATCTTTGCGC_SMC049	SMC049	AD
TGTTGAGAGAACTGAT_SMC049	SMC049	AD
TGTTGAGAGGGCAGAG_SMC049	SMC049	AD
TGTTGAGCACAATGCT_SMC052	SMC052	Control
TGTTGAGCAGTGGCTC_SMC052	SMC052	Control
TGTTGAGGTACGATCT_SMC049	SMC049	AD
TGTTGAGGTAGTCGTT_SMC052	SMC052	Control
TGTTGAGTCACTGCTC_SMC035	SMC035	Active control
TGTTGAGTCAGTCATG_SMC035	SMC035	Active control
TGTTGAGTCCGAGTGC_SMC053	SMC053	Active control
TGTTGAGTCGATCCCT_SMC032	SMC032	AD
TGTTGGACAAATGGAT_SMC053	SMC053	Active control
TGTTGGACAAGCGCAA_SMC053	SMC053	Active control
TGTTGGACATGGCTAT_SMC035	SMC035	Active control
TGTTGGAGTACTTCCC_SMC049	SMC049	AD
TGTTGGAGTTCATCTT_SMC052	SMC052	Control
TGTTGGAGTTGTTGCA_SMC032	SMC032	AD
TGTTGGATCCCAGGAC_SMC052	SMC052	Control
TGTTGGATCGAAATCC_SMC041	SMC041	AD
TGTTTGTCATGTAACC_SMC049	SMC049	AD
TGTTTGTGTGCGTGCT_SMC041	SMC041	AD
TTAATCCAGCCAGTAG_SMC052	SMC052	Control
TTAATCCAGCTCATAC_SMC033	SMC033	Control
TTAATCCAGGGCATGT_SMC052	SMC052	Control
TTAATCCAGGGCCCTT_SMC049	SMC049	AD
TTAATCCCATATCTCT_SMC032	SMC032	AD
TTAATCCTCACAAGGG_SMC049	SMC049	AD
TTAATCCTCCATGATG_SMC041	SMC041	AD
TTAATCCTCCCTCATG_SMC041	SMC041	AD
TTAATCCTCGAACGGA_SMC052	SMC052	Control
TTACAGGAGATTAGAC_SMC052	SMC052	Control
TTACAGGGTCGCAGTC_SMC033	SMC033	Control
TTACAGGGTTAGCGGA_SMC052	SMC052	Control
TTACAGGGTTATGACC_SMC053	SMC053	Active control
TTACAGGTCAAATAGG_SMC049	SMC049	AD
TTACCATAGGCTAGCA_SMC052	SMC052	Control
TTACCATCAACGATCT_SMC037	SMC037	Active control
TTACCATCAAGATTGA_SMC035	SMC035	Active control
TTACCATCACACCAGC_SMC038	SMC038	AD
TTACCATGTACTGGGA_SMC053	SMC053	Active control
TTACCGCAGGTTGCCC_SMC033	SMC033	Control
TTACCGCAGTTGAAAC_SMC052	SMC052	Control
TTACCGCCAGCTACCG_SMC049	SMC049	AD
TTACCGCCATAGTCAC_SMC037	SMC037	Active control
TTACCGCCATATGAAG_SMC049	SMC049	AD
TTACCGCGTACAGTCT_SMC049	SMC049	AD
TTACCGCGTACCTTCC_SMC053	SMC053	Active control
TTACCGCGTCCAGTTA_SMC049	SMC049	AD
TTACCGCGTTAAACAG_SMC049	SMC049	AD
TTACCGCTCCGGACGT_SMC031	SMC031	Active control
TTACCGCTCGTACACA_SMC053	SMC053	Active control
TTACCGCTCTAGACAC_SMC038	SMC038	AD
TTACGCCCACATCCCT_SMC052	SMC052	Control
TTACGCCCACGGGTAA_SMC038	SMC038	AD
TTACGCCCATTGCAAC_SMC053	SMC053	Active control
TTACGCCGTAGCTTAC_SMC049	SMC049	AD
TTACGCCGTGTTGACT_SMC052	SMC052	Control
TTACGCCTCGCAGTCG_SMC035	SMC035	Active control
TTACGCCTCTCTATAC_SMC036	SMC036	AD
TTACGTTAGACGTCCC_SMC053	SMC053	Active control
TTACGTTAGGAATGTT_SMC035	SMC035	Active control
TTACGTTCAAACGGCA_SMC049	SMC049	AD
TTACGTTCACGGCACT_SMC053	SMC053	Active control
TTACGTTGTGGTCAAG_SMC052	SMC052	Control
TTACGTTGTTCGGACC_SMC052	SMC052	Control
TTACGTTTCAAGAAAC_SMC038	SMC038	AD
TTACTGTAGCAACTCT_SMC053	SMC053	Active control
TTACTGTAGCTCGACC_SMC052	SMC052	Control
TTACTGTAGGGCAGGA_SMC052	SMC052	Control
TTACTGTAGTTGGACG_SMC049	SMC049	AD
TTACTGTCAGTTGCGC_SMC033	SMC033	Control
TTACTGTGTCTTCCGT_SMC033	SMC033	Control
TTACTGTTCACCACAA_SMC053	SMC053	Active control
TTAGGCAAGGTGAGCT_SMC053	SMC053	Active control
TTAGGCACAGCGTAGA_SMC053	SMC053	Active control
TTAGGCAGTGCTATTG_SMC049	SMC049	AD
TTAGGCAGTTCCGCAG_SMC049	SMC049	AD
TTAGGGTAGGGAGGCA_SMC049	SMC049	AD
TTAGGGTCAACTGGTT_SMC041	SMC041	AD
TTAGGGTCATAGAGGC_SMC053	SMC053	Active control
TTAGGGTCATGACTTG_SMC049	SMC049	AD
TTAGGGTGTACGCTAT_SMC053	SMC053	Active control
TTAGGGTGTGAATTAG_SMC049	SMC049	AD
TTAGGGTTCTTCGACC_SMC052	SMC052	Control
TTAGTCTAGTCGCCCA_SMC052	SMC052	Control
TTAGTCTCAATGCAAA_SMC038	SMC038	AD
TTAGTCTTCATTTGTC_SMC049	SMC049	AD
TTAGTCTTCGCCAGAC_SMC053	SMC053	Active control
TTAGTCTTCGTTGTGA_SMC052	SMC052	Control
TTATTGCGTGGTCTCG_SMC033	SMC033	Control
TTATTGCTCACTCTTA_SMC053	SMC053	Active control
TTATTGCTCGGTGTAT_SMC035	SMC035	Active control
TTATTGCTCTGTAACG_SMC049	SMC049	AD
TTCAATCAGAGTCAAT_SMC053	SMC053	Active control
TTCAATCGTAGTCGTT_SMC052	SMC052	Control
TTCAATCTCATGACAC_SMC049	SMC049	AD
TTCAATCTCCGTGGTG_SMC033	SMC033	Control
TTCAATCTCGTAGTGT_SMC052	SMC052	Control
TTCACCGCAGCGTATT_SMC036	SMC036	AD
TTCACCGGTCAACACT_SMC053	SMC053	Active control
TTCACCGTCAGGCGAA_SMC053	SMC053	Active control
TTCACCGTCCCAGCGA_SMC053	SMC053	Active control
TTCACCGTCCTCTAAT_SMC049	SMC049	AD
TTCACCGTCGATACGT_SMC052	SMC052	Control
TTCACCGTCGTGCATA_SMC053	SMC053	Active control
TTCACGCCACCTGATA_SMC037	SMC037	Active control
TTCACGCCACGCACCA_SMC038	SMC038	AD
TTCACGCGTCTGTGAT_SMC052	SMC052	Control
TTCACGCTCAACACGT_SMC053	SMC053	Active control
TTCACGCTCAAGCCAT_SMC053	SMC053	Active control
TTCACGCTCAGATTGC_SMC052	SMC052	Control
TTCACGCTCAGGTGTT_SMC038	SMC038	AD
TTCAGGAAGAAGCGAA_SMC033	SMC033	Control
TTCAGGAAGGCCTAAG_SMC052	SMC052	Control
TTCAGGACAAATAAGC_SMC052	SMC052	Control
TTCAGGACACTACTTT_SMC053	SMC053	Active control
TTCAGGACAGGAACCA_SMC049	SMC049	AD
TTCAGGACATGTGTCA_SMC053	SMC053	Active control
TTCAGGAGTTTGCAGT_SMC033	SMC033	Control
TTCAGGATCCTATTGT_SMC049	SMC049	AD
TTCAGGATCGTGGCGT_SMC053	SMC053	Active control
TTCATGTAGAAAGTCT_SMC049	SMC049	AD
TTCATGTCACACGCCA_SMC049	SMC049	AD
TTCATGTCAGTGCGCT_SMC035	SMC035	Active control
TTCATGTCATAGGAGC_SMC049	SMC049	AD
TTCATGTGTACCTGTA_SMC052	SMC052	Control
TTCATGTGTATAGGAT_SMC041	SMC041	AD
TTCATGTGTGCCCGTA_SMC035	SMC035	Active control
TTCATGTTCCAAGGGA_SMC037	SMC037	Active control
TTCATGTTCCCAAGCG_SMC052	SMC052	Control
TTCATGTTCTTTCAGT_SMC052	SMC052	Control
TTCATTGCATTAAAGG_SMC052	SMC052	Control
TTCATTGGTCGCACGT_SMC053	SMC053	Active control
TTCATTGGTGGGCTTC_SMC053	SMC053	Active control
TTCATTGGTTGCGAAG_SMC053	SMC053	Active control
TTCATTGTCTGCGTCT_SMC049	SMC049	AD
TTCCAATAGGCAGGGA_SMC049	SMC049	AD
TTCCAATAGGCGTTAG_SMC052	SMC052	Control
TTCCAATCAGGTGGAT_SMC049	SMC049	AD
TTCCAATCATCACAGT_SMC052	SMC052	Control
TTCCAATTCGATTTCT_SMC052	SMC052	Control
TTCCAATTCGCATGAT_SMC052	SMC052	Control
TTCCACGAGCAACTTC_SMC049	SMC049	AD
TTCCACGAGCATCAGG_SMC053	SMC053	Active control
TTCCACGAGGGTAATT_SMC049	SMC049	AD
TTCCACGAGTCTACCA_SMC049	SMC049	AD
TTCCACGCAGGGTTGA_SMC049	SMC049	AD
TTCCACGGTAACCAGG_SMC033	SMC033	Control
TTCCACGGTCAACACT_SMC052	SMC052	Control
TTCCACGGTCGAATTC_SMC049	SMC049	AD
TTCCACGGTGCTCTCT_SMC053	SMC053	Active control
TTCCACGGTTGCCAAT_SMC052	SMC052	Control
TTCCGGTAGGAGTCTG_SMC049	SMC049	AD
TTCCGGTCACTGATTG_SMC037	SMC037	Active control
TTCCGGTCATCGCTAA_SMC049	SMC049	AD
TTCCGGTCATCGTGCG_SMC041	SMC041	AD
TTCCGGTGTTGTCCCT_SMC049	SMC049	AD
TTCCGGTTCAAAGACA_SMC053	SMC053	Active control
TTCCGGTTCACGGGCT_SMC038	SMC038	AD
TTCCGGTTCGTACCTC_SMC049	SMC049	AD
TTCCGTGAGATGTTCC_SMC033	SMC033	Control
TTCCGTGAGTAACCTC_SMC049	SMC049	AD
TTCCGTGCAAGTTGGG_SMC041	SMC041	AD
TTCCGTGCACAGAGAC_SMC053	SMC053	Active control
TTCCGTGCAGTTGTCA_SMC053	SMC053	Active control
TTCCGTGGTGATATAG_SMC041	SMC041	AD
TTCCTAAAGCATGTTC_SMC037	SMC037	Active control
TTCCTAAAGTGCCGAA_SMC038	SMC038	AD
TTCCTAACAAAGGGTC_SMC049	SMC049	AD
TTCCTAACAACTCATG_SMC053	SMC053	Active control
TTCCTAACATTGAAGA_SMC041	SMC041	AD
TTCCTAAGTGAATAAC_SMC052	SMC052	Control
TTCCTAATCTACTCAT_SMC035	SMC035	Active control
TTCCTAATCTGACAGT_SMC049	SMC049	AD
TTCCTCTAGAAACCCG_SMC033	SMC033	Control
TTCCTCTAGTCCCAGC_SMC037	SMC037	Active control
TTCCTCTCATCGGTTA_SMC035	SMC035	Active control
TTCCTCTTCGGCTGGT_SMC053	SMC053	Active control
TTCCTTCAGTAAATGC_SMC052	SMC052	Control
TTCCTTCGTAACTTCG_SMC033	SMC033	Control
TTCCTTCGTCAGATTC_SMC053	SMC053	Active control
TTCCTTCGTCCTCCAT_SMC038	SMC038	AD
TTCCTTCTCGTCAACA_SMC053	SMC053	Active control
TTCGATTAGACGCAGT_SMC052	SMC052	Control
TTCGATTAGCGCCTTG_SMC052	SMC052	Control
TTCGATTAGGTCCAGA_SMC053	SMC053	Active control
TTCGATTAGGTTTACC_SMC052	SMC052	Control
TTCGATTCAAAGGATT_SMC041	SMC041	AD
TTCGATTCATGGGATG_SMC052	SMC052	Control
TTCGATTGTAGTTACC_SMC053	SMC053	Active control
TTCGATTGTGCTAGCC_SMC052	SMC052	Control
TTCGATTTCAGACTGT_SMC052	SMC052	Control
TTCGATTTCCTCTTTC_SMC049	SMC049	AD
TTCGATTTCTTCGGAA_SMC052	SMC052	Control
TTCGCTGAGACGTCGA_SMC052	SMC052	Control
TTCGCTGAGAGGGCGA_SMC035	SMC035	Active control
TTCGCTGAGTCCCGAC_SMC053	SMC053	Active control
TTCGCTGAGTCCCTAA_SMC052	SMC052	Control
TTCGCTGAGTTGCCCG_SMC053	SMC053	Active control
TTCGCTGCATGACTCA_SMC053	SMC053	Active control
TTCGCTGGTAAGCTCT_SMC038	SMC038	AD
TTCGCTGGTACGCTAT_SMC049	SMC049	AD
TTCGCTGGTCTATGAC_SMC037	SMC037	Active control
TTCGCTGGTTACCGTA_SMC041	SMC041	AD
TTCGCTGTCCGGCTTT_SMC052	SMC052	Control
TTCGGTCCATTAGGAA_SMC052	SMC052	Control
TTCGGTCGTGGACTAG_SMC053	SMC053	Active control
TTCGGTCTCCGAGGCT_SMC049	SMC049	AD
TTCTAACAGAGGACTC_SMC049	SMC049	AD
TTCTAACAGGATTCCT_SMC052	SMC052	Control
TTCTAACAGTTGGAAT_SMC053	SMC053	Active control
TTCTAACCAAGATGGC_SMC049	SMC049	AD
TTCTAACCACATTGTG_SMC052	SMC052	Control
TTCTAACGTACGACTT_SMC052	SMC052	Control
TTCTAACGTGAGAGGG_SMC053	SMC053	Active control
TTCTAACGTGGACCTC_SMC052	SMC052	Control
TTCTAACTCCGATCTC_SMC052	SMC052	Control
TTCTAACTCGCGTTTC_SMC037	SMC037	Active control
TTCTAACTCTCCGAGG_SMC052	SMC052	Control
TTCTAGTAGAAATTGC_SMC049	SMC049	AD
TTCTAGTCAACAAAGT_SMC041	SMC041	AD
TTCTAGTCAGCATCTA_SMC038	SMC038	AD
TTCTAGTCAGCCTATA_SMC053	SMC053	Active control
TTCTAGTGTGGATACG_SMC052	SMC052	Control
TTCTAGTTCAGGGTAG_SMC049	SMC049	AD
TTCTCTCAGAGAGAAC_SMC049	SMC049	AD
TTCTCTCAGCAAGGAA_SMC049	SMC049	AD
TTCTCTCAGCGACTTT_SMC052	SMC052	Control
TTCTCTCAGTAAACTG_SMC053	SMC053	Active control
TTCTCTCAGTCGAAGC_SMC049	SMC049	AD
TTCTCTCCACATGTTG_SMC036	SMC036	AD
TTCTCTCCAGTTAAAG_SMC053	SMC053	Active control
TTCTCTCGTGTCCGGT_SMC035	SMC035	Active control
TTCTGTACAAAGTGTA_SMC052	SMC052	Control
TTCTGTACATCACAGT_SMC038	SMC038	AD
TTCTGTATCGCAGTCG_SMC052	SMC052	Control
TTCTTCCGTCACTGAT_SMC053	SMC053	Active control
TTCTTCCTCTCGCCTA_SMC052	SMC052	Control
TTCTTGACACAGTGAG_SMC052	SMC052	Control
TTCTTGAGTGTTCGAT_SMC053	SMC053	Active control
TTCTTGAGTTACGCCG_SMC049	SMC049	AD
TTGAACGCACCAGTTA_SMC041	SMC041	AD
TTGAACGCAGTGACCC_SMC049	SMC049	AD
TTGAACGTCCGTTTCG_SMC049	SMC049	AD
TTGACCCCATGGGATG_SMC033	SMC033	Control
TTGACCCGTCACCGAC_SMC053	SMC053	Active control
TTGACCCGTTCTCCAC_SMC038	SMC038	AD
TTGACCCTCCATTCGC_SMC035	SMC035	Active control
TTGACCCTCTGCGGGT_SMC035	SMC035	Active control
TTGAGTGCAACCGTAT_SMC031	SMC031	Active control
TTGAGTGCAACTTGGT_SMC052	SMC052	Control
TTGAGTGCAGGAAGTC_SMC052	SMC052	Control
TTGAGTGCATCAACCA_SMC049	SMC049	AD
TTGAGTGCATCCGCGA_SMC053	SMC053	Active control
TTGAGTGGTACTTCCC_SMC038	SMC038	AD
TTGAGTGTCGCCGAAC_SMC035	SMC035	Active control
TTGAGTGTCTTCGGTC_SMC035	SMC035	Active control
TTGATGGAGAAGCCAC_SMC053	SMC053	Active control
TTGATGGAGGTTTGAA_SMC033	SMC033	Control
TTGATGGAGTCCGCGT_SMC049	SMC049	AD
TTGATGGAGTTCACTG_SMC052	SMC052	Control
TTGATGGCAGCAGTCC_SMC053	SMC053	Active control
TTGATGGGTTCTCAGA_SMC035	SMC035	Active control
TTGATGGTCAAGGACG_SMC049	SMC049	AD
TTGATGGTCCATCCGT_SMC053	SMC053	Active control
TTGATGGTCGATGCAT_SMC031	SMC031	Active control
TTGATGGTCGCAGTGC_SMC053	SMC053	Active control
TTGCATTAGGGTTGCA_SMC049	SMC049	AD
TTGCATTAGTCTGTAC_SMC052	SMC052	Control
TTGCATTAGTTGCCTA_SMC049	SMC049	AD
TTGCATTGTATGAAGT_SMC049	SMC049	AD
TTGCCTGAGACCAGCA_SMC035	SMC035	Active control
TTGCCTGAGATCCTAC_SMC052	SMC052	Control
TTGCCTGAGATGTAGT_SMC035	SMC035	Active control
TTGCCTGCAGCGTACC_SMC053	SMC053	Active control
TTGCCTGGTAGGAGTC_SMC049	SMC049	AD
TTGCCTGGTATGAGGC_SMC038	SMC038	AD
TTGCCTGGTCACTGAT_SMC049	SMC049	AD
TTGCCTGTCCCATAGA_SMC052	SMC052	Control
TTGCCTGTCGCTGATA_SMC053	SMC053	Active control
TTGCCTGTCGGTGTAT_SMC049	SMC049	AD
TTGCCTGTCTCATTGT_SMC052	SMC052	Control
TTGCCTGTCTTCGATT_SMC041	SMC041	AD
TTGCGTCCAGTCTGGC_SMC049	SMC049	AD
TTGCGTCCATTGCCGG_SMC052	SMC052	Control
TTGCGTCGTTATCTTC_SMC053	SMC053	Active control
TTGCTGCAGCAATAGT_SMC035	SMC035	Active control
TTGGATGAGCATGCGA_SMC053	SMC053	Active control
TTGGATGAGGGTTGCA_SMC041	SMC041	AD
TTGGATGAGGTCTTTG_SMC053	SMC053	Active control
TTGGATGAGTCTGCAT_SMC049	SMC049	AD
TTGGATGGTACTTGTG_SMC049	SMC049	AD
TTGGATGGTATGAGAT_SMC033	SMC033	Control
TTGGATGGTTCGTTCC_SMC053	SMC053	Active control
TTGGATGTCCGTGGTG_SMC052	SMC052	Control
TTGGATGTCCTCTAAT_SMC049	SMC049	AD
TTGGGATAGATAGGGA_SMC052	SMC052	Control
TTGGGATCAGAGTTGG_SMC037	SMC037	Active control
TTGGGATCAGCGAGTA_SMC049	SMC049	AD
TTGGGATCAGCTAACT_SMC037	SMC037	Active control
TTGGGATGTAACACCT_SMC049	SMC049	AD
TTGGGATGTGGGATTG_SMC035	SMC035	Active control
TTGGGATTCCTACGGG_SMC041	SMC041	AD
TTGGGCGAGGTGCCAA_SMC049	SMC049	AD
TTGGGCGCACTTGAAC_SMC037	SMC037	Active control
TTGGGCGCAGTCTCTC_SMC053	SMC053	Active control
TTGGGCGCATCAACCA_SMC049	SMC049	AD
TTGGGCGCATCGGAAG_SMC041	SMC041	AD
TTGGGCGGTCAGGTAG_SMC052	SMC052	Control
TTGGGCGGTGGAGAAA_SMC052	SMC052	Control
TTGGGTAAGCTAAACA_SMC052	SMC052	Control
TTGGGTAGTATTTCGG_SMC052	SMC052	Control
TTGGGTATCATCGTAG_SMC030	SMC030	Control
TTGGGTATCGAGAAAT_SMC049	SMC049	AD
TTGGTTTCATTCGGGC_SMC041	SMC041	AD
TTGGTTTGTAGGCAGT_SMC053	SMC053	Active control
TTGGTTTTCAACTCTT_SMC033	SMC033	Control
TTGGTTTTCATCACCC_SMC035	SMC035	Active control
TTGTGGAAGTCTGTAC_SMC038	SMC038	AD
TTGTGGACAACTCGTA_SMC052	SMC052	Control
TTGTGGAGTCCGAAGA_SMC052	SMC052	Control
TTGTGGAGTTCTTCAT_SMC052	SMC052	Control
TTGTGGATCAGGGTAG_SMC035	SMC035	Active control
TTGTGGATCCTTGGAA_SMC053	SMC053	Active control
TTGTGTTCAGATTAAG_SMC037	SMC037	Active control
TTGTGTTGTACGTACT_SMC052	SMC052	Control
TTGTGTTGTTCGTTCC_SMC038	SMC038	AD
TTGTGTTGTTTCACTT_SMC049	SMC049	AD
TTGTGTTTCGCGTGCA_SMC049	SMC049	AD
TTGTTCAAGACTCATC_SMC033	SMC033	Control
TTGTTCAAGGTCACAG_SMC052	SMC052	Control
TTGTTCAAGTGATGGC_SMC049	SMC049	AD
TTGTTCACAAGTTCGT_SMC049	SMC049	AD
TTGTTCACACACACTA_SMC038	SMC038	AD
TTGTTCACACGCACCA_SMC052	SMC052	Control
TTGTTCAGTCGTCTCT_SMC052	SMC052	Control
TTGTTCAGTTCTCGTC_SMC053	SMC053	Active control
TTGTTCATCCTTCGAC_SMC033	SMC033	Control
TTGTTGTAGCCAAGCA_SMC053	SMC053	Active control
TTGTTGTAGCTGGCTC_SMC049	SMC049	AD
TTGTTGTAGCTGTCCG_SMC037	SMC037	Active control
TTGTTGTCAAGACAAT_SMC049	SMC049	AD
TTGTTGTCAAGCGATG_SMC038	SMC038	AD
TTGTTGTCAATTCTTC_SMC053	SMC053	Active control
TTGTTGTGTAACAAGT_SMC053	SMC053	Active control
TTGTTGTGTAAGGCCA_SMC052	SMC052	Control
TTGTTGTGTCGATTTG_SMC033	SMC033	Control
TTGTTGTTCTGAATGC_SMC049	SMC049	AD
TTGTTTGAGACGGATC_SMC052	SMC052	Control
TTGTTTGAGGAAAGTG_SMC038	SMC038	AD
TTGTTTGAGTCTGGTT_SMC052	SMC052	Control
TTGTTTGCAAGACGGT_SMC037	SMC037	Active control
TTGTTTGCACGCGGTT_SMC049	SMC049	AD
TTGTTTGCACTGATTG_SMC053	SMC053	Active control
TTGTTTGTCACGATCA_SMC053	SMC053	Active control
TTGTTTGTCGAAGCCC_SMC052	SMC052	Control
TTTACCAAGAAACACT_SMC038	SMC038	AD
TTTACCACACGCTTAA_SMC049	SMC049	AD
TTTACCACACTATGTG_SMC052	SMC052	Control
TTTACCAGTGAGCGAT_SMC049	SMC049	AD
TTTACCATCCGTACGG_SMC052	SMC052	Control
TTTACCATCCTAGCCT_SMC049	SMC049	AD
TTTACCATCTTTGATC_SMC049	SMC049	AD
TTTACGTAGCACCAGA_SMC037	SMC037	Active control
TTTACGTAGCGATGCA_SMC052	SMC052	Control
TTTACGTCAAGATGTA_SMC053	SMC053	Active control
TTTACGTTCCATACAG_SMC049	SMC049	AD
TTTACGTTCTCGGGAC_SMC038	SMC038	AD
TTTACTGAGCTGAGCA_SMC037	SMC037	Active control
TTTACTGCAAACGAGC_SMC052	SMC052	Control
TTTACTGCACGGAAGT_SMC053	SMC053	Active control
TTTACTGCATAGACTC_SMC032	SMC032	AD
TTTACTGGTTGACTAC_SMC049	SMC049	AD
TTTACTGTCAGTGTCA_SMC049	SMC049	AD
TTTACTGTCGCTCTCA_SMC049	SMC049	AD
TTTAGTCCAGTAGTGG_SMC053	SMC053	Active control
TTTAGTCCATGGTACT_SMC053	SMC053	Active control
TTTAGTCGTAGCTGTT_SMC037	SMC037	Active control
TTTAGTCGTTCAACGT_SMC049	SMC049	AD
TTTAGTCTCCCTCGAT_SMC052	SMC052	Control
TTTAGTCTCCGAGGCT_SMC053	SMC053	Active control
TTTATGCCAGACTGCC_SMC038	SMC038	AD
TTTATGCGTTCGGCCA_SMC035	SMC035	Active control
TTTATGCGTTGATCGT_SMC053	SMC053	Active control
TTTATGCTCGGTAGAG_SMC037	SMC037	Active control
TTTCACAAGACGGATC_SMC052	SMC052	Control
TTTCACAAGACTAGAT_SMC052	SMC052	Control
TTTCACAAGCATAGGC_SMC052	SMC052	Control
TTTCACACAAGCGATG_SMC041	SMC041	AD
TTTCACACAGAGATTA_SMC053	SMC053	Active control
TTTCACACATGATGCT_SMC038	SMC038	AD
TTTCACAGTACTCGAT_SMC049	SMC049	AD
TTTCACAGTCTCAGAT_SMC033	SMC033	Control
TTTCACAGTGGACCAA_SMC049	SMC049	AD
TTTCAGTAGGCTGGAT_SMC032	SMC032	AD
TTTCAGTAGTCCTGCG_SMC041	SMC041	AD
TTTCAGTTCCAACTAG_SMC052	SMC052	Control
TTTCAGTTCGCGGACT_SMC033	SMC033	Control
TTTCAGTTCTCCGAAA_SMC053	SMC053	Active control
TTTCATGAGATGAAGG_SMC052	SMC052	Control
TTTCATGAGGTATTGA_SMC049	SMC049	AD
TTTCATGCACCGGTCA_SMC052	SMC052	Control
TTTCATGCAGTCTGGC_SMC052	SMC052	Control
TTTCATGGTGATTCTG_SMC052	SMC052	Control
TTTCATGTCACTTGTT_SMC049	SMC049	AD
TTTCATGTCCGAGATT_SMC052	SMC052	Control
TTTCCTCAGCAGTACG_SMC052	SMC052	Control
TTTCCTCAGCGGTATG_SMC052	SMC052	Control
TTTCCTCCACATTGTG_SMC052	SMC052	Control
TTTCCTCCAGTAGTGG_SMC053	SMC053	Active control
TTTCCTCGTCTGTAGT_SMC049	SMC049	AD
TTTCCTCGTGACAGCA_SMC049	SMC049	AD
TTTCCTCGTGATTGGG_SMC052	SMC052	Control
TTTCCTCTCATGGGAG_SMC049	SMC049	AD
TTTCCTCTCCTTGGAA_SMC037	SMC037	Active control
TTTCGATAGGTTCAGG_SMC049	SMC049	AD
TTTCGATTCACCTCGT_SMC052	SMC052	Control
TTTCGATTCTACCAGA_SMC049	SMC049	AD
TTTCGATTCTCCAAGA_SMC053	SMC053	Active control
TTTGACTAGAGAGAAC_SMC049	SMC049	AD
TTTGACTAGGTCGTAG_SMC035	SMC035	Active control
TTTGACTCACTCCGGA_SMC030	SMC030	Control
TTTGACTCATGGGAAC_SMC053	SMC053	Active control
TTTGACTGTAATGTGA_SMC049	SMC049	AD
TTTGACTGTGATACTC_SMC053	SMC053	Active control
TTTGACTGTGTCTAAC_SMC053	SMC053	Active control
TTTGACTGTTTGGGTT_SMC049	SMC049	AD
TTTGATCAGCATCCCG_SMC035	SMC035	Active control
TTTGATCAGCTGACTT_SMC053	SMC053	Active control
TTTGATCAGTAGCATA_SMC033	SMC033	Control
TTTGATCAGTCGGCAA_SMC038	SMC038	AD
TTTGATCCAAGGTCAG_SMC052	SMC052	Control
TTTGATCGTTGCTCCT_SMC037	SMC037	Active control
TTTGATCTCAAACGAA_SMC052	SMC052	Control
TTTGATCTCAGTGGGA_SMC052	SMC052	Control
TTTGATCTCATAGCAC_SMC029	SMC029	AD
TTTGATCTCCGGACTG_SMC038	SMC038	AD
TTTGATCTCTTTACAC_SMC052	SMC052	Control
TTTGGAGAGTATGCAA_SMC049	SMC049	AD
TTTGGAGCAATGTCAC_SMC049	SMC049	AD
TTTGGAGCACAGGATG_SMC033	SMC033	Control
TTTGGAGGTGGGACAT_SMC037	SMC037	Active control
TTTGGAGGTGTAAACA_SMC035	SMC035	Active control
TTTGGAGTCACCATAG_SMC031	SMC031	Active control
TTTGGAGTCGCTCATC_SMC052	SMC052	Control
TTTGGTTAGAGCAGAA_SMC037	SMC037	Active control
TTTGGTTAGATCGGTG_SMC049	SMC049	AD
TTTGGTTCAAAGACTA_SMC032	SMC032	AD
TTTGGTTCAGTTGTTG_SMC052	SMC052	Control
TTTGGTTGTAGACAAT_SMC053	SMC053	Active control
TTTGGTTGTGTTCGTA_SMC049	SMC049	AD
TTTGTTGCAGACCTGC_SMC052	SMC052	Control
TTTGTTGCATTGTAGC_SMC030	SMC030	Control
TTTGTTGGTTGCAAGG_SMC053	SMC053	Active control
