"gene_id","feature_id","gene_ofdr","tx_ofdr","cell_type"
"AAMP","AAMP-201",0.998096306930967,NA,"Excitatory_neuron"
"AAMP","AAMP-208",0.998096306930967,NA,"Excitatory_neuron"
"AAMP","AAMP-204",0.998096306930967,NA,"Excitatory_neuron"
"AAR2","AAR2-202",0.948006859166649,NA,"Excitatory_neuron"
"AAR2","AAR2-206",0.948006859166649,NA,"Excitatory_neuron"
"AAR2","AAR2-201",0.948006859166649,NA,"Excitatory_neuron"
"AARS1","AARS1-214",0.998096306930967,NA,"Excitatory_neuron"
"AARS1","AARS1-225",0.998096306930967,NA,"Excitatory_neuron"
"AARS1","AARS1-201",0.998096306930967,NA,"Excitatory_neuron"
"AATK","AATK-202",0.998096306930967,NA,"Excitatory_neuron"
"AATK","AATK-201",0.998096306930967,NA,"Excitatory_neuron"
"ABCA5","transcript120292.chr17.nnic",0.998096306930967,NA,"Excitatory_neuron"
"ABCA5","ABCA5-208",0.998096306930967,NA,"Excitatory_neuron"
"ABCA5","ABCA5-201",0.998096306930967,NA,"Excitatory_neuron"
"ABCA5","ABCA5-214",0.998096306930967,NA,"Excitatory_neuron"
"ABCA5","ABCA5-213",0.998096306930967,NA,"Excitatory_neuron"
"ABCA5","ABCA5-204",0.998096306930967,NA,"Excitatory_neuron"
"ABCB6","ABCB6-213",0.998096306930967,NA,"Excitatory_neuron"
"ABCB6","ABCB6-201",0.998096306930967,NA,"Excitatory_neuron"
"ABCB7","ABCB7-201",0.998096306930967,NA,"Excitatory_neuron"
"ABCB7","ABCB7-203",0.998096306930967,NA,"Excitatory_neuron"
"ABCC5","ABCC5-201",0.998096306930967,NA,"Excitatory_neuron"
"ABCC5","ABCC5-202",0.998096306930967,NA,"Excitatory_neuron"
"ABCC5","ABCC5-205",0.998096306930967,NA,"Excitatory_neuron"
"ABCC8","ABCC8-269",0.910790034440891,NA,"Excitatory_neuron"
"ABCC8","ABCC8-256",0.910790034440891,NA,"Excitatory_neuron"
"ABCC8","ABCC8-280",0.910790034440891,NA,"Excitatory_neuron"
"ABCC8","ABCC8-263",0.910790034440891,NA,"Excitatory_neuron"
"ABCC8","ABCC8-210",0.910790034440891,NA,"Excitatory_neuron"
"ABCC8","ABCC8-257",0.910790034440891,NA,"Excitatory_neuron"
"ABCC8","ABCC8-253",0.910790034440891,NA,"Excitatory_neuron"
"ABCC8","ABCC8-227",0.910790034440891,NA,"Excitatory_neuron"
"ABCG1","ABCG1-203",0.998096306930967,NA,"Excitatory_neuron"
"ABCG1","ABCG1-205",0.998096306930967,NA,"Excitatory_neuron"
"ABI1","ABI1-206",0.998096306930967,NA,"Excitatory_neuron"
"ABI1","ABI1-204",0.998096306930967,NA,"Excitatory_neuron"
"ABI1","ABI1-213",0.998096306930967,NA,"Excitatory_neuron"
"ABI2","ABI2-204",0.998096306930967,NA,"Excitatory_neuron"
"ABI2","ABI2-215",0.998096306930967,NA,"Excitatory_neuron"
"ABI2","ABI2-203",0.998096306930967,NA,"Excitatory_neuron"
"ACAA1","ACAA1-202",0.998096306930967,NA,"Excitatory_neuron"
"ACAA1","ACAA1-203",0.998096306930967,NA,"Excitatory_neuron"
"ACACA","ACACA-237",0.998096306930967,NA,"Excitatory_neuron"
"ACACA","ACACA-228",0.998096306930967,NA,"Excitatory_neuron"
"ACAD11","ACAD11-201",0.998096306930967,NA,"Excitatory_neuron"
"ACAD11","ACAD11-208",0.998096306930967,NA,"Excitatory_neuron"
"ACAD8","ACAD8-215",0.998096306930967,NA,"Excitatory_neuron"
"ACAD8","ACAD8-201",0.998096306930967,NA,"Excitatory_neuron"
"ACAD9","ACAD9-201",0.998096306930967,NA,"Excitatory_neuron"
"ACAD9","ACAD9-216",0.998096306930967,NA,"Excitatory_neuron"
"ACADM","ACADM-202",0.998096306930967,NA,"Excitatory_neuron"
"ACADM","ACADM-220",0.998096306930967,NA,"Excitatory_neuron"
"ACADM","ACADM-230",0.998096306930967,NA,"Excitatory_neuron"
"ACADM","ACADM-246",0.998096306930967,NA,"Excitatory_neuron"
"ACADVL","ACADVL-203",0.948006859166649,NA,"Excitatory_neuron"
"ACADVL","ACADVL-206",0.948006859166649,NA,"Excitatory_neuron"
"ACADVL","ACADVL-201",0.948006859166649,NA,"Excitatory_neuron"
"ACAP3","ACAP3-202",0.998096306930967,NA,"Excitatory_neuron"
"ACAP3","ACAP3-212",0.998096306930967,NA,"Excitatory_neuron"
"ACBD5","transcript61627.chr10.nic",0.998096306930967,NA,"Excitatory_neuron"
"ACBD5","ACBD5-205",0.998096306930967,NA,"Excitatory_neuron"
"ACOT7","ACOT7-204",0.998096306930967,NA,"Excitatory_neuron"
"ACOT7","ACOT7-201",0.998096306930967,NA,"Excitatory_neuron"
"ACOT8","ACOT8-212",0.998096306930967,NA,"Excitatory_neuron"
"ACOT8","ACOT8-208",0.998096306930967,NA,"Excitatory_neuron"
"ACSF3","ACSF3-218",0.998096306930967,NA,"Excitatory_neuron"
"ACSF3","ACSF3-203",0.998096306930967,NA,"Excitatory_neuron"
"ACSL3","ACSL3-220",0.998096306930967,NA,"Excitatory_neuron"
"ACSL3","ACSL3-201",0.998096306930967,NA,"Excitatory_neuron"
"ACSL3","ACSL3-231",0.998096306930967,NA,"Excitatory_neuron"
"ACSL3","ACSL3-202",0.998096306930967,NA,"Excitatory_neuron"
"ACSL4","ACSL4-216",0.998096306930967,NA,"Excitatory_neuron"
"ACSL4","ACSL4-213",0.998096306930967,NA,"Excitatory_neuron"
"ACSL4","ACSL4-211",0.998096306930967,NA,"Excitatory_neuron"
"ACSL4","ACSL4-205",0.998096306930967,NA,"Excitatory_neuron"
"ACSL4","ACSL4-204",0.998096306930967,NA,"Excitatory_neuron"
"ACTB","ACTB-206",0.998096306930967,NA,"Excitatory_neuron"
"ACTB","ACTB-217",0.998096306930967,NA,"Excitatory_neuron"
"ACTG1","ACTG1-214",0.998096306930967,NA,"Excitatory_neuron"
"ACTG1","ACTG1-224",0.998096306930967,NA,"Excitatory_neuron"
"ACTG1","ACTG1-205",0.998096306930967,NA,"Excitatory_neuron"
"ACTG1","ACTG1-204",0.998096306930967,NA,"Excitatory_neuron"
"ACTG1","ACTG1-206",0.998096306930967,NA,"Excitatory_neuron"
"ACTG1","ACTG1-209",0.998096306930967,NA,"Excitatory_neuron"
"ACTG1","ACTG1-213",0.998096306930967,NA,"Excitatory_neuron"
"ACTG1","ACTG1-219",0.998096306930967,NA,"Excitatory_neuron"
"ACTN1","ACTN1-235",0.998096306930967,NA,"Excitatory_neuron"
"ACTN1","ACTN1-203",0.998096306930967,NA,"Excitatory_neuron"
"ACTN1","ACTN1-227",0.998096306930967,NA,"Excitatory_neuron"
"ACTN1","ACTN1-226",0.998096306930967,NA,"Excitatory_neuron"
"ACTN1","ACTN1-224",0.998096306930967,NA,"Excitatory_neuron"
"ACTN1","ACTN1-234",0.998096306930967,NA,"Excitatory_neuron"
"ACTN1","ACTN1-211",0.998096306930967,NA,"Excitatory_neuron"
"ACTN1","ACTN1-244",0.998096306930967,NA,"Excitatory_neuron"
"ACTN1","ACTN1-204",0.998096306930967,NA,"Excitatory_neuron"
"ACTN2","ACTN2-201",0.998096306930967,NA,"Excitatory_neuron"
"ACTN2","ACTN2-206",0.998096306930967,NA,"Excitatory_neuron"
"ACTN2","ACTN2-202",0.998096306930967,NA,"Excitatory_neuron"
"ACTR1B","ACTR1B-201",0.998096306930967,NA,"Excitatory_neuron"
"ACTR1B","transcript216355.chr2.nic",0.998096306930967,NA,"Excitatory_neuron"
"ACTR2","ACTR2-201",0.998096306930967,NA,"Excitatory_neuron"
"ACTR2","ACTR2-202",0.998096306930967,NA,"Excitatory_neuron"
"ADAM17","ADAM17-201",0.998096306930967,NA,"Excitatory_neuron"
"ADAM17","ADAM17-219",0.998096306930967,NA,"Excitatory_neuron"
"ADAM17","ADAM17-221",0.998096306930967,NA,"Excitatory_neuron"
"ADAM22","ADAM22-209",0.998096306930967,NA,"Excitatory_neuron"
"ADAM22","ADAM22-204",0.998096306930967,NA,"Excitatory_neuron"
"ADAM9","ADAM9-206",0.998096306930967,NA,"Excitatory_neuron"
"ADAM9","ADAM9-209",0.998096306930967,NA,"Excitatory_neuron"
"ADAMTS13","transcript222311.chr9.nnic",0.998096306930967,NA,"Excitatory_neuron"
"ADAMTS13","ADAMTS13-206",0.998096306930967,NA,"Excitatory_neuron"
"ADAR","transcript238794.chr1.nic",0.998096306930967,NA,"Excitatory_neuron"
"ADAR","ADAR-201",0.998096306930967,NA,"Excitatory_neuron"
"ADAR","ADAR-205",0.998096306930967,NA,"Excitatory_neuron"
"ADAR","ADAR-227",0.998096306930967,NA,"Excitatory_neuron"
"ADAR","ADAR-203",0.998096306930967,NA,"Excitatory_neuron"
"ADCY2","transcript10432.chr5.nic",0.998096306930967,NA,"Excitatory_neuron"
"ADCY2","ADCY2-201",0.998096306930967,NA,"Excitatory_neuron"
"ADCY2","transcript10698.chr5.nic",0.998096306930967,NA,"Excitatory_neuron"
"ADCY9","ADCY9-201",0.998096306930967,NA,"Excitatory_neuron"
"ADCY9","ADCY9-205",0.998096306930967,NA,"Excitatory_neuron"
"ADD1","ADD1-229",0.998096306930967,NA,"Excitatory_neuron"
"ADD1","ADD1-228",0.998096306930967,NA,"Excitatory_neuron"
"ADD1","ADD1-201",0.998096306930967,NA,"Excitatory_neuron"
"ADD1","ADD1-205",0.998096306930967,NA,"Excitatory_neuron"
"ADD1","ADD1-206",0.998096306930967,NA,"Excitatory_neuron"
"ADD2","ADD2-205",0.998096306930967,NA,"Excitatory_neuron"
"ADD2","ADD2-203",0.998096306930967,NA,"Excitatory_neuron"
"ADD2","ADD2-204",0.998096306930967,NA,"Excitatory_neuron"
"ADD2","ADD2-201",0.998096306930967,NA,"Excitatory_neuron"
"ADD3","ADD3-201",0.998096306930967,NA,"Excitatory_neuron"
"ADD3","ADD3-203",0.998096306930967,NA,"Excitatory_neuron"
"ADD3","ADD3-202",0.998096306930967,NA,"Excitatory_neuron"
"ADGRB2","ADGRB2-202",0.998096306930967,NA,"Excitatory_neuron"
"ADGRB2","ADGRB2-209",0.998096306930967,NA,"Excitatory_neuron"
"ADGRB2","ADGRB2-204",0.998096306930967,NA,"Excitatory_neuron"
"ADGRB2","ADGRB2-205",0.998096306930967,NA,"Excitatory_neuron"
"ADGRB2","ADGRB2-206",0.998096306930967,NA,"Excitatory_neuron"
"ADGRB2","ADGRB2-201",0.998096306930967,NA,"Excitatory_neuron"
"ADGRB3","ADGRB3-206",0.998096306930967,NA,"Excitatory_neuron"
"ADGRB3","ADGRB3-202",0.998096306930967,NA,"Excitatory_neuron"
"ADGRB3-DT","ADGRB3-DT-203",0.998096306930967,NA,"Excitatory_neuron"
"ADGRB3-DT","ADGRB3-DT-209",0.998096306930967,NA,"Excitatory_neuron"
"ADGRL2","ADGRL2-241",0.998096306930967,NA,"Excitatory_neuron"
"ADGRL2","transcript142801.chr1.nic",0.998096306930967,NA,"Excitatory_neuron"
"ADGRL2","transcript143012.chr1.nic",0.998096306930967,NA,"Excitatory_neuron"
"ADGRL2","transcript142791.chr1.nic",0.998096306930967,NA,"Excitatory_neuron"
"ADGRL2","transcript143425.chr1.nic",0.998096306930967,NA,"Excitatory_neuron"
"ADGRL2","transcript142761.chr1.nnic",0.998096306930967,NA,"Excitatory_neuron"
"ADGRL2","ADGRL2-227",0.998096306930967,NA,"Excitatory_neuron"
"ADGRL2","ADGRL2-224",0.998096306930967,NA,"Excitatory_neuron"
"ADGRL3","ADGRL3-219",0.976027063351879,NA,"Excitatory_neuron"
"ADGRL3","ADGRL3-217",0.976027063351879,NA,"Excitatory_neuron"
"ADGRL3","ADGRL3-215",0.976027063351879,NA,"Excitatory_neuron"
"ADGRV1","ADGRV1-201",0.998096306930967,NA,"Excitatory_neuron"
"ADGRV1","ADGRV1-210",0.998096306930967,NA,"Excitatory_neuron"
"ADH5","ADH5-201",0.998096306930967,NA,"Excitatory_neuron"
"ADH5","ADH5-208",0.998096306930967,NA,"Excitatory_neuron"
"AFAP1L2","AFAP1L2-207",0.998096306930967,NA,"Excitatory_neuron"
"AFAP1L2","transcript195228.chr10.nic",0.998096306930967,NA,"Excitatory_neuron"
"AFAP1L2","AFAP1L2-201",0.998096306930967,NA,"Excitatory_neuron"
"AFAP1L2","AFAP1L2-206",0.998096306930967,NA,"Excitatory_neuron"
"AFF4","AFF4-206",0.998096306930967,NA,"Excitatory_neuron"
"AFF4","AFF4-203",0.998096306930967,NA,"Excitatory_neuron"
"AFF4","AFF4-201",0.998096306930967,NA,"Excitatory_neuron"
"AFTPH","AFTPH-206",0.998096306930967,NA,"Excitatory_neuron"
"AFTPH","AFTPH-203",0.998096306930967,NA,"Excitatory_neuron"
"AFTPH","AFTPH-205",0.998096306930967,NA,"Excitatory_neuron"
"AGAP3","AGAP3-212",0.998096306930967,NA,"Excitatory_neuron"
"AGAP3","AGAP3-205",0.998096306930967,NA,"Excitatory_neuron"
"AGAP3","AGAP3-201",0.998096306930967,NA,"Excitatory_neuron"
"AGAP6","AGAP6-205",0.998096306930967,NA,"Excitatory_neuron"
"AGAP6","AGAP6-203",0.998096306930967,NA,"Excitatory_neuron"
"AGBL4","AGBL4-203",0.998096306930967,NA,"Excitatory_neuron"
"AGBL4","AGBL4-204",0.998096306930967,NA,"Excitatory_neuron"
"AHCTF1","AHCTF1-205",0.998096306930967,NA,"Excitatory_neuron"
"AHCTF1","AHCTF1-207",0.998096306930967,NA,"Excitatory_neuron"
"AHCYL1","AHCYL1-201",0.958654755330412,NA,"Excitatory_neuron"
"AHCYL1","AHCYL1-202",0.958654755330412,NA,"Excitatory_neuron"
"AHI1","AHI1-225",0.999377203936813,NA,"Excitatory_neuron"
"AHI1","AHI1-260",0.999377203936813,NA,"Excitatory_neuron"
"AHI1","AHI1-224",0.999377203936813,NA,"Excitatory_neuron"
"AHI1","AHI1-223",0.999377203936813,NA,"Excitatory_neuron"
"AHI1","AHI1-264",0.999377203936813,NA,"Excitatory_neuron"
"AHI1","AHI1-220",0.999377203936813,NA,"Excitatory_neuron"
"AHI1","AHI1-203",0.999377203936813,NA,"Excitatory_neuron"
"AHI1","AHI1-204",0.999377203936813,NA,"Excitatory_neuron"
"AHI1","AHI1-240",0.999377203936813,NA,"Excitatory_neuron"
"AHI1","AHI1-252",0.999377203936813,NA,"Excitatory_neuron"
"AHI1","AHI1-243",0.999377203936813,NA,"Excitatory_neuron"
"AHI1","AHI1-205",0.999377203936813,NA,"Excitatory_neuron"
"AHI1","AHI1-201",0.999377203936813,NA,"Excitatory_neuron"
"AIFM1","AIFM1-229",0.998096306930967,NA,"Excitatory_neuron"
"AIFM1","AIFM1-201",0.998096306930967,NA,"Excitatory_neuron"
"AIMP1","AIMP1-211",0.998096306930967,NA,"Excitatory_neuron"
"AIMP1","AIMP1-206",0.998096306930967,NA,"Excitatory_neuron"
"AIMP1","AIMP1-216",0.998096306930967,NA,"Excitatory_neuron"
"AK2","AK2-214",0.998096306930967,NA,"Excitatory_neuron"
"AK2","AK2-221",0.998096306930967,NA,"Excitatory_neuron"
"AK2","AK2-220",0.998096306930967,NA,"Excitatory_neuron"
"AK2","AK2-213",0.998096306930967,NA,"Excitatory_neuron"
"AK2","AK2-218",0.998096306930967,NA,"Excitatory_neuron"
"AKAP5","AKAP5-201",0.998096306930967,NA,"Excitatory_neuron"
"AKAP5","AKAP5-202",0.998096306930967,NA,"Excitatory_neuron"
"AKAP6","AKAP6-201",0.998096306930967,NA,"Excitatory_neuron"
"AKAP6","AKAP6-213",0.998096306930967,NA,"Excitatory_neuron"
"AKAP8L","AKAP8L-234",0.998096306930967,NA,"Excitatory_neuron"
"AKAP8L","AKAP8L-202",0.998096306930967,NA,"Excitatory_neuron"
"AKAP8L","AKAP8L-232",0.998096306930967,NA,"Excitatory_neuron"
"AKAP8L","AKAP8L-239",0.998096306930967,NA,"Excitatory_neuron"
"AKAP8L","AKAP8L-237",0.998096306930967,NA,"Excitatory_neuron"
"AKAP8L","AKAP8L-201",0.998096306930967,NA,"Excitatory_neuron"
"AKAP9","AKAP9-202",0.998096306930967,NA,"Excitatory_neuron"
"AKAP9","AKAP9-217",0.998096306930967,NA,"Excitatory_neuron"
"AKR1B1","AKR1B1-201",0.998096306930967,NA,"Excitatory_neuron"
"AKR1B1","AKR1B1-205",0.998096306930967,NA,"Excitatory_neuron"
"ALAD","ALAD-208",0.998096306930967,NA,"Excitatory_neuron"
"ALAD","ALAD-201",0.998096306930967,NA,"Excitatory_neuron"
"ALCAM","ALCAM-201",0.998096306930967,NA,"Excitatory_neuron"
"ALCAM","ALCAM-205",0.998096306930967,NA,"Excitatory_neuron"
"ALDH3A2","ALDH3A2-201",0.998096306930967,NA,"Excitatory_neuron"
"ALDH3A2","ALDH3A2-202",0.998096306930967,NA,"Excitatory_neuron"
"ALDH3A2","ALDH3A2-210",0.998096306930967,NA,"Excitatory_neuron"
"ALDH3A2","ALDH3A2-237",0.998096306930967,NA,"Excitatory_neuron"
"ALDOA","ALDOA-206",0.998096306930967,NA,"Excitatory_neuron"
"ALDOA","ALDOA-219",0.998096306930967,NA,"Excitatory_neuron"
"ALDOC","ALDOC-203",0.999362957252151,NA,"Excitatory_neuron"
"ALDOC","ALDOC-201",0.999362957252151,NA,"Excitatory_neuron"
"ALG11","ALG11-209",0.998096306930967,NA,"Excitatory_neuron"
"ALG11","ALG11-202",0.998096306930967,NA,"Excitatory_neuron"
"ALG11","ALG11-216",0.998096306930967,NA,"Excitatory_neuron"
"ALG11","ALG11-212",0.998096306930967,NA,"Excitatory_neuron"
"ALG11","ALG11-211",0.998096306930967,NA,"Excitatory_neuron"
"ALMS1","ALMS1-201",0.998096306930967,NA,"Excitatory_neuron"
"ALMS1","ALMS1-203",0.998096306930967,NA,"Excitatory_neuron"
"ALMS1","ALMS1-222",0.998096306930967,NA,"Excitatory_neuron"
"ALMS1","ALMS1-225",0.998096306930967,NA,"Excitatory_neuron"
"ALMS1","ALMS1-207",0.998096306930967,NA,"Excitatory_neuron"
"ALS2","ALS2-201",0.998096306930967,NA,"Excitatory_neuron"
"ALS2","ALS2-207",0.998096306930967,NA,"Excitatory_neuron"
"ALS2","ALS2-271",0.998096306930967,NA,"Excitatory_neuron"
"ALS2","ALS2-263",0.998096306930967,NA,"Excitatory_neuron"
"ALS2","ALS2-237",0.998096306930967,NA,"Excitatory_neuron"
"ALS2","ALS2-265",0.998096306930967,NA,"Excitatory_neuron"
"ALS2","ALS2-247",0.998096306930967,NA,"Excitatory_neuron"
"ALS2","ALS2-239",0.998096306930967,NA,"Excitatory_neuron"
"ALS2","ALS2-252",0.998096306930967,NA,"Excitatory_neuron"
"ALS2","ALS2-206",0.998096306930967,NA,"Excitatory_neuron"
"AMER2","AMER2-201",0.998096306930967,NA,"Excitatory_neuron"
"AMER2","AMER2-202",0.998096306930967,NA,"Excitatory_neuron"
"AMPD2","AMPD2-238",0.998096306930967,NA,"Excitatory_neuron"
"AMPD2","AMPD2-256",0.998096306930967,NA,"Excitatory_neuron"
"ANAPC5","ANAPC5-208",0.998096306930967,NA,"Excitatory_neuron"
"ANAPC5","ANAPC5-201",0.998096306930967,NA,"Excitatory_neuron"
"ANAPC5","ANAPC5-218",0.998096306930967,NA,"Excitatory_neuron"
"ANAPC5","ANAPC5-209",0.998096306930967,NA,"Excitatory_neuron"
"ANAPC7","ANAPC7-201",0.998096306930967,NA,"Excitatory_neuron"
"ANAPC7","ANAPC7-203",0.998096306930967,NA,"Excitatory_neuron"
"ANK2","ANK2-208",0.998096306930967,NA,"Excitatory_neuron"
"ANK2","ANK2-218",0.998096306930967,NA,"Excitatory_neuron"
"ANK2","ANK2-204",0.998096306930967,NA,"Excitatory_neuron"
"ANK2","ANK2-328",0.998096306930967,NA,"Excitatory_neuron"
"ANK2","ANK2-311",0.998096306930967,NA,"Excitatory_neuron"
"ANK2","ANK2-224",0.998096306930967,NA,"Excitatory_neuron"
"ANK2","ANK2-312",0.998096306930967,NA,"Excitatory_neuron"
"ANK2","ANK2-318",0.998096306930967,NA,"Excitatory_neuron"
"ANK2","ANK2-241",0.998096306930967,NA,"Excitatory_neuron"
"ANK2","ANK2-299",0.998096306930967,NA,"Excitatory_neuron"
"ANK2","ANK2-202",0.998096306930967,NA,"Excitatory_neuron"
"ANK2","ANK2-298",0.998096306930967,NA,"Excitatory_neuron"
"ANK2","ANK2-297",0.998096306930967,NA,"Excitatory_neuron"
"ANK2","ANK2-247",0.998096306930967,NA,"Excitatory_neuron"
"ANK2","ANK2-296",0.998096306930967,NA,"Excitatory_neuron"
"ANK2","ANK2-302",0.998096306930967,NA,"Excitatory_neuron"
"ANK2","ANK2-300",0.998096306930967,NA,"Excitatory_neuron"
"ANK2","ANK2-306",0.998096306930967,NA,"Excitatory_neuron"
"ANK2","ANK2-269",0.998096306930967,NA,"Excitatory_neuron"
"ANK3","ANK3-224",0.998096306930967,NA,"Excitatory_neuron"
"ANK3","ANK3-201",0.998096306930967,NA,"Excitatory_neuron"
"ANK3","ANK3-209",0.998096306930967,NA,"Excitatory_neuron"
"ANKHD1","ANKHD1-207",0.998096306930967,NA,"Excitatory_neuron"
"ANKHD1","ANKHD1-202",0.998096306930967,NA,"Excitatory_neuron"
"ANKHD1","ANKHD1-209",0.998096306930967,NA,"Excitatory_neuron"
"ANKHD1","ANKHD1-203",0.998096306930967,NA,"Excitatory_neuron"
"ANKRD10","transcript107483.chr13.nic",0.998096306930967,NA,"Excitatory_neuron"
"ANKRD10","ANKRD10-201",0.998096306930967,NA,"Excitatory_neuron"
"ANKRD11","ANKRD11-221",0.998096306930967,NA,"Excitatory_neuron"
"ANKRD11","ANKRD11-229",0.998096306930967,NA,"Excitatory_neuron"
"ANKRD11","ANKRD11-202",0.998096306930967,NA,"Excitatory_neuron"
"ANKRD11","ANKRD11-201",0.998096306930967,NA,"Excitatory_neuron"
"ANKRD12","ANKRD12-201",0.998096306930967,NA,"Excitatory_neuron"
"ANKRD12","ANKRD12-203",0.998096306930967,NA,"Excitatory_neuron"
"ANKRD17","ANKRD17-201",0.998096306930967,NA,"Excitatory_neuron"
"ANKRD17","ANKRD17-203",0.998096306930967,NA,"Excitatory_neuron"
"ANKRD17","ANKRD17-207",0.998096306930967,NA,"Excitatory_neuron"
"ANKRD17","ANKRD17-202",0.998096306930967,NA,"Excitatory_neuron"
"ANKRD18A","ANKRD18A-210",0.998096306930967,NA,"Excitatory_neuron"
"ANKRD18A","ANKRD18A-201",0.998096306930967,NA,"Excitatory_neuron"
"ANKRD18B","ANKRD18B-206",0.948006859166649,NA,"Excitatory_neuron"
"ANKRD18B","ANKRD18B-201",0.948006859166649,NA,"Excitatory_neuron"
"ANKRD20A1","ANKRD20A1-201",0.998096306930967,NA,"Excitatory_neuron"
"ANKRD20A1","ANKRD20A1-205",0.998096306930967,NA,"Excitatory_neuron"
"ANKRD26","ANKRD26-209",0.953914393305614,NA,"Excitatory_neuron"
"ANKRD26","ANKRD26-202",0.953914393305614,NA,"Excitatory_neuron"
"ANKRD26","ANKRD26-211",0.953914393305614,NA,"Excitatory_neuron"
"ANKRD26","ANKRD26-201",0.953914393305614,NA,"Excitatory_neuron"
"ANKRD26","ANKRD26-219",0.953914393305614,NA,"Excitatory_neuron"
"ANKRD34C-AS1","ANKRD34C-AS1-211",0.998096306930967,NA,"Excitatory_neuron"
"ANKRD34C-AS1","transcript118687.chr15.nnic",0.998096306930967,NA,"Excitatory_neuron"
"ANKRD34C-AS1","ANKRD34C-AS1-214",0.998096306930967,NA,"Excitatory_neuron"
"ANKRD36","ANKRD36-202",0.998096306930967,NA,"Excitatory_neuron"
"ANKRD36","ANKRD36-201",0.998096306930967,NA,"Excitatory_neuron"
"ANKRD36B","ANKRD36B-203",0.998096306930967,NA,"Excitatory_neuron"
"ANKRD36B","ANKRD36B-205",0.998096306930967,NA,"Excitatory_neuron"
"ANKRD36C","ANKRD36C-203",0.998096306930967,NA,"Excitatory_neuron"
"ANKRD36C","ANKRD36C-201",0.998096306930967,NA,"Excitatory_neuron"
"ANKRD36C","ANKRD36C-205",0.998096306930967,NA,"Excitatory_neuron"
"ANKRD36C","ANKRD36C-202",0.998096306930967,NA,"Excitatory_neuron"
"ANKRD42","ANKRD42-209",0.998096306930967,NA,"Excitatory_neuron"
"ANKRD42","ANKRD42-202",0.998096306930967,NA,"Excitatory_neuron"
"ANKRD44","ANKRD44-204",0.998096306930967,NA,"Excitatory_neuron"
"ANKRD44","ANKRD44-213",0.998096306930967,NA,"Excitatory_neuron"
"ANKRD44","ANKRD44-209",0.998096306930967,NA,"Excitatory_neuron"
"ANKRD46","ANKRD46-201",0.80294467075926,NA,"Excitatory_neuron"
"ANKRD46","ANKRD46-204",0.80294467075926,NA,"Excitatory_neuron"
"ANKRD49","ANKRD49-208",0.998096306930967,NA,"Excitatory_neuron"
"ANKRD49","ANKRD49-210",0.998096306930967,NA,"Excitatory_neuron"
"ANKS1B","ANKS1B-234",0.998096306930967,NA,"Excitatory_neuron"
"ANKS1B","ANKS1B-219",0.998096306930967,NA,"Excitatory_neuron"
"ANKS1B","ANKS1B-201",0.998096306930967,NA,"Excitatory_neuron"
"ANKS1B","ANKS1B-214",0.998096306930967,NA,"Excitatory_neuron"
"ANKS1B","ANKS1B-212",0.998096306930967,NA,"Excitatory_neuron"
"ANKS1B","ANKS1B-209",0.998096306930967,NA,"Excitatory_neuron"
"ANKS3","ANKS3-212",0.998096306930967,NA,"Excitatory_neuron"
"ANKS3","ANKS3-219",0.998096306930967,NA,"Excitatory_neuron"
"ANKZF1","ANKZF1-211",0.998096306930967,NA,"Excitatory_neuron"
"ANKZF1","ANKZF1-218",0.998096306930967,NA,"Excitatory_neuron"
"ANKZF1","ANKZF1-201",0.998096306930967,NA,"Excitatory_neuron"
"ANLN","ANLN-201",0.998096306930967,NA,"Excitatory_neuron"
"ANLN","ANLN-202",0.998096306930967,NA,"Excitatory_neuron"
"ANO5","ANO5-208",0.998096306930967,NA,"Excitatory_neuron"
"ANO5","ANO5-220",0.998096306930967,NA,"Excitatory_neuron"
"ANXA11","ANXA11-203",0.998096306930967,NA,"Excitatory_neuron"
"ANXA11","ANXA11-202",0.998096306930967,NA,"Excitatory_neuron"
"AOPEP","transcript164612.chr9.nnic",0.998096306930967,NA,"Excitatory_neuron"
"AOPEP","AOPEP-203",0.998096306930967,NA,"Excitatory_neuron"
"AP1G1","AP1G1-202",0.999362957252151,NA,"Excitatory_neuron"
"AP1G1","AP1G1-201",0.999362957252151,NA,"Excitatory_neuron"
"AP1M1","AP1M1-201",0.998096306930967,NA,"Excitatory_neuron"
"AP1M1","AP1M1-203",0.998096306930967,NA,"Excitatory_neuron"
"AP2A2","transcript2998.chr11.nic",0.998096306930967,NA,"Excitatory_neuron"
"AP2A2","transcript3353.chr11.nic",0.998096306930967,NA,"Excitatory_neuron"
"AP2A2","transcript3042.chr11.nic",0.998096306930967,NA,"Excitatory_neuron"
"AP2M1","AP2M1-223",0.998096306930967,NA,"Excitatory_neuron"
"AP2M1","AP2M1-202",0.998096306930967,NA,"Excitatory_neuron"
"AP2M1","AP2M1-225",0.998096306930967,NA,"Excitatory_neuron"
"AP2M1","AP2M1-208",0.998096306930967,NA,"Excitatory_neuron"
"AP3B2","AP3B2-209",0.998096306930967,NA,"Excitatory_neuron"
"AP3B2","AP3B2-229",0.998096306930967,NA,"Excitatory_neuron"
"AP3B2","AP3B2-204",0.998096306930967,NA,"Excitatory_neuron"
"AP3B2","AP3B2-233",0.998096306930967,NA,"Excitatory_neuron"
"AP3D1","AP3D1-205",0.998096306930967,NA,"Excitatory_neuron"
"AP3D1","AP3D1-218",0.998096306930967,NA,"Excitatory_neuron"
"AP3D1","AP3D1-202",0.998096306930967,NA,"Excitatory_neuron"
"AP3M1","AP3M1-202",0.998096306930967,NA,"Excitatory_neuron"
"AP3M1","AP3M1-201",0.998096306930967,NA,"Excitatory_neuron"
"AP3M2","transcript86007.chr8.nic",0.998096306930967,NA,"Excitatory_neuron"
"AP3M2","AP3M2-201",0.998096306930967,NA,"Excitatory_neuron"
"AP5M1","AP5M1-201",0.998096306930967,NA,"Excitatory_neuron"
"AP5M1","AP5M1-205",0.998096306930967,NA,"Excitatory_neuron"
"APBA2","APBA2-201",0.998096306930967,NA,"Excitatory_neuron"
"APBA2","APBA2-213",0.998096306930967,NA,"Excitatory_neuron"
"APBB1","APBB1-201",0.998096306930967,NA,"Excitatory_neuron"
"APBB1","APBB1-202",0.998096306930967,NA,"Excitatory_neuron"
"APBB1","APBB1-220",0.998096306930967,NA,"Excitatory_neuron"
"APBB1","APBB1-218",0.998096306930967,NA,"Excitatory_neuron"
"APC","APC-204",0.998096306930967,NA,"Excitatory_neuron"
"APC","APC-201",0.998096306930967,NA,"Excitatory_neuron"
"APC","APC-205",0.998096306930967,NA,"Excitatory_neuron"
"APEX1","APEX1-201",0.998096306930967,NA,"Excitatory_neuron"
"APEX1","APEX1-205",0.998096306930967,NA,"Excitatory_neuron"
"APEX1","APEX1-216",0.998096306930967,NA,"Excitatory_neuron"
"API5","API5-201",0.998096306930967,NA,"Excitatory_neuron"
"API5","API5-208",0.998096306930967,NA,"Excitatory_neuron"
"APLP1","APLP1-212",0.948006859166649,NA,"Excitatory_neuron"
"APLP1","APLP1-201",0.948006859166649,NA,"Excitatory_neuron"
"APLP2","APLP2-203",0.998096306930967,NA,"Excitatory_neuron"
"APLP2","APLP2-201",0.998096306930967,NA,"Excitatory_neuron"
"APLP2","APLP2-226",0.998096306930967,NA,"Excitatory_neuron"
"APLP2","APLP2-210",0.998096306930967,NA,"Excitatory_neuron"
"APP","APP-204",0.998096306930967,NA,"Excitatory_neuron"
"APP","APP-202",0.998096306930967,NA,"Excitatory_neuron"
"APP","APP-201",0.998096306930967,NA,"Excitatory_neuron"
"APPL1","APPL1-209",0.998096306930967,NA,"Excitatory_neuron"
"APPL1","APPL1-201",0.998096306930967,NA,"Excitatory_neuron"
"ARAP2","ARAP2-201",0.998096306930967,NA,"Excitatory_neuron"
"ARAP2","ARAP2-206",0.998096306930967,NA,"Excitatory_neuron"
"ARF5","ARF5-201",0.998096306930967,NA,"Excitatory_neuron"
"ARF5","ARF5-204",0.998096306930967,NA,"Excitatory_neuron"
"ARFGAP1","ARFGAP1-212",0.998096306930967,NA,"Excitatory_neuron"
"ARFGAP1","ARFGAP1-204",0.998096306930967,NA,"Excitatory_neuron"
"ARFGAP2","ARFGAP2-209",0.998096306930967,NA,"Excitatory_neuron"
"ARFGAP2","ARFGAP2-205",0.998096306930967,NA,"Excitatory_neuron"
"ARFGEF2","ARFGEF2-210",0.998096306930967,NA,"Excitatory_neuron"
"ARFGEF2","ARFGEF2-201",0.998096306930967,NA,"Excitatory_neuron"
"ARFIP2","ARFIP2-201",0.998096306930967,NA,"Excitatory_neuron"
"ARFIP2","transcript10010.chr11.nnic",0.998096306930967,NA,"Excitatory_neuron"
"ARFIP2","ARFIP2-202",0.998096306930967,NA,"Excitatory_neuron"
"ARGLU1","ARGLU1-203",0.998201619472994,NA,"Excitatory_neuron"
"ARGLU1","ARGLU1-204",0.998201619472994,NA,"Excitatory_neuron"
"ARHGAP21","ARHGAP21-219",0.998096306930967,NA,"Excitatory_neuron"
"ARHGAP21","ARHGAP21-206",0.998096306930967,NA,"Excitatory_neuron"
"ARHGAP21","ARHGAP21-214",0.998096306930967,NA,"Excitatory_neuron"
"ARHGAP21","transcript54999.chr10.nnic",0.998096306930967,NA,"Excitatory_neuron"
"ARHGAP21","ARHGAP21-217",0.998096306930967,NA,"Excitatory_neuron"
"ARHGAP21","ARHGAP21-202",0.998096306930967,NA,"Excitatory_neuron"
"ARHGAP21","ARHGAP21-201",0.998096306930967,NA,"Excitatory_neuron"
"ARHGAP29","ARHGAP29-201",0.998096306930967,NA,"Excitatory_neuron"
"ARHGAP29","ARHGAP29-202",0.998096306930967,NA,"Excitatory_neuron"
"ARHGAP5","ARHGAP5-209",0.998096306930967,NA,"Excitatory_neuron"
"ARHGAP5","ARHGAP5-202",0.998096306930967,NA,"Excitatory_neuron"
"ARHGEF11","ARHGEF11-202",0.998096306930967,NA,"Excitatory_neuron"
"ARHGEF11","ARHGEF11-201",0.998096306930967,NA,"Excitatory_neuron"
"ARHGEF11","transcript244871.chr1.nnic",0.998096306930967,NA,"Excitatory_neuron"
"ARHGEF12","ARHGEF12-202",0.998096306930967,NA,"Excitatory_neuron"
"ARHGEF12","ARHGEF12-213",0.998096306930967,NA,"Excitatory_neuron"
"ARHGEF3","ARHGEF3-212",0.998096306930967,NA,"Excitatory_neuron"
"ARHGEF3","ARHGEF3-201",0.998096306930967,NA,"Excitatory_neuron"
"ARHGEF4","ARHGEF4-208",0.998096306930967,NA,"Excitatory_neuron"
"ARHGEF4","ARHGEF4-203",0.998096306930967,NA,"Excitatory_neuron"
"ARHGEF9","transcript66686.chrX.nic",0.998096306930967,NA,"Excitatory_neuron"
"ARHGEF9","transcript66496.chrX.nic",0.998096306930967,NA,"Excitatory_neuron"
"ARID1B","ARID1B-218",0.998096306930967,NA,"Excitatory_neuron"
"ARID1B","ARID1B-234",0.998096306930967,NA,"Excitatory_neuron"
"ARID1B","ARID1B-214",0.998096306930967,NA,"Excitatory_neuron"
"ARID1B","ARID1B-226",0.998096306930967,NA,"Excitatory_neuron"
"ARID4A","ARID4A-201",0.998096306930967,NA,"Excitatory_neuron"
"ARID4A","ARID4A-204",0.998096306930967,NA,"Excitatory_neuron"
"ARID4A","ARID4A-202",0.998096306930967,NA,"Excitatory_neuron"
"ARID4B","ARID4B-212",0.998096306930967,NA,"Excitatory_neuron"
"ARID4B","ARID4B-201",0.998096306930967,NA,"Excitatory_neuron"
"ARID4B","ARID4B-208",0.998096306930967,NA,"Excitatory_neuron"
"ARID4B","ARID4B-202",0.998096306930967,NA,"Excitatory_neuron"
"ARID5A","ARID5A-201",0.998096306930967,NA,"Excitatory_neuron"
"ARID5A","ARID5A-202",0.998096306930967,NA,"Excitatory_neuron"
"ARID5B","ARID5B-201",0.998096306930967,NA,"Excitatory_neuron"
"ARID5B","ARID5B-205",0.998096306930967,NA,"Excitatory_neuron"
"ARID5B","ARID5B-202",0.998096306930967,NA,"Excitatory_neuron"
"ARIH2","ARIH2-207",0.998096306930967,NA,"Excitatory_neuron"
"ARIH2","ARIH2-205",0.998096306930967,NA,"Excitatory_neuron"
"ARIH2","ARIH2-201",0.998096306930967,NA,"Excitatory_neuron"
"ARL3","ARL3-201",0.998096306930967,NA,"Excitatory_neuron"
"ARL3","transcript184495.chr10.nnic",0.998096306930967,NA,"Excitatory_neuron"
"ARMC6","ARMC6-206",0.998096306930967,NA,"Excitatory_neuron"
"ARMC6","ARMC6-201",0.998096306930967,NA,"Excitatory_neuron"
"ARMC6","ARMC6-202",0.998096306930967,NA,"Excitatory_neuron"
"ARMC8","ARMC8-215",0.948006859166649,NA,"Excitatory_neuron"
"ARMC8","ARMC8-210",0.948006859166649,NA,"Excitatory_neuron"
"ARMC8","ARMC8-217",0.948006859166649,NA,"Excitatory_neuron"
"ARMC9","ARMC9-201",0.998096306930967,NA,"Excitatory_neuron"
"ARMC9","ARMC9-213",0.998096306930967,NA,"Excitatory_neuron"
"ARMCX3","ARMCX3-201",0.998096306930967,NA,"Excitatory_neuron"
"ARMCX3","ARMCX3-203",0.998096306930967,NA,"Excitatory_neuron"
"ARMCX4","ARMCX4-207",0.998096306930967,NA,"Excitatory_neuron"
"ARMCX4","ARMCX4-201",0.998096306930967,NA,"Excitatory_neuron"
"ARMCX4","ARMCX4-202",0.998096306930967,NA,"Excitatory_neuron"
"ARMCX4","ARMCX4-208",0.998096306930967,NA,"Excitatory_neuron"
"ARMCX5","ARMCX5-206",0.998096306930967,NA,"Excitatory_neuron"
"ARMCX5","ARMCX5-205",0.998096306930967,NA,"Excitatory_neuron"
"ARNT2","transcript120835.chr15.nic",0.998096306930967,NA,"Excitatory_neuron"
"ARNT2","ARNT2-207",0.998096306930967,NA,"Excitatory_neuron"
"ARPC5L","ARPC5L-202",0.874938228179565,NA,"Excitatory_neuron"
"ARPC5L","ARPC5L-201",0.874938228179565,NA,"Excitatory_neuron"
"ARPP19","ARPP19-201",0.998096306930967,NA,"Excitatory_neuron"
"ARPP19","ARPP19-211",0.998096306930967,NA,"Excitatory_neuron"
"ARPP19","ARPP19-208",0.998096306930967,NA,"Excitatory_neuron"
"ARPP21","ARPP21-204",0.998096306930967,NA,"Excitatory_neuron"
"ARPP21","ARPP21-203",0.998096306930967,NA,"Excitatory_neuron"
"ARPP21","ARPP21-221",0.998096306930967,NA,"Excitatory_neuron"
"ARPP21","ARPP21-236",0.998096306930967,NA,"Excitatory_neuron"
"ARPP21","ARPP21-220",0.998096306930967,NA,"Excitatory_neuron"
"ASAH1","ASAH1-244",0.998096306930967,NA,"Excitatory_neuron"
"ASAH1","ASAH1-225",0.998096306930967,NA,"Excitatory_neuron"
"ASAH1","ASAH1-212",0.998096306930967,NA,"Excitatory_neuron"
"ASAH1","ASAH1-250",0.998096306930967,NA,"Excitatory_neuron"
"ASAH1","ASAH1-257",0.998096306930967,NA,"Excitatory_neuron"
"ASB3","ASB3-202",0.998096306930967,NA,"Excitatory_neuron"
"ASB3","ASB3-201",0.998096306930967,NA,"Excitatory_neuron"
"ASB8","ASB8-205",0.54372898785046,NA,"Excitatory_neuron"
"ASB8","ASB8-201",0.54372898785046,NA,"Excitatory_neuron"
"ASCC3","ASCC3-207",0.850439496272812,NA,"Excitatory_neuron"
"ASCC3","ASCC3-203",0.850439496272812,NA,"Excitatory_neuron"
"ASCC3","ASCC3-204",0.850439496272812,NA,"Excitatory_neuron"
"ASH1L","ASH1L-210",0.998096306930967,NA,"Excitatory_neuron"
"ASH1L","ASH1L-217",0.998096306930967,NA,"Excitatory_neuron"
"ASH1L","ASH1L-213",0.998096306930967,NA,"Excitatory_neuron"
"ASH1L","ASH1L-215",0.998096306930967,NA,"Excitatory_neuron"
"ASH2L","ASH2L-202",0.998096306930967,NA,"Excitatory_neuron"
"ASH2L","ASH2L-201",0.998096306930967,NA,"Excitatory_neuron"
"ASPH","ASPH-202",0.998096306930967,NA,"Excitatory_neuron"
"ASPH","ASPH-203",0.998096306930967,NA,"Excitatory_neuron"
"ASPH","ASPH-214",0.998096306930967,NA,"Excitatory_neuron"
"ASPSCR1","transcript141354.chr17.nic",0.998096306930967,NA,"Excitatory_neuron"
"ASPSCR1","ASPSCR1-202",0.998096306930967,NA,"Excitatory_neuron"
"ASTN1","ASTN1-202",0.54372898785046,NA,"Excitatory_neuron"
"ASTN1","transcript272522.chr1.nnic",0.54372898785046,NA,"Excitatory_neuron"
"ASTN1","transcript274052.chr1.nic",0.54372898785046,NA,"Excitatory_neuron"
"ATAD1","ATAD1-204",0.998096306930967,NA,"Excitatory_neuron"
"ATAD1","ATAD1-201",0.998096306930967,NA,"Excitatory_neuron"
"ATAD1","transcript161103.chr10.nnic",0.998096306930967,NA,"Excitatory_neuron"
"ATE1","ATE1-201",0.998096306930967,NA,"Excitatory_neuron"
"ATE1","ATE1-203",0.998096306930967,NA,"Excitatory_neuron"
"ATF4","ATF4-203",0.998096306930967,NA,"Excitatory_neuron"
"ATF4","ATF4-201",0.998096306930967,NA,"Excitatory_neuron"
"ATF6","ATF6-204",0.998096306930967,NA,"Excitatory_neuron"
"ATF6","ATF6-201",0.998096306930967,NA,"Excitatory_neuron"
"ATF6","ATF6-203",0.998096306930967,NA,"Excitatory_neuron"
"ATF6B","ATF6B-210",0.998096306930967,NA,"Excitatory_neuron"
"ATF6B","ATF6B-216",0.998096306930967,NA,"Excitatory_neuron"
"ATF7IP","ATF7IP-221",0.998096306930967,NA,"Excitatory_neuron"
"ATF7IP","ATF7IP-213",0.998096306930967,NA,"Excitatory_neuron"
"ATG16L1","ATG16L1-204",0.998096306930967,NA,"Excitatory_neuron"
"ATG16L1","ATG16L1-203",0.998096306930967,NA,"Excitatory_neuron"
"ATG16L1","ATG16L1-214",0.998096306930967,NA,"Excitatory_neuron"
"ATG4B","ATG4B-205",0.948006859166649,NA,"Excitatory_neuron"
"ATG4B","ATG4B-220",0.948006859166649,NA,"Excitatory_neuron"
"ATG4C","ATG4C-203",0.998096306930967,NA,"Excitatory_neuron"
"ATG4C","ATG4C-201",0.998096306930967,NA,"Excitatory_neuron"
"ATG5","ATG5-203",0.998096306930967,NA,"Excitatory_neuron"
"ATG5","ATG5-204",0.998096306930967,NA,"Excitatory_neuron"
"ATG7","transcript19364.chr3.nnic",0.998096306930967,NA,"Excitatory_neuron"
"ATG7","ATG7-201",0.998096306930967,NA,"Excitatory_neuron"
"ATG9A","ATG9A-201",0.872614192007501,NA,"Excitatory_neuron"
"ATG9A","ATG9A-202",0.872614192007501,NA,"Excitatory_neuron"
"ATG9A","ATG9A-205",0.872614192007501,NA,"Excitatory_neuron"
"ATIC","ATIC-205",0.998096306930967,NA,"Excitatory_neuron"
"ATIC","ATIC-201",0.998096306930967,NA,"Excitatory_neuron"
"ATL1","ATL1-216",0.998096306930967,NA,"Excitatory_neuron"
"ATL1","ATL1-201",0.998096306930967,NA,"Excitatory_neuron"
"ATL1","ATL1-221",0.998096306930967,NA,"Excitatory_neuron"
"ATL1","ATL1-209",0.998096306930967,NA,"Excitatory_neuron"
"ATL1","ATL1-222",0.998096306930967,NA,"Excitatory_neuron"
"ATM","transcript162876.chr11.nnic",0.998096306930967,NA,"Excitatory_neuron"
"ATM","ATM-253",0.998096306930967,NA,"Excitatory_neuron"
"ATM","ATM-241",0.998096306930967,NA,"Excitatory_neuron"
"ATM","ATM-250",0.998096306930967,NA,"Excitatory_neuron"
"ATOSA","ATOSA-203",0.998096306930967,NA,"Excitatory_neuron"
"ATOSA","ATOSA-204",0.998096306930967,NA,"Excitatory_neuron"
"ATOSA","ATOSA-216",0.998096306930967,NA,"Excitatory_neuron"
"ATP11A","ATP11A-217",0.998096306930967,NA,"Excitatory_neuron"
"ATP11A","transcript109237.chr13.nic",0.998096306930967,NA,"Excitatory_neuron"
"ATP13A2","ATP13A2-204",0.998096306930967,NA,"Excitatory_neuron"
"ATP13A2","ATP13A2-205",0.998096306930967,NA,"Excitatory_neuron"
"ATP13A3","ATP13A3-210",0.998096306930967,NA,"Excitatory_neuron"
"ATP13A3","transcript311858.chr3.nic",0.998096306930967,NA,"Excitatory_neuron"
"ATP13A3-DT","ATP13A3-DT-210",0.998096306930967,NA,"Excitatory_neuron"
"ATP13A3-DT","ATP13A3-DT-201",0.998096306930967,NA,"Excitatory_neuron"
"ATP1A1","ATP1A1-201",0.998096306930967,NA,"Excitatory_neuron"
"ATP1A1","ATP1A1-208",0.998096306930967,NA,"Excitatory_neuron"
"ATP1A3","ATP1A3-214",0.998096306930967,NA,"Excitatory_neuron"
"ATP1A3","ATP1A3-207",0.998096306930967,NA,"Excitatory_neuron"
"ATP1B1","ATP1B1-202",0.998096306930967,NA,"Excitatory_neuron"
"ATP1B1","ATP1B1-208",0.998096306930967,NA,"Excitatory_neuron"
"ATP1B1","ATP1B1-215",0.998096306930967,NA,"Excitatory_neuron"
"ATP1B1","transcript256546.chr1.nnic",0.998096306930967,NA,"Excitatory_neuron"
"ATP1B1","ATP1B1-214",0.998096306930967,NA,"Excitatory_neuron"
"ATP2B1","ATP2B1-207",0.998096306930967,NA,"Excitatory_neuron"
"ATP2B1","ATP2B1-202",0.998096306930967,NA,"Excitatory_neuron"
"ATP2B1","ATP2B1-211",0.998096306930967,NA,"Excitatory_neuron"
"ATP2B2","transcript18595.chr3.nic",0.997033588765373,NA,"Excitatory_neuron"
"ATP2B2","transcript17448.chr3.nic",0.997033588765373,NA,"Excitatory_neuron"
"ATP2B2","ATP2B2-208",0.997033588765373,NA,"Excitatory_neuron"
"ATP2B2","transcript16344.chr3.nic",0.997033588765373,NA,"Excitatory_neuron"
"ATP2B2","ATP2B2-212",0.997033588765373,NA,"Excitatory_neuron"
"ATP2B3","ATP2B3-205",0.998096306930967,NA,"Excitatory_neuron"
"ATP2B3","ATP2B3-206",0.998096306930967,NA,"Excitatory_neuron"
"ATP2B3","ATP2B3-201",0.998096306930967,NA,"Excitatory_neuron"
"ATP2C1","transcript227017.chr3.nnic",0.998096306930967,NA,"Excitatory_neuron"
"ATP2C1","ATP2C1-222",0.998096306930967,NA,"Excitatory_neuron"
"ATP5F1A","ATP5F1A-201",0.998096306930967,NA,"Excitatory_neuron"
"ATP5F1A","ATP5F1A-202",0.998096306930967,NA,"Excitatory_neuron"
"ATP5F1C","ATP5F1C-202",0.998096306930967,NA,"Excitatory_neuron"
"ATP5F1C","transcript18403.chr10.nic",0.998096306930967,NA,"Excitatory_neuron"
"ATP5MG","ATP5MG-201",0.998096306930967,NA,"Excitatory_neuron"
"ATP5MG","ATP5MG-212",0.998096306930967,NA,"Excitatory_neuron"
"ATP6AP1","ATP6AP1-207",0.998096306930967,NA,"Excitatory_neuron"
"ATP6AP1","ATP6AP1-208",0.998096306930967,NA,"Excitatory_neuron"
"ATP6AP1","ATP6AP1-201",0.998096306930967,NA,"Excitatory_neuron"
"ATP6AP2","ATP6AP2-217",0.872614192007501,NA,"Excitatory_neuron"
"ATP6AP2","ATP6AP2-224",0.872614192007501,NA,"Excitatory_neuron"
"ATP6AP2","ATP6AP2-201",0.872614192007501,NA,"Excitatory_neuron"
"ATP6V0A1","ATP6V0A1-202",0.998096306930967,NA,"Excitatory_neuron"
"ATP6V0A1","ATP6V0A1-218",0.998096306930967,NA,"Excitatory_neuron"
"ATP6V0A1","ATP6V0A1-217",0.998096306930967,NA,"Excitatory_neuron"
"ATP6V0B","ATP6V0B-203",0.998096306930967,NA,"Excitatory_neuron"
"ATP6V0B","ATP6V0B-205",0.998096306930967,NA,"Excitatory_neuron"
"ATP6V0E2","ATP6V0E2-202",0.998096306930967,NA,"Excitatory_neuron"
"ATP6V0E2","ATP6V0E2-203",0.998096306930967,NA,"Excitatory_neuron"
"ATP6V1B2","ATP6V1B2-206",0.998096306930967,NA,"Excitatory_neuron"
"ATP6V1B2","ATP6V1B2-201",0.998096306930967,NA,"Excitatory_neuron"
"ATP6V1G2","transcript41287.chr6.nnic",0.998096306930967,NA,"Excitatory_neuron"
"ATP6V1G2","ATP6V1G2-205",0.998096306930967,NA,"Excitatory_neuron"
"ATP6V1H","ATP6V1H-202",0.998096306930967,NA,"Excitatory_neuron"
"ATP6V1H","ATP6V1H-209",0.998096306930967,NA,"Excitatory_neuron"
"ATP6V1H","ATP6V1H-201",0.998096306930967,NA,"Excitatory_neuron"
"ATP8A1","ATP8A1-207",0.998096306930967,NA,"Excitatory_neuron"
"ATP8A1","ATP8A1-202",0.998096306930967,NA,"Excitatory_neuron"
"ATP8A2","ATP8A2-212",0.998096306930967,NA,"Excitatory_neuron"
"ATP8A2","ATP8A2-214",0.998096306930967,NA,"Excitatory_neuron"
"ATP8A2","transcript7264.chr13.nic",0.998096306930967,NA,"Excitatory_neuron"
"ATP9B","ATP9B-203",0.998096306930967,NA,"Excitatory_neuron"
"ATP9B","ATP9B-202",0.998096306930967,NA,"Excitatory_neuron"
"ATR","ATR-216",0.998096306930967,NA,"Excitatory_neuron"
"ATR","ATR-201",0.998096306930967,NA,"Excitatory_neuron"
"ATRNL1","ATRNL1-201",0.998096306930967,NA,"Excitatory_neuron"
"ATRNL1","transcript195202.chr10.nnic",0.998096306930967,NA,"Excitatory_neuron"
"ATRX","ATRX-202",0.998096306930967,NA,"Excitatory_neuron"
"ATRX","ATRX-213",0.998096306930967,NA,"Excitatory_neuron"
"ATRX","ATRX-214",0.998096306930967,NA,"Excitatory_neuron"
"ATRX","ATRX-201",0.998096306930967,NA,"Excitatory_neuron"
"ATXN2","ATXN2-241",0.998096306930967,NA,"Excitatory_neuron"
"ATXN2","ATXN2-231",0.998096306930967,NA,"Excitatory_neuron"
"ATXN7","ATXN7-214",0.998096306930967,NA,"Excitatory_neuron"
"ATXN7","ATXN7-204",0.998096306930967,NA,"Excitatory_neuron"
"AUP1","AUP1-201",0.998096306930967,NA,"Excitatory_neuron"
"AUP1","AUP1-206",0.998096306930967,NA,"Excitatory_neuron"
"AUP1","AUP1-204",0.998096306930967,NA,"Excitatory_neuron"
"AZIN1","AZIN1-201",0.998096306930967,NA,"Excitatory_neuron"
"AZIN1","AZIN1-212",0.998096306930967,NA,"Excitatory_neuron"
"AZIN1","AZIN1-202",0.998096306930967,NA,"Excitatory_neuron"
"B3GALNT1","B3GALNT1-201",0.998096306930967,NA,"Excitatory_neuron"
"B3GALNT1","B3GALNT1-226",0.998096306930967,NA,"Excitatory_neuron"
"B3GALNT1","B3GALNT1-221",0.998096306930967,NA,"Excitatory_neuron"
"B4GALNT1","B4GALNT1-201",0.79057561140116,NA,"Excitatory_neuron"
"B4GALNT1","B4GALNT1-216",0.79057561140116,NA,"Excitatory_neuron"
"B4GALNT1","B4GALNT1-214",0.79057561140116,NA,"Excitatory_neuron"
"B4GALNT1","B4GALNT1-208",0.79057561140116,NA,"Excitatory_neuron"
"B4GALT3","B4GALT3-201",0.998096306930967,NA,"Excitatory_neuron"
"B4GALT3","B4GALT3-213",0.998096306930967,NA,"Excitatory_neuron"
"B4GALT3","B4GALT3-207",0.998096306930967,NA,"Excitatory_neuron"
"BAALC","BAALC-205",0.998096306930967,NA,"Excitatory_neuron"
"BAALC","BAALC-203",0.998096306930967,NA,"Excitatory_neuron"
"BAG4","BAG4-202",0.998096306930967,NA,"Excitatory_neuron"
"BAG4","BAG4-201",0.998096306930967,NA,"Excitatory_neuron"
"BAIAP2","BAIAP2-209",0.998096306930967,NA,"Excitatory_neuron"
"BAIAP2","BAIAP2-220",0.998096306930967,NA,"Excitatory_neuron"
"BAIAP2","BAIAP2-204",0.998096306930967,NA,"Excitatory_neuron"
"BAZ2A","BAZ2A-211",0.998096306930967,NA,"Excitatory_neuron"
"BAZ2A","BAZ2A-214",0.998096306930967,NA,"Excitatory_neuron"
"BAZ2B","BAZ2B-203",0.998096306930967,NA,"Excitatory_neuron"
"BAZ2B","BAZ2B-202",0.998096306930967,NA,"Excitatory_neuron"
"BBIP1","BBIP1-207",0.998096306930967,NA,"Excitatory_neuron"
"BBIP1","BBIP1-209",0.998096306930967,NA,"Excitatory_neuron"
"BBS1","BBS1-210",0.998096306930967,NA,"Excitatory_neuron"
"BBS1","BBS1-201",0.998096306930967,NA,"Excitatory_neuron"
"BBS2","BBS2-243",0.998096306930967,NA,"Excitatory_neuron"
"BBS2","BBS2-201",0.998096306930967,NA,"Excitatory_neuron"
"BBS2","BBS2-278",0.998096306930967,NA,"Excitatory_neuron"
"BBS7","BBS7-201",0.998096306930967,NA,"Excitatory_neuron"
"BBS7","BBS7-204",0.998096306930967,NA,"Excitatory_neuron"
"BBX","BBX-201",0.998096306930967,NA,"Excitatory_neuron"
"BBX","BBX-206",0.998096306930967,NA,"Excitatory_neuron"
"BBX","BBX-203",0.998096306930967,NA,"Excitatory_neuron"
"BCAN","BCAN-201",0.998096306930967,NA,"Excitatory_neuron"
"BCAN","BCAN-202",0.998096306930967,NA,"Excitatory_neuron"
"BCAP31","BCAP31-207",0.998096306930967,NA,"Excitatory_neuron"
"BCAP31","BCAP31-201",0.998096306930967,NA,"Excitatory_neuron"
"BCAR3","BCAR3-201",0.998096306930967,NA,"Excitatory_neuron"
"BCAR3","BCAR3-204",0.998096306930967,NA,"Excitatory_neuron"
"BCL11A","BCL11A-204",0.998096306930967,NA,"Excitatory_neuron"
"BCL11A","BCL11A-202",0.998096306930967,NA,"Excitatory_neuron"
"BCL11A","BCL11A-219",0.998096306930967,NA,"Excitatory_neuron"
"BCL11A","BCL11A-221",0.998096306930967,NA,"Excitatory_neuron"
"BCL2","BCL2-203",0.968064174157461,NA,"Excitatory_neuron"
"BCL2","BCL2-202",0.968064174157461,NA,"Excitatory_neuron"
"BCL7A","BCL7A-203",0.998096306930967,NA,"Excitatory_neuron"
"BCL7A","BCL7A-201",0.998096306930967,NA,"Excitatory_neuron"
"BCLAF1","BCLAF1-213",0.998096306930967,NA,"Excitatory_neuron"
"BCLAF1","BCLAF1-216",0.998096306930967,NA,"Excitatory_neuron"
"BCLAF1","BCLAF1-206",0.998096306930967,NA,"Excitatory_neuron"
"BCLAF1","BCLAF1-224",0.998096306930967,NA,"Excitatory_neuron"
"BCLAF1","BCLAF1-214",0.998096306930967,NA,"Excitatory_neuron"
"BCLAF1","BCLAF1-201",0.998096306930967,NA,"Excitatory_neuron"
"BCLAF1","BCLAF1-210",0.998096306930967,NA,"Excitatory_neuron"
"BDP1","BDP1-201",0.998096306930967,NA,"Excitatory_neuron"
"BDP1","BDP1-202",0.998096306930967,NA,"Excitatory_neuron"
"BECN1","BECN1-213",0.998096306930967,NA,"Excitatory_neuron"
"BECN1","BECN1-203",0.998096306930967,NA,"Excitatory_neuron"
"BECN1","BECN1-201",0.998096306930967,NA,"Excitatory_neuron"
"BEND6","BEND6-202",0.998096306930967,NA,"Excitatory_neuron"
"BEND6","transcript69634.chr6.nnic",0.998096306930967,NA,"Excitatory_neuron"
"BET1L","BET1L-201",0.998096306930967,NA,"Excitatory_neuron"
"BET1L","BET1L-203",0.998096306930967,NA,"Excitatory_neuron"
"BEX3","BEX3-201",0.998096306930967,NA,"Excitatory_neuron"
"BEX3","BEX3-204",0.998096306930967,NA,"Excitatory_neuron"
"BICD1","BICD1-210",0.998096306930967,NA,"Excitatory_neuron"
"BICD1","BICD1-203",0.998096306930967,NA,"Excitatory_neuron"
"BICD1","BICD1-206",0.998096306930967,NA,"Excitatory_neuron"
"BIN1","BIN1-207",0.998096306930967,NA,"Excitatory_neuron"
"BIN1","BIN1-202",0.998096306930967,NA,"Excitatory_neuron"
"BIN1","BIN1-211",0.998096306930967,NA,"Excitatory_neuron"
"BIN3","BIN3-201",0.998096306930967,NA,"Excitatory_neuron"
"BIN3","BIN3-208",0.998096306930967,NA,"Excitatory_neuron"
"BIRC6","BIRC6-215",0.998096306930967,NA,"Excitatory_neuron"
"BIRC6","BIRC6-209",0.998096306930967,NA,"Excitatory_neuron"
"BIRC6","BIRC6-201",0.998096306930967,NA,"Excitatory_neuron"
"BLCAP","BLCAP-214",0.998096306930967,NA,"Excitatory_neuron"
"BLCAP","BLCAP-201",0.998096306930967,NA,"Excitatory_neuron"
"BLTP1","BLTP1-217",0.998096306930967,NA,"Excitatory_neuron"
"BLTP1","BLTP1-216",0.998096306930967,NA,"Excitatory_neuron"
"BLTP1","BLTP1-219",0.998096306930967,NA,"Excitatory_neuron"
"BLTP1","BLTP1-224",0.998096306930967,NA,"Excitatory_neuron"
"BLTP1","BLTP1-223",0.998096306930967,NA,"Excitatory_neuron"
"BMAL1","BMAL1-222",0.998096306930967,NA,"Excitatory_neuron"
"BMAL1","BMAL1-214",0.998096306930967,NA,"Excitatory_neuron"
"BMAL1","BMAL1-203",0.998096306930967,NA,"Excitatory_neuron"
"BMAL1","BMAL1-205",0.998096306930967,NA,"Excitatory_neuron"
"BMS1","transcript93504.chr10.nnic",0.998096306930967,NA,"Excitatory_neuron"
"BMS1","transcript93519.chr10.nnic",0.998096306930967,NA,"Excitatory_neuron"
"BMS1","BMS1-201",0.998096306930967,NA,"Excitatory_neuron"
"BORCS5","transcript26725.chr12.nnic",0.998096306930967,NA,"Excitatory_neuron"
"BORCS5","BORCS5-202",0.998096306930967,NA,"Excitatory_neuron"
"BPTF","BPTF-215",0.948006859166649,NA,"Excitatory_neuron"
"BPTF","BPTF-207",0.948006859166649,NA,"Excitatory_neuron"
"BRAF","BRAF-204",0.998096306930967,NA,"Excitatory_neuron"
"BRAF","BRAF-220",0.998096306930967,NA,"Excitatory_neuron"
"BRAF","BRAF-207",0.998096306930967,NA,"Excitatory_neuron"
"BRAT1","BRAT1-201",0.998096306930967,NA,"Excitatory_neuron"
"BRAT1","BRAT1-203",0.998096306930967,NA,"Excitatory_neuron"
"BRAT1","BRAT1-204",0.998096306930967,NA,"Excitatory_neuron"
"BRD3OS","BRD3OS-201",0.998096306930967,NA,"Excitatory_neuron"
"BRD3OS","BRD3OS-204",0.998096306930967,NA,"Excitatory_neuron"
"BRD3OS","BRD3OS-205",0.998096306930967,NA,"Excitatory_neuron"
"BRD8","BRD8-201",0.998096306930967,NA,"Excitatory_neuron"
"BRD8","BRD8-203",0.998096306930967,NA,"Excitatory_neuron"
"BRWD1","BRWD1-203",0.998096306930967,NA,"Excitatory_neuron"
"BRWD1","BRWD1-202",0.998096306930967,NA,"Excitatory_neuron"
"BRWD1","BRWD1-201",0.998096306930967,NA,"Excitatory_neuron"
"BSCL2","BSCL2-236",0.998096306930967,NA,"Excitatory_neuron"
"BSCL2","BSCL2-240",0.998096306930967,NA,"Excitatory_neuron"
"BSCL2","BSCL2-203",0.998096306930967,NA,"Excitatory_neuron"
"BSDC1","BSDC1-206",0.998096306930967,NA,"Excitatory_neuron"
"BSDC1","BSDC1-201",0.998096306930967,NA,"Excitatory_neuron"
"BTAF1","BTAF1-202",0.998096306930967,NA,"Excitatory_neuron"
"BTAF1","BTAF1-201",0.998096306930967,NA,"Excitatory_neuron"
"BTBD3","BTBD3-204",0.998096306930967,NA,"Excitatory_neuron"
"BTBD3","BTBD3-201",0.998096306930967,NA,"Excitatory_neuron"
"BTBD8","BTBD8-208",0.998096306930967,NA,"Excitatory_neuron"
"BTBD8","BTBD8-205",0.998096306930967,NA,"Excitatory_neuron"
"BTBD8","BTBD8-204",0.998096306930967,NA,"Excitatory_neuron"
"BTBD9","BTBD9-207",0.998096306930967,NA,"Excitatory_neuron"
"BTBD9","transcript52007.chr6.nnic",0.998096306930967,NA,"Excitatory_neuron"
"BTBD9","transcript51920.chr6.nnic",0.998096306930967,NA,"Excitatory_neuron"
"BTF3L4","BTF3L4-201",0.54372898785046,NA,"Excitatory_neuron"
"BTF3L4","BTF3L4-202",0.54372898785046,NA,"Excitatory_neuron"
"BTRC","BTRC-202",0.998096306930967,NA,"Excitatory_neuron"
"BTRC","BTRC-204",0.998096306930967,NA,"Excitatory_neuron"
"C11orf58","C11orf58-201",0.998096306930967,NA,"Excitatory_neuron"
"C11orf58","C11orf58-210",0.998096306930967,NA,"Excitatory_neuron"
"C12orf29","C12orf29-207",0.998096306930967,NA,"Excitatory_neuron"
"C12orf29","C12orf29-201",0.998096306930967,NA,"Excitatory_neuron"
"C12orf76","C12orf76-203",0.998096306930967,NA,"Excitatory_neuron"
"C12orf76","C12orf76-208",0.998096306930967,NA,"Excitatory_neuron"
"C17orf80","C17orf80-205",0.998096306930967,NA,"Excitatory_neuron"
"C17orf80","C17orf80-202",0.998096306930967,NA,"Excitatory_neuron"
"C18orf25","C18orf25-205",0.998096306930967,NA,"Excitatory_neuron"
"C18orf25","C18orf25-206",0.998096306930967,NA,"Excitatory_neuron"
"C1R","C1R-214",0.998096306930967,NA,"Excitatory_neuron"
"C1R","C1R-206",0.998096306930967,NA,"Excitatory_neuron"
"C1S","C1S-213",0.998096306930967,NA,"Excitatory_neuron"
"C1S","C1S-201",0.998096306930967,NA,"Excitatory_neuron"
"C1S","C1S-215",0.998096306930967,NA,"Excitatory_neuron"
"C2CD2L","C2CD2L-211",0.998096306930967,NA,"Excitatory_neuron"
"C2CD2L","C2CD2L-201",0.998096306930967,NA,"Excitatory_neuron"
"C2CD3","C2CD3-229",0.998096306930967,NA,"Excitatory_neuron"
"C2CD3","C2CD3-202",0.998096306930967,NA,"Excitatory_neuron"
"C2CD3","C2CD3-232",0.998096306930967,NA,"Excitatory_neuron"
"C2CD5","C2CD5-218",0.486028199631594,NA,"Excitatory_neuron"
"C2CD5","C2CD5-202",0.486028199631594,NA,"Excitatory_neuron"
"C2CD5","C2CD5-203",0.486028199631594,NA,"Excitatory_neuron"
"C2orf72","C2orf72-202",0.998096306930967,NA,"Excitatory_neuron"
"C2orf72","C2orf72-201",0.998096306930967,NA,"Excitatory_neuron"
"C3orf14","C3orf14-206",0.998096306930967,NA,"Excitatory_neuron"
"C3orf14","C3orf14-202",0.998096306930967,NA,"Excitatory_neuron"
"C4orf50","C4orf50-202",0.998096306930967,NA,"Excitatory_neuron"
"C4orf50","C4orf50-201",0.998096306930967,NA,"Excitatory_neuron"
"C5orf22","transcript32951.chr5.nic",0.998096306930967,NA,"Excitatory_neuron"
"C5orf22","C5orf22-201",0.998096306930967,NA,"Excitatory_neuron"
"C5orf24","C5orf24-204",0.998096306930967,NA,"Excitatory_neuron"
"C5orf24","C5orf24-202",0.998096306930967,NA,"Excitatory_neuron"
"C6orf62","C6orf62-202",0.998096306930967,NA,"Excitatory_neuron"
"C6orf62","C6orf62-203",0.998096306930967,NA,"Excitatory_neuron"
"C7orf50","C7orf50-204",0.998096306930967,NA,"Excitatory_neuron"
"C7orf50","C7orf50-206",0.998096306930967,NA,"Excitatory_neuron"
"C9orf72","C9orf72-203",0.998096306930967,NA,"Excitatory_neuron"
"C9orf72","C9orf72-204",0.998096306930967,NA,"Excitatory_neuron"
"CA10","CA10-201",0.998096306930967,NA,"Excitatory_neuron"
"CA10","CA10-202",0.998096306930967,NA,"Excitatory_neuron"
"CA10","CA10-203",0.998096306930967,NA,"Excitatory_neuron"
"CAB39","transcript394033.chr2.nic",0.998096306930967,NA,"Excitatory_neuron"
"CAB39","CAB39-201",0.998096306930967,NA,"Excitatory_neuron"
"CAB39L","CAB39L-205",0.998096306930967,NA,"Excitatory_neuron"
"CAB39L","CAB39L-202",0.998096306930967,NA,"Excitatory_neuron"
"CABIN1","CABIN1-206",0.998096306930967,NA,"Excitatory_neuron"
"CABIN1","transcript14850.chr22.nic",0.998096306930967,NA,"Excitatory_neuron"
"CABIN1","transcript14974.chr22.nic",0.998096306930967,NA,"Excitatory_neuron"
"CABIN1","CABIN1-201",0.998096306930967,NA,"Excitatory_neuron"
"CACNA1A","CACNA1A-216",0.998096306930967,NA,"Excitatory_neuron"
"CACNA1A","CACNA1A-236",0.998096306930967,NA,"Excitatory_neuron"
"CACNA1D","CACNA1D-212",0.998096306930967,NA,"Excitatory_neuron"
"CACNA1D","CACNA1D-206",0.998096306930967,NA,"Excitatory_neuron"
"CACNA1E","CACNA1E-205",0.998096306930967,NA,"Excitatory_neuron"
"CACNA1E","CACNA1E-209",0.998096306930967,NA,"Excitatory_neuron"
"CACNA1E","CACNA1E-210",0.998096306930967,NA,"Excitatory_neuron"
"CACNA1E","CACNA1E-202",0.998096306930967,NA,"Excitatory_neuron"
"CACNB1","CACNB1-202",0.998096306930967,NA,"Excitatory_neuron"
"CACNB1","CACNB1-206",0.998096306930967,NA,"Excitatory_neuron"
"CACNB1","CACNB1-203",0.998096306930967,NA,"Excitatory_neuron"
"CACNB3","CACNB3-209",0.998096306930967,NA,"Excitatory_neuron"
"CACNB3","CACNB3-201",0.998096306930967,NA,"Excitatory_neuron"
"CACNB4","CACNB4-272",0.998096306930967,NA,"Excitatory_neuron"
"CACNB4","CACNB4-273",0.998096306930967,NA,"Excitatory_neuron"
"CACNB4","CACNB4-211",0.998096306930967,NA,"Excitatory_neuron"
"CACNB4","CACNB4-235",0.998096306930967,NA,"Excitatory_neuron"
"CACNB4","CACNB4-209",0.998096306930967,NA,"Excitatory_neuron"
"CACNB4","CACNB4-267",0.998096306930967,NA,"Excitatory_neuron"
"CACNB4","CACNB4-265",0.998096306930967,NA,"Excitatory_neuron"
"CACNB4","CACNB4-243",0.998096306930967,NA,"Excitatory_neuron"
"CACNB4","CACNB4-248",0.998096306930967,NA,"Excitatory_neuron"
"CADM2","CADM2-202",0.998096306930967,NA,"Excitatory_neuron"
"CADM2","CADM2-201",0.998096306930967,NA,"Excitatory_neuron"
"CADPS","CADPS-214",0.998096306930967,NA,"Excitatory_neuron"
"CADPS","CADPS-203",0.998096306930967,NA,"Excitatory_neuron"
"CADPS","CADPS-210",0.998096306930967,NA,"Excitatory_neuron"
"CADPS","CADPS-201",0.998096306930967,NA,"Excitatory_neuron"
"CADPS2","CADPS2-203",0.998096306930967,NA,"Excitatory_neuron"
"CADPS2","CADPS2-201",0.998096306930967,NA,"Excitatory_neuron"
"CALB1","transcript136014.chr8.nic",0.998096306930967,NA,"Excitatory_neuron"
"CALB1","CALB1-201",0.998096306930967,NA,"Excitatory_neuron"
"CALCOCO1","CALCOCO1-218",0.998096306930967,NA,"Excitatory_neuron"
"CALCOCO1","CALCOCO1-217",0.998096306930967,NA,"Excitatory_neuron"
"CALCOCO1","CALCOCO1-210",0.998096306930967,NA,"Excitatory_neuron"
"CALCOCO1","CALCOCO1-201",0.998096306930967,NA,"Excitatory_neuron"
"CALD1","CALD1-201",0.998096306930967,NA,"Excitatory_neuron"
"CALD1","CALD1-210",0.998096306930967,NA,"Excitatory_neuron"
"CALM1","CALM1-207",0.998096306930967,NA,"Excitatory_neuron"
"CALM1","CALM1-201",0.998096306930967,NA,"Excitatory_neuron"
"CALM2","CALM2-209",0.998096306930967,NA,"Excitatory_neuron"
"CALM2","CALM2-201",0.998096306930967,NA,"Excitatory_neuron"
"CALM2","CALM2-204",0.998096306930967,NA,"Excitatory_neuron"
"CALM2","CALM2-205",0.998096306930967,NA,"Excitatory_neuron"
"CALM3","CALM3-201",0.998096306930967,NA,"Excitatory_neuron"
"CALM3","CALM3-207",0.998096306930967,NA,"Excitatory_neuron"
"CALM3","transcript120715.chr19.nnic",0.998096306930967,NA,"Excitatory_neuron"
"CALU","CALU-201",0.998096306930967,NA,"Excitatory_neuron"
"CALU","CALU-202",0.998096306930967,NA,"Excitatory_neuron"
"CAMK1G","transcript306214.chr1.nic",0.998096306930967,NA,"Excitatory_neuron"
"CAMK1G","CAMK1G-202",0.998096306930967,NA,"Excitatory_neuron"
"CAMK2A","CAMK2A-208",0.948006859166649,NA,"Excitatory_neuron"
"CAMK2A","CAMK2A-220",0.948006859166649,NA,"Excitatory_neuron"
"CAMK2A","CAMK2A-212",0.948006859166649,NA,"Excitatory_neuron"
"CAMK2A","CAMK2A-201",0.948006859166649,NA,"Excitatory_neuron"
"CAMK2A","transcript206707.chr5.nnic",0.948006859166649,NA,"Excitatory_neuron"
"CAMK2A","CAMK2A-213",0.948006859166649,NA,"Excitatory_neuron"
"CAMK2B","CAMK2B-216",0.998096306930967,NA,"Excitatory_neuron"
"CAMK2B","CAMK2B-204",0.998096306930967,NA,"Excitatory_neuron"
"CAMK2B","CAMK2B-209",0.998096306930967,NA,"Excitatory_neuron"
"CAMK2D","CAMK2D-211",0.998096306930967,NA,"Excitatory_neuron"
"CAMK2D","CAMK2D-222",0.998096306930967,NA,"Excitatory_neuron"
"CAMKK2","CAMKK2-206",0.998096306930967,NA,"Excitatory_neuron"
"CAMKK2","CAMKK2-207",0.998096306930967,NA,"Excitatory_neuron"
"CAMKK2","CAMKK2-201",0.998096306930967,NA,"Excitatory_neuron"
"CAMKK2","CAMKK2-205",0.998096306930967,NA,"Excitatory_neuron"
"CAMKV","CAMKV-209",0.998096306930967,NA,"Excitatory_neuron"
"CAMKV","CAMKV-207",0.998096306930967,NA,"Excitatory_neuron"
"CAMKV","CAMKV-215",0.998096306930967,NA,"Excitatory_neuron"
"CAMLG","CAMLG-209",0.998096306930967,NA,"Excitatory_neuron"
"CAMLG","CAMLG-201",0.998096306930967,NA,"Excitatory_neuron"
"CAMSAP2","CAMSAP2-203",0.998096306930967,NA,"Excitatory_neuron"
"CAMSAP2","CAMSAP2-202",0.998096306930967,NA,"Excitatory_neuron"
"CAMSAP2","CAMSAP2-201",0.998096306930967,NA,"Excitatory_neuron"
"CAMTA1","CAMTA1-223",0.998096306930967,NA,"Excitatory_neuron"
"CAMTA1","CAMTA1-201",0.998096306930967,NA,"Excitatory_neuron"
"CAMTA1","CAMTA1-210",0.998096306930967,NA,"Excitatory_neuron"
"CAMTA1","CAMTA1-215",0.998096306930967,NA,"Excitatory_neuron"
"CANX","CANX-224",0.998096306930967,NA,"Excitatory_neuron"
"CANX","CANX-201",0.998096306930967,NA,"Excitatory_neuron"
"CANX","CANX-202",0.998096306930967,NA,"Excitatory_neuron"
"CANX","CANX-229",0.998096306930967,NA,"Excitatory_neuron"
"CAP1","CAP1-202",0.998096306930967,NA,"Excitatory_neuron"
"CAP1","CAP1-206",0.998096306930967,NA,"Excitatory_neuron"
"CAP1","CAP1-203",0.998096306930967,NA,"Excitatory_neuron"
"CAP2","CAP2-206",0.998096306930967,NA,"Excitatory_neuron"
"CAP2","CAP2-201",0.998096306930967,NA,"Excitatory_neuron"
"CAPN1","CAPN1-201",0.998096306930967,NA,"Excitatory_neuron"
"CAPN1","CAPN1-226",0.998096306930967,NA,"Excitatory_neuron"
"CAPN10","CAPN10-207",0.998096306930967,NA,"Excitatory_neuron"
"CAPN10","transcript409071.chr2.nic",0.998096306930967,NA,"Excitatory_neuron"
"CAPN2","CAPN2-201",0.998096306930967,NA,"Excitatory_neuron"
"CAPN2","CAPN2-206",0.998096306930967,NA,"Excitatory_neuron"
"CAPN2","CAPN2-209",0.998096306930967,NA,"Excitatory_neuron"
"CAPRIN1","CAPRIN1-209",0.998096306930967,NA,"Excitatory_neuron"
"CAPRIN1","CAPRIN1-202",0.998096306930967,NA,"Excitatory_neuron"
"CAPRIN1","CAPRIN1-212",0.998096306930967,NA,"Excitatory_neuron"
"CAPRIN1","CAPRIN1-201",0.998096306930967,NA,"Excitatory_neuron"
"CAPRIN2","CAPRIN2-205",0.998096306930967,NA,"Excitatory_neuron"
"CAPRIN2","CAPRIN2-243",0.998096306930967,NA,"Excitatory_neuron"
"CAPRIN2","CAPRIN2-208",0.998096306930967,NA,"Excitatory_neuron"
"CAPRIN2","CAPRIN2-213",0.998096306930967,NA,"Excitatory_neuron"
"CAPRIN2","CAPRIN2-202",0.998096306930967,NA,"Excitatory_neuron"
"CAPZB","CAPZB-204",0.998096306930967,NA,"Excitatory_neuron"
"CAPZB","CAPZB-201",0.998096306930967,NA,"Excitatory_neuron"
"CARS1","CARS1-201",0.998096306930967,NA,"Excitatory_neuron"
"CARS1","CARS1-203",0.998096306930967,NA,"Excitatory_neuron"
"CASC15","CASC15-204",0.998096306930967,NA,"Excitatory_neuron"
"CASC15","CASC15-205",0.998096306930967,NA,"Excitatory_neuron"
"CAST","CAST-201",0.948006859166649,NA,"Excitatory_neuron"
"CAST","CAST-206",0.948006859166649,NA,"Excitatory_neuron"
"CBX5","CBX5-202",0.998096306930967,NA,"Excitatory_neuron"
"CBX5","CBX5-201",0.998096306930967,NA,"Excitatory_neuron"
"CC2D1A","CC2D1A-211",0.998096306930967,NA,"Excitatory_neuron"
"CC2D1A","CC2D1A-201",0.998096306930967,NA,"Excitatory_neuron"
"CC2D1A","CC2D1A-210",0.998096306930967,NA,"Excitatory_neuron"
"CC2D1B","CC2D1B-201",0.998096306930967,NA,"Excitatory_neuron"
"CC2D1B","CC2D1B-202",0.998096306930967,NA,"Excitatory_neuron"
"CCAR1","CCAR1-211",0.998096306930967,NA,"Excitatory_neuron"
"CCAR1","CCAR1-213",0.998096306930967,NA,"Excitatory_neuron"
"CCAR1","CCAR1-201",0.998096306930967,NA,"Excitatory_neuron"
"CCAR1","CCAR1-218",0.998096306930967,NA,"Excitatory_neuron"
"CCAR2","CCAR2-201",0.998096306930967,NA,"Excitatory_neuron"
"CCAR2","CCAR2-206",0.998096306930967,NA,"Excitatory_neuron"
"CCDC144A","CCDC144A-203",0.998096306930967,NA,"Excitatory_neuron"
"CCDC144A","CCDC144A-211",0.998096306930967,NA,"Excitatory_neuron"
"CCDC144A","CCDC144A-206",0.998096306930967,NA,"Excitatory_neuron"
"CCDC144A","CCDC144A-204",0.998096306930967,NA,"Excitatory_neuron"
"CCDC144A","CCDC144A-213",0.998096306930967,NA,"Excitatory_neuron"
"CCDC144BP","CCDC144BP-213",0.998096306930967,NA,"Excitatory_neuron"
"CCDC144BP","CCDC144BP-210",0.998096306930967,NA,"Excitatory_neuron"
"CCDC144BP","CCDC144BP-212",0.998096306930967,NA,"Excitatory_neuron"
"CCDC144BP","CCDC144BP-208",0.998096306930967,NA,"Excitatory_neuron"
"CCDC144BP","CCDC144BP-218",0.998096306930967,NA,"Excitatory_neuron"
"CCDC149","CCDC149-208",0.54372898785046,NA,"Excitatory_neuron"
"CCDC149","transcript69178.chr4.nic",0.54372898785046,NA,"Excitatory_neuron"
"CCDC181","CCDC181-202",0.998096306930967,NA,"Excitatory_neuron"
"CCDC181","transcript255326.chr1.nnic",0.998096306930967,NA,"Excitatory_neuron"
"CCDC186","CCDC186-201",0.998096306930967,NA,"Excitatory_neuron"
"CCDC186","CCDC186-202",0.998096306930967,NA,"Excitatory_neuron"
"CCDC186","CCDC186-207",0.998096306930967,NA,"Excitatory_neuron"
"CCDC186","CCDC186-203",0.998096306930967,NA,"Excitatory_neuron"
"CCDC191","CCDC191-201",0.998096306930967,NA,"Excitatory_neuron"
"CCDC191","CCDC191-205",0.998096306930967,NA,"Excitatory_neuron"
"CCDC30","CCDC30-246",0.998096306930967,NA,"Excitatory_neuron"
"CCDC30","CCDC30-255",0.998096306930967,NA,"Excitatory_neuron"
"CCDC30","CCDC30-249",0.998096306930967,NA,"Excitatory_neuron"
"CCDC47","CCDC47-201",0.998096306930967,NA,"Excitatory_neuron"
"CCDC47","CCDC47-204",0.998096306930967,NA,"Excitatory_neuron"
"CCDC57","CCDC57-201",0.998096306930967,NA,"Excitatory_neuron"
"CCDC57","CCDC57-220",0.998096306930967,NA,"Excitatory_neuron"
"CCDC66","CCDC66-203",0.948006859166649,NA,"Excitatory_neuron"
"CCDC66","CCDC66-213",0.948006859166649,NA,"Excitatory_neuron"
"CCDC66","CCDC66-202",0.948006859166649,NA,"Excitatory_neuron"
"CCDC82","CCDC82-210",0.998096306930967,NA,"Excitatory_neuron"
"CCDC82","CCDC82-209",0.998096306930967,NA,"Excitatory_neuron"
"CCDC82","CCDC82-202",0.998096306930967,NA,"Excitatory_neuron"
"CCDC82","CCDC82-246",0.998096306930967,NA,"Excitatory_neuron"
"CCDC82","CCDC82-206",0.998096306930967,NA,"Excitatory_neuron"
"CCDC82","CCDC82-218",0.998096306930967,NA,"Excitatory_neuron"
"CCDC85A","CCDC85A-201",0.948006859166649,NA,"Excitatory_neuron"
"CCDC85A","transcript74604.chr2.nnic",0.948006859166649,NA,"Excitatory_neuron"
"CCDC88A","CCDC88A-255",0.998096306930967,NA,"Excitatory_neuron"
"CCDC88A","CCDC88A-201",0.998096306930967,NA,"Excitatory_neuron"
"CCDC88A","CCDC88A-225",0.998096306930967,NA,"Excitatory_neuron"
"CCDC88A","CCDC88A-223",0.998096306930967,NA,"Excitatory_neuron"
"CCDC88A","CCDC88A-217",0.998096306930967,NA,"Excitatory_neuron"
"CCDC88A","CCDC88A-244",0.998096306930967,NA,"Excitatory_neuron"
"CCDC88A","CCDC88A-247",0.998096306930967,NA,"Excitatory_neuron"
"CCDC88A","CCDC88A-242",0.998096306930967,NA,"Excitatory_neuron"
"CCDC88A","CCDC88A-251",0.998096306930967,NA,"Excitatory_neuron"
"CCDC88A","CCDC88A-238",0.998096306930967,NA,"Excitatory_neuron"
"CCDC92","CCDC92-201",0.998096306930967,NA,"Excitatory_neuron"
"CCDC92","CCDC92-208",0.998096306930967,NA,"Excitatory_neuron"
"CCDC93","transcript245809.chr2.nic",0.998096306930967,NA,"Excitatory_neuron"
"CCDC93","CCDC93-202",0.998096306930967,NA,"Excitatory_neuron"
"CCDC93","CCDC93-201",0.998096306930967,NA,"Excitatory_neuron"
"CCK","CCK-201",0.998096306930967,NA,"Excitatory_neuron"
"CCK","CCK-202",0.998096306930967,NA,"Excitatory_neuron"
"CCNL1","CCNL1-215",0.998096306930967,NA,"Excitatory_neuron"
"CCNL1","CCNL1-202",0.998096306930967,NA,"Excitatory_neuron"
"CCNL2","CCNL2-217",0.998096306930967,NA,"Excitatory_neuron"
"CCNL2","CCNL2-201",0.998096306930967,NA,"Excitatory_neuron"
"CCNL2","CCNL2-203",0.998096306930967,NA,"Excitatory_neuron"
"CCNL2","CCNL2-205",0.998096306930967,NA,"Excitatory_neuron"
"CCNL2","CCNL2-212",0.998096306930967,NA,"Excitatory_neuron"
"CCNL2","CCNL2-202",0.998096306930967,NA,"Excitatory_neuron"
"CCNL2","CCNL2-210",0.998096306930967,NA,"Excitatory_neuron"
"CCNT1","CCNT1-201",0.998096306930967,NA,"Excitatory_neuron"
"CCNT1","CCNT1-205",0.998096306930967,NA,"Excitatory_neuron"
"CCNT2","CCNT2-202",0.998096306930967,NA,"Excitatory_neuron"
"CCNT2","CCNT2-204",0.998096306930967,NA,"Excitatory_neuron"
"CCNT2","CCNT2-201",0.998096306930967,NA,"Excitatory_neuron"
"CCP110","CCP110-201",0.998096306930967,NA,"Excitatory_neuron"
"CCP110","CCP110-203",0.998096306930967,NA,"Excitatory_neuron"
"CCP110","CCP110-202",0.998096306930967,NA,"Excitatory_neuron"
"CCPG1","CCPG1-203",0.998096306930967,NA,"Excitatory_neuron"
"CCPG1","CCPG1-201",0.998096306930967,NA,"Excitatory_neuron"
"CCPG1","CCPG1-208",0.998096306930967,NA,"Excitatory_neuron"
"CCSER1","CCSER1-201",0.998096306930967,NA,"Excitatory_neuron"
"CCSER1","CCSER1-209",0.998096306930967,NA,"Excitatory_neuron"
"CCSER2","CCSER2-202",0.998096306930967,NA,"Excitatory_neuron"
"CCSER2","CCSER2-203",0.998096306930967,NA,"Excitatory_neuron"
"CD164","CD164-203",0.998096306930967,NA,"Excitatory_neuron"
"CD164","CD164-202",0.998096306930967,NA,"Excitatory_neuron"
"CD46","CD46-226",0.998096306930967,NA,"Excitatory_neuron"
"CD46","CD46-212",0.998096306930967,NA,"Excitatory_neuron"
"CD46","CD46-219",0.998096306930967,NA,"Excitatory_neuron"
"CD46","CD46-204",0.998096306930967,NA,"Excitatory_neuron"
"CD59","CD59-211",0.998096306930967,NA,"Excitatory_neuron"
"CD59","CD59-214",0.998096306930967,NA,"Excitatory_neuron"
"CDC16","CDC16-203",0.998096306930967,NA,"Excitatory_neuron"
"CDC16","transcript113161.chr13.nnic",0.998096306930967,NA,"Excitatory_neuron"
"CDC37","CDC37-201",0.998096306930967,NA,"Excitatory_neuron"
"CDC37","CDC37-209",0.998096306930967,NA,"Excitatory_neuron"
"CDC42","transcript44065.chr1.nnic",0.998096306930967,NA,"Excitatory_neuron"
"CDC42","CDC42-201",0.998096306930967,NA,"Excitatory_neuron"
"CDC42","CDC42-210",0.998096306930967,NA,"Excitatory_neuron"
"CDC42","CDC42-208",0.998096306930967,NA,"Excitatory_neuron"
"CDC42BPB","CDC42BPB-204",0.998096306930967,NA,"Excitatory_neuron"
"CDC42BPB","CDC42BPB-201",0.998096306930967,NA,"Excitatory_neuron"
"CDC73","transcript288464.chr1.nic",0.998096306930967,NA,"Excitatory_neuron"
"CDC73","CDC73-201",0.998096306930967,NA,"Excitatory_neuron"
"CDC73","CDC73-212",0.998096306930967,NA,"Excitatory_neuron"
"CDH11","CDH11-219",0.998096306930967,NA,"Excitatory_neuron"
"CDH11","CDH11-201",0.998096306930967,NA,"Excitatory_neuron"
"CDH18","CDH18-202",0.998096306930967,NA,"Excitatory_neuron"
"CDH18","CDH18-210",0.998096306930967,NA,"Excitatory_neuron"
"CDH18","transcript27477.chr5.nnic",0.998096306930967,NA,"Excitatory_neuron"
"CDH8","CDH8-203",0.998096306930967,NA,"Excitatory_neuron"
"CDH8","CDH8-211",0.998096306930967,NA,"Excitatory_neuron"
"CDH8","CDH8-201",0.998096306930967,NA,"Excitatory_neuron"
"CDK13","CDK13-210",0.998096306930967,NA,"Excitatory_neuron"
"CDK13","CDK13-213",0.998096306930967,NA,"Excitatory_neuron"
"CDK13","CDK13-203",0.998096306930967,NA,"Excitatory_neuron"
"CDK13","CDK13-214",0.998096306930967,NA,"Excitatory_neuron"
"CDK13","transcript53833.chr7.nnic",0.998096306930967,NA,"Excitatory_neuron"
"CDK13","CDK13-201",0.998096306930967,NA,"Excitatory_neuron"
"CDK13","CDK13-202",0.998096306930967,NA,"Excitatory_neuron"
"CDK14","CDK14-203",0.998096306930967,NA,"Excitatory_neuron"
"CDK14","CDK14-201",0.998096306930967,NA,"Excitatory_neuron"
"CDK14","CDK14-202",0.998096306930967,NA,"Excitatory_neuron"
"CDK17","CDK17-203",0.998096306930967,NA,"Excitatory_neuron"
"CDK17","CDK17-201",0.998096306930967,NA,"Excitatory_neuron"
"CDK5RAP2","CDK5RAP2-221",0.998096306930967,NA,"Excitatory_neuron"
"CDK5RAP2","CDK5RAP2-223",0.998096306930967,NA,"Excitatory_neuron"
"CDK5RAP2","CDK5RAP2-241",0.998096306930967,NA,"Excitatory_neuron"
"CDK5RAP2","CDK5RAP2-216",0.998096306930967,NA,"Excitatory_neuron"
"CDK5RAP3","CDK5RAP3-231",0.999634496113808,NA,"Excitatory_neuron"
"CDK5RAP3","CDK5RAP3-201",0.999634496113808,NA,"Excitatory_neuron"
"CDKL5","CDKL5-205",0.998096306930967,NA,"Excitatory_neuron"
"CDKL5","CDKL5-202",0.998096306930967,NA,"Excitatory_neuron"
"CDKN1B","CDKN1B-205",0.998096306930967,NA,"Excitatory_neuron"
"CDKN1B","CDKN1B-201",0.998096306930967,NA,"Excitatory_neuron"
"CDKN2AIP","CDKN2AIP-203",0.998096306930967,NA,"Excitatory_neuron"
"CDKN2AIP","CDKN2AIP-201",0.998096306930967,NA,"Excitatory_neuron"
"CELF1","CELF1-204",0.998096306930967,NA,"Excitatory_neuron"
"CELF1","CELF1-201",0.998096306930967,NA,"Excitatory_neuron"
"CELF1","CELF1-222",0.998096306930967,NA,"Excitatory_neuron"
"CELF1","CELF1-214",0.998096306930967,NA,"Excitatory_neuron"
"CELF2","CELF2-209",0.998096306930967,NA,"Excitatory_neuron"
"CELF2","CELF2-205",0.998096306930967,NA,"Excitatory_neuron"
"CELF2","CELF2-203",0.998096306930967,NA,"Excitatory_neuron"
"CELF2","CELF2-207",0.998096306930967,NA,"Excitatory_neuron"
"CELF2","CELF2-213",0.998096306930967,NA,"Excitatory_neuron"
"CELF2","CELF2-202",0.998096306930967,NA,"Excitatory_neuron"
"CELF4","CELF4-201",0.998096306930967,NA,"Excitatory_neuron"
"CELF4","CELF4-218",0.998096306930967,NA,"Excitatory_neuron"
"CELF4","CELF4-203",0.998096306930967,NA,"Excitatory_neuron"
"CENPC","CENPC-206",0.998096306930967,NA,"Excitatory_neuron"
"CENPC","CENPC-201",0.998096306930967,NA,"Excitatory_neuron"
"CENPC","CENPC-205",0.998096306930967,NA,"Excitatory_neuron"
"CENPJ","CENPJ-205",0.998096306930967,NA,"Excitatory_neuron"
"CENPJ","CENPJ-201",0.998096306930967,NA,"Excitatory_neuron"
"CENPJ","CENPJ-206",0.998096306930967,NA,"Excitatory_neuron"
"CENPT","CENPT-233",0.998096306930967,NA,"Excitatory_neuron"
"CENPT","CENPT-218",0.998096306930967,NA,"Excitatory_neuron"
"CEP112","CEP112-227",0.998096306930967,NA,"Excitatory_neuron"
"CEP112","CEP112-203",0.998096306930967,NA,"Excitatory_neuron"
"CEP126","CEP126-201",0.998096306930967,NA,"Excitatory_neuron"
"CEP126","CEP126-205",0.998096306930967,NA,"Excitatory_neuron"
"CEP126","CEP126-204",0.998096306930967,NA,"Excitatory_neuron"
"CEP126","CEP126-203",0.998096306930967,NA,"Excitatory_neuron"
"CEP152","CEP152-201",0.998096306930967,NA,"Excitatory_neuron"
"CEP152","CEP152-209",0.998096306930967,NA,"Excitatory_neuron"
"CEP152","CEP152-202",0.998096306930967,NA,"Excitatory_neuron"
"CEP152","CEP152-203",0.998096306930967,NA,"Excitatory_neuron"
"CEP162","CEP162-202",0.998096306930967,NA,"Excitatory_neuron"
"CEP162","CEP162-207",0.998096306930967,NA,"Excitatory_neuron"
"CEP170","CEP170-201",0.998096306930967,NA,"Excitatory_neuron"
"CEP170","CEP170-215",0.998096306930967,NA,"Excitatory_neuron"
"CEP170","CEP170-202",0.998096306930967,NA,"Excitatory_neuron"
"CEP170","CEP170-203",0.998096306930967,NA,"Excitatory_neuron"
"CEP170","transcript357863.chr1.nnic",0.998096306930967,NA,"Excitatory_neuron"
"CEP170","CEP170-211",0.998096306930967,NA,"Excitatory_neuron"
"CEP192","CEP192-202",0.998096306930967,NA,"Excitatory_neuron"
"CEP192","CEP192-201",0.998096306930967,NA,"Excitatory_neuron"
"CEP192","CEP192-213",0.998096306930967,NA,"Excitatory_neuron"
"CEP192","CEP192-210",0.998096306930967,NA,"Excitatory_neuron"
"CEP250","CEP250-202",0.998096306930967,NA,"Excitatory_neuron"
"CEP250","CEP250-215",0.998096306930967,NA,"Excitatory_neuron"
"CEP290","CEP290-213",0.998096306930967,NA,"Excitatory_neuron"
"CEP290","CEP290-216",0.998096306930967,NA,"Excitatory_neuron"
"CEP290","CEP290-232",0.998096306930967,NA,"Excitatory_neuron"
"CEP290","CEP290-234",0.998096306930967,NA,"Excitatory_neuron"
"CEP290","CEP290-226",0.998096306930967,NA,"Excitatory_neuron"
"CEP295","transcript149422.chr11.nnic",0.998096306930967,NA,"Excitatory_neuron"
"CEP295","CEP295-204",0.998096306930967,NA,"Excitatory_neuron"
"CEP295","CEP295-201",0.998096306930967,NA,"Excitatory_neuron"
"CEP350","CEP350-217",0.998096306930967,NA,"Excitatory_neuron"
"CEP350","CEP350-202",0.998096306930967,NA,"Excitatory_neuron"
"CEP350","CEP350-208",0.998096306930967,NA,"Excitatory_neuron"
"CEP350","CEP350-225",0.998096306930967,NA,"Excitatory_neuron"
"CEP350","CEP350-205",0.998096306930967,NA,"Excitatory_neuron"
"CEP350","CEP350-216",0.998096306930967,NA,"Excitatory_neuron"
"CEP43","CEP43-201",0.998096306930967,NA,"Excitatory_neuron"
"CEP43","CEP43-215",0.998096306930967,NA,"Excitatory_neuron"
"CEP43","CEP43-213",0.998096306930967,NA,"Excitatory_neuron"
"CEP57","CEP57-209",0.998160378894535,NA,"Excitatory_neuron"
"CEP57","CEP57-202",0.998160378894535,NA,"Excitatory_neuron"
"CEP68","CEP68-220",0.998096306930967,NA,"Excitatory_neuron"
"CEP68","CEP68-218",0.998096306930967,NA,"Excitatory_neuron"
"CEP68","CEP68-203",0.998096306930967,NA,"Excitatory_neuron"
"CEP68","CEP68-202",0.998096306930967,NA,"Excitatory_neuron"
"CEP68","CEP68-217",0.998096306930967,NA,"Excitatory_neuron"
"CEP78","CEP78-216",0.998096306930967,NA,"Excitatory_neuron"
"CEP78","CEP78-211",0.998096306930967,NA,"Excitatory_neuron"
"CEP83","CEP83-202",0.998201619472994,NA,"Excitatory_neuron"
"CEP83","CEP83-201",0.998201619472994,NA,"Excitatory_neuron"
"CEP85L","CEP85L-203",0.998096306930967,NA,"Excitatory_neuron"
"CEP85L","CEP85L-205",0.998096306930967,NA,"Excitatory_neuron"
"CEP97","CEP97-201",0.998096306930967,NA,"Excitatory_neuron"
"CEP97","CEP97-209",0.998096306930967,NA,"Excitatory_neuron"
"CEP97","CEP97-213",0.998096306930967,NA,"Excitatory_neuron"
"CEROX1","CEROX1-201",0.998096306930967,NA,"Excitatory_neuron"
"CEROX1","transcript3776.chr16.nnic",0.998096306930967,NA,"Excitatory_neuron"
"CERS6","transcript318243.chr2.nic",0.998096306930967,NA,"Excitatory_neuron"
"CERS6","transcript318189.chr2.nic",0.998096306930967,NA,"Excitatory_neuron"
"CERS6","transcript318138.chr2.nnic",0.998096306930967,NA,"Excitatory_neuron"
"CERS6","transcript318452.chr2.nic",0.998096306930967,NA,"Excitatory_neuron"
"CERS6","CERS6-202",0.998096306930967,NA,"Excitatory_neuron"
"CERT1","CERT1-222",0.998096306930967,NA,"Excitatory_neuron"
"CERT1","CERT1-216",0.998096306930967,NA,"Excitatory_neuron"
"CERT1","transcript102707.chr5.nnic",0.998096306930967,NA,"Excitatory_neuron"
"CES2","CES2-202",0.998096306930967,NA,"Excitatory_neuron"
"CES2","CES2-211",0.998096306930967,NA,"Excitatory_neuron"
"CFAP44","CFAP44-202",0.80294467075926,NA,"Excitatory_neuron"
"CFAP44","transcript170749.chr3.nic",0.80294467075926,NA,"Excitatory_neuron"
"CFAP97","CFAP97-204",0.998096306930967,NA,"Excitatory_neuron"
"CFAP97","CFAP97-201",0.998096306930967,NA,"Excitatory_neuron"
"CGGBP1","CGGBP1-202",0.998096306930967,NA,"Excitatory_neuron"
"CGGBP1","CGGBP1-201",0.998096306930967,NA,"Excitatory_neuron"
"CHCHD6","transcript220702.chr3.nic",0.80294467075926,NA,"Excitatory_neuron"
"CHCHD6","transcript220719.chr3.nic",0.80294467075926,NA,"Excitatory_neuron"
"CHCHD6","CHCHD6-201",0.80294467075926,NA,"Excitatory_neuron"
"CHD1","CHD1-205",0.998096306930967,NA,"Excitatory_neuron"
"CHD1","CHD1-210",0.998096306930967,NA,"Excitatory_neuron"
"CHD1","CHD1-211",0.998096306930967,NA,"Excitatory_neuron"
"CHD2","CHD2-202",0.998096306930967,NA,"Excitatory_neuron"
"CHD2","CHD2-212",0.998096306930967,NA,"Excitatory_neuron"
"CHD2","CHD2-201",0.998096306930967,NA,"Excitatory_neuron"
"CHD2","CHD2-208",0.998096306930967,NA,"Excitatory_neuron"
"CHD3","CHD3-208",0.998096306930967,NA,"Excitatory_neuron"
"CHD3","CHD3-223",0.998096306930967,NA,"Excitatory_neuron"
"CHD3","CHD3-202",0.998096306930967,NA,"Excitatory_neuron"
"CHD5","CHD5-202",0.998096306930967,NA,"Excitatory_neuron"
"CHD5","CHD5-201",0.998096306930967,NA,"Excitatory_neuron"
"CHD8","CHD8-212",0.998096306930967,NA,"Excitatory_neuron"
"CHD8","CHD8-219",0.998096306930967,NA,"Excitatory_neuron"
"CHD8","CHD8-224",0.998096306930967,NA,"Excitatory_neuron"
"CHD8","CHD8-216",0.998096306930967,NA,"Excitatory_neuron"
"CHD8","CHD8-218",0.998096306930967,NA,"Excitatory_neuron"
"CHD8","CHD8-217",0.998096306930967,NA,"Excitatory_neuron"
"CHD9","CHD9-213",0.998096306930967,NA,"Excitatory_neuron"
"CHD9","CHD9-216",0.998096306930967,NA,"Excitatory_neuron"
"CHD9","CHD9-217",0.998096306930967,NA,"Excitatory_neuron"
"CHD9","CHD9-203",0.998096306930967,NA,"Excitatory_neuron"
"CHGA","CHGA-202",0.998096306930967,NA,"Excitatory_neuron"
"CHGA","CHGA-201",0.998096306930967,NA,"Excitatory_neuron"
"CHID1","CHID1-203",0.998096306930967,NA,"Excitatory_neuron"
"CHID1","CHID1-201",0.998096306930967,NA,"Excitatory_neuron"
"CHL1","CHL1-201",0.998096306930967,NA,"Excitatory_neuron"
"CHL1","transcript146.chr3.nnic",0.998096306930967,NA,"Excitatory_neuron"
"CHL1","CHL1-202",0.998096306930967,NA,"Excitatory_neuron"
"CHL1","CHL1-208",0.998096306930967,NA,"Excitatory_neuron"
"CHMP1A","CHMP1A-210",0.998096306930967,NA,"Excitatory_neuron"
"CHMP1A","CHMP1A-219",0.998096306930967,NA,"Excitatory_neuron"
"CHN1","CHN1-208",0.998096306930967,NA,"Excitatory_neuron"
"CHN1","CHN1-205",0.998096306930967,NA,"Excitatory_neuron"
"CHN1","CHN1-233",0.998096306930967,NA,"Excitatory_neuron"
"CHN1","CHN1-201",0.998096306930967,NA,"Excitatory_neuron"
"CHN2","CHN2-208",0.998096306930967,NA,"Excitatory_neuron"
"CHN2","CHN2-201",0.998096306930967,NA,"Excitatory_neuron"
"CHORDC1","CHORDC1-209",0.998096306930967,NA,"Excitatory_neuron"
"CHORDC1","CHORDC1-201",0.998096306930967,NA,"Excitatory_neuron"
"CHRD","CHRD-201",0.998096306930967,NA,"Excitatory_neuron"
"CHRD","CHRD-206",0.998096306930967,NA,"Excitatory_neuron"
"CHRD","CHRD-212",0.998096306930967,NA,"Excitatory_neuron"
"CHST15","transcript210308.chr10.nnic",0.998096306930967,NA,"Excitatory_neuron"
"CHST15","transcript210383.chr10.nic",0.998096306930967,NA,"Excitatory_neuron"
"CHST15","CHST15-202",0.998096306930967,NA,"Excitatory_neuron"
"CHST15","CHST15-201",0.998096306930967,NA,"Excitatory_neuron"
"CHTF18","CHTF18-208",0.998096306930967,NA,"Excitatory_neuron"
"CHTF18","CHTF18-201",0.998096306930967,NA,"Excitatory_neuron"
"CIAO1","CIAO1-201",0.925880167697254,NA,"Excitatory_neuron"
"CIAO1","CIAO1-203",0.925880167697254,NA,"Excitatory_neuron"
"CIAO3","CIAO3-201",0.998096306930967,NA,"Excitatory_neuron"
"CIAO3","CIAO3-214",0.998096306930967,NA,"Excitatory_neuron"
"CIBAR1","CIBAR1-218",0.998096306930967,NA,"Excitatory_neuron"
"CIBAR1","CIBAR1-206",0.998096306930967,NA,"Excitatory_neuron"
"CIRBP","CIRBP-214",0.998096306930967,NA,"Excitatory_neuron"
"CIRBP","transcript3047.chr19.nic",0.998096306930967,NA,"Excitatory_neuron"
"CIRBP","CIRBP-201",0.998096306930967,NA,"Excitatory_neuron"
"CIT","CIT-235",0.998096306930967,NA,"Excitatory_neuron"
"CIT","CIT-219",0.998096306930967,NA,"Excitatory_neuron"
"CIT","CIT-220",0.998096306930967,NA,"Excitatory_neuron"
"CIT","CIT-224",0.998096306930967,NA,"Excitatory_neuron"
"CIT","CIT-225",0.998096306930967,NA,"Excitatory_neuron"
"CIT","CIT-227",0.998096306930967,NA,"Excitatory_neuron"
"CIT","CIT-226",0.998096306930967,NA,"Excitatory_neuron"
"CIT","CIT-228",0.998096306930967,NA,"Excitatory_neuron"
"CIT","CIT-215",0.998096306930967,NA,"Excitatory_neuron"
"CIT","CIT-230",0.998096306930967,NA,"Excitatory_neuron"
"CIT","CIT-234",0.998096306930967,NA,"Excitatory_neuron"
"CIT","CIT-205",0.998096306930967,NA,"Excitatory_neuron"
"CKAP2","CKAP2-202",0.998096306930967,NA,"Excitatory_neuron"
"CKAP2","CKAP2-201",0.998096306930967,NA,"Excitatory_neuron"
"CKAP5","CKAP5-210",0.80294467075926,NA,"Excitatory_neuron"
"CKAP5","CKAP5-201",0.80294467075926,NA,"Excitatory_neuron"
"CKB","CKB-218",0.998096306930967,NA,"Excitatory_neuron"
"CKB","CKB-201",0.998096306930967,NA,"Excitatory_neuron"
"CKMT1B","CKMT1B-205",0.998096306930967,NA,"Excitatory_neuron"
"CKMT1B","CKMT1B-207",0.998096306930967,NA,"Excitatory_neuron"
"CLASP1","CLASP1-202",0.998096306930967,NA,"Excitatory_neuron"
"CLASP1","CLASP1-201",0.998096306930967,NA,"Excitatory_neuron"
"CLASP1","CLASP1-207",0.998096306930967,NA,"Excitatory_neuron"
"CLASP2","CLASP2-226",0.998096306930967,NA,"Excitatory_neuron"
"CLASP2","transcript51676.chr3.nic",0.998096306930967,NA,"Excitatory_neuron"
"CLASP2","CLASP2-207",0.998096306930967,NA,"Excitatory_neuron"
"CLASP2","CLASP2-225",0.998096306930967,NA,"Excitatory_neuron"
"CLASP2","CLASP2-205",0.998096306930967,NA,"Excitatory_neuron"
"CLCC1","CLCC1-205",0.998096306930967,NA,"Excitatory_neuron"
"CLCC1","CLCC1-243",0.998096306930967,NA,"Excitatory_neuron"
"CLCN3","CLCN3-208",0.98607157276927,NA,"Excitatory_neuron"
"CLCN3","CLCN3-205",0.98607157276927,NA,"Excitatory_neuron"
"CLCN7","CLCN7-204",0.998096306930967,NA,"Excitatory_neuron"
"CLCN7","CLCN7-202",0.998096306930967,NA,"Excitatory_neuron"
"CLCN7","CLCN7-208",0.998096306930967,NA,"Excitatory_neuron"
"CLCN7","CLCN7-201",0.998096306930967,NA,"Excitatory_neuron"
"CLDN12","CLDN12-201",0.998096306930967,NA,"Excitatory_neuron"
"CLDN12","CLDN12-213",0.998096306930967,NA,"Excitatory_neuron"
"CLDND1","CLDND1-203",0.948006859166649,NA,"Excitatory_neuron"
"CLDND1","CLDND1-204",0.948006859166649,NA,"Excitatory_neuron"
"CLDND1","CLDND1-202",0.948006859166649,NA,"Excitatory_neuron"
"CLDND1","CLDND1-201",0.948006859166649,NA,"Excitatory_neuron"
"CLINT1","CLINT1-206",0.54372898785046,NA,"Excitatory_neuron"
"CLINT1","CLINT1-201",0.54372898785046,NA,"Excitatory_neuron"
"CLINT1","CLINT1-207",0.54372898785046,NA,"Excitatory_neuron"
"CLIP1","CLIP1-218",0.998096306930967,NA,"Excitatory_neuron"
"CLIP1","CLIP1-210",0.998096306930967,NA,"Excitatory_neuron"
"CLIP1","CLIP1-202",0.998096306930967,NA,"Excitatory_neuron"
"CLIP1","CLIP1-201",0.998096306930967,NA,"Excitatory_neuron"
"CLIP1","CLIP1-216",0.998096306930967,NA,"Excitatory_neuron"
"CLIP4","CLIP4-201",0.998096306930967,NA,"Excitatory_neuron"
"CLIP4","CLIP4-224",0.998096306930967,NA,"Excitatory_neuron"
"CLK1","CLK1-201",0.998096306930967,NA,"Excitatory_neuron"
"CLK1","CLK1-210",0.998096306930967,NA,"Excitatory_neuron"
"CLK3","CLK3-202",0.998096306930967,NA,"Excitatory_neuron"
"CLK3","CLK3-226",0.998096306930967,NA,"Excitatory_neuron"
"CLK3","CLK3-203",0.998096306930967,NA,"Excitatory_neuron"
"CLK4","CLK4-209",0.948006859166649,NA,"Excitatory_neuron"
"CLK4","CLK4-203",0.948006859166649,NA,"Excitatory_neuron"
"CLK4","CLK4-201",0.948006859166649,NA,"Excitatory_neuron"
"CLK4","CLK4-208",0.948006859166649,NA,"Excitatory_neuron"
"CLOCK","transcript98598.chr4.nic",0.998096306930967,NA,"Excitatory_neuron"
"CLOCK","CLOCK-211",0.998096306930967,NA,"Excitatory_neuron"
"CLTA","CLTA-203",0.763047832807461,NA,"Excitatory_neuron"
"CLTA","CLTA-201",0.763047832807461,NA,"Excitatory_neuron"
"CLTC","CLTC-212",0.998096306930967,NA,"Excitatory_neuron"
"CLTC","CLTC-205",0.998096306930967,NA,"Excitatory_neuron"
"CLTC","CLTC-209",0.998096306930967,NA,"Excitatory_neuron"
"CLTC","CLTC-201",0.998096306930967,NA,"Excitatory_neuron"
"CLU","CLU-202",0.998096306930967,NA,"Excitatory_neuron"
"CLU","CLU-201",0.998096306930967,NA,"Excitatory_neuron"
"CLU","CLU-211",0.998096306930967,NA,"Excitatory_neuron"
"CLU","CLU-215",0.998096306930967,NA,"Excitatory_neuron"
"CLUAP1","CLUAP1-212",0.998096306930967,NA,"Excitatory_neuron"
"CLUAP1","CLUAP1-202",0.998096306930967,NA,"Excitatory_neuron"
"CMYA5","CMYA5-201",0.998096306930967,NA,"Excitatory_neuron"
"CMYA5","CMYA5-203",0.998096306930967,NA,"Excitatory_neuron"
"CNBP","CNBP-201",0.998096306930967,NA,"Excitatory_neuron"
"CNBP","CNBP-204",0.998096306930967,NA,"Excitatory_neuron"
"CNBP","CNBP-207",0.998096306930967,NA,"Excitatory_neuron"
"CNDP2","CNDP2-209",0.998096306930967,NA,"Excitatory_neuron"
"CNDP2","CNDP2-201",0.998096306930967,NA,"Excitatory_neuron"
"CNDP2","CNDP2-229",0.998096306930967,NA,"Excitatory_neuron"
"CNKSR2","CNKSR2-234",0.998096306930967,NA,"Excitatory_neuron"
"CNKSR2","CNKSR2-203",0.998096306930967,NA,"Excitatory_neuron"
"CNKSR2","CNKSR2-230",0.998096306930967,NA,"Excitatory_neuron"
"CNKSR2","CNKSR2-207",0.998096306930967,NA,"Excitatory_neuron"
"CNKSR2","CNKSR2-208",0.998096306930967,NA,"Excitatory_neuron"
"CNKSR2","CNKSR2-226",0.998096306930967,NA,"Excitatory_neuron"
"CNNM1","CNNM1-203",0.998096306930967,NA,"Excitatory_neuron"
"CNNM1","CNNM1-201",0.998096306930967,NA,"Excitatory_neuron"
"CNOT11","transcript223081.chr2.nic",0.998096306930967,NA,"Excitatory_neuron"
"CNOT11","transcript223034.chr2.nnic",0.998096306930967,NA,"Excitatory_neuron"
"CNOT11","CNOT11-201",0.998096306930967,NA,"Excitatory_neuron"
"CNOT4","CNOT4-205",0.998096306930967,NA,"Excitatory_neuron"
"CNOT4","CNOT4-206",0.998096306930967,NA,"Excitatory_neuron"
"CNOT4","CNOT4-204",0.998096306930967,NA,"Excitatory_neuron"
"CNOT4","CNOT4-201",0.998096306930967,NA,"Excitatory_neuron"
"CNOT6L","CNOT6L-201",0.998096306930967,NA,"Excitatory_neuron"
"CNOT6L","CNOT6L-208",0.998096306930967,NA,"Excitatory_neuron"
"CNP","transcript70618.chr17.nic",0.998096306930967,NA,"Excitatory_neuron"
"CNP","CNP-201",0.998096306930967,NA,"Excitatory_neuron"
"CNP","CNP-202",0.998096306930967,NA,"Excitatory_neuron"
"CNTN1","CNTN1-204",0.998096306930967,NA,"Excitatory_neuron"
"CNTN1","transcript54335.chr12.nnic",0.998096306930967,NA,"Excitatory_neuron"
"CNTN1","CNTN1-203",0.998096306930967,NA,"Excitatory_neuron"
"CNTN1","CNTN1-201",0.998096306930967,NA,"Excitatory_neuron"
"CNTNAP2","transcript222220.chr7.nnic",0.998096306930967,NA,"Excitatory_neuron"
"CNTNAP2","CNTNAP2-201",0.998096306930967,NA,"Excitatory_neuron"
"CNTNAP2","CNTNAP2-220",0.998096306930967,NA,"Excitatory_neuron"
"CNTNAP2","CNTNAP2-207",0.998096306930967,NA,"Excitatory_neuron"
"CNTRL","CNTRL-216",0.998096306930967,NA,"Excitatory_neuron"
"CNTRL","CNTRL-212",0.998096306930967,NA,"Excitatory_neuron"
"CNTRL","CNTRL-220",0.998096306930967,NA,"Excitatory_neuron"
"COBLL1","COBLL1-201",0.998096306930967,NA,"Excitatory_neuron"
"COBLL1","COBLL1-224",0.998096306930967,NA,"Excitatory_neuron"
"COBLL1","transcript311985.chr2.nic",0.998096306930967,NA,"Excitatory_neuron"
"COG1","COG1-202",0.998096306930967,NA,"Excitatory_neuron"
"COG1","COG1-201",0.998096306930967,NA,"Excitatory_neuron"
"COG4","COG4-201",0.998096306930967,NA,"Excitatory_neuron"
"COG4","COG4-222",0.998096306930967,NA,"Excitatory_neuron"
"COG5","COG5-203",0.465710079404596,NA,"Excitatory_neuron"
"COG5","COG5-201",0.465710079404596,NA,"Excitatory_neuron"
"COL11A1","COL11A1-210",0.998096306930967,NA,"Excitatory_neuron"
"COL11A1","COL11A1-203",0.998096306930967,NA,"Excitatory_neuron"
"COL12A1","COL12A1-201",0.999627699403055,NA,"Excitatory_neuron"
"COL12A1","COL12A1-211",0.999627699403055,NA,"Excitatory_neuron"
"COL16A1","COL16A1-214",0.998096306930967,NA,"Excitatory_neuron"
"COL16A1","COL16A1-203",0.998096306930967,NA,"Excitatory_neuron"
"COL24A1","COL24A1-201",0.998096306930967,NA,"Excitatory_neuron"
"COL24A1","COL24A1-202",0.998096306930967,NA,"Excitatory_neuron"
"COL26A1","COL26A1-201",0.998096306930967,NA,"Excitatory_neuron"
"COL26A1","COL26A1-203",0.998096306930967,NA,"Excitatory_neuron"
"COL6A1","COL6A1-201",0.998096306930967,NA,"Excitatory_neuron"
"COL6A1","COL6A1-206",0.998096306930967,NA,"Excitatory_neuron"
"COLGALT1","COLGALT1-202",0.998096306930967,NA,"Excitatory_neuron"
"COLGALT1","COLGALT1-201",0.998096306930967,NA,"Excitatory_neuron"
"COPA","COPA-235",0.998096306930967,NA,"Excitatory_neuron"
"COPA","COPA-224",0.998096306930967,NA,"Excitatory_neuron"
"COPA","COPA-233",0.998096306930967,NA,"Excitatory_neuron"
"COPA","COPA-201",0.998096306930967,NA,"Excitatory_neuron"
"COPA","COPA-202",0.998096306930967,NA,"Excitatory_neuron"
"COPB1","COPB1-201",0.998096306930967,NA,"Excitatory_neuron"
"COPB1","COPB1-202",0.998096306930967,NA,"Excitatory_neuron"
"COPB2","COPB2-201",0.998096306930967,NA,"Excitatory_neuron"
"COPB2","transcript242313.chr3.nic",0.998096306930967,NA,"Excitatory_neuron"
"COPG2","COPG2-201",0.998096306930967,NA,"Excitatory_neuron"
"COPG2","COPG2-202",0.998096306930967,NA,"Excitatory_neuron"
"COPS2","COPS2-202",0.998096306930967,NA,"Excitatory_neuron"
"COPS2","COPS2-201",0.998096306930967,NA,"Excitatory_neuron"
"COPS6","COPS6-201",0.998096306930967,NA,"Excitatory_neuron"
"COPS6","COPS6-202",0.998096306930967,NA,"Excitatory_neuron"
"COPS6","COPS6-205",0.998096306930967,NA,"Excitatory_neuron"
"COPS7A","COPS7A-215",0.998096306930967,NA,"Excitatory_neuron"
"COPS7A","COPS7A-210",0.998096306930967,NA,"Excitatory_neuron"
"COX11","COX11-203",0.998096306930967,NA,"Excitatory_neuron"
"COX11","COX11-201",0.998096306930967,NA,"Excitatory_neuron"
"COX4I1","COX4I1-215",0.998096306930967,NA,"Excitatory_neuron"
"COX4I1","COX4I1-217",0.998096306930967,NA,"Excitatory_neuron"
"COX4I1","COX4I1-201",0.998096306930967,NA,"Excitatory_neuron"
"CPEB1","CPEB1-213",0.998096306930967,NA,"Excitatory_neuron"
"CPEB1","CPEB1-218",0.998096306930967,NA,"Excitatory_neuron"
"CPEB1","CPEB1-216",0.998096306930967,NA,"Excitatory_neuron"
"CPEB4","CPEB4-201",0.998096306930967,NA,"Excitatory_neuron"
"CPEB4","CPEB4-202",0.998096306930967,NA,"Excitatory_neuron"
"CPLANE1","CPLANE1-218",0.998096306930967,NA,"Excitatory_neuron"
"CPLANE1","CPLANE1-207",0.998096306930967,NA,"Excitatory_neuron"
"CPLANE1","CPLANE1-205",0.998096306930967,NA,"Excitatory_neuron"
"CPLANE1","CPLANE1-209",0.998096306930967,NA,"Excitatory_neuron"
"CPLANE1","CPLANE1-215",0.998096306930967,NA,"Excitatory_neuron"
"CPLANE1","CPLANE1-213",0.998096306930967,NA,"Excitatory_neuron"
"CPLX2","CPLX2-201",0.998096306930967,NA,"Excitatory_neuron"
"CPLX2","CPLX2-202",0.998096306930967,NA,"Excitatory_neuron"
"CPNE4","CPNE4-213",0.998096306930967,NA,"Excitatory_neuron"
"CPNE4","CPNE4-209",0.998096306930967,NA,"Excitatory_neuron"
"CPNE8","CPNE8-201",0.998096306930967,NA,"Excitatory_neuron"
"CPNE8","transcript51814.chr12.nnic",0.998096306930967,NA,"Excitatory_neuron"
"CPSF6","CPSF6-202",0.998096306930967,NA,"Excitatory_neuron"
"CPSF6","CPSF6-201",0.998096306930967,NA,"Excitatory_neuron"
"CPT1C","transcript129707.chr19.nnic",0.998096306930967,NA,"Excitatory_neuron"
"CPT1C","CPT1C-217",0.998096306930967,NA,"Excitatory_neuron"
"CRBN","CRBN-210",0.998096306930967,NA,"Excitatory_neuron"
"CRBN","transcript4138.chr3.nic",0.998096306930967,NA,"Excitatory_neuron"
"CRBN","CRBN-201",0.998096306930967,NA,"Excitatory_neuron"
"CRBN","CRBN-203",0.998096306930967,NA,"Excitatory_neuron"
"CREB1","CREB1-201",0.998096306930967,NA,"Excitatory_neuron"
"CREB1","CREB1-206",0.998096306930967,NA,"Excitatory_neuron"
"CREBRF","CREBRF-203",0.998096306930967,NA,"Excitatory_neuron"
"CREBRF","CREBRF-201",0.998096306930967,NA,"Excitatory_neuron"
"CREBRF","CREBRF-204",0.998096306930967,NA,"Excitatory_neuron"
"CREBZF","CREBZF-203",0.998096306930967,NA,"Excitatory_neuron"
"CREBZF","CREBZF-210",0.998096306930967,NA,"Excitatory_neuron"
"CREBZF","CREBZF-202",0.998096306930967,NA,"Excitatory_neuron"
"CREBZF","CREBZF-204",0.998096306930967,NA,"Excitatory_neuron"
"CRELD1","CRELD1-274",0.998096306930967,NA,"Excitatory_neuron"
"CRELD1","CRELD1-264",0.998096306930967,NA,"Excitatory_neuron"
"CRELD1","CRELD1-259",0.998096306930967,NA,"Excitatory_neuron"
"CRELD1","CRELD1-256",0.998096306930967,NA,"Excitatory_neuron"
"CRELD1","CRELD1-206",0.998096306930967,NA,"Excitatory_neuron"
"CRELD1","CRELD1-202",0.998096306930967,NA,"Excitatory_neuron"
"CRELD1","CRELD1-207",0.998096306930967,NA,"Excitatory_neuron"
"CRELD1","CRELD1-208",0.998096306930967,NA,"Excitatory_neuron"
"CRELD1","CRELD1-231",0.998096306930967,NA,"Excitatory_neuron"
"CRELD1","CRELD1-240",0.998096306930967,NA,"Excitatory_neuron"
"CRELD1","CRELD1-238",0.998096306930967,NA,"Excitatory_neuron"
"CRELD1","CRELD1-234",0.998096306930967,NA,"Excitatory_neuron"
"CRK","CRK-202",0.998096306930967,NA,"Excitatory_neuron"
"CRK","CRK-201",0.998096306930967,NA,"Excitatory_neuron"
"CRTAP","CRTAP-201",0.998096306930967,NA,"Excitatory_neuron"
"CRTAP","transcript48800.chr3.nnic",0.998096306930967,NA,"Excitatory_neuron"
"CRYZL1","CRYZL1-202",0.998096306930967,NA,"Excitatory_neuron"
"CRYZL1","CRYZL1-209",0.998096306930967,NA,"Excitatory_neuron"
"CSDE1","CSDE1-221",0.998096306930967,NA,"Excitatory_neuron"
"CSDE1","CSDE1-201",0.998096306930967,NA,"Excitatory_neuron"
"CSDE1","CSDE1-202",0.998096306930967,NA,"Excitatory_neuron"
"CSDE1","CSDE1-242",0.998096306930967,NA,"Excitatory_neuron"
"CSDE1","CSDE1-208",0.998096306930967,NA,"Excitatory_neuron"
"CSDE1","CSDE1-253",0.998096306930967,NA,"Excitatory_neuron"
"CSDE1","CSDE1-203",0.998096306930967,NA,"Excitatory_neuron"
"CSDE1","CSDE1-204",0.998096306930967,NA,"Excitatory_neuron"
"CSDE1","CSDE1-206",0.998096306930967,NA,"Excitatory_neuron"
"CSDE1","CSDE1-226",0.998096306930967,NA,"Excitatory_neuron"
"CSDE1","CSDE1-225",0.998096306930967,NA,"Excitatory_neuron"
"CSDE1","CSDE1-224",0.998096306930967,NA,"Excitatory_neuron"
"CSGALNACT1","CSGALNACT1-217",0.998096306930967,NA,"Excitatory_neuron"
"CSGALNACT1","CSGALNACT1-220",0.998096306930967,NA,"Excitatory_neuron"
"CSMD1","CSMD1-213",0.998096306930967,NA,"Excitatory_neuron"
"CSMD1","CSMD1-217",0.998096306930967,NA,"Excitatory_neuron"
"CSMD1","CSMD1-201",0.998096306930967,NA,"Excitatory_neuron"
"CSMD3","CSMD3-202",0.998096306930967,NA,"Excitatory_neuron"
"CSMD3","CSMD3-204",0.998096306930967,NA,"Excitatory_neuron"
"CSMD3","CSMD3-201",0.998096306930967,NA,"Excitatory_neuron"
"CSMD3","CSMD3-208",0.998096306930967,NA,"Excitatory_neuron"
"CSNK1A1","CSNK1A1-212",0.998096306930967,NA,"Excitatory_neuron"
"CSNK1A1","CSNK1A1-202",0.998096306930967,NA,"Excitatory_neuron"
"CSNK1A1","CSNK1A1-201",0.998096306930967,NA,"Excitatory_neuron"
"CSNK1A1","CSNK1A1-207",0.998096306930967,NA,"Excitatory_neuron"
"CSNK1D","CSNK1D-203",0.998096306930967,NA,"Excitatory_neuron"
"CSNK1D","CSNK1D-202",0.998096306930967,NA,"Excitatory_neuron"
"CSNK1D","CSNK1D-217",0.998096306930967,NA,"Excitatory_neuron"
"CSNK2A1","CSNK2A1-209",0.998096306930967,NA,"Excitatory_neuron"
"CSNK2A1","CSNK2A1-243",0.998096306930967,NA,"Excitatory_neuron"
"CSNK2A1","CSNK2A1-217",0.998096306930967,NA,"Excitatory_neuron"
"CSNK2B","CSNK2B-203",0.998096306930967,NA,"Excitatory_neuron"
"CSNK2B","transcript39977.chr6.nnic",0.998096306930967,NA,"Excitatory_neuron"
"CSNK2B","CSNK2B-206",0.998096306930967,NA,"Excitatory_neuron"
"CSPP1","CSPP1-214",0.998096306930967,NA,"Excitatory_neuron"
"CSPP1","CSPP1-201",0.998096306930967,NA,"Excitatory_neuron"
"CSPP1","CSPP1-212",0.998096306930967,NA,"Excitatory_neuron"
"CSPP1","CSPP1-231",0.998096306930967,NA,"Excitatory_neuron"
"CSRNP3","CSRNP3-203",0.998096306930967,NA,"Excitatory_neuron"
"CSRNP3","CSRNP3-201",0.998096306930967,NA,"Excitatory_neuron"
"CSRNP3","CSRNP3-202",0.998096306930967,NA,"Excitatory_neuron"
"CSRNP3","CSRNP3-205",0.998096306930967,NA,"Excitatory_neuron"
"CSTPP1","CSTPP1-204",0.998096306930967,NA,"Excitatory_neuron"
"CSTPP1","CSTPP1-201",0.998096306930967,NA,"Excitatory_neuron"
"CTDP1","CTDP1-208",0.998096306930967,NA,"Excitatory_neuron"
"CTDP1","CTDP1-201",0.998096306930967,NA,"Excitatory_neuron"
"CTDP1","CTDP1-205",0.998096306930967,NA,"Excitatory_neuron"
"CTIF","CTIF-201",0.998096306930967,NA,"Excitatory_neuron"
"CTIF","transcript50265.chr18.nnic",0.998096306930967,NA,"Excitatory_neuron"
"CTIF","CTIF-205",0.998096306930967,NA,"Excitatory_neuron"
"CTIF","CTIF-202",0.998096306930967,NA,"Excitatory_neuron"
"CTNNA1","CTNNA1-201",0.998096306930967,NA,"Excitatory_neuron"
"CTNNA1","CTNNA1-236",0.998096306930967,NA,"Excitatory_neuron"
"CTNNA1","CTNNA1-243",0.998096306930967,NA,"Excitatory_neuron"
"CTNNB1","CTNNB1-202",0.998096306930967,NA,"Excitatory_neuron"
"CTNNB1","CTNNB1-203",0.998096306930967,NA,"Excitatory_neuron"
"CTNNB1","transcript63848.chr3.nic",0.998096306930967,NA,"Excitatory_neuron"
"CTNNB1","CTNNB1-234",0.998096306930967,NA,"Excitatory_neuron"
"CTNNB1","CTNNB1-201",0.998096306930967,NA,"Excitatory_neuron"
"CTNND1","CTNND1-227",0.998096306930967,NA,"Excitatory_neuron"
"CTNND1","CTNND1-250",0.998096306930967,NA,"Excitatory_neuron"
"CTNND1","CTNND1-240",0.998096306930967,NA,"Excitatory_neuron"
"CTNND1","CTNND1-201",0.998096306930967,NA,"Excitatory_neuron"
"CTPS1","CTPS1-210",0.998096306930967,NA,"Excitatory_neuron"
"CTPS1","CTPS1-218",0.998096306930967,NA,"Excitatory_neuron"
"CTPS1","CTPS1-217",0.998096306930967,NA,"Excitatory_neuron"
"CTSA","CTSA-204",0.998096306930967,NA,"Excitatory_neuron"
"CTSA","CTSA-220",0.998096306930967,NA,"Excitatory_neuron"
"CTSB","CTSB-250",0.998096306930967,NA,"Excitatory_neuron"
"CTSB","CTSB-204",0.998096306930967,NA,"Excitatory_neuron"
"CTSB","CTSB-202",0.998096306930967,NA,"Excitatory_neuron"
"CTSF","CTSF-224",0.998096306930967,NA,"Excitatory_neuron"
"CTSF","transcript96114.chr11.nic",0.998096306930967,NA,"Excitatory_neuron"
"CTSF","CTSF-215",0.998096306930967,NA,"Excitatory_neuron"
"CTSF","CTSF-201",0.998096306930967,NA,"Excitatory_neuron"
"CTSF","transcript96115.chr11.nic",0.998096306930967,NA,"Excitatory_neuron"
"CTSL","CTSL-205",0.998096306930967,NA,"Excitatory_neuron"
"CTSL","CTSL-242",0.998096306930967,NA,"Excitatory_neuron"
"CTSL","CTSL-235",0.998096306930967,NA,"Excitatory_neuron"
"CTTNBP2","CTTNBP2-201",0.998096306930967,NA,"Excitatory_neuron"
"CTTNBP2","CTTNBP2-206",0.998096306930967,NA,"Excitatory_neuron"
"CUL1","CUL1-201",0.998096306930967,NA,"Excitatory_neuron"
"CUL1","CUL1-203",0.998096306930967,NA,"Excitatory_neuron"
"CUL2","CUL2-204",0.998096306930967,NA,"Excitatory_neuron"
"CUL2","CUL2-246",0.998096306930967,NA,"Excitatory_neuron"
"CUL2","CUL2-203",0.998096306930967,NA,"Excitatory_neuron"
"CUL4A","CUL4A-202",0.998096306930967,NA,"Excitatory_neuron"
"CUL4A","transcript110564.chr13.nnic",0.998096306930967,NA,"Excitatory_neuron"
"CUL4A","transcript110671.chr13.nnic",0.998096306930967,NA,"Excitatory_neuron"
"CUL4B","CUL4B-202",0.998096306930967,NA,"Excitatory_neuron"
"CUL4B","CUL4B-203",0.998096306930967,NA,"Excitatory_neuron"
"CUL4B","CUL4B-201",0.998096306930967,NA,"Excitatory_neuron"
"CWC22","CWC22-201",0.998096306930967,NA,"Excitatory_neuron"
"CWC22","CWC22-202",0.998096306930967,NA,"Excitatory_neuron"
"CWC27","CWC27-201",0.998096306930967,NA,"Excitatory_neuron"
"CWC27","CWC27-212",0.998096306930967,NA,"Excitatory_neuron"
"CWC27","CWC27-207",0.998096306930967,NA,"Excitatory_neuron"
"CWC27","CWC27-227",0.998096306930967,NA,"Excitatory_neuron"
"CX3CL1","CX3CL1-201",0.998096306930967,NA,"Excitatory_neuron"
"CX3CL1","transcript96005.chr16.nnic",0.998096306930967,NA,"Excitatory_neuron"
"CYB561","transcript107690.chr17.nic",0.998096306930967,NA,"Excitatory_neuron"
"CYB561","CYB561-201",0.998096306930967,NA,"Excitatory_neuron"
"CYB561","CYB561-213",0.998096306930967,NA,"Excitatory_neuron"
"CYB5B","CYB5B-208",0.998096306930967,NA,"Excitatory_neuron"
"CYB5B","CYB5B-206",0.998096306930967,NA,"Excitatory_neuron"
"CYB5B","CYB5B-201",0.998096306930967,NA,"Excitatory_neuron"
"CYB5B","CYB5B-202",0.998096306930967,NA,"Excitatory_neuron"
"CYB5R3","CYB5R3-201",0.948006859166649,NA,"Excitatory_neuron"
"CYB5R3","CYB5R3-204",0.948006859166649,NA,"Excitatory_neuron"
"CYBC1","CYBC1-205",0.964420102935876,NA,"Excitatory_neuron"
"CYBC1","CYBC1-203",0.964420102935876,NA,"Excitatory_neuron"
"CYBC1","CYBC1-241",0.964420102935876,NA,"Excitatory_neuron"
"CYBC1","CYBC1-214",0.964420102935876,NA,"Excitatory_neuron"
"CYFIP2","CYFIP2-222",0.998096306930967,NA,"Excitatory_neuron"
"CYFIP2","CYFIP2-219",0.998096306930967,NA,"Excitatory_neuron"
"CYLD","CYLD-202",0.998096306930967,NA,"Excitatory_neuron"
"CYLD","transcript89292.chr16.nic",0.998096306930967,NA,"Excitatory_neuron"
"CYLD","CYLD-214",0.998096306930967,NA,"Excitatory_neuron"
"CYP46A1","CYP46A1-204",0.998096306930967,NA,"Excitatory_neuron"
"CYP46A1","transcript112709.chr14.nic",0.998096306930967,NA,"Excitatory_neuron"
"CYP46A1","CYP46A1-201",0.998096306930967,NA,"Excitatory_neuron"
"CYP4X1","CYP4X1-201",0.998201619472994,NA,"Excitatory_neuron"
"CYP4X1","transcript85431.chr1.nic",0.998201619472994,NA,"Excitatory_neuron"
"CYRIB","CYRIB-202",0.998096306930967,NA,"Excitatory_neuron"
"CYRIB","CYRIB-229",0.998096306930967,NA,"Excitatory_neuron"
"CYTH1","CYTH1-214",0.998096306930967,NA,"Excitatory_neuron"
"CYTH1","CYTH1-205",0.998096306930967,NA,"Excitatory_neuron"
"CYTH1","CYTH1-209",0.998096306930967,NA,"Excitatory_neuron"
"CYTH2","CYTH2-202",0.998096306930967,NA,"Excitatory_neuron"
"CYTH2","CYTH2-210",0.998096306930967,NA,"Excitatory_neuron"
"CZIB","CZIB-201",0.998096306930967,NA,"Excitatory_neuron"
"CZIB","transcript101734.chr1.nic",0.998096306930967,NA,"Excitatory_neuron"
"CZIB","transcript101808.chr1.nic",0.998096306930967,NA,"Excitatory_neuron"
"DAAM1","DAAM1-201",0.998096306930967,NA,"Excitatory_neuron"
"DAAM1","DAAM1-202",0.998096306930967,NA,"Excitatory_neuron"
"DAAM1","DAAM1-209",0.998096306930967,NA,"Excitatory_neuron"
"DAAM1","DAAM1-207",0.998096306930967,NA,"Excitatory_neuron"
"DAGLB","DAGLB-201",0.998096306930967,NA,"Excitatory_neuron"
"DAGLB","DAGLB-206",0.998096306930967,NA,"Excitatory_neuron"
"DANCR","DANCR-201",0.998096306930967,NA,"Excitatory_neuron"
"DANCR","DANCR-203",0.998096306930967,NA,"Excitatory_neuron"
"DAPK3","DAPK3-205",0.998096306930967,NA,"Excitatory_neuron"
"DAPK3","DAPK3-202",0.998096306930967,NA,"Excitatory_neuron"
"DARS1","DARS1-201",0.998096306930967,NA,"Excitatory_neuron"
"DARS1","transcript277173.chr2.nnic",0.998096306930967,NA,"Excitatory_neuron"
"DARS1","transcript277155.chr2.nic",0.998096306930967,NA,"Excitatory_neuron"
"DAXX","DAXX-201",0.998096306930967,NA,"Excitatory_neuron"
"DAXX","DAXX-202",0.998096306930967,NA,"Excitatory_neuron"
"DAXX","DAXX-203",0.998096306930967,NA,"Excitatory_neuron"
"DBN1","DBN1-203",0.998096306930967,NA,"Excitatory_neuron"
"DBN1","DBN1-202",0.998096306930967,NA,"Excitatory_neuron"
"DBNL","DBNL-210",0.998096306930967,NA,"Excitatory_neuron"
"DBNL","DBNL-220",0.998096306930967,NA,"Excitatory_neuron"
"DBNL","DBNL-221",0.998096306930967,NA,"Excitatory_neuron"
"DCAF11","DCAF11-204",0.998096306930967,NA,"Excitatory_neuron"
"DCAF11","DCAF11-217",0.998096306930967,NA,"Excitatory_neuron"
"DCAF5","DCAF5-209",0.0423640587911179,0,"Excitatory_neuron"
"DCAF5","DCAF5-201",0.0423640587911179,0,"Excitatory_neuron"
"DCAF6","DCAF6-203",0.998096306930967,NA,"Excitatory_neuron"
"DCAF6","DCAF6-201",0.998096306930967,NA,"Excitatory_neuron"
"DCAF8","DCAF8-202",0.998096306930967,NA,"Excitatory_neuron"
"DCAF8","DCAF8-201",0.998096306930967,NA,"Excitatory_neuron"
"DCK","DCK-201",0.998096306930967,NA,"Excitatory_neuron"
"DCK","DCK-202",0.998096306930967,NA,"Excitatory_neuron"
"DCLK1","DCLK1-204",0.998096306930967,NA,"Excitatory_neuron"
"DCLK1","DCLK1-202",0.998096306930967,NA,"Excitatory_neuron"
"DCLK1","DCLK1-205",0.998096306930967,NA,"Excitatory_neuron"
"DCLK1","DCLK1-201",0.998096306930967,NA,"Excitatory_neuron"
"DCLK1","DCLK1-208",0.998096306930967,NA,"Excitatory_neuron"
"DCLRE1A","DCLRE1A-202",0.998096306930967,NA,"Excitatory_neuron"
"DCLRE1A","DCLRE1A-201",0.998096306930967,NA,"Excitatory_neuron"
"DCP1B","DCP1B-201",0.998096306930967,NA,"Excitatory_neuron"
"DCP1B","DCP1B-202",0.998096306930967,NA,"Excitatory_neuron"
"DCTN1","DCTN1-201",0.998096306930967,NA,"Excitatory_neuron"
"DCTN1","DCTN1-221",0.998096306930967,NA,"Excitatory_neuron"
"DCTN1","DCTN1-218",0.998096306930967,NA,"Excitatory_neuron"
"DCTN2","DCTN2-202",0.998096306930967,NA,"Excitatory_neuron"
"DCTN2","DCTN2-232",0.998096306930967,NA,"Excitatory_neuron"
"DCTN2","DCTN2-230",0.998096306930967,NA,"Excitatory_neuron"
"DCTN3","transcript45335.chr9.nnic",0.998096306930967,NA,"Excitatory_neuron"
"DCTN3","DCTN3-201",0.998096306930967,NA,"Excitatory_neuron"
"DCTN5","DCTN5-203",0.998096306930967,NA,"Excitatory_neuron"
"DCTN5","DCTN5-201",0.998096306930967,NA,"Excitatory_neuron"
"DCUN1D4","DCUN1D4-204",0.998096306930967,NA,"Excitatory_neuron"
"DCUN1D4","DCUN1D4-201",0.998096306930967,NA,"Excitatory_neuron"
"DDB1","DDB1-201",0.998096306930967,NA,"Excitatory_neuron"
"DDB1","DDB1-239",0.998096306930967,NA,"Excitatory_neuron"
"DDHD1","DDHD1-201",0.998096306930967,NA,"Excitatory_neuron"
"DDHD1","DDHD1-203",0.998096306930967,NA,"Excitatory_neuron"
"DDHD1","DDHD1-202",0.998096306930967,NA,"Excitatory_neuron"
"DDRGK1","DDRGK1-202",0.998096306930967,NA,"Excitatory_neuron"
"DDRGK1","DDRGK1-201",0.998096306930967,NA,"Excitatory_neuron"
"DDX1","DDX1-206",0.998096306930967,NA,"Excitatory_neuron"
"DDX1","DDX1-213",0.998096306930967,NA,"Excitatory_neuron"
"DDX10","DDX10-211",0.998096306930967,NA,"Excitatory_neuron"
"DDX10","DDX10-201",0.998096306930967,NA,"Excitatory_neuron"
"DDX10","DDX10-214",0.998096306930967,NA,"Excitatory_neuron"
"DDX10","DDX10-217",0.998096306930967,NA,"Excitatory_neuron"
"DDX17","DDX17-202",0.652000250185731,NA,"Excitatory_neuron"
"DDX17","DDX17-204",0.652000250185731,NA,"Excitatory_neuron"
"DDX17","DDX17-201",0.652000250185731,NA,"Excitatory_neuron"
"DDX17","DDX17-203",0.652000250185731,NA,"Excitatory_neuron"
"DDX18","DDX18-201",0.998096306930967,NA,"Excitatory_neuron"
"DDX18","DDX18-205",0.998096306930967,NA,"Excitatory_neuron"
"DDX19A","DDX19A-209",0.998096306930967,NA,"Excitatory_neuron"
"DDX19A","DDX19A-201",0.998096306930967,NA,"Excitatory_neuron"
"DDX23","DDX23-222",0.998096306930967,NA,"Excitatory_neuron"
"DDX23","DDX23-201",0.998096306930967,NA,"Excitatory_neuron"
"DDX24","DDX24-208",0.998096306930967,NA,"Excitatory_neuron"
"DDX24","DDX24-201",0.998096306930967,NA,"Excitatory_neuron"
"DDX24","DDX24-206",0.998096306930967,NA,"Excitatory_neuron"
"DDX27","DDX27-205",0.998096306930967,NA,"Excitatory_neuron"
"DDX27","DDX27-202",0.998096306930967,NA,"Excitatory_neuron"
"DDX27","DDX27-203",0.998096306930967,NA,"Excitatory_neuron"
"DDX39B","DDX39B-219",0.998096306930967,NA,"Excitatory_neuron"
"DDX39B","DDX39B-215",0.998096306930967,NA,"Excitatory_neuron"
"DDX3X","DDX3X-205",0.998096306930967,NA,"Excitatory_neuron"
"DDX3X","DDX3X-217",0.998096306930967,NA,"Excitatory_neuron"
"DDX3X","DDX3X-260",0.998096306930967,NA,"Excitatory_neuron"
"DDX3X","DDX3X-214",0.998096306930967,NA,"Excitatory_neuron"
"DDX42","DDX42-213",0.998096306930967,NA,"Excitatory_neuron"
"DDX42","DDX42-206",0.998096306930967,NA,"Excitatory_neuron"
"DDX42","DDX42-216",0.998096306930967,NA,"Excitatory_neuron"
"DDX5","DDX5-230",0.998096306930967,NA,"Excitatory_neuron"
"DDX5","DDX5-201",0.998096306930967,NA,"Excitatory_neuron"
"DDX5","DDX5-215",0.998096306930967,NA,"Excitatory_neuron"
"DDX5","DDX5-212",0.998096306930967,NA,"Excitatory_neuron"
"DDX5","DDX5-236",0.998096306930967,NA,"Excitatory_neuron"
"DDX5","DDX5-240",0.998096306930967,NA,"Excitatory_neuron"
"DDX5","DDX5-239",0.998096306930967,NA,"Excitatory_neuron"
"DDX51","DDX51-202",0.998096306930967,NA,"Excitatory_neuron"
"DDX51","transcript196380.chr12.nnic",0.998096306930967,NA,"Excitatory_neuron"
"DDX52","transcript64078.chr17.nic",0.998096306930967,NA,"Excitatory_neuron"
"DDX52","DDX52-213",0.998096306930967,NA,"Excitatory_neuron"
"DDX54","DDX54-202",0.998096306930967,NA,"Excitatory_neuron"
"DDX54","DDX54-201",0.998096306930967,NA,"Excitatory_neuron"
"DDX6","DDX6-207",0.998096306930967,NA,"Excitatory_neuron"
"DDX6","DDX6-206",0.998096306930967,NA,"Excitatory_neuron"
"DEAF1","DEAF1-201",0.998096306930967,NA,"Excitatory_neuron"
"DEAF1","transcript2949.chr11.nnic",0.998096306930967,NA,"Excitatory_neuron"
"DEF8","DEF8-210",0.998096306930967,NA,"Excitatory_neuron"
"DEF8","transcript135988.chr16.nic",0.998096306930967,NA,"Excitatory_neuron"
"DEK","DEK-204",0.998096306930967,NA,"Excitatory_neuron"
"DEK","DEK-212",0.998096306930967,NA,"Excitatory_neuron"
"DENND11","DENND11-202",0.998096306930967,NA,"Excitatory_neuron"
"DENND11","transcript207727.chr7.nic",0.998096306930967,NA,"Excitatory_neuron"
"DENND4A","DENND4A-201",0.998096306930967,NA,"Excitatory_neuron"
"DENND4A","DENND4A-202",0.998096306930967,NA,"Excitatory_neuron"
"DENND4A","DENND4A-209",0.998096306930967,NA,"Excitatory_neuron"
"DENND4A","DENND4A-206",0.998096306930967,NA,"Excitatory_neuron"
"DEXI","DEXI-203",0.998096306930967,NA,"Excitatory_neuron"
"DEXI","DEXI-201",0.998096306930967,NA,"Excitatory_neuron"
"DGCR2","DGCR2-206",0.998096306930967,NA,"Excitatory_neuron"
"DGCR2","DGCR2-201",0.998096306930967,NA,"Excitatory_neuron"
"DGKB","DGKB-203",0.998096306930967,NA,"Excitatory_neuron"
"DGKB","DGKB-202",0.998096306930967,NA,"Excitatory_neuron"
"DGKE","DGKE-201",0.998096306930967,NA,"Excitatory_neuron"
"DGKE","DGKE-204",0.998096306930967,NA,"Excitatory_neuron"
"DHX15","DHX15-201",0.998096306930967,NA,"Excitatory_neuron"
"DHX15","DHX15-204",0.998096306930967,NA,"Excitatory_neuron"
"DHX30","DHX30-207",0.998096306930967,NA,"Excitatory_neuron"
"DHX30","DHX30-205",0.998096306930967,NA,"Excitatory_neuron"
"DHX37","DHX37-206",0.998096306930967,NA,"Excitatory_neuron"
"DHX37","DHX37-201",0.998096306930967,NA,"Excitatory_neuron"
"DHX9","DHX9-201",0.998096306930967,NA,"Excitatory_neuron"
"DHX9","DHX9-207",0.998096306930967,NA,"Excitatory_neuron"
"DIAPH1","DIAPH1-205",0.999377203936813,NA,"Excitatory_neuron"
"DIAPH1","DIAPH1-202",0.999377203936813,NA,"Excitatory_neuron"
"DIAPH1","DIAPH1-215",0.999377203936813,NA,"Excitatory_neuron"
"DIAPH1","DIAPH1-201",0.999377203936813,NA,"Excitatory_neuron"
"DIAPH2","DIAPH2-202",0.998096306930967,NA,"Excitatory_neuron"
"DIAPH2","DIAPH2-201",0.998096306930967,NA,"Excitatory_neuron"
"DICER1","DICER1-226",0.998096306930967,NA,"Excitatory_neuron"
"DICER1","DICER1-201",0.998096306930967,NA,"Excitatory_neuron"
"DICER1","DICER1-227",0.998096306930967,NA,"Excitatory_neuron"
"DICER1","DICER1-225",0.998096306930967,NA,"Excitatory_neuron"
"DIDO1","DIDO1-202",0.998096306930967,NA,"Excitatory_neuron"
"DIDO1","DIDO1-207",0.998096306930967,NA,"Excitatory_neuron"
"DIDO1","DIDO1-201",0.998096306930967,NA,"Excitatory_neuron"
"DIDO1","DIDO1-205",0.998096306930967,NA,"Excitatory_neuron"
"DIDO1","DIDO1-206",0.998096306930967,NA,"Excitatory_neuron"
"DIDO1","DIDO1-204",0.998096306930967,NA,"Excitatory_neuron"
"DIP2B","DIP2B-201",0.998096306930967,NA,"Excitatory_neuron"
"DIP2B","DIP2B-204",0.998096306930967,NA,"Excitatory_neuron"
"DIS3","DIS3-201",0.998096306930967,NA,"Excitatory_neuron"
"DIS3","DIS3-202",0.998096306930967,NA,"Excitatory_neuron"
"DIS3","DIS3-205",0.998096306930967,NA,"Excitatory_neuron"
"DKK3","DKK3-217",0.998096306930967,NA,"Excitatory_neuron"
"DKK3","DKK3-201",0.998096306930967,NA,"Excitatory_neuron"
"DKK3","transcript17545.chr11.nic",0.998096306930967,NA,"Excitatory_neuron"
"DKK3","DKK3-202",0.998096306930967,NA,"Excitatory_neuron"
"DLG1","DLG1-229",0.998096306930967,NA,"Excitatory_neuron"
"DLG1","DLG1-223",0.998096306930967,NA,"Excitatory_neuron"
"DLG1","DLG1-213",0.998096306930967,NA,"Excitatory_neuron"
"DLG1","DLG1-232",0.998096306930967,NA,"Excitatory_neuron"
"DLG1","DLG1-217",0.998096306930967,NA,"Excitatory_neuron"
"DLG2","DLG2-221",0.998096306930967,NA,"Excitatory_neuron"
"DLG2","DLG2-246",0.998096306930967,NA,"Excitatory_neuron"
"DLG2","DLG2-205",0.998096306930967,NA,"Excitatory_neuron"
"DLG2","DLG2-229",0.998096306930967,NA,"Excitatory_neuron"
"DLG2","DLG2-222",0.998096306930967,NA,"Excitatory_neuron"
"DLG5","DLG5-201",0.998096306930967,NA,"Excitatory_neuron"
"DLG5","DLG5-203",0.998096306930967,NA,"Excitatory_neuron"
"DLG5","DLG5-207",0.998096306930967,NA,"Excitatory_neuron"
"DLGAP1","DLGAP1-214",0.997033588765373,NA,"Excitatory_neuron"
"DLGAP1","DLGAP1-205",0.997033588765373,NA,"Excitatory_neuron"
"DLGAP2","transcript8546.chr8.nic",0.998096306930967,NA,"Excitatory_neuron"
"DLGAP2","DLGAP2-215",0.998096306930967,NA,"Excitatory_neuron"
"DMAP1","DMAP1-202",0.998096306930967,NA,"Excitatory_neuron"
"DMAP1","DMAP1-214",0.998096306930967,NA,"Excitatory_neuron"
"DMAP1","DMAP1-201",0.998096306930967,NA,"Excitatory_neuron"
"DMAP1","DMAP1-203",0.998096306930967,NA,"Excitatory_neuron"
"DMD","DMD-252",0.998096306930967,NA,"Excitatory_neuron"
"DMD","DMD-248",0.998096306930967,NA,"Excitatory_neuron"
"DMD","DMD-276",0.998096306930967,NA,"Excitatory_neuron"
"DMD","DMD-280",0.998096306930967,NA,"Excitatory_neuron"
"DMPK","DMPK-220",0.998096306930967,NA,"Excitatory_neuron"
"DMPK","DMPK-211",0.998096306930967,NA,"Excitatory_neuron"
"DMPK","DMPK-223",0.998096306930967,NA,"Excitatory_neuron"
"DMTF1","DMTF1-229",0.998096306930967,NA,"Excitatory_neuron"
"DMTF1","DMTF1-201",0.998096306930967,NA,"Excitatory_neuron"
"DMTF1","DMTF1-227",0.998096306930967,NA,"Excitatory_neuron"
"DMTF1","DMTF1-208",0.998096306930967,NA,"Excitatory_neuron"
"DMTF1","DMTF1-216",0.998096306930967,NA,"Excitatory_neuron"
"DMTN","DMTN-205",0.998096306930967,NA,"Excitatory_neuron"
"DMTN","DMTN-223",0.998096306930967,NA,"Excitatory_neuron"
"DMTN","DMTN-206",0.998096306930967,NA,"Excitatory_neuron"
"DMXL1","DMXL1-201",0.998096306930967,NA,"Excitatory_neuron"
"DMXL1","DMXL1-215",0.998096306930967,NA,"Excitatory_neuron"
"DMXL2","DMXL2-201",0.998096306930967,NA,"Excitatory_neuron"
"DMXL2","DMXL2-203",0.998096306930967,NA,"Excitatory_neuron"
"DNAAF9","transcript4315.chr20.nnic",0.998096306930967,NA,"Excitatory_neuron"
"DNAAF9","DNAAF9-201",0.998096306930967,NA,"Excitatory_neuron"
"DNAJA2","DNAJA2-201",0.998096306930967,NA,"Excitatory_neuron"
"DNAJA2","DNAJA2-202",0.998096306930967,NA,"Excitatory_neuron"
"DNAJA3","DNAJA3-201",0.998096306930967,NA,"Excitatory_neuron"
"DNAJA3","DNAJA3-202",0.998096306930967,NA,"Excitatory_neuron"
"DNAJB1","transcript33645.chr19.nic",0.998096306930967,NA,"Excitatory_neuron"
"DNAJB1","DNAJB1-201",0.998096306930967,NA,"Excitatory_neuron"
"DNAJB14","DNAJB14-205",0.998096306930967,NA,"Excitatory_neuron"
"DNAJB14","DNAJB14-207",0.998096306930967,NA,"Excitatory_neuron"
"DNAJB6","DNAJB6-204",0.998096306930967,NA,"Excitatory_neuron"
"DNAJB6","DNAJB6-201",0.998096306930967,NA,"Excitatory_neuron"
"DNAJB6","DNAJB6-216",0.998096306930967,NA,"Excitatory_neuron"
"DNAJC10","DNAJC10-218",0.998096306930967,NA,"Excitatory_neuron"
"DNAJC10","DNAJC10-201",0.998096306930967,NA,"Excitatory_neuron"
"DNAJC10","DNAJC10-217",0.998096306930967,NA,"Excitatory_neuron"
"DNAJC11","DNAJC11-202",0.998096306930967,NA,"Excitatory_neuron"
"DNAJC11","DNAJC11-225",0.998096306930967,NA,"Excitatory_neuron"
"DNAJC2","DNAJC2-203",0.998096306930967,NA,"Excitatory_neuron"
"DNAJC2","DNAJC2-204",0.998096306930967,NA,"Excitatory_neuron"
"DNAJC6","DNAJC6-203",0.998096306930967,NA,"Excitatory_neuron"
"DNAJC6","DNAJC6-201",0.998096306930967,NA,"Excitatory_neuron"
"DNAJC7","DNAJC7-224",0.999377203936813,NA,"Excitatory_neuron"
"DNAJC7","DNAJC7-233",0.999377203936813,NA,"Excitatory_neuron"
"DNAJC7","DNAJC7-203",0.999377203936813,NA,"Excitatory_neuron"
"DNAJC7","DNAJC7-206",0.999377203936813,NA,"Excitatory_neuron"
"DNM1","DNM1-206",0.998096306930967,NA,"Excitatory_neuron"
"DNM1","DNM1-213",0.998096306930967,NA,"Excitatory_neuron"
"DNM1","DNM1-208",0.998096306930967,NA,"Excitatory_neuron"
"DNM1","DNM1-222",0.998096306930967,NA,"Excitatory_neuron"
"DNM1L","DNM1L-229",0.998096306930967,NA,"Excitatory_neuron"
"DNM1L","DNM1L-219",0.998096306930967,NA,"Excitatory_neuron"
"DNM1L","DNM1L-203",0.998096306930967,NA,"Excitatory_neuron"
"DNM1L","DNM1L-213",0.998096306930967,NA,"Excitatory_neuron"
"DNM2","DNM2-215",0.998096306930967,NA,"Excitatory_neuron"
"DNM2","DNM2-226",0.998096306930967,NA,"Excitatory_neuron"
"DNM2","DNM2-223",0.998096306930967,NA,"Excitatory_neuron"
"DNM3","DNM3-206",0.998096306930967,NA,"Excitatory_neuron"
"DNM3","DNM3-204",0.998096306930967,NA,"Excitatory_neuron"
"DNM3","DNM3-202",0.998096306930967,NA,"Excitatory_neuron"
"DNTTIP2","transcript159457.chr1.nnic",0.998201619472994,NA,"Excitatory_neuron"
"DNTTIP2","DNTTIP2-202",0.998201619472994,NA,"Excitatory_neuron"
"DOC2A","DOC2A-201",0.998096306930967,NA,"Excitatory_neuron"
"DOC2A","DOC2A-206",0.998096306930967,NA,"Excitatory_neuron"
"DOC2A","DOC2A-208",0.998096306930967,NA,"Excitatory_neuron"
"DOCK4","DOCK4-212",0.998096306930967,NA,"Excitatory_neuron"
"DOCK4","DOCK4-202",0.998096306930967,NA,"Excitatory_neuron"
"DOCK4","DOCK4-218",0.998096306930967,NA,"Excitatory_neuron"
"DOCK7","DOCK7-229",0.998096306930967,NA,"Excitatory_neuron"
"DOCK7","DOCK7-219",0.998096306930967,NA,"Excitatory_neuron"
"DOCK7","DOCK7-204",0.998096306930967,NA,"Excitatory_neuron"
"DOCK9","DOCK9-220",0.998096306930967,NA,"Excitatory_neuron"
"DOCK9","DOCK9-204",0.998096306930967,NA,"Excitatory_neuron"
"DOCK9","DOCK9-202",0.998096306930967,NA,"Excitatory_neuron"
"DOCK9","DOCK9-221",0.998096306930967,NA,"Excitatory_neuron"
"DOK4","DOK4-210",0.79057561140116,NA,"Excitatory_neuron"
"DOK4","DOK4-201",0.79057561140116,NA,"Excitatory_neuron"
"DOK6","transcript69536.chr18.nnic",0.54372898785046,NA,"Excitatory_neuron"
"DOK6","transcript69573.chr18.nic",0.54372898785046,NA,"Excitatory_neuron"
"DOK6","DOK6-201",0.54372898785046,NA,"Excitatory_neuron"
"DOP1A","DOP1A-205",0.998096306930967,NA,"Excitatory_neuron"
"DOP1A","DOP1A-201",0.998096306930967,NA,"Excitatory_neuron"
"DOP1A","DOP1A-203",0.998096306930967,NA,"Excitatory_neuron"
"DPAGT1","DPAGT1-238",0.998096306930967,NA,"Excitatory_neuron"
"DPAGT1","DPAGT1-242",0.998096306930967,NA,"Excitatory_neuron"
"DPAGT1","DPAGT1-201",0.998096306930967,NA,"Excitatory_neuron"
"DPAGT1","DPAGT1-213",0.998096306930967,NA,"Excitatory_neuron"
"DPF2","DPF2-201",0.998096306930967,NA,"Excitatory_neuron"
"DPF2","DPF2-214",0.998096306930967,NA,"Excitatory_neuron"
"DPH1","DPH1-207",0.998096306930967,NA,"Excitatory_neuron"
"DPH1","DPH1-206",0.998096306930967,NA,"Excitatory_neuron"
"DPH1","DPH1-210",0.998096306930967,NA,"Excitatory_neuron"
"DPH2","DPH2-201",0.997033588765373,NA,"Excitatory_neuron"
"DPH2","DPH2-209",0.997033588765373,NA,"Excitatory_neuron"
"DPH3","DPH3-204",0.998096306930967,NA,"Excitatory_neuron"
"DPH3","DPH3-202",0.998096306930967,NA,"Excitatory_neuron"
"DPP10","transcript239358.chr2.nic",0.998096306930967,NA,"Excitatory_neuron"
"DPP10","DPP10-205",0.998096306930967,NA,"Excitatory_neuron"
"DPP10","DPP10-201",0.998096306930967,NA,"Excitatory_neuron"
"DPP6","DPP6-210",0.998096306930967,NA,"Excitatory_neuron"
"DPP6","DPP6-201",0.998096306930967,NA,"Excitatory_neuron"
"DPP7","DPP7-202",0.788568742861185,NA,"Excitatory_neuron"
"DPP7","DPP7-219",0.788568742861185,NA,"Excitatory_neuron"
"DPP7","DPP7-201",0.788568742861185,NA,"Excitatory_neuron"
"DPP7","DPP7-218",0.788568742861185,NA,"Excitatory_neuron"
"DRG2","DRG2-201",0.79057561140116,NA,"Excitatory_neuron"
"DRG2","DRG2-203",0.79057561140116,NA,"Excitatory_neuron"
"DST","DST-222",0.998096306930967,NA,"Excitatory_neuron"
"DST","DST-209",0.998096306930967,NA,"Excitatory_neuron"
"DST","DST-218",0.998096306930967,NA,"Excitatory_neuron"
"DST","DST-240",0.998096306930967,NA,"Excitatory_neuron"
"DST","DST-239",0.998096306930967,NA,"Excitatory_neuron"
"DST","DST-231",0.998096306930967,NA,"Excitatory_neuron"
"DST","DST-203",0.998096306930967,NA,"Excitatory_neuron"
"DST","DST-241",0.998096306930967,NA,"Excitatory_neuron"
"DTNA","DTNA-246",0.998096306930967,NA,"Excitatory_neuron"
"DTNA","DTNA-231",0.998096306930967,NA,"Excitatory_neuron"
"DUS3L","DUS3L-204",0.998096306930967,NA,"Excitatory_neuron"
"DUS3L","DUS3L-201",0.998096306930967,NA,"Excitatory_neuron"
"DVL2","transcript16084.chr17.nic",0.998096306930967,NA,"Excitatory_neuron"
"DVL2","transcript15305.chr17.nic",0.998096306930967,NA,"Excitatory_neuron"
"DVL2","DVL2-201",0.998096306930967,NA,"Excitatory_neuron"
"DYM","DYM-201",0.998096306930967,NA,"Excitatory_neuron"
"DYM","DYM-220",0.998096306930967,NA,"Excitatory_neuron"
"DYNC1H1","DYNC1H1-245",0.998096306930967,NA,"Excitatory_neuron"
"DYNC1H1","DYNC1H1-232",0.998096306930967,NA,"Excitatory_neuron"
"DYNC1H1","DYNC1H1-210",0.998096306930967,NA,"Excitatory_neuron"
"DYNC1H1","DYNC1H1-218",0.998096306930967,NA,"Excitatory_neuron"
"DYNC1H1","DYNC1H1-215",0.998096306930967,NA,"Excitatory_neuron"
"DYNC1H1","DYNC1H1-229",0.998096306930967,NA,"Excitatory_neuron"
"DYNC1H1","DYNC1H1-213",0.998096306930967,NA,"Excitatory_neuron"
"DYNC1H1","DYNC1H1-212",0.998096306930967,NA,"Excitatory_neuron"
"DYNC1H1","DYNC1H1-260",0.998096306930967,NA,"Excitatory_neuron"
"DYNC1H1","DYNC1H1-249",0.998096306930967,NA,"Excitatory_neuron"
"DYNC1H1","DYNC1H1-255",0.998096306930967,NA,"Excitatory_neuron"
"DYNC1I1","DYNC1I1-205",0.998096306930967,NA,"Excitatory_neuron"
"DYNC1I1","DYNC1I1-202",0.998096306930967,NA,"Excitatory_neuron"
"DYNC1I2","DYNC1I2-206",0.998096306930967,NA,"Excitatory_neuron"
"DYNC1I2","DYNC1I2-201",0.998096306930967,NA,"Excitatory_neuron"
"DYNC1I2","DYNC1I2-204",0.998096306930967,NA,"Excitatory_neuron"
"DYNC1I2","DYNC1I2-224",0.998096306930967,NA,"Excitatory_neuron"
"DYNC1I2","DYNC1I2-203",0.998096306930967,NA,"Excitatory_neuron"
"DYNC1I2","DYNC1I2-202",0.998096306930967,NA,"Excitatory_neuron"
"DYNC1LI2","DYNC1LI2-201",0.998096306930967,NA,"Excitatory_neuron"
"DYNC1LI2","DYNC1LI2-211",0.998096306930967,NA,"Excitatory_neuron"
"DYNC2H1","DYNC2H1-202",0.998096306930967,NA,"Excitatory_neuron"
"DYNC2H1","DYNC2H1-210",0.998096306930967,NA,"Excitatory_neuron"
"DYNC2H1","DYNC2H1-211",0.998096306930967,NA,"Excitatory_neuron"
"DYNC2H1","DYNC2H1-209",0.998096306930967,NA,"Excitatory_neuron"
"DYNC2I1","transcript251381.chr7.nnic",0.998096306930967,NA,"Excitatory_neuron"
"DYNC2I1","DYNC2I1-202",0.998096306930967,NA,"Excitatory_neuron"
"DYNC2I1","DYNC2I1-205",0.998096306930967,NA,"Excitatory_neuron"
"DZIP3","DZIP3-202",0.998096306930967,NA,"Excitatory_neuron"
"DZIP3","DZIP3-201",0.998096306930967,NA,"Excitatory_neuron"
"DZIP3","DZIP3-203",0.998096306930967,NA,"Excitatory_neuron"
"DZIP3","DZIP3-205",0.998096306930967,NA,"Excitatory_neuron"
"E2F4","E2F4-201",0.998096306930967,NA,"Excitatory_neuron"
"E2F4","E2F4-208",0.998096306930967,NA,"Excitatory_neuron"
"E2F6","E2F6-202",0.998096306930967,NA,"Excitatory_neuron"
"E2F6","E2F6-212",0.998096306930967,NA,"Excitatory_neuron"
"EARS2","EARS2-217",0.998096306930967,NA,"Excitatory_neuron"
"EARS2","EARS2-201",0.998096306930967,NA,"Excitatory_neuron"
"ECE1","ECE1-204",0.998096306930967,NA,"Excitatory_neuron"
"ECE1","transcript40281.chr1.nic",0.998096306930967,NA,"Excitatory_neuron"
"ECE1","transcript40110.chr1.nnic",0.998096306930967,NA,"Excitatory_neuron"
"ECE1","transcript40240.chr1.nic",0.998096306930967,NA,"Excitatory_neuron"
"ECPAS","ECPAS-205",0.54372898785046,NA,"Excitatory_neuron"
"ECPAS","ECPAS-207",0.54372898785046,NA,"Excitatory_neuron"
"ECPAS","ECPAS-202",0.54372898785046,NA,"Excitatory_neuron"
"EDEM3","EDEM3-201",0.998096306930967,NA,"Excitatory_neuron"
"EDEM3","EDEM3-202",0.998096306930967,NA,"Excitatory_neuron"
"EEF1A1","EEF1A1-222",0.998096306930967,NA,"Excitatory_neuron"
"EEF1A1","EEF1A1-220",0.998096306930967,NA,"Excitatory_neuron"
"EEF1A1","EEF1A1-202",0.998096306930967,NA,"Excitatory_neuron"
"EEF1A1","EEF1A1-201",0.998096306930967,NA,"Excitatory_neuron"
"EEF1AKMT2","EEF1AKMT2-201",0.998096306930967,NA,"Excitatory_neuron"
"EEF1AKMT2","EEF1AKMT2-207",0.998096306930967,NA,"Excitatory_neuron"
"EEF1AKMT2","EEF1AKMT2-203",0.998096306930967,NA,"Excitatory_neuron"
"EEF1D","EEF1D-254",0.998096306930967,NA,"Excitatory_neuron"
"EEF1D","transcript194708.chr8.nnic",0.998096306930967,NA,"Excitatory_neuron"
"EEFSEC","EEFSEC-201",0.998096306930967,NA,"Excitatory_neuron"
"EEFSEC","transcript222185.chr3.nic",0.998096306930967,NA,"Excitatory_neuron"
"EFCAB14","EFCAB14-205",0.998096306930967,NA,"Excitatory_neuron"
"EFCAB14","EFCAB14-210",0.998096306930967,NA,"Excitatory_neuron"
"EFCAB14","EFCAB14-209",0.998096306930967,NA,"Excitatory_neuron"
"EFHC1","EFHC1-215",0.998096306930967,NA,"Excitatory_neuron"
"EFHC1","EFHC1-232",0.998096306930967,NA,"Excitatory_neuron"
"EFR3A","EFR3A-202",0.998096306930967,NA,"Excitatory_neuron"
"EFR3A","EFR3A-201",0.998096306930967,NA,"Excitatory_neuron"
"EFR3A","transcript181031.chr8.nnic",0.998096306930967,NA,"Excitatory_neuron"
"EFR3B","EFR3B-202",0.942154712802229,NA,"Excitatory_neuron"
"EFR3B","EFR3B-204",0.942154712802229,NA,"Excitatory_neuron"
"EFTUD2","EFTUD2-202",0.948006859166649,NA,"Excitatory_neuron"
"EFTUD2","transcript77119.chr17.nic",0.948006859166649,NA,"Excitatory_neuron"
"EHMT1","EHMT1-204",0.998096306930967,NA,"Excitatory_neuron"
"EHMT1","EHMT1-203",0.998096306930967,NA,"Excitatory_neuron"
"EIF1","EIF1-203",0.998096306930967,NA,"Excitatory_neuron"
"EIF1","EIF1-202",0.998096306930967,NA,"Excitatory_neuron"
"EIF2AK2","EIF2AK2-213",0.998096306930967,NA,"Excitatory_neuron"
"EIF2AK2","EIF2AK2-201",0.998096306930967,NA,"Excitatory_neuron"
"EIF2B1","EIF2B1-201",0.998096306930967,NA,"Excitatory_neuron"
"EIF2B1","EIF2B1-204",0.998096306930967,NA,"Excitatory_neuron"
"EIF2B5","EIF2B5-228",0.998096306930967,NA,"Excitatory_neuron"
"EIF2B5","EIF2B5-226",0.998096306930967,NA,"Excitatory_neuron"
"EIF2B5","EIF2B5-204",0.998096306930967,NA,"Excitatory_neuron"
"EIF2B5","EIF2B5-203",0.998096306930967,NA,"Excitatory_neuron"
"EIF3C","EIF3C-211",0.998096306930967,NA,"Excitatory_neuron"
"EIF3C","EIF3C-201",0.998096306930967,NA,"Excitatory_neuron"
"EIF3C","EIF3C-202",0.998096306930967,NA,"Excitatory_neuron"
"EIF3CL","EIF3CL-202",0.948006859166649,NA,"Excitatory_neuron"
"EIF3CL","EIF3CL-201",0.948006859166649,NA,"Excitatory_neuron"
"EIF3E","EIF3E-201",0.998096306930967,NA,"Excitatory_neuron"
"EIF3E","EIF3E-225",0.998096306930967,NA,"Excitatory_neuron"
"EIF3H","EIF3H-209",0.998096306930967,NA,"Excitatory_neuron"
"EIF3H","EIF3H-201",0.998096306930967,NA,"Excitatory_neuron"
"EIF3L","EIF3L-213",0.998096306930967,NA,"Excitatory_neuron"
"EIF3L","EIF3L-214",0.998096306930967,NA,"Excitatory_neuron"
"EIF4A2","EIF4A2-201",0.998096306930967,NA,"Excitatory_neuron"
"EIF4A2","EIF4A2-205",0.998096306930967,NA,"Excitatory_neuron"
"EIF4A2","EIF4A2-219",0.998096306930967,NA,"Excitatory_neuron"
"EIF4E2","EIF4E2-207",0.998096306930967,NA,"Excitatory_neuron"
"EIF4E2","EIF4E2-206",0.998096306930967,NA,"Excitatory_neuron"
"EIF4E2","EIF4E2-211",0.998096306930967,NA,"Excitatory_neuron"
"EIF4E2","EIF4E2-202",0.998096306930967,NA,"Excitatory_neuron"
"EIF4G2","EIF4G2-208",0.998096306930967,NA,"Excitatory_neuron"
"EIF4G2","EIF4G2-225",0.998096306930967,NA,"Excitatory_neuron"
"EIF4G2","EIF4G2-201",0.998096306930967,NA,"Excitatory_neuron"
"EIF4G3","transcript40152.chr1.nnic",0.998096306930967,NA,"Excitatory_neuron"
"EIF4G3","transcript40222.chr1.nnic",0.998096306930967,NA,"Excitatory_neuron"
"EIF4G3","transcript40628.chr1.nic",0.998096306930967,NA,"Excitatory_neuron"
"EIF4H","EIF4H-212",0.998096306930967,NA,"Excitatory_neuron"
"EIF4H","EIF4H-201",0.998096306930967,NA,"Excitatory_neuron"
"EIF4H","EIF4H-202",0.998096306930967,NA,"Excitatory_neuron"
"EIF5","EIF5-201",0.998096306930967,NA,"Excitatory_neuron"
"EIF5","EIF5-202",0.998096306930967,NA,"Excitatory_neuron"
"EIF5B","EIF5B-205",0.998096306930967,NA,"Excitatory_neuron"
"EIF5B","EIF5B-201",0.998096306930967,NA,"Excitatory_neuron"
"ELAC2","transcript22242.chr17.nic",0.998096306930967,NA,"Excitatory_neuron"
"ELAC2","ELAC2-201",0.998096306930967,NA,"Excitatory_neuron"
"ELAVL2","ELAVL2-202",0.998096306930967,NA,"Excitatory_neuron"
"ELAVL2","ELAVL2-203",0.998096306930967,NA,"Excitatory_neuron"
"ELAVL2","ELAVL2-208",0.998096306930967,NA,"Excitatory_neuron"
"ELAVL2","ELAVL2-204",0.998096306930967,NA,"Excitatory_neuron"
"ELAVL4","ELAVL4-205",0.998096306930967,NA,"Excitatory_neuron"
"ELAVL4","ELAVL4-202",0.998096306930967,NA,"Excitatory_neuron"
"ELAVL4","transcript97585.chr1.nic",0.998096306930967,NA,"Excitatory_neuron"
"ELMO2","ELMO2-212",0.998096306930967,NA,"Excitatory_neuron"
"ELMO2","ELMO2-201",0.998096306930967,NA,"Excitatory_neuron"
"ELMO2","ELMO2-204",0.998096306930967,NA,"Excitatory_neuron"
"ELMOD1","ELMOD1-202",0.998096306930967,NA,"Excitatory_neuron"
"ELMOD1","ELMOD1-201",0.998096306930967,NA,"Excitatory_neuron"
"ELOVL5","ELOVL5-201",0.998096306930967,NA,"Excitatory_neuron"
"ELOVL5","ELOVL5-207",0.998096306930967,NA,"Excitatory_neuron"
"ELP4","ELP4-218",0.998096306930967,NA,"Excitatory_neuron"
"ELP4","ELP4-229",0.998096306930967,NA,"Excitatory_neuron"
"EML4","transcript50546.chr2.nnic",0.998096306930967,NA,"Excitatory_neuron"
"EML4","EML4-203",0.998096306930967,NA,"Excitatory_neuron"
"EML4","transcript50805.chr2.nnic",0.998096306930967,NA,"Excitatory_neuron"
"EML6","EML6-201",0.998096306930967,NA,"Excitatory_neuron"
"EML6","EML6-212",0.998096306930967,NA,"Excitatory_neuron"
"EMSY","EMSY-207",0.998096306930967,NA,"Excitatory_neuron"
"EMSY","EMSY-219",0.998096306930967,NA,"Excitatory_neuron"
"EMSY","EMSY-201",0.998096306930967,NA,"Excitatory_neuron"
"ENC1","ENC1-206",0.948006859166649,NA,"Excitatory_neuron"
"ENC1","ENC1-201",0.948006859166649,NA,"Excitatory_neuron"
"ENO1","ENO1-203",0.998096306930967,NA,"Excitatory_neuron"
"ENO1","ENO1-201",0.998096306930967,NA,"Excitatory_neuron"
"ENO2","ENO2-211",0.998096306930967,NA,"Excitatory_neuron"
"ENO2","ENO2-205",0.998096306930967,NA,"Excitatory_neuron"
"ENO2","ENO2-201",0.998096306930967,NA,"Excitatory_neuron"
"ENOPH1","ENOPH1-203",0.998096306930967,NA,"Excitatory_neuron"
"ENOPH1","ENOPH1-201",0.998096306930967,NA,"Excitatory_neuron"
"ENOX1","ENOX1-203",0.998096306930967,NA,"Excitatory_neuron"
"ENOX1","ENOX1-201",0.998096306930967,NA,"Excitatory_neuron"
"ENPP5","ENPP5-201",0.998096306930967,NA,"Excitatory_neuron"
"ENPP5","ENPP5-202",0.998096306930967,NA,"Excitatory_neuron"
"ENPP5","transcript63989.chr6.nic",0.998096306930967,NA,"Excitatory_neuron"
"ENSG00000229425","ENST00000664748",0.998096306930967,NA,"Excitatory_neuron"
"ENSG00000229425","transcript10093.chr21.nic",0.998096306930967,NA,"Excitatory_neuron"
"ENSG00000240240","ENST00000590154",0.998096306930967,NA,"Excitatory_neuron"
"ENSG00000240240","ENST00000659103",0.998096306930967,NA,"Excitatory_neuron"
"ENSG00000240240","ENST00000654136",0.998096306930967,NA,"Excitatory_neuron"
"ENSG00000286125","ENST00000651589",0.998096306930967,NA,"Excitatory_neuron"
"ENSG00000286125","ENST00000650931",0.998096306930967,NA,"Excitatory_neuron"
"ENSG00000289731","ENST00000697539",0.998096306930967,NA,"Excitatory_neuron"
"ENSG00000289731","ENST00000697488",0.998096306930967,NA,"Excitatory_neuron"
"ENSG00000289731","ENST00000697510",0.998096306930967,NA,"Excitatory_neuron"
"ENSG00000289731","ENST00000697498",0.998096306930967,NA,"Excitatory_neuron"
"ENSG00000289731","ENST00000697505",0.998096306930967,NA,"Excitatory_neuron"
"ENSG00000289731","ENST00000697509",0.998096306930967,NA,"Excitatory_neuron"
"ENSG00000289731","ENST00000697504",0.998096306930967,NA,"Excitatory_neuron"
"ENSG00000289731","ENST00000697508",0.998096306930967,NA,"Excitatory_neuron"
"ENSG00000290453","transcript98125.chr10.nnic",0.998096306930967,NA,"Excitatory_neuron"
"ENSG00000290453","transcript98291.chr10.nnic",0.998096306930967,NA,"Excitatory_neuron"
"ENSG00000290927","ENST00000686087",0.998096306930967,NA,"Excitatory_neuron"
"ENSG00000290927","ENST00000693004",0.998096306930967,NA,"Excitatory_neuron"
"ENSG00000290927","ENST00000254109",0.998096306930967,NA,"Excitatory_neuron"
"ENSG00000291060","transcript56621.chr16.nnic",0.948006859166649,NA,"Excitatory_neuron"
"ENSG00000291060","ENST00000431681",0.948006859166649,NA,"Excitatory_neuron"
"ENSG00000291060","ENST00000381231",0.948006859166649,NA,"Excitatory_neuron"
"ENSG00000291065","transcript84722.chr10.nic",0.763047832807461,NA,"Excitatory_neuron"
"ENSG00000291065","transcript81704.chr10.nnic",0.763047832807461,NA,"Excitatory_neuron"
"ENSG00000291065","ENST00000609841",0.763047832807461,NA,"Excitatory_neuron"
"ENSG00000291073","ENST00000522841",0.998096306930967,NA,"Excitatory_neuron"
"ENSG00000291073","transcript53453.chr16.nnic",0.998096306930967,NA,"Excitatory_neuron"
"ENSG00000291073","ENST00000435197",0.998096306930967,NA,"Excitatory_neuron"
"ENSG00000291112","ENST00000687798",0.998096306930967,NA,"Excitatory_neuron"
"ENSG00000291112","ENST00000690588",0.998096306930967,NA,"Excitatory_neuron"
"ENSG00000291112","ENST00000692173",0.998096306930967,NA,"Excitatory_neuron"
"ENSG00000291133","ENST00000436258",0.998096306930967,NA,"Excitatory_neuron"
"ENSG00000291133","ENST00000687539",0.998096306930967,NA,"Excitatory_neuron"
"ENTPD6","ENTPD6-203",0.998096306930967,NA,"Excitatory_neuron"
"ENTPD6","ENTPD6-201",0.998096306930967,NA,"Excitatory_neuron"
"ENTPD6","ENTPD6-202",0.998096306930967,NA,"Excitatory_neuron"
"ENTPD6","ENTPD6-217",0.998096306930967,NA,"Excitatory_neuron"
"ENTPD6","ENTPD6-204",0.998096306930967,NA,"Excitatory_neuron"
"EP300","EP300-212",0.998096306930967,NA,"Excitatory_neuron"
"EP300","EP300-201",0.998096306930967,NA,"Excitatory_neuron"
"EP300","EP300-208",0.998096306930967,NA,"Excitatory_neuron"
"EP400","EP400-205",0.998096306930967,NA,"Excitatory_neuron"
"EP400","EP400-204",0.998096306930967,NA,"Excitatory_neuron"
"EPB41","EPB41-221",0.948006859166649,NA,"Excitatory_neuron"
"EPB41","EPB41-207",0.948006859166649,NA,"Excitatory_neuron"
"EPB41","EPB41-223",0.948006859166649,NA,"Excitatory_neuron"
"EPB41L2","EPB41L2-232",0.998096306930967,NA,"Excitatory_neuron"
"EPB41L2","EPB41L2-206",0.998096306930967,NA,"Excitatory_neuron"
"EPB41L2","EPB41L2-233",0.998096306930967,NA,"Excitatory_neuron"
"EPB41L3","EPB41L3-236",0.998096306930967,NA,"Excitatory_neuron"
"EPB41L3","transcript12168.chr18.nic",0.998096306930967,NA,"Excitatory_neuron"
"EPB41L3","EPB41L3-201",0.998096306930967,NA,"Excitatory_neuron"
"EPB41L3","EPB41L3-202",0.998096306930967,NA,"Excitatory_neuron"
"EPB41L3","EPB41L3-214",0.998096306930967,NA,"Excitatory_neuron"
"EPB41L3","EPB41L3-206",0.998096306930967,NA,"Excitatory_neuron"
"EPC1","EPC1-202",0.998096306930967,NA,"Excitatory_neuron"
"EPC1","EPC1-203",0.998096306930967,NA,"Excitatory_neuron"
"EPG5","EPG5-219",0.998096306930967,NA,"Excitatory_neuron"
"EPG5","EPG5-202",0.998096306930967,NA,"Excitatory_neuron"
"EPHA4","EPHA4-211",0.998201619472994,NA,"Excitatory_neuron"
"EPHA4","EPHA4-202",0.998201619472994,NA,"Excitatory_neuron"
"EPHA4","EPHA4-201",0.998201619472994,NA,"Excitatory_neuron"
"EPHA4","EPHA4-203",0.998201619472994,NA,"Excitatory_neuron"
"EPHA5","EPHA5-204",0.998096306930967,NA,"Excitatory_neuron"
"EPHA5","EPHA5-205",0.998096306930967,NA,"Excitatory_neuron"
"EPHA6","EPHA6-201",0.998096306930967,NA,"Excitatory_neuron"
"EPHA6","EPHA6-202",0.998096306930967,NA,"Excitatory_neuron"
"EPHA7","EPHA7-217",0.999627699403055,NA,"Excitatory_neuron"
"EPHA7","EPHA7-215",0.999627699403055,NA,"Excitatory_neuron"
"EPHA7","EPHA7-214",0.999627699403055,NA,"Excitatory_neuron"
"EPHB6","EPHB6-209",0.998096306930967,NA,"Excitatory_neuron"
"EPHB6","EPHB6-212",0.998096306930967,NA,"Excitatory_neuron"
"EPHB6","EPHB6-205",0.998096306930967,NA,"Excitatory_neuron"
"EPIC1","EPIC1-210",0.998096306930967,NA,"Excitatory_neuron"
"EPIC1","EPIC1-202",0.998096306930967,NA,"Excitatory_neuron"
"EPIC1","EPIC1-230",0.998096306930967,NA,"Excitatory_neuron"
"EPM2A-DT","EPM2A-DT-206",0.998096306930967,NA,"Excitatory_neuron"
"EPM2A-DT","EPM2A-DT-214",0.998096306930967,NA,"Excitatory_neuron"
"EPM2A-DT","EPM2A-DT-217",0.998096306930967,NA,"Excitatory_neuron"
"EPN2","EPN2-201",0.998096306930967,NA,"Excitatory_neuron"
"EPN2","EPN2-202",0.998096306930967,NA,"Excitatory_neuron"
"EPRS1","EPRS1-206",0.767046389545869,NA,"Excitatory_neuron"
"EPRS1","EPRS1-201",0.767046389545869,NA,"Excitatory_neuron"
"ERC1","ERC1-205",0.998096306930967,NA,"Excitatory_neuron"
"ERC1","ERC1-208",0.998096306930967,NA,"Excitatory_neuron"
"ERC1","ERC1-213",0.998096306930967,NA,"Excitatory_neuron"
"ERC1","ERC1-233",0.998096306930967,NA,"Excitatory_neuron"
"ERC1","ERC1-225",0.998096306930967,NA,"Excitatory_neuron"
"ERC1","ERC1-201",0.998096306930967,NA,"Excitatory_neuron"
"ERC1","ERC1-230",0.998096306930967,NA,"Excitatory_neuron"
"ERC2","ERC2-202",0.998096306930967,NA,"Excitatory_neuron"
"ERC2","ERC2-213",0.998096306930967,NA,"Excitatory_neuron"
"ERC2","ERC2-201",0.998096306930967,NA,"Excitatory_neuron"
"ERCC3","ERCC3-218",0.998096306930967,NA,"Excitatory_neuron"
"ERCC3","ERCC3-201",0.998096306930967,NA,"Excitatory_neuron"
"ERCC4","ERCC4-201",0.998096306930967,NA,"Excitatory_neuron"
"ERCC4","ERCC4-214",0.998096306930967,NA,"Excitatory_neuron"
"ERCC5","ERCC5-213",0.998096306930967,NA,"Excitatory_neuron"
"ERCC5","ERCC5-216",0.998096306930967,NA,"Excitatory_neuron"
"ERCC5","ERCC5-201",0.998096306930967,NA,"Excitatory_neuron"
"ERCC5","ERCC5-212",0.998096306930967,NA,"Excitatory_neuron"
"ERCC6","ERCC6-201",0.998096306930967,NA,"Excitatory_neuron"
"ERCC6","ERCC6-202",0.998096306930967,NA,"Excitatory_neuron"
"ERCC6","ERCC6-215",0.998096306930967,NA,"Excitatory_neuron"
"ERCC6L2","ERCC6L2-222",0.998096306930967,NA,"Excitatory_neuron"
"ERCC6L2","ERCC6L2-201",0.998096306930967,NA,"Excitatory_neuron"
"ERCC6L2","ERCC6L2-210",0.998096306930967,NA,"Excitatory_neuron"
"ERCC6L2","ERCC6L2-226",0.998096306930967,NA,"Excitatory_neuron"
"ERCC6L2","ERCC6L2-216",0.998096306930967,NA,"Excitatory_neuron"
"ERCC6L2","ERCC6L2-213",0.998096306930967,NA,"Excitatory_neuron"
"ERCC6L2","ERCC6L2-225",0.998096306930967,NA,"Excitatory_neuron"
"ERCC6L2","ERCC6L2-204",0.998096306930967,NA,"Excitatory_neuron"
"ERCC6L2","ERCC6L2-211",0.998096306930967,NA,"Excitatory_neuron"
"ERCC6L2","ERCC6L2-215",0.998096306930967,NA,"Excitatory_neuron"
"ERGIC1","transcript232532.chr5.nnic",0.998096306930967,NA,"Excitatory_neuron"
"ERGIC1","ERGIC1-211",0.998096306930967,NA,"Excitatory_neuron"
"ERGIC1","ERGIC1-202",0.998096306930967,NA,"Excitatory_neuron"
"ERLEC1","ERLEC1-201",0.998096306930967,NA,"Excitatory_neuron"
"ERLEC1","ERLEC1-206",0.998096306930967,NA,"Excitatory_neuron"
"ERP44","ERP44-209",0.998096306930967,NA,"Excitatory_neuron"
"ERP44","ERP44-201",0.998096306930967,NA,"Excitatory_neuron"
"ERVK13-1","ERVK13-1-223",0.998096306930967,NA,"Excitatory_neuron"
"ERVK13-1","ERVK13-1-208",0.998096306930967,NA,"Excitatory_neuron"
"ERVK13-1","ERVK13-1-240",0.998096306930967,NA,"Excitatory_neuron"
"ERVK13-1","ERVK13-1-242",0.998096306930967,NA,"Excitatory_neuron"
"ERVK13-1","ERVK13-1-218",0.998096306930967,NA,"Excitatory_neuron"
"ERVK13-1","ERVK13-1-220",0.998096306930967,NA,"Excitatory_neuron"
"ERVK13-1","ERVK13-1-221",0.998096306930967,NA,"Excitatory_neuron"
"ERVK13-1","ERVK13-1-222",0.998096306930967,NA,"Excitatory_neuron"
"ESCO1","ESCO1-201",0.998096306930967,NA,"Excitatory_neuron"
"ESCO1","ESCO1-202",0.998096306930967,NA,"Excitatory_neuron"
"ETNK1","ETNK1-201",0.998096306930967,NA,"Excitatory_neuron"
"ETNK1","ETNK1-207",0.998096306930967,NA,"Excitatory_neuron"
"EVL","EVL-217",0.998096306930967,NA,"Excitatory_neuron"
"EVL","EVL-203",0.998096306930967,NA,"Excitatory_neuron"
"EWSR1","EWSR1-215",0.998096306930967,NA,"Excitatory_neuron"
"EWSR1","EWSR1-217",0.998096306930967,NA,"Excitatory_neuron"
"EWSR1","EWSR1-216",0.998096306930967,NA,"Excitatory_neuron"
"EWSR1","EWSR1-208",0.998096306930967,NA,"Excitatory_neuron"
"EWSR1","EWSR1-207",0.998096306930967,NA,"Excitatory_neuron"
"EWSR1","EWSR1-206",0.998096306930967,NA,"Excitatory_neuron"
"EXD2","EXD2-203",0.895545976913367,NA,"Excitatory_neuron"
"EXD2","EXD2-214",0.895545976913367,NA,"Excitatory_neuron"
"EXOC1","EXOC1-202",0.998096306930967,NA,"Excitatory_neuron"
"EXOC1","EXOC1-203",0.998096306930967,NA,"Excitatory_neuron"
"EXOC3","EXOC3-209",0.998096306930967,NA,"Excitatory_neuron"
"EXOC3","EXOC3-201",0.998096306930967,NA,"Excitatory_neuron"
"EXOC4","EXOC4-205",0.998096306930967,NA,"Excitatory_neuron"
"EXOC4","EXOC4-201",0.998096306930967,NA,"Excitatory_neuron"
"EXOC4","EXOC4-219",0.998096306930967,NA,"Excitatory_neuron"
"EXOC5","EXOC5-203",0.998096306930967,NA,"Excitatory_neuron"
"EXOC5","EXOC5-211",0.998096306930967,NA,"Excitatory_neuron"
"EXOC6","EXOC6-201",0.998096306930967,NA,"Excitatory_neuron"
"EXOC6","EXOC6-202",0.998096306930967,NA,"Excitatory_neuron"
"EXOC6B","EXOC6B-209",0.998096306930967,NA,"Excitatory_neuron"
"EXOC6B","EXOC6B-201",0.998096306930967,NA,"Excitatory_neuron"
"EXOC6B","EXOC6B-202",0.998096306930967,NA,"Excitatory_neuron"
"EXOC7","EXOC7-216",0.998096306930967,NA,"Excitatory_neuron"
"EXOC7","EXOC7-204",0.998096306930967,NA,"Excitatory_neuron"
"EXOC7","EXOC7-220",0.998096306930967,NA,"Excitatory_neuron"
"EXOSC10","EXOSC10-207",0.998096306930967,NA,"Excitatory_neuron"
"EXOSC10","EXOSC10-202",0.998096306930967,NA,"Excitatory_neuron"
"EXTL2","EXTL2-201",0.998096306930967,NA,"Excitatory_neuron"
"EXTL2","EXTL2-202",0.998096306930967,NA,"Excitatory_neuron"
"EXTL3","transcript71020.chr8.nic",0.998096306930967,NA,"Excitatory_neuron"
"EXTL3","EXTL3-201",0.998096306930967,NA,"Excitatory_neuron"
"EXTL3","EXTL3-215",0.998096306930967,NA,"Excitatory_neuron"
"EZH1","EZH1-220",0.998096306930967,NA,"Excitatory_neuron"
"EZH1","EZH1-205",0.998096306930967,NA,"Excitatory_neuron"
"EZH1","EZH1-208",0.998096306930967,NA,"Excitatory_neuron"
"EZH1","EZH1-202",0.998096306930967,NA,"Excitatory_neuron"
"FADS3","FADS3-211",0.998096306930967,NA,"Excitatory_neuron"
"FADS3","FADS3-201",0.998096306930967,NA,"Excitatory_neuron"
"FAM104A","FAM104A-201",0.998096306930967,NA,"Excitatory_neuron"
"FAM104A","FAM104A-202",0.998096306930967,NA,"Excitatory_neuron"
"FAM107A","FAM107A-201",0.988941592549995,NA,"Excitatory_neuron"
"FAM107A","FAM107A-204",0.988941592549995,NA,"Excitatory_neuron"
"FAM120A","FAM120A-202",0.465710079404596,NA,"Excitatory_neuron"
"FAM120A","FAM120A-201",0.465710079404596,NA,"Excitatory_neuron"
"FAM133B","FAM133B-208",0.998096306930967,NA,"Excitatory_neuron"
"FAM133B","FAM133B-204",0.998096306930967,NA,"Excitatory_neuron"
"FAM135A","FAM135A-210",0.998096306930967,NA,"Excitatory_neuron"
"FAM135A","FAM135A-205",0.998096306930967,NA,"Excitatory_neuron"
"FAM135A","FAM135A-202",0.998096306930967,NA,"Excitatory_neuron"
"FAM136A","FAM136A-205",0.998096306930967,NA,"Excitatory_neuron"
"FAM136A","FAM136A-201",0.998096306930967,NA,"Excitatory_neuron"
"FAM13A","FAM13A-205",0.998096306930967,NA,"Excitatory_neuron"
"FAM13A","FAM13A-216",0.998096306930967,NA,"Excitatory_neuron"
"FAM13A","FAM13A-202",0.998096306930967,NA,"Excitatory_neuron"
"FAM13A","FAM13A-201",0.998096306930967,NA,"Excitatory_neuron"
"FAM13B","FAM13B-201",0.998096306930967,NA,"Excitatory_neuron"
"FAM13B","FAM13B-202",0.998096306930967,NA,"Excitatory_neuron"
"FAM13B","FAM13B-203",0.998096306930967,NA,"Excitatory_neuron"
"FAM13C","FAM13C-217",0.998096306930967,NA,"Excitatory_neuron"
"FAM13C","FAM13C-214",0.998096306930967,NA,"Excitatory_neuron"
"FAM153A","FAM153A-201",0.998096306930967,NA,"Excitatory_neuron"
"FAM153A","FAM153A-229",0.998096306930967,NA,"Excitatory_neuron"
"FAM153A","FAM153A-232",0.998096306930967,NA,"Excitatory_neuron"
"FAM153CP","FAM153CP-235",0.785212923436583,NA,"Excitatory_neuron"
"FAM153CP","FAM153CP-232",0.785212923436583,NA,"Excitatory_neuron"
"FAM153CP","FAM153CP-226",0.785212923436583,NA,"Excitatory_neuron"
"FAM156A","FAM156A-221",0.998096306930967,NA,"Excitatory_neuron"
"FAM156A","FAM156A-201",0.998096306930967,NA,"Excitatory_neuron"
"FAM156B","FAM156B-201",0.998096306930967,NA,"Excitatory_neuron"
"FAM156B","FAM156B-203",0.998096306930967,NA,"Excitatory_neuron"
"FAM161A","FAM161A-202",0.788568742861185,NA,"Excitatory_neuron"
"FAM161A","FAM161A-203",0.788568742861185,NA,"Excitatory_neuron"
"FAM161A","FAM161A-205",0.788568742861185,NA,"Excitatory_neuron"
"FAM161B","FAM161B-201",0.998096306930967,NA,"Excitatory_neuron"
"FAM161B","FAM161B-203",0.998096306930967,NA,"Excitatory_neuron"
"FAM169A","FAM169A-201",0.998096306930967,NA,"Excitatory_neuron"
"FAM169A","FAM169A-204",0.998096306930967,NA,"Excitatory_neuron"
"FAM169A","FAM169A-207",0.998096306930967,NA,"Excitatory_neuron"
"FAM184A","FAM184A-201",0.998096306930967,NA,"Excitatory_neuron"
"FAM184A","FAM184A-202",0.998096306930967,NA,"Excitatory_neuron"
"FAM193A","FAM193A-211",0.998096306930967,NA,"Excitatory_neuron"
"FAM193A","FAM193A-207",0.998096306930967,NA,"Excitatory_neuron"
"FAM193A","FAM193A-208",0.998096306930967,NA,"Excitatory_neuron"
"FAM219B","FAM219B-217",0.998096306930967,NA,"Excitatory_neuron"
"FAM219B","FAM219B-201",0.998096306930967,NA,"Excitatory_neuron"
"FAM219B","FAM219B-215",0.998096306930967,NA,"Excitatory_neuron"
"FAM222B","FAM222B-208",0.998096306930967,NA,"Excitatory_neuron"
"FAM222B","FAM222B-202",0.998096306930967,NA,"Excitatory_neuron"
"FAM228B","FAM228B-202",0.998096306930967,NA,"Excitatory_neuron"
"FAM228B","FAM228B-203",0.998096306930967,NA,"Excitatory_neuron"
"FAM234A","FAM234A-201",0.998096306930967,NA,"Excitatory_neuron"
"FAM234A","FAM234A-203",0.998096306930967,NA,"Excitatory_neuron"
"FAM234A","FAM234A-202",0.998096306930967,NA,"Excitatory_neuron"
"FAM50B","FAM50B-201",0.872614192007501,NA,"Excitatory_neuron"
"FAM50B","FAM50B-202",0.872614192007501,NA,"Excitatory_neuron"
"FAM53C","FAM53C-207",0.998096306930967,NA,"Excitatory_neuron"
"FAM53C","FAM53C-201",0.998096306930967,NA,"Excitatory_neuron"
"FAM76A","transcript49854.chr1.nic",0.998096306930967,NA,"Excitatory_neuron"
"FAM76A","transcript50140.chr1.nic",0.998096306930967,NA,"Excitatory_neuron"
"FAM76B","FAM76B-201",0.998096306930967,NA,"Excitatory_neuron"
"FAM76B","transcript151399.chr11.nnic",0.998096306930967,NA,"Excitatory_neuron"
"FAM98A","FAM98A-201",0.998096306930967,NA,"Excitatory_neuron"
"FAM98A","FAM98A-204",0.998096306930967,NA,"Excitatory_neuron"
"FAM98A","FAM98A-218",0.998096306930967,NA,"Excitatory_neuron"
"FAN1","FAN1-225",0.998096306930967,NA,"Excitatory_neuron"
"FAN1","FAN1-204",0.998096306930967,NA,"Excitatory_neuron"
"FAN1","FAN1-203",0.998096306930967,NA,"Excitatory_neuron"
"FAN1","FAN1-214",0.998096306930967,NA,"Excitatory_neuron"
"FAN1","FAN1-207",0.998096306930967,NA,"Excitatory_neuron"
"FAN1","FAN1-212",0.998096306930967,NA,"Excitatory_neuron"
"FAN1","FAN1-228",0.998096306930967,NA,"Excitatory_neuron"
"FANCM","FANCM-204",0.998096306930967,NA,"Excitatory_neuron"
"FANCM","FANCM-202",0.998096306930967,NA,"Excitatory_neuron"
"FANCM","FANCM-220",0.998096306930967,NA,"Excitatory_neuron"
"FANCM","FANCM-201",0.998096306930967,NA,"Excitatory_neuron"
"FAR1","FAR1-204",0.998096306930967,NA,"Excitatory_neuron"
"FAR1","FAR1-201",0.998096306930967,NA,"Excitatory_neuron"
"FAR2","FAR2-202",0.998096306930967,NA,"Excitatory_neuron"
"FAR2","FAR2-213",0.998096306930967,NA,"Excitatory_neuron"
"FARP1","FARP1-219",0.998096306930967,NA,"Excitatory_neuron"
"FARP1","FARP1-210",0.998096306930967,NA,"Excitatory_neuron"
"FARP1","FARP1-222",0.998096306930967,NA,"Excitatory_neuron"
"FARP1","FARP1-201",0.998096306930967,NA,"Excitatory_neuron"
"FASTKD2","FASTKD2-206",0.998096306930967,NA,"Excitatory_neuron"
"FASTKD2","FASTKD2-201",0.998096306930967,NA,"Excitatory_neuron"
"FASTKD2","FASTKD2-202",0.998096306930967,NA,"Excitatory_neuron"
"FASTKD5","FASTKD5-202",0.998096306930967,NA,"Excitatory_neuron"
"FASTKD5","FASTKD5-201",0.998096306930967,NA,"Excitatory_neuron"
"FBN1","FBN1-211",0.998657748920219,NA,"Excitatory_neuron"
"FBN1","FBN1-209",0.998657748920219,NA,"Excitatory_neuron"
"FBN1","FBN1-204",0.998657748920219,NA,"Excitatory_neuron"
"FBXL2","FBXL2-213",0.998096306930967,NA,"Excitatory_neuron"
"FBXL2","FBXL2-216",0.998096306930967,NA,"Excitatory_neuron"
"FBXL4","FBXL4-202",0.998096306930967,NA,"Excitatory_neuron"
"FBXL4","FBXL4-201",0.998096306930967,NA,"Excitatory_neuron"
"FBXL5","FBXL5-202",0.998096306930967,NA,"Excitatory_neuron"
"FBXL5","FBXL5-201",0.998096306930967,NA,"Excitatory_neuron"
"FBXL5","FBXL5-205",0.998096306930967,NA,"Excitatory_neuron"
"FBXO11","FBXO11-202",0.998096306930967,NA,"Excitatory_neuron"
"FBXO11","FBXO11-206",0.998096306930967,NA,"Excitatory_neuron"
"FBXO21","FBXO21-207",0.998096306930967,NA,"Excitatory_neuron"
"FBXO21","FBXO21-201",0.998096306930967,NA,"Excitatory_neuron"
"FBXO3","FBXO3-201",0.998096306930967,NA,"Excitatory_neuron"
"FBXO3","FBXO3-208",0.998096306930967,NA,"Excitatory_neuron"
"FBXW5","FBXW5-206",0.998096306930967,NA,"Excitatory_neuron"
"FBXW5","FBXW5-204",0.998096306930967,NA,"Excitatory_neuron"
"FBXW5","FBXW5-201",0.998096306930967,NA,"Excitatory_neuron"
"FEM1C","FEM1C-201",0.998096306930967,NA,"Excitatory_neuron"
"FEM1C","transcript148712.chr5.nic",0.998096306930967,NA,"Excitatory_neuron"
"FGD4","FGD4-213",0.998096306930967,NA,"Excitatory_neuron"
"FGD4","FGD4-216",0.998096306930967,NA,"Excitatory_neuron"
"FGD5-AS1","FGD5-AS1-208",0.998096306930967,NA,"Excitatory_neuron"
"FGD5-AS1","FGD5-AS1-209",0.998096306930967,NA,"Excitatory_neuron"
"FGF5","FGF5-203",0.998096306930967,NA,"Excitatory_neuron"
"FGF5","FGF5-201",0.998096306930967,NA,"Excitatory_neuron"
"FGFR1OP2","FGFR1OP2-202",0.998096306930967,NA,"Excitatory_neuron"
"FGFR1OP2","FGFR1OP2-204",0.998096306930967,NA,"Excitatory_neuron"
"FH","FH-201",0.5616595241267,NA,"Excitatory_neuron"
"FH","FH-206",0.5616595241267,NA,"Excitatory_neuron"
"FHIP2B","FHIP2B-201",0.998096306930967,NA,"Excitatory_neuron"
"FHIP2B","FHIP2B-203",0.998096306930967,NA,"Excitatory_neuron"
"FHL1","transcript150379.chrX.nic",0.998096306930967,NA,"Excitatory_neuron"
"FHL1","FHL1-205",0.998096306930967,NA,"Excitatory_neuron"
"FHL1","FHL1-234",0.998096306930967,NA,"Excitatory_neuron"
"FHL2","FHL2-205",0.980126729842486,NA,"Excitatory_neuron"
"FHL2","transcript228269.chr2.nic",0.980126729842486,NA,"Excitatory_neuron"
"FIG4","FIG4-207",0.998096306930967,NA,"Excitatory_neuron"
"FIG4","FIG4-201",0.998096306930967,NA,"Excitatory_neuron"
"FILIP1L","FILIP1L-208",0.998096306930967,NA,"Excitatory_neuron"
"FILIP1L","FILIP1L-203",0.998096306930967,NA,"Excitatory_neuron"
"FIP1L1","FIP1L1-215",0.998096306930967,NA,"Excitatory_neuron"
"FIP1L1","FIP1L1-216",0.998096306930967,NA,"Excitatory_neuron"
"FIP1L1","FIP1L1-240",0.998096306930967,NA,"Excitatory_neuron"
"FIP1L1","FIP1L1-217",0.998096306930967,NA,"Excitatory_neuron"
"FKBP15","FKBP15-209",0.998096306930967,NA,"Excitatory_neuron"
"FKBP15","FKBP15-202",0.998096306930967,NA,"Excitatory_neuron"
"FKBP15","FKBP15-203",0.998096306930967,NA,"Excitatory_neuron"
"FKBP15","FKBP15-206",0.998096306930967,NA,"Excitatory_neuron"
"FKBP15","FKBP15-215",0.998096306930967,NA,"Excitatory_neuron"
"FLCN","FLCN-202",0.998096306930967,NA,"Excitatory_neuron"
"FLCN","FLCN-203",0.998096306930967,NA,"Excitatory_neuron"
"FLCN","FLCN-204",0.998096306930967,NA,"Excitatory_neuron"
"FLCN","FLCN-207",0.998096306930967,NA,"Excitatory_neuron"
"FLCN","FLCN-201",0.998096306930967,NA,"Excitatory_neuron"
"FLII","FLII-201",0.998096306930967,NA,"Excitatory_neuron"
"FLII","FLII-215",0.998096306930967,NA,"Excitatory_neuron"
"FLNA","FLNA-202",0.998096306930967,NA,"Excitatory_neuron"
"FLNA","FLNA-220",0.998096306930967,NA,"Excitatory_neuron"
"FLNA","FLNA-221",0.998096306930967,NA,"Excitatory_neuron"
"FLNB","FLNB-222",0.998096306930967,NA,"Excitatory_neuron"
"FLNB","FLNB-215",0.998096306930967,NA,"Excitatory_neuron"
"FLNB","FLNB-226",0.998096306930967,NA,"Excitatory_neuron"
"FLNB","FLNB-227",0.998096306930967,NA,"Excitatory_neuron"
"FLNB","FLNB-218",0.998096306930967,NA,"Excitatory_neuron"
"FLOT2","FLOT2-202",0.998096306930967,NA,"Excitatory_neuron"
"FLOT2","FLOT2-210",0.998096306930967,NA,"Excitatory_neuron"
"FLRT2-AS1","FLRT2-AS1-201",0.998096306930967,NA,"Excitatory_neuron"
"FLRT2-AS1","FLRT2-AS1-202",0.998096306930967,NA,"Excitatory_neuron"
"FLRT2-AS1","FLRT2-AS1-204",0.998096306930967,NA,"Excitatory_neuron"
"FLRT3","FLRT3-201",0.998096306930967,NA,"Excitatory_neuron"
"FLRT3","FLRT3-202",0.998096306930967,NA,"Excitatory_neuron"
"FLYWCH1","FLYWCH1-201",0.998096306930967,NA,"Excitatory_neuron"
"FLYWCH1","FLYWCH1-212",0.998096306930967,NA,"Excitatory_neuron"
"FMN1","transcript41534.chr15.nnic",0.998096306930967,NA,"Excitatory_neuron"
"FMN1","FMN1-210",0.998096306930967,NA,"Excitatory_neuron"
"FMN1","transcript38493.chr15.nnic",0.998096306930967,NA,"Excitatory_neuron"
"FMNL2","FMNL2-202",0.850439496272812,NA,"Excitatory_neuron"
"FMNL2","FMNL2-201",0.850439496272812,NA,"Excitatory_neuron"
"FNBP1L","FNBP1L-201",0.998096306930967,NA,"Excitatory_neuron"
"FNBP1L","FNBP1L-202",0.998096306930967,NA,"Excitatory_neuron"
"FNBP4","FNBP4-201",0.998096306930967,NA,"Excitatory_neuron"
"FNBP4","FNBP4-213",0.998096306930967,NA,"Excitatory_neuron"
"FNDC3A","FNDC3A-201",0.998096306930967,NA,"Excitatory_neuron"
"FNDC3A","FNDC3A-202",0.998096306930967,NA,"Excitatory_neuron"
"FNDC3A","FNDC3A-204",0.998096306930967,NA,"Excitatory_neuron"
"FNIP2","FNIP2-201",0.998096306930967,NA,"Excitatory_neuron"
"FNIP2","FNIP2-202",0.998096306930967,NA,"Excitatory_neuron"
"FNTA","FNTA-201",0.998096306930967,NA,"Excitatory_neuron"
"FNTA","FNTA-205",0.998096306930967,NA,"Excitatory_neuron"
"FNTA","FNTA-203",0.998096306930967,NA,"Excitatory_neuron"
"FOCAD","transcript32411.chr9.nnic",0.998096306930967,NA,"Excitatory_neuron"
"FOCAD","FOCAD-201",0.998096306930967,NA,"Excitatory_neuron"
"FOXK2","FOXK2-212",0.998096306930967,NA,"Excitatory_neuron"
"FOXK2","FOXK2-201",0.998096306930967,NA,"Excitatory_neuron"
"FOXP1","FOXP1-260",0.998096306930967,NA,"Excitatory_neuron"
"FOXP1","FOXP1-262",0.998096306930967,NA,"Excitatory_neuron"
"FOXP1","FOXP1-230",0.998096306930967,NA,"Excitatory_neuron"
"FOXP1","transcript119432.chr3.nic",0.998096306930967,NA,"Excitatory_neuron"
"FOXP1","transcript119410.chr3.nic",0.998096306930967,NA,"Excitatory_neuron"
"FOXP1","FOXP1-266",0.998096306930967,NA,"Excitatory_neuron"
"FOXP1","FOXP1-240",0.998096306930967,NA,"Excitatory_neuron"
"FOXP1","FOXP1-214",0.998096306930967,NA,"Excitatory_neuron"
"FOXP1","FOXP1-217",0.998096306930967,NA,"Excitatory_neuron"
"FOXP2","transcript172591.chr7.nic",0.998096306930967,NA,"Excitatory_neuron"
"FOXP2","FOXP2-201",0.998096306930967,NA,"Excitatory_neuron"
"FOXRED1","FOXRED1-228",0.998096306930967,NA,"Excitatory_neuron"
"FOXRED1","FOXRED1-201",0.998096306930967,NA,"Excitatory_neuron"
"FOXRED1","FOXRED1-230",0.998096306930967,NA,"Excitatory_neuron"
"FRA10AC1","transcript168434.chr10.nic",0.998096306930967,NA,"Excitatory_neuron"
"FRA10AC1","FRA10AC1-201",0.998096306930967,NA,"Excitatory_neuron"
"FRAS1","FRAS1-206",0.998096306930967,NA,"Excitatory_neuron"
"FRAS1","FRAS1-201",0.998096306930967,NA,"Excitatory_neuron"
"FRMD4A","FRMD4A-202",0.998096306930967,NA,"Excitatory_neuron"
"FRMD4A","FRMD4A-207",0.998096306930967,NA,"Excitatory_neuron"
"FRY","FRY-211",0.998096306930967,NA,"Excitatory_neuron"
"FRY","FRY-213",0.998096306930967,NA,"Excitatory_neuron"
"FSD1","FSD1-201",0.998096306930967,NA,"Excitatory_neuron"
"FSD1","FSD1-206",0.998096306930967,NA,"Excitatory_neuron"
"FSD1L","FSD1L-203",0.998096306930967,NA,"Excitatory_neuron"
"FSD1L","FSD1L-205",0.998096306930967,NA,"Excitatory_neuron"
"FTH1","FTH1-208",0.998096306930967,NA,"Excitatory_neuron"
"FTH1","FTH1-201",0.998096306930967,NA,"Excitatory_neuron"
"FTX","FTX-252",0.998096306930967,NA,"Excitatory_neuron"
"FTX","FTX-260",0.998096306930967,NA,"Excitatory_neuron"
"FTX","FTX-203",0.998096306930967,NA,"Excitatory_neuron"
"FTX","FTX-267",0.998096306930967,NA,"Excitatory_neuron"
"FUS","FUS-206",0.998096306930967,NA,"Excitatory_neuron"
"FUS","FUS-205",0.998096306930967,NA,"Excitatory_neuron"
"FUS","FUS-201",0.998096306930967,NA,"Excitatory_neuron"
"FXR1","FXR1-224",0.998096306930967,NA,"Excitatory_neuron"
"FXR1","FXR1-203",0.998096306930967,NA,"Excitatory_neuron"
"FXR1","FXR1-202",0.998096306930967,NA,"Excitatory_neuron"
"FXR1","FXR1-223",0.998096306930967,NA,"Excitatory_neuron"
"FZD3","FZD3-204",0.998096306930967,NA,"Excitatory_neuron"
"FZD3","FZD3-201",0.998096306930967,NA,"Excitatory_neuron"
"G3BP1","G3BP1-202",0.998096306930967,NA,"Excitatory_neuron"
"G3BP1","G3BP1-201",0.998096306930967,NA,"Excitatory_neuron"
"G3BP2","G3BP2-265",0.998096306930967,NA,"Excitatory_neuron"
"G3BP2","G3BP2-290",0.998096306930967,NA,"Excitatory_neuron"
"G3BP2","G3BP2-274",0.998096306930967,NA,"Excitatory_neuron"
"G3BP2","G3BP2-241",0.998096306930967,NA,"Excitatory_neuron"
"G3BP2","G3BP2-264",0.998096306930967,NA,"Excitatory_neuron"
"G3BP2","G3BP2-227",0.998096306930967,NA,"Excitatory_neuron"
"G3BP2","G3BP2-203",0.998096306930967,NA,"Excitatory_neuron"
"G3BP2","G3BP2-263",0.998096306930967,NA,"Excitatory_neuron"
"G3BP2","G3BP2-282",0.998096306930967,NA,"Excitatory_neuron"
"G3BP2","G3BP2-202",0.998096306930967,NA,"Excitatory_neuron"
"G3BP2","G3BP2-201",0.998096306930967,NA,"Excitatory_neuron"
"GAB1","GAB1-202",0.895545976913367,NA,"Excitatory_neuron"
"GAB1","GAB1-201",0.895545976913367,NA,"Excitatory_neuron"
"GABARAPL1","GABARAPL1-201",0.998096306930967,NA,"Excitatory_neuron"
"GABARAPL1","GABARAPL1-218",0.998096306930967,NA,"Excitatory_neuron"
"GABPB1-AS1","GABPB1-AS1-202",0.998096306930967,NA,"Excitatory_neuron"
"GABPB1-AS1","GABPB1-AS1-208",0.998096306930967,NA,"Excitatory_neuron"
"GABPB1-AS1","GABPB1-AS1-206",0.998096306930967,NA,"Excitatory_neuron"
"GABRA1","GABRA1-202",0.998096306930967,NA,"Excitatory_neuron"
"GABRA1","GABRA1-219",0.998096306930967,NA,"Excitatory_neuron"
"GABRA1","GABRA1-204",0.998096306930967,NA,"Excitatory_neuron"
"GABRA1","GABRA1-201",0.998096306930967,NA,"Excitatory_neuron"
"GABRA2","GABRA2-211",0.998096306930967,NA,"Excitatory_neuron"
"GABRA2","GABRA2-202",0.998096306930967,NA,"Excitatory_neuron"
"GABRA2","GABRA2-215",0.998096306930967,NA,"Excitatory_neuron"
"GABRA2","GABRA2-201",0.998096306930967,NA,"Excitatory_neuron"
"GABRA5","GABRA5-203",0.948006859166649,NA,"Excitatory_neuron"
"GABRA5","GABRA5-201",0.948006859166649,NA,"Excitatory_neuron"
"GABRA5","transcript24818.chr15.nic",0.948006859166649,NA,"Excitatory_neuron"
"GABRB2","GABRB2-209",0.998096306930967,NA,"Excitatory_neuron"
"GABRB2","GABRB2-218",0.998096306930967,NA,"Excitatory_neuron"
"GABRB3","GABRB3-214",0.998096306930967,NA,"Excitatory_neuron"
"GABRB3","GABRB3-202",0.998096306930967,NA,"Excitatory_neuron"
"GABRB3","GABRB3-201",0.998096306930967,NA,"Excitatory_neuron"
"GABRD","GABRD-203",0.998096306930967,NA,"Excitatory_neuron"
"GABRD","GABRD-201",0.998096306930967,NA,"Excitatory_neuron"
"GABRG2","GABRG2-214",0.998096306930967,NA,"Excitatory_neuron"
"GABRG2","GABRG2-215",0.998096306930967,NA,"Excitatory_neuron"
"GABRG2","GABRG2-211",0.998096306930967,NA,"Excitatory_neuron"
"GABRG2","GABRG2-210",0.998096306930967,NA,"Excitatory_neuron"
"GAK","GAK-201",0.998096306930967,NA,"Excitatory_neuron"
"GAK","GAK-204",0.998096306930967,NA,"Excitatory_neuron"
"GALNT16","transcript70707.chr14.nic",0.998096306930967,NA,"Excitatory_neuron"
"GALNT16","GALNT16-201",0.998096306930967,NA,"Excitatory_neuron"
"GALNT16","GALNT16-202",0.998096306930967,NA,"Excitatory_neuron"
"GALNT17","GALNT17-204",0.998096306930967,NA,"Excitatory_neuron"
"GALNT17","transcript91584.chr7.nnic",0.998096306930967,NA,"Excitatory_neuron"
"GALNT7","GALNT7-201",0.998096306930967,NA,"Excitatory_neuron"
"GALNT7","GALNT7-204",0.998096306930967,NA,"Excitatory_neuron"
"GAPVD1","GAPVD1-214",0.998096306930967,NA,"Excitatory_neuron"
"GAPVD1","transcript204639.chr9.nnic",0.998096306930967,NA,"Excitatory_neuron"
"GAPVD1","GAPVD1-219",0.998096306930967,NA,"Excitatory_neuron"
"GAPVD1","GAPVD1-215",0.998096306930967,NA,"Excitatory_neuron"
"GAPVD1","GAPVD1-201",0.998096306930967,NA,"Excitatory_neuron"
"GARS1","GARS1-227",0.998096306930967,NA,"Excitatory_neuron"
"GARS1","GARS1-201",0.998096306930967,NA,"Excitatory_neuron"
"GARS1","GARS1-229",0.998096306930967,NA,"Excitatory_neuron"
"GART","transcript26278.chr21.nnic",0.998096306930967,NA,"Excitatory_neuron"
"GART","GART-203",0.998096306930967,NA,"Excitatory_neuron"
"GAS6","GAS6-205",0.998096306930967,NA,"Excitatory_neuron"
"GAS6","GAS6-204",0.998096306930967,NA,"Excitatory_neuron"
"GAS6","GAS6-201",0.998096306930967,NA,"Excitatory_neuron"
"GAS8","GAS8-220",0.998096306930967,NA,"Excitatory_neuron"
"GAS8","GAS8-201",0.998096306930967,NA,"Excitatory_neuron"
"GATM","GATM-201",0.948006859166649,NA,"Excitatory_neuron"
"GATM","GATM-216",0.948006859166649,NA,"Excitatory_neuron"
"GBF1","GBF1-314",0.998096306930967,NA,"Excitatory_neuron"
"GBF1","GBF1-291",0.998096306930967,NA,"Excitatory_neuron"
"GCC2","GCC2-222",0.998096306930967,NA,"Excitatory_neuron"
"GCC2","GCC2-223",0.998096306930967,NA,"Excitatory_neuron"
"GCC2","GCC2-211",0.998096306930967,NA,"Excitatory_neuron"
"GCC2","GCC2-201",0.998096306930967,NA,"Excitatory_neuron"
"GCC2","GCC2-215",0.998096306930967,NA,"Excitatory_neuron"
"GCC2","GCC2-225",0.998096306930967,NA,"Excitatory_neuron"
"GCC2","GCC2-218",0.998096306930967,NA,"Excitatory_neuron"
"GCC2","GCC2-217",0.998096306930967,NA,"Excitatory_neuron"
"GDAP1","GDAP1-236",0.998096306930967,NA,"Excitatory_neuron"
"GDAP1","GDAP1-237",0.998096306930967,NA,"Excitatory_neuron"
"GDAP1","GDAP1-201",0.998096306930967,NA,"Excitatory_neuron"
"GDAP1","GDAP1-217",0.998096306930967,NA,"Excitatory_neuron"
"GDAP1","GDAP1-215",0.998096306930967,NA,"Excitatory_neuron"
"GDAP1","GDAP1-233",0.998096306930967,NA,"Excitatory_neuron"
"GDAP1","GDAP1-211",0.998096306930967,NA,"Excitatory_neuron"
"GDAP1","GDAP1-222",0.998096306930967,NA,"Excitatory_neuron"
"GDAP2","GDAP2-202",0.998096306930967,NA,"Excitatory_neuron"
"GDAP2","GDAP2-201",0.998096306930967,NA,"Excitatory_neuron"
"GDE1","GDE1-201",0.998096306930967,NA,"Excitatory_neuron"
"GDE1","GDE1-203",0.998096306930967,NA,"Excitatory_neuron"
"GET4","GET4-202",0.997033588765373,NA,"Excitatory_neuron"
"GET4","GET4-201",0.997033588765373,NA,"Excitatory_neuron"
"GFOD1","GFOD1-203",0.998096306930967,NA,"Excitatory_neuron"
"GFOD1","GFOD1-206",0.998096306930967,NA,"Excitatory_neuron"
"GFOD2","GFOD2-201",0.998096306930967,NA,"Excitatory_neuron"
"GFOD2","GFOD2-205",0.998096306930967,NA,"Excitatory_neuron"
"GFPT1","GFPT1-201",0.998096306930967,NA,"Excitatory_neuron"
"GFPT1","GFPT1-202",0.998096306930967,NA,"Excitatory_neuron"
"GGA1","GGA1-201",0.998096306930967,NA,"Excitatory_neuron"
"GGA1","GGA1-203",0.998096306930967,NA,"Excitatory_neuron"
"GGA1","GGA1-222",0.998096306930967,NA,"Excitatory_neuron"
"GGNBP2","GGNBP2-210",0.998096306930967,NA,"Excitatory_neuron"
"GGNBP2","GGNBP2-212",0.998096306930967,NA,"Excitatory_neuron"
"GGNBP2","GGNBP2-215",0.998096306930967,NA,"Excitatory_neuron"
"GHITM","GHITM-201",0.998096306930967,NA,"Excitatory_neuron"
"GHITM","GHITM-213",0.998096306930967,NA,"Excitatory_neuron"
"GIGYF2","GIGYF2-201",0.948006859166649,NA,"Excitatory_neuron"
"GIGYF2","GIGYF2-205",0.948006859166649,NA,"Excitatory_neuron"
"GIT2","GIT2-203",0.998096306930967,NA,"Excitatory_neuron"
"GIT2","GIT2-202",0.998096306930967,NA,"Excitatory_neuron"
"GIT2","GIT2-216",0.998096306930967,NA,"Excitatory_neuron"
"GK5","GK5-212",0.998096306930967,NA,"Excitatory_neuron"
"GK5","GK5-208",0.998096306930967,NA,"Excitatory_neuron"
"GK5","GK5-201",0.998096306930967,NA,"Excitatory_neuron"
"GLB1","GLB1-201",0.998096306930967,NA,"Excitatory_neuron"
"GLB1","GLB1-203",0.998096306930967,NA,"Excitatory_neuron"
"GLCCI1","GLCCI1-208",0.998096306930967,NA,"Excitatory_neuron"
"GLCCI1","transcript14161.chr7.nnic",0.998096306930967,NA,"Excitatory_neuron"
"GLCCI1","GLCCI1-201",0.998096306930967,NA,"Excitatory_neuron"
"GLCE","GLCE-201",0.998096306930967,NA,"Excitatory_neuron"
"GLCE","transcript104571.chr15.nnic",0.998096306930967,NA,"Excitatory_neuron"
"GLE1","GLE1-201",0.998096306930967,NA,"Excitatory_neuron"
"GLE1","GLE1-205",0.998096306930967,NA,"Excitatory_neuron"
"GLG1","transcript114097.chr16.nnic",0.998096306930967,NA,"Excitatory_neuron"
"GLG1","GLG1-211",0.998096306930967,NA,"Excitatory_neuron"
"GLG1","GLG1-202",0.998096306930967,NA,"Excitatory_neuron"
"GLRB","GLRB-201",0.998096306930967,NA,"Excitatory_neuron"
"GLRB","GLRB-207",0.998096306930967,NA,"Excitatory_neuron"
"GLS2","GLS2-201",0.998096306930967,NA,"Excitatory_neuron"
"GLS2","GLS2-217",0.998096306930967,NA,"Excitatory_neuron"
"GLUL","GLUL-202",0.998096306930967,NA,"Excitatory_neuron"
"GLUL","GLUL-203",0.998096306930967,NA,"Excitatory_neuron"
"GMPR2","GMPR2-222",0.998096306930967,NA,"Excitatory_neuron"
"GMPR2","GMPR2-203",0.998096306930967,NA,"Excitatory_neuron"
"GNAI2","GNAI2-202",0.998096306930967,NA,"Excitatory_neuron"
"GNAI2","GNAI2-203",0.998096306930967,NA,"Excitatory_neuron"
"GNAS","GNAS-210",0.998096306930967,NA,"Excitatory_neuron"
"GNAS","GNAS-226",0.998096306930967,NA,"Excitatory_neuron"
"GNAS","GNAS-255",0.998096306930967,NA,"Excitatory_neuron"
"GNAS","GNAS-274",0.998096306930967,NA,"Excitatory_neuron"
"GNAS","GNAS-254",0.998096306930967,NA,"Excitatory_neuron"
"GNB1","GNB1-201",0.948006859166649,NA,"Excitatory_neuron"
"GNB1","GNB1-209",0.948006859166649,NA,"Excitatory_neuron"
"GNB5","GNB5-202",0.998096306930967,NA,"Excitatory_neuron"
"GNB5","GNB5-201",0.998096306930967,NA,"Excitatory_neuron"
"GNG2","GNG2-213",0.998096306930967,NA,"Excitatory_neuron"
"GNG2","transcript44488.chr14.nic",0.998096306930967,NA,"Excitatory_neuron"
"GNL3L","GNL3L-208",0.998096306930967,NA,"Excitatory_neuron"
"GNL3L","GNL3L-202",0.998096306930967,NA,"Excitatory_neuron"
"GNL3L","GNL3L-201",0.998096306930967,NA,"Excitatory_neuron"
"GNPAT","transcript334694.chr1.nic",0.998096306930967,NA,"Excitatory_neuron"
"GNPAT","GNPAT-201",0.998096306930967,NA,"Excitatory_neuron"
"GOLGA2","GOLGA2-220",0.998096306930967,NA,"Excitatory_neuron"
"GOLGA2","GOLGA2-213",0.998096306930967,NA,"Excitatory_neuron"
"GOLGA3","GOLGA3-206",0.998096306930967,NA,"Excitatory_neuron"
"GOLGA3","GOLGA3-221",0.998096306930967,NA,"Excitatory_neuron"
"GOLGA3","GOLGA3-220",0.998096306930967,NA,"Excitatory_neuron"
"GOLGA3","GOLGA3-202",0.998096306930967,NA,"Excitatory_neuron"
"GOLGA4","GOLGA4-215",0.998096306930967,NA,"Excitatory_neuron"
"GOLGA4","GOLGA4-202",0.998096306930967,NA,"Excitatory_neuron"
"GOLGA4","GOLGA4-209",0.998096306930967,NA,"Excitatory_neuron"
"GOLGA8A","GOLGA8A-202",0.998096306930967,NA,"Excitatory_neuron"
"GOLGA8A","GOLGA8A-204",0.998096306930967,NA,"Excitatory_neuron"
"GOLGA8A","GOLGA8A-205",0.998096306930967,NA,"Excitatory_neuron"
"GOLGA8B","GOLGA8B-203",0.998096306930967,NA,"Excitatory_neuron"
"GOLGA8B","GOLGA8B-211",0.998096306930967,NA,"Excitatory_neuron"
"GOLGB1","GOLGB1-202",0.998096306930967,NA,"Excitatory_neuron"
"GOLGB1","GOLGB1-201",0.998096306930967,NA,"Excitatory_neuron"
"GOLGB1","GOLGB1-205",0.998096306930967,NA,"Excitatory_neuron"
"GOLGB1","GOLGB1-248",0.998096306930967,NA,"Excitatory_neuron"
"GOLGB1","GOLGB1-211",0.998096306930967,NA,"Excitatory_neuron"
"GOLGB1","GOLGB1-243",0.998096306930967,NA,"Excitatory_neuron"
"GOLGB1","GOLGB1-208",0.998096306930967,NA,"Excitatory_neuron"
"GOLGB1","GOLGB1-240",0.998096306930967,NA,"Excitatory_neuron"
"GOLGB1","GOLGB1-253",0.998096306930967,NA,"Excitatory_neuron"
"GOLGB1","GOLGB1-238",0.998096306930967,NA,"Excitatory_neuron"
"GOLGB1","GOLGB1-232",0.998096306930967,NA,"Excitatory_neuron"
"GOLGB1","GOLGB1-214",0.998096306930967,NA,"Excitatory_neuron"
"GOLGB1","GOLGB1-212",0.998096306930967,NA,"Excitatory_neuron"
"GOLIM4","GOLIM4-201",0.998096306930967,NA,"Excitatory_neuron"
"GOLIM4","GOLIM4-202",0.998096306930967,NA,"Excitatory_neuron"
"GOLM2","GOLM2-201",0.998096306930967,NA,"Excitatory_neuron"
"GOLM2","GOLM2-202",0.998096306930967,NA,"Excitatory_neuron"
"GON4L","GON4L-209",0.970998872888228,NA,"Excitatory_neuron"
"GON4L","GON4L-201",0.970998872888228,NA,"Excitatory_neuron"
"GON4L","GON4L-203",0.970998872888228,NA,"Excitatory_neuron"
"GON4L","GON4L-204",0.970998872888228,NA,"Excitatory_neuron"
"GOSR2","GOSR2-232",0.998096306930967,NA,"Excitatory_neuron"
"GOSR2","GOSR2-239",0.998096306930967,NA,"Excitatory_neuron"
"GOSR2","GOSR2-240",0.998096306930967,NA,"Excitatory_neuron"
"GOSR2","transcript85375.chr17.nic",0.998096306930967,NA,"Excitatory_neuron"
"GOSR2","GOSR2-241",0.998096306930967,NA,"Excitatory_neuron"
"GOSR2","GOSR2-220",0.998096306930967,NA,"Excitatory_neuron"
"GOSR2","GOSR2-213",0.998096306930967,NA,"Excitatory_neuron"
"GPAA1","GPAA1-201",0.998096306930967,NA,"Excitatory_neuron"
"GPAA1","GPAA1-219",0.998096306930967,NA,"Excitatory_neuron"
"GPAA1","GPAA1-216",0.998096306930967,NA,"Excitatory_neuron"
"GPAT4","GPAT4-201",0.998096306930967,NA,"Excitatory_neuron"
"GPAT4","transcript84292.chr8.nnic",0.998096306930967,NA,"Excitatory_neuron"
"GPATCH2","GPATCH2-201",0.998096306930967,NA,"Excitatory_neuron"
"GPATCH2","GPATCH2-202",0.998096306930967,NA,"Excitatory_neuron"
"GPATCH2L","GPATCH2L-201",0.998096306930967,NA,"Excitatory_neuron"
"GPATCH2L","GPATCH2L-204",0.998096306930967,NA,"Excitatory_neuron"
"GPATCH2L","GPATCH2L-202",0.998096306930967,NA,"Excitatory_neuron"
"GPATCH8","GPATCH8-201",0.998096306930967,NA,"Excitatory_neuron"
"GPATCH8","GPATCH8-211",0.998096306930967,NA,"Excitatory_neuron"
"GPATCH8","GPATCH8-208",0.998096306930967,NA,"Excitatory_neuron"
"GPBP1","GPBP1-208",0.998096306930967,NA,"Excitatory_neuron"
"GPBP1","GPBP1-204",0.998096306930967,NA,"Excitatory_neuron"
"GPBP1","GPBP1-203",0.998096306930967,NA,"Excitatory_neuron"
"GPC1","GPC1-201",0.998096306930967,NA,"Excitatory_neuron"
"GPC1","GPC1-209",0.998096306930967,NA,"Excitatory_neuron"
"GPC5","transcript73449.chr13.nnic",0.998096306930967,NA,"Excitatory_neuron"
"GPC5","GPC5-201",0.998096306930967,NA,"Excitatory_neuron"
"GPI","GPI-203",0.998096306930967,NA,"Excitatory_neuron"
"GPI","GPI-201",0.998096306930967,NA,"Excitatory_neuron"
"GPI","GPI-202",0.998096306930967,NA,"Excitatory_neuron"
"GPI","GPI-212",0.998096306930967,NA,"Excitatory_neuron"
"GPI","transcript91629.chr19.nic",0.998096306930967,NA,"Excitatory_neuron"
"GPM6A","transcript211412.chr4.nnic",0.998201619472994,NA,"Excitatory_neuron"
"GPM6A","GPM6A-202",0.998201619472994,NA,"Excitatory_neuron"
"GPM6A","GPM6A-210",0.998201619472994,NA,"Excitatory_neuron"
"GPM6B","GPM6B-201",0.998096306930967,NA,"Excitatory_neuron"
"GPM6B","transcript16090.chrX.nic",0.998096306930967,NA,"Excitatory_neuron"
"GPM6B","GPM6B-205",0.998096306930967,NA,"Excitatory_neuron"
"GPM6B","transcript16025.chrX.nic",0.998096306930967,NA,"Excitatory_neuron"
"GPM6B","GPM6B-202",0.998096306930967,NA,"Excitatory_neuron"
"GPM6B","GPM6B-203",0.998096306930967,NA,"Excitatory_neuron"
"GPR108","GPR108-201",0.998096306930967,NA,"Excitatory_neuron"
"GPR108","GPR108-202",0.998096306930967,NA,"Excitatory_neuron"
"GPR22","GPR22-203",0.998096306930967,NA,"Excitatory_neuron"
"GPR22","GPR22-201",0.998096306930967,NA,"Excitatory_neuron"
"GPR61","GPR61-205",0.998096306930967,NA,"Excitatory_neuron"
"GPR61","GPR61-201",0.998096306930967,NA,"Excitatory_neuron"
"GPR61","GPR61-204",0.998096306930967,NA,"Excitatory_neuron"
"GPR85","GPR85-202",0.998096306930967,NA,"Excitatory_neuron"
"GPR85","GPR85-204",0.998096306930967,NA,"Excitatory_neuron"
"GPRASP1","GPRASP1-205",0.998096306930967,NA,"Excitatory_neuron"
"GPRASP1","GPRASP1-203",0.998096306930967,NA,"Excitatory_neuron"
"GPRASP1","GPRASP1-201",0.998096306930967,NA,"Excitatory_neuron"
"GPRASP3","GPRASP3-203",0.998096306930967,NA,"Excitatory_neuron"
"GPRASP3","GPRASP3-205",0.998096306930967,NA,"Excitatory_neuron"
"GPRIN3","GPRIN3-202",0.998096306930967,NA,"Excitatory_neuron"
"GPRIN3","GPRIN3-201",0.998096306930967,NA,"Excitatory_neuron"
"GRAMD2B","GRAMD2B-218",0.998096306930967,NA,"Excitatory_neuron"
"GRAMD2B","GRAMD2B-201",0.998096306930967,NA,"Excitatory_neuron"
"GRB2","GRB2-202",0.998096306930967,NA,"Excitatory_neuron"
"GRB2","GRB2-205",0.998096306930967,NA,"Excitatory_neuron"
"GRB2","GRB2-212",0.998096306930967,NA,"Excitatory_neuron"
"GRHL1","transcript14595.chr2.nic",0.998096306930967,NA,"Excitatory_neuron"
"GRHL1","transcript14598.chr2.nnic",0.998096306930967,NA,"Excitatory_neuron"
"GRHPR","transcript50500.chr9.nic",0.998096306930967,NA,"Excitatory_neuron"
"GRHPR","GRHPR-201",0.998096306930967,NA,"Excitatory_neuron"
"GRIA1","GRIA1-201",0.998096306930967,NA,"Excitatory_neuron"
"GRIA1","GRIA1-214",0.998096306930967,NA,"Excitatory_neuron"
"GRIA2","GRIA2-231",0.998096306930967,NA,"Excitatory_neuron"
"GRIA2","GRIA2-202",0.998096306930967,NA,"Excitatory_neuron"
"GRIA2","GRIA2-227",0.998096306930967,NA,"Excitatory_neuron"
"GRIA2","GRIA2-220",0.998096306930967,NA,"Excitatory_neuron"
"GRIA2","GRIA2-205",0.998096306930967,NA,"Excitatory_neuron"
"GRIA2","GRIA2-201",0.998096306930967,NA,"Excitatory_neuron"
"GRIA3","GRIA3-206",0.998096306930967,NA,"Excitatory_neuron"
"GRIA3","GRIA3-208",0.998096306930967,NA,"Excitatory_neuron"
"GRIA4","GRIA4-209",0.998096306930967,NA,"Excitatory_neuron"
"GRIA4","GRIA4-203",0.998096306930967,NA,"Excitatory_neuron"
"GRIA4","GRIA4-202",0.998096306930967,NA,"Excitatory_neuron"
"GRIA4","GRIA4-205",0.998096306930967,NA,"Excitatory_neuron"
"GRIA4","transcript158967.chr11.nnic",0.998096306930967,NA,"Excitatory_neuron"
"GRIA4","GRIA4-204",0.998096306930967,NA,"Excitatory_neuron"
"GRIN1","GRIN1-211",0.998096306930967,NA,"Excitatory_neuron"
"GRIN1","GRIN1-208",0.998096306930967,NA,"Excitatory_neuron"
"GRIN2A","GRIN2A-217",0.998096306930967,NA,"Excitatory_neuron"
"GRIN2A","GRIN2A-205",0.998096306930967,NA,"Excitatory_neuron"
"GRIN2B","GRIN2B-201",0.998096306930967,NA,"Excitatory_neuron"
"GRIN2B","GRIN2B-204",0.998096306930967,NA,"Excitatory_neuron"
"GRIN2B","transcript29025.chr12.nic",0.998096306930967,NA,"Excitatory_neuron"
"GRIP1","transcript91801.chr12.nic",0.998096306930967,NA,"Excitatory_neuron"
"GRIP1","GRIP1-220",0.998096306930967,NA,"Excitatory_neuron"
"GRIPAP1","GRIPAP1-212",0.998096306930967,NA,"Excitatory_neuron"
"GRIPAP1","GRIPAP1-231",0.998096306930967,NA,"Excitatory_neuron"
"GRIPAP1","GRIPAP1-223",0.998096306930967,NA,"Excitatory_neuron"
"GRIPAP1","GRIPAP1-221",0.998096306930967,NA,"Excitatory_neuron"
"GRIPAP1","GRIPAP1-201",0.998096306930967,NA,"Excitatory_neuron"
"GRM1","GRM1-208",0.998096306930967,NA,"Excitatory_neuron"
"GRM1","transcript198422.chr6.nic",0.998096306930967,NA,"Excitatory_neuron"
"GRM1","GRM1-205",0.998096306930967,NA,"Excitatory_neuron"
"GRM2","GRM2-202",0.998096306930967,NA,"Excitatory_neuron"
"GRM2","GRM2-205",0.998096306930967,NA,"Excitatory_neuron"
"GRM5","GRM5-202",0.998096306930967,NA,"Excitatory_neuron"
"GRM5","GRM5-205",0.998096306930967,NA,"Excitatory_neuron"
"GRM7","GRM7-215",0.998096306930967,NA,"Excitatory_neuron"
"GRM7","GRM7-201",0.998096306930967,NA,"Excitatory_neuron"
"GRM7","GRM7-214",0.998096306930967,NA,"Excitatory_neuron"
"GRM7","GRM7-211",0.998096306930967,NA,"Excitatory_neuron"
"GRSF1","GRSF1-202",0.998096306930967,NA,"Excitatory_neuron"
"GRSF1","GRSF1-201",0.998096306930967,NA,"Excitatory_neuron"
"GRSF1","GRSF1-204",0.998096306930967,NA,"Excitatory_neuron"
"GSDME","GSDME-214",0.998096306930967,NA,"Excitatory_neuron"
"GSDME","GSDME-201",0.998096306930967,NA,"Excitatory_neuron"
"GSDME","GSDME-204",0.998096306930967,NA,"Excitatory_neuron"
"GSN","GSN-207",0.948006859166649,NA,"Excitatory_neuron"
"GSN","GSN-204",0.948006859166649,NA,"Excitatory_neuron"
"GSS","GSS-228",0.998096306930967,NA,"Excitatory_neuron"
"GSS","GSS-212",0.998096306930967,NA,"Excitatory_neuron"
"GSTK1","GSTK1-207",0.998096306930967,NA,"Excitatory_neuron"
"GSTK1","transcript212479.chr7.nnic",0.998096306930967,NA,"Excitatory_neuron"
"GTF2I","GTF2I-221",0.998096306930967,NA,"Excitatory_neuron"
"GTF2I","GTF2I-212",0.998096306930967,NA,"Excitatory_neuron"
"GTF3C1","GTF3C1-201",0.636529170857829,NA,"Excitatory_neuron"
"GTF3C1","GTF3C1-202",0.636529170857829,NA,"Excitatory_neuron"
"GTF3C5","transcript221553.chr9.nic",0.998096306930967,NA,"Excitatory_neuron"
"GTF3C5","GTF3C5-202",0.998096306930967,NA,"Excitatory_neuron"
"GTPBP3","GTPBP3-201",0.998096306930967,NA,"Excitatory_neuron"
"GTPBP3","GTPBP3-202",0.998096306930967,NA,"Excitatory_neuron"
"GUCY1A1","GUCY1A1-210",0.998096306930967,NA,"Excitatory_neuron"
"GUCY1A1","GUCY1A1-204",0.998096306930967,NA,"Excitatory_neuron"
"GUCY1A1","GUCY1A1-205",0.998096306930967,NA,"Excitatory_neuron"
"GUCY1B1","GUCY1B1-201",0.998096306930967,NA,"Excitatory_neuron"
"GUCY1B1","GUCY1B1-204",0.998096306930967,NA,"Excitatory_neuron"
"GUK1","GUK1-201",0.998096306930967,NA,"Excitatory_neuron"
"GUK1","GUK1-212",0.998096306930967,NA,"Excitatory_neuron"
"GVQW3","GVQW3-209",0.998096306930967,NA,"Excitatory_neuron"
"GVQW3","GVQW3-208",0.998096306930967,NA,"Excitatory_neuron"
"GZF1","GZF1-201",0.998096306930967,NA,"Excitatory_neuron"
"GZF1","transcript29552.chr20.nic",0.998096306930967,NA,"Excitatory_neuron"
"H2AZ2","H2AZ2-201",0.998096306930967,NA,"Excitatory_neuron"
"H2AZ2","H2AZ2-202",0.998096306930967,NA,"Excitatory_neuron"
"HACD3","HACD3-201",0.998096306930967,NA,"Excitatory_neuron"
"HACD3","HACD3-212",0.998096306930967,NA,"Excitatory_neuron"
"HACE1","HACE1-203",0.998096306930967,NA,"Excitatory_neuron"
"HACE1","HACE1-201",0.998096306930967,NA,"Excitatory_neuron"
"HADH","HADH-201",0.998096306930967,NA,"Excitatory_neuron"
"HADH","HADH-207",0.998096306930967,NA,"Excitatory_neuron"
"HAGH","HAGH-202",0.998096306930967,NA,"Excitatory_neuron"
"HAGH","transcript5887.chr16.nnic",0.998096306930967,NA,"Excitatory_neuron"
"HAGH","HAGH-201",0.998096306930967,NA,"Excitatory_neuron"
"HARS1","HARS1-207",0.998096306930967,NA,"Excitatory_neuron"
"HARS1","HARS1-229",0.998096306930967,NA,"Excitatory_neuron"
"HARS1","HARS1-209",0.998096306930967,NA,"Excitatory_neuron"
"HARS1","HARS1-218",0.998096306930967,NA,"Excitatory_neuron"
"HARS1","HARS1-205",0.998096306930967,NA,"Excitatory_neuron"
"HAUS3","HAUS3-201",0.998096306930967,NA,"Excitatory_neuron"
"HAUS3","HAUS3-202",0.998096306930967,NA,"Excitatory_neuron"
"HAUS3","HAUS3-204",0.998096306930967,NA,"Excitatory_neuron"
"HAUS5","HAUS5-206",0.873010697339703,NA,"Excitatory_neuron"
"HAUS5","HAUS5-205",0.873010697339703,NA,"Excitatory_neuron"
"HBP1","HBP1-208",0.998096306930967,NA,"Excitatory_neuron"
"HBP1","HBP1-201",0.998096306930967,NA,"Excitatory_neuron"
"HBS1L","HBS1L-205",0.998096306930967,NA,"Excitatory_neuron"
"HBS1L","HBS1L-203",0.998096306930967,NA,"Excitatory_neuron"
"HCCS","HCCS-202",0.948006859166649,NA,"Excitatory_neuron"
"HCCS","transcript11931.chrX.nic",0.948006859166649,NA,"Excitatory_neuron"
"HCFC2","transcript147424.chr12.nic",0.998096306930967,NA,"Excitatory_neuron"
"HCFC2","HCFC2-201",0.998096306930967,NA,"Excitatory_neuron"
"HCG18","HCG18-235",0.998096306930967,NA,"Excitatory_neuron"
"HCG18","HCG18-259",0.998096306930967,NA,"Excitatory_neuron"
"HCG18","HCG18-246",0.998096306930967,NA,"Excitatory_neuron"
"HCG18","HCG18-242",0.998096306930967,NA,"Excitatory_neuron"
"HCG18","HCG18-244",0.998096306930967,NA,"Excitatory_neuron"
"HDAC4","transcript407187.chr2.nic",0.998096306930967,NA,"Excitatory_neuron"
"HDAC4","HDAC4-201",0.998096306930967,NA,"Excitatory_neuron"
"HDAC5","HDAC5-213",0.998096306930967,NA,"Excitatory_neuron"
"HDAC5","HDAC5-204",0.998096306930967,NA,"Excitatory_neuron"
"HDAC5","HDAC5-201",0.998096306930967,NA,"Excitatory_neuron"
"HDAC5","HDAC5-211",0.998096306930967,NA,"Excitatory_neuron"
"HDAC8","HDAC8-223",0.998096306930967,NA,"Excitatory_neuron"
"HDAC8","HDAC8-253",0.998096306930967,NA,"Excitatory_neuron"
"HDAC8","HDAC8-234",0.998096306930967,NA,"Excitatory_neuron"
"HDAC9","transcript27348.chr7.nic",0.998096306930967,NA,"Excitatory_neuron"
"HDAC9","transcript27390.chr7.nnic",0.998096306930967,NA,"Excitatory_neuron"
"HDAC9","HDAC9-232",0.998096306930967,NA,"Excitatory_neuron"
"HDGFL2","HDGFL2-210",0.998096306930967,NA,"Excitatory_neuron"
"HDGFL2","HDGFL2-208",0.998096306930967,NA,"Excitatory_neuron"
"HDHD2","HDHD2-201",0.998096306930967,NA,"Excitatory_neuron"
"HDHD2","HDHD2-206",0.998096306930967,NA,"Excitatory_neuron"
"HDHD2","HDHD2-205",0.998096306930967,NA,"Excitatory_neuron"
"HDLBP","HDLBP-204",0.998096306930967,NA,"Excitatory_neuron"
"HDLBP","HDLBP-201",0.998096306930967,NA,"Excitatory_neuron"
"HDX","HDX-202",0.998096306930967,NA,"Excitatory_neuron"
"HDX","HDX-201",0.998096306930967,NA,"Excitatory_neuron"
"HECTD1","HECTD1-201",0.998096306930967,NA,"Excitatory_neuron"
"HECTD1","HECTD1-218",0.998096306930967,NA,"Excitatory_neuron"
"HECTD1","HECTD1-208",0.998096306930967,NA,"Excitatory_neuron"
"HECTD1","HECTD1-228",0.998096306930967,NA,"Excitatory_neuron"
"HECTD1","HECTD1-203",0.998096306930967,NA,"Excitatory_neuron"
"HECTD2","HECTD2-203",0.998096306930967,NA,"Excitatory_neuron"
"HECTD2","HECTD2-201",0.998096306930967,NA,"Excitatory_neuron"
"HECTD4","HECTD4-202",0.948006859166649,NA,"Excitatory_neuron"
"HECTD4","HECTD4-216",0.948006859166649,NA,"Excitatory_neuron"
"HECTD4","HECTD4-213",0.948006859166649,NA,"Excitatory_neuron"
"HECTD4","HECTD4-201",0.948006859166649,NA,"Excitatory_neuron"
"HECW1","HECW1-203",0.998096306930967,NA,"Excitatory_neuron"
"HECW1","HECW1-201",0.998096306930967,NA,"Excitatory_neuron"
"HELZ","HELZ-202",0.998096306930967,NA,"Excitatory_neuron"
"HELZ","HELZ-201",0.998096306930967,NA,"Excitatory_neuron"
"HERC1","HERC1-201",0.998096306930967,NA,"Excitatory_neuron"
"HERC1","HERC1-205",0.998096306930967,NA,"Excitatory_neuron"
"HERC2","HERC2-207",0.998096306930967,NA,"Excitatory_neuron"
"HERC2","HERC2-201",0.998096306930967,NA,"Excitatory_neuron"
"HERC3","HERC3-202",0.998096306930967,NA,"Excitatory_neuron"
"HERC3","transcript131092.chr4.nic",0.998096306930967,NA,"Excitatory_neuron"
"HERPUD1","HERPUD1-201",0.998096306930967,NA,"Excitatory_neuron"
"HERPUD1","HERPUD1-204",0.998096306930967,NA,"Excitatory_neuron"
"HEXA","HEXA-239",0.998096306930967,NA,"Excitatory_neuron"
"HEXA","HEXA-201",0.998096306930967,NA,"Excitatory_neuron"
"HEXA","HEXA-247",0.998096306930967,NA,"Excitatory_neuron"
"HEY1","HEY1-206",0.998096306930967,NA,"Excitatory_neuron"
"HEY1","HEY1-202",0.998096306930967,NA,"Excitatory_neuron"
"HEY1","HEY1-201",0.998096306930967,NA,"Excitatory_neuron"
"HGS","HGS-261",0.998096306930967,NA,"Excitatory_neuron"
"HGS","HGS-235",0.998096306930967,NA,"Excitatory_neuron"
"HGS","HGS-280",0.998096306930967,NA,"Excitatory_neuron"
"HGS","HGS-201",0.998096306930967,NA,"Excitatory_neuron"
"HGSNAT","HGSNAT-201",0.998096306930967,NA,"Excitatory_neuron"
"HGSNAT","transcript86612.chr8.nic",0.998096306930967,NA,"Excitatory_neuron"
"HID1","HID1-202",0.998096306930967,NA,"Excitatory_neuron"
"HID1","HID1-207",0.998096306930967,NA,"Excitatory_neuron"
"HIGD1A","HIGD1A-201",0.998096306930967,NA,"Excitatory_neuron"
"HIGD1A","HIGD1A-202",0.998096306930967,NA,"Excitatory_neuron"
"HINFP","HINFP-201",0.998096306930967,NA,"Excitatory_neuron"
"HINFP","transcript183184.chr11.nic",0.998096306930967,NA,"Excitatory_neuron"
"HINFP","transcript183208.chr11.nic",0.998096306930967,NA,"Excitatory_neuron"
"HINT1","HINT1-201",0.998096306930967,NA,"Excitatory_neuron"
"HINT1","HINT1-204",0.998096306930967,NA,"Excitatory_neuron"
"HIPK2","transcript205143.chr7.nic",0.998096306930967,NA,"Excitatory_neuron"
"HIPK2","HIPK2-203",0.998096306930967,NA,"Excitatory_neuron"
"HIPK2","transcript205516.chr7.nic",0.998096306930967,NA,"Excitatory_neuron"
"HLF","HLF-201",0.948006859166649,NA,"Excitatory_neuron"
"HLF","HLF-208",0.948006859166649,NA,"Excitatory_neuron"
"HLTF","HLTF-203",0.998096306930967,NA,"Excitatory_neuron"
"HLTF","HLTF-208",0.998096306930967,NA,"Excitatory_neuron"
"HM13","HM13-203",0.998096306930967,NA,"Excitatory_neuron"
"HM13","HM13-223",0.998096306930967,NA,"Excitatory_neuron"
"HM13","HM13-229",0.998096306930967,NA,"Excitatory_neuron"
"HMGCR","HMGCR-214",0.998096306930967,NA,"Excitatory_neuron"
"HMGCR","HMGCR-202",0.998096306930967,NA,"Excitatory_neuron"
"HMGCR","HMGCR-201",0.998096306930967,NA,"Excitatory_neuron"
"HMGN1","HMGN1-204",0.998096306930967,NA,"Excitatory_neuron"
"HMGN1","HMGN1-216",0.998096306930967,NA,"Excitatory_neuron"
"HMGN1","HMGN1-220",0.998096306930967,NA,"Excitatory_neuron"
"HMGXB3","transcript206469.chr5.nic",0.998160378894535,NA,"Excitatory_neuron"
"HMGXB3","HMGXB3-206",0.998160378894535,NA,"Excitatory_neuron"
"HMGXB4","HMGXB4-202",0.998096306930967,NA,"Excitatory_neuron"
"HMGXB4","HMGXB4-201",0.998096306930967,NA,"Excitatory_neuron"
"HMGXB4","HMGXB4-203",0.998096306930967,NA,"Excitatory_neuron"
"HNRNPA1","HNRNPA1-205",0.998096306930967,NA,"Excitatory_neuron"
"HNRNPA1","HNRNPA1-202",0.998096306930967,NA,"Excitatory_neuron"
"HNRNPA1","HNRNPA1-209",0.998096306930967,NA,"Excitatory_neuron"
"HNRNPA1","HNRNPA1-231",0.998096306930967,NA,"Excitatory_neuron"
"HNRNPA1","HNRNPA1-203",0.998096306930967,NA,"Excitatory_neuron"
"HNRNPA1","HNRNPA1-237",0.998096306930967,NA,"Excitatory_neuron"
"HNRNPA2B1","HNRNPA2B1-227",0.998096306930967,NA,"Excitatory_neuron"
"HNRNPA2B1","HNRNPA2B1-226",0.998096306930967,NA,"Excitatory_neuron"
"HNRNPA2B1","HNRNPA2B1-205",0.998096306930967,NA,"Excitatory_neuron"
"HNRNPA2B1","HNRNPA2B1-204",0.998096306930967,NA,"Excitatory_neuron"
"HNRNPA3","HNRNPA3-211",0.998096306930967,NA,"Excitatory_neuron"
"HNRNPA3","HNRNPA3-210",0.998096306930967,NA,"Excitatory_neuron"
"HNRNPA3","HNRNPA3-207",0.998096306930967,NA,"Excitatory_neuron"
"HNRNPA3","HNRNPA3-216",0.998096306930967,NA,"Excitatory_neuron"
"HNRNPA3","HNRNPA3-218",0.998096306930967,NA,"Excitatory_neuron"
"HNRNPA3","HNRNPA3-202",0.998096306930967,NA,"Excitatory_neuron"
"HNRNPC","HNRNPC-204",0.998096306930967,NA,"Excitatory_neuron"
"HNRNPC","HNRNPC-210",0.998096306930967,NA,"Excitatory_neuron"
"HNRNPDL","HNRNPDL-201",0.998096306930967,NA,"Excitatory_neuron"
"HNRNPDL","HNRNPDL-204",0.998096306930967,NA,"Excitatory_neuron"
"HNRNPDL","HNRNPDL-206",0.998096306930967,NA,"Excitatory_neuron"
"HNRNPF","HNRNPF-207",0.998096306930967,NA,"Excitatory_neuron"
"HNRNPF","HNRNPF-208",0.998096306930967,NA,"Excitatory_neuron"
"HNRNPF","HNRNPF-204",0.998096306930967,NA,"Excitatory_neuron"
"HNRNPF","HNRNPF-202",0.998096306930967,NA,"Excitatory_neuron"
"HNRNPF","HNRNPF-203",0.998096306930967,NA,"Excitatory_neuron"
"HNRNPH1","HNRNPH1-206",0.998096306930967,NA,"Excitatory_neuron"
"HNRNPH1","HNRNPH1-203",0.998096306930967,NA,"Excitatory_neuron"
"HNRNPH1","HNRNPH1-227",0.998096306930967,NA,"Excitatory_neuron"
"HNRNPH1","HNRNPH1-204",0.998096306930967,NA,"Excitatory_neuron"
"HNRNPH3","HNRNPH3-205",0.998096306930967,NA,"Excitatory_neuron"
"HNRNPH3","HNRNPH3-201",0.998096306930967,NA,"Excitatory_neuron"
"HNRNPK","HNRNPK-205",0.998096306930967,NA,"Excitatory_neuron"
"HNRNPK","HNRNPK-214",0.998096306930967,NA,"Excitatory_neuron"
"HNRNPK","HNRNPK-218",0.998096306930967,NA,"Excitatory_neuron"
"HNRNPK","HNRNPK-202",0.998096306930967,NA,"Excitatory_neuron"
"HNRNPK","HNRNPK-204",0.998096306930967,NA,"Excitatory_neuron"
"HNRNPK","HNRNPK-216",0.998096306930967,NA,"Excitatory_neuron"
"HNRNPM","HNRNPM-202",0.998096306930967,NA,"Excitatory_neuron"
"HNRNPM","HNRNPM-214",0.998096306930967,NA,"Excitatory_neuron"
"HNRNPM","HNRNPM-201",0.998096306930967,NA,"Excitatory_neuron"
"HNRNPR","HNRNPR-203",0.998096306930967,NA,"Excitatory_neuron"
"HNRNPR","HNRNPR-202",0.998096306930967,NA,"Excitatory_neuron"
"HNRNPR","HNRNPR-210",0.998096306930967,NA,"Excitatory_neuron"
"HNRNPR","HNRNPR-201",0.998096306930967,NA,"Excitatory_neuron"
"HNRNPU","HNRNPU-226",0.998096306930967,NA,"Excitatory_neuron"
"HNRNPU","HNRNPU-219",0.998096306930967,NA,"Excitatory_neuron"
"HNRNPU","HNRNPU-203",0.998096306930967,NA,"Excitatory_neuron"
"HNRNPU","HNRNPU-205",0.998096306930967,NA,"Excitatory_neuron"
"HNRNPU","HNRNPU-217",0.998096306930967,NA,"Excitatory_neuron"
"HNRNPU","HNRNPU-209",0.998096306930967,NA,"Excitatory_neuron"
"HNRNPU","HNRNPU-204",0.998096306930967,NA,"Excitatory_neuron"
"HOOK1","HOOK1-209",0.998096306930967,NA,"Excitatory_neuron"
"HOOK1","HOOK1-201",0.998096306930967,NA,"Excitatory_neuron"
"HOOK1","HOOK1-208",0.998096306930967,NA,"Excitatory_neuron"
"HOOK2","HOOK2-201",0.998096306930967,NA,"Excitatory_neuron"
"HOOK2","HOOK2-210",0.998096306930967,NA,"Excitatory_neuron"
"HOOK3","HOOK3-201",0.980126729842486,NA,"Excitatory_neuron"
"HOOK3","HOOK3-204",0.980126729842486,NA,"Excitatory_neuron"
"HOPX","HOPX-208",0.998096306930967,NA,"Excitatory_neuron"
"HOPX","HOPX-202",0.998096306930967,NA,"Excitatory_neuron"
"HOPX","HOPX-207",0.998096306930967,NA,"Excitatory_neuron"
"HOPX","HOPX-206",0.998096306930967,NA,"Excitatory_neuron"
"HP1BP3","HP1BP3-203",0.998096306930967,NA,"Excitatory_neuron"
"HP1BP3","HP1BP3-210",0.998096306930967,NA,"Excitatory_neuron"
"HPS1","HPS1-242",0.998096306930967,NA,"Excitatory_neuron"
"HPS1","HPS1-237",0.998096306930967,NA,"Excitatory_neuron"
"HPS4","HPS4-209",0.998096306930967,NA,"Excitatory_neuron"
"HPS4","HPS4-248",0.998096306930967,NA,"Excitatory_neuron"
"HSBP1","HSBP1-201",0.998096306930967,NA,"Excitatory_neuron"
"HSBP1","HSBP1-210",0.998096306930967,NA,"Excitatory_neuron"
"HSD17B12","HSD17B12-201",0.998096306930967,NA,"Excitatory_neuron"
"HSD17B12","HSD17B12-203",0.998096306930967,NA,"Excitatory_neuron"
"HSD17B4","HSD17B4-211",0.998096306930967,NA,"Excitatory_neuron"
"HSD17B4","HSD17B4-244",0.998096306930967,NA,"Excitatory_neuron"
"HSF2","HSF2-202",0.998096306930967,NA,"Excitatory_neuron"
"HSF2","HSF2-201",0.998096306930967,NA,"Excitatory_neuron"
"HSP90AA1","HSP90AA1-202",0.998096306930967,NA,"Excitatory_neuron"
"HSP90AA1","HSP90AA1-201",0.998096306930967,NA,"Excitatory_neuron"
"HSP90AB1","HSP90AB1-201",0.948006859166649,NA,"Excitatory_neuron"
"HSP90AB1","HSP90AB1-203",0.948006859166649,NA,"Excitatory_neuron"
"HSP90B1","HSP90B1-234",0.998096306930967,NA,"Excitatory_neuron"
"HSP90B1","HSP90B1-207",0.998096306930967,NA,"Excitatory_neuron"
"HSP90B1","HSP90B1-211",0.998096306930967,NA,"Excitatory_neuron"
"HSP90B1","HSP90B1-201",0.998096306930967,NA,"Excitatory_neuron"
"HSP90B1","HSP90B1-217",0.998096306930967,NA,"Excitatory_neuron"
"HSP90B1","HSP90B1-213",0.998096306930967,NA,"Excitatory_neuron"
"HSPA12A","HSPA12A-224",0.998096306930967,NA,"Excitatory_neuron"
"HSPA12A","HSPA12A-201",0.998096306930967,NA,"Excitatory_neuron"
"HSPA12A","HSPA12A-207",0.998096306930967,NA,"Excitatory_neuron"
"HSPA12A","HSPA12A-225",0.998096306930967,NA,"Excitatory_neuron"
"HSPA12A","HSPA12A-206",0.998096306930967,NA,"Excitatory_neuron"
"HSPA1A","transcript41673.chr6.nnic",0.998096306930967,NA,"Excitatory_neuron"
"HSPA1A","HSPA1A-201",0.998096306930967,NA,"Excitatory_neuron"
"HSPA5","HSPA5-201",0.998096306930967,NA,"Excitatory_neuron"
"HSPA5","HSPA5-202",0.998096306930967,NA,"Excitatory_neuron"
"HSPA5","HSPA5-206",0.998096306930967,NA,"Excitatory_neuron"
"HSPA8","HSPA8-201",0.998096306930967,NA,"Excitatory_neuron"
"HSPA8","HSPA8-218",0.998096306930967,NA,"Excitatory_neuron"
"HSPA8","HSPA8-224",0.998096306930967,NA,"Excitatory_neuron"
"HSPA9","HSPA9-220",0.998096306930967,NA,"Excitatory_neuron"
"HSPA9","HSPA9-201",0.998096306930967,NA,"Excitatory_neuron"
"HSPA9","HSPA9-206",0.998096306930967,NA,"Excitatory_neuron"
"HSPA9","HSPA9-207",0.998096306930967,NA,"Excitatory_neuron"
"HSPA9","HSPA9-211",0.998096306930967,NA,"Excitatory_neuron"
"HSPA9","HSPA9-209",0.998096306930967,NA,"Excitatory_neuron"
"HSPD1","HSPD1-202",0.998096306930967,NA,"Excitatory_neuron"
"HSPD1","HSPD1-221",0.998096306930967,NA,"Excitatory_neuron"
"HSPD1","HSPD1-201",0.998096306930967,NA,"Excitatory_neuron"
"HSPD1","HSPD1-204",0.998096306930967,NA,"Excitatory_neuron"
"HSPD1","HSPD1-211",0.998096306930967,NA,"Excitatory_neuron"
"HSPD1","HSPD1-210",0.998096306930967,NA,"Excitatory_neuron"
"HSPH1","HSPH1-202",0.998096306930967,NA,"Excitatory_neuron"
"HSPH1","HSPH1-201",0.998096306930967,NA,"Excitatory_neuron"
"HSPH1","HSPH1-209",0.998096306930967,NA,"Excitatory_neuron"
"HTATSF1","HTATSF1-204",0.999377203936813,NA,"Excitatory_neuron"
"HTATSF1","HTATSF1-201",0.999377203936813,NA,"Excitatory_neuron"
"HUWE1","HUWE1-216",0.998096306930967,NA,"Excitatory_neuron"
"HUWE1","HUWE1-214",0.998096306930967,NA,"Excitatory_neuron"
"HUWE1","HUWE1-204",0.998096306930967,NA,"Excitatory_neuron"
"HYCC2","HYCC2-211",0.998096306930967,NA,"Excitatory_neuron"
"HYCC2","HYCC2-202",0.998096306930967,NA,"Excitatory_neuron"
"HYDIN","HYDIN-206",0.948006859166649,NA,"Excitatory_neuron"
"HYDIN","transcript110897.chr16.nic",0.948006859166649,NA,"Excitatory_neuron"
"IAH1","IAH1-211",0.998096306930967,NA,"Excitatory_neuron"
"IAH1","IAH1-215",0.998096306930967,NA,"Excitatory_neuron"
"IAH1","IAH1-202",0.998096306930967,NA,"Excitatory_neuron"
"IARS1","IARS1-241",0.998096306930967,NA,"Excitatory_neuron"
"IARS1","IARS1-212",0.998096306930967,NA,"Excitatory_neuron"
"IBTK","transcript125412.chr6.nnic",0.998096306930967,NA,"Excitatory_neuron"
"IBTK","IBTK-202",0.998096306930967,NA,"Excitatory_neuron"
"ICA1","ICA1-207",0.998096306930967,NA,"Excitatory_neuron"
"ICA1","ICA1-206",0.998096306930967,NA,"Excitatory_neuron"
"ICE2","ICE2-213",0.998096306930967,NA,"Excitatory_neuron"
"ICE2","ICE2-201",0.998096306930967,NA,"Excitatory_neuron"
"ICE2","ICE2-203",0.998096306930967,NA,"Excitatory_neuron"
"ICMT","ICMT-201",0.998096306930967,NA,"Excitatory_neuron"
"ICMT","ICMT-203",0.998096306930967,NA,"Excitatory_neuron"
"IDH3A","IDH3A-206",0.998096306930967,NA,"Excitatory_neuron"
"IDH3A","IDH3A-201",0.998096306930967,NA,"Excitatory_neuron"
"IDS","IDS-202",0.998096306930967,NA,"Excitatory_neuron"
"IDS","IDS-203",0.998096306930967,NA,"Excitatory_neuron"
"IDS","IDS-201",0.998096306930967,NA,"Excitatory_neuron"
"IFFO1","transcript12509.chr12.nnic",0.998096306930967,NA,"Excitatory_neuron"
"IFFO1","IFFO1-204",0.998096306930967,NA,"Excitatory_neuron"
"IFFO1","IFFO1-207",0.998096306930967,NA,"Excitatory_neuron"
"IFNAR1","IFNAR1-201",0.998096306930967,NA,"Excitatory_neuron"
"IFNAR1","IFNAR1-214",0.998096306930967,NA,"Excitatory_neuron"
"IFRD1","IFRD1-202",0.997033588765373,NA,"Excitatory_neuron"
"IFRD1","IFRD1-205",0.997033588765373,NA,"Excitatory_neuron"
"IFT140","IFT140-206",0.998096306930967,NA,"Excitatory_neuron"
"IFT140","IFT140-203",0.998096306930967,NA,"Excitatory_neuron"
"IFT172","IFT172-222",0.998096306930967,NA,"Excitatory_neuron"
"IFT172","IFT172-201",0.998096306930967,NA,"Excitatory_neuron"
"IFT172","IFT172-224",0.998096306930967,NA,"Excitatory_neuron"
"IFT172","IFT172-202",0.998096306930967,NA,"Excitatory_neuron"
"IFT172","IFT172-229",0.998096306930967,NA,"Excitatory_neuron"
"IFT172","IFT172-220",0.998096306930967,NA,"Excitatory_neuron"
"IFT172","IFT172-230",0.998096306930967,NA,"Excitatory_neuron"
"IFT172","IFT172-210",0.998096306930967,NA,"Excitatory_neuron"
"IFT22","IFT22-201",0.998096306930967,NA,"Excitatory_neuron"
"IFT22","IFT22-211",0.998096306930967,NA,"Excitatory_neuron"
"IFT80","IFT80-225",0.998096306930967,NA,"Excitatory_neuron"
"IFT80","IFT80-201",0.998096306930967,NA,"Excitatory_neuron"
"IFT80","IFT80-220",0.998096306930967,NA,"Excitatory_neuron"
"IFT81","IFT81-201",0.998096306930967,NA,"Excitatory_neuron"
"IFT81","IFT81-209",0.998096306930967,NA,"Excitatory_neuron"
"IGF1R","IGF1R-216",0.998096306930967,NA,"Excitatory_neuron"
"IGF1R","IGF1R-217",0.998096306930967,NA,"Excitatory_neuron"
"IGHMBP2","transcript103547.chr11.nic",0.998096306930967,NA,"Excitatory_neuron"
"IGHMBP2","transcript103489.chr11.nic",0.998096306930967,NA,"Excitatory_neuron"
"IGHMBP2","IGHMBP2-233",0.998096306930967,NA,"Excitatory_neuron"
"IGSF8","IGSF8-202",0.998096306930967,NA,"Excitatory_neuron"
"IGSF8","IGSF8-205",0.998096306930967,NA,"Excitatory_neuron"
"IGSF8","IGSF8-201",0.998096306930967,NA,"Excitatory_neuron"
"IL6ST","IL6ST-203",0.998096306930967,NA,"Excitatory_neuron"
"IL6ST","IL6ST-204",0.998096306930967,NA,"Excitatory_neuron"
"ILDR2","ILDR2-201",0.998096306930967,NA,"Excitatory_neuron"
"ILDR2","transcript253745.chr1.nic",0.998096306930967,NA,"Excitatory_neuron"
"ILF3","ILF3-202",0.998096306930967,NA,"Excitatory_neuron"
"ILF3","ILF3-216",0.998096306930967,NA,"Excitatory_neuron"
"ILF3","ILF3-207",0.998096306930967,NA,"Excitatory_neuron"
"IMMT","IMMT-207",0.793491733065142,NA,"Excitatory_neuron"
"IMMT","IMMT-204",0.793491733065142,NA,"Excitatory_neuron"
"IMP4","IMP4-208",0.998096306930967,NA,"Excitatory_neuron"
"IMP4","IMP4-201",0.998096306930967,NA,"Excitatory_neuron"
"INF2","INF2-213",0.998096306930967,NA,"Excitatory_neuron"
"INF2","INF2-202",0.998096306930967,NA,"Excitatory_neuron"
"ING4","ING4-201",0.998096306930967,NA,"Excitatory_neuron"
"ING4","ING4-202",0.998096306930967,NA,"Excitatory_neuron"
"INPP4A","INPP4A-210",0.998096306930967,NA,"Excitatory_neuron"
"INPP4A","INPP4A-201",0.998096306930967,NA,"Excitatory_neuron"
"INPP4A","INPP4A-203",0.998096306930967,NA,"Excitatory_neuron"
"INPP5K","transcript4665.chr17.nic",0.79057561140116,NA,"Excitatory_neuron"
"INPP5K","INPP5K-204",0.79057561140116,NA,"Excitatory_neuron"
"INTS1","INTS1-201",0.998096306930967,NA,"Excitatory_neuron"
"INTS1","INTS1-202",0.998096306930967,NA,"Excitatory_neuron"
"INTS10","INTS10-201",0.998096306930967,NA,"Excitatory_neuron"
"INTS10","INTS10-212",0.998096306930967,NA,"Excitatory_neuron"
"INTS11","INTS11-208",0.998096306930967,NA,"Excitatory_neuron"
"INTS11","INTS11-221",0.998096306930967,NA,"Excitatory_neuron"
"INTS11","INTS11-223",0.998096306930967,NA,"Excitatory_neuron"
"INTS3","INTS3-201",0.998096306930967,NA,"Excitatory_neuron"
"INTS3","INTS3-207",0.998096306930967,NA,"Excitatory_neuron"
"INTS6L","transcript149382.chrX.nic",0.998096306930967,NA,"Excitatory_neuron"
"INTS6L","INTS6L-204",0.998096306930967,NA,"Excitatory_neuron"
"INTU","transcript167467.chr4.nic",0.998096306930967,NA,"Excitatory_neuron"
"INTU","INTU-201",0.998096306930967,NA,"Excitatory_neuron"
"IP6K2","IP6K2-201",0.998096306930967,NA,"Excitatory_neuron"
"IP6K2","transcript76419.chr3.nic",0.998096306930967,NA,"Excitatory_neuron"
"IPO5","IPO5-222",0.998096306930967,NA,"Excitatory_neuron"
"IPO5","IPO5-223",0.998096306930967,NA,"Excitatory_neuron"
"IPO5","transcript83092.chr13.nnic",0.998096306930967,NA,"Excitatory_neuron"
"IPO5","IPO5-202",0.998096306930967,NA,"Excitatory_neuron"
"IPO5","transcript83090.chr13.nic",0.998096306930967,NA,"Excitatory_neuron"
"IQCA1","IQCA1-204",0.998096306930967,NA,"Excitatory_neuron"
"IQCA1","IQCA1-201",0.998096306930967,NA,"Excitatory_neuron"
"IQCG","IQCG-213",0.998096306930967,NA,"Excitatory_neuron"
"IQCG","IQCG-201",0.998096306930967,NA,"Excitatory_neuron"
"IQGAP1","IQGAP1-201",0.998096306930967,NA,"Excitatory_neuron"
"IQGAP1","IQGAP1-218",0.998096306930967,NA,"Excitatory_neuron"
"ISG20L2","ISG20L2-202",0.998096306930967,NA,"Excitatory_neuron"
"ISG20L2","ISG20L2-201",0.998096306930967,NA,"Excitatory_neuron"
"ITGB1","ITGB1-220",0.998096306930967,NA,"Excitatory_neuron"
"ITGB1","ITGB1-228",0.998096306930967,NA,"Excitatory_neuron"
"ITGB1","ITGB1-235",0.998096306930967,NA,"Excitatory_neuron"
"ITGB1","ITGB1-221",0.998096306930967,NA,"Excitatory_neuron"
"ITGB1BP1","ITGB1BP1-204",0.998096306930967,NA,"Excitatory_neuron"
"ITGB1BP1","ITGB1BP1-202",0.998096306930967,NA,"Excitatory_neuron"
"ITPR1","transcript8006.chr3.nic",0.999627699403055,NA,"Excitatory_neuron"
"ITPR1","ITPR1-245",0.999627699403055,NA,"Excitatory_neuron"
"ITPR1","ITPR1-237",0.999627699403055,NA,"Excitatory_neuron"
"ITPR1","transcript7429.chr3.nic",0.999627699403055,NA,"Excitatory_neuron"
"ITPR1","ITPR1-221",0.999627699403055,NA,"Excitatory_neuron"
"ITPR1","ITPR1-207",0.999627699403055,NA,"Excitatory_neuron"
"ITPR1","ITPR1-254",0.999627699403055,NA,"Excitatory_neuron"
"ITPR1","ITPR1-234",0.999627699403055,NA,"Excitatory_neuron"
"ITPR1","ITPR1-247",0.999627699403055,NA,"Excitatory_neuron"
"ITPR1","ITPR1-239",0.999627699403055,NA,"Excitatory_neuron"
"ITPR1","ITPR1-252",0.999627699403055,NA,"Excitatory_neuron"
"ITPRID2","ITPRID2-213",0.998096306930967,NA,"Excitatory_neuron"
"ITPRID2","ITPRID2-206",0.998096306930967,NA,"Excitatory_neuron"
"ITPRID2","ITPRID2-212",0.998096306930967,NA,"Excitatory_neuron"
"ITPRID2","ITPRID2-205",0.998096306930967,NA,"Excitatory_neuron"
"ITSN2","ITSN2-202",0.998096306930967,NA,"Excitatory_neuron"
"ITSN2","ITSN2-201",0.998096306930967,NA,"Excitatory_neuron"
"IVNS1ABP","IVNS1ABP-207",0.998096306930967,NA,"Excitatory_neuron"
"IVNS1ABP","IVNS1ABP-202",0.998096306930967,NA,"Excitatory_neuron"
"IWS1","IWS1-201",0.998096306930967,NA,"Excitatory_neuron"
"IWS1","IWS1-212",0.998096306930967,NA,"Excitatory_neuron"
"JADE1","JADE1-201",0.998096306930967,NA,"Excitatory_neuron"
"JADE1","JADE1-211",0.998096306930967,NA,"Excitatory_neuron"
"JADE2","JADE2-216",0.998096306930967,NA,"Excitatory_neuron"
"JADE2","JADE2-215",0.998096306930967,NA,"Excitatory_neuron"
"JAK1","JAK1-201",0.980126729842486,NA,"Excitatory_neuron"
"JAK1","JAK1-221",0.980126729842486,NA,"Excitatory_neuron"
"JAKMIP1","JAKMIP1-219",0.998096306930967,NA,"Excitatory_neuron"
"JAKMIP1","JAKMIP1-217",0.998096306930967,NA,"Excitatory_neuron"
"JAKMIP1","JAKMIP1-202",0.998096306930967,NA,"Excitatory_neuron"
"JAKMIP1","JAKMIP1-201",0.998096306930967,NA,"Excitatory_neuron"
"JAKMIP2","JAKMIP2-205",0.998096306930967,NA,"Excitatory_neuron"
"JAKMIP2","JAKMIP2-206",0.998096306930967,NA,"Excitatory_neuron"
"JAKMIP2","JAKMIP2-202",0.998096306930967,NA,"Excitatory_neuron"
"JAKMIP2","JAKMIP2-201",0.998096306930967,NA,"Excitatory_neuron"
"JAKMIP3","JAKMIP3-220",0.998096306930967,NA,"Excitatory_neuron"
"JAKMIP3","JAKMIP3-205",0.998096306930967,NA,"Excitatory_neuron"
"JAKMIP3","JAKMIP3-211",0.998096306930967,NA,"Excitatory_neuron"
"JAKMIP3","JAKMIP3-207",0.998096306930967,NA,"Excitatory_neuron"
"JAKMIP3","JAKMIP3-203",0.998096306930967,NA,"Excitatory_neuron"
"JKAMP","JKAMP-206",0.998096306930967,NA,"Excitatory_neuron"
"JKAMP","JKAMP-214",0.998096306930967,NA,"Excitatory_neuron"
"JMJD1C","JMJD1C-201",0.998201619472994,NA,"Excitatory_neuron"
"JMJD1C","JMJD1C-202",0.998201619472994,NA,"Excitatory_neuron"
"JMJD1C","transcript114660.chr10.nnic",0.998201619472994,NA,"Excitatory_neuron"
"JMJD4","JMJD4-205",0.998096306930967,NA,"Excitatory_neuron"
"JMJD4","JMJD4-204",0.998096306930967,NA,"Excitatory_neuron"
"JPX","JPX-265",0.998096306930967,NA,"Excitatory_neuron"
"JPX","JPX-271",0.998096306930967,NA,"Excitatory_neuron"
"JPX","JPX-246",0.998096306930967,NA,"Excitatory_neuron"
"JRK","JRK-209",0.998096306930967,NA,"Excitatory_neuron"
"JRK","JRK-203",0.998096306930967,NA,"Excitatory_neuron"
"KALRN","KALRN-226",0.998096306930967,NA,"Excitatory_neuron"
"KALRN","KALRN-201",0.998096306930967,NA,"Excitatory_neuron"
"KALRN","KALRN-231",0.998096306930967,NA,"Excitatory_neuron"
"KALRN","KALRN-207",0.998096306930967,NA,"Excitatory_neuron"
"KALRN","KALRN-250",0.998096306930967,NA,"Excitatory_neuron"
"KALRN","KALRN-249",0.998096306930967,NA,"Excitatory_neuron"
"KALRN","KALRN-223",0.998096306930967,NA,"Excitatory_neuron"
"KALRN","KALRN-206",0.998096306930967,NA,"Excitatory_neuron"
"KANSL1","KANSL1-217",0.998096306930967,NA,"Excitatory_neuron"
"KANSL1","KANSL1-221",0.998096306930967,NA,"Excitatory_neuron"
"KANSL1","KANSL1-226",0.998096306930967,NA,"Excitatory_neuron"
"KANSL1","KANSL1-228",0.998096306930967,NA,"Excitatory_neuron"
"KANSL3","KANSL3-220",0.998096306930967,NA,"Excitatory_neuron"
"KANSL3","KANSL3-204",0.998096306930967,NA,"Excitatory_neuron"
"KANTR","transcript55731.chrX.nnic",0.999627699403055,NA,"Excitatory_neuron"
"KANTR","transcript56761.chrX.nnic",0.999627699403055,NA,"Excitatory_neuron"
"KARS1","KARS1-201",0.998096306930967,NA,"Excitatory_neuron"
"KARS1","KARS1-202",0.998096306930967,NA,"Excitatory_neuron"
"KAT2A","KAT2A-201",0.998096306930967,NA,"Excitatory_neuron"
"KAT2A","KAT2A-202",0.998096306930967,NA,"Excitatory_neuron"
"KAT5","KAT5-202",0.998096306930967,NA,"Excitatory_neuron"
"KAT5","KAT5-203",0.998096306930967,NA,"Excitatory_neuron"
"KAT6A","KAT6A-211",0.998096306930967,NA,"Excitatory_neuron"
"KAT6A","KAT6A-207",0.998096306930967,NA,"Excitatory_neuron"
"KAT6B","KAT6B-231",0.998096306930967,NA,"Excitatory_neuron"
"KAT6B","KAT6B-226",0.998096306930967,NA,"Excitatory_neuron"
"KAT6B","KAT6B-225",0.998096306930967,NA,"Excitatory_neuron"
"KAT6B","KAT6B-206",0.998096306930967,NA,"Excitatory_neuron"
"KAT6B","KAT6B-222",0.998096306930967,NA,"Excitatory_neuron"
"KATNAL1","transcript15648.chr13.nnic",0.998096306930967,NA,"Excitatory_neuron"
"KATNAL1","KATNAL1-201",0.998096306930967,NA,"Excitatory_neuron"
"KATNB1","transcript96752.chr16.nic",0.998096306930967,NA,"Excitatory_neuron"
"KATNB1","KATNB1-201",0.998096306930967,NA,"Excitatory_neuron"
"KBTBD4","KBTBD4-209",0.998096306930967,NA,"Excitatory_neuron"
"KBTBD4","KBTBD4-202",0.998096306930967,NA,"Excitatory_neuron"
"KCNA2","KCNA2-205",0.998096306930967,NA,"Excitatory_neuron"
"KCNA2","KCNA2-201",0.998096306930967,NA,"Excitatory_neuron"
"KCNAB2","transcript10909.chr1.nic",0.998096306930967,NA,"Excitatory_neuron"
"KCNAB2","transcript11286.chr1.nic",0.998096306930967,NA,"Excitatory_neuron"
"KCNC1","KCNC1-201",0.998096306930967,NA,"Excitatory_neuron"
"KCNC1","KCNC1-202",0.998096306930967,NA,"Excitatory_neuron"
"KCNC2","KCNC2-210",0.998096306930967,NA,"Excitatory_neuron"
"KCNC2","KCNC2-208",0.998096306930967,NA,"Excitatory_neuron"
"KCNG3","KCNG3-201",0.998096306930967,NA,"Excitatory_neuron"
"KCNG3","transcript50927.chr2.nnic",0.998096306930967,NA,"Excitatory_neuron"
"KCNG3","KCNG3-202",0.998096306930967,NA,"Excitatory_neuron"
"KCNH1","KCNH1-211",0.998096306930967,NA,"Excitatory_neuron"
"KCNH1","KCNH1-201",0.998096306930967,NA,"Excitatory_neuron"
"KCNH1","KCNH1-205",0.998096306930967,NA,"Excitatory_neuron"
"KCNH1","KCNH1-206",0.998096306930967,NA,"Excitatory_neuron"
"KCNH1","KCNH1-210",0.998096306930967,NA,"Excitatory_neuron"
"KCNH1","KCNH1-219",0.998096306930967,NA,"Excitatory_neuron"
"KCNIP2","KCNIP2-207",0.998096306930967,NA,"Excitatory_neuron"
"KCNIP2","KCNIP2-206",0.998096306930967,NA,"Excitatory_neuron"
"KCNK10","KCNK10-202",0.998096306930967,NA,"Excitatory_neuron"
"KCNK10","KCNK10-203",0.998096306930967,NA,"Excitatory_neuron"
"KCNMA1","KCNMA1-242",0.998096306930967,NA,"Excitatory_neuron"
"KCNMA1","KCNMA1-255",0.998096306930967,NA,"Excitatory_neuron"
"KCNMA1","KCNMA1-250",0.998096306930967,NA,"Excitatory_neuron"
"KCNMA1","transcript138202.chr10.nnic",0.998096306930967,NA,"Excitatory_neuron"
"KCNMA1","KCNMA1-254",0.998096306930967,NA,"Excitatory_neuron"
"KCNT1","transcript224695.chr9.nic",0.556728333721189,NA,"Excitatory_neuron"
"KCNT1","KCNT1-205",0.556728333721189,NA,"Excitatory_neuron"
"KCNT1","KCNT1-230",0.556728333721189,NA,"Excitatory_neuron"
"KCNV1","KCNV1-201",0.998096306930967,NA,"Excitatory_neuron"
"KCNV1","KCNV1-202",0.998096306930967,NA,"Excitatory_neuron"
"KDM1A","KDM1A-201",0.998096306930967,NA,"Excitatory_neuron"
"KDM1A","KDM1A-206",0.998096306930967,NA,"Excitatory_neuron"
"KDM1A","KDM1A-219",0.998096306930967,NA,"Excitatory_neuron"
"KDM1A","KDM1A-214",0.998096306930967,NA,"Excitatory_neuron"
"KDM3A","KDM3A-203",0.998096306930967,NA,"Excitatory_neuron"
"KDM3A","KDM3A-202",0.998096306930967,NA,"Excitatory_neuron"
"KDM4B","KDM4B-201",0.998096306930967,NA,"Excitatory_neuron"
"KDM4B","KDM4B-208",0.998096306930967,NA,"Excitatory_neuron"
"KDM4C","transcript9765.chr9.nnic",0.998096306930967,NA,"Excitatory_neuron"
"KDM4C","KDM4C-201",0.998096306930967,NA,"Excitatory_neuron"
"KDM5A","KDM5A-210",0.998096306930967,NA,"Excitatory_neuron"
"KDM5A","KDM5A-201",0.998096306930967,NA,"Excitatory_neuron"
"KDM5B","KDM5B-227",0.998096306930967,NA,"Excitatory_neuron"
"KDM5B","KDM5B-235",0.998096306930967,NA,"Excitatory_neuron"
"KDM5B","KDM5B-207",0.998096306930967,NA,"Excitatory_neuron"
"KDM5B","KDM5B-211",0.998096306930967,NA,"Excitatory_neuron"
"KDM5D","KDM5D-206",0.998096306930967,NA,"Excitatory_neuron"
"KDM5D","KDM5D-201",0.998096306930967,NA,"Excitatory_neuron"
"KEAP1","KEAP1-202",0.79057561140116,NA,"Excitatory_neuron"
"KEAP1","transcript19074.chr19.nic",0.79057561140116,NA,"Excitatory_neuron"
"KEAP1","KEAP1-201",0.79057561140116,NA,"Excitatory_neuron"
"KIAA0319L","KIAA0319L-221",0.998096306930967,NA,"Excitatory_neuron"
"KIAA0319L","KIAA0319L-201",0.998096306930967,NA,"Excitatory_neuron"
"KIAA0319L","KIAA0319L-208",0.998096306930967,NA,"Excitatory_neuron"
"KIAA0319L","KIAA0319L-235",0.998096306930967,NA,"Excitatory_neuron"
"KIAA0408","KIAA0408-201",0.998096306930967,NA,"Excitatory_neuron"
"KIAA0408","KIAA0408-204",0.998096306930967,NA,"Excitatory_neuron"
"KIAA0586","KIAA0586-216",0.998096306930967,NA,"Excitatory_neuron"
"KIAA0586","KIAA0586-222",0.998096306930967,NA,"Excitatory_neuron"
"KIAA0825","KIAA0825-205",0.998096306930967,NA,"Excitatory_neuron"
"KIAA0825","KIAA0825-201",0.998096306930967,NA,"Excitatory_neuron"
"KIAA0825","KIAA0825-203",0.998096306930967,NA,"Excitatory_neuron"
"KIAA1191","KIAA1191-212",0.998096306930967,NA,"Excitatory_neuron"
"KIAA1191","KIAA1191-201",0.998096306930967,NA,"Excitatory_neuron"
"KIAA1191","KIAA1191-213",0.998096306930967,NA,"Excitatory_neuron"
"KIAA1191","transcript235465.chr5.nnic",0.998096306930967,NA,"Excitatory_neuron"
"KIAA1217","transcript56074.chr10.nic",0.998096306930967,NA,"Excitatory_neuron"
"KIAA1217","transcript55214.chr10.nic",0.998096306930967,NA,"Excitatory_neuron"
"KIAA1549","KIAA1549-201",0.998096306930967,NA,"Excitatory_neuron"
"KIAA1549","KIAA1549-202",0.998096306930967,NA,"Excitatory_neuron"
"KIAA1549L","KIAA1549L-201",0.998096306930967,NA,"Excitatory_neuron"
"KIAA1549L","KIAA1549L-203",0.998096306930967,NA,"Excitatory_neuron"
"KIAA1586","KIAA1586-201",0.878193585770149,NA,"Excitatory_neuron"
"KIAA1586","KIAA1586-203",0.878193585770149,NA,"Excitatory_neuron"
"KIAA2026","KIAA2026-201",0.998096306930967,NA,"Excitatory_neuron"
"KIAA2026","KIAA2026-202",0.998096306930967,NA,"Excitatory_neuron"
"KIDINS220","KIDINS220-217",0.895545976913367,NA,"Excitatory_neuron"
"KIDINS220","KIDINS220-229",0.895545976913367,NA,"Excitatory_neuron"
"KIDINS220","KIDINS220-224",0.895545976913367,NA,"Excitatory_neuron"
"KIDINS220","KIDINS220-233",0.895545976913367,NA,"Excitatory_neuron"
"KIDINS220","KIDINS220-220",0.895545976913367,NA,"Excitatory_neuron"
"KIDINS220","KIDINS220-218",0.895545976913367,NA,"Excitatory_neuron"
"KIF13B","KIF13B-201",0.998096306930967,NA,"Excitatory_neuron"
"KIF13B","KIF13B-206",0.998096306930967,NA,"Excitatory_neuron"
"KIF16B","KIF16B-201",0.998096306930967,NA,"Excitatory_neuron"
"KIF16B","KIF16B-204",0.998096306930967,NA,"Excitatory_neuron"
"KIF1A","KIF1A-226",0.998096306930967,NA,"Excitatory_neuron"
"KIF1A","KIF1A-231",0.998096306930967,NA,"Excitatory_neuron"
"KIF1A","KIF1A-211",0.998096306930967,NA,"Excitatory_neuron"
"KIF20B","KIF20B-204",0.998096306930967,NA,"Excitatory_neuron"
"KIF20B","KIF20B-202",0.998096306930967,NA,"Excitatory_neuron"
"KIF20B","KIF20B-201",0.998096306930967,NA,"Excitatory_neuron"
"KIF21A","KIF21A-201",0.998096306930967,NA,"Excitatory_neuron"
"KIF21A","KIF21A-202",0.998096306930967,NA,"Excitatory_neuron"
"KIF22","KIF22-205",0.998096306930967,NA,"Excitatory_neuron"
"KIF22","KIF22-214",0.998096306930967,NA,"Excitatory_neuron"
"KIF22","KIF22-229",0.998096306930967,NA,"Excitatory_neuron"
"KIF22","KIF22-201",0.998096306930967,NA,"Excitatory_neuron"
"KIF3A","KIF3A-202",0.998096306930967,NA,"Excitatory_neuron"
"KIF3A","KIF3A-203",0.998096306930967,NA,"Excitatory_neuron"
"KIF3B","KIF3B-201",0.998096306930967,NA,"Excitatory_neuron"
"KIF3B","transcript38448.chr20.nnic",0.998096306930967,NA,"Excitatory_neuron"
"KIF5A","KIF5A-204",0.998096306930967,NA,"Excitatory_neuron"
"KIF5A","KIF5A-223",0.998096306930967,NA,"Excitatory_neuron"
"KIF5A","KIF5A-202",0.998096306930967,NA,"Excitatory_neuron"
"KIF5A","KIF5A-220",0.998096306930967,NA,"Excitatory_neuron"
"KIF5C","KIF5C-228",0.998096306930967,NA,"Excitatory_neuron"
"KIF5C","KIF5C-210",0.998096306930967,NA,"Excitatory_neuron"
"KIF5C","KIF5C-237",0.998096306930967,NA,"Excitatory_neuron"
"KIF5C","KIF5C-209",0.998096306930967,NA,"Excitatory_neuron"
"KIF5C","KIF5C-229",0.998096306930967,NA,"Excitatory_neuron"
"KIFAP3","KIFAP3-201",0.998096306930967,NA,"Excitatory_neuron"
"KIFAP3","transcript259111.chr1.nic",0.998096306930967,NA,"Excitatory_neuron"
"KIFBP","KIFBP-201",0.998096306930967,NA,"Excitatory_neuron"
"KIFBP","KIFBP-216",0.998096306930967,NA,"Excitatory_neuron"
"KIFC2","KIFC2-209",0.998096306930967,NA,"Excitatory_neuron"
"KIFC2","transcript197727.chr8.nnic",0.998096306930967,NA,"Excitatory_neuron"
"KIFC2","transcript197724.chr8.nnic",0.998096306930967,NA,"Excitatory_neuron"
"KIRREL3","KIRREL3-205",0.998096306930967,NA,"Excitatory_neuron"
"KIRREL3","KIRREL3-201",0.998096306930967,NA,"Excitatory_neuron"
"KLC1","KLC1-204",0.878227997078117,NA,"Excitatory_neuron"
"KLC1","KLC1-206",0.878227997078117,NA,"Excitatory_neuron"
"KLC1","KLC1-212",0.878227997078117,NA,"Excitatory_neuron"
"KLC1","KLC1-207",0.878227997078117,NA,"Excitatory_neuron"
"KLC2","KLC2-201",0.948006859166649,NA,"Excitatory_neuron"
"KLC2","KLC2-204",0.948006859166649,NA,"Excitatory_neuron"
"KLF10","KLF10-202",0.998096306930967,NA,"Excitatory_neuron"
"KLF10","KLF10-201",0.998096306930967,NA,"Excitatory_neuron"
"KLF8","KLF8-203",0.998096306930967,NA,"Excitatory_neuron"
"KLF8","KLF8-204",0.998096306930967,NA,"Excitatory_neuron"
"KLHL24","KLHL24-205",0.998096306930967,NA,"Excitatory_neuron"
"KLHL24","KLHL24-201",0.998096306930967,NA,"Excitatory_neuron"
"KLHL25","KLHL25-201",0.998096306930967,NA,"Excitatory_neuron"
"KLHL25","KLHL25-202",0.998096306930967,NA,"Excitatory_neuron"
"KLHL3","transcript174701.chr5.nnic",0.872614192007501,NA,"Excitatory_neuron"
"KLHL3","KLHL3-201",0.872614192007501,NA,"Excitatory_neuron"
"KLHL4","KLHL4-202",0.998096306930967,NA,"Excitatory_neuron"
"KLHL4","KLHL4-203",0.998096306930967,NA,"Excitatory_neuron"
"KLHL42","KLHL42-201",0.998096306930967,NA,"Excitatory_neuron"
"KLHL42","transcript44618.chr12.nnic",0.998096306930967,NA,"Excitatory_neuron"
"KLHL7","KLHL7-202",0.998096306930967,NA,"Excitatory_neuron"
"KLHL7","KLHL7-213",0.998096306930967,NA,"Excitatory_neuron"
"KMT2C","KMT2C-247",0.998096306930967,NA,"Excitatory_neuron"
"KMT2C","KMT2C-216",0.998096306930967,NA,"Excitatory_neuron"
"KMT2C","KMT2C-215",0.998096306930967,NA,"Excitatory_neuron"
"KMT2C","KMT2C-232",0.998096306930967,NA,"Excitatory_neuron"
"KMT2C","KMT2C-266",0.998096306930967,NA,"Excitatory_neuron"
"KMT2C","KMT2C-250",0.998096306930967,NA,"Excitatory_neuron"
"KMT2E","KMT2E-206",0.998096306930967,NA,"Excitatory_neuron"
"KMT2E","KMT2E-201",0.998096306930967,NA,"Excitatory_neuron"
"KMT2E","KMT2E-208",0.998096306930967,NA,"Excitatory_neuron"
"KMT2E","KMT2E-211",0.998096306930967,NA,"Excitatory_neuron"
"KMT2E","KMT2E-215",0.998096306930967,NA,"Excitatory_neuron"
"KMT5B","KMT5B-201",0.998096306930967,NA,"Excitatory_neuron"
"KMT5B","KMT5B-206",0.998096306930967,NA,"Excitatory_neuron"
"KMT5B","KMT5B-213",0.998096306930967,NA,"Excitatory_neuron"
"KNDC1","KNDC1-201",0.998096306930967,NA,"Excitatory_neuron"
"KNDC1","KNDC1-223",0.998096306930967,NA,"Excitatory_neuron"
"KPNA5","KPNA5-202",0.998096306930967,NA,"Excitatory_neuron"
"KPNA5","KPNA5-201",0.998096306930967,NA,"Excitatory_neuron"
"KRI1","KRI1-216",0.998096306930967,NA,"Excitatory_neuron"
"KRI1","KRI1-204",0.998096306930967,NA,"Excitatory_neuron"
"KRI1","KRI1-203",0.998096306930967,NA,"Excitatory_neuron"
"KRIT1","KRIT1-236",0.998096306930967,NA,"Excitatory_neuron"
"KRIT1","KRIT1-246",0.998096306930967,NA,"Excitatory_neuron"
"KRIT1","KRIT1-269",0.998096306930967,NA,"Excitatory_neuron"
"KRIT1","KRIT1-239",0.998096306930967,NA,"Excitatory_neuron"
"KRIT1","KRIT1-217",0.998096306930967,NA,"Excitatory_neuron"
"KRIT1","KRIT1-208",0.998096306930967,NA,"Excitatory_neuron"
"KRIT1","KRIT1-207",0.998096306930967,NA,"Excitatory_neuron"
"KRT222","KRT222-202",0.998096306930967,NA,"Excitatory_neuron"
"KRT222","KRT222-201",0.998096306930967,NA,"Excitatory_neuron"
"KTN1","KTN1-205",0.998096306930967,NA,"Excitatory_neuron"
"KTN1","KTN1-204",0.998096306930967,NA,"Excitatory_neuron"
"KTN1","KTN1-202",0.998096306930967,NA,"Excitatory_neuron"
"KTN1","KTN1-207",0.998096306930967,NA,"Excitatory_neuron"
"L3MBTL2","L3MBTL2-206",0.998096306930967,NA,"Excitatory_neuron"
"L3MBTL2","L3MBTL2-201",0.998096306930967,NA,"Excitatory_neuron"
"L3MBTL2","L3MBTL2-207",0.998096306930967,NA,"Excitatory_neuron"
"LAMA2","LAMA2-206",0.937884140825308,NA,"Excitatory_neuron"
"LAMA2","LAMA2-210",0.937884140825308,NA,"Excitatory_neuron"
"LAMB1","LAMB1-228",0.652000250185731,NA,"Excitatory_neuron"
"LAMB1","LAMB1-218",0.652000250185731,NA,"Excitatory_neuron"
"LAMB1","LAMB1-209",0.652000250185731,NA,"Excitatory_neuron"
"LAMB1","LAMB1-211",0.652000250185731,NA,"Excitatory_neuron"
"LAMB1","LAMB1-229",0.652000250185731,NA,"Excitatory_neuron"
"LAMB1","LAMB1-220",0.652000250185731,NA,"Excitatory_neuron"
"LAMB1","LAMB1-206",0.652000250185731,NA,"Excitatory_neuron"
"LAMB1","LAMB1-207",0.652000250185731,NA,"Excitatory_neuron"
"LAMC1","transcript282100.chr1.nic",0.948006859166649,NA,"Excitatory_neuron"
"LAMC1","LAMC1-201",0.948006859166649,NA,"Excitatory_neuron"
"LAMP2","LAMP2-203",0.998096306930967,NA,"Excitatory_neuron"
"LAMP2","LAMP2-201",0.998096306930967,NA,"Excitatory_neuron"
"LAMP2","LAMP2-202",0.998096306930967,NA,"Excitatory_neuron"
"LANCL1","LANCL1-205",0.54372898785046,NA,"Excitatory_neuron"
"LANCL1","LANCL1-206",0.54372898785046,NA,"Excitatory_neuron"
"LANCL1","LANCL1-207",0.54372898785046,NA,"Excitatory_neuron"
"LANCL1","transcript371255.chr2.nnic",0.54372898785046,NA,"Excitatory_neuron"
"LANCL1","LANCL1-204",0.54372898785046,NA,"Excitatory_neuron"
"LANCL2","transcript68741.chr7.nic",0.998096306930967,NA,"Excitatory_neuron"
"LANCL2","LANCL2-201",0.998096306930967,NA,"Excitatory_neuron"
"LARP1","LARP1-215",0.998096306930967,NA,"Excitatory_neuron"
"LARP1","LARP1-204",0.998096306930967,NA,"Excitatory_neuron"
"LARP1","LARP1-219",0.998096306930967,NA,"Excitatory_neuron"
"LARP1B","LARP1B-201",0.54372898785046,NA,"Excitatory_neuron"
"LARP1B","LARP1B-212",0.54372898785046,NA,"Excitatory_neuron"
"LARP1B","LARP1B-214",0.54372898785046,NA,"Excitatory_neuron"
"LARP1B","LARP1B-210",0.54372898785046,NA,"Excitatory_neuron"
"LARP7","LARP7-205",0.998096306930967,NA,"Excitatory_neuron"
"LARP7","LARP7-201",0.998096306930967,NA,"Excitatory_neuron"
"LARS1","LARS1-230",0.998096306930967,NA,"Excitatory_neuron"
"LARS1","LARS1-226",0.998096306930967,NA,"Excitatory_neuron"
"LARS1","LARS1-211",0.998096306930967,NA,"Excitatory_neuron"
"LAS1L","LAS1L-212",0.998096306930967,NA,"Excitatory_neuron"
"LAS1L","LAS1L-220",0.998096306930967,NA,"Excitatory_neuron"
"LAS1L","LAS1L-225",0.998096306930967,NA,"Excitatory_neuron"
"LAS1L","LAS1L-223",0.998096306930967,NA,"Excitatory_neuron"
"LAS1L","LAS1L-205",0.998096306930967,NA,"Excitatory_neuron"
"LATS1","LATS1-207",0.998096306930967,NA,"Excitatory_neuron"
"LATS1","LATS1-202",0.998096306930967,NA,"Excitatory_neuron"
"LATS1","LATS1-203",0.998096306930967,NA,"Excitatory_neuron"
"LATS1","LATS1-206",0.998096306930967,NA,"Excitatory_neuron"
"LCOR","LCOR-204",0.998096306930967,NA,"Excitatory_neuron"
"LCOR","LCOR-222",0.998096306930967,NA,"Excitatory_neuron"
"LCOR","LCOR-203",0.998096306930967,NA,"Excitatory_neuron"
"LCORL","LCORL-203",0.998096306930967,NA,"Excitatory_neuron"
"LCORL","LCORL-207",0.998096306930967,NA,"Excitatory_neuron"
"LDB2","LDB2-201",0.998096306930967,NA,"Excitatory_neuron"
"LDB2","LDB2-216",0.998096306930967,NA,"Excitatory_neuron"
"LDB2","LDB2-203",0.998096306930967,NA,"Excitatory_neuron"
"LDHA","LDHA-203",0.998096306930967,NA,"Excitatory_neuron"
"LDHA","LDHA-205",0.998096306930967,NA,"Excitatory_neuron"
"LEMD3","LEMD3-201",0.998201619472994,NA,"Excitatory_neuron"
"LEMD3","transcript90801.chr12.nic",0.998201619472994,NA,"Excitatory_neuron"
"LENG8","LENG8-208",0.998096306930967,NA,"Excitatory_neuron"
"LENG8","LENG8-202",0.998096306930967,NA,"Excitatory_neuron"
"LENG8","LENG8-201",0.998096306930967,NA,"Excitatory_neuron"
"LETM1","LETM1-201",0.998096306930967,NA,"Excitatory_neuron"
"LETM1","LETM1-203",0.998096306930967,NA,"Excitatory_neuron"
"LETMD1","LETMD1-201",0.998096306930967,NA,"Excitatory_neuron"
"LETMD1","LETMD1-238",0.998096306930967,NA,"Excitatory_neuron"
"LETR1","LETR1-207",0.998096306930967,NA,"Excitatory_neuron"
"LETR1","LETR1-215",0.998096306930967,NA,"Excitatory_neuron"
"LGALS8","LGALS8-203",0.998096306930967,NA,"Excitatory_neuron"
"LGALS8","LGALS8-206",0.998096306930967,NA,"Excitatory_neuron"
"LGI1","LGI1-202",0.998096306930967,NA,"Excitatory_neuron"
"LGI1","LGI1-206",0.998096306930967,NA,"Excitatory_neuron"
"LGI1","LGI1-205",0.998096306930967,NA,"Excitatory_neuron"
"LGI4","LGI4-201",0.998096306930967,NA,"Excitatory_neuron"
"LGI4","LGI4-202",0.998096306930967,NA,"Excitatory_neuron"
"LIG1","LIG1-206",0.80294467075926,NA,"Excitatory_neuron"
"LIG1","LIG1-201",0.80294467075926,NA,"Excitatory_neuron"
"LIMCH1","LIMCH1-207",0.998096306930967,NA,"Excitatory_neuron"
"LIMCH1","transcript79299.chr4.nnic",0.998096306930967,NA,"Excitatory_neuron"
"LIMCH1","LIMCH1-208",0.998096306930967,NA,"Excitatory_neuron"
"LIMCH1","LIMCH1-205",0.998096306930967,NA,"Excitatory_neuron"
"LINC00461","LINC00461-218",0.998096306930967,NA,"Excitatory_neuron"
"LINC00461","LINC00461-229",0.998096306930967,NA,"Excitatory_neuron"
"LINC00461","transcript120789.chr5.nic",0.998096306930967,NA,"Excitatory_neuron"
"LINC00461","LINC00461-228",0.998096306930967,NA,"Excitatory_neuron"
"LINC00461","LINC00461-212",0.998096306930967,NA,"Excitatory_neuron"
"LINC00507","LINC00507-202",0.964420102935876,NA,"Excitatory_neuron"
"LINC00507","LINC00507-206",0.964420102935876,NA,"Excitatory_neuron"
"LINC00632","LINC00632-228",0.999362957252151,NA,"Excitatory_neuron"
"LINC00632","LINC00632-215",0.999362957252151,NA,"Excitatory_neuron"
"LINC00632","LINC00632-201",0.999362957252151,NA,"Excitatory_neuron"
"LINC00632","LINC00632-207",0.999362957252151,NA,"Excitatory_neuron"
"LINC00632","LINC00632-211",0.999362957252151,NA,"Excitatory_neuron"
"LINC00632","LINC00632-210",0.999362957252151,NA,"Excitatory_neuron"
"LINC00632","LINC00632-212",0.999362957252151,NA,"Excitatory_neuron"
"LINC00665","LINC00665-208",0.998096306930967,NA,"Excitatory_neuron"
"LINC00665","LINC00665-216",0.998096306930967,NA,"Excitatory_neuron"
"LINC00667","LINC00667-213",0.998096306930967,NA,"Excitatory_neuron"
"LINC00667","LINC00667-214",0.998096306930967,NA,"Excitatory_neuron"
"LINC00667","LINC00667-204",0.998096306930967,NA,"Excitatory_neuron"
"LINC00667","LINC00667-229",0.998096306930967,NA,"Excitatory_neuron"
"LINC01018","LINC01018-213",0.998096306930967,NA,"Excitatory_neuron"
"LINC01018","LINC01018-215",0.998096306930967,NA,"Excitatory_neuron"
"LINC01128","LINC01128-223",0.998096306930967,NA,"Excitatory_neuron"
"LINC01128","LINC01128-219",0.998096306930967,NA,"Excitatory_neuron"
"LINC01128","LINC01128-205",0.998096306930967,NA,"Excitatory_neuron"
"LINC01128","LINC01128-225",0.998096306930967,NA,"Excitatory_neuron"
"LINC01128","LINC01128-222",0.998096306930967,NA,"Excitatory_neuron"
"LINC01278","LINC01278-202",0.998096306930967,NA,"Excitatory_neuron"
"LINC01278","LINC01278-231",0.998096306930967,NA,"Excitatory_neuron"
"LINC02263","LINC02263-215",0.948006859166649,NA,"Excitatory_neuron"
"LINC02263","LINC02263-220",0.948006859166649,NA,"Excitatory_neuron"
"LINC02263","LINC02263-211",0.948006859166649,NA,"Excitatory_neuron"
"LINC02822","LINC02822-204",0.998096306930967,NA,"Excitatory_neuron"
"LINC02822","LINC02822-202",0.998096306930967,NA,"Excitatory_neuron"
"LINC02981","LINC02981-226",0.80294467075926,NA,"Excitatory_neuron"
"LINC02981","LINC02981-209",0.80294467075926,NA,"Excitatory_neuron"
"LINS1","LINS1-214",0.998096306930967,NA,"Excitatory_neuron"
"LINS1","LINS1-201",0.998096306930967,NA,"Excitatory_neuron"
"LMAN2","LMAN2-211",0.998096306930967,NA,"Excitatory_neuron"
"LMAN2","LMAN2-209",0.998096306930967,NA,"Excitatory_neuron"
"LMAN2","LMAN2-201",0.998096306930967,NA,"Excitatory_neuron"
"LMBR1L","LMBR1L-201",0.998096306930967,NA,"Excitatory_neuron"
"LMBR1L","LMBR1L-204",0.998096306930967,NA,"Excitatory_neuron"
"LMBRD1","LMBRD1-223",0.998096306930967,NA,"Excitatory_neuron"
"LMBRD1","LMBRD1-229",0.998096306930967,NA,"Excitatory_neuron"
"LMLN","LMLN-201",0.998096306930967,NA,"Excitatory_neuron"
"LMLN","LMLN-204",0.998096306930967,NA,"Excitatory_neuron"
"LMNA","LMNA-238",0.998096306930967,NA,"Excitatory_neuron"
"LMNA","LMNA-242",0.998096306930967,NA,"Excitatory_neuron"
"LMNA","LMNA-205",0.998096306930967,NA,"Excitatory_neuron"
"LMO3","LMO3-215",0.998096306930967,NA,"Excitatory_neuron"
"LMO3","LMO3-208",0.998096306930967,NA,"Excitatory_neuron"
"LMO3","LMO3-204",0.998096306930967,NA,"Excitatory_neuron"
"LMO4","transcript150224.chr1.nic",0.998096306930967,NA,"Excitatory_neuron"
"LMO4","LMO4-202",0.998096306930967,NA,"Excitatory_neuron"
"LONP2","LONP2-207",0.998096306930967,NA,"Excitatory_neuron"
"LONP2","LONP2-203",0.998096306930967,NA,"Excitatory_neuron"
"LONP2","LONP2-201",0.998096306930967,NA,"Excitatory_neuron"
"LRATD1","LRATD1-202",0.998096306930967,NA,"Excitatory_neuron"
"LRATD1","LRATD1-201",0.998096306930967,NA,"Excitatory_neuron"
"LRBA","LRBA-201",0.998096306930967,NA,"Excitatory_neuron"
"LRBA","LRBA-209",0.998096306930967,NA,"Excitatory_neuron"
"LRBA","LRBA-219",0.998096306930967,NA,"Excitatory_neuron"
"LRIF1","LRIF1-201",0.998096306930967,NA,"Excitatory_neuron"
"LRIF1","LRIF1-202",0.998096306930967,NA,"Excitatory_neuron"
"LRP12","LRP12-201",0.998096306930967,NA,"Excitatory_neuron"
"LRP12","LRP12-203",0.998096306930967,NA,"Excitatory_neuron"
"LRP12","LRP12-202",0.998096306930967,NA,"Excitatory_neuron"
"LRP12","LRP12-204",0.998096306930967,NA,"Excitatory_neuron"
"LRP3","LRP3-201",0.998096306930967,NA,"Excitatory_neuron"
"LRP3","LRP3-203",0.998096306930967,NA,"Excitatory_neuron"
"LRPPRC","LRPPRC-260",0.998096306930967,NA,"Excitatory_neuron"
"LRPPRC","LRPPRC-240",0.998096306930967,NA,"Excitatory_neuron"
"LRPPRC","LRPPRC-201",0.998096306930967,NA,"Excitatory_neuron"
"LRPPRC","LRPPRC-266",0.998096306930967,NA,"Excitatory_neuron"
"LRRC37A2","LRRC37A2-210",0.998096306930967,NA,"Excitatory_neuron"
"LRRC37A2","LRRC37A2-208",0.998096306930967,NA,"Excitatory_neuron"
"LRRC37A2","LRRC37A2-201",0.998096306930967,NA,"Excitatory_neuron"
"LRRC45","transcript140592.chr17.nic",0.998096306930967,NA,"Excitatory_neuron"
"LRRC45","LRRC45-201",0.998096306930967,NA,"Excitatory_neuron"
"LRRC49","LRRC49-221",0.161798223474019,NA,"Excitatory_neuron"
"LRRC49","LRRC49-201",0.161798223474019,NA,"Excitatory_neuron"
"LRRC49","LRRC49-223",0.161798223474019,NA,"Excitatory_neuron"
"LRRC4C","LRRC4C-201",0.998096306930967,NA,"Excitatory_neuron"
"LRRC4C","LRRC4C-202",0.998096306930967,NA,"Excitatory_neuron"
"LRRC4C","LRRC4C-203",0.998096306930967,NA,"Excitatory_neuron"
"LRRC7","LRRC7-205",0.998096306930967,NA,"Excitatory_neuron"
"LRRC7","LRRC7-214",0.998096306930967,NA,"Excitatory_neuron"
"LRRC7","LRRC7-201",0.998096306930967,NA,"Excitatory_neuron"
"LRRC8B","LRRC8B-201",0.998096306930967,NA,"Excitatory_neuron"
"LRRC8B","transcript150963.chr1.nnic",0.998096306930967,NA,"Excitatory_neuron"
"LRRK1","LRRK1-202",0.998096306930967,NA,"Excitatory_neuron"
"LRRK1","LRRK1-201",0.998096306930967,NA,"Excitatory_neuron"
"LRRN2","LRRN2-201",0.998096306930967,NA,"Excitatory_neuron"
"LRRN2","LRRN2-203",0.998096306930967,NA,"Excitatory_neuron"
"LRRN3","LRRN3-203",0.998096306930967,NA,"Excitatory_neuron"
"LRRN3","LRRN3-201",0.998096306930967,NA,"Excitatory_neuron"
"LRRTM4","LRRTM4-201",0.998096306930967,NA,"Excitatory_neuron"
"LRRTM4","LRRTM4-205",0.998096306930967,NA,"Excitatory_neuron"
"LRSAM1","LRSAM1-204",0.998096306930967,NA,"Excitatory_neuron"
"LRSAM1","LRSAM1-202",0.998096306930967,NA,"Excitatory_neuron"
"LRSAM1","LRSAM1-215",0.998096306930967,NA,"Excitatory_neuron"
"LSM14A","LSM14A-203",0.998096306930967,NA,"Excitatory_neuron"
"LSM14A","LSM14A-201",0.998096306930967,NA,"Excitatory_neuron"
"LTBP3","LTBP3-202",0.806882221750524,NA,"Excitatory_neuron"
"LTBP3","LTBP3-222",0.806882221750524,NA,"Excitatory_neuron"
"LTBP3","LTBP3-220",0.806882221750524,NA,"Excitatory_neuron"
"LUC7L2","LUC7L2-202",0.998096306930967,NA,"Excitatory_neuron"
"LUC7L2","LUC7L2-205",0.998096306930967,NA,"Excitatory_neuron"
"LUC7L2","LUC7L2-207",0.998096306930967,NA,"Excitatory_neuron"
"LUC7L2","LUC7L2-206",0.998096306930967,NA,"Excitatory_neuron"
"LUC7L3","LUC7L3-208",0.998096306930967,NA,"Excitatory_neuron"
"LUC7L3","LUC7L3-202",0.998096306930967,NA,"Excitatory_neuron"
"LUC7L3","LUC7L3-201",0.998096306930967,NA,"Excitatory_neuron"
"LUZP1","LUZP1-201",0.998096306930967,NA,"Excitatory_neuron"
"LUZP1","LUZP1-205",0.998096306930967,NA,"Excitatory_neuron"
"LY86-AS1","LY86-AS1-206",0.998096306930967,NA,"Excitatory_neuron"
"LY86-AS1","LY86-AS1-207",0.998096306930967,NA,"Excitatory_neuron"
"LYST","LYST-216",0.998096306930967,NA,"Excitatory_neuron"
"LYST","LYST-201",0.998096306930967,NA,"Excitatory_neuron"
"LZTS2","LZTS2-201",0.998096306930967,NA,"Excitatory_neuron"
"LZTS2","LZTS2-205",0.998096306930967,NA,"Excitatory_neuron"
"M6PR","M6PR-201",0.998096306930967,NA,"Excitatory_neuron"
"M6PR","transcript17103.chr12.nnic",0.998096306930967,NA,"Excitatory_neuron"
"MACF1","MACF1-226",0.998096306930967,NA,"Excitatory_neuron"
"MACF1","MACF1-239",0.998096306930967,NA,"Excitatory_neuron"
"MACF1","MACF1-203",0.998096306930967,NA,"Excitatory_neuron"
"MACF1","MACF1-216",0.998096306930967,NA,"Excitatory_neuron"
"MACF1","MACF1-252",0.998096306930967,NA,"Excitatory_neuron"
"MACF1","MACF1-247",0.998096306930967,NA,"Excitatory_neuron"
"MACF1","MACF1-256",0.998096306930967,NA,"Excitatory_neuron"
"MACF1","MACF1-237",0.998096306930967,NA,"Excitatory_neuron"
"MACF1","MACF1-223",0.998096306930967,NA,"Excitatory_neuron"
"MACF1","MACF1-214",0.998096306930967,NA,"Excitatory_neuron"
"MACF1","MACF1-205",0.998096306930967,NA,"Excitatory_neuron"
"MACIR","MACIR-201",0.998096306930967,NA,"Excitatory_neuron"
"MACIR","MACIR-202",0.998096306930967,NA,"Excitatory_neuron"
"MACROH2A1","MACROH2A1-217",0.998096306930967,NA,"Excitatory_neuron"
"MACROH2A1","MACROH2A1-202",0.998096306930967,NA,"Excitatory_neuron"
"MAD1L1","MAD1L1-202",0.998096306930967,NA,"Excitatory_neuron"
"MAD1L1","MAD1L1-201",0.998096306930967,NA,"Excitatory_neuron"
"MAD1L1","MAD1L1-204",0.998096306930967,NA,"Excitatory_neuron"
"MADD","MADD-227",0.998096306930967,NA,"Excitatory_neuron"
"MADD","MADD-228",0.998096306930967,NA,"Excitatory_neuron"
"MADD","MADD-204",0.998096306930967,NA,"Excitatory_neuron"
"MADD","MADD-224",0.998096306930967,NA,"Excitatory_neuron"
"MADD","MADD-223",0.998096306930967,NA,"Excitatory_neuron"
"MAEA","MAEA-220",0.998096306930967,NA,"Excitatory_neuron"
"MAEA","MAEA-202",0.998096306930967,NA,"Excitatory_neuron"
"MAGED1","MAGED1-204",0.998096306930967,NA,"Excitatory_neuron"
"MAGED1","MAGED1-201",0.998096306930967,NA,"Excitatory_neuron"
"MAGED2","MAGED2-204",0.79057561140116,NA,"Excitatory_neuron"
"MAGED2","MAGED2-206",0.79057561140116,NA,"Excitatory_neuron"
"MAGED4","MAGED4-203",0.998096306930967,NA,"Excitatory_neuron"
"MAGED4","MAGED4-209",0.998096306930967,NA,"Excitatory_neuron"
"MAGED4B","MAGED4B-201",0.998096306930967,NA,"Excitatory_neuron"
"MAGED4B","MAGED4B-202",0.998096306930967,NA,"Excitatory_neuron"
"MAGED4B","MAGED4B-203",0.998096306930967,NA,"Excitatory_neuron"
"MAGED4B","MAGED4B-211",0.998096306930967,NA,"Excitatory_neuron"
"MAGI1","MAGI1-217",0.998096306930967,NA,"Excitatory_neuron"
"MAGI1","MAGI1-205",0.998096306930967,NA,"Excitatory_neuron"
"MAGI2","MAGI2-234",0.998096306930967,NA,"Excitatory_neuron"
"MAGI2","MAGI2-212",0.998096306930967,NA,"Excitatory_neuron"
"MAGI2","MAGI2-214",0.998096306930967,NA,"Excitatory_neuron"
"MAGI2-AS3","MAGI2-AS3-206",0.998096306930967,NA,"Excitatory_neuron"
"MAGI2-AS3","MAGI2-AS3-245",0.998096306930967,NA,"Excitatory_neuron"
"MAGI2-AS3","transcript111283.chr7.nic",0.998096306930967,NA,"Excitatory_neuron"
"MAGI3","MAGI3-201",0.998096306930967,NA,"Excitatory_neuron"
"MAGI3","MAGI3-203",0.998096306930967,NA,"Excitatory_neuron"
"MALAT1","transcript88154.chr11.nnic",0.998096306930967,NA,"Excitatory_neuron"
"MALAT1","MALAT1-202",0.998096306930967,NA,"Excitatory_neuron"
"MALAT1","MALAT1-232",0.998096306930967,NA,"Excitatory_neuron"
"MALAT1","MALAT1-260",0.998096306930967,NA,"Excitatory_neuron"
"MALAT1","MALAT1-265",0.998096306930967,NA,"Excitatory_neuron"
"MALAT1","transcript82370.chr11.nnic",0.998096306930967,NA,"Excitatory_neuron"
"MALAT1","MALAT1-201",0.998096306930967,NA,"Excitatory_neuron"
"MALAT1","MALAT1-211",0.998096306930967,NA,"Excitatory_neuron"
"MALAT1","MALAT1-239",0.998096306930967,NA,"Excitatory_neuron"
"MALAT1","transcript88344.chr11.nnic",0.998096306930967,NA,"Excitatory_neuron"
"MALAT1","MALAT1-223",0.998096306930967,NA,"Excitatory_neuron"
"MALAT1","transcript87337.chr11.nnic",0.998096306930967,NA,"Excitatory_neuron"
"MALAT1","transcript87313.chr11.nnic",0.998096306930967,NA,"Excitatory_neuron"
"MALAT1","transcript87647.chr11.nnic",0.998096306930967,NA,"Excitatory_neuron"
"MAN1A2","transcript182255.chr1.nnic",0.998096306930967,NA,"Excitatory_neuron"
"MAN1A2","MAN1A2-201",0.998096306930967,NA,"Excitatory_neuron"
"MAN1B1","MAN1B1-226",0.998096306930967,NA,"Excitatory_neuron"
"MAN1B1","MAN1B1-202",0.998096306930967,NA,"Excitatory_neuron"
"MAN1B1","MAN1B1-225",0.998096306930967,NA,"Excitatory_neuron"
"MAN1B1","MAN1B1-239",0.998096306930967,NA,"Excitatory_neuron"
"MAN1B1","MAN1B1-209",0.998096306930967,NA,"Excitatory_neuron"
"MAN2B2","MAN2B2-204",0.948006859166649,NA,"Excitatory_neuron"
"MAN2B2","MAN2B2-201",0.948006859166649,NA,"Excitatory_neuron"
"MAOB","MAOB-201",0.948006859166649,NA,"Excitatory_neuron"
"MAOB","transcript47521.chrX.nic",0.948006859166649,NA,"Excitatory_neuron"
"MAP1A","MAP1A-201",0.998096306930967,NA,"Excitatory_neuron"
"MAP1A","MAP1A-202",0.998096306930967,NA,"Excitatory_neuron"
"MAP1B","MAP1B-201",0.998096306930967,NA,"Excitatory_neuron"
"MAP1B","transcript99327.chr5.nnic",0.998096306930967,NA,"Excitatory_neuron"
"MAP2","MAP2-207",0.998096306930967,NA,"Excitatory_neuron"
"MAP2","MAP2-202",0.998096306930967,NA,"Excitatory_neuron"
"MAP2","transcript368355.chr2.nic",0.998096306930967,NA,"Excitatory_neuron"
"MAP2","transcript368530.chr2.nnic",0.998096306930967,NA,"Excitatory_neuron"
"MAP3K13","MAP3K13-212",0.998096306930967,NA,"Excitatory_neuron"
"MAP3K13","MAP3K13-201",0.998096306930967,NA,"Excitatory_neuron"
"MAP3K13","MAP3K13-203",0.998096306930967,NA,"Excitatory_neuron"
"MAP3K13","MAP3K13-209",0.998096306930967,NA,"Excitatory_neuron"
"MAP3K4","MAP3K4-208",0.998096306930967,NA,"Excitatory_neuron"
"MAP3K4","MAP3K4-203",0.998096306930967,NA,"Excitatory_neuron"
"MAP3K7","MAP3K7-205",0.998096306930967,NA,"Excitatory_neuron"
"MAP3K7","MAP3K7-207",0.998096306930967,NA,"Excitatory_neuron"
"MAP3K7","MAP3K7-201",0.998096306930967,NA,"Excitatory_neuron"
"MAP4","MAP4-210",0.998096306930967,NA,"Excitatory_neuron"
"MAP4","MAP4-209",0.998096306930967,NA,"Excitatory_neuron"
"MAP4","MAP4-202",0.998096306930967,NA,"Excitatory_neuron"
"MAP4","MAP4-215",0.998096306930967,NA,"Excitatory_neuron"
"MAP4K5","MAP4K5-201",0.998096306930967,NA,"Excitatory_neuron"
"MAP4K5","MAP4K5-204",0.998096306930967,NA,"Excitatory_neuron"
"MAP7","transcript188150.chr6.nic",0.998096306930967,NA,"Excitatory_neuron"
"MAP7","MAP7-208",0.998096306930967,NA,"Excitatory_neuron"
"MAP9","MAP9-201",0.998096306930967,NA,"Excitatory_neuron"
"MAP9","transcript191283.chr4.nic",0.998096306930967,NA,"Excitatory_neuron"
"MAP9","MAP9-204",0.998096306930967,NA,"Excitatory_neuron"
"MAPK10","MAPK10-392",0.998096306930967,NA,"Excitatory_neuron"
"MAPK10","MAPK10-349",0.998096306930967,NA,"Excitatory_neuron"
"MAPK10","MAPK10-319",0.998096306930967,NA,"Excitatory_neuron"
"MAPK10","MAPK10-255",0.998096306930967,NA,"Excitatory_neuron"
"MAPK10","MAPK10-270",0.998096306930967,NA,"Excitatory_neuron"
"MAPK10","MAPK10-234",0.998096306930967,NA,"Excitatory_neuron"
"MAPK10","MAPK10-204",0.998096306930967,NA,"Excitatory_neuron"
"MAPK14","MAPK14-202",0.998096306930967,NA,"Excitatory_neuron"
"MAPK14","transcript48341.chr6.nnic",0.998096306930967,NA,"Excitatory_neuron"
"MAPK14","transcript48416.chr6.nic",0.998096306930967,NA,"Excitatory_neuron"
"MAPK14","MAPK14-201",0.998096306930967,NA,"Excitatory_neuron"
"MAPK8IP3","MAPK8IP3-216",0.872614192007501,NA,"Excitatory_neuron"
"MAPK8IP3","MAPK8IP3-207",0.872614192007501,NA,"Excitatory_neuron"
"MAPKAP1","MAPKAP1-202",0.998096306930967,NA,"Excitatory_neuron"
"MAPKAP1","MAPKAP1-201",0.998096306930967,NA,"Excitatory_neuron"
"MAPRE2","MAPRE2-202",0.998096306930967,NA,"Excitatory_neuron"
"MAPRE2","MAPRE2-201",0.998096306930967,NA,"Excitatory_neuron"
"MAPT","MAPT-220",0.998096306930967,NA,"Excitatory_neuron"
"MAPT","MAPT-224",0.998096306930967,NA,"Excitatory_neuron"
"MAPT","MAPT-213",0.998096306930967,NA,"Excitatory_neuron"
"MAPT","MAPT-209",0.998096306930967,NA,"Excitatory_neuron"
"MAPT","MAPT-223",0.998096306930967,NA,"Excitatory_neuron"
"MAPT","MAPT-222",0.998096306930967,NA,"Excitatory_neuron"
"MARCHF1","transcript197227.chr4.nnic",0.998096306930967,NA,"Excitatory_neuron"
"MARCHF1","MARCHF1-201",0.998096306930967,NA,"Excitatory_neuron"
"MARCHF1","transcript200081.chr4.nic",0.998096306930967,NA,"Excitatory_neuron"
"MARCHF6","MARCHF6-210",0.998096306930967,NA,"Excitatory_neuron"
"MARCHF6","MARCHF6-201",0.998096306930967,NA,"Excitatory_neuron"
"MARCHF7","MARCHF7-202",0.998096306930967,NA,"Excitatory_neuron"
"MARCHF7","MARCHF7-201",0.998096306930967,NA,"Excitatory_neuron"
"MARF1","MARF1-201",0.998096306930967,NA,"Excitatory_neuron"
"MARF1","MARF1-215",0.998096306930967,NA,"Excitatory_neuron"
"MARF1","MARF1-211",0.998096306930967,NA,"Excitatory_neuron"
"MARK1","MARK1-201",0.998096306930967,NA,"Excitatory_neuron"
"MARK1","MARK1-217",0.998096306930967,NA,"Excitatory_neuron"
"MARK1","transcript318549.chr1.nnic",0.998096306930967,NA,"Excitatory_neuron"
"MARK1","transcript318595.chr1.nic",0.998096306930967,NA,"Excitatory_neuron"
"MARK1","MARK1-208",0.998096306930967,NA,"Excitatory_neuron"
"MARK3","MARK3-227",0.998096306930967,NA,"Excitatory_neuron"
"MARK3","MARK3-238",0.998096306930967,NA,"Excitatory_neuron"
"MARK3","MARK3-205",0.998096306930967,NA,"Excitatory_neuron"
"MARK3","MARK3-209",0.998096306930967,NA,"Excitatory_neuron"
"MARK3","MARK3-278",0.998096306930967,NA,"Excitatory_neuron"
"MARK3","MARK3-233",0.998096306930967,NA,"Excitatory_neuron"
"MARS1","MARS1-204",0.998096306930967,NA,"Excitatory_neuron"
"MARS1","MARS1-201",0.998096306930967,NA,"Excitatory_neuron"
"MAST3","transcript39389.chr19.nic",0.849789216006532,NA,"Excitatory_neuron"
"MAST3","MAST3-210",0.849789216006532,NA,"Excitatory_neuron"
"MAST4","MAST4-201",0.788568742861185,NA,"Excitatory_neuron"
"MAST4","MAST4-202",0.788568742861185,NA,"Excitatory_neuron"
"MAST4","MAST4-204",0.788568742861185,NA,"Excitatory_neuron"
"MAT2A","MAT2A-201",0.998096306930967,NA,"Excitatory_neuron"
"MAT2A","MAT2A-202",0.998096306930967,NA,"Excitatory_neuron"
"MATCAP1","MATCAP1-202",0.998096306930967,NA,"Excitatory_neuron"
"MATCAP1","MATCAP1-203",0.998096306930967,NA,"Excitatory_neuron"
"MATCAP1","MATCAP1-206",0.998096306930967,NA,"Excitatory_neuron"
"MATK","MATK-203",0.998096306930967,NA,"Excitatory_neuron"
"MATK","MATK-201",0.998096306930967,NA,"Excitatory_neuron"
"MATK","MATK-202",0.998096306930967,NA,"Excitatory_neuron"
"MATR3","MATR3-206",0.998096306930967,NA,"Excitatory_neuron"
"MATR3","MATR3-215",0.998096306930967,NA,"Excitatory_neuron"
"MATR3","MATR3-203",0.998096306930967,NA,"Excitatory_neuron"
"MATR3","MATR3-202",0.998096306930967,NA,"Excitatory_neuron"
"MATR3","MATR3-210",0.998096306930967,NA,"Excitatory_neuron"
"MATR3","MATR3-227",0.998096306930967,NA,"Excitatory_neuron"
"MATR3","MATR3-201",0.998096306930967,NA,"Excitatory_neuron"
"MATR3","MATR3-211",0.998096306930967,NA,"Excitatory_neuron"
"MAU2","MAU2-201",0.998096306930967,NA,"Excitatory_neuron"
"MAU2","MAU2-208",0.998096306930967,NA,"Excitatory_neuron"
"MBD1","MBD1-210",0.998096306930967,NA,"Excitatory_neuron"
"MBD1","MBD1-224",0.998096306930967,NA,"Excitatory_neuron"
"MBD4","MBD4-206",0.998096306930967,NA,"Excitatory_neuron"
"MBD4","MBD4-203",0.998096306930967,NA,"Excitatory_neuron"
"MBD4","MBD4-201",0.998096306930967,NA,"Excitatory_neuron"
"MBD5","MBD5-201",0.998096306930967,NA,"Excitatory_neuron"
"MBD5","MBD5-233",0.998096306930967,NA,"Excitatory_neuron"
"MBIP","transcript23872.chr14.nic",0.998096306930967,NA,"Excitatory_neuron"
"MBIP","transcript23536.chr14.nic",0.998096306930967,NA,"Excitatory_neuron"
"MBIP","MBIP-203",0.998096306930967,NA,"Excitatory_neuron"
"MBLAC2","MBLAC2-202",0.998096306930967,NA,"Excitatory_neuron"
"MBLAC2","MBLAC2-201",0.998096306930967,NA,"Excitatory_neuron"
"MBNL2","MBNL2-211",0.998096306930967,NA,"Excitatory_neuron"
"MBNL2","MBNL2-210",0.998096306930967,NA,"Excitatory_neuron"
"MBNL2","MBNL2-201",0.998096306930967,NA,"Excitatory_neuron"
"MBNL2","MBNL2-203",0.998096306930967,NA,"Excitatory_neuron"
"MBNL2","MBNL2-202",0.998096306930967,NA,"Excitatory_neuron"
"MBNL2","MBNL2-207",0.998096306930967,NA,"Excitatory_neuron"
"MBOAT7","MBOAT7-212",0.998096306930967,NA,"Excitatory_neuron"
"MBOAT7","MBOAT7-201",0.998096306930967,NA,"Excitatory_neuron"
"MBP","MBP-205",0.998096306930967,NA,"Excitatory_neuron"
"MBP","MBP-207",0.998096306930967,NA,"Excitatory_neuron"
"MBP","MBP-220",0.998096306930967,NA,"Excitatory_neuron"
"MBP","MBP-202",0.998096306930967,NA,"Excitatory_neuron"
"MBTPS1","MBTPS1-216",0.998096306930967,NA,"Excitatory_neuron"
"MBTPS1","MBTPS1-205",0.998096306930967,NA,"Excitatory_neuron"
"MBTPS1","MBTPS1-201",0.998096306930967,NA,"Excitatory_neuron"
"MBTPS1","MBTPS1-204",0.998096306930967,NA,"Excitatory_neuron"
"MBTPS2","MBTPS2-201",0.998096306930967,NA,"Excitatory_neuron"
"MBTPS2","MBTPS2-202",0.998096306930967,NA,"Excitatory_neuron"
"MCF2L","MCF2L-212",0.998096306930967,NA,"Excitatory_neuron"
"MCF2L","MCF2L-221",0.998096306930967,NA,"Excitatory_neuron"
"MCF2L","MCF2L-232",0.998096306930967,NA,"Excitatory_neuron"
"MCF2L","MCF2L-229",0.998096306930967,NA,"Excitatory_neuron"
"MCF2L2","MCF2L2-201",0.998096306930967,NA,"Excitatory_neuron"
"MCF2L2","MCF2L2-203",0.998096306930967,NA,"Excitatory_neuron"
"MCHR2","transcript145716.chr6.nic",0.998096306930967,NA,"Excitatory_neuron"
"MCHR2","MCHR2-201",0.998096306930967,NA,"Excitatory_neuron"
"MCM3AP","MCM3AP-207",0.998096306930967,NA,"Excitatory_neuron"
"MCM3AP","transcript48053.chr21.nnic",0.998096306930967,NA,"Excitatory_neuron"
"MCM4","MCM4-201",0.998096306930967,NA,"Excitatory_neuron"
"MCM4","MCM4-222",0.998096306930967,NA,"Excitatory_neuron"
"MCM4","MCM4-216",0.998096306930967,NA,"Excitatory_neuron"
"MCOLN1","MCOLN1-202",0.998096306930967,NA,"Excitatory_neuron"
"MCOLN1","MCOLN1-201",0.998096306930967,NA,"Excitatory_neuron"
"MCPH1","MCPH1-221",0.998096306930967,NA,"Excitatory_neuron"
"MCPH1","MCPH1-203",0.998096306930967,NA,"Excitatory_neuron"
"MCPH1","MCPH1-201",0.998096306930967,NA,"Excitatory_neuron"
"MDM1","MDM1-205",0.998096306930967,NA,"Excitatory_neuron"
"MDM1","MDM1-216",0.998096306930967,NA,"Excitatory_neuron"
"MDM4","MDM4-203",0.998096306930967,NA,"Excitatory_neuron"
"MDM4","MDM4-205",0.998096306930967,NA,"Excitatory_neuron"
"MDM4","MDM4-207",0.998096306930967,NA,"Excitatory_neuron"
"MDN1","MDN1-222",0.998096306930967,NA,"Excitatory_neuron"
"MDN1","MDN1-220",0.998096306930967,NA,"Excitatory_neuron"
"MDN1","MDN1-201",0.998096306930967,NA,"Excitatory_neuron"
"MDN1","MDN1-205",0.998096306930967,NA,"Excitatory_neuron"
"MDN1","MDN1-206",0.998096306930967,NA,"Excitatory_neuron"
"MDN1","MDN1-210",0.998096306930967,NA,"Excitatory_neuron"
"MDN1","MDN1-208",0.998096306930967,NA,"Excitatory_neuron"
"ME3","transcript141000.chr11.nnic",0.998096306930967,NA,"Excitatory_neuron"
"ME3","transcript141007.chr11.nnic",0.998096306930967,NA,"Excitatory_neuron"
"ME3","transcript141120.chr11.nic",0.998096306930967,NA,"Excitatory_neuron"
"MECR","MECR-202",0.998096306930967,NA,"Excitatory_neuron"
"MECR","MECR-201",0.998096306930967,NA,"Excitatory_neuron"
"MED12L","MED12L-210",0.998096306930967,NA,"Excitatory_neuron"
"MED12L","MED12L-214",0.998096306930967,NA,"Excitatory_neuron"
"MED12L","MED12L-212",0.998096306930967,NA,"Excitatory_neuron"
"MED13L","MED13L-221",0.998096306930967,NA,"Excitatory_neuron"
"MED13L","MED13L-217",0.998096306930967,NA,"Excitatory_neuron"
"MED13L","MED13L-204",0.998096306930967,NA,"Excitatory_neuron"
"MED13L","MED13L-227",0.998096306930967,NA,"Excitatory_neuron"
"MED15","MED15-222",0.998096306930967,NA,"Excitatory_neuron"
"MED15","MED15-231",0.998096306930967,NA,"Excitatory_neuron"
"MED17","MED17-201",0.998096306930967,NA,"Excitatory_neuron"
"MED17","MED17-207",0.998096306930967,NA,"Excitatory_neuron"
"MED27","MED27-206",0.79057561140116,NA,"Excitatory_neuron"
"MED27","MED27-201",0.79057561140116,NA,"Excitatory_neuron"
"MED8","transcript77710.chr1.nic",0.998096306930967,NA,"Excitatory_neuron"
"MED8","MED8-203",0.998096306930967,NA,"Excitatory_neuron"
"MED9","MED9-201",0.998096306930967,NA,"Excitatory_neuron"
"MED9","MED9-205",0.998096306930967,NA,"Excitatory_neuron"
"MEF2A","MEF2A-205",0.998096306930967,NA,"Excitatory_neuron"
"MEF2A","transcript145018.chr15.nic",0.998096306930967,NA,"Excitatory_neuron"
"MEF2C","MEF2C-210",0.998096306930967,NA,"Excitatory_neuron"
"MEF2C","MEF2C-221",0.998096306930967,NA,"Excitatory_neuron"
"MEF2C","MEF2C-203",0.998096306930967,NA,"Excitatory_neuron"
"MEF2C","MEF2C-209",0.998096306930967,NA,"Excitatory_neuron"
"MEF2C","MEF2C-244",0.998096306930967,NA,"Excitatory_neuron"
"MEG3","MEG3-213",0.998096306930967,NA,"Excitatory_neuron"
"MEG3","MEG3-210",0.998096306930967,NA,"Excitatory_neuron"
"MEG3","MEG3-228",0.998096306930967,NA,"Excitatory_neuron"
"MEG3","MEG3-220",0.998096306930967,NA,"Excitatory_neuron"
"MEG3","MEG3-209",0.998096306930967,NA,"Excitatory_neuron"
"MEG3","MEG3-224",0.998096306930967,NA,"Excitatory_neuron"
"MEIS2","MEIS2-203",0.998096306930967,NA,"Excitatory_neuron"
"MEIS2","transcript44541.chr15.nic",0.998096306930967,NA,"Excitatory_neuron"
"MEIS2","MEIS2-206",0.998096306930967,NA,"Excitatory_neuron"
"MEST","MEST-201",0.895545976913367,NA,"Excitatory_neuron"
"MEST","transcript188245.chr7.nnic",0.895545976913367,NA,"Excitatory_neuron"
"MEST","MEST-202",0.895545976913367,NA,"Excitatory_neuron"
"MEST","transcript188359.chr7.nic",0.895545976913367,NA,"Excitatory_neuron"
"METTL9","METTL9-206",0.998096306930967,NA,"Excitatory_neuron"
"METTL9","METTL9-201",0.998096306930967,NA,"Excitatory_neuron"
"MFF","MFF-216",0.998096306930967,NA,"Excitatory_neuron"
"MFF","transcript391309.chr2.nic",0.998096306930967,NA,"Excitatory_neuron"
"MFF","MFF-201",0.998096306930967,NA,"Excitatory_neuron"
"MFGE8","transcript133219.chr15.nic",0.998201619472994,NA,"Excitatory_neuron"
"MFGE8","MFGE8-221",0.998201619472994,NA,"Excitatory_neuron"
"MFSD4A","MFSD4A-201",0.998096306930967,NA,"Excitatory_neuron"
"MFSD4A","MFSD4A-205",0.998096306930967,NA,"Excitatory_neuron"
"MFSD4B","MFSD4B-208",0.998096306930967,NA,"Excitatory_neuron"
"MFSD4B","MFSD4B-214",0.998096306930967,NA,"Excitatory_neuron"
"MFSD6","MFSD6-206",0.152659454932797,NA,"Excitatory_neuron"
"MFSD6","MFSD6-202",0.152659454932797,NA,"Excitatory_neuron"
"MGA","MGA-207",0.998096306930967,NA,"Excitatory_neuron"
"MGA","MGA-209",0.998096306930967,NA,"Excitatory_neuron"
"MGA","MGA-213",0.998096306930967,NA,"Excitatory_neuron"
"MGA","MGA-201",0.998096306930967,NA,"Excitatory_neuron"
"MGA","MGA-208",0.998096306930967,NA,"Excitatory_neuron"
"MGA","MGA-210",0.998096306930967,NA,"Excitatory_neuron"
"MGA","MGA-202",0.998096306930967,NA,"Excitatory_neuron"
"MGA","MGA-206",0.998096306930967,NA,"Excitatory_neuron"
"MGLL","MGLL-201",0.998096306930967,NA,"Excitatory_neuron"
"MGLL","MGLL-203",0.998096306930967,NA,"Excitatory_neuron"
"MGLL","transcript223455.chr3.nic",0.998096306930967,NA,"Excitatory_neuron"
"MGRN1","MGRN1-202",0.785212923436583,NA,"Excitatory_neuron"
"MGRN1","MGRN1-201",0.785212923436583,NA,"Excitatory_neuron"
"MGRN1","MGRN1-203",0.785212923436583,NA,"Excitatory_neuron"
"MGRN1","transcript13765.chr16.nnic",0.785212923436583,NA,"Excitatory_neuron"
"MGST3","MGST3-213",0.998096306930967,NA,"Excitatory_neuron"
"MGST3","MGST3-205",0.998096306930967,NA,"Excitatory_neuron"
"MIA3","MIA3-206",0.999634496113808,NA,"Excitatory_neuron"
"MIA3","MIA3-202",0.999634496113808,NA,"Excitatory_neuron"
"MIAT","MIAT-221",0.998096306930967,NA,"Excitatory_neuron"
"MIAT","MIAT-220",0.998096306930967,NA,"Excitatory_neuron"
"MIAT","MIAT-226",0.998096306930967,NA,"Excitatory_neuron"
"MIAT","MIAT-219",0.998096306930967,NA,"Excitatory_neuron"
"MIAT","MIAT-218",0.998096306930967,NA,"Excitatory_neuron"
"MIAT","MIAT-229",0.998096306930967,NA,"Excitatory_neuron"
"MIB2","MIB2-209",0.998096306930967,NA,"Excitatory_neuron"
"MIB2","MIB2-221",0.998096306930967,NA,"Excitatory_neuron"
"MICAL2","MICAL2-201",0.998096306930967,NA,"Excitatory_neuron"
"MICAL2","MICAL2-208",0.998096306930967,NA,"Excitatory_neuron"
"MICAL2","MICAL2-237",0.998096306930967,NA,"Excitatory_neuron"
"MICAL2","MICAL2-219",0.998096306930967,NA,"Excitatory_neuron"
"MICAL3","MICAL3-214",0.998096306930967,NA,"Excitatory_neuron"
"MICAL3","MICAL3-207",0.998096306930967,NA,"Excitatory_neuron"
"MICAL3","MICAL3-210",0.998096306930967,NA,"Excitatory_neuron"
"MIGA1","MIGA1-205",0.998096306930967,NA,"Excitatory_neuron"
"MIGA1","MIGA1-202",0.998096306930967,NA,"Excitatory_neuron"
"MIGA2","MIGA2-203",0.998096306930967,NA,"Excitatory_neuron"
"MIGA2","MIGA2-210",0.998096306930967,NA,"Excitatory_neuron"
"MIGA2","MIGA2-214",0.998096306930967,NA,"Excitatory_neuron"
"MIPOL1","MIPOL1-215",0.998096306930967,NA,"Excitatory_neuron"
"MIPOL1","MIPOL1-216",0.998096306930967,NA,"Excitatory_neuron"
"MIR100HG","MIR100HG-208",0.998096306930967,NA,"Excitatory_neuron"
"MIR100HG","MIR100HG-284",0.998096306930967,NA,"Excitatory_neuron"
"MIR124-1HG","MIR124-1HG-207",0.998096306930967,NA,"Excitatory_neuron"
"MIR124-1HG","MIR124-1HG-214",0.998096306930967,NA,"Excitatory_neuron"
"MIR124-1HG","MIR124-1HG-213",0.998096306930967,NA,"Excitatory_neuron"
"MIR124-1HG","MIR124-1HG-201",0.998096306930967,NA,"Excitatory_neuron"
"MIR124-1HG","MIR124-1HG-212",0.998096306930967,NA,"Excitatory_neuron"
"MIR124-1HG","MIR124-1HG-203",0.998096306930967,NA,"Excitatory_neuron"
"MIR124-2HG","MIR124-2HG-212",0.998096306930967,NA,"Excitatory_neuron"
"MIR124-2HG","MIR124-2HG-210",0.998096306930967,NA,"Excitatory_neuron"
"MIS18BP1","MIS18BP1-201",0.998096306930967,NA,"Excitatory_neuron"
"MIS18BP1","MIS18BP1-204",0.998096306930967,NA,"Excitatory_neuron"
"MKRN1","MKRN1-201",0.998096306930967,NA,"Excitatory_neuron"
"MKRN1","MKRN1-202",0.998096306930967,NA,"Excitatory_neuron"
"MKRN1","MKRN1-209",0.998096306930967,NA,"Excitatory_neuron"
"MKRN2","MKRN2-205",0.998096306930967,NA,"Excitatory_neuron"
"MKRN2","MKRN2-201",0.998096306930967,NA,"Excitatory_neuron"
"MLH3","MLH3-201",0.998096306930967,NA,"Excitatory_neuron"
"MLH3","MLH3-202",0.998096306930967,NA,"Excitatory_neuron"
"MLH3","MLH3-210",0.998096306930967,NA,"Excitatory_neuron"
"MLLT3","MLLT3-202",0.998096306930967,NA,"Excitatory_neuron"
"MLLT3","MLLT3-209",0.998096306930967,NA,"Excitatory_neuron"
"MMUT","MMUT-201",0.998096306930967,NA,"Excitatory_neuron"
"MMUT","transcript66587.chr6.nnic",0.998096306930967,NA,"Excitatory_neuron"
"MOAP1","MOAP1-202",0.998096306930967,NA,"Excitatory_neuron"
"MOAP1","MOAP1-201",0.998096306930967,NA,"Excitatory_neuron"
"MOCS1","MOCS1-203",0.998096306930967,NA,"Excitatory_neuron"
"MOCS1","transcript55283.chr6.nnic",0.998096306930967,NA,"Excitatory_neuron"
"MOCS1","transcript55120.chr6.nic",0.998096306930967,NA,"Excitatory_neuron"
"MON2","MON2-210",0.998096306930967,NA,"Excitatory_neuron"
"MON2","MON2-214",0.998096306930967,NA,"Excitatory_neuron"
"MON2","transcript87508.chr12.nnic",0.998096306930967,NA,"Excitatory_neuron"
"MON2","MON2-203",0.998096306930967,NA,"Excitatory_neuron"
"MORC3","MORC3-205",0.79057561140116,NA,"Excitatory_neuron"
"MORC3","MORC3-201",0.79057561140116,NA,"Excitatory_neuron"
"MORF4L2","MORF4L2-204",0.998096306930967,NA,"Excitatory_neuron"
"MORF4L2","MORF4L2-208",0.998096306930967,NA,"Excitatory_neuron"
"MORF4L2","MORF4L2-206",0.998096306930967,NA,"Excitatory_neuron"
"MORF4L2","MORF4L2-201",0.998096306930967,NA,"Excitatory_neuron"
"MPDZ","transcript19349.chr9.nic",0.998096306930967,NA,"Excitatory_neuron"
"MPDZ","MPDZ-212",0.998096306930967,NA,"Excitatory_neuron"
"MPDZ","MPDZ-214",0.998096306930967,NA,"Excitatory_neuron"
"MPDZ","MPDZ-202",0.998096306930967,NA,"Excitatory_neuron"
"MPHOSPH10","MPHOSPH10-201",0.998096306930967,NA,"Excitatory_neuron"
"MPHOSPH10","MPHOSPH10-207",0.998096306930967,NA,"Excitatory_neuron"
"MPHOSPH10","MPHOSPH10-205",0.998096306930967,NA,"Excitatory_neuron"
"MPP1","MPP1-216",0.998096306930967,NA,"Excitatory_neuron"
"MPP1","MPP1-202",0.998096306930967,NA,"Excitatory_neuron"
"MPRIP","MPRIP-206",0.998096306930967,NA,"Excitatory_neuron"
"MPRIP","MPRIP-221",0.998096306930967,NA,"Excitatory_neuron"
"MRE11","MRE11-201",0.998096306930967,NA,"Excitatory_neuron"
"MRE11","transcript149532.chr11.nic",0.998096306930967,NA,"Excitatory_neuron"
"MRE11","MRE11-202",0.998096306930967,NA,"Excitatory_neuron"
"MRFAP1","MRFAP1-204",0.998096306930967,NA,"Excitatory_neuron"
"MRFAP1","MRFAP1-201",0.998096306930967,NA,"Excitatory_neuron"
"MRFAP1","MRFAP1-202",0.998096306930967,NA,"Excitatory_neuron"
"MRFAP1L1","MRFAP1L1-201",0.788568742861185,NA,"Excitatory_neuron"
"MRFAP1L1","MRFAP1L1-202",0.788568742861185,NA,"Excitatory_neuron"
"MRNIP","MRNIP-201",0.465710079404596,NA,"Excitatory_neuron"
"MRNIP","MRNIP-204",0.465710079404596,NA,"Excitatory_neuron"
"MROH1","MROH1-203",0.998096306930967,NA,"Excitatory_neuron"
"MROH1","MROH1-201",0.998096306930967,NA,"Excitatory_neuron"
"MROH1","MROH1-205",0.998096306930967,NA,"Excitatory_neuron"
"MROH1","MROH1-208",0.998096306930967,NA,"Excitatory_neuron"
"MRPL20-AS1","MRPL20-AS1-209",0.998096306930967,NA,"Excitatory_neuron"
"MRPL20-AS1","MRPL20-AS1-207",0.998096306930967,NA,"Excitatory_neuron"
"MRPL32","MRPL32-201",0.998096306930967,NA,"Excitatory_neuron"
"MRPL32","MRPL32-203",0.998096306930967,NA,"Excitatory_neuron"
"MRPL42","MRPL42-206",0.998096306930967,NA,"Excitatory_neuron"
"MRPL42","MRPL42-208",0.998096306930967,NA,"Excitatory_neuron"
"MRPS18C","MRPS18C-208",0.998096306930967,NA,"Excitatory_neuron"
"MRPS18C","MRPS18C-201",0.998096306930967,NA,"Excitatory_neuron"
"MRPS27","MRPS27-202",0.998096306930967,NA,"Excitatory_neuron"
"MRPS27","MRPS27-201",0.998096306930967,NA,"Excitatory_neuron"
"MRPS5","MRPS5-201",0.998096306930967,NA,"Excitatory_neuron"
"MRPS5","MRPS5-203",0.998096306930967,NA,"Excitatory_neuron"
"MRPS5","MRPS5-207",0.998096306930967,NA,"Excitatory_neuron"
"MRPS7","MRPS7-203",0.998096306930967,NA,"Excitatory_neuron"
"MRPS7","MRPS7-201",0.998096306930967,NA,"Excitatory_neuron"
"MRS2","MRS2-203",0.999362957252151,NA,"Excitatory_neuron"
"MRS2","MRS2-206",0.999362957252151,NA,"Excitatory_neuron"
"MRTFB","MRTFB-202",0.998096306930967,NA,"Excitatory_neuron"
"MRTFB","MRTFB-206",0.998096306930967,NA,"Excitatory_neuron"
"MRTFB","transcript42729.chr16.nnic",0.998096306930967,NA,"Excitatory_neuron"
"MRTFB","MRTFB-205",0.998096306930967,NA,"Excitatory_neuron"
"MRTFB","transcript43334.chr16.nic",0.998096306930967,NA,"Excitatory_neuron"
"MRTFB","MRTFB-204",0.998096306930967,NA,"Excitatory_neuron"
"MSH3","MSH3-201",0.910790034440891,NA,"Excitatory_neuron"
"MSH3","MSH3-207",0.910790034440891,NA,"Excitatory_neuron"
"MSH6","MSH6-211",0.948006859166649,NA,"Excitatory_neuron"
"MSH6","MSH6-204",0.948006859166649,NA,"Excitatory_neuron"
"MSH6","MSH6-201",0.948006859166649,NA,"Excitatory_neuron"
"MSL1","MSL1-202",0.998096306930967,NA,"Excitatory_neuron"
"MSL1","MSL1-203",0.998096306930967,NA,"Excitatory_neuron"
"MSL1","MSL1-201",0.998096306930967,NA,"Excitatory_neuron"
"MT-ND5","transcript792.chrM.nnic",0.998096306930967,NA,"Excitatory_neuron"
"MT-ND5","transcript2247.chrM.nnic",0.998096306930967,NA,"Excitatory_neuron"
"MT-ND5","transcript482.chrM.nnic",0.998096306930967,NA,"Excitatory_neuron"
"MTA3","MTA3-201",0.968064174157461,NA,"Excitatory_neuron"
"MTA3","MTA3-202",0.968064174157461,NA,"Excitatory_neuron"
"MTA3","transcript50177.chr2.nic",0.968064174157461,NA,"Excitatory_neuron"
"MTCH1","MTCH1-234",0.998096306930967,NA,"Excitatory_neuron"
"MTCH1","MTCH1-231",0.998096306930967,NA,"Excitatory_neuron"
"MTCH1","MTCH1-229",0.998096306930967,NA,"Excitatory_neuron"
"MTCH1","MTCH1-201",0.998096306930967,NA,"Excitatory_neuron"
"MTCH1","MTCH1-202",0.998096306930967,NA,"Excitatory_neuron"
"MTDH","MTDH-201",0.998096306930967,NA,"Excitatory_neuron"
"MTDH","MTDH-203",0.998096306930967,NA,"Excitatory_neuron"
"MTFR1L","MTFR1L-210",0.998096306930967,NA,"Excitatory_neuron"
"MTFR1L","MTFR1L-203",0.998096306930967,NA,"Excitatory_neuron"
"MTHFD1","MTHFD1-220",0.998096306930967,NA,"Excitatory_neuron"
"MTHFD1","MTHFD1-211",0.998096306930967,NA,"Excitatory_neuron"
"MTMR14","MTMR14-201",0.998096306930967,NA,"Excitatory_neuron"
"MTMR14","MTMR14-203",0.998096306930967,NA,"Excitatory_neuron"
"MTR","MTR-211",0.998096306930967,NA,"Excitatory_neuron"
"MTR","MTR-213",0.998096306930967,NA,"Excitatory_neuron"
"MTR","MTR-206",0.998096306930967,NA,"Excitatory_neuron"
"MTR","MTR-204",0.998096306930967,NA,"Excitatory_neuron"
"MTRF1L","MTRF1L-203",0.998096306930967,NA,"Excitatory_neuron"
"MTRF1L","MTRF1L-208",0.998096306930967,NA,"Excitatory_neuron"
"MTRR","transcript10487.chr5.nic",0.998096306930967,NA,"Excitatory_neuron"
"MTRR","MTRR-202",0.998096306930967,NA,"Excitatory_neuron"
"MTURN","MTURN-202",0.998096306930967,NA,"Excitatory_neuron"
"MTURN","MTURN-201",0.998096306930967,NA,"Excitatory_neuron"
"MVD","MVD-201",0.998096306930967,NA,"Excitatory_neuron"
"MVD","transcript136386.chr16.nic",0.998096306930967,NA,"Excitatory_neuron"
"MX1","MX1-202",0.998096306930967,NA,"Excitatory_neuron"
"MX1","MX1-244",0.998096306930967,NA,"Excitatory_neuron"
"MX1","MX1-234",0.998096306930967,NA,"Excitatory_neuron"
"MXI1","transcript191821.chr10.nic",0.998096306930967,NA,"Excitatory_neuron"
"MXI1","MXI1-201",0.998096306930967,NA,"Excitatory_neuron"
"MYCBP2","MYCBP2-208",0.998096306930967,NA,"Excitatory_neuron"
"MYCBP2","MYCBP2-206",0.998096306930967,NA,"Excitatory_neuron"
"MYCBP2","MYCBP2-213",0.998096306930967,NA,"Excitatory_neuron"
"MYCBP2","MYCBP2-216",0.998096306930967,NA,"Excitatory_neuron"
"MYCBP2","MYCBP2-217",0.998096306930967,NA,"Excitatory_neuron"
"MYCBP2","MYCBP2-207",0.998096306930967,NA,"Excitatory_neuron"
"MYCBP2","MYCBP2-224",0.998096306930967,NA,"Excitatory_neuron"
"MYCBP2","MYCBP2-210",0.998096306930967,NA,"Excitatory_neuron"
"MYCBP2","MYCBP2-201",0.998096306930967,NA,"Excitatory_neuron"
"MYEF2","MYEF2-202",0.998096306930967,NA,"Excitatory_neuron"
"MYEF2","MYEF2-201",0.998096306930967,NA,"Excitatory_neuron"
"MYEF2","MYEF2-214",0.998096306930967,NA,"Excitatory_neuron"
"MYH10","MYH10-218",0.948006859166649,NA,"Excitatory_neuron"
"MYH10","MYH10-229",0.948006859166649,NA,"Excitatory_neuron"
"MYH10","MYH10-232",0.948006859166649,NA,"Excitatory_neuron"
"MYH10","MYH10-203",0.948006859166649,NA,"Excitatory_neuron"
"MYH10","MYH10-227",0.948006859166649,NA,"Excitatory_neuron"
"MYH10","MYH10-206",0.948006859166649,NA,"Excitatory_neuron"
"MYH10","MYH10-214",0.948006859166649,NA,"Excitatory_neuron"
"MYH10","MYH10-217",0.948006859166649,NA,"Excitatory_neuron"
"MYH10","MYH10-216",0.948006859166649,NA,"Excitatory_neuron"
"MYH9","MYH9-215",0.948006859166649,NA,"Excitatory_neuron"
"MYH9","MYH9-212",0.948006859166649,NA,"Excitatory_neuron"
"MYH9","MYH9-214",0.948006859166649,NA,"Excitatory_neuron"
"MYH9","MYH9-223",0.948006859166649,NA,"Excitatory_neuron"
"MYH9","MYH9-201",0.948006859166649,NA,"Excitatory_neuron"
"MYO18A","MYO18A-203",0.998096306930967,NA,"Excitatory_neuron"
"MYO18A","MYO18A-201",0.998096306930967,NA,"Excitatory_neuron"
"MYO18A","transcript45293.chr17.nic",0.998096306930967,NA,"Excitatory_neuron"
"MYO18A","MYO18A-225",0.998096306930967,NA,"Excitatory_neuron"
"MYO1D","transcript51983.chr17.nic",0.998096306930967,NA,"Excitatory_neuron"
"MYO1D","transcript51852.chr17.nic",0.998096306930967,NA,"Excitatory_neuron"
"MYO5A","MYO5A-247",0.998096306930967,NA,"Excitatory_neuron"
"MYO5A","MYO5A-217",0.998096306930967,NA,"Excitatory_neuron"
"MYO5A","MYO5A-226",0.998096306930967,NA,"Excitatory_neuron"
"MYO5A","MYO5A-203",0.998096306930967,NA,"Excitatory_neuron"
"MYO5A","MYO5A-222",0.998096306930967,NA,"Excitatory_neuron"
"MYO5A","MYO5A-233",0.998096306930967,NA,"Excitatory_neuron"
"MYO6","MYO6-216",0.998096306930967,NA,"Excitatory_neuron"
"MYO6","MYO6-201",0.998096306930967,NA,"Excitatory_neuron"
"MYO9A","MYO9A-214",0.998096306930967,NA,"Excitatory_neuron"
"MYO9A","MYO9A-201",0.998096306930967,NA,"Excitatory_neuron"
"MYO9A","MYO9A-215",0.998096306930967,NA,"Excitatory_neuron"
"MYO9A","transcript105899.chr15.nnic",0.998096306930967,NA,"Excitatory_neuron"
"MYOM2","transcript13568.chr8.nic",0.998096306930967,NA,"Excitatory_neuron"
"MYOM2","MYOM2-201",0.998096306930967,NA,"Excitatory_neuron"
"MYSM1","MYSM1-216",0.998096306930967,NA,"Excitatory_neuron"
"MYSM1","MYSM1-219",0.998096306930967,NA,"Excitatory_neuron"
"MYSM1","MYSM1-208",0.998096306930967,NA,"Excitatory_neuron"
"MYSM1","MYSM1-204",0.998096306930967,NA,"Excitatory_neuron"
"MYSM1","MYSM1-224",0.998096306930967,NA,"Excitatory_neuron"
"MYSM1","MYSM1-202",0.998096306930967,NA,"Excitatory_neuron"
"MYSM1","MYSM1-220",0.998096306930967,NA,"Excitatory_neuron"
"MYSM1","MYSM1-214",0.998096306930967,NA,"Excitatory_neuron"
"MYSM1","MYSM1-223",0.998096306930967,NA,"Excitatory_neuron"
"MYT1L","MYT1L-254",0.998096306930967,NA,"Excitatory_neuron"
"MYT1L","MYT1L-224",0.998096306930967,NA,"Excitatory_neuron"
"MYT1L","MYT1L-229",0.998096306930967,NA,"Excitatory_neuron"
"MYT1L","MYT1L-202",0.998096306930967,NA,"Excitatory_neuron"
"MYT1L","MYT1L-215",0.998096306930967,NA,"Excitatory_neuron"
"MYT1L","MYT1L-240",0.998096306930967,NA,"Excitatory_neuron"
"MYT1L","MYT1L-221",0.998096306930967,NA,"Excitatory_neuron"
"MYT1L","MYT1L-251",0.998096306930967,NA,"Excitatory_neuron"
"MYT1L","MYT1L-243",0.998096306930967,NA,"Excitatory_neuron"
"MYT1L","MYT1L-253",0.998096306930967,NA,"Excitatory_neuron"
"MYT1L","MYT1L-214",0.998096306930967,NA,"Excitatory_neuron"
"MZF1","MZF1-201",0.998096306930967,NA,"Excitatory_neuron"
"MZF1","MZF1-207",0.998096306930967,NA,"Excitatory_neuron"
"N4BP2","N4BP2-202",0.998096306930967,NA,"Excitatory_neuron"
"N4BP2","N4BP2-201",0.998096306930967,NA,"Excitatory_neuron"
"N4BP2L1","N4BP2L1-202",0.998096306930967,NA,"Excitatory_neuron"
"N4BP2L1","N4BP2L1-204",0.998096306930967,NA,"Excitatory_neuron"
"N4BP2L2","N4BP2L2-201",0.998096306930967,NA,"Excitatory_neuron"
"N4BP2L2","N4BP2L2-222",0.998096306930967,NA,"Excitatory_neuron"
"N4BP2L2","N4BP2L2-245",0.998096306930967,NA,"Excitatory_neuron"
"N4BP2L2","N4BP2L2-212",0.998096306930967,NA,"Excitatory_neuron"
"N4BP2L2","N4BP2L2-235",0.998096306930967,NA,"Excitatory_neuron"
"N4BP2L2","N4BP2L2-208",0.998096306930967,NA,"Excitatory_neuron"
"N4BP2L2","N4BP2L2-229",0.998096306930967,NA,"Excitatory_neuron"
"N4BP2L2","N4BP2L2-237",0.998096306930967,NA,"Excitatory_neuron"
"N4BP2L2","N4BP2L2-213",0.998096306930967,NA,"Excitatory_neuron"
"NAA15","NAA15-201",0.998096306930967,NA,"Excitatory_neuron"
"NAA15","NAA15-209",0.998096306930967,NA,"Excitatory_neuron"
"NAA16","NAA16-201",0.998096306930967,NA,"Excitatory_neuron"
"NAA16","NAA16-204",0.998096306930967,NA,"Excitatory_neuron"
"NAA25","NAA25-205",0.998096306930967,NA,"Excitatory_neuron"
"NAA25","NAA25-201",0.998096306930967,NA,"Excitatory_neuron"
"NAA60","NAA60-229",0.998096306930967,NA,"Excitatory_neuron"
"NAA60","NAA60-203",0.998096306930967,NA,"Excitatory_neuron"
"NAA60","NAA60-202",0.998096306930967,NA,"Excitatory_neuron"
"NAA60","NAA60-214",0.998096306930967,NA,"Excitatory_neuron"
"NAB1","NAB1-201",0.998096306930967,NA,"Excitatory_neuron"
"NAB1","NAB1-203",0.998096306930967,NA,"Excitatory_neuron"
"NACA","NACA-202",0.998096306930967,NA,"Excitatory_neuron"
"NACA","NACA-201",0.998096306930967,NA,"Excitatory_neuron"
"NALCN","NALCN-205",0.998096306930967,NA,"Excitatory_neuron"
"NALCN","NALCN-217",0.998096306930967,NA,"Excitatory_neuron"
"NAMPT","NAMPT-228",0.998096306930967,NA,"Excitatory_neuron"
"NAMPT","NAMPT-201",0.998096306930967,NA,"Excitatory_neuron"
"NAMPT","NAMPT-226",0.998096306930967,NA,"Excitatory_neuron"
"NAMPT","NAMPT-216",0.998096306930967,NA,"Excitatory_neuron"
"NAP1L1","NAP1L1-215",0.998096306930967,NA,"Excitatory_neuron"
"NAP1L1","NAP1L1-201",0.998096306930967,NA,"Excitatory_neuron"
"NAP1L1","NAP1L1-226",0.998096306930967,NA,"Excitatory_neuron"
"NAP1L1","NAP1L1-209",0.998096306930967,NA,"Excitatory_neuron"
"NAP1L4","NAP1L4-201",0.998096306930967,NA,"Excitatory_neuron"
"NAP1L4","NAP1L4-222",0.998096306930967,NA,"Excitatory_neuron"
"NAPB","NAPB-201",0.998096306930967,NA,"Excitatory_neuron"
"NAPB","NAPB-207",0.998096306930967,NA,"Excitatory_neuron"
"NAPEPLD","NAPEPLD-210",0.998096306930967,NA,"Excitatory_neuron"
"NAPEPLD","NAPEPLD-209",0.998096306930967,NA,"Excitatory_neuron"
"NAPEPLD","NAPEPLD-201",0.998096306930967,NA,"Excitatory_neuron"
"NARF","NARF-208",0.998096306930967,NA,"Excitatory_neuron"
"NARF","NARF-201",0.998096306930967,NA,"Excitatory_neuron"
"NARF","NARF-224",0.998096306930967,NA,"Excitatory_neuron"
"NASP","NASP-201",0.998096306930967,NA,"Excitatory_neuron"
"NASP","NASP-210",0.998096306930967,NA,"Excitatory_neuron"
"NAT9","NAT9-201",0.998096306930967,NA,"Excitatory_neuron"
"NAT9","NAT9-225",0.998096306930967,NA,"Excitatory_neuron"
"NAV1","NAV1-203",0.998096306930967,NA,"Excitatory_neuron"
"NAV1","NAV1-201",0.998096306930967,NA,"Excitatory_neuron"
"NAV3","NAV3-216",0.998096306930967,NA,"Excitatory_neuron"
"NAV3","NAV3-202",0.998096306930967,NA,"Excitatory_neuron"
"NAXD","NAXD-206",0.998096306930967,NA,"Excitatory_neuron"
"NAXD","transcript106850.chr13.nnic",0.998096306930967,NA,"Excitatory_neuron"
"NAXD","NAXD-201",0.998096306930967,NA,"Excitatory_neuron"
"NBAS","NBAS-216",0.998096306930967,NA,"Excitatory_neuron"
"NBAS","NBAS-215",0.998096306930967,NA,"Excitatory_neuron"
"NBAS","NBAS-219",0.998096306930967,NA,"Excitatory_neuron"
"NBAS","NBAS-201",0.998096306930967,NA,"Excitatory_neuron"
"NBEA","NBEA-230",0.968064174157461,NA,"Excitatory_neuron"
"NBEA","NBEA-254",0.968064174157461,NA,"Excitatory_neuron"
"NBEA","NBEA-252",0.968064174157461,NA,"Excitatory_neuron"
"NBEA","NBEA-232",0.968064174157461,NA,"Excitatory_neuron"
"NBEA","NBEA-203",0.968064174157461,NA,"Excitatory_neuron"
"NBEA","NBEA-216",0.968064174157461,NA,"Excitatory_neuron"
"NBEA","NBEA-218",0.968064174157461,NA,"Excitatory_neuron"
"NBN","NBN-204",0.998096306930967,NA,"Excitatory_neuron"
"NBN","NBN-222",0.998096306930967,NA,"Excitatory_neuron"
"NBN","NBN-231",0.998096306930967,NA,"Excitatory_neuron"
"NBN","NBN-201",0.998096306930967,NA,"Excitatory_neuron"
"NBN","NBN-238",0.998096306930967,NA,"Excitatory_neuron"
"NBPF1","NBPF1-204",0.998096306930967,NA,"Excitatory_neuron"
"NBPF1","NBPF1-203",0.998096306930967,NA,"Excitatory_neuron"
"NBPF1","NBPF1-206",0.998096306930967,NA,"Excitatory_neuron"
"NCALD","NCALD-202",0.998096306930967,NA,"Excitatory_neuron"
"NCALD","NCALD-201",0.998096306930967,NA,"Excitatory_neuron"
"NCAM1","NCAM1-213",0.998096306930967,NA,"Excitatory_neuron"
"NCAM1","NCAM1-201",0.998096306930967,NA,"Excitatory_neuron"
"NCAM1","NCAM1-225",0.998096306930967,NA,"Excitatory_neuron"
"NCBP2","NCBP2-201",0.998096306930967,NA,"Excitatory_neuron"
"NCBP2","NCBP2-205",0.998096306930967,NA,"Excitatory_neuron"
"NCBP2","NCBP2-209",0.998096306930967,NA,"Excitatory_neuron"
"NCDN","NCDN-203",0.895545976913367,NA,"Excitatory_neuron"
"NCDN","NCDN-202",0.895545976913367,NA,"Excitatory_neuron"
"NCDN","transcript62980.chr1.nnic",0.895545976913367,NA,"Excitatory_neuron"
"NCEH1","NCEH1-205",0.998096306930967,NA,"Excitatory_neuron"
"NCEH1","NCEH1-204",0.998096306930967,NA,"Excitatory_neuron"
"NCKIPSD","NCKIPSD-201",0.998096306930967,NA,"Excitatory_neuron"
"NCKIPSD","NCKIPSD-204",0.998096306930967,NA,"Excitatory_neuron"
"NCL","NCL-201",0.998096306930967,NA,"Excitatory_neuron"
"NCL","NCL-216",0.998096306930967,NA,"Excitatory_neuron"
"NCL","NCL-218",0.998096306930967,NA,"Excitatory_neuron"
"NCL","NCL-224",0.998096306930967,NA,"Excitatory_neuron"
"NCL","NCL-221",0.998096306930967,NA,"Excitatory_neuron"
"NCOR1","NCOR1-220",0.998096306930967,NA,"Excitatory_neuron"
"NCOR1","NCOR1-201",0.998096306930967,NA,"Excitatory_neuron"
"NCOR1","NCOR1-204",0.998096306930967,NA,"Excitatory_neuron"
"NCOR1","NCOR1-229",0.998096306930967,NA,"Excitatory_neuron"
"NCOR1","NCOR1-208",0.998096306930967,NA,"Excitatory_neuron"
"NCOR1","NCOR1-205",0.998096306930967,NA,"Excitatory_neuron"
"NCR3LG1","NCR3LG1-202",0.998096306930967,NA,"Excitatory_neuron"
"NCR3LG1","NCR3LG1-201",0.998096306930967,NA,"Excitatory_neuron"
"NDEL1","NDEL1-204",0.998096306930967,NA,"Excitatory_neuron"
"NDEL1","NDEL1-201",0.998096306930967,NA,"Excitatory_neuron"
"NDFIP2","NDFIP2-201",0.998096306930967,NA,"Excitatory_neuron"
"NDFIP2","NDFIP2-216",0.998096306930967,NA,"Excitatory_neuron"
"NDFIP2","NDFIP2-207",0.998096306930967,NA,"Excitatory_neuron"
"NDRG1","transcript184301.chr8.nic",0.998096306930967,NA,"Excitatory_neuron"
"NDRG1","NDRG1-201",0.998096306930967,NA,"Excitatory_neuron"
"NDRG2","NDRG2-204",0.998096306930967,NA,"Excitatory_neuron"
"NDRG2","NDRG2-226",0.998096306930967,NA,"Excitatory_neuron"
"NDRG2","NDRG2-210",0.998096306930967,NA,"Excitatory_neuron"
"NDRG3","NDRG3-202",0.998096306930967,NA,"Excitatory_neuron"
"NDRG3","NDRG3-201",0.998096306930967,NA,"Excitatory_neuron"
"NDRG3","NDRG3-204",0.998096306930967,NA,"Excitatory_neuron"
"NDRG4","NDRG4-236",0.998096306930967,NA,"Excitatory_neuron"
"NDRG4","NDRG4-204",0.998096306930967,NA,"Excitatory_neuron"
"NDRG4","NDRG4-255",0.998096306930967,NA,"Excitatory_neuron"
"NDRG4","NDRG4-219",0.998096306930967,NA,"Excitatory_neuron"
"NDST3","NDST3-201",0.998096306930967,NA,"Excitatory_neuron"
"NDST3","NDST3-202",0.998096306930967,NA,"Excitatory_neuron"
"NDUFA10","NDUFA10-234",0.998096306930967,NA,"Excitatory_neuron"
"NDUFA10","NDUFA10-238",0.998096306930967,NA,"Excitatory_neuron"
"NDUFA10","NDUFA10-205",0.998096306930967,NA,"Excitatory_neuron"
"NDUFA10","NDUFA10-217",0.998096306930967,NA,"Excitatory_neuron"
"NDUFA10","NDUFA10-246",0.998096306930967,NA,"Excitatory_neuron"
"NDUFA10","NDUFA10-201",0.998096306930967,NA,"Excitatory_neuron"
"NDUFA5","NDUFA5-210",0.998096306930967,NA,"Excitatory_neuron"
"NDUFA5","NDUFA5-201",0.998096306930967,NA,"Excitatory_neuron"
"NDUFA5","NDUFA5-208",0.998096306930967,NA,"Excitatory_neuron"
"NDUFAF5","NDUFAF5-201",0.000142524855465013,0,"Excitatory_neuron"
"NDUFAF5","NDUFAF5-202",0.000142524855465013,0,"Excitatory_neuron"
"NDUFS1","NDUFS1-201",0.998096306930967,NA,"Excitatory_neuron"
"NDUFS1","NDUFS1-207",0.998096306930967,NA,"Excitatory_neuron"
"NDUFS2","NDUFS2-229",0.998096306930967,NA,"Excitatory_neuron"
"NDUFS2","NDUFS2-236",0.998096306930967,NA,"Excitatory_neuron"
"NDUFS2","NDUFS2-274",0.998096306930967,NA,"Excitatory_neuron"
"NDUFS2","NDUFS2-201",0.998096306930967,NA,"Excitatory_neuron"
"NDUFS2","NDUFS2-202",0.998096306930967,NA,"Excitatory_neuron"
"NDUFS2","NDUFS2-237",0.998096306930967,NA,"Excitatory_neuron"
"NDUFS7","NDUFS7-202",0.998096306930967,NA,"Excitatory_neuron"
"NDUFS7","NDUFS7-217",0.998096306930967,NA,"Excitatory_neuron"
"NDUFS8","transcript100761.chr11.nic",0.998096306930967,NA,"Excitatory_neuron"
"NDUFS8","NDUFS8-215",0.998096306930967,NA,"Excitatory_neuron"
"NDUFV1","NDUFV1-201",0.998096306930967,NA,"Excitatory_neuron"
"NDUFV1","NDUFV1-229",0.998096306930967,NA,"Excitatory_neuron"
"NEBL","NEBL-222",0.636529170857829,NA,"Excitatory_neuron"
"NEBL","NEBL-203",0.636529170857829,NA,"Excitatory_neuron"
"NECAB1","NECAB1-202",0.998096306930967,NA,"Excitatory_neuron"
"NECAB1","NECAB1-201",0.998096306930967,NA,"Excitatory_neuron"
"NECAP1","NECAP1-202",0.54372898785046,NA,"Excitatory_neuron"
"NECAP1","NECAP1-221",0.54372898785046,NA,"Excitatory_neuron"
"NECAP1","NECAP1-227",0.54372898785046,NA,"Excitatory_neuron"
"NEDD4L","NEDD4L-260",0.998096306930967,NA,"Excitatory_neuron"
"NEDD4L","NEDD4L-208",0.998096306930967,NA,"Excitatory_neuron"
"NEDD4L","transcript61408.chr18.nic",0.998096306930967,NA,"Excitatory_neuron"
"NEDD4L","NEDD4L-219",0.998096306930967,NA,"Excitatory_neuron"
"NEFL","NEFL-202",0.998096306930967,NA,"Excitatory_neuron"
"NEFL","NEFL-201",0.998096306930967,NA,"Excitatory_neuron"
"NEFM","NEFM-202",0.80294467075926,NA,"Excitatory_neuron"
"NEFM","NEFM-201",0.80294467075926,NA,"Excitatory_neuron"
"NEIL2","NEIL2-201",0.785212923436583,NA,"Excitatory_neuron"
"NEIL2","NEIL2-203",0.785212923436583,NA,"Excitatory_neuron"
"NEK4","NEK4-202",0.998096306930967,NA,"Excitatory_neuron"
"NEK4","NEK4-201",0.998096306930967,NA,"Excitatory_neuron"
"NEK6","NEK6-201",0.998096306930967,NA,"Excitatory_neuron"
"NEK6","NEK6-214",0.998096306930967,NA,"Excitatory_neuron"
"NEK9","NEK9-214",0.998096306930967,NA,"Excitatory_neuron"
"NEK9","NEK9-205",0.998096306930967,NA,"Excitatory_neuron"
"NEK9","NEK9-209",0.998096306930967,NA,"Excitatory_neuron"
"NELL2","NELL2-209",0.998096306930967,NA,"Excitatory_neuron"
"NELL2","NELL2-203",0.998096306930967,NA,"Excitatory_neuron"
"NELL2","NELL2-202",0.998096306930967,NA,"Excitatory_neuron"
"NELL2","NELL2-205",0.998096306930967,NA,"Excitatory_neuron"
"NEPRO","NEPRO-211",0.998096306930967,NA,"Excitatory_neuron"
"NEPRO","NEPRO-201",0.998096306930967,NA,"Excitatory_neuron"
"NEPRO","NEPRO-202",0.998096306930967,NA,"Excitatory_neuron"
"NETO1","transcript71270.chr18.nnic",0.998096306930967,NA,"Excitatory_neuron"
"NETO1","NETO1-201",0.998096306930967,NA,"Excitatory_neuron"
"NEU1","NEU1-206",0.998096306930967,NA,"Excitatory_neuron"
"NEU1","NEU1-209",0.998096306930967,NA,"Excitatory_neuron"
"NF1","NF1-231",0.788568742861185,NA,"Excitatory_neuron"
"NF1","NF1-224",0.788568742861185,NA,"Excitatory_neuron"
"NF1","NF1-218",0.788568742861185,NA,"Excitatory_neuron"
"NF1","NF1-229",0.788568742861185,NA,"Excitatory_neuron"
"NFASC","NFASC-216",0.998096306930967,NA,"Excitatory_neuron"
"NFASC","NFASC-220",0.998096306930967,NA,"Excitatory_neuron"
"NFASC","NFASC-204",0.998096306930967,NA,"Excitatory_neuron"
"NFASC","NFASC-213",0.998096306930967,NA,"Excitatory_neuron"
"NFASC","NFASC-201",0.998096306930967,NA,"Excitatory_neuron"
"NFAT5","NFAT5-208",0.998096306930967,NA,"Excitatory_neuron"
"NFAT5","NFAT5-201",0.998096306930967,NA,"Excitatory_neuron"
"NFAT5","NFAT5-209",0.998096306930967,NA,"Excitatory_neuron"
"NFAT5","NFAT5-202",0.998096306930967,NA,"Excitatory_neuron"
"NFE2L1","NFE2L1-201",0.998096306930967,NA,"Excitatory_neuron"
"NFE2L1","NFE2L1-203",0.998096306930967,NA,"Excitatory_neuron"
"NFE2L2","NFE2L2-201",0.998096306930967,NA,"Excitatory_neuron"
"NFE2L2","NFE2L2-202",0.998096306930967,NA,"Excitatory_neuron"
"NFE2L2","NFE2L2-233",0.998096306930967,NA,"Excitatory_neuron"
"NFIA","NFIA-215",0.998096306930967,NA,"Excitatory_neuron"
"NFIA","NFIA-207",0.998096306930967,NA,"Excitatory_neuron"
"NFX1","NFX1-202",0.998096306930967,NA,"Excitatory_neuron"
"NFX1","NFX1-201",0.998096306930967,NA,"Excitatory_neuron"
"NFX1","NFX1-203",0.998096306930967,NA,"Excitatory_neuron"
"NGLY1","NGLY1-202",0.999627699403055,NA,"Excitatory_neuron"
"NGLY1","transcript43694.chr3.nic",0.999627699403055,NA,"Excitatory_neuron"
"NGRN","NGRN-201",0.998096306930967,NA,"Excitatory_neuron"
"NGRN","NGRN-202",0.998096306930967,NA,"Excitatory_neuron"
"NHLRC3","NHLRC3-204",0.998096306930967,NA,"Excitatory_neuron"
"NHLRC3","NHLRC3-201",0.998096306930967,NA,"Excitatory_neuron"
"NICN1","NICN1-201",0.872614192007501,NA,"Excitatory_neuron"
"NICN1","NICN1-207",0.872614192007501,NA,"Excitatory_neuron"
"NIN","NIN-228",0.998096306930967,NA,"Excitatory_neuron"
"NIN","NIN-224",0.998096306930967,NA,"Excitatory_neuron"
"NIN","NIN-229",0.998096306930967,NA,"Excitatory_neuron"
"NIN","NIN-220",0.998096306930967,NA,"Excitatory_neuron"
"NIN","NIN-217",0.998096306930967,NA,"Excitatory_neuron"
"NIN","NIN-201",0.998096306930967,NA,"Excitatory_neuron"
"NIPA2","NIPA2-201",0.998096306930967,NA,"Excitatory_neuron"
"NIPA2","NIPA2-216",0.998096306930967,NA,"Excitatory_neuron"
"NIPA2","NIPA2-203",0.998096306930967,NA,"Excitatory_neuron"
"NIPBL","NIPBL-204",0.998096306930967,NA,"Excitatory_neuron"
"NIPBL","NIPBL-201",0.998096306930967,NA,"Excitatory_neuron"
"NISCH","NISCH-202",0.998096306930967,NA,"Excitatory_neuron"
"NISCH","NISCH-212",0.998096306930967,NA,"Excitatory_neuron"
"NKAIN2","NKAIN2-201",0.998096306930967,NA,"Excitatory_neuron"
"NKAIN2","NKAIN2-202",0.998096306930967,NA,"Excitatory_neuron"
"NKRF","NKRF-205",0.998096306930967,NA,"Excitatory_neuron"
"NKRF","NKRF-201",0.998096306930967,NA,"Excitatory_neuron"
"NKRF","NKRF-204",0.998096306930967,NA,"Excitatory_neuron"
"NKTR","NKTR-209",0.998096306930967,NA,"Excitatory_neuron"
"NKTR","NKTR-205",0.998096306930967,NA,"Excitatory_neuron"
"NKTR","NKTR-215",0.998096306930967,NA,"Excitatory_neuron"
"NKTR","NKTR-211",0.998096306930967,NA,"Excitatory_neuron"
"NKTR","NKTR-201",0.998096306930967,NA,"Excitatory_neuron"
"NKTR","NKTR-202",0.998096306930967,NA,"Excitatory_neuron"
"NMD3","NMD3-201",0.998096306930967,NA,"Excitatory_neuron"
"NMD3","transcript267355.chr3.nic",0.998096306930967,NA,"Excitatory_neuron"
"NMNAT3","NMNAT3-217",0.998096306930967,NA,"Excitatory_neuron"
"NMNAT3","transcript243037.chr3.nnic",0.998096306930967,NA,"Excitatory_neuron"
"NMT2","NMT2-201",0.998096306930967,NA,"Excitatory_neuron"
"NMT2","NMT2-202",0.998096306930967,NA,"Excitatory_neuron"
"NNT","NNT-202",0.998096306930967,NA,"Excitatory_neuron"
"NNT","NNT-216",0.998096306930967,NA,"Excitatory_neuron"
"NOC2L","NOC2L-201",0.998096306930967,NA,"Excitatory_neuron"
"NOC2L","NOC2L-203",0.998096306930967,NA,"Excitatory_neuron"
"NOL10","NOL10-201",0.998096306930967,NA,"Excitatory_neuron"
"NOL10","NOL10-202",0.998096306930967,NA,"Excitatory_neuron"
"NOL8","NOL8-205",0.998096306930967,NA,"Excitatory_neuron"
"NOL8","NOL8-208",0.998096306930967,NA,"Excitatory_neuron"
"NOL8","transcript160601.chr9.nnic",0.998096306930967,NA,"Excitatory_neuron"
"NOMO2","NOMO2-201",0.998096306930967,NA,"Excitatory_neuron"
"NOMO2","NOMO2-212",0.998096306930967,NA,"Excitatory_neuron"
"NONO","NONO-230",0.998096306930967,NA,"Excitatory_neuron"
"NONO","NONO-223",0.998096306930967,NA,"Excitatory_neuron"
"NONO","NONO-211",0.998096306930967,NA,"Excitatory_neuron"
"NOP2","NOP2-201",0.998096306930967,NA,"Excitatory_neuron"
"NOP2","NOP2-212",0.998096306930967,NA,"Excitatory_neuron"
"NOP53","NOP53-201",0.998096306930967,NA,"Excitatory_neuron"
"NOP53","NOP53-212",0.998096306930967,NA,"Excitatory_neuron"
"NOP56","NOP56-202",0.998096306930967,NA,"Excitatory_neuron"
"NOP56","NOP56-219",0.998096306930967,NA,"Excitatory_neuron"
"NOP56","NOP56-201",0.998096306930967,NA,"Excitatory_neuron"
"NOP56","NOP56-220",0.998096306930967,NA,"Excitatory_neuron"
"NOS1AP","transcript249177.chr1.nic",0.998096306930967,NA,"Excitatory_neuron"
"NOS1AP","NOS1AP-205",0.998096306930967,NA,"Excitatory_neuron"
"NOS1AP","NOS1AP-206",0.998096306930967,NA,"Excitatory_neuron"
"NOVA1","NOVA1-204",0.998096306930967,NA,"Excitatory_neuron"
"NOVA1","NOVA1-206",0.998096306930967,NA,"Excitatory_neuron"
"NPEPL1","NPEPL1-201",0.998096306930967,NA,"Excitatory_neuron"
"NPEPL1","NPEPL1-206",0.998096306930967,NA,"Excitatory_neuron"
"NPEPL1","transcript70613.chr20.nic",0.998096306930967,NA,"Excitatory_neuron"
"NPEPPS","NPEPPS-238",0.998096306930967,NA,"Excitatory_neuron"
"NPEPPS","NPEPPS-201",0.998096306930967,NA,"Excitatory_neuron"
"NPEPPS","NPEPPS-227",0.998096306930967,NA,"Excitatory_neuron"
"NPIPA9","NPIPA9-222",0.998096306930967,NA,"Excitatory_neuron"
"NPIPA9","NPIPA9-203",0.998096306930967,NA,"Excitatory_neuron"
"NPIPA9","NPIPA9-210",0.998096306930967,NA,"Excitatory_neuron"
"NPIPA9","NPIPA9-215",0.998096306930967,NA,"Excitatory_neuron"
"NR2C1","NR2C1-218",0.998096306930967,NA,"Excitatory_neuron"
"NR2C1","NR2C1-202",0.998096306930967,NA,"Excitatory_neuron"
"NR2F1","NR2F1-201",0.998096306930967,NA,"Excitatory_neuron"
"NR2F1","NR2F1-205",0.998096306930967,NA,"Excitatory_neuron"
"NR2F1-AS1","NR2F1-AS1-244",0.998096306930967,NA,"Excitatory_neuron"
"NR2F1-AS1","NR2F1-AS1-223",0.998096306930967,NA,"Excitatory_neuron"
"NR2F1-AS1","NR2F1-AS1-224",0.998096306930967,NA,"Excitatory_neuron"
"NR3C1","NR3C1-201",0.998096306930967,NA,"Excitatory_neuron"
"NR3C1","NR3C1-203",0.998096306930967,NA,"Excitatory_neuron"
"NR3C1","NR3C1-204",0.998096306930967,NA,"Excitatory_neuron"
"NR3C1","NR3C1-209",0.998096306930967,NA,"Excitatory_neuron"
"NRAV","NRAV-201",0.998096306930967,NA,"Excitatory_neuron"
"NRAV","NRAV-203",0.998096306930967,NA,"Excitatory_neuron"
"NRBP1","NRBP1-204",0.998096306930967,NA,"Excitatory_neuron"
"NRBP1","NRBP1-201",0.998096306930967,NA,"Excitatory_neuron"
"NRBP1","NRBP1-203",0.998096306930967,NA,"Excitatory_neuron"
"NRCAM","NRCAM-202",0.998096306930967,NA,"Excitatory_neuron"
"NRCAM","NRCAM-203",0.998096306930967,NA,"Excitatory_neuron"
"NRCAM","NRCAM-201",0.998096306930967,NA,"Excitatory_neuron"
"NRCAM","NRCAM-204",0.998096306930967,NA,"Excitatory_neuron"
"NRDC","transcript100238.chr1.nic",0.998096306930967,NA,"Excitatory_neuron"
"NRDC","NRDC-201",0.998096306930967,NA,"Excitatory_neuron"
"NRDC","NRDC-211",0.998096306930967,NA,"Excitatory_neuron"
"NRDE2","NRDE2-201",0.998096306930967,NA,"Excitatory_neuron"
"NRDE2","NRDE2-209",0.998096306930967,NA,"Excitatory_neuron"
"NRGN","transcript191023.chr11.nnic",0.998096306930967,NA,"Excitatory_neuron"
"NRGN","NRGN-201",0.998096306930967,NA,"Excitatory_neuron"
"NRIP1","NRIP1-201",0.998096306930967,NA,"Excitatory_neuron"
"NRIP1","NRIP1-202",0.998096306930967,NA,"Excitatory_neuron"
"NRXN1","NRXN1-210",0.998096306930967,NA,"Excitatory_neuron"
"NRXN1","NRXN1-219",0.998096306930967,NA,"Excitatory_neuron"
"NRXN1","transcript67250.chr2.nic",0.998096306930967,NA,"Excitatory_neuron"
"NRXN1","NRXN1-202",0.998096306930967,NA,"Excitatory_neuron"
"NRXN1","NRXN1-203",0.998096306930967,NA,"Excitatory_neuron"
"NRXN1","NRXN1-209",0.998096306930967,NA,"Excitatory_neuron"
"NRXN1","NRXN1-213",0.998096306930967,NA,"Excitatory_neuron"
"NRXN1","NRXN1-245",0.998096306930967,NA,"Excitatory_neuron"
"NRXN1","NRXN1-265",0.998096306930967,NA,"Excitatory_neuron"
"NRXN1","NRXN1-201",0.998096306930967,NA,"Excitatory_neuron"
"NRXN3","NRXN3-219",0.998096306930967,NA,"Excitatory_neuron"
"NRXN3","NRXN3-202",0.998096306930967,NA,"Excitatory_neuron"
"NRXN3","NRXN3-207",0.998096306930967,NA,"Excitatory_neuron"
"NRXN3","NRXN3-203",0.998096306930967,NA,"Excitatory_neuron"
"NRXN3","NRXN3-210",0.998096306930967,NA,"Excitatory_neuron"
"NRXN3","NRXN3-217",0.998096306930967,NA,"Excitatory_neuron"
"NSD1","NSD1-223",0.998096306930967,NA,"Excitatory_neuron"
"NSD1","NSD1-214",0.998096306930967,NA,"Excitatory_neuron"
"NSD1","NSD1-225",0.998096306930967,NA,"Excitatory_neuron"
"NSD1","NSD1-217",0.998096306930967,NA,"Excitatory_neuron"
"NSD2","NSD2-218",0.998096306930967,NA,"Excitatory_neuron"
"NSD2","NSD2-223",0.998096306930967,NA,"Excitatory_neuron"
"NSD3","NSD3-206",0.998096306930967,NA,"Excitatory_neuron"
"NSD3","NSD3-201",0.998096306930967,NA,"Excitatory_neuron"
"NSD3","NSD3-202",0.998096306930967,NA,"Excitatory_neuron"
"NSF","NSF-211",0.998096306930967,NA,"Excitatory_neuron"
"NSF","NSF-201",0.998096306930967,NA,"Excitatory_neuron"
"NSF","NSF-226",0.998096306930967,NA,"Excitatory_neuron"
"NSF","NSF-213",0.998096306930967,NA,"Excitatory_neuron"
"NSF","NSF-202",0.998096306930967,NA,"Excitatory_neuron"
"NSF","NSF-212",0.998096306930967,NA,"Excitatory_neuron"
"NSF","NSF-208",0.998096306930967,NA,"Excitatory_neuron"
"NSFL1C","NSFL1C-201",0.998096306930967,NA,"Excitatory_neuron"
"NSFL1C","transcript982.chr20.nic",0.998096306930967,NA,"Excitatory_neuron"
"NSG1","NSG1-211",0.973963625469632,NA,"Excitatory_neuron"
"NSG1","NSG1-202",0.973963625469632,NA,"Excitatory_neuron"
"NSUN2","transcript9084.chr5.nic",0.998096306930967,NA,"Excitatory_neuron"
"NSUN2","transcript10409.chr5.nic",0.998096306930967,NA,"Excitatory_neuron"
"NSUN2","transcript9230.chr5.nic",0.998096306930967,NA,"Excitatory_neuron"
"NSUN2","transcript9695.chr5.nic",0.998096306930967,NA,"Excitatory_neuron"
"NSUN2","NSUN2-201",0.998096306930967,NA,"Excitatory_neuron"
"NSUN2","transcript9067.chr5.nic",0.998096306930967,NA,"Excitatory_neuron"
"NSUN2","transcript9133.chr5.nic",0.998096306930967,NA,"Excitatory_neuron"
"NTNG1","NTNG1-207",0.998096306930967,NA,"Excitatory_neuron"
"NTNG1","NTNG1-201",0.998096306930967,NA,"Excitatory_neuron"
"NTRK2","NTRK2-235",0.998096306930967,NA,"Excitatory_neuron"
"NTRK2","NTRK2-249",0.998096306930967,NA,"Excitatory_neuron"
"NTRK2","NTRK2-236",0.998096306930967,NA,"Excitatory_neuron"
"NTRK2","NTRK2-231",0.998096306930967,NA,"Excitatory_neuron"
"NTRK3","NTRK3-205",0.998096306930967,NA,"Excitatory_neuron"
"NTRK3","NTRK3-201",0.998096306930967,NA,"Excitatory_neuron"
"NTRK3","NTRK3-217",0.998096306930967,NA,"Excitatory_neuron"
"NTRK3","NTRK3-202",0.998096306930967,NA,"Excitatory_neuron"
"NTRK3","NTRK3-209",0.998096306930967,NA,"Excitatory_neuron"
"NTRK3","NTRK3-203",0.998096306930967,NA,"Excitatory_neuron"
"NTRK3","NTRK3-216",0.998096306930967,NA,"Excitatory_neuron"
"NUBP2","transcript6356.chr16.nic",0.998096306930967,NA,"Excitatory_neuron"
"NUBP2","NUBP2-211",0.998096306930967,NA,"Excitatory_neuron"
"NUCB1","NUCB1-201",0.998096306930967,NA,"Excitatory_neuron"
"NUCB1","NUCB1-209",0.998096306930967,NA,"Excitatory_neuron"
"NUCB1","NUCB1-213",0.998096306930967,NA,"Excitatory_neuron"
"NUDT3","transcript46977.chr6.nnic",0.873665426607366,NA,"Excitatory_neuron"
"NUDT3","NUDT3-201",0.873665426607366,NA,"Excitatory_neuron"
"NUDT4","NUDT4-202",0.998096306930967,NA,"Excitatory_neuron"
"NUDT4","NUDT4-201",0.998096306930967,NA,"Excitatory_neuron"
"NUMA1","NUMA1-205",0.998096306930967,NA,"Excitatory_neuron"
"NUMA1","NUMA1-217",0.998096306930967,NA,"Excitatory_neuron"
"NUMA1","NUMA1-229",0.998096306930967,NA,"Excitatory_neuron"
"NUMA1","NUMA1-223",0.998096306930967,NA,"Excitatory_neuron"
"NUMB","NUMB-208",0.998096306930967,NA,"Excitatory_neuron"
"NUMB","NUMB-211",0.998096306930967,NA,"Excitatory_neuron"
"NUP210","NUP210-202",0.998096306930967,NA,"Excitatory_neuron"
"NUP210","NUP210-201",0.998096306930967,NA,"Excitatory_neuron"
"NUP214","NUP214-237",0.998096306930967,NA,"Excitatory_neuron"
"NUP214","NUP214-239",0.998096306930967,NA,"Excitatory_neuron"
"NUP214","NUP214-233",0.998096306930967,NA,"Excitatory_neuron"
"NUP214","NUP214-213",0.998096306930967,NA,"Excitatory_neuron"
"NUP58","NUP58-206",0.998096306930967,NA,"Excitatory_neuron"
"NUP58","NUP58-202",0.998096306930967,NA,"Excitatory_neuron"
"NUP58","NUP58-209",0.998096306930967,NA,"Excitatory_neuron"
"NUP58","NUP58-201",0.998096306930967,NA,"Excitatory_neuron"
"NUP62","NUP62-224",0.998096306930967,NA,"Excitatory_neuron"
"NUP62","NUP62-221",0.998096306930967,NA,"Excitatory_neuron"
"NUP62","NUP62-202",0.998096306930967,NA,"Excitatory_neuron"
"NUP88","NUP88-218",0.998096306930967,NA,"Excitatory_neuron"
"NUP88","NUP88-207",0.998096306930967,NA,"Excitatory_neuron"
"NUP88","NUP88-223",0.998096306930967,NA,"Excitatory_neuron"
"NUP88","NUP88-203",0.998096306930967,NA,"Excitatory_neuron"
"NUP93","NUP93-210",0.998096306930967,NA,"Excitatory_neuron"
"NUP93","NUP93-201",0.998096306930967,NA,"Excitatory_neuron"
"NXF1","NXF1-201",0.998096306930967,NA,"Excitatory_neuron"
"NXF1","NXF1-211",0.998096306930967,NA,"Excitatory_neuron"
"NXPE3","NXPE3-201",0.998096306930967,NA,"Excitatory_neuron"
"NXPE3","NXPE3-204",0.998096306930967,NA,"Excitatory_neuron"
"OBSL1","OBSL1-214",0.998096306930967,NA,"Excitatory_neuron"
"OBSL1","OBSL1-202",0.998096306930967,NA,"Excitatory_neuron"
"OCIAD1","OCIAD1-205",0.998096306930967,NA,"Excitatory_neuron"
"OCIAD1","OCIAD1-203",0.998096306930967,NA,"Excitatory_neuron"
"OCIAD1","OCIAD1-201",0.998096306930967,NA,"Excitatory_neuron"
"OFD1","OFD1-202",0.998096306930967,NA,"Excitatory_neuron"
"OFD1","OFD1-205",0.998096306930967,NA,"Excitatory_neuron"
"OGA","OGA-203",0.998096306930967,NA,"Excitatory_neuron"
"OGA","OGA-205",0.998096306930967,NA,"Excitatory_neuron"
"OGA","OGA-202",0.998096306930967,NA,"Excitatory_neuron"
"OGDHL","OGDHL-201",0.998096306930967,NA,"Excitatory_neuron"
"OGDHL","OGDHL-205",0.998096306930967,NA,"Excitatory_neuron"
"OGFR","OGFR-202",0.998096306930967,NA,"Excitatory_neuron"
"OGFR","OGFR-201",0.998096306930967,NA,"Excitatory_neuron"
"OGT","OGT-210",0.998096306930967,NA,"Excitatory_neuron"
"OGT","OGT-202",0.998096306930967,NA,"Excitatory_neuron"
"OGT","OGT-215",0.998096306930967,NA,"Excitatory_neuron"
"OLA1","OLA1-202",0.998096306930967,NA,"Excitatory_neuron"
"OLA1","OLA1-201",0.998096306930967,NA,"Excitatory_neuron"
"OLFM1","OLFM1-202",0.998096306930967,NA,"Excitatory_neuron"
"OLFM1","OLFM1-209",0.998096306930967,NA,"Excitatory_neuron"
"OLFM1","OLFM1-204",0.998096306930967,NA,"Excitatory_neuron"
"OLFM1","OLFM1-201",0.998096306930967,NA,"Excitatory_neuron"
"OLFM3","transcript166718.chr1.nic",0.998096306930967,NA,"Excitatory_neuron"
"OLFM3","OLFM3-202",0.998096306930967,NA,"Excitatory_neuron"
"OMG","OMG-201",0.998096306930967,NA,"Excitatory_neuron"
"OMG","OMG-203",0.998096306930967,NA,"Excitatory_neuron"
"OPA1","OPA1-204",0.998096306930967,NA,"Excitatory_neuron"
"OPA1","OPA1-232",0.998096306930967,NA,"Excitatory_neuron"
"OPA1","OPA1-205",0.998096306930967,NA,"Excitatory_neuron"
"OPA1","OPA1-207",0.998096306930967,NA,"Excitatory_neuron"
"OPHN1","OPHN1-212",0.998096306930967,NA,"Excitatory_neuron"
"OPHN1","OPHN1-201",0.998096306930967,NA,"Excitatory_neuron"
"OPHN1","OPHN1-209",0.998096306930967,NA,"Excitatory_neuron"
"OPHN1","OPHN1-206",0.998096306930967,NA,"Excitatory_neuron"
"OPTN","OPTN-205",0.998096306930967,NA,"Excitatory_neuron"
"OPTN","OPTN-202",0.998096306930967,NA,"Excitatory_neuron"
"ORAI2","ORAI2-207",0.998096306930967,NA,"Excitatory_neuron"
"ORAI2","ORAI2-201",0.998096306930967,NA,"Excitatory_neuron"
"ORC3","ORC3-202",0.998096306930967,NA,"Excitatory_neuron"
"ORC3","ORC3-201",0.998096306930967,NA,"Excitatory_neuron"
"ORMDL1","transcript343503.chr2.nnic",0.998096306930967,NA,"Excitatory_neuron"
"ORMDL1","ORMDL1-203",0.998096306930967,NA,"Excitatory_neuron"
"ORMDL1","ORMDL1-201",0.998096306930967,NA,"Excitatory_neuron"
"ORMDL3","ORMDL3-204",0.998096306930967,NA,"Excitatory_neuron"
"ORMDL3","ORMDL3-201",0.998096306930967,NA,"Excitatory_neuron"
"OS9","OS9-202",0.998096306930967,NA,"Excitatory_neuron"
"OS9","OS9-233",0.998096306930967,NA,"Excitatory_neuron"
"OS9","OS9-220",0.998096306930967,NA,"Excitatory_neuron"
"OSBPL1A","OSBPL1A-201",0.998096306930967,NA,"Excitatory_neuron"
"OSBPL1A","OSBPL1A-204",0.998096306930967,NA,"Excitatory_neuron"
"OSBPL1A","transcript28901.chr18.nic",0.998096306930967,NA,"Excitatory_neuron"
"OSBPL5","transcript7075.chr11.nnic",0.998096306930967,NA,"Excitatory_neuron"
"OSBPL5","OSBPL5-201",0.998096306930967,NA,"Excitatory_neuron"
"OSBPL8","OSBPL8-203",0.998096306930967,NA,"Excitatory_neuron"
"OSBPL8","OSBPL8-218",0.998096306930967,NA,"Excitatory_neuron"
"OSBPL9","OSBPL9-202",0.998096306930967,NA,"Excitatory_neuron"
"OSBPL9","OSBPL9-205",0.998096306930967,NA,"Excitatory_neuron"
"OSTF1","OSTF1-201",0.998096306930967,NA,"Excitatory_neuron"
"OSTF1","transcript144601.chr9.nic",0.998096306930967,NA,"Excitatory_neuron"
"OTUB1","OTUB1-208",0.998096306930967,NA,"Excitatory_neuron"
"OTUB1","OTUB1-201",0.998096306930967,NA,"Excitatory_neuron"
"OTUD6B-AS1","OTUD6B-AS1-204",0.998096306930967,NA,"Excitatory_neuron"
"OTUD6B-AS1","OTUD6B-AS1-202",0.998096306930967,NA,"Excitatory_neuron"
"OTUD6B-AS1","OTUD6B-AS1-201",0.998096306930967,NA,"Excitatory_neuron"
"OXR1","OXR1-205",0.998096306930967,NA,"Excitatory_neuron"
"OXR1","transcript156676.chr8.nic",0.998096306930967,NA,"Excitatory_neuron"
"OXR1","OXR1-209",0.998096306930967,NA,"Excitatory_neuron"
"P2RX7","P2RX7-206",0.998096306930967,NA,"Excitatory_neuron"
"P2RX7","P2RX7-202",0.998096306930967,NA,"Excitatory_neuron"
"P4HB","P4HB-220",0.998096306930967,NA,"Excitatory_neuron"
"P4HB","P4HB-233",0.998096306930967,NA,"Excitatory_neuron"
"P4HB","P4HB-268",0.998096306930967,NA,"Excitatory_neuron"
"P4HB","P4HB-258",0.998096306930967,NA,"Excitatory_neuron"
"P4HB","P4HB-234",0.998096306930967,NA,"Excitatory_neuron"
"P4HB","P4HB-201",0.998096306930967,NA,"Excitatory_neuron"
"P4HTM","transcript76308.chr3.nnic",0.998096306930967,NA,"Excitatory_neuron"
"P4HTM","P4HTM-205",0.998096306930967,NA,"Excitatory_neuron"
"P4HTM","P4HTM-202",0.998096306930967,NA,"Excitatory_neuron"
"P4HTM","P4HTM-212",0.998096306930967,NA,"Excitatory_neuron"
"P4HTM","P4HTM-208",0.998096306930967,NA,"Excitatory_neuron"
"PACS1","transcript96137.chr11.nic",0.54372898785046,NA,"Excitatory_neuron"
"PACS1","PACS1-205",0.54372898785046,NA,"Excitatory_neuron"
"PACS1","PACS1-201",0.54372898785046,NA,"Excitatory_neuron"
"PACS2","PACS2-203",0.998096306930967,NA,"Excitatory_neuron"
"PACS2","transcript124956.chr14.nic",0.998096306930967,NA,"Excitatory_neuron"
"PAFAH1B1","PAFAH1B1-202",0.998096306930967,NA,"Excitatory_neuron"
"PAFAH1B1","PAFAH1B1-205",0.998096306930967,NA,"Excitatory_neuron"
"PAFAH1B1","PAFAH1B1-213",0.998096306930967,NA,"Excitatory_neuron"
"PAK1","PAK1-202",0.998096306930967,NA,"Excitatory_neuron"
"PAK1","PAK1-215",0.998096306930967,NA,"Excitatory_neuron"
"PAK3","PAK3-207",0.998096306930967,NA,"Excitatory_neuron"
"PAK3","PAK3-206",0.998096306930967,NA,"Excitatory_neuron"
"PAK3","PAK3-203",0.998096306930967,NA,"Excitatory_neuron"
"PAK5","transcript15628.chr20.nic",0.808753987188034,NA,"Excitatory_neuron"
"PAK5","PAK5-201",0.808753987188034,NA,"Excitatory_neuron"
"PAK5","PAK5-203",0.808753987188034,NA,"Excitatory_neuron"
"PAK5","transcript15286.chr20.nnic",0.808753987188034,NA,"Excitatory_neuron"
"PALM2AKAP2","PALM2AKAP2-206",0.998096306930967,NA,"Excitatory_neuron"
"PALM2AKAP2","PALM2AKAP2-205",0.998096306930967,NA,"Excitatory_neuron"
"PALM2AKAP2","PALM2AKAP2-203",0.998096306930967,NA,"Excitatory_neuron"
"PALS1","PALS1-201",0.948006859166649,NA,"Excitatory_neuron"
"PALS1","PALS1-208",0.948006859166649,NA,"Excitatory_neuron"
"PAM","PAM-228",0.998096306930967,NA,"Excitatory_neuron"
"PAM","PAM-232",0.998096306930967,NA,"Excitatory_neuron"
"PAM","PAM-231",0.998096306930967,NA,"Excitatory_neuron"
"PAM","PAM-206",0.998096306930967,NA,"Excitatory_neuron"
"PAN2","PAN2-217",0.998096306930967,NA,"Excitatory_neuron"
"PAN2","PAN2-203",0.998096306930967,NA,"Excitatory_neuron"
"PAPOLA","PAPOLA-223",0.998096306930967,NA,"Excitatory_neuron"
"PAPOLA","PAPOLA-201",0.998096306930967,NA,"Excitatory_neuron"
"PAPOLG","PAPOLG-201",0.998096306930967,NA,"Excitatory_neuron"
"PAPOLG","PAPOLG-207",0.998096306930967,NA,"Excitatory_neuron"
"PARG","PARG-206",0.998096306930967,NA,"Excitatory_neuron"
"PARG","PARG-207",0.998096306930967,NA,"Excitatory_neuron"
"PARP2","PARP2-202",0.998096306930967,NA,"Excitatory_neuron"
"PARP2","PARP2-204",0.998096306930967,NA,"Excitatory_neuron"
"PARP8","PARP8-201",0.998096306930967,NA,"Excitatory_neuron"
"PARP8","transcript71414.chr5.nic",0.998096306930967,NA,"Excitatory_neuron"
"PART1","PART1-212",0.998096306930967,NA,"Excitatory_neuron"
"PART1","PART1-204",0.998096306930967,NA,"Excitatory_neuron"
"PATJ","transcript112587.chr1.nnic",0.998096306930967,NA,"Excitatory_neuron"
"PATJ","PATJ-206",0.998096306930967,NA,"Excitatory_neuron"
"PCDH10","PCDH10-201",0.998096306930967,NA,"Excitatory_neuron"
"PCDH10","PCDH10-203",0.998096306930967,NA,"Excitatory_neuron"
"PCDH11X","PCDH11X-209",0.998096306930967,NA,"Excitatory_neuron"
"PCDH11X","PCDH11X-201",0.998096306930967,NA,"Excitatory_neuron"
"PCDH11Y","PCDH11Y-208",0.998096306930967,NA,"Excitatory_neuron"
"PCDH11Y","PCDH11Y-202",0.998096306930967,NA,"Excitatory_neuron"
"PCDH19","PCDH19-202",0.998096306930967,NA,"Excitatory_neuron"
"PCDH19","PCDH19-203",0.998096306930967,NA,"Excitatory_neuron"
"PCDH19","PCDH19-201",0.998096306930967,NA,"Excitatory_neuron"
"PCDH7","transcript71512.chr4.nnic",0.998096306930967,NA,"Excitatory_neuron"
"PCDH7","PCDH7-212",0.998096306930967,NA,"Excitatory_neuron"
"PCDH7","transcript71492.chr4.nnic",0.998096306930967,NA,"Excitatory_neuron"
"PCDH7","PCDH7-206",0.998096306930967,NA,"Excitatory_neuron"
"PCDH8","PCDH8-201",0.998096306930967,NA,"Excitatory_neuron"
"PCDH8","PCDH8-202",0.998096306930967,NA,"Excitatory_neuron"
"PCDH9","PCDH9-204",0.998096306930967,NA,"Excitatory_neuron"
"PCDH9","PCDH9-201",0.998096306930967,NA,"Excitatory_neuron"
"PCDH9","transcript62532.chr13.nnic",0.998096306930967,NA,"Excitatory_neuron"
"PCDHA10","PCDHA10-201",0.998096306930967,NA,"Excitatory_neuron"
"PCDHA10","PCDHA10-203",0.998096306930967,NA,"Excitatory_neuron"
"PCDHA4","PCDHA4-202",0.998096306930967,NA,"Excitatory_neuron"
"PCDHA4","PCDHA4-203",0.998096306930967,NA,"Excitatory_neuron"
"PCDHA6","PCDHA6-201",0.998096306930967,NA,"Excitatory_neuron"
"PCDHA6","PCDHA6-203",0.998096306930967,NA,"Excitatory_neuron"
"PCDHA9","PCDHA9-202",0.998096306930967,NA,"Excitatory_neuron"
"PCDHA9","PCDHA9-201",0.998096306930967,NA,"Excitatory_neuron"
"PCDHAC2","PCDHAC2-203",0.998096306930967,NA,"Excitatory_neuron"
"PCDHAC2","PCDHAC2-201",0.998096306930967,NA,"Excitatory_neuron"
"PCDHGC5","PCDHGC5-202",0.998096306930967,NA,"Excitatory_neuron"
"PCDHGC5","PCDHGC5-201",0.998096306930967,NA,"Excitatory_neuron"
"PCF11","PCF11-201",0.998096306930967,NA,"Excitatory_neuron"
"PCF11","PCF11-204",0.998096306930967,NA,"Excitatory_neuron"
"PCF11","PCF11-208",0.998096306930967,NA,"Excitatory_neuron"
"PCGF3","PCGF3-201",0.998096306930967,NA,"Excitatory_neuron"
"PCGF3","PCGF3-213",0.998096306930967,NA,"Excitatory_neuron"
"PCGF5","transcript163998.chr10.nnic",0.998096306930967,NA,"Excitatory_neuron"
"PCGF5","PCGF5-201",0.998096306930967,NA,"Excitatory_neuron"
"PCGF5","transcript164179.chr10.nic",0.998096306930967,NA,"Excitatory_neuron"
"PCGF5","transcript164095.chr10.nnic",0.998096306930967,NA,"Excitatory_neuron"
"PCID2","PCID2-203",0.998096306930967,NA,"Excitatory_neuron"
"PCID2","PCID2-202",0.998096306930967,NA,"Excitatory_neuron"
"PCLO","PCLO-201",0.948006859166649,NA,"Excitatory_neuron"
"PCLO","PCLO-203",0.948006859166649,NA,"Excitatory_neuron"
"PCLO","PCLO-206",0.948006859166649,NA,"Excitatory_neuron"
"PCM1","PCM1-221",0.998096306930967,NA,"Excitatory_neuron"
"PCM1","PCM1-217",0.998096306930967,NA,"Excitatory_neuron"
"PCM1","PCM1-201",0.998096306930967,NA,"Excitatory_neuron"
"PCM1","PCM1-202",0.998096306930967,NA,"Excitatory_neuron"
"PCM1","PCM1-214",0.998096306930967,NA,"Excitatory_neuron"
"PCM1","PCM1-211",0.998096306930967,NA,"Excitatory_neuron"
"PCM1","PCM1-203",0.998096306930967,NA,"Excitatory_neuron"
"PCMT1","PCMT1-203",0.998096306930967,NA,"Excitatory_neuron"
"PCMT1","PCMT1-211",0.998096306930967,NA,"Excitatory_neuron"
"PCMT1","PCMT1-205",0.998096306930967,NA,"Excitatory_neuron"
"PCMTD2","PCMTD2-204",0.998096306930967,NA,"Excitatory_neuron"
"PCMTD2","PCMTD2-203",0.998096306930967,NA,"Excitatory_neuron"
"PCNP","PCNP-202",0.998096306930967,NA,"Excitatory_neuron"
"PCNP","PCNP-204",0.998096306930967,NA,"Excitatory_neuron"
"PCNP","PCNP-201",0.998096306930967,NA,"Excitatory_neuron"
"PCNT","PCNT-218",0.998096306930967,NA,"Excitatory_neuron"
"PCNT","PCNT-213",0.998096306930967,NA,"Excitatory_neuron"
"PCNT","PCNT-205",0.998096306930967,NA,"Excitatory_neuron"
"PCNT","PCNT-211",0.998096306930967,NA,"Excitatory_neuron"
"PCNT","PCNT-204",0.998096306930967,NA,"Excitatory_neuron"
"PCNT","PCNT-209",0.998096306930967,NA,"Excitatory_neuron"
"PCNX2","PCNX2-203",0.998096306930967,NA,"Excitatory_neuron"
"PCNX2","PCNX2-201",0.998096306930967,NA,"Excitatory_neuron"
"PCNX2","PCNX2-205",0.998096306930967,NA,"Excitatory_neuron"
"PCNX4","transcript56368.chr14.nic",0.767046389545869,NA,"Excitatory_neuron"
"PCNX4","PCNX4-203",0.767046389545869,NA,"Excitatory_neuron"
"PCNX4","PCNX4-201",0.767046389545869,NA,"Excitatory_neuron"
"PCNX4","transcript56246.chr14.nic",0.767046389545869,NA,"Excitatory_neuron"
"PCSK7","transcript175800.chr11.nnic",0.998096306930967,NA,"Excitatory_neuron"
"PCSK7","PCSK7-201",0.998096306930967,NA,"Excitatory_neuron"
"PCYOX1L","PCYOX1L-202",0.948006859166649,NA,"Excitatory_neuron"
"PCYOX1L","PCYOX1L-201",0.948006859166649,NA,"Excitatory_neuron"
"PCYOX1L","PCYOX1L-204",0.948006859166649,NA,"Excitatory_neuron"
"PDCD6","PDCD6-201",0.998096306930967,NA,"Excitatory_neuron"
"PDCD6","PDCD6-209",0.998096306930967,NA,"Excitatory_neuron"
"PDCD6IP","PDCD6IP-206",0.998096306930967,NA,"Excitatory_neuron"
"PDCD6IP","PDCD6IP-201",0.998096306930967,NA,"Excitatory_neuron"
"PDE10A","PDE10A-240",0.998096306930967,NA,"Excitatory_neuron"
"PDE10A","PDE10A-223",0.998096306930967,NA,"Excitatory_neuron"
"PDE12","PDE12-202",0.998096306930967,NA,"Excitatory_neuron"
"PDE12","PDE12-201",0.998096306930967,NA,"Excitatory_neuron"
"PDE1B","PDE1B-205",0.998096306930967,NA,"Excitatory_neuron"
"PDE1B","PDE1B-201",0.998096306930967,NA,"Excitatory_neuron"
"PDE2A","PDE2A-226",0.948006859166649,NA,"Excitatory_neuron"
"PDE2A","PDE2A-201",0.948006859166649,NA,"Excitatory_neuron"
"PDE4DIP","PDE4DIP-206",0.998096306930967,NA,"Excitatory_neuron"
"PDE4DIP","PDE4DIP-262",0.998096306930967,NA,"Excitatory_neuron"
"PDE4DIP","PDE4DIP-261",0.998096306930967,NA,"Excitatory_neuron"
"PDE4DIP","PDE4DIP-245",0.998096306930967,NA,"Excitatory_neuron"
"PDE4DIP","PDE4DIP-204",0.998096306930967,NA,"Excitatory_neuron"
"PDE4DIP","PDE4DIP-258",0.998096306930967,NA,"Excitatory_neuron"
"PDE4DIP","PDE4DIP-250",0.998096306930967,NA,"Excitatory_neuron"
"PDE4DIP","PDE4DIP-253",0.998096306930967,NA,"Excitatory_neuron"
"PDE4DIP","PDE4DIP-254",0.998096306930967,NA,"Excitatory_neuron"
"PDE4DIP","PDE4DIP-255",0.998096306930967,NA,"Excitatory_neuron"
"PDE4DIP","PDE4DIP-226",0.998096306930967,NA,"Excitatory_neuron"
"PDE7B","transcript188547.chr6.nic",0.998096306930967,NA,"Excitatory_neuron"
"PDE7B","transcript188580.chr6.nnic",0.998096306930967,NA,"Excitatory_neuron"
"PDE8B","PDE8B-201",0.998096306930967,NA,"Excitatory_neuron"
"PDE8B","PDE8B-205",0.998096306930967,NA,"Excitatory_neuron"
"PDIA3","PDIA3-221",0.998096306930967,NA,"Excitatory_neuron"
"PDIA3","PDIA3-201",0.998096306930967,NA,"Excitatory_neuron"
"PDIA4","PDIA4-204",0.763047832807461,NA,"Excitatory_neuron"
"PDIA4","PDIA4-201",0.763047832807461,NA,"Excitatory_neuron"
"PDIK1L","PDIK1L-204",0.998096306930967,NA,"Excitatory_neuron"
"PDIK1L","PDIK1L-201",0.998096306930967,NA,"Excitatory_neuron"
"PDK3","PDK3-203",0.998096306930967,NA,"Excitatory_neuron"
"PDK3","PDK3-202",0.998096306930967,NA,"Excitatory_neuron"
"PDK3","PDK3-206",0.998096306930967,NA,"Excitatory_neuron"
"PDP1","transcript141239.chr8.nnic",0.998096306930967,NA,"Excitatory_neuron"
"PDP1","PDP1-203",0.998096306930967,NA,"Excitatory_neuron"
"PDP1","PDP1-208",0.998096306930967,NA,"Excitatory_neuron"
"PDP1","PDP1-201",0.998096306930967,NA,"Excitatory_neuron"
"PDPK1","PDPK1-201",0.998096306930967,NA,"Excitatory_neuron"
"PDPK1","PDPK1-202",0.998096306930967,NA,"Excitatory_neuron"
"PDS5B","PDS5B-209",0.998096306930967,NA,"Excitatory_neuron"
"PDS5B","PDS5B-201",0.998096306930967,NA,"Excitatory_neuron"
"PDXDC1","PDXDC1-216",0.998096306930967,NA,"Excitatory_neuron"
"PDXDC1","PDXDC1-201",0.998096306930967,NA,"Excitatory_neuron"
"PDXK","transcript43973.chr21.nic",0.998096306930967,NA,"Excitatory_neuron"
"PDXK","PDXK-201",0.998096306930967,NA,"Excitatory_neuron"
"PDZD7","PDZD7-208",0.79057561140116,NA,"Excitatory_neuron"
"PDZD7","PDZD7-201",0.79057561140116,NA,"Excitatory_neuron"
"PDZD8","PDZD8-201",0.998096306930967,NA,"Excitatory_neuron"
"PDZD8","transcript203566.chr10.nnic",0.998096306930967,NA,"Excitatory_neuron"
"PDZRN3","PDZRN3-201",0.998096306930967,NA,"Excitatory_neuron"
"PDZRN3","PDZRN3-205",0.998096306930967,NA,"Excitatory_neuron"
"PDZRN4","PDZRN4-203",0.948006859166649,NA,"Excitatory_neuron"
"PDZRN4","PDZRN4-204",0.948006859166649,NA,"Excitatory_neuron"
"PEG10","transcript134425.chr7.nnic",0.788568742861185,NA,"Excitatory_neuron"
"PEG10","transcript134432.chr7.nnic",0.788568742861185,NA,"Excitatory_neuron"
"PEG3","PEG3-211",0.998096306930967,NA,"Excitatory_neuron"
"PEG3","PEG3-217",0.998096306930967,NA,"Excitatory_neuron"
"PEG3","PEG3-212",0.998096306930967,NA,"Excitatory_neuron"
"PEG3","PEG3-214",0.998096306930967,NA,"Excitatory_neuron"
"PEG3","PEG3-204",0.998096306930967,NA,"Excitatory_neuron"
"PELI3","PELI3-202",0.998096306930967,NA,"Excitatory_neuron"
"PELI3","PELI3-201",0.998096306930967,NA,"Excitatory_neuron"
"PER2","transcript405015.chr2.nic",0.998096306930967,NA,"Excitatory_neuron"
"PER2","transcript404895.chr2.nic",0.998096306930967,NA,"Excitatory_neuron"
"PER2","PER2-206",0.998096306930967,NA,"Excitatory_neuron"
"PER3","transcript14612.chr1.nic",0.998096306930967,NA,"Excitatory_neuron"
"PER3","PER3-201",0.998096306930967,NA,"Excitatory_neuron"
"PER3","PER3-202",0.998096306930967,NA,"Excitatory_neuron"
"PEX1","PEX1-201",0.998096306930967,NA,"Excitatory_neuron"
"PEX1","PEX1-210",0.998096306930967,NA,"Excitatory_neuron"
"PEX19","PEX19-201",0.998096306930967,NA,"Excitatory_neuron"
"PEX19","PEX19-205",0.998096306930967,NA,"Excitatory_neuron"
"PEX5L","PEX5L-208",0.998096306930967,NA,"Excitatory_neuron"
"PEX5L","PEX5L-211",0.998096306930967,NA,"Excitatory_neuron"
"PEX5L","PEX5L-206",0.998096306930967,NA,"Excitatory_neuron"
"PFKM","PFKM-206",0.998096306930967,NA,"Excitatory_neuron"
"PFKM","PFKM-203",0.998096306930967,NA,"Excitatory_neuron"
"PFKP","PFKP-201",0.998096306930967,NA,"Excitatory_neuron"
"PFKP","PFKP-206",0.998096306930967,NA,"Excitatory_neuron"
"PFKP","PFKP-203",0.998096306930967,NA,"Excitatory_neuron"
"PGAP3","PGAP3-202",0.998096306930967,NA,"Excitatory_neuron"
"PGAP3","PGAP3-201",0.998096306930967,NA,"Excitatory_neuron"
"PGM3","PGM3-248",0.998096306930967,NA,"Excitatory_neuron"
"PGM3","PGM3-238",0.998096306930967,NA,"Excitatory_neuron"
"PGM3","PGM3-212",0.998096306930967,NA,"Excitatory_neuron"
"PGM3","PGM3-231",0.998096306930967,NA,"Excitatory_neuron"
"PHACTR1","PHACTR1-205",0.998096306930967,NA,"Excitatory_neuron"
"PHACTR1","PHACTR1-227",0.998096306930967,NA,"Excitatory_neuron"
"PHACTR1","transcript15997.chr6.nic",0.998096306930967,NA,"Excitatory_neuron"
"PHACTR1","transcript19969.chr6.nic",0.998096306930967,NA,"Excitatory_neuron"
"PHACTR3","PHACTR3-204",0.998096306930967,NA,"Excitatory_neuron"
"PHACTR3","transcript72596.chr20.nic",0.998096306930967,NA,"Excitatory_neuron"
"PHC3","PHC3-215",0.998096306930967,NA,"Excitatory_neuron"
"PHC3","PHC3-217",0.998096306930967,NA,"Excitatory_neuron"
"PHF1","transcript42261.chr6.nic",0.998096306930967,NA,"Excitatory_neuron"
"PHF1","PHF1-202",0.998096306930967,NA,"Excitatory_neuron"
"PHF20L1","PHF20L1-201",0.998096306930967,NA,"Excitatory_neuron"
"PHF20L1","PHF20L1-205",0.998096306930967,NA,"Excitatory_neuron"
"PHF20L1","PHF20L1-203",0.998096306930967,NA,"Excitatory_neuron"
"PHF3","PHF3-209",0.998201619472994,NA,"Excitatory_neuron"
"PHF3","PHF3-201",0.998201619472994,NA,"Excitatory_neuron"
"PHF3","PHF3-208",0.998201619472994,NA,"Excitatory_neuron"
"PHF3","PHF3-204",0.998201619472994,NA,"Excitatory_neuron"
"PHF3","PHF3-202",0.998201619472994,NA,"Excitatory_neuron"
"PHF3","PHF3-210",0.998201619472994,NA,"Excitatory_neuron"
"PHF3","PHF3-205",0.998201619472994,NA,"Excitatory_neuron"
"PHF6","PHF6-204",0.998096306930967,NA,"Excitatory_neuron"
"PHF6","PHF6-201",0.998096306930967,NA,"Excitatory_neuron"
"PHGDH","PHGDH-223",0.998096306930967,NA,"Excitatory_neuron"
"PHGDH","PHGDH-208",0.998096306930967,NA,"Excitatory_neuron"
"PHIP","PHIP-210",0.998096306930967,NA,"Excitatory_neuron"
"PHIP","PHIP-201",0.998096306930967,NA,"Excitatory_neuron"
"PHIP","PHIP-203",0.998096306930967,NA,"Excitatory_neuron"
"PHIP","PHIP-204",0.998096306930967,NA,"Excitatory_neuron"
"PHIP","PHIP-202",0.998096306930967,NA,"Excitatory_neuron"
"PHIP","PHIP-207",0.998096306930967,NA,"Excitatory_neuron"
"PHIP","PHIP-206",0.998096306930967,NA,"Excitatory_neuron"
"PHKB","PHKB-210",0.80294467075926,NA,"Excitatory_neuron"
"PHKB","PHKB-201",0.80294467075926,NA,"Excitatory_neuron"
"PHKB","transcript85031.chr16.nnic",0.80294467075926,NA,"Excitatory_neuron"
"PHKG2","PHKG2-206",0.998096306930967,NA,"Excitatory_neuron"
"PHKG2","PHKG2-204",0.998096306930967,NA,"Excitatory_neuron"
"PHTF1","PHTF1-209",0.998096306930967,NA,"Excitatory_neuron"
"PHTF1","PHTF1-204",0.998096306930967,NA,"Excitatory_neuron"
"PHTF2","PHTF2-207",0.998096306930967,NA,"Excitatory_neuron"
"PHTF2","PHTF2-203",0.998096306930967,NA,"Excitatory_neuron"
"PHYHIP","PHYHIP-202",0.998096306930967,NA,"Excitatory_neuron"
"PHYHIP","PHYHIP-201",0.998096306930967,NA,"Excitatory_neuron"
"PI4KA","PI4KA-201",0.998096306930967,NA,"Excitatory_neuron"
"PI4KA","PI4KA-209",0.998096306930967,NA,"Excitatory_neuron"
"PI4KA","PI4KA-217",0.998096306930967,NA,"Excitatory_neuron"
"PI4KB","PI4KB-203",0.998096306930967,NA,"Excitatory_neuron"
"PI4KB","PI4KB-202",0.998096306930967,NA,"Excitatory_neuron"
"PIAS2","PIAS2-211",0.998096306930967,NA,"Excitatory_neuron"
"PIAS2","PIAS2-215",0.998096306930967,NA,"Excitatory_neuron"
"PIAS2","PIAS2-201",0.998096306930967,NA,"Excitatory_neuron"
"PIAS2","PIAS2-204",0.998096306930967,NA,"Excitatory_neuron"
"PICK1","PICK1-201",0.998096306930967,NA,"Excitatory_neuron"
"PICK1","PICK1-214",0.998096306930967,NA,"Excitatory_neuron"
"PICK1","transcript42403.chr22.nic",0.998096306930967,NA,"Excitatory_neuron"
"PIDD1","PIDD1-211",0.998096306930967,NA,"Excitatory_neuron"
"PIDD1","PIDD1-203",0.998096306930967,NA,"Excitatory_neuron"
"PIDD1","PIDD1-210",0.998096306930967,NA,"Excitatory_neuron"
"PIGC","PIGC-201",0.998096306930967,NA,"Excitatory_neuron"
"PIGC","PIGC-202",0.998096306930967,NA,"Excitatory_neuron"
"PIGG","PIGG-222",0.998096306930967,NA,"Excitatory_neuron"
"PIGG","PIGG-203",0.998096306930967,NA,"Excitatory_neuron"
"PIGG","PIGG-223",0.998096306930967,NA,"Excitatory_neuron"
"PIGQ","PIGQ-203",0.998096306930967,NA,"Excitatory_neuron"
"PIGQ","PIGQ-206",0.998096306930967,NA,"Excitatory_neuron"
"PIGQ","PIGQ-210",0.998096306930967,NA,"Excitatory_neuron"
"PIGS","PIGS-203",0.998096306930967,NA,"Excitatory_neuron"
"PIGS","PIGS-202",0.998096306930967,NA,"Excitatory_neuron"
"PIK3CA","PIK3CA-205",0.998096306930967,NA,"Excitatory_neuron"
"PIK3CA","transcript288617.chr3.nnic",0.998096306930967,NA,"Excitatory_neuron"
"PIK3CB","PIK3CB-203",0.998096306930967,NA,"Excitatory_neuron"
"PIK3CB","PIK3CB-214",0.998096306930967,NA,"Excitatory_neuron"
"PIK3IP1","PIK3IP1-201",0.998096306930967,NA,"Excitatory_neuron"
"PIK3IP1","PIK3IP1-203",0.998096306930967,NA,"Excitatory_neuron"
"PIK3R1","PIK3R1-207",0.998096306930967,NA,"Excitatory_neuron"
"PIK3R1","PIK3R1-213",0.998096306930967,NA,"Excitatory_neuron"
"PIK3R1","PIK3R1-216",0.998096306930967,NA,"Excitatory_neuron"
"PIK3R1","PIK3R1-203",0.998096306930967,NA,"Excitatory_neuron"
"PIK3R1","PIK3R1-201",0.998096306930967,NA,"Excitatory_neuron"
"PIK3R1","PIK3R1-202",0.998096306930967,NA,"Excitatory_neuron"
"PIK3R1","PIK3R1-224",0.998096306930967,NA,"Excitatory_neuron"
"PIK3R1","PIK3R1-223",0.998096306930967,NA,"Excitatory_neuron"
"PIK3R1","PIK3R1-221",0.998096306930967,NA,"Excitatory_neuron"
"PIK3R1","PIK3R1-211",0.998096306930967,NA,"Excitatory_neuron"
"PIKFYVE","PIKFYVE-201",0.998096306930967,NA,"Excitatory_neuron"
"PIKFYVE","PIKFYVE-207",0.998096306930967,NA,"Excitatory_neuron"
"PIN1","PIN1-201",0.998096306930967,NA,"Excitatory_neuron"
"PIN1","PIN1-204",0.998096306930967,NA,"Excitatory_neuron"
"PINK1","PINK1-201",0.998096306930967,NA,"Excitatory_neuron"
"PINK1","PINK1-202",0.998096306930967,NA,"Excitatory_neuron"
"PISD","PISD-211",0.998096306930967,NA,"Excitatory_neuron"
"PISD","PISD-202",0.998096306930967,NA,"Excitatory_neuron"
"PISD","PISD-209",0.998096306930967,NA,"Excitatory_neuron"
"PISD","transcript30796.chr22.nic",0.998096306930967,NA,"Excitatory_neuron"
"PITPNB","PITPNB-201",0.998096306930967,NA,"Excitatory_neuron"
"PITPNB","PITPNB-202",0.998096306930967,NA,"Excitatory_neuron"
"PITRM1","PITRM1-236",0.998096306930967,NA,"Excitatory_neuron"
"PITRM1","PITRM1-201",0.998096306930967,NA,"Excitatory_neuron"
"PITRM1","PITRM1-202",0.998096306930967,NA,"Excitatory_neuron"
"PKD1","PKD1-207",0.998096306930967,NA,"Excitatory_neuron"
"PKD1","PKD1-201",0.998096306930967,NA,"Excitatory_neuron"
"PKD1","PKD1-203",0.998096306930967,NA,"Excitatory_neuron"
"PKM","PKM-202",0.998096306930967,NA,"Excitatory_neuron"
"PKM","transcript106038.chr15.nnic",0.998096306930967,NA,"Excitatory_neuron"
"PKN2","PKN2-203",0.998096306930967,NA,"Excitatory_neuron"
"PKN2","PKN2-202",0.998096306930967,NA,"Excitatory_neuron"
"PKN2","transcript150441.chr1.nnic",0.998096306930967,NA,"Excitatory_neuron"
"PKP4","PKP4-202",0.998096306930967,NA,"Excitatory_neuron"
"PKP4","PKP4-205",0.998096306930967,NA,"Excitatory_neuron"
"PLA2G4C","PLA2G4C-218",0.998096306930967,NA,"Excitatory_neuron"
"PLA2G4C","PLA2G4C-222",0.998096306930967,NA,"Excitatory_neuron"
"PLCB1","PLCB1-201",0.998096306930967,NA,"Excitatory_neuron"
"PLCB1","PLCB1-203",0.998096306930967,NA,"Excitatory_neuron"
"PLCG1","PLCG1-202",0.910790034440891,NA,"Excitatory_neuron"
"PLCG1","transcript51766.chr20.nnic",0.910790034440891,NA,"Excitatory_neuron"
"PLCH1","PLCH1-206",0.998096306930967,NA,"Excitatory_neuron"
"PLCH1","PLCH1-203",0.998096306930967,NA,"Excitatory_neuron"
"PLD3","PLD3-206",0.998096306930967,NA,"Excitatory_neuron"
"PLD3","PLD3-245",0.998096306930967,NA,"Excitatory_neuron"
"PLD3","PLD3-207",0.998096306930967,NA,"Excitatory_neuron"
"PLD3","PLD3-225",0.998096306930967,NA,"Excitatory_neuron"
"PLD3","PLD3-244",0.998096306930967,NA,"Excitatory_neuron"
"PLD3","transcript110531.chr19.nic",0.998096306930967,NA,"Excitatory_neuron"
"PLD3","PLD3-201",0.998096306930967,NA,"Excitatory_neuron"
"PLD3","PLD3-239",0.998096306930967,NA,"Excitatory_neuron"
"PLEKHA5","PLEKHA5-203",0.998096306930967,NA,"Excitatory_neuron"
"PLEKHA5","PLEKHA5-234",0.998096306930967,NA,"Excitatory_neuron"
"PLEKHA5","PLEKHA5-236",0.998096306930967,NA,"Excitatory_neuron"
"PLEKHA5","PLEKHA5-225",0.998096306930967,NA,"Excitatory_neuron"
"PLEKHA5","PLEKHA5-239",0.998096306930967,NA,"Excitatory_neuron"
"PLEKHA5","PLEKHA5-232",0.998096306930967,NA,"Excitatory_neuron"
"PLEKHA5","PLEKHA5-242",0.998096306930967,NA,"Excitatory_neuron"
"PLEKHA6","PLEKHA6-205",0.998096306930967,NA,"Excitatory_neuron"
"PLEKHA6","PLEKHA6-201",0.998096306930967,NA,"Excitatory_neuron"
"PLEKHB2","PLEKHB2-212",0.998096306930967,NA,"Excitatory_neuron"
"PLEKHB2","PLEKHB2-201",0.998096306930967,NA,"Excitatory_neuron"
"PLEKHB2","PLEKHB2-204",0.998096306930967,NA,"Excitatory_neuron"
"PLP1","PLP1-221",0.998096306930967,NA,"Excitatory_neuron"
"PLP1","PLP1-223",0.998096306930967,NA,"Excitatory_neuron"
"PLPPR4","PLPPR4-202",0.998096306930967,NA,"Excitatory_neuron"
"PLPPR4","PLPPR4-201",0.998096306930967,NA,"Excitatory_neuron"
"PLRG1","PLRG1-202",0.998096306930967,NA,"Excitatory_neuron"
"PLRG1","PLRG1-201",0.998096306930967,NA,"Excitatory_neuron"
"PLXNA1","PLXNA1-202",0.788568742861185,NA,"Excitatory_neuron"
"PLXNA1","PLXNA1-201",0.788568742861185,NA,"Excitatory_neuron"
"PLXNA2","PLXNA2-201",0.998096306930967,NA,"Excitatory_neuron"
"PLXNA2","PLXNA2-205",0.998096306930967,NA,"Excitatory_neuron"
"PMPCA","PMPCA-218",0.79057561140116,NA,"Excitatory_neuron"
"PMPCA","PMPCA-204",0.79057561140116,NA,"Excitatory_neuron"
"PMPCA","PMPCA-222",0.79057561140116,NA,"Excitatory_neuron"
"PMPCA","PMPCA-207",0.79057561140116,NA,"Excitatory_neuron"
"PMPCA","PMPCA-201",0.79057561140116,NA,"Excitatory_neuron"
"PMPCB","PMPCB-217",0.998096306930967,NA,"Excitatory_neuron"
"PMPCB","PMPCB-223",0.998096306930967,NA,"Excitatory_neuron"
"PMPCB","PMPCB-205",0.998096306930967,NA,"Excitatory_neuron"
"PMPCB","transcript155243.chr7.nnic",0.998096306930967,NA,"Excitatory_neuron"
"PMPCB","PMPCB-224",0.998096306930967,NA,"Excitatory_neuron"
"PMPCB","PMPCB-201",0.998096306930967,NA,"Excitatory_neuron"
"PMPCB","PMPCB-202",0.998096306930967,NA,"Excitatory_neuron"
"PMS2","PMS2-201",0.998096306930967,NA,"Excitatory_neuron"
"PMS2","PMS2-250",0.998096306930967,NA,"Excitatory_neuron"
"PNISR","PNISR-202",0.998096306930967,NA,"Excitatory_neuron"
"PNISR","PNISR-214",0.998096306930967,NA,"Excitatory_neuron"
"PNISR","PNISR-203",0.998096306930967,NA,"Excitatory_neuron"
"PNISR","PNISR-205",0.998096306930967,NA,"Excitatory_neuron"
"PNISR","PNISR-204",0.998096306930967,NA,"Excitatory_neuron"
"PNISR","PNISR-212",0.998096306930967,NA,"Excitatory_neuron"
"PNISR","PNISR-213",0.998096306930967,NA,"Excitatory_neuron"
"PNISR","PNISR-201",0.998096306930967,NA,"Excitatory_neuron"
"PNISR","PNISR-207",0.998096306930967,NA,"Excitatory_neuron"
"PNMA3","PNMA3-202",0.998096306930967,NA,"Excitatory_neuron"
"PNMA3","PNMA3-201",0.998096306930967,NA,"Excitatory_neuron"
"PNMA5","PNMA5-202",0.998096306930967,NA,"Excitatory_neuron"
"PNMA5","PNMA5-203",0.998096306930967,NA,"Excitatory_neuron"
"PNPLA8","PNPLA8-201",0.998096306930967,NA,"Excitatory_neuron"
"PNPLA8","PNPLA8-206",0.998096306930967,NA,"Excitatory_neuron"
"POGK","POGK-201",0.998096306930967,NA,"Excitatory_neuron"
"POGK","POGK-202",0.998096306930967,NA,"Excitatory_neuron"
"POGZ","POGZ-212",0.998096306930967,NA,"Excitatory_neuron"
"POGZ","POGZ-206",0.998096306930967,NA,"Excitatory_neuron"
"POGZ","POGZ-202",0.998096306930967,NA,"Excitatory_neuron"
"POLDIP3","POLDIP3-201",0.788568742861185,NA,"Excitatory_neuron"
"POLDIP3","POLDIP3-203",0.788568742861185,NA,"Excitatory_neuron"
"POLE","POLE-220",0.999362957252151,NA,"Excitatory_neuron"
"POLE","POLE-201",0.999362957252151,NA,"Excitatory_neuron"
"POLI","POLI-208",0.998096306930967,NA,"Excitatory_neuron"
"POLI","POLI-206",0.998096306930967,NA,"Excitatory_neuron"
"POLR1A","POLR1A-213",0.998096306930967,NA,"Excitatory_neuron"
"POLR1A","POLR1A-201",0.998096306930967,NA,"Excitatory_neuron"
"POLR3C","POLR3C-208",0.998096306930967,NA,"Excitatory_neuron"
"POLR3C","POLR3C-210",0.998096306930967,NA,"Excitatory_neuron"
"POLR3C","POLR3C-201",0.998096306930967,NA,"Excitatory_neuron"
"POLR3D","POLR3D-201",0.998096306930967,NA,"Excitatory_neuron"
"POLR3D","POLR3D-202",0.998096306930967,NA,"Excitatory_neuron"
"POMGNT1","POMGNT1-234",0.998096306930967,NA,"Excitatory_neuron"
"POMGNT1","POMGNT1-229",0.998096306930967,NA,"Excitatory_neuron"
"POMGNT1","POMGNT1-214",0.998096306930967,NA,"Excitatory_neuron"
"POMGNT1","POMGNT1-250",0.998096306930967,NA,"Excitatory_neuron"
"POMGNT1","POMGNT1-221",0.998096306930967,NA,"Excitatory_neuron"
"POMGNT1","POMGNT1-201",0.998096306930967,NA,"Excitatory_neuron"
"POMGNT2","POMGNT2-202",0.998096306930967,NA,"Excitatory_neuron"
"POMGNT2","POMGNT2-204",0.998096306930967,NA,"Excitatory_neuron"
"POMGNT2","POMGNT2-201",0.998096306930967,NA,"Excitatory_neuron"
"POMT1","POMT1-201",0.998096306930967,NA,"Excitatory_neuron"
"POMT1","POMT1-273",0.998096306930967,NA,"Excitatory_neuron"
"POMT1","POMT1-256",0.998096306930967,NA,"Excitatory_neuron"
"POMT1","POMT1-274",0.998096306930967,NA,"Excitatory_neuron"
"POMT1","POMT1-269",0.998096306930967,NA,"Excitatory_neuron"
"POR","POR-201",0.873665426607366,NA,"Excitatory_neuron"
"POR","POR-218",0.873665426607366,NA,"Excitatory_neuron"
"POU6F2","POU6F2-212",0.998096306930967,NA,"Excitatory_neuron"
"POU6F2","POU6F2-210",0.998096306930967,NA,"Excitatory_neuron"
"PPARGC1A","PPARGC1A-201",0.998096306930967,NA,"Excitatory_neuron"
"PPARGC1A","PPARGC1A-204",0.998096306930967,NA,"Excitatory_neuron"
"PPFIA1","PPFIA1-227",0.998096306930967,NA,"Excitatory_neuron"
"PPFIA1","PPFIA1-219",0.998096306930967,NA,"Excitatory_neuron"
"PPFIA1","PPFIA1-226",0.998096306930967,NA,"Excitatory_neuron"
"PPFIA2","PPFIA2-220",0.998096306930967,NA,"Excitatory_neuron"
"PPFIA2","PPFIA2-216",0.998096306930967,NA,"Excitatory_neuron"
"PPFIA2","PPFIA2-201",0.998096306930967,NA,"Excitatory_neuron"
"PPFIA2","PPFIA2-202",0.998096306930967,NA,"Excitatory_neuron"
"PPFIBP1","PPFIBP1-216",0.998096306930967,NA,"Excitatory_neuron"
"PPFIBP1","PPFIBP1-210",0.998096306930967,NA,"Excitatory_neuron"
"PPFIBP1","PPFIBP1-204",0.998096306930967,NA,"Excitatory_neuron"
"PPFIBP1","PPFIBP1-202",0.998096306930967,NA,"Excitatory_neuron"
"PPHLN1","PPHLN1-226",0.998096306930967,NA,"Excitatory_neuron"
"PPHLN1","transcript57820.chr12.nic",0.998096306930967,NA,"Excitatory_neuron"
"PPIB","PPIB-201",0.998096306930967,NA,"Excitatory_neuron"
"PPIB","PPIB-203",0.998096306930967,NA,"Excitatory_neuron"
"PPIG","PPIG-201",0.998096306930967,NA,"Excitatory_neuron"
"PPIG","PPIG-205",0.998096306930967,NA,"Excitatory_neuron"
"PPIG","PPIG-216",0.998096306930967,NA,"Excitatory_neuron"
"PPIG","PPIG-217",0.998096306930967,NA,"Excitatory_neuron"
"PPIG","PPIG-214",0.998096306930967,NA,"Excitatory_neuron"
"PPIL2","PPIL2-201",0.998096306930967,NA,"Excitatory_neuron"
"PPIL2","PPIL2-231",0.998096306930967,NA,"Excitatory_neuron"
"PPIL2","PPIL2-233",0.998096306930967,NA,"Excitatory_neuron"
"PPIL2","PPIL2-228",0.998096306930967,NA,"Excitatory_neuron"
"PPIL2","PPIL2-221",0.998096306930967,NA,"Excitatory_neuron"
"PPIP5K2","PPIP5K2-218",0.998096306930967,NA,"Excitatory_neuron"
"PPIP5K2","PPIP5K2-201",0.998096306930967,NA,"Excitatory_neuron"
"PPIP5K2","PPIP5K2-202",0.998096306930967,NA,"Excitatory_neuron"
"PPIP5K2","transcript136247.chr5.nic",0.998096306930967,NA,"Excitatory_neuron"
"PPM1A","PPM1A-202",0.998096306930967,NA,"Excitatory_neuron"
"PPM1A","PPM1A-203",0.998096306930967,NA,"Excitatory_neuron"
"PPM1B","PPM1B-201",0.998096306930967,NA,"Excitatory_neuron"
"PPM1B","PPM1B-204",0.998096306930967,NA,"Excitatory_neuron"
"PPM1B","PPM1B-207",0.998096306930967,NA,"Excitatory_neuron"
"PPM1K","PPM1K-210",0.998096306930967,NA,"Excitatory_neuron"
"PPM1K","PPM1K-208",0.998096306930967,NA,"Excitatory_neuron"
"PPM1K","PPM1K-209",0.998096306930967,NA,"Excitatory_neuron"
"PPME1","PPME1-206",0.948006859166649,NA,"Excitatory_neuron"
"PPME1","PPME1-201",0.948006859166649,NA,"Excitatory_neuron"
"PPP1R10","PPP1R10-201",0.998096306930967,NA,"Excitatory_neuron"
"PPP1R10","transcript39631.chr6.nic",0.998096306930967,NA,"Excitatory_neuron"
"PPP1R12A","PPP1R12A-203",0.998096306930967,NA,"Excitatory_neuron"
"PPP1R12A","PPP1R12A-213",0.998096306930967,NA,"Excitatory_neuron"
"PPP1R12A","PPP1R12A-208",0.998096306930967,NA,"Excitatory_neuron"
"PPP1R12B","PPP1R12B-219",0.998096306930967,NA,"Excitatory_neuron"
"PPP1R12B","PPP1R12B-217",0.998096306930967,NA,"Excitatory_neuron"
"PPP1R12B","PPP1R12B-212",0.998096306930967,NA,"Excitatory_neuron"
"PPP1R12B","PPP1R12B-216",0.998096306930967,NA,"Excitatory_neuron"
"PPP1R12B","PPP1R12B-204",0.998096306930967,NA,"Excitatory_neuron"
"PPP1R15A","PPP1R15A-201",0.998096306930967,NA,"Excitatory_neuron"
"PPP1R15A","PPP1R15A-202",0.998096306930967,NA,"Excitatory_neuron"
"PPP1R15A","PPP1R15A-205",0.998096306930967,NA,"Excitatory_neuron"
"PPP1R2","PPP1R2-205",0.998096306930967,NA,"Excitatory_neuron"
"PPP1R2","PPP1R2-206",0.998096306930967,NA,"Excitatory_neuron"
"PPP1R7","PPP1R7-201",0.998096306930967,NA,"Excitatory_neuron"
"PPP1R7","PPP1R7-207",0.998096306930967,NA,"Excitatory_neuron"
"PPP1R9A","PPP1R9A-207",0.998096306930967,NA,"Excitatory_neuron"
"PPP1R9A","PPP1R9A-202",0.998096306930967,NA,"Excitatory_neuron"
"PPP1R9A","transcript133981.chr7.nic",0.998096306930967,NA,"Excitatory_neuron"
"PPP1R9A","PPP1R9A-206",0.998096306930967,NA,"Excitatory_neuron"
"PPP2R1A","PPP2R1A-205",0.998096306930967,NA,"Excitatory_neuron"
"PPP2R1A","PPP2R1A-201",0.998096306930967,NA,"Excitatory_neuron"
"PPP2R2B","PPP2R2B-202",0.998096306930967,NA,"Excitatory_neuron"
"PPP2R2B","PPP2R2B-205",0.998096306930967,NA,"Excitatory_neuron"
"PPP2R2B","PPP2R2B-220",0.998096306930967,NA,"Excitatory_neuron"
"PPP2R2B","PPP2R2B-203",0.998096306930967,NA,"Excitatory_neuron"
"PPP3CA","PPP3CA-202",0.998096306930967,NA,"Excitatory_neuron"
"PPP3CA","PPP3CA-203",0.998096306930967,NA,"Excitatory_neuron"
"PPP3CB","PPP3CB-202",0.998096306930967,NA,"Excitatory_neuron"
"PPP3CB","PPP3CB-204",0.998096306930967,NA,"Excitatory_neuron"
"PPP4R3A","PPP4R3A-205",0.998096306930967,NA,"Excitatory_neuron"
"PPP4R3A","PPP4R3A-206",0.998096306930967,NA,"Excitatory_neuron"
"PPP4R3A","PPP4R3A-202",0.998096306930967,NA,"Excitatory_neuron"
"PPP4R3B","PPP4R3B-203",0.998096306930967,NA,"Excitatory_neuron"
"PPP4R3B","PPP4R3B-204",0.998096306930967,NA,"Excitatory_neuron"
"PPP4R3B","PPP4R3B-206",0.998096306930967,NA,"Excitatory_neuron"
"PPP4R3B","PPP4R3B-205",0.998096306930967,NA,"Excitatory_neuron"
"PPP6R3","PPP6R3-214",0.998096306930967,NA,"Excitatory_neuron"
"PPP6R3","PPP6R3-205",0.998096306930967,NA,"Excitatory_neuron"
"PRCP","PRCP-218",0.998096306930967,NA,"Excitatory_neuron"
"PRCP","PRCP-201",0.998096306930967,NA,"Excitatory_neuron"
"PREPL","PREPL-207",0.998096306930967,NA,"Excitatory_neuron"
"PREPL","PREPL-216",0.998096306930967,NA,"Excitatory_neuron"
"PREPL","PREPL-205",0.998096306930967,NA,"Excitatory_neuron"
"PRICKLE1","PRICKLE1-214",0.998096306930967,NA,"Excitatory_neuron"
"PRICKLE1","PRICKLE1-201",0.998096306930967,NA,"Excitatory_neuron"
"PRICKLE2","PRICKLE2-205",0.998096306930967,NA,"Excitatory_neuron"
"PRICKLE2","PRICKLE2-209",0.998096306930967,NA,"Excitatory_neuron"
"PRICKLE2","PRICKLE2-206",0.998096306930967,NA,"Excitatory_neuron"
"PRICKLE2","transcript109564.chr3.nnic",0.998096306930967,NA,"Excitatory_neuron"
"PRKACB","PRKACB-217",0.54372898785046,NA,"Excitatory_neuron"
"PRKACB","PRKACB-205",0.54372898785046,NA,"Excitatory_neuron"
"PRKACB","PRKACB-210",0.54372898785046,NA,"Excitatory_neuron"
"PRKAG2","PRKAG2-202",0.998096306930967,NA,"Excitatory_neuron"
"PRKAG2","PRKAG2-201",0.998096306930967,NA,"Excitatory_neuron"
"PRKAG2","PRKAG2-209",0.998096306930967,NA,"Excitatory_neuron"
"PRKAG2","PRKAG2-203",0.998096306930967,NA,"Excitatory_neuron"
"PRKAR1A","PRKAR1A-201",0.872614192007501,NA,"Excitatory_neuron"
"PRKAR1A","PRKAR1A-216",0.872614192007501,NA,"Excitatory_neuron"
"PRKAR1A","PRKAR1A-222",0.872614192007501,NA,"Excitatory_neuron"
"PRKAR2B","transcript163156.chr7.nic",0.948006859166649,NA,"Excitatory_neuron"
"PRKAR2B","PRKAR2B-201",0.948006859166649,NA,"Excitatory_neuron"
"PRKCB","PRKCB-210",0.998096306930967,NA,"Excitatory_neuron"
"PRKCB","PRKCB-201",0.998096306930967,NA,"Excitatory_neuron"
"PRKCG","PRKCG-208",0.998096306930967,NA,"Excitatory_neuron"
"PRKCG","PRKCG-201",0.998096306930967,NA,"Excitatory_neuron"
"PRKDC","PRKDC-202",0.80294467075926,NA,"Excitatory_neuron"
"PRKDC","PRKDC-215",0.80294467075926,NA,"Excitatory_neuron"
"PRKDC","PRKDC-212",0.80294467075926,NA,"Excitatory_neuron"
"PRKDC","PRKDC-201",0.80294467075926,NA,"Excitatory_neuron"
"PRMT7","PRMT7-235",0.997033588765373,NA,"Excitatory_neuron"
"PRMT7","PRMT7-253",0.997033588765373,NA,"Excitatory_neuron"
"PRMT7","PRMT7-202",0.997033588765373,NA,"Excitatory_neuron"
"PRMT8","PRMT8-204",0.998096306930967,NA,"Excitatory_neuron"
"PRMT8","PRMT8-202",0.998096306930967,NA,"Excitatory_neuron"
"PRNP","PRNP-203",0.998096306930967,NA,"Excitatory_neuron"
"PRNP","PRNP-202",0.998096306930967,NA,"Excitatory_neuron"
"PRNP","PRNP-201",0.998096306930967,NA,"Excitatory_neuron"
"PRORP","PRORP-201",0.998096306930967,NA,"Excitatory_neuron"
"PRORP","PRORP-203",0.998096306930967,NA,"Excitatory_neuron"
"PRPF31","PRPF31-201",0.998096306930967,NA,"Excitatory_neuron"
"PRPF31","PRPF31-203",0.998096306930967,NA,"Excitatory_neuron"
"PRPF38B","PRPF38B-204",0.998096306930967,NA,"Excitatory_neuron"
"PRPF38B","PRPF38B-203",0.998096306930967,NA,"Excitatory_neuron"
"PRPF39","PRPF39-203",0.998096306930967,NA,"Excitatory_neuron"
"PRPF39","PRPF39-201",0.998096306930967,NA,"Excitatory_neuron"
"PRPF4","PRPF4-201",0.998096306930967,NA,"Excitatory_neuron"
"PRPF4","PRPF4-202",0.998096306930967,NA,"Excitatory_neuron"
"PRPF40A","transcript295901.chr2.nic",0.998096306930967,NA,"Excitatory_neuron"
"PRPF40A","PRPF40A-215",0.998096306930967,NA,"Excitatory_neuron"
"PRPF8","PRPF8-201",0.998096306930967,NA,"Excitatory_neuron"
"PRPF8","PRPF8-205",0.998096306930967,NA,"Excitatory_neuron"
"PRRC2C","transcript259735.chr1.nnic",0.998096306930967,NA,"Excitatory_neuron"
"PRRC2C","PRRC2C-213",0.998096306930967,NA,"Excitatory_neuron"
"PRRC2C","PRRC2C-201",0.998096306930967,NA,"Excitatory_neuron"
"PRRC2C","PRRC2C-207",0.998096306930967,NA,"Excitatory_neuron"
"PRRT2","transcript75255.chr16.nic",0.998096306930967,NA,"Excitatory_neuron"
"PRRT2","PRRT2-221",0.998096306930967,NA,"Excitatory_neuron"
"PRRT2","PRRT2-202",0.998096306930967,NA,"Excitatory_neuron"
"PRUNE2","PRUNE2-203",0.998096306930967,NA,"Excitatory_neuron"
"PRUNE2","PRUNE2-202",0.998096306930967,NA,"Excitatory_neuron"
"PRXL2A","PRXL2A-205",0.998096306930967,NA,"Excitatory_neuron"
"PRXL2A","PRXL2A-202",0.998096306930967,NA,"Excitatory_neuron"
"PRXL2B","PRXL2B-204",0.998096306930967,NA,"Excitatory_neuron"
"PRXL2B","PRXL2B-203",0.998096306930967,NA,"Excitatory_neuron"
"PSD3","PSD3-217",0.998096306930967,NA,"Excitatory_neuron"
"PSD3","PSD3-203",0.998096306930967,NA,"Excitatory_neuron"
"PSEN1","PSEN1-201",0.998096306930967,NA,"Excitatory_neuron"
"PSEN1","PSEN1-232",0.998096306930967,NA,"Excitatory_neuron"
"PSEN2","PSEN2-202",0.998096306930967,NA,"Excitatory_neuron"
"PSEN2","PSEN2-221",0.998096306930967,NA,"Excitatory_neuron"
"PSEN2","PSEN2-211",0.998096306930967,NA,"Excitatory_neuron"
"PSIP1","PSIP1-201",0.948006859166649,NA,"Excitatory_neuron"
"PSIP1","PSIP1-203",0.948006859166649,NA,"Excitatory_neuron"
"PSMA2","PSMA2-201",0.998096306930967,NA,"Excitatory_neuron"
"PSMA2","PSMA2-206",0.998096306930967,NA,"Excitatory_neuron"
"PSMC4","PSMC4-203",0.998096306930967,NA,"Excitatory_neuron"
"PSMC4","PSMC4-201",0.998096306930967,NA,"Excitatory_neuron"
"PSMD1","PSMD1-224",0.998096306930967,NA,"Excitatory_neuron"
"PSMD1","PSMD1-201",0.998096306930967,NA,"Excitatory_neuron"
"PSMD1","PSMD1-215",0.998096306930967,NA,"Excitatory_neuron"
"PSMD11","PSMD11-202",0.895545976913367,NA,"Excitatory_neuron"
"PSMD11","PSMD11-201",0.895545976913367,NA,"Excitatory_neuron"
"PSMD6","PSMD6-201",0.998096306930967,NA,"Excitatory_neuron"
"PSMD6","PSMD6-206",0.998096306930967,NA,"Excitatory_neuron"
"PSMD8","PSMD8-211",0.998096306930967,NA,"Excitatory_neuron"
"PSMD8","PSMD8-213",0.998096306930967,NA,"Excitatory_neuron"
"PSMF1","PSMF1-201",0.910790034440891,NA,"Excitatory_neuron"
"PSMF1","PSMF1-203",0.910790034440891,NA,"Excitatory_neuron"
"PTBP1","PTBP1-221",0.948006859166649,NA,"Excitatory_neuron"
"PTBP1","PTBP1-210",0.948006859166649,NA,"Excitatory_neuron"
"PTBP2","PTBP2-211",0.998096306930967,NA,"Excitatory_neuron"
"PTBP2","PTBP2-220",0.998096306930967,NA,"Excitatory_neuron"
"PTBP2","PTBP2-213",0.998096306930967,NA,"Excitatory_neuron"
"PTGFRN","transcript181955.chr1.nic",0.948006859166649,NA,"Excitatory_neuron"
"PTGFRN","PTGFRN-201",0.948006859166649,NA,"Excitatory_neuron"
"PTK2","PTK2-218",0.788568742861185,NA,"Excitatory_neuron"
"PTK2","PTK2-258",0.788568742861185,NA,"Excitatory_neuron"
"PTMA","PTMA-202",0.850439496272812,NA,"Excitatory_neuron"
"PTMA","PTMA-201",0.850439496272812,NA,"Excitatory_neuron"
"PTPDC1","PTPDC1-201",0.998096306930967,NA,"Excitatory_neuron"
"PTPDC1","PTPDC1-204",0.998096306930967,NA,"Excitatory_neuron"
"PTPDC1","PTPDC1-202",0.998096306930967,NA,"Excitatory_neuron"
"PTPN11","PTPN11-201",0.998096306930967,NA,"Excitatory_neuron"
"PTPN11","PTPN11-202",0.998096306930967,NA,"Excitatory_neuron"
"PTPN2","PTPN2-202",0.998096306930967,NA,"Excitatory_neuron"
"PTPN2","PTPN2-209",0.998096306930967,NA,"Excitatory_neuron"
"PTPN2","PTPN2-201",0.998096306930967,NA,"Excitatory_neuron"
"PTPN5","PTPN5-201",0.998096306930967,NA,"Excitatory_neuron"
"PTPN5","PTPN5-203",0.998096306930967,NA,"Excitatory_neuron"
"PTPRA","PTPRA-201",0.998096306930967,NA,"Excitatory_neuron"
"PTPRA","PTPRA-204",0.998096306930967,NA,"Excitatory_neuron"
"PTPRD","PTPRD-213",0.998096306930967,NA,"Excitatory_neuron"
"PTPRD","PTPRD-203",0.998096306930967,NA,"Excitatory_neuron"
"PTPRD","transcript17446.chr9.nnic",0.998096306930967,NA,"Excitatory_neuron"
"PTPRD","PTPRD-206",0.998096306930967,NA,"Excitatory_neuron"
"PTPRD","PTPRD-201",0.998096306930967,NA,"Excitatory_neuron"
"PTPRD","transcript11000.chr9.nnic",0.998096306930967,NA,"Excitatory_neuron"
"PTPRD","PTPRD-205",0.998096306930967,NA,"Excitatory_neuron"
"PTPRE","PTPRE-201",0.998096306930967,NA,"Excitatory_neuron"
"PTPRE","PTPRE-205",0.998096306930967,NA,"Excitatory_neuron"
"PTPRF","PTPRF-205",0.998096306930967,NA,"Excitatory_neuron"
"PTPRF","PTPRF-212",0.998096306930967,NA,"Excitatory_neuron"
"PTPRF","PTPRF-203",0.998096306930967,NA,"Excitatory_neuron"
"PTPRF","PTPRF-207",0.998096306930967,NA,"Excitatory_neuron"
"PTPRG","PTPRG-201",0.948006859166649,NA,"Excitatory_neuron"
"PTPRG","PTPRG-205",0.948006859166649,NA,"Excitatory_neuron"
"PTPRG","PTPRG-203",0.948006859166649,NA,"Excitatory_neuron"
"PTPRK","PTPRK-218",0.998096306930967,NA,"Excitatory_neuron"
"PTPRK","PTPRK-203",0.998096306930967,NA,"Excitatory_neuron"
"PTPRK","PTPRK-204",0.998096306930967,NA,"Excitatory_neuron"
"PTPRN","PTPRN-201",0.998096306930967,NA,"Excitatory_neuron"
"PTPRN","PTPRN-202",0.998096306930967,NA,"Excitatory_neuron"
"PTPRN","PTPRN-211",0.998096306930967,NA,"Excitatory_neuron"
"PTPRN2","PTPRN2-203",0.998096306930967,NA,"Excitatory_neuron"
"PTPRN2","transcript241489.chr7.nnic",0.998096306930967,NA,"Excitatory_neuron"
"PTPRO","PTPRO-218",0.998096306930967,NA,"Excitatory_neuron"
"PTPRO","PTPRO-213",0.998096306930967,NA,"Excitatory_neuron"
"PTPRS","PTPRS-205",0.998096306930967,NA,"Excitatory_neuron"
"PTPRS","PTPRS-209",0.998096306930967,NA,"Excitatory_neuron"
"PTPRZ1","PTPRZ1-213",0.998096306930967,NA,"Excitatory_neuron"
"PTPRZ1","PTPRZ1-201",0.998096306930967,NA,"Excitatory_neuron"
"PTRH2","PTRH2-202",0.998096306930967,NA,"Excitatory_neuron"
"PTRH2","PTRH2-203",0.998096306930967,NA,"Excitatory_neuron"
"PUF60","PUF60-208",0.998096306930967,NA,"Excitatory_neuron"
"PUF60","PUF60-202",0.998096306930967,NA,"Excitatory_neuron"
"PUM1","PUM1-204",0.998096306930967,NA,"Excitatory_neuron"
"PUM1","PUM1-206",0.998096306930967,NA,"Excitatory_neuron"
"PUM1","PUM1-207",0.998096306930967,NA,"Excitatory_neuron"
"PUS7L","PUS7L-208",0.998096306930967,NA,"Excitatory_neuron"
"PUS7L","PUS7L-201",0.998096306930967,NA,"Excitatory_neuron"
"PUS7L","PUS7L-202",0.998096306930967,NA,"Excitatory_neuron"
"PUS7L","PUS7L-207",0.998096306930967,NA,"Excitatory_neuron"
"PVR","PVR-205",0.998096306930967,NA,"Excitatory_neuron"
"PVR","PVR-202",0.998096306930967,NA,"Excitatory_neuron"
"PVR","PVR-212",0.998096306930967,NA,"Excitatory_neuron"
"PWWP2A","PWWP2A-202",0.998096306930967,NA,"Excitatory_neuron"
"PWWP2A","PWWP2A-201",0.998096306930967,NA,"Excitatory_neuron"
"PWWP3A","PWWP3A-208",0.998096306930967,NA,"Excitatory_neuron"
"PWWP3A","transcript3957.chr19.nic",0.998096306930967,NA,"Excitatory_neuron"
"PXK","PXK-211",0.998096306930967,NA,"Excitatory_neuron"
"PXK","PXK-204",0.998096306930967,NA,"Excitatory_neuron"
"PXK","PXK-202",0.998096306930967,NA,"Excitatory_neuron"
"QRSL1","QRSL1-202",0.998096306930967,NA,"Excitatory_neuron"
"QRSL1","QRSL1-201",0.998096306930967,NA,"Excitatory_neuron"
"QTRT1","QTRT1-207",0.998096306930967,NA,"Excitatory_neuron"
"QTRT1","QTRT1-201",0.998096306930967,NA,"Excitatory_neuron"
"QTRT1","QTRT1-206",0.998096306930967,NA,"Excitatory_neuron"
"R3HDM1","R3HDM1-220",0.998096306930967,NA,"Excitatory_neuron"
"R3HDM1","R3HDM1-203",0.998096306930967,NA,"Excitatory_neuron"
"R3HDM1","R3HDM1-201",0.998096306930967,NA,"Excitatory_neuron"
"R3HDM1","R3HDM1-212",0.998096306930967,NA,"Excitatory_neuron"
"R3HDM1","R3HDM1-204",0.998096306930967,NA,"Excitatory_neuron"
"RAB15","RAB15-208",0.784408391883078,NA,"Excitatory_neuron"
"RAB15","transcript62200.chr14.nnic",0.784408391883078,NA,"Excitatory_neuron"
"RAB15","RAB15-203",0.784408391883078,NA,"Excitatory_neuron"
"RAB18","RAB18-208",0.998096306930967,NA,"Excitatory_neuron"
"RAB18","RAB18-201",0.998096306930967,NA,"Excitatory_neuron"
"RAB24","RAB24-201",0.998096306930967,NA,"Excitatory_neuron"
"RAB24","RAB24-206",0.998096306930967,NA,"Excitatory_neuron"
"RAB26","RAB26-204",0.998096306930967,NA,"Excitatory_neuron"
"RAB26","RAB26-201",0.998096306930967,NA,"Excitatory_neuron"
"RAB3GAP1","RAB3GAP1-219",0.998096306930967,NA,"Excitatory_neuron"
"RAB3GAP1","RAB3GAP1-215",0.998096306930967,NA,"Excitatory_neuron"
"RAB40B","RAB40B-211",0.998096306930967,NA,"Excitatory_neuron"
"RAB40B","RAB40B-206",0.998096306930967,NA,"Excitatory_neuron"
"RAB40C","transcript2022.chr16.nnic",0.998096306930967,NA,"Excitatory_neuron"
"RAB40C","transcript1244.chr16.nnic",0.998096306930967,NA,"Excitatory_neuron"
"RAB40C","RAB40C-201",0.998096306930967,NA,"Excitatory_neuron"
"RAB40C","RAB40C-204",0.998096306930967,NA,"Excitatory_neuron"
"RAB40C","transcript883.chr16.nic",0.998096306930967,NA,"Excitatory_neuron"
"RAB6A","RAB6A-201",0.998096306930967,NA,"Excitatory_neuron"
"RAB6A","RAB6A-202",0.998096306930967,NA,"Excitatory_neuron"
"RAB6A","RAB6A-208",0.998096306930967,NA,"Excitatory_neuron"
"RAB6B","transcript234972.chr3.nic",0.998096306930967,NA,"Excitatory_neuron"
"RAB6B","transcript233666.chr3.nic",0.998096306930967,NA,"Excitatory_neuron"
"RAB6B","RAB6B-201",0.998096306930967,NA,"Excitatory_neuron"
"RAB7A","RAB7A-215",0.998096306930967,NA,"Excitatory_neuron"
"RAB7A","RAB7A-201",0.998096306930967,NA,"Excitatory_neuron"
"RABGAP1","RABGAP1-201",0.998096306930967,NA,"Excitatory_neuron"
"RABGAP1","RABGAP1-202",0.998096306930967,NA,"Excitatory_neuron"
"RABGAP1L","RABGAP1L-204",0.998096306930967,NA,"Excitatory_neuron"
"RABGAP1L","RABGAP1L-201",0.998096306930967,NA,"Excitatory_neuron"
"RABGAP1L","RABGAP1L-218",0.998096306930967,NA,"Excitatory_neuron"
"RABGAP1L","RABGAP1L-223",0.998096306930967,NA,"Excitatory_neuron"
"RABL2B","RABL2B-204",0.998096306930967,NA,"Excitatory_neuron"
"RABL2B","RABL2B-205",0.998096306930967,NA,"Excitatory_neuron"
"RABL2B","RABL2B-213",0.998096306930967,NA,"Excitatory_neuron"
"RACK1","RACK1-224",0.785212923436583,NA,"Excitatory_neuron"
"RACK1","RACK1-227",0.785212923436583,NA,"Excitatory_neuron"
"RAD50","RAD50-213",0.998096306930967,NA,"Excitatory_neuron"
"RAD50","RAD50-201",0.998096306930967,NA,"Excitatory_neuron"
"RAD50","RAD50-209",0.998096306930967,NA,"Excitatory_neuron"
"RAF1","RAF1-201",0.998096306930967,NA,"Excitatory_neuron"
"RAF1","RAF1-268",0.998096306930967,NA,"Excitatory_neuron"
"RAF1","RAF1-227",0.998096306930967,NA,"Excitatory_neuron"
"RAF1","RAF1-232",0.998096306930967,NA,"Excitatory_neuron"
"RALGAPA1","RALGAPA1-220",0.998096306930967,NA,"Excitatory_neuron"
"RALGAPA1","RALGAPA1-219",0.998096306930967,NA,"Excitatory_neuron"
"RALGAPA1","RALGAPA1-201",0.998096306930967,NA,"Excitatory_neuron"
"RALGAPA1","RALGAPA1-206",0.998096306930967,NA,"Excitatory_neuron"
"RALGDS","RALGDS-202",0.998096306930967,NA,"Excitatory_neuron"
"RALGDS","RALGDS-201",0.998096306930967,NA,"Excitatory_neuron"
"RAN","RAN-203",0.998096306930967,NA,"Excitatory_neuron"
"RAN","RAN-212",0.998096306930967,NA,"Excitatory_neuron"
"RANBP1","RANBP1-201",0.556728333721189,NA,"Excitatory_neuron"
"RANBP1","transcript7592.chr22.nic",0.556728333721189,NA,"Excitatory_neuron"
"RANBP2","RANBP2-216",0.998096306930967,NA,"Excitatory_neuron"
"RANBP2","RANBP2-210",0.998096306930967,NA,"Excitatory_neuron"
"RANBP2","RANBP2-206",0.998096306930967,NA,"Excitatory_neuron"
"RANBP2","RANBP2-201",0.998096306930967,NA,"Excitatory_neuron"
"RANGAP1","RANGAP1-207",0.998096306930967,NA,"Excitatory_neuron"
"RANGAP1","RANGAP1-201",0.998096306930967,NA,"Excitatory_neuron"
"RAP1B","RAP1B-201",0.953914393305614,NA,"Excitatory_neuron"
"RAP1B","RAP1B-204",0.953914393305614,NA,"Excitatory_neuron"
"RAP1GAP","RAP1GAP-212",0.998096306930967,NA,"Excitatory_neuron"
"RAP1GAP","RAP1GAP-205",0.998096306930967,NA,"Excitatory_neuron"
"RAP1GAP","RAP1GAP-211",0.998096306930967,NA,"Excitatory_neuron"
"RAPGEF2","RAPGEF2-201",0.998096306930967,NA,"Excitatory_neuron"
"RAPGEF2","RAPGEF2-205",0.998096306930967,NA,"Excitatory_neuron"
"RAPGEF2","RAPGEF2-216",0.998096306930967,NA,"Excitatory_neuron"
"RAPGEF2","RAPGEF2-214",0.998096306930967,NA,"Excitatory_neuron"
"RAPGEF5","RAPGEF5-212",0.998096306930967,NA,"Excitatory_neuron"
"RAPGEF5","RAPGEF5-202",0.998096306930967,NA,"Excitatory_neuron"
"RAPGEF6","RAPGEF6-209",0.998096306930967,NA,"Excitatory_neuron"
"RAPGEF6","RAPGEF6-207",0.998096306930967,NA,"Excitatory_neuron"
"RASA3","transcript113066.chr13.nic",0.948006859166649,NA,"Excitatory_neuron"
"RASA3","RASA3-201",0.948006859166649,NA,"Excitatory_neuron"
"RASAL2","RASAL2-201",0.998096306930967,NA,"Excitatory_neuron"
"RASAL2","RASAL2-208",0.998096306930967,NA,"Excitatory_neuron"
"RASGRF1","RASGRF1-203",0.998096306930967,NA,"Excitatory_neuron"
"RASGRF1","RASGRF1-202",0.998096306930967,NA,"Excitatory_neuron"
"RASGRF1","RASGRF1-206",0.998096306930967,NA,"Excitatory_neuron"
"RASL10A","RASL10A-201",0.79111368128751,NA,"Excitatory_neuron"
"RASL10A","RASL10A-202",0.79111368128751,NA,"Excitatory_neuron"
"RASSF4","RASSF4-211",0.998096306930967,NA,"Excitatory_neuron"
"RASSF4","RASSF4-201",0.998096306930967,NA,"Excitatory_neuron"
"RASSF5","RASSF5-201",0.948006859166649,NA,"Excitatory_neuron"
"RASSF5","RASSF5-202",0.948006859166649,NA,"Excitatory_neuron"
"RB1CC1","RB1CC1-201",0.998096306930967,NA,"Excitatory_neuron"
"RB1CC1","RB1CC1-202",0.998096306930967,NA,"Excitatory_neuron"
"RBBP5","RBBP5-201",0.998096306930967,NA,"Excitatory_neuron"
"RBBP5","RBBP5-202",0.998096306930967,NA,"Excitatory_neuron"
"RBBP6","RBBP6-214",0.998096306930967,NA,"Excitatory_neuron"
"RBBP6","RBBP6-201",0.998096306930967,NA,"Excitatory_neuron"
"RBBP6","RBBP6-205",0.998096306930967,NA,"Excitatory_neuron"
"RBCK1","RBCK1-214",0.998096306930967,NA,"Excitatory_neuron"
"RBCK1","RBCK1-209",0.998096306930967,NA,"Excitatory_neuron"
"RBCK1","RBCK1-202",0.998096306930967,NA,"Excitatory_neuron"
"RBFOX1","RBFOX1-221",0.895545976913367,NA,"Excitatory_neuron"
"RBFOX1","transcript16692.chr16.nic",0.895545976913367,NA,"Excitatory_neuron"
"RBFOX1","RBFOX1-238",0.895545976913367,NA,"Excitatory_neuron"
"RBFOX2","RBFOX2-220",0.948006859166649,NA,"Excitatory_neuron"
"RBFOX2","RBFOX2-210",0.948006859166649,NA,"Excitatory_neuron"
"RBFOX2","RBFOX2-211",0.948006859166649,NA,"Excitatory_neuron"
"RBFOX2","RBFOX2-205",0.948006859166649,NA,"Excitatory_neuron"
"RBFOX2","transcript39811.chr22.nnic",0.948006859166649,NA,"Excitatory_neuron"
"RBL2","RBL2-201",0.998096306930967,NA,"Excitatory_neuron"
"RBL2","RBL2-209",0.998096306930967,NA,"Excitatory_neuron"
"RBM10","RBM10-206",0.948006859166649,NA,"Excitatory_neuron"
"RBM10","RBM10-203",0.948006859166649,NA,"Excitatory_neuron"
"RBM12","RBM12-202",0.998096306930967,NA,"Excitatory_neuron"
"RBM12","RBM12-203",0.998096306930967,NA,"Excitatory_neuron"
"RBM19","RBM19-201",0.998096306930967,NA,"Excitatory_neuron"
"RBM19","RBM19-203",0.998096306930967,NA,"Excitatory_neuron"
"RBM25","RBM25-201",0.998096306930967,NA,"Excitatory_neuron"
"RBM25","RBM25-206",0.998096306930967,NA,"Excitatory_neuron"
"RBM25","RBM25-203",0.998096306930967,NA,"Excitatory_neuron"
"RBM25","RBM25-212",0.998096306930967,NA,"Excitatory_neuron"
"RBM26","RBM26-207",0.998096306930967,NA,"Excitatory_neuron"
"RBM26","RBM26-203",0.998096306930967,NA,"Excitatory_neuron"
"RBM33","RBM33-207",0.998096306930967,NA,"Excitatory_neuron"
"RBM33","RBM33-201",0.998096306930967,NA,"Excitatory_neuron"
"RBM33","transcript240716.chr7.nnic",0.998096306930967,NA,"Excitatory_neuron"
"RBM39","RBM39-223",0.998096306930967,NA,"Excitatory_neuron"
"RBM39","RBM39-237",0.998096306930967,NA,"Excitatory_neuron"
"RBM39","RBM39-206",0.998096306930967,NA,"Excitatory_neuron"
"RBM39","RBM39-203",0.998096306930967,NA,"Excitatory_neuron"
"RBM39","RBM39-201",0.998096306930967,NA,"Excitatory_neuron"
"RBM4","RBM4-206",0.998096306930967,NA,"Excitatory_neuron"
"RBM4","RBM4-204",0.998096306930967,NA,"Excitatory_neuron"
"RBM4","RBM4-201",0.998096306930967,NA,"Excitatory_neuron"
"RBM48","RBM48-202",0.998096306930967,NA,"Excitatory_neuron"
"RBM48","RBM48-201",0.998096306930967,NA,"Excitatory_neuron"
"RBM5","RBM5-212",0.998096306930967,NA,"Excitatory_neuron"
"RBM5","RBM5-214",0.998096306930967,NA,"Excitatory_neuron"
"RBM5","RBM5-201",0.998096306930967,NA,"Excitatory_neuron"
"RBM6","RBM6-210",0.998096306930967,NA,"Excitatory_neuron"
"RBM6","RBM6-201",0.998096306930967,NA,"Excitatory_neuron"
"RBM6","RBM6-213",0.998096306930967,NA,"Excitatory_neuron"
"RBMX","RBMX-201",0.998096306930967,NA,"Excitatory_neuron"
"RBMX","RBMX-212",0.998096306930967,NA,"Excitatory_neuron"
"RBMX","RBMX-207",0.998096306930967,NA,"Excitatory_neuron"
"RBPJ","RBPJ-250",0.998096306930967,NA,"Excitatory_neuron"
"RBPJ","RBPJ-205",0.998096306930967,NA,"Excitatory_neuron"
"RBSN","RBSN-207",0.998096306930967,NA,"Excitatory_neuron"
"RBSN","RBSN-201",0.998096306930967,NA,"Excitatory_neuron"
"RC3H1","RC3H1-202",0.998096306930967,NA,"Excitatory_neuron"
"RC3H1","RC3H1-203",0.998096306930967,NA,"Excitatory_neuron"
"RCCD1","RCCD1-204",0.998096306930967,NA,"Excitatory_neuron"
"RCCD1","RCCD1-201",0.998096306930967,NA,"Excitatory_neuron"
"RCOR3","RCOR3-207",0.998096306930967,NA,"Excitatory_neuron"
"RCOR3","RCOR3-203",0.998096306930967,NA,"Excitatory_neuron"
"RDX","RDX-222",0.998096306930967,NA,"Excitatory_neuron"
"RDX","RDX-219",0.998096306930967,NA,"Excitatory_neuron"
"REL","REL-204",0.80294467075926,NA,"Excitatory_neuron"
"REL","REL-202",0.80294467075926,NA,"Excitatory_neuron"
"REPIN1","REPIN1-203",0.998096306930967,NA,"Excitatory_neuron"
"REPIN1","REPIN1-214",0.998096306930967,NA,"Excitatory_neuron"
"RERE","transcript16856.chr1.nic",0.998096306930967,NA,"Excitatory_neuron"
"RERE","transcript16000.chr1.nic",0.998096306930967,NA,"Excitatory_neuron"
"REV1","REV1-202",0.998096306930967,NA,"Excitatory_neuron"
"REV1","REV1-201",0.998096306930967,NA,"Excitatory_neuron"
"REV1","REV1-203",0.998096306930967,NA,"Excitatory_neuron"
"REX1BD","REX1BD-207",0.998096306930967,NA,"Excitatory_neuron"
"REX1BD","REX1BD-205",0.998096306930967,NA,"Excitatory_neuron"
"REX1BD","REX1BD-203",0.998096306930967,NA,"Excitatory_neuron"
"RFC1","RFC1-202",0.998096306930967,NA,"Excitatory_neuron"
"RFC1","RFC1-201",0.998096306930967,NA,"Excitatory_neuron"
"RFX3","RFX3-202",0.998096306930967,NA,"Excitatory_neuron"
"RFX3","RFX3-212",0.998096306930967,NA,"Excitatory_neuron"
"RGPD5","RGPD5-209",0.998096306930967,NA,"Excitatory_neuron"
"RGPD5","RGPD5-201",0.998096306930967,NA,"Excitatory_neuron"
"RGS12","RGS12-202",0.998096306930967,NA,"Excitatory_neuron"
"RGS12","RGS12-201",0.998096306930967,NA,"Excitatory_neuron"
"RGS12","RGS12-204",0.998096306930967,NA,"Excitatory_neuron"
"RGS12","RGS12-220",0.998096306930967,NA,"Excitatory_neuron"
"RGS7","RGS7-202",0.998096306930967,NA,"Excitatory_neuron"
"RGS7","RGS7-251",0.998096306930967,NA,"Excitatory_neuron"
"RGS7","RGS7-203",0.998096306930967,NA,"Excitatory_neuron"
"RGS7","RGS7-223",0.998096306930967,NA,"Excitatory_neuron"
"RHBDD2","RHBDD2-202",0.998096306930967,NA,"Excitatory_neuron"
"RHBDD2","RHBDD2-201",0.998096306930967,NA,"Excitatory_neuron"
"RHOA","RHOA-202",0.998096306930967,NA,"Excitatory_neuron"
"RHOA","RHOA-210",0.998096306930967,NA,"Excitatory_neuron"
"RHOBTB2","transcript62762.chr8.nic",0.998096306930967,NA,"Excitatory_neuron"
"RHOBTB2","RHOBTB2-201",0.998096306930967,NA,"Excitatory_neuron"
"RHOBTB2","transcript62557.chr8.nic",0.998096306930967,NA,"Excitatory_neuron"
"RHOBTB2","transcript62696.chr8.nic",0.998096306930967,NA,"Excitatory_neuron"
"RHOT1","RHOT1-210",0.998096306930967,NA,"Excitatory_neuron"
"RHOT1","RHOT1-203",0.998096306930967,NA,"Excitatory_neuron"
"RHOT1","RHOT1-201",0.998096306930967,NA,"Excitatory_neuron"
"RHOT1","RHOT1-204",0.998096306930967,NA,"Excitatory_neuron"
"RHOT1","RHOT1-205",0.998096306930967,NA,"Excitatory_neuron"
"RHOT2","RHOT2-218",0.998096306930967,NA,"Excitatory_neuron"
"RHOT2","RHOT2-228",0.998096306930967,NA,"Excitatory_neuron"
"RHOT2","RHOT2-201",0.998096306930967,NA,"Excitatory_neuron"
"RHPN1","RHPN1-203",0.998096306930967,NA,"Excitatory_neuron"
"RHPN1","RHPN1-201",0.998096306930967,NA,"Excitatory_neuron"
"RIC3","RIC3-204",0.998096306930967,NA,"Excitatory_neuron"
"RIC3","RIC3-203",0.998096306930967,NA,"Excitatory_neuron"
"RIC3","RIC3-213",0.998096306930967,NA,"Excitatory_neuron"
"RIC3","RIC3-201",0.998096306930967,NA,"Excitatory_neuron"
"RIC8B","RIC8B-205",0.998096306930967,NA,"Excitatory_neuron"
"RIC8B","RIC8B-203",0.998096306930967,NA,"Excitatory_neuron"
"RIC8B","RIC8B-202",0.998096306930967,NA,"Excitatory_neuron"
"RIF1","RIF1-201",0.636529170857829,NA,"Excitatory_neuron"
"RIF1","RIF1-203",0.636529170857829,NA,"Excitatory_neuron"
"RIMBP2","RIMBP2-212",0.998096306930967,NA,"Excitatory_neuron"
"RIMBP2","RIMBP2-211",0.998096306930967,NA,"Excitatory_neuron"
"RIMBP2","RIMBP2-216",0.998096306930967,NA,"Excitatory_neuron"
"RIMBP2","RIMBP2-207",0.998096306930967,NA,"Excitatory_neuron"
"RIMKLB","RIMKLB-205",0.998096306930967,NA,"Excitatory_neuron"
"RIMKLB","RIMKLB-202",0.998096306930967,NA,"Excitatory_neuron"
"RIMS1","RIMS1-221",0.960435913280986,NA,"Excitatory_neuron"
"RIMS1","transcript112295.chr6.nic",0.960435913280986,NA,"Excitatory_neuron"
"RIMS2","RIMS2-216",0.998096306930967,NA,"Excitatory_neuron"
"RIMS2","RIMS2-201",0.998096306930967,NA,"Excitatory_neuron"
"RIMS2","RIMS2-227",0.998096306930967,NA,"Excitatory_neuron"
"RIMS2","RIMS2-219",0.998096306930967,NA,"Excitatory_neuron"
"RIMS2","RIMS2-207",0.998096306930967,NA,"Excitatory_neuron"
"RIMS2","RIMS2-226",0.998096306930967,NA,"Excitatory_neuron"
"RIN1","RIN1-201",0.998096306930967,NA,"Excitatory_neuron"
"RIN1","RIN1-203",0.998096306930967,NA,"Excitatory_neuron"
"RIOK3","RIOK3-205",0.998096306930967,NA,"Excitatory_neuron"
"RIOK3","RIOK3-201",0.998096306930967,NA,"Excitatory_neuron"
"RIPK2-DT","RIPK2-DT-214",0.998096306930967,NA,"Excitatory_neuron"
"RIPK2-DT","RIPK2-DT-212",0.998096306930967,NA,"Excitatory_neuron"
"RIPK2-DT","RIPK2-DT-216",0.998096306930967,NA,"Excitatory_neuron"
"RIPK2-DT","RIPK2-DT-210",0.998096306930967,NA,"Excitatory_neuron"
"RLIM","RLIM-202",0.998096306930967,NA,"Excitatory_neuron"
"RLIM","RLIM-201",0.998096306930967,NA,"Excitatory_neuron"
"RNASEH2C","RNASEH2C-201",0.998096306930967,NA,"Excitatory_neuron"
"RNASEH2C","RNASEH2C-205",0.998096306930967,NA,"Excitatory_neuron"
"RNASEH2C","RNASEH2C-203",0.998096306930967,NA,"Excitatory_neuron"
"RNF10","RNF10-203",0.54372898785046,NA,"Excitatory_neuron"
"RNF10","RNF10-201",0.54372898785046,NA,"Excitatory_neuron"
"RNF103","RNF103-201",0.998096306930967,NA,"Excitatory_neuron"
"RNF103","RNF103-204",0.998096306930967,NA,"Excitatory_neuron"
"RNF111","RNF111-201",0.998096306930967,NA,"Excitatory_neuron"
"RNF111","RNF111-202",0.998096306930967,NA,"Excitatory_neuron"
"RNF115","RNF115-202",0.998096306930967,NA,"Excitatory_neuron"
"RNF115","RNF115-201",0.998096306930967,NA,"Excitatory_neuron"
"RNF123","RNF123-210",0.998096306930967,NA,"Excitatory_neuron"
"RNF123","RNF123-201",0.998096306930967,NA,"Excitatory_neuron"
"RNF123","RNF123-207",0.998096306930967,NA,"Excitatory_neuron"
"RNF126","RNF126-201",0.625241667055264,NA,"Excitatory_neuron"
"RNF126","transcript3381.chr19.nnic",0.625241667055264,NA,"Excitatory_neuron"
"RNF141","RNF141-201",0.998096306930967,NA,"Excitatory_neuron"
"RNF141","RNF141-205",0.998096306930967,NA,"Excitatory_neuron"
"RNF144A","RNF144A-201",0.998096306930967,NA,"Excitatory_neuron"
"RNF144A","transcript9298.chr2.nic",0.998096306930967,NA,"Excitatory_neuron"
"RNF144A","transcript10099.chr2.nnic",0.998096306930967,NA,"Excitatory_neuron"
"RNF157","RNF157-201",0.998096306930967,NA,"Excitatory_neuron"
"RNF157","RNF157-210",0.998096306930967,NA,"Excitatory_neuron"
"RNF165","RNF165-204",0.998096306930967,NA,"Excitatory_neuron"
"RNF165","RNF165-201",0.998096306930967,NA,"Excitatory_neuron"
"RNF165","RNF165-205",0.998096306930967,NA,"Excitatory_neuron"
"RNF180","RNF180-202",0.998096306930967,NA,"Excitatory_neuron"
"RNF180","transcript88015.chr5.nnic",0.998096306930967,NA,"Excitatory_neuron"
"RNF180","RNF180-201",0.998096306930967,NA,"Excitatory_neuron"
"RNF213","RNF213-220",0.998096306930967,NA,"Excitatory_neuron"
"RNF213","RNF213-205",0.998096306930967,NA,"Excitatory_neuron"
"RNF213","RNF213-207",0.998096306930967,NA,"Excitatory_neuron"
"RNF216","RNF216-202",0.556728333721189,NA,"Excitatory_neuron"
"RNF216","RNF216-205",0.556728333721189,NA,"Excitatory_neuron"
"RNF4","RNF4-201",0.973963625469632,NA,"Excitatory_neuron"
"RNF4","transcript8538.chr4.nic",0.973963625469632,NA,"Excitatory_neuron"
"RNF41","transcript78903.chr12.nic",0.998096306930967,NA,"Excitatory_neuron"
"RNF41","RNF41-201",0.998096306930967,NA,"Excitatory_neuron"
"RNF6","RNF6-203",0.998096306930967,NA,"Excitatory_neuron"
"RNF6","RNF6-201",0.998096306930967,NA,"Excitatory_neuron"
"RNGTT","RNGTT-204",0.998096306930967,NA,"Excitatory_neuron"
"RNGTT","RNGTT-202",0.998096306930967,NA,"Excitatory_neuron"
"RNH1","RNH1-202",0.998096306930967,NA,"Excitatory_neuron"
"RNH1","RNH1-206",0.998096306930967,NA,"Excitatory_neuron"
"RNH1","RNH1-205",0.998096306930967,NA,"Excitatory_neuron"
"RNH1","RNH1-203",0.998096306930967,NA,"Excitatory_neuron"
"RNMT","RNMT-202",0.642288825124185,NA,"Excitatory_neuron"
"RNMT","RNMT-203",0.642288825124185,NA,"Excitatory_neuron"
"RNPC3","RNPC3-208",0.999627699403055,NA,"Excitatory_neuron"
"RNPC3","RNPC3-202",0.999627699403055,NA,"Excitatory_neuron"
"RNPC3","RNPC3-201",0.999627699403055,NA,"Excitatory_neuron"
"RNPEPL1","RNPEPL1-207",0.998096306930967,NA,"Excitatory_neuron"
"RNPEPL1","RNPEPL1-201",0.998096306930967,NA,"Excitatory_neuron"
"RNPEPL1","transcript409054.chr2.nic",0.998096306930967,NA,"Excitatory_neuron"
"RNPS1","RNPS1-216",0.948006859166649,NA,"Excitatory_neuron"
"RNPS1","RNPS1-221",0.948006859166649,NA,"Excitatory_neuron"
"RNPS1","RNPS1-220",0.948006859166649,NA,"Excitatory_neuron"
"RNPS1","RNPS1-202",0.948006859166649,NA,"Excitatory_neuron"
"RNPS1","RNPS1-206",0.948006859166649,NA,"Excitatory_neuron"
"ROCK1","ROCK1-207",0.998096306930967,NA,"Excitatory_neuron"
"ROCK1","ROCK1-201",0.998096306930967,NA,"Excitatory_neuron"
"ROGDI","ROGDI-201",0.998096306930967,NA,"Excitatory_neuron"
"ROGDI","ROGDI-213",0.998096306930967,NA,"Excitatory_neuron"
"RORA","RORA-203",0.998096306930967,NA,"Excitatory_neuron"
"RORA","RORA-204",0.998096306930967,NA,"Excitatory_neuron"
"ROS1","ROS1-201",0.998096306930967,NA,"Excitatory_neuron"
"ROS1","ROS1-202",0.998096306930967,NA,"Excitatory_neuron"
"RPH3A","RPH3A-219",0.998096306930967,NA,"Excitatory_neuron"
"RPH3A","RPH3A-201",0.998096306930967,NA,"Excitatory_neuron"
"RPL10","RPL10-216",0.948006859166649,NA,"Excitatory_neuron"
"RPL10","RPL10-215",0.948006859166649,NA,"Excitatory_neuron"
"RPL12","RPL12-201",0.998096306930967,NA,"Excitatory_neuron"
"RPL12","RPL12-203",0.998096306930967,NA,"Excitatory_neuron"
"RPL13","RPL13-201",0.998096306930967,NA,"Excitatory_neuron"
"RPL13","RPL13-212",0.998096306930967,NA,"Excitatory_neuron"
"RPL14","transcript60195.chr3.nnic",0.998096306930967,NA,"Excitatory_neuron"
"RPL14","RPL14-208",0.998096306930967,NA,"Excitatory_neuron"
"RPL15","RPL15-201",0.998096306930967,NA,"Excitatory_neuron"
"RPL15","RPL15-204",0.998096306930967,NA,"Excitatory_neuron"
"RPL15","RPL15-212",0.998096306930967,NA,"Excitatory_neuron"
"RPL18","RPL18-203",0.998096306930967,NA,"Excitatory_neuron"
"RPL18","RPL18-208",0.998096306930967,NA,"Excitatory_neuron"
"RPL22","RPL22-201",0.998096306930967,NA,"Excitatory_neuron"
"RPL22","RPL22-206",0.998096306930967,NA,"Excitatory_neuron"
"RPL28","RPL28-201",0.998096306930967,NA,"Excitatory_neuron"
"RPL28","RPL28-202",0.998096306930967,NA,"Excitatory_neuron"
"RPL28","RPL28-211",0.998096306930967,NA,"Excitatory_neuron"
"RPL32","RPL32-204",0.998096306930967,NA,"Excitatory_neuron"
"RPL32","transcript24581.chr3.nic",0.998096306930967,NA,"Excitatory_neuron"
"RPL7L1","RPL7L1-208",0.998096306930967,NA,"Excitatory_neuron"
"RPL7L1","RPL7L1-201",0.998096306930967,NA,"Excitatory_neuron"
"RPN2","RPN2-201",0.998096306930967,NA,"Excitatory_neuron"
"RPN2","RPN2-202",0.998096306930967,NA,"Excitatory_neuron"
"RPN2","RPN2-209",0.998096306930967,NA,"Excitatory_neuron"
"RPP14","RPP14-202",0.998096306930967,NA,"Excitatory_neuron"
"RPP14","RPP14-201",0.998096306930967,NA,"Excitatory_neuron"
"RPRD2","RPRD2-203",0.54372898785046,NA,"Excitatory_neuron"
"RPRD2","RPRD2-202",0.54372898785046,NA,"Excitatory_neuron"
"RPS10","transcript45517.chr6.nic",0.998096306930967,NA,"Excitatory_neuron"
"RPS10","RPS10-208",0.998096306930967,NA,"Excitatory_neuron"
"RPS24","RPS24-217",0.998096306930967,NA,"Excitatory_neuron"
"RPS24","RPS24-216",0.998096306930967,NA,"Excitatory_neuron"
"RPS3","RPS3-217",0.0477210223878114,0,"Excitatory_neuron"
"RPS3","RPS3-209",0.0477210223878114,0,"Excitatory_neuron"
"RPS3A","RPS3A-201",0.998096306930967,NA,"Excitatory_neuron"
"RPS3A","transcript187330.chr4.nic",0.998096306930967,NA,"Excitatory_neuron"
"RPS6KC1","RPS6KC1-209",0.998096306930967,NA,"Excitatory_neuron"
"RPS6KC1","RPS6KC1-201",0.998096306930967,NA,"Excitatory_neuron"
"RPS6KC1","RPS6KC1-202",0.998096306930967,NA,"Excitatory_neuron"
"RPS8","transcript80337.chr1.nic",0.998096306930967,NA,"Excitatory_neuron"
"RPS8","transcript82794.chr1.nic",0.998096306930967,NA,"Excitatory_neuron"
"RPS8","RPS8-202",0.998096306930967,NA,"Excitatory_neuron"
"RRP7BP","RRP7BP-207",0.998096306930967,NA,"Excitatory_neuron"
"RRP7BP","RRP7BP-202",0.998096306930967,NA,"Excitatory_neuron"
"RRP7BP","RRP7BP-205",0.998096306930967,NA,"Excitatory_neuron"
"RSF1","RSF1-204",0.998096306930967,NA,"Excitatory_neuron"
"RSF1","RSF1-206",0.998096306930967,NA,"Excitatory_neuron"
"RSF1","RSF1-201",0.998096306930967,NA,"Excitatory_neuron"
"RSPH3","transcript213124.chr6.nnic",0.998096306930967,NA,"Excitatory_neuron"
"RSPH3","RSPH3-201",0.998096306930967,NA,"Excitatory_neuron"
"RSPH3","transcript213042.chr6.nnic",0.998096306930967,NA,"Excitatory_neuron"
"RSPH3","RSPH3-202",0.998096306930967,NA,"Excitatory_neuron"
"RSRC1","RSRC1-215",0.998096306930967,NA,"Excitatory_neuron"
"RSRC1","RSRC1-219",0.998096306930967,NA,"Excitatory_neuron"
"RSRC1","RSRC1-212",0.998096306930967,NA,"Excitatory_neuron"
"RSRC1","RSRC1-201",0.998096306930967,NA,"Excitatory_neuron"
"RSRC1","RSRC1-229",0.998096306930967,NA,"Excitatory_neuron"
"RSRC2","RSRC2-201",0.998096306930967,NA,"Excitatory_neuron"
"RSRC2","RSRC2-214",0.998096306930967,NA,"Excitatory_neuron"
"RSRP1","RSRP1-207",0.998096306930967,NA,"Excitatory_neuron"
"RSRP1","RSRP1-202",0.998096306930967,NA,"Excitatory_neuron"
"RSRP1","RSRP1-217",0.998096306930967,NA,"Excitatory_neuron"
"RSRP1","RSRP1-201",0.998096306930967,NA,"Excitatory_neuron"
"RTCA-AS1","RTCA-AS1-205",0.998096306930967,NA,"Excitatory_neuron"
"RTCA-AS1","RTCA-AS1-204",0.998096306930967,NA,"Excitatory_neuron"
"RTCA-AS1","RTCA-AS1-206",0.998096306930967,NA,"Excitatory_neuron"
"RTL10","RTL10-203",0.998096306930967,NA,"Excitatory_neuron"
"RTL10","RTL10-202",0.998096306930967,NA,"Excitatory_neuron"
"RTL5","RTL5-201",0.998096306930967,NA,"Excitatory_neuron"
"RTL5","RTL5-202",0.998096306930967,NA,"Excitatory_neuron"
"RTN1","RTN1-201",0.998096306930967,NA,"Excitatory_neuron"
"RTN1","RTN1-202",0.998096306930967,NA,"Excitatory_neuron"
"RTN1","RTN1-204",0.998096306930967,NA,"Excitatory_neuron"
"RTN3","RTN3-203",0.998160378894535,NA,"Excitatory_neuron"
"RTN3","RTN3-208",0.998160378894535,NA,"Excitatory_neuron"
"RTN3","RTN3-206",0.998160378894535,NA,"Excitatory_neuron"
"RTN3","RTN3-205",0.998160378894535,NA,"Excitatory_neuron"
"RTN4","RTN4-205",0.998096306930967,NA,"Excitatory_neuron"
"RTN4","RTN4-202",0.998096306930967,NA,"Excitatory_neuron"
"RTRAF","RTRAF-201",0.998096306930967,NA,"Excitatory_neuron"
"RTRAF","transcript44565.chr14.nic",0.998096306930967,NA,"Excitatory_neuron"
"RUFY2","RUFY2-203",0.998096306930967,NA,"Excitatory_neuron"
"RUFY2","RUFY2-205",0.998096306930967,NA,"Excitatory_neuron"
"RUFY2","RUFY2-213",0.998096306930967,NA,"Excitatory_neuron"
"RUFY3","RUFY3-201",0.998096306930967,NA,"Excitatory_neuron"
"RUFY3","RUFY3-202",0.998096306930967,NA,"Excitatory_neuron"
"RUNDC3B","RUNDC3B-203",0.998096306930967,NA,"Excitatory_neuron"
"RUNDC3B","RUNDC3B-207",0.998096306930967,NA,"Excitatory_neuron"
"RUNX1T1","RUNX1T1-220",0.998096306930967,NA,"Excitatory_neuron"
"RUNX1T1","RUNX1T1-213",0.998096306930967,NA,"Excitatory_neuron"
"RUNX1T1","RUNX1T1-202",0.998096306930967,NA,"Excitatory_neuron"
"RUNX1T1","RUNX1T1-201",0.998096306930967,NA,"Excitatory_neuron"
"RUNX1T1","RUNX1T1-245",0.998096306930967,NA,"Excitatory_neuron"
"RUNX1T1","RUNX1T1-244",0.998096306930967,NA,"Excitatory_neuron"
"RUSC2","transcript48736.chr9.nic",0.998096306930967,NA,"Excitatory_neuron"
"RUSC2","RUSC2-202",0.998096306930967,NA,"Excitatory_neuron"
"RUSF1","RUSF1-201",0.998096306930967,NA,"Excitatory_neuron"
"RUSF1","RUSF1-209",0.998096306930967,NA,"Excitatory_neuron"
"RYR2","RYR2-206",0.998096306930967,NA,"Excitatory_neuron"
"RYR2","RYR2-207",0.998096306930967,NA,"Excitatory_neuron"
"SACM1L","SACM1L-201",0.998096306930967,NA,"Excitatory_neuron"
"SACM1L","SACM1L-206",0.998096306930967,NA,"Excitatory_neuron"
"SACS","SACS-201",0.998096306930967,NA,"Excitatory_neuron"
"SACS","SACS-216",0.998096306930967,NA,"Excitatory_neuron"
"SACS","SACS-210",0.998096306930967,NA,"Excitatory_neuron"
"SACS","SACS-213",0.998096306930967,NA,"Excitatory_neuron"
"SAFB","SAFB-201",0.998096306930967,NA,"Excitatory_neuron"
"SAFB","SAFB-205",0.998096306930967,NA,"Excitatory_neuron"
"SAFB","SAFB-211",0.998096306930967,NA,"Excitatory_neuron"
"SAFB2","SAFB2-201",0.998096306930967,NA,"Excitatory_neuron"
"SAFB2","SAFB2-211",0.998096306930967,NA,"Excitatory_neuron"
"SAMD12","SAMD12-202",0.998096306930967,NA,"Excitatory_neuron"
"SAMD12","SAMD12-201",0.998096306930967,NA,"Excitatory_neuron"
"SAMD4B","transcript107115.chr19.nic",0.998096306930967,NA,"Excitatory_neuron"
"SAMD4B","transcript108335.chr19.nic",0.998096306930967,NA,"Excitatory_neuron"
"SAMD4B","SAMD4B-211",0.998096306930967,NA,"Excitatory_neuron"
"SAP30BP","SAP30BP-212",0.998096306930967,NA,"Excitatory_neuron"
"SAP30BP","SAP30BP-225",0.998096306930967,NA,"Excitatory_neuron"
"SARAF","SARAF-201",0.998096306930967,NA,"Excitatory_neuron"
"SARAF","SARAF-203",0.998096306930967,NA,"Excitatory_neuron"
"SARAF","SARAF-214",0.998096306930967,NA,"Excitatory_neuron"
"SARS1","SARS1-201",0.998096306930967,NA,"Excitatory_neuron"
"SARS1","transcript169355.chr1.nnic",0.998096306930967,NA,"Excitatory_neuron"
"SARS1","SARS1-202",0.998096306930967,NA,"Excitatory_neuron"
"SART3","SART3-201",0.998096306930967,NA,"Excitatory_neuron"
"SART3","SART3-206",0.998096306930967,NA,"Excitatory_neuron"
"SATB1","SATB1-209",0.998096306930967,NA,"Excitatory_neuron"
"SATB1","SATB1-222",0.998096306930967,NA,"Excitatory_neuron"
"SATB1","SATB1-219",0.998096306930967,NA,"Excitatory_neuron"
"SATB1","SATB1-201",0.998096306930967,NA,"Excitatory_neuron"
"SATB1","SATB1-204",0.998096306930967,NA,"Excitatory_neuron"
"SATB1","SATB1-218",0.998096306930967,NA,"Excitatory_neuron"
"SATB2","SATB2-202",0.998096306930967,NA,"Excitatory_neuron"
"SATB2","SATB2-217",0.998096306930967,NA,"Excitatory_neuron"
"SBDS","SBDS-207",0.998096306930967,NA,"Excitatory_neuron"
"SBDS","SBDS-201",0.998096306930967,NA,"Excitatory_neuron"
"SBF2","SBF2-247",0.998096306930967,NA,"Excitatory_neuron"
"SBF2","SBF2-213",0.998096306930967,NA,"Excitatory_neuron"
"SBF2","SBF2-242",0.998096306930967,NA,"Excitatory_neuron"
"SBF2","SBF2-225",0.998096306930967,NA,"Excitatory_neuron"
"SBNO1","SBNO1-201",0.998096306930967,NA,"Excitatory_neuron"
"SBNO1","SBNO1-203",0.998096306930967,NA,"Excitatory_neuron"
"SC5D","SC5D-201",0.998096306930967,NA,"Excitatory_neuron"
"SC5D","SC5D-203",0.998096306930967,NA,"Excitatory_neuron"
"SCAF4","SCAF4-202",0.54372898785046,NA,"Excitatory_neuron"
"SCAF4","SCAF4-201",0.54372898785046,NA,"Excitatory_neuron"
"SCAI","SCAI-202",0.998096306930967,NA,"Excitatory_neuron"
"SCAI","SCAI-201",0.998096306930967,NA,"Excitatory_neuron"
"SCAP","SCAP-206",0.998096306930967,NA,"Excitatory_neuron"
"SCAP","SCAP-201",0.998096306930967,NA,"Excitatory_neuron"
"SCAPER","SCAPER-201",0.998096306930967,NA,"Excitatory_neuron"
"SCAPER","SCAPER-207",0.998096306930967,NA,"Excitatory_neuron"
"SCAPER","SCAPER-212",0.998096306930967,NA,"Excitatory_neuron"
"SCARB2","SCARB2-209",0.998096306930967,NA,"Excitatory_neuron"
"SCARB2","SCARB2-215",0.998096306930967,NA,"Excitatory_neuron"
"SCARB2","SCARB2-201",0.998096306930967,NA,"Excitatory_neuron"
"SCARB2","SCARB2-213",0.998096306930967,NA,"Excitatory_neuron"
"SCFD1","SCFD1-268",0.998096306930967,NA,"Excitatory_neuron"
"SCFD1","SCFD1-265",0.998096306930967,NA,"Excitatory_neuron"
"SCFD1","SCFD1-203",0.998096306930967,NA,"Excitatory_neuron"
"SCG5","SCG5-201",0.998096306930967,NA,"Excitatory_neuron"
"SCG5","SCG5-202",0.998096306930967,NA,"Excitatory_neuron"
"SCN1A","SCN1A-223",0.998096306930967,NA,"Excitatory_neuron"
"SCN1A","SCN1A-222",0.998096306930967,NA,"Excitatory_neuron"
"SCN1A","SCN1A-208",0.998096306930967,NA,"Excitatory_neuron"
"SCN1A","SCN1A-209",0.998096306930967,NA,"Excitatory_neuron"
"SCN1A","SCN1A-211",0.998096306930967,NA,"Excitatory_neuron"
"SCN1A","SCN1A-218",0.998096306930967,NA,"Excitatory_neuron"
"SCN1A","SCN1A-213",0.998096306930967,NA,"Excitatory_neuron"
"SCN1A","SCN1A-215",0.998096306930967,NA,"Excitatory_neuron"
"SCN1A","SCN1A-203",0.998096306930967,NA,"Excitatory_neuron"
"SCN2A","SCN2A-204",0.998096306930967,NA,"Excitatory_neuron"
"SCN2A","SCN2A-203",0.998096306930967,NA,"Excitatory_neuron"
"SCN2A","SCN2A-215",0.998096306930967,NA,"Excitatory_neuron"
"SCN2A","SCN2A-210",0.998096306930967,NA,"Excitatory_neuron"
"SCN2A","SCN2A-202",0.998096306930967,NA,"Excitatory_neuron"
"SCN2A","SCN2A-206",0.998096306930967,NA,"Excitatory_neuron"
"SCN3A","SCN3A-211",0.998096306930967,NA,"Excitatory_neuron"
"SCN3A","SCN3A-208",0.998096306930967,NA,"Excitatory_neuron"
"SCN3A","SCN3A-201",0.998096306930967,NA,"Excitatory_neuron"
"SCN3B","SCN3B-204",0.998096306930967,NA,"Excitatory_neuron"
"SCN3B","SCN3B-202",0.998096306930967,NA,"Excitatory_neuron"
"SCN3B","SCN3B-201",0.998096306930967,NA,"Excitatory_neuron"
"SCN8A","SCN8A-219",0.998096306930967,NA,"Excitatory_neuron"
"SCN8A","SCN8A-214",0.998096306930967,NA,"Excitatory_neuron"
"SCN8A","SCN8A-217",0.998096306930967,NA,"Excitatory_neuron"
"SCN8A","SCN8A-216",0.998096306930967,NA,"Excitatory_neuron"
"SCP2","SCP2-210",0.998096306930967,NA,"Excitatory_neuron"
"SCP2","SCP2-203",0.998096306930967,NA,"Excitatory_neuron"
"SCRN2","transcript88849.chr17.nic",0.998096306930967,NA,"Excitatory_neuron"
"SCRN2","SCRN2-202",0.998096306930967,NA,"Excitatory_neuron"
"SCRN2","transcript88695.chr17.nic",0.998096306930967,NA,"Excitatory_neuron"
"SCYL1","SCYL1-202",0.998096306930967,NA,"Excitatory_neuron"
"SCYL1","SCYL1-201",0.998096306930967,NA,"Excitatory_neuron"
"SCYL2","SCYL2-201",0.998096306930967,NA,"Excitatory_neuron"
"SCYL2","SCYL2-207",0.998096306930967,NA,"Excitatory_neuron"
"SDAD1","SDAD1-202",0.998096306930967,NA,"Excitatory_neuron"
"SDAD1","SDAD1-201",0.998096306930967,NA,"Excitatory_neuron"
"SDCBP","SDCBP-204",0.998096306930967,NA,"Excitatory_neuron"
"SDCBP","SDCBP-201",0.998096306930967,NA,"Excitatory_neuron"
"SDF4","SDF4-202",0.998096306930967,NA,"Excitatory_neuron"
"SDF4","SDF4-207",0.998096306930967,NA,"Excitatory_neuron"
"SDR39U1","SDR39U1-218",0.998096306930967,NA,"Excitatory_neuron"
"SDR39U1","SDR39U1-203",0.998096306930967,NA,"Excitatory_neuron"
"SEC14L1","SEC14L1-205",0.998096306930967,NA,"Excitatory_neuron"
"SEC14L1","SEC14L1-204",0.998096306930967,NA,"Excitatory_neuron"
"SEC16A","SEC16A-215",0.998096306930967,NA,"Excitatory_neuron"
"SEC16A","SEC16A-205",0.998096306930967,NA,"Excitatory_neuron"
"SEC16A","SEC16A-208",0.998096306930967,NA,"Excitatory_neuron"
"SEC16A","SEC16A-202",0.998096306930967,NA,"Excitatory_neuron"
"SEC16A","SEC16A-207",0.998096306930967,NA,"Excitatory_neuron"
"SEC23B","SEC23B-211",0.998096306930967,NA,"Excitatory_neuron"
"SEC23B","SEC23B-202",0.998096306930967,NA,"Excitatory_neuron"
"SEC23IP","SEC23IP-201",0.998096306930967,NA,"Excitatory_neuron"
"SEC23IP","SEC23IP-208",0.998096306930967,NA,"Excitatory_neuron"
"SEC24B","SEC24B-201",0.998096306930967,NA,"Excitatory_neuron"
"SEC24B","SEC24B-203",0.998096306930967,NA,"Excitatory_neuron"
"SEC24B","SEC24B-202",0.998096306930967,NA,"Excitatory_neuron"
"SEC24D","SEC24D-201",0.998096306930967,NA,"Excitatory_neuron"
"SEC24D","SEC24D-202",0.998096306930967,NA,"Excitatory_neuron"
"SEC31A","SEC31A-206",0.998096306930967,NA,"Excitatory_neuron"
"SEC31A","SEC31A-207",0.998096306930967,NA,"Excitatory_neuron"
"SEC31A","SEC31A-202",0.998096306930967,NA,"Excitatory_neuron"
"SEC31A","SEC31A-208",0.998096306930967,NA,"Excitatory_neuron"
"SEC31B","SEC31B-211",0.998096306930967,NA,"Excitatory_neuron"
"SEC31B","SEC31B-202",0.998096306930967,NA,"Excitatory_neuron"
"SEC61A1","SEC61A1-208",0.998096306930967,NA,"Excitatory_neuron"
"SEC61A1","SEC61A1-221",0.998096306930967,NA,"Excitatory_neuron"
"SEC62","SEC62-201",0.998096306930967,NA,"Excitatory_neuron"
"SEC62","SEC62-207",0.998096306930967,NA,"Excitatory_neuron"
"SEC62","transcript272927.chr3.nnic",0.998096306930967,NA,"Excitatory_neuron"
"SECISBP2","SECISBP2-205",0.998096306930967,NA,"Excitatory_neuron"
"SECISBP2","SECISBP2-202",0.998096306930967,NA,"Excitatory_neuron"
"SECISBP2L","SECISBP2L-201",0.998096306930967,NA,"Excitatory_neuron"
"SECISBP2L","SECISBP2L-209",0.998096306930967,NA,"Excitatory_neuron"
"SELENOW","SELENOW-211",0.998096306930967,NA,"Excitatory_neuron"
"SELENOW","SELENOW-214",0.998096306930967,NA,"Excitatory_neuron"
"SEMA6D","SEMA6D-202",0.998096306930967,NA,"Excitatory_neuron"
"SEMA6D","SEMA6D-206",0.998096306930967,NA,"Excitatory_neuron"
"SEMA6D","transcript61969.chr15.nnic",0.998096306930967,NA,"Excitatory_neuron"
"SENP5","SENP5-204",0.948006859166649,NA,"Excitatory_neuron"
"SENP5","SENP5-201",0.948006859166649,NA,"Excitatory_neuron"
"SENP6","SENP6-202",0.998096306930967,NA,"Excitatory_neuron"
"SENP6","SENP6-205",0.998096306930967,NA,"Excitatory_neuron"
"SENP7","SENP7-202",0.998096306930967,NA,"Excitatory_neuron"
"SENP7","SENP7-207",0.998096306930967,NA,"Excitatory_neuron"
"SEPTIN11","SEPTIN11-206",0.998096306930967,NA,"Excitatory_neuron"
"SEPTIN11","SEPTIN11-203",0.998096306930967,NA,"Excitatory_neuron"
"SEPTIN11","SEPTIN11-201",0.998096306930967,NA,"Excitatory_neuron"
"SEPTIN2","SEPTIN2-208",0.998096306930967,NA,"Excitatory_neuron"
"SEPTIN2","SEPTIN2-203",0.998096306930967,NA,"Excitatory_neuron"
"SEPTIN3","SEPTIN3-203",0.998096306930967,NA,"Excitatory_neuron"
"SEPTIN3","SEPTIN3-202",0.998096306930967,NA,"Excitatory_neuron"
"SEPTIN4","SEPTIN4-208",0.998096306930967,NA,"Excitatory_neuron"
"SEPTIN4","SEPTIN4-202",0.998096306930967,NA,"Excitatory_neuron"
"SEPTIN5","SEPTIN5-209",0.998096306930967,NA,"Excitatory_neuron"
"SEPTIN5","SEPTIN5-208",0.998096306930967,NA,"Excitatory_neuron"
"SEPTIN7","SEPTIN7-204",0.998096306930967,NA,"Excitatory_neuron"
"SEPTIN7","SEPTIN7-219",0.998096306930967,NA,"Excitatory_neuron"
"SEPTIN7","SEPTIN7-202",0.998096306930967,NA,"Excitatory_neuron"
"SEPTIN7","SEPTIN7-218",0.998096306930967,NA,"Excitatory_neuron"
"SEPTIN8","SEPTIN8-205",0.998096306930967,NA,"Excitatory_neuron"
"SEPTIN8","transcript164634.chr5.nnic",0.998096306930967,NA,"Excitatory_neuron"
"SEPTIN8","SEPTIN8-207",0.998096306930967,NA,"Excitatory_neuron"
"SERBP1","SERBP1-203",0.998096306930967,NA,"Excitatory_neuron"
"SERBP1","SERBP1-202",0.998096306930967,NA,"Excitatory_neuron"
"SERBP1","SERBP1-201",0.998096306930967,NA,"Excitatory_neuron"
"SERBP1","SERBP1-204",0.998096306930967,NA,"Excitatory_neuron"
"SERGEF","transcript26592.chr11.nic",0.998096306930967,NA,"Excitatory_neuron"
"SERGEF","transcript26444.chr11.nic",0.998096306930967,NA,"Excitatory_neuron"
"SERPINE2","SERPINE2-202",0.998096306930967,NA,"Excitatory_neuron"
"SERPINE2","SERPINE2-208",0.998096306930967,NA,"Excitatory_neuron"
"SERPINE2","SERPINE2-201",0.998096306930967,NA,"Excitatory_neuron"
"SERPINI1","SERPINI1-201",0.998096306930967,NA,"Excitatory_neuron"
"SERPINI1","SERPINI1-202",0.998096306930967,NA,"Excitatory_neuron"
"SESN1","SESN1-202",0.998096306930967,NA,"Excitatory_neuron"
"SESN1","SESN1-204",0.998096306930967,NA,"Excitatory_neuron"
"SESN3","transcript150753.chr11.nnic",0.998096306930967,NA,"Excitatory_neuron"
"SESN3","SESN3-203",0.998096306930967,NA,"Excitatory_neuron"
"SETD2","SETD2-202",0.998096306930967,NA,"Excitatory_neuron"
"SETD2","SETD2-210",0.998096306930967,NA,"Excitatory_neuron"
"SETD5","SETD5-244",0.54372898785046,NA,"Excitatory_neuron"
"SETD5","SETD5-229",0.54372898785046,NA,"Excitatory_neuron"
"SETD5","SETD5-235",0.54372898785046,NA,"Excitatory_neuron"
"SEZ6L","SEZ6L-209",0.998096306930967,NA,"Excitatory_neuron"
"SEZ6L","SEZ6L-201",0.998096306930967,NA,"Excitatory_neuron"
"SF3B1","transcript352202.chr2.nnic",0.998096306930967,NA,"Excitatory_neuron"
"SF3B1","SF3B1-213",0.998096306930967,NA,"Excitatory_neuron"
"SF3B1","SF3B1-211",0.998096306930967,NA,"Excitatory_neuron"
"SF3B1","SF3B1-201",0.998096306930967,NA,"Excitatory_neuron"
"SF3B1","SF3B1-208",0.998096306930967,NA,"Excitatory_neuron"
"SF3B3","transcript107753.chr16.nic",0.998096306930967,NA,"Excitatory_neuron"
"SF3B3","SF3B3-201",0.998096306930967,NA,"Excitatory_neuron"
"SFI1","SFI1-203",0.998096306930967,NA,"Excitatory_neuron"
"SFI1","SFI1-229",0.998096306930967,NA,"Excitatory_neuron"
"SFI1","SFI1-208",0.998096306930967,NA,"Excitatory_neuron"
"SFPQ","transcript61327.chr1.nnic",0.54372898785046,NA,"Excitatory_neuron"
"SFPQ","SFPQ-205",0.54372898785046,NA,"Excitatory_neuron"
"SFSWAP","transcript194490.chr12.nic",0.998096306930967,NA,"Excitatory_neuron"
"SFSWAP","SFSWAP-201",0.998096306930967,NA,"Excitatory_neuron"
"SFXN1","SFXN1-201",0.998096306930967,NA,"Excitatory_neuron"
"SFXN1","transcript234492.chr5.nic",0.998096306930967,NA,"Excitatory_neuron"
"SFXN1","SFXN1-208",0.998096306930967,NA,"Excitatory_neuron"
"SGCE","transcript134384.chr7.nic",0.998096306930967,NA,"Excitatory_neuron"
"SGCE","SGCE-286",0.998096306930967,NA,"Excitatory_neuron"
"SGIP1","SGIP1-246",0.998096306930967,NA,"Excitatory_neuron"
"SGIP1","SGIP1-231",0.998096306930967,NA,"Excitatory_neuron"
"SGK1","SGK1-204",0.998096306930967,NA,"Excitatory_neuron"
"SGK1","SGK1-201",0.998096306930967,NA,"Excitatory_neuron"
"SGK1","SGK1-205",0.998096306930967,NA,"Excitatory_neuron"
"SGMS1","SGMS1-202",0.998096306930967,NA,"Excitatory_neuron"
"SGMS1","transcript102277.chr10.nic",0.998096306930967,NA,"Excitatory_neuron"
"SGSM2","SGSM2-204",0.998096306930967,NA,"Excitatory_neuron"
"SGSM2","SGSM2-202",0.998096306930967,NA,"Excitatory_neuron"
"SGSM2","transcript4859.chr17.nnic",0.998096306930967,NA,"Excitatory_neuron"
"SGSM3","SGSM3-201",0.998096306930967,NA,"Excitatory_neuron"
"SGSM3","SGSM3-209",0.998096306930967,NA,"Excitatory_neuron"
"SGTA","SGTA-214",0.998096306930967,NA,"Excitatory_neuron"
"SGTA","SGTA-201",0.998096306930967,NA,"Excitatory_neuron"
"SH3KBP1","SH3KBP1-238",0.998096306930967,NA,"Excitatory_neuron"
"SH3KBP1","SH3KBP1-231",0.998096306930967,NA,"Excitatory_neuron"
"SH3KBP1","SH3KBP1-230",0.998096306930967,NA,"Excitatory_neuron"
"SH3KBP1","SH3KBP1-225",0.998096306930967,NA,"Excitatory_neuron"
"SHFL","SHFL-201",0.624900903626526,NA,"Excitatory_neuron"
"SHFL","SHFL-203",0.624900903626526,NA,"Excitatory_neuron"
"SHLD2","transcript159022.chr10.nic",0.998096306930967,NA,"Excitatory_neuron"
"SHLD2","SHLD2-202",0.998096306930967,NA,"Excitatory_neuron"
"SHOC2","SHOC2-215",0.998096306930967,NA,"Excitatory_neuron"
"SHOC2","SHOC2-202",0.998096306930967,NA,"Excitatory_neuron"
"SHPRH","SHPRH-206",0.998096306930967,NA,"Excitatory_neuron"
"SHPRH","SHPRH-201",0.998096306930967,NA,"Excitatory_neuron"
"SHPRH","SHPRH-204",0.998096306930967,NA,"Excitatory_neuron"
"SHPRH","SHPRH-202",0.998096306930967,NA,"Excitatory_neuron"
"SHTN1","SHTN1-202",0.998096306930967,NA,"Excitatory_neuron"
"SHTN1","SHTN1-207",0.998096306930967,NA,"Excitatory_neuron"
"SIAH1","SIAH1-202",0.998096306930967,NA,"Excitatory_neuron"
"SIAH1","SIAH1-203",0.998096306930967,NA,"Excitatory_neuron"
"SIDT2","SIDT2-203",0.998096306930967,NA,"Excitatory_neuron"
"SIDT2","SIDT2-202",0.998096306930967,NA,"Excitatory_neuron"
"SIK3","SIK3-202",0.998096306930967,NA,"Excitatory_neuron"
"SIK3","SIK3-204",0.998096306930967,NA,"Excitatory_neuron"
"SIK3","SIK3-201",0.998096306930967,NA,"Excitatory_neuron"
"SIN3A","SIN3A-202",0.998096306930967,NA,"Excitatory_neuron"
"SIN3A","SIN3A-205",0.998096306930967,NA,"Excitatory_neuron"
"SIPA1L1","SIPA1L1-202",0.998201619472994,NA,"Excitatory_neuron"
"SIPA1L1","SIPA1L1-201",0.998201619472994,NA,"Excitatory_neuron"
"SIPA1L1","SIPA1L1-211",0.998201619472994,NA,"Excitatory_neuron"
"SIRT2","SIRT2-204",0.998096306930967,NA,"Excitatory_neuron"
"SIRT2","SIRT2-201",0.998096306930967,NA,"Excitatory_neuron"
"SKIC3","SKIC3-260",0.895545976913367,NA,"Excitatory_neuron"
"SKIC3","SKIC3-213",0.895545976913367,NA,"Excitatory_neuron"
"SKIC3","SKIC3-236",0.895545976913367,NA,"Excitatory_neuron"
"SKIC3","SKIC3-206",0.895545976913367,NA,"Excitatory_neuron"
"SKP2","SKP2-226",0.998096306930967,NA,"Excitatory_neuron"
"SKP2","SKP2-202",0.998096306930967,NA,"Excitatory_neuron"
"SLAIN2","transcript89620.chr4.nnic",0.998096306930967,NA,"Excitatory_neuron"
"SLAIN2","transcript89450.chr4.nnic",0.998096306930967,NA,"Excitatory_neuron"
"SLAIN2","SLAIN2-201",0.998096306930967,NA,"Excitatory_neuron"
"SLC11A2","SLC11A2-229",0.998096306930967,NA,"Excitatory_neuron"
"SLC11A2","SLC11A2-201",0.998096306930967,NA,"Excitatory_neuron"
"SLC11A2","SLC11A2-222",0.998096306930967,NA,"Excitatory_neuron"
"SLC12A5","SLC12A5-202",0.998096306930967,NA,"Excitatory_neuron"
"SLC12A5","SLC12A5-201",0.998096306930967,NA,"Excitatory_neuron"
"SLC17A7","SLC17A7-201",0.998096306930967,NA,"Excitatory_neuron"
"SLC17A7","transcript128839.chr19.nic",0.998096306930967,NA,"Excitatory_neuron"
"SLC1A2","SLC1A2-248",0.998096306930967,NA,"Excitatory_neuron"
"SLC1A2","SLC1A2-201",0.998096306930967,NA,"Excitatory_neuron"
"SLC1A2","SLC1A2-202",0.998096306930967,NA,"Excitatory_neuron"
"SLC1A2","SLC1A2-221",0.998096306930967,NA,"Excitatory_neuron"
"SLC1A2","SLC1A2-224",0.998096306930967,NA,"Excitatory_neuron"
"SLC1A3","SLC1A3-253",0.998096306930967,NA,"Excitatory_neuron"
"SLC1A3","SLC1A3-201",0.998096306930967,NA,"Excitatory_neuron"
"SLC22A17","SLC22A17-204",0.998096306930967,NA,"Excitatory_neuron"
"SLC22A17","SLC22A17-203",0.998096306930967,NA,"Excitatory_neuron"
"SLC22A17","SLC22A17-202",0.998096306930967,NA,"Excitatory_neuron"
"SLC24A2","SLC24A2-202",0.998096306930967,NA,"Excitatory_neuron"
"SLC24A2","SLC24A2-201",0.998096306930967,NA,"Excitatory_neuron"
"SLC24A4","SLC24A4-204",0.872614192007501,NA,"Excitatory_neuron"
"SLC24A4","SLC24A4-203",0.872614192007501,NA,"Excitatory_neuron"
"SLC25A11","SLC25A11-201",0.998096306930967,NA,"Excitatory_neuron"
"SLC25A11","SLC25A11-204",0.998096306930967,NA,"Excitatory_neuron"
"SLC25A22","SLC25A22-228",0.997033588765373,NA,"Excitatory_neuron"
"SLC25A22","SLC25A22-201",0.997033588765373,NA,"Excitatory_neuron"
"SLC25A29","SLC25A29-201",0.54372898785046,NA,"Excitatory_neuron"
"SLC25A29","SLC25A29-208",0.54372898785046,NA,"Excitatory_neuron"
"SLC25A3","SLC25A3-201",0.998096306930967,NA,"Excitatory_neuron"
"SLC25A3","SLC25A3-203",0.998096306930967,NA,"Excitatory_neuron"
"SLC25A3","SLC25A3-216",0.998096306930967,NA,"Excitatory_neuron"
"SLC25A3","SLC25A3-211",0.998096306930967,NA,"Excitatory_neuron"
"SLC25A3","SLC25A3-204",0.998096306930967,NA,"Excitatory_neuron"
"SLC25A36","SLC25A36-201",0.998096306930967,NA,"Excitatory_neuron"
"SLC25A36","SLC25A36-208",0.998096306930967,NA,"Excitatory_neuron"
"SLC25A37","SLC25A37-207",0.998096306930967,NA,"Excitatory_neuron"
"SLC25A37","SLC25A37-201",0.998096306930967,NA,"Excitatory_neuron"
"SLC25A37","SLC25A37-204",0.998096306930967,NA,"Excitatory_neuron"
"SLC25A40","SLC25A40-201",0.998096306930967,NA,"Excitatory_neuron"
"SLC25A40","transcript123673.chr7.nic",0.998096306930967,NA,"Excitatory_neuron"
"SLC25A46","SLC25A46-207",0.998096306930967,NA,"Excitatory_neuron"
"SLC25A46","SLC25A46-201",0.998096306930967,NA,"Excitatory_neuron"
"SLC26A4-AS1","SLC26A4-AS1-212",0.998096306930967,NA,"Excitatory_neuron"
"SLC26A4-AS1","SLC26A4-AS1-210",0.998096306930967,NA,"Excitatory_neuron"
"SLC2A11","SLC2A11-202",0.998096306930967,NA,"Excitatory_neuron"
"SLC2A11","SLC2A11-219",0.998096306930967,NA,"Excitatory_neuron"
"SLC2A13","SLC2A13-202",0.998096306930967,NA,"Excitatory_neuron"
"SLC2A13","SLC2A13-201",0.998096306930967,NA,"Excitatory_neuron"
"SLC2A6","SLC2A6-205",0.998096306930967,NA,"Excitatory_neuron"
"SLC2A6","SLC2A6-202",0.998096306930967,NA,"Excitatory_neuron"
"SLC2A6","SLC2A6-201",0.998096306930967,NA,"Excitatory_neuron"
"SLC33A1","SLC33A1-201",0.998096306930967,NA,"Excitatory_neuron"
"SLC33A1","SLC33A1-207",0.998096306930967,NA,"Excitatory_neuron"
"SLC35E2B","SLC35E2B-202",0.948006859166649,NA,"Excitatory_neuron"
"SLC35E2B","SLC35E2B-201",0.948006859166649,NA,"Excitatory_neuron"
"SLC35E2B","SLC35E2B-203",0.948006859166649,NA,"Excitatory_neuron"
"SLC35F3","transcript339814.chr1.nic",0.998096306930967,NA,"Excitatory_neuron"
"SLC35F3","SLC35F3-201",0.998096306930967,NA,"Excitatory_neuron"
"SLC37A1","transcript41028.chr21.nnic",0.998096306930967,NA,"Excitatory_neuron"
"SLC37A1","transcript41565.chr21.nnic",0.998096306930967,NA,"Excitatory_neuron"
"SLC38A1","SLC38A1-201",0.998096306930967,NA,"Excitatory_neuron"
"SLC38A1","SLC38A1-204",0.998096306930967,NA,"Excitatory_neuron"
"SLC38A2","SLC38A2-201",0.998096306930967,NA,"Excitatory_neuron"
"SLC38A2","SLC38A2-208",0.998096306930967,NA,"Excitatory_neuron"
"SLC39A1","SLC39A1-204",0.998096306930967,NA,"Excitatory_neuron"
"SLC39A1","SLC39A1-202",0.998096306930967,NA,"Excitatory_neuron"
"SLC39A10","SLC39A10-205",0.998096306930967,NA,"Excitatory_neuron"
"SLC39A10","SLC39A10-201",0.998096306930967,NA,"Excitatory_neuron"
"SLC39A14","transcript62939.chr8.nic",0.998096306930967,NA,"Excitatory_neuron"
"SLC39A14","SLC39A14-204",0.998096306930967,NA,"Excitatory_neuron"
"SLC39A3","SLC39A3-201",0.998096306930967,NA,"Excitatory_neuron"
"SLC39A3","SLC39A3-202",0.998096306930967,NA,"Excitatory_neuron"
"SLC39A6","SLC39A6-204",0.998096306930967,NA,"Excitatory_neuron"
"SLC39A6","SLC39A6-201",0.998096306930967,NA,"Excitatory_neuron"
"SLC39A7","SLC39A7-202",0.998096306930967,NA,"Excitatory_neuron"
"SLC39A7","SLC39A7-201",0.998096306930967,NA,"Excitatory_neuron"
"SLC3A2","SLC3A2-233",0.998096306930967,NA,"Excitatory_neuron"
"SLC3A2","SLC3A2-201",0.998096306930967,NA,"Excitatory_neuron"
"SLC3A2","SLC3A2-202",0.998096306930967,NA,"Excitatory_neuron"
"SLC3A2","SLC3A2-240",0.998096306930967,NA,"Excitatory_neuron"
"SLC44A1","SLC44A1-201",0.998096306930967,NA,"Excitatory_neuron"
"SLC44A1","SLC44A1-203",0.998096306930967,NA,"Excitatory_neuron"
"SLC49A4","SLC49A4-201",0.998096306930967,NA,"Excitatory_neuron"
"SLC49A4","transcript212658.chr3.nic",0.998096306930967,NA,"Excitatory_neuron"
"SLC4A10","transcript307320.chr2.nnic",0.999627699403055,NA,"Excitatory_neuron"
"SLC4A10","SLC4A10-202",0.999627699403055,NA,"Excitatory_neuron"
"SLC4A10","SLC4A10-203",0.999627699403055,NA,"Excitatory_neuron"
"SLC4A10","SLC4A10-206",0.999627699403055,NA,"Excitatory_neuron"
"SLC4A8","SLC4A8-203",0.998096306930967,NA,"Excitatory_neuron"
"SLC4A8","SLC4A8-217",0.998096306930967,NA,"Excitatory_neuron"
"SLC6A6","SLC6A6-203",0.998096306930967,NA,"Excitatory_neuron"
"SLC6A6","SLC6A6-207",0.998096306930967,NA,"Excitatory_neuron"
"SLC8A1","SLC8A1-210",0.998096306930967,NA,"Excitatory_neuron"
"SLC8A1","SLC8A1-214",0.998096306930967,NA,"Excitatory_neuron"
"SLC8A1","SLC8A1-202",0.998096306930967,NA,"Excitatory_neuron"
"SLC8A1","transcript50057.chr2.nnic",0.998096306930967,NA,"Excitatory_neuron"
"SLC8A1","SLC8A1-201",0.998096306930967,NA,"Excitatory_neuron"
"SLC9A6","SLC9A6-203",0.998096306930967,NA,"Excitatory_neuron"
"SLC9A6","SLC9A6-201",0.998096306930967,NA,"Excitatory_neuron"
"SLCO3A1","SLCO3A1-201",0.998096306930967,NA,"Excitatory_neuron"
"SLCO3A1","SLCO3A1-212",0.998096306930967,NA,"Excitatory_neuron"
"SLCO3A1","SLCO3A1-202",0.998096306930967,NA,"Excitatory_neuron"
"SLF1","SLF1-207",0.998096306930967,NA,"Excitatory_neuron"
"SLF1","SLF1-201",0.998096306930967,NA,"Excitatory_neuron"
"SLF1","SLF1-202",0.998096306930967,NA,"Excitatory_neuron"
"SLF2","SLF2-201",0.998096306930967,NA,"Excitatory_neuron"
"SLF2","SLF2-203",0.998096306930967,NA,"Excitatory_neuron"
"SLF2","SLF2-206",0.998096306930967,NA,"Excitatory_neuron"
"SLIT2","SLIT2-204",0.998096306930967,NA,"Excitatory_neuron"
"SLIT2","SLIT2-202",0.998096306930967,NA,"Excitatory_neuron"
"SLIT3","transcript228426.chr5.nic",0.998096306930967,NA,"Excitatory_neuron"
"SLIT3","SLIT3-205",0.998096306930967,NA,"Excitatory_neuron"
"SLITRK2","SLITRK2-201",0.998096306930967,NA,"Excitatory_neuron"
"SLITRK2","SLITRK2-202",0.998096306930967,NA,"Excitatory_neuron"
"SLITRK3","SLITRK3-201",0.998096306930967,NA,"Excitatory_neuron"
"SLITRK3","SLITRK3-202",0.998096306930967,NA,"Excitatory_neuron"
"SLITRK4","SLITRK4-201",0.99761684317369,NA,"Excitatory_neuron"
"SLITRK4","SLITRK4-202",0.99761684317369,NA,"Excitatory_neuron"
"SLITRK5","SLITRK5-201",0.998096306930967,NA,"Excitatory_neuron"
"SLITRK5","SLITRK5-202",0.998096306930967,NA,"Excitatory_neuron"
"SLK","SLK-202",0.998096306930967,NA,"Excitatory_neuron"
"SLK","SLK-201",0.998096306930967,NA,"Excitatory_neuron"
"SMAD1","transcript181924.chr4.nic",0.998096306930967,NA,"Excitatory_neuron"
"SMAD1","SMAD1-201",0.998096306930967,NA,"Excitatory_neuron"
"SMAD2","SMAD2-202",0.998096306930967,NA,"Excitatory_neuron"
"SMAD2","SMAD2-203",0.998096306930967,NA,"Excitatory_neuron"
"SMAD5","SMAD5-212",0.998096306930967,NA,"Excitatory_neuron"
"SMAD5","SMAD5-211",0.998096306930967,NA,"Excitatory_neuron"
"SMAP2","SMAP2-201",0.998096306930967,NA,"Excitatory_neuron"
"SMAP2","SMAP2-202",0.998096306930967,NA,"Excitatory_neuron"
"SMARCA2","SMARCA2-252",0.998096306930967,NA,"Excitatory_neuron"
"SMARCA2","SMARCA2-263",0.998096306930967,NA,"Excitatory_neuron"
"SMARCA4","SMARCA4-201",0.788568742861185,NA,"Excitatory_neuron"
"SMARCA4","SMARCA4-214",0.788568742861185,NA,"Excitatory_neuron"
"SMARCA4","SMARCA4-227",0.788568742861185,NA,"Excitatory_neuron"
"SMARCA4","SMARCA4-228",0.788568742861185,NA,"Excitatory_neuron"
"SMARCAD1","transcript139224.chr4.nic",0.785212923436583,NA,"Excitatory_neuron"
"SMARCAD1","transcript139310.chr4.nic",0.785212923436583,NA,"Excitatory_neuron"
"SMARCAD1","SMARCAD1-202",0.785212923436583,NA,"Excitatory_neuron"
"SMARCAD1","SMARCAD1-204",0.785212923436583,NA,"Excitatory_neuron"
"SMARCAL1","SMARCAL1-201",0.998096306930967,NA,"Excitatory_neuron"
"SMARCAL1","SMARCAL1-202",0.998096306930967,NA,"Excitatory_neuron"
"SMARCD2","SMARCD2-212",0.998096306930967,NA,"Excitatory_neuron"
"SMARCD2","SMARCD2-203",0.998096306930967,NA,"Excitatory_neuron"
"SMARCE1","SMARCE1-223",0.998096306930967,NA,"Excitatory_neuron"
"SMARCE1","SMARCE1-250",0.998096306930967,NA,"Excitatory_neuron"
"SMARCE1","SMARCE1-229",0.998096306930967,NA,"Excitatory_neuron"
"SMARCE1","SMARCE1-211",0.998096306930967,NA,"Excitatory_neuron"
"SMARCE1","SMARCE1-202",0.998096306930967,NA,"Excitatory_neuron"
"SMARCE1","SMARCE1-241",0.998096306930967,NA,"Excitatory_neuron"
"SMC1A","SMC1A-201",0.998096306930967,NA,"Excitatory_neuron"
"SMC1A","SMC1A-202",0.998096306930967,NA,"Excitatory_neuron"
"SMC2","SMC2-202",0.998096306930967,NA,"Excitatory_neuron"
"SMC2","SMC2-203",0.998096306930967,NA,"Excitatory_neuron"
"SMC3","SMC3-201",0.998096306930967,NA,"Excitatory_neuron"
"SMC3","SMC3-211",0.998096306930967,NA,"Excitatory_neuron"
"SMC3","SMC3-209",0.998096306930967,NA,"Excitatory_neuron"
"SMCHD1","SMCHD1-201",0.998096306930967,NA,"Excitatory_neuron"
"SMCHD1","SMCHD1-221",0.998096306930967,NA,"Excitatory_neuron"
"SMCHD1","SMCHD1-216",0.998096306930967,NA,"Excitatory_neuron"
"SMG1","SMG1-207",0.910790034440891,NA,"Excitatory_neuron"
"SMG1","SMG1-201",0.910790034440891,NA,"Excitatory_neuron"
"SMG7","SMG7-202",0.998096306930967,NA,"Excitatory_neuron"
"SMG7","SMG7-212",0.998096306930967,NA,"Excitatory_neuron"
"SMIM43","SMIM43-209",0.998096306930967,NA,"Excitatory_neuron"
"SMIM43","SMIM43-203",0.998096306930967,NA,"Excitatory_neuron"
"SMIM8","SMIM8-201",0.998096306930967,NA,"Excitatory_neuron"
"SMIM8","SMIM8-208",0.998096306930967,NA,"Excitatory_neuron"
"SMIM8","SMIM8-204",0.998096306930967,NA,"Excitatory_neuron"
"SMYD4","SMYD4-201",0.998096306930967,NA,"Excitatory_neuron"
"SMYD4","SMYD4-203",0.998096306930967,NA,"Excitatory_neuron"
"SNAP25","SNAP25-213",0.998096306930967,NA,"Excitatory_neuron"
"SNAP25","SNAP25-201",0.998096306930967,NA,"Excitatory_neuron"
"SNAP25","SNAP25-202",0.998096306930967,NA,"Excitatory_neuron"
"SNAP25","SNAP25-205",0.998096306930967,NA,"Excitatory_neuron"
"SNAP47","SNAP47-209",0.998096306930967,NA,"Excitatory_neuron"
"SNAP47","SNAP47-210",0.998096306930967,NA,"Excitatory_neuron"
"SNAP47","SNAP47-202",0.998096306930967,NA,"Excitatory_neuron"
"SNAP47","SNAP47-222",0.998096306930967,NA,"Excitatory_neuron"
"SNAP91","SNAP91-213",0.998096306930967,NA,"Excitatory_neuron"
"SNAP91","SNAP91-215",0.998096306930967,NA,"Excitatory_neuron"
"SNAP91","SNAP91-204",0.998096306930967,NA,"Excitatory_neuron"
"SNAP91","SNAP91-205",0.998096306930967,NA,"Excitatory_neuron"
"SNAPC3","SNAPC3-206",0.998096306930967,NA,"Excitatory_neuron"
"SNAPC3","SNAPC3-202",0.998096306930967,NA,"Excitatory_neuron"
"SNCA","SNCA-205",0.998096306930967,NA,"Excitatory_neuron"
"SNCA","SNCA-203",0.998096306930967,NA,"Excitatory_neuron"
"SNCA","SNCA-201",0.998096306930967,NA,"Excitatory_neuron"
"SNHG10","SNHG10-212",0.998096306930967,NA,"Excitatory_neuron"
"SNHG10","transcript111459.chr14.nnic",0.998096306930967,NA,"Excitatory_neuron"
"SNHG10","SNHG10-208",0.998096306930967,NA,"Excitatory_neuron"
"SNHG14","SNHG14-246",0.998096306930967,NA,"Excitatory_neuron"
"SNHG14","SNHG14-230",0.998096306930967,NA,"Excitatory_neuron"
"SNHG14","SNHG14-216",0.998096306930967,NA,"Excitatory_neuron"
"SNHG14","SNHG14-299",0.998096306930967,NA,"Excitatory_neuron"
"SNHG14","SNHG14-310",0.998096306930967,NA,"Excitatory_neuron"
"SNHG14","SNHG14-233",0.998096306930967,NA,"Excitatory_neuron"
"SNHG14","SNHG14-208",0.998096306930967,NA,"Excitatory_neuron"
"SNHG14","SNHG14-340",0.998096306930967,NA,"Excitatory_neuron"
"SNHG14","SNHG14-273",0.998096306930967,NA,"Excitatory_neuron"
"SNHG14","SNHG14-316",0.998096306930967,NA,"Excitatory_neuron"
"SNHG14","SNHG14-304",0.998096306930967,NA,"Excitatory_neuron"
"SNHG14","SNHG14-231",0.998096306930967,NA,"Excitatory_neuron"
"SNHG14","SNHG14-220",0.998096306930967,NA,"Excitatory_neuron"
"SNHG14","SNHG14-210",0.998096306930967,NA,"Excitatory_neuron"
"SNHG14","SNHG14-221",0.998096306930967,NA,"Excitatory_neuron"
"SNHG14","SNHG14-270",0.998096306930967,NA,"Excitatory_neuron"
"SNHG14","SNHG14-224",0.998096306930967,NA,"Excitatory_neuron"
"SNHG14","SNHG14-264",0.998096306930967,NA,"Excitatory_neuron"
"SNHG14","SNHG14-296",0.998096306930967,NA,"Excitatory_neuron"
"SNHG14","SNHG14-213",0.998096306930967,NA,"Excitatory_neuron"
"SNHG5","SNHG5-235",0.998096306930967,NA,"Excitatory_neuron"
"SNHG5","SNHG5-284",0.998096306930967,NA,"Excitatory_neuron"
"SNHG5","SNHG5-254",0.998096306930967,NA,"Excitatory_neuron"
"SNHG5","SNHG5-279",0.998096306930967,NA,"Excitatory_neuron"
"SNRNP200","SNRNP200-201",0.998096306930967,NA,"Excitatory_neuron"
"SNRNP200","SNRNP200-204",0.998096306930967,NA,"Excitatory_neuron"
"SNRNP200","SNRNP200-208",0.998096306930967,NA,"Excitatory_neuron"
"SNRNP70","SNRNP70-206",0.998096306930967,NA,"Excitatory_neuron"
"SNRNP70","SNRNP70-202",0.998096306930967,NA,"Excitatory_neuron"
"SNRNP70","SNRNP70-201",0.998096306930967,NA,"Excitatory_neuron"
"SNRNP70","SNRNP70-203",0.998096306930967,NA,"Excitatory_neuron"
"SNRPN","SNRPN-202",0.998096306930967,NA,"Excitatory_neuron"
"SNRPN","SNRPN-208",0.998096306930967,NA,"Excitatory_neuron"
"SNTG1","SNTG1-213",0.998096306930967,NA,"Excitatory_neuron"
"SNTG1","SNTG1-224",0.998096306930967,NA,"Excitatory_neuron"
"SNX10","SNX10-206",0.998096306930967,NA,"Excitatory_neuron"
"SNX10","SNX10-201",0.998096306930967,NA,"Excitatory_neuron"
"SNX13","SNX13-213",0.998096306930967,NA,"Excitatory_neuron"
"SNX13","SNX13-203",0.998096306930967,NA,"Excitatory_neuron"
"SNX13","SNX13-202",0.998096306930967,NA,"Excitatory_neuron"
"SNX18","SNX18-203",0.998096306930967,NA,"Excitatory_neuron"
"SNX18","SNX18-202",0.998096306930967,NA,"Excitatory_neuron"
"SNX19","transcript200475.chr11.nnic",0.998096306930967,NA,"Excitatory_neuron"
"SNX19","SNX19-201",0.998096306930967,NA,"Excitatory_neuron"
"SNX21","SNX21-212",0.998096306930967,NA,"Excitatory_neuron"
"SNX21","SNX21-202",0.998096306930967,NA,"Excitatory_neuron"
"SNX27","SNX27-203",0.998096306930967,NA,"Excitatory_neuron"
"SNX27","SNX27-210",0.998096306930967,NA,"Excitatory_neuron"
"SNX9","SNX9-216",0.998096306930967,NA,"Excitatory_neuron"
"SNX9","SNX9-210",0.998096306930967,NA,"Excitatory_neuron"
"SNX9","SNX9-207",0.998096306930967,NA,"Excitatory_neuron"
"SOBP","SOBP-201",0.998096306930967,NA,"Excitatory_neuron"
"SOBP","transcript150492.chr6.nnic",0.998096306930967,NA,"Excitatory_neuron"
"SOCS5","SOCS5-202",0.998096306930967,NA,"Excitatory_neuron"
"SOCS5","transcript56954.chr2.nnic",0.998096306930967,NA,"Excitatory_neuron"
"SOCS5","SOCS5-201",0.998096306930967,NA,"Excitatory_neuron"
"SOGA3","SOGA3-204",0.767046389545869,NA,"Excitatory_neuron"
"SOGA3","SOGA3-203",0.767046389545869,NA,"Excitatory_neuron"
"SOGA3","SOGA3-201",0.767046389545869,NA,"Excitatory_neuron"
"SON","SON-202",0.998096306930967,NA,"Excitatory_neuron"
"SON","SON-207",0.998096306930967,NA,"Excitatory_neuron"
"SORBS1","transcript168145.chr10.nnic",0.998096306930967,NA,"Excitatory_neuron"
"SORBS1","SORBS1-219",0.998096306930967,NA,"Excitatory_neuron"
"SORBS1","SORBS1-223",0.998096306930967,NA,"Excitatory_neuron"
"SORBS1","SORBS1-222",0.998096306930967,NA,"Excitatory_neuron"
"SORBS2","SORBS2-201",0.998096306930967,NA,"Excitatory_neuron"
"SORBS2","SORBS2-253",0.998096306930967,NA,"Excitatory_neuron"
"SORBS2","SORBS2-269",0.998096306930967,NA,"Excitatory_neuron"
"SORBS2","SORBS2-239",0.998096306930967,NA,"Excitatory_neuron"
"SORCS1","transcript189409.chr10.nnic",0.998096306930967,NA,"Excitatory_neuron"
"SORCS1","SORCS1-201",0.998096306930967,NA,"Excitatory_neuron"
"SORT1","SORT1-201",0.54372898785046,NA,"Excitatory_neuron"
"SORT1","SORT1-209",0.54372898785046,NA,"Excitatory_neuron"
"SOX2-OT","SOX2-OT-225",0.998096306930967,NA,"Excitatory_neuron"
"SOX2-OT","SOX2-OT-234",0.998096306930967,NA,"Excitatory_neuron"
"SP3","SP3-203",0.998096306930967,NA,"Excitatory_neuron"
"SP3","SP3-201",0.998096306930967,NA,"Excitatory_neuron"
"SPAG9","SPAG9-202",0.998096306930967,NA,"Excitatory_neuron"
"SPAG9","SPAG9-209",0.998096306930967,NA,"Excitatory_neuron"
"SPAG9","SPAG9-201",0.998096306930967,NA,"Excitatory_neuron"
"SPARCL1","SPARCL1-202",0.998096306930967,NA,"Excitatory_neuron"
"SPARCL1","SPARCL1-201",0.998096306930967,NA,"Excitatory_neuron"
"SPART","SPART-202",0.998096306930967,NA,"Excitatory_neuron"
"SPART","SPART-209",0.998096306930967,NA,"Excitatory_neuron"
"SPATA20","SPATA20-201",0.998096306930967,NA,"Excitatory_neuron"
"SPATA20","SPATA20-204",0.998096306930967,NA,"Excitatory_neuron"
"SPATA20","SPATA20-205",0.998096306930967,NA,"Excitatory_neuron"
"SPATA7","SPATA7-218",0.998096306930967,NA,"Excitatory_neuron"
"SPATA7","SPATA7-203",0.998096306930967,NA,"Excitatory_neuron"
"SPATC1L","transcript48331.chr21.nnic",0.771597183903033,NA,"Excitatory_neuron"
"SPATC1L","transcript48560.chr21.nic",0.771597183903033,NA,"Excitatory_neuron"
"SPATS2L","SPATS2L-209",0.80294467075926,NA,"Excitatory_neuron"
"SPATS2L","SPATS2L-202",0.80294467075926,NA,"Excitatory_neuron"
"SPATS2L","SPATS2L-204",0.80294467075926,NA,"Excitatory_neuron"
"SPATS2L","SPATS2L-226",0.80294467075926,NA,"Excitatory_neuron"
"SPCS3","SPCS3-201",0.788568742861185,NA,"Excitatory_neuron"
"SPCS3","SPCS3-203",0.788568742861185,NA,"Excitatory_neuron"
"SPECC1","SPECC1-206",0.998096306930967,NA,"Excitatory_neuron"
"SPECC1","SPECC1-227",0.998096306930967,NA,"Excitatory_neuron"
"SPECC1","SPECC1-242",0.998096306930967,NA,"Excitatory_neuron"
"SPECC1","SPECC1-231",0.998096306930967,NA,"Excitatory_neuron"
"SPECC1","SPECC1-237",0.998096306930967,NA,"Excitatory_neuron"
"SPECC1","SPECC1-221",0.998096306930967,NA,"Excitatory_neuron"
"SPECC1","SPECC1-244",0.998096306930967,NA,"Excitatory_neuron"
"SPECC1","SPECC1-217",0.998096306930967,NA,"Excitatory_neuron"
"SPECC1","SPECC1-245",0.998096306930967,NA,"Excitatory_neuron"
"SPECC1L","SPECC1L-204",0.998096306930967,NA,"Excitatory_neuron"
"SPECC1L","SPECC1L-208",0.998096306930967,NA,"Excitatory_neuron"
"SPECC1L","SPECC1L-201",0.998096306930967,NA,"Excitatory_neuron"
"SPECC1L","SPECC1L-203",0.998096306930967,NA,"Excitatory_neuron"
"SPEF2","SPEF2-216",0.998096306930967,NA,"Excitatory_neuron"
"SPEF2","SPEF2-205",0.998096306930967,NA,"Excitatory_neuron"
"SPEF2","SPEF2-211",0.998096306930967,NA,"Excitatory_neuron"
"SPEN","SPEN-201",0.998096306930967,NA,"Excitatory_neuron"
"SPEN","SPEN-202",0.998096306930967,NA,"Excitatory_neuron"
"SPG11","SPG11-201",0.998096306930967,NA,"Excitatory_neuron"
"SPG11","SPG11-228",0.998096306930967,NA,"Excitatory_neuron"
"SPG11","SPG11-241",0.998096306930967,NA,"Excitatory_neuron"
"SPG11","SPG11-222",0.998096306930967,NA,"Excitatory_neuron"
"SPG11","SPG11-238",0.998096306930967,NA,"Excitatory_neuron"
"SPG7","SPG7-268",0.998096306930967,NA,"Excitatory_neuron"
"SPG7","SPG7-238",0.998096306930967,NA,"Excitatory_neuron"
"SPG7","SPG7-265",0.998096306930967,NA,"Excitatory_neuron"
"SPG7","SPG7-226",0.998096306930967,NA,"Excitatory_neuron"
"SPG7","SPG7-253",0.998096306930967,NA,"Excitatory_neuron"
"SPG7","SPG7-202",0.998096306930967,NA,"Excitatory_neuron"
"SPG7","SPG7-203",0.998096306930967,NA,"Excitatory_neuron"
"SPG7","SPG7-274",0.998096306930967,NA,"Excitatory_neuron"
"SPG7","SPG7-223",0.998096306930967,NA,"Excitatory_neuron"
"SPG7","SPG7-259",0.998096306930967,NA,"Excitatory_neuron"
"SPG7","SPG7-250",0.998096306930967,NA,"Excitatory_neuron"
"SPIDR","SPIDR-201",0.998096306930967,NA,"Excitatory_neuron"
"SPIDR","SPIDR-225",0.998096306930967,NA,"Excitatory_neuron"
"SPIN3","SPIN3-218",0.998096306930967,NA,"Excitatory_neuron"
"SPIN3","SPIN3-201",0.998096306930967,NA,"Excitatory_neuron"
"SPIN3","SPIN3-205",0.998096306930967,NA,"Excitatory_neuron"
"SPIN3","SPIN3-207",0.998096306930967,NA,"Excitatory_neuron"
"SPIN3","SPIN3-215",0.998096306930967,NA,"Excitatory_neuron"
"SPIRE1","SPIRE1-202",0.998096306930967,NA,"Excitatory_neuron"
"SPIRE1","SPIRE1-203",0.998096306930967,NA,"Excitatory_neuron"
"SPNS1","SPNS1-212",0.998096306930967,NA,"Excitatory_neuron"
"SPNS1","SPNS1-201",0.998096306930967,NA,"Excitatory_neuron"
"SPOCK3","SPOCK3-202",0.998096306930967,NA,"Excitatory_neuron"
"SPOCK3","SPOCK3-201",0.998096306930967,NA,"Excitatory_neuron"
"SPP1","SPP1-201",0.998096306930967,NA,"Excitatory_neuron"
"SPP1","SPP1-203",0.998096306930967,NA,"Excitatory_neuron"
"SPPL2B","SPPL2B-212",0.998096306930967,NA,"Excitatory_neuron"
"SPPL2B","SPPL2B-209",0.998096306930967,NA,"Excitatory_neuron"
"SPSB3","SPSB3-208",0.998096306930967,NA,"Excitatory_neuron"
"SPSB3","SPSB3-209",0.998096306930967,NA,"Excitatory_neuron"
"SPSB3","SPSB3-211",0.998096306930967,NA,"Excitatory_neuron"
"SPSB3","SPSB3-204",0.998096306930967,NA,"Excitatory_neuron"
"SPTAN1","SPTAN1-211",0.998096306930967,NA,"Excitatory_neuron"
"SPTAN1","SPTAN1-246",0.998096306930967,NA,"Excitatory_neuron"
"SPTAN1","SPTAN1-202",0.998096306930967,NA,"Excitatory_neuron"
"SPTAN1","SPTAN1-212",0.998096306930967,NA,"Excitatory_neuron"
"SPTAN1","SPTAN1-228",0.998096306930967,NA,"Excitatory_neuron"
"SPTAN1","SPTAN1-206",0.998096306930967,NA,"Excitatory_neuron"
"SPTAN1","SPTAN1-220",0.998096306930967,NA,"Excitatory_neuron"
"SPTBN1","SPTBN1-207",0.998096306930967,NA,"Excitatory_neuron"
"SPTBN1","SPTBN1-202",0.998096306930967,NA,"Excitatory_neuron"
"SPTBN1","SPTBN1-201",0.998096306930967,NA,"Excitatory_neuron"
"SPTBN1","SPTBN1-204",0.998096306930967,NA,"Excitatory_neuron"
"SPTBN1","SPTBN1-203",0.998096306930967,NA,"Excitatory_neuron"
"SPTBN2","SPTBN2-208",0.998096306930967,NA,"Excitatory_neuron"
"SPTBN2","SPTBN2-201",0.998096306930967,NA,"Excitatory_neuron"
"SPTBN4","transcript110943.chr19.nnic",0.998096306930967,NA,"Excitatory_neuron"
"SPTBN4","SPTBN4-202",0.998096306930967,NA,"Excitatory_neuron"
"SPTBN4","SPTBN4-208",0.998096306930967,NA,"Excitatory_neuron"
"SPTY2D1","SPTY2D1-202",0.998096306930967,NA,"Excitatory_neuron"
"SPTY2D1","SPTY2D1-201",0.998096306930967,NA,"Excitatory_neuron"
"SRCAP","SRCAP-202",0.998096306930967,NA,"Excitatory_neuron"
"SRCAP","SRCAP-205",0.998096306930967,NA,"Excitatory_neuron"
"SREK1","SREK1-201",0.998096306930967,NA,"Excitatory_neuron"
"SREK1","SREK1-202",0.998096306930967,NA,"Excitatory_neuron"
"SREK1","SREK1-206",0.998096306930967,NA,"Excitatory_neuron"
"SREK1","SREK1-212",0.998096306930967,NA,"Excitatory_neuron"
"SRGAP2","SRGAP2-203",0.998096306930967,NA,"Excitatory_neuron"
"SRGAP2","SRGAP2-215",0.998096306930967,NA,"Excitatory_neuron"
"SRGAP3","SRGAP3-201",0.998096306930967,NA,"Excitatory_neuron"
"SRGAP3","SRGAP3-202",0.998096306930967,NA,"Excitatory_neuron"
"SRGAP3","SRGAP3-204",0.998096306930967,NA,"Excitatory_neuron"
"SRGAP3","SRGAP3-207",0.998096306930967,NA,"Excitatory_neuron"
"SRP9","SRP9-201",0.998096306930967,NA,"Excitatory_neuron"
"SRP9","SRP9-203",0.998096306930967,NA,"Excitatory_neuron"
"SRPK2","SRPK2-203",0.998096306930967,NA,"Excitatory_neuron"
"SRPK2","SRPK2-202",0.998096306930967,NA,"Excitatory_neuron"
"SRPK2","SRPK2-201",0.998096306930967,NA,"Excitatory_neuron"
"SRPK2","SRPK2-211",0.998096306930967,NA,"Excitatory_neuron"
"SRPK2","SRPK2-212",0.998096306930967,NA,"Excitatory_neuron"
"SRRM1","SRRM1-226",0.998096306930967,NA,"Excitatory_neuron"
"SRRM1","SRRM1-224",0.998096306930967,NA,"Excitatory_neuron"
"SRRM1","SRRM1-223",0.998096306930967,NA,"Excitatory_neuron"
"SRRM1","SRRM1-204",0.998096306930967,NA,"Excitatory_neuron"
"SRRM2","SRRM2-201",0.998096306930967,NA,"Excitatory_neuron"
"SRRM2","transcript8917.chr16.nic",0.998096306930967,NA,"Excitatory_neuron"
"SRRM2","SRRM2-225",0.998096306930967,NA,"Excitatory_neuron"
"SRRM2","SRRM2-226",0.998096306930967,NA,"Excitatory_neuron"
"SRRT","SRRT-213",0.998096306930967,NA,"Excitatory_neuron"
"SRRT","SRRT-215",0.998096306930967,NA,"Excitatory_neuron"
"SRRT","SRRT-216",0.998096306930967,NA,"Excitatory_neuron"
"SRSF10","SRSF10-203",0.998096306930967,NA,"Excitatory_neuron"
"SRSF10","SRSF10-214",0.998096306930967,NA,"Excitatory_neuron"
"SRSF10","SRSF10-202",0.998096306930967,NA,"Excitatory_neuron"
"SRSF10","SRSF10-204",0.998096306930967,NA,"Excitatory_neuron"
"SRSF10","SRSF10-213",0.998096306930967,NA,"Excitatory_neuron"
"SRSF11","SRSF11-217",0.998096306930967,NA,"Excitatory_neuron"
"SRSF11","SRSF11-201",0.998096306930967,NA,"Excitatory_neuron"
"SRSF11","SRSF11-202",0.998096306930967,NA,"Excitatory_neuron"
"SRSF11","SRSF11-203",0.998096306930967,NA,"Excitatory_neuron"
"SRSF11","SRSF11-214",0.998096306930967,NA,"Excitatory_neuron"
"SRSF11","SRSF11-218",0.998096306930967,NA,"Excitatory_neuron"
"SRSF2","SRSF2-203",0.998096306930967,NA,"Excitatory_neuron"
"SRSF2","SRSF2-202",0.998096306930967,NA,"Excitatory_neuron"
"SRSF4","SRSF4-201",0.998096306930967,NA,"Excitatory_neuron"
"SRSF4","SRSF4-207",0.998096306930967,NA,"Excitatory_neuron"
"SRSF5","SRSF5-207",0.998096306930967,NA,"Excitatory_neuron"
"SRSF5","SRSF5-212",0.998096306930967,NA,"Excitatory_neuron"
"SRSF7","SRSF7-204",0.998096306930967,NA,"Excitatory_neuron"
"SRSF7","SRSF7-208",0.998096306930967,NA,"Excitatory_neuron"
"SRSF7","SRSF7-201",0.998096306930967,NA,"Excitatory_neuron"
"SRSF7","SRSF7-209",0.998096306930967,NA,"Excitatory_neuron"
"SRSF8","transcript151089.chr11.nnic",0.998096306930967,NA,"Excitatory_neuron"
"SRSF8","SRSF8-201",0.998096306930967,NA,"Excitatory_neuron"
"SSBP2","SSBP2-220",0.998096306930967,NA,"Excitatory_neuron"
"SSBP2","SSBP2-201",0.998096306930967,NA,"Excitatory_neuron"
"SSRP1","SSRP1-201",0.998096306930967,NA,"Excitatory_neuron"
"SSRP1","SSRP1-202",0.998096306930967,NA,"Excitatory_neuron"
"SSX2IP","SSX2IP-207",0.788568742861185,NA,"Excitatory_neuron"
"SSX2IP","SSX2IP-201",0.788568742861185,NA,"Excitatory_neuron"
"SSX2IP","SSX2IP-210",0.788568742861185,NA,"Excitatory_neuron"
"SSX2IP","SSX2IP-203",0.788568742861185,NA,"Excitatory_neuron"
"ST3GAL1","ST3GAL1-206",0.998096306930967,NA,"Excitatory_neuron"
"ST3GAL1","ST3GAL1-210",0.998096306930967,NA,"Excitatory_neuron"
"ST3GAL5","ST3GAL5-246",0.998096306930967,NA,"Excitatory_neuron"
"ST3GAL5","ST3GAL5-244",0.998096306930967,NA,"Excitatory_neuron"
"ST3GAL5","ST3GAL5-222",0.998096306930967,NA,"Excitatory_neuron"
"ST6GALNAC5","ST6GALNAC5-201",0.998096306930967,NA,"Excitatory_neuron"
"ST6GALNAC5","ST6GALNAC5-202",0.998096306930967,NA,"Excitatory_neuron"
"ST6GALNAC6","ST6GALNAC6-201",0.998096306930967,NA,"Excitatory_neuron"
"ST6GALNAC6","ST6GALNAC6-204",0.998096306930967,NA,"Excitatory_neuron"
"ST6GALNAC6","ST6GALNAC6-205",0.998096306930967,NA,"Excitatory_neuron"
"ST8SIA3","ST8SIA3-201",0.998096306930967,NA,"Excitatory_neuron"
"ST8SIA3","transcript60627.chr18.nic",0.998096306930967,NA,"Excitatory_neuron"
"STAG3L4","STAG3L4-202",0.998096306930967,NA,"Excitatory_neuron"
"STAG3L4","STAG3L4-207",0.998096306930967,NA,"Excitatory_neuron"
"STAM2","STAM2-201",0.998096306930967,NA,"Excitatory_neuron"
"STAM2","transcript295970.chr2.nnic",0.998096306930967,NA,"Excitatory_neuron"
"STAT2","STAT2-221",0.998096306930967,NA,"Excitatory_neuron"
"STAT2","STAT2-232",0.998096306930967,NA,"Excitatory_neuron"
"STAT3","STAT3-201",0.998096306930967,NA,"Excitatory_neuron"
"STAT3","STAT3-247",0.998096306930967,NA,"Excitatory_neuron"
"STAT3","STAT3-235",0.998096306930967,NA,"Excitatory_neuron"
"STAU1","STAU1-206",0.998096306930967,NA,"Excitatory_neuron"
"STAU1","STAU1-207",0.998096306930967,NA,"Excitatory_neuron"
"STAU1","STAU1-203",0.998096306930967,NA,"Excitatory_neuron"
"STAU2","STAU2-214",0.998096306930967,NA,"Excitatory_neuron"
"STAU2","STAU2-201",0.998096306930967,NA,"Excitatory_neuron"
"STAU2","STAU2-215",0.998096306930967,NA,"Excitatory_neuron"
"STEAP2","STEAP2-201",0.998096306930967,NA,"Excitatory_neuron"
"STEAP2","STEAP2-202",0.998096306930967,NA,"Excitatory_neuron"
"STK11IP","transcript384884.chr2.nic",0.998096306930967,NA,"Excitatory_neuron"
"STK11IP","STK11IP-204",0.998096306930967,NA,"Excitatory_neuron"
"STK25","STK25-234",0.998096306930967,NA,"Excitatory_neuron"
"STK25","STK25-202",0.998096306930967,NA,"Excitatory_neuron"
"STK25","STK25-228",0.998096306930967,NA,"Excitatory_neuron"
"STK25","STK25-201",0.998096306930967,NA,"Excitatory_neuron"
"STK25","STK25-203",0.998096306930967,NA,"Excitatory_neuron"
"STK4","STK4-202",0.998096306930967,NA,"Excitatory_neuron"
"STK4","STK4-205",0.998096306930967,NA,"Excitatory_neuron"
"STMN1","STMN1-206",0.998096306930967,NA,"Excitatory_neuron"
"STMN1","STMN1-207",0.998096306930967,NA,"Excitatory_neuron"
"STOML1","STOML1-206",0.998096306930967,NA,"Excitatory_neuron"
"STOML1","STOML1-204",0.998096306930967,NA,"Excitatory_neuron"
"STPG1","STPG1-201",0.998096306930967,NA,"Excitatory_neuron"
"STPG1","STPG1-202",0.998096306930967,NA,"Excitatory_neuron"
"STRAP","transcript31402.chr12.nic",0.998096306930967,NA,"Excitatory_neuron"
"STRAP","STRAP-202",0.998096306930967,NA,"Excitatory_neuron"
"STT3B","STT3B-201",0.998096306930967,NA,"Excitatory_neuron"
"STT3B","transcript47762.chr3.nic",0.998096306930967,NA,"Excitatory_neuron"
"STUB1","STUB1-201",0.998096306930967,NA,"Excitatory_neuron"
"STUB1","transcript733.chr16.nic",0.998096306930967,NA,"Excitatory_neuron"
"STX16","STX16-206",0.998096306930967,NA,"Excitatory_neuron"
"STX16","STX16-205",0.998096306930967,NA,"Excitatory_neuron"
"STX16","STX16-202",0.998096306930967,NA,"Excitatory_neuron"
"STXBP1","STXBP1-212",0.998096306930967,NA,"Excitatory_neuron"
"STXBP1","STXBP1-223",0.998096306930967,NA,"Excitatory_neuron"
"STXBP1","STXBP1-201",0.998096306930967,NA,"Excitatory_neuron"
"STXBP1","STXBP1-202",0.998096306930967,NA,"Excitatory_neuron"
"STXBP5","STXBP5-208",0.853849087953371,NA,"Excitatory_neuron"
"STXBP5","STXBP5-206",0.853849087953371,NA,"Excitatory_neuron"
"STXBP5-AS1","STXBP5-AS1-249",0.998096306930967,NA,"Excitatory_neuron"
"STXBP5-AS1","STXBP5-AS1-212",0.998096306930967,NA,"Excitatory_neuron"
"STXBP5-AS1","STXBP5-AS1-201",0.998096306930967,NA,"Excitatory_neuron"
"STXBP5L","STXBP5L-204",0.998096306930967,NA,"Excitatory_neuron"
"STXBP5L","STXBP5L-201",0.998096306930967,NA,"Excitatory_neuron"
"STXBP5L","STXBP5L-202",0.998096306930967,NA,"Excitatory_neuron"
"SUGP2","SUGP2-206",0.998096306930967,NA,"Excitatory_neuron"
"SUGP2","SUGP2-215",0.998096306930967,NA,"Excitatory_neuron"
"SUGP2","SUGP2-202",0.998096306930967,NA,"Excitatory_neuron"
"SUGP2","SUGP2-213",0.998096306930967,NA,"Excitatory_neuron"
"SUGP2","SUGP2-203",0.998096306930967,NA,"Excitatory_neuron"
"SUGP2","SUGP2-214",0.998096306930967,NA,"Excitatory_neuron"
"SUGP2","SUGP2-211",0.998096306930967,NA,"Excitatory_neuron"
"SUGT1","SUGT1-201",0.998096306930967,NA,"Excitatory_neuron"
"SUGT1","SUGT1-202",0.998096306930967,NA,"Excitatory_neuron"
"SUGT1","SUGT1-204",0.998096306930967,NA,"Excitatory_neuron"
"SULT4A1","SULT4A1-201",0.998096306930967,NA,"Excitatory_neuron"
"SULT4A1","transcript56224.chr22.nnic",0.998096306930967,NA,"Excitatory_neuron"
"SUN1","SUN1-203",0.998096306930967,NA,"Excitatory_neuron"
"SUN1","SUN1-206",0.998096306930967,NA,"Excitatory_neuron"
"SUPT16H","SUPT16H-201",0.998096306930967,NA,"Excitatory_neuron"
"SUPT16H","SUPT16H-207",0.998096306930967,NA,"Excitatory_neuron"
"SUPT20H","transcript26693.chr13.nic",0.998096306930967,NA,"Excitatory_neuron"
"SUPT20H","SUPT20H-201",0.998096306930967,NA,"Excitatory_neuron"
"SUPT20H","SUPT20H-220",0.998096306930967,NA,"Excitatory_neuron"
"SUPT6H","transcript41476.chr17.nic",0.998096306930967,NA,"Excitatory_neuron"
"SUPT6H","SUPT6H-201",0.998096306930967,NA,"Excitatory_neuron"
"SUPT6H","transcript41441.chr17.nic",0.998096306930967,NA,"Excitatory_neuron"
"SUPT7L","SUPT7L-204",0.998096306930967,NA,"Excitatory_neuron"
"SUPT7L","SUPT7L-201",0.998096306930967,NA,"Excitatory_neuron"
"SUPT7L","SUPT7L-203",0.998096306930967,NA,"Excitatory_neuron"
"SUPV3L1","SUPV3L1-203",0.998096306930967,NA,"Excitatory_neuron"
"SUPV3L1","SUPV3L1-201",0.998096306930967,NA,"Excitatory_neuron"
"SURF4","SURF4-202",0.998096306930967,NA,"Excitatory_neuron"
"SURF4","SURF4-207",0.998096306930967,NA,"Excitatory_neuron"
"SV2B","SV2B-206",0.998096306930967,NA,"Excitatory_neuron"
"SV2B","SV2B-202",0.998096306930967,NA,"Excitatory_neuron"
"SVEP1","SVEP1-202",0.998096306930967,NA,"Excitatory_neuron"
"SVEP1","SVEP1-201",0.998096306930967,NA,"Excitatory_neuron"
"SVIL-AS1","SVIL-AS1-213",0.998096306930967,NA,"Excitatory_neuron"
"SVIL-AS1","SVIL-AS1-205",0.998096306930967,NA,"Excitatory_neuron"
"SYBU","SYBU-207",0.998096306930967,NA,"Excitatory_neuron"
"SYBU","SYBU-222",0.998096306930967,NA,"Excitatory_neuron"
"SYBU","SYBU-205",0.998096306930967,NA,"Excitatory_neuron"
"SYBU","SYBU-209",0.998096306930967,NA,"Excitatory_neuron"
"SYBU","SYBU-217",0.998096306930967,NA,"Excitatory_neuron"
"SYBU","SYBU-204",0.998096306930967,NA,"Excitatory_neuron"
"SYBU","SYBU-235",0.998096306930967,NA,"Excitatory_neuron"
"SYBU","SYBU-231",0.998096306930967,NA,"Excitatory_neuron"
"SYBU","SYBU-201",0.998096306930967,NA,"Excitatory_neuron"
"SYN1","SYN1-202",0.998096306930967,NA,"Excitatory_neuron"
"SYN1","SYN1-201",0.998096306930967,NA,"Excitatory_neuron"
"SYN2","SYN2-206",0.910790034440891,NA,"Excitatory_neuron"
"SYN2","SYN2-205",0.910790034440891,NA,"Excitatory_neuron"
"SYN2","transcript19558.chr3.nnic",0.910790034440891,NA,"Excitatory_neuron"
"SYNDIG1","SYNDIG1-201",0.998096306930967,NA,"Excitatory_neuron"
"SYNDIG1","transcript29883.chr20.nnic",0.998096306930967,NA,"Excitatory_neuron"
"SYNDIG1","transcript29784.chr20.nnic",0.998096306930967,NA,"Excitatory_neuron"
"SYNE1","SYNE1-226",0.998096306930967,NA,"Excitatory_neuron"
"SYNE1","SYNE1-211",0.998096306930967,NA,"Excitatory_neuron"
"SYNE1","SYNE1-208",0.998096306930967,NA,"Excitatory_neuron"
"SYNE1","SYNE1-203",0.998096306930967,NA,"Excitatory_neuron"
"SYNE1","SYNE1-206",0.998096306930967,NA,"Excitatory_neuron"
"SYNGR1","SYNGR1-207",0.998096306930967,NA,"Excitatory_neuron"
"SYNGR1","SYNGR1-203",0.998096306930967,NA,"Excitatory_neuron"
"SYNPO2","SYNPO2-201",0.998096306930967,NA,"Excitatory_neuron"
"SYNPO2","SYNPO2-202",0.998096306930967,NA,"Excitatory_neuron"
"SYNPR","SYNPR-209",0.998096306930967,NA,"Excitatory_neuron"
"SYNPR","SYNPR-201",0.998096306930967,NA,"Excitatory_neuron"
"SYNRG","SYNRG-217",0.998096306930967,NA,"Excitatory_neuron"
"SYNRG","SYNRG-223",0.998096306930967,NA,"Excitatory_neuron"
"SYNRG","SYNRG-229",0.998096306930967,NA,"Excitatory_neuron"
"SYP","SYP-208",0.998096306930967,NA,"Excitatory_neuron"
"SYP","SYP-207",0.998096306930967,NA,"Excitatory_neuron"
"SYT1","SYT1-201",0.998096306930967,NA,"Excitatory_neuron"
"SYT1","SYT1-202",0.998096306930967,NA,"Excitatory_neuron"
"SYT1","SYT1-221",0.998096306930967,NA,"Excitatory_neuron"
"SYT1","SYT1-212",0.998096306930967,NA,"Excitatory_neuron"
"SYT1","SYT1-214",0.998096306930967,NA,"Excitatory_neuron"
"SYT1","SYT1-217",0.998096306930967,NA,"Excitatory_neuron"
"SYT14","SYT14-208",0.998096306930967,NA,"Excitatory_neuron"
"SYT14","SYT14-202",0.998096306930967,NA,"Excitatory_neuron"
"SYT17","SYT17-201",0.948006859166649,NA,"Excitatory_neuron"
"SYT17","SYT17-204",0.948006859166649,NA,"Excitatory_neuron"
"SYT3","SYT3-202",0.998096306930967,NA,"Excitatory_neuron"
"SYT3","SYT3-206",0.998096306930967,NA,"Excitatory_neuron"
"SYTL2","SYTL2-202",0.999634496113808,NA,"Excitatory_neuron"
"SYTL2","SYTL2-205",0.999634496113808,NA,"Excitatory_neuron"
"SYTL2","SYTL2-212",0.999634496113808,NA,"Excitatory_neuron"
"TACC1","TACC1-205",0.998096306930967,NA,"Excitatory_neuron"
"TACC1","TACC1-217",0.998096306930967,NA,"Excitatory_neuron"
"TACC1","TACC1-202",0.998096306930967,NA,"Excitatory_neuron"
"TACC1","TACC1-223",0.998096306930967,NA,"Excitatory_neuron"
"TACC2","TACC2-213",0.998096306930967,NA,"Excitatory_neuron"
"TACC2","TACC2-204",0.998096306930967,NA,"Excitatory_neuron"
"TAF1","TAF1-203",0.948006859166649,NA,"Excitatory_neuron"
"TAF1","TAF1-221",0.948006859166649,NA,"Excitatory_neuron"
"TAF11","TAF11-204",0.998096306930967,NA,"Excitatory_neuron"
"TAF11","TAF11-201",0.998096306930967,NA,"Excitatory_neuron"
"TAF15","TAF15-208",0.998096306930967,NA,"Excitatory_neuron"
"TAF15","TAF15-210",0.998096306930967,NA,"Excitatory_neuron"
"TAF15","TAF15-212",0.998096306930967,NA,"Excitatory_neuron"
"TAF15","TAF15-214",0.998096306930967,NA,"Excitatory_neuron"
"TAF2","TAF2-238",0.872614192007501,NA,"Excitatory_neuron"
"TAF2","TAF2-223",0.872614192007501,NA,"Excitatory_neuron"
"TAF2","TAF2-201",0.872614192007501,NA,"Excitatory_neuron"
"TAF3","TAF3-206",0.998096306930967,NA,"Excitatory_neuron"
"TAF3","TAF3-202",0.998096306930967,NA,"Excitatory_neuron"
"TAF3","TAF3-205",0.998096306930967,NA,"Excitatory_neuron"
"TAF6","TAF6-211",0.998096306930967,NA,"Excitatory_neuron"
"TAF6","TAF6-249",0.998096306930967,NA,"Excitatory_neuron"
"TAF6","TAF6-268",0.998096306930967,NA,"Excitatory_neuron"
"TAF6","TAF6-201",0.998096306930967,NA,"Excitatory_neuron"
"TAF9","TAF9-201",0.998096306930967,NA,"Excitatory_neuron"
"TAF9","TAF9-209",0.998096306930967,NA,"Excitatory_neuron"
"TAFA5","TAFA5-203",0.998096306930967,NA,"Excitatory_neuron"
"TAFA5","transcript64281.chr22.nic",0.998096306930967,NA,"Excitatory_neuron"
"TAGLN3","TAGLN3-202",0.998096306930967,NA,"Excitatory_neuron"
"TAGLN3","TAGLN3-205",0.998096306930967,NA,"Excitatory_neuron"
"TALDO1","TALDO1-203",0.998096306930967,NA,"Excitatory_neuron"
"TALDO1","TALDO1-201",0.998096306930967,NA,"Excitatory_neuron"
"TANC2","TANC2-202",0.998096306930967,NA,"Excitatory_neuron"
"TANC2","TANC2-209",0.998096306930967,NA,"Excitatory_neuron"
"TANC2","TANC2-211",0.998096306930967,NA,"Excitatory_neuron"
"TANC2","TANC2-210",0.998096306930967,NA,"Excitatory_neuron"
"TANC2","TANC2-207",0.998096306930967,NA,"Excitatory_neuron"
"TAOK3","TAOK3-209",0.998096306930967,NA,"Excitatory_neuron"
"TAOK3","TAOK3-201",0.998096306930967,NA,"Excitatory_neuron"
"TAOK3","TAOK3-206",0.998096306930967,NA,"Excitatory_neuron"
"TAPBP","TAPBP-249",0.998096306930967,NA,"Excitatory_neuron"
"TAPBP","TAPBP-234",0.998096306930967,NA,"Excitatory_neuron"
"TARBP1","TARBP1-201",0.998096306930967,NA,"Excitatory_neuron"
"TARBP1","TARBP1-207",0.998096306930967,NA,"Excitatory_neuron"
"TARS2","TARS2-213",0.948006859166649,NA,"Excitatory_neuron"
"TARS2","TARS2-204",0.948006859166649,NA,"Excitatory_neuron"
"TASOR","TASOR-211",0.998096306930967,NA,"Excitatory_neuron"
"TASOR","TASOR-202",0.998096306930967,NA,"Excitatory_neuron"
"TASOR","TASOR-209",0.998096306930967,NA,"Excitatory_neuron"
"TATDN3","TATDN3-202",0.998096306930967,NA,"Excitatory_neuron"
"TATDN3","TATDN3-201",0.998096306930967,NA,"Excitatory_neuron"
"TAX1BP1","TAX1BP1-213",0.998096306930967,NA,"Excitatory_neuron"
"TAX1BP1","TAX1BP1-201",0.998096306930967,NA,"Excitatory_neuron"
"TAX1BP1","TAX1BP1-202",0.998096306930967,NA,"Excitatory_neuron"
"TBC1D14","TBC1D14-208",0.998096306930967,NA,"Excitatory_neuron"
"TBC1D14","TBC1D14-207",0.998096306930967,NA,"Excitatory_neuron"
"TBC1D14","transcript17802.chr4.nic",0.998096306930967,NA,"Excitatory_neuron"
"TBC1D14","TBC1D14-201",0.998096306930967,NA,"Excitatory_neuron"
"TBC1D30","TBC1D30-208",0.998096306930967,NA,"Excitatory_neuron"
"TBC1D30","TBC1D30-204",0.998096306930967,NA,"Excitatory_neuron"
"TBC1D9B","TBC1D9B-201",0.998096306930967,NA,"Excitatory_neuron"
"TBC1D9B","TBC1D9B-202",0.998096306930967,NA,"Excitatory_neuron"
"TBC1D9B","TBC1D9B-210",0.998096306930967,NA,"Excitatory_neuron"
"TBC1D9B","TBC1D9B-204",0.998096306930967,NA,"Excitatory_neuron"
"TBC1D9B","TBC1D9B-211",0.998096306930967,NA,"Excitatory_neuron"
"TBK1","TBK1-246",0.998096306930967,NA,"Excitatory_neuron"
"TBK1","TBK1-248",0.998096306930967,NA,"Excitatory_neuron"
"TBK1","TBK1-270",0.998096306930967,NA,"Excitatory_neuron"
"TBK1","TBK1-201",0.998096306930967,NA,"Excitatory_neuron"
"TBL2","transcript97347.chr7.nic",0.998096306930967,NA,"Excitatory_neuron"
"TBL2","TBL2-201",0.998096306930967,NA,"Excitatory_neuron"
"TBL2","TBL2-209",0.998096306930967,NA,"Excitatory_neuron"
"TBR1","TBR1-201",0.998096306930967,NA,"Excitatory_neuron"
"TBR1","TBR1-204",0.998096306930967,NA,"Excitatory_neuron"
"TBRG4","TBRG4-202",0.948006859166649,NA,"Excitatory_neuron"
"TBRG4","TBRG4-201",0.948006859166649,NA,"Excitatory_neuron"
"TCAF1","TCAF1-205",0.998096306930967,NA,"Excitatory_neuron"
"TCAF1","TCAF1-201",0.998096306930967,NA,"Excitatory_neuron"
"TCEA1","TCEA1-208",0.948006859166649,NA,"Excitatory_neuron"
"TCEA1","TCEA1-201",0.948006859166649,NA,"Excitatory_neuron"
"TCEAL4","TCEAL4-209",0.998096306930967,NA,"Excitatory_neuron"
"TCEAL4","TCEAL4-208",0.998096306930967,NA,"Excitatory_neuron"
"TCERG1","TCERG1-201",0.998096306930967,NA,"Excitatory_neuron"
"TCERG1","TCERG1-206",0.998096306930967,NA,"Excitatory_neuron"
"TCERG1","TCERG1-202",0.998096306930967,NA,"Excitatory_neuron"
"TCERG1","TCERG1-218",0.998096306930967,NA,"Excitatory_neuron"
"TCERG1","TCERG1-207",0.998096306930967,NA,"Excitatory_neuron"
"TCF12","TCF12-201",0.998096306930967,NA,"Excitatory_neuron"
"TCF12","TCF12-202",0.998096306930967,NA,"Excitatory_neuron"
"TCF25","TCF25-220",0.998096306930967,NA,"Excitatory_neuron"
"TCF25","TCF25-201",0.998096306930967,NA,"Excitatory_neuron"
"TCF25","TCF25-202",0.998096306930967,NA,"Excitatory_neuron"
"TCF4","TCF4-240",0.998096306930967,NA,"Excitatory_neuron"
"TCF4","transcript56649.chr18.nnic",0.998096306930967,NA,"Excitatory_neuron"
"TCF4","TCF4-289",0.998096306930967,NA,"Excitatory_neuron"
"TCF4","TCF4-209",0.998096306930967,NA,"Excitatory_neuron"
"TCF4","TCF4-204",0.998096306930967,NA,"Excitatory_neuron"
"TCF4","TCF4-246",0.998096306930967,NA,"Excitatory_neuron"
"TCF4","TCF4-283",0.998096306930967,NA,"Excitatory_neuron"
"TCF4","TCF4-218",0.998096306930967,NA,"Excitatory_neuron"
"TCF4","TCF4-202",0.998096306930967,NA,"Excitatory_neuron"
"TCTA","transcript79325.chr3.nic",0.998096306930967,NA,"Excitatory_neuron"
"TCTA","TCTA-201",0.998096306930967,NA,"Excitatory_neuron"
"TDRD3","TDRD3-201",0.998096306930967,NA,"Excitatory_neuron"
"TDRD3","transcript49991.chr13.nic",0.998096306930967,NA,"Excitatory_neuron"
"TECR","TECR-201",0.998096306930967,NA,"Excitatory_neuron"
"TECR","TECR-218",0.998096306930967,NA,"Excitatory_neuron"
"TENM2","TENM2-209",0.998096306930967,NA,"Excitatory_neuron"
"TENM2","TENM2-211",0.998096306930967,NA,"Excitatory_neuron"
"TENM2","TENM2-212",0.998096306930967,NA,"Excitatory_neuron"
"TENM3","TENM3-201",0.998096306930967,NA,"Excitatory_neuron"
"TENM3","TENM3-204",0.998096306930967,NA,"Excitatory_neuron"
"TERF1","TERF1-202",0.998096306930967,NA,"Excitatory_neuron"
"TERF1","TERF1-204",0.998096306930967,NA,"Excitatory_neuron"
"TERF1","TERF1-206",0.998096306930967,NA,"Excitatory_neuron"
"TERF1","TERF1-211",0.998096306930967,NA,"Excitatory_neuron"
"TET2","TET2-201",0.998096306930967,NA,"Excitatory_neuron"
"TET2","TET2-204",0.998096306930967,NA,"Excitatory_neuron"
"TFG","TFG-210",0.998096306930967,NA,"Excitatory_neuron"
"TFG","TFG-201",0.998096306930967,NA,"Excitatory_neuron"
"TFG","TFG-229",0.998096306930967,NA,"Excitatory_neuron"
"TFG","TFG-215",0.998096306930967,NA,"Excitatory_neuron"
"TGOLN2","TGOLN2-202",0.998096306930967,NA,"Excitatory_neuron"
"TGOLN2","TGOLN2-205",0.998096306930967,NA,"Excitatory_neuron"
"TGOLN2","TGOLN2-201",0.998096306930967,NA,"Excitatory_neuron"
"THAP7","THAP7-204",0.998096306930967,NA,"Excitatory_neuron"
"THAP7","THAP7-208",0.998096306930967,NA,"Excitatory_neuron"
"THOC2","THOC2-201",0.998096306930967,NA,"Excitatory_neuron"
"THOC2","THOC2-202",0.998096306930967,NA,"Excitatory_neuron"
"THOP1","THOP1-201",0.999627699403055,NA,"Excitatory_neuron"
"THOP1","THOP1-209",0.999627699403055,NA,"Excitatory_neuron"
"THRA","THRA-203",0.998096306930967,NA,"Excitatory_neuron"
"THRA","THRA-201",0.998096306930967,NA,"Excitatory_neuron"
"THRB","THRB-203",0.998096306930967,NA,"Excitatory_neuron"
"THRB","THRB-219",0.998096306930967,NA,"Excitatory_neuron"
"THRB","transcript43436.chr3.nic",0.998096306930967,NA,"Excitatory_neuron"
"THUMPD1","THUMPD1-201",0.998096306930967,NA,"Excitatory_neuron"
"THUMPD1","THUMPD1-202",0.998096306930967,NA,"Excitatory_neuron"
"THUMPD3","THUMPD3-201",0.998096306930967,NA,"Excitatory_neuron"
"THUMPD3","transcript11901.chr3.nic",0.998096306930967,NA,"Excitatory_neuron"
"THUMPD3","THUMPD3-206",0.998096306930967,NA,"Excitatory_neuron"
"THY1","THY1-210",0.998096306930967,NA,"Excitatory_neuron"
"THY1","THY1-201",0.998096306930967,NA,"Excitatory_neuron"
"TIAM1","TIAM1-207",0.997033588765373,NA,"Excitatory_neuron"
"TIAM1","TIAM1-201",0.997033588765373,NA,"Excitatory_neuron"
"TINF2","TINF2-221",0.998096306930967,NA,"Excitatory_neuron"
"TINF2","TINF2-223",0.998096306930967,NA,"Excitatory_neuron"
"TINF2","TINF2-202",0.998096306930967,NA,"Excitatory_neuron"
"TINF2","TINF2-222",0.998096306930967,NA,"Excitatory_neuron"
"TKT","TKT-201",0.948006859166649,NA,"Excitatory_neuron"
"TKT","TKT-207",0.948006859166649,NA,"Excitatory_neuron"
"TLCD5","TLCD5-205",0.998096306930967,NA,"Excitatory_neuron"
"TLCD5","TLCD5-202",0.998096306930967,NA,"Excitatory_neuron"
"TLE2","transcript7667.chr19.nnic",0.54372898785046,NA,"Excitatory_neuron"
"TLE2","transcript7666.chr19.nic",0.54372898785046,NA,"Excitatory_neuron"
"TLK1","TLK1-201",0.998096306930967,NA,"Excitatory_neuron"
"TLK1","TLK1-205",0.998096306930967,NA,"Excitatory_neuron"
"TLK1","TLK1-203",0.998096306930967,NA,"Excitatory_neuron"
"TLN2","TLN2-209",0.998096306930967,NA,"Excitatory_neuron"
"TLN2","transcript85129.chr15.nic",0.998096306930967,NA,"Excitatory_neuron"
"TLN2","TLN2-205",0.998096306930967,NA,"Excitatory_neuron"
"TM2D3","TM2D3-202",0.998096306930967,NA,"Excitatory_neuron"
"TM2D3","TM2D3-201",0.998096306930967,NA,"Excitatory_neuron"
"TM7SF3","transcript42535.chr12.nic",0.998096306930967,NA,"Excitatory_neuron"
"TM7SF3","TM7SF3-201",0.998096306930967,NA,"Excitatory_neuron"
"TM9SF2","TM9SF2-207",0.998096306930967,NA,"Excitatory_neuron"
"TM9SF2","TM9SF2-201",0.998096306930967,NA,"Excitatory_neuron"
"TMBIM6","TMBIM6-201",0.998096306930967,NA,"Excitatory_neuron"
"TMBIM6","TMBIM6-217",0.998096306930967,NA,"Excitatory_neuron"
"TMCC1","TMCC1-203",0.998096306930967,NA,"Excitatory_neuron"
"TMCC1","TMCC1-201",0.998096306930967,NA,"Excitatory_neuron"
"TMCO1","TMCO1-207",0.998096306930967,NA,"Excitatory_neuron"
"TMCO1","TMCO1-201",0.998096306930967,NA,"Excitatory_neuron"
"TMED4","TMED4-204",0.998096306930967,NA,"Excitatory_neuron"
"TMED4","TMED4-203",0.998096306930967,NA,"Excitatory_neuron"
"TMEFF2","TMEFF2-203",0.998096306930967,NA,"Excitatory_neuron"
"TMEFF2","TMEFF2-202",0.998096306930967,NA,"Excitatory_neuron"
"TMEFF2","TMEFF2-201",0.998096306930967,NA,"Excitatory_neuron"
"TMEM106B","TMEM106B-205",0.998096306930967,NA,"Excitatory_neuron"
"TMEM106B","TMEM106B-202",0.998096306930967,NA,"Excitatory_neuron"
"TMEM130","TMEM130-201",0.998096306930967,NA,"Excitatory_neuron"
"TMEM130","TMEM130-203",0.998096306930967,NA,"Excitatory_neuron"
"TMEM130","TMEM130-202",0.998096306930967,NA,"Excitatory_neuron"
"TMEM132A","TMEM132A-201",0.998096306930967,NA,"Excitatory_neuron"
"TMEM132A","TMEM132A-202",0.998096306930967,NA,"Excitatory_neuron"
"TMEM132B","TMEM132B-206",0.998096306930967,NA,"Excitatory_neuron"
"TMEM132B","TMEM132B-202",0.998096306930967,NA,"Excitatory_neuron"
"TMEM161A","TMEM161A-205",0.998096306930967,NA,"Excitatory_neuron"
"TMEM161A","TMEM161A-201",0.998096306930967,NA,"Excitatory_neuron"
"TMEM161B-DT","TMEM161B-DT-257",0.998096306930967,NA,"Excitatory_neuron"
"TMEM161B-DT","TMEM161B-DT-239",0.998096306930967,NA,"Excitatory_neuron"
"TMEM161B-DT","TMEM161B-DT-234",0.998096306930967,NA,"Excitatory_neuron"
"TMEM161B-DT","TMEM161B-DT-228",0.998096306930967,NA,"Excitatory_neuron"
"TMEM161B-DT","TMEM161B-DT-218",0.998096306930967,NA,"Excitatory_neuron"
"TMEM161B-DT","TMEM161B-DT-221",0.998096306930967,NA,"Excitatory_neuron"
"TMEM175","TMEM175-201",0.998096306930967,NA,"Excitatory_neuron"
"TMEM175","TMEM175-203",0.998096306930967,NA,"Excitatory_neuron"
"TMEM175","TMEM175-202",0.998096306930967,NA,"Excitatory_neuron"
"TMEM179","TMEM179-204",0.997033588765373,NA,"Excitatory_neuron"
"TMEM179","TMEM179-206",0.997033588765373,NA,"Excitatory_neuron"
"TMEM196","TMEM196-201",0.998096306930967,NA,"Excitatory_neuron"
"TMEM196","TMEM196-202",0.998096306930967,NA,"Excitatory_neuron"
"TMEM205","TMEM205-209",0.998096306930967,NA,"Excitatory_neuron"
"TMEM205","TMEM205-201",0.998096306930967,NA,"Excitatory_neuron"
"TMEM231","TMEM231-203",0.998096306930967,NA,"Excitatory_neuron"
"TMEM231","TMEM231-201",0.998096306930967,NA,"Excitatory_neuron"
"TMEM242","transcript212708.chr6.nnic",0.998096306930967,NA,"Excitatory_neuron"
"TMEM242","TMEM242-202",0.998096306930967,NA,"Excitatory_neuron"
"TMEM25","TMEM25-201",0.998096306930967,NA,"Excitatory_neuron"
"TMEM25","TMEM25-228",0.998096306930967,NA,"Excitatory_neuron"
"TMEM25","TMEM25-204",0.998096306930967,NA,"Excitatory_neuron"
"TMEM50B","TMEM50B-210",0.998096306930967,NA,"Excitatory_neuron"
"TMEM50B","TMEM50B-201",0.998096306930967,NA,"Excitatory_neuron"
"TMEM94","TMEM94-216",0.998096306930967,NA,"Excitatory_neuron"
"TMEM94","TMEM94-201",0.998096306930967,NA,"Excitatory_neuron"
"TMF1","TMF1-207",0.998096306930967,NA,"Excitatory_neuron"
"TMF1","TMF1-201",0.998096306930967,NA,"Excitatory_neuron"
"TMX2","TMX2-207",0.998096306930967,NA,"Excitatory_neuron"
"TMX2","TMX2-201",0.998096306930967,NA,"Excitatory_neuron"
"TNFRSF25","TNFRSF25-219",0.998096306930967,NA,"Excitatory_neuron"
"TNFRSF25","TNFRSF25-211",0.998096306930967,NA,"Excitatory_neuron"
"TNKS","TNKS-201",0.998096306930967,NA,"Excitatory_neuron"
"TNKS","TNKS-212",0.998096306930967,NA,"Excitatory_neuron"
"TNPO1","TNPO1-204",0.976827972174624,NA,"Excitatory_neuron"
"TNPO1","TNPO1-201",0.976827972174624,NA,"Excitatory_neuron"
"TNPO1","TNPO1-215",0.976827972174624,NA,"Excitatory_neuron"
"TNPO1","TNPO1-216",0.976827972174624,NA,"Excitatory_neuron"
"TNPO3","TNPO3-201",0.998096306930967,NA,"Excitatory_neuron"
"TNPO3","TNPO3-204",0.998096306930967,NA,"Excitatory_neuron"
"TNRC6A","TNRC6A-204",0.998096306930967,NA,"Excitatory_neuron"
"TNRC6A","TNRC6A-202",0.998096306930967,NA,"Excitatory_neuron"
"TNRC6B","TNRC6B-205",0.998096306930967,NA,"Excitatory_neuron"
"TNRC6B","TNRC6B-202",0.998096306930967,NA,"Excitatory_neuron"
"TNRC6B","TNRC6B-206",0.998096306930967,NA,"Excitatory_neuron"
"TNRC6C","TNRC6C-210",0.998096306930967,NA,"Excitatory_neuron"
"TNRC6C","TNRC6C-211",0.998096306930967,NA,"Excitatory_neuron"
"TOGARAM1","TOGARAM1-204",0.998096306930967,NA,"Excitatory_neuron"
"TOGARAM1","TOGARAM1-206",0.998096306930967,NA,"Excitatory_neuron"
"TOGARAM1","TOGARAM1-201",0.998096306930967,NA,"Excitatory_neuron"
"TOM1","TOM1-203",0.998096306930967,NA,"Excitatory_neuron"
"TOM1","TOM1-209",0.998096306930967,NA,"Excitatory_neuron"
"TOMM34","transcript58754.chr20.nic",0.872614192007501,NA,"Excitatory_neuron"
"TOMM34","TOMM34-201",0.872614192007501,NA,"Excitatory_neuron"
"TOMM70","transcript160367.chr3.nic",0.998096306930967,NA,"Excitatory_neuron"
"TOMM70","TOMM70-201",0.998096306930967,NA,"Excitatory_neuron"
"TOP2B","TOP2B-212",0.998096306930967,NA,"Excitatory_neuron"
"TOP2B","TOP2B-204",0.998096306930967,NA,"Excitatory_neuron"
"TOP2B","TOP2B-201",0.998096306930967,NA,"Excitatory_neuron"
"TOP2B","TOP2B-205",0.998096306930967,NA,"Excitatory_neuron"
"TOP2B","TOP2B-223",0.998096306930967,NA,"Excitatory_neuron"
"TOP3B","TOP3B-201",0.998096306930967,NA,"Excitatory_neuron"
"TOP3B","TOP3B-210",0.998096306930967,NA,"Excitatory_neuron"
"TOR1AIP1","TOR1AIP1-212",0.998096306930967,NA,"Excitatory_neuron"
"TOR1AIP1","TOR1AIP1-208",0.998096306930967,NA,"Excitatory_neuron"
"TP53BP1","TP53BP1-203",0.998096306930967,NA,"Excitatory_neuron"
"TP53BP1","TP53BP1-201",0.998096306930967,NA,"Excitatory_neuron"
"TPD52","TPD52-201",0.998096306930967,NA,"Excitatory_neuron"
"TPD52","TPD52-209",0.998096306930967,NA,"Excitatory_neuron"
"TPD52L2","TPD52L2-206",0.998096306930967,NA,"Excitatory_neuron"
"TPD52L2","TPD52L2-208",0.998096306930967,NA,"Excitatory_neuron"
"TPD52L2","TPD52L2-204",0.998096306930967,NA,"Excitatory_neuron"
"TPM3","TPM3-206",0.998096306930967,NA,"Excitatory_neuron"
"TPM3","TPM3-204",0.998096306930967,NA,"Excitatory_neuron"
"TPP1","TPP1-229",0.998096306930967,NA,"Excitatory_neuron"
"TPP1","TPP1-232",0.998096306930967,NA,"Excitatory_neuron"
"TPP2","TPP2-201",0.998096306930967,NA,"Excitatory_neuron"
"TPP2","TPP2-217",0.998096306930967,NA,"Excitatory_neuron"
"TPP2","TPP2-221",0.998096306930967,NA,"Excitatory_neuron"
"TPP2","TPP2-218",0.998096306930967,NA,"Excitatory_neuron"
"TPP2","TPP2-202",0.998096306930967,NA,"Excitatory_neuron"
"TPR","TPR-201",0.998096306930967,NA,"Excitatory_neuron"
"TPR","TPR-205",0.998096306930967,NA,"Excitatory_neuron"
"TRABD","TRABD-202",0.998096306930967,NA,"Excitatory_neuron"
"TRABD","TRABD-201",0.998096306930967,NA,"Excitatory_neuron"
"TRABD","TRABD-205",0.998096306930967,NA,"Excitatory_neuron"
"TRAF3","TRAF3-209",0.998096306930967,NA,"Excitatory_neuron"
"TRAF3","TRAF3-213",0.998096306930967,NA,"Excitatory_neuron"
"TRAF3IP1","TRAF3IP1-202",0.998096306930967,NA,"Excitatory_neuron"
"TRAF3IP1","TRAF3IP1-201",0.998096306930967,NA,"Excitatory_neuron"
"TRANK1","TRANK1-207",0.998096306930967,NA,"Excitatory_neuron"
"TRANK1","TRANK1-205",0.998096306930967,NA,"Excitatory_neuron"
"TRANK1","TRANK1-204",0.998096306930967,NA,"Excitatory_neuron"
"TRAP1","TRAP1-201",0.998096306930967,NA,"Excitatory_neuron"
"TRAP1","TRAP1-212",0.998096306930967,NA,"Excitatory_neuron"
"TRAPPC13","TRAPPC13-201",0.998096306930967,NA,"Excitatory_neuron"
"TRAPPC13","TRAPPC13-211",0.998096306930967,NA,"Excitatory_neuron"
"TRAPPC13","transcript90372.chr5.nnic",0.998096306930967,NA,"Excitatory_neuron"
"TRAPPC2","TRAPPC2-201",0.998096306930967,NA,"Excitatory_neuron"
"TRAPPC2","TRAPPC2-203",0.998096306930967,NA,"Excitatory_neuron"
"TRAPPC2L","TRAPPC2L-216",0.998096306930967,NA,"Excitatory_neuron"
"TRAPPC2L","TRAPPC2L-201",0.998096306930967,NA,"Excitatory_neuron"
"TRHDE-AS1","TRHDE-AS1-203",0.998096306930967,NA,"Excitatory_neuron"
"TRHDE-AS1","TRHDE-AS1-212",0.998096306930967,NA,"Excitatory_neuron"
"TRHDE-AS1","TRHDE-AS1-218",0.998096306930967,NA,"Excitatory_neuron"
"TRHDE-AS1","TRHDE-AS1-221",0.998096306930967,NA,"Excitatory_neuron"
"TRHDE-AS1","TRHDE-AS1-202",0.998096306930967,NA,"Excitatory_neuron"
"TRHDE-AS1","TRHDE-AS1-217",0.998096306930967,NA,"Excitatory_neuron"
"TRHDE-AS1","TRHDE-AS1-223",0.998096306930967,NA,"Excitatory_neuron"
"TRHDE-AS1","TRHDE-AS1-210",0.998096306930967,NA,"Excitatory_neuron"
"TRHDE-AS1","TRHDE-AS1-214",0.998096306930967,NA,"Excitatory_neuron"
"TRHDE-AS1","TRHDE-AS1-201",0.998096306930967,NA,"Excitatory_neuron"
"TRIM11","TRIM11-202",0.998096306930967,NA,"Excitatory_neuron"
"TRIM11","TRIM11-201",0.998096306930967,NA,"Excitatory_neuron"
"TRIM11","TRIM11-204",0.998096306930967,NA,"Excitatory_neuron"
"TRIM2","TRIM2-284",0.998096306930967,NA,"Excitatory_neuron"
"TRIM2","TRIM2-267",0.998096306930967,NA,"Excitatory_neuron"
"TRIM2","TRIM2-237",0.998096306930967,NA,"Excitatory_neuron"
"TRIM2","TRIM2-224",0.998096306930967,NA,"Excitatory_neuron"
"TRIM2","TRIM2-233",0.998096306930967,NA,"Excitatory_neuron"
"TRIM2","TRIM2-223",0.998096306930967,NA,"Excitatory_neuron"
"TRIM2","TRIM2-265",0.998096306930967,NA,"Excitatory_neuron"
"TRIM2","TRIM2-264",0.998096306930967,NA,"Excitatory_neuron"
"TRIM2","TRIM2-243",0.998096306930967,NA,"Excitatory_neuron"
"TRIM32","TRIM32-203",0.998096306930967,NA,"Excitatory_neuron"
"TRIM32","TRIM32-201",0.998096306930967,NA,"Excitatory_neuron"
"TRIM33","TRIM33-201",0.998096306930967,NA,"Excitatory_neuron"
"TRIM33","TRIM33-202",0.998096306930967,NA,"Excitatory_neuron"
"TRIM36","TRIM36-207",0.998096306930967,NA,"Excitatory_neuron"
"TRIM36","TRIM36-201",0.998096306930967,NA,"Excitatory_neuron"
"TRIM37","TRIM37-203",0.998096306930967,NA,"Excitatory_neuron"
"TRIM37","TRIM37-201",0.998096306930967,NA,"Excitatory_neuron"
"TRIM37","TRIM37-202",0.998096306930967,NA,"Excitatory_neuron"
"TRIM52","TRIM52-209",0.998096306930967,NA,"Excitatory_neuron"
"TRIM52","TRIM52-208",0.998096306930967,NA,"Excitatory_neuron"
"TRIM52","TRIM52-206",0.998096306930967,NA,"Excitatory_neuron"
"TRIM69","TRIM69-207",0.998096306930967,NA,"Excitatory_neuron"
"TRIM69","TRIM69-203",0.998096306930967,NA,"Excitatory_neuron"
"TRIM9","TRIM9-207",0.998096306930967,NA,"Excitatory_neuron"
"TRIM9","TRIM9-201",0.998096306930967,NA,"Excitatory_neuron"
"TRIM9","TRIM9-203",0.998096306930967,NA,"Excitatory_neuron"
"TRIP11","TRIP11-202",0.998096306930967,NA,"Excitatory_neuron"
"TRIP11","TRIP11-201",0.998096306930967,NA,"Excitatory_neuron"
"TRIP12","TRIP12-222",0.998096306930967,NA,"Excitatory_neuron"
"TRIP12","TRIP12-203",0.998096306930967,NA,"Excitatory_neuron"
"TRMT1","TRMT1-217",0.998096306930967,NA,"Excitatory_neuron"
"TRMT1","TRMT1-222",0.998096306930967,NA,"Excitatory_neuron"
"TRMT2A","TRMT2A-210",0.998096306930967,NA,"Excitatory_neuron"
"TRMT2A","TRMT2A-201",0.998096306930967,NA,"Excitatory_neuron"
"TRMT5","transcript57122.chr14.nic",0.998096306930967,NA,"Excitatory_neuron"
"TRMT5","TRMT5-201",0.998096306930967,NA,"Excitatory_neuron"
"TRMT61A","transcript122732.chr14.nic",0.998096306930967,NA,"Excitatory_neuron"
"TRMT61A","TRMT61A-202",0.998096306930967,NA,"Excitatory_neuron"
"TRMT9B","TRMT9B-206",0.998096306930967,NA,"Excitatory_neuron"
"TRMT9B","TRMT9B-208",0.998096306930967,NA,"Excitatory_neuron"
"TRMU","TRMU-215",0.998096306930967,NA,"Excitatory_neuron"
"TRMU","TRMU-213",0.998096306930967,NA,"Excitatory_neuron"
"TRMU","TRMU-223",0.998096306930967,NA,"Excitatory_neuron"
"TRNT1","TRNT1-201",0.998096306930967,NA,"Excitatory_neuron"
"TRNT1","TRNT1-231",0.998096306930967,NA,"Excitatory_neuron"
"TRPC4AP","TRPC4AP-201",0.998096306930967,NA,"Excitatory_neuron"
"TRPC4AP","TRPC4AP-202",0.998096306930967,NA,"Excitatory_neuron"
"TRPM2","TRPM2-202",0.998096306930967,NA,"Excitatory_neuron"
"TRPM2","TRPM2-203",0.998096306930967,NA,"Excitatory_neuron"
"TRPM3","TRPM3-201",0.998096306930967,NA,"Excitatory_neuron"
"TRPM3","TRPM3-207",0.998096306930967,NA,"Excitatory_neuron"
"TRPM7","TRPM7-210",0.998096306930967,NA,"Excitatory_neuron"
"TRPM7","TRPM7-206",0.998096306930967,NA,"Excitatory_neuron"
"TRPM7","TRPM7-204",0.998096306930967,NA,"Excitatory_neuron"
"TSC1","TSC1-202",0.998096306930967,NA,"Excitatory_neuron"
"TSC1","TSC1-201",0.998096306930967,NA,"Excitatory_neuron"
"TSC1","TSC1-235",0.998096306930967,NA,"Excitatory_neuron"
"TSC1","TSC1-246",0.998096306930967,NA,"Excitatory_neuron"
"TSC1","TSC1-239",0.998096306930967,NA,"Excitatory_neuron"
"TSC1","TSC1-226",0.998096306930967,NA,"Excitatory_neuron"
"TSC1","TSC1-243",0.998096306930967,NA,"Excitatory_neuron"
"TSC2","TSC2-251",0.998096306930967,NA,"Excitatory_neuron"
"TSC2","TSC2-260",0.998096306930967,NA,"Excitatory_neuron"
"TSC2","TSC2-225",0.998096306930967,NA,"Excitatory_neuron"
"TSC2","TSC2-245",0.998096306930967,NA,"Excitatory_neuron"
"TSC2","TSC2-207",0.998096306930967,NA,"Excitatory_neuron"
"TSC2","TSC2-241",0.998096306930967,NA,"Excitatory_neuron"
"TSC22D1","TSC22D1-203",0.998096306930967,NA,"Excitatory_neuron"
"TSC22D1","TSC22D1-201",0.998096306930967,NA,"Excitatory_neuron"
"TSC22D2","TSC22D2-207",0.998096306930967,NA,"Excitatory_neuron"
"TSC22D2","TSC22D2-201",0.998096306930967,NA,"Excitatory_neuron"
"TSC22D3","TSC22D3-205",0.998096306930967,NA,"Excitatory_neuron"
"TSC22D3","TSC22D3-206",0.998096306930967,NA,"Excitatory_neuron"
"TSEN2","transcript23790.chr3.nic",0.998096306930967,NA,"Excitatory_neuron"
"TSEN2","TSEN2-201",0.998096306930967,NA,"Excitatory_neuron"
"TSEN2","TSEN2-222",0.998096306930967,NA,"Excitatory_neuron"
"TSEN54","TSEN54-207",0.998096306930967,NA,"Excitatory_neuron"
"TSEN54","TSEN54-212",0.998096306930967,NA,"Excitatory_neuron"
"TSEN54","TSEN54-218",0.998096306930967,NA,"Excitatory_neuron"
"TSEN54","TSEN54-220",0.998096306930967,NA,"Excitatory_neuron"
"TSPAN3","TSPAN3-201",0.998096306930967,NA,"Excitatory_neuron"
"TSPAN3","TSPAN3-209",0.998096306930967,NA,"Excitatory_neuron"
"TSPAN5","TSPAN5-204",0.998096306930967,NA,"Excitatory_neuron"
"TSPAN5","TSPAN5-201",0.998096306930967,NA,"Excitatory_neuron"
"TSPOAP1","TSPOAP1-202",0.964420102935876,NA,"Excitatory_neuron"
"TSPOAP1","transcript99670.chr17.nnic",0.964420102935876,NA,"Excitatory_neuron"
"TSPOAP1","TSPOAP1-208",0.964420102935876,NA,"Excitatory_neuron"
"TSPYL2","TSPYL2-201",0.998096306930967,NA,"Excitatory_neuron"
"TSPYL2","TSPYL2-203",0.998096306930967,NA,"Excitatory_neuron"
"TTC1","TTC1-207",0.998096306930967,NA,"Excitatory_neuron"
"TTC1","TTC1-201",0.998096306930967,NA,"Excitatory_neuron"
"TTC13","TTC13-201",0.998096306930967,NA,"Excitatory_neuron"
"TTC13","TTC13-202",0.998096306930967,NA,"Excitatory_neuron"
"TTC14","TTC14-205",0.998096306930967,NA,"Excitatory_neuron"
"TTC14","TTC14-201",0.998096306930967,NA,"Excitatory_neuron"
"TTC14","TTC14-203",0.998096306930967,NA,"Excitatory_neuron"
"TTC17","TTC17-202",0.998096306930967,NA,"Excitatory_neuron"
"TTC17","TTC17-201",0.998096306930967,NA,"Excitatory_neuron"
"TTC17","TTC17-216",0.998096306930967,NA,"Excitatory_neuron"
"TTC19","TTC19-206",0.998096306930967,NA,"Excitatory_neuron"
"TTC19","TTC19-207",0.998096306930967,NA,"Excitatory_neuron"
"TTC19","TTC19-201",0.998096306930967,NA,"Excitatory_neuron"
"TTC21B","TTC21B-232",0.998096306930967,NA,"Excitatory_neuron"
"TTC21B","TTC21B-227",0.998096306930967,NA,"Excitatory_neuron"
"TTC21B","TTC21B-222",0.998096306930967,NA,"Excitatory_neuron"
"TTC21B","TTC21B-221",0.998096306930967,NA,"Excitatory_neuron"
"TTC21B","TTC21B-211",0.998096306930967,NA,"Excitatory_neuron"
"TTC3","TTC3-206",0.998345851824604,NA,"Excitatory_neuron"
"TTC3","TTC3-222",0.998345851824604,NA,"Excitatory_neuron"
"TTC3","TTC3-203",0.998345851824604,NA,"Excitatory_neuron"
"TTC3","TTC3-225",0.998345851824604,NA,"Excitatory_neuron"
"TTC3","TTC3-214",0.998345851824604,NA,"Excitatory_neuron"
"TTC3","TTC3-226",0.998345851824604,NA,"Excitatory_neuron"
"TTC3","TTC3-204",0.998345851824604,NA,"Excitatory_neuron"
"TTC3","TTC3-201",0.998345851824604,NA,"Excitatory_neuron"
"TTC3","TTC3-213",0.998345851824604,NA,"Excitatory_neuron"
"TTC3","TTC3-211",0.998345851824604,NA,"Excitatory_neuron"
"TTC3","TTC3-215",0.998345851824604,NA,"Excitatory_neuron"
"TTI1","TTI1-202",0.998096306930967,NA,"Excitatory_neuron"
"TTI1","TTI1-201",0.998096306930967,NA,"Excitatory_neuron"
"TTLL12","TTLL12-203",0.998096306930967,NA,"Excitatory_neuron"
"TTLL12","TTLL12-201",0.998096306930967,NA,"Excitatory_neuron"
"TTLL3","TTLL3-202",0.998096306930967,NA,"Excitatory_neuron"
"TTLL3","TTLL3-228",0.998096306930967,NA,"Excitatory_neuron"
"TTLL5","TTLL5-202",0.998096306930967,NA,"Excitatory_neuron"
"TTLL5","TTLL5-221",0.998096306930967,NA,"Excitatory_neuron"
"TTLL7","TTLL7-201",0.998096306930967,NA,"Excitatory_neuron"
"TTLL7","TTLL7-212",0.998096306930967,NA,"Excitatory_neuron"
"TTLL7","TTLL7-204",0.998096306930967,NA,"Excitatory_neuron"
"TTLL7","TTLL7-209",0.998096306930967,NA,"Excitatory_neuron"
"TTYH1","TTYH1-202",0.998096306930967,NA,"Excitatory_neuron"
"TTYH1","TTYH1-201",0.998096306930967,NA,"Excitatory_neuron"
"TTYH1","TTYH1-203",0.998096306930967,NA,"Excitatory_neuron"
"TUBA1B","TUBA1B-202",0.998096306930967,NA,"Excitatory_neuron"
"TUBA1B","TUBA1B-201",0.998096306930967,NA,"Excitatory_neuron"
"TUBA4A","TUBA4A-202",0.998096306930967,NA,"Excitatory_neuron"
"TUBA4A","TUBA4A-201",0.998096306930967,NA,"Excitatory_neuron"
"TUBA8","TUBA8-201",0.998096306930967,NA,"Excitatory_neuron"
"TUBA8","TUBA8-202",0.998096306930967,NA,"Excitatory_neuron"
"TUBB2A","TUBB2A-206",0.953914393305614,NA,"Excitatory_neuron"
"TUBB2A","TUBB2A-205",0.953914393305614,NA,"Excitatory_neuron"
"TUBB2A","TUBB2A-201",0.953914393305614,NA,"Excitatory_neuron"
"TUBB4B","TUBB4B-202",0.998096306930967,NA,"Excitatory_neuron"
"TUBB4B","TUBB4B-201",0.998096306930967,NA,"Excitatory_neuron"
"TUBGCP2","TUBGCP2-223",0.998096306930967,NA,"Excitatory_neuron"
"TUBGCP2","TUBGCP2-207",0.998096306930967,NA,"Excitatory_neuron"
"TUBGCP2","TUBGCP2-201",0.998096306930967,NA,"Excitatory_neuron"
"TUBGCP2","TUBGCP2-230",0.998096306930967,NA,"Excitatory_neuron"
"TUBGCP6","TUBGCP6-207",0.998096306930967,NA,"Excitatory_neuron"
"TUBGCP6","TUBGCP6-201",0.998096306930967,NA,"Excitatory_neuron"
"TUG1","TUG1-210",0.998096306930967,NA,"Excitatory_neuron"
"TUG1","TUG1-217",0.998096306930967,NA,"Excitatory_neuron"
"TUG1","TUG1-220",0.998096306930967,NA,"Excitatory_neuron"
"TUG1","TUG1-203",0.998096306930967,NA,"Excitatory_neuron"
"TUG1","TUG1-216",0.998096306930967,NA,"Excitatory_neuron"
"TULP4","TULP4-202",0.998096306930967,NA,"Excitatory_neuron"
"TULP4","transcript213289.chr6.nnic",0.998096306930967,NA,"Excitatory_neuron"
"TUSC3","TUSC3-201",0.998096306930967,NA,"Excitatory_neuron"
"TUSC3","TUSC3-203",0.998096306930967,NA,"Excitatory_neuron"
"TUT4","TUT4-220",0.998096306930967,NA,"Excitatory_neuron"
"TUT4","TUT4-214",0.998096306930967,NA,"Excitatory_neuron"
"TUT4","TUT4-204",0.998096306930967,NA,"Excitatory_neuron"
"TUT7","TUT7-206",0.998096306930967,NA,"Excitatory_neuron"
"TUT7","TUT7-201",0.998096306930967,NA,"Excitatory_neuron"
"TXNL1","TXNL1-204",0.998096306930967,NA,"Excitatory_neuron"
"TXNL1","TXNL1-201",0.998096306930967,NA,"Excitatory_neuron"
"TXNRD1","TXNRD1-201",0.998096306930967,NA,"Excitatory_neuron"
"TXNRD1","TXNRD1-210",0.998096306930967,NA,"Excitatory_neuron"
"TYRO3","TYRO3-209",0.998096306930967,NA,"Excitatory_neuron"
"TYRO3","transcript48201.chr15.nnic",0.998096306930967,NA,"Excitatory_neuron"
"TYRO3","TYRO3-201",0.998096306930967,NA,"Excitatory_neuron"
"U2AF1","U2AF1-208",0.948006859166649,NA,"Excitatory_neuron"
"U2AF1","U2AF1-209",0.948006859166649,NA,"Excitatory_neuron"
"U2SURP","U2SURP-214",0.998096306930967,NA,"Excitatory_neuron"
"U2SURP","U2SURP-211",0.998096306930967,NA,"Excitatory_neuron"
"U2SURP","U2SURP-201",0.998096306930967,NA,"Excitatory_neuron"
"U2SURP","U2SURP-209",0.998096306930967,NA,"Excitatory_neuron"
"U2SURP","U2SURP-208",0.998096306930967,NA,"Excitatory_neuron"
"UBA1","UBA1-201",0.998096306930967,NA,"Excitatory_neuron"
"UBA1","UBA1-202",0.998096306930967,NA,"Excitatory_neuron"
"UBA3","UBA3-202",0.998096306930967,NA,"Excitatory_neuron"
"UBA3","UBA3-201",0.998096306930967,NA,"Excitatory_neuron"
"UBA6","UBA6-203",0.998096306930967,NA,"Excitatory_neuron"
"UBA6","UBA6-201",0.998096306930967,NA,"Excitatory_neuron"
"UBA6-DT","UBA6-DT-213",0.998096306930967,NA,"Excitatory_neuron"
"UBA6-DT","UBA6-DT-210",0.998096306930967,NA,"Excitatory_neuron"
"UBAC1","transcript224320.chr9.nic",0.998096306930967,NA,"Excitatory_neuron"
"UBAC1","UBAC1-201",0.998096306930967,NA,"Excitatory_neuron"
"UBC","UBC-201",0.998096306930967,NA,"Excitatory_neuron"
"UBC","UBC-205",0.998096306930967,NA,"Excitatory_neuron"
"UBE2D3","UBE2D3-210",0.998096306930967,NA,"Excitatory_neuron"
"UBE2D3","UBE2D3-207",0.998096306930967,NA,"Excitatory_neuron"
"UBE2D3","UBE2D3-209",0.998096306930967,NA,"Excitatory_neuron"
"UBE2D3","UBE2D3-224",0.998096306930967,NA,"Excitatory_neuron"
"UBE2D3","transcript149302.chr4.nic",0.998096306930967,NA,"Excitatory_neuron"
"UBE2G2","UBE2G2-206",0.998096306930967,NA,"Excitatory_neuron"
"UBE2G2","UBE2G2-202",0.998096306930967,NA,"Excitatory_neuron"
"UBE2I","UBE2I-208",0.998096306930967,NA,"Excitatory_neuron"
"UBE2I","UBE2I-212",0.998096306930967,NA,"Excitatory_neuron"
"UBE2I","UBE2I-203",0.998096306930967,NA,"Excitatory_neuron"
"UBE2J2","UBE2J2-201",0.948006859166649,NA,"Excitatory_neuron"
"UBE2J2","UBE2J2-202",0.948006859166649,NA,"Excitatory_neuron"
"UBE2O","UBE2O-201",0.998096306930967,NA,"Excitatory_neuron"
"UBE2O","UBE2O-202",0.998096306930967,NA,"Excitatory_neuron"
"UBE2V1","UBE2V1-205",0.999027948186579,NA,"Excitatory_neuron"
"UBE2V1","UBE2V1-203",0.999027948186579,NA,"Excitatory_neuron"
"UBE2Z","UBE2Z-201",0.998096306930967,NA,"Excitatory_neuron"
"UBE2Z","UBE2Z-207",0.998096306930967,NA,"Excitatory_neuron"
"UBE3A","UBE3A-226",0.998096306930967,NA,"Excitatory_neuron"
"UBE3A","UBE3A-227",0.998096306930967,NA,"Excitatory_neuron"
"UBE3A","UBE3A-229",0.998096306930967,NA,"Excitatory_neuron"
"UBE3A","UBE3A-232",0.998096306930967,NA,"Excitatory_neuron"
"UBE3A","UBE3A-206",0.998096306930967,NA,"Excitatory_neuron"
"UBE3C","UBE3C-201",0.998096306930967,NA,"Excitatory_neuron"
"UBE3C","UBE3C-205",0.998096306930967,NA,"Excitatory_neuron"
"UBE4A","transcript180958.chr11.nic",0.998096306930967,NA,"Excitatory_neuron"
"UBE4A","UBE4A-201",0.998096306930967,NA,"Excitatory_neuron"
"UBQLN1","UBQLN1-201",0.998096306930967,NA,"Excitatory_neuron"
"UBQLN1","UBQLN1-202",0.998096306930967,NA,"Excitatory_neuron"
"UBQLN1","UBQLN1-206",0.998096306930967,NA,"Excitatory_neuron"
"UBR1","UBR1-201",0.998096306930967,NA,"Excitatory_neuron"
"UBR1","UBR1-202",0.998096306930967,NA,"Excitatory_neuron"
"UBR2","UBR2-202",0.998096306930967,NA,"Excitatory_neuron"
"UBR2","UBR2-201",0.998096306930967,NA,"Excitatory_neuron"
"UBR3","UBR3-201",0.998096306930967,NA,"Excitatory_neuron"
"UBR3","UBR3-202",0.998096306930967,NA,"Excitatory_neuron"
"UBR3","UBR3-207",0.998096306930967,NA,"Excitatory_neuron"
"UBR4","transcript38237.chr1.nic",0.998096306930967,NA,"Excitatory_neuron"
"UBR4","UBR4-205",0.998096306930967,NA,"Excitatory_neuron"
"UBR4","UBR4-204",0.998096306930967,NA,"Excitatory_neuron"
"UBR5","UBR5-207",0.998096306930967,NA,"Excitatory_neuron"
"UBR5","UBR5-212",0.998096306930967,NA,"Excitatory_neuron"
"UBR5","transcript149332.chr8.nnic",0.998096306930967,NA,"Excitatory_neuron"
"UBXN1","UBXN1-213",0.998096306930967,NA,"Excitatory_neuron"
"UBXN1","UBXN1-202",0.998096306930967,NA,"Excitatory_neuron"
"UCHL1","UCHL1-202",0.998096306930967,NA,"Excitatory_neuron"
"UCHL1","UCHL1-209",0.998096306930967,NA,"Excitatory_neuron"
"UCHL5","UCHL5-206",0.998096306930967,NA,"Excitatory_neuron"
"UCHL5","UCHL5-205",0.998096306930967,NA,"Excitatory_neuron"
"UGP2","UGP2-202",0.998096306930967,NA,"Excitatory_neuron"
"UGP2","UGP2-211",0.998096306930967,NA,"Excitatory_neuron"
"ULK2","ULK2-202",0.998096306930967,NA,"Excitatory_neuron"
"ULK2","ULK2-203",0.998096306930967,NA,"Excitatory_neuron"
"ULK3","ULK3-202",0.998096306930967,NA,"Excitatory_neuron"
"ULK3","ULK3-222",0.998096306930967,NA,"Excitatory_neuron"
"ULK3","ULK3-201",0.998096306930967,NA,"Excitatory_neuron"
"ULK3","ULK3-220",0.998096306930967,NA,"Excitatory_neuron"
"UNC119","UNC119-202",0.998096306930967,NA,"Excitatory_neuron"
"UNC119","UNC119-201",0.998096306930967,NA,"Excitatory_neuron"
"UNC13A","UNC13A-202",0.486028199631594,NA,"Excitatory_neuron"
"UNC13A","UNC13A-204",0.486028199631594,NA,"Excitatory_neuron"
"UNC79","UNC79-208",0.998096306930967,NA,"Excitatory_neuron"
"UNC79","UNC79-205",0.998096306930967,NA,"Excitatory_neuron"
"UNC79","UNC79-207",0.998096306930967,NA,"Excitatory_neuron"
"UNC79","UNC79-203",0.998096306930967,NA,"Excitatory_neuron"
"UNC79","UNC79-201",0.998096306930967,NA,"Excitatory_neuron"
"UNC79","UNC79-204",0.998096306930967,NA,"Excitatory_neuron"
"UNC80","transcript367890.chr2.nnic",0.998096306930967,NA,"Excitatory_neuron"
"UNC80","UNC80-201",0.998096306930967,NA,"Excitatory_neuron"
"UNC80","UNC80-208",0.998096306930967,NA,"Excitatory_neuron"
"UNC80","UNC80-210",0.998096306930967,NA,"Excitatory_neuron"
"UNC80","UNC80-209",0.998096306930967,NA,"Excitatory_neuron"
"UPF2","UPF2-202",0.998096306930967,NA,"Excitatory_neuron"
"UPF2","UPF2-203",0.998096306930967,NA,"Excitatory_neuron"
"UPP1","UPP1-212",0.998096306930967,NA,"Excitatory_neuron"
"UPP1","transcript63676.chr7.nnic",0.998096306930967,NA,"Excitatory_neuron"
"UQCC1","UQCC1-208",0.998096306930967,NA,"Excitatory_neuron"
"UQCC1","UQCC1-205",0.998096306930967,NA,"Excitatory_neuron"
"URGCP","URGCP-205",0.998096306930967,NA,"Excitatory_neuron"
"URGCP","URGCP-207",0.998096306930967,NA,"Excitatory_neuron"
"URGCP","URGCP-201",0.998096306930967,NA,"Excitatory_neuron"
"URGCP","URGCP-202",0.998096306930967,NA,"Excitatory_neuron"
"USB1","USB1-201",0.998096306930967,NA,"Excitatory_neuron"
"USB1","USB1-212",0.998096306930967,NA,"Excitatory_neuron"
"USP11","USP11-204",0.998096306930967,NA,"Excitatory_neuron"
"USP11","USP11-201",0.998096306930967,NA,"Excitatory_neuron"
"USP11","USP11-206",0.998096306930967,NA,"Excitatory_neuron"
"USP14","USP14-205",0.998096306930967,NA,"Excitatory_neuron"
"USP14","USP14-201",0.998096306930967,NA,"Excitatory_neuron"
"USP15","USP15-201",0.998096306930967,NA,"Excitatory_neuron"
"USP15","USP15-203",0.998096306930967,NA,"Excitatory_neuron"
"USP16","USP16-203",0.998096306930967,NA,"Excitatory_neuron"
"USP16","USP16-201",0.998096306930967,NA,"Excitatory_neuron"
"USP28","USP28-201",0.998096306930967,NA,"Excitatory_neuron"
"USP28","USP28-217",0.998096306930967,NA,"Excitatory_neuron"
"USP33","USP33-204",0.998096306930967,NA,"Excitatory_neuron"
"USP33","USP33-203",0.998096306930967,NA,"Excitatory_neuron"
"USP33","USP33-202",0.998096306930967,NA,"Excitatory_neuron"
"USP34","USP34-202",0.998096306930967,NA,"Excitatory_neuron"
"USP34","USP34-205",0.998096306930967,NA,"Excitatory_neuron"
"USP34","USP34-201",0.998096306930967,NA,"Excitatory_neuron"
"USP38","USP38-202",0.998096306930967,NA,"Excitatory_neuron"
"USP38","USP38-201",0.998096306930967,NA,"Excitatory_neuron"
"USP47","USP47-202",0.998096306930967,NA,"Excitatory_neuron"
"USP47","USP47-207",0.998096306930967,NA,"Excitatory_neuron"
"USP47","transcript17228.chr11.nnic",0.998096306930967,NA,"Excitatory_neuron"
"USP47","USP47-208",0.998096306930967,NA,"Excitatory_neuron"
"USP48","USP48-203",0.998096306930967,NA,"Excitatory_neuron"
"USP48","USP48-201",0.998096306930967,NA,"Excitatory_neuron"
"USP48","USP48-205",0.998096306930967,NA,"Excitatory_neuron"
"USP5","USP5-202",0.998096306930967,NA,"Excitatory_neuron"
"USP5","USP5-201",0.998096306930967,NA,"Excitatory_neuron"
"USP8","USP8-202",0.998096306930967,NA,"Excitatory_neuron"
"USP8","USP8-204",0.998096306930967,NA,"Excitatory_neuron"
"USP8","USP8-201",0.998096306930967,NA,"Excitatory_neuron"
"VAC14","VAC14-212",0.998096306930967,NA,"Excitatory_neuron"
"VAC14","VAC14-201",0.998096306930967,NA,"Excitatory_neuron"
"VAMP1","VAMP1-202",0.998096306930967,NA,"Excitatory_neuron"
"VAMP1","VAMP1-201",0.998096306930967,NA,"Excitatory_neuron"
"VAPA","VAPA-203",0.998096306930967,NA,"Excitatory_neuron"
"VAPA","VAPA-202",0.998096306930967,NA,"Excitatory_neuron"
"VCL","transcript134204.chr10.nnic",0.895545976913367,NA,"Excitatory_neuron"
"VCL","VCL-206",0.895545976913367,NA,"Excitatory_neuron"
"VCL","transcript134062.chr10.nnic",0.895545976913367,NA,"Excitatory_neuron"
"VCP","VCP-219",0.998096306930967,NA,"Excitatory_neuron"
"VCP","VCP-221",0.998096306930967,NA,"Excitatory_neuron"
"VCP","VCP-235",0.998096306930967,NA,"Excitatory_neuron"
"VCP","VCP-205",0.998096306930967,NA,"Excitatory_neuron"
"VCP","VCP-211",0.998096306930967,NA,"Excitatory_neuron"
"VCP","VCP-201",0.998096306930967,NA,"Excitatory_neuron"
"VCP","VCP-203",0.998096306930967,NA,"Excitatory_neuron"
"VCP","VCP-217",0.998096306930967,NA,"Excitatory_neuron"
"VCP","VCP-216",0.998096306930967,NA,"Excitatory_neuron"
"VCP","VCP-207",0.998096306930967,NA,"Excitatory_neuron"
"VCP","VCP-202",0.998096306930967,NA,"Excitatory_neuron"
"VDAC1","VDAC1-201",0.998096306930967,NA,"Excitatory_neuron"
"VDAC1","VDAC1-203",0.998096306930967,NA,"Excitatory_neuron"
"VDAC1","VDAC1-202",0.998096306930967,NA,"Excitatory_neuron"
"VDAC3","VDAC3-201",0.998096306930967,NA,"Excitatory_neuron"
"VDAC3","transcript85367.chr8.nic",0.998096306930967,NA,"Excitatory_neuron"
"VEZT","VEZT-233",0.998096306930967,NA,"Excitatory_neuron"
"VEZT","VEZT-237",0.998096306930967,NA,"Excitatory_neuron"
"VEZT","VEZT-205",0.998096306930967,NA,"Excitatory_neuron"
"VEZT","VEZT-203",0.998096306930967,NA,"Excitatory_neuron"
"VEZT","VEZT-220",0.998096306930967,NA,"Excitatory_neuron"
"VHL","VHL-202",0.998096306930967,NA,"Excitatory_neuron"
"VHL","VHL-201",0.998096306930967,NA,"Excitatory_neuron"
"VIPAS39","VIPAS39-211",0.998096306930967,NA,"Excitatory_neuron"
"VIPAS39","transcript86017.chr14.nic",0.998096306930967,NA,"Excitatory_neuron"
"VIRMA","VIRMA-201",0.998201619472994,NA,"Excitatory_neuron"
"VIRMA","VIRMA-202",0.998201619472994,NA,"Excitatory_neuron"
"VMP1","VMP1-201",0.998096306930967,NA,"Excitatory_neuron"
"VMP1","VMP1-217",0.998096306930967,NA,"Excitatory_neuron"
"VPS13A","VPS13A-202",0.998096306930967,NA,"Excitatory_neuron"
"VPS13A","VPS13A-212",0.998096306930967,NA,"Excitatory_neuron"
"VPS13A","VPS13A-203",0.998096306930967,NA,"Excitatory_neuron"
"VPS13B","VPS13B-206",0.998096306930967,NA,"Excitatory_neuron"
"VPS13B","VPS13B-202",0.998096306930967,NA,"Excitatory_neuron"
"VPS13B","VPS13B-221",0.998096306930967,NA,"Excitatory_neuron"
"VPS13C","VPS13C-211",0.998096306930967,NA,"Excitatory_neuron"
"VPS13C","VPS13C-210",0.998096306930967,NA,"Excitatory_neuron"
"VPS13D","VPS13D-209",0.998096306930967,NA,"Excitatory_neuron"
"VPS13D","VPS13D-201",0.998096306930967,NA,"Excitatory_neuron"
"VPS13D","VPS13D-214",0.998096306930967,NA,"Excitatory_neuron"
"VPS39","VPS39-205",0.998096306930967,NA,"Excitatory_neuron"
"VPS39","VPS39-201",0.998096306930967,NA,"Excitatory_neuron"
"VPS45","VPS45-245",0.998096306930967,NA,"Excitatory_neuron"
"VPS45","VPS45-214",0.998096306930967,NA,"Excitatory_neuron"
"VPS45","VPS45-238",0.998096306930967,NA,"Excitatory_neuron"
"VPS45","VPS45-227",0.998096306930967,NA,"Excitatory_neuron"
"VPS45","VPS45-223",0.998096306930967,NA,"Excitatory_neuron"
"VPS4A","VPS4A-201",0.998096306930967,NA,"Excitatory_neuron"
"VPS4A","VPS4A-204",0.998096306930967,NA,"Excitatory_neuron"
"VPS50","VPS50-202",0.998096306930967,NA,"Excitatory_neuron"
"VPS50","VPS50-205",0.998096306930967,NA,"Excitatory_neuron"
"VPS52","transcript42158.chr6.nic",0.998096306930967,NA,"Excitatory_neuron"
"VPS52","VPS52-212",0.998096306930967,NA,"Excitatory_neuron"
"VPS8","VPS8-204",0.964420102935876,NA,"Excitatory_neuron"
"VPS8","VPS8-201",0.964420102935876,NA,"Excitatory_neuron"
"VSTM2A","VSTM2A-202",0.998096306930967,NA,"Excitatory_neuron"
"VSTM2A","VSTM2A-201",0.998096306930967,NA,"Excitatory_neuron"
"VSTM2A","VSTM2A-204",0.998096306930967,NA,"Excitatory_neuron"
"WAC","WAC-201",0.998096306930967,NA,"Excitatory_neuron"
"WAC","WAC-227",0.998096306930967,NA,"Excitatory_neuron"
"WAC","WAC-205",0.998096306930967,NA,"Excitatory_neuron"
"WAC","WAC-203",0.998096306930967,NA,"Excitatory_neuron"
"WAC-AS1","transcript62355.chr10.nnic",0.998096306930967,NA,"Excitatory_neuron"
"WAC-AS1","WAC-AS1-201",0.998096306930967,NA,"Excitatory_neuron"
"WAPL","transcript156502.chr10.nnic",0.998096306930967,NA,"Excitatory_neuron"
"WAPL","WAPL-201",0.998096306930967,NA,"Excitatory_neuron"
"WARS1","WARS1-202",0.998096306930967,NA,"Excitatory_neuron"
"WARS1","WARS1-204",0.998096306930967,NA,"Excitatory_neuron"
"WARS1","WARS1-203",0.998096306930967,NA,"Excitatory_neuron"
"WASF1","WASF1-206",0.998096306930967,NA,"Excitatory_neuron"
"WASF1","WASF1-202",0.998096306930967,NA,"Excitatory_neuron"
"WASF1","WASF1-205",0.998096306930967,NA,"Excitatory_neuron"
"WASHC2A","WASHC2A-203",0.998096306930967,NA,"Excitatory_neuron"
"WASHC2A","WASHC2A-209",0.998096306930967,NA,"Excitatory_neuron"
"WASHC2C","WASHC2C-203",0.998096306930967,NA,"Excitatory_neuron"
"WASHC2C","WASHC2C-209",0.998096306930967,NA,"Excitatory_neuron"
"WASHC4","WASHC4-202",0.998096306930967,NA,"Excitatory_neuron"
"WASHC4","WASHC4-208",0.998096306930967,NA,"Excitatory_neuron"
"WDFY3","WDFY3-212",0.998345851824604,NA,"Excitatory_neuron"
"WDFY3","WDFY3-201",0.998345851824604,NA,"Excitatory_neuron"
"WDFY3","WDFY3-203",0.998345851824604,NA,"Excitatory_neuron"
"WDR11","transcript206384.chr10.nic",0.998096306930967,NA,"Excitatory_neuron"
"WDR11","WDR11-201",0.998096306930967,NA,"Excitatory_neuron"
"WDR11","WDR11-205",0.998096306930967,NA,"Excitatory_neuron"
"WDR11","transcript206367.chr10.nnic",0.998096306930967,NA,"Excitatory_neuron"
"WDR11","WDR11-210",0.998096306930967,NA,"Excitatory_neuron"
"WDR13","WDR13-201",0.998096306930967,NA,"Excitatory_neuron"
"WDR13","WDR13-202",0.998096306930967,NA,"Excitatory_neuron"
"WDR19","WDR19-201",0.998096306930967,NA,"Excitatory_neuron"
"WDR19","WDR19-208",0.998096306930967,NA,"Excitatory_neuron"
"WDR33","WDR33-204",0.998096306930967,NA,"Excitatory_neuron"
"WDR33","WDR33-201",0.998096306930967,NA,"Excitatory_neuron"
"WDR45","WDR45-206",0.998096306930967,NA,"Excitatory_neuron"
"WDR45","WDR45-214",0.998096306930967,NA,"Excitatory_neuron"
"WDR47","WDR47-203",0.998096306930967,NA,"Excitatory_neuron"
"WDR47","WDR47-202",0.998096306930967,NA,"Excitatory_neuron"
"WDR7","WDR7-201",0.998096306930967,NA,"Excitatory_neuron"
"WDR7","WDR7-202",0.998096306930967,NA,"Excitatory_neuron"
"WDR91","WDR91-208",0.998096306930967,NA,"Excitatory_neuron"
"WDR91","WDR91-201",0.998096306930967,NA,"Excitatory_neuron"
"WFS1","WFS1-202",0.998096306930967,NA,"Excitatory_neuron"
"WFS1","WFS1-201",0.998096306930967,NA,"Excitatory_neuron"
"WIPI2","WIPI2-201",0.998096306930967,NA,"Excitatory_neuron"
"WIPI2","WIPI2-202",0.998096306930967,NA,"Excitatory_neuron"
"WIPI2","WIPI2-203",0.998096306930967,NA,"Excitatory_neuron"
"WNK1","WNK1-209",0.998096306930967,NA,"Excitatory_neuron"
"WNK1","WNK1-201",0.998096306930967,NA,"Excitatory_neuron"
"WNK1","WNK1-206",0.998096306930967,NA,"Excitatory_neuron"
"WNK1","WNK1-204",0.998096306930967,NA,"Excitatory_neuron"
"WSB1","WSB1-201",0.785212923436583,NA,"Excitatory_neuron"
"WSB1","WSB1-209",0.785212923436583,NA,"Excitatory_neuron"
"WSB1","WSB1-204",0.785212923436583,NA,"Excitatory_neuron"
"WWC1","WWC1-202",0.998096306930967,NA,"Excitatory_neuron"
"WWC1","WWC1-201",0.998096306930967,NA,"Excitatory_neuron"
"XIST","XIST-219",1,NA,"Excitatory_neuron"
"XIST","transcript81752.chrX.nic",1,NA,"Excitatory_neuron"
"XIST","XIST-221",1,NA,"Excitatory_neuron"
"XIST","XIST-230",1,NA,"Excitatory_neuron"
"XPNPEP1","XPNPEP1-218",0.998096306930967,NA,"Excitatory_neuron"
"XPNPEP1","XPNPEP1-213",0.998096306930967,NA,"Excitatory_neuron"
"XPO1","XPO1-233",0.925880167697254,NA,"Excitatory_neuron"
"XPO1","XPO1-204",0.925880167697254,NA,"Excitatory_neuron"
"XRCC5","XRCC5-202",0.80294467075926,NA,"Excitatory_neuron"
"XRCC5","XRCC5-201",0.80294467075926,NA,"Excitatory_neuron"
"XRCC6","XRCC6-201",0.998096306930967,NA,"Excitatory_neuron"
"XRCC6","XRCC6-202",0.998096306930967,NA,"Excitatory_neuron"
"XRN1","XRN1-203",0.998096306930967,NA,"Excitatory_neuron"
"XRN1","XRN1-201",0.998096306930967,NA,"Excitatory_neuron"
"YEATS2","YEATS2-204",0.998096306930967,NA,"Excitatory_neuron"
"YEATS2","YEATS2-201",0.998096306930967,NA,"Excitatory_neuron"
"YJU2B","YJU2B-212",0.998096306930967,NA,"Excitatory_neuron"
"YJU2B","YJU2B-201",0.998096306930967,NA,"Excitatory_neuron"
"YLPM1","YLPM1-203",0.998096306930967,NA,"Excitatory_neuron"
"YLPM1","YLPM1-201",0.998096306930967,NA,"Excitatory_neuron"
"YME1L1","YME1L1-206",0.998096306930967,NA,"Excitatory_neuron"
"YME1L1","YME1L1-202",0.998096306930967,NA,"Excitatory_neuron"
"YPEL2","YPEL2-203",0.958654755330412,NA,"Excitatory_neuron"
"YPEL2","YPEL2-201",0.958654755330412,NA,"Excitatory_neuron"
"YPEL3","YPEL3-202",0.998096306930967,NA,"Excitatory_neuron"
"YPEL3","YPEL3-201",0.998096306930967,NA,"Excitatory_neuron"
"YPEL5","YPEL5-202",0.948006859166649,NA,"Excitatory_neuron"
"YPEL5","YPEL5-201",0.948006859166649,NA,"Excitatory_neuron"
"YTHDC1","YTHDC1-202",0.998096306930967,NA,"Excitatory_neuron"
"YTHDC1","YTHDC1-201",0.998096306930967,NA,"Excitatory_neuron"
"YTHDC1","YTHDC1-207",0.998096306930967,NA,"Excitatory_neuron"
"YTHDC2","YTHDC2-202",0.998096306930967,NA,"Excitatory_neuron"
"YTHDC2","YTHDC2-201",0.998096306930967,NA,"Excitatory_neuron"
"YTHDF2","YTHDF2-201",0.998096306930967,NA,"Excitatory_neuron"
"YTHDF2","YTHDF2-206",0.998096306930967,NA,"Excitatory_neuron"
"YWHAB","YWHAB-201",0.998096306930967,NA,"Excitatory_neuron"
"YWHAB","YWHAB-202",0.998096306930967,NA,"Excitatory_neuron"
"YWHAB","YWHAB-207",0.998096306930967,NA,"Excitatory_neuron"
"YWHAE","YWHAE-208",0.998096306930967,NA,"Excitatory_neuron"
"YWHAE","YWHAE-201",0.998096306930967,NA,"Excitatory_neuron"
"YWHAH-AS1","YWHAH-AS1-206",0.636529170857829,NA,"Excitatory_neuron"
"YWHAH-AS1","YWHAH-AS1-207",0.636529170857829,NA,"Excitatory_neuron"
"YWHAZ","YWHAZ-212",0.998096306930967,NA,"Excitatory_neuron"
"YWHAZ","YWHAZ-201",0.998096306930967,NA,"Excitatory_neuron"
"YWHAZ","YWHAZ-206",0.998096306930967,NA,"Excitatory_neuron"
"YWHAZ","YWHAZ-211",0.998096306930967,NA,"Excitatory_neuron"
"YY1","YY1-201",0.998096306930967,NA,"Excitatory_neuron"
"YY1","transcript113860.chr14.nnic",0.998096306930967,NA,"Excitatory_neuron"
"YY1","YY1-206",0.998096306930967,NA,"Excitatory_neuron"
"ZBED5","ZBED5-202",0.998096306930967,NA,"Excitatory_neuron"
"ZBED5","ZBED5-201",0.998096306930967,NA,"Excitatory_neuron"
"ZBTB1","ZBTB1-207",0.998096306930967,NA,"Excitatory_neuron"
"ZBTB1","ZBTB1-201",0.998096306930967,NA,"Excitatory_neuron"
"ZBTB11","ZBTB11-202",0.998096306930967,NA,"Excitatory_neuron"
"ZBTB11","ZBTB11-209",0.998096306930967,NA,"Excitatory_neuron"
"ZBTB11","ZBTB11-201",0.998096306930967,NA,"Excitatory_neuron"
"ZBTB11","ZBTB11-215",0.998096306930967,NA,"Excitatory_neuron"
"ZBTB16","ZBTB16-207",0.998096306930967,NA,"Excitatory_neuron"
"ZBTB16","ZBTB16-218",0.998096306930967,NA,"Excitatory_neuron"
"ZBTB16","ZBTB16-217",0.998096306930967,NA,"Excitatory_neuron"
"ZBTB16","ZBTB16-202",0.998096306930967,NA,"Excitatory_neuron"
"ZBTB16","ZBTB16-219",0.998096306930967,NA,"Excitatory_neuron"
"ZBTB16","ZBTB16-213",0.998096306930967,NA,"Excitatory_neuron"
"ZBTB16","ZBTB16-201",0.998096306930967,NA,"Excitatory_neuron"
"ZBTB21","ZBTB21-205",0.998096306930967,NA,"Excitatory_neuron"
"ZBTB21","ZBTB21-204",0.998096306930967,NA,"Excitatory_neuron"
"ZBTB25","ZBTB25-204",0.998096306930967,NA,"Excitatory_neuron"
"ZBTB25","transcript59950.chr14.nnic",0.998096306930967,NA,"Excitatory_neuron"
"ZBTB37","ZBTB37-201",0.998201619472994,NA,"Excitatory_neuron"
"ZBTB37","ZBTB37-204",0.998201619472994,NA,"Excitatory_neuron"
"ZBTB38","ZBTB38-220",0.998096306930967,NA,"Excitatory_neuron"
"ZBTB38","ZBTB38-201",0.998096306930967,NA,"Excitatory_neuron"
"ZBTB38","transcript246022.chr3.nnic",0.998096306930967,NA,"Excitatory_neuron"
"ZBTB38","ZBTB38-210",0.998096306930967,NA,"Excitatory_neuron"
"ZBTB43","transcript208408.chr9.nnic",0.998096306930967,NA,"Excitatory_neuron"
"ZBTB43","ZBTB43-203",0.998096306930967,NA,"Excitatory_neuron"
"ZBTB43","ZBTB43-201",0.998096306930967,NA,"Excitatory_neuron"
"ZBTB43","ZBTB43-202",0.998096306930967,NA,"Excitatory_neuron"
"ZC2HC1A","ZC2HC1A-202",0.998096306930967,NA,"Excitatory_neuron"
"ZC2HC1A","ZC2HC1A-201",0.998096306930967,NA,"Excitatory_neuron"
"ZC3H11A","ZC3H11A-213",0.998096306930967,NA,"Excitatory_neuron"
"ZC3H11A","ZC3H11A-202",0.998096306930967,NA,"Excitatory_neuron"
"ZC3H13","ZC3H13-201",0.998096306930967,NA,"Excitatory_neuron"
"ZC3H13","ZC3H13-206",0.998096306930967,NA,"Excitatory_neuron"
"ZC3H13","ZC3H13-202",0.998096306930967,NA,"Excitatory_neuron"
"ZC3H14","ZC3H14-219",0.998096306930967,NA,"Excitatory_neuron"
"ZC3H14","ZC3H14-202",0.998096306930967,NA,"Excitatory_neuron"
"ZC3H14","ZC3H14-226",0.998096306930967,NA,"Excitatory_neuron"
"ZC3H14","ZC3H14-221",0.998096306930967,NA,"Excitatory_neuron"
"ZC3H14","ZC3H14-201",0.998096306930967,NA,"Excitatory_neuron"
"ZC3H3","transcript196890.chr8.nic",0.998096306930967,NA,"Excitatory_neuron"
"ZC3H3","transcript196057.chr8.nic",0.998096306930967,NA,"Excitatory_neuron"
"ZC3H3","ZC3H3-201",0.998096306930967,NA,"Excitatory_neuron"
"ZC3H3","transcript195640.chr8.nic",0.998096306930967,NA,"Excitatory_neuron"
"ZC3H7A","ZC3H7A-214",0.998096306930967,NA,"Excitatory_neuron"
"ZC3H7A","ZC3H7A-201",0.998096306930967,NA,"Excitatory_neuron"
"ZCCHC10","ZCCHC10-201",0.998096306930967,NA,"Excitatory_neuron"
"ZCCHC10","ZCCHC10-207",0.998096306930967,NA,"Excitatory_neuron"
"ZCCHC17","transcript54898.chr1.nnic",0.948006859166649,NA,"Excitatory_neuron"
"ZCCHC17","ZCCHC17-201",0.948006859166649,NA,"Excitatory_neuron"
"ZDBF2","ZDBF2-204",0.998096306930967,NA,"Excitatory_neuron"
"ZDBF2","ZDBF2-201",0.998096306930967,NA,"Excitatory_neuron"
"ZDBF2","ZDBF2-207",0.998096306930967,NA,"Excitatory_neuron"
"ZDHHC6","ZDHHC6-202",0.998096306930967,NA,"Excitatory_neuron"
"ZDHHC6","ZDHHC6-217",0.998096306930967,NA,"Excitatory_neuron"
"ZEB1","ZEB1-204",0.998096306930967,NA,"Excitatory_neuron"
"ZEB1","ZEB1-201",0.998096306930967,NA,"Excitatory_neuron"
"ZEB1","ZEB1-202",0.998096306930967,NA,"Excitatory_neuron"
"ZEB2","ZEB2-237",0.998096306930967,NA,"Excitatory_neuron"
"ZEB2","ZEB2-201",0.998096306930967,NA,"Excitatory_neuron"
"ZEB2","ZEB2-224",0.998096306930967,NA,"Excitatory_neuron"
"ZEB2","ZEB2-223",0.998096306930967,NA,"Excitatory_neuron"
"ZEB2","ZEB2-231",0.998096306930967,NA,"Excitatory_neuron"
"ZEB2","ZEB2-218",0.998096306930967,NA,"Excitatory_neuron"
"ZEB2","ZEB2-227",0.998096306930967,NA,"Excitatory_neuron"
"ZEB2","ZEB2-225",0.998096306930967,NA,"Excitatory_neuron"
"ZFAND5","ZFAND5-204",0.998096306930967,NA,"Excitatory_neuron"
"ZFAND5","ZFAND5-208",0.998096306930967,NA,"Excitatory_neuron"
"ZFAND5","ZFAND5-205",0.998096306930967,NA,"Excitatory_neuron"
"ZFP69B","ZFP69B-204",0.998096306930967,NA,"Excitatory_neuron"
"ZFP69B","ZFP69B-202",0.998096306930967,NA,"Excitatory_neuron"
"ZFP69B","ZFP69B-203",0.998096306930967,NA,"Excitatory_neuron"
"ZFP82","ZFP82-203",0.998096306930967,NA,"Excitatory_neuron"
"ZFP82","ZFP82-201",0.998096306930967,NA,"Excitatory_neuron"
"ZFP90","ZFP90-205",0.998096306930967,NA,"Excitatory_neuron"
"ZFP90","ZFP90-209",0.998096306930967,NA,"Excitatory_neuron"
"ZFP90","ZFP90-212",0.998096306930967,NA,"Excitatory_neuron"
"ZFR","ZFR-207",0.998096306930967,NA,"Excitatory_neuron"
"ZFR","ZFR-201",0.998096306930967,NA,"Excitatory_neuron"
"ZFTRAF1","ZFTRAF1-202",0.998096306930967,NA,"Excitatory_neuron"
"ZFTRAF1","ZFTRAF1-204",0.998096306930967,NA,"Excitatory_neuron"
"ZFYVE16","ZFYVE16-207",0.998096306930967,NA,"Excitatory_neuron"
"ZFYVE16","ZFYVE16-206",0.998096306930967,NA,"Excitatory_neuron"
"ZFYVE16","ZFYVE16-202",0.998096306930967,NA,"Excitatory_neuron"
"ZFYVE16","ZFYVE16-201",0.998096306930967,NA,"Excitatory_neuron"
"ZFYVE21","ZFYVE21-207",0.873665426607366,NA,"Excitatory_neuron"
"ZFYVE21","ZFYVE21-201",0.873665426607366,NA,"Excitatory_neuron"
"ZFYVE21","ZFYVE21-202",0.873665426607366,NA,"Excitatory_neuron"
"ZFYVE27","ZFYVE27-203",0.998096306930967,NA,"Excitatory_neuron"
"ZFYVE27","ZFYVE27-206",0.998096306930967,NA,"Excitatory_neuron"
"ZFYVE27","ZFYVE27-207",0.998096306930967,NA,"Excitatory_neuron"
"ZFYVE27","ZFYVE27-212",0.998096306930967,NA,"Excitatory_neuron"
"ZFYVE9","ZFYVE9-202",0.998096306930967,NA,"Excitatory_neuron"
"ZFYVE9","ZFYVE9-204",0.998096306930967,NA,"Excitatory_neuron"
"ZFYVE9","ZFYVE9-201",0.998096306930967,NA,"Excitatory_neuron"
"ZGPAT","ZGPAT-202",0.998096306930967,NA,"Excitatory_neuron"
"ZGPAT","ZGPAT-209",0.998096306930967,NA,"Excitatory_neuron"
"ZHX1","ZHX1-201",0.998096306930967,NA,"Excitatory_neuron"
"ZHX1","ZHX1-202",0.998096306930967,NA,"Excitatory_neuron"
"ZKSCAN1","ZKSCAN1-201",0.998096306930967,NA,"Excitatory_neuron"
"ZKSCAN1","ZKSCAN1-204",0.998096306930967,NA,"Excitatory_neuron"
"ZMAT1","ZMAT1-207",0.998096306930967,NA,"Excitatory_neuron"
"ZMAT1","ZMAT1-205",0.998096306930967,NA,"Excitatory_neuron"
"ZMAT4","ZMAT4-202",0.998096306930967,NA,"Excitatory_neuron"
"ZMAT4","ZMAT4-201",0.998096306930967,NA,"Excitatory_neuron"
"ZMYM2","ZMYM2-205",0.998096306930967,NA,"Excitatory_neuron"
"ZMYM2","transcript1872.chr13.nnic",0.998096306930967,NA,"Excitatory_neuron"
"ZMYM2","ZMYM2-210",0.998096306930967,NA,"Excitatory_neuron"
"ZMYM2","ZMYM2-204",0.998096306930967,NA,"Excitatory_neuron"
"ZMYM5","ZMYM5-204",0.998096306930967,NA,"Excitatory_neuron"
"ZMYM5","ZMYM5-201",0.998096306930967,NA,"Excitatory_neuron"
"ZMYM6","transcript62716.chr1.nic",0.998096306930967,NA,"Excitatory_neuron"
"ZMYM6","ZMYM6-202",0.998096306930967,NA,"Excitatory_neuron"
"ZMYND11","ZMYND11-214",0.998096306930967,NA,"Excitatory_neuron"
"ZMYND11","ZMYND11-203",0.998096306930967,NA,"Excitatory_neuron"
"ZMYND11","ZMYND11-201",0.998096306930967,NA,"Excitatory_neuron"
"ZMYND8","transcript61187.chr20.nnic",0.998096306930967,NA,"Excitatory_neuron"
"ZMYND8","ZMYND8-215",0.998096306930967,NA,"Excitatory_neuron"
"ZNF106","ZNF106-203",0.998096306930967,NA,"Excitatory_neuron"
"ZNF106","ZNF106-202",0.998096306930967,NA,"Excitatory_neuron"
"ZNF106","ZNF106-207",0.998096306930967,NA,"Excitatory_neuron"
"ZNF112","ZNF112-201",0.998096306930967,NA,"Excitatory_neuron"
"ZNF112","ZNF112-202",0.998096306930967,NA,"Excitatory_neuron"
"ZNF117","ZNF117-201",0.998096306930967,NA,"Excitatory_neuron"
"ZNF117","ZNF117-203",0.998096306930967,NA,"Excitatory_neuron"
"ZNF117","ZNF117-202",0.998096306930967,NA,"Excitatory_neuron"
"ZNF131","ZNF131-221",0.998096306930967,NA,"Excitatory_neuron"
"ZNF131","ZNF131-216",0.998096306930967,NA,"Excitatory_neuron"
"ZNF131","ZNF131-214",0.998096306930967,NA,"Excitatory_neuron"
"ZNF138","ZNF138-202",0.998096306930967,NA,"Excitatory_neuron"
"ZNF138","ZNF138-206",0.998096306930967,NA,"Excitatory_neuron"
"ZNF138","ZNF138-203",0.998096306930967,NA,"Excitatory_neuron"
"ZNF138","ZNF138-204",0.998096306930967,NA,"Excitatory_neuron"
"ZNF138","ZNF138-201",0.998096306930967,NA,"Excitatory_neuron"
"ZNF146","ZNF146-201",0.998096306930967,NA,"Excitatory_neuron"
"ZNF146","transcript98313.chr19.nnic",0.998096306930967,NA,"Excitatory_neuron"
"ZNF146","ZNF146-202",0.998096306930967,NA,"Excitatory_neuron"
"ZNF148","ZNF148-201",0.998096306930967,NA,"Excitatory_neuron"
"ZNF148","ZNF148-206",0.998096306930967,NA,"Excitatory_neuron"
"ZNF154","ZNF154-201",0.998096306930967,NA,"Excitatory_neuron"
"ZNF154","ZNF154-202",0.998096306930967,NA,"Excitatory_neuron"
"ZNF154","ZNF154-203",0.998096306930967,NA,"Excitatory_neuron"
"ZNF160","ZNF160-213",0.998096306930967,NA,"Excitatory_neuron"
"ZNF160","ZNF160-202",0.998096306930967,NA,"Excitatory_neuron"
"ZNF17","ZNF17-207",0.998096306930967,NA,"Excitatory_neuron"
"ZNF17","ZNF17-206",0.998096306930967,NA,"Excitatory_neuron"
"ZNF17","ZNF17-201",0.998096306930967,NA,"Excitatory_neuron"
"ZNF18","ZNF18-202",0.998096306930967,NA,"Excitatory_neuron"
"ZNF18","ZNF18-204",0.998096306930967,NA,"Excitatory_neuron"
"ZNF182","ZNF182-201",0.998096306930967,NA,"Excitatory_neuron"
"ZNF182","ZNF182-202",0.998096306930967,NA,"Excitatory_neuron"
"ZNF184","ZNF184-203",0.998096306930967,NA,"Excitatory_neuron"
"ZNF184","ZNF184-201",0.998096306930967,NA,"Excitatory_neuron"
"ZNF195","ZNF195-204",0.998096306930967,NA,"Excitatory_neuron"
"ZNF195","ZNF195-231",0.998096306930967,NA,"Excitatory_neuron"
"ZNF195","ZNF195-201",0.998096306930967,NA,"Excitatory_neuron"
"ZNF197","ZNF197-204",0.998096306930967,NA,"Excitatory_neuron"
"ZNF197","ZNF197-202",0.998096306930967,NA,"Excitatory_neuron"
"ZNF207","ZNF207-203",0.998096306930967,NA,"Excitatory_neuron"
"ZNF207","ZNF207-201",0.998096306930967,NA,"Excitatory_neuron"
"ZNF211","ZNF211-204",0.998096306930967,NA,"Excitatory_neuron"
"ZNF211","ZNF211-201",0.998096306930967,NA,"Excitatory_neuron"
"ZNF211","ZNF211-211",0.998096306930967,NA,"Excitatory_neuron"
"ZNF224","ZNF224-201",0.998096306930967,NA,"Excitatory_neuron"
"ZNF224","ZNF224-203",0.998096306930967,NA,"Excitatory_neuron"
"ZNF225-AS1","ZNF225-AS1-203",0.998096306930967,NA,"Excitatory_neuron"
"ZNF225-AS1","ZNF225-AS1-202",0.998096306930967,NA,"Excitatory_neuron"
"ZNF226","ZNF226-202",0.998096306930967,NA,"Excitatory_neuron"
"ZNF226","ZNF226-204",0.998096306930967,NA,"Excitatory_neuron"
"ZNF226","ZNF226-213",0.998096306930967,NA,"Excitatory_neuron"
"ZNF227","ZNF227-213",0.948006859166649,NA,"Excitatory_neuron"
"ZNF227","ZNF227-201",0.948006859166649,NA,"Excitatory_neuron"
"ZNF23","ZNF23-211",0.998201619472994,NA,"Excitatory_neuron"
"ZNF23","ZNF23-202",0.998201619472994,NA,"Excitatory_neuron"
"ZNF23","ZNF23-201",0.998201619472994,NA,"Excitatory_neuron"
"ZNF23","ZNF23-205",0.998201619472994,NA,"Excitatory_neuron"
"ZNF23","ZNF23-207",0.998201619472994,NA,"Excitatory_neuron"
"ZNF23","ZNF23-212",0.998201619472994,NA,"Excitatory_neuron"
"ZNF234","ZNF234-204",0.998096306930967,NA,"Excitatory_neuron"
"ZNF234","ZNF234-201",0.998096306930967,NA,"Excitatory_neuron"
"ZNF235","ZNF235-202",0.998096306930967,NA,"Excitatory_neuron"
"ZNF235","ZNF235-201",0.998096306930967,NA,"Excitatory_neuron"
"ZNF24","ZNF24-202",0.998096306930967,NA,"Excitatory_neuron"
"ZNF24","ZNF24-201",0.998096306930967,NA,"Excitatory_neuron"
"ZNF248","ZNF248-208",0.998096306930967,NA,"Excitatory_neuron"
"ZNF248","ZNF248-203",0.998096306930967,NA,"Excitatory_neuron"
"ZNF25","ZNF25-202",0.998096306930967,NA,"Excitatory_neuron"
"ZNF25","ZNF25-201",0.998096306930967,NA,"Excitatory_neuron"
"ZNF250","ZNF250-201",0.948006859166649,NA,"Excitatory_neuron"
"ZNF250","ZNF250-202",0.948006859166649,NA,"Excitatory_neuron"
"ZNF254","ZNF254-202",0.998096306930967,NA,"Excitatory_neuron"
"ZNF254","ZNF254-208",0.998096306930967,NA,"Excitatory_neuron"
"ZNF254","ZNF254-207",0.998096306930967,NA,"Excitatory_neuron"
"ZNF254","ZNF254-206",0.998096306930967,NA,"Excitatory_neuron"
"ZNF256","ZNF256-202",0.998096306930967,NA,"Excitatory_neuron"
"ZNF256","ZNF256-201",0.998096306930967,NA,"Excitatory_neuron"
"ZNF26","ZNF26-202",0.998096306930967,NA,"Excitatory_neuron"
"ZNF26","ZNF26-201",0.998096306930967,NA,"Excitatory_neuron"
"ZNF263","ZNF263-204",0.998096306930967,NA,"Excitatory_neuron"
"ZNF263","ZNF263-201",0.998096306930967,NA,"Excitatory_neuron"
"ZNF267","ZNF267-206",0.998096306930967,NA,"Excitatory_neuron"
"ZNF267","ZNF267-201",0.998096306930967,NA,"Excitatory_neuron"
"ZNF268","ZNF268-209",0.998096306930967,NA,"Excitatory_neuron"
"ZNF268","ZNF268-205",0.998096306930967,NA,"Excitatory_neuron"
"ZNF273","ZNF273-204",0.998096306930967,NA,"Excitatory_neuron"
"ZNF273","ZNF273-207",0.998096306930967,NA,"Excitatory_neuron"
"ZNF273","ZNF273-201",0.998096306930967,NA,"Excitatory_neuron"
"ZNF280D","ZNF280D-204",0.788568742861185,NA,"Excitatory_neuron"
"ZNF280D","transcript72383.chr15.nic",0.788568742861185,NA,"Excitatory_neuron"
"ZNF280D","ZNF280D-201",0.788568742861185,NA,"Excitatory_neuron"
"ZNF280D","ZNF280D-202",0.788568742861185,NA,"Excitatory_neuron"
"ZNF280D","ZNF280D-206",0.788568742861185,NA,"Excitatory_neuron"
"ZNF281","ZNF281-203",0.998096306930967,NA,"Excitatory_neuron"
"ZNF281","ZNF281-201",0.998096306930967,NA,"Excitatory_neuron"
"ZNF286A","ZNF286A-203",0.998096306930967,NA,"Excitatory_neuron"
"ZNF286A","ZNF286A-218",0.998096306930967,NA,"Excitatory_neuron"
"ZNF286A","ZNF286A-202",0.998096306930967,NA,"Excitatory_neuron"
"ZNF292","ZNF292-210",0.998096306930967,NA,"Excitatory_neuron"
"ZNF292","ZNF292-215",0.998096306930967,NA,"Excitatory_neuron"
"ZNF3","ZNF3-203",0.636529170857829,NA,"Excitatory_neuron"
"ZNF3","ZNF3-202",0.636529170857829,NA,"Excitatory_neuron"
"ZNF3","ZNF3-214",0.636529170857829,NA,"Excitatory_neuron"
"ZNF3","ZNF3-206",0.636529170857829,NA,"Excitatory_neuron"
"ZNF302","ZNF302-207",0.998096306930967,NA,"Excitatory_neuron"
"ZNF302","ZNF302-210",0.998096306930967,NA,"Excitatory_neuron"
"ZNF302","ZNF302-201",0.998096306930967,NA,"Excitatory_neuron"
"ZNF302","ZNF302-203",0.998096306930967,NA,"Excitatory_neuron"
"ZNF331","ZNF331-215",0.998096306930967,NA,"Excitatory_neuron"
"ZNF331","ZNF331-202",0.998096306930967,NA,"Excitatory_neuron"
"ZNF331","ZNF331-201",0.998096306930967,NA,"Excitatory_neuron"
"ZNF333","transcript31985.chr19.nnic",0.998096306930967,NA,"Excitatory_neuron"
"ZNF333","ZNF333-201",0.998096306930967,NA,"Excitatory_neuron"
"ZNF333","transcript32279.chr19.nic",0.998096306930967,NA,"Excitatory_neuron"
"ZNF334","ZNF334-207",0.998096306930967,NA,"Excitatory_neuron"
"ZNF334","ZNF334-202",0.998096306930967,NA,"Excitatory_neuron"
"ZNF337","ZNF337-201",0.998096306930967,NA,"Excitatory_neuron"
"ZNF337","ZNF337-202",0.998096306930967,NA,"Excitatory_neuron"
"ZNF33A","ZNF33A-203",0.998096306930967,NA,"Excitatory_neuron"
"ZNF33A","ZNF33A-202",0.998096306930967,NA,"Excitatory_neuron"
"ZNF345","ZNF345-202",0.998096306930967,NA,"Excitatory_neuron"
"ZNF345","ZNF345-214",0.998096306930967,NA,"Excitatory_neuron"
"ZNF35","ZNF35-202",0.998096306930967,NA,"Excitatory_neuron"
"ZNF35","ZNF35-201",0.998096306930967,NA,"Excitatory_neuron"
"ZNF365","transcript114144.chr10.nic",0.998096306930967,NA,"Excitatory_neuron"
"ZNF365","ZNF365-201",0.998096306930967,NA,"Excitatory_neuron"
"ZNF37A","ZNF37A-207",0.998096306930967,NA,"Excitatory_neuron"
"ZNF37A","ZNF37A-201",0.998096306930967,NA,"Excitatory_neuron"
"ZNF37A","ZNF37A-202",0.998096306930967,NA,"Excitatory_neuron"
"ZNF382","ZNF382-201",0.998096306930967,NA,"Excitatory_neuron"
"ZNF382","ZNF382-203",0.998096306930967,NA,"Excitatory_neuron"
"ZNF407","ZNF407-204",0.998096306930967,NA,"Excitatory_neuron"
"ZNF407","ZNF407-203",0.998096306930967,NA,"Excitatory_neuron"
"ZNF407","ZNF407-201",0.998096306930967,NA,"Excitatory_neuron"
"ZNF426","ZNF426-204",0.998096306930967,NA,"Excitatory_neuron"
"ZNF426","ZNF426-201",0.998096306930967,NA,"Excitatory_neuron"
"ZNF436-AS1","ZNF436-AS1-201",0.998096306930967,NA,"Excitatory_neuron"
"ZNF436-AS1","ZNF436-AS1-203",0.998096306930967,NA,"Excitatory_neuron"
"ZNF439","ZNF439-206",0.998096306930967,NA,"Excitatory_neuron"
"ZNF439","ZNF439-201",0.998096306930967,NA,"Excitatory_neuron"
"ZNF439","ZNF439-204",0.998096306930967,NA,"Excitatory_neuron"
"ZNF439","ZNF439-203",0.998096306930967,NA,"Excitatory_neuron"
"ZNF445","ZNF445-201",0.998096306930967,NA,"Excitatory_neuron"
"ZNF445","ZNF445-202",0.998096306930967,NA,"Excitatory_neuron"
"ZNF451","ZNF451-207",0.998096306930967,NA,"Excitatory_neuron"
"ZNF451","ZNF451-204",0.998096306930967,NA,"Excitatory_neuron"
"ZNF451","ZNF451-203",0.998096306930967,NA,"Excitatory_neuron"
"ZNF451","ZNF451-201",0.998096306930967,NA,"Excitatory_neuron"
"ZNF454","ZNF454-202",0.998096306930967,NA,"Excitatory_neuron"
"ZNF454","ZNF454-201",0.998096306930967,NA,"Excitatory_neuron"
"ZNF462","ZNF462-201",0.998096306930967,NA,"Excitatory_neuron"
"ZNF462","ZNF462-202",0.998096306930967,NA,"Excitatory_neuron"
"ZNF471","transcript148106.chr19.nic",0.998096306930967,NA,"Excitatory_neuron"
"ZNF471","ZNF471-201",0.998096306930967,NA,"Excitatory_neuron"
"ZNF484","ZNF484-201",0.998096306930967,NA,"Excitatory_neuron"
"ZNF484","ZNF484-202",0.998096306930967,NA,"Excitatory_neuron"
"ZNF493","ZNF493-203",0.998096306930967,NA,"Excitatory_neuron"
"ZNF493","ZNF493-208",0.998096306930967,NA,"Excitatory_neuron"
"ZNF500","ZNF500-201",0.998096306930967,NA,"Excitatory_neuron"
"ZNF500","ZNF500-207",0.998096306930967,NA,"Excitatory_neuron"
"ZNF502","ZNF502-203",0.998096306930967,NA,"Excitatory_neuron"
"ZNF502","ZNF502-204",0.998096306930967,NA,"Excitatory_neuron"
"ZNF506","ZNF506-203",0.998096306930967,NA,"Excitatory_neuron"
"ZNF506","ZNF506-208",0.998096306930967,NA,"Excitatory_neuron"
"ZNF507","ZNF507-205",0.998096306930967,NA,"Excitatory_neuron"
"ZNF507","ZNF507-201",0.998096306930967,NA,"Excitatory_neuron"
"ZNF507","ZNF507-202",0.998096306930967,NA,"Excitatory_neuron"
"ZNF511","ZNF511-201",0.998096306930967,NA,"Excitatory_neuron"
"ZNF511","ZNF511-202",0.998096306930967,NA,"Excitatory_neuron"
"ZNF512","ZNF512-201",0.998096306930967,NA,"Excitatory_neuron"
"ZNF512","ZNF512-202",0.998096306930967,NA,"Excitatory_neuron"
"ZNF512","ZNF512-208",0.998096306930967,NA,"Excitatory_neuron"
"ZNF514","ZNF514-206",0.998096306930967,NA,"Excitatory_neuron"
"ZNF514","ZNF514-201",0.998096306930967,NA,"Excitatory_neuron"
"ZNF514","ZNF514-204",0.998096306930967,NA,"Excitatory_neuron"
"ZNF514","ZNF514-205",0.998096306930967,NA,"Excitatory_neuron"
"ZNF518A","ZNF518A-201",0.998096306930967,NA,"Excitatory_neuron"
"ZNF518A","ZNF518A-205",0.998096306930967,NA,"Excitatory_neuron"
"ZNF518A","transcript172656.chr10.nnic",0.998096306930967,NA,"Excitatory_neuron"
"ZNF518B","ZNF518B-201",0.998201619472994,NA,"Excitatory_neuron"
"ZNF518B","ZNF518B-203",0.998201619472994,NA,"Excitatory_neuron"
"ZNF519","ZNF519-202",0.998096306930967,NA,"Excitatory_neuron"
"ZNF519","ZNF519-207",0.998096306930967,NA,"Excitatory_neuron"
"ZNF529","ZNF529-209",0.998096306930967,NA,"Excitatory_neuron"
"ZNF529","ZNF529-206",0.998096306930967,NA,"Excitatory_neuron"
"ZNF532","ZNF532-224",0.997033588765373,NA,"Excitatory_neuron"
"ZNF532","ZNF532-220",0.997033588765373,NA,"Excitatory_neuron"
"ZNF532","ZNF532-214",0.997033588765373,NA,"Excitatory_neuron"
"ZNF532","ZNF532-222",0.997033588765373,NA,"Excitatory_neuron"
"ZNF540","ZNF540-201",0.998096306930967,NA,"Excitatory_neuron"
"ZNF540","ZNF540-207",0.998096306930967,NA,"Excitatory_neuron"
"ZNF555","ZNF555-201",0.998096306930967,NA,"Excitatory_neuron"
"ZNF555","ZNF555-203",0.998096306930967,NA,"Excitatory_neuron"
"ZNF566","ZNF566-205",0.998096306930967,NA,"Excitatory_neuron"
"ZNF566","ZNF566-209",0.998096306930967,NA,"Excitatory_neuron"
"ZNF567","ZNF567-208",0.998096306930967,NA,"Excitatory_neuron"
"ZNF567","ZNF567-201",0.998096306930967,NA,"Excitatory_neuron"
"ZNF568","ZNF568-201",0.54372898785046,NA,"Excitatory_neuron"
"ZNF568","ZNF568-212",0.54372898785046,NA,"Excitatory_neuron"
"ZNF568","ZNF568-205",0.54372898785046,NA,"Excitatory_neuron"
"ZNF568","ZNF568-204",0.54372898785046,NA,"Excitatory_neuron"
"ZNF582","ZNF582-202",7.21403204300135e-11,0,"Excitatory_neuron"
"ZNF582","transcript145765.chr19.nnic",7.21403204300135e-11,0,"Excitatory_neuron"
"ZNF584","ZNF584-203",0.873665426607366,NA,"Excitatory_neuron"
"ZNF584","ZNF584-201",0.873665426607366,NA,"Excitatory_neuron"
"ZNF584","ZNF584-210",0.873665426607366,NA,"Excitatory_neuron"
"ZNF587","ZNF587-202",0.999634496113808,NA,"Excitatory_neuron"
"ZNF587","ZNF587-201",0.999634496113808,NA,"Excitatory_neuron"
"ZNF594","ZNF594-202",0.998096306930967,NA,"Excitatory_neuron"
"ZNF594","ZNF594-201",0.998096306930967,NA,"Excitatory_neuron"
"ZNF596","ZNF596-203",0.998096306930967,NA,"Excitatory_neuron"
"ZNF596","ZNF596-201",0.998096306930967,NA,"Excitatory_neuron"
"ZNF623","ZNF623-203",0.998096306930967,NA,"Excitatory_neuron"
"ZNF623","ZNF623-202",0.998096306930967,NA,"Excitatory_neuron"
"ZNF624","ZNF624-203",0.636529170857829,NA,"Excitatory_neuron"
"ZNF624","ZNF624-201",0.636529170857829,NA,"Excitatory_neuron"
"ZNF638","ZNF638-204",0.998096306930967,NA,"Excitatory_neuron"
"ZNF638","ZNF638-219",0.998096306930967,NA,"Excitatory_neuron"
"ZNF638","ZNF638-201",0.998096306930967,NA,"Excitatory_neuron"
"ZNF638","ZNF638-203",0.998096306930967,NA,"Excitatory_neuron"
"ZNF655","ZNF655-224",0.998096306930967,NA,"Excitatory_neuron"
"ZNF655","ZNF655-212",0.998096306930967,NA,"Excitatory_neuron"
"ZNF655","ZNF655-201",0.998096306930967,NA,"Excitatory_neuron"
"ZNF664","ZNF664-201",0.998096306930967,NA,"Excitatory_neuron"
"ZNF664","ZNF664-202",0.998096306930967,NA,"Excitatory_neuron"
"ZNF664","transcript179719.chr12.nnic",0.998096306930967,NA,"Excitatory_neuron"
"ZNF667","ZNF667-201",0.998096306930967,NA,"Excitatory_neuron"
"ZNF667","ZNF667-202",0.998096306930967,NA,"Excitatory_neuron"
"ZNF668","ZNF668-208",0.998096306930967,NA,"Excitatory_neuron"
"ZNF668","ZNF668-201",0.998096306930967,NA,"Excitatory_neuron"
"ZNF675","ZNF675-206",0.998096306930967,NA,"Excitatory_neuron"
"ZNF675","ZNF675-201",0.998096306930967,NA,"Excitatory_neuron"
"ZNF682","ZNF682-212",0.998096306930967,NA,"Excitatory_neuron"
"ZNF682","ZNF682-203",0.998096306930967,NA,"Excitatory_neuron"
"ZNF7","ZNF7-216",0.998096306930967,NA,"Excitatory_neuron"
"ZNF7","ZNF7-205",0.998096306930967,NA,"Excitatory_neuron"
"ZNF7","ZNF7-217",0.998096306930967,NA,"Excitatory_neuron"
"ZNF706","ZNF706-209",0.998096306930967,NA,"Excitatory_neuron"
"ZNF706","ZNF706-201",0.998096306930967,NA,"Excitatory_neuron"
"ZNF708","ZNF708-201",0.998096306930967,NA,"Excitatory_neuron"
"ZNF708","ZNF708-202",0.998096306930967,NA,"Excitatory_neuron"
"ZNF71","ZNF71-203",0.998096306930967,NA,"Excitatory_neuron"
"ZNF71","ZNF71-201",0.998096306930967,NA,"Excitatory_neuron"
"ZNF711","ZNF711-202",0.79057561140116,NA,"Excitatory_neuron"
"ZNF711","ZNF711-203",0.79057561140116,NA,"Excitatory_neuron"
"ZNF711","ZNF711-201",0.79057561140116,NA,"Excitatory_neuron"
"ZNF711","ZNF711-204",0.79057561140116,NA,"Excitatory_neuron"
"ZNF736","ZNF736-202",2.67888320662259e-24,0,"Excitatory_neuron"
"ZNF736","transcript76787.chr7.nnic",2.67888320662259e-24,0,"Excitatory_neuron"
"ZNF75A","ZNF75A-211",0.998096306930967,NA,"Excitatory_neuron"
"ZNF75A","ZNF75A-201",0.998096306930967,NA,"Excitatory_neuron"
"ZNF75A","ZNF75A-206",0.998096306930967,NA,"Excitatory_neuron"
"ZNF76","ZNF76-202",0.998096306930967,NA,"Excitatory_neuron"
"ZNF76","ZNF76-203",0.998096306930967,NA,"Excitatory_neuron"
"ZNF786","ZNF786-201",0.998096306930967,NA,"Excitatory_neuron"
"ZNF786","ZNF786-202",0.998096306930967,NA,"Excitatory_neuron"
"ZNF791","ZNF791-202",0.948006859166649,NA,"Excitatory_neuron"
"ZNF791","ZNF791-201",0.948006859166649,NA,"Excitatory_neuron"
"ZNF808","ZNF808-201",0.998096306930967,NA,"Excitatory_neuron"
"ZNF808","ZNF808-206",0.998096306930967,NA,"Excitatory_neuron"
"ZNF814","ZNF814-207",0.999362957252151,NA,"Excitatory_neuron"
"ZNF814","ZNF814-201",0.999362957252151,NA,"Excitatory_neuron"
"ZNF827","ZNF827-215",0.998096306930967,NA,"Excitatory_neuron"
"ZNF827","ZNF827-202",0.998096306930967,NA,"Excitatory_neuron"
"ZNF827","ZNF827-203",0.998096306930967,NA,"Excitatory_neuron"
"ZNF84","ZNF84-215",0.998096306930967,NA,"Excitatory_neuron"
"ZNF84","ZNF84-208",0.998096306930967,NA,"Excitatory_neuron"
"ZNF84","ZNF84-202",0.998096306930967,NA,"Excitatory_neuron"
"ZNF841","ZNF841-204",0.998096306930967,NA,"Excitatory_neuron"
"ZNF841","ZNF841-203",0.998096306930967,NA,"Excitatory_neuron"
"ZNF845","ZNF845-201",0.998096306930967,NA,"Excitatory_neuron"
"ZNF845","ZNF845-202",0.998096306930967,NA,"Excitatory_neuron"
"ZNF91","ZNF91-201",0.734810433731375,NA,"Excitatory_neuron"
"ZNF91","ZNF91-202",0.734810433731375,NA,"Excitatory_neuron"
"ZNF92","ZNF92-204",0.998096306930967,NA,"Excitatory_neuron"
"ZNF92","ZNF92-203",0.998096306930967,NA,"Excitatory_neuron"
"ZNF92","ZNF92-201",0.998096306930967,NA,"Excitatory_neuron"
"ZRANB2","ZRANB2-204",0.998096306930967,NA,"Excitatory_neuron"
"ZRANB2","ZRANB2-201",0.998096306930967,NA,"Excitatory_neuron"
"ZRANB2","ZRANB2-202",0.998096306930967,NA,"Excitatory_neuron"
"ZRANB3","ZRANB3-201",0.998096306930967,NA,"Excitatory_neuron"
"ZRANB3","ZRANB3-202",0.998096306930967,NA,"Excitatory_neuron"
"ZSCAN12","ZSCAN12-201",0.998096306930967,NA,"Excitatory_neuron"
"ZSCAN12","ZSCAN12-202",0.998096306930967,NA,"Excitatory_neuron"
"ZSCAN12","ZSCAN12-203",0.998096306930967,NA,"Excitatory_neuron"
"ZSCAN18","ZSCAN18-209",0.998096306930967,NA,"Excitatory_neuron"
"ZSCAN18","ZSCAN18-211",0.998096306930967,NA,"Excitatory_neuron"
"ZSCAN18","ZSCAN18-217",0.998096306930967,NA,"Excitatory_neuron"
"ZSCAN18","ZSCAN18-201",0.998096306930967,NA,"Excitatory_neuron"
"ZSCAN26","ZSCAN26-201",0.998096306930967,NA,"Excitatory_neuron"
"ZSCAN26","ZSCAN26-202",0.998096306930967,NA,"Excitatory_neuron"
"ZSCAN26","ZSCAN26-206",0.998096306930967,NA,"Excitatory_neuron"
"ZZEF1","ZZEF1-201",0.998096306930967,NA,"Excitatory_neuron"
"ZZEF1","ZZEF1-204",0.998096306930967,NA,"Excitatory_neuron"
