{
  "A1_splice_macro_spearman": -0.5117281158557347,
  "A2_domain_macro_spearman": -0.3675331069074509,
  "A3_esm2_macro_spearman": -0.13253508970472366,
  "A4_DS_ridge_macro": 0.23659341978082304,
  "A5_esm2_ridge_macro": 0.3127649031722484,
  "A6_full_ridge_macro": 0.3189082413450163,
  "NC_splice_macro": -0.31006252016574726,
  "NC_domain_macro": -0.21119651000758252,
  "NC_esm2_macro": -0.06785367352366914,
  "NC_DS_ridge_macro": 0.1742055707012557,
  "NC_full_ridge_macro": 0.20047358080490302,
  "n_non_canon_genes": 4494,
  "timestamp": "20260515_1134",
  "n_multi_genes": 6939,
  "n_valid_isoforms": 27327
}