{
  "n_pairs": 20096,
  "n_multi_genes": 6939,
  "n_nc_genes": 4494,
  "n_nc_pairs": 11753,
  "cv_auroc": {
    "esm2": {
      "mean": 0.6652756547146044,
      "std": 0.0020675183548770305
    },
    "ds": {
      "mean": 0.6306748407414184,
      "std": 0.0018798233188439721
    },
    "full": {
      "mean": 0.6636057657958458,
      "std": 0.0014747486260295497
    },
    "splice": {
      "mean": 0.6468315232253676,
      "std": 0.0013584841676478154
    },
    "domain": {
      "mean": 0.5204050500447794,
      "std": 0.0009759679746395088
    }
  },
  "bootstrap_ci": {
    "esm2": {
      "mean": 0.7356289046895915,
      "ci95": [
        0.7278950700810887,
        0.7425358108485068
      ],
      "p_vs_random": 0.0
    },
    "ds": {
      "mean": 0.6922057181921459,
      "ci95": [
        0.6848613094988224,
        0.6989689324141208
      ],
      "p_vs_random": 0.0
    },
    "full": {
      "mean": 0.7801024620976688,
      "ci95": [
        0.7736061315926932,
        0.786591002326952
      ],
      "p_vs_random": 0.0
    }
  },
  "nc_cv_auroc": {
    "esm2": 0.5868971229638094,
    "ds": 0.592345052502316,
    "full": 0.589322022181187
  },
  "timestamp": "20260515_1624"
}