gene_name	canonical_iso_idx	canonical_iso_id	canonical_source
A1BG	3	A1BG-201	MANE
A1BG-AS1	4	A1BG-AS1-209	Ensembl
A2M	10	A2M-201	MANE
A2M-AS1	12	A2M-AS1-203	Ensembl
A2ML1	15	A2ML1-201	MANE
A4GALT	16	A4GALT-206	MANE
AAAS	21	AAAS-201	MANE
AACS	33	AACS-201	MANE
AADAT	34	AADAT-201	MANE
AAGAB	38	AAGAB-201	MANE
AAK1	42	AAK1-203	MANE
AAMDC	47	AAMDC-202	MANE
AAMP	49	AAMP-201	MANE
AAR2	60	AAR2-201	MANE
AARD	61	AARD-201	MANE
AARS1	77	AARS1-201	MANE
AARS2	81	AARS2-201	MANE
AARSD1	85	AARSD1-202	MANE
AASDH	86	AASDH-201	MANE
AASDHPPT	94	AASDHPPT-201	MANE
AASS	96	AASS-203	MANE
AATBC	106	AATBC-201	Ensembl
AATF	107	AATF-208	MANE
AATK	119	AATK-201	MANE
ABAT	120	ABAT-201	MANE
ABCA1	124	ABCA1-202	MANE
ABCA10	127	ABCA10-202	longest_CDS
ABCA12	128	ABCA12-201	MANE
ABCA2	131	ABCA2-202	longest_CDS
ABCA3	137	ABCA3-201	MANE
ABCA4	139	ABCA4-201	MANE
ABCA5	145	ABCA5-201	MANE
ABCA6	154	ABCA6-201	MANE
ABCA7	158	ABCA7-201	MANE
ABCA8	164	ABCA8-208	MANE
ABCA9	166	ABCA9-201	MANE
ABCB1	168	ABCB1-211	MANE
ABCB10	170	ABCB10-201	MANE
ABCB4	171	transcript123012.chr7.nic	longest_CDS
ABCB6	176	ABCB6-201	MANE
ABCB7	178	ABCB7-203	MANE
ABCB8	191	ABCB8-202	MANE
ABCB9	196	ABCB9-201	MANE
ABCC1	206	ABCC1-202	MANE
ABCC10	210	ABCC10-204	MANE
ABCC12	214	ABCC12-201	MANE
ABCC2	215	ABCC2-203	MANE
ABCC3	217	transcript91276.chr17.nic	longest_CDS
ABCC4	220	ABCC4-214	MANE
ABCC5	228	ABCC5-202	MANE
ABCC8	256	ABCC8-202	MANE
ABCC9	265	ABCC9-201	MANE
ABCD1	267	ABCD1-201	MANE
ABCD2	268	ABCD2-201	MANE
ABCD3	269	ABCD3-202	MANE
ABCD4	276	ABCD4-201	MANE
ABCE1	279	ABCE1-201	MANE
ABCF1	283	ABCF1-201	MANE
ABCF2	285	ABCF2-201	MANE
ABCF3	288	ABCF3-203	MANE
ABCG1	293	ABCG1-205	MANE
ABCG2	297	ABCG2-201	MANE
ABCG4	299	ABCG4-205	MANE
ABCG8	301	ABCG8-201	MANE
ABHD1	303	ABHD1-208	longest_CDS
ABHD10	305	ABHD10-201	MANE
ABHD11	309	ABHD11-201	MANE
ABHD12	311	ABHD12-201	MANE
ABHD12B	312	ABHD12B-201	MANE
ABHD13	314	ABHD13-201	MANE
ABHD14A	315	ABHD14A-201	MANE
ABHD14B	319	ABHD14B-202	MANE
ABHD15	322	ABHD15-201	MANE
ABHD16A	324	ABHD16A-201	MANE
ABHD17A	325	ABHD17A-202	MANE
ABHD17B	327	ABHD17B-201	MANE
ABHD17C	328	ABHD17C-201	MANE
ABHD18	331	ABHD18-206	MANE
ABHD2	333	ABHD2-201	MANE
ABHD3	336	ABHD3-201	MANE
ABHD4	338	ABHD4-203	MANE
ABHD5	342	ABHD5-213	MANE
ABHD6	347	ABHD6-205	MANE
ABHD8	348	ABHD8-201	MANE
ABI1	351	ABI1-206	MANE
ABI2	365	ABI2-203	MANE
ABI3	366	ABI3-201	MANE
ABI3BP	368	ABI3BP-201	longest_CDS
ABITRAM	371	ABITRAM-201	MANE
ABL1	372	ABL1-201	MANE
ABL2	378	ABL2-203	MANE
ABLIM1	379	ABLIM1-213	longest_CDS
ABLIM2	383	ABLIM2-216	longest_CDS
ABLIM3	388	ABLIM3-201	MANE
ABR	399	ABR-202	MANE
ABRA	403	ABRA-201	MANE
ABRACL	404	ABRACL-201	MANE
ABRAXAS1	407	ABRAXAS1-201	MANE
ABRAXAS2	409	ABRAXAS2-201	MANE
ABT1	410	ABT1-201	MANE
ABTB1	415	ABTB1-201	MANE
ABTB2	416	ABTB2-201	MANE
ABTB3	418	ABTB3-201	MANE
ACAA1	422	ACAA1-202	MANE
ACAA2	428	ACAA2-201	MANE
ACACA	434	ACACA-237	MANE
ACACB	438	ACACB-207	longest_CDS
ACAD10	441	ACAD10-201	MANE
ACAD11	444	ACAD11-201	MANE
ACAD8	453	ACAD8-201	MANE
ACAD9	457	ACAD9-201	MANE
ACADL	467	ACADL-201	MANE
ACADM	473	ACADM-202	MANE
ACADS	489	ACADS-201	MANE
ACADSB	490	ACADSB-201	MANE
ACADVL	492	ACADVL-203	MANE
ACAN	507	ACAN-208	longest_CDS
ACAP1	510	ACAP1-201	MANE
ACAP2	515	ACAP2-201	MANE
ACAP3	518	ACAP3-202	MANE
ACAT1	524	ACAT1-201	MANE
ACAT2	526	ACAT2-201	MANE
ACBD3	527	ACBD3-201	MANE
ACBD4	529	ACBD4-201	MANE
ACBD5	548	ACBD5-205	MANE
ACBD6	551	ACBD6-201	MANE
ACBD7	552	ACBD7-201	MANE
ACCS	555	ACCS-201	MANE
ACD	564	ACD-212	MANE
ACE	567	ACE-202	MANE
ACER2	569	ACER2-201	MANE
ACER3	578	ACER3-212	MANE
ACHE	589	ACHE-201	MANE
ACIN1	592	ACIN1-201	longest_CDS
ACKR1	596	ACKR1-202	MANE
ACKR3	599	ACKR3-201	MANE
ACLY	601	ACLY-201	MANE
ACO1	606	ACO1-201	MANE
ACO2	613	ACO2-201	MANE
ACOT1	625	ACOT1-201	MANE
ACOT11	627	ACOT11-201	MANE
ACOT13	630	ACOT13-201	MANE
ACOT2	632	ACOT2-201	MANE
ACOT4	634	ACOT4-201	MANE
ACOT7	640	ACOT7-201	MANE
ACOT8	645	ACOT8-201	MANE
ACOT9	650	ACOT9-204	MANE
ACOX1	654	ACOX1-201	MANE
ACOX2	656	ACOX2-201	MANE
ACOX3	660	ACOX3-201	MANE
ACP1	662	ACP1-201	MANE
ACP2	666	ACP2-201	longest_CDS
ACP3	667	ACP3-202	APPRIS
ACP6	669	ACP6-205	MANE
ACP7	673	ACP7-201	MANE
ACRBP	674	ACRBP-201	MANE
ACSBG1	675	ACSBG1-201	MANE
ACSF2	677	ACSF2-201	MANE
ACSF3	684	ACSF3-218	MANE
ACSL1	691	ACSL1-201	MANE
ACSL3	703	ACSL3-201	MANE
ACSL4	719	ACSL4-213	MANE
ACSL5	730	ACSL5-203	longest_CDS
ACSL6	738	ACSL6-231	MANE
ACSL6-AS1	744	ACSL6-AS1-201	Ensembl
ACSM5	746	ACSM5-201	MANE
ACSS1	750	ACSS1-201	MANE
ACSS2	753	ACSS2-202	MANE
ACSS3	754	ACSS3-203	MANE
ACTA1	757	ACTA1-202	MANE
ACTA2	763	ACTA2-201	MANE
ACTB	773	ACTB-217	MANE
ACTC1	776	ACTC1-201	MANE
ACTG1	781	ACTG1-205	MANE
ACTL10	795	ACTL10-201	MANE
ACTL6A	796	ACTL6A-202	MANE
ACTL6B	800	ACTL6B-201	MANE
ACTMAP	801	ACTMAP-201	MANE
ACTN1	805	ACTN1-203	MANE
ACTN2	825	ACTN2-201	MANE
ACTN4	836	ACTN4-201	MANE
ACTR10	837	ACTR10-201	MANE
ACTR1A	840	ACTR1A-201	MANE
ACTR1B	845	ACTR1B-201	MANE
ACTR2	847	ACTR2-201	MANE
ACTR3	851	ACTR3-201	MANE
ACTR3-AS1			no_CDS
ACTR3B	853	ACTR3B-201	MANE
ACTR3C	856	ACTR3C-206	MANE
ACTR5	858	ACTR5-201	MANE
ACTR6	863	ACTR6-201	MANE
ACTR8	867	ACTR8-201	MANE
ACTRT3	869	ACTRT3-201	MANE
ACVR1	874	ACVR1-207	MANE
ACVR1B	877	ACVR1B-201	MANE
ACVR1C	878	ACVR1C-201	MANE
ACVR2A	879	ACVR2A-201	MANE
ACVR2B	884	ACVR2B-201	MANE
ACVR2B-AS1	885	ACVR2B-AS1-201	Ensembl
ACY1	886	ACY1-215	MANE
ACYP1	890	ACYP1-201	MANE
ACYP2	903	ACYP2-209	MANE
ADA	910	ADA-201	MANE
ADA2	913	transcript1290.chr22.nic	longest_CDS
ADAL	917	ADAL-204	MANE
ADAM10	919	ADAM10-201	MANE
ADAM11	925	ADAM11-201	MANE
ADAM12	926	ADAM12-203	MANE
ADAM15	933	ADAM15-203	MANE
ADAM17	940	ADAM17-201	MANE
ADAM19	953	ADAM19-201	MANE
ADAM21	957	ADAM21-202	APPRIS
ADAM22	961	ADAM22-207	MANE
ADAM23	968	ADAM23-201	MANE
ADAM28	970	ADAM28-201	MANE
ADAM32	971	ADAM32-205	longest_CDS
ADAM33	974	ADAM33-202	MANE
ADAM8	978	ADAM8-202	MANE
ADAM9	998	ADAM9-209	MANE
ADAMTS1	1000	ADAMTS1-201	MANE
ADAMTS10	1010	ADAMTS10-211	MANE
ADAMTS13	1014	ADAMTS13-206	longest_CDS
ADAMTS14	1017	ADAMTS14-201	MANE
ADAMTS15	1018	transcript200334.chr11.nic	longest_CDS
ADAMTS16	1020	ADAMTS16-201	MANE
ADAMTS16-DT	1025	ADAMTS16-DT-201	Ensembl
ADAMTS17	1028	ADAMTS17-201	MANE
ADAMTS18	1031	ADAMTS18-201	MANE
ADAMTS19	1032	ADAMTS19-201	MANE
ADAMTS19-AS1	1033	ADAMTS19-AS1-202	Ensembl
ADAMTS2	1034	ADAMTS2-201	MANE
ADAMTS20	1038	ADAMTS20-201	MANE
ADAMTS3	1039	ADAMTS3-201	MANE
ADAMTS4	1041	ADAMTS4-202	MANE
ADAMTS5	1042	ADAMTS5-201	MANE
ADAMTS6	1045	ADAMTS6-203	MANE
ADAMTS7	1046	ADAMTS7-201	MANE
ADAMTS8	1047	ADAMTS8-201	MANE
ADAMTS9	1050	ADAMTS9-210	MANE
ADAMTS9-AS2	1054	ADAMTS9-AS2-201	longest_CDS
ADAMTSL1	1057	transcript25319.chr9.nic	longest_CDS
ADAMTSL3	1060	ADAMTSL3-201	MANE
ADAMTSL4			no_CDS
ADAMTSL4-AS1	1064	ADAMTSL4-AS1-201	Ensembl
ADAMTSL5	1065	ADAMTSL5-201	MANE
ADAP1	1068	ADAP1-201	MANE
ADAP2	1071	ADAP2-201	MANE
ADAR	1076	ADAR-212	longest_CDS
ADARB1	1094	ADARB1-203	longest_CDS
ADARB2	1098	ADARB2-203	MANE
ADAT1	1103	ADAT1-203	MANE
ADAT2	1105	ADAT2-201	MANE
ADAT3	1108	ADAT3-201	MANE
ADCK1	1109	ADCK1-201	MANE
ADCK2	1113	ADCK2-201	MANE
ADCK5	1114	ADCK5-201	MANE
ADCY1	1117	ADCY1-201	MANE
ADCY10P1	1118	ADCY10P1-203	Ensembl
ADCY2	1120	ADCY2-201	MANE
ADCY3	1124	ADCY3-213	MANE
ADCY4	1127	transcript4647.chr14.nic	longest_CDS
ADCY5	1129	ADCY5-202	MANE
ADCY6	1135	ADCY6-201	longest_CDS
ADCY7	1136	ADCY7-215	MANE
ADCY8	1139	ADCY8-201	MANE
ADCY9	1140	ADCY9-201	MANE
ADCYAP1	1143	ADCYAP1-202	MANE
ADCYAP1R1	1145	ADCYAP1R1-201	MANE
ADD1	1148	ADD1-229	MANE
ADD2	1167	ADD2-201	MANE
ADD3	1171	ADD3-202	MANE
ADD3-AS1			no_CDS
ADGRA1	1174	ADGRA1-202	MANE
ADGRA1-AS1	1176	ADGRA1-AS1-203	Ensembl
ADGRA2	1179	ADGRA2-202	MANE
ADGRA3	1181	ADGRA3-202	MANE
ADGRB1	1183	ADGRB1-205	longest_CDS
ADGRB2	1184	ADGRB2-202	MANE
ADGRB3	1195	ADGRB3-202	MANE
ADGRB3-DT	1199	ADGRB3-DT-209	Ensembl
ADGRD1	1204	transcript194351.chr12.nnic	longest_CDS
ADGRE2	1207	ADGRE2-201	MANE
ADGRE5	1211	ADGRE5-201	MANE
ADGRF5	1212	ADGRF5-202	MANE
ADGRG1	1221	ADGRG1-216	MANE
ADGRG6	1224	ADGRG6-203	APPRIS
ADGRL1	1226	ADGRL1-202	MANE
ADGRL1-AS1	1227	transcript32620.chr19.nnic	longest_CDS
ADGRL2	1245	ADGRL2-242	MANE
ADGRL3	1251	ADGRL3-219	MANE
ADGRL4	1257	ADGRL4-201	MANE
ADGRV1	1271	ADGRV1-201	MANE
ADH1B	1278	ADH1B-201	MANE
ADH5	1279	ADH5-201	MANE
ADHFE1	1282	ADHFE1-203	MANE
ADI1	1286	ADI1-201	MANE
ADIPOR1	1289	ADIPOR1-201	MANE
ADIPOR2	1291	ADIPOR2-201	MANE
ADIRF	1292	ADIRF-201	MANE
ADIRF-AS1			no_CDS
ADISSP	1294	ADISSP-202	MANE
ADK	1299	ADK-205	MANE
ADM	1301	ADM-201	MANE
ADM5	1305	ADM5-201	MANE
ADNP	1308	ADNP-202	APPRIS
ADNP-AS1			no_CDS
ADNP2	1313	ADNP2-201	MANE
ADORA1	1314	ADORA1-202	MANE
ADORA2A	1317	ADORA2A-214	APPRIS
ADORA2B	1318	ADORA2B-201	MANE
ADORA3	1321	ADORA3-201	MANE
ADPGK	1322	ADPGK-202	MANE
ADPRH	1331	ADPRH-201	MANE
ADPRHL1	1332	ADPRHL1-202	APPRIS
ADPRM	1333	ADPRM-201	MANE
ADPRS	1336	ADPRS-201	MANE
ADRA1A	1339	ADRA1A-204	MANE
ADRA2A	1341	ADRA2A-201	MANE
ADRA2B	1342	ADRA2B-201	MANE
ADRA2C	1343	ADRA2C-201	MANE
ADRB1	1344	ADRB1-201	MANE
ADRB2	1345	ADRB2-201	MANE
ADRB3	1346	ADRB3-201	MANE
ADRM1	1349	ADRM1-201	MANE
ADSL	1360	ADSL-208	MANE
ADSS1	1365	ADSS1-213	APPRIS
ADSS2	1367	ADSS2-201	MANE
AEBP1	1369	AEBP1-201	MANE
AEBP2	1371	AEBP2-201	MANE
AEN	1374	AEN-201	MANE
AFAP1	1377	AFAP1-204	MANE
AFAP1-AS1	1380	AFAP1-AS1-201	Ensembl
AFAP1L1	1381	AFAP1L1-201	MANE
AFAP1L2	1386	AFAP1L2-201	MANE
AFDN	1397	AFDN-223	MANE
AFDN-DT	1401	AFDN-DT-204	Ensembl
AFF1	1406	AFF1-202	MANE
AFF2	1411	AFF2-205	MANE
AFF3	1415	AFF3-203	longest_CDS
AFF4	1422	AFF4-201	MANE
AFG1L	1423	AFG1L-201	MANE
AFG3L2	1427	AFG3L2-201	MANE
AFMID	1432	transcript131576.chr17.nic	longest_CDS
AFTPH	1435	AFTPH-203	MANE
AFTPH-DT	1443	AFTPH-DT-201	Ensembl
AGA	1444	AGA-201	MANE
AGAP1	1445	AGAP1-201	MANE
AGAP12P	1451	AGAP12P-204	Ensembl
AGAP2	1452	AGAP2-203	MANE
AGAP2-AS1	1454	AGAP2-AS1-201	Ensembl
AGAP3	1456	transcript231322.chr7.nnic	longest_CDS
AGAP4	1463	AGAP4-205	MANE
AGAP5	1464	AGAP5-201	MANE
AGAP6	1470	AGAP6-203	MANE
AGAP9	1471	AGAP9-201	MANE
AGBL1	1472	transcript130614.chr15.nnic	longest_CDS
AGBL2	1473	transcript56043.chr11.nic	longest_CDS
AGBL3	1474	AGBL3-206	longest_CDS
AGBL4	1478	AGBL4-203	MANE
AGBL5	1488	AGBL5-202	MANE
AGER	1492	AGER-211	longest_CDS
AGFG1	1494	AGFG1-201	MANE
AGFG2	1496	AGFG2-201	MANE
AGGF1	1497	AGGF1-201	MANE
AGK	1500	AGK-218	MANE
AGL	1504	AGL-203	MANE
AGMAT	1505	AGMAT-201	MANE
AGMO	1506	AGMO-201	MANE
AGO1	1513	AGO1-203	longest_CDS
AGO2	1514	AGO2-201	MANE
AGO3	1518	AGO3-203	MANE
AGO4	1522	AGO4-201	MANE
AGPAT1	1523	AGPAT1-203	MANE
AGPAT2	1527	AGPAT2-202	MANE
AGPAT3	1528	AGPAT3-201	MANE
AGPAT4	1533	AGPAT4-201	MANE
AGPAT5	1537	AGPAT5-201	MANE
AGPS	1541	AGPS-201	MANE
AGRN	1545	AGRN-201	MANE
AGT	1553	AGT-201	MANE
AGTPBP1	1555	AGTPBP1-202	MANE
AGTRAP	1559	AGTRAP-201	MANE
AHCTF1	1563	AHCTF1-207	MANE
AHCY	1565	AHCY-201	MANE
AHCYL1	1567	AHCYL1-202	MANE
AHCYL2	1569	AHCYL2-201	MANE
AHDC1			no_CDS
AHI1	1608	AHI1-201	MANE
AHI1-DT	1612	transcript187366.chr6.nic	longest_CDS
AHNAK	1615	AHNAK-202	MANE
AHNAK2	1617	AHNAK2-201	MANE
AHR	1620	AHR-201	MANE
AHSA1	1621	AHSA1-201	MANE
AIDA	1626	AIDA-201	MANE
AIF1	1628	AIF1-203	MANE
AIF1L	1631	AIF1L-201	MANE
AIFM1	1637	AIFM1-201	MANE
AIFM2	1641	AIFM2-201	MANE
AIFM3	1647	AIFM3-202	longest_CDS
AIG1	1652	AIG1-202	MANE
AIM2	1653	AIM2-202	MANE
AIMP1	1659	AIMP1-211	MANE
AIMP2	1666	AIMP2-201	MANE
AIP	1669	AIP-201	MANE
AIRN	1670	AIRN-201	Ensembl
AJAP1	1672	AJAP1-202	MANE
AJUBA	1673	AJUBA-201	MANE
AK1	1674	AK1-206	MANE
AK2	1675	AK2-214	MANE
AK3	1686	AK3-202	MANE
AK4	1689	AK4-201	MANE
AK5	1692	AK5-203	MANE
AK6	1696	AK6-202	MANE
AK7	1698	AK7-201	MANE
AK8	1700	AK8-201	MANE
AK9	1703	AK9-204	MANE
AKAIN1	1706	AKAIN1-201	MANE
AKAP1	1709	AKAP1-202	MANE
AKAP1-DT	1710	AKAP1-DT-201	longest_CDS
AKAP10	1712	AKAP10-201	MANE
AKAP11	1713	AKAP11-201	MANE
AKAP12	1715	AKAP12-204	MANE
AKAP13	1722	AKAP13-203	MANE
AKAP17A	1727	AKAP17A-201	MANE
AKAP5	1731	AKAP5-202	MANE
AKAP6	1733	AKAP6-201	MANE
AKAP7	1741	AKAP7-210	longest_CDS
AKAP8	1742	AKAP8-201	MANE
AKAP8L	1763	AKAP8L-201	MANE
AKAP9	1771	AKAP9-202	longest_CDS
AKIP1	1790	AKIP1-203	MANE
AKIRIN1	1794	AKIRIN1-202	MANE
AKIRIN2	1796	AKIRIN2-201	MANE
AKNA	1799	AKNA-202	longest_CDS
AKR1A1	1801	AKR1A1-201	MANE
AKR1B1	1806	AKR1B1-201	MANE
AKR1C1	1808	AKR1C1-202	MANE
AKR1C2	1812	AKR1C2-201	MANE
AKR1C3	1814	AKR1C3-201	MANE
AKR1E2	1820	transcript16024.chr10.nnic	longest_CDS
AKR7A2	1821	AKR7A2-201	MANE
AKR7L	1822	AKR7L-202	longest_CDS
AKT1	1828	AKT1-218	MANE
AKT1S1	1832	AKT1S1-207	longest_CDS
AKT2	1834	AKT2-206	MANE
AKT3	1844	AKT3-217	MANE
AKTIP	1846	AKTIP-202	MANE
ALAD	1851	ALAD-201	MANE
ALAS1	1855	ALAS1-205	MANE
ALCAM	1856	ALCAM-201	MANE
ALDH16A1	1861	ALDH16A1-201	MANE
ALDH18A1	1863	ALDH18A1-202	MANE
ALDH1A1	1867	ALDH1A1-201	MANE
ALDH1A2	1869	ALDH1A2-221	longest_CDS
ALDH1A3	1870	ALDH1A3-201	MANE
ALDH1A3-AS1	1873	ALDH1A3-AS1-204	Ensembl
ALDH1B1	1875	ALDH1B1-201	MANE
ALDH1L1	1879	ALDH1L1-203	MANE
ALDH1L2	1887	ALDH1L2-201	MANE
ALDH2	1888	ALDH2-201	MANE
ALDH3A1	1891	ALDH3A1-206	longest_CDS
ALDH3A2	1893	ALDH3A2-201	MANE
ALDH3B1	1910	ALDH3B1-201	MANE
ALDH4A1	1913	ALDH4A1-202	MANE
ALDH5A1	1917	ALDH5A1-202	MANE
ALDH6A1	1919	ALDH6A1-202	MANE
ALDH7A1	1922	ALDH7A1-201	MANE
ALDH8A1	1929	ALDH8A1-201	MANE
ALDH9A1	1931	ALDH9A1-201	MANE
ALDOA	1936	ALDOA-201	longest_CDS
ALDOC	1940	ALDOC-201	MANE
ALG1	1945	ALG1-201	MANE
ALG10	1955	ALG10-201	MANE
ALG10B	1956	ALG10B-201	MANE
ALG11	1962	ALG11-202	MANE
ALG12	1969	ALG12-201	MANE
ALG13	1973	ALG13-202	MANE
ALG14	1976	ALG14-201	MANE
ALG1L9P			no_CDS
ALG2	1979	ALG2-203	MANE
ALG3	1981	ALG3-201	MANE
ALG5	1985	ALG5-201	MANE
ALG6	1991	ALG6-201	MANE
ALG8	1998	ALG8-201	MANE
ALG9	2004	ALG9-215	MANE
ALK	2008	ALK-201	MANE
ALKAL2	2009	ALKAL2-204	MANE
ALKBH1	2010	ALKBH1-201	MANE
ALKBH2	2012	ALKBH2-202	MANE
ALKBH3	2018	ALKBH3-201	MANE
ALKBH4	2020	ALKBH4-201	MANE
ALKBH5	2021	ALKBH5-201	MANE
ALKBH6	2027	ALKBH6-202	MANE
ALKBH7	2028	ALKBH7-201	MANE
ALKBH8	2031	ALKBH8-205	MANE
ALMS1	2039	ALMS1-205	MANE
ALMS1P1	2048	ALMS1P1-203	Ensembl
ALOX12-AS1	2051	transcript15279.chr17.nnic	longest_CDS
ALOX12B	2057	ALOX12B-204	MANE
ALOX12P2	2060	ALOX12P2-213	longest_CDS
ALOX15B	2064	ALOX15B-202	MANE
ALOX5	2066	ALOX5-201	MANE
ALOX5AP	2068	ALOX5AP-201	MANE
ALPK1	2069	ALPK1-219	MANE
ALPK2	2076	ALPK2-201	MANE
ALPK3	2077	ALPK3-201	MANE
ALPL	2078	ALPL-204	MANE
ALS2	2080	ALS2-201	MANE
ALS2CL	2110	ALS2CL-201	MANE
ALX3	2112	ALX3-201	MANE
ALYREF	2113	ALYREF-202	MANE
AMACR	2114	AMACR-201	MANE
AMBRA1	2116	AMBRA1-213	MANE
AMD1	2120	AMD1-204	MANE
AMDHD2	2131	AMDHD2-201	MANE
AMER1	2135	AMER1-201	MANE
AMER2	2141	AMER2-202	MANE
AMER3	2143	AMER3-201	MANE
AMFR	2145	AMFR-201	MANE
AMH	2146	AMH-201	MANE
AMIGO1	2148	AMIGO1-202	MANE
AMIGO2	2152	AMIGO2-203	MANE
AMIGO3	2153	AMIGO3-201	MANE
AMMECR1	2157	AMMECR1-201	MANE
AMMECR1L	2160	AMMECR1L-201	MANE
AMN1	2161	AMN1-201	MANE
AMOT	2163	AMOT-203	MANE
AMOTL1	2171	AMOTL1-203	MANE
AMOTL2	2174	AMOTL2-201	MANE
AMPD2	2180	AMPD2-201	longest_CDS
AMPD3	2204	AMPD3-202	MANE
AMPH	2207	AMPH-202	MANE
AMT	2209	AMT-201	MANE
AMY2A	2227	AMY2A-201	MANE
AMY2B	2231	AMY2B-208	MANE
AMZ1	2234	AMZ1-207	MANE
AMZ2	2240	AMZ2-202	MANE
AMZ2P1	2249	AMZ2P1-203	Ensembl
ANAPC1	2258	ANAPC1-201	MANE
ANAPC10	2264	ANAPC10-209	MANE
ANAPC11	2270	ANAPC11-201	MANE
ANAPC13	2275	ANAPC13-201	MANE
ANAPC15	2277	ANAPC15-201	MANE
ANAPC16	2282	ANAPC16-201	MANE
ANAPC2	2285	ANAPC2-201	MANE
ANAPC4	2287	ANAPC4-201	MANE
ANAPC5	2293	ANAPC5-201	MANE
ANAPC7	2303	ANAPC7-203	MANE
ANG	2305	ANG-201	APPRIS
ANGEL1	2306	ANGEL1-201	MANE
ANGEL2	2309	ANGEL2-202	MANE
ANGPT1	2320	ANGPT1-202	MANE
ANGPT2	2324	ANGPT2-204	MANE
ANGPTL1	2326	ANGPTL1-201	MANE
ANGPTL2	2327	ANGPTL2-202	MANE
ANGPTL4	2328	ANGPTL4-201	MANE
ANGPTL5	2330	ANGPTL5-201	MANE
ANGPTL7	2331	ANGPTL7-201	MANE
ANK1	2333	ANK1-202	MANE
ANK2	2364	ANK2-202	MANE
ANK2-AS1			no_CDS
ANK3	2405	ANK3-201	MANE
ANKAR	2415	ANKAR-203	longest_CDS
ANKDD1A	2417	ANKDD1A-201	MANE
ANKEF1	2421	ANKEF1-202	MANE
ANKFN1	2425	ANKFN1-211	MANE
ANKFY1	2427	ANKFY1-201	MANE
ANKH	2437	ANKH-201	MANE
ANKHD1	2447	ANKHD1-203	MANE
ANKHD1-DT			no_CDS
ANKIB1	2454	ANKIB1-201	MANE
ANKK1	2455	ANKK1-201	MANE
ANKLE1	2456	ANKLE1-210	longest_CDS
ANKLE2	2460	ANKLE2-201	MANE
ANKMY1	2465	transcript408895.chr2.nnic	longest_CDS
ANKMY2	2470	ANKMY2-201	MANE
ANKRA2	2474	ANKRA2-201	MANE
ANKRD10	2477	ANKRD10-201	MANE
ANKRD10-IT1			no_CDS
ANKRD11	2489	ANKRD11-201	MANE
ANKRD12	2494	ANKRD12-201	MANE
ANKRD13A	2498	ANKRD13A-201	MANE
ANKRD13B	2501	ANKRD13B-201	MANE
ANKRD13C	2502	ANKRD13C-202	MANE
ANKRD13D	2509	ANKRD13D-211	MANE
ANKRD16	2510	ANKRD16-203	MANE
ANKRD17	2517	ANKRD17-202	MANE
ANKRD17-DT			no_CDS
ANKRD18A	2525	ANKRD18A-201	MANE
ANKRD18B	2527	ANKRD18B-206	MANE
ANKRD18DP	2530	ANKRD18DP-206	longest_CDS
ANKRD20A1	2532	ANKRD20A1-201	MANE
ANKRD20A11P			no_CDS
ANKRD20A5P	2538	ANKRD20A5P-202	Ensembl
ANKRD22	2540	ANKRD22-201	MANE
ANKRD23	2542	ANKRD23-201	MANE
ANKRD24	2545	ANKRD24-201	longest_CDS
ANKRD26	2553	ANKRD26-201	MANE
ANKRD27	2558	ANKRD27-201	MANE
ANKRD28	2560	ANKRD28-216	MANE
ANKRD29	2567	ANKRD29-208	MANE
ANKRD30A	2571	ANKRD30A-202	longest_CDS
ANKRD30B	2572	ANKRD30B-206	MANE
ANKRD30BL			no_CDS
ANKRD31	2576	ANKRD31-203	MANE
ANKRD33B	2580	ANKRD33B-201	MANE
ANKRD34A	2581	ANKRD34A-201	MANE
ANKRD34B	2582	ANKRD34B-201	MANE
ANKRD34C	2584	ANKRD34C-201	MANE
ANKRD34C-AS1	2590	transcript118407.chr15.nnic	longest_CDS
ANKRD35	2593	ANKRD35-201	MANE
ANKRD36	2596	ANKRD36-201	MANE
ANKRD36B	2601	ANKRD36B-202	MANE
ANKRD36BP2	2608	ANKRD36BP2-207	longest_CDS
ANKRD36C	2611	ANKRD36C-201	MANE
ANKRD37	2618	ANKRD37-201	MANE
ANKRD39	2620	ANKRD39-201	MANE
ANKRD40	2622	ANKRD40-201	MANE
ANKRD42	2626	ANKRD42-209	MANE
ANKRD42-DT			no_CDS
ANKRD44	2634	ANKRD44-201	MANE
ANKRD45	2640	ANKRD45-201	MANE
ANKRD46	2642	ANKRD46-201	MANE
ANKRD49	2651	ANKRD49-210	MANE
ANKRD50	2653	ANKRD50-201	MANE
ANKRD52	2657	ANKRD52-201	MANE
ANKRD53	2659	ANKRD53-201	longest_CDS
ANKRD54	2661	ANKRD54-201	MANE
ANKRD55	2663	ANKRD55-201	MANE
ANKRD6	2667	ANKRD6-201	MANE
ANKRD62	2672	ANKRD62-202	MANE
ANKRD63	2673	ANKRD63-201	MANE
ANKRD65	2675	ANKRD65-205	MANE
ANKRD9	2679	ANKRD9-201	MANE
ANKS1A	2684	ANKS1A-201	MANE
ANKS1B	2687	ANKS1B-234	MANE
ANKS3	2711	ANKS3-201	MANE
ANKS4B	2712	ANKS4B-201	MANE
ANKS6	2714	ANKS6-201	MANE
ANKZF1	2723	ANKZF1-201	MANE
ANLN	2726	ANLN-201	MANE
ANO1	2730	ANO1-202	MANE
ANO10	2732	ANO10-201	MANE
ANO2	2733	ANO2-212	MANE
ANO3	2737	ANO3-201	MANE
ANO4	2739	ANO4-201	MANE
ANO5	2747	ANO5-201	MANE
ANO6	2755	ANO6-201	MANE
ANO7			no_CDS
ANO8	2766	ANO8-201	MANE
ANOS1	2770	ANOS1-201	MANE
ANP32A	2772	ANP32A-203	MANE
ANP32B	2773	ANP32B-201	MANE
ANP32E	2775	ANP32E-208	MANE
ANTKMT	2777	ANTKMT-207	MANE
ANTXR1	2780	ANTXR1-201	MANE
ANTXR2	2785	ANTXR2-203	MANE
ANXA1	2787	ANXA1-201	MANE
ANXA11	2789	ANXA11-203	MANE
ANXA2	2791	ANXA2-204	MANE
ANXA2R	2795	ANXA2R-202	MANE
ANXA2R-AS1	2797	transcript45107.chr5.nnic	longest_CDS
ANXA2R-OT1			no_CDS
ANXA3	2802	ANXA3-201	MANE
ANXA4	2803	ANXA4-201	MANE
ANXA5	2806	ANXA5-201	MANE
ANXA6	2809	ANXA6-201	MANE
ANXA7	2812	ANXA7-202	MANE
AOAH	2816	AOAH-211	MANE
AOC2	2817	AOC2-201	MANE
AOC3	2818	AOC3-206	longest_CDS
AOPEP	2825	AOPEP-203	MANE
AOX1	2827	AOX1-202	MANE
AP1AR	2831	AP1AR-201	MANE
AP1AR-DT	2833	AP1AR-DT-201	Ensembl
AP1B1	2836	AP1B1-202	MANE
AP1G1	2840	AP1G1-201	MANE
AP1G2	2848	AP1G2-201	APPRIS
AP1G2-AS1	2850	AP1G2-AS1-201	Ensembl
AP1M1	2851	AP1M1-201	MANE
AP1S1	2855	AP1S1-201	MANE
AP1S2	2856	transcript19346.chrX.nic	longest_CDS
AP1S3	2861	AP1S3-203	MANE
AP2A1	2865	AP2A1-201	MANE
AP2A2	2878	AP2A2-202	MANE
AP2B1	2883	AP2B1-211	MANE
AP2M1	2890	AP2M1-202	longest_CDS
AP2S1	2902	AP2S1-201	MANE
AP3B1	2913	AP3B1-201	MANE
AP3B2	2917	AP3B2-203	MANE
AP3D1	2933	AP3D1-213	MANE
AP3M1	2940	AP3M1-201	MANE
AP3M2	2942	AP3M2-201	MANE
AP3S1	2944	AP3S1-201	MANE
AP3S2	2945	AP3S2-201	MANE
AP4B1	2949	AP4B1-204	MANE
AP4E1	2952	AP4E1-201	MANE
AP4M1	2955	AP4M1-201	MANE
AP4S1	2959	AP4S1-204	MANE
AP5B1	2961	AP5B1-201	MANE
AP5M1	2962	AP5M1-201	MANE
AP5S1	2964	AP5S1-205	MANE
AP5Z1	2972	AP5Z1-213	MANE
APAF1	2973	APAF1-210	MANE
APBA1	2974	APBA1-201	MANE
APBA2	2981	APBA2-213	MANE
APBA3	2984	APBA3-201	MANE
APBB1	2988	APBB1-220	MANE
APBB1IP	2993	transcript59932.chr10.nic	longest_CDS
APBB2	3001	APBB2-214	MANE
APBB3	3005	APBB3-203	MANE
APC	3013	APC-201	MANE
APC2	3020	APC2-206	MANE
APCDD1	3027	APCDD1-201	MANE
APEH	3028	APEH-201	MANE
APEX1	3030	APEX1-201	MANE
APEX2	3036	APEX2-201	MANE
APH1A	3037	APH1A-203	MANE
APH1B	3039	APH1B-201	MANE
API5	3043	API5-208	MANE
APIP	3045	APIP-201	MANE
APLF	3049	APLF-201	MANE
APLN	3053	APLN-201	MANE
APLNR	3055	APLNR-202	MANE
APLP1	3057	APLP1-201	MANE
APLP2	3061	APLP2-203	MANE
APMAP	3069	APMAP-201	MANE
APOB	3071	APOB-201	MANE
APOBEC3C	3072	APOBEC3C-201	MANE
APOBEC3G	3073	APOBEC3G-201	MANE
APOBR	3074	APOBR-201	MANE
APOC2	3075	APOC2-201	MANE
APOD	3076	APOD-201	MANE
APOE	3079	APOE-201	MANE
APOL2	3080	APOL2-202	MANE
APOL3	3082	APOL3-207	MANE
APOL6	3083	APOL6-201	MANE
APOLD1	3085	APOLD1-202	MANE
APOO	3088	APOO-201	MANE
APOOL	3092	APOOL-201	MANE
APP	3102	APP-201	MANE
APP-DT	3109	APP-DT-201	Ensembl
APPAT	3111	APPAT-218	longest_CDS
APPBP2	3114	APPBP2-201	MANE
APPBP2-DT			no_CDS
APPL1	3117	APPL1-201	MANE
APPL2	3119	APPL2-201	MANE
APRT	3122	APRT-201	MANE
APTR	3126	APTR-204	Ensembl
APTX	3133	APTX-203	MANE
AQP1	3148	AQP1-201	MANE
AQP11	3149	AQP11-201	MANE
AQP3	3150	AQP3-201	MANE
AQP4	3153	AQP4-208	longest_CDS
AQP4-AS1			no_CDS
AQP6	3158	AQP6-201	MANE
AQP9	3159	AQP9-201	MANE
AQR	3162	AQR-201	MANE
ARAF	3163	ARAF-202	MANE
ARAP1	3170	ARAP1-204	MANE
ARAP2	3172	ARAP2-201	MANE
ARAP3	3177	ARAP3-203	longest_CDS
ARC	3179	ARC-201	MANE
ARCN1	3181	ARCN1-201	MANE
AREG	3182	transcript111101.chr4.nic	longest_CDS
AREL1	3187	AREL1-201	MANE
ARF1	3190	ARF1-201	MANE
ARF3	3192	ARF3-201	MANE
ARF4	3193	ARF4-201	MANE
ARF5	3195	ARF5-201	MANE
ARF6	3198	ARF6-201	MANE
ARFGAP1	3199	ARFGAP1-203	MANE
ARFGAP2	3214	ARFGAP2-205	MANE
ARFGAP3	3215	ARFGAP3-201	MANE
ARFGEF1	3219	ARFGEF1-201	MANE
ARFGEF1-DT	3220	ARFGEF1-DT-201	Ensembl
ARFGEF2	3228	ARFGEF2-201	MANE
ARFGEF3	3232	ARFGEF3-201	MANE
ARFIP1	3236	ARFIP1-201	MANE
ARFIP2	3239	ARFIP2-202	MANE
ARFRP1	3249	ARFRP1-214	MANE
ARG2	3251	ARG2-201	MANE
ARGLU1	3252	ARGLU1-203	MANE
ARHGAP1	3255	ARHGAP1-201	MANE
ARHGAP10	3259	ARHGAP10-201	MANE
ARHGAP11A	3262	ARHGAP11A-201	MANE
ARHGAP11A-DT			no_CDS
ARHGAP11B	3265	ARHGAP11B-202	APPRIS
ARHGAP12	3268	ARHGAP12-205	longest_CDS
ARHGAP15	3272	ARHGAP15-201	MANE
ARHGAP17	3275	ARHGAP17-201	MANE
ARHGAP18	3283	ARHGAP18-201	MANE
ARHGAP19	3284	ARHGAP19-202	MANE
ARHGAP20	3287	ARHGAP20-207	MANE
ARHGAP21	3301	ARHGAP21-202	MANE
ARHGAP22	3307	ARHGAP22-201	MANE
ARHGAP23	3311	ARHGAP23-222	MANE
ARHGAP24	3313	ARHGAP24-201	longest_CDS
ARHGAP25	3319	ARHGAP25-202	MANE
ARHGAP26	3321	ARHGAP26-222	MANE
ARHGAP27	3327	ARHGAP27-211	APPRIS
ARHGAP28	3331	ARHGAP28-203	MANE
ARHGAP29	3334	ARHGAP29-201	MANE
ARHGAP30	3338	ARHGAP30-201	MANE
ARHGAP31	3340	ARHGAP31-201	MANE
ARHGAP32	3341	ARHGAP32-209	MANE
ARHGAP33	3348	ARHGAP33-201	MANE
ARHGAP35	3349	ARHGAP35-205	MANE
ARHGAP36	3353	ARHGAP36-201	MANE
ARHGAP39	3354	ARHGAP39-202	MANE
ARHGAP4	3358	ARHGAP4-201	MANE
ARHGAP42	3360	ARHGAP42-201	MANE
ARHGAP44	3363	ARHGAP44-203	MANE
ARHGAP45	3367	ARHGAP45-201	MANE
ARHGAP5	3374	ARHGAP5-202	MANE
ARHGAP5-AS1	3376	ARHGAP5-AS1-201	Ensembl
ARHGAP6	3379	ARHGAP6-205	longest_CDS
ARHGAP8	3380	ARHGAP8-208	longest_CDS
ARHGAP9	3381	ARHGAP9-205	longest_CDS
ARHGDIA	3383	ARHGDIA-201	MANE
ARHGDIB	3385	ARHGDIB-201	MANE
ARHGDIG	3386	ARHGDIG-201	MANE
ARHGEF1	3395	ARHGEF1-203	MANE
ARHGEF10	3400	ARHGEF10-201	MANE
ARHGEF10L	3408	ARHGEF10L-202	MANE
ARHGEF11	3409	ARHGEF11-202	MANE
ARHGEF12	3414	ARHGEF12-202	MANE
ARHGEF16	3422	ARHGEF16-203	MANE
ARHGEF17	3423	ARHGEF17-201	MANE
ARHGEF18	3427	ARHGEF18-202	longest_CDS
ARHGEF19	3432	ARHGEF19-201	MANE
ARHGEF2	3434	ARHGEF2-203	MANE
ARHGEF25	3441	ARHGEF25-201	MANE
ARHGEF26	3442	ARHGEF26-202	MANE
ARHGEF26-AS1	3447	ARHGEF26-AS1-203	Ensembl
ARHGEF28	3453	ARHGEF28-212	MANE
ARHGEF3	3460	ARHGEF3-201	MANE
ARHGEF33	3463	ARHGEF33-202	MANE
ARHGEF35	3465	ARHGEF35-201	MANE
ARHGEF37	3467	ARHGEF37-201	MANE
ARHGEF39	3469	ARHGEF39-201	MANE
ARHGEF4	3473	ARHGEF4-205	MANE
ARHGEF40	3478	ARHGEF40-201	MANE
ARHGEF5	3481	ARHGEF5-201	MANE
ARHGEF6	3483	ARHGEF6-201	MANE
ARHGEF7	3491	ARHGEF7-220	MANE
ARHGEF9	3497	ARHGEF9-239	MANE
ARID1A	3513	ARID1A-201	MANE
ARID1B	3532	ARID1B-220	MANE
ARID2	3535	ARID2-202	longest_CDS
ARID3A	3537	ARID3A-201	MANE
ARID3B	3539	ARID3B-201	MANE
ARID4A	3542	ARID4A-202	MANE
ARID4B	3546	ARID4B-201	MANE
ARID5A	3554	ARID5A-201	MANE
ARID5B	3557	ARID5B-201	MANE
ARIH1	3561	ARIH1-201	MANE
ARIH2	3564	ARIH2-201	MANE
ARIH2OS	3566	ARIH2OS-201	Ensembl
ARL1	3567	ARL1-201	MANE
ARL10	3568	ARL10-201	MANE
ARL11	3569	ARL11-201	MANE
ARL13B	3577	ARL13B-203	MANE
ARL14EP	3581	ARL14EP-201	MANE
ARL15	3587	ARL15-202	MANE
ARL16	3591	ARL16-213	MANE
ARL17A	3595	ARL17A-202	MANE
ARL17B	3599	ARL17B-202	MANE
ARL2	3603	ARL2-201	MANE
ARL2BP	3606	ARL2BP-201	MANE
ARL3	3608	ARL3-201	MANE
ARL4A	3611	ARL4A-207	MANE
ARL4C	3617	ARL4C-201	MANE
ARL4D	3619	ARL4D-201	MANE
ARL5A	3620	ARL5A-201	MANE
ARL5B	3621	ARL5B-201	MANE
ARL5C			no_CDS
ARL6	3624	ARL6-203	MANE
ARL6IP1	3628	ARL6IP1-201	MANE
ARL6IP4	3632	ARL6IP4-201	MANE
ARL6IP5	3638	ARL6IP5-201	MANE
ARL6IP6	3642	ARL6IP6-201	MANE
ARL8A	3647	ARL8A-201	MANE
ARL8B	3648	ARL8B-201	MANE
ARL9	3652	ARL9-202	MANE
ARLNC1	3654	transcript124744.chr16.nnic	longest_CDS
ARMC1	3655	ARMC1-201	MANE
ARMC10	3664	ARMC10-202	MANE
ARMC2	3665	ARMC2-203	MANE
ARMC3	3668	transcript54943.chr10.nic	longest_CDS
ARMC5	3671	ARMC5-201	MANE
ARMC6	3672	ARMC6-206	MANE
ARMC7	3677	ARMC7-201	MANE
ARMC8	3680	ARMC8-210	MANE
ARMC9	3706	ARMC9-213	MANE
ARMCX1	3709	ARMCX1-201	MANE
ARMCX2	3712	ARMCX2-203	MANE
ARMCX3	3717	ARMCX3-203	MANE
ARMCX4	3722	ARMCX4-202	MANE
ARMCX5	3726	ARMCX5-203	MANE
ARMCX5-GPRASP2	3735	ARMCX5-GPRASP2-211	Ensembl
ARMCX6	3736	ARMCX6-201	MANE
ARMH1	3739	ARMH1-201	longest_CDS
ARMH3	3742	ARMH3-202	MANE
ARMH4	3744	ARMH4-201	MANE
ARMT1	3745	ARMT1-201	MANE
ARNILA			no_CDS
ARNT	3750	ARNT-202	MANE
ARNT2	3760	ARNT2-201	MANE
ARNT2-DT			no_CDS
ARPC1A	3767	ARPC1A-201	MANE
ARPC1B	3774	ARPC1B-222	MANE
ARPC2	3777	ARPC2-202	MANE
ARPC3	3782	ARPC3-201	MANE
ARPC4	3784	ARPC4-201	MANE
ARPC5	3785	ARPC5-202	MANE
ARPC5L	3790	ARPC5L-202	MANE
ARPIN	3792	ARPIN-201	MANE
ARPP19	3793	ARPP19-201	MANE
ARPP21	3807	ARPP21-236	MANE
ARRB1	3811	ARRB1-202	MANE
ARRB2	3814	ARRB2-201	MANE
ARRDC1	3816	ARRDC1-201	MANE
ARRDC1-AS1	3820	ARRDC1-AS1-202	Ensembl
ARRDC2	3821	ARRDC2-201	MANE
ARRDC3	3825	ARRDC3-201	MANE
ARRDC4	3826	ARRDC4-201	MANE
ARSA	3828	ARSA-201	MANE
ARSB	3837	ARSB-201	MANE
ARSD	3838	ARSD-202	MANE
ARSF	3842	ARSF-202	MANE
ARSG	3845	ARSG-208	MANE
ARSI	3846	ARSI-201	MANE
ARSJ	3849	ARSJ-201	MANE
ARSK	3853	ARSK-201	MANE
ARSL	3855	ARSL-204	longest_CDS
ART3	3857	ART3-203	MANE
ARV1	3862	ARV1-201	MANE
ARVCF	3868	ARVCF-201	MANE
ARX	3872	ARX-201	MANE
AS3MT	3873	AS3MT-201	MANE
ASAH1	3896	ASAH1-257	MANE
ASAH1-AS1	3899	ASAH1-AS1-207	Ensembl
ASAH2B	3902	ASAH2B-207	MANE
ASAP1	3904	ASAP1-202	MANE
ASAP1-IT2	3907	ASAP1-IT2-201	Ensembl
ASAP2	3909	ASAP2-201	MANE
ASAP3	3912	ASAP3-201	MANE
ASB1	3913	ASB1-201	MANE
ASB13	3918	ASB13-201	MANE
ASB16	3919	ASB16-201	MANE
ASB16-AS1	3920	ASB16-AS1-205	longest_CDS
ASB2	3924	ASB2-203	MANE
ASB3	3929	ASB3-201	MANE
ASB4			no_CDS
ASB6	3931	ASB6-201	MANE
ASB7	3932	ASB7-201	MANE
ASB8	3935	ASB8-201	MANE
ASCC1	3936	ASCC1-224	MANE
ASCC2	3945	ASCC2-201	MANE
ASCC3	3950	ASCC3-204	MANE
ASCL1	3951	ASCL1-201	MANE
ASDURF	3952	ASDURF-204	MANE
ASF1A	3953	ASF1A-201	MANE
ASGR1	3955	ASGR1-201	MANE
ASH1L	3966	ASH1L-216	longest_CDS
ASH1L-AS1	3968	ASH1L-AS1-202	Ensembl
ASH2L	3972	ASH2L-201	MANE
ASIC1	3974	ASIC1-202	MANE
ASIC2	3979	ASIC2-201	MANE
ASIC3	3982	ASIC3-202	MANE
ASIC4	3984	ASIC4-206	longest_CDS
ASL	3987	ASL-201	MANE
ASMTL	3994	ASMTL-201	MANE
ASNS	3995	ASNS-203	longest_CDS
ASNSD1	4002	ASNSD1-201	MANE
ASPA	4004	ASPA-201	MANE
ASPDH	4005	ASPDH-201	longest_CDS
ASPH	4009	ASPH-203	MANE
ASPHD1	4018	ASPHD1-201	MANE
ASPHD2	4019	ASPHD2-201	MANE
ASPM	4020	ASPM-203	MANE
ASPN	4022	transcript160773.chr9.nic	longest_CDS
ASPRV1	4023	ASPRV1-201	MANE
ASPSCR1	4033	ASPSCR1-202	MANE
ASRGL1	4037	ASRGL1-202	MANE
ASS1	4040	ASS1-201	MANE
ASTE1	4044	ASTE1-201	MANE
ASTL	4045	ASTL-201	MANE
ASTN1	4046	ASTN1-202	MANE
ASTN2	4059	ASTN2-202	MANE
ASXL1	4062	ASXL1-201	longest_CDS
ASXL2	4067	ASXL2-203	MANE
ASXL3	4069	ASXL3-201	MANE
ATAD1	4072	ATAD1-204	MANE
ATAD2	4078	ATAD2-201	MANE
ATAD2B	4082	ATAD2B-201	MANE
ATAD3A	4085	ATAD3A-203	MANE
ATAD3B	4086	ATAD3B-203	longest_CDS
ATAD3C	4089	ATAD3C-201	MANE
ATAD5	4090	ATAD5-201	MANE
ATAT1	4093	ATAT1-203	longest_CDS
ATCAY	4100	ATCAY-201	MANE
ATE1	4105	ATE1-201	MANE
ATF1	4119	ATF1-201	MANE
ATF2	4124	ATF2-201	MANE
ATF3	4126	ATF3-202	MANE
ATF4	4130	ATF4-203	APPRIS
ATF6	4140	ATF6-201	MANE
ATF6B	4142	ATF6B-210	MANE
ATF7	4148	ATF7-201	MANE
ATF7IP	4156	ATF7IP-201	MANE
ATF7IP2	4167	ATF7IP2-204	APPRIS
ATG10	4172	ATG10-201	MANE
ATG101	4181	ATG101-201	MANE
ATG12	4187	ATG12-208	MANE
ATG13	4192	ATG13-231	MANE
ATG14	4197	ATG14-201	MANE
ATG16L1	4202	ATG16L1-203	MANE
ATG16L2	4208	ATG16L2-201	MANE
ATG2A	4212	ATG2A-201	MANE
ATG2B	4214	ATG2B-202	MANE
ATG3	4219	ATG3-201	MANE
ATG4A	4227	ATG4A-203	MANE
ATG4B	4228	ATG4B-205	MANE
ATG4C	4233	ATG4C-201	MANE
ATG4D	4235	ATG4D-201	MANE
ATG5	4240	ATG5-204	MANE
ATG7	4246	ATG7-225	APPRIS
ATG9A	4249	ATG9A-201	MANE
ATG9B	4255	ATG9B-211	MANE
ATIC	4257	ATIC-201	MANE
ATL1	4263	ATL1-201	MANE
ATL2	4275	ATL2-201	MANE
ATL3	4278	ATL3-201	MANE
ATM	4295	ATM-201	longest_CDS
ATMIN	4302	ATMIN-201	MANE
ATN1	4304	ATN1-202	MANE
ATOH7	4305	ATOH7-201	MANE
ATOH8	4307	ATOH8-201	MANE
ATOSA	4316	ATOSA-216	MANE
ATOSB	4321	ATOSB-206	longest_CDS
ATOX1	4326	ATOX1-201	MANE
ATP10A	4327	ATP10A-208	longest_CDS
ATP10B	4328	ATP10B-202	MANE
ATP10D	4332	ATP10D-201	MANE
ATP11A	4335	ATP11A-202	MANE
ATP11B	4345	ATP11B-201	MANE
ATP11C	4348	ATP11C-209	MANE
ATP13A1	4352	ATP13A1-202	MANE
ATP13A2	4355	ATP13A2-201	MANE
ATP13A3	4364	ATP13A3-207	MANE
ATP13A3-DT			no_CDS
ATP13A4	4373	ATP13A4-202	MANE
ATP13A5	4379	ATP13A5-201	MANE
ATP1A1	4380	ATP1A1-201	MANE
ATP1A1-AS1	4385	ATP1A1-AS1-214	longest_CDS
ATP1A2	4392	ATP1A2-201	MANE
ATP1A3	4396	ATP1A3-214	MANE
ATP1A4	4398	ATP1A4-204	longest_CDS
ATP1B1	4403	ATP1B1-201	MANE
ATP1B2	4413	ATP1B2-201	MANE
ATP1B3	4416	ATP1B3-201	MANE
ATP23	4420	ATP23-201	MANE
ATP2A1-AS1	4423	ATP2A1-AS1-205	Ensembl
ATP2A2	4429	ATP2A2-204	MANE
ATP2A3	4430	ATP2A3-205	MANE
ATP2B1	4437	ATP2B1-202	MANE
ATP2B1-AS1	4439	ATP2B1-AS1-201	Ensembl
ATP2B2	4447	ATP2B2-204	longest_CDS
ATP2B3	4457	ATP2B3-201	MANE
ATP2B4	4462	ATP2B4-203	MANE
ATP2C1	4463	ATP2C1-218	MANE
ATP2C2	4477	ATP2C2-201	MANE
ATP2C2-AS1	4479	ATP2C2-AS1-201	Ensembl
ATP4A	4480	ATP4A-201	MANE
ATP5F1A	4484	ATP5F1A-202	MANE
ATP5F1B	4488	ATP5F1B-201	MANE
ATP5F1C	4490	ATP5F1C-202	MANE
ATP5F1D	4497	ATP5F1D-201	MANE
ATP5F1E	4505	ATP5F1E-201	MANE
ATP5IF1	4506	ATP5IF1-201	MANE
ATP5MC1	4513	ATP5MC1-202	MANE
ATP5MC2	4514	ATP5MC2-202	MANE
ATP5MC3	4518	ATP5MC3-201	MANE
ATP5ME	4519	ATP5ME-201	MANE
ATP5MF	4520	ATP5MF-201	MANE
ATP5MG	4522	ATP5MG-201	MANE
ATP5MJ	4526	ATP5MJ-201	MANE
ATP5MK	4528	ATP5MK-204	MANE
ATP5PB	4532	ATP5PB-202	MANE
ATP5PD	4536	ATP5PD-201	MANE
ATP5PF	4539	ATP5PF-201	MANE
ATP5PO	4546	ATP5PO-201	MANE
ATP6AP1	4551	ATP6AP1-201	MANE
ATP6AP1-DT	4554	ATP6AP1-DT-201	Ensembl
ATP6AP2	4557	ATP6AP2-217	MANE
ATP6V0A1	4576	ATP6V0A1-202	MANE
ATP6V0A2	4594	ATP6V0A2-201	MANE
ATP6V0A4	4595	ATP6V0A4-208	longest_CDS
ATP6V0B	4597	ATP6V0B-205	MANE
ATP6V0C	4601	ATP6V0C-201	MANE
ATP6V0D1	4603	ATP6V0D1-201	MANE
ATP6V0D1-DT			no_CDS
ATP6V0E1	4606	ATP6V0E1-203	MANE
ATP6V0E2	4608	ATP6V0E2-202	MANE
ATP6V0E2-AS1			no_CDS
ATP6V1A	4615	ATP6V1A-201	MANE
ATP6V1B2	4620	ATP6V1B2-201	MANE
ATP6V1C1	4622	ATP6V1C1-202	MANE
ATP6V1D	4624	ATP6V1D-201	MANE
ATP6V1E1	4626	ATP6V1E1-201	MANE
ATP6V1E2	4627	ATP6V1E2-204	MANE
ATP6V1F	4630	ATP6V1F-201	MANE
ATP6V1G1	4635	ATP6V1G1-201	MANE
ATP6V1G2	4637	ATP6V1G2-205	MANE
ATP6V1H	4638	ATP6V1H-202	MANE
ATP7A	4645	ATP7A-201	MANE
ATP7B	4662	ATP7B-205	longest_CDS
ATP8A1	4668	ATP8A1-202	MANE
ATP8A2	4679	ATP8A2-203	MANE
ATP8B1	4682	ATP8B1-208	MANE
ATP8B1-AS1	4684	ATP8B1-AS1-202	Ensembl
ATP8B2	4689	ATP8B2-202	MANE
ATP8B4	4690	ATP8B4-211	longest_CDS
ATP9A	4693	ATP9A-202	MANE
ATP9B	4698	ATP9B-202	MANE
ATPAF1	4701	ATPAF1-212	APPRIS
ATPAF2	4702	ATPAF2-206	MANE
ATPSCKMT	4703	ATPSCKMT-207	MANE
ATR	4718	ATR-201	MANE
ATRAID	4721	ATRAID-201	MANE
ATRIP	4723	ATRIP-201	MANE
ATRN	4728	ATRN-201	MANE
ATRNL1	4729	ATRNL1-201	MANE
ATRX	4742	ATRX-201	MANE
ATXN1	4745	ATXN1-202	MANE
ATXN1-AS1			no_CDS
ATXN10	4753	ATXN10-201	MANE
ATXN1L	4754	ATXN1L-201	MANE
ATXN2	4756	ATXN2-241	MANE
ATXN2L	4773	ATXN2L-202	MANE
ATXN3	4783	ATXN3-251	MANE
ATXN7	4791	ATXN7-212	longest_CDS
ATXN7L1	4793	ATXN7L1-202	MANE
ATXN7L2	4800	ATXN7L2-207	MANE
ATXN7L3	4804	ATXN7L3-205	MANE
ATXN7L3B	4806	ATXN7L3B-201	MANE
ATXN8OS			no_CDS
AUH	4808	AUH-202	MANE
AUNIP	4811	AUNIP-201	MANE
AUP1	4813	AUP1-201	MANE
AURKA	4821	AURKA-208	MANE
AURKAIP1	4823	AURKAIP1-202	MANE
AURKC	4826	AURKC-207	longest_CDS
AUTS2	4827	AUTS2-202	longest_CDS
AVEN	4830	AVEN-201	MANE
AVIL	4834	AVIL-207	MANE
AVL9	4838	AVL9-201	MANE
AVPI1	4840	AVPI1-201	MANE
AVPR1A	4841	AVPR1A-201	MANE
AXIN1	4842	AXIN1-201	MANE
AXIN2	4846	AXIN2-201	MANE
AXL	4849	AXL-201	MANE
AZGP1	4850	AZGP1-201	MANE
AZI2	4853	AZI2-212	MANE
AZIN1	4857	AZIN1-201	MANE
AZIN2	4871	AZIN2-201	MANE
B2M	4875	B2M-211	MANE
B3GALNT1	4878	B3GALNT1-201	MANE
B3GALNT2	4900	B3GALNT2-202	MANE
B3GALT1	4901	B3GALT1-201	MANE
B3GALT2	4903	B3GALT2-201	MANE
B3GALT4	4904	B3GALT4-204	MANE
B3GALT6	4905	B3GALT6-201	MANE
B3GALT9	4906	B3GALT9-201	longest_CDS
B3GAT1	4907	B3GAT1-201	MANE
B3GAT1-DT	4912	B3GAT1-DT-201	longest_CDS
B3GAT2	4913	B3GAT2-201	MANE
B3GAT3	4915	B3GAT3-201	MANE
B3GLCT	4917	B3GLCT-201	MANE
B3GNT2	4918	B3GNT2-201	MANE
B3GNT4	4921	B3GNT4-201	MANE
B3GNT5	4923	B3GNT5-202	longest_CDS
B3GNT7	4925	B3GNT7-201	MANE
B3GNT9	4926	B3GNT9-201	MANE
B3GNTL1	4934	B3GNTL1-201	MANE
B4GALNT1	4935	B4GALNT1-201	MANE
B4GALNT3	4941	B4GALNT3-201	MANE
B4GALNT4	4943	B4GALNT4-201	MANE
B4GALT1	4944	B4GALT1-201	MANE
B4GALT2	4945	B4GALT2-203	MANE
B4GALT3	4947	B4GALT3-201	MANE
B4GALT4	4952	B4GALT4-202	MANE
B4GALT5	4958	B4GALT5-201	MANE
B4GALT6	4961	B4GALT6-202	MANE
B4GALT7	4963	B4GALT7-201	MANE
B4GAT1	4965	B4GAT1-201	MANE
B4GAT1-DT			no_CDS
B9D1	4972	B9D1-201	MANE
B9D2	4974	B9D2-201	MANE
BAALC	4977	BAALC-203	MANE
BAALC-AS1			no_CDS
BAALC-AS2			no_CDS
BAAT	4983	BAAT-201	MANE
BABAM1	4984	BABAM1-208	MANE
BABAM2	4987	BABAM2-204	MANE
BACE1	4993	BACE1-201	MANE
BACE1-AS			no_CDS
BACE2	4998	BACE2-202	MANE
BACH1	5000	BACH1-201	MANE
BACH1-IT1	5003	transcript20745.chr21.nnic	longest_CDS
BACH2	5007	BACH2-203	longest_CDS
BAD	5008	BAD-201	MANE
BAG1	5012	BAG1-210	MANE
BAG2	5013	BAG2-201	MANE
BAG3	5014	BAG3-201	MANE
BAG4	5016	BAG4-201	MANE
BAG5	5017	BAG5-201	MANE
BAG6	5020	transcript40005.chr6.nic	longest_CDS
BAHCC1	5023	BAHCC1-205	longest_CDS
BAHD1	5025	BAHD1-202	longest_CDS
BAIAP2	5033	BAIAP2-204	MANE
BAIAP2L2	5037	BAIAP2L2-202	MANE
BAIAP3	5044	BAIAP3-204	MANE
BAK1	5046	BAK1-201	MANE
BAMBI	5047	BAMBI-201	MANE
BANF1	5052	BANF1-201	MANE
BANK1	5054	transcript147728.chr4.nic	longest_CDS
BANP	5056	BANP-228	MANE
BAP1	5065	BAP1-202	MANE
BARD1	5069	BARD1-201	MANE
BASP1	5071	BASP1-201	MANE
BASP1-AS1	5072	BASP1-AS1-201	longest_CDS
BATF	5076	BATF-201	MANE
BATF2	5078	BATF2-201	MANE
BATF3			no_CDS
BAX	5081	BAX-202	MANE
BAZ1A	5084	BAZ1A-202	MANE
BAZ1A-AS1	5087	BAZ1A-AS1-201	Ensembl
BAZ1B	5089	BAZ1B-201	MANE
BAZ2A	5090	BAZ2A-211	MANE
BAZ2B	5102	BAZ2B-203	MANE
BAZ2B-AS1	5106	BAZ2B-AS1-201	Ensembl
BBC3			no_CDS
BBIP1	5110	BBIP1-207	MANE
BBLN	5114	BBLN-201	MANE
BBOF1	5116	transcript80213.chr14.nic	longest_CDS
BBOX1	5118	BBOX1-201	MANE
BBS1	5122	BBS1-201	MANE
BBS10	5123	BBS10-201	MANE
BBS12	5125	BBS12-201	MANE
BBS2	5158	BBS2-201	MANE
BBS4	5172	BBS4-201	MANE
BBS5	5176	BBS5-201	MANE
BBS7	5180	BBS7-201	MANE
BBS9	5184	BBS9-201	MANE
BBX	5192	BBX-201	MANE
BCAM	5197	transcript120548.chr19.nic	longest_CDS
BCAN	5201	BCAN-201	MANE
BCAN-AS1	5203	BCAN-AS1-201	Ensembl
BCAP29	5206	BCAP29-201	MANE
BCAP31	5210	BCAP31-201	MANE
BCAR1	5217	BCAR1-201	MANE
BCAR3	5218	BCAR3-201	MANE
BCAS1	5227	BCAS1-209	MANE
BCAS2	5230	BCAS2-201	MANE
BCAS3	5235	BCAS3-202	MANE
BCAS4	5240	BCAS4-202	MANE
BCAT1	5245	BCAT1-201	MANE
BCAT2	5250	BCAT2-201	MANE
BCCIP	5252	BCCIP-201	MANE
BCDIN3D	5255	BCDIN3D-201	MANE
BCDIN3D-AS1	5256	BCDIN3D-AS1-201	Ensembl
BCHE	5259	BCHE-201	MANE
BCKDHA	5262	BCKDHA-201	MANE
BCKDHB	5263	BCKDHB-201	MANE
BCKDK	5265	BCKDK-201	MANE
BCL10	5270	BCL10-202	MANE
BCL11A	5272	BCL11A-213	MANE
BCL11B	5283	BCL11B-202	MANE
BCL2	5288	BCL2-201	MANE
BCL2A1	5289	BCL2A1-201	MANE
BCL2L1	5295	BCL2L1-201	MANE
BCL2L10	5302	BCL2L10-201	MANE
BCL2L11	5303	BCL2L11-204	MANE
BCL2L12			no_CDS
BCL2L13	5306	BCL2L13-201	MANE
BCL2L15	5314	BCL2L15-202	MANE
BCL2L2	5321	BCL2L2-201	MANE
BCL3	5322	BCL3-201	MANE
BCL6	5325	BCL6-202	MANE
BCL6B	5327	BCL6B-201	MANE
BCL7A	5330	BCL7A-201	MANE
BCL7B	5331	BCL7B-201	MANE
BCL7C	5337	BCL7C-201	MANE
BCL9	5338	BCL9-201	MANE
BCLAF1	5350	BCLAF1-214	MANE
BCLAF3	5356	BCLAF3-202	MANE
BCO2	5362	BCO2-201	MANE
BCOR	5364	BCOR-214	longest_CDS
BCORL1	5371	BCORL1-204	MANE
BCORP1			no_CDS
BCR	5373	BCR-201	MANE
BCS1L	5378	BCS1L-201	MANE
BDH1	5383	BDH1-203	MANE
BDH2	5389	BDH2-201	MANE
BDKRB2	5392	BDKRB2-203	MANE
BDNF	5396	BDNF-202	MANE
BDNF-AS	5399	transcript34494.chr11.nic	longest_CDS
BDP1	5407	BDP1-201	MANE
BEAN1	5411	BEAN1-202	MANE
BECN1	5413	BECN1-213	MANE
BEGAIN	5416	BEGAIN-203	MANE
BEND3	5418	BEND3-201	MANE
BEND4	5421	BEND4-201	MANE
BEND5	5423	BEND5-201	MANE
BEND6	5426	BEND6-202	MANE
BEND7	5430	BEND7-205	MANE
BEST1	5433	BEST1-201	MANE
BEST3	5435	BEST3-212	longest_CDS
BEST4	5438	BEST4-201	MANE
BET1	5439	BET1-201	MANE
BET1L	5441	BET1L-203	MANE
BEX1	5443	BEX1-201	MANE
BEX2	5445	BEX2-202	MANE
BEX3	5446	BEX3-201	MANE
BEX4	5448	BEX4-202	MANE
BEX5	5451	BEX5-201	MANE
BFAR	5453	BFAR-201	MANE
BFSP1	5455	BFSP1-202	MANE
BGLAP	5457	BGLAP-201	MANE
BGN	5458	BGN-201	MANE
BHLHE22	5459	BHLHE22-201	MANE
BHLHE40	5461	BHLHE40-201	MANE
BHLHE40-AS1	5463	BHLHE40-AS1-201	longest_CDS
BHLHE41	5465	BHLHE41-201	MANE
BHMT	5467	BHMT-201	MANE
BHMT2	5468	BHMT2-201	MANE
BICC1	5474	BICC1-202	MANE
BICD1	5477	BICD1-210	MANE
BICD2	5482	BICD2-201	MANE
BICDL1	5486	BICDL1-209	MANE
BICRA	5489	BICRA-202	MANE
BICRAL	5490	BICRAL-201	MANE
BID	5494	BID-211	MANE
BIN1	5499	BIN1-202	MANE
BIN2	5507	BIN2-210	MANE
BIN3	5512	BIN3-201	MANE
BIRC2	5515	BIRC2-201	MANE
BIRC3	5517	BIRC3-201	MANE
BIRC5	5519	BIRC5-202	MANE
BIRC6	5526	BIRC6-201	MANE
BIVM	5528	BIVM-201	MANE
BLCAP	5533	BLCAP-201	MANE
BLID	5535	BLID-201	MANE
BLM	5537	BLM-201	MANE
BLMH	5540	BLMH-201	MANE
BLNK	5543	BLNK-201	MANE
BLOC1S1	5551	BLOC1S1-203	MANE
BLOC1S2	5555	BLOC1S2-202	MANE
BLOC1S3	5556	BLOC1S3-201	MANE
BLOC1S4	5557	BLOC1S4-201	MANE
BLOC1S5	5558	BLOC1S5-202	MANE
BLOC1S6	5565	BLOC1S6-201	MANE
BLTP1	5586	BLTP1-217	MANE
BLTP2	5596	BLTP2-202	MANE
BLTP3A	5599	BLTP3A-201	MANE
BLTP3B	5600	BLTP3B-201	MANE
BLVRA	5602	BLVRA-201	MANE
BLVRB	5605	BLVRB-201	MANE
BLZF1	5606	BLZF1-203	MANE
BMAL1	5619	BMAL1-203	MANE
BMAL2	5627	transcript44286.chr12.nnic	longest_CDS
BMERB1	5630	BMERB1-201	MANE
BMF	5633	BMF-201	MANE
BMI1	5636	BMI1-201	MANE
BMP1	5637	BMP1-211	longest_CDS
BMP2	5640	BMP2-201	MANE
BMP2K	5642	BMP2K-202	MANE
BMP2K-DT	5643	BMP2K-DT-201	Ensembl
BMP3	5644	BMP3-201	MANE
BMP4	5647	BMP4-201	MANE
BMP5	5649	transcript69606.chr6.nic	longest_CDS
BMP6	5650	BMP6-201	MANE
BMP7	5652	BMP7-201	MANE
BMP8A	5654	BMP8A-201	MANE
BMP8B	5655	BMP8B-201	MANE
BMPER	5657	BMPER-201	APPRIS
BMPR1A	5661	BMPR1A-201	MANE
BMPR1B	5669	BMPR1B-208	MANE
BMPR2	5671	BMPR2-202	MANE
BMS1	5675	BMS1-201	MANE
BMS1P1	5679	BMS1P1-202	Ensembl
BMT2	5680	BMT2-201	MANE
BNC2	5682	BNC2-203	MANE
BNIP1	5688	BNIP1-202	MANE
BNIP2	5691	BNIP2-211	MANE
BNIP3	5697	BNIP3-201	MANE
BNIP3L	5701	BNIP3L-201	MANE
BOC	5706	BOC-218	MANE
BOD1	5710	BOD1-202	MANE
BOD1L1	5715	BOD1L1-201	MANE
BOK	5718	BOK-201	MANE
BOLA1	5721	BOLA1-202	MANE
BOLA2	5722	BOLA2-201	MANE
BOLA2B			no_CDS
BOLA3	5727	BOLA3-202	MANE
BOLA3-DT	5729	BOLA3-DT-205	Ensembl
BOP1	5735	BOP1-205	MANE
BORCS5	5739	BORCS5-202	MANE
BORCS6	5740	BORCS6-201	MANE
BORCS7	5741	BORCS7-201	MANE
BORCS8	5745	BORCS8-202	MANE
BPGM	5748	BPGM-201	MANE
BPHL	5752	BPHL-203	MANE
BPNT1	5754	BPNT1-205	longest_CDS
BPNT2	5756	BPNT2-201	MANE
BPTF	5758	BPTF-201	MANE
BRAF	5772	BRAF-220	MANE
BRAP	5780	BRAP-202	MANE
BRAT1	5781	BRAT1-201	MANE
BRCA1	5789	BRCA1-209	longest_CDS
BRCC3	5794	BRCC3-201	MANE
BRD1	5799	BRD1-203	MANE
BRD2	5807	BRD2-201	MANE
BRD3	5814	BRD3-201	MANE
BRD3OS	5817	BRD3OS-205	MANE
BRD4	5820	BRD4-203	longest_CDS
BRD7	5822	BRD7-202	longest_CDS
BRD8	5825	BRD8-201	longest_CDS
BRD9	5831	BRD9-202	MANE
BRF1	5841	BRF1-210	MANE
BRF2	5843	BRF2-201	MANE
BRI3	5844	BRI3-201	MANE
BRI3BP	5846	transcript184513.chr12.nnic	longest_CDS
BRICD5	5848	BRICD5-201	MANE
BRINP1	5849	BRINP1-201	MANE
BRINP2	5851	BRINP2-201	MANE
BRINP3	5855	BRINP3-201	MANE
BRINP3-DT			no_CDS
BRIP1	5859	BRIP1-201	MANE
BRIX1	5863	BRIX1-201	MANE
BRK1	5864	BRK1-201	MANE
BRME1	5868	BRME1-204	MANE
BRMS1	5870	BRMS1-201	MANE
BRMS1L	5872	BRMS1L-201	MANE
BROX	5876	BROX-201	MANE
BRPF1	5885	BRPF1-201	MANE
BRPF3	5892	BRPF3-202	MANE
BRPF3-AS1			no_CDS
BRSK1	5897	BRSK1-201	MANE
BRSK2	5902	BRSK2-208	MANE
BRWD1	5909	BRWD1-203	MANE
BRWD1-AS2	5916	BRWD1-AS2-201	Ensembl
BRWD3	5918	BRWD3-201	MANE
BSCL2	5941	BSCL2-203	MANE
BSDC1	5947	BSDC1-206	MANE
BSG	5953	BSG-201	MANE
BSN	5959	BSN-201	MANE
BSPRY	5961	BSPRY-201	MANE
BST1	5962	BST1-201	MANE
BST2	5963	BST2-201	MANE
BTAF1	5965	BTAF1-201	MANE
BTBD1	5966	BTBD1-201	MANE
BTBD10	5971	BTBD10-201	MANE
BTBD16	5975	BTBD16-201	MANE
BTBD17	5976	BTBD17-201	MANE
BTBD2	5978	BTBD2-201	MANE
BTBD3	5981	BTBD3-202	MANE
BTBD3-AS1	5985	BTBD3-AS1-201	Ensembl
BTBD6	5986	BTBD6-203	longest_CDS
BTBD7	5987	BTBD7-202	MANE
BTBD8	5995	BTBD8-205	MANE
BTBD9	5998	BTBD9-207	longest_CDS
BTC	6002	transcript111345.chr4.nnic	longest_CDS
BTD	6008	BTD-212	MANE
BTF3	6015	BTF3-202	MANE
BTF3-DT	6018	BTF3-DT-201	Ensembl
BTF3L4	6020	BTF3L4-201	MANE
BTG1	6023	BTG1-201	MANE
BTG1-DT			no_CDS
BTG2	6027	BTG2-201	MANE
BTG2-DT			no_CDS
BTG3	6030	BTG3-202	MANE
BTG3-AS1			no_CDS
BTK	6033	BTK-201	MANE
BTLA	6035	BTLA-201	MANE
BTN2A1	6038	BTN2A1-201	MANE
BTN2A2	6041	BTN2A2-202	MANE
BTN2A3P	6043	BTN2A3P-203	longest_CDS
BTN3A1	6045	BTN3A1-202	MANE
BTN3A2	6050	BTN3A2-202	MANE
BTN3A3	6053	BTN3A3-201	MANE
BTNL9	6055	BTNL9-201	MANE
BTRC	6058	BTRC-202	MANE
BUB1B	6060	transcript47164.chr15.nic	longest_CDS
BUB3	6063	BUB3-203	MANE
BUD13	6064	BUD13-201	MANE
BUD23	6065	BUD23-201	MANE
BUD31	6069	BUD31-201	MANE
BVES	6071	BVES-201	MANE
BYSL	6072	BYSL-201	MANE
BZW1	6074	BZW1-203	MANE
BZW2	6078	BZW2-201	MANE
C10orf105	6081	transcript128636.chr10.nnic	longest_CDS
C10orf143			no_CDS
C10orf82	6083	C10orf82-204	longest_CDS
C10orf88	6086	C10orf88-204	MANE
C10orf90	6089	C10orf90-208	MANE
C10orf95-AS1	6094	C10orf95-AS1-211	longest_CDS
C11orf24	6097	C11orf24-201	MANE
C11orf54	6102	C11orf54-202	MANE
C11orf58	6105	C11orf58-201	MANE
C11orf65	6109	C11orf65-203	longest_CDS
C11orf68	6110	C11orf68-201	MANE
C11orf71	6113	C11orf71-202	MANE
C11orf80	6115	C11orf80-217	MANE
C11orf87	6121	C11orf87-201	MANE
C11orf96	6122	C11orf96-201	MANE
C11orf98	6123	C11orf98-201	MANE
C12orf29	6126	C12orf29-201	MANE
C12orf4	6130	C12orf4-201	MANE
C12orf43	6135	C12orf43-201	MANE
C12orf57	6138	C12orf57-201	MANE
C12orf60	6139	C12orf60-201	MANE
C12orf75	6140	C12orf75-201	MANE
C12orf76	6143	C12orf76-208	MANE
C14orf119	6144	C14orf119-201	MANE
C14orf132	6146	C14orf132-203	MANE
C14orf28	6147	C14orf28-201	MANE
C14orf93	6149	C14orf93-201	MANE
C15orf39	6153	C15orf39-202	MANE
C15orf40	6158	C15orf40-201	MANE
C15orf61	6159	C15orf61-201	MANE
C15orf62	6160	C15orf62-201	MANE
C16orf46	6161	C16orf46-201	MANE
C16orf86	6163	C16orf86-201	MANE
C16orf87	6167	C16orf87-201	MANE
C16orf89	6172	C16orf89-202	MANE
C16orf95			no_CDS
C16orf95-DT			no_CDS
C16orf96	6177	C16orf96-201	MANE
C17orf100	6178	C17orf100-201	MANE
C17orf107	6179	C17orf107-201	MANE
C17orf49	6182	C17orf49-201	MANE
C17orf58	6185	C17orf58-204	MANE
C17orf67	6190	C17orf67-201	MANE
C17orf75	6192	C17orf75-201	MANE
C17orf80	6195	C17orf80-205	MANE
C17orf97	6200	C17orf97-201	MANE
C18orf21	6202	C18orf21-205	MANE
C18orf25	6203	C18orf25-203	MANE
C18orf32	6208	C18orf32-201	MANE
C18orf54	6210	C18orf54-202	longest_CDS
C19orf12	6213	C19orf12-201	MANE
C19orf25	6222	C19orf25-203	MANE
C19orf38	6227	C19orf38-201	MANE
C19orf44	6228	C19orf44-201	MANE
C19orf47	6233	C19orf47-210	MANE
C19orf53	6234	C19orf53-202	MANE
C19orf73	6235	C19orf73-201	MANE
C19orf81			no_CDS
C1D	6237	C1D-204	MANE
C1GALT1	6242	C1GALT1-204	MANE
C1GALT1C1	6244	C1GALT1C1-201	MANE
C1GALT1C1L	6245	C1GALT1C1L-201	MANE
C1QA	6246	C1QA-201	MANE
C1QB	6250	C1QB-202	MANE
C1QBP	6251	C1QBP-201	MANE
C1QC	6252	C1QC-203	MANE
C1QL1	6254	C1QL1-201	MANE
C1QL2	6255	C1QL2-201	MANE
C1QL3	6256	C1QL3-201	MANE
C1QTNF2	6257	C1QTNF2-201	longest_CDS
C1QTNF3	6261	C1QTNF3-202	MANE
C1QTNF4	6263	C1QTNF4-201	MANE
C1QTNF5	6264	C1QTNF5-202	MANE
C1QTNF6	6268	C1QTNF6-202	longest_CDS
C1QTNF7	6269	C1QTNF7-204	APPRIS
C1R	6270	C1R-214	MANE
C1RL-AS1	6273	C1RL-AS1-201	longest_CDS
C1S	6276	C1S-202	MANE
C1orf109	6284	C1orf109-207	MANE
C1orf112	6290	C1orf112-202	MANE
C1orf115	6292	C1orf115-201	MANE
C1orf122	6294	C1orf122-201	MANE
C1orf131	6296	C1orf131-202	MANE
C1orf159	6299	C1orf159-205	MANE
C1orf162	6306	C1orf162-202	MANE
C1orf174	6311	C1orf174-201	MANE
C1orf198	6313	C1orf198-201	MANE
C1orf21	6315	C1orf21-201	MANE
C1orf216	6321	C1orf216-201	MANE
C1orf220	6322	C1orf220-202	Ensembl
C1orf226	6323	C1orf226-202	MANE
C1orf35	6326	C1orf35-201	MANE
C1orf43	6330	C1orf43-206	MANE
C1orf50	6335	C1orf50-201	MANE
C1orf52	6337	C1orf52-203	MANE
C1orf53	6339	C1orf53-201	MANE
C1orf54	6340	C1orf54-203	APPRIS
C1orf56	6341	C1orf56-201	MANE
C1orf74	6342	C1orf74-201	MANE
C2	6344	C2-201	MANE
C20orf144			no_CDS
C20orf204			no_CDS
C20orf96	6349	C20orf96-202	longest_CDS
C21orf58	6350	C21orf58-201	MANE
C21orf62-AS1			no_CDS
C21orf91	6354	C21orf91-201	MANE
C22orf39	6358	C22orf39-201	MANE
C2CD2	6361	C2CD2-202	MANE
C2CD2L	6364	C2CD2L-211	MANE
C2CD3	6368	C2CD3-202	MANE
C2CD4C	6380	C2CD4C-201	MANE
C2CD4D-AS1			no_CDS
C2CD5	6388	C2CD5-203	MANE
C2orf15	6389	C2orf15-203	MANE
C2orf16	6390	C2orf16-201	MANE
C2orf27A	6393	C2orf27A-205	Ensembl
C2orf42	6395	C2orf42-201	MANE
C2orf49	6402	C2orf49-201	MANE
C2orf49-DT	6405	C2orf49-DT-201	Ensembl
C2orf50	6406	C2orf50-201	MANE
C2orf68	6407	C2orf68-201	MANE
C2orf69	6409	C2orf69-201	MANE
C2orf72	6412	C2orf72-201	MANE
C2orf73			no_CDS
C2orf74	6414	C2orf74-203	MANE
C2orf74-DT	6417	C2orf74-DT-202	Ensembl
C2orf76	6418	C2orf76-201	MANE
C2orf80	6421	C2orf80-201	MANE
C2orf81	6425	C2orf81-207	MANE
C2orf83			no_CDS
C2orf88	6427	C2orf88-201	MANE
C2orf92			no_CDS
C3	6431	C3-201	MANE
C3AR1	6435	C3AR1-201	MANE
C3orf14	6438	C3orf14-202	MANE
C3orf18	6439	C3orf18-201	MANE
C3orf33	6441	C3orf33-201	MANE
C3orf38	6443	C3orf38-201	MANE
C3orf52	6444	C3orf52-201	MANE
C3orf62	6445	C3orf62-201	MANE
C3orf70	6446	C3orf70-201	MANE
C3orf80	6448	C3orf80-201	MANE
C4A	6449	C4A-243	MANE
C4B	6453	C4B-202	MANE
C4orf19	6456	C4orf19-202	MANE
C4orf3	6458	C4orf3-202	MANE
C4orf33	6459	C4orf33-201	APPRIS
C4orf46	6464	C4orf46-201	MANE
C4orf48	6465	C4orf48-201	MANE
C4orf50	6468	C4orf50-201	Ensembl
C4orf54	6469	C4orf54-201	MANE
C5	6474	C5-201	MANE
C5AR1	6477	C5AR1-201	MANE
C5AR2	6478	C5AR2-201	MANE
C5orf15	6479	C5orf15-201	MANE
C5orf22	6482	C5orf22-201	MANE
C5orf24	6486	C5orf24-202	MANE
C5orf34	6487	C5orf34-201	MANE
C5orf34-AS1			no_CDS
C5orf63	6491	C5orf63-201	MANE
C5orf64	6493	C5orf64-223	longest_CDS
C6orf118	6500	C6orf118-201	MANE
C6orf120	6501	C6orf120-201	MANE
C6orf136	6504	C6orf136-203	APPRIS
C6orf141	6508	C6orf141-206	MANE
C6orf226	6509	C6orf226-201	MANE
C6orf47	6510	C6orf47-202	MANE
C6orf62	6511	C6orf62-202	MANE
C6orf89	6514	C6orf89-204	MANE
C7orf25	6517	C7orf25-201	MANE
C7orf31	6518	C7orf31-201	MANE
C7orf50	6524	C7orf50-202	MANE
C8orf33	6527	C8orf33-201	MANE
C8orf34	6531	C8orf34-206	MANE
C8orf34-AS1	6533	C8orf34-AS1-209	Ensembl
C8orf44	6535	C8orf44-205	longest_CDS
C8orf48	6536	C8orf48-201	MANE
C8orf58	6539	C8orf58-201	MANE
C8orf76	6541	C8orf76-201	MANE
C8orf82	6542	C8orf82-202	MANE
C8orf88	6544	transcript138793.chr8.nnic	longest_CDS
C9orf24	6547	transcript46205.chr9.nic	longest_CDS
C9orf40	6549	C9orf40-201	MANE
C9orf43	6552	C9orf43-202	MANE
C9orf50	6554	C9orf50-201	MANE
C9orf64	6555	C9orf64-203	MANE
C9orf72	6557	C9orf72-203	MANE
C9orf78	6563	C9orf78-201	MANE
C9orf85	6565	C9orf85-201	MANE
CA10	6568	CA10-203	MANE
CA11	6569	CA11-201	MANE
CA12	6572	CA12-201	MANE
CA13	6574	CA13-201	MANE
CA14	6575	CA14-201	MANE
CA2	6578	CA2-201	MANE
CA3	6581	CA3-201	MANE
CA3-AS1	6582	CA3-AS1-202	Ensembl
CA4	6585	CA4-201	MANE
CA5B	6586	CA5B-201	MANE
CA5BP1			no_CDS
CA7	6588	CA7-201	MANE
CA8	6592	CA8-201	MANE
CAAP1	6595	CAAP1-201	MANE
CAB39	6598	CAB39-201	MANE
CAB39L	6600	CAB39L-205	MANE
CABCOCO1	6606	CABCOCO1-203	MANE
CABIN1	6614	CABIN1-201	MANE
CABLES1	6618	CABLES1-201	MANE
CABLES2	6620	CABLES2-201	MANE
CABP1	6622	CABP1-202	MANE
CABP1-DT	6625	CABP1-DT-201	Ensembl
CABP7	6627	CABP7-201	MANE
CABYR	6632	CABYR-203	MANE
CACFD1	6635	CACFD1-202	MANE
CACHD1	6637	CACHD1-206	MANE
CACNA1A	6650	CACNA1A-201	MANE
CACNA1B	6664	CACNA1B-202	longest_CDS
CACNA1C	6669	CACNA1C-243	longest_CDS
CACNA1D	6673	CACNA1D-202	MANE
CACNA1E	6691	CACNA1E-203	MANE
CACNA1G	6692	CACNA1G-205	longest_CDS
CACNA1S	6695	CACNA1S-204	longest_CDS
CACNA2D1	6698	CACNA2D1-201	MANE
CACNA2D2	6701	CACNA2D2-204	MANE
CACNA2D3	6706	CACNA2D3-204	MANE
CACNB1	6707	CACNB1-202	MANE
CACNB2	6713	CACNB2-202	MANE
CACNB3	6719	CACNB3-201	MANE
CACNB4	6742	CACNB4-209	APPRIS
CACNG2	6756	CACNG2-201	MANE
CACNG3	6757	CACNG3-201	MANE
CACNG4	6759	CACNG4-201	MANE
CACNG5	6760	CACNG5-202	MANE
CACNG7	6761	CACNG7-203	MANE
CACNG8	6762	CACNG8-201	MANE
CACTIN	6765	CACTIN-203	MANE
CACUL1	6767	CACUL1-201	MANE
CACYBP	6770	CACYBP-201	MANE
CAD	6775	CAD-201	MANE
CADM1	6780	CADM1-201	MANE
CADM2	6793	CADM2-201	MANE
CADM3	6794	CADM3-202	MANE
CADM4	6796	CADM4-201	MANE
CADPS	6804	CADPS-203	MANE
CADPS2	6807	CADPS2-204	MANE
CAHM	6812	CAHM-201	Ensembl
CALB1	6815	CALB1-201	MANE
CALB2	6817	CALB2-201	MANE
CALCOCO1	6818	CALCOCO1-218	MANE
CALCOCO2	6827	CALCOCO2-201	MANE
CALCRL	6831	CALCRL-201	MANE
CALD1	6836	CALD1-201	MANE
CALHM1	6842	CALHM1-201	MANE
CALHM2	6843	CALHM2-201	MANE
CALM1	6854	CALM1-201	MANE
CALM2	6863	CALM2-201	MANE
CALM3	6868	CALM3-201	MANE
CALML3-AS1	6872	CALML3-AS1-202	Ensembl
CALML4			no_CDS
CALN1	6876	CALN1-201	APPRIS
CALR	6879	CALR-201	MANE
CALU	6883	CALU-201	MANE
CALY	6887	CALY-201	MANE
CAMK1	6890	CAMK1-201	MANE
CAMK1D	6892	CAMK1D-203	MANE
CAMK1G	6899	CAMK1G-202	MANE
CAMK2A	6906	CAMK2A-208	MANE
CAMK2B	6921	CAMK2B-209	MANE
CAMK2D	6939	CAMK2D-211	MANE
CAMK2G	6952	CAMK2G-207	MANE
CAMK2N1	6960	CAMK2N1-201	MANE
CAMK4	6961	CAMK4-201	MANE
CAMKK1	6966	CAMKK1-202	MANE
CAMKK2	6974	CAMKK2-207	MANE
CAMKMT	6978	CAMKMT-201	MANE
CAMKV	6979	CAMKV-209	MANE
CAMLG	6991	CAMLG-201	MANE
CAMSAP1	6993	CAMSAP1-202	MANE
CAMSAP2	6996	CAMSAP2-202	MANE
CAMTA1	7010	CAMTA1-201	MANE
CAMTA2	7018	CAMTA2-204	longest_CDS
CAND1	7023	CAND1-208	MANE
CAND2	7026	CAND2-203	MANE
CANT1	7028	CANT1-202	MANE
CANX	7047	CANX-201	MANE
CAP1	7062	CAP1-206	MANE
CAP2	7067	CAP2-201	MANE
CAPG	7069	CAPG-201	MANE
CAPN1	7074	CAPN1-201	MANE
CAPN10	7078	CAPN10-207	MANE
CAPN10-DT	7089	CAPN10-DT-201	Ensembl
CAPN12			no_CDS
CAPN13	7091	CAPN13-201	MANE
CAPN15	7092	CAPN15-201	MANE
CAPN2	7094	CAPN2-201	MANE
CAPN3	7107	CAPN3-205	MANE
CAPN5	7112	CAPN5-207	MANE
CAPN7	7114	CAPN7-201	MANE
CAPN9	7116	transcript333366.chr1.nnic	longest_CDS
CAPNS1	7117	CAPNS1-201	MANE
CAPRIN1	7123	CAPRIN1-201	MANE
CAPRIN2	7132	CAPRIN2-244	MANE
CAPS	7146	CAPS-203	MANE
CAPS2	7147	CAPS2-215	MANE
CAPZA1	7152	CAPZA1-201	MANE
CAPZA2	7155	CAPZA2-201	MANE
CAPZB	7164	CAPZB-201	MANE
CARD11	7166	CARD11-203	MANE
CARD14	7168	CARD14-228	longest_CDS
CARD19	7173	CARD19-201	MANE
CARD6	7175	CARD6-201	MANE
CARD8	7181	CARD8-213	longest_CDS
CARD9	7186	CARD9-201	MANE
CARF	7190	CARF-213	MANE
CARHSP1	7196	CARHSP1-201	MANE
CARMIL1	7201	CARMIL1-201	MANE
CARMIL2	7203	CARMIL2-201	MANE
CARMIL3	7206	CARMIL3-201	MANE
CARMN	7207	CARMN-211	longest_CDS
CARNMT1	7209	CARNMT1-202	MANE
CARNS1	7212	CARNS1-208	MANE
CARS1	7216	CARS1-202	MANE
CARS2	7228	CARS2-201	MANE
CARTPT	7232	CARTPT-201	MANE
CASC15	7243	CASC15-246	longest_CDS
CASC2	7248	CASC2-203	Ensembl
CASC3	7253	CASC3-201	MANE
CASD1	7255	CASD1-201	MANE
CASK	7263	CASK-226	longest_CDS
CASKIN1	7267	CASKIN1-201	MANE
CASKIN2	7269	CASKIN2-201	MANE
CASP1	7272	CASP1-212	MANE
CASP2	7280	CASP2-201	MANE
CASP3	7282	CASP3-201	MANE
CASP4	7287	CASP4-203	MANE
CASP4LP			no_CDS
CASP5	7289	transcript159310.chr11.nnic	longest_CDS
CASP6	7290	CASP6-201	MANE
CASP7	7291	CASP7-203	MANE
CASP8	7295	CASP8-203	longest_CDS
CASP8AP2	7301	CASP8AP2-201	longest_CDS
CASP9	7304	CASP9-201	MANE
CASQ1	7306	CASQ1-201	MANE
CASQ2	7307	CASQ2-201	MANE
CASS4	7308	CASS4-205	MANE
CAST	7317	CAST-250	MANE
CASTOR1	7328	CASTOR1-202	MANE
CASTOR2	7331	CASTOR2-201	MANE
CASTOR3P	7335	CASTOR3P-212	Ensembl
CASZ1			no_CDS
CAT	7338	CAT-201	MANE
CATSPER2	7340	CATSPER2-205	longest_CDS
CATSPER2P1	7341	CATSPER2P1-212	longest_CDS
CATSPERE	7345	transcript361783.chr1.nnic	longest_CDS
CATSPERG	7349	transcript105398.chr19.nnic	longest_CDS
CAV1	7351	CAV1-201	MANE
CAV2	7353	CAV2-201	MANE
CAVIN1	7355	CAVIN1-201	MANE
CAVIN2	7356	CAVIN2-201	MANE
CAVIN3	7357	CAVIN3-201	MANE
CBARP	7358	transcript3026.chr19.nic	longest_CDS
CBFA2T2	7360	CBFA2T2-201	MANE
CBFA2T3	7365	CBFA2T3-201	MANE
CBFB	7370	CBFB-202	MANE
CBL	7373	CBL-201	MANE
CBLB	7376	CBLB-201	MANE
CBLL1	7383	CBLL1-205	MANE
CBLN1	7384	CBLN1-201	MANE
CBLN2	7387	CBLN2-201	MANE
CBLN4	7391	CBLN4-201	MANE
CBR1	7394	CBR1-201	MANE
CBR3	7396	CBR3-201	MANE
CBR3-AS1			no_CDS
CBR4	7399	CBR4-201	MANE
CBS	7404	CBS-204	MANE
CBX1	7408	CBX1-201	MANE
CBX3	7409	CBX3-202	MANE
CBX4	7411	CBX4-201	MANE
CBX5	7414	CBX5-201	MANE
CBX6	7415	CBX6-202	MANE
CBX7	7419	CBX7-201	MANE
CBX8	7421	CBX8-201	MANE
CBY1	7423	CBY1-201	MANE
CC2D1A	7428	CC2D1A-201	MANE
CC2D1B	7431	CC2D1B-201	MANE
CC2D2A	7438	CC2D2A-201	longest_CDS
CCAR1	7443	CCAR1-201	MANE
CCAR2	7449	CCAR2-201	MANE
CCBE1	7453	transcript63354.chr18.nic	longest_CDS
CCDC102A	7454	CCDC102A-201	MANE
CCDC102B	7460	CCDC102B-201	MANE
CCDC103	7465	CCDC103-204	MANE
CCDC106	7468	CCDC106-202	MANE
CCDC107	7470	CCDC107-206	MANE
CCDC112	7476	CCDC112-201	MANE
CCDC113	7479	CCDC113-201	MANE
CCDC115	7482	CCDC115-201	MANE
CCDC117	7484	CCDC117-201	MANE
CCDC12	7486	CCDC12-202	APPRIS
CCDC120	7487	CCDC120-206	MANE
CCDC121	7489	CCDC121-201	MANE
CCDC122	7491	CCDC122-201	MANE
CCDC124	7492	CCDC124-201	MANE
CCDC126	7495	CCDC126-201	MANE
CCDC127	7497	CCDC127-201	MANE
CCDC13	7501	CCDC13-207	longest_CDS
CCDC13-AS1	7503	CCDC13-AS1-201	Ensembl
CCDC134	7504	CCDC134-201	MANE
CCDC136	7508	CCDC136-201	MANE
CCDC137	7510	CCDC137-201	MANE
CCDC138	7511	CCDC138-201	MANE
CCDC14	7515	CCDC14-203	MANE
CCDC141	7519	CCDC141-203	MANE
CCDC142	7522	CCDC142-202	MANE
CCDC144A	7528	CCDC144A-206	MANE
CCDC144BP	7544	CCDC144BP-208	Ensembl
CCDC144NL	7546	CCDC144NL-202	Ensembl
CCDC144NL-AS1	7547	transcript36810.chr17.nic	longest_CDS
CCDC146	7549	CCDC146-201	MANE
CCDC148	7553	CCDC148-201	MANE
CCDC149	7555	CCDC149-208	MANE
CCDC15	7562	CCDC15-201	MANE
CCDC15-DT	7563	CCDC15-DT-202	Ensembl
CCDC150	7565	transcript349694.chr2.nic	longest_CDS
CCDC152	7568	CCDC152-201	MANE
CCDC154	7569	CCDC154-202	longest_CDS
CCDC157	7571	transcript28556.chr22.nnic	longest_CDS
CCDC158	7573	CCDC158-206	MANE
CCDC159	7574	CCDC159-215	longest_CDS
CCDC160	7578	CCDC160-203	MANE
CCDC163	7581	CCDC163-202	longest_CDS
CCDC167	7582	CCDC167-201	MANE
CCDC168	7583	CCDC168-201	MANE
CCDC169	7586	CCDC169-204	longest_CDS
CCDC170	7589	CCDC170-201	MANE
CCDC171	7590	CCDC171-201	MANE
CCDC174	7595	CCDC174-202	MANE
CCDC177	7596	CCDC177-201	MANE
CCDC18	7602	CCDC18-212	MANE
CCDC18-AS1			no_CDS
CCDC180	7611	CCDC180-210	MANE
CCDC181	7614	CCDC181-202	MANE
CCDC183	7619	CCDC183-203	longest_CDS
CCDC183-AS1			no_CDS
CCDC184	7623	CCDC184-201	MANE
CCDC186	7628	CCDC186-203	MANE
CCDC190	7630	CCDC190-203	MANE
CCDC191	7631	CCDC191-201	MANE
CCDC196			no_CDS
CCDC22	7637	CCDC22-201	MANE
CCDC24	7639	CCDC24-201	MANE
CCDC25	7641	CCDC25-201	MANE
CCDC26	7649	CCDC26-233	longest_CDS
CCDC28A	7651	CCDC28A-201	MANE
CCDC28B	7652	CCDC28B-201	MANE
CCDC3	7657	CCDC3-201	MANE
CCDC30	7673	CCDC30-225	MANE
CCDC32	7682	CCDC32-202	MANE
CCDC34	7686	CCDC34-202	MANE
CCDC39	7688	CCDC39-202	MANE
CCDC40	7696	CCDC40-204	MANE
CCDC43	7699	CCDC43-201	MANE
CCDC47	7700	CCDC47-201	MANE
CCDC50	7705	CCDC50-201	MANE
CCDC51	7708	CCDC51-201	MANE
CCDC54-AS1			no_CDS
CCDC57	7714	CCDC57-220	MANE
CCDC59	7720	CCDC59-201	MANE
CCDC6	7724	CCDC6-201	MANE
CCDC61	7726	CCDC61-204	MANE
CCDC65	7729	CCDC65-202	MANE
CCDC66	7731	CCDC66-203	MANE
CCDC68	7740	CCDC68-204	MANE
CCDC69	7741	CCDC69-201	MANE
CCDC7	7743	CCDC7-204	longest_CDS
CCDC71	7747	CCDC71-201	MANE
CCDC71L	7749	CCDC71L-201	MANE
CCDC74A	7757	CCDC74A-202	MANE
CCDC74B	7760	CCDC74B-205	MANE
CCDC77	7764	CCDC77-201	MANE
CCDC78	7767	transcript3231.chr16.nic	longest_CDS
CCDC80	7768	CCDC80-201	MANE
CCDC81	7769	CCDC81-204	longest_CDS
CCDC82	7789	CCDC82-218	MANE
CCDC85A	7795	CCDC85A-201	MANE
CCDC85B	7797	CCDC85B-201	MANE
CCDC85C	7798	CCDC85C-201	MANE
CCDC86	7799	CCDC86-201	MANE
CCDC87	7801	CCDC87-201	MANE
CCDC88A	7803	CCDC88A-202	longest_CDS
CCDC88B	7849	CCDC88B-202	MANE
CCDC88C	7850	CCDC88C-203	MANE
CCDC89	7852	CCDC89-201	MANE
CCDC9	7856	CCDC9-207	longest_CDS
CCDC90B	7863	CCDC90B-214	MANE
CCDC90B-AS1			no_CDS
CCDC91	7870	CCDC91-205	MANE
CCDC92	7873	CCDC92-201	MANE
CCDC92B			no_CDS
CCDC93	7881	CCDC93-202	MANE
CCDC96	7883	CCDC96-201	MANE
CCDC97	7886	CCDC97-201	MANE
CCDC9B	7888	CCDC9B-202	MANE
CCER2	7891	CCER2-201	MANE
CCHCR1	7896	CCHCR1-203	MANE
CCK	7898	CCK-202	MANE
CCKBR	7901	CCKBR-201	MANE
CCL2	7902	CCL2-201	MANE
CCL28	7905	transcript44818.chr5.nic	longest_CDS
CCL3	7907	CCL3-204	MANE
CCL4	7909	CCL4-202	MANE
CCL5	7910	CCL5-201	APPRIS
CCM2	7911	CCM2-201	MANE
CCM2L	7920	CCM2L-202	MANE
CCN1	7922	CCN1-201	MANE
CCN2	7923	CCN2-201	MANE
CCN3	7925	CCN3-201	MANE
CCN5	7926	CCN5-203	APPRIS
CCNA1	7928	CCNA1-201	MANE
CCNA2	7930	CCNA2-201	MANE
CCNB1	7931	CCNB1-201	MANE
CCNB1IP1	7934	CCNB1IP1-202	MANE
CCNB2	7935	CCNB2-205	longest_CDS
CCNB3	7936	CCNB3-204	MANE
CCNC	7943	CCNC-210	MANE
CCND1	7945	CCND1-201	MANE
CCND2	7946	CCND2-201	MANE
CCND2-AS1			no_CDS
CCND3	7949	CCND3-203	MANE
CCNDBP1	7958	CCNDBP1-201	MANE
CCNE1	7970	CCNE1-201	MANE
CCNE2	7973	CCNE2-201	MANE
CCNF	7974	CCNF-202	MANE
CCNG1	7978	CCNG1-201	MANE
CCNG2	7979	CCNG2-201	MANE
CCNH	7985	CCNH-201	MANE
CCNI	7988	CCNI-201	MANE
CCNJ	7991	CCNJ-203	MANE
CCNJL	7993	CCNJL-201	MANE
CCNK	7998	CCNK-201	MANE
CCNL1	8006	CCNL1-202	MANE
CCNL2	8015	CCNL2-201	MANE
CCNO	8023	CCNO-201	MANE
CCNP	8025	CCNP-201	longest_CDS
CCNQ	8030	CCNQ-204	MANE
CCNT1	8031	CCNT1-201	MANE
CCNT2	8038	CCNT2-201	MANE
CCNT2-AS1	8039	transcript273201.chr2.nnic	longest_CDS
CCNY	8041	CCNY-203	MANE
CCNYL1	8043	CCNYL1-201	MANE
CCP110	8048	CCP110-212	MANE
CCPG1	8053	CCPG1-203	MANE
CCR1	8059	CCR1-201	MANE
CCR10	8060	CCR10-203	longest_CDS
CCR2	8061	CCR2-203	MANE
CCR5	8062	CCR5-201	MANE
CCRL2	8063	CCRL2-202	MANE
CCS	8064	CCS-208	MANE
CCSAP	8071	CCSAP-201	MANE
CCSER1	8076	CCSER1-209	MANE
CCSER2	8081	CCSER2-203	MANE
CCT2	8084	CCT2-201	MANE
CCT3	8090	CCT3-201	MANE
CCT4	8094	CCT4-201	MANE
CCT5	8095	CCT5-201	MANE
CCT6A	8101	CCT6A-201	MANE
CCT6B	8103	CCT6B-201	MANE
CCT6P3	8105	CCT6P3-203	Ensembl
CCT7	8109	CCT7-201	MANE
CCT8	8111	CCT8-201	MANE
CCZ1	8117	CCZ1-201	MANE
CCZ1B	8121	CCZ1B-201	MANE
CD101	8124	CD101-205	MANE
CD109	8125	CD109-203	longest_CDS
CD109-AS1	8126	CD109-AS1-201	Ensembl
CD14	8128	CD14-201	MANE
CD151	8130	transcript363.chr11.nnic	longest_CDS
CD163	8133	CD163-203	MANE
CD164	8140	CD164-202	MANE
CD180	8142	CD180-201	MANE
CD1D	8143	transcript245896.chr1.nnic	longest_CDS
CD200	8144	CD200-201	MANE
CD22	8155	CD22-201	MANE
CD226	8156	CD226-201	longest_CDS
CD24	8157	CD24-204	longest_CDS
CD244	8158	CD244-203	MANE
CD247	8159	CD247-206	longest_CDS
CD248	8161	CD248-201	MANE
CD27-AS1	8163	CD27-AS1-217	Ensembl
CD274	8170	CD274-202	MANE
CD276	8171	CD276-202	MANE
CD2AP	8174	CD2AP-201	MANE
CD2BP2	8176	CD2BP2-201	MANE
CD2BP2-DT			no_CDS
CD300A	8180	CD300A-202	MANE
CD300E	8181	CD300E-201	MANE
CD302	8183	CD302-201	MANE
CD320	8186	CD320-201	MANE
CD33	8189	CD33-201	MANE
CD34	8191	CD34-201	MANE
CD36	8192	CD36-201	longest_CDS
CD37	8194	CD37-201	MANE
CD38	8195	CD38-201	MANE
CD4	8196	CD4-201	MANE
CD40	8199	CD40-202	MANE
CD44	8201	CD44-201	longest_CDS
CD46	8203	CD46-208	MANE
CD47	8223	CD47-202	MANE
CD48	8224	CD48-201	longest_CDS
CD5	8225	CD5-201	MANE
CD53	8226	CD53-201	MANE
CD55	8231	CD55-204	MANE
CD58	8238	CD58-202	MANE
CD59	8241	CD59-211	MANE
CD6	8246	CD6-201	MANE
CD63	8251	CD63-201	MANE
CD63-AS1	8253	CD63-AS1-201	Ensembl
CD68	8255	CD68-201	MANE
CD69	8256	CD69-201	MANE
CD74	8258	CD74-201	MANE
CD81	8263	CD81-201	MANE
CD81-AS1	8265	transcript5292.chr11.nnic	longest_CDS
CD82	8266	CD82-201	MANE
CD83	8267	CD83-201	MANE
CD84	8270	CD84-206	MANE
CD86	8275	CD86-202	MANE
CD8A	8276	CD8A-203	longest_CDS
CD9	8286	CD9-201	MANE
CD93	8290	CD93-201	MANE
CD99	8292	CD99-205	MANE
CD99L2	8293	CD99L2-203	MANE
CD99P1			no_CDS
CDADC1	8297	CDADC1-201	MANE
CDAN1	8301	CDAN1-201	MANE
CDC123	8302	CDC123-201	MANE
CDC14A	8305	CDC14A-201	MANE
CDC14B	8308	CDC14B-202	MANE
CDC16	8311	CDC16-203	MANE
CDC20	8315	CDC20-201	MANE
CDC23	8316	CDC23-202	MANE
CDC25A	8320	CDC25A-201	MANE
CDC25B	8326	CDC25B-201	MANE
CDC25C	8327	CDC25C-201	MANE
CDC26	8328	CDC26-201	MANE
CDC27	8332	CDC27-201	MANE
CDC34	8334	CDC34-201	MANE
CDC37	8336	CDC37-201	MANE
CDC37L1	8339	CDC37L1-201	MANE
CDC40	8341	CDC40-201	MANE
CDC42	8352	CDC42-208	MANE
CDC42BPA	8358	CDC42BPA-203	MANE
CDC42BPB	8368	CDC42BPB-201	MANE
CDC42BPG	8369	CDC42BPG-201	MANE
CDC42EP1	8371	CDC42EP1-201	MANE
CDC42EP2	8373	CDC42EP2-201	MANE
CDC42EP3	8375	CDC42EP3-201	MANE
CDC42EP4	8376	CDC42EP4-201	MANE
CDC42SE1	8378	CDC42SE1-202	APPRIS
CDC42SE2	8382	CDC42SE2-208	MANE
CDC5L	8385	CDC5L-201	MANE
CDC6	8386	CDC6-201	MANE
CDC7	8390	CDC7-201	MANE
CDC73	8392	CDC73-201	MANE
CDCA2	8395	CDCA2-201	MANE
CDCA3	8396	transcript14739.chr12.nic	longest_CDS
CDCA4	8397	CDCA4-201	MANE
CDCA5	8398	CDCA5-201	MANE
CDCA7	8402	CDCA7-201	MANE
CDCA7L	8406	CDCA7L-203	MANE
CDCA8	8408	CDCA8-202	MANE
CDCP1	8410	CDCP1-201	MANE
CDH1	8412	CDH1-201	MANE
CDH10	8414	CDH10-201	MANE
CDH11	8418	CDH11-201	MANE
CDH12	8421	CDH12-201	MANE
CDH13	8424	CDH13-209	MANE
CDH13-AS2			no_CDS
CDH18	8428	CDH18-202	MANE
CDH19	8433	CDH19-201	MANE
CDH2	8440	CDH2-201	MANE
CDH20	8444	CDH20-201	MANE
CDH22	8446	CDH22-202	MANE
CDH23	8450	CDH23-201	MANE
CDH24	8455	CDH24-204	MANE
CDH26	8456	CDH26-202	MANE
CDH3	8457	CDH3-201	MANE
CDH3-AS1	8458	CDH3-AS1-201	Ensembl
CDH4	8459	CDH4-203	MANE
CDH5	8461	CDH5-201	MANE
CDH6	8463	CDH6-201	MANE
CDH7	8467	CDH7-202	MANE
CDH8	8468	CDH8-203	MANE
CDH9	8473	CDH9-201	MANE
CDHR1	8477	CDHR1-206	MANE
CDHR3	8478	CDHR3-201	MANE
CDIN1	8485	CDIN1-208	MANE
CDIP1	8486	CDIP1-209	MANE
CDIPT	8493	CDIPT-201	MANE
CDK1	8494	CDK1-203	MANE
CDK10	8496	CDK10-202	MANE
CDK11A	8502	CDK11A-208	MANE
CDK11B	8506	CDK11B-203	MANE
CDK12	8514	CDK12-202	MANE
CDK13	8526	CDK13-201	MANE
CDK13-DT	8529	CDK13-DT-201	Ensembl
CDK14	8532	CDK14-202	MANE
CDK16	8535	CDK16-202	MANE
CDK17	8539	CDK17-201	MANE
CDK18	8546	CDK18-203	MANE
CDK19	8552	CDK19-202	MANE
CDK2	8553	CDK2-201	MANE
CDK20	8561	CDK20-201	MANE
CDK2AP1	8566	CDK2AP1-201	MANE
CDK2AP2	8569	CDK2AP2-201	MANE
CDK3	8571	CDK3-201	longest_CDS
CDK4	8572	CDK4-201	MANE
CDK5	8574	CDK5-204	MANE
CDK5R1	8576	CDK5R1-201	MANE
CDK5R2	8577	CDK5R2-201	MANE
CDK5RAP1	8578	CDK5RAP1-202	MANE
CDK5RAP2	8589	CDK5RAP2-201	MANE
CDK5RAP3	8607	CDK5RAP3-201	MANE
CDK6	8610	CDK6-202	MANE
CDK7	8615	CDK7-201	MANE
CDK8	8616	CDK8-201	MANE
CDK9	8619	CDK9-201	MANE
CDKAL1	8620	CDKAL1-201	MANE
CDKL1	8621	CDKL1-203	MANE
CDKL2	8624	CDKL2-201	MANE
CDKL3	8625	CDKL3-210	longest_CDS
CDKL5	8627	CDKL5-205	MANE
CDKN1A	8634	CDKN1A-201	MANE
CDKN1B	8637	CDKN1B-201	MANE
CDKN1C	8641	CDKN1C-202	longest_CDS
CDKN2A	8643	CDKN2A-201	MANE
CDKN2AIP	8645	CDKN2AIP-203	MANE
CDKN2AIPNL	8647	CDKN2AIPNL-202	MANE
CDKN2B	8648	CDKN2B-201	MANE
CDKN2B-AS1			no_CDS
CDKN2C	8652	CDKN2C-202	MANE
CDKN2D	8654	CDKN2D-202	MANE
CDKN3	8655	CDKN3-202	MANE
CDNF	8658	CDNF-203	MANE
CDO1	8659	CDO1-201	MANE
CDON	8664	CDON-204	MANE
CDPF1	8669	CDPF1-201	MANE
CDR1	8670	CDR1-201	Ensembl
CDR2	8671	CDR2-201	MANE
CDR2-DT			no_CDS
CDR2L	8674	CDR2L-201	MANE
CDRT4	8676	CDRT4-203	MANE
CDS1	8677	CDS1-201	MANE
CDS2	8679	CDS2-203	MANE
CDT1	8681	CDT1-201	MANE
CDV3	8683	CDV3-201	MANE
CDYL	8685	CDYL-203	MANE
CDYL2	8687	CDYL2-207	MANE
CEACAM1	8689	CEACAM1-206	longest_CDS
CEACAM19	8690	CEACAM19-201	MANE
CEBPA	8694	CEBPA-201	MANE
CEBPA-DT	8695	CEBPA-DT-201	Ensembl
CEBPB	8696	CEBPB-201	MANE
CEBPB-AS1	8697	CEBPB-AS1-201	Ensembl
CEBPD	8698	CEBPD-201	MANE
CEBPG	8699	CEBPG-201	MANE
CEBPZ	8702	CEBPZ-201	MANE
CEBPZOS	8705	CEBPZOS-204	MANE
CECR2	8708	CECR2-201	MANE
CEDORA	8710	CEDORA-204	Ensembl
CELF1	8722	CELF1-222	MANE
CELF2	8731	CELF2-213	MANE
CELF2-AS1	8739	CELF2-AS1-201	Ensembl
CELF2-DT	8743	CELF2-DT-207	Ensembl
CELF3	8745	CELF3-201	MANE
CELF4	8755	CELF4-203	MANE
CELF5	8758	CELF5-201	MANE
CELF6	8763	CELF6-201	MANE
CELSR2	8766	CELSR2-201	MANE
CELSR3	8770	CELSR3-201	MANE
CEMIP	8773	CEMIP-201	APPRIS
CEMIP2	8779	CEMIP2-202	MANE
CENATAC	8781	CENATAC-201	MANE
CENATAC-DT	8785	CENATAC-DT-201	Ensembl
CEND1	8786	CEND1-201	MANE
CENPB	8787	CENPB-201	MANE
CENPC	8790	CENPC-201	MANE
CENPE	8794	CENPE-201	MANE
CENPF	8796	CENPF-201	MANE
CENPH	8798	CENPH-201	MANE
CENPI	8799	CENPI-208	longest_CDS
CENPJ	8802	CENPJ-201	MANE
CENPK	8804	CENPK-202	MANE
CENPL	8807	CENPL-210	MANE
CENPN	8808	CENPN-202	MANE
CENPN-AS1	8809	CENPN-AS1-204	Ensembl
CENPO	8810	CENPO-206	longest_CDS
CENPP	8816	CENPP-203	MANE
CENPQ	8820	CENPQ-201	MANE
CENPS	8822	CENPS-201	MANE
CENPT	8824	CENPT-208	MANE
CENPU	8830	CENPU-201	MANE
CENPV	8835	CENPV-201	MANE
CENPVL1	8837	CENPVL1-201	MANE
CENPVL2	8838	CENPVL2-201	MANE
CENPVL3	8839	CENPVL3-201	MANE
CENPX	8840	CENPX-202	MANE
CEP104	8849	CEP104-220	longest_CDS
CEP112	8861	CEP112-203	MANE
CEP120	8867	CEP120-203	longest_CDS
CEP126	8873	CEP126-201	MANE
CEP128	8878	CEP128-209	MANE
CEP131	8883	CEP131-203	MANE
CEP135	8885	CEP135-201	MANE
CEP152	8891	CEP152-202	MANE
CEP162	8894	CEP162-202	MANE
CEP164	8899	CEP164-201	MANE
CEP170	8909	CEP170-202	MANE
CEP170B	8914	CEP170B-202	MANE
CEP19	8916	CEP19-202	MANE
CEP192	8918	CEP192-202	MANE
CEP20	8924	CEP20-201	MANE
CEP250	8930	CEP250-202	MANE
CEP290	8938	CEP290-218	longest_CDS
CEP295	8957	CEP295-201	MANE
CEP350	8963	CEP350-202	MANE
CEP41	8982	CEP41-201	MANE
CEP43	8989	CEP43-202	MANE
CEP44	9005	CEP44-206	MANE
CEP57	9007	CEP57-202	MANE
CEP57L1	9018	CEP57L1-204	MANE
CEP63	9035	CEP63-226	longest_CDS
CEP68	9049	CEP68-202	MANE
CEP70	9068	CEP70-201	MANE
CEP72	9074	CEP72-201	MANE
CEP76	9075	CEP76-201	MANE
CEP78	9089	CEP78-215	MANE
CEP83	9090	CEP83-202	MANE
CEP83-DT	9093	CEP83-DT-201	Ensembl
CEP85	9095	CEP85-202	MANE
CEP85L	9097	CEP85L-203	MANE
CEP89	9103	CEP89-201	MANE
CEP95	9106	CEP95-202	MANE
CEP97	9113	CEP97-201	MANE
CEPT1	9122	CEPT1-201	MANE
CERCAM	9127	CERCAM-201	MANE
CERK	9128	CERK-201	MANE
CERKL	9129	CERKL-206	MANE
CERNA1	9132	CERNA1-203	Ensembl
CEROX1	9135	CEROX1-201	longest_CDS
CERS1	9140	CERS1-201	longest_CDS
CERS2	9142	CERS2-205	MANE
CERS4	9144	CERS4-201	MANE
CERS5	9155	CERS5-201	MANE
CERS6	9162	CERS6-201	MANE
CERT1	9175	CERT1-215	MANE
CES1	9182	CES1-201	MANE
CES2	9183	CES2-201	MANE
CES3	9187	CES3-201	MANE
CES4A	9192	CES4A-212	MANE
CETN2	9193	CETN2-201	MANE
CETN3	9196	CETN3-201	MANE
CFAP119	9199	transcript76864.chr16.nic	longest_CDS
CFAP161	9204	CFAP161-201	MANE
CFAP20	9207	CFAP20-201	MANE
CFAP206	9208	CFAP206-202	MANE
CFAP20DC	9212	CFAP20DC-208	MANE
CFAP20DC-AS1			no_CDS
CFAP210	9216	CFAP210-203	MANE
CFAP221	9219	CFAP221-203	MANE
CFAP251	9222	CFAP251-201	MANE
CFAP298	9226	CFAP298-201	MANE
CFAP299	9228	CFAP299-207	longest_CDS
CFAP36	9231	CFAP36-202	MANE
CFAP410	9234	CFAP410-202	MANE
CFAP418	9236	CFAP418-201	MANE
CFAP418-AS1	9241	CFAP418-AS1-205	Ensembl
CFAP43	9244	CFAP43-202	MANE
CFAP44	9248	CFAP44-202	MANE
CFAP46	9251	CFAP46-202	MANE
CFAP47	9255	CFAP47-203	MANE
CFAP52	9257	CFAP52-201	MANE
CFAP53	9258	CFAP53-201	MANE
CFAP54	9259	CFAP54-202	MANE
CFAP57	9263	CFAP57-201	MANE
CFAP58	9266	CFAP58-202	MANE
CFAP58-DT	9267	CFAP58-DT-201	Ensembl
CFAP61	9268	CFAP61-222	longest_CDS
CFAP68	9271	CFAP68-201	MANE
CFAP69	9274	CFAP69-201	MANE
CFAP70	9280	CFAP70-203	MANE
CFAP74	9282	CFAP74-210	MANE
CFAP90	9286	CFAP90-201	MANE
CFAP91	9289	CFAP91-201	MANE
CFAP92	9290	CFAP92-208	MANE
CFAP97	9295	CFAP97-201	MANE
CFB	9296	CFB-271	MANE
CFC1	9297	CFC1-201	MANE
CFC1B	9298	CFC1B-201	MANE
CFD	9299	CFD-201	MANE
CFDP1	9300	CFDP1-201	MANE
CFH	9311	CFH-210	longest_CDS
CFI	9312	CFI-208	longest_CDS
CFL1	9313	CFL1-201	MANE
CFL2	9316	CFL2-201	MANE
CFLAR	9323	CFLAR-201	MANE
CFP	9327	CFP-207	longest_CDS
CFTR	9329	CFTR-201	MANE
CGAS	9330	CGAS-201	MANE
CGGBP1	9332	CGGBP1-206	MANE
CGN	9335	CGN-201	MANE
CGNL1	9340	CGNL1-201	MANE
CGREF1	9341	CGREF1-202	MANE
CGRRF1	9345	CGRRF1-201	MANE
CH25H	9346	CH25H-201	MANE
CHAC1	9347	CHAC1-203	MANE
CHAC2	9348	CHAC2-201	MANE
CHAD	9350	CHAD-203	MANE
CHADL	9351	CHADL-201	MANE
CHAF1A	9355	CHAF1A-201	MANE
CHAF1B	9356	CHAF1B-201	MANE
CHAMP1	9360	CHAMP1-201	MANE
CHASERR	9363	CHASERR-209	longest_CDS
CHCHD1	9366	CHCHD1-201	MANE
CHCHD10	9368	CHCHD10-202	MANE
CHCHD2	9369	CHCHD2-201	MANE
CHCHD3	9370	CHCHD3-201	MANE
CHCHD4	9372	CHCHD4-202	MANE
CHCHD5	9376	CHCHD5-201	MANE
CHCHD6	9380	CHCHD6-201	MANE
CHCHD7	9384	CHCHD7-202	MANE
CHD1	9391	CHD1-211	MANE
CHD1-DT			no_CDS
CHD1L	9401	CHD1L-202	MANE
CHD2	9413	CHD2-201	MANE
CHD3	9422	CHD3-223	longest_CDS
CHD4	9427	CHD4-207	longest_CDS
CHD5	9447	CHD5-201	MANE
CHD6	9451	CHD6-202	MANE
CHD7	9454	CHD7-201	MANE
CHD8	9466	CHD8-224	MANE
CHD9	9478	CHD9-203	MANE
CHDH	9481	CHDH-201	MANE
CHEK1	9484	CHEK1-204	MANE
CHEK2	9485	CHEK2-206	MANE
CHERP	9488	CHERP-203	MANE
CHFR	9492	CHFR-205	MANE
CHGA	9502	CHGA-201	MANE
CHGB	9503	CHGB-201	MANE
CHI3L1	9505	CHI3L1-201	MANE
CHI3L2	9506	CHI3L2-202	MANE
CHIC1	9509	CHIC1-201	MANE
CHIC2	9512	CHIC2-201	MANE
CHID1	9515	CHID1-201	MANE
CHKA	9517	CHKA-201	MANE
CHKB	9518	CHKB-201	MANE
CHKB-DT	9525	transcript69169.chr22.nic	longest_CDS
CHL1	9530	CHL1-201	MANE
CHM	9537	CHM-201	MANE
CHML	9539	CHML-201	MANE
CHMP1A	9544	CHMP1A-201	MANE
CHMP1B	9546	CHMP1B-201	MANE
CHMP2A	9547	CHMP2A-201	MANE
CHMP2B	9557	CHMP2B-201	MANE
CHMP3	9563	CHMP3-201	MANE
CHMP4A	9565	CHMP4A-201	MANE
CHMP4B	9567	CHMP4B-201	MANE
CHMP5	9570	CHMP5-201	MANE
CHMP6	9571	CHMP6-201	MANE
CHMP7	9572	transcript63976.chr8.nnic	longest_CDS
CHN1	9580	CHN1-205	MANE
CHN2	9595	CHN2-201	MANE
CHODL	9597	transcript12160.chr21.nic	longest_CDS
CHORDC1	9603	CHORDC1-201	MANE
CHP1	9606	CHP1-201	MANE
CHP2	9607	CHP2-201	MANE
CHPF	9609	CHPF-201	MANE
CHPF2	9613	CHPF2-201	MANE
CHPT1	9619	CHPT1-201	MANE
CHRAC1	9623	CHRAC1-201	MANE
CHRD	9627	CHRD-201	MANE
CHRDL1	9633	CHRDL1-201	MANE
CHRFAM7A	9634	CHRFAM7A-201	MANE
CHRM1	9637	CHRM1-201	MANE
CHRM2	9641	CHRM2-208	MANE
CHRM3	9643	CHRM3-211	MANE
CHRM3-AS2	9650	CHRM3-AS2-201	longest_CDS
CHRM4	9653	CHRM4-202	MANE
CHRM5	9654	CHRM5-201	MANE
CHRNA1	9657	CHRNA1-202	MANE
CHRNA10	9658	CHRNA10-201	MANE
CHRNA2	9659	CHRNA2-202	MANE
CHRNA3	9660	CHRNA3-201	MANE
CHRNA4	9661	CHRNA4-201	MANE
CHRNA5	9663	CHRNA5-201	MANE
CHRNA6	9664	CHRNA6-201	MANE
CHRNA7	9672	CHRNA7-201	MANE
CHRNB1	9675	CHRNB1-201	MANE
CHRNB2	9679	CHRNB2-201	MANE
CHRNB3	9681	CHRNB3-201	MANE
CHRNE	9682	transcript11250.chr17.nic	longest_CDS
CHROMR			no_CDS
CHST1	9689	CHST1-201	MANE
CHST10	9692	CHST10-201	MANE
CHST11	9696	CHST11-201	MANE
CHST12	9697	CHST12-204	MANE
CHST13	9699	CHST13-201	MANE
CHST14	9700	CHST14-201	MANE
CHST15	9705	CHST15-202	MANE
CHST2	9708	CHST2-201	MANE
CHST3	9709	CHST3-201	MANE
CHST5	9710	CHST5-201	MANE
CHST6	9711	CHST6-201	MANE
CHST7	9714	CHST7-201	MANE
CHST8	9715	CHST8-201	longest_CDS
CHST9	9720	CHST9-203	MANE
CHSY1	9722	CHSY1-201	MANE
CHSY3	9723	CHSY3-201	MANE
CHTF18	9726	CHTF18-201	MANE
CHTF8	9728	CHTF8-202	MANE
CHTOP	9732	CHTOP-203	longest_CDS
CHUK	9735	CHUK-201	MANE
CHURC1	9736	CHURC1-208	longest_CDS
CIAO1	9740	CIAO1-203	MANE
CIAO2A	9742	CIAO2A-201	MANE
CIAO2B	9743	CIAO2B-201	MANE
CIAO3	9746	CIAO3-201	MANE
CIAPIN1	9755	CIAPIN1-201	MANE
CIART	9758	CIART-201	MANE
CIB1	9761	CIB1-201	MANE
CIB2	9765	CIB2-201	MANE
CIBAR1	9773	CIBAR1-206	MANE
CIC	9775	CIC-209	MANE
CIDEA	9779	CIDEA-201	MANE
CIDEB	9782	CIDEB-201	longest_CDS
CIITA	9785	CIITA-201	MANE
CILK1	9787	CILK1-203	MANE
CINP	9795	CINP-201	MANE
CIP2A	9799	CIP2A-201	MANE
CIPC	9803	CIPC-201	MANE
CIR1	9805	CIR1-201	MANE
CIRBP	9810	CIRBP-214	MANE
CIROP	9825	transcript3604.chr14.nnic	longest_CDS
CISD1	9826	CISD1-201	MANE
CISD2	9828	CISD2-201	MANE
CISD3	9831	CISD3-204	MANE
CISH	9832	CISH-201	MANE
CISTR			no_CDS
CIT	9840	CIT-203	MANE
CITED1	9855	CITED1-202	longest_CDS
CITED2	9856	CITED2-201	MANE
CITED4	9857	CITED4-201	MANE
CIZ1	9863	CIZ1-204	MANE
CKAP2	9871	CKAP2-201	MANE
CKAP2-DT	9872	CKAP2-DT-201	Ensembl
CKAP2L	9873	CKAP2L-201	MANE
CKAP4	9874	CKAP4-201	MANE
CKAP5	9876	CKAP5-210	MANE
CKB	9883	CKB-201	MANE
CKLF	9885	CKLF-201	MANE
CKMT1A	9887	CKMT1A-202	MANE
CKMT1B	9893	CKMT1B-207	MANE
CKMT2	9894	CKMT2-201	MANE
CKMT2-AS1	9900	transcript111605.chr5.nnic	longest_CDS
CKS1B	9905	CKS1B-201	MANE
CKS2	9906	CKS2-201	MANE
CLASP1	9916	CLASP1-215	MANE
CLASP2	9921	CLASP2-227	MANE
CLASRP	9937	CLASRP-201	MANE
CLBA1	9941	CLBA1-202	MANE
CLCA2	9942	CLCA2-201	MANE
CLCA4	9943	CLCA4-201	MANE
CLCA4-AS1	9945	CLCA4-AS1-204	Ensembl
CLCC1	9949	CLCC1-205	MANE
CLCN2	9975	CLCN2-201	MANE
CLCN3	9978	CLCN3-208	MANE
CLCN4	9983	CLCN4-202	MANE
CLCN5	9986	CLCN5-203	MANE
CLCN6	9993	CLCN6-202	MANE
CLCN7	9997	CLCN7-202	MANE
CLDN1	10000	CLDN1-201	MANE
CLDN10	10001	CLDN10-201	MANE
CLDN11	10004	CLDN11-201	MANE
CLDN12	10008	CLDN12-213	MANE
CLDN15	10010	CLDN15-201	MANE
CLDN16	10012	CLDN16-201	MANE
CLDN22	10013	CLDN22-201	MANE
CLDN23	10014	CLDN23-201	MANE
CLDN3	10015	CLDN3-201	MANE
CLDN4	10016	CLDN4-201	MANE
CLDN5	10018	CLDN5-204	MANE
CLDN9	10020	CLDN9-201	MANE
CLDND1	10029	CLDND1-201	MANE
CLEC11A	10030	CLEC11A-201	MANE
CLEC14A	10031	CLEC14A-201	MANE
CLEC16A	10035	CLEC16A-214	longest_CDS
CLEC18A	10036	CLEC18A-202	longest_CDS
CLEC18B	10039	CLEC18B-204	MANE
CLEC18C	10040	CLEC18C-208	longest_CDS
CLEC19A			no_CDS
CLEC2B	10042	CLEC2B-201	MANE
CLEC2D	10044	CLEC2D-203	MANE
CLEC2L	10047	CLEC2L-201	MANE
CLEC5A	10048	CLEC5A-206	MANE
CLEC7A	10050	CLEC7A-205	longest_CDS
CLEC9A	10051	CLEC9A-201	MANE
CLGN	10052	CLGN-201	MANE
CLHC1	10055	CLHC1-201	MANE
CLIC1	10056	CLIC1-208	MANE
CLIC2	10058	CLIC2-202	MANE
CLIC4	10059	CLIC4-201	MANE
CLIC5	10062	CLIC5-202	MANE
CLINT1	10067	CLINT1-201	MANE
CLIP1	10076	CLIP1-219	MANE
CLIP2	10082	CLIP2-201	MANE
CLIP3	10085	CLIP3-201	MANE
CLIP4	10088	CLIP4-201	MANE
CLK1	10107	CLK1-201	MANE
CLK2	10116	CLK2-203	MANE
CLK3	10119	CLK3-202	MANE
CLK4	10132	CLK4-201	MANE
CLMN	10136	CLMN-201	MANE
CLMP	10138	CLMP-201	MANE
CLN3	10147	CLN3-243	MANE
CLN5	10154	CLN5-208	APPRIS
CLN6	10157	CLN6-201	MANE
CLN8	10162	CLN8-201	MANE
CLN8-AS1			no_CDS
CLNS1A	10172	CLNS1A-204	MANE
CLOCK	10176	CLOCK-211	MANE
CLP1	10178	CLP1-205	MANE
CLPB	10179	CLPB-208	MANE
CLPP	10185	CLPP-201	MANE
CLPTM1	10186	CLPTM1-201	MANE
CLPTM1L	10189	CLPTM1L-201	MANE
CLPX	10190	CLPX-201	MANE
CLSPN	10193	CLSPN-202	MANE
CLSTN1	10198	CLSTN1-202	MANE
CLSTN2	10201	CLSTN2-201	MANE
CLSTN3	10203	CLSTN3-201	MANE
CLTA	10206	CLTA-202	MANE
CLTB	10211	CLTB-201	MANE
CLTC	10219	CLTC-201	MANE
CLTCL1	10224	CLTCL1-202	MANE
CLU	10231	CLU-201	MANE
CLUAP1	10236	CLUAP1-212	MANE
CLUH	10241	CLUH-215	MANE
CLUL1	10244	CLUL1-213	MANE
CLVS1	10249	CLVS1-201	MANE
CLVS2	10250	CLVS2-201	MANE
CLXN	10252	CLXN-201	MANE
CLYBL	10253	CLYBL-201	MANE
CMAS	10257	CMAS-201	MANE
CMBL	10259	CMBL-201	MANE
CMC1	10262	CMC1-205	MANE
CMC2	10266	CMC2-201	MANE
CMC4	10270	CMC4-202	MANE
CMIP	10277	CMIP-202	MANE
CMKLR1	10285	CMKLR1-204	MANE
CMPK1	10288	CMPK1-203	MANE
CMPK2	10291	CMPK2-201	MANE
CMSS1	10294	CMSS1-201	MANE
CMTM3	10297	CMTM3-214	MANE
CMTM4	10298	CMTM4-202	MANE
CMTM5	10301	CMTM5-203	longest_CDS
CMTM6	10304	CMTM6-201	MANE
CMTM7	10305	CMTM7-201	MANE
CMTM8	10307	CMTM8-201	MANE
CMTR1	10308	CMTR1-201	MANE
CMTR2	10311	CMTR2-202	MANE
CMYA5	10312	CMYA5-201	MANE
CNBD2			no_CDS
CNBP	10321	CNBP-201	MANE
CNDP1	10324	CNDP1-201	MANE
CNDP2	10331	CNDP2-201	MANE
CNEP1R1	10335	CNEP1R1-202	MANE
CNGA3	10337	CNGA3-201	MANE
CNGA4	10338	CNGA4-201	MANE
CNGB1	10339	CNGB1-201	MANE
CNGB3	10340	CNGB3-205	longest_CDS
CNIH1	10343	CNIH1-201	MANE
CNIH2	10345	CNIH2-201	MANE
CNIH3	10346	CNIH3-201	MANE
CNIH4	10347	CNIH4-205	MANE
CNKSR1	10349	CNKSR1-201	MANE
CNKSR2	10352	CNKSR2-202	MANE
CNKSR3	10374	CNKSR3-205	MANE
CNMD	10375	CNMD-201	MANE
CNN1	10376	CNN1-201	MANE
CNN2	10378	CNN2-201	MANE
CNN3	10380	CNN3-201	MANE
CNN3-DT	10384	CNN3-DT-210	longest_CDS
CNNM1	10388	CNNM1-201	MANE
CNNM2	10390	CNNM2-202	MANE
CNNM3	10391	CNNM3-201	MANE
CNNM4	10392	CNNM4-201	MANE
CNOT1	10400	CNOT1-201	MANE
CNOT10	10403	CNOT10-201	MANE
CNOT11	10408	CNOT11-201	MANE
CNOT2	10410	CNOT2-225	APPRIS
CNOT3	10419	CNOT3-202	longest_CDS
CNOT4	10423	CNOT4-211	MANE
CNOT6	10430	CNOT6-201	MANE
CNOT6L	10433	CNOT6L-201	MANE
CNOT7	10438	CNOT7-201	MANE
CNOT8	10439	CNOT8-201	MANE
CNOT9	10445	CNOT9-201	MANE
CNP	10449	CNP-202	MANE
CNPPD1	10450	CNPPD1-201	MANE
CNPY2	10453	CNPY2-201	MANE
CNPY2-AS1	10455	CNPY2-AS1-203	Ensembl
CNPY3	10456	CNPY3-201	MANE
CNPY4	10457	CNPY4-201	MANE
CNR1	10461	CNR1-203	MANE
CNRIP1	10465	CNRIP1-201	MANE
CNST	10466	CNST-203	MANE
CNTD1	10469	CNTD1-204	MANE
CNTFR	10471	CNTFR-202	MANE
CNTLN	10476	CNTLN-202	MANE
CNTN1	10478	CNTN1-208	MANE
CNTN2	10505	CNTN2-201	MANE
CNTN3	10506	CNTN3-201	MANE
CNTN4	10508	CNTN4-203	MANE
CNTN5	10522	CNTN5-207	longest_CDS
CNTN6	10524	CNTN6-205	MANE
CNTNAP1	10527	CNTNAP1-201	MANE
CNTNAP2	10531	CNTNAP2-201	MANE
CNTNAP3	10540	CNTNAP3-201	MANE
CNTNAP3B	10544	CNTNAP3B-203	MANE
CNTNAP3C	10545	CNTNAP3C-201	Ensembl
CNTNAP4	10547	CNTNAP4-207	MANE
CNTNAP5	10552	CNTNAP5-204	MANE
CNTNAP5-DT	10555	CNTNAP5-DT-201	Ensembl
CNTRL	10565	CNTRL-202	APPRIS
CNTROB	10576	CNTROB-202	MANE
COA1	10585	COA1-201	MANE
COA3	10589	COA3-201	MANE
COA4	10592	COA4-201	MANE
COA5	10596	COA5-201	MANE
COA6	10601	COA6-203	MANE
COA6-AS1	10602	COA6-AS1-202	Ensembl
COA7	10603	COA7-201	MANE
COA8	10604	COA8-201	MANE
COASY	10609	COASY-201	MANE
COBL	10613	COBL-201	MANE
COBLL1	10619	COBLL1-225	MANE
COCH	10625	COCH-202	MANE
COG1	10633	COG1-201	MANE
COG2	10636	COG2-202	MANE
COG3	10637	COG3-201	MANE
COG4	10640	COG4-201	MANE
COG5	10647	COG5-201	MANE
COG6	10649	COG6-204	MANE
COG7	10654	COG7-201	MANE
COG8	10656	COG8-201	MANE
COIL	10657	COIL-201	MANE
COL10A1	10658	COL10A1-202	longest_CDS
COL11A1	10664	COL11A1-203	MANE
COL11A2	10665	transcript42066.chr6.nnic	longest_CDS
COL12A1	10666	COL12A1-201	MANE
COL13A1	10672	transcript127217.chr10.nnic	longest_CDS
COL15A1	10673	COL15A1-201	MANE
COL16A1	10680	COL16A1-203	MANE
COL18A1	10682	COL18A1-207	MANE
COL19A1	10683	COL19A1-205	MANE
COL1A1	10684	COL1A1-201	MANE
COL1A2	10685	COL1A2-201	MANE
COL20A1	10689	COL20A1-201	MANE
COL21A1	10693	COL21A1-201	MANE
COL22A1	10694	COL22A1-202	longest_CDS
COL23A1	10697	COL23A1-201	MANE
COL24A1	10698	COL24A1-201	MANE
COL25A1	10700	COL25A1-203	MANE
COL26A1	10703	COL26A1-201	MANE
COL27A1	10706	COL27A1-201	MANE
COL28A1	10708	COL28A1-201	MANE
COL2A1	10709	COL2A1-202	MANE
COL4A1	10711	COL4A1-201	MANE
COL4A2	10717	COL4A2-201	MANE
COL4A3	10721	COL4A3-202	MANE
COL4A4	10723	COL4A4-201	MANE
COL4A5	10726	COL4A5-201	MANE
COL5A1	10728	COL5A1-201	MANE
COL5A2	10730	COL5A2-201	MANE
COL5A3	10731	COL5A3-201	MANE
COL6A1	10732	COL6A1-201	MANE
COL6A2	10738	COL6A2-201	MANE
COL6A3	10740	COL6A3-201	MANE
COL7A1	10745	COL7A1-211	MANE
COL8A1	10746	COL8A1-209	MANE
COL9A1	10755	COL9A1-215	longest_CDS
COL9A2	10757	COL9A2-202	MANE
COL9A3	10760	COL9A3-214	MANE
COLCA1			no_CDS
COLEC10	10763	COLEC10-201	MANE
COLEC12	10765	COLEC12-201	MANE
COLGALT1	10767	COLGALT1-201	MANE
COLGALT2	10768	COLGALT2-201	MANE
COLQ	10773	COLQ-203	MANE
COMMD1	10775	COMMD1-201	MANE
COMMD10	10777	COMMD10-201	MANE
COMMD2	10780	COMMD2-203	MANE
COMMD3	10782	COMMD3-201	MANE
COMMD4	10791	COMMD4-201	MANE
COMMD5	10796	COMMD5-201	MANE
COMMD6	10798	COMMD6-201	longest_CDS
COMMD7	10801	COMMD7-201	MANE
COMMD8	10803	COMMD8-201	MANE
COMMD9	10805	COMMD9-201	MANE
COMT	10806	COMT-202	MANE
COMTD1	10812	COMTD1-201	MANE
COP1	10815	COP1-204	MANE
COP1-DT	10816	transcript271432.chr1.nic	longest_CDS
COPA	10825	COPA-201	MANE
COPB1	10842	COPB1-202	MANE
COPB2	10849	COPB2-201	MANE
COPB2-DT	10856	transcript242365.chr3.nnic	longest_CDS
COPE	10865	COPE-201	MANE
COPG1	10867	COPG1-201	MANE
COPG2	10869	COPG2-202	MANE
COPG2IT1	10871	COPG2IT1-201	Ensembl
COPRS	10874	COPRS-201	MANE
COPS2	10875	COPS2-202	MANE
COPS3	10878	COPS3-201	MANE
COPS4	10886	COPS4-201	MANE
COPS5	10889	COPS5-201	MANE
COPS6	10890	COPS6-201	MANE
COPS7A	10894	COPS7A-215	MANE
COPS7B	10908	COPS7B-201	MANE
COPS8	10911	COPS8-201	MANE
COPS8-DT			no_CDS
COPS9	10917	COPS9-205	MANE
COPZ1	10920	COPZ1-201	MANE
COQ10A	10922	COQ10A-201	MANE
COQ10B	10926	COQ10B-201	MANE
COQ2	10928	transcript119394.chr4.nnic	longest_CDS
COQ3	10930	COQ3-201	MANE
COQ4	10931	COQ4-201	MANE
COQ5	10936	COQ5-201	MANE
COQ6	10941	COQ6-201	MANE
COQ7	10943	COQ7-201	MANE
COQ8A	10947	COQ8A-201	MANE
COQ8B	10950	COQ8B-202	MANE
COQ9	10974	COQ9-201	MANE
CORIN	10975	CORIN-203	longest_CDS
CORO1A	10977	CORO1A-201	MANE
CORO1B	10981	CORO1B-201	MANE
CORO1C	10983	CORO1C-201	MANE
CORO2A	10987	CORO2A-202	MANE
CORO2B	10989	CORO2B-201	MANE
CORO6	10995	CORO6-202	MANE
CORO7	11000	CORO7-201	MANE
CORT	11001	CORT-201	MANE
COTL1	11002	COTL1-201	MANE
COX10	11003	COX10-201	MANE
COX10-DT	11007	COX10-DT-207	longest_CDS
COX11	11015	COX11-201	MANE
COX14	11016	COX14-203	MANE
COX15	11017	COX15-201	MANE
COX16	11019	COX16-201	MANE
COX17	11020	COX17-201	MANE
COX18	11022	COX18-204	MANE
COX19	11023	COX19-201	MANE
COX20	11025	COX20-203	MANE
COX4I1	11034	COX4I1-201	MANE
COX5A	11035	COX5A-201	MANE
COX5B	11036	COX5B-201	MANE
COX6A1	11040	COX6A1-201	MANE
COX6B1	11042	COX6B1-204	MANE
COX6C	11045	COX6C-205	MANE
COX7A1	11048	COX7A1-201	MANE
COX7A2	11050	COX7A2-209	MANE
COX7A2L	11052	COX7A2L-202	longest_CDS
COX7B	11054	COX7B-204	MANE
COX7C	11059	COX7C-201	MANE
COX8A	11060	COX8A-201	MANE
CP	11062	CP-201	MANE
CPA2	11065	transcript188347.chr7.nnic	longest_CDS
CPB1	11067	CPB1-208	APPRIS
CPB2	11068	CPB2-203	longest_CDS
CPB2-AS1	11073	CPB2-AS1-212	Ensembl
CPD	11082	CPD-201	MANE
CPE	11084	CPE-201	MANE
CPEB1	11091	CPEB1-219	MANE
CPEB1-AS1	11094	CPEB1-AS1-201	Ensembl
CPEB2	11097	CPEB2-208	MANE
CPEB3	11101	CPEB3-201	MANE
CPEB4	11110	CPEB4-201	MANE
CPED1	11114	CPED1-201	MANE
CPLANE1	11128	CPLANE1-215	MANE
CPLX1	11130	CPLX1-201	MANE
CPLX2	11134	CPLX2-202	MANE
CPLX3	11136	CPLX3-201	MANE
CPM	11139	CPM-211	MANE
CPNE1	11144	CPNE1-204	MANE
CPNE2	11157	CPNE2-201	MANE
CPNE3	11161	CPNE3-203	MANE
CPNE4	11166	CPNE4-209	APPRIS
CPNE5	11168	CPNE5-201	MANE
CPNE6	11169	CPNE6-203	longest_CDS
CPNE7	11174	CPNE7-202	MANE
CPNE8	11175	CPNE8-201	MANE
CPNE9	11178	CPNE9-203	MANE
CPOX	11182	CPOX-204	MANE
CPPED1	11184	CPPED1-202	MANE
CPQ	11185	CPQ-201	MANE
CPS1	11186	CPS1-201	MANE
CPSF1	11191	CPSF1-212	MANE
CPSF2	11194	CPSF2-201	MANE
CPSF3	11195	CPSF3-201	MANE
CPSF4	11197	CPSF4-201	MANE
CPSF6	11199	CPSF6-202	MANE
CPSF7	11205	CPSF7-205	MANE
CPT1A	11210	CPT1A-201	MANE
CPT1B	11214	CPT1B-201	MANE
CPT1C	11218	CPT1C-217	MANE
CPT2	11226	CPT2-201	MANE
CPTP	11232	CPTP-201	MANE
CPVL	11233	CPVL-201	MANE
CPVL-AS2			no_CDS
CPXM1	11237	CPXM1-201	MANE
CPXM2	11238	CPXM2-201	MANE
CPZ			no_CDS
CRABP1	11240	CRABP1-201	MANE
CRACD	11242	CRACD-210	MANE
CRACDL	11246	CRACDL-201	MANE
CRACR2A	11248	CRACR2A-203	MANE
CRACR2B	11251	CRACR2B-208	longest_CDS
CRADD	11252	CRADD-201	MANE
CRAMP1	11253	CRAMP1-202	MANE
CRAT	11264	CRAT-201	MANE
CRB1	11269	CRB1-203	MANE
CRB2	11272	CRB2-202	MANE
CRBN	11280	CRBN-201	MANE
CRCP	11289	CRCP-203	MANE
CREB1	11291	CREB1-201	MANE
CREB3	11295	CREB3-201	MANE
CREB3L1	11296	CREB3L1-206	MANE
CREB3L2	11304	CREB3L2-201	MANE
CREB3L3	11307	CREB3L3-201	MANE
CREB3L4	11308	CREB3L4-205	MANE
CREB5	11311	CREB5-201	MANE
CREBBP	11317	CREBBP-201	MANE
CREBL2	11318	CREBL2-201	MANE
CREBRF	11320	CREBRF-201	MANE
CREBZF	11327	CREBZF-204	MANE
CREG1	11329	CREG1-201	MANE
CREG2	11330	CREG2-201	MANE
CRELD1	11345	CRELD1-206	MANE
CRELD2	11371	CRELD2-201	MANE
CREM	11377	CREM-247	MANE
CRH	11379	CRH-201	MANE
CRHBP	11380	CRHBP-201	MANE
CRHR1	11385	CRHR1-201	MANE
CRHR2	11390	CRHR2-207	MANE
CRIM1	11392	CRIM1-201	MANE
CRIM1-DT	11393	CRIM1-DT-201	Ensembl
CRIP2	11394	CRIP2-201	MANE
CRIP3	11398	CRIP3-202	MANE
CRIPT	11400	CRIPT-201	MANE
CRISPLD1	11401	CRISPLD1-201	MANE
CRISPLD2	11405	CRISPLD2-201	MANE
CRK	11408	CRK-201	MANE
CRKL	11409	CRKL-201	MANE
CRLF1	11412	CRLF1-201	MANE
CRLF3	11413	CRLF3-201	MANE
CRLS1	11415	CRLS1-201	MANE
CRMA	11418	CRMA-206	Ensembl
CRMP1	11422	CRMP1-201	MANE
CRNDE			no_CDS
CROCC	11429	CROCC-201	MANE
CROCCP2	11430	CROCCP2-204	Ensembl
CROCCP3	11436	CROCCP3-202	Ensembl
CROT	11438	CROT-201	MANE
CRPPA	11440	CRPPA-202	MANE
CRTAC1	11443	CRTAC1-203	MANE
CRTAP	11446	CRTAP-201	MANE
CRTC1	11448	CRTC1-201	MANE
CRTC2	11450	CRTC2-203	MANE
CRTC3	11454	CRTC3-201	MANE
CRY1	11458	CRY1-201	MANE
CRY2	11462	CRY2-211	MANE
CRYAA	11464	CRYAA-201	MANE
CRYAB	11474	CRYAB-217	MANE
CRYBB2P1	11475	CRYBB2P1-207	Ensembl
CRYBG1	11480	CRYBG1-203	MANE
CRYBG3	11481	CRYBG3-201	MANE
CRYGS	11482	CRYGS-203	longest_CDS
CRYL1	11484	CRYL1-201	MANE
CRYM	11489	CRYM-207	MANE
CRYZ	11494	CRYZ-201	MANE
CRYZL1	11496	CRYZL1-204	MANE
CS	11503	CS-201	MANE
CSAD	11505	CSAD-203	longest_CDS
CSDC2	11509	CSDC2-201	MANE
CSDE1	11522	CSDE1-203	MANE
CSE1L	11544	CSE1L-201	MANE
CSF1	11547	CSF1-201	MANE
CSF1R	11549	CSF1R-201	APPRIS
CSF2RA	11552	CSF2RA-206	MANE
CSF3	11553	CSF3-204	MANE
CSF3R	11556	CSF3R-203	MANE
CSGALNACT1	11559	CSGALNACT1-217	MANE
CSGALNACT2	11571	CSGALNACT2-201	MANE
CSGALNACT2-DT	11573	CSGALNACT2-DT-201	Ensembl
CSK	11575	CSK-201	MANE
CSKMT	11577	CSKMT-202	longest_CDS
CSMD1	11580	CSMD1-217	MANE
CSMD2	11583	CSMD2-204	MANE
CSMD3	11591	CSMD3-201	MANE
CSNK1A1	11597	CSNK1A1-202	MANE
CSNK1D	11606	CSNK1D-202	MANE
CSNK1E	11611	CSNK1E-203	MANE
CSNK1G1	11616	CSNK1G1-201	MANE
CSNK1G2	11622	CSNK1G2-201	MANE
CSNK1G3	11627	CSNK1G3-211	MANE
CSNK2A1	11633	CSNK2A1-201	MANE
CSNK2A2	11652	CSNK2A2-201	MANE
CSNK2A3	11654	CSNK2A3-201	MANE
CSNK2B	11655	CSNK2B-203	MANE
CSPG4	11661	CSPG4-201	MANE
CSPG5	11664	CSPG5-201	MANE
CSPP1	11695	CSPP1-261	MANE
CSRNP1	11701	CSRNP1-201	MANE
CSRNP2	11702	CSRNP2-201	MANE
CSRNP3	11704	CSRNP3-201	APPRIS
CSRP1	11709	CSRP1-202	longest_CDS
CSRP2	11712	CSRP2-201	MANE
CST3	11713	CST3-201	MANE
CST7	11715	CST7-201	MANE
CSTB	11718	CSTB-201	MANE
CSTF1	11719	CSTF1-201	MANE
CSTF2	11722	CSTF2-201	MANE
CSTF2T	11723	CSTF2T-201	MANE
CSTF3	11724	CSTF3-201	MANE
CSTPP1	11734	CSTPP1-201	MANE
CT75			no_CDS
CTAG2	11738	CTAG2-201	longest_CDS
CTAGE15	11739	CTAGE15-201	MANE
CTAGE4	11740	CTAGE4-203	MANE
CTAGE6	11741	CTAGE6-201	MANE
CTBP1	11743	CTBP1-203	MANE
CTBP1-DT	11748	CTBP1-DT-206	longest_CDS
CTBP2	11753	CTBP2-201	MANE
CTBS	11760	CTBS-202	MANE
CTC-338M12.4	11764	CTC-338M12.4-204	Ensembl
CTC1	11771	CTC1-214	MANE
CTCF	11790	CTCF-201	MANE
CTCF-DT	11793	CTCF-DT-201	Ensembl
CTDNEP1	11795	CTDNEP1-210	MANE
CTDP1	11796	CTDP1-208	MANE
CTDSP1	11802	CTDSP1-201	MANE
CTDSP2	11804	CTDSP2-201	MANE
CTDSPL	11805	CTDSPL-201	MANE
CTDSPL2	11809	CTDSPL2-201	MANE
CTH	11810	CTH-202	MANE
CTHRC1	11812	CTHRC1-201	MANE
CTIF	11813	CTIF-201	MANE
CTNNA1	11821	CTNNA1-201	MANE
CTNNA2	11827	CTNNA2-209	APPRIS
CTNNA3	11837	CTNNA3-203	MANE
CTNNAL1	11844	CTNNAL1-201	MANE
CTNNB1	11861	CTNNB1-201	MANE
CTNNBIP1	11862	transcript18363.chr1.nic	longest_CDS
CTNNBL1	11863	CTNNBL1-201	MANE
CTNND1	11868	CTNND1-227	longest_CDS
CTNND2	11889	CTNND2-201	MANE
CTNS	11891	CTNS-201	MANE
CTPS1	11902	CTPS1-217	MANE
CTPS2	11907	CTPS2-201	MANE
CTR9	11909	CTR9-201	MANE
CTRL			no_CDS
CTSA	11920	CTSA-220	MANE
CTSB	11945	CTSB-202	MANE
CTSC	11950	CTSC-201	MANE
CTSD	11956	CTSD-201	MANE
CTSF	11973	CTSF-201	MANE
CTSH	11986	CTSH-201	MANE
CTSK	11994	CTSK-207	longest_CDS
CTSL	11998	CTSL-203	MANE
CTSO	12012	CTSO-201	MANE
CTSS	12015	CTSS-201	MANE
CTSV	12019	CTSV-201	MANE
CTSW	12020	CTSW-201	MANE
CTSZ	12024	CTSZ-201	MANE
CTTN	12030	CTTN-201	MANE
CTTN-DT			no_CDS
CTTNBP2	12034	CTTNBP2-201	MANE
CTTNBP2NL	12037	CTTNBP2NL-201	MANE
CTU1	12040	CTU1-201	MANE
CTU2	12042	CTU2-202	MANE
CTXN1	12046	CTXN1-201	MANE
CTXN2	12047	CTXN2-201	MANE
CTXN2-AS1	12050	CTXN2-AS1-201	Ensembl
CTXN3	12051	CTXN3-201	MANE
CTXND1	12052	CTXND1-201	MANE
CUBN	12053	CUBN-202	MANE
CUEDC1	12059	CUEDC1-206	MANE
CUEDC2	12060	CUEDC2-201	MANE
CUL1	12067	CUL1-201	MANE
CUL2	12079	CUL2-203	MANE
CUL3	12086	CUL3-201	MANE
CUL4A	12091	CUL4A-202	MANE
CUL4B	12099	CUL4B-202	MANE
CUL5	12110	CUL5-201	MANE
CUL7	12112	CUL7-201	MANE
CUL9	12118	CUL9-202	longest_CDS
CUTA	12123	CUTA-210	MANE
CUTC	12126	CUTC-202	MANE
CUX1	12131	CUX1-203	longest_CDS
CUX2	12133	CUX2-201	MANE
CUZD1	12134	CUZD1-202	longest_CDS
CWC15	12137	CWC15-201	MANE
CWC22	12139	CWC22-202	MANE
CWC25	12141	CWC25-202	MANE
CWC27	12145	CWC27-201	MANE
CWF19L1	12156	CWF19L1-201	MANE
CWF19L2	12158	CWF19L2-201	MANE
CX3CL1	12160	CX3CL1-201	MANE
CX3CR1	12163	CX3CR1-202	MANE
CXADR	12166	CXADR-201	MANE
CXCL1	12167	CXCL1-201	MANE
CXCL10	12168	CXCL10-201	MANE
CXCL12	12169	CXCL12-201	MANE
CXCL14	12170	CXCL14-202	MANE
CXCL16	12172	CXCL16-201	MANE
CXCL2	12174	CXCL2-202	MANE
CXCL3	12175	CXCL3-201	MANE
CXCL5	12176	CXCL5-201	MANE
CXCR4	12177	CXCR4-201	MANE
CXCR6	12179	CXCR6-204	longest_CDS
CXXC1	12181	CXXC1-201	MANE
CXXC4	12188	CXXC4-201	MANE
CXXC4-AS1			no_CDS
CXXC5	12190	CXXC5-201	MANE
CXorf38	12194	CXorf38-201	MANE
CYB561	12196	CYB561-201	MANE
CYB561A3	12202	CYB561A3-201	MANE
CYB561D1	12203	CYB561D1-204	MANE
CYB561D2	12207	CYB561D2-205	MANE
CYB5A	12216	CYB5A-202	MANE
CYB5B	12219	CYB5B-201	MANE
CYB5D1	12222	CYB5D1-201	MANE
CYB5D2	12224	CYB5D2-201	MANE
CYB5R1	12228	CYB5R1-201	MANE
CYB5R2	12231	CYB5R2-201	MANE
CYB5R3	12237	CYB5R3-201	MANE
CYB5R4	12246	CYB5R4-202	MANE
CYB5RL	12249	CYB5RL-209	MANE
CYBA	12250	CYBA-201	MANE
CYBB	12252	CYBB-201	MANE
CYBC1	12262	CYBC1-201	MANE
CYBRD1	12271	CYBRD1-201	MANE
CYC1	12273	CYC1-201	MANE
CYCS	12275	CYCS-201	MANE
CYFIP1	12276	CYFIP1-208	MANE
CYFIP2	12285	CYFIP2-222	MANE
CYLD	12296	CYLD-203	MANE
CYP11A1	12300	CYP11A1-202	longest_CDS
CYP1B1	12302	CYP1B1-205	MANE
CYP1B1-AS1			no_CDS
CYP20A1	12308	CYP20A1-201	MANE
CYP24A1	12310	CYP24A1-201	MANE
CYP26A1	12312	CYP26A1-201	MANE
CYP26B1	12313	CYP26B1-201	MANE
CYP27A1	12314	CYP27A1-201	MANE
CYP27C1	12316	CYP27C1-203	MANE
CYP2C8	12317	CYP2C8-205	longest_CDS
CYP2D6	12320	CYP2D6-204	MANE
CYP2D7	12321	CYP2D7-203	Ensembl
CYP2E1	12324	CYP2E1-202	longest_CDS
CYP2G1P	12325	CYP2G1P-203	Ensembl
CYP2J2	12328	CYP2J2-201	MANE
CYP2R1	12330	CYP2R1-201	MANE
CYP2S1	12334	CYP2S1-201	MANE
CYP2U1	12336	CYP2U1-201	MANE
CYP2U1-AS1	12341	transcript153258.chr4.nnic	longest_CDS
CYP39A1	12343	CYP39A1-201	MANE
CYP3A5	12345	CYP3A5-201	MANE
CYP46A1	12351	CYP46A1-201	MANE
CYP4F11	12354	CYP4F11-203	MANE
CYP4F26P			no_CDS
CYP4F29P	12357	CYP4F29P-202	Ensembl
CYP4V2	12358	CYP4V2-201	MANE
CYP4X1	12361	CYP4X1-201	MANE
CYP4Z1	12363	CYP4Z1-201	MANE
CYP51A1	12364	CYP51A1-201	MANE
CYP7B1	12367	CYP7B1-201	MANE
CYP8B1	12368	CYP8B1-201	MANE
CYREN	12369	CYREN-201	MANE
CYRIA	12373	CYRIA-201	MANE
CYRIB	12380	CYRIB-229	MANE
CYS1	12386	CYS1-201	MANE
CYSLTR1	12387	CYSLTR1-201	MANE
CYSLTR2	12388	CYSLTR2-206	MANE
CYSTM1	12392	CYSTM1-201	MANE
CYTH1	12398	CYTH1-210	longest_CDS
CYTH2	12401	CYTH2-203	longest_CDS
CYTH3	12405	CYTH3-201	MANE
CYTH4	12406	CYTH4-201	MANE
CYTIP	12411	transcript302227.chr2.nnic	longest_CDS
CYTL1	12413	CYTL1-201	MANE
CYTOR	12417	transcript125022.chr2.nnic	longest_CDS
CYYR1	12419	CYYR1-203	MANE
CYYR1-AS1	12420	CYYR1-AS1-201	Ensembl
CZIB	12422	CZIB-201	MANE
CZIB-DT	12427	CZIB-DT-201	Ensembl
D2HGDH	12429	D2HGDH-201	MANE
DAAM1	12430	DAAM1-201	MANE
DAAM2	12437	DAAM2-211	longest_CDS
DAAM2-AS1			no_CDS
DAB1	12447	DAB1-205	MANE
DAB2	12457	DAB2-201	MANE
DAB2IP	12459	DAB2IP-201	longest_CDS
DACH1	12461	DACH1-201	MANE
DACH2	12464	DACH2-201	MANE
DACT1	12465	DACT1-202	MANE
DACT3	12467	DACT3-203	longest_CDS
DAD1	12468	DAD1-201	MANE
DAG1	12470	DAG1-201	MANE
DAGLA	12472	DAGLA-201	MANE
DAGLB	12475	DAGLB-201	MANE
DALRD3	12482	DALRD3-202	MANE
DANCR	12489	DANCR-214	Ensembl
DANT2	12495	transcript133141.chrX.nnic	longest_CDS
DAP	12496	DAP-201	MANE
DAP3	12502	DAP3-202	MANE
DAPK1	12510	DAPK1-202	MANE
DAPK2	12515	DAPK2-202	MANE
DAPK3	12519	DAPK3-202	MANE
DAPP1	12521	transcript145842.chr4.nic	longest_CDS
DARS1	12522	DARS1-201	MANE
DARS2	12527	DARS2-212	MANE
DAW1	12535	DAW1-201	MANE
DAXX	12538	DAXX-202	MANE
DAZAP1	12542	transcript3160.chr19.nic	longest_CDS
DAZAP2	12549	DAZAP2-201	MANE
DBF4	12550	DBF4-201	MANE
DBF4B	12552	DBF4B-207	longest_CDS
DBH	12553	DBH-202	MANE
DBI	12556	DBI-202	MANE
DBN1	12559	DBN1-203	MANE
DBNDD1	12564	DBNDD1-201	MANE
DBNDD2	12568	DBNDD2-203	MANE
DBNL	12575	DBNL-210	MANE
DBP	12582	DBP-201	MANE
DBR1	12585	DBR1-201	MANE
DBT	12587	DBT-202	MANE
DBX2	12589	DBX2-201	MANE
DCAF1	12590	DCAF1-203	MANE
DCAF10	12593	DCAF10-202	MANE
DCAF11	12599	DCAF11-204	MANE
DCAF12	12603	DCAF12-201	MANE
DCAF12L2	12604	DCAF12L2-201	MANE
DCAF13	12605	transcript151303.chr8.nnic	longest_CDS
DCAF15	12608	DCAF15-201	MANE
DCAF16	12609	DCAF16-201	MANE
DCAF17	12611	DCAF17-202	MANE
DCAF4	12615	DCAF4-202	MANE
DCAF4L1	12616	DCAF4L1-201	MANE
DCAF4L2	12617	DCAF4L2-201	MANE
DCAF5	12621	DCAF5-201	MANE
DCAF6	12625	DCAF6-203	longest_CDS
DCAF7	12631	DCAF7-205	MANE
DCAF8	12637	DCAF8-203	MANE
DCAKD	12647	DCAKD-209	MANE
DCBLD1	12652	DCBLD1-202	MANE
DCBLD2	12656	DCBLD2-201	MANE
DCC	12657	DCC-202	MANE
DCDC1	12661	DCDC1-212	MANE
DCDC2	12663	transcript29547.chr6.nnic	longest_CDS
DCHS1	12665	DCHS1-201	MANE
DCHS2	12667	DCHS2-202	MANE
DCK	12672	DCK-201	MANE
DCLK1	12677	DCLK1-202	MANE
DCLK2	12684	DCLK2-201	MANE
DCLK3	12685	DCLK3-203	MANE
DCLRE1A	12687	DCLRE1A-201	MANE
DCLRE1B	12689	DCLRE1B-203	MANE
DCLRE1C	12697	DCLRE1C-209	MANE
DCN	12711	DCN-201	MANE
DCP1A	12715	DCP1A-206	MANE
DCP1B	12716	DCP1B-201	MANE
DCP2	12722	DCP2-201	MANE
DCPS	12723	DCPS-201	MANE
DCT	12725	DCT-201	MANE
DCTD	12735	DCTD-202	MANE
DCTN1	12737	DCTN1-201	longest_CDS
DCTN1-AS1	12748	DCTN1-AS1-207	Ensembl
DCTN2	12752	DCTN2-209	MANE
DCTN3	12768	DCTN3-201	MANE
DCTN4	12769	DCTN4-203	MANE
DCTN5	12773	DCTN5-201	MANE
DCTN6	12774	DCTN6-201	MANE
DCTPP1	12776	DCTPP1-201	MANE
DCUN1D1	12777	DCUN1D1-208	longest_CDS
DCUN1D2	12782	DCUN1D2-208	MANE
DCUN1D3	12783	DCUN1D3-201	MANE
DCUN1D4	12788	DCUN1D4-201	MANE
DCUN1D5	12794	DCUN1D5-201	MANE
DCX	12797	DCX-202	longest_CDS
DCXR	12807	DCXR-201	MANE
DDA1	12809	DDA1-201	MANE
DDAH1	12810	DDAH1-201	MANE
DDAH2	12814	DDAH2-212	MANE
DDB1	12820	DDB1-201	MANE
DDB2	12827	DDB2-201	MANE
DDHD1	12839	DDHD1-210	MANE
DDHD2	12843	DDHD2-201	MANE
DDI1	12848	DDI1-201	MANE
DDI2	12851	DDI2-202	MANE
DDIAS	12852	DDIAS-211	MANE
DDIT3	12856	DDIT3-201	MANE
DDIT4	12858	DDIT4-201	MANE
DDIT4L	12861	DDIT4L-201	MANE
DDN	12862	DDN-201	MANE
DDN-AS1	12865	DDN-AS1-204	Ensembl
DDO	12866	DDO-202	MANE
DDOST	12868	DDOST-201	longest_CDS
DDR1	12871	DDR1-225	MANE
DDR2	12872	DDR2-201	MANE
DDRGK1	12874	DDRGK1-201	MANE
DDT	12878	DDT-202	MANE
DDTL	12880	DDTL-201	MANE
DDX1	12886	DDX1-213	longest_CDS
DDX10	12898	DDX10-201	MANE
DDX11	12908	DDX11-223	MANE
DDX11-AS1			no_CDS
DDX17	12916	DDX17-203	MANE
DDX18	12917	DDX18-201	MANE
DDX19A	12922	DDX19A-201	MANE
DDX19B	12926	DDX19B-201	MANE
DDX20	12932	DDX20-209	longest_CDS
DDX21	12938	DDX21-201	MANE
DDX23	12946	DDX23-201	MANE
DDX24	12949	DDX24-208	MANE
DDX25	12956	DDX25-201	MANE
DDX27	12960	DDX27-205	MANE
DDX28	12963	DDX28-201	MANE
DDX31	12965	DDX31-203	MANE
DDX39A	12969	DDX39A-201	MANE
DDX39B	12973	DDX39B-202	MANE
DDX3X	12978	DDX3X-244	MANE
DDX3Y	13010	DDX3Y-201	MANE
DDX41	13012	DDX41-201	MANE
DDX42	13025	DDX42-202	MANE
DDX43	13028	transcript112737.chr6.nic	longest_CDS
DDX46	13031	DDX46-202	MANE
DDX47	13038	DDX47-202	MANE
DDX49	13042	DDX49-201	MANE
DDX5	13045	DDX5-201	MANE
DDX50	13064	DDX50-201	MANE
DDX51	13067	DDX51-202	MANE
DDX52	13073	DDX52-213	MANE
DDX53	13074	DDX53-201	MANE
DDX54	13076	DDX54-201	MANE
DDX55	13078	DDX55-201	MANE
DDX56	13084	DDX56-201	MANE
DDX59	13085	DDX59-201	MANE
DDX6	13091	DDX6-206	MANE
DDX60	13092	DDX60-201	MANE
DDX60L	13098	DDX60L-208	APPRIS
DEAF1	13101	DEAF1-201	MANE
DECR1	13114	DECR1-201	MANE
DECR2	13118	DECR2-201	MANE
DEDD	13121	DEDD-202	MANE
DEDD2	13125	DEDD2-205	MANE
DEF6	13128	DEF6-201	MANE
DEF8	13133	DEF8-210	MANE
DEGS1	13137	DEGS1-201	MANE
DEGS2	13138	DEGS2-201	MANE
DEK	13141	DEK-212	MANE
DELE1	13146	DELE1-202	MANE
DENND10	13149	DENND10-201	MANE
DENND11	13151	DENND11-202	MANE
DENND1A	13153	DENND1A-202	longest_CDS
DENND1B	13159	DENND1B-211	MANE
DENND1C	13160	DENND1C-201	MANE
DENND2A	13161	DENND2A-209	MANE
DENND2B	13165	DENND2B-201	MANE
DENND2C	13168	DENND2C-201	MANE
DENND2D	13170	DENND2D-201	MANE
DENND3	13173	DENND3-211	MANE
DENND3-AS1	13180	DENND3-AS1-204	longest_CDS
DENND4A	13183	DENND4A-202	MANE
DENND4B	13189	DENND4B-201	MANE
DENND4C	13195	DENND4C-205	MANE
DENND5A	13200	DENND5A-201	MANE
DENND5B	13217	DENND5B-202	MANE
DENND6A	13220	DENND6A-201	MANE
DENND6B	13222	DENND6B-201	MANE
DENR	13225	DENR-201	MANE
DEPDC1	13227	DEPDC1-202	MANE
DEPDC1B	13228	DEPDC1B-201	MANE
DEPDC4	13230	DEPDC4-209	MANE
DEPDC5	13240	DEPDC5-264	MANE
DEPDC7	13249	DEPDC7-201	MANE
DEPP1	13250	DEPP1-201	MANE
DEPTOR	13251	DEPTOR-201	MANE
DEPTOR-AS1	13252	DEPTOR-AS1-201	Ensembl
DERA	13253	DERA-201	MANE
DERL1	13254	DERL1-201	MANE
DERL2	13257	DERL2-201	MANE
DERL3	13259	DERL3-204	longest_CDS
DERPC	13260	DERPC-202	MANE
DES	13261	DES-201	MANE
DESI1	13263	DESI1-201	MANE
DESI2	13264	DESI2-202	MANE
DET1	13266	DET1-207	longest_CDS
DEXI	13273	DEXI-201	MANE
DFFA	13274	DFFA-202	MANE
DFFB	13278	DFFB-204	MANE
DGAT1	13281	DGAT1-206	MANE
DGAT2	13282	DGAT2-201	MANE
DGCR11	13287	DGCR11-201	Ensembl
DGCR2	13290	DGCR2-201	MANE
DGCR5	13295	DGCR5-204	Ensembl
DGCR6	13304	transcript5640.chr22.nnic	longest_CDS
DGCR6L	13307	DGCR6L-201	MANE
DGCR8	13312	DGCR8-201	MANE
DGKA	13315	DGKA-202	longest_CDS
DGKB	13323	DGKB-202	MANE
DGKD	13329	DGKD-201	MANE
DGKE	13332	DGKE-201	MANE
DGKG	13335	DGKG-201	MANE
DGKH	13339	DGKH-202	MANE
DGKI	13345	DGKI-213	MANE
DGKK	13347	DGKK-201	MANE
DGKQ	13348	DGKQ-201	MANE
DGKZ	13356	DGKZ-205	MANE
DGLUCY	13360	DGLUCY-201	MANE
DGUOK	13372	DGUOK-201	MANE
DHCR24	13374	DHCR24-201	MANE
DHCR7	13378	DHCR7-201	MANE
DHDDS	13389	DHDDS-201	MANE
DHDH	13396	DHDH-201	MANE
DHFR	13397	DHFR-201	MANE
DHFR2	13398	DHFR2-201	MANE
DHODH	13400	DHODH-201	MANE
DHPS	13402	DHPS-201	MANE
DHRS1	13408	DHRS1-201	MANE
DHRS11	13414	DHRS11-215	MANE
DHRS12	13416	DHRS12-203	MANE
DHRS13	13419	DHRS13-201	MANE
DHRS3	13420	DHRS3-204	MANE
DHRS4	13423	DHRS4-201	MANE
DHRS4-AS1			no_CDS
DHRS7	13438	DHRS7-209	MANE
DHRS7B	13443	DHRS7B-202	MANE
DHRS9	13446	transcript318707.chr2.nic	longest_CDS
DHRSX	13447	DHRSX-201	MANE
DHTKD1	13449	DHTKD1-201	MANE
DHX15	13450	DHX15-201	MANE
DHX16	13457	DHX16-202	MANE
DHX29	13460	DHX29-201	MANE
DHX30	13463	DHX30-205	MANE
DHX32	13467	DHX32-201	MANE
DHX33	13471	DHX33-201	MANE
DHX34	13473	DHX34-201	MANE
DHX35	13477	DHX35-201	MANE
DHX36	13479	DHX36-213	MANE
DHX37	13483	DHX37-201	MANE
DHX38	13484	DHX38-201	MANE
DHX40	13486	DHX40-201	MANE
DHX57	13490	DHX57-203	MANE
DHX58	13491	DHX58-201	MANE
DHX8	13494	DHX8-201	MANE
DHX9	13497	DHX9-201	MANE
DHX9-AS1	13499	DHX9-AS1-201	Ensembl
DIABLO	13505	DIABLO-203	longest_CDS
DIAPH1	13510	DIAPH1-201	MANE
DIAPH2	13512	DIAPH2-201	MANE
DIAPH3	13513	DIAPH3-205	MANE
DICER1	13519	DICER1-201	MANE
DICER1-AS1	13541	DICER1-AS1-207	Ensembl
DIDO1	13544	DIDO1-207	MANE
DIMT1	13557	DIMT1-201	MANE
DIO2	13558	DIO2-209	longest_CDS
DIO3OS	13560	DIO3OS-206	longest_CDS
DIP2A	13574	DIP2A-202	MANE
DIP2B	13577	DIP2B-201	MANE
DIP2C	13580	DIP2C-201	MANE
DIP2C-AS1	13582	DIP2C-AS1-201	Ensembl
DIPK1A	13584	DIPK1A-201	MANE
DIPK1B	13587	DIPK1B-202	MANE
DIPK1C	13588	DIPK1C-201	MANE
DIPK2A	13590	DIPK2A-201	MANE
DIPK2B	13592	DIPK2B-202	MANE
DIRAS1	13593	DIRAS1-201	MANE
DIRAS2	13595	DIRAS2-201	MANE
DIRAS3	13597	DIRAS3-203	longest_CDS
DIRC3	13599	DIRC3-204	Ensembl
DIRC3-AS1	13604	transcript379911.chr2.nnic	longest_CDS
DIS3	13605	DIS3-201	MANE
DIS3L	13613	DIS3L-202	MANE
DIS3L2	13616	DIS3L2-202	MANE
DISC1	13617	DISC1-209	MANE
DISP1	13636	DISP1-221	longest_CDS
DISP2	13643	DISP2-201	MANE
DISP3	13647	DISP3-201	MANE
DIXDC1	13650	DIXDC1-201	MANE
DKC1	13657	DKC1-201	MANE
DKK1	13667	DKK1-201	MANE
DKK2	13668	DKK2-201	MANE
DKK3	13669	DKK3-217	MANE
DLAT	13682	DLAT-201	MANE
DLC1	13685	DLC1-201	MANE
DLD	13694	DLD-201	MANE
DLEC1	13695	DLEC1-201	MANE
DLEU1			no_CDS
DLEU2	13705	transcript44522.chr13.nnic	longest_CDS
DLEU2L	13706	DLEU2L-201	Ensembl
DLEU7	13708	DLEU7-204	MANE
DLG1	13730	DLG1-261	MANE
DLG2	13753	DLG2-246	APPRIS
DLG3	13768	DLG3-203	MANE
DLG4	13773	DLG4-202	MANE
DLG5	13775	DLG5-201	MANE
DLG5-AS1			no_CDS
DLGAP1	13791	DLGAP1-218	longest_CDS
DLGAP1-AS1	13793	DLGAP1-AS1-201	Ensembl
DLGAP1-AS2			no_CDS
DLGAP1-AS3	13796	DLGAP1-AS3-205	longest_CDS
DLGAP1-AS5	13797	DLGAP1-AS5-202	Ensembl
DLGAP2	13805	DLGAP2-215	MANE
DLGAP4	13812	DLGAP4-201	MANE
DLK2	13816	DLK2-203	MANE
DLL1	13818	DLL1-201	MANE
DLL3	13819	DLL3-202	MANE
DLL4	13821	DLL4-201	MANE
DLST	13823	DLST-202	MANE
DLX1	13826	DLX1-203	MANE
DLX2	13827	DLX2-201	MANE
DLX5	13829	DLX5-203	MANE
DLX6	13830	DLX6-202	MANE
DLX6-AS1	13836	DLX6-AS1-201	Ensembl
DMAC1	13841	DMAC1-201	MANE
DMAC2	13846	DMAC2-201	MANE
DMAC2L	13847	DMAC2L-211	MANE
DMAP1	13856	DMAP1-203	MANE
DMD	13859	DMD-203	MANE
DMGDH	13896	DMGDH-201	MANE
DMKN	13898	transcript95877.chr19.nic	longest_CDS
DMPK	13903	DMPK-201	MANE
DMRT2	13910	DMRT2-205	longest_CDS
DMRT3	13912	DMRT3-201	MANE
DMRTA1	13914	DMRTA1-201	MANE
DMRTC1	13915	DMRTC1-203	MANE
DMRTC1B	13916	DMRTC1B-201	MANE
DMTF1	13923	DMTF1-201	MANE
DMTF1-AS1			no_CDS
DMTN	13935	DMTN-202	MANE
DMWD	13942	DMWD-201	MANE
DMXL1	13946	DMXL1-215	MANE
DMXL2	13955	DMXL2-213	MANE
DNA2	13958	DNA2-201	MANE
DNAAF1	13960	DNAAF1-209	longest_CDS
DNAAF10	13963	DNAAF10-201	MANE
DNAAF11	13966	DNAAF11-212	MANE
DNAAF2	13969	DNAAF2-201	MANE
DNAAF4	13971	DNAAF4-207	longest_CDS
DNAAF5	13975	DNAAF5-201	MANE
DNAAF9	13978	DNAAF9-201	MANE
DNAH1	13979	DNAH1-201	MANE
DNAH10OS	13981	DNAH10OS-201	Ensembl
DNAH11	13982	DNAH11-201	MANE
DNAH12	13983	DNAH12-208	MANE
DNAH14	13984	DNAH14-220	MANE
DNAH17	13985	DNAH17-201	MANE
DNAH17-AS1	13987	DNAH17-AS1-203	longest_CDS
DNAH2	13988	DNAH2-204	longest_CDS
DNAH5	13990	DNAH5-206	longest_CDS
DNAH6	13993	DNAH6-201	MANE
DNAH7	13994	DNAH7-201	MANE
DNAH9	13997	DNAH9-201	MANE
DNAI3	13999	DNAI3-201	MANE
DNAI4	14000	DNAI4-203	MANE
DNAI7	14002	DNAI7-201	longest_CDS
DNAJA1	14004	DNAJA1-201	MANE
DNAJA2	14005	DNAJA2-201	MANE
DNAJA3	14008	DNAJA3-201	MANE
DNAJA4	14011	DNAJA4-202	MANE
DNAJB1	14020	DNAJB1-201	MANE
DNAJB11	14025	DNAJB11-202	APPRIS
DNAJB12	14026	DNAJB12-202	longest_CDS
DNAJB14	14030	DNAJB14-205	MANE
DNAJB2	14035	DNAJB2-201	MANE
DNAJB4	14043	DNAJB4-201	MANE
DNAJB5	14050	DNAJB5-211	MANE
DNAJB6	14052	DNAJB6-201	MANE
DNAJB7	14055	DNAJB7-201	MANE
DNAJB8-AS1	14056	transcript224036.chr3.nnic	longest_CDS
DNAJB9	14057	DNAJB9-201	MANE
DNAJC1	14058	DNAJC1-202	MANE
DNAJC10	14066	DNAJC10-201	MANE
DNAJC11	14080	DNAJC11-202	MANE
DNAJC12	14085	DNAJC12-201	MANE
DNAJC13	14088	DNAJC13-201	MANE
DNAJC14	14092	DNAJC14-202	APPRIS
DNAJC15	14095	DNAJC15-201	MANE
DNAJC16	14099	DNAJC16-202	MANE
DNAJC17	14103	DNAJC17-201	MANE
DNAJC18	14104	DNAJC18-201	MANE
DNAJC19	14105	DNAJC19-201	MANE
DNAJC2	14114	DNAJC2-203	MANE
DNAJC21	14124	DNAJC21-210	MANE
DNAJC22	14127	DNAJC22-202	MANE
DNAJC24	14130	DNAJC24-202	MANE
DNAJC25	14137	DNAJC25-201	MANE
DNAJC27	14139	DNAJC27-201	MANE
DNAJC27-AS1	14141	DNAJC27-AS1-205	Ensembl
DNAJC28	14146	DNAJC28-202	MANE
DNAJC3	14147	DNAJC3-202	MANE
DNAJC3-DT			no_CDS
DNAJC30	14152	DNAJC30-201	MANE
DNAJC4	14154	DNAJC4-201	longest_CDS
DNAJC5	14157	DNAJC5-201	MANE
DNAJC5G	14158	transcript31522.chr2.nnic	longest_CDS
DNAJC6	14166	DNAJC6-202	MANE
DNAJC7	14180	DNAJC7-203	MANE
DNAJC8	14186	DNAJC8-201	MANE
DNAJC9	14189	DNAJC9-201	MANE
DNAJC9-AS1	14190	DNAJC9-AS1-202	Ensembl
DNAL1	14191	DNAL1-202	MANE
DNAL4	14193	DNAL4-201	MANE
DNALI1	14195	DNALI1-201	longest_CDS
DNASE1	14198	DNASE1-202	APPRIS
DNASE1L1	14200	DNASE1L1-203	MANE
DNASE2	14206	DNASE2-201	MANE
DND1	14208	DND1-201	MANE
DNER	14209	DNER-201	MANE
DNHD1	14212	DNHD1-201	MANE
DNLZ	14218	DNLZ-201	MANE
DNM1	14226	DNM1-202	MANE
DNM1L	14234	DNM1L-219	MANE
DNM2	14249	DNM2-203	MANE
DNM3	14263	DNM3-208	MANE
DNMBP	14267	DNMBP-201	MANE
DNMT1	14277	DNMT1-202	MANE
DNMT3A	14286	DNMT3A-202	MANE
DNMT3B	14290	DNMT3B-203	longest_CDS
DNPEP	14294	DNPEP-201	MANE
DNPH1	14298	DNPH1-201	MANE
DNTTIP1	14300	DNTTIP1-201	MANE
DNTTIP2	14304	DNTTIP2-202	MANE
DOC2A	14307	DOC2A-201	MANE
DOC2B	14311	DOC2B-203	MANE
DOCK1	14313	DOCK1-206	MANE
DOCK10	14318	DOCK10-201	MANE
DOCK11	14323	DOCK11-201	MANE
DOCK2	14330	DOCK2-210	MANE
DOCK3	14332	DOCK3-201	MANE
DOCK4	14340	DOCK4-204	MANE
DOCK4-AS1	14342	DOCK4-AS1-201	Ensembl
DOCK5	14343	DOCK5-201	MANE
DOCK6	14350	DOCK6-201	MANE
DOCK7	14357	DOCK7-219	MANE
DOCK7-DT	14364	DOCK7-DT-201	Ensembl
DOCK8	14375	DOCK8-204	MANE
DOCK9	14380	DOCK9-218	MANE
DOCK9-DT	14394	DOCK9-DT-201	Ensembl
DOHH	14396	DOHH-201	MANE
DOK1	14399	DOK1-201	MANE
DOK2	14400	DOK2-201	MANE
DOK3	14401	DOK3-212	MANE
DOK4	14404	DOK4-201	MANE
DOK5	14405	DOK5-201	MANE
DOK6	14413	DOK6-201	MANE
DOK7	14415	DOK7-201	MANE
DOLK	14416	DOLK-201	MANE
DOLPP1	14419	DOLPP1-202	MANE
DONSON	14420	DONSON-201	MANE
DOP1A	14424	DOP1A-202	MANE
DOP1B	14427	DOP1B-205	MANE
DOT1L	14431	DOT1L-201	MANE
DPAGT1	14441	DPAGT1-201	MANE
DPCD	14452	DPCD-202	MANE
DPF1	14454	transcript105250.chr19.nic	longest_CDS
DPF2	14461	DPF2-205	MANE
DPF3	14466	DPF3-209	MANE
DPH1	14477	DPH1-218	longest_CDS
DPH2	14479	DPH2-201	MANE
DPH3	14481	DPH3-204	MANE
DPH5	14485	DPH5-203	MANE
DPH5-DT			no_CDS
DPH6	14496	DPH6-201	MANE
DPH6-DT	14500	DPH6-DT-201	Ensembl
DPH7	14506	DPH7-201	MANE
DPM1	14514	DPM1-203	MANE
DPM2	14515	DPM2-201	MANE
DPM3	14517	DPM3-203	MANE
DPP10	14523	DPP10-205	MANE
DPP10-AS1	14530	DPP10-AS1-203	Ensembl
DPP3	14532	DPP3-209	MANE
DPP3-DT			no_CDS
DPP4	14536	transcript309830.chr2.nic	longest_CDS
DPP6	14543	DPP6-201	APPRIS
DPP7	14555	DPP7-201	MANE
DPP8	14560	DPP8-201	MANE
DPP9	14569	DPP9-201	MANE
DPY19L1	14575	DPY19L1-209	MANE
DPY19L2	14576	DPY19L2-202	MANE
DPY19L2P2	14580	DPY19L2P2-207	longest_CDS
DPY19L2P3	14582	DPY19L2P3-203	longest_CDS
DPY19L2P4			no_CDS
DPY19L3	14591	DPY19L3-202	MANE
DPY19L4	14595	DPY19L4-201	MANE
DPY30	14598	DPY30-202	MANE
DPYD	14600	DPYD-202	MANE
DPYSL2	14602	DPYSL2-204	MANE
DPYSL3	14604	DPYSL3-201	MANE
DPYSL4	14606	DPYSL4-201	MANE
DPYSL5	14608	DPYSL5-201	MANE
DR1	14615	DR1-202	MANE
DRAIC	14617	transcript104499.chr15.nnic	longest_CDS
DRAM1	14618	DRAM1-201	MANE
DRAM2	14619	DRAM2-207	MANE
DRAP1	14623	DRAP1-201	MANE
DRAXIN	14626	DRAXIN-201	MANE
DRC1	14627	DRC1-201	MANE
DRC3	14629	DRC3-202	MANE
DRD1	14631	DRD1-201	MANE
DRD2	14633	DRD2-202	MANE
DRD5	14634	DRD5-201	MANE
DRG1	14636	DRG1-201	MANE
DRG2	14637	DRG2-201	MANE
DROSHA	14645	DROSHA-211	longest_CDS
DRP2	14650	DRP2-202	MANE
DSC1	14653	DSC1-202	MANE
DSC2	14656	DSC2-202	MANE
DSCAM	14659	DSCAM-201	MANE
DSCAM-IT1			no_CDS
DSCC1	14661	DSCC1-201	MANE
DSE	14664	DSE-206	APPRIS
DSEL	14669	DSEL-201	MANE
DSG2	14670	DSG2-201	MANE
DSN1	14672	DSN1-203	MANE
DSP	14677	DSP-201	MANE
DST	14705	DST-241	MANE
DSTN	14707	DSTN-201	MANE
DSTNP2	14709	DSTNP2-202	Ensembl
DSTYK	14710	DSTYK-202	MANE
DTD1	14712	DTD1-201	MANE
DTD2	14719	DTD2-201	MANE
DTHD1	14721	DTHD1-206	MANE
DTNA	14737	DTNA-207	MANE
DTNB	14749	DTNB-201	longest_CDS
DTNBP1	14757	DTNBP1-202	MANE
DTWD1	14760	DTWD1-202	MANE
DTWD2	14767	DTWD2-203	MANE
DTX1	14771	DTX1-201	longest_CDS
DTX2	14774	DTX2-206	MANE
DTX3	14776	DTX3-208	longest_CDS
DTX3L	14780	DTX3L-201	MANE
DTX4	14781	DTX4-201	MANE
DTYMK	14784	DTYMK-201	MANE
DUBR	14785	DUBR-229	Ensembl
DUOX1	14792	DUOX1-201	APPRIS
DUS1L	14796	DUS1L-201	MANE
DUS2	14799	DUS2-207	MANE
DUS3L	14802	DUS3L-201	MANE
DUS4L	14804	DUS4L-201	MANE
DUSP1	14806	DUSP1-201	MANE
DUSP10	14807	DUSP10-201	MANE
DUSP11	14813	DUSP11-201	MANE
DUSP12	14814	DUSP12-201	MANE
DUSP14	14817	DUSP14-206	MANE
DUSP15	14819	DUSP15-205	longest_CDS
DUSP16	14820	DUSP16-202	MANE
DUSP18	14826	DUSP18-201	MANE
DUSP19	14831	DUSP19-202	MANE
DUSP2	14832	DUSP2-201	MANE
DUSP22	14835	DUSP22-202	MANE
DUSP23	14836	DUSP23-201	MANE
DUSP26	14838	DUSP26-201	MANE
DUSP28	14839	DUSP28-202	MANE
DUSP3	14842	DUSP3-201	MANE
DUSP4	14844	DUSP4-201	MANE
DUSP5-DT			no_CDS
DUSP6	14846	DUSP6-201	MANE
DUSP7	14848	DUSP7-202	MANE
DUSP8	14849	DUSP8-202	MANE
DUT	14852	DUT-201	MANE
DUT-AS1			no_CDS
DUXAP8			no_CDS
DVL1	14860	DVL1-201	MANE
DVL2	14867	DVL2-201	MANE
DVL3	14870	DVL3-201	MANE
DXO	14878	DXO-201	MANE
DYM	14881	DYM-220	MANE
DYNC1H1	14917	DYNC1H1-259	longest_CDS
DYNC1I1	14926	DYNC1I1-205	MANE
DYNC1I2	14940	DYNC1I2-202	MANE
DYNC1LI1	14943	DYNC1LI1-201	MANE
DYNC1LI2	14946	DYNC1LI2-201	MANE
DYNC2H1	14950	DYNC2H1-202	MANE
DYNC2I1	14956	DYNC2I1-202	MANE
DYNC2I2	14959	DYNC2I2-201	MANE
DYNC2LI1	14964	DYNC2LI1-201	MANE
DYNLL1	14965	DYNLL1-201	MANE
DYNLL2	14969	DYNLL2-201	MANE
DYNLRB1	14970	DYNLRB1-202	MANE
DYNLRB2	14972	transcript124463.chr16.nnic	longest_CDS
DYNLT1	14974	DYNLT1-203	MANE
DYNLT2			no_CDS
DYNLT2B	14978	DYNLT2B-201	MANE
DYNLT3	14979	DYNLT3-201	MANE
DYNLT5	14980	DYNLT5-201	MANE
DYRK1A	14982	DYRK1A-221	MANE
DYRK1B	14989	DYRK1B-201	MANE
DYRK2	14992	DYRK2-202	MANE
DYRK3	14993	DYRK3-203	MANE
DYRK4	14998	DYRK4-214	MANE
DYSF	15000	DYSF-201	longest_CDS
DZANK1	15003	DZANK1-213	MANE
DZIP1	15008	DZIP1-204	MANE
DZIP1L	15013	DZIP1L-201	MANE
DZIP3	15016	DZIP3-201	MANE
E2F1	15020	E2F1-201	MANE
E2F3	15023	E2F3-201	MANE
E2F4	15024	E2F4-201	MANE
E2F5	15028	E2F5-202	MANE
E2F6	15030	E2F6-202	MANE
E2F7	15035	E2F7-201	MANE
E4F1	15038	E4F1-201	MANE
EAF1	15039	EAF1-201	MANE
EAF2	15041	EAF2-204	longest_CDS
EAPP	15044	EAPP-201	MANE
EARS2	15047	EARS2-201	MANE
EBAG9	15051	EBAG9-201	MANE
EBF1	15055	EBF1-202	longest_CDS
EBF4			no_CDS
EBI3	15057	EBI3-201	MANE
EBLN2	15058	EBLN2-201	MANE
EBLN3P	15061	EBLN3P-215	Ensembl
EBNA1BP2	15070	EBNA1BP2-201	MANE
EBP	15071	EBP-205	MANE
EBPL	15074	EBPL-201	MANE
ECD	15078	ECD-201	MANE
ECE1	15085	ECE1-203	MANE
ECE2	15090	ECE2-203	MANE
ECEL1	15091	transcript397778.chr2.nic	longest_CDS
ECEL1P2	15092	ECEL1P2-202	Ensembl
ECH1	15094	ECH1-201	MANE
ECHDC1	15098	ECHDC1-210	MANE
ECHDC2	15102	ECHDC2-203	MANE
ECHDC3	15108	ECHDC3-201	MANE
ECHS1	15109	ECHS1-201	MANE
ECI1	15111	ECI1-201	MANE
ECI2	15114	ECI2-202	MANE
ECM1	15119	ECM1-202	MANE
ECM2	15121	ECM2-201	MANE
ECPAS	15125	ECPAS-207	MANE
ECRG4	15128	ECRG4-201	MANE
ECSIT	15134	ECSIT-202	MANE
ECT2	15135	ECT2-204	MANE
EDA	15141	EDA-201	longest_CDS
EDA2R	15147	EDA2R-202	MANE
EDARADD	15148	EDARADD-202	APPRIS
EDC3	15150	EDC3-201	MANE
EDC4	15152	EDC4-201	MANE
EDEM1	15153	EDEM1-201	MANE
EDEM2	15155	EDEM2-202	MANE
EDEM3	15159	EDEM3-201	MANE
EDF1	15170	EDF1-201	MANE
EDIL3	15173	EDIL3-201	MANE
EDIL3-DT			no_CDS
EDN1	15180	EDN1-201	MANE
EDN3	15181	EDN3-202	MANE
EDNRB	15183	EDNRB-207	MANE
EDRF1	15189	EDRF1-202	MANE
EDRF1-DT	15195	EDRF1-DT-202	longest_CDS
EEA1	15197	EEA1-201	MANE
EED	15200	EED-201	MANE
EEF1A1	15218	EEF1A1-201	MANE
EEF1A2	15221	EEF1A2-201	MANE
EEF1AKMT1	15225	EEF1AKMT1-202	MANE
EEF1AKMT2	15227	EEF1AKMT2-201	MANE
EEF1AKMT3	15230	EEF1AKMT3-201	MANE
EEF1B2	15232	EEF1B2-203	MANE
EEF1D	15242	EEF1D-254	MANE
EEF1E1	15248	EEF1E1-201	MANE
EEF1G	15249	EEF1G-201	MANE
EEF2	15252	EEF2-201	MANE
EEF2K	15254	EEF2K-201	MANE
EEF2KMT	15255	EEF2KMT-201	MANE
EEFSEC	15257	EEFSEC-201	MANE
EEIG1	15262	EEIG1-203	MANE
EEIG2	15264	EEIG2-201	MANE
EEPD1	15265	EEPD1-201	MANE
EFCAB10	15266	EFCAB10-205	longest_CDS
EFCAB10-AS1	15268	EFCAB10-AS1-201	Ensembl
EFCAB11	15273	EFCAB11-201	MANE
EFCAB12	15276	EFCAB12-203	MANE
EFCAB13	15279	EFCAB13-201	MANE
EFCAB14	15284	EFCAB14-212	longest_CDS
EFCAB2	15294	EFCAB2-203	MANE
EFCAB5	15295	EFCAB5-208	longest_CDS
EFCAB6	15299	EFCAB6-201	MANE
EFCAB6-AS1	15300	EFCAB6-AS1-201	longest_CDS
EFCAB6-DT	15301	EFCAB6-DT-202	longest_CDS
EFCAB7	15302	EFCAB7-201	MANE
EFCC1	15304	EFCC1-203	MANE
EFEMP1	15305	EFEMP1-201	MANE
EFEMP2	15311	EFEMP2-201	MANE
EFHC1	15322	EFHC1-201	MANE
EFHC2	15324	EFHC2-202	MANE
EFHD1	15325	EFHD1-201	MANE
EFHD2	15327	EFHD2-201	MANE
EFL1	15333	EFL1-201	MANE
EFNA1	15335	EFNA1-202	MANE
EFNA3	15338	EFNA3-201	MANE
EFNA4	15339	EFNA4-202	MANE
EFNA5	15341	EFNA5-201	MANE
EFNB1	15342	EFNB1-201	MANE
EFNB2	15343	EFNB2-202	MANE
EFR3A	15345	EFR3A-201	MANE
EFR3B	15350	EFR3B-204	MANE
EFS	15352	EFS-201	MANE
EFTUD2	15359	EFTUD2-202	MANE
EGF	15363	EGF-201	MANE
EGFL6	15364	EGFL6-201	MANE
EGFL7	15368	EGFL7-201	MANE
EGFL8	15369	EGFL8-222	longest_CDS
EGFR	15370	EGFR-201	MANE
EGLN1	15382	EGLN1-201	MANE
EGLN2	15384	EGLN2-201	MANE
EGLN3	15388	EGLN3-201	MANE
EGR1	15390	EGR1-201	MANE
EGR2	15391	EGR2-201	MANE
EGR3	15396	EGR3-201	MANE
EGR4	15398	EGR4-201	MANE
EHBP1	15404	EHBP1-209	MANE
EHBP1L1	15405	EHBP1L1-201	MANE
EHD1	15409	EHD1-201	MANE
EHD2	15410	EHD2-201	MANE
EHD3	15411	EHD3-201	MANE
EHD4	15413	EHD4-201	MANE
EHF	15415	EHF-201	MANE
EHHADH	15416	EHHADH-201	MANE
EHMT1	15423	EHMT1-203	MANE
EHMT2	15428	EHMT2-203	MANE
EI24	15437	EI24-201	MANE
EID1	15438	EID1-201	MANE
EID2	15439	EID2-201	MANE
EID2B	15440	EID2B-201	MANE
EID3	15441	EID3-201	MANE
EIF1	15442	EIF1-203	MANE
EIF1AD	15447	EIF1AD-211	MANE
EIF1AX	15450	EIF1AX-202	MANE
EIF1AY	15453	EIF1AY-201	MANE
EIF1B	15455	EIF1B-201	MANE
EIF1B-AS1	15461	EIF1B-AS1-206	longest_CDS
EIF2A	15467	EIF2A-203	MANE
EIF2AK1	15469	EIF2AK1-201	MANE
EIF2AK2	15476	EIF2AK2-201	MANE
EIF2AK3	15484	EIF2AK3-201	MANE
EIF2AK3-DT			no_CDS
EIF2AK4	15490	EIF2AK4-201	MANE
EIF2B1	15491	EIF2B1-201	MANE
EIF2B2	15493	EIF2B2-201	MANE
EIF2B3	15496	EIF2B3-201	MANE
EIF2B4	15500	EIF2B4-201	MANE
EIF2B5	15513	EIF2B5-226	MANE
EIF2D	15522	EIF2D-201	MANE
EIF2S1	15528	EIF2S1-201	MANE
EIF2S2	15529	EIF2S2-201	MANE
EIF2S3	15530	EIF2S3-201	MANE
EIF2S3B	15532	EIF2S3B-202	MANE
EIF3A	15533	EIF3A-201	MANE
EIF3B	15535	EIF3B-201	MANE
EIF3C	15542	EIF3C-201	MANE
EIF3CL	15547	EIF3CL-201	MANE
EIF3D	15548	EIF3D-201	MANE
EIF3E	15558	EIF3E-201	MANE
EIF3F	15568	EIF3F-209	MANE
EIF3G	15576	EIF3G-201	MANE
EIF3H	15577	EIF3H-209	MANE
EIF3I	15587	EIF3I-223	longest_CDS
EIF3J	15594	EIF3J-201	MANE
EIF3J-DT	15595	EIF3J-DT-205	Ensembl
EIF3K	15605	EIF3K-201	MANE
EIF3L	15609	EIF3L-214	APPRIS
EIF3M	15615	EIF3M-208	MANE
EIF4A1	15619	EIF4A1-201	MANE
EIF4A2	15624	EIF4A2-201	MANE
EIF4A3	15631	EIF4A3-209	MANE
EIF4B	15633	EIF4B-201	MANE
EIF4E	15637	EIF4E-203	MANE
EIF4E1B	15639	EIF4E1B-201	MANE
EIF4E2	15645	EIF4E2-201	MANE
EIF4E3	15650	EIF4E3-204	MANE
EIF4EBP1	15652	EIF4EBP1-201	MANE
EIF4EBP2	15654	EIF4EBP2-201	MANE
EIF4EBP3	15655	EIF4EBP3-201	MANE
EIF4ENIF1	15660	EIF4ENIF1-201	MANE
EIF4G1	15672	EIF4G1-202	MANE
EIF4G2	15683	EIF4G2-201	MANE
EIF4G3	15692	EIF4G3-212	MANE
EIF4H	15699	EIF4H-201	MANE
EIF5	15705	EIF5-201	MANE
EIF5-DT	15709	EIF5-DT-201	Ensembl
EIF5A	15710	EIF5A-202	MANE
EIF5A2	15714	EIF5A2-201	MANE
EIF5AL1	15715	EIF5AL1-201	MANE
EIF5B	15718	EIF5B-201	MANE
EIF6	15720	EIF6-203	MANE
EIPR1	15723	EIPR1-201	MANE
ELAC1	15725	ELAC1-201	MANE
ELAC2	15732	ELAC2-201	MANE
ELAPOR1	15736	ELAPOR1-203	MANE
ELAPOR2	15739	ELAPOR2-208	MANE
ELAVL1	15743	ELAVL1-201	MANE
ELAVL2	15748	ELAVL2-204	MANE
ELAVL3	15749	ELAVL3-201	MANE
ELAVL4	15752	ELAVL4-205	MANE
ELF1	15761	ELF1-201	MANE
ELF2	15770	ELF2-213	MANE
ELF3	15774	ELF3-201	APPRIS
ELFN1	15775	ELFN1-201	MANE
ELFN2	15779	ELFN2-201	MANE
ELK1	15780	ELK1-203	MANE
ELK3	15782	ELK3-201	MANE
ELK4	15783	ELK4-202	MANE
ELL	15787	ELL-201	MANE
ELL2	15789	ELL2-201	MANE
ELL3	15792	ELL3-201	MANE
ELMO1	15794	ELMO1-201	MANE
ELMO2	15804	ELMO2-201	MANE
ELMOD1	15807	ELMOD1-201	MANE
ELMOD2	15811	ELMOD2-201	MANE
ELMOD3	15814	ELMOD3-203	MANE
ELN	15820	ELN-201	MANE
ELN-AS1	15823	ELN-AS1-201	Ensembl
ELOA	15825	ELOA-204	MANE
ELOA-AS1			no_CDS
ELOA2	15828	ELOA2-201	MANE
ELOB	15830	ELOB-203	MANE
ELOC	15839	ELOC-206	MANE
ELOF1	15842	ELOF1-201	MANE
ELOVL1	15844	ELOVL1-201	MANE
ELOVL2	15846	ELOVL2-201	MANE
ELOVL4	15847	ELOVL4-201	MANE
ELOVL5	15848	ELOVL5-201	MANE
ELOVL6	15851	ELOVL6-201	MANE
ELOVL7	15854	ELOVL7-205	MANE
ELP1	15863	ELP1-214	longest_CDS
ELP2	15879	ELP2-203	MANE
ELP3	15886	ELP3-201	MANE
ELP4	15896	ELP4-229	MANE
ELP5	15903	ELP5-204	MANE
ELP6	15905	ELP6-201	MANE
EMB	15908	EMB-201	MANE
EMBP1	15910	EMBP1-203	longest_CDS
EMC1	15920	EMC1-207	MANE
EMC1-AS1	15928	EMC1-AS1-201	Ensembl
EMC10	15931	EMC10-201	MANE
EMC2	15933	EMC2-201	MANE
EMC3	15935	EMC3-201	MANE
EMC4	15941	EMC4-202	MANE
EMC6	15944	EMC6-201	MANE
EMC7	15945	EMC7-201	MANE
EMC8	15950	EMC8-201	MANE
EMC9	15953	EMC9-201	MANE
EMCN	15955	EMCN-201	MANE
EME1	15959	EME1-201	MANE
EME2	15963	EME2-205	MANE
EMG1	15965	EMG1-202	MANE
EMID1	15968	EMID1-201	MANE
EMILIN1	15971	EMILIN1-201	MANE
EMILIN2	15973	EMILIN2-201	MANE
EMILIN3	15974	EMILIN3-201	MANE
EML1	15978	EML1-201	MANE
EML2	15982	EML2-201	MANE
EML3	15986	EML3-202	MANE
EML4	15989	EML4-201	MANE
EML5	16003	EML5-207	MANE
EML6	16006	EML6-201	MANE
EMP2	16010	EMP2-202	MANE
EMP3	16012	EMP3-201	MANE
EMSY	16016	EMSY-219	MANE
EMSY-DT			no_CDS
EMX1	16026	EMX1-201	MANE
EMX2	16027	EMX2-203	MANE
EMX2OS	16028	EMX2OS-208	longest_CDS
ENAH	16033	ENAH-203	MANE
ENC1	16043	ENC1-201	MANE
ENDOD1	16045	ENDOD1-201	MANE
ENDOG	16046	ENDOG-201	MANE
ENDOU	16047	ENDOU-201	longest_CDS
ENDOV	16049	ENDOV-204	MANE
ENG	16055	ENG-202	MANE
ENGASE	16057	ENGASE-205	MANE
ENHO	16060	ENHO-201	MANE
ENKD1	16062	ENKD1-201	MANE
ENKUR	16065	ENKUR-201	MANE
ENO1	16069	ENO1-201	MANE
ENO2	16074	ENO2-201	MANE
ENO4	16075	ENO4-201	MANE
ENOPH1	16078	ENOPH1-201	MANE
ENOSF1	16080	ENOSF1-222	MANE
ENOX1	16083	ENOX1-203	MANE
ENOX1-AS1	16085	ENOX1-AS1-201	Ensembl
ENOX2	16086	ENOX2-204	MANE
ENPEP	16092	ENPEP-201	MANE
ENPP1	16095	ENPP1-204	MANE
ENPP2	16096	ENPP2-201	MANE
ENPP4	16101	ENPP4-201	MANE
ENPP5	16103	ENPP5-202	MANE
ENPP6	16106	ENPP6-201	MANE
ENSA	16111	ENSA-208	MANE
ENSG00000145063	16114	ENST00000660479	longest_CDS
ENSG00000170846	16119	ENST00000635031	MANE
ENSG00000176349	16120	ENST00000402221	Ensembl
ENSG00000176593	16125	ENST00000550135	Ensembl
ENSG00000176868	16128	ENST00000616163	Ensembl
ENSG00000177725	16129	ENST00000619681	Ensembl
ENSG00000183154	16130	transcript79896.chr8.nnic	longest_CDS
ENSG00000183562	16131	ENST00000332881	Ensembl
ENSG00000184441	16132	ENST00000448927	Ensembl
ENSG00000187186	16133	ENST00000421828	MANE
ENSG00000197813			no_CDS
ENSG00000197815	16136	ENST00000354746	Ensembl
ENSG00000203279			no_CDS
ENSG00000203327	16139	ENST00000366153	Ensembl
ENSG00000203392	16140	ENST00000435356	Ensembl
ENSG00000203644	16141	ENST00000366451	Ensembl
ENSG00000204398			no_CDS
ENSG00000204850	16143	ENST00000377652	Ensembl
ENSG00000204876			no_CDS
ENSG00000205740			no_CDS
ENSG00000205959	16147	ENST00000382488	longest_CDS
ENSG00000213062	16148	ENST00000392097	Ensembl
ENSG00000213963	16150	ENST00000699475	longest_CDS
ENSG00000214248	16155	ENST00000539278	Ensembl
ENSG00000214719	16157	ENST00000651170	longest_CDS
ENSG00000214770	16159	ENST00000648279	Ensembl
ENSG00000214803	16160	ENST00000523703	Ensembl
ENSG00000215014			no_CDS
ENSG00000217702			no_CDS
ENSG00000219410			no_CDS
ENSG00000220256	16166	ENST00000650925	longest_CDS
ENSG00000222012	16167	ENST00000409610	Ensembl
ENSG00000222017	16168	transcript354269.chr2.nnic	longest_CDS
ENSG00000223522	16170	ENST00000661521	Ensembl
ENSG00000223834	16171	ENST00000672831	longest_CDS
ENSG00000223930	16173	transcript285785.chr3.nnic	longest_CDS
ENSG00000224272	16176	ENST00000413820	Ensembl
ENSG00000224376			no_CDS
ENSG00000224404	16178	ENST00000661218	Ensembl
ENSG00000224738	16179	ENST00000451775	Ensembl
ENSG00000224819			no_CDS
ENSG00000224848	16187	ENST00000661289	Ensembl
ENSG00000224905	16191	ENST00000428809	Ensembl
ENSG00000225096	16193	ENST00000641775	Ensembl
ENSG00000225140	16194	ENST00000451601	Ensembl
ENSG00000225335	16198	ENST00000607927	Ensembl
ENSG00000225339	16200	ENST00000586726	Ensembl
ENSG00000225647			no_CDS
ENSG00000225649			no_CDS
ENSG00000225889			no_CDS
ENSG00000226180	16215	ENST00000538868	Ensembl
ENSG00000226239			no_CDS
ENSG00000226266			no_CDS
ENSG00000226310	16219	transcript62383.chrX.nnic	longest_CDS
ENSG00000226465	16222	transcript32140.chr20.nnic	longest_CDS
ENSG00000226471			no_CDS
ENSG00000226530	16227	ENST00000661364	longest_CDS
ENSG00000226816	16228	ENST00000413042	Ensembl
ENSG00000226994			no_CDS
ENSG00000227088			no_CDS
ENSG00000227355			no_CDS
ENSG00000227455			no_CDS
ENSG00000227486			no_CDS
ENSG00000227619			no_CDS
ENSG00000227704	16236	ENST00000692382	longest_CDS
ENSG00000227733			no_CDS
ENSG00000227782	16240	ENST00000442828	Ensembl
ENSG00000228010			no_CDS
ENSG00000228084			no_CDS
ENSG00000228133			no_CDS
ENSG00000228157			no_CDS
ENSG00000228172			no_CDS
ENSG00000228222			no_CDS
ENSG00000228274			no_CDS
ENSG00000228302	16249	ENST00000421657	Ensembl
ENSG00000228395			no_CDS
ENSG00000228484			no_CDS
ENSG00000228543	16253	ENST00000432442	Ensembl
ENSG00000228566			no_CDS
ENSG00000228748			no_CDS
ENSG00000228793	16258	ENST00000660471	longest_CDS
ENSG00000228999			no_CDS
ENSG00000229191	16266	ENST00000458003	Ensembl
ENSG00000229278	16267	transcript179593.chr10.nnic	longest_CDS
ENSG00000229337			no_CDS
ENSG00000229422	16270	ENST00000417533	Ensembl
ENSG00000229425	16272	ENST00000670882	longest_CDS
ENSG00000229588	16278	ENST00000653824	Ensembl
ENSG00000229618			no_CDS
ENSG00000229727	16283	ENST00000654090	Ensembl
ENSG00000230051			no_CDS
ENSG00000230074	16285	ENST00000654838	Ensembl
ENSG00000230303			no_CDS
ENSG00000230387			no_CDS
ENSG00000230393	16288	ENST00000434301	Ensembl
ENSG00000230490			no_CDS
ENSG00000230615			no_CDS
ENSG00000230707	16295	ENST00000453380	MANE
ENSG00000230773			no_CDS
ENSG00000230805			no_CDS
ENSG00000230960	16301	transcript233484.chr6.nnic	longest_CDS
ENSG00000231104			no_CDS
ENSG00000231114	16305	ENST00000447529	Ensembl
ENSG00000231119	16306	ENST00000413818	Ensembl
ENSG00000231252			no_CDS
ENSG00000231255	16311	ENST00000423979	Ensembl
ENSG00000231533	16312	ENST00000653689	longest_CDS
ENSG00000231703	16313	ENST00000436286	Ensembl
ENSG00000231754	16314	ENST00000637411	Ensembl
ENSG00000231829	16315	ENST00000655264	Ensembl
ENSG00000231856	16316	ENST00000618844	longest_CDS
ENSG00000231863	16317	ENST00000664826	longest_CDS
ENSG00000232063	16318	ENST00000454869	Ensembl
ENSG00000232110			no_CDS
ENSG00000232184			no_CDS
ENSG00000232386			no_CDS
ENSG00000232748	16322	ENST00000417110	longest_CDS
ENSG00000232855	16323	ENST00000433310	Ensembl
ENSG00000232884			no_CDS
ENSG00000232995			no_CDS
ENSG00000233029	16328	ENST00000457996	Ensembl
ENSG00000233223	16332	ENST00000687005	longest_CDS
ENSG00000233230			no_CDS
ENSG00000233251	16337	ENST00000596663	longest_CDS
ENSG00000233290	16338	transcript144166.chr1.nnic	longest_CDS
ENSG00000233393	16340	ENST00000422473	Ensembl
ENSG00000233423			no_CDS
ENSG00000233461	16344	ENST00000654602	Ensembl
ENSG00000233542	16345	ENST00000443930	Ensembl
ENSG00000233783			no_CDS
ENSG00000233862			no_CDS
ENSG00000233928	16350	ENST00000668394	Ensembl
ENSG00000233967	16352	ENST00000656173	Ensembl
ENSG00000234139			no_CDS
ENSG00000234286	16355	ENST00000690499	Ensembl
ENSG00000234418			no_CDS
ENSG00000234929	16358	ENST00000655823	Ensembl
ENSG00000234998			no_CDS
ENSG00000235020			no_CDS
ENSG00000235100			no_CDS
ENSG00000235189			no_CDS
ENSG00000235296	16364	ENST00000415556	Ensembl
ENSG00000235381	16365	ENST00000435295	Ensembl
ENSG00000235426			no_CDS
ENSG00000235526	16367	ENST00000440688	Ensembl
ENSG00000235934	16368	ENST00000663207	Ensembl
ENSG00000235978	16369	transcript8567.chr3.nnic	longest_CDS
ENSG00000236064	16371	ENST00000430140	longest_CDS
ENSG00000236255			no_CDS
ENSG00000236451			no_CDS
ENSG00000236494			no_CDS
ENSG00000236529	16376	ENST00000447086	Ensembl
ENSG00000236760			no_CDS
ENSG00000236841	16378	ENST00000418968	Ensembl
ENSG00000236924			no_CDS
ENSG00000237188	16381	ENST00000651151	longest_CDS
ENSG00000237301	16382	ENST00000428945	Ensembl
ENSG00000237356			no_CDS
ENSG00000237422			no_CDS
ENSG00000237461	16385	ENST00000652827	Ensembl
ENSG00000237640			no_CDS
ENSG00000237720	16389	ENST00000652954	Ensembl
ENSG00000237773			no_CDS
ENSG00000238009			no_CDS
ENSG00000238035	16397	ENST00000604354	longest_CDS
ENSG00000238142	16399	ENST00000654227	Ensembl
ENSG00000238260	16404	ENST00000687047	Ensembl
ENSG00000238280			no_CDS
ENSG00000239407	16408	ENST00000426528	Ensembl
ENSG00000239415	16409	ENST00000430259	Ensembl
ENSG00000239572			no_CDS
ENSG00000239922			no_CDS
ENSG00000240086			no_CDS
ENSG00000240207			no_CDS
ENSG00000240219	16419	ENST00000444037	Ensembl
ENSG00000240240	16421	ENST00000659103	Ensembl
ENSG00000240591	16424	ENST00000655902	Ensembl
ENSG00000240687			no_CDS
ENSG00000241231	16426	ENST00000671542	longest_CDS
ENSG00000241345			no_CDS
ENSG00000242593			no_CDS
ENSG00000242880			no_CDS
ENSG00000243176			no_CDS
ENSG00000244055	16435	ENST00000658444	Ensembl
ENSG00000244701	16436	ENST00000467537	Ensembl
ENSG00000245025			no_CDS
ENSG00000245748	16438	ENST00000500031	Ensembl
ENSG00000245768	16439	ENST00000568134	longest_CDS
ENSG00000246090	16440	ENST00000500358	Ensembl
ENSG00000246225			no_CDS
ENSG00000246250			no_CDS
ENSG00000247121	16443	ENST00000501338	Ensembl
ENSG00000247134	16447	ENST00000659524	Ensembl
ENSG00000247324	16448	ENST00000500612	Ensembl
ENSG00000247416			no_CDS
ENSG00000247679			no_CDS
ENSG00000247934	16451	ENST00000617468	longest_CDS
ENSG00000247970	16453	ENST00000502101	Ensembl
ENSG00000248015	16454	ENST00000501448	Ensembl
ENSG00000248100	16455	ENST00000506925	Ensembl
ENSG00000248161			no_CDS
ENSG00000248343	16457	ENST00000511835	Ensembl
ENSG00000248378	16458	ENST00000515358	Ensembl
ENSG00000248469	16459	ENST00000512675	Ensembl
ENSG00000248540	16462	ENST00000563727	Ensembl
ENSG00000248664			no_CDS
ENSG00000248738	16465	ENST00000511897	Ensembl
ENSG00000248837			no_CDS
ENSG00000248994	16472	ENST00000653000	Ensembl
ENSG00000249109	16475	ENST00000502515	Ensembl
ENSG00000249207	16476	ENST00000668468	Ensembl
ENSG00000249492			no_CDS
ENSG00000249738			no_CDS
ENSG00000249743			no_CDS
ENSG00000249746			no_CDS
ENSG00000249772			no_CDS
ENSG00000249776			no_CDS
ENSG00000250069	16485	ENST00000508713	Ensembl
ENSG00000250132	16486	ENST00000503602	Ensembl
ENSG00000250240			no_CDS
ENSG00000250377	16489	ENST00000666338	Ensembl
ENSG00000250497	16491	ENST00000508202	Ensembl
ENSG00000250723	16494	ENST00000505326	Ensembl
ENSG00000250790	16495	ENST00000503695	Ensembl
ENSG00000250899	16496	ENST00000513358	Ensembl
ENSG00000250934			no_CDS
ENSG00000250969	16498	transcript178357.chr4.nnic	longest_CDS
ENSG00000250992	16499	ENST00000671485	longest_CDS
ENSG00000251023	16500	ENST00000505668	Ensembl
ENSG00000251031	16501	ENST00000659832	Ensembl
ENSG00000251034			no_CDS
ENSG00000251143	16503	ENST00000502284	Ensembl
ENSG00000251293			no_CDS
ENSG00000251393	16507	transcript81094.chr14.nnic	longest_CDS
ENSG00000251410			no_CDS
ENSG00000251417	16509	ENST00000507031	Ensembl
ENSG00000251448	16510	transcript219253.chr3.nnic	longest_CDS
ENSG00000251510	16511	ENST00000510613	Ensembl
ENSG00000251600	16513	ENST00000641328	Ensembl
ENSG00000251615	16514	ENST00000505448	Ensembl
ENSG00000251661	16515	ENST00000602429	Ensembl
ENSG00000253154			no_CDS
ENSG00000253200	16517	ENST00000521025	Ensembl
ENSG00000253284	16518	ENST00000501211	Ensembl
ENSG00000253297	16519	ENST00000517511	Ensembl
ENSG00000253357			no_CDS
ENSG00000253361			no_CDS
ENSG00000253420	16523	transcript156724.chr8.nnic	longest_CDS
ENSG00000253452			no_CDS
ENSG00000253477			no_CDS
ENSG00000253496			no_CDS
ENSG00000253553			no_CDS
ENSG00000253636	16533	ENST00000517664	Ensembl
ENSG00000253642			no_CDS
ENSG00000253671	16535	ENST00000653384	Ensembl
ENSG00000253720	16536	ENST00000665358	Ensembl
ENSG00000253736			no_CDS
ENSG00000253762			no_CDS
ENSG00000253842			no_CDS
ENSG00000253853	16542	ENST00000654515	Ensembl
ENSG00000253875	16545	ENST00000521510	Ensembl
ENSG00000253924	16546	ENST00000663857	longest_CDS
ENSG00000253965	16548	ENST00000520443	Ensembl
ENSG00000254040	16549	ENST00000663309	Ensembl
ENSG00000254092			no_CDS
ENSG00000254187	16551	ENST00000522956	Ensembl
ENSG00000254202	16552	transcript129599.chr8.nnic	longest_CDS
ENSG00000254443			no_CDS
ENSG00000254510	16554	ENST00000689212	Ensembl
ENSG00000254556	16555	ENST00000531549	Ensembl
ENSG00000254682	16556	ENST00000529369	Ensembl
ENSG00000254746	16558	transcript54229.chr11.nnic	longest_CDS
ENSG00000254787			no_CDS
ENSG00000254873			no_CDS
ENSG00000255087			no_CDS
ENSG00000255182			no_CDS
ENSG00000255224	16569	ENST00000524499	Ensembl
ENSG00000255240			no_CDS
ENSG00000255310	16571	ENST00000530248	Ensembl
ENSG00000255366	16572	ENST00000528139	Ensembl
ENSG00000255384	16573	ENST00000532619	Ensembl
ENSG00000255389	16574	ENST00000531702	Ensembl
ENSG00000255455	16575	ENST00000525716	Ensembl
ENSG00000255495	16576	ENST00000528514	Ensembl
ENSG00000255537	16577	ENST00000527818	Ensembl
ENSG00000255595			no_CDS
ENSG00000255647			no_CDS
ENSG00000255946			no_CDS
ENSG00000256001	16582	ENST00000664581	Ensembl
ENSG00000256116	16583	transcript75252.chr11.nnic	longest_CDS
ENSG00000256196	16584	ENST00000543907	Ensembl
ENSG00000256654	16588	ENST00000640877	Ensembl
ENSG00000256712			no_CDS
ENSG00000256747	16593	ENST00000545904	Ensembl
ENSG00000256824	16594	ENST00000537170	Ensembl
ENSG00000256982	16596	ENST00000537498	Ensembl
ENSG00000257176	16597	ENST00000553105	Ensembl
ENSG00000257180			no_CDS
ENSG00000257225	16600	ENST00000547824	Ensembl
ENSG00000257252			no_CDS
ENSG00000257277			no_CDS
ENSG00000257310	16603	ENST00000551932	Ensembl
ENSG00000257342			no_CDS
ENSG00000257366	16605	ENST00000546612	Ensembl
ENSG00000257391	16606	ENST00000552015	Ensembl
ENSG00000257431	16607	ENST00000548575	Ensembl
ENSG00000257522			no_CDS
ENSG00000257657			no_CDS
ENSG00000257703			no_CDS
ENSG00000257711	16612	ENST00000655603	Ensembl
ENSG00000258035	16614	ENST00000669622	Ensembl
ENSG00000258162	16616	ENST00000671127	Ensembl
ENSG00000258185	16619	transcript122464.chr12.nnic	longest_CDS
ENSG00000258216			no_CDS
ENSG00000258342			no_CDS
ENSG00000258354	16626	ENST00000548268	Ensembl
ENSG00000258377	16627	ENST00000555043	Ensembl
ENSG00000258422			no_CDS
ENSG00000258526	16630	ENST00000652126	Ensembl
ENSG00000258603			no_CDS
ENSG00000258634	16633	ENST00000554749	Ensembl
ENSG00000258663			no_CDS
ENSG00000258676	16635	ENST00000625146	longest_CDS
ENSG00000258702			no_CDS
ENSG00000258752	16642	ENST00000662923	Ensembl
ENSG00000258768	16643	ENST00000556738	Ensembl
ENSG00000258811	16644	ENST00000556430	Ensembl
ENSG00000258844	16645	ENST00000556542	Ensembl
ENSG00000258938	16646	ENST00000555918	Ensembl
ENSG00000258945			no_CDS
ENSG00000258982	16648	transcript112692.chr14.nnic	longest_CDS
ENSG00000259008	16649	ENST00000556602	Ensembl
ENSG00000259113	16650	ENST00000555257	Ensembl
ENSG00000259275			no_CDS
ENSG00000259326	16652	ENST00000560231	Ensembl
ENSG00000259347			no_CDS
ENSG00000259363	16654	ENST00000670236	longest_CDS
ENSG00000259366	16655	ENST00000687452	Ensembl
ENSG00000259370			no_CDS
ENSG00000259385	16657	ENST00000559875	Ensembl
ENSG00000259395	16658	ENST00000561236	Ensembl
ENSG00000259460	16662	ENST00000559509	Ensembl
ENSG00000259523	16663	ENST00000557989	Ensembl
ENSG00000259623	16664	ENST00000560400	Ensembl
ENSG00000259644	16665	ENST00000560740	Ensembl
ENSG00000259690	16666	ENST00000558671	Ensembl
ENSG00000259780	16667	ENST00000564055	Ensembl
ENSG00000259807	16669	ENST00000658292	Ensembl
ENSG00000259810	16670	ENST00000570073	Ensembl
ENSG00000259814	16671	ENST00000567616	Ensembl
ENSG00000259828	16672	ENST00000565399	Ensembl
ENSG00000259865	16673	ENST00000566446	Ensembl
ENSG00000259868			no_CDS
ENSG00000259869	16675	ENST00000568976	Ensembl
ENSG00000259881	16676	ENST00000565053	Ensembl
ENSG00000259891	16677	ENST00000564464	Ensembl
ENSG00000259914	16678	ENST00000563342	Ensembl
ENSG00000259915	16679	ENST00000564407	Ensembl
ENSG00000259920	16680	ENST00000562524	Ensembl
ENSG00000259921	16681	ENST00000563495	Ensembl
ENSG00000259940	16682	ENST00000567108	Ensembl
ENSG00000259941	16683	ENST00000564401	Ensembl
ENSG00000259946	16684	ENST00000561881	Ensembl
ENSG00000259959	16685	ENST00000563286	Ensembl
ENSG00000259969	16686	ENST00000563647	Ensembl
ENSG00000259972	16687	ENST00000662467	longest_CDS
ENSG00000259976	16689	ENST00000570269	Ensembl
ENSG00000259985	16690	ENST00000565978	Ensembl
ENSG00000259994	16691	ENST00000561542	Ensembl
ENSG00000260000	16692	ENST00000565695	Ensembl
ENSG00000260008	16693	ENST00000566440	Ensembl
ENSG00000260060	16694	ENST00000565152	Ensembl
ENSG00000260064	16695	ENST00000563684	Ensembl
ENSG00000260077	16696	ENST00000567540	Ensembl
ENSG00000260086	16697	ENST00000568150	Ensembl
ENSG00000260108	16698	ENST00000567834	Ensembl
ENSG00000260118	16699	ENST00000561973	Ensembl
ENSG00000260121	16700	ENST00000564984	Ensembl
ENSG00000260122	16701	ENST00000565518	Ensembl
ENSG00000260163	16702	ENST00000564121	Ensembl
ENSG00000260166			no_CDS
ENSG00000260171	16705	ENST00000561915	Ensembl
ENSG00000260196	16706	ENST00000568280	Ensembl
ENSG00000260197	16707	ENST00000566193	Ensembl
ENSG00000260209			no_CDS
ENSG00000260244	16709	ENST00000569449	Ensembl
ENSG00000260249	16711	ENST00000570241	Ensembl
ENSG00000260257	16712	ENST00000569087	Ensembl
ENSG00000260267	16713	ENST00000564629	Ensembl
ENSG00000260273	16715	ENST00000563105	Ensembl
ENSG00000260274	16716	ENST00000563278	Ensembl
ENSG00000260288			no_CDS
ENSG00000260293	16718	ENST00000561847	Ensembl
ENSG00000260296	16719	ENST00000567102	Ensembl
ENSG00000260306	16720	ENST00000567370	Ensembl
ENSG00000260328	16721	ENST00000562897	Ensembl
ENSG00000260331	16722	ENST00000565944	Ensembl
ENSG00000260337	16723	ENST00000620192	Ensembl
ENSG00000260360	16724	ENST00000567904	Ensembl
ENSG00000260361	16725	ENST00000562894	Ensembl
ENSG00000260368	16726	ENST00000564694	Ensembl
ENSG00000260385	16727	ENST00000567967	Ensembl
ENSG00000260391	16728	ENST00000568966	Ensembl
ENSG00000260398	16729	ENST00000565862	Ensembl
ENSG00000260400	16730	ENST00000562082	Ensembl
ENSG00000260409	16731	ENST00000564214	Ensembl
ENSG00000260412	16732	ENST00000566293	Ensembl
ENSG00000260418	16733	ENST00000564248	Ensembl
ENSG00000260422	16734	ENST00000564697	Ensembl
ENSG00000260426	16735	ENST00000569431	Ensembl
ENSG00000260460	16736	ENST00000564032	Ensembl
ENSG00000260464	16737	ENST00000565336	Ensembl
ENSG00000260470	16738	ENST00000564380	Ensembl
ENSG00000260482	16739	ENST00000566996	Ensembl
ENSG00000260495	16740	ENST00000570148	Ensembl
ENSG00000260509	16741	ENST00000568856	Ensembl
ENSG00000260515	16742	ENST00000566945	Ensembl
ENSG00000260517			no_CDS
ENSG00000260534	16744	ENST00000566291	Ensembl
ENSG00000260563	16745	ENST00000566986	Ensembl
ENSG00000260566	16746	ENST00000563129	Ensembl
ENSG00000260578	16747	ENST00000562669	Ensembl
ENSG00000260585	16748	ENST00000569460	Ensembl
ENSG00000260588	16749	ENST00000563810	Ensembl
ENSG00000260599			no_CDS
ENSG00000260600	16751	ENST00000562568	Ensembl
ENSG00000260604	16753	ENST00000566733	Ensembl
ENSG00000260633	16754	ENST00000568384	Ensembl
ENSG00000260634	16755	ENST00000567613	Ensembl
ENSG00000260645	16756	ENST00000569267	Ensembl
ENSG00000260648	16757	ENST00000568093	Ensembl
ENSG00000260658			no_CDS
ENSG00000260664	16762	ENST00000624327	Ensembl
ENSG00000260670	16763	ENST00000570082	Ensembl
ENSG00000260672	16764	ENST00000563464	Ensembl
ENSG00000260686	16765	ENST00000565823	Ensembl
ENSG00000260698	16766	ENST00000570141	Ensembl
ENSG00000260711	16767	ENST00000565058	Ensembl
ENSG00000260721	16768	ENST00000567210	Ensembl
ENSG00000260743	16769	ENST00000569932	Ensembl
ENSG00000260751	16770	ENST00000568262	Ensembl
ENSG00000260772	16771	ENST00000561622	Ensembl
ENSG00000260793	16772	ENST00000588279	Ensembl
ENSG00000260805	16774	ENST00000564287	Ensembl
ENSG00000260810	16775	ENST00000563574	Ensembl
ENSG00000260816	16776	ENST00000568885	Ensembl
ENSG00000260838	16777	ENST00000564832	Ensembl
ENSG00000260850			no_CDS
ENSG00000260855	16779	ENST00000567832	Ensembl
ENSG00000260871	16780	ENST00000562820	Ensembl
ENSG00000260878	16781	ENST00000568817	Ensembl
ENSG00000260879	16782	ENST00000564063	Ensembl
ENSG00000260912	16783	ENST00000563205	Ensembl
ENSG00000260917	16784	ENST00000564352	Ensembl
ENSG00000260918	16785	ENST00000562284	Ensembl
ENSG00000260920	16786	ENST00000565390	Ensembl
ENSG00000260947	16787	ENST00000566968	Ensembl
ENSG00000260948	16788	ENST00000564771	Ensembl
ENSG00000260949	16789	ENST00000563059	Ensembl
ENSG00000260966	16790	ENST00000561652	Ensembl
ENSG00000260988	16791	ENST00000566715	Ensembl
ENSG00000261003	16792	ENST00000564198	Ensembl
ENSG00000261019	16793	ENST00000569883	Ensembl
ENSG00000261026	16794	ENST00000566457	Ensembl
ENSG00000261037	16795	ENST00000564741	Ensembl
ENSG00000261051	16796	ENST00000567714	Ensembl
ENSG00000261069	16797	ENST00000567527	Ensembl
ENSG00000261071	16798	ENST00000566170	Ensembl
ENSG00000261079	16799	ENST00000563701	Ensembl
ENSG00000261093	16800	ENST00000562166	Ensembl
ENSG00000261096	16801	ENST00000563949	Ensembl
ENSG00000261098	16802	ENST00000561746	Ensembl
ENSG00000261101	16803	ENST00000564612	Ensembl
ENSG00000261114	16804	ENST00000570210	Ensembl
ENSG00000261129	16805	ENST00000568324	Ensembl
ENSG00000261135	16806	ENST00000562878	Ensembl
ENSG00000261136	16807	ENST00000564211	Ensembl
ENSG00000261159	16808	ENST00000567253	Ensembl
ENSG00000261167	16809	ENST00000565095	Ensembl
ENSG00000261168	16810	ENST00000563624	Ensembl
ENSG00000261187	16811	ENST00000568345	Ensembl
ENSG00000261195	16812	ENST00000564490	Ensembl
ENSG00000261211	16813	ENST00000563225	Ensembl
ENSG00000261226	16814	ENST00000564646	Ensembl
ENSG00000261227			no_CDS
ENSG00000261242	16816	ENST00000561909	Ensembl
ENSG00000261269	16817	ENST00000564956	Ensembl
ENSG00000261292	16818	ENST00000562191	Ensembl
ENSG00000261324	16820	ENST00000562691	Ensembl
ENSG00000261329			no_CDS
ENSG00000261335	16823	ENST00000565271	Ensembl
ENSG00000261338	16824	ENST00000562328	Ensembl
ENSG00000261342	16825	ENST00000567905	Ensembl
ENSG00000261357	16826	ENST00000565802	Ensembl
ENSG00000261402	16827	ENST00000568063	Ensembl
ENSG00000261411	16828	ENST00000569833	Ensembl
ENSG00000261426	16829	ENST00000567953	Ensembl
ENSG00000261434	16830	ENST00000563761	Ensembl
ENSG00000261451	16831	ENST00000562242	Ensembl
ENSG00000261462	16832	ENST00000561473	Ensembl
ENSG00000261471	16833	ENST00000564809	Ensembl
ENSG00000261519	16834	ENST00000563151	Ensembl
ENSG00000261526	16835	ENST00000565797	Ensembl
ENSG00000261529	16836	ENST00000565581	Ensembl
ENSG00000261542	16837	ENST00000569835	Ensembl
ENSG00000261546	16838	ENST00000562782	Ensembl
ENSG00000261560	16839	ENST00000568144	Ensembl
ENSG00000261572	16840	ENST00000565519	Ensembl
ENSG00000261578	16841	ENST00000566747	Ensembl
ENSG00000261584	16842	ENST00000562904	Ensembl
ENSG00000261596	16843	ENST00000564271	Ensembl
ENSG00000261604	16844	ENST00000565748	Ensembl
ENSG00000261610	16845	ENST00000565959	Ensembl
ENSG00000261613	16846	ENST00000563449	Ensembl
ENSG00000261642	16847	ENST00000563320	Ensembl
ENSG00000261646	16848	ENST00000563631	Ensembl
ENSG00000261654	16849	ENST00000562952	Ensembl
ENSG00000261659	16850	ENST00000575305	longest_CDS
ENSG00000261668	16851	ENST00000565254	Ensembl
ENSG00000261670	16852	ENST00000562917	Ensembl
ENSG00000261675	16853	ENST00000562756	Ensembl
ENSG00000261693	16854	ENST00000569285	Ensembl
ENSG00000261696	16855	ENST00000569618	Ensembl
ENSG00000261710	16856	ENST00000562989	Ensembl
ENSG00000261728	16857	ENST00000568811	Ensembl
ENSG00000261734	16858	ENST00000566804	Ensembl
ENSG00000261763	16859	ENST00000563865	Ensembl
ENSG00000261770	16860	ENST00000562493	Ensembl
ENSG00000261786	16862	ENST00000568686	Ensembl
ENSG00000261790	16863	ENST00000654451	Ensembl
ENSG00000261795	16864	ENST00000567533	Ensembl
ENSG00000261798	16865	ENST00000566366	Ensembl
ENSG00000261799	16866	ENST00000570140	Ensembl
ENSG00000261829	16867	ENST00000568958	Ensembl
ENSG00000261839	16868	ENST00000565046	Ensembl
ENSG00000261840			no_CDS
ENSG00000261842	16870	ENST00000568729	Ensembl
ENSG00000261845	16871	ENST00000576912	Ensembl
ENSG00000261888	16872	ENST00000573312	Ensembl
ENSG00000261916	16873	ENST00000575593	Ensembl
ENSG00000261924	16874	ENST00000576234	Ensembl
ENSG00000261959	16875	ENST00000572855	Ensembl
ENSG00000261997	16876	ENST00000576365	Ensembl
ENSG00000262049	16877	ENST00000575312	Ensembl
ENSG00000262050	16878	ENST00000572876	Ensembl
ENSG00000262119	16880	ENST00000572358	Ensembl
ENSG00000262160	16881	ENST00000571197	Ensembl
ENSG00000262227			no_CDS
ENSG00000262228	16883	ENST00000570809	Ensembl
ENSG00000262267			no_CDS
ENSG00000262312	16885	ENST00000613210	Ensembl
ENSG00000262370	16887	ENST00000574387	Ensembl
ENSG00000262410	16889	ENST00000572594	Ensembl
ENSG00000262528	16890	ENST00000573609	Ensembl
ENSG00000262580	16891	ENST00000570309	Ensembl
ENSG00000262681	16892	ENST00000577087	Ensembl
ENSG00000262712	16893	ENST00000574705	Ensembl
ENSG00000262732			no_CDS
ENSG00000262877	16895	ENST00000571724	Ensembl
ENSG00000262879			no_CDS
ENSG00000262899	16903	ENST00000574245	Ensembl
ENSG00000263089	16904	ENST00000576014	Ensembl
ENSG00000263120	16905	ENST00000572877	Ensembl
ENSG00000263235	16906	ENST00000570409	Ensembl
ENSG00000263244	16907	ENST00000574616	Ensembl
ENSG00000263276	16908	ENST00000571975	Ensembl
ENSG00000263278	16909	ENST00000611949	longest_CDS
ENSG00000263280			no_CDS
ENSG00000263424	16911	ENST00000583493	Ensembl
ENSG00000263551			no_CDS
ENSG00000263571	16914	ENST00000583224	Ensembl
ENSG00000263727	16915	transcript1008.chr18.nnic	longest_CDS
ENSG00000263731	16916	ENST00000582866	Ensembl
ENSG00000263823	16918	ENST00000580420	Ensembl
ENSG00000263826	16919	ENST00000577781	Ensembl
ENSG00000263938	16920	ENST00000582080	Ensembl
ENSG00000264112	16922	ENST00000585065	Ensembl
ENSG00000264207	16924	ENST00000577853	Ensembl
ENSG00000264456	16925	ENST00000580979	Ensembl
ENSG00000264558	16926	ENST00000578482	Ensembl
ENSG00000264596	16927	ENST00000584036	Ensembl
ENSG00000264666			no_CDS
ENSG00000264705	16929	ENST00000579651	Ensembl
ENSG00000264727	16930	ENST00000577346	Ensembl
ENSG00000264853	16931	ENST00000578539	Ensembl
ENSG00000264895	16932	ENST00000581917	Ensembl
ENSG00000265043	16933	ENST00000577309	Ensembl
ENSG00000265100	16934	ENST00000577698	Ensembl
ENSG00000265179	16936	ENST00000581719	Ensembl
ENSG00000265194	16937	ENST00000581788	Ensembl
ENSG00000265287	16938	ENST00000579019	Ensembl
ENSG00000265413	16939	ENST00000578897	Ensembl
ENSG00000265494	16940	ENST00000580134	Ensembl
ENSG00000265579	16941	ENST00000584727	Ensembl
ENSG00000265775	16942	ENST00000581727	Ensembl
ENSG00000265907			no_CDS
ENSG00000266171	16944	ENST00000583314	Ensembl
ENSG00000266369	16945	ENST00000578888	Ensembl
ENSG00000266378	16946	ENST00000584683	Ensembl
ENSG00000266490	16947	ENST00000580085	Ensembl
ENSG00000266498	16948	ENST00000584952	Ensembl
ENSG00000266505	16949	ENST00000585222	Ensembl
ENSG00000266538	16950	ENST00000584643	Ensembl
ENSG00000266573			no_CDS
ENSG00000266677	16952	ENST00000583062	longest_CDS
ENSG00000266680	16953	ENST00000584934	Ensembl
ENSG00000266709	16954	ENST00000583262	Ensembl
ENSG00000266718	16955	ENST00000650181	Ensembl
ENSG00000266805	16957	ENST00000580891	Ensembl
ENSG00000266896	16958	ENST00000586101	Ensembl
ENSG00000266900	16959	ENST00000588561	Ensembl
ENSG00000266947	16960	ENST00000590478	Ensembl
ENSG00000266965	16962	ENST00000593078	Ensembl
ENSG00000266998	16963	ENST00000588701	Ensembl
ENSG00000267002	16965	ENST00000590740	longest_CDS
ENSG00000267006	16968	ENST00000588402	Ensembl
ENSG00000267042	16969	ENST00000593139	Ensembl
ENSG00000267053			no_CDS
ENSG00000267058	16971	ENST00000587128	Ensembl
ENSG00000267098	16972	ENST00000655645	Ensembl
ENSG00000267122	16973	ENST00000585593	Ensembl
ENSG00000267160	16974	ENST00000591628	Ensembl
ENSG00000267199	16975	ENST00000589795	Ensembl
ENSG00000267222	16976	ENST00000591343	Ensembl
ENSG00000267244			no_CDS
ENSG00000267248	16978	ENST00000659112	Ensembl
ENSG00000267260	16983	ENST00000665759	Ensembl
ENSG00000267283			no_CDS
ENSG00000267287			no_CDS
ENSG00000267317	16986	ENST00000591252	Ensembl
ENSG00000267327			no_CDS
ENSG00000267383	16988	transcript44115.chr19.nnic	longest_CDS
ENSG00000267397	16991	ENST00000590983	Ensembl
ENSG00000267412	16992	ENST00000590491	Ensembl
ENSG00000267466	16993	ENST00000585798	Ensembl
ENSG00000267506	16994	ENST00000590398	Ensembl
ENSG00000267520	16996	ENST00000589496	Ensembl
ENSG00000267529	16997	ENST00000624889	longest_CDS
ENSG00000267601	16998	ENST00000587434	Ensembl
ENSG00000267605			no_CDS
ENSG00000267632	17001	ENST00000591237	Ensembl
ENSG00000267646	17002	ENST00000589227	Ensembl
ENSG00000267649	17003	ENST00000585911	Ensembl
ENSG00000267650	17004	ENST00000592332	Ensembl
ENSG00000267651	17005	ENST00000589715	Ensembl
ENSG00000267672	17006	ENST00000588369	Ensembl
ENSG00000267724	17007	ENST00000591183	Ensembl
ENSG00000267731	17008	ENST00000591222	Ensembl
ENSG00000267749	17009	ENST00000587894	Ensembl
ENSG00000267784	17010	ENST00000590024	Ensembl
ENSG00000267801	17011	ENST00000586076	Ensembl
ENSG00000267834	17012	ENST00000594418	Ensembl
ENSG00000267838	17013	ENST00000599382	Ensembl
ENSG00000267868	17014	ENST00000602192	Ensembl
ENSG00000267882	17015	ENST00000599904	Ensembl
ENSG00000267892	17016	ENST00000602255	Ensembl
ENSG00000267934	17017	ENST00000600671	Ensembl
ENSG00000267940	17018	ENST00000600308	Ensembl
ENSG00000268069	17019	ENST00000599515	Ensembl
ENSG00000268081			no_CDS
ENSG00000268119			no_CDS
ENSG00000268120	17023	ENST00000597156	Ensembl
ENSG00000268170	17024	ENST00000595842	Ensembl
ENSG00000268205	17025	ENST00000593427	Ensembl
ENSG00000268362			no_CDS
ENSG00000268401	17027	ENST00000595955	Ensembl
ENSG00000268403	17028	ENST00000596206	Ensembl
ENSG00000268460			no_CDS
ENSG00000268472	17032	ENST00000595053	Ensembl
ENSG00000268496	17033	ENST00000596631	Ensembl
ENSG00000268518	17034	ENST00000595005	Ensembl
ENSG00000268536	17035	ENST00000598782	Ensembl
ENSG00000268573	17036	ENST00000586922	Ensembl
ENSG00000268584	17037	ENST00000595595	Ensembl
ENSG00000268628	17038	ENST00000598007	Ensembl
ENSG00000268635	17039	ENST00000598970	Ensembl
ENSG00000268686	17040	ENST00000660123	Ensembl
ENSG00000268713	17041	ENST00000600047	Ensembl
ENSG00000268798	17042	ENST00000594262	Ensembl
ENSG00000268858	17043	ENST00000601296	Ensembl
ENSG00000268912	17044	ENST00000594816	Ensembl
ENSG00000268926			no_CDS
ENSG00000269044	17046	ENST00000598112	Ensembl
ENSG00000269155	17047	ENST00000597278	Ensembl
ENSG00000269176	17048	ENST00000601484	Ensembl
ENSG00000269189	17049	ENST00000595998	Ensembl
ENSG00000269210	17050	ENST00000601251	Ensembl
ENSG00000269318	17051	ENST00000593524	Ensembl
ENSG00000269399	17052	ENST00000595909	Ensembl
ENSG00000269506	17053	ENST00000595906	Ensembl
ENSG00000269514	17054	ENST00000647575	Ensembl
ENSG00000269559	17058	ENST00000600169	Ensembl
ENSG00000269570	17059	ENST00000601906	Ensembl
ENSG00000269578	17060	ENST00000593779	Ensembl
ENSG00000269707			no_CDS
ENSG00000269815	17063	ENST00000594077	Ensembl
ENSG00000269825	17064	ENST00000598322	MANE
ENSG00000269883	17065	ENST00000600936	Ensembl
ENSG00000269887	17066	ENST00000602747	Ensembl
ENSG00000269918	17067	ENST00000602575	Ensembl
ENSG00000269927	17068	ENST00000602957	Ensembl
ENSG00000269930	17069	ENST00000602594	Ensembl
ENSG00000269934	17071	ENST00000602529	longest_CDS
ENSG00000269935	17072	ENST00000602388	Ensembl
ENSG00000269937	17073	ENST00000569852	Ensembl
ENSG00000269938	17074	ENST00000602601	Ensembl
ENSG00000269940	17075	ENST00000602669	Ensembl
ENSG00000269945	17076	ENST00000602396	Ensembl
ENSG00000269951	17077	ENST00000602975	Ensembl
ENSG00000269958	17078	ENST00000602422	Ensembl
ENSG00000269973	17079	ENST00000602458	Ensembl
ENSG00000269982	17080	ENST00000602436	Ensembl
ENSG00000269984	17081	ENST00000602342	Ensembl
ENSG00000269997	17082	ENST00000602988	Ensembl
ENSG00000270012	17083	ENST00000602455	Ensembl
ENSG00000270016	17084	ENST00000602595	Ensembl
ENSG00000270019	17085	ENST00000602760	Ensembl
ENSG00000270020	17086	ENST00000602739	Ensembl
ENSG00000270021	17087	ENST00000602502	Ensembl
ENSG00000270039	17088	ENST00000602802	Ensembl
ENSG00000270050			no_CDS
ENSG00000270055	17090	ENST00000602663	Ensembl
ENSG00000270059	17091	ENST00000602316	Ensembl
ENSG00000270071			no_CDS
ENSG00000270074	17093	ENST00000602981	Ensembl
ENSG00000270077	17094	ENST00000602771	Ensembl
ENSG00000270083	17095	ENST00000602718	Ensembl
ENSG00000270096	17096	ENST00000602835	Ensembl
ENSG00000270100	17097	ENST00000602445	Ensembl
ENSG00000270117	17098	ENST00000602344	Ensembl
ENSG00000270127	17099	ENST00000602585	Ensembl
ENSG00000270130	17100	ENST00000602347	Ensembl
ENSG00000270137	17101	ENST00000602328	Ensembl
ENSG00000270147	17102	ENST00000602749	Ensembl
ENSG00000270154	17103	ENST00000602979	Ensembl
ENSG00000270157	17104	ENST00000602609	Ensembl
ENSG00000270171	17105	ENST00000602640	Ensembl
ENSG00000270175	17106	ENST00000602306	Ensembl
ENSG00000270179	17107	ENST00000602900	Ensembl
ENSG00000270190	17108	ENST00000603052	Ensembl
ENSG00000270277	17109	ENST00000603415	Ensembl
ENSG00000270504	17110	ENST00000603791	Ensembl
ENSG00000270540	17111	ENST00000605740	Ensembl
ENSG00000270557	17112	ENST00000604340	Ensembl
ENSG00000270571			no_CDS
ENSG00000270574	17114	ENST00000603521	Ensembl
ENSG00000270589	17115	ENST00000603915	Ensembl
ENSG00000270605	17116	ENST00000604716	Ensembl
ENSG00000270638	17117	ENST00000603994	Ensembl
ENSG00000270659	17118	ENST00000604818	Ensembl
ENSG00000270661	17119	ENST00000603682	Ensembl
ENSG00000270681	17120	ENST00000603472	Ensembl
ENSG00000270696	17121	ENST00000604845	Ensembl
ENSG00000270823	17122	ENST00000604666	Ensembl
ENSG00000270866	17123	ENST00000603284	Ensembl
ENSG00000270953	17124	ENST00000604965	Ensembl
ENSG00000271009	17125	ENST00000604855	Ensembl
ENSG00000271011	17126	ENST00000604215	Ensembl
ENSG00000271141	17127	ENST00000605334	Ensembl
ENSG00000271155	17128	ENST00000604104	Ensembl
ENSG00000271204	17129	ENST00000605249	Ensembl
ENSG00000271234	17130	ENST00000603529	Ensembl
ENSG00000271254	17131	ENST00000612640	Ensembl
ENSG00000271259	17133	ENST00000605051	Ensembl
ENSG00000271265	17134	ENST00000604082	Ensembl
ENSG00000271320	17135	ENST00000604239	Ensembl
ENSG00000271327	17136	ENST00000605595	Ensembl
ENSG00000271344	17137	ENST00000605007	Ensembl
ENSG00000271380	17138	ENST00000605085	Ensembl
ENSG00000271382	17139	ENST00000604017	Ensembl
ENSG00000271427	17140	ENST00000604156	Ensembl
ENSG00000271533	17141	ENST00000604070	Ensembl
ENSG00000271553	17143	ENST00000605836	Ensembl
ENSG00000271590	17144	ENST00000603748	Ensembl
ENSG00000271653	17145	ENST00000603982	Ensembl
ENSG00000271737	17146	ENST00000606089	Ensembl
ENSG00000271743	17147	ENST00000607368	Ensembl
ENSG00000271746	17148	ENST00000607670	Ensembl
ENSG00000271755	17149	ENST00000607727	Ensembl
ENSG00000271761	17150	ENST00000607490	Ensembl
ENSG00000271771	17151	ENST00000607051	Ensembl
ENSG00000271776	17152	ENST00000607269	Ensembl
ENSG00000271778	17153	ENST00000606839	Ensembl
ENSG00000271780	17154	ENST00000607414	Ensembl
ENSG00000271781	17155	ENST00000607068	Ensembl
ENSG00000271787	17156	ENST00000607181	Ensembl
ENSG00000271789	17157	ENST00000607386	Ensembl
ENSG00000271795	17158	ENST00000606930	Ensembl
ENSG00000271806	17159	ENST00000606533	Ensembl
ENSG00000271811	17160	ENST00000606154	Ensembl
ENSG00000271828	17161	ENST00000606813	Ensembl
ENSG00000271833	17162	ENST00000607259	Ensembl
ENSG00000271851	17163	ENST00000607496	Ensembl
ENSG00000271857	17164	ENST00000606796	Ensembl
ENSG00000271860			no_CDS
ENSG00000271862	17168	ENST00000607625	Ensembl
ENSG00000271871	17169	ENST00000607378	Ensembl
ENSG00000271917	17170	ENST00000607752	Ensembl
ENSG00000271918	17171	ENST00000606662	Ensembl
ENSG00000271933	17172	ENST00000606511	Ensembl
ENSG00000271967	17173	ENST00000606298	Ensembl
ENSG00000271971	17174	ENST00000607706	Ensembl
ENSG00000271976	17175	ENST00000607783	Ensembl
ENSG00000271980	17176	ENST00000606194	Ensembl
ENSG00000272008	17177	ENST00000606274	Ensembl
ENSG00000272010	17178	ENST00000606963	Ensembl
ENSG00000272033	17179	ENST00000607611	Ensembl
ENSG00000272037	17180	ENST00000606361	Ensembl
ENSG00000272046	17181	ENST00000606221	Ensembl
ENSG00000272054	17182	ENST00000606229	Ensembl
ENSG00000272056	17183	ENST00000607407	Ensembl
ENSG00000272070	17186	ENST00000606674	Ensembl
ENSG00000272071	17187	ENST00000606566	Ensembl
ENSG00000272072	17188	ENST00000607036	Ensembl
ENSG00000272077	17189	ENST00000606008	Ensembl
ENSG00000272079	17190	ENST00000607794	Ensembl
ENSG00000272084	17191	ENST00000606379	Ensembl
ENSG00000272087	17192	ENST00000607624	Ensembl
ENSG00000272092	17193	ENST00000607047	Ensembl
ENSG00000272106	17194	ENST00000607222	Ensembl
ENSG00000272108	17195	ENST00000606030	Ensembl
ENSG00000272121	17196	ENST00000606217	Ensembl
ENSG00000272129	17197	ENST00000606629	Ensembl
ENSG00000272144	17198	ENST00000607250	Ensembl
ENSG00000272155	17199	ENST00000606067	Ensembl
ENSG00000272157	17200	ENST00000607735	Ensembl
ENSG00000272159	17201	ENST00000606593	Ensembl
ENSG00000272163	17202	ENST00000607058	Ensembl
ENSG00000272167	17203	ENST00000607258	Ensembl
ENSG00000272173	17204	ENST00000607421	Ensembl
ENSG00000272182	17205	ENST00000607214	Ensembl
ENSG00000272195	17206	ENST00000607453	Ensembl
ENSG00000272219	17207	ENST00000606640	Ensembl
ENSG00000272221	17208	ENST00000606743	Ensembl
ENSG00000272223	17209	ENST00000607790	Ensembl
ENSG00000272235	17210	ENST00000607061	Ensembl
ENSG00000272240	17211	ENST00000606572	Ensembl
ENSG00000272254	17212	ENST00000607665	Ensembl
ENSG00000272277	17213	ENST00000606441	Ensembl
ENSG00000272316	17214	ENST00000606125	Ensembl
ENSG00000272320	17215	ENST00000607565	Ensembl
ENSG00000272321	17216	ENST00000605923	Ensembl
ENSG00000272335	17217	ENST00000607056	Ensembl
ENSG00000272341	17218	ENST00000606924	Ensembl
ENSG00000272345	17219	ENST00000607014	Ensembl
ENSG00000272356	17220	ENST00000607434	Ensembl
ENSG00000272361	17221	ENST00000607795	Ensembl
ENSG00000272368	17222	ENST00000548468	Ensembl
ENSG00000272372	17223	ENST00000606772	Ensembl
ENSG00000272379	17224	ENST00000606393	Ensembl
ENSG00000272384	17225	ENST00000607710	Ensembl
ENSG00000272405	17226	ENST00000605886	Ensembl
ENSG00000272420	17227	ENST00000607858	Ensembl
ENSG00000272425	17228	ENST00000606235	Ensembl
ENSG00000272434	17229	ENST00000607245	Ensembl
ENSG00000272447	17230	ENST00000605920	Ensembl
ENSG00000272463	17231	ENST00000606285	Ensembl
ENSG00000272476	17232	ENST00000606070	Ensembl
ENSG00000272477	17233	ENST00000607148	Ensembl
ENSG00000272479	17234	ENST00000606398	Ensembl
ENSG00000272482	17235	ENST00000606790	Ensembl
ENSG00000272485	17236	ENST00000606622	Ensembl
ENSG00000272489	17237	ENST00000606384	Ensembl
ENSG00000272491	17238	ENST00000606809	Ensembl
ENSG00000272498	17239	ENST00000607363	Ensembl
ENSG00000272501	17240	ENST00000606367	Ensembl
ENSG00000272505	17241	ENST00000606115	Ensembl
ENSG00000272515	17242	ENST00000607405	Ensembl
ENSG00000272518	17243	ENST00000606512	Ensembl
ENSG00000272541	17244	ENST00000607119	Ensembl
ENSG00000272542	17245	ENST00000607072	Ensembl
ENSG00000272555	17246	ENST00000608881	Ensembl
ENSG00000272563	17247	ENST00000608834	Ensembl
ENSG00000272572	17248	ENST00000608554	Ensembl
ENSG00000272576	17249	ENST00000610270	Ensembl
ENSG00000272583	17250	ENST00000609485	Ensembl
ENSG00000272597	17251	ENST00000609969	Ensembl
ENSG00000272599	17252	ENST00000608444	Ensembl
ENSG00000272622	17253	ENST00000668519	Ensembl
ENSG00000272625	17254	ENST00000608032	Ensembl
ENSG00000272630	17255	ENST00000608005	Ensembl
ENSG00000272631	17256	ENST00000608826	Ensembl
ENSG00000272661	17257	ENST00000607902	Ensembl
ENSG00000272668	17260	ENST00000608430	Ensembl
ENSG00000272678	17261	ENST00000608436	Ensembl
ENSG00000272688	17262	ENST00000609924	Ensembl
ENSG00000272692	17263	ENST00000609200	Ensembl
ENSG00000272696	17264	ENST00000609315	Ensembl
ENSG00000272699	17265	ENST00000608131	Ensembl
ENSG00000272702			no_CDS
ENSG00000272720	17267	ENST00000609162	Ensembl
ENSG00000272735	17268	ENST00000608897	Ensembl
ENSG00000272750	17269	ENST00000608771	Ensembl
ENSG00000272754	17270	ENST00000608925	Ensembl
ENSG00000272755	17271	ENST00000610119	Ensembl
ENSG00000272760	17272	ENST00000608064	Ensembl
ENSG00000272768	17273	ENST00000608450	Ensembl
ENSG00000272769	17274	ENST00000608279	Ensembl
ENSG00000272777	17275	ENST00000609071	Ensembl
ENSG00000272807	17276	ENST00000608095	Ensembl
ENSG00000272812	17277	ENST00000609090	Ensembl
ENSG00000272821	17278	ENST00000608319	Ensembl
ENSG00000272829	17279	ENST00000610278	Ensembl
ENSG00000272831	17280	ENST00000607978	Ensembl
ENSG00000272839	17282	ENST00000608596	Ensembl
ENSG00000272843	17283	ENST00000608799	Ensembl
ENSG00000272848	17284	ENST00000607876	Ensembl
ENSG00000272871	17285	ENST00000610061	Ensembl
ENSG00000272872	17286	ENST00000608286	Ensembl
ENSG00000272892	17287	ENST00000610279	Ensembl
ENSG00000272906	17288	ENST00000610272	Ensembl
ENSG00000272909	17289	ENST00000609125	Ensembl
ENSG00000272914	17290	ENST00000608729	Ensembl
ENSG00000272915	17291	ENST00000608625	Ensembl
ENSG00000272918	17292	ENST00000607968	Ensembl
ENSG00000272927	17293	ENST00000609172	Ensembl
ENSG00000272936	17294	ENST00000610267	Ensembl
ENSG00000272941	17295	ENST00000608819	Ensembl
ENSG00000272944	17296	ENST00000609776	Ensembl
ENSG00000272953	17297	ENST00000609130	Ensembl
ENSG00000272970	17298	ENST00000693086	Ensembl
ENSG00000272973	17300	ENST00000609825	Ensembl
ENSG00000272977	17301	ENST00000609475	Ensembl
ENSG00000272983	17302	ENST00000608335	Ensembl
ENSG00000272995	17303	ENST00000610199	Ensembl
ENSG00000273010	17304	ENST00000609118	Ensembl
ENSG00000273011	17305	ENST00000609463	Ensembl
ENSG00000273014	17306	ENST00000609151	Ensembl
ENSG00000273055	17307	ENST00000608515	Ensembl
ENSG00000273064	17308	ENST00000608069	Ensembl
ENSG00000273076	17309	ENST00000607991	Ensembl
ENSG00000273080	17310	ENST00000610262	Ensembl
ENSG00000273108	17311	ENST00000609691	Ensembl
ENSG00000273139	17312	ENST00000609632	Ensembl
ENSG00000273151	17313	ENST00000609998	Ensembl
ENSG00000273175	17314	ENST00000610145	Ensembl
ENSG00000273181	17315	ENST00000609288	Ensembl
ENSG00000273188	17316	ENST00000607943	Ensembl
ENSG00000273192	17317	ENST00000610245	Ensembl
ENSG00000273198	17318	ENST00000609032	Ensembl
ENSG00000273203	17319	ENST00000608373	Ensembl
ENSG00000273214	17320	ENST00000609265	Ensembl
ENSG00000273230	17321	ENST00000609755	Ensembl
ENSG00000273245	17322	ENST00000608509	Ensembl
ENSG00000273248	17323	ENST00000609182	Ensembl
ENSG00000273262	17324	ENST00000608017	Ensembl
ENSG00000273267	17325	ENST00000608962	Ensembl
ENSG00000273271	17326	ENST00000609934	Ensembl
ENSG00000273284	17327	ENST00000609701	Ensembl
ENSG00000273287	17328	ENST00000609206	Ensembl
ENSG00000273295	17329	ENST00000609510	Ensembl
ENSG00000273302	17330	ENST00000609422	Ensembl
ENSG00000273305	17331	ENST00000610252	Ensembl
ENSG00000273312	17333	ENST00000635993	Ensembl
ENSG00000273314	17334	ENST00000610085	Ensembl
ENSG00000273319	17335	ENST00000608412	Ensembl
ENSG00000273320	17336	ENST00000609281	Ensembl
ENSG00000273321	17338	ENST00000608010	Ensembl
ENSG00000273325	17339	ENST00000608926	Ensembl
ENSG00000273329	17340	ENST00000608694	Ensembl
ENSG00000273343	17342	ENST00000608275	Ensembl
ENSG00000273350	17343	ENST00000608677	Ensembl
ENSG00000273355	17344	ENST00000610185	Ensembl
ENSG00000273367	17345	ENST00000610233	Ensembl
ENSG00000273374	17346	ENST00000608028	Ensembl
ENSG00000273381	17347	ENST00000608358	Ensembl
ENSG00000273419	17348	ENST00000608963	Ensembl
ENSG00000273420	17349	ENST00000609744	Ensembl
ENSG00000273448	17350	ENST00000609770	Ensembl
ENSG00000273451	17351	ENST00000609320	Ensembl
ENSG00000273455	17352	ENST00000608883	Ensembl
ENSG00000273456	17353	ENST00000607928	Ensembl
ENSG00000273472	17354	ENST00000609937	Ensembl
ENSG00000273483	17355	ENST00000608357	Ensembl
ENSG00000273486	17356	ENST00000609553	Ensembl
ENSG00000273489	17357	ENST00000610193	Ensembl
ENSG00000273507			no_CDS
ENSG00000273521	17364	ENST00000617191	Ensembl
ENSG00000273599	17365	ENST00000617058	Ensembl
ENSG00000273618	17366	ENST00000622438	Ensembl
ENSG00000273619	17367	ENST00000610979	Ensembl
ENSG00000273650	17369	ENST00000613683	Ensembl
ENSG00000273674	17374	transcript66264.chr15.nic	longest_CDS
ENSG00000273691	17375	ENST00000614119	Ensembl
ENSG00000273702	17376	ENST00000611877	Ensembl
ENSG00000273729	17377	ENST00000619017	Ensembl
ENSG00000273733	17378	ENST00000615848	Ensembl
ENSG00000273792	17379	ENST00000616822	Ensembl
ENSG00000273828	17380	ENST00000651935	Ensembl
ENSG00000273855	17381	ENST00000622487	Ensembl
ENSG00000273891	17382	ENST00000620490	Ensembl
ENSG00000273893	17383	ENST00000610430	Ensembl
ENSG00000273901	17384	ENST00000619318	Ensembl
ENSG00000273906	17385	ENST00000620503	Ensembl
ENSG00000274001	17386	ENST00000613918	Ensembl
ENSG00000274015			no_CDS
ENSG00000274021	17388	ENST00000611513	Ensembl
ENSG00000274080	17389	ENST00000619486	Ensembl
ENSG00000274104	17390	ENST00000612269	Ensembl
ENSG00000274105	17391	ENST00000620472	Ensembl
ENSG00000274184	17392	ENST00000618230	Ensembl
ENSG00000274220	17393	ENST00000621929	Ensembl
ENSG00000274227	17394	ENST00000614212	Ensembl
ENSG00000274253	17396	ENST00000619611	Ensembl
ENSG00000274265	17398	ENST00000668239	longest_CDS
ENSG00000274270	17401	ENST00000618151	Ensembl
ENSG00000274292	17402	ENST00000613093	Ensembl
ENSG00000274331	17403	ENST00000618896	Ensembl
ENSG00000274333			no_CDS
ENSG00000274340	17405	ENST00000611703	Ensembl
ENSG00000274363	17406	ENST00000616113	Ensembl
ENSG00000274383	17407	ENST00000619654	Ensembl
ENSG00000274421	17408	ENST00000622201	Ensembl
ENSG00000274422	17409	ENST00000610778	Ensembl
ENSG00000274425	17410	ENST00000612689	Ensembl
ENSG00000274444	17411	ENST00000620584	Ensembl
ENSG00000274460	17412	ENST00000616774	Ensembl
ENSG00000274492	17413	ENST00000613917	Ensembl
ENSG00000274554	17414	ENST00000617795	Ensembl
ENSG00000274598	17415	ENST00000612818	Ensembl
ENSG00000274667	17416	ENST00000614966	Ensembl
ENSG00000274682	17417	ENST00000615828	Ensembl
ENSG00000274698	17418	ENST00000619354	Ensembl
ENSG00000274718	17419	ENST00000622038	Ensembl
ENSG00000274751	17420	ENST00000339021	Ensembl
ENSG00000274776	17421	ENST00000621730	Ensembl
ENSG00000274828	17422	ENST00000616428	Ensembl
ENSG00000274893	17423	ENST00000619851	Ensembl
ENSG00000274895	17424	ENST00000610409	Ensembl
ENSG00000274922	17425	ENST00000612143	Ensembl
ENSG00000274929	17426	ENST00000612996	Ensembl
ENSG00000274964	17427	ENST00000622688	Ensembl
ENSG00000274979	17428	ENST00000613291	Ensembl
ENSG00000275005	17429	ENST00000614150	Ensembl
ENSG00000275055	17430	ENST00000614138	Ensembl
ENSG00000275056	17431	ENST00000614098	Ensembl
ENSG00000275088	17432	ENST00000621095	Ensembl
ENSG00000275139	17433	ENST00000617854	Ensembl
ENSG00000275180	17434	ENST00000619323	Ensembl
ENSG00000275297			no_CDS
ENSG00000275329	17436	ENST00000617896	Ensembl
ENSG00000275358	17437	ENST00000613001	Ensembl
ENSG00000275367	17438	ENST00000618256	Ensembl
ENSG00000275371	17439	ENST00000610691	Ensembl
ENSG00000275383	17440	ENST00000612545	Ensembl
ENSG00000275389	17441	ENST00000621669	Ensembl
ENSG00000275393	17442	ENST00000614011	Ensembl
ENSG00000275409	17443	ENST00000610630	Ensembl
ENSG00000275413	17444	ENST00000616896	Ensembl
ENSG00000275427	17445	ENST00000617093	Ensembl
ENSG00000275437	17446	ENST00000616512	Ensembl
ENSG00000275438	17447	ENST00000619963	Ensembl
ENSG00000275441	17448	ENST00000613454	Ensembl
ENSG00000275454	17449	ENST00000621523	Ensembl
ENSG00000275457	17450	ENST00000622628	Ensembl
ENSG00000275465	17451	ENST00000661937	longest_CDS
ENSG00000275481	17452	ENST00000621248	Ensembl
ENSG00000275494	17453	ENST00000613406	Ensembl
ENSG00000275512	17454	ENST00000612496	Ensembl
ENSG00000275580	17455	ENST00000617563	Ensembl
ENSG00000275601	17456	ENST00000621680	Ensembl
ENSG00000275632	17457	ENST00000619201	Ensembl
ENSG00000275672	17458	ENST00000617932	Ensembl
ENSG00000275720	17459	ENST00000618067	Ensembl
ENSG00000275734	17460	ENST00000615131	Ensembl
ENSG00000275764	17461	ENST00000620519	Ensembl
ENSG00000275765	17462	ENST00000623943	Ensembl
ENSG00000275807	17463	ENST00000614819	Ensembl
ENSG00000275846			no_CDS
ENSG00000275850	17465	ENST00000619492	Ensembl
ENSG00000275854	17466	ENST00000620106	Ensembl
ENSG00000275897	17467	ENST00000620769	Ensembl
ENSG00000275898	17468	ENST00000621942	Ensembl
ENSG00000275964	17469	ENST00000620617	Ensembl
ENSG00000276007	17470	ENST00000612986	Ensembl
ENSG00000276071	17471	ENST00000611182	Ensembl
ENSG00000276075			no_CDS
ENSG00000276092	17473	ENST00000613819	Ensembl
ENSG00000276101	17474	ENST00000611259	Ensembl
ENSG00000276115	17475	ENST00000614539	Ensembl
ENSG00000276166	17476	ENST00000613495	Ensembl
ENSG00000276248	17477	ENST00000619092	Ensembl
ENSG00000276256	17478	ENST00000612465	Ensembl
ENSG00000276259	17479	ENST00000622896	Ensembl
ENSG00000276269	17480	ENST00000617383	Ensembl
ENSG00000276278	17481	ENST00000621980	Ensembl
ENSG00000276334	17482	ENST00000610331	Ensembl
ENSG00000276337	17483	ENST00000612833	Ensembl
ENSG00000276345	17484	ENST00000612848	Ensembl
ENSG00000276417	17485	ENST00000611627	Ensembl
ENSG00000276449	17486	ENST00000620532	Ensembl
ENSG00000276517	17487	ENST00000617415	Ensembl
ENSG00000276542	17488	ENST00000620420	Ensembl
ENSG00000276564	17489	ENST00000618736	Ensembl
ENSG00000276649			no_CDS
ENSG00000276651	17491	ENST00000615045	Ensembl
ENSG00000276663	17492	ENST00000616553	Ensembl
ENSG00000276672	17493	ENST00000621575	Ensembl
ENSG00000276698	17494	ENST00000610486	Ensembl
ENSG00000276728	17495	ENST00000612013	Ensembl
ENSG00000276740	17496	ENST00000615941	Ensembl
ENSG00000276744	17497	ENST00000617588	Ensembl
ENSG00000276791	17498	ENST00000621230	Ensembl
ENSG00000276809	17499	ENST00000622881	Ensembl
ENSG00000276842	17500	ENST00000622162	Ensembl
ENSG00000276853	17501	ENST00000621847	Ensembl
ENSG00000276900	17502	ENST00000619086	Ensembl
ENSG00000276952	17503	ENST00000610840	Ensembl
ENSG00000276980	17504	ENST00000614781	Ensembl
ENSG00000277007	17505	ENST00000612055	Ensembl
ENSG00000277011	17506	ENST00000613430	Ensembl
ENSG00000277087	17507	ENST00000618494	Ensembl
ENSG00000277128	17508	ENST00000646225	longest_CDS
ENSG00000277130	17509	ENST00000619055	Ensembl
ENSG00000277151	17510	ENST00000617901	Ensembl
ENSG00000277152	17511	ENST00000617013	Ensembl
ENSG00000277159	17512	ENST00000613809	Ensembl
ENSG00000277182	17513	ENST00000610658	Ensembl
ENSG00000277196	17514	ENST00000621424	Ensembl
ENSG00000277247	17515	ENST00000615051	Ensembl
ENSG00000277270	17517	ENST00000662116	Ensembl
ENSG00000277287	17519	ENST00000621919	Ensembl
ENSG00000277324	17520	ENST00000621167	Ensembl
ENSG00000277342	17521	ENST00000619744	Ensembl
ENSG00000277368	17522	ENST00000621997	Ensembl
ENSG00000277369	17523	ENST00000615722	Ensembl
ENSG00000277383	17524	ENST00000611423	Ensembl
ENSG00000277386	17525	ENST00000612824	Ensembl
ENSG00000277400	17526	ENST00000613230	Ensembl
ENSG00000277450	17527	ENST00000613598	Ensembl
ENSG00000277463	17528	ENST00000617734	Ensembl
ENSG00000277476	17529	ENST00000622750	Ensembl
ENSG00000277511	17530	ENST00000613639	Ensembl
ENSG00000277534	17531	ENST00000620414	Ensembl
ENSG00000277687	17532	ENST00000613826	Ensembl
ENSG00000277692	17533	ENST00000612444	Ensembl
ENSG00000277701	17534	ENST00000656264	Ensembl
ENSG00000277715	17538	ENST00000611145	Ensembl
ENSG00000277728	17539	ENST00000613523	Ensembl
ENSG00000277767	17540	ENST00000620246	Ensembl
ENSG00000277831	17541	ENST00000613838	Ensembl
ENSG00000277837	17542	ENST00000620778	Ensembl
ENSG00000277840	17543	ENST00000614934	Ensembl
ENSG00000277879	17544	ENST00000614747	Ensembl
ENSG00000277895	17545	ENST00000610945	Ensembl
ENSG00000277938	17546	ENST00000613361	Ensembl
ENSG00000277954	17547	ENST00000622621	Ensembl
ENSG00000277959	17548	ENST00000614406	Ensembl
ENSG00000277969	17549	ENST00000612330	Ensembl
ENSG00000277991	17550	ENST00000623374	Ensembl
ENSG00000278000	17551	ENST00000616901	Ensembl
ENSG00000278002	17552	ENST00000618845	Ensembl
ENSG00000278017	17553	ENST00000612025	Ensembl
ENSG00000278022	17554	ENST00000618697	Ensembl
ENSG00000278041	17555	ENST00000622757	Ensembl
ENSG00000278126	17556	ENST00000620274	Ensembl
ENSG00000278177	17557	ENST00000610286	Ensembl
ENSG00000278192	17558	ENST00000619370	Ensembl
ENSG00000278254	17559	ENST00000614289	Ensembl
ENSG00000278266	17560	ENST00000617117	Ensembl
ENSG00000278291	17561	ENST00000610494	Ensembl
ENSG00000278330	17562	ENST00000611482	Ensembl
ENSG00000278376	17563	ENST00000610705	Ensembl
ENSG00000278384	17564	ENST00000612565	Ensembl
ENSG00000278396	17565	ENST00000622847	Ensembl
ENSG00000278434	17566	ENST00000612995	Ensembl
ENSG00000278445	17567	ENST00000613439	Ensembl
ENSG00000278456	17568	ENST00000615211	Ensembl
ENSG00000278464			no_CDS
ENSG00000278467			no_CDS
ENSG00000278518	17571	ENST00000622716	Ensembl
ENSG00000278576	17572	ENST00000617439	Ensembl
ENSG00000278600	17573	ENST00000618835	Ensembl
ENSG00000278601	17574	ENST00000619110	Ensembl
ENSG00000278627	17575	ENST00000611427	Ensembl
ENSG00000278668	17576	ENST00000618199	Ensembl
ENSG00000278727	17577	ENST00000613696	Ensembl
ENSG00000278730	17578	ENST00000620266	Ensembl
ENSG00000278737	17579	ENST00000619781	Ensembl
ENSG00000278740	17580	ENST00000612725	Ensembl
ENSG00000278743	17581	ENST00000622671	Ensembl
ENSG00000278784	17582	ENST00000619226	Ensembl
ENSG00000278817	17583	ENST00000613204	Ensembl
ENSG00000278834	17584	ENST00000619697	Ensembl
ENSG00000278890	17585	ENST00000624219	Ensembl
ENSG00000278899	17586	ENST00000623174	Ensembl
ENSG00000278932			no_CDS
ENSG00000278981	17590	ENST00000625026	Ensembl
ENSG00000279006	17591	ENST00000623239	Ensembl
ENSG00000279080	17592	ENST00000624072	Ensembl
ENSG00000279085	17593	ENST00000623888	Ensembl
ENSG00000279110	17594	ENST00000623980	Ensembl
ENSG00000279145	17595	ENST00000623483	Ensembl
ENSG00000279159	17596	ENST00000624945	Ensembl
ENSG00000279175	17597	ENST00000623440	Ensembl
ENSG00000279277			no_CDS
ENSG00000279278	17600	ENST00000624350	Ensembl
ENSG00000279317	17601	ENST00000639259	Ensembl
ENSG00000279342	17605	ENST00000638898	Ensembl
ENSG00000279345	17606	ENST00000624882	Ensembl
ENSG00000279440	17607	ENST00000623027	Ensembl
ENSG00000279467	17608	ENST00000624923	Ensembl
ENSG00000279529	17609	ENST00000623966	Ensembl
ENSG00000279548	17610	ENST00000624101	Ensembl
ENSG00000279571	17611	ENST00000624141	Ensembl
ENSG00000279652	17612	ENST00000625157	Ensembl
ENSG00000279668	17614	transcript56311.chr17.nnic	longest_CDS
ENSG00000279712	17615	ENST00000623760	Ensembl
ENSG00000279738	17616	ENST00000623726	Ensembl
ENSG00000279833	17617	ENST00000624656	Ensembl
ENSG00000279954	17618	ENST00000623717	Ensembl
ENSG00000280007	17619	ENST00000623543	Ensembl
ENSG00000280011	17620	ENST00000624215	Ensembl
ENSG00000280025	17621	ENST00000623947	Ensembl
ENSG00000280036	17622	ENST00000624853	Ensembl
ENSG00000280118	17623	ENST00000623426	longest_CDS
ENSG00000280169	17624	ENST00000624456	Ensembl
ENSG00000280195	17625	ENST00000624054	Ensembl
ENSG00000280206	17626	ENST00000624682	Ensembl
ENSG00000280241			no_CDS
ENSG00000280336	17628	ENST00000623581	Ensembl
ENSG00000280356	17629	ENST00000624442	Ensembl
ENSG00000280383	17630	ENST00000623075	Ensembl
ENSG00000280395	17631	ENST00000623740	Ensembl
ENSG00000280434	17632	ENST00000624919	Ensembl
ENSG00000280486	17633	ENST00000626781	Ensembl
ENSG00000280614	17634	ENST00000625598	Ensembl
ENSG00000280660	17635	ENST00000630034	Ensembl
ENSG00000280800	17636	ENST00000631211	Ensembl
ENSG00000280850			no_CDS
ENSG00000281091	17638	ENST00000629535	Ensembl
ENSG00000281160	17639	ENST00000631079	Ensembl
ENSG00000281181	17640	ENST00000627981	Ensembl
ENSG00000281383	17641	ENST00000629969	Ensembl
ENSG00000281530	17642	ENST00000629517	Ensembl
ENSG00000281849			no_CDS
ENSG00000282021	17644	ENST00000633189	Ensembl
ENSG00000282022	17645	transcript17610.chr12.nnic	longest_CDS
ENSG00000282057	17647	transcript150100.chr1.nic	longest_CDS
ENSG00000282375	17648	ENST00000631653	Ensembl
ENSG00000282390	17649	ENST00000632982	Ensembl
ENSG00000282393	17650	ENST00000632484	Ensembl
ENSG00000282692	17651	ENST00000634128	Ensembl
ENSG00000282876	17652	ENST00000635579	Ensembl
ENSG00000282885			no_CDS
ENSG00000282936	17654	ENST00000634965	Ensembl
ENSG00000282997	17655	ENST00000634535	Ensembl
ENSG00000283003			no_CDS
ENSG00000283025	17657	ENST00000635215	Ensembl
ENSG00000283033	17658	ENST00000635352	Ensembl
ENSG00000283064			no_CDS
ENSG00000283078	17661	ENST00000635124	Ensembl
ENSG00000283103			no_CDS
ENSG00000283128	17667	ENST00000688916	Ensembl
ENSG00000283183			no_CDS
ENSG00000283213	17671	ENST00000636354	Ensembl
ENSG00000283294	17672	ENST00000577614	Ensembl
ENSG00000283341			no_CDS
ENSG00000283405	17674	ENST00000652795	Ensembl
ENSG00000283462	17677	ENST00000637582	Ensembl
ENSG00000283633	17678	ENST00000592918	Ensembl
ENSG00000283662			no_CDS
ENSG00000283667	17681	ENST00000637973	Ensembl
ENSG00000283674	17684	ENST00000635775	longest_CDS
ENSG00000283828			no_CDS
ENSG00000283839	17686	ENST00000640078	Ensembl
ENSG00000283886	17687	ENST00000622735	Ensembl
ENSG00000283897			no_CDS
ENSG00000284052	17690	ENST00000639773	longest_CDS
ENSG00000284196	17691	ENST00000640346	longest_CDS
ENSG00000284428	17693	ENST00000640355	longest_CDS
ENSG00000284602	17696	ENST00000641729	Ensembl
ENSG00000284618	17697	ENST00000641352	Ensembl
ENSG00000284624	17698	ENST00000641650	Ensembl
ENSG00000284633			no_CDS
ENSG00000284650	17700	ENST00000642067	Ensembl
ENSG00000284685	17701	ENST00000641956	Ensembl
ENSG00000284691	17703	ENST00000642087	MANE
ENSG00000284703	17704	ENST00000642139	Ensembl
ENSG00000284707	17705	ENST00000641315	longest_CDS
ENSG00000284719			no_CDS
ENSG00000284830			no_CDS
ENSG00000284882	17708	ENST00000646567	Ensembl
ENSG00000284959			no_CDS
ENSG00000284966	17711	ENST00000646480	Ensembl
ENSG00000284968	17712	ENST00000508280	Ensembl
ENSG00000284976	17713	ENST00000645271	MANE
ENSG00000284977	17715	transcript194606.chr9.nnic	longest_CDS
ENSG00000285043	17717	ENST00000338110	MANE
ENSG00000285081	17718	ENST00000642619	Ensembl
ENSG00000285095	17719	ENST00000646805	Ensembl
ENSG00000285100	17720	ENST00000643430	Ensembl
ENSG00000285103	17721	ENST00000649931	longest_CDS
ENSG00000285151	17722	ENST00000643472	Ensembl
ENSG00000285184			no_CDS
ENSG00000285204	17724	ENST00000646820	Ensembl
ENSG00000285517	17725	transcript47412.chr12.nic	longest_CDS
ENSG00000285560	17728	ENST00000648196	Ensembl
ENSG00000285561	17729	ENST00000647864	Ensembl
ENSG00000285564	17730	ENST00000648606	Ensembl
ENSG00000285569	17733	ENST00000663962	longest_CDS
ENSG00000285572			no_CDS
ENSG00000285600	17736	ENST00000650122	Ensembl
ENSG00000285612	17737	ENST00000647653	Ensembl
ENSG00000285631	17738	ENST00000647973	Ensembl
ENSG00000285634			no_CDS
ENSG00000285637	17741	ENST00000649120	Ensembl
ENSG00000285646			no_CDS
ENSG00000285664			no_CDS
ENSG00000285669	17745	ENST00000649628	Ensembl
ENSG00000285679			no_CDS
ENSG00000285680	17747	ENST00000667130	Ensembl
ENSG00000285693			no_CDS
ENSG00000285704	17749	ENST00000648642	Ensembl
ENSG00000285728			no_CDS
ENSG00000285739	17751	ENST00000647581	Ensembl
ENSG00000285756	17752	ENST00000662024	longest_CDS
ENSG00000285758			no_CDS
ENSG00000285769			no_CDS
ENSG00000285796	17761	ENST00000647856	Ensembl
ENSG00000285829	17762	ENST00000648357	Ensembl
ENSG00000285841	17763	ENST00000648190	Ensembl
ENSG00000285847	17764	ENST00000657103	longest_CDS
ENSG00000285852	17765	ENST00000647925	Ensembl
ENSG00000285884	17766	ENST00000649715	Ensembl
ENSG00000285886	17767	ENST00000648049	Ensembl
ENSG00000285907	17768	ENST00000648454	longest_CDS
ENSG00000285969	17769	ENST00000649475	Ensembl
ENSG00000285973			no_CDS
ENSG00000285976	17771	ENST00000370651	Ensembl
ENSG00000285979	17773	ENST00000649140	Ensembl
ENSG00000285980	17774	ENST00000648604	longest_CDS
ENSG00000286000	17775	ENST00000651012	Ensembl
ENSG00000286024			no_CDS
ENSG00000286067	17777	ENST00000651205	Ensembl
ENSG00000286071			no_CDS
ENSG00000286072	17779	transcript130859.chrX.nnic	longest_CDS
ENSG00000286084	17784	ENST00000701429	Ensembl
ENSG00000286116	17785	ENST00000651408	Ensembl
ENSG00000286118	17786	ENST00000650740	Ensembl
ENSG00000286125	17794	ENST00000599726	longest_CDS
ENSG00000286153			no_CDS
ENSG00000286159	17796	ENST00000650933	Ensembl
ENSG00000286162	17799	ENST00000661858	Ensembl
ENSG00000286176			no_CDS
ENSG00000286177	17802	ENST00000651374	Ensembl
ENSG00000286190	17803	ENST00000568641	MANE
ENSG00000286207	17804	ENST00000650944	Ensembl
ENSG00000286241	17805	ENST00000652566	Ensembl
ENSG00000286245	17806	ENST00000652152	Ensembl
ENSG00000286263	17807	ENST00000651370	Ensembl
ENSG00000286264	17808	ENST00000652762	MANE
ENSG00000286269	17809	ENST00000650758	Ensembl
ENSG00000286279	17811	ENST00000661804	Ensembl
ENSG00000286282	17812	ENST00000670132	Ensembl
ENSG00000286286			no_CDS
ENSG00000286288	17815	transcript1119.chr20.nnic	longest_CDS
ENSG00000286293	17816	ENST00000667754	Ensembl
ENSG00000286307	17817	ENST00000656551	Ensembl
ENSG00000286310	17818	ENST00000666061	Ensembl
ENSG00000286313	17819	ENST00000655005	Ensembl
ENSG00000286318	17820	ENST00000668733	Ensembl
ENSG00000286327	17821	ENST00000663390	Ensembl
ENSG00000286340	17822	ENST00000665268	longest_CDS
ENSG00000286341	17823	ENST00000665104	Ensembl
ENSG00000286342	17825	ENST00000663172	Ensembl
ENSG00000286348	17828	ENST00000671242	Ensembl
ENSG00000286353	17829	ENST00000666932	Ensembl
ENSG00000286358	17830	ENST00000652985	Ensembl
ENSG00000286364	17831	ENST00000661640	Ensembl
ENSG00000286366	17832	ENST00000654639	Ensembl
ENSG00000286373	17833	ENST00000654322	Ensembl
ENSG00000286378	17834	ENST00000658878	Ensembl
ENSG00000286379	17835	ENST00000657488	Ensembl
ENSG00000286388	17836	ENST00000656081	Ensembl
ENSG00000286391	17837	ENST00000666466	Ensembl
ENSG00000286402	17840	ENST00000668912	Ensembl
ENSG00000286403	17841	ENST00000657350	Ensembl
ENSG00000286408	17842	ENST00000665702	Ensembl
ENSG00000286415			no_CDS
ENSG00000286418	17844	ENST00000669753	Ensembl
ENSG00000286427			no_CDS
ENSG00000286428	17846	ENST00000671261	Ensembl
ENSG00000286438	17847	ENST00000664029	Ensembl
ENSG00000286439	17848	transcript19879.chr10.nnic	longest_CDS
ENSG00000286446	17855	transcript71035.chr13.nnic	longest_CDS
ENSG00000286447	17856	ENST00000662485	Ensembl
ENSG00000286450	17857	ENST00000668347	Ensembl
ENSG00000286471	17858	ENST00000660715	Ensembl
ENSG00000286472	17859	transcript31394.chr20.nnic	longest_CDS
ENSG00000286481	17861	ENST00000657880	Ensembl
ENSG00000286482	17862	ENST00000655601	Ensembl
ENSG00000286487			no_CDS
ENSG00000286502	17864	ENST00000666389	Ensembl
ENSG00000286504	17865	ENST00000656887	Ensembl
ENSG00000286520	17866	ENST00000653672	Ensembl
ENSG00000286523	17867	ENST00000658930	longest_CDS
ENSG00000286525	17869	ENST00000659636	Ensembl
ENSG00000286530			no_CDS
ENSG00000286541			no_CDS
ENSG00000286544	17873	ENST00000665508	Ensembl
ENSG00000286545	17874	ENST00000662099	Ensembl
ENSG00000286593	17875	ENST00000671044	Ensembl
ENSG00000286623	17876	ENST00000666479	Ensembl
ENSG00000286625	17877	ENST00000668718	Ensembl
ENSG00000286638	17878	ENST00000660900	Ensembl
ENSG00000286639			no_CDS
ENSG00000286641	17880	ENST00000668736	Ensembl
ENSG00000286647	17881	ENST00000653057	Ensembl
ENSG00000286650	17882	ENST00000664768	Ensembl
ENSG00000286654	17883	ENST00000661235	Ensembl
ENSG00000286658	17884	ENST00000664024	Ensembl
ENSG00000286662			no_CDS
ENSG00000286666	17886	ENST00000655369	Ensembl
ENSG00000286667	17887	ENST00000662087	Ensembl
ENSG00000286675	17889	ENST00000661869	Ensembl
ENSG00000286681	17890	ENST00000664211	Ensembl
ENSG00000286684	17891	ENST00000653666	Ensembl
ENSG00000286685			no_CDS
ENSG00000286695			no_CDS
ENSG00000286705	17894	ENST00000653800	Ensembl
ENSG00000286742			no_CDS
ENSG00000286746	17896	ENST00000655229	longest_CDS
ENSG00000286749	17901	ENST00000663819	Ensembl
ENSG00000286753	17902	ENST00000669435	Ensembl
ENSG00000286756			no_CDS
ENSG00000286757	17905	ENST00000670575	Ensembl
ENSG00000286760	17907	ENST00000659081	Ensembl
ENSG00000286771	17909	ENST00000666597	Ensembl
ENSG00000286781	17910	ENST00000662277	Ensembl
ENSG00000286782	17911	ENST00000662507	Ensembl
ENSG00000286786	17912	ENST00000661802	Ensembl
ENSG00000286787	17915	ENST00000664648	Ensembl
ENSG00000286808	17917	ENST00000667915	Ensembl
ENSG00000286813	17918	ENST00000655674	Ensembl
ENSG00000286817	17919	ENST00000661203	Ensembl
ENSG00000286819	17920	ENST00000661520	Ensembl
ENSG00000286828	17921	ENST00000654632	Ensembl
ENSG00000286833	17922	ENST00000666693	Ensembl
ENSG00000286834	17925	ENST00000654577	Ensembl
ENSG00000286835	17926	ENST00000658405	Ensembl
ENSG00000286863	17927	ENST00000665984	Ensembl
ENSG00000286867	17928	ENST00000666573	Ensembl
ENSG00000286876	17929	ENST00000659573	Ensembl
ENSG00000286885			no_CDS
ENSG00000286889	17931	ENST00000670545	Ensembl
ENSG00000286891			no_CDS
ENSG00000286896	17936	ENST00000653387	longest_CDS
ENSG00000286899	17937	ENST00000655341	Ensembl
ENSG00000286909	17938	ENST00000667447	Ensembl
ENSG00000286928	17939	ENST00000666324	Ensembl
ENSG00000286931	17940	ENST00000658653	Ensembl
ENSG00000286934	17941	ENST00000666533	Ensembl
ENSG00000286939	17942	ENST00000671360	Ensembl
ENSG00000286943	17944	ENST00000655254	Ensembl
ENSG00000286954	17945	ENST00000660833	Ensembl
ENSG00000286955	17946	ENST00000659972	Ensembl
ENSG00000286957	17947	ENST00000653281	Ensembl
ENSG00000286961			no_CDS
ENSG00000286970	17952	ENST00000654896	Ensembl
ENSG00000286984	17953	ENST00000668057	Ensembl
ENSG00000286990	17954	ENST00000657505	Ensembl
ENSG00000286992	17955	ENST00000688726	longest_CDS
ENSG00000286994	17956	ENST00000652838	Ensembl
ENSG00000287001	17958	ENST00000660128	longest_CDS
ENSG00000287038	17959	ENST00000689379	longest_CDS
ENSG00000287044	17960	ENST00000659932	Ensembl
ENSG00000287059	17961	ENST00000661964	Ensembl
ENSG00000287089	17962	ENST00000664739	Ensembl
ENSG00000287095	17963	ENST00000666760	Ensembl
ENSG00000287100			no_CDS
ENSG00000287104	17965	ENST00000664676	Ensembl
ENSG00000287126	17966	ENST00000656939	Ensembl
ENSG00000287134	17967	ENST00000662638	Ensembl
ENSG00000287149	17968	ENST00000652826	Ensembl
ENSG00000287160	17971	ENST00000654625	Ensembl
ENSG00000287168			no_CDS
ENSG00000287170	17973	ENST00000666966	Ensembl
ENSG00000287172			no_CDS
ENSG00000287180	17975	ENST00000656848	Ensembl
ENSG00000287184	17976	ENST00000668389	Ensembl
ENSG00000287185			no_CDS
ENSG00000287192	17978	ENST00000669329	Ensembl
ENSG00000287193	17979	ENST00000658363	Ensembl
ENSG00000287195	17980	ENST00000654339	Ensembl
ENSG00000287200	17981	ENST00000656936	Ensembl
ENSG00000287215	17983	ENST00000669760	Ensembl
ENSG00000287222			no_CDS
ENSG00000287225	17986	ENST00000663363	Ensembl
ENSG00000287226			no_CDS
ENSG00000287247	17988	ENST00000653840	Ensembl
ENSG00000287263	17989	ENST00000659142	Ensembl
ENSG00000287273	17990	transcript134142.chr3.nnic	longest_CDS
ENSG00000287277	17994	ENST00000666057	longest_CDS
ENSG00000287283	17995	ENST00000656012	Ensembl
ENSG00000287291	17996	ENST00000654007	Ensembl
ENSG00000287299	17999	ENST00000655656	Ensembl
ENSG00000287300	18001	ENST00000662517	Ensembl
ENSG00000287315	18002	ENST00000653257	Ensembl
ENSG00000287338			no_CDS
ENSG00000287340	18005	ENST00000661083	Ensembl
ENSG00000287343	18006	ENST00000662450	Ensembl
ENSG00000287354	18007	ENST00000670026	Ensembl
ENSG00000287364	18011	ENST00000658976	Ensembl
ENSG00000287368			no_CDS
ENSG00000287372			no_CDS
ENSG00000287378			no_CDS
ENSG00000287380	18015	ENST00000670368	Ensembl
ENSG00000287381	18016	ENST00000657182	Ensembl
ENSG00000287385	18017	ENST00000661958	Ensembl
ENSG00000287405	18018	ENST00000653060	Ensembl
ENSG00000287425	18019	ENST00000660751	Ensembl
ENSG00000287433	18020	ENST00000662866	Ensembl
ENSG00000287445	18021	ENST00000666901	Ensembl
ENSG00000287474	18022	ENST00000670606	Ensembl
ENSG00000287475	18023	ENST00000670831	Ensembl
ENSG00000287477	18024	ENST00000660705	Ensembl
ENSG00000287493	18025	ENST00000653866	Ensembl
ENSG00000287498	18026	ENST00000664474	Ensembl
ENSG00000287513	18027	ENST00000653014	Ensembl
ENSG00000287514	18029	ENST00000669987	Ensembl
ENSG00000287519	18031	ENST00000670154	Ensembl
ENSG00000287527	18032	ENST00000663050	Ensembl
ENSG00000287536	18033	ENST00000652952	Ensembl
ENSG00000287550	18035	ENST00000656215	Ensembl
ENSG00000287553	18037	ENST00000670012	Ensembl
ENSG00000287555			no_CDS
ENSG00000287558	18039	ENST00000659713	Ensembl
ENSG00000287559	18040	ENST00000659730	Ensembl
ENSG00000287562	18041	ENST00000664457	Ensembl
ENSG00000287569	18042	ENST00000668826	Ensembl
ENSG00000287574	18043	ENST00000658337	Ensembl
ENSG00000287578			no_CDS
ENSG00000287594	18045	ENST00000686164	Ensembl
ENSG00000287595	18046	ENST00000687092	Ensembl
ENSG00000287600	18048	ENST00000662823	Ensembl
ENSG00000287609	18049	ENST00000667935	Ensembl
ENSG00000287616			no_CDS
ENSG00000287623	18051	ENST00000669128	Ensembl
ENSG00000287630	18052	ENST00000662767	Ensembl
ENSG00000287646	18053	ENST00000666381	Ensembl
ENSG00000287647	18054	ENST00000666710	Ensembl
ENSG00000287655	18055	ENST00000669057	Ensembl
ENSG00000287670	18056	ENST00000662935	Ensembl
ENSG00000287677			no_CDS
ENSG00000287679	18060	ENST00000658037	Ensembl
ENSG00000287690	18061	ENST00000667538	Ensembl
ENSG00000287697	18062	ENST00000670650	Ensembl
ENSG00000287700			no_CDS
ENSG00000287705	18064	ENST00000656981	Ensembl
ENSG00000287706	18065	ENST00000659139	Ensembl
ENSG00000287710	18066	ENST00000655617	Ensembl
ENSG00000287717	18067	ENST00000664970	Ensembl
ENSG00000287720	18068	ENST00000658668	longest_CDS
ENSG00000287727	18069	ENST00000663738	Ensembl
ENSG00000287733	18070	ENST00000670978	Ensembl
ENSG00000287737	18073	ENST00000663689	Ensembl
ENSG00000287743	18075	ENST00000658681	Ensembl
ENSG00000287749	18076	ENST00000669342	Ensembl
ENSG00000287757	18077	ENST00000668079	Ensembl
ENSG00000287759			no_CDS
ENSG00000287760	18080	ENST00000666035	Ensembl
ENSG00000287769	18081	ENST00000660864	Ensembl
ENSG00000287778			no_CDS
ENSG00000287783	18084	ENST00000662579	Ensembl
ENSG00000287792	18085	ENST00000659569	Ensembl
ENSG00000287798	18086	ENST00000655829	Ensembl
ENSG00000287811	18087	ENST00000671258	Ensembl
ENSG00000287812	18090	ENST00000665743	Ensembl
ENSG00000287814	18091	ENST00000660356	Ensembl
ENSG00000287815	18092	ENST00000661689	Ensembl
ENSG00000287817	18093	ENST00000665497	Ensembl
ENSG00000287825	18094	ENST00000667155	Ensembl
ENSG00000287839	18095	transcript242092.chr1.nic	longest_CDS
ENSG00000287844	18096	ENST00000662470	Ensembl
ENSG00000287862			no_CDS
ENSG00000287875			no_CDS
ENSG00000287879	18099	ENST00000655769	Ensembl
ENSG00000287887	18100	ENST00000662637	Ensembl
ENSG00000287900	18102	ENST00000654516	Ensembl
ENSG00000287901	18103	ENST00000658643	Ensembl
ENSG00000287916			no_CDS
ENSG00000287917			no_CDS
ENSG00000287918	18106	ENST00000668689	Ensembl
ENSG00000287920	18107	ENST00000664890	Ensembl
ENSG00000287925			no_CDS
ENSG00000287933	18109	ENST00000663064	Ensembl
ENSG00000287961	18110	ENST00000668031	Ensembl
ENSG00000287971	18111	ENST00000664151	Ensembl
ENSG00000287978	18112	ENST00000660431	Ensembl
ENSG00000287979	18113	ENST00000664186	Ensembl
ENSG00000287989	18114	ENST00000660823	Ensembl
ENSG00000288002	18115	ENST00000654773	Ensembl
ENSG00000288011	18117	ENST00000669855	Ensembl
ENSG00000288012	18119	ENST00000660738	Ensembl
ENSG00000288013	18120	ENST00000653403	longest_CDS
ENSG00000288025	18121	ENST00000664814	Ensembl
ENSG00000288045	18122	ENST00000657782	Ensembl
ENSG00000288049	18123	ENST00000652994	Ensembl
ENSG00000288054	18125	ENST00000668291	Ensembl
ENSG00000288061			no_CDS
ENSG00000288062	18129	ENST00000655112	Ensembl
ENSG00000288075			no_CDS
ENSG00000288087			no_CDS
ENSG00000288091	18132	transcript308323.chr2.nnic	longest_CDS
ENSG00000288093	18137	ENST00000667751	Ensembl
ENSG00000288107	18138	ENST00000656338	longest_CDS
ENSG00000288110	18139	ENST00000653453	Ensembl
ENSG00000288156	18140	ENST00000672226	Ensembl
ENSG00000288187	18141	ENST00000671789	Ensembl
ENSG00000288253			no_CDS
ENSG00000288398	18143	ENST00000671994	Ensembl
ENSG00000288523	18144	ENST00000668325	Ensembl
ENSG00000288531	18145	ENST00000661463	Ensembl
ENSG00000288538	18147	ENST00000656562	Ensembl
ENSG00000288540	18148	ENST00000673993	Ensembl
ENSG00000288553	18149	transcript36234.chr2.nnic	longest_CDS
ENSG00000288557	18150	ENST00000664978	Ensembl
ENSG00000288563	18151	ENST00000673949	Ensembl
ENSG00000288577	18152	ENST00000673815	Ensembl
ENSG00000288586	18153	ENST00000673624	Ensembl
ENSG00000288612			no_CDS
ENSG00000288657	18155	ENST00000662361	Ensembl
ENSG00000288658	18156	ENST00000678139	MANE
ENSG00000288696	18157	ENST00000687644	longest_CDS
ENSG00000288700	18162	ENST00000460895	Ensembl
ENSG00000288728	18163	ENST00000687417	Ensembl
ENSG00000288736			no_CDS
ENSG00000288739	18165	ENST00000685479	Ensembl
ENSG00000288740	18166	ENST00000692568	Ensembl
ENSG00000288741	18167	ENST00000688442	Ensembl
ENSG00000288742	18168	ENST00000687130	Ensembl
ENSG00000288744	18169	ENST00000687513	Ensembl
ENSG00000288745	18170	ENST00000687317	Ensembl
ENSG00000288746	18171	ENST00000686382	Ensembl
ENSG00000288748	18172	ENST00000684889	Ensembl
ENSG00000288750	18173	ENST00000689023	Ensembl
ENSG00000288752	18174	ENST00000689912	Ensembl
ENSG00000288758	18175	ENST00000691200	Ensembl
ENSG00000288759	18176	ENST00000686644	Ensembl
ENSG00000288764	18177	ENST00000691156	Ensembl
ENSG00000288765	18178	ENST00000685465	Ensembl
ENSG00000288766	18179	ENST00000688375	Ensembl
ENSG00000288769			no_CDS
ENSG00000288772	18181	ENST00000686069	Ensembl
ENSG00000288778	18182	ENST00000691931	Ensembl
ENSG00000288780	18183	ENST00000690049	Ensembl
ENSG00000288792	18184	ENST00000685057	Ensembl
ENSG00000288793	18185	ENST00000689647	Ensembl
ENSG00000288794	18186	ENST00000692151	Ensembl
ENSG00000288800	18187	ENST00000684974	Ensembl
ENSG00000288802	18188	ENST00000689728	Ensembl
ENSG00000288803	18189	ENST00000685046	Ensembl
ENSG00000288804	18190	ENST00000685799	Ensembl
ENSG00000288808	18191	ENST00000693659	Ensembl
ENSG00000288810	18192	ENST00000688666	Ensembl
ENSG00000288815	18193	ENST00000687650	Ensembl
ENSG00000288818			no_CDS
ENSG00000288819	18195	ENST00000686244	Ensembl
ENSG00000288820	18196	ENST00000686300	Ensembl
ENSG00000288823	18197	ENST00000686143	Ensembl
ENSG00000288826	18198	ENST00000687221	Ensembl
ENSG00000288827	18199	ENST00000690888	Ensembl
ENSG00000288828	18200	ENST00000687285	Ensembl
ENSG00000288829	18201	ENST00000691147	Ensembl
ENSG00000288830	18202	ENST00000691954	Ensembl
ENSG00000288831			no_CDS
ENSG00000288832	18204	ENST00000689443	Ensembl
ENSG00000288833	18205	ENST00000687499	Ensembl
ENSG00000288838	18207	ENST00000690996	Ensembl
ENSG00000288839	18208	ENST00000685003	Ensembl
ENSG00000288840	18209	ENST00000692244	Ensembl
ENSG00000288845	18210	ENST00000692670	Ensembl
ENSG00000288848	18211	ENST00000690303	Ensembl
ENSG00000288850	18212	ENST00000686996	Ensembl
ENSG00000288852	18213	ENST00000688681	Ensembl
ENSG00000288855	18215	ENST00000692402	Ensembl
ENSG00000288863	18217	ENST00000693216	Ensembl
ENSG00000288866	18218	ENST00000692305	Ensembl
ENSG00000288868	18219	ENST00000685605	Ensembl
ENSG00000288871	18220	ENST00000685176	Ensembl
ENSG00000288872	18221	ENST00000688276	Ensembl
ENSG00000288875	18222	ENST00000687924	Ensembl
ENSG00000288876	18223	ENST00000691291	Ensembl
ENSG00000288881	18224	ENST00000693517	Ensembl
ENSG00000288885	18225	ENST00000693093	Ensembl
ENSG00000288888	18226	ENST00000685556	Ensembl
ENSG00000288889	18227	ENST00000686355	Ensembl
ENSG00000288890	18228	ENST00000689236	Ensembl
ENSG00000288896	18229	ENST00000688581	Ensembl
ENSG00000288897	18230	ENST00000687073	Ensembl
ENSG00000288899	18231	ENST00000688255	Ensembl
ENSG00000288904	18232	ENST00000687812	Ensembl
ENSG00000288906	18233	ENST00000692858	Ensembl
ENSG00000288907	18234	ENST00000686400	Ensembl
ENSG00000288908	18235	ENST00000693455	Ensembl
ENSG00000288909	18236	ENST00000692657	Ensembl
ENSG00000288910	18237	ENST00000688913	Ensembl
ENSG00000288911	18238	ENST00000691528	Ensembl
ENSG00000288913	18239	ENST00000685351	Ensembl
ENSG00000288918	18240	ENST00000685819	Ensembl
ENSG00000288921	18243	transcript161406.chr4.nnic	longest_CDS
ENSG00000288923	18245	ENST00000690374	Ensembl
ENSG00000288924	18246	ENST00000685409	Ensembl
ENSG00000288926	18247	ENST00000686326	Ensembl
ENSG00000288928	18248	ENST00000692625	Ensembl
ENSG00000288930	18249	ENST00000686940	Ensembl
ENSG00000288931	18250	ENST00000691639	Ensembl
ENSG00000288932			no_CDS
ENSG00000288934	18252	ENST00000686928	Ensembl
ENSG00000288937	18253	ENST00000686372	Ensembl
ENSG00000288939	18254	ENST00000688917	Ensembl
ENSG00000288945	18255	ENST00000690469	Ensembl
ENSG00000288948	18256	ENST00000689708	Ensembl
ENSG00000288953	18257	ENST00000689216	Ensembl
ENSG00000288958	18258	ENST00000688295	Ensembl
ENSG00000288965	18259	ENST00000688500	Ensembl
ENSG00000288966	18260	ENST00000693478	Ensembl
ENSG00000288969	18261	ENST00000687679	Ensembl
ENSG00000288971	18262	ENST00000687842	Ensembl
ENSG00000288972	18263	ENST00000685375	Ensembl
ENSG00000288973	18264	ENST00000690394	Ensembl
ENSG00000288979	18265	ENST00000685759	Ensembl
ENSG00000288983	18266	ENST00000689900	Ensembl
ENSG00000288984	18267	ENST00000691601	Ensembl
ENSG00000288988	18268	ENST00000688883	Ensembl
ENSG00000288991			no_CDS
ENSG00000288992	18270	ENST00000689287	Ensembl
ENSG00000288994	18271	ENST00000688110	Ensembl
ENSG00000288995	18272	ENST00000687046	Ensembl
ENSG00000288996	18273	ENST00000689263	Ensembl
ENSG00000288998	18274	ENST00000692741	Ensembl
ENSG00000288999	18275	ENST00000692613	Ensembl
ENSG00000289001	18276	ENST00000692721	Ensembl
ENSG00000289003	18277	ENST00000686975	Ensembl
ENSG00000289004	18278	ENST00000692609	Ensembl
ENSG00000289005	18279	ENST00000693001	Ensembl
ENSG00000289008	18280	ENST00000691963	Ensembl
ENSG00000289009	18281	ENST00000686815	Ensembl
ENSG00000289013	18282	ENST00000686249	Ensembl
ENSG00000289014	18283	ENST00000691668	Ensembl
ENSG00000289015	18284	ENST00000685673	Ensembl
ENSG00000289017	18285	ENST00000685045	Ensembl
ENSG00000289018	18286	ENST00000691715	Ensembl
ENSG00000289021	18287	ENST00000688018	Ensembl
ENSG00000289023	18288	ENST00000688700	Ensembl
ENSG00000289028	18289	ENST00000685830	Ensembl
ENSG00000289030	18290	ENST00000691654	Ensembl
ENSG00000289031	18291	ENST00000689121	Ensembl
ENSG00000289034	18292	ENST00000690508	Ensembl
ENSG00000289040	18293	ENST00000689956	Ensembl
ENSG00000289041	18294	ENST00000686140	Ensembl
ENSG00000289042	18295	ENST00000689827	Ensembl
ENSG00000289043	18296	ENST00000684930	Ensembl
ENSG00000289045	18297	ENST00000690714	Ensembl
ENSG00000289046	18298	ENST00000690783	Ensembl
ENSG00000289047	18299	ENST00000701517	Ensembl
ENSG00000289050	18301	ENST00000689135	Ensembl
ENSG00000289054	18302	ENST00000687527	Ensembl
ENSG00000289055	18303	ENST00000691433	Ensembl
ENSG00000289058	18304	ENST00000690183	Ensembl
ENSG00000289059	18305	ENST00000685158	Ensembl
ENSG00000289063	18306	ENST00000687731	Ensembl
ENSG00000289064	18307	ENST00000689632	Ensembl
ENSG00000289065	18308	ENST00000686068	Ensembl
ENSG00000289067	18309	ENST00000693428	Ensembl
ENSG00000289074	18310	ENST00000693295	Ensembl
ENSG00000289077	18311	ENST00000691328	Ensembl
ENSG00000289079	18312	transcript178160.chr9.nnic	longest_CDS
ENSG00000289082	18313	ENST00000692682	Ensembl
ENSG00000289085	18314	ENST00000692011	Ensembl
ENSG00000289088			no_CDS
ENSG00000289092	18316	ENST00000693103	Ensembl
ENSG00000289094	18317	ENST00000685051	Ensembl
ENSG00000289095	18318	ENST00000686208	Ensembl
ENSG00000289098	18319	ENST00000687105	Ensembl
ENSG00000289100	18320	ENST00000689186	Ensembl
ENSG00000289102	18321	ENST00000686452	Ensembl
ENSG00000289106	18322	ENST00000685721	Ensembl
ENSG00000289107	18323	ENST00000690077	Ensembl
ENSG00000289110	18324	ENST00000693077	Ensembl
ENSG00000289111	18325	ENST00000693632	Ensembl
ENSG00000289112	18326	ENST00000691633	Ensembl
ENSG00000289121	18327	ENST00000690903	Ensembl
ENSG00000289123	18328	ENST00000692539	Ensembl
ENSG00000289126	18329	ENST00000687829	Ensembl
ENSG00000289128	18330	ENST00000684908	Ensembl
ENSG00000289131			no_CDS
ENSG00000289132			no_CDS
ENSG00000289135	18333	ENST00000690930	Ensembl
ENSG00000289136	18334	ENST00000691818	Ensembl
ENSG00000289138	18335	ENST00000686250	Ensembl
ENSG00000289145	18336	ENST00000691431	Ensembl
ENSG00000289151	18337	ENST00000687594	Ensembl
ENSG00000289152	18338	ENST00000688485	Ensembl
ENSG00000289154	18339	ENST00000692885	Ensembl
ENSG00000289155	18340	ENST00000685985	Ensembl
ENSG00000289163	18341	ENST00000691794	Ensembl
ENSG00000289164	18342	ENST00000690409	Ensembl
ENSG00000289171	18343	ENST00000691134	Ensembl
ENSG00000289175	18344	ENST00000688121	Ensembl
ENSG00000289177	18345	ENST00000692850	Ensembl
ENSG00000289178			no_CDS
ENSG00000289182	18348	ENST00000688804	Ensembl
ENSG00000289183	18349	ENST00000690278	Ensembl
ENSG00000289187	18350	ENST00000688284	Ensembl
ENSG00000289188	18351	ENST00000686803	Ensembl
ENSG00000289190	18352	ENST00000688539	Ensembl
ENSG00000289191	18353	ENST00000690168	Ensembl
ENSG00000289192	18354	ENST00000687904	Ensembl
ENSG00000289194	18355	ENST00000692570	Ensembl
ENSG00000289196	18356	ENST00000692264	Ensembl
ENSG00000289198	18357	ENST00000691875	Ensembl
ENSG00000289201	18358	transcript64105.chr4.nnic	longest_CDS
ENSG00000289202			no_CDS
ENSG00000289204	18360	ENST00000688027	Ensembl
ENSG00000289206	18361	ENST00000689869	Ensembl
ENSG00000289207	18362	ENST00000686394	Ensembl
ENSG00000289208	18363	ENST00000693369	Ensembl
ENSG00000289209	18364	ENST00000685981	Ensembl
ENSG00000289210	18365	ENST00000691922	Ensembl
ENSG00000289213	18366	ENST00000687962	Ensembl
ENSG00000289214	18367	ENST00000689433	Ensembl
ENSG00000289215	18368	ENST00000693725	Ensembl
ENSG00000289216	18369	ENST00000690170	Ensembl
ENSG00000289222	18370	ENST00000692441	Ensembl
ENSG00000289225	18371	ENST00000691434	Ensembl
ENSG00000289227	18372	ENST00000686469	Ensembl
ENSG00000289231	18373	ENST00000686545	Ensembl
ENSG00000289233	18374	ENST00000687934	Ensembl
ENSG00000289236	18375	ENST00000688494	Ensembl
ENSG00000289238	18376	ENST00000687762	Ensembl
ENSG00000289244	18377	ENST00000691832	Ensembl
ENSG00000289250	18378	ENST00000685323	Ensembl
ENSG00000289253	18379	ENST00000685640	Ensembl
ENSG00000289255	18380	ENST00000685346	Ensembl
ENSG00000289260	18381	ENST00000693314	Ensembl
ENSG00000289264	18382	ENST00000690489	Ensembl
ENSG00000289265	18383	ENST00000692287	Ensembl
ENSG00000289268	18384	ENST00000689245	Ensembl
ENSG00000289269	18385	ENST00000688346	Ensembl
ENSG00000289270	18386	ENST00000693746	Ensembl
ENSG00000289272	18387	ENST00000690844	Ensembl
ENSG00000289273	18388	ENST00000691016	Ensembl
ENSG00000289276	18389	ENST00000693590	Ensembl
ENSG00000289277			no_CDS
ENSG00000289279	18391	ENST00000690174	Ensembl
ENSG00000289280	18392	ENST00000692712	Ensembl
ENSG00000289283	18393	ENST00000687429	Ensembl
ENSG00000289284	18394	ENST00000691860	Ensembl
ENSG00000289285	18395	ENST00000687492	Ensembl
ENSG00000289288	18396	ENST00000687576	Ensembl
ENSG00000289291	18397	ENST00000691740	Ensembl
ENSG00000289294	18398	ENST00000685457	Ensembl
ENSG00000289295	18399	ENST00000686288	Ensembl
ENSG00000289298	18400	ENST00000690696	Ensembl
ENSG00000289304	18401	ENST00000692452	Ensembl
ENSG00000289306	18402	ENST00000686726	Ensembl
ENSG00000289310	18403	ENST00000688991	Ensembl
ENSG00000289311	18404	ENST00000684823	Ensembl
ENSG00000289314	18405	ENST00000690782	Ensembl
ENSG00000289316	18406	ENST00000688585	Ensembl
ENSG00000289318	18407	ENST00000685922	Ensembl
ENSG00000289319	18408	ENST00000685904	Ensembl
ENSG00000289321	18409	ENST00000685236	Ensembl
ENSG00000289324	18410	ENST00000687869	Ensembl
ENSG00000289327	18411	ENST00000685766	Ensembl
ENSG00000289328	18412	ENST00000684874	Ensembl
ENSG00000289332	18413	ENST00000691844	Ensembl
ENSG00000289334	18414	ENST00000692612	Ensembl
ENSG00000289338	18415	ENST00000687818	Ensembl
ENSG00000289340	18416	ENST00000692096	Ensembl
ENSG00000289341	18417	ENST00000685356	Ensembl
ENSG00000289353	18418	ENST00000691717	Ensembl
ENSG00000289361	18419	ENST00000688555	Ensembl
ENSG00000289363	18420	ENST00000690687	Ensembl
ENSG00000289367	18421	ENST00000685080	Ensembl
ENSG00000289369	18422	ENST00000691981	Ensembl
ENSG00000289370	18423	ENST00000691474	Ensembl
ENSG00000289371	18424	ENST00000690581	Ensembl
ENSG00000289375	18425	ENST00000691329	Ensembl
ENSG00000289377	18426	ENST00000702418	Ensembl
ENSG00000289378	18427	ENST00000692499	Ensembl
ENSG00000289380	18428	ENST00000690275	Ensembl
ENSG00000289392	18429	ENST00000691930	Ensembl
ENSG00000289393	18430	ENST00000687687	Ensembl
ENSG00000289396	18431	ENST00000689524	Ensembl
ENSG00000289399	18432	ENST00000688146	Ensembl
ENSG00000289401	18433	ENST00000686437	Ensembl
ENSG00000289405			no_CDS
ENSG00000289410			no_CDS
ENSG00000289413	18437	ENST00000686675	Ensembl
ENSG00000289414	18438	ENST00000687540	Ensembl
ENSG00000289415	18439	ENST00000685903	Ensembl
ENSG00000289417	18440	ENST00000691300	Ensembl
ENSG00000289419	18441	ENST00000686653	Ensembl
ENSG00000289425	18442	ENST00000686005	Ensembl
ENSG00000289428	18443	ENST00000685299	Ensembl
ENSG00000289430	18444	ENST00000692828	Ensembl
ENSG00000289433	18445	ENST00000689527	Ensembl
ENSG00000289436	18446	ENST00000687009	Ensembl
ENSG00000289437	18447	ENST00000692710	Ensembl
ENSG00000289438	18448	ENST00000686293	Ensembl
ENSG00000289440	18449	ENST00000685220	Ensembl
ENSG00000289443	18450	ENST00000688126	Ensembl
ENSG00000289449	18451	ENST00000691797	Ensembl
ENSG00000289453	18452	ENST00000692381	Ensembl
ENSG00000289462	18453	ENST00000689020	Ensembl
ENSG00000289463	18454	ENST00000690414	Ensembl
ENSG00000289468	18455	ENST00000689488	Ensembl
ENSG00000289469			no_CDS
ENSG00000289472	18457	ENST00000689980	Ensembl
ENSG00000289473	18458	ENST00000702302	longest_CDS
ENSG00000289476	18460	ENST00000687958	Ensembl
ENSG00000289477	18461	ENST00000701707	Ensembl
ENSG00000289480	18462	ENST00000685826	Ensembl
ENSG00000289483	18463	ENST00000689877	Ensembl
ENSG00000289486	18464	ENST00000686810	Ensembl
ENSG00000289488	18465	ENST00000693491	Ensembl
ENSG00000289494	18466	ENST00000690923	Ensembl
ENSG00000289496	18467	ENST00000685678	Ensembl
ENSG00000289499	18468	ENST00000690266	Ensembl
ENSG00000289502	18469	ENST00000686410	Ensembl
ENSG00000289504	18470	ENST00000693211	Ensembl
ENSG00000289505	18471	ENST00000688853	Ensembl
ENSG00000289506	18472	ENST00000687260	Ensembl
ENSG00000289507	18473	ENST00000685341	Ensembl
ENSG00000289510	18474	ENST00000692754	Ensembl
ENSG00000289511	18475	ENST00000690385	Ensembl
ENSG00000289515	18476	ENST00000685094	Ensembl
ENSG00000289519	18477	ENST00000688655	Ensembl
ENSG00000289520	18478	ENST00000690643	Ensembl
ENSG00000289522	18479	ENST00000685955	Ensembl
ENSG00000289523	18480	ENST00000689806	Ensembl
ENSG00000289528	18481	ENST00000690578	Ensembl
ENSG00000289532	18482	ENST00000691791	Ensembl
ENSG00000289534	18483	ENST00000687346	Ensembl
ENSG00000289537	18484	ENST00000693545	Ensembl
ENSG00000289550	18485	ENST00000691859	Ensembl
ENSG00000289551	18486	ENST00000686395	Ensembl
ENSG00000289552	18487	ENST00000692731	Ensembl
ENSG00000289553	18488	ENST00000692378	Ensembl
ENSG00000289554	18489	ENST00000687749	Ensembl
ENSG00000289555	18490	ENST00000693270	Ensembl
ENSG00000289558	18492	ENST00000692668	Ensembl
ENSG00000289559	18493	ENST00000688327	Ensembl
ENSG00000289562	18494	ENST00000686162	Ensembl
ENSG00000289563	18495	ENST00000690925	Ensembl
ENSG00000289572	18496	ENST00000691261	Ensembl
ENSG00000289574	18497	ENST00000686574	Ensembl
ENSG00000289581	18498	ENST00000685856	Ensembl
ENSG00000289584	18499	ENST00000685133	Ensembl
ENSG00000289586			no_CDS
ENSG00000289591	18504	ENST00000685728	Ensembl
ENSG00000289594	18506	ENST00000685848	Ensembl
ENSG00000289595	18507	ENST00000686859	Ensembl
ENSG00000289606	18508	ENST00000686015	Ensembl
ENSG00000289611	18509	ENST00000691646	Ensembl
ENSG00000289612	18510	ENST00000689718	Ensembl
ENSG00000289613	18511	ENST00000687345	Ensembl
ENSG00000289617	18512	ENST00000687415	Ensembl
ENSG00000289627	18513	ENST00000693039	Ensembl
ENSG00000289628	18514	ENST00000688777	Ensembl
ENSG00000289629	18515	ENST00000686886	Ensembl
ENSG00000289631	18516	ENST00000691951	Ensembl
ENSG00000289632	18517	ENST00000693253	Ensembl
ENSG00000289637	18518	ENST00000686199	Ensembl
ENSG00000289642	18519	ENST00000688979	Ensembl
ENSG00000289644	18520	ENST00000691393	Ensembl
ENSG00000289731	18522	ENST00000697499	longest_CDS
ENSG00000289745			no_CDS
ENSG00000289814	18549	ENST00000700706	Ensembl
ENSG00000289852	18550	ENST00000701044	Ensembl
ENSG00000289854	18551	ENST00000701087	Ensembl
ENSG00000289855	18552	ENST00000701106	Ensembl
ENSG00000289858	18553	ENST00000701128	Ensembl
ENSG00000289872	18554	ENST00000701255	Ensembl
ENSG00000289878	18555	ENST00000701323	Ensembl
ENSG00000289881			no_CDS
ENSG00000289883	18557	ENST00000701343	Ensembl
ENSG00000289902	18558	ENST00000701499	Ensembl
ENSG00000289910	18559	ENST00000701569	Ensembl
ENSG00000289912	18560	ENST00000701612	Ensembl
ENSG00000289913	18561	ENST00000701623	Ensembl
ENSG00000289915	18562	ENST00000701637	Ensembl
ENSG00000289931	18563	ENST00000701828	Ensembl
ENSG00000289941	18564	ENST00000701928	Ensembl
ENSG00000289943	18565	ENST00000701961	Ensembl
ENSG00000289945	18566	ENST00000701982	Ensembl
ENSG00000289948	18567	ENST00000702008	Ensembl
ENSG00000289950			no_CDS
ENSG00000289952	18569	ENST00000702048	Ensembl
ENSG00000289971	18570	ENST00000702187	Ensembl
ENSG00000290008	18571	transcript34346.chr19.nnic	longest_CDS
ENSG00000290015	18572	ENST00000702485	Ensembl
ENSG00000290033	18574	ENST00000702580	Ensembl
ENSG00000290043	18575	ENST00000702627	Ensembl
ENSG00000290047	18576	ENST00000702637	Ensembl
ENSG00000290051	18577	ENST00000702650	Ensembl
ENSG00000290059	18578	ENST00000702714	Ensembl
ENSG00000290070	18579	ENST00000702759	Ensembl
ENSG00000290076	18580	ENST00000702788	Ensembl
ENSG00000290083	18581	ENST00000702886	Ensembl
ENSG00000290085	18582	ENST00000702908	Ensembl
ENSG00000290091	18583	ENST00000702933	Ensembl
ENSG00000290101	18584	ENST00000702974	Ensembl
ENSG00000290102	18585	ENST00000702980	Ensembl
ENSG00000290107	18586	ENST00000702994	Ensembl
ENSG00000290110	18587	ENST00000703002	Ensembl
ENSG00000290114	18588	ENST00000703016	Ensembl
ENSG00000290117	18589	ENST00000703032	Ensembl
ENSG00000290121	18590	ENST00000703054	Ensembl
ENSG00000290126	18591	ENST00000703087	Ensembl
ENSG00000290127	18592	ENST00000703097	Ensembl
ENSG00000290366	18593	transcript14598.chr17.nnic	longest_CDS
ENSG00000290396	18595	ENST00000534799	Ensembl
ENSG00000290399	18597	ENST00000621139	Ensembl
ENSG00000290413	18598	ENST00000569028	Ensembl
ENSG00000290421			no_CDS
ENSG00000290427	18600	transcript14644.chr19.nnic	longest_CDS
ENSG00000290429	18601	ENST00000566201	Ensembl
ENSG00000290440			no_CDS
ENSG00000290450	18603	ENST00000417404	Ensembl
ENSG00000290453	18606	ENST00000532854	Ensembl
ENSG00000290459	18607	ENST00000525562	Ensembl
ENSG00000290460			no_CDS
ENSG00000290461	18611	ENST00000581935	longest_CDS
ENSG00000290469	18612	ENST00000520314	Ensembl
ENSG00000290476			no_CDS
ENSG00000290529			no_CDS
ENSG00000290531	18615	transcript47756.chr12.nnic	longest_CDS
ENSG00000290535	18616	ENST00000622550	Ensembl
ENSG00000290536	18617	ENST00000631770	Ensembl
ENSG00000290537	18619	ENST00000535939	Ensembl
ENSG00000290548	18620	ENST00000514048	longest_CDS
ENSG00000290553	18621	ENST00000609420	Ensembl
ENSG00000290556	18622	ENST00000510264	Ensembl
ENSG00000290557	18623	ENST00000650199	Ensembl
ENSG00000290560	18624	ENST00000513408	Ensembl
ENSG00000290581	18625	ENST00000442192	Ensembl
ENSG00000290585	18626	ENST00000446912	Ensembl
ENSG00000290596	18628	ENST00000424873	Ensembl
ENSG00000290600	18630	ENST00000416232	Ensembl
ENSG00000290642	18632	ENST00000604456	Ensembl
ENSG00000290659	18633	ENST00000412260	Ensembl
ENSG00000290680	18634	ENST00000507381	Ensembl
ENSG00000290685	18636	ENST00000648864	Ensembl
ENSG00000290690	18637	ENST00000558801	Ensembl
ENSG00000290697	18638	ENST00000614808	Ensembl
ENSG00000290700			no_CDS
ENSG00000290711	18640	ENST00000412448	longest_CDS
ENSG00000290717	18641	ENST00000615961	Ensembl
ENSG00000290728	18642	ENST00000382326	Ensembl
ENSG00000290737	18643	transcript130967.chr10.nic	longest_CDS
ENSG00000290758	18646	ENST00000446874	Ensembl
ENSG00000290762			no_CDS
ENSG00000290784	18648	ENST00000447500	Ensembl
ENSG00000290786	18649	ENST00000642873	Ensembl
ENSG00000290791	18650	ENST00000608318	Ensembl
ENSG00000290792	18651	ENST00000564237	Ensembl
ENSG00000290793	18652	ENST00000614046	Ensembl
ENSG00000290796	18654	ENST00000467672	longest_CDS
ENSG00000290803	18659	ENST00000508601	Ensembl
ENSG00000290816	18660	ENST00000479887	longest_CDS
ENSG00000290818	18661	ENST00000461471	longest_CDS
ENSG00000290820	18662	ENST00000624752	Ensembl
ENSG00000290823	18663	transcript150840.chr15.nnic	longest_CDS
ENSG00000290829	18664	ENST00000641966	Ensembl
ENSG00000290830			no_CDS
ENSG00000290832	18668	ENST00000423834	longest_CDS
ENSG00000290833	18669	ENST00000622215	longest_CDS
ENSG00000290835	18671	ENST00000486256	Ensembl
ENSG00000290843	18672	ENST00000576034	Ensembl
ENSG00000290845			no_CDS
ENSG00000290846	18674	ENST00000636531	Ensembl
ENSG00000290848	18676	ENST00000663712	Ensembl
ENSG00000290851	18677	ENST00000650268	longest_CDS
ENSG00000290853	18679	ENST00000652544	Ensembl
ENSG00000290854	18682	ENST00000647043	Ensembl
ENSG00000290870	18685	ENST00000647952	Ensembl
ENSG00000290872	18687	ENST00000326391	Ensembl
ENSG00000290876	18688	ENST00000568690	longest_CDS
ENSG00000290879	18690	ENST00000512149	Ensembl
ENSG00000290888	18691	ENST00000641316	Ensembl
ENSG00000290891	18692	ENST00000687091	Ensembl
ENSG00000290893	18693	ENST00000623466	Ensembl
ENSG00000290895	18694	ENST00000625133	Ensembl
ENSG00000290901	18695	transcript35829.chr20.nnic	longest_CDS
ENSG00000290907	18704	ENST00000565670	Ensembl
ENSG00000290908	18705	ENST00000602449	Ensembl
ENSG00000290911			no_CDS
ENSG00000290920	18710	ENST00000433168	Ensembl
ENSG00000290921	18713	ENST00000688192	Ensembl
ENSG00000290924	18719	ENST00000637846	Ensembl
ENSG00000290927	18722	ENST00000686087	Ensembl
ENSG00000290928			no_CDS
ENSG00000290931			no_CDS
ENSG00000290935	18733	ENST00000656489	Ensembl
ENSG00000290937	18735	ENST00000634862	Ensembl
ENSG00000290940	18736	transcript15518.chr12.nnic	longest_CDS
ENSG00000290947	18738	ENST00000612093	Ensembl
ENSG00000290950			no_CDS
ENSG00000290951	18741	ENST00000684904	longest_CDS
ENSG00000290968	18742	ENST00000515045	Ensembl
ENSG00000290969	18743	ENST00000588568	Ensembl
ENSG00000290970	18744	ENST00000618309	longest_CDS
ENSG00000290971	18746	ENST00000611388	longest_CDS
ENSG00000290976	18747	ENST00000393005	Ensembl
ENSG00000290989	18751	ENST00000540997	longest_CDS
ENSG00000290993	18757	ENST00000510078	Ensembl
ENSG00000290999	18759	ENST00000637601	Ensembl
ENSG00000291003	18760	ENST00000619021	Ensembl
ENSG00000291006	18763	ENST00000643631	Ensembl
ENSG00000291008	18764	ENST00000529104	Ensembl
ENSG00000291011	18766	ENST00000377614	Ensembl
ENSG00000291015			no_CDS
ENSG00000291026	18769	ENST00000414190	Ensembl
ENSG00000291032			no_CDS
ENSG00000291034	18771	transcript4138.chrY.nnic	longest_CDS
ENSG00000291037	18772	ENST00000422060	longest_CDS
ENSG00000291039			no_CDS
ENSG00000291041	18775	ENST00000687945	longest_CDS
ENSG00000291042			no_CDS
ENSG00000291044			no_CDS
ENSG00000291046			no_CDS
ENSG00000291047	18786	ENST00000532983	Ensembl
ENSG00000291055	18791	ENST00000652578	Ensembl
ENSG00000291060	18799	ENST00000381231	Ensembl
ENSG00000291061			no_CDS
ENSG00000291062	18802	ENST00000558550	Ensembl
ENSG00000291063	18804	ENST00000690641	longest_CDS
ENSG00000291065	18807	transcript84722.chr10.nic	longest_CDS
ENSG00000291066	18814	ENST00000687685	Ensembl
ENSG00000291067	18819	transcript70430.chr20.nic	longest_CDS
ENSG00000291068	18823	ENST00000634905	Ensembl
ENSG00000291073	18827	ENST00000522841	Ensembl
ENSG00000291075			no_CDS
ENSG00000291078	18843	ENST00000432401	Ensembl
ENSG00000291079	18853	ENST00000507841	Ensembl
ENSG00000291081	18859	ENST00000693359	longest_CDS
ENSG00000291089	18861	ENST00000443870	Ensembl
ENSG00000291094	18868	ENST00000640409	longest_CDS
ENSG00000291096	18869	ENST00000683534	longest_CDS
ENSG00000291099	18871	ENST00000686456	Ensembl
ENSG00000291100	18883	ENST00000650751	Ensembl
ENSG00000291101	18884	ENST00000415793	longest_CDS
ENSG00000291105	18885	ENST00000565768	Ensembl
ENSG00000291107	18886	ENST00000575094	Ensembl
ENSG00000291112	18890	ENST00000692173	Ensembl
ENSG00000291113	18892	ENST00000506672	longest_CDS
ENSG00000291117	18895	ENST00000578036	Ensembl
ENSG00000291121			no_CDS
ENSG00000291124	18900	ENST00000686363	Ensembl
ENSG00000291126	18905	ENST00000608013	Ensembl
ENSG00000291130	18907	ENST00000615684	longest_CDS
ENSG00000291131	18909	ENST00000691047	longest_CDS
ENSG00000291132			no_CDS
ENSG00000291133	18916	ENST00000691326	longest_CDS
ENSG00000291136			no_CDS
ENSG00000291142	18932	ENST00000688776	longest_CDS
ENSG00000291143	18938	ENST00000526769	Ensembl
ENSG00000291147	18940	ENST00000456398	longest_CDS
ENSG00000291149	18945	ENST00000700950	Ensembl
ENSG00000291156	18950	ENST00000685011	longest_CDS
ENSG00000291159	18954	ENST00000348993	Ensembl
ENSG00000291166	18957	ENST00000668653	Ensembl
ENSG00000291168	18960	ENST00000464387	Ensembl
ENSG00000291171	18962	ENST00000446190	longest_CDS
ENSG00000291174			no_CDS
ENSG00000291175	18970	ENST00000661058	longest_CDS
ENSG00000291176	18981	ENST00000467292	Ensembl
ENSG00000291177			no_CDS
ENSG00000291178	18990	ENST00000675162	longest_CDS
ENSG00000291179	18994	ENST00000619106	Ensembl
ENSG00000291181	18995	ENST00000640245	Ensembl
ENSG00000291182	18998	ENST00000534866	Ensembl
ENSG00000291184	18999	ENST00000443198	Ensembl
ENSG00000291185	19002	transcript21200.chr9.nnic	longest_CDS
ENSG00000291186			no_CDS
ENSG00000291189	19010	ENST00000636557	Ensembl
ENSG00000291194	19012	ENST00000655749	Ensembl
ENSG00000291195	19015	ENST00000458685	Ensembl
ENSG00000291201	19019	ENST00000567913	Ensembl
ENSG00000291202	19021	ENST00000634317	Ensembl
ENSG00000291203	19029	ENST00000688315	Ensembl
ENSG00000291207	19042	ENST00000429741	longest_CDS
ENSG00000291208	19048	ENST00000609439	Ensembl
ENSG00000291214			no_CDS
ENSG00000291215	19054	ENST00000506640	Ensembl
ENSG00000291219	19056	ENST00000568855	Ensembl
ENSG00000291220	19057	ENST00000513202	Ensembl
ENSG00000291221	19058	ENST00000504546	longest_CDS
ENSG00000291225	19059	ENST00000561463	Ensembl
ENSG00000291228	19060	ENST00000399702	Ensembl
ENSG00000291233	19061	ENST00000685012	Ensembl
ENSG00000291234	19065	ENST00000443294	Ensembl
ENSG00000291242	19068	ENST00000648235	Ensembl
ENSG00000291250	19069	transcript47769.chr12.nic	longest_CDS
ENSG00000291255			no_CDS
ENSG00000291258	19071	ENST00000566178	Ensembl
ENSG00000291259	19073	ENST00000689985	Ensembl
ENSG00000291261	19079	ENST00000647991	Ensembl
ENSG00000291262	19081	ENST00000540706	Ensembl
ENSG00000291272	19082	ENST00000424133	Ensembl
ENSG00000291274	19083	ENST00000569697	Ensembl
ENSG00000291283	19084	ENST00000499314	Ensembl
ENSG00000291287	19085	ENST00000673925	Ensembl
ENSG00000291289	19086	ENST00000645765	Ensembl
ENSG00000291299	19087	ENST00000417194	Ensembl
ENSG00000291301	19088	ENST00000706486	Ensembl
ENSG00000291313	19089	ENST00000706947	Ensembl
ENTPD1	19090	ENTPD1-201	MANE
ENTPD1-AS1	19100	transcript173366.chr10.nnic	longest_CDS
ENTPD2	19102	ENTPD2-202	MANE
ENTPD3	19105	ENTPD3-201	MANE
ENTPD3-AS1			no_CDS
ENTPD4	19109	ENTPD4-202	MANE
ENTPD5	19113	ENTPD5-201	MANE
ENTPD6	19115	ENTPD6-203	MANE
ENTPD7	19123	ENTPD7-201	MANE
ENTR1	19125	ENTR1-202	MANE
ENTREP1	19126	ENTREP1-202	MANE
ENTREP2	19130	ENTREP2-201	MANE
ENTREP3	19133	ENTREP3-202	MANE
ENY2	19138	ENY2-211	MANE
EOGT	19140	EOGT-202	MANE
EOLA1	19144	EOLA1-202	MANE
EOLA2	19148	EOLA2-203	MANE
EOLA2-DT	19152	transcript159937.chrX.nnic	longest_CDS
EOMES	19157	transcript45593.chr3.nic	longest_CDS
EP300	19159	EP300-201	MANE
EP400	19169	EP400-204	MANE
EPAS1	19174	EPAS1-201	MANE
EPB41	19190	EPB41-239	longest_CDS
EPB41L1	19198	EPB41L1-202	MANE
EPB41L2	19209	EPB41L2-234	longest_CDS
EPB41L3	19219	EPB41L3-201	MANE
EPB41L4A	19225	EPB41L4A-201	MANE
EPB41L4A-AS1	19228	EPB41L4A-AS1-205	Ensembl
EPB41L4A-DT	19233	EPB41L4A-DT-201	Ensembl
EPB41L4B	19234	EPB41L4B-202	MANE
EPB41L5	19235	EPB41L5-201	MANE
EPC1	19240	EPC1-202	MANE
EPC2	19245	EPC2-201	MANE
EPCAM	19247	EPCAM-201	MANE
EPCAM-DT			no_CDS
EPDR1	19252	EPDR1-201	MANE
EPG5	19254	EPG5-201	MANE
EPHA1	19263	EPHA1-201	MANE
EPHA10	19264	EPHA10-202	MANE
EPHA2	19266	EPHA2-201	MANE
EPHA3	19267	EPHA3-201	MANE
EPHA4	19272	EPHA4-201	MANE
EPHA5	19279	EPHA5-205	MANE
EPHA6	19280	EPHA6-201	MANE
EPHA7	19284	EPHA7-202	MANE
EPHA8	19297	EPHA8-201	MANE
EPHB1	19301	EPHB1-201	MANE
EPHB2	19302	EPHB2-202	MANE
EPHB3	19304	EPHB3-201	MANE
EPHB6	19307	EPHB6-212	MANE
EPHX1	19314	EPHX1-201	MANE
EPHX2	19318	EPHX2-207	MANE
EPHX4	19319	EPHX4-201	MANE
EPIC1	19327	EPIC1-230	Ensembl
EPM2A	19330	EPM2A-201	MANE
EPM2A-DT	19339	EPM2A-DT-216	longest_CDS
EPM2AIP1	19347	EPM2AIP1-201	MANE
EPN1	19350	EPN1-202	MANE
EPN2	19353	EPN2-201	MANE
EPN3	19361	EPN3-201	MANE
EPOP	19365	EPOP-201	MANE
EPOR	19366	EPOR-201	MANE
EPPK1	19368	EPPK1-202	MANE
EPRS1	19371	EPRS1-201	MANE
EPS15	19372	EPS15-203	MANE
EPS15L1	19383	EPS15L1-202	MANE
EPS8	19386	EPS8-227	longest_CDS
EPS8L2	19389	EPS8L2-201	MANE
EPSTI1	19395	EPSTI1-201	MANE
ERAL1	19398	ERAL1-201	MANE
ERAP1	19399	ERAP1-202	MANE
ERAP2	19404	ERAP2-202	MANE
ERAS	19405	ERAS-201	longest_CDS
ERBB2	19406	ERBB2-206	longest_CDS
ERBB3	19408	ERBB3-201	MANE
ERBB4	19422	ERBB4-202	MANE
ERBIN	19434	ERBIN-207	longest_CDS
ERC1	19444	ERC1-203	MANE
ERC2	19459	ERC2-201	MANE
ERC2-IT1	19460	ERC2-IT1-201	Ensembl
ERCC1	19466	ERCC1-202	MANE
ERCC2	19471	ERCC2-204	MANE
ERCC3	19478	ERCC3-201	MANE
ERCC4	19488	ERCC4-201	MANE
ERCC5	19501	ERCC5-212	MANE
ERCC6	19505	ERCC6-201	MANE
ERCC6L	19515	ERCC6L-201	MANE
ERCC6L2	19533	ERCC6L2-208	MANE
ERCC6L2-AS1	19536	transcript167073.chr9.nnic	longest_CDS
ERCC8	19547	ERCC8-218	MANE
EREG	19554	EREG-201	MANE
ERF	19555	ERF-201	MANE
ERG	19556	transcript33494.chr21.nic	longest_CDS
ERG28	19557	ERG28-201	MANE
ERGIC1	19566	ERGIC1-202	MANE
ERGIC2	19570	ERGIC2-201	MANE
ERGIC3	19576	ERGIC3-202	MANE
ERH	19579	ERH-203	MANE
ERI1	19581	ERI1-201	MANE
ERI2	19584	ERI2-202	MANE
ERI3	19587	ERI3-201	MANE
ERICD	19589	ERICD-201	Ensembl
ERICH1	19592	ERICH1-201	MANE
ERICH2	19593	ERICH2-211	longest_CDS
ERICH3	19595	ERICH3-201	MANE
ERICH5	19597	ERICH5-201	MANE
ERICH6-AS1	19598	transcript253313.chr3.nnic	longest_CDS
ERLEC1	19601	ERLEC1-201	MANE
ERLIN1	19615	ERLIN1-203	MANE
ERLIN2	19618	ERLIN2-204	MANE
ERMAP	19619	ERMAP-203	MANE
ERMARD	19624	ERMARD-203	MANE
ERMN	19631	ERMN-205	MANE
ERMP1	19647	ERMP1-202	MANE
ERN1	19650	ERN1-201	MANE
ERO1A	19652	ERO1A-201	MANE
ERO1B	19656	ERO1B-202	MANE
ERP29	19658	ERP29-201	MANE
ERP44	19667	ERP44-201	MANE
ERRFI1	19670	ERRFI1-201	MANE
ERV3-1	19672	ERV3-1-201	MANE
ERVH48-1	19674	ERVH48-1-201	MANE
ERVK13-1	19676	ERVK13-1-223	longest_CDS
ERVK3-1	19702	ERVK3-1-201	MANE
ERVK9-11	19703	ERVK9-11-201	Ensembl
ERVMER34-1	19704	transcript94798.chr4.nnic	longest_CDS
ERVV-1	19705	ERVV-1-201	MANE
ERVW-1	19706	ERVW-1-201	longest_CDS
ESAM	19708	ESAM-201	MANE
ESAM-AS1	19709	ESAM-AS1-203	longest_CDS
ESCO1	19710	ESCO1-201	MANE
ESCO2	19712	ESCO2-201	MANE
ESD	19713	ESD-202	MANE
ESF1	19715	ESF1-202	MANE
ESR1	19716	ESR1-207	APPRIS
ESR2	19718	ESR2-202	MANE
ESRP1	19720	ESRP1-202	longest_CDS
ESRRA	19724	ESRRA-201	MANE
ESRRB			no_CDS
ESRRG	19729	ESRRG-209	MANE
ESS2	19735	ESS2-201	MANE
ESYT1	19738	ESYT1-202	MANE
ESYT2	19740	ESYT2-202	MANE
ESYT3	19744	ESYT3-202	MANE
ETAA1	19748	ETAA1-201	MANE
ETF1	19749	ETF1-201	MANE
ETFA	19752	ETFA-203	MANE
ETFB	19760	ETFB-201	MANE
ETFBKMT	19763	ETFBKMT-201	MANE
ETFDH	19773	ETFDH-206	MANE
ETFRF1	19780	ETFRF1-201	MANE
ETHE1	19782	ETHE1-201	MANE
ETNK1	19785	ETNK1-201	MANE
ETNK2	19788	ETNK2-203	MANE
ETNPPL	19791	ETNPPL-201	MANE
ETS1	19798	ETS1-202	MANE
ETS2	19800	ETS2-202	MANE
ETV1	19807	ETV1-208	MANE
ETV3	19809	ETV3-202	MANE
ETV5	19810	ETV5-201	MANE
ETV6	19811	ETV6-202	MANE
ETV7	19814	transcript50156.chr6.nnic	longest_CDS
EVA1B	19815	EVA1B-202	MANE
EVA1C	19819	EVA1C-201	MANE
EVC	19823	EVC-201	MANE
EVC2	19824	EVC2-202	MANE
EVI2A	19827	EVI2A-203	MANE
EVI2B	19828	EVI2B-201	MANE
EVI5	19835	EVI5-211	APPRIS
EVI5L	19837	EVI5L-202	MANE
EVL	19841	EVL-203	longest_CDS
EWSR1	19849	EWSR1-206	MANE
EXD2	19859	EXD2-214	MANE
EXD3	19862	EXD3-201	MANE
EXO1	19866	EXO1-201	longest_CDS
EXO5	19869	EXO5-204	MANE
EXOC1	19875	EXOC1-203	MANE
EXOC2	19877	EXOC2-201	MANE
EXOC3	19878	EXOC3-209	MANE
EXOC3-AS1	19882	EXOC3-AS1-201	Ensembl
EXOC4	19884	EXOC4-201	MANE
EXOC5	19889	EXOC5-211	MANE
EXOC6	19890	EXOC6-201	MANE
EXOC6B	19895	EXOC6B-201	MANE
EXOC7	19897	EXOC7-216	MANE
EXOC8	19904	EXOC8-201	MANE
EXOG	19905	EXOG-201	MANE
EXOSC1	19910	EXOSC1-204	MANE
EXOSC10	19914	EXOSC10-202	MANE
EXOSC2	19923	EXOSC2-204	MANE
EXOSC3	19934	EXOSC3-201	MANE
EXOSC4	19935	EXOSC4-201	MANE
EXOSC5	19936	EXOSC5-201	MANE
EXOSC6	19939	EXOSC6-201	MANE
EXOSC7	19943	EXOSC7-201	MANE
EXOSC8	19951	EXOSC8-202	MANE
EXOSC9	19967	EXOSC9-201	MANE
EXPH5	19968	EXPH5-201	MANE
EXT1	19971	EXT1-201	MANE
EXT2	19977	EXT2-208	MANE
EXTL1	19989	EXTL1-201	MANE
EXTL2	19991	EXTL2-202	MANE
EXTL3	19995	EXTL3-201	MANE
EXTL3-AS1			no_CDS
EYA1	20003	EYA1-202	MANE
EYA2	20007	EYA2-202	MANE
EYA3	20010	EYA3-203	MANE
EYA4	20014	EYA4-202	MANE
EZH1	20022	EZH1-202	MANE
EZH2	20036	EZH2-202	longest_CDS
EZHIP	20039	EZHIP-201	MANE
EZR	20040	EZR-202	MANE
F10	20043	F10-202	MANE
F11R	20044	F11R-202	MANE
F12	20046	F12-211	longest_CDS
F13A1	20049	F13A1-201	MANE
F2R	20050	F2R-201	MANE
F2RL1	20051	F2RL1-201	MANE
F2RL2	20052	F2RL2-201	MANE
F3	20056	F3-201	MANE
F5	20058	F5-202	MANE
F8	20062	F8-202	MANE
F8A1	20063	F8A1-201	MANE
F8A2	20064	F8A2-201	MANE
F8A3	20065	F8A3-201	MANE
FA2H	20067	FA2H-201	MANE
FAAH	20070	FAAH-201	MANE
FAAH2	20073	FAAH2-201	MANE
FAAP100	20074	FAAP100-201	MANE
FAAP20	20080	FAAP20-202	MANE
FAAP24	20081	FAAP24-202	MANE
FABP3	20082	FABP3-201	MANE
FABP5	20085	FABP5-201	MANE
FABP6	20089	FABP6-204	longest_CDS
FABP7	20091	FABP7-202	MANE
FADD	20092	FADD-201	MANE
FADS1	20093	FADS1-201	MANE
FADS2	20094	FADS2-202	MANE
FADS3	20100	FADS3-201	MANE
FADS6	20103	FADS6-203	MANE
FAF1	20105	FAF1-201	MANE
FAF2	20106	FAF2-201	MANE
FAH	20107	FAH-213	MANE
FAHD1	20117	FAHD1-203	MANE
FAHD2A	20119	FAHD2A-201	MANE
FAHD2B	20123	FAHD2B-202	MANE
FAIM	20125	FAIM-202	MANE
FAIM2	20131	FAIM2-201	MANE
FAM104A	20134	FAM104A-202	MANE
FAM104B	20136	FAM104B-208	MANE
FAM106A	20140	FAM106A-203	longest_CDS
FAM106C	20142	FAM106C-201	Ensembl
FAM107A	20143	FAM107A-201	MANE
FAM107B	20147	FAM107B-205	longest_CDS
FAM110A	20154	FAM110A-204	MANE
FAM110B	20156	FAM110B-203	MANE
FAM110C	20157	FAM110C-201	MANE
FAM111A	20158	FAM111A-202	longest_CDS
FAM111A-DT			no_CDS
FAM111B	20165	FAM111B-201	MANE
FAM114A1	20167	FAM114A1-201	MANE
FAM114A2	20168	FAM114A2-201	MANE
FAM117A	20170	FAM117A-201	MANE
FAM117B	20171	FAM117B-201	MANE
FAM118A	20173	FAM118A-205	MANE
FAM118B	20177	FAM118B-209	MANE
FAM120A	20182	FAM120A-201	MANE
FAM120AOS	20183	FAM120AOS-201	MANE
FAM120B	20195	FAM120B-201	MANE
FAM120C	20199	FAM120C-202	MANE
FAM124A	20205	FAM124A-202	MANE
FAM124B	20207	FAM124B-203	MANE
FAM131A	20214	FAM131A-203	MANE
FAM131B	20216	FAM131B-206	MANE
FAM131B-AS2	20219	FAM131B-AS2-201	Ensembl
FAM131C	20220	FAM131C-201	MANE
FAM133A	20222	FAM133A-203	MANE
FAM133B	20225	FAM133B-204	MANE
FAM135A	20230	FAM135A-205	MANE
FAM135B	20241	FAM135B-204	MANE
FAM136A	20243	FAM136A-201	APPRIS
FAM13A	20253	FAM13A-201	MANE
FAM13A-AS1	20255	FAM13A-AS1-201	Ensembl
FAM13B	20263	FAM13B-212	MANE
FAM13B-AS1	20264	FAM13B-AS1-201	Ensembl
FAM13C	20265	FAM13C-217	MANE
FAM149A	20275	FAM149A-202	longest_CDS
FAM149B1	20283	FAM149B1-201	MANE
FAM151B	20285	FAM151B-201	MANE
FAM151B-DT			no_CDS
FAM153A	20290	FAM153A-223	longest_CDS
FAM153CP	20301	FAM153CP-232	longest_CDS
FAM156A	20318	FAM156A-221	MANE
FAM156B	20326	FAM156B-201	MANE
FAM157C			no_CDS
FAM157D	20331	FAM157D-204	Ensembl
FAM161A	20333	FAM161A-202	MANE
FAM161B	20336	FAM161B-201	MANE
FAM162A	20342	FAM162A-203	MANE
FAM162B	20344	FAM162B-201	MANE
FAM163A	20345	FAM163A-201	MANE
FAM163B	20346	FAM163B-202	MANE
FAM167A	20347	FAM167A-201	MANE
FAM168A	20350	FAM168A-202	MANE
FAM168B	20353	FAM168B-201	MANE
FAM169A	20356	FAM169A-207	MANE
FAM169A-AS1	20357	FAM169A-AS1-201	Ensembl
FAM171A1	20360	FAM171A1-201	MANE
FAM171A2	20361	FAM171A2-201	MANE
FAM171B	20362	FAM171B-201	MANE
FAM172A	20365	FAM172A-201	MANE
FAM174A	20369	FAM174A-201	MANE
FAM174A-DT	20371	FAM174A-DT-203	Ensembl
FAM174B	20372	FAM174B-201	MANE
FAM174C	20373	FAM174C-201	MANE
FAM177A1	20376	FAM177A1-201	MANE
FAM178B	20382	FAM178B-204	MANE
FAM180B	20384	FAM180B-201	MANE
FAM181A	20386	FAM181A-203	MANE
FAM181B	20387	FAM181B-201	MANE
FAM182B	20388	FAM182B-217	longest_CDS
FAM184A	20389	FAM184A-201	MANE
FAM184B	20399	FAM184B-201	MANE
FAM185A	20403	FAM185A-202	MANE
FAM187A	20408	FAM187A-201	Ensembl
FAM193A	20411	FAM193A-211	MANE
FAM193B	20416	FAM193B-217	MANE
FAM193B-DT	20419	FAM193B-DT-201	Ensembl
FAM199X	20421	FAM199X-202	MANE
FAM200A	20422	FAM200A-202	MANE
FAM200B	20433	FAM200B-201	MANE
FAM200C	20437	FAM200C-201	MANE
FAM201A	20440	FAM201A-205	Ensembl
FAM204A	20446	FAM204A-203	MANE
FAM20A	20449	FAM20A-205	MANE
FAM20B	20451	FAM20B-201	MANE
FAM20C	20454	FAM20C-201	MANE
FAM210A	20459	FAM210A-202	longest_CDS
FAM210B	20463	FAM210B-201	MANE
FAM215B	20465	FAM215B-201	Ensembl
FAM216A	20468	FAM216A-201	MANE
FAM216B	20469	FAM216B-201	MANE
FAM217B	20471	FAM217B-202	MANE
FAM218A	20474	FAM218A-201	Ensembl
FAM219A	20475	FAM219A-201	longest_CDS
FAM219B	20479	FAM219B-201	MANE
FAM221A	20487	FAM221A-201	MANE
FAM222A	20488	FAM222A-202	MANE
FAM222B	20489	FAM222B-208	MANE
FAM223A	20496	FAM223A-201	Ensembl
FAM223B	20497	FAM223B-201	Ensembl
FAM225A	20499	FAM225A-201	Ensembl
FAM225B	20500	FAM225B-202	longest_CDS
FAM226B	20501	FAM226B-201	Ensembl
FAM227A	20503	FAM227A-205	MANE
FAM227B	20506	transcript63004.chr15.nic	longest_CDS
FAM228B			no_CDS
FAM229A	20509	FAM229A-204	MANE
FAM229B	20511	FAM229B-201	MANE
FAM234A	20515	FAM234A-203	MANE
FAM234B	20519	FAM234B-201	MANE
FAM238C			no_CDS
FAM241A	20522	FAM241A-201	MANE
FAM241B	20523	FAM241B-201	MANE
FAM246C	20525	FAM246C-201	Ensembl
FAM24B	20526	FAM24B-202	MANE
FAM27C	20531	FAM27C-217	longest_CDS
FAM32A	20537	FAM32A-201	MANE
FAM3A	20541	FAM3A-215	MANE
FAM3C	20546	FAM3C-201	MANE
FAM43A	20547	FAM43A-201	MANE
FAM43B	20548	FAM43B-201	MANE
FAM47A	20549	FAM47A-201	MANE
FAM47E	20551	FAM47E-201	MANE
FAM50A	20557	FAM50A-202	MANE
FAM50B	20562	FAM50B-202	MANE
FAM53A	20563	FAM53A-201	MANE
FAM53B	20565	FAM53B-202	MANE
FAM53C	20570	FAM53C-201	MANE
FAM66A			no_CDS
FAM66B	20573	FAM66B-207	Ensembl
FAM66C	20577	FAM66C-204	Ensembl
FAM66D	20581	FAM66D-211	longest_CDS
FAM72A			no_CDS
FAM76A	20583	FAM76A-204	MANE
FAM76B	20588	FAM76B-201	MANE
FAM78A	20595	FAM78A-203	MANE
FAM78B	20597	FAM78B-202	MANE
FAM81A	20600	FAM81A-201	MANE
FAM81B	20602	transcript132029.chr5.nic	longest_CDS
FAM83D	20603	FAM83D-201	longest_CDS
FAM83G	20604	FAM83G-201	MANE
FAM86B3P			no_CDS
FAM86C2P	20608	FAM86C2P-205	Ensembl
FAM86DP	20612	FAM86DP-230	Ensembl
FAM86EP	20618	transcript13545.chr4.nnic	longest_CDS
FAM86JP	20620	FAM86JP-203	longest_CDS
FAM87A	20624	FAM87A-201	Ensembl
FAM87B	20625	FAM87B-201	Ensembl
FAM88C			no_CDS
FAM89A	20627	FAM89A-201	MANE
FAM89B	20628	FAM89B-203	MANE
FAM8A1	20630	FAM8A1-201	MANE
FAM90A1	20631	FAM90A1-203	MANE
FAM91A1	20633	FAM91A1-201	MANE
FAM95A	20635	FAM95A-205	longest_CDS
FAM95B1	20636	FAM95B1-213	longest_CDS
FAM98A	20638	FAM98A-201	MANE
FAM98B	20645	FAM98B-202	MANE
FAM98C	20649	FAM98C-201	MANE
FAN1	20672	FAN1-201	MANE
FANCA	20681	FANCA-202	MANE
FANCB	20687	FANCB-212	longest_CDS
FANCC	20689	FANCC-201	MANE
FANCD2	20694	FANCD2-201	longest_CDS
FANCE	20695	FANCE-201	MANE
FANCF	20696	FANCF-201	MANE
FANCG	20701	FANCG-201	MANE
FANCI	20706	FANCI-222	longest_CDS
FANCL	20715	FANCL-201	MANE
FANCM	20757	FANCM-201	MANE
FANK1	20760	transcript212885.chr10.nnic	longest_CDS
FAP	20761	FAP-201	MANE
FAR1	20765	FAR1-201	MANE
FAR2	20772	FAR2-202	MANE
FARP1	20784	FARP1-201	MANE
FARP2	20785	FARP2-201	MANE
FARS2	20788	FARS2-201	MANE
FARSA	20793	FARSA-201	MANE
FARSB	20797	FARSB-201	MANE
FAS	20801	FAS-221	MANE
FASN	20811	FASN-201	MANE
FASTK	20814	FASTK-201	MANE
FASTKD1	20823	FASTKD1-204	MANE
FASTKD2	20832	FASTKD2-202	MANE
FASTKD3	20835	FASTKD3-201	MANE
FASTKD5	20838	FASTKD5-201	MANE
FAT1	20840	FAT1-201	MANE
FAT3	20842	FAT3-204	MANE
FAT4	20849	FAT4-202	MANE
FAU	20850	FAU-207	MANE
FAXC	20853	FAXC-201	MANE
FAXDC2	20854	FAXDC2-201	MANE
FBF1	20860	FBF1-211	MANE
FBH1	20864	FBH1-201	MANE
FBL	20867	FBL-201	MANE
FBLL1	20868	FBLL1-201	MANE
FBLN1	20870	FBLN1-202	MANE
FBLN2	20872	FBLN2-203	MANE
FBLN5	20874	FBLN5-202	MANE
FBLN7	20878	FBLN7-202	MANE
FBN1	20889	FBN1-201	MANE
FBN2	20892	FBN2-201	MANE
FBP1	20894	FBP1-201	MANE
FBRS	20895	transcript77373.chr16.nic	longest_CDS
FBRSL1	20898	FBRSL1-204	longest_CDS
FBXL12	20899	FBXL12-201	MANE
FBXL13	20903	FBXL13-204	Ensembl
FBXL14	20906	FBXL14-201	MANE
FBXL15	20909	FBXL15-201	MANE
FBXL16	20912	FBXL16-201	MANE
FBXL17	20914	FBXL17-204	MANE
FBXL18	20919	FBXL18-201	MANE
FBXL19-AS1	20920	FBXL19-AS1-201	Ensembl
FBXL2	20923	FBXL2-216	MANE
FBXL20	20928	FBXL20-201	MANE
FBXL3	20931	FBXL3-201	MANE
FBXL4	20932	FBXL4-202	MANE
FBXL5	20936	FBXL5-201	MANE
FBXL6	20938	FBXL6-208	longest_CDS
FBXL7	20940	FBXL7-201	longest_CDS
FBXL8	20941	FBXL8-201	MANE
FBXO10	20944	FBXO10-202	MANE
FBXO11	20947	FBXO11-202	MANE
FBXO15	20958	FBXO15-201	MANE
FBXO16	20960	FBXO16-202	MANE
FBXO17	20963	FBXO17-201	MANE
FBXO2	20967	FBXO2-201	MANE
FBXO21	20969	FBXO21-207	MANE
FBXO22	20972	FBXO22-201	MANE
FBXO25	20975	FBXO25-202	MANE
FBXO27	20982	FBXO27-201	MANE
FBXO28	20984	FBXO28-201	MANE
FBXO3	20988	FBXO3-201	MANE
FBXO30	20990	FBXO30-201	MANE
FBXO31	20992	FBXO31-201	MANE
FBXO32	20995	FBXO32-203	MANE
FBXO33	20999	FBXO33-201	MANE
FBXO34	21001	FBXO34-201	MANE
FBXO36	21007	FBXO36-201	MANE
FBXO38	21014	FBXO38-202	MANE
FBXO38-DT	21023	FBXO38-DT-206	longest_CDS
FBXO4	21025	FBXO4-201	MANE
FBXO40	21027	FBXO40-201	MANE
FBXO41	21028	transcript97842.chr2.nnic	longest_CDS
FBXO42	21029	FBXO42-201	MANE
FBXO43	21032	FBXO43-201	MANE
FBXO44	21037	FBXO44-202	MANE
FBXO45	21039	FBXO45-201	MANE
FBXO46	21041	FBXO46-201	MANE
FBXO48	21042	FBXO48-201	MANE
FBXO5	21043	FBXO5-202	longest_CDS
FBXO6	21044	FBXO6-201	MANE
FBXO7	21049	FBXO7-201	MANE
FBXO8	21050	FBXO8-201	MANE
FBXO9	21053	FBXO9-202	MANE
FBXW10B	21055	FBXW10B-204	MANE
FBXW11	21064	FBXW11-204	MANE
FBXW2	21067	FBXW2-203	MANE
FBXW4	21072	FBXW4-201	MANE
FBXW5	21076	FBXW5-201	MANE
FBXW7	21082	FBXW7-201	MANE
FBXW8	21091	FBXW8-204	MANE
FBXW9	21093	FBXW9-201	MANE
FCER1G	21094	FCER1G-201	MANE
FCF1	21095	FCF1-201	MANE
FCGBP	21097	FCGBP-202	Ensembl
FCGR1A	21098	FCGR1A-201	MANE
FCGR1BP	21101	FCGR1BP-204	Ensembl
FCGR2A	21106	FCGR2A-201	MANE
FCGR2B	21107	FCGR2B-201	longest_CDS
FCGR2C	21108	transcript249071.chr1.nnic	longest_CDS
FCGR3A	21110	FCGR3A-205	MANE
FCGRT	21114	FCGRT-201	MANE
FCHO1	21119	FCHO1-253	longest_CDS
FCHO2	21126	FCHO2-202	MANE
FCHSD1	21127	FCHSD1-201	MANE
FCHSD2	21135	FCHSD2-204	MANE
FCMR	21136	FCMR-201	MANE
FCRLA	21138	FCRLA-210	longest_CDS
FCRLB	21139	FCRLB-205	MANE
FCSK	21142	FCSK-201	MANE
FDFT1	21145	FDFT1-201	MANE
FDPS	21154	FDPS-202	MANE
FDX1	21161	FDX1-201	MANE
FDX2	21163	FDX2-202	MANE
FDXACB1	21166	FDXACB1-201	MANE
FDXR	21169	FDXR-201	MANE
FECH	21175	FECH-201	MANE
FEM1A	21178	FEM1A-201	MANE
FEM1B	21179	FEM1B-201	MANE
FEM1C	21181	FEM1C-201	MANE
FEN1	21183	FEN1-201	MANE
FENDRR			no_CDS
FER	21187	FER-201	MANE
FER1L5	21190	transcript209893.chr2.nnic	longest_CDS
FER1L6	21191	FER1L6-201	MANE
FER1L6-AS2	21192	FER1L6-AS2-203	Ensembl
FERMT1	21195	FERMT1-201	MANE
FERMT2	21201	FERMT2-201	MANE
FERMT3	21206	FERMT3-202	MANE
FES	21212	FES-201	MANE
FEZ1	21214	FEZ1-201	MANE
FEZ2	21220	FEZ2-204	MANE
FFAR1	21223	FFAR1-201	MANE
FFAR4	21224	FFAR4-201	MANE
FGD1	21225	FGD1-201	MANE
FGD2	21230	FGD2-201	MANE
FGD3	21232	FGD3-202	MANE
FGD4	21242	FGD4-212	MANE
FGD5	21247	FGD5-201	MANE
FGD5-AS1			no_CDS
FGD5P1	21256	FGD5P1-202	Ensembl
FGD6	21257	FGD6-201	MANE
FGF1	21258	FGF1-201	MANE
FGF10	21264	FGF10-201	MANE
FGF11	21267	FGF11-201	MANE
FGF12	21269	FGF12-207	longest_CDS
FGF13	21273	FGF13-202	MANE
FGF14	21279	FGF14-202	MANE
FGF14-AS2	21280	FGF14-AS2-201	Ensembl
FGF14-IT1			no_CDS
FGF17	21282	FGF17-201	MANE
FGF18	21285	FGF18-201	MANE
FGF2	21286	FGF2-202	APPRIS
FGF22			no_CDS
FGF5	21290	FGF5-201	MANE
FGF7	21291	FGF7-201	MANE
FGF9	21292	FGF9-201	MANE
FGFBP2	21293	FGFBP2-201	MANE
FGFR1	21298	FGFR1-214	MANE
FGFR1OP2	21310	FGFR1OP2-201	MANE
FGFR2	21322	FGFR2-206	MANE
FGFR3	21323	FGFR3-205	MANE
FGFR4	21325	FGFR4-201	MANE
FGFRL1	21326	FGFRL1-205	MANE
FGGY	21327	FGGY-201	MANE
FGL1	21328	transcript56668.chr8.nnic	longest_CDS
FGL2	21329	FGL2-201	MANE
FGR	21331	FGR-203	MANE
FH	21333	FH-201	MANE
FHAD1	21340	FHAD1-223	longest_CDS
FHDC1	21341	FHDC1-201	MANE
FHIP1A	21342	FHIP1A-201	MANE
FHIP1B	21343	FHIP1B-203	longest_CDS
FHIP2A	21346	FHIP2A-203	longest_CDS
FHIP2B	21348	FHIP2B-201	MANE
FHIT	21356	FHIT-207	MANE
FHL1	21362	FHL1-205	longest_CDS
FHL2	21373	FHL2-211	MANE
FHL3	21380	FHL3-201	MANE
FHL5	21381	FHL5-202	MANE
FHOD3	21382	FHOD3-206	MANE
FIBCD1	21388	FIBCD1-202	MANE
FIBIN	21389	FIBIN-201	MANE
FIBP	21390	FIBP-202	MANE
FICD	21395	FICD-204	MANE
FIG4	21409	FIG4-201	MANE
FIGN	21415	FIGN-201	MANE
FIGNL1	21418	FIGNL1-206	MANE
FILIP1	21423	FILIP1-201	MANE
FILIP1L	21426	FILIP1L-208	MANE
FIP1L1	21442	FIP1L1-202	MANE
FIRRE	21460	FIRRE-206	Ensembl
FIS1	21464	FIS1-201	MANE
FITM2	21467	FITM2-201	MANE
FIZ1	21470	FIZ1-201	MANE
FJX1	21471	FJX1-201	MANE
FKBP10	21472	FKBP10-201	MANE
FKBP11	21474	FKBP11-210	longest_CDS
FKBP14	21476	FKBP14-201	MANE
FKBP14-AS1	21477	FKBP14-AS1-202	Ensembl
FKBP15	21480	FKBP15-222	longest_CDS
FKBP1A	21495	FKBP1A-204	MANE
FKBP1B	21503	FKBP1B-201	MANE
FKBP2	21506	FKBP2-201	MANE
FKBP3	21508	FKBP3-201	longest_CDS
FKBP4	21509	FKBP4-201	MANE
FKBP5	21510	FKBP5-201	MANE
FKBP7	21515	FKBP7-204	MANE
FKBP8	21516	FKBP8-213	MANE
FKBP9	21522	FKBP9-201	MANE
FKBPL	21524	FKBPL-201	MANE
FKRP	21525	FKRP-201	MANE
FKTN	21531	FKTN-202	MANE
FLACC1	21533	FLACC1-208	longest_CDS
FLAD1	21541	FLAD1-201	MANE
FLCN	21549	FLCN-201	MANE
FLG	21550	FLG-201	MANE
FLG-AS1			no_CDS
FLI1	21557	FLI1-205	MANE
FLII	21561	FLII-201	MANE
FLJ16779	21566	FLJ16779-201	Ensembl
FLJ20021	21568	FLJ20021-202	Ensembl
FLJ46284			no_CDS
FLNA	21572	FLNA-202	MANE
FLNB	21582	FLNB-226	longest_CDS
FLNC	21589	FLNC-201	MANE
FLOT1	21593	FLOT1-201	MANE
FLOT2	21595	FLOT2-202	MANE
FLRT1	21600	FLRT1-202	MANE
FLRT2	21607	FLRT2-201	MANE
FLRT2-AS1	21610	FLRT2-AS1-203	Ensembl
FLRT3	21614	FLRT3-201	MANE
FLT1	21616	FLT1-201	MANE
FLT3	21620	FLT3-201	MANE
FLT3LG	21622	FLT3LG-206	MANE
FLVCR1	21623	FLVCR1-201	MANE
FLVCR1-DT	21625	FLVCR1-DT-201	Ensembl
FLVCR2	21626	FLVCR2-201	MANE
FLYWCH1	21627	FLYWCH1-201	MANE
FLYWCH2	21633	FLYWCH2-202	MANE
FMC1	21634	FMC1-201	MANE
FMN1	21640	FMN1-211	MANE
FMN2	21648	FMN2-201	MANE
FMNL1	21651	FMNL1-201	MANE
FMNL1-AS1	21652	FMNL1-AS1-202	Ensembl
FMNL1-DT	21655	FMNL1-DT-205	longest_CDS
FMNL2	21657	FMNL2-201	MANE
FMNL3	21660	FMNL3-201	MANE
FMO2	21663	FMO2-201	MANE
FMO4	21664	FMO4-201	MANE
FMO5	21668	FMO5-201	MANE
FMOD	21671	FMOD-201	MANE
FMR1	21684	FMR1-205	MANE
FMR1-AS1			no_CDS
FN1	21688	FN1-209	longest_CDS
FN3K	21693	FN3K-201	MANE
FN3KRP	21696	FN3KRP-201	MANE
FNBP1	21703	FNBP1-202	MANE
FNBP1L	21707	FNBP1L-202	MANE
FNBP4	21714	FNBP4-201	MANE
FNDC10	21719	FNDC10-201	MANE
FNDC3A	21723	FNDC3A-204	MANE
FNDC3B	21725	FNDC3B-202	MANE
FNDC4	21732	FNDC4-201	MANE
FNDC5	21733	FNDC5-205	longest_CDS
FNDC9	21734	FNDC9-201	MANE
FNIP1	21738	FNIP1-203	MANE
FNIP2	21741	FNIP2-201	MANE
FNTA	21743	FNTA-201	MANE
FNTB	21746	FNTB-201	MANE
FOCAD	21754	FOCAD-201	MANE
FOLH1	21757	FOLH1-201	MANE
FOLR2	21762	FOLR2-201	MANE
FOS	21763	FOS-201	MANE
FOSB	21765	FOSB-201	MANE
FOSL1	21767	FOSL1-201	MANE
FOSL2	21768	FOSL2-201	MANE
FOXC1	21769	FOXC1-201	MANE
FOXD2	21770	FOXD2-201	MANE
FOXD2-AS1	21771	FOXD2-AS1-201	Ensembl
FOXD4	21772	FOXD4-201	MANE
FOXD4L1	21773	FOXD4L1-201	MANE
FOXD4L3	21774	FOXD4L3-201	MANE
FOXD4L5	21775	FOXD4L5-201	MANE
FOXD4L6	21776	FOXD4L6-201	MANE
FOXF2	21777	FOXF2-201	MANE
FOXG1	21778	FOXG1-201	MANE
FOXG1-AS1	21779	FOXG1-AS1-205	Ensembl
FOXH1	21781	FOXH1-201	MANE
FOXJ2	21782	FOXJ2-201	MANE
FOXJ3	21785	FOXJ3-201	MANE
FOXK1	21789	FOXK1-201	MANE
FOXK2	21792	FOXK2-201	MANE
FOXL1	21794	FOXL1-201	MANE
FOXN2	21795	FOXN2-201	MANE
FOXN3	21800	FOXN3-214	MANE
FOXN3-AS2	21804	FOXN3-AS2-201	Ensembl
FOXO1	21805	FOXO1-201	MANE
FOXO3	21808	FOXO3-202	MANE
FOXO3B	21810	FOXO3B-201	MANE
FOXO4	21813	FOXO4-202	MANE
FOXP1	21819	FOXP1-254	MANE
FOXP1-DT	21843	FOXP1-DT-201	Ensembl
FOXP1-IT1	21844	FOXP1-IT1-201	Ensembl
FOXP2	21852	FOXP2-201	MANE
FOXQ1	21855	FOXQ1-201	MANE
FOXRED1	21863	FOXRED1-201	MANE
FOXRED2	21874	FOXRED2-204	MANE
FOXS1	21884	FOXS1-201	MANE
FPGS	21886	FPGS-203	MANE
FPGT	21890	FPGT-202	MANE
FPR1	21893	FPR1-201	MANE
FPR3	21894	FPR3-201	MANE
FRA10AC1	21900	FRA10AC1-201	MANE
FRAS1	21901	FRAS1-206	MANE
FRAT1	21904	FRAT1-201	MANE
FRAT2	21905	FRAT2-201	MANE
FREM1	21906	FREM1-202	MANE
FREM2	21908	FREM2-201	MANE
FREM3	21909	FREM3-201	MANE
FRG1	21910	FRG1-201	MANE
FRG1-DT			no_CDS
FRK	21913	FRK-201	MANE
FRMD3	21916	FRMD3-201	MANE
FRMD4A	21917	FRMD4A-203	MANE
FRMD4B	21923	FRMD4B-201	MANE
FRMD5	21927	FRMD5-202	MANE
FRMD6	21931	FRMD6-201	MANE
FRMD6-AS2			no_CDS
FRMD8	21933	FRMD8-201	MANE
FRMPD1	21934	FRMPD1-202	MANE
FRMPD2	21935	FRMPD2-202	MANE
FRMPD4	21939	FRMPD4-211	MANE
FRRS1	21940	transcript165165.chr1.nnic	longest_CDS
FRRS1L	21944	FRRS1L-201	MANE
FRS2	21949	FRS2-206	MANE
FRS3	21950	FRS3-202	MANE
FRY	21951	FRY-211	longest_CDS
FRYL	21962	FRYL-202	MANE
FRZB	21967	FRZB-201	MANE
FSBP	21968	FSBP-201	MANE
FSCN1	21970	FSCN1-201	MANE
FSD1	21972	FSD1-201	MANE
FSD1L	21976	FSD1L-205	MANE
FSHR	21978	FSHR-202	MANE
FSIP1	21983	FSIP1-201	MANE
FSIP2	21985	FSIP2-202	MANE
FST	21986	FST-201	MANE
FSTL1	21988	FSTL1-201	MANE
FSTL3	21994	FSTL3-201	MANE
FSTL4	21997	FSTL4-201	MANE
FSTL5	21998	FSTL5-201	MANE
FTCD	22001	FTCD-201	APPRIS
FTCDNL1	22004	FTCDNL1-202	MANE
FTH1	22010	FTH1-201	MANE
FTL	22012	FTL-201	MANE
FTO	22016	FTO-206	MANE
FTSJ1	22017	FTSJ1-202	MANE
FTSJ3	22019	FTSJ3-201	MANE
FTX	22022	FTX-210	longest_CDS
FUBP1	22036	FUBP1-203	MANE
FUBP3	22041	FUBP3-201	MANE
FUCA1	22049	FUCA1-201	MANE
FUCA2	22050	FUCA2-201	MANE
FUNDC1	22051	FUNDC1-201	MANE
FUNDC2	22053	FUNDC2-201	MANE
FUOM	22054	FUOM-201	MANE
FURIN	22056	FURIN-201	MANE
FUS	22062	FUS-201	MANE
FUT1	22063	FUT1-206	MANE
FUT10	22066	FUT10-201	MANE
FUT11	22070	FUT11-201	MANE
FUT2	22073	FUT2-201	MANE
FUT4	22074	FUT4-201	MANE
FUT8	22078	FUT8-216	MANE
FUT8-AS1	22079	FUT8-AS1-201	Ensembl
FUT9	22080	FUT9-201	MANE
FUZ	22083	FUZ-201	MANE
FXN	22086	FXN-203	MANE
FXR1	22092	FXR1-202	MANE
FXR2	22097	transcript16156.chr17.nic	longest_CDS
FXYD1	22101	FXYD1-201	MANE
FXYD5	22102	FXYD5-204	MANE
FXYD6	22106	FXYD6-204	MANE
FXYD7	22109	FXYD7-201	MANE
FYB1	22112	FYB1-208	MANE
FYCO1	22115	FYCO1-201	MANE
FYN	22116	FYN-202	MANE
FYTTD1	22121	FYTTD1-201	MANE
FZD1	22122	FZD1-201	MANE
FZD2	22123	FZD2-201	MANE
FZD3	22125	FZD3-201	MANE
FZD4	22126	FZD4-201	MANE
FZD4-DT			no_CDS
FZD5	22129	FZD5-201	MANE
FZD6	22133	FZD6-201	MANE
FZD7	22134	FZD7-201	MANE
FZD8	22135	FZD8-201	MANE
FZD9	22136	FZD9-201	MANE
FZR1	22138	FZR1-203	MANE
G0S2	22139	G0S2-201	MANE
G2E3	22141	G2E3-201	MANE
G3BP1	22157	G3BP1-201	MANE
G3BP2	22187	G3BP2-202	MANE
G6PC3	22191	G6PC3-201	MANE
G6PD	22195	G6PD-214	longest_CDS
GAA	22203	GAA-201	MANE
GAB1	22207	GAB1-201	MANE
GAB2	22214	GAB2-202	MANE
GAB3	22216	transcript164377.chrX.nnic	longest_CDS
GABARAP	22220	GABARAP-201	MANE
GABARAPL1	22223	GABARAPL1-201	MANE
GABARAPL2	22226	GABARAPL2-201	MANE
GABBR1	22233	GABBR1-204	MANE
GABBR2	22238	GABBR2-201	MANE
GABPA	22243	GABPA-202	MANE
GABPB1	22246	GABPB1-203	MANE
GABPB1-AS1	22248	GABPB1-AS1-202	Ensembl
GABPB1-IT1	22256	GABPB1-IT1-201	Ensembl
GABPB2	22258	GABPB2-202	MANE
GABRA1	22261	GABRA1-202	MANE
GABRA2	22274	GABRA2-202	MANE
GABRA3	22281	GABRA3-201	MANE
GABRA4	22283	GABRA4-201	MANE
GABRA5	22287	GABRA5-201	MANE
GABRA6	22290	GABRA6-201	MANE
GABRB1	22292	GABRB1-201	MANE
GABRB2	22298	GABRB2-218	APPRIS
GABRB3	22307	GABRB3-202	MANE
GABRD	22313	GABRD-201	MANE
GABRE	22314	GABRE-201	MANE
GABRG1	22316	GABRG1-201	MANE
GABRG2	22319	GABRG2-215	MANE
GABRG3	22333	GABRG3-208	MANE
GABRQ	22337	transcript162074.chrX.nnic	longest_CDS
GABRR2	22339	GABRR2-201	MANE
GAD1	22342	GAD1-202	MANE
GAD2	22346	GAD2-203	MANE
GADD45A	22349	GADD45A-202	MANE
GADD45B	22350	GADD45B-201	MANE
GADD45G	22354	GADD45G-201	MANE
GADD45GIP1	22355	GADD45GIP1-201	MANE
GAK	22357	GAK-201	MANE
GAL3ST1	22364	GAL3ST1-205	MANE
GAL3ST3	22369	GAL3ST3-201	MANE
GAL3ST4	22370	GAL3ST4-201	MANE
GALC	22372	GALC-201	MANE
GALE	22373	GALE-216	MANE
GALK1	22377	GALK1-205	MANE
GALK2	22381	GALK2-216	MANE
GALM	22383	GALM-201	MANE
GALNS	22384	GALNS-201	MANE
GALNT1	22389	GALNT1-201	MANE
GALNT10	22394	GALNT10-201	MANE
GALNT11	22395	GALNT11-205	MANE
GALNT12	22399	GALNT12-201	MANE
GALNT13	22402	GALNT13-201	MANE
GALNT14	22407	GALNT14-202	MANE
GALNT15	22411	GALNT15-201	MANE
GALNT16	22418	GALNT16-202	MANE
GALNT17	22419	GALNT17-204	longest_CDS
GALNT18	22421	GALNT18-201	MANE
GALNT2	22422	GALNT2-201	MANE
GALNT3	22425	GALNT3-201	MANE
GALNT4	22426	GALNT4-201	MANE
GALNT6	22428	GALNT6-202	APPRIS
GALNT7	22430	GALNT7-201	MANE
GALNT7-DT			no_CDS
GALNT8			no_CDS
GALNT9	22437	GALNT9-201	MANE
GALNTL6	22442	GALNTL6-203	MANE
GALR1	22443	GALR1-201	MANE
GALT	22448	GALT-201	MANE
GAMT	22450	GAMT-201	MANE
GAN	22451	GAN-203	MANE
GANAB	22453	GANAB-202	MANE
GANC	22458	GANC-201	MANE
GAP43	22463	GAP43-201	MANE
GAPDH	22471	GAPDH-201	MANE
GAPLINC			no_CDS
GAPVD1	22483	GAPVD1-201	MANE
GAR1	22485	GAR1-201	MANE
GAREM1	22488	GAREM1-201	MANE
GAREM2	22489	GAREM2-202	longest_CDS
GARIN5A	22491	GARIN5A-204	MANE
GARNL3	22493	GARNL3-202	MANE
GARRE1	22500	GARRE1-201	MANE
GARS1	22510	GARS1-201	MANE
GARS1-DT	22514	GARS1-DT-203	Ensembl
GART	22536	GART-203	MANE
GAS1	22539	GAS1-201	MANE
GAS1RR			no_CDS
GAS2	22541	GAS2-202	MANE
GAS2L1	22546	GAS2L1-208	MANE
GAS2L3	22550	GAS2L3-201	APPRIS
GAS5	22555	GAS5-269	longest_CDS
GAS6	22570	GAS6-201	MANE
GAS6-AS1	22572	GAS6-AS1-201	Ensembl
GAS6-DT	22573	GAS6-DT-203	Ensembl
GAS7	22574	GAS7-203	MANE
GAS8	22581	GAS8-201	MANE
GAS8-AS1	22587	GAS8-AS1-201	Ensembl
GASK1A	22590	GASK1A-202	MANE
GASK1B	22593	GASK1B-203	MANE
GASK1B-AS1	22595	transcript193799.chr4.nic	longest_CDS
GATAD1	22599	GATAD1-201	MANE
GATAD2A	22600	GATAD2A-205	longest_CDS
GATAD2B	22603	GATAD2B-201	MANE
GATB	22606	GATB-201	MANE
GATC	22610	GATC-203	MANE
GATD1	22612	GATD1-201	MANE
GATD1-DT	22614	GATD1-DT-203	Ensembl
GATD3	22618	GATD3-201	MANE
GATM	22623	GATM-201	MANE
GBA1	22628	GBA1-202	MANE
GBA2	22630	GBA2-203	MANE
GBAP1	22642	GBAP1-227	longest_CDS
GBE1	22643	GBE1-201	MANE
GBF1	22645	GBF1-223	longest_CDS
GBGT1	22659	GBGT1-203	MANE
GBP1	22662	GBP1-201	MANE
GBP2	22665	GBP2-201	MANE
GBP3	22668	GBP3-202	MANE
GBP4	22670	GBP4-201	MANE
GBP5	22674	GBP5-201	MANE
GBP6	22675	GBP6-201	MANE
GCA	22679	GCA-204	MANE
GCAT	22681	GCAT-201	MANE
GCC1	22685	GCC1-201	MANE
GCC2	22693	GCC2-201	MANE
GCDH	22705	GCDH-201	MANE
GCFC2	22711	GCFC2-201	MANE
GCH1	22712	GCH1-204	MANE
GCHFR	22713	GCHFR-201	MANE
GCK	22717	GCK-204	MANE
GCLC	22720	GCLC-214	MANE
GCLM	22724	GCLM-201	MANE
GCN1	22727	GCN1-201	MANE
GCNA	22728	GCNA-202	MANE
GCNT1	22729	GCNT1-201	MANE
GCNT2	22732	GCNT2-203	longest_CDS
GCNT4	22736	GCNT4-202	MANE
GCOM1	22737	GCOM1-215	longest_CDS
GCSH	22741	GCSH-201	MANE
GDA	22743	GDA-202	MANE
GDAP1	22751	GDAP1-201	MANE
GDAP1L1	22778	GDAP1L1-201	MANE
GDAP2	22780	GDAP2-202	MANE
GDE1	22782	GDE1-201	MANE
GDF10	22784	GDF10-201	MANE
GDF11	22785	GDF11-201	MANE
GDF15	22787	GDF15-201	MANE
GDF5	22788	GDF5-201	MANE
GDF7	22789	GDF7-201	MANE
GDF9	22790	GDF9-207	MANE
GDI1	22792	GDI1-204	MANE
GDI2	22794	GDI2-203	MANE
GDNF	22798	GDNF-201	MANE
GDNF-AS1			no_CDS
GDPD1	22803	GDPD1-201	MANE
GDPD2	22807	GDPD2-201	MANE
GDPD3	22808	GDPD3-201	longest_CDS
GDPD5	22810	GDPD5-201	MANE
GDPGP1	22812	GDPGP1-201	MANE
GEM	22814	GEM-201	MANE
GEMIN2	22817	GEMIN2-202	MANE
GEMIN4	22819	GEMIN4-201	MANE
GEMIN5	22820	GEMIN5-201	MANE
GEMIN6	22822	GEMIN6-201	MANE
GEMIN7	22823	GEMIN7-201	MANE
GEMIN8	22826	GEMIN8-206	MANE
GEN1	22835	GEN1-202	MANE
GET1	22840	GET1-218	MANE
GET3	22842	GET3-203	APPRIS
GET4	22844	GET4-201	MANE
GFAP	22851	GFAP-214	MANE
GFER	22856	GFER-201	MANE
GFM1	22858	GFM1-210	MANE
GFM2	22864	GFM2-201	MANE
GFOD1	22867	GFOD1-203	MANE
GFOD2	22870	GFOD2-201	MANE
GFPT1	22875	GFPT1-201	MANE
GFPT2	22878	GFPT2-201	MANE
GFRA1	22882	GFRA1-201	MANE
GFRA2	22885	GFRA2-208	MANE
GFUS	22887	GFUS-201	MANE
GGA1	22892	GGA1-203	MANE
GGA2	22894	GGA2-201	MANE
GGA3	22902	GGA3-201	MANE
GGACT	22906	GGACT-207	MANE
GGCT	22907	GGCT-202	MANE
GGCX	22911	GGCX-201	MANE
GGH	22923	GGH-201	MANE
GGNBP2	22928	GGNBP2-212	MANE
GGPS1	22935	GGPS1-201	MANE
GGT1	22937	GGT1-202	MANE
GGT5	22942	GGT5-202	MANE
GGT7	22945	GGT7-201	MANE
GGTA1	22946	GGTA1-203	MANE
GHDC	22947	GHDC-206	MANE
GHET1	22950	GHET1-201	Ensembl
GHITM	22954	GHITM-201	MANE
GHR	22959	GHR-201	MANE
GHRLOS	22960	GHRLOS-201	Ensembl
GID4	22963	GID4-201	MANE
GID8	22964	GID8-201	MANE
GIGYF1	22966	GIGYF1-207	MANE
GIGYF2	22972	GIGYF2-201	MANE
GIHCG	22979	GIHCG-209	Ensembl
GIMAP1	22981	GIMAP1-201	MANE
GIMAP2	22982	GIMAP2-201	MANE
GIMAP4	22984	GIMAP4-201	MANE
GIMAP5	22986	GIMAP5-201	MANE
GIMAP6	22988	GIMAP6-201	MANE
GIMAP7	22989	GIMAP7-201	MANE
GIMAP8	22990	GIMAP8-201	MANE
GIN1	22992	GIN1-201	MANE
GINM1	22996	GINM1-201	MANE
GINS1	22998	GINS1-201	MANE
GINS2	23002	GINS2-201	MANE
GINS3	23005	GINS3-201	MANE
GINS4	23007	GINS4-201	MANE
GIPC1	23013	GIPC1-203	MANE
GIPC2	23014	transcript142200.chr1.nnic	longest_CDS
GIPR	23015	GIPR-205	MANE
GIT1	23018	GIT1-201	MANE
GIT2	23025	GIT2-202	MANE
GJA1	23028	GJA1-201	MANE
GJA4	23030	GJA4-201	MANE
GJA5	23031	GJA5-203	longest_CDS
GJA9	23032	GJA9-202	longest_CDS
GJB1	23036	GJB1-201	MANE
GJB2	23037	GJB2-202	MANE
GJB3	23038	GJB3-202	MANE
GJB5	23039	GJB5-201	MANE
GJB6	23042	GJB6-213	MANE
GJC1	23046	GJC1-208	MANE
GJD2	23049	GJD2-201	MANE
GK	23050	GK-206	MANE
GK3	23053	GK3-201	MANE
GK5	23058	GK5-201	MANE
GKAP1	23059	GKAP1-203	MANE
GLA	23062	GLA-201	MANE
GLB1	23067	GLB1-201	MANE
GLB1L	23069	GLB1L-201	MANE
GLB1L2	23070	GLB1L2-204	MANE
GLB1L3	23073	GLB1L3-203	MANE
GLCCI1	23078	GLCCI1-201	MANE
GLCE	23079	GLCE-201	MANE
GLDC	23085	GLDC-201	MANE
GLDN	23089	GLDN-201	MANE
GLE1	23097	GLE1-201	MANE
GLG1	23108	GLG1-202	MANE
GLI1	23110	GLI1-201	MANE
GLI2	23112	transcript249469.chr2.nnic	longest_CDS
GLI3	23114	GLI3-210	longest_CDS
GLI4	23118	GLI4-201	MANE
GLIDR	23124	GLIDR-204	longest_CDS
GLIPR1	23129	GLIPR1-201	MANE
GLIPR1L2	23131	GLIPR1L2-204	MANE
GLIPR2	23134	GLIPR2-202	MANE
GLIS1	23136	GLIS1-202	MANE
GLIS3	23141	GLIS3-202	MANE
GLMN	23146	GLMN-201	MANE
GLMP	23147	GLMP-201	MANE
GLO1	23150	GLO1-201	MANE
GLOD4	23152	GLOD4-202	MANE
GLP2R	23156	GLP2R-201	MANE
GLRA2	23161	GLRA2-201	MANE
GLRA3	23162	GLRA3-201	MANE
GLRB	23165	GLRB-201	MANE
GLRX	23167	GLRX-201	MANE
GLRX2	23172	GLRX2-201	MANE
GLRX3	23173	GLRX3-201	MANE
GLRX5	23175	GLRX5-201	MANE
GLS	23180	GLS-201	MANE
GLS2	23182	GLS2-201	MANE
GLT1D1	23192	GLT1D1-204	MANE
GLT8D1	23193	GLT8D1-201	MANE
GLT8D2	23199	GLT8D2-201	MANE
GLTP	23200	GLTP-201	MANE
GLUD1	23204	GLUD1-201	MANE
GLUD1P3	23213	GLUD1P3-204	longest_CDS
GLUD2	23214	GLUD2-201	MANE
GLUL	23220	GLUL-202	MANE
GLYCTK	23222	GLYCTK-202	MANE
GLYR1	23224	GLYR1-201	MANE
GM2A	23228	GM2A-201	MANE
GMCL1	23229	GMCL1-201	MANE
GMDS	23231	GMDS-202	MANE
GMDS-DT			no_CDS
GMEB1	23245	GMEB1-203	MANE
GMEB2	23249	transcript76726.chr20.nnic	longest_CDS
GMFB	23251	GMFB-201	MANE
GMFG	23252	GMFG-206	MANE
GMIP	23254	GMIP-201	MANE
GMNC	23255	GMNC-201	MANE
GMNN	23256	GMNN-201	MANE
GMPPA	23267	GMPPA-201	MANE
GMPPB	23277	GMPPB-202	MANE
GMPR	23283	GMPR-201	MANE
GMPR2	23289	GMPR2-202	MANE
GMPS	23292	GMPS-203	MANE
GNA11	23294	GNA11-201	MANE
GNA12	23296	GNA12-201	MANE
GNA13	23297	GNA13-201	MANE
GNA14	23298	GNA14-201	MANE
GNA15	23299	GNA15-201	MANE
GNAI1	23314	GNAI1-228	MANE
GNAI2	23317	GNAI2-202	MANE
GNAI3	23322	GNAI3-201	MANE
GNAL	23325	GNAL-202	MANE
GNAO1	23332	GNAO1-201	MANE
GNAO1-AS1	23338	GNAO1-AS1-201	Ensembl
GNAO1-DT			no_CDS
GNAQ	23340	GNAQ-201	MANE
GNAS	23343	GNAS-210	MANE
GNAZ	23367	GNAZ-203	MANE
GNB1	23368	GNB1-201	MANE
GNB1L	23376	GNB1L-201	MANE
GNB2	23378	GNB2-201	MANE
GNB3	23380	GNB3-201	MANE
GNB4	23382	GNB4-201	MANE
GNB5	23389	GNB5-201	MANE
GNE	23391	GNE-205	MANE
GNG10	23393	GNG10-201	MANE
GNG11	23394	GNG11-201	MANE
GNG12	23395	GNG12-201	MANE
GNG13	23397	GNG13-201	MANE
GNG2	23399	GNG2-213	MANE
GNG3	23401	GNG3-201	MANE
GNG4	23405	GNG4-203	MANE
GNG5	23406	GNG5-202	MANE
GNG7	23408	GNG7-201	MANE
GNG8			no_CDS
GNL1	23412	GNL1-201	MANE
GNL2	23415	GNL2-201	MANE
GNL3	23417	GNL3-202	MANE
GNL3L	23422	GNL3L-202	MANE
GNMT	23426	GNMT-201	MANE
GNPAT	23429	GNPAT-201	MANE
GNPDA1	23432	GNPDA1-201	MANE
GNPDA2	23435	GNPDA2-201	MANE
GNPNAT1	23436	GNPNAT1-201	MANE
GNPTAB	23440	GNPTAB-201	MANE
GNPTG	23450	GNPTG-201	MANE
GNRH1	23451	GNRH1-201	longest_CDS
GNS	23452	GNS-201	MANE
GOLGA1	23455	GOLGA1-202	MANE
GOLGA2	23463	GOLGA2-213	MANE
GOLGA2P5	23469	GOLGA2P5-203	Ensembl
GOLGA3	23487	GOLGA3-202	MANE
GOLGA4	23495	GOLGA4-202	MANE
GOLGA4-AS1	23500	GOLGA4-AS1-201	Ensembl
GOLGA5	23501	GOLGA5-201	MANE
GOLGA6A	23502	GOLGA6A-201	MANE
GOLGA6B	23503	GOLGA6B-201	MANE
GOLGA6L24	23504	GOLGA6L24-201	MANE
GOLGA6L25	23505	GOLGA6L25-201	MANE
GOLGA6L26	23506	GOLGA6L26-201	MANE
GOLGA6L4	23507	GOLGA6L4-202	MANE
GOLGA6L7	23508	GOLGA6L7-201	MANE
GOLGA6L9	23509	GOLGA6L9-202	MANE
GOLGA7	23522	GOLGA7-201	MANE
GOLGA7B	23524	GOLGA7B-201	MANE
GOLGA8A	23525	GOLGA8A-201	MANE
GOLGA8B	23532	GOLGA8B-211	MANE
GOLGA8H	23534	GOLGA8H-201	MANE
GOLGA8M	23535	GOLGA8M-201	MANE
GOLGA8N	23536	GOLGA8N-201	Ensembl
GOLGA8O	23538	GOLGA8O-201	MANE
GOLGA8Q	23539	GOLGA8Q-201	MANE
GOLGA8R	23541	GOLGA8R-201	MANE
GOLGB1	23542	GOLGB1-202	longest_CDS
GOLIM4	23583	GOLIM4-202	MANE
GOLM1	23585	GOLM1-203	MANE
GOLM2	23586	GOLM2-201	MANE
GOLPH3	23588	GOLPH3-201	MANE
GOLPH3-DT	23589	GOLPH3-DT-201	Ensembl
GOLPH3L	23590	GOLPH3L-201	MANE
GOLT1B	23594	GOLT1B-201	MANE
GON4L	23600	GON4L-203	MANE
GON7	23602	GON7-201	MANE
GOPC	23604	GOPC-202	MANE
GORAB	23609	GORAB-202	MANE
GORASP1	23631	GORASP1-201	MANE
GORASP2	23641	GORASP2-201	MANE
GOSR1	23644	GOSR1-204	MANE
GOSR2	23647	GOSR2-232	MANE
GOT1	23667	GOT1-201	MANE
GOT1-DT	23668	GOT1-DT-209	Ensembl
GOT2	23673	GOT2-201	MANE
GP1BB	23677	GP1BB-201	MANE
GP6	23678	GP6-203	APPRIS
GP6-AS1			no_CDS
GPAA1	23687	GPAA1-201	MANE
GPALPP1	23711	GPALPP1-203	MANE
GPAM	23713	GPAM-201	MANE
GPANK1	23714	GPANK1-204	longest_CDS
GPAT2	23718	GPAT2-202	MANE
GPAT3	23720	GPAT3-201	MANE
GPAT4	23722	GPAT4-201	MANE
GPATCH1	23726	GPATCH1-201	MANE
GPATCH11	23731	GPATCH11-203	MANE
GPATCH2	23733	GPATCH2-202	MANE
GPATCH2L	23735	GPATCH2L-201	MANE
GPATCH3	23741	GPATCH3-201	MANE
GPATCH4	23743	GPATCH4-201	Ensembl
GPATCH8	23748	GPATCH8-208	MANE
GPBP1	23754	GPBP1-204	MANE
GPBP1L1	23765	GPBP1L1-202	MANE
GPC1	23769	GPC1-201	MANE
GPC2	23772	GPC2-201	MANE
GPC3	23774	GPC3-201	MANE
GPC4	23776	GPC4-201	MANE
GPC5	23778	GPC5-201	MANE
GPC6	23779	GPC6-201	MANE
GPCPD1	23780	GPCPD1-201	MANE
GPD1	23785	GPD1-201	MANE
GPD1L	23787	GPD1L-201	MANE
GPD2	23789	GPD2-207	MANE
GPER1	23798	GPER1-202	MANE
GPHN	23804	GPHN-203	MANE
GPI	23807	GPI-201	MANE
GPKOW	23814	GPKOW-201	MANE
GPLD1	23815	GPLD1-201	MANE
GPM6A	23819	GPM6A-202	MANE
GPM6B	23824	GPM6B-201	MANE
GPN1	23831	GPN1-212	longest_CDS
GPN2	23833	GPN2-202	MANE
GPN3	23835	GPN3-201	MANE
GPNMB	23836	GPNMB-201	MANE
GPR107	23843	GPR107-201	MANE
GPR108	23845	GPR108-201	MANE
GPR12	23849	GPR12-202	MANE
GPR132	23850	GPR132-201	MANE
GPR135	23852	GPR135-201	MANE
GPR137	23854	GPR137-204	MANE
GPR137B	23858	GPR137B-202	MANE
GPR137C	23859	GPR137C-201	MANE
GPR141			no_CDS
GPR143	23861	GPR143-203	MANE
GPR146	23863	GPR146-203	MANE
GPR149	23866	GPR149-201	MANE
GPR15	23867	GPR15-201	MANE
GPR150	23868	GPR150-201	MANE
GPR151	23869	GPR151-201	MANE
GPR155	23873	GPR155-203	MANE
GPR156	23874	GPR156-202	MANE
GPR158	23876	GPR158-201	MANE
GPR158-AS1	23878	GPR158-AS1-201	Ensembl
GPR160	23879	GPR160-201	MANE
GPR161	23880	GPR161-211	MANE
GPR162	23888	GPR162-201	MANE
GPR17	23892	GPR17-204	MANE
GPR171	23893	GPR171-203	longest_CDS
GPR173	23894	GPR173-201	MANE
GPR174	23895	GPR174-201	MANE
GPR176	23897	GPR176-205	MANE
GPR176-DT	23898	GPR176-DT-202	Ensembl
GPR179	23899	GPR179-203	MANE
GPR180	23900	GPR180-201	MANE
GPR183	23901	GPR183-201	MANE
GPR19	23902	GPR19-203	longest_CDS
GPR20	23903	GPR20-201	MANE
GPR21	23904	GPR21-201	MANE
GPR22	23906	GPR22-201	MANE
GPR26	23907	GPR26-201	MANE
GPR27	23908	GPR27-201	MANE
GPR3	23909	GPR3-201	MANE
GPR34	23910	GPR34-202	MANE
GPR35	23912	GPR35-205	longest_CDS
GPR37	23913	GPR37-201	MANE
GPR37L1	23914	GPR37L1-201	MANE
GPR4	23916	GPR4-201	MANE
GPR45	23917	GPR45-201	MANE
GPR52	23918	GPR52-201	MANE
GPR6	23919	GPR6-201	MANE
GPR61	23922	GPR61-204	MANE
GPR62	23924	GPR62-201	MANE
GPR63	23927	GPR63-201	MANE
GPR65	23929	GPR65-201	MANE
GPR68	23930	GPR68-205	MANE
GPR75	23932	GPR75-201	MANE
GPR82	23933	GPR82-201	MANE
GPR83	23935	GPR83-201	MANE
GPR84	23936	GPR84-201	MANE
GPR85	23939	GPR85-202	MANE
GPR89A	23943	GPR89A-201	MANE
GPR89B	23947	GPR89B-201	MANE
GPRACR	23950	GPRACR-201	Ensembl
GPRASP1	23951	GPRASP1-205	MANE
GPRASP2	23959	GPRASP2-202	MANE
GPRASP3	23962	GPRASP3-205	MANE
GPRC5A	23963	GPRC5A-201	MANE
GPRC5B	23966	GPRC5B-201	MANE
GPRC5C	23969	GPRC5C-202	MANE
GPRIN1	23973	GPRIN1-201	MANE
GPRIN2	23976	GPRIN2-201	MANE
GPRIN3	23977	GPRIN3-202	MANE
GPS1	23982	GPS1-208	MANE
GPS2	23995	GPS2-201	MANE
GPSM1	24000	GPSM1-205	MANE
GPSM2	24006	GPSM2-202	APPRIS
GPSM3	24013	GPSM3-206	MANE
GPT	24014	GPT-202	MANE
GPT2	24018	GPT2-201	MANE
GPX1	24022	GPX1-202	MANE
GPX3	24023	GPX3-201	MANE
GPX4	24027	GPX4-201	MANE
GPX7	24029	GPX7-201	MANE
GRAMD1A	24033	GRAMD1A-211	longest_CDS
GRAMD1B	24039	GRAMD1B-213	MANE
GRAMD1C	24048	GRAMD1C-201	MANE
GRAMD2A	24050	GRAMD2A-201	MANE
GRAMD2B	24055	GRAMD2B-201	MANE
GRAMD4	24057	GRAMD4-202	MANE
GRAP	24058	GRAP-201	MANE
GRASLND	24061	GRASLND-213	Ensembl
GRB10	24069	GRB10-209	longest_CDS
GRB14	24073	GRB14-201	MANE
GRB2	24075	GRB2-202	MANE
GREB1	24083	GREB1-201	longest_CDS
GREB1L	24091	GREB1L-206	APPRIS
GREM1	24098	GREM1-203	MANE
GREM2	24099	GREM2-201	MANE
GRHL1	24104	GRHL1-202	longest_CDS
GRHPR	24113	GRHPR-201	MANE
GRIA1	24119	GRIA1-201	MANE
GRIA2	24145	GRIA2-201	MANE
GRIA3	24152	GRIA3-206	MANE
GRIA4	24163	GRIA4-201	MANE
GRID1	24165	GRID1-201	MANE
GRID2	24168	GRID2-201	MANE
GRID2IP	24169	GRID2IP-203	MANE
GRIK1	24175	GRIK1-201	MANE
GRIK1-AS1			no_CDS
GRIK2	24183	GRIK2-202	MANE
GRIK3	24198	GRIK3-201	MANE
GRIK4	24200	GRIK4-205	MANE
GRIK5	24204	GRIK5-204	MANE
GRIN1	24213	GRIN1-208	MANE
GRIN2A	24228	GRIN2A-201	MANE
GRIN2B	24229	GRIN2B-201	MANE
GRIN2C	24233	GRIN2C-201	MANE
GRIN2D	24234	GRIN2D-201	MANE
GRIN3A	24235	GRIN3A-201	MANE
GRINA	24237	GRINA-202	MANE
GRIP1	24238	GRIP1-201	MANE
GRIP2	24246	GRIP2-204	longest_CDS
GRIPAP1	24271	GRIPAP1-201	MANE
GRK2	24279	GRK2-201	MANE
GRK3	24280	GRK3-201	MANE
GRK4	24282	GRK4-206	longest_CDS
GRK5	24284	GRK5-202	MANE
GRK6	24287	GRK6-201	MANE
GRM1	24290	GRM1-208	APPRIS
GRM2	24294	GRM2-202	MANE
GRM3	24296	GRM3-201	MANE
GRM3-AS1	24298	GRM3-AS1-201	Ensembl
GRM4	24300	GRM4-205	MANE
GRM5	24302	GRM5-202	MANE
GRM5P1	24306	GRM5P1-206	Ensembl
GRM7	24308	GRM7-201	MANE
GRM8	24313	GRM8-201	MANE
GRN	24314	GRN-201	MANE
GRPEL1	24315	GRPEL1-201	MANE
GRPEL2	24318	GRPEL2-201	MANE
GRPR	24321	GRPR-201	MANE
GRSF1	24325	GRSF1-201	MANE
GRTP1	24330	GRTP1-203	MANE
GRWD1	24331	GRWD1-201	MANE
GSAP	24335	GSAP-201	MANE
GSDMB	24338	GSDMB-208	longest_CDS
GSDMD	24340	GSDMD-201	MANE
GSDME	24344	GSDME-214	MANE
GSE1	24353	GSE1-203	longest_CDS
GSEC	24355	GSEC-202	Ensembl
GSG1L	24356	GSG1L-203	MANE
GSG1L2	24358	GSG1L2-201	MANE
GSK3B	24364	GSK3B-201	MANE
GSK3B-DT	24367	GSK3B-DT-204	longest_CDS
GSKIP	24369	GSKIP-205	MANE
GSN	24371	GSN-207	MANE
GSN-AS1	24378	GSN-AS1-201	Ensembl
GSPT1	24379	GSPT1-202	MANE
GSPT2	24381	GSPT2-201	MANE
GSR	24382	GSR-201	MANE
GSS	24386	GSS-228	MANE
GSTA4	24390	GSTA4-203	MANE
GSTCD	24392	GSTCD-211	MANE
GSTK1	24395	GSTK1-201	MANE
GSTM1	24400	GSTM1-201	MANE
GSTM2	24402	GSTM2-201	MANE
GSTM3	24406	GSTM3-202	MANE
GSTM4	24409	GSTM4-203	MANE
GSTM5	24413	GSTM5-201	MANE
GSTO1	24417	GSTO1-202	MANE
GSTO2	24421	GSTO2-201	MANE
GSTP1	24428	GSTP1-202	MANE
GSTT2	24429	GSTT2-202	Ensembl
GSTT2B	24430	GSTT2B-201	MANE
GSTZ1	24431	GSTZ1-201	MANE
GTDC1	24440	GTDC1-221	MANE
GTF2A1	24443	GTF2A1-203	MANE
GTF2A2	24446	GTF2A2-202	MANE
GTF2B	24447	GTF2B-201	MANE
GTF2E1	24448	GTF2E1-201	MANE
GTF2E2	24449	GTF2E2-201	MANE
GTF2F1	24450	GTF2F1-201	MANE
GTF2F2	24452	GTF2F2-201	MANE
GTF2H1	24457	GTF2H1-201	MANE
GTF2H2	24462	GTF2H2-201	MANE
GTF2H2C	24466	GTF2H2C-201	MANE
GTF2H3	24468	GTF2H3-212	MANE
GTF2H4	24472	GTF2H4-201	MANE
GTF2H5	24475	GTF2H5-201	MANE
GTF2I	24483	GTF2I-212	MANE
GTF2IP1	24487	GTF2IP1-210	Ensembl
GTF2IRD1	24489	GTF2IRD1-202	MANE
GTF2IRD1P1	24494	GTF2IRD1P1-202	Ensembl
GTF2IRD2	24498	GTF2IRD2-201	MANE
GTF2IRD2B	24501	GTF2IRD2B-203	MANE
GTF3A	24505	GTF3A-201	MANE
GTF3C1	24506	GTF3C1-201	MANE
GTF3C2	24510	GTF3C2-201	MANE
GTF3C2-AS2			no_CDS
GTF3C3	24517	GTF3C3-201	MANE
GTF3C4	24518	GTF3C4-201	MANE
GTF3C5	24522	GTF3C5-202	MANE
GTF3C6	24524	GTF3C6-201	MANE
GTPBP1	24526	GTPBP1-201	MANE
GTPBP10	24528	GTPBP10-201	MANE
GTPBP2	24534	transcript60521.chr6.nnic	longest_CDS
GTPBP3	24535	GTPBP3-201	MANE
GTPBP4	24539	GTPBP4-202	MANE
GTPBP6	24541	GTPBP6-201	MANE
GTPBP8	24547	GTPBP8-203	MANE
GTSE1	24550	GTSE1-201	MANE
GTSE1-DT	24551	GTSE1-DT-202	Ensembl
GUCA1A	24552	GUCA1A-202	longest_CDS
GUCA1B	24553	GUCA1B-201	MANE
GUCD1	24556	GUCD1-206	MANE
GUCY1A1	24562	GUCY1A1-205	MANE
GUCY1A2	24563	GUCY1A2-203	MANE
GUCY1B1	24565	GUCY1B1-201	MANE
GUCY2C	24569	GUCY2C-201	MANE
GUF1	24571	GUF1-201	MANE
GUK1	24578	GUK1-212	MANE
GULP1	24585	GULP1-206	MANE
GUSB	24587	GUSB-201	MANE
GUSBP1	24595	GUSBP1-218	longest_CDS
GUSBP2	24597	GUSBP2-202	longest_CDS
GVQW3	24603	GVQW3-202	MANE
GXYLT1	24610	GXYLT1-202	MANE
GXYLT2	24612	GXYLT2-201	MANE
GYG1	24616	GYG1-202	MANE
GYG2	24619	GYG2-205	MANE
GYPC	24620	GYPC-201	MANE
GYS1	24622	GYS1-202	MANE
GZF1	24624	GZF1-201	MANE
GZMA	24628	GZMA-201	MANE
GZMB	24629	GZMB-201	MANE
GZMH	24630	GZMH-201	MANE
H1-0	24631	H1-0-201	MANE
H1-1	24632	H1-1-201	MANE
H1-2	24633	H1-2-201	MANE
H1-3	24634	H1-3-201	MANE
H1-4	24635	H1-4-201	MANE
H1-5	24636	H1-5-201	MANE
H2AC18	24637	H2AC18-201	MANE
H2AC19	24638	H2AC19-201	MANE
H2AC20	24639	H2AC20-201	MANE
H2AC21	24640	H2AC21-201	MANE
H2AC25	24641	H2AC25-201	APPRIS
H2AC6	24645	H2AC6-202	MANE
H2AC8	24648	H2AC8-201	MANE
H2AJ	24650	H2AJ-203	MANE
H2AX	24652	H2AX-202	MANE
H2AZ1	24654	H2AZ1-201	MANE
H2AZ1-DT			no_CDS
H2AZ2	24662	H2AZ2-202	MANE
H2BC18	24663	H2BC18-201	MANE
H2BC21	24664	H2BC21-201	MANE
H2BC26	24665	H2BC26-201	longest_CDS
H2BC4	24667	H2BC4-202	MANE
H2BC5	24669	H2BC5-202	MANE
H2BC7	24671	H2BC7-201	MANE
H3-3A	24674	H3-3A-203	MANE
H3-3B	24675	H3-3B-201	MANE
H3-7	24678	H3-7-202	APPRIS
H3C10	24679	H3C10-201	longest_CDS
H3C6	24680	transcript32747.chr6.nnic	longest_CDS
H4C14	24681	H4C14-204	longest_CDS
H4C15	24682	H4C15-202	longest_CDS
H4C16	24683	transcript30878.chr12.nnic	longest_CDS
H4C3	24689	H4C3-201	MANE
H4C8	24690	H4C8-202	longest_CDS
H6PD	24691	H6PD-201	MANE
HABP4	24692	HABP4-201	MANE
HACD1	24697	HACD1-202	MANE
HACD2	24698	HACD2-201	MANE
HACD3	24701	HACD3-201	MANE
HACD4	24707	HACD4-202	MANE
HACE1	24714	HACE1-201	MANE
HACL1	24721	HACL1-201	MANE
HADH	24724	HADH-201	MANE
HADHA	24733	HADHA-201	MANE
HADHB	24736	HADHB-201	MANE
HAGH	24741	HAGH-202	MANE
HAGHL	24746	HAGHL-203	MANE
HAGLR			no_CDS
HAGLROS	24750	HAGLROS-201	Ensembl
HAMP	24751	HAMP-201	MANE
HAP1	24754	HAP1-203	MANE
HAPLN1	24757	HAPLN1-201	MANE
HAPLN2	24758	HAPLN2-201	MANE
HAPLN3	24761	HAPLN3-201	MANE
HAPLN4	24762	HAPLN4-201	MANE
HAPSTR1	24765	HAPSTR1-201	MANE
HAR1A	24766	HAR1A-201	Ensembl
HAR1B			no_CDS
HARBI1	24768	HARBI1-201	MANE
HARS1	24770	HARS1-207	MANE
HARS2	24785	HARS2-201	MANE
HAS1	24790	HAS1-205	longest_CDS
HAS2	24792	HAS2-201	MANE
HASPIN	24793	HASPIN-201	MANE
HAT1	24797	HAT1-201	MANE
HAUS1	24798	HAUS1-201	MANE
HAUS2	24801	HAUS2-201	MANE
HAUS3	24805	HAUS3-202	MANE
HAUS4	24808	HAUS4-205	MANE
HAUS5	24811	HAUS5-201	MANE
HAUS6	24815	HAUS6-202	MANE
HAUS7	24821	HAUS7-202	MANE
HAUS8	24822	HAUS8-201	MANE
HAVCR1	24826	HAVCR1-201	longest_CDS
HAVCR2	24831	HAVCR2-201	MANE
HAX1	24835	HAX1-201	MANE
HBA1	24840	HBA1-201	MANE
HBA2	24841	HBA2-201	MANE
HBB	24842	HBB-206	longest_CDS
HBEGF	24844	HBEGF-201	MANE
HBP1	24849	HBP1-201	MANE
HBS1L	24854	HBS1L-205	MANE
HCAR1	24857	HCAR1-201	MANE
HCAR2	24858	HCAR2-201	MANE
HCCS	24860	HCCS-202	MANE
HCFC1	24863	HCFC1-201	MANE
HCFC1R1	24867	HCFC1R1-201	MANE
HCFC2	24875	HCFC2-201	MANE
HCG11	24876	HCG11-201	Ensembl
HCG17	24877	transcript36619.chr6.nnic	longest_CDS
HCG18	24883	HCG18-268	Ensembl
HCG25			no_CDS
HCK			no_CDS
HCLS1	24903	HCLS1-201	MANE
HCN1	24906	HCN1-201	MANE
HCN2	24909	HCN2-201	MANE
HCN3	24910	HCN3-201	MANE
HCN4	24915	HCN4-201	MANE
HCP5	24916	HCP5-205	Ensembl
HCRTR2	24919	HCRTR2-202	APPRIS
HCST	24920	HCST-201	MANE
HDAC1	24922	HDAC1-201	MANE
HDAC10			no_CDS
HDAC11	24926	HDAC11-201	MANE
HDAC2	24928	HDAC2-205	MANE
HDAC3	24930	HDAC3-201	MANE
HDAC4	24937	HDAC4-215	MANE
HDAC4-AS1	24944	HDAC4-AS1-206	Ensembl
HDAC5	24946	HDAC5-213	MANE
HDAC6	24971	HDAC6-201	MANE
HDAC7	24984	HDAC7-219	longest_CDS
HDAC8	24988	HDAC8-207	MANE
HDAC9	25006	HDAC9-232	MANE
HDC	25016	HDC-203	longest_CDS
HDDC2	25019	HDDC2-202	MANE
HDDC3	25022	HDDC3-202	MANE
HDGF	25027	HDGF-210	longest_CDS
HDGFL2	25031	HDGFL2-208	MANE
HDGFL3	25034	HDGFL3-201	MANE
HDHD2	25037	HDHD2-201	MANE
HDHD3	25040	HDHD3-202	MANE
HDHD5	25044	HDHD5-202	MANE
HDHD5-AS1			no_CDS
HDLBP	25051	HDLBP-201	MANE
HDX	25054	HDX-202	MANE
HEATR1	25061	HEATR1-203	MANE
HEATR3	25064	HEATR3-201	MANE
HEATR5A	25069	HEATR5A-203	MANE
HEATR5B	25073	HEATR5B-201	MANE
HEATR6	25077	HEATR6-201	MANE
HEBP1	25080	HEBP1-201	MANE
HEBP2	25081	HEBP2-204	MANE
HECA	25082	HECA-201	MANE
HECTD1	25083	HECTD1-201	MANE
HECTD2	25103	HECTD2-201	MANE
HECTD3	25107	HECTD3-202	MANE
HECTD4	25113	HECTD4-216	MANE
HECW1	25119	HECW1-201	MANE
HECW2	25126	HECW2-212	MANE
HEG1	25133	HEG1-201	MANE
HEIH			no_CDS
HELB	25137	HELB-201	MANE
HELLPAR	25138	HELLPAR-201	Ensembl
HELLS	25140	HELLS-201	MANE
HELQ	25143	HELQ-201	MANE
HELZ	25152	HELZ-201	MANE
HELZ2	25155	HELZ2-204	MANE
HEMK1	25157	HEMK1-201	MANE
HENMT1	25158	HENMT1-203	APPRIS
HEPACAM	25168	HEPACAM-201	MANE
HEPH	25172	HEPH-206	longest_CDS
HEPN1	25179	HEPN1-201	Ensembl
HERC1	25180	HERC1-201	MANE
HERC2	25186	HERC2-201	MANE
HERC2P3	25190	HERC2P3-206	Ensembl
HERC2P7	25191	HERC2P7-203	Ensembl
HERC2P9	25192	HERC2P9-206	Ensembl
HERC3	25194	HERC3-202	MANE
HERC4	25200	HERC4-202	MANE
HERC5	25207	HERC5-201	MANE
HERC6	25209	HERC6-201	MANE
HERPUD1	25217	HERPUD1-204	MANE
HERPUD2	25221	HERPUD2-201	MANE
HERPUD2-AS1	25222	HERPUD2-AS1-201	Ensembl
HES1	25223	HES1-201	MANE
HES4	25225	HES4-202	longest_CDS
HES6	25226	HES6-201	MANE
HEXA	25234	HEXA-201	MANE
HEXA-AS1	25261	HEXA-AS1-201	Ensembl
HEXB	25263	HEXB-201	MANE
HEXD	25266	HEXD-201	MANE
HEXD-IT1	25273	HEXD-IT1-201	Ensembl
HEXIM1	25274	HEXIM1-201	MANE
HEXIM2	25280	HEXIM2-204	MANE
HEXIM2-AS1	25283	transcript78717.chr17.nnic	longest_CDS
HEY1	25290	HEY1-202	MANE
HEY2	25295	HEY2-201	MANE
HEY2-AS1			no_CDS
HEYL	25298	HEYL-201	MANE
HFE	25300	HFE-207	MANE
HFM1	25306	HFM1-201	MANE
HGF	25309	HGF-201	MANE
HGFAC	25311	HGFAC-201	MANE
HGH1	25313	HGH1-201	MANE
HGS	25327	HGS-201	MANE
HGSNAT	25333	HGSNAT-201	MANE
HHAT	25338	HHAT-201	MANE
HHATL	25344	HHATL-205	MANE
HHEX	25346	HHEX-201	MANE
HHIP	25347	HHIP-201	MANE
HHIP-AS1	25350	HHIP-AS1-202	longest_CDS
HHIPL1	25352	HHIPL1-201	MANE
HHLA3	25353	HHLA3-205	longest_CDS
HIBADH	25357	HIBADH-201	MANE
HIBCH	25359	HIBCH-201	MANE
HIC2	25362	HIC2-201	MANE
HID1	25363	HID1-202	MANE
HIF1A	25368	HIF1A-202	MANE
HIF1A-AS3			no_CDS
HIF1AN	25373	HIF1AN-201	MANE
HIF3A	25377	HIF3A-205	MANE
HIGD1A	25382	HIGD1A-201	MANE
HIGD1C	25384	transcript72552.chr12.nnic	longest_CDS
HIGD2A	25385	HIGD2A-201	MANE
HIKESHI	25388	HIKESHI-201	MANE
HILPDA	25391	HILPDA-201	MANE
HINFP	25394	HINFP-201	MANE
HINT1	25401	HINT1-201	MANE
HINT2	25406	HINT2-201	MANE
HINT3	25408	HINT3-201	MANE
HIP1	25409	HIP1-201	MANE
HIP1R	25411	HIP1R-201	MANE
HIPK1	25416	HIPK1-208	MANE
HIPK1-AS1			no_CDS
HIPK2	25419	HIPK2-202	MANE
HIPK3	25425	HIPK3-201	MANE
HIRA	25427	HIRA-201	MANE
HIRIP3	25428	HIRIP3-201	MANE
HIVEP1	25432	HIVEP1-201	MANE
HIVEP2	25438	HIVEP2-202	MANE
HIVEP3	25444	HIVEP3-201	MANE
HK1	25451	HK1-202	MANE
HK2	25458	HK2-201	MANE
HK3	25459	HK3-201	MANE
HLA-A	25467	HLA-A-203	MANE
HLA-B	25471	HLA-B-253	longest_CDS
HLA-C	25476	HLA-C-201	MANE
HLA-DMA	25479	HLA-DMA-201	MANE
HLA-DMB	25481	HLA-DMB-258	MANE
HLA-DOA	25485	HLA-DOA-201	MANE
HLA-DPA1	25487	HLA-DPA1-242	Ensembl
HLA-DPB1	25488	HLA-DPB1-211	MANE
HLA-DQA1	25490	HLA-DQA1-201	MANE
HLA-DQB1	25493	HLA-DQB1-201	longest_CDS
HLA-DRA	25495	HLA-DRA-202	MANE
HLA-DRB1	25497	HLA-DRB1-201	MANE
HLA-DRB5	25499	HLA-DRB5-201	MANE
HLA-E	25500	HLA-E-201	MANE
HLA-F	25502	transcript36421.chr6.nnic	longest_CDS
HLA-F-AS1	25506	HLA-F-AS1-207	Ensembl
HLA-L	25511	HLA-L-213	Ensembl
HLA-V	25513	HLA-V-236	longest_CDS
HLCS	25517	HLCS-207	MANE
HLCS-AS1	25520	HLCS-AS1-202	Ensembl
HLF	25522	HLF-201	MANE
HLTF	25530	HLTF-201	MANE
HLX	25534	HLX-201	MANE
HM13	25536	HM13-203	MANE
HMBOX1	25542	HMBOX1-201	MANE
HMBS	25550	HMBS-232	MANE
HMCES	25553	HMCES-201	MANE
HMCN1	25555	HMCN1-201	MANE
HMCN2	25556	HMCN2-207	MANE
HMG20A	25561	HMG20A-201	MANE
HMG20B	25563	HMG20B-202	MANE
HMGA1	25566	HMGA1-201	MANE
HMGB1	25572	HMGB1-203	MANE
HMGB2	25575	HMGB2-201	MANE
HMGB3	25579	HMGB3-201	MANE
HMGCL	25581	HMGCL-203	MANE
HMGCLL1	25583	HMGCLL1-201	MANE
HMGCR	25587	HMGCR-201	MANE
HMGCS1	25595	HMGCS1-201	MANE
HMGN1	25599	HMGN1-204	MANE
HMGN2	25604	HMGN2-201	MANE
HMGN3	25610	HMGN3-205	longest_CDS
HMGN3-AS1	25611	HMGN3-AS1-201	Ensembl
HMGN4	25612	HMGN4-201	MANE
HMGN5	25614	HMGN5-201	MANE
HMGXB3	25616	HMGXB3-201	MANE
HMGXB4	25621	HMGXB4-201	MANE
HMMR	25624	HMMR-201	longest_CDS
HMOX1	25625	HMOX1-201	MANE
HMOX2	25626	HMOX2-208	MANE
HMSD	25631	HMSD-201	MANE
HNMT	25632	HNMT-202	MANE
HNRNPA0	25633	HNRNPA0-201	MANE
HNRNPA1	25636	HNRNPA1-202	MANE
HNRNPA1L2	25646	HNRNPA1L2-201	MANE
HNRNPA2B1	25675	HNRNPA2B1-209	MANE
HNRNPA3	25682	HNRNPA3-201	MANE
HNRNPAB	25695	HNRNPAB-202	MANE
HNRNPC	25700	HNRNPC-204	MANE
HNRNPD	25716	HNRNPD-201	MANE
HNRNPD-DT			no_CDS
HNRNPDL	25722	HNRNPDL-201	MANE
HNRNPF	25728	HNRNPF-208	MANE
HNRNPH1	25743	HNRNPH1-203	MANE
HNRNPH2	25753	HNRNPH2-201	MANE
HNRNPH3	25758	HNRNPH3-201	MANE
HNRNPK	25778	HNRNPK-204	MANE
HNRNPL	25786	HNRNPL-201	MANE
HNRNPLL	25793	HNRNPLL-209	MANE
HNRNPM	25801	HNRNPM-201	MANE
HNRNPR	25806	HNRNPR-201	MANE
HNRNPU	25809	HNRNPU-226	MANE
HNRNPUL1	25828	HNRNPUL1-204	MANE
HNRNPUL2	25830	HNRNPUL2-201	MANE
HOGA1	25832	HOGA1-202	MANE
HOMER1	25835	HOMER1-202	MANE
HOMER2	25840	HOMER2-202	MANE
HOMER3	25847	HOMER3-202	MANE
HOMEZ	25848	HOMEZ-201	MANE
HOOK1	25853	HOOK1-201	MANE
HOOK2	25858	HOOK2-202	MANE
HOOK3	25863	HOOK3-201	MANE
HOPX	25867	HOPX-205	MANE
HOXD1	25874	HOXD1-201	MANE
HP1BP3	25879	HP1BP3-210	MANE
HPCA	25886	HPCA-201	MANE
HPCAL1	25891	HPCAL1-201	MANE
HPCAL4	25895	HPCAL4-201	MANE
HPDL	25897	HPDL-201	MANE
HPF1	25898	HPF1-201	MANE
HPGD	25899	HPGD-202	MANE
HPN	25900	HPN-204	longest_CDS
HPN-AS1	25901	HPN-AS1-202	Ensembl
HPRT1	25903	HPRT1-201	MANE
HPS1	25914	HPS1-203	MANE
HPS3	25932	HPS3-201	MANE
HPS4	25955	HPS4-202	MANE
HPS5	25958	HPS5-201	MANE
HPS6	25962	HPS6-201	MANE
HPSE	25965	HPSE-201	MANE
HPX	25966	HPX-201	MANE
HR	25967	HR-201	longest_CDS
HRAS	25971	HRAS-201	MANE
HRC	25974	HRC-201	MANE
HRG-AS1			no_CDS
HRH1	25977	HRH1-203	MANE
HRH2	25980	HRH2-203	MANE
HRH3	25982	HRH3-202	MANE
HRK	25985	HRK-201	MANE
HRNR	25986	HRNR-201	MANE
HROB	25988	transcript75257.chr17.nnic	longest_CDS
HS1BP3	25993	HS1BP3-201	MANE
HS2ST1	25996	HS2ST1-201	MANE
HS3ST1	25999	HS3ST1-201	MANE
HS3ST2	26000	HS3ST2-201	MANE
HS3ST3A1	26002	HS3ST3A1-201	MANE
HS3ST3B1	26003	HS3ST3B1-201	MANE
HS3ST5	26005	HS3ST5-201	MANE
HS6ST1	26007	HS6ST1-201	MANE
HS6ST2	26009	HS6ST2-201	MANE
HS6ST3	26010	HS6ST3-201	MANE
HSBP1	26012	HSBP1-201	MANE
HSBP1L1	26017	HSBP1L1-201	MANE
HSCB	26019	HSCB-201	MANE
HSD11B1	26022	HSD11B1-202	MANE
HSD11B1L	26028	HSD11B1L-202	MANE
HSD11B2	26032	transcript103719.chr16.nic	longest_CDS
HSD17B1-AS1	26033	HSD17B1-AS1-201	Ensembl
HSD17B10	26034	HSD17B10-201	MANE
HSD17B11	26037	HSD17B11-201	MANE
HSD17B12	26039	HSD17B12-201	MANE
HSD17B13	26041	HSD17B13-202	MANE
HSD17B14	26042	HSD17B14-201	MANE
HSD17B4	26047	HSD17B4-211	MANE
HSD17B6	26064	HSD17B6-205	longest_CDS
HSD17B7	26067	HSD17B7-201	MANE
HSD17B7P2	26068	HSD17B7P2-202	Ensembl
HSD17B8	26070	HSD17B8-203	MANE
HSD3B7	26072	HSD3B7-202	MANE
HSDL1	26075	HSDL1-201	MANE
HSDL2	26078	HSDL2-202	MANE
HSDL2-AS1			no_CDS
HSF1	26082	HSF1-204	MANE
HSF2	26088	HSF2-201	MANE
HSF2BP	26089	HSF2BP-201	MANE
HSF4	26095	HSF4-215	MANE
HSP90AA1	26102	HSP90AA1-201	MANE
HSP90AB1	26106	HSP90AB1-203	MANE
HSP90B1	26114	HSP90B1-201	MANE
HSPA12A	26128	HSPA12A-201	MANE
HSPA12B	26145	HSPA12B-201	MANE
HSPA13	26146	HSPA13-201	MANE
HSPA14	26148	HSPA14-201	MANE
HSPA1A	26151	HSPA1A-201	MANE
HSPA1B	26154	HSPA1B-201	MANE
HSPA1L	26156	HSPA1L-201	MANE
HSPA2	26157	HSPA2-201	MANE
HSPA4	26160	HSPA4-201	MANE
HSPA4L	26165	HSPA4L-201	MANE
HSPA5	26166	HSPA5-201	MANE
HSPA6	26178	HSPA6-201	MANE
HSPA8	26186	HSPA8-224	MANE
HSPA9	26190	HSPA9-201	MANE
HSPB1	26200	HSPB1-201	MANE
HSPB2	26201	HSPB2-201	MANE
HSPB3	26202	HSPB3-201	MANE
HSPB6	26203	HSPB6-201	MANE
HSPB7	26205	HSPB7-201	MANE
HSPB8	26206	HSPB8-201	MANE
HSPBAP1	26207	HSPBAP1-201	MANE
HSPBP1	26214	HSPBP1-202	MANE
HSPD1	26216	HSPD1-202	MANE
HSPE1	26227	HSPE1-201	MANE
HSPG2	26229	HSPG2-203	MANE
HSPH1	26232	HSPH1-201	MANE
HTATIP2	26238	HTATIP2-204	MANE
HTATSF1	26247	HTATSF1-201	MANE
HTD2	26250	HTD2-201	MANE
HTR1A	26251	HTR1A-201	MANE
HTR1B	26253	HTR1B-201	MANE
HTR1E	26254	HTR1E-201	MANE
HTR1F	26257	HTR1F-201	MANE
HTR2A	26258	HTR2A-201	MANE
HTR2C	26262	HTR2C-201	MANE
HTR3A	26264	HTR3A-203	longest_CDS
HTR3B	26265	HTR3B-201	MANE
HTR4	26267	HTR4-202	MANE
HTR5A	26268	HTR5A-201	MANE
HTR5A-AS1	26271	HTR5A-AS1-204	Ensembl
HTR6	26272	HTR6-201	MANE
HTR7	26274	HTR7-202	MANE
HTRA1	26277	HTRA1-201	MANE
HTRA2	26282	HTRA2-201	MANE
HTT	26285	HTT-223	longest_CDS
HTT-AS	26287	HTT-AS-204	Ensembl
HULC			no_CDS
HUNK	26296	HUNK-201	MANE
HUS1	26297	HUS1-201	MANE
HUWE1	26304	HUWE1-203	longest_CDS
HVCN1	26307	HVCN1-201	MANE
HYAL1	26308	HYAL1-204	MANE
HYAL2	26310	HYAL2-201	MANE
HYAL3	26313	HYAL3-201	MANE
HYCC1	26314	HYCC1-204	MANE
HYCC2	26320	HYCC2-212	MANE
HYDIN	26331	HYDIN-206	MANE
HYI	26339	HYI-202	MANE
HYKK	26341	HYKK-205	longest_CDS
HYLS1	26342	HYLS1-202	MANE
HYMAI	26343	HYMAI-201	Ensembl
HYOU1	26347	HYOU1-218	MANE
HYPK	26352	HYPK-201	APPRIS
IAH1	26354	IAH1-215	MANE
IARS1	26369	IARS1-202	longest_CDS
IARS2	26379	IARS2-201	MANE
IBA57	26381	IBA57-201	MANE
IBSP	26383	IBSP-201	MANE
IBTK	26391	IBTK-201	MANE
ICA1	26400	ICA1-206	MANE
ICA1L	26407	ICA1L-201	MANE
ICAM1	26408	ICAM1-201	MANE
ICAM2	26411	ICAM2-208	MANE
ICAM3	26413	ICAM3-201	MANE
ICAM5	26414	ICAM5-201	MANE
ICE1	26416	ICE1-201	MANE
ICE2	26419	ICE2-201	MANE
ICMT	26422	ICMT-201	MANE
ICOSLG	26426	ICOSLG-204	MANE
ID1	26430	ID1-202	MANE
ID2	26431	ID2-203	MANE
ID2-AS1	26433	ID2-AS1-206	Ensembl
ID3	26434	ID3-201	MANE
ID4	26435	ID4-201	MANE
IDE	26443	IDE-201	MANE
IDH1	26452	IDH1-201	MANE
IDH2	26455	IDH2-201	MANE
IDH3A	26458	IDH3A-201	MANE
IDH3B	26463	IDH3B-201	MANE
IDH3G	26468	IDH3G-201	MANE
IDI1	26473	IDI1-201	MANE
IDI2-AS1	26476	IDI2-AS1-202	longest_CDS
IDNK	26478	IDNK-202	MANE
IDS	26483	IDS-201	MANE
IDUA	26484	IDUA-201	APPRIS
IER2	26485	IER2-201	MANE
IER3	26487	IER3-201	MANE
IER3-AS1	26489	IER3-AS1-203	Ensembl
IER3IP1	26491	IER3IP1-201	MANE
IER5	26492	IER5-201	MANE
IER5L	26493	IER5L-201	MANE
IFFO1	26495	IFFO1-204	longest_CDS
IFFO2	26501	IFFO2-203	MANE
IFI16	26503	IFI16-201	MANE
IFI27	26510	IFI27-204	longest_CDS
IFI27L1	26513	IFI27L1-209	MANE
IFI27L2	26515	IFI27L2-201	MANE
IFI30	26517	IFI30-201	MANE
IFI35	26519	IFI35-203	MANE
IFI44	26520	IFI44-201	MANE
IFI44L	26523	IFI44L-201	MANE
IFI6	26527	IFI6-202	MANE
IFIH1	26529	IFIH1-206	MANE
IFIT1	26530	IFIT1-201	MANE
IFIT2	26533	IFIT2-203	APPRIS
IFIT3	26535	IFIT3-202	MANE
IFIT5	26540	IFIT5-201	MANE
IFITM1	26541	IFITM1-202	MANE
IFITM10	26543	IFITM10-201	MANE
IFITM2	26545	IFITM2-205	MANE
IFITM3	26546	IFITM3-201	MANE
IFNAR1	26550	IFNAR1-201	MANE
IFNAR2	26567	IFNAR2-202	MANE
IFNE	26573	IFNE-201	MANE
IFNG-AS1			no_CDS
IFNGR1	26580	IFNGR1-201	MANE
IFNGR2	26584	IFNGR2-201	MANE
IFRD1	26589	IFRD1-202	MANE
IFRD2	26593	IFRD2-202	MANE
IFT122	26595	IFT122-283	longest_CDS
IFT122P3	26619	IFT122P3-202	Ensembl
IFT140	26621	IFT140-203	MANE
IFT172	26623	IFT172-201	MANE
IFT20	26642	IFT20-203	MANE
IFT22	26653	IFT22-201	MANE
IFT25	26658	IFT25-201	MANE
IFT27	26662	IFT27-205	MANE
IFT43	26664	IFT43-202	MANE
IFT46	26667	IFT46-202	MANE
IFT52	26671	IFT52-201	MANE
IFT57	26673	IFT57-201	MANE
IFT74	26676	IFT74-201	MANE
IFT80	26680	IFT80-201	MANE
IFT81	26685	IFT81-201	MANE
IFT88	26690	IFT88-202	MANE
IFTAP	26705	IFTAP-201	MANE
IGBP1	26710	IGBP1-202	MANE
IGDCC3	26711	IGDCC3-201	MANE
IGDCC4	26712	transcript98133.chr15.nic	longest_CDS
IGF1	26715	IGF1-202	MANE
IGF1R	26718	IGF1R-217	MANE
IGF2	26719	IGF2-205	MANE
IGF2BP2	26721	transcript300466.chr3.nic	longest_CDS
IGF2BP3	26723	IGF2BP3-201	MANE
IGF2R	26728	IGF2R-201	MANE
IGFBP2	26729	IGFBP2-201	MANE
IGFBP3	26730	IGFBP3-209	MANE
IGFBP4	26731	IGFBP4-201	MANE
IGFBP5	26733	IGFBP5-201	MANE
IGFBP6	26735	IGFBP6-201	MANE
IGFBP7	26736	IGFBP7-201	MANE
IGFBPL1	26739	IGFBPL1-201	MANE
IGFL4			no_CDS
IGFLR1	26741	IGFLR1-201	MANE
IGFN1	26742	IGFN1-202	MANE
IGHG1	26743	IGHG1-203	longest_CDS
IGHG3	26744	IGHG3-201	longest_CDS
IGHMBP2	26746	IGHMBP2-201	MANE
IGIP	26756	IGIP-201	MANE
IGKC	26757	IGKC-201	Ensembl
IGLC2	26758	IGLC2-201	Ensembl
IGLON5	26759	IGLON5-201	MANE
IGSF10	26760	IGSF10-201	MANE
IGSF11	26762	IGSF11-202	MANE
IGSF21	26764	IGSF21-201	MANE
IGSF22	26765	IGSF22-205	MANE
IGSF3	26767	IGSF3-203	MANE
IGSF6	26768	IGSF6-201	MANE
IGSF8	26771	IGSF8-201	MANE
IGSF9B	26772	IGSF9B-206	MANE
IHO1	26775	IHO1-204	MANE
IK	26776	IK-201	MANE
IKBIP	26778	IKBIP-201	MANE
IKBKB	26784	IKBKB-216	MANE
IKBKE	26786	IKBKE-203	MANE
IKBKG	26791	IKBKG-206	MANE
IKZF1	26793	transcript65023.chr7.nic	longest_CDS
IKZF2	26799	IKZF2-207	MANE
IKZF3	26808	IKZF3-203	MANE
IKZF4	26810	IKZF4-211	longest_CDS
IKZF5	26811	IKZF5-201	MANE
IL10RA	26812	IL10RA-201	MANE
IL10RB	26817	IL10RB-201	MANE
IL11RA	26819	IL11RA-202	MANE
IL12A-AS1	26827	IL12A-AS1-204	longest_CDS
IL12RB2	26832	IL12RB2-208	MANE
IL13RA1	26834	IL13RA1-202	MANE
IL13RA2	26835	IL13RA2-202	APPRIS
IL15RA	26836	IL15RA-214	longest_CDS
IL16	26837	IL16-203	longest_CDS
IL17D	26838	IL17D-204	MANE
IL17RA	26840	IL17RA-201	MANE
IL17RB	26842	IL17RB-201	MANE
IL17RC	26849	IL17RC-203	MANE
IL17RD	26852	IL17RD-201	MANE
IL18	26855	IL18-201	MANE
IL18BP	26858	IL18BP-203	MANE
IL1B	26862	IL1B-201	MANE
IL1R1	26865	IL1R1-205	MANE
IL1RAP	26866	IL1RAP-211	MANE
IL1RAPL1	26874	IL1RAPL1-201	MANE
IL1RAPL2	26877	IL1RAPL2-201	MANE
IL1RL1	26878	IL1RL1-202	longest_CDS
IL20RA	26880	IL20RA-201	MANE
IL21R	26884	IL21R-201	MANE
IL21R-AS1	26885	IL21R-AS1-201	Ensembl
IL27RA	26886	IL27RA-201	MANE
IL2RG	26887	IL2RG-202	MANE
IL32	26888	IL32-205	longest_CDS
IL33	26892	IL33-206	MANE
IL34	26893	IL34-202	longest_CDS
IL3RA	26896	IL3RA-201	MANE
IL4I1	26897	IL4I1-202	MANE
IL4R	26898	transcript67871.chr16.nic	longest_CDS
IL6R	26899	IL6R-202	MANE
IL6R-AS1	26901	IL6R-AS1-201	Ensembl
IL6ST	26910	IL6ST-204	MANE
IL6ST-DT			no_CDS
IL7			no_CDS
IL7R	26918	transcript37755.chr5.nic	longest_CDS
ILDR2	26919	ILDR2-201	MANE
ILF2	26924	ILF2-201	MANE
ILF3	26934	ILF3-209	MANE
ILF3-DT	26935	ILF3-DT-201	Ensembl
ILK	26939	ILK-201	MANE
ILKAP	26942	ILKAP-201	MANE
ILRUN	26950	ILRUN-202	MANE
ILRUN-AS1			no_CDS
ILVBL	26952	ILVBL-201	MANE
IMMP1L	26955	transcript37049.chr11.nic	longest_CDS
IMMP2L	26959	IMMP2L-202	MANE
IMMT	26964	IMMT-204	MANE
IMP3	26966	IMP3-202	MANE
IMP4	26970	IMP4-201	MANE
IMPA1	26972	IMPA1-201	MANE
IMPA2	26973	IMPA2-201	MANE
IMPACT	26975	IMPACT-201	MANE
IMPDH1	26978	IMPDH1-203	longest_CDS
IMPDH2	26989	IMPDH2-201	MANE
IMPG2	26995	IMPG2-201	MANE
INA	26997	INA-201	MANE
INAFM1	26998	INAFM1-201	MANE
INAFM2	26999	INAFM2-202	MANE
INAVA	27001	INAVA-201	longest_CDS
INCENP	27004	INCENP-201	longest_CDS
INE1	27005	INE1-201	Ensembl
INE2	27006	INE2-201	Ensembl
INF2	27013	INF2-232	longest_CDS
ING1	27015	ING1-201	MANE
ING2	27016	ING2-201	MANE
ING3	27020	ING3-201	MANE
ING4	27023	ING4-201	MANE
ING5	27029	ING5-201	MANE
INHA	27030	INHA-201	MANE
INHBA	27032	INHBA-201	MANE
INHBA-AS1	27034	INHBA-AS1-204	longest_CDS
INHBB	27038	INHBB-201	MANE
INIP	27039	INIP-203	MANE
INKA1	27040	INKA1-201	MANE
INKA2	27041	INKA2-201	MANE
INKA2-AS1	27044	INKA2-AS1-203	Ensembl
INO80	27050	INO80-209	MANE
INO80C	27052	INO80C-202	MANE
INO80D	27054	INO80D-201	MANE
INO80D-AS1			no_CDS
INO80E	27057	INO80E-213	longest_CDS
INPP1	27060	INPP1-202	MANE
INPP4A	27063	INPP4A-204	MANE
INPP4B	27067	INPP4B-215	longest_CDS
INPP5A	27072	INPP5A-203	MANE
INPP5B	27073	INPP5B-202	MANE
INPP5D	27080	INPP5D-204	MANE
INPP5E	27082	INPP5E-201	MANE
INPP5F	27093	INPP5F-221	MANE
INPP5J	27095	INPP5J-201	MANE
INPP5K	27097	INPP5K-204	MANE
INPPL1	27098	INPPL1-201	MANE
INSC	27100	INSC-202	MANE
INSIG1	27102	INSIG1-201	MANE
INSIG1-DT	27104	INSIG1-DT-201	Ensembl
INSIG2	27106	INSIG2-201	MANE
INSL6	27108	transcript7328.chr9.nic	longest_CDS
INSM1	27109	INSM1-201	MANE
INSM2	27110	INSM2-201	MANE
INSR	27113	INSR-201	MANE
INSYN1	27114	INSYN1-203	MANE
INSYN2A	27115	INSYN2A-202	MANE
INSYN2B	27117	INSYN2B-201	MANE
INTS1	27118	INTS1-201	MANE
INTS10	27125	INTS10-201	MANE
INTS11	27132	INTS11-208	MANE
INTS12	27141	INTS12-201	MANE
INTS13	27145	INTS13-201	MANE
INTS14	27147	INTS14-201	MANE
INTS15	27152	INTS15-201	MANE
INTS2	27156	INTS2-201	MANE
INTS3	27168	INTS3-201	MANE
INTS4	27180	INTS4-208	MANE
INTS4P1	27187	INTS4P1-203	Ensembl
INTS5	27188	INTS5-201	MANE
INTS6	27189	INTS6-201	MANE
INTS6-AS1			no_CDS
INTS6L	27199	INTS6L-206	MANE
INTS7	27200	INTS7-203	MANE
INTS8	27206	INTS8-217	MANE
INTS9	27210	INTS9-211	MANE
INTS9-AS1	27211	INTS9-AS1-202	Ensembl
INTU	27215	INTU-201	MANE
INVS	27218	INVS-202	MANE
IP6K1	27220	IP6K1-201	MANE
IP6K2	27224	IP6K2-201	MANE
IP6K3	27231	IP6K3-201	MANE
IPCEF1	27235	IPCEF1-202	MANE
IPMK	27237	IPMK-201	MANE
IPO11	27238	IPO11-201	MANE
IPO13	27240	IPO13-202	MANE
IPO4	27241	IPO4-201	MANE
IPO5	27251	IPO5-230	MANE
IPO7	27254	IPO7-201	MANE
IPO8	27256	IPO8-201	MANE
IPO9	27257	IPO9-201	MANE
IPP	27259	IPP-202	MANE
IPPK	27262	IPPK-201	MANE
IQCA1	27265	IQCA1-204	MANE
IQCB1	27268	IQCB1-201	MANE
IQCC	27273	IQCC-201	MANE
IQCD	27274	IQCD-202	MANE
IQCE	27275	IQCE-203	MANE
IQCG	27283	IQCG-201	MANE
IQCH	27285	IQCH-204	longest_CDS
IQCH-AS1			no_CDS
IQCJ	27291	IQCJ-201	MANE
IQCK	27292	IQCK-201	longest_CDS
IQCN	27294	transcript41102.chr19.nic	longest_CDS
IQGAP1	27297	IQGAP1-201	MANE
IQGAP2	27300	IQGAP2-201	MANE
IQGAP3	27302	IQGAP3-201	MANE
IQSEC1	27308	IQSEC1-204	MANE
IQSEC2	27309	IQSEC2-218	MANE
IQSEC3	27314	IQSEC3-203	MANE
IQSEC3-AS1			no_CDS
IQUB	27316	IQUB-201	MANE
IRAG1	27319	IRAG1-201	MANE
IRAG2	27327	IRAG2-217	MANE
IRAIN			no_CDS
IRAK1	27333	IRAK1-203	MANE
IRAK1BP1	27335	IRAK1BP1-201	MANE
IRAK2	27336	IRAK2-201	MANE
IRAK3	27338	IRAK3-201	MANE
IRAK4	27339	IRAK4-212	MANE
IREB2	27347	IREB2-201	MANE
IRF1	27349	IRF1-201	MANE
IRF1-AS1	27351	IRF1-AS1-206	Ensembl
IRF2	27356	IRF2-201	MANE
IRF2-DT	27360	IRF2-DT-201	Ensembl
IRF2BP1	27361	IRF2BP1-201	MANE
IRF2BP2	27362	IRF2BP2-201	MANE
IRF2BPL	27365	IRF2BPL-201	MANE
IRF3	27371	IRF3-203	MANE
IRF5	27373	IRF5-201	MANE
IRF7	27379	IRF7-206	MANE
IRF8	27387	IRF8-201	MANE
IRF9	27398	IRF9-202	MANE
IRGM	27406	transcript208240.chr5.nnic	longest_CDS
IRGQ	27407	IRGQ-201	MANE
IRS1	27409	IRS1-201	MANE
IRS2	27410	IRS2-201	MANE
IRS4	27412	IRS4-201	MANE
IRS4-AS1			no_CDS
IRX6	27415	IRX6-201	MANE
ISCA1	27416	ISCA1-203	MANE
ISCA2	27421	ISCA2-204	MANE
ISCU	27424	ISCU-201	MANE
ISG15	27426	ISG15-203	MANE
ISG20	27427	ISG20-202	APPRIS
ISG20L2	27428	ISG20L2-202	MANE
ISLR	27434	ISLR-201	MANE
ISM1	27436	ISM1-201	MANE
ISM2	27437	ISM2-202	MANE
ISOC1	27439	ISOC1-201	MANE
ISOC2	27441	ISOC2-202	MANE
IST1	27447	IST1-203	MANE
ISY1	27450	ISY1-203	MANE
ISYNA1	27451	ISYNA1-201	MANE
ITCH	27457	ITCH-202	MANE
ITFG1	27465	ITFG1-201	MANE
ITFG1-AS1	27468	transcript85305.chr16.nnic	longest_CDS
ITFG2	27470	ITFG2-201	MANE
ITFG2-AS1			no_CDS
ITGA1	27473	ITGA1-201	MANE
ITGA10	27474	ITGA10-201	MANE
ITGA11	27477	ITGA11-201	MANE
ITGA2	27479	ITGA2-201	MANE
ITGA2B	27481	ITGA2B-201	MANE
ITGA3	27483	ITGA3-202	MANE
ITGA4	27488	ITGA4-203	MANE
ITGA5	27490	ITGA5-201	MANE
ITGA6	27496	ITGA6-212	MANE
ITGA7	27498	ITGA7-201	MANE
ITGA8	27502	ITGA8-201	MANE
ITGA9	27503	ITGA9-201	MANE
ITGA9-AS1	27506	ITGA9-AS1-223	longest_CDS
ITGAE	27509	ITGAE-207	longest_CDS
ITGAL	27510	ITGAL-218	longest_CDS
ITGAM	27511	ITGAM-208	longest_CDS
ITGAV	27520	ITGAV-201	MANE
ITGAX	27523	ITGAX-201	MANE
ITGB1	27530	ITGB1-201	MANE
ITGB1-DT			no_CDS
ITGB1BP1	27545	ITGB1BP1-202	MANE
ITGB1BP2			no_CDS
ITGB2	27550	ITGB2-206	APPRIS
ITGB3	27555	ITGB3-201	MANE
ITGB3BP	27557	ITGB3BP-212	longest_CDS
ITGB4	27561	ITGB4-201	MANE
ITGB5	27562	ITGB5-201	MANE
ITGB8	27568	ITGB8-201	MANE
ITGBL1	27569	transcript87622.chr13.nic	longest_CDS
ITIH3	27570	ITIH3-202	MANE
ITIH4	27572	ITIH4-201	MANE
ITIH5	27575	ITIH5-202	MANE
ITM2A	27578	ITM2A-201	MANE
ITM2B	27580	ITM2B-204	MANE
ITM2C	27584	ITM2C-202	MANE
ITPA	27586	ITPA-201	MANE
ITPK1	27591	ITPK1-201	MANE
ITPK1-AS1	27593	ITPK1-AS1-201	Ensembl
ITPKA	27594	ITPKA-201	MANE
ITPKB	27595	ITPKB-203	MANE
ITPKC	27597	ITPKC-201	MANE
ITPR1	27607	ITPR1-237	MANE
ITPR1-DT	27627	ITPR1-DT-201	Ensembl
ITPR2	27630	ITPR2-202	MANE
ITPR3	27631	ITPR3-201	APPRIS
ITPRID2	27638	ITPRID2-205	MANE
ITPRID2-DT	27639	ITPRID2-DT-201	Ensembl
ITPRIP	27640	ITPRIP-202	MANE
ITPRIPL1	27642	ITPRIPL1-204	MANE
ITPRIPL2	27645	ITPRIPL2-201	MANE
ITSN1	27651	ITSN1-206	MANE
ITSN2	27657	ITSN2-201	MANE
IVD	27661	IVD-215	longest_CDS
IVNS1ABP	27665	IVNS1ABP-202	MANE
IWS1	27669	IWS1-201	MANE
IZUMO1	27672	IZUMO1-204	longest_CDS
IZUMO4	27673	IZUMO4-204	longest_CDS
JADE1	27675	JADE1-201	MANE
JADE2	27683	JADE2-215	MANE
JADE3	27689	JADE3-204	MANE
JAG1	27691	JAG1-201	MANE
JAG2	27692	JAG2-201	MANE
JAGN1	27695	JAGN1-202	MANE
JAK1	27709	JAK1-201	MANE
JAK2	27715	JAK2-201	MANE
JAK3	27718	JAK3-201	MANE
JAKMIP1	27724	JAKMIP1-202	MANE
JAKMIP2	27734	JAKMIP2-206	MANE
JAKMIP3	27741	JAKMIP3-226	MANE
JAKMIP3-AS1			no_CDS
JAM2	27754	JAM2-206	MANE
JAM3	27755	JAM3-201	MANE
JARID2	27760	JARID2-201	MANE
JAZF1	27764	JAZF1-201	MANE
JAZF1-AS1	27765	JAZF1-AS1-203	Ensembl
JCAD	27766	JCAD-201	MANE
JDP2	27767	JDP2-208	MANE
JDP2-AS1	27774	JDP2-AS1-202	Ensembl
JHY	27776	JHY-201	MANE
JKAMP	27783	JKAMP-214	MANE
JMJD1C	27789	JMJD1C-202	MANE
JMJD1C-AS1	27792	JMJD1C-AS1-201	Ensembl
JMJD4	27793	JMJD4-205	MANE
JMJD6	27801	JMJD6-202	MANE
JMJD7	27802	JMJD7-201	MANE
JMJD8	27805	JMJD8-215	MANE
JMY	27808	JMY-201	MANE
JOSD1	27810	JOSD1-210	MANE
JOSD2	27813	JOSD2-204	MANE
JPH1	27816	JPH1-201	MANE
JPH3	27818	JPH3-201	MANE
JPH4	27821	JPH4-201	MANE
JPT1	27823	JPT1-203	MANE
JPT2	27824	JPT2-201	MANE
JPX	27827	JPX-207	Ensembl
JRK	27850	JRK-209	MANE
JRKL	27853	JRKL-201	MANE
JTB	27857	JTB-201	MANE
JTB-DT	27858	JTB-DT-201	Ensembl
JUNB	27859	JUNB-201	MANE
JUND	27860	JUND-201	MANE
JUP	27862	JUP-203	MANE
KALRN	27864	KALRN-226	MANE
KANK1	27904	KANK1-206	longest_CDS
KANK2	27920	KANK2-201	MANE
KANK3	27921	KANK3-201	MANE
KANK4	27922	KANK4-204	MANE
KANSL1	27926	KANSL1-201	longest_CDS
KANSL1-AS1			no_CDS
KANSL1L	27937	KANSL1L-201	MANE
KANSL1L-AS1			no_CDS
KANSL2	27943	KANSL2-201	MANE
KANSL3	27946	KANSL3-220	longest_CDS
KANTR	27953	KANTR-203	MANE
KARS1	27962	KARS1-201	MANE
KAT14	27968	KAT14-213	MANE
KAT2A	27971	KAT2A-201	MANE
KAT2B	27974	KAT2B-201	MANE
KAT5	27975	KAT5-201	MANE
KAT6A	27984	KAT6A-201	MANE
KAT6B	28000	KAT6B-201	MANE
KAT7	28030	KAT7-206	longest_CDS
KAT8	28032	KAT8-206	APPRIS
KATNA1	28034	KATNA1-203	MANE
KATNAL1	28038	KATNAL1-201	MANE
KATNAL2	28041	KATNAL2-209	MANE
KATNB1	28051	KATNB1-201	MANE
KATNBL1	28058	KATNBL1-201	MANE
KATNIP	28060	KATNIP-201	MANE
KAZN	28062	KAZN-206	longest_CDS
KAZN-AS1			no_CDS
KBTBD11	28067	KBTBD11-201	MANE
KBTBD12	28068	KBTBD12-202	MANE
KBTBD2	28069	KBTBD2-201	MANE
KBTBD3	28071	KBTBD3-205	MANE
KBTBD4	28078	KBTBD4-202	MANE
KBTBD6	28079	KBTBD6-201	MANE
KBTBD7	28080	KBTBD7-201	MANE
KBTBD8	28081	KBTBD8-201	MANE
KCMF1	28086	KCMF1-201	MANE
KCNA1	28087	KCNA1-201	MANE
KCNA2	28097	KCNA2-201	MANE
KCNA3	28100	KCNA3-201	MANE
KCNA4	28103	KCNA4-201	MANE
KCNA5	28105	KCNA5-201	MANE
KCNA6	28106	KCNA6-201	MANE
KCNAB1	28110	KCNAB1-201	APPRIS
KCNAB2	28111	transcript10909.chr1.nic	longest_CDS
KCNAB3	28119	KCNAB3-201	MANE
KCNB1	28122	KCNB1-201	MANE
KCNB2	28123	KCNB2-201	MANE
KCNC1	28125	KCNC1-201	MANE
KCNC2	28133	KCNC2-208	MANE
KCNC4	28140	KCNC4-204	MANE
KCND1	28143	KCND1-201	MANE
KCND2	28145	KCND2-201	MANE
KCND3	28146	KCND3-201	MANE
KCNE3	28155	KCNE3-201	MANE
KCNE4	28156	KCNE4-201	MANE
KCNE5	28157	KCNE5-201	MANE
KCNF1	28158	KCNF1-201	MANE
KCNG1	28160	KCNG1-201	MANE
KCNG3	28161	KCNG3-201	MANE
KCNG4	28164	KCNG4-201	MANE
KCNH1	28167	KCNH1-201	MANE
KCNH1-IT1			no_CDS
KCNH2	28178	KCNH2-205	longest_CDS
KCNH3	28180	KCNH3-201	MANE
KCNH4	28182	KCNH4-201	MANE
KCNH5	28183	KCNH5-201	MANE
KCNH6	28185	KCNH6-201	MANE
KCNH7	28186	KCNH7-202	MANE
KCNH7-AS1	28188	KCNH7-AS1-201	Ensembl
KCNH8	28189	KCNH8-201	MANE
KCNIP1	28193	KCNIP1-201	MANE
KCNIP2	28197	KCNIP2-206	MANE
KCNIP3	28199	KCNIP3-201	MANE
KCNIP4	28203	KCNIP4-204	MANE
KCNIP4-IT1	28207	KCNIP4-IT1-201	Ensembl
KCNJ10	28208	KCNJ10-210	MANE
KCNJ11	28211	KCNJ11-201	MANE
KCNJ12	28212	KCNJ12-202	MANE
KCNJ13	28213	KCNJ13-201	MANE
KCNJ14	28214	transcript129464.chr19.nnic	longest_CDS
KCNJ16	28216	KCNJ16-202	longest_CDS
KCNJ2	28218	KCNJ2-201	MANE
KCNJ2-AS1	28219	KCNJ2-AS1-201	Ensembl
KCNJ3	28220	KCNJ3-201	MANE
KCNJ4	28222	KCNJ4-201	MANE
KCNJ5	28223	KCNJ5-202	MANE
KCNJ5-AS1	28224	KCNJ5-AS1-202	Ensembl
KCNJ6	28226	KCNJ6-201	MANE
KCNJ8	28227	KCNJ8-201	MANE
KCNJ9	28229	KCNJ9-201	MANE
KCNK1	28231	KCNK1-202	MANE
KCNK10	28234	KCNK10-202	MANE
KCNK12	28236	KCNK12-201	MANE
KCNK13	28237	KCNK13-201	MANE
KCNK15	28238	KCNK15-201	MANE
KCNK2	28239	KCNK2-203	MANE
KCNK3	28240	KCNK3-201	MANE
KCNK4	28242	KCNK4-202	MANE
KCNK6	28245	KCNK6-201	MANE
KCNK9	28248	KCNK9-208	longest_CDS
KCNMA1	28256	KCNMA1-202	MANE
KCNMB1	28282	KCNMB1-201	MANE
KCNMB2	28287	KCNMB2-207	MANE
KCNMB3	28289	KCNMB3-204	longest_CDS
KCNMB4	28292	KCNMB4-201	MANE
KCNN1	28293	KCNN1-206	longest_CDS
KCNN2	28295	KCNN2-205	longest_CDS
KCNN3	28299	KCNN3-201	MANE
KCNN4	28300	KCNN4-209	MANE
KCNQ1OT1	28301	KCNQ1OT1-204	longest_CDS
KCNQ2	28309	KCNQ2-204	MANE
KCNQ3	28314	KCNQ3-201	MANE
KCNQ4	28315	KCNQ4-201	MANE
KCNQ5	28321	KCNQ5-204	MANE
KCNQ5-DT	28324	KCNQ5-DT-201	Ensembl
KCNS1	28325	KCNS1-202	MANE
KCNS2	28326	KCNS2-201	MANE
KCNS3	28328	KCNS3-201	MANE
KCNT1	28330	KCNT1-202	MANE
KCNT2	28337	KCNT2-201	MANE
KCNV1	28341	KCNV1-202	MANE
KCP	28342	KCP-208	longest_CDS
KCTD1	28344	KCTD1-207	MANE
KCTD10	28346	KCTD10-201	MANE
KCTD11	28350	KCTD11-202	APPRIS
KCTD12	28351	KCTD12-201	MANE
KCTD13	28353	KCTD13-208	MANE
KCTD14	28356	KCTD14-201	MANE
KCTD15	28357	KCTD15-213	MANE
KCTD16	28359	KCTD16-202	MANE
KCTD17	28364	KCTD17-202	MANE
KCTD18	28368	KCTD18-201	MANE
KCTD2	28369	KCTD2-201	MANE
KCTD20	28373	KCTD20-202	MANE
KCTD21	28374	KCTD21-201	MANE
KCTD21-AS1	28375	KCTD21-AS1-207	longest_CDS
KCTD3	28378	KCTD3-201	MANE
KCTD4	28379	KCTD4-201	MANE
KCTD5	28380	KCTD5-201	MANE
KCTD6	28383	KCTD6-202	MANE
KCTD7	28387	KCTD7-206	MANE
KCTD8	28390	KCTD8-201	MANE
KDELR1	28393	KDELR1-201	MANE
KDELR2	28394	KDELR2-201	MANE
KDELR3	28396	KDELR3-201	MANE
KDF1	28397	KDF1-201	MANE
KDM1A	28415	KDM1A-202	MANE
KDM1B	28416	KDM1B-205	MANE
KDM2A	28420	KDM2A-210	MANE
KDM2B	28426	KDM2B-202	MANE
KDM2B-DT			no_CDS
KDM3A	28431	KDM3A-201	MANE
KDM3B	28438	KDM3B-201	MANE
KDM4A	28439	KDM4A-201	MANE
KDM4A-AS1	28440	KDM4A-AS1-206	longest_CDS
KDM4B	28441	KDM4B-201	MANE
KDM4C	28451	KDM4C-202	MANE
KDM4D	28454	KDM4D-201	MANE
KDM5A	28457	KDM5A-201	MANE
KDM5B	28462	KDM5B-203	MANE
KDM5C	28479	KDM5C-204	MANE
KDM5D	28496	KDM5D-201	MANE
KDM6A	28498	KDM6A-210	MANE
KDM6B	28514	KDM6B-202	MANE
KDM7A	28516	KDM7A-201	MANE
KDM7A-DT	28517	KDM7A-DT-201	Ensembl
KDM8	28518	KDM8-201	MANE
KDR	28519	KDR-201	MANE
KDSR	28521	KDSR-212	MANE
KDSR-DT	28523	KDSR-DT-201	Ensembl
KEAP1	28526	KEAP1-201	MANE
KEL	28527	KEL-201	MANE
KHDC1	28530	KHDC1-201	MANE
KHDC1-AS1	28533	KHDC1-AS1-206	Ensembl
KHDC4	28538	KHDC4-203	MANE
KHDRBS1	28539	KHDRBS1-202	MANE
KHDRBS2	28541	KHDRBS2-201	MANE
KHDRBS2-OT1	28543	KHDRBS2-OT1-201	Ensembl
KHDRBS3	28544	transcript185333.chr8.nic	longest_CDS
KHK	28548	KHK-202	longest_CDS
KHNYN	28550	KHNYN-202	MANE
KHSRP	28557	KHSRP-212	MANE
KIAA0040	28559	KIAA0040-201	MANE
KIAA0232	28562	KIAA0232-201	MANE
KIAA0319	28566	KIAA0319-201	MANE
KIAA0319L	28571	KIAA0319L-201	MANE
KIAA0408	28594	KIAA0408-204	MANE
KIAA0513	28596	KIAA0513-206	MANE
KIAA0586	28605	KIAA0586-222	MANE
KIAA0753	28610	KIAA0753-201	MANE
KIAA0825	28616	KIAA0825-204	MANE
KIAA0930	28621	KIAA0930-202	MANE
KIAA1143	28625	KIAA1143-201	MANE
KIAA1191	28629	KIAA1191-201	MANE
KIAA1217	28639	KIAA1217-203	longest_CDS
KIAA1328	28650	KIAA1328-201	MANE
KIAA1522	28652	KIAA1522-203	longest_CDS
KIAA1549	28653	KIAA1549-201	MANE
KIAA1549L	28656	KIAA1549L-204	MANE
KIAA1586	28659	KIAA1586-201	MANE
KIAA1614	28662	KIAA1614-202	MANE
KIAA1671	28668	KIAA1671-201	MANE
KIAA1671-AS1	28671	KIAA1671-AS1-201	Ensembl
KIAA1755	28672	KIAA1755-201	MANE
KIAA1958	28680	KIAA1958-201	MANE
KIAA2012	28684	KIAA2012-204	MANE
KIAA2012-AS1	28685	KIAA2012-AS1-201	Ensembl
KIAA2013	28687	KIAA2013-201	MANE
KIAA2026	28690	KIAA2026-202	MANE
KICS2	28693	KICS2-202	MANE
KIDINS220	28710	KIDINS220-201	MANE
KIF11	28724	KIF11-201	MANE
KIF13A	28727	KIF13A-201	MANE
KIF13B	28734	KIF13B-206	MANE
KIF15	28736	KIF15-201	MANE
KIF16B	28737	KIF16B-201	MANE
KIF17	28741	KIF17-203	MANE
KIF18A	28744	KIF18A-201	MANE
KIF18B-DT	28745	KIF18B-DT-201	Ensembl
KIF19	28748	KIF19-202	MANE
KIF1A	28761	KIF1A-202	longest_CDS
KIF1B	28772	KIF1B-214	MANE
KIF1C	28776	KIF1C-201	MANE
KIF20B	28778	KIF20B-202	MANE
KIF21A	28781	KIF21A-201	MANE
KIF21B	28793	KIF21B-204	MANE
KIF22	28802	KIF22-201	MANE
KIF23	28807	transcript104473.chr15.nic	longest_CDS
KIF24	28809	KIF24-202	MANE
KIF25	28812	KIF25-205	MANE
KIF26B	28814	KIF26B-202	MANE
KIF27	28817	KIF27-201	MANE
KIF2A	28833	KIF2A-203	MANE
KIF2B	28834	KIF2B-201	MANE
KIF3A	28837	KIF3A-203	MANE
KIF3B	28839	KIF3B-201	MANE
KIF3C	28842	KIF3C-201	MANE
KIF4A	28843	KIF4A-201	MANE
KIF4B	28844	KIF4B-201	MANE
KIF5A	28852	KIF5A-202	MANE
KIF5B	28854	KIF5B-201	MANE
KIF5C	28874	KIF5C-201	MANE
KIF6	28879	KIF6-202	MANE
KIF9	28881	KIF9-206	longest_CDS
KIF9-AS1	28886	KIF9-AS1-201	Ensembl
KIFAP3	28891	KIFAP3-201	MANE
KIFBP	28896	KIFBP-201	MANE
KIFC1	28904	KIFC1-211	MANE
KIFC2	28906	KIFC2-209	MANE
KIFC3	28913	KIFC3-201	longest_CDS
KIN	28914	KIN-201	MANE
KIRREL1	28915	transcript245872.chr1.nic	longest_CDS
KIRREL2	28917	KIRREL2-203	MANE
KIRREL3	28920	KIRREL3-201	MANE
KIT	28925	KIT-201	MANE
KITLG	28933	KITLG-205	MANE
KIZ	28937	KIZ-210	MANE
KL	28940	KL-202	longest_CDS
KLB	28941	KLB-201	MANE
KLC1	28942	KLC1-202	MANE
KLC1-AS1	28956	KLC1-AS1-201	Ensembl
KLC2	28959	KLC2-204	MANE
KLC3	28961	KLC3-201	MANE
KLC4	28962	KLC4-202	MANE
KLF10	28966	KLF10-201	MANE
KLF11	28967	KLF11-201	MANE
KLF12	28970	KLF12-203	Ensembl
KLF13	28972	transcript35826.chr15.nnic	longest_CDS
KLF15	28974	KLF15-201	MANE
KLF2	28976	KLF2-201	MANE
KLF3	28977	KLF3-201	MANE
KLF3-AS1			no_CDS
KLF4	28983	KLF4-201	MANE
KLF5	28986	KLF5-201	MANE
KLF6	28989	KLF6-206	MANE
KLF7	28992	KLF7-201	MANE
KLF8	28998	KLF8-204	MANE
KLF9	28999	KLF9-201	MANE
KLHDC1	29001	KLHDC1-201	MANE
KLHDC10	29003	KLHDC10-201	MANE
KLHDC2	29006	KLHDC2-201	MANE
KLHDC3	29008	KLHDC3-202	MANE
KLHDC4	29011	KLHDC4-201	MANE
KLHDC7A	29014	KLHDC7A-201	MANE
KLHDC8A	29015	KLHDC8A-201	MANE
KLHDC8B	29017	KLHDC8B-201	MANE
KLHDC9	29019	KLHDC9-201	MANE
KLHL1	29024	KLHL1-201	MANE
KLHL11	29025	KLHL11-201	MANE
KLHL12	29026	KLHL12-203	MANE
KLHL13	29027	KLHL13-207	MANE
KLHL14	29033	KLHL14-202	MANE
KLHL15	29034	KLHL15-203	APPRIS
KLHL17	29040	KLHL17-201	MANE
KLHL18	29042	KLHL18-201	MANE
KLHL2	29045	KLHL2-201	MANE
KLHL20	29047	KLHL20-201	MANE
KLHL21	29049	KLHL21-201	MANE
KLHL22	29052	KLHL22-201	MANE
KLHL23	29055	KLHL23-202	MANE
KLHL24	29059	KLHL24-201	MANE
KLHL25	29060	KLHL25-201	MANE
KLHL26	29062	KLHL26-201	MANE
KLHL28	29063	KLHL28-202	MANE
KLHL29	29067	KLHL29-203	MANE
KLHL3	29071	KLHL3-201	MANE
KLHL32	29074	KLHL32-202	MANE
KLHL34	29076	KLHL34-201	MANE
KLHL35	29079	KLHL35-204	MANE
KLHL36	29082	KLHL36-204	MANE
KLHL38	29084	KLHL38-202	MANE
KLHL4	29085	KLHL4-202	MANE
KLHL40	29089	KLHL40-201	MANE
KLHL41	29090	KLHL41-201	MANE
KLHL42	29093	KLHL42-201	MANE
KLHL5	29099	KLHL5-204	MANE
KLHL6	29100	transcript296755.chr3.nic	longest_CDS
KLHL7	29102	KLHL7-202	MANE
KLHL7-DT	29106	KLHL7-DT-202	Ensembl
KLHL8	29108	KLHL8-201	MANE
KLHL9	29109	KLHL9-201	MANE
KLK10	29113	KLK10-203	longest_CDS
KLK6	29116	KLK6-201	MANE
KLK7	29117	KLK7-205	MANE
KLKB1	29118	KLKB1-201	MANE
KLLN	29120	KLLN-201	MANE
KLRC2	29121	KLRC2-202	MANE
KLRC3	29122	KLRC3-202	MANE
KLRD1	29123	KLRD1-201	MANE
KLRG1	29125	KLRG1-202	MANE
KLRK1	29127	KLRK1-201	MANE
KMO	29128	KMO-204	MANE
KMT2A	29134	KMT2A-201	longest_CDS
KMT2B	29142	transcript96335.chr19.nic	longest_CDS
KMT2C	29148	KMT2C-201	MANE
KMT2D	29189	KMT2D-201	MANE
KMT2E	29197	KMT2E-202	MANE
KMT2E-AS1			no_CDS
KMT5A	29206	KMT5A-201	MANE
KMT5B	29211	KMT5B-201	MANE
KMT5C	29222	KMT5C-201	MANE
KNCN	29223	KNCN-203	MANE
KNDC1	29227	KNDC1-201	MANE
KNG1	29233	KNG1-203	MANE
KNL1	29235	KNL1-202	MANE
KNOP1	29239	KNOP1-201	MANE
KNSTRN	29241	KNSTRN-201	MANE
KNTC1	29242	KNTC1-201	MANE
KPNA1	29246	KPNA1-201	MANE
KPNA2	29253	KPNA2-201	MANE
KPNA3	29258	KPNA3-201	MANE
KPNA4	29262	KPNA4-201	MANE
KPNA5	29266	KPNA5-202	MANE
KPNA6	29269	KPNA6-201	MANE
KPNB1	29275	KPNB1-201	MANE
KPTN	29276	KPTN-201	MANE
KRAS	29281	KRAS-202	MANE
KRBA2	29284	KRBA2-201	MANE
KRBOX1	29285	KRBOX1-201	MANE
KRBOX4	29289	KRBOX4-202	MANE
KRBOX5	29291	KRBOX5-201	MANE
KRCC1	29299	KRCC1-201	MANE
KREMEN1	29300	KREMEN1-202	MANE
KRI1	29303	KRI1-216	longest_CDS
KRIT1	29328	KRIT1-203	MANE
KRR1	29350	KRR1-201	MANE
KRT10	29353	KRT10-201	MANE
KRT10-AS1	29355	KRT10-AS1-201	Ensembl
KRT18	29356	KRT18-201	MANE
KRT19	29358	KRT19-201	MANE
KRT222	29359	KRT222-202	MANE
KRT31	29361	KRT31-201	MANE
KRT5	29362	KRT5-201	MANE
KRT83	29363	KRT83-201	MANE
KRTAP5-1	29364	KRTAP5-1-201	MANE
KRTAP5-10	29365	KRTAP5-10-201	MANE
KRTAP5-2	29366	KRTAP5-2-201	MANE
KRTAP5-7	29367	KRTAP5-7-201	MANE
KRTAP5-9	29368	KRTAP5-9-201	MANE
KRTAP5-AS1	29369	KRTAP5-AS1-201	Ensembl
KRTCAP2	29370	KRTCAP2-201	MANE
KSR1	29374	KSR1-219	MANE
KSR2	29377	KSR2-201	MANE
KTI12	29378	KTI12-201	MANE
KTN1	29379	KTN1-205	MANE
KTN1-AS1	29389	KTN1-AS1-204	Ensembl
KXD1	29392	KXD1-201	MANE
KY	29395	KY-201	MANE
KYAT1	29399	KYAT1-201	MANE
KYAT3	29402	KYAT3-201	MANE
KYNU	29405	KYNU-201	MANE
L1CAM	29409	L1CAM-205	MANE
L1TD1	29410	L1TD1-201	MANE
L2HGDH	29411	L2HGDH-202	MANE
L3HYPDH	29415	L3HYPDH-201	MANE
L3MBTL1	29424	L3MBTL1-204	MANE
L3MBTL2	29435	L3MBTL2-201	MANE
L3MBTL2-AS1			no_CDS
L3MBTL3	29439	L3MBTL3-201	MANE
L3MBTL4	29441	L3MBTL4-201	MANE
LACC1	29443	LACC1-201	MANE
LACTB	29445	LACTB-201	MANE
LACTB2	29447	LACTB2-201	MANE
LAG3	29448	LAG3-201	MANE
LAGE3	29449	LAGE3-201	MANE
LAIR1	29451	LAIR1-203	MANE
LAMA1	29457	LAMA1-201	MANE
LAMA2	29460	LAMA2-206	APPRIS
LAMA3	29466	LAMA3-202	MANE
LAMA4	29469	LAMA4-201	MANE
LAMA5	29476	LAMA5-201	MANE
LAMB1	29479	LAMB1-218	longest_CDS
LAMB2	29496	LAMB2-201	MANE
LAMC1	29499	LAMC1-201	MANE
LAMC3	29500	LAMC3-202	MANE
LAMP1	29505	LAMP1-201	MANE
LAMP2	29509	LAMP2-201	MANE
LAMP5	29511	LAMP5-201	MANE
LAMTOR1	29512	LAMTOR1-201	MANE
LAMTOR2	29516	LAMTOR2-203	MANE
LAMTOR3	29518	LAMTOR3-202	MANE
LAMTOR4	29522	LAMTOR4-201	MANE
LAMTOR5	29525	LAMTOR5-201	longest_CDS
LAMTOR5-AS1			no_CDS
LANCL1	29532	LANCL1-207	MANE
LANCL2	29539	LANCL2-201	MANE
LANCL3	29540	LANCL3-201	MANE
LAP3	29541	LAP3-201	MANE
LAPTM4A	29544	LAPTM4A-201	MANE
LAPTM4B	29545	LAPTM4B-204	longest_CDS
LAPTM5	29546	LAPTM5-201	MANE
LARGE1	29552	LARGE1-202	MANE
LARP1	29556	LARP1-204	MANE
LARP1B	29561	LARP1B-201	MANE
LARP4	29570	LARP4-203	MANE
LARP4B	29575	LARP4B-201	MANE
LARP6	29581	LARP6-201	MANE
LARP7	29594	LARP7-201	MANE
LARRPM	29599	LARRPM-202	Ensembl
LARS1	29605	LARS1-201	MANE
LARS2	29621	LARS2-209	MANE
LAS1L	29630	LAS1L-203	MANE
LASP1	29635	LASP1-201	MANE
LASP1NB	29636	LASP1NB-201	Ensembl
LAT	29637	LAT-202	MANE
LAT2	29640	LAT2-205	MANE
LATS1	29641	LATS1-207	MANE
LATS2	29647	LATS2-201	MANE
LAX1	29648	LAX1-203	MANE
LAYN	29653	LAYN-201	MANE
LBH	29655	LBH-201	MANE
LBHD1	29657	LBHD1-204	longest_CDS
LBR	29660	LBR-201	MANE
LCA5	29662	LCA5-201	MANE
LCA5L	29665	transcript33978.chr21.nnic	longest_CDS
LCAT	29666	LCAT-201	MANE
LCDR	29668	LCDR-201	Ensembl
LCIIAR			no_CDS
LCK	29672	LCK-202	MANE
LCLAT1	29679	LCLAT1-203	MANE
LCMT1	29685	LCMT1-203	MANE
LCMT1-AS2	29686	LCMT1-AS2-202	longest_CDS
LCMT2	29687	LCMT2-201	MANE
LCN12	29688	LCN12-205	longest_CDS
LCNL1	29690	LCNL1-201	MANE
LCOR	29699	LCOR-204	MANE
LCORL	29713	LCORL-207	MANE
LCP1	29716	transcript39390.chr13.nic	longest_CDS
LCP2	29719	LCP2-201	MANE
LDAF1	29721	LDAF1-201	MANE
LDAH	29726	LDAH-201	MANE
LDB1	29728	LDB1-204	MANE
LDB2	29730	LDB2-201	MANE
LDB3	29735	LDB3-203	longest_CDS
LDHA	29740	LDHA-205	MANE
LDHAL6A	29742	LDHAL6A-201	MANE
LDHAL6B	29743	LDHAL6B-201	MANE
LDHB	29744	LDHB-203	APPRIS
LDHD	29747	LDHD-202	MANE
LDLR	29753	LDLR-208	MANE
LDLRAD3	29756	LDLRAD3-201	MANE
LDLRAD4	29758	LDLRAD4-201	MANE
LDLRAP1	29766	LDLRAP1-201	MANE
LDOC1	29770	LDOC1-201	MANE
LEF1	29771	LEF1-202	longest_CDS
LEKR1	29772	transcript258799.chr3.nic	longest_CDS
LEMD2	29773	LEMD2-201	MANE
LEMD3	29776	LEMD3-201	MANE
LENG1	29778	LENG1-201	MANE
LENG8	29782	LENG8-201	MANE
LENG8-AS1			no_CDS
LENG9	29787	LENG9-203	MANE
LEO1	29788	LEO1-201	MANE
LEPR	29790	LEPR-202	MANE
LEPROT	29791	LEPROT-201	MANE
LEPROTL1	29792	LEPROTL1-201	MANE
LERFS	29793	LERFS-214	longest_CDS
LETM1	29794	LETM1-201	MANE
LETM2	29802	LETM2-202	MANE
LETMD1	29804	LETMD1-201	MANE
LETR1	29826	LETR1-201	longest_CDS
LFNG	29827	LFNG-201	MANE
LGALS1	29828	LGALS1-201	MANE
LGALS3	29830	LGALS3-201	MANE
LGALS3BP	29832	LGALS3BP-201	MANE
LGALS8	29836	LGALS8-206	MANE
LGALS9			no_CDS
LGALSL	29840	LGALSL-201	MANE
LGALSL-DT			no_CDS
LGI1	29850	LGI1-202	MANE
LGI2	29857	LGI2-201	MANE
LGI3	29858	LGI3-201	MANE
LGI4	29860	LGI4-201	MANE
LGMN	29865	LGMN-201	MANE
LGR4	29868	LGR4-201	MANE
LGR5	29869	LGR5-201	MANE
LHFPL1	29871	LHFPL1-201	MANE
LHFPL2	29873	LHFPL2-201	MANE
LHFPL3	29877	LHFPL3-202	MANE
LHFPL4	29878	LHFPL4-201	MANE
LHFPL5	29881	LHFPL5-201	MANE
LHFPL6	29883	LHFPL6-201	MANE
LHPP	29885	LHPP-202	MANE
LHX2	29889	LHX2-201	MANE
LHX2-AS1	29890	LHX2-AS1-201	Ensembl
LHX4	29891	LHX4-201	MANE
LHX6	29893	LHX6-204	MANE
LIAS	29895	LIAS-222	MANE
LIFR	29900	LIFR-202	MANE
LIFR-AS1			no_CDS
LIG1	29916	LIG1-201	MANE
LIG3	29919	LIG3-202	MANE
LIG4	29927	LIG4-202	MANE
LILRA2	29935	LILRA2-201	longest_CDS
LILRA4	29936	LILRA4-201	MANE
LILRB1	29937	LILRB1-201	MANE
LILRB2	29941	LILRB2-201	MANE
LILRB4	29943	LILRB4-204	longest_CDS
LIMA1	29946	LIMA1-201	MANE
LIMCH1	29963	LIMCH1-205	MANE
LIMD1	29968	LIMD1-201	MANE
LIMD1-AS1	29969	LIMD1-AS1-204	Ensembl
LIMD2	29972	LIMD2-201	MANE
LIME1	29975	LIME1-201	MANE
LIMK1	29977	LIMK1-201	MANE
LIMK2	29978	LIMK2-201	MANE
LIMS1	29984	LIMS1-214	MANE
LIMS2	29986	LIMS2-202	MANE
LIN28B			no_CDS
LIN37	29991	LIN37-201	MANE
LIN52	29994	LIN52-205	MANE
LIN54	29996	LIN54-201	MANE
LIN7A	30002	LIN7A-204	MANE
LIN7B	30004	LIN7B-201	MANE
LIN7C	30005	LIN7C-201	MANE
LIN9	30006	LIN9-201	longest_CDS
LINC-PINT	30011	LINC-PINT-206	longest_CDS
LINC00092			no_CDS
LINC00115	30026	LINC00115-201	Ensembl
LINC00159	30028	transcript23519.chr21.nnic	longest_CDS
LINC00173	30029	LINC00173-205	longest_CDS
LINC00174	30030	LINC00174-209	Ensembl
LINC00184	30032	LINC00184-201	Ensembl
LINC00200	30034	transcript855.chr10.nnic	longest_CDS
LINC00205	30036	LINC00205-201	Ensembl
LINC00216	30038	LINC00216-201	Ensembl
LINC00235	30039	LINC00235-201	Ensembl
LINC00237			no_CDS
LINC00240	30041	LINC00240-204	longest_CDS
LINC00265	30045	LINC00265-201	Ensembl
LINC00269	30047	LINC00269-201	Ensembl
LINC00276			no_CDS
LINC00278			no_CDS
LINC00294	30050	LINC00294-201	Ensembl
LINC00298	30051	LINC00298-203	Ensembl
LINC00299	30053	LINC00299-202	longest_CDS
LINC00304			no_CDS
LINC00320			no_CDS
LINC00323			no_CDS
LINC00324	30075	LINC00324-201	Ensembl
LINC00326			no_CDS
LINC00327	30077	LINC00327-205	Ensembl
LINC00339			no_CDS
LINC00342	30080	LINC00342-206	longest_CDS
LINC00390	30085	LINC00390-205	Ensembl
LINC00391			no_CDS
LINC00402	30092	LINC00402-201	Ensembl
LINC00461	30094	LINC00461-234	longest_CDS
LINC00463	30111	LINC00463-201	Ensembl
LINC00467	30115	LINC00467-201	Ensembl
LINC00471	30116	LINC00471-201	Ensembl
LINC00472	30118	LINC00472-234	longest_CDS
LINC00484			no_CDS
LINC00486			no_CDS
LINC00488	30124	LINC00488-201	longest_CDS
LINC00499			no_CDS
LINC00504	30129	LINC00504-201	Ensembl
LINC00507	30138	LINC00507-216	longest_CDS
LINC00511			no_CDS
LINC00526	30147	LINC00526-201	Ensembl
LINC00528	30148	LINC00528-201	Ensembl
LINC00538	30149	LINC00538-201	Ensembl
LINC00562	30150	LINC00562-201	Ensembl
LINC00571			no_CDS
LINC00574	30152	LINC00574-201	Ensembl
LINC00578			no_CDS
LINC00595	30156	LINC00595-204	longest_CDS
LINC00602	30157	LINC00602-201	Ensembl
LINC00606	30158	LINC00606-203	Ensembl
LINC00620	30159	LINC00620-202	Ensembl
LINC00621			no_CDS
LINC00622	30163	LINC00622-201	Ensembl
LINC00623			no_CDS
LINC00630	30167	LINC00630-205	Ensembl
LINC00632	30179	LINC00632-210	Ensembl
LINC00638	30183	LINC00638-201	Ensembl
LINC00639	30189	LINC00639-210	Ensembl
LINC00641			no_CDS
LINC00652	30191	LINC00652-205	longest_CDS
LINC00654	30194	LINC00654-201	longest_CDS
LINC00662	30197	LINC00662-233	longest_CDS
LINC00663			no_CDS
LINC00665	30226	LINC00665-208	longest_CDS
LINC00667	30238	LINC00667-204	longest_CDS
LINC00680	30254	LINC00680-206	Ensembl
LINC00683			no_CDS
LINC00706			no_CDS
LINC00836			no_CDS
LINC00839	30259	LINC00839-204	Ensembl
LINC00842			no_CDS
LINC00844	30268	LINC00844-207	Ensembl
LINC00847	30274	LINC00847-206	Ensembl
LINC00862			no_CDS
LINC00863	30282	LINC00863-201	longest_CDS
LINC00865			no_CDS
LINC00869	30285	LINC00869-207	Ensembl
LINC00870			no_CDS
LINC00877	30289	LINC00877-208	longest_CDS
LINC00882	30305	LINC00882-239	Ensembl
LINC00886	30315	LINC00886-201	Ensembl
LINC00888	30317	LINC00888-203	Ensembl
LINC00891	30319	LINC00891-201	Ensembl
LINC00899			no_CDS
LINC00900	30323	LINC00900-210	Ensembl
LINC00906			no_CDS
LINC00907	30326	transcript45127.chr18.nnic	longest_CDS
LINC00910			no_CDS
LINC00920	30328	LINC00920-201	Ensembl
LINC00921	30329	LINC00921-202	longest_CDS
LINC00923			no_CDS
LINC00924			no_CDS
LINC00926	30336	LINC00926-201	Ensembl
LINC00930	30338	LINC00930-204	Ensembl
LINC00937	30340	LINC00937-207	Ensembl
LINC00938	30342	LINC00938-201	Ensembl
LINC00940	30343	LINC00940-201	Ensembl
LINC00943	30345	LINC00943-214	longest_CDS
LINC00951	30346	LINC00951-201	Ensembl
LINC00954			no_CDS
LINC00957	30349	LINC00957-202	Ensembl
LINC00958			no_CDS
LINC00963	30357	transcript215827.chr9.nnic	longest_CDS
LINC00987	30361	transcript16891.chr12.nnic	longest_CDS
LINC00997	30362	LINC00997-201	Ensembl
LINC01001	30363	LINC01001-201	Ensembl
LINC01002			no_CDS
LINC01003	30365	LINC01003-201	Ensembl
LINC01004			no_CDS
LINC01007			no_CDS
LINC01010	30370	LINC01010-201	Ensembl
LINC01011	30371	LINC01011-201	Ensembl
LINC01012	30376	LINC01012-217	Ensembl
LINC01013			no_CDS
LINC01018	30382	LINC01018-222	longest_CDS
LINC01023	30385	LINC01023-201	Ensembl
LINC01055			no_CDS
LINC01060			no_CDS
LINC01080	30388	LINC01080-201	Ensembl
LINC01089			no_CDS
LINC01094	30399	LINC01094-216	Ensembl
LINC01102	30400	transcript225831.chr2.nic	longest_CDS
LINC01106	30413	LINC01106-201	Ensembl
LINC01114	30417	LINC01114-203	Ensembl
LINC01115			no_CDS
LINC01116	30425	transcript328372.chr2.nic	longest_CDS
LINC01117			no_CDS
LINC01121			no_CDS
LINC01122	30429	LINC01122-207	Ensembl
LINC01123	30430	LINC01123-202	Ensembl
LINC01126	30432	LINC01126-201	Ensembl
LINC01128	30440	LINC01128-205	Ensembl
LINC01135			no_CDS
LINC01139	30448	LINC01139-206	longest_CDS
LINC01140	30451	LINC01140-207	Ensembl
LINC01141			no_CDS
LINC01144	30454	LINC01144-201	Ensembl
LINC01145	30456	LINC01145-208	longest_CDS
LINC01152	30457	LINC01152-201	Ensembl
LINC01159	30458	LINC01159-201	Ensembl
LINC01164	30465	LINC01164-201	Ensembl
LINC01170			no_CDS
LINC01176	30467	LINC01176-203	longest_CDS
LINC01182	30468	LINC01182-204	longest_CDS
LINC01202	30469	LINC01202-201	Ensembl
LINC01231			no_CDS
LINC01234			no_CDS
LINC01238	30473	LINC01238-205	Ensembl
LINC01250	30474	LINC01250-201	Ensembl
LINC01252			no_CDS
LINC01257	30478	LINC01257-201	Ensembl
LINC01266	30483	LINC01266-206	Ensembl
LINC01277			no_CDS
LINC01278	30494	transcript69984.chrX.nnic	longest_CDS
LINC01284	30497	LINC01284-203	longest_CDS
LINC01285			no_CDS
LINC01299	30501	LINC01299-201	Ensembl
LINC01301			no_CDS
LINC01310	30506	LINC01310-201	Ensembl
LINC01311	30507	LINC01311-201	Ensembl
LINC01315			no_CDS
LINC01320			no_CDS
LINC01322	30515	transcript270646.chr3.nnic	longest_CDS
LINC01338	30523	LINC01338-202	longest_CDS
LINC01341	30525	LINC01341-202	Ensembl
LINC01346			no_CDS
LINC01354			no_CDS
LINC01355	30529	LINC01355-204	Ensembl
LINC01356	30531	LINC01356-201	Ensembl
LINC01357			no_CDS
LINC01359			no_CDS
LINC01361	30536	LINC01361-204	longest_CDS
LINC01374			no_CDS
LINC01376	30539	LINC01376-205	Ensembl
LINC01409	30544	LINC01409-217	longest_CDS
LINC01411			no_CDS
LINC01415			no_CDS
LINC01424			no_CDS
LINC01431	30551	LINC01431-206	Ensembl
LINC01445	30553	LINC01445-205	Ensembl
LINC01465	30554	LINC01465-201	Ensembl
LINC01473			no_CDS
LINC01476			no_CDS
LINC01480	30566	LINC01480-204	Ensembl
LINC01484			no_CDS
LINC01503			no_CDS
LINC01504			no_CDS
LINC01511			no_CDS
LINC01512	30572	LINC01512-201	Ensembl
LINC01521	30573	LINC01521-201	Ensembl
LINC01530	30574	LINC01530-201	Ensembl
LINC01532	30575	LINC01532-202	Ensembl
LINC01535	30578	LINC01535-212	Ensembl
LINC01546	30581	LINC01546-201	longest_CDS
LINC01547	30585	LINC01547-204	longest_CDS
LINC01550	30587	LINC01550-201	Ensembl
LINC01551	30592	LINC01551-205	Ensembl
LINC01554	30595	LINC01554-204	Ensembl
LINC01561	30597	LINC01561-201	Ensembl
LINC01563	30598	transcript36811.chr17.nnic	longest_CDS
LINC01569			no_CDS
LINC01570			no_CDS
LINC01572			no_CDS
LINC01600	30604	LINC01600-205	Ensembl
LINC01608	30614	transcript163336.chr8.nnic	longest_CDS
LINC01613	30615	LINC01613-201	Ensembl
LINC01616	30616	LINC01616-201	Ensembl
LINC01618			no_CDS
LINC01619			no_CDS
LINC01625	30620	LINC01625-202	longest_CDS
LINC01630	30625	LINC01630-221	longest_CDS
LINC01637	30627	LINC01637-201	Ensembl
LINC01659			no_CDS
LINC01679	30629	LINC01679-201	Ensembl
LINC01684	30632	LINC01684-203	longest_CDS
LINC01703	30633	LINC01703-204	Ensembl
LINC01721			no_CDS
LINC01725	30637	LINC01725-203	Ensembl
LINC01727	30640	transcript28943.chr20.nic	longest_CDS
LINC01736	30641	LINC01736-203	Ensembl
LINC01748	30644	LINC01748-214	Ensembl
LINC01750	30646	LINC01750-202	Ensembl
LINC01776			no_CDS
LINC01779	30648	LINC01779-201	Ensembl
LINC01786	30649	transcript3840.chr1.nnic	longest_CDS
LINC01792	30650	LINC01792-204	Ensembl
LINC01816	30654	LINC01816-201	longest_CDS
LINC01819			no_CDS
LINC01821	30657	LINC01821-203	longest_CDS
LINC01852			no_CDS
LINC01877	30663	LINC01877-210	longest_CDS
LINC01885			no_CDS
LINC01896	30666	LINC01896-206	Ensembl
LINC01902	30667	LINC01902-201	Ensembl
LINC01915	30670	LINC01915-212	Ensembl
LINC01918	30671	transcript226439.chr2.nnic	longest_CDS
LINC01933			no_CDS
LINC01948	30673	LINC01948-204	Ensembl
LINC01949	30674	LINC01949-201	longest_CDS
LINC01963	30675	LINC01963-201	Ensembl
LINC01965			no_CDS
LINC01971	30678	LINC01971-201	Ensembl
LINC01976	30679	LINC01976-201	Ensembl
LINC01977	30680	LINC01977-201	longest_CDS
LINC01978	30682	LINC01978-203	Ensembl
LINC01992	30683	LINC01992-204	Ensembl
LINC01998	30684	LINC01998-201	Ensembl
LINC02009	30685	transcript71805.chr3.nic	longest_CDS
LINC02012	30686	LINC02012-201	Ensembl
LINC02019	30687	LINC02019-201	Ensembl
LINC02021			no_CDS
LINC02035	30689	LINC02035-201	Ensembl
LINC02043	30690	transcript302414.chr3.nnic	longest_CDS
LINC02067	30691	LINC02067-201	Ensembl
LINC02073	30694	LINC02073-209	Ensembl
LINC02076	30695	LINC02076-201	Ensembl
LINC02145	30696	transcript9484.chr5.nnic	longest_CDS
LINC02172	30697	LINC02172-201	Ensembl
LINC02175			no_CDS
LINC02177			no_CDS
LINC02188			no_CDS
LINC02192	30702	LINC02192-201	Ensembl
LINC02194			no_CDS
LINC02196	30704	LINC02196-202	Ensembl
LINC02197			no_CDS
LINC02199			no_CDS
LINC02202			no_CDS
LINC02207			no_CDS
LINC02208			no_CDS
LINC02217			no_CDS
LINC02223			no_CDS
LINC02224			no_CDS
LINC02232	30715	transcript104691.chr4.nnic	longest_CDS
LINC02236	30716	LINC02236-209	Ensembl
LINC02245	30717	transcript88201.chr2.nnic	longest_CDS
LINC02251			no_CDS
LINC02256			no_CDS
LINC02263	30728	transcript160991.chr4.nnic	longest_CDS
LINC02268	30733	LINC02268-209	longest_CDS
LINC02282	30734	LINC02282-203	Ensembl
LINC02298	30735	LINC02298-204	Ensembl
LINC02306	30736	LINC02306-201	Ensembl
LINC02328			no_CDS
LINC02338	30739	LINC02338-201	Ensembl
LINC02352			no_CDS
LINC02361	30741	LINC02361-201	Ensembl
LINC02371			no_CDS
LINC02389			no_CDS
LINC02391			no_CDS
LINC02397	30746	LINC02397-201	Ensembl
LINC02418	30747	LINC02418-203	longest_CDS
LINC02422			no_CDS
LINC02427	30749	LINC02427-202	Ensembl
LINC02432			no_CDS
LINC02447			no_CDS
LINC02449			no_CDS
LINC02454			no_CDS
LINC02458			no_CDS
LINC02470			no_CDS
LINC02473	30761	LINC02473-201	Ensembl
LINC02475			no_CDS
LINC02482			no_CDS
LINC02525	30767	LINC02525-202	Ensembl
LINC02552			no_CDS
LINC02593			no_CDS
LINC02595	30771	transcript48322.chrX.nnic	longest_CDS
LINC02604	30775	LINC02604-201	Ensembl
LINC02605	30776	LINC02605-201	Ensembl
LINC02606			no_CDS
LINC02607			no_CDS
LINC02608			no_CDS
LINC02609			no_CDS
LINC02610			no_CDS
LINC02611	30791	LINC02611-201	Ensembl
LINC02613			no_CDS
LINC02649	30794	LINC02649-206	longest_CDS
LINC02656	30795	LINC02656-201	Ensembl
LINC02666	30796	LINC02666-201	Ensembl
LINC02688	30797	LINC02688-202	longest_CDS
LINC02693	30800	LINC02693-232	longest_CDS
LINC02696			no_CDS
LINC02714			no_CDS
LINC02717	30812	LINC02717-201	Ensembl
LINC02724	30814	LINC02724-201	Ensembl
LINC02731			no_CDS
LINC02762	30819	LINC02762-211	longest_CDS
LINC02795	30823	LINC02795-202	Ensembl
LINC02798			no_CDS
LINC02821			no_CDS
LINC02822			no_CDS
LINC02880			no_CDS
LINC02882			no_CDS
LINC02884	30834	LINC02884-204	longest_CDS
LINC02885			no_CDS
LINC02895	30837	LINC02895-201	Ensembl
LINC02897	30839	LINC02897-201	Ensembl
LINC02899	30840	LINC02899-202	Ensembl
LINC02904			no_CDS
LINC02912	30842	LINC02912-201	Ensembl
LINC02913	30844	LINC02913-201	Ensembl
LINC02916	30845	LINC02916-201	Ensembl
LINC02918	30846	LINC02918-201	Ensembl
LINC02928	30847	LINC02928-204	Ensembl
LINC02930	30849	LINC02930-205	longest_CDS
LINC02934	30854	transcript85861.chr2.nnic	longest_CDS
LINC02940	30856	LINC02940-203	Ensembl
LINC02944			no_CDS
LINC02953	30860	LINC02953-201	Ensembl
LINC02955			no_CDS
LINC02960	30862	LINC02960-201	Ensembl
LINC02972	30863	LINC02972-202	Ensembl
LINC02973	30864	LINC02973-201	Ensembl
LINC02977			no_CDS
LINC02980			no_CDS
LINC02981	30877	LINC02981-209	longest_CDS
LINC02983	30878	LINC02983-201	Ensembl
LINC02984			no_CDS
LINC02986	30880	LINC02986-201	Ensembl
LINC02987			no_CDS
LINC03000			no_CDS
LINC03002			no_CDS
LINC03006			no_CDS
LINC03007	30899	LINC03007-203	Ensembl
LINC03009	30901	LINC03009-204	Ensembl
LINC03010	30902	LINC03010-201	Ensembl
LINC03011	30903	LINC03011-204	Ensembl
LINC03013			no_CDS
LINC03014			no_CDS
LINC03015			no_CDS
LINC03018	30911	LINC03018-201	Ensembl
LINC03021	30913	LINC03021-213	longest_CDS
LINC03022			no_CDS
LINC03025			no_CDS
LINC03048			no_CDS
LINC03051			no_CDS
LINC03052	30927	LINC03052-201	Ensembl
LINC03060			no_CDS
LINC03070			no_CDS
LINC03072	30930	LINC03072-201	Ensembl
LINC03073	30931	LINC03073-201	Ensembl
LINC03080	30932	LINC03080-202	Ensembl
LINC03082	30933	transcript105989.chr13.nnic	longest_CDS
LINGO1	30934	LINGO1-201	MANE
LINGO2	30937	LINGO2-203	MANE
LINGO3	30939	LINGO3-202	MANE
LINS1	30944	LINS1-201	MANE
LIPA	30945	LIPA-202	MANE
LIPC	30948	LIPC-202	APPRIS
LIPE	30949	LIPE-201	MANE
LIPE-AS1			no_CDS
LIPG	30955	transcript52323.chr18.nic	longest_CDS
LIPH	30956	LIPH-201	MANE
LIPJ			no_CDS
LIPT1	30959	LIPT1-201	APPRIS
LIPT2	30961	LIPT2-201	MANE
LIPT2-AS1	30962	LIPT2-AS1-201	Ensembl
LITAF	30967	LITAF-219	MANE
LIX1	30969	LIX1-201	MANE
LIX1L	30970	LIX1L-201	MANE
LKAAEAR1	30971	LKAAEAR1-201	MANE
LLGL1	30974	LLGL1-201	MANE
LLGL2	30975	LLGL2-203	MANE
LLPH	30978	LLPH-201	MANE
LMAN1	30979	LMAN1-201	MANE
LMAN1L	30983	transcript110566.chr15.nnic	longest_CDS
LMAN2	30988	LMAN2-201	MANE
LMAN2L	30991	LMAN2L-201	MANE
LMBR1	30992	LMBR1-201	MANE
LMBR1L	30997	LMBR1L-201	MANE
LMBRD1	31007	LMBRD1-229	MANE
LMBRD2	31009	LMBRD2-201	MANE
LMCD1	31011	LMCD1-201	MANE
LMCD1-AS1	31014	LMCD1-AS1-208	Ensembl
LMF1	31018	LMF1-201	MANE
LMF2	31021	LMF2-202	MANE
LMLN	31025	LMLN-204	MANE
LMNA	31040	LMNA-205	MANE
LMNB1	31045	LMNB1-201	MANE
LMNB2	31048	LMNB2-201	MANE
LMNTD2-AS1	31050	LMNTD2-AS1-202	Ensembl
LMO1	31051	LMO1-202	longest_CDS
LMO2	31052	LMO2-204	longest_CDS
LMO3	31056	LMO3-215	MANE
LMO4	31068	LMO4-202	MANE
LMO7	31080	LMO7-205	MANE
LMOD1	31082	LMOD1-201	MANE
LMOD3	31083	LMOD3-201	MANE
LMTK2	31084	LMTK2-201	MANE
LMTK3	31086	LMTK3-205	longest_CDS
LNC-LBCS			no_CDS
LNCAROD			no_CDS
LNCBRM			no_CDS
LNCOC1	31092	LNCOC1-201	longest_CDS
LNCRNA-IUR			no_CDS
LNP1	31098	LNP1-201	MANE
LNPEP	31100	LNPEP-201	MANE
LNPK	31102	LNPK-201	MANE
LNX1	31106	LNX1-201	MANE
LNX2	31107	LNX2-201	MANE
LOH12CR2	31108	LOH12CR2-201	Ensembl
LONP1	31110	LONP1-201	MANE
LONP2	31113	LONP2-201	MANE
LONRF1	31114	LONRF1-201	MANE
LONRF2	31117	LONRF2-201	MANE
LONRF3	31119	LONRF3-202	MANE
LOX	31120	LOX-201	MANE
LOXL1	31121	LOXL1-201	MANE
LOXL2	31122	LOXL2-201	MANE
LOXL2-AS1			no_CDS
LOXL3	31124	LOXL3-201	MANE
LOXL4	31125	LOXL4-201	MANE
LPA	31126	LPA-201	MANE
LPAR1	31130	LPAR1-205	MANE
LPAR2	31131	LPAR2-201	MANE
LPAR5	31132	LPAR5-201	MANE
LPAR6	31134	LPAR6-209	MANE
LPCAT1	31136	LPCAT1-201	MANE
LPCAT2	31140	LPCAT2-201	MANE
LPCAT3	31141	LPCAT3-201	MANE
LPCAT4	31145	LPCAT4-201	MANE
LPGAT1	31149	LPGAT1-202	MANE
LPIN1	31153	LPIN1-220	MANE
LPIN2	31157	LPIN2-204	MANE
LPIN3	31162	LPIN3-201	MANE
LPL	31163	LPL-207	MANE
LPP	31167	LPP-220	MANE
LPP-AS2	31170	LPP-AS2-201	Ensembl
LPXN	31173	LPXN-201	MANE
LRAT	31176	LRAT-207	longest_CDS
LRATD1	31179	LRATD1-201	MANE
LRATD2	31181	LRATD2-201	MANE
LRBA	31192	LRBA-219	MANE
LRCH1	31198	LRCH1-202	MANE
LRCH2	31200	LRCH2-201	MANE
LRCH3	31207	LRCH3-203	MANE
LRCH4	31211	LRCH4-201	MANE
LRFN1	31212	LRFN1-201	MANE
LRFN2	31213	LRFN2-201	MANE
LRFN3	31214	LRFN3-201	MANE
LRFN4	31215	LRFN4-201	MANE
LRFN5	31217	LRFN5-201	MANE
LRFN5-DT	31221	LRFN5-DT-202	Ensembl
LRGUK	31222	LRGUK-201	MANE
LRIF1	31224	LRIF1-201	MANE
LRIG1	31227	LRIG1-201	MANE
LRIG2	31232	LRIG2-201	MANE
LRIG2-DT	31233	LRIG2-DT-201	Ensembl
LRIG3	31235	LRIG3-201	MANE
LRIT3	31236	LRIT3-202	MANE
LRMDA	31238	transcript136983.chr10.nnic	longest_CDS
LRP1	31240	LRP1-201	MANE
LRP10	31243	LRP10-201	MANE
LRP11	31246	LRP11-201	MANE
LRP12	31247	LRP12-201	MANE
LRP1B	31253	LRP1B-201	MANE
LRP2	31257	LRP2-205	MANE
LRP2BP	31259	transcript217534.chr4.nnic	longest_CDS
LRP3	31262	LRP3-201	MANE
LRP4	31265	LRP4-201	MANE
LRP5	31267	LRP5-201	MANE
LRP6	31270	LRP6-201	MANE
LRP8	31274	LRP8-201	MANE
LRPAP1	31283	LRPAP1-205	MANE
LRPPRC	31302	LRPPRC-201	MANE
LRR1	31316	LRR1-201	MANE
LRRC1	31317	LRRC1-202	MANE
LRRC10B	31319	LRRC10B-201	MANE
LRRC14	31321	LRRC14-201	MANE
LRRC14B	31322	LRRC14B-201	MANE
LRRC17	31324	LRRC17-202	MANE
LRRC2	31325	LRRC2-202	MANE
LRRC2-AS1	31327	LRRC2-AS1-201	Ensembl
LRRC20	31328	LRRC20-207	MANE
LRRC23	31332	LRRC23-201	APPRIS
LRRC24	31338	LRRC24-201	MANE
LRRC25	31339	LRRC25-201	MANE
LRRC26	31341	LRRC26-201	MANE
LRRC27	31343	LRRC27-204	MANE
LRRC28	31348	LRRC28-201	MANE
LRRC3	31351	LRRC3-201	MANE
LRRC32	31353	LRRC32-201	MANE
LRRC34	31357	LRRC34-201	MANE
LRRC37A2	31365	LRRC37A2-202	MANE
LRRC37A3	31368	LRRC37A3-211	MANE
LRRC37B	31372	LRRC37B-202	MANE
LRRC38	31376	LRRC38-201	MANE
LRRC39	31377	LRRC39-202	MANE
LRRC3B	31380	LRRC3B-201	MANE
LRRC4	31381	LRRC4-201	MANE
LRRC40	31382	LRRC40-201	MANE
LRRC41	31386	LRRC41-207	MANE
LRRC42	31393	LRRC42-203	MANE
LRRC43	31396	LRRC43-201	MANE
LRRC45	31399	LRRC45-201	MANE
LRRC46	31401	LRRC46-201	MANE
LRRC47	31403	LRRC47-201	MANE
LRRC49	31406	LRRC49-201	MANE
LRRC4B	31411	LRRC4B-204	MANE
LRRC4C	31418	LRRC4C-203	MANE
LRRC51	31420	LRRC51-201	MANE
LRRC53	31422	LRRC53-201	MANE
LRRC55	31423	LRRC55-202	longest_CDS
LRRC56	31424	LRRC56-201	MANE
LRRC57	31427	LRRC57-202	MANE
LRRC58	31429	LRRC58-201	MANE
LRRC59	31432	LRRC59-201	MANE
LRRC61	31434	LRRC61-202	MANE
LRRC63	31436	LRRC63-203	MANE
LRRC66	31438	LRRC66-202	MANE
LRRC7	31441	LRRC7-214	MANE
LRRC70	31443	LRRC70-201	MANE
LRRC73	31444	LRRC73-201	MANE
LRRC75A	31446	LRRC75A-203	MANE
LRRC75B	31449	LRRC75B-201	MANE
LRRC8A	31451	LRRC8A-203	MANE
LRRC8B	31455	LRRC8B-201	MANE
LRRC8C	31461	LRRC8C-201	MANE
LRRC8C-DT	31467	LRRC8C-DT-205	Ensembl
LRRC8D	31470	LRRC8D-201	MANE
LRRC9	31473	LRRC9-206	Ensembl
LRRCC1	31477	LRRCC1-201	MANE
LRRFIP1	31484	LRRFIP1-203	MANE
LRRFIP2	31487	LRRFIP2-201	MANE
LRRIQ1	31494	LRRIQ1-202	MANE
LRRIQ3			no_CDS
LRRIQ4	31496	LRRIQ4-202	longest_CDS
LRRK1	31498	LRRK1-201	MANE
LRRK2	31501	LRRK2-201	MANE
LRRK2-DT	31513	LRRK2-DT-202	longest_CDS
LRRN1	31514	LRRN1-201	MANE
LRRN2	31517	LRRN2-203	MANE
LRRN3	31520	LRRN3-201	MANE
LRRN4CL	31522	LRRN4CL-201	MANE
LRRTM1	31526	LRRTM1-201	MANE
LRRTM2	31527	LRRTM2-201	MANE
LRRTM3	31530	LRRTM3-201	MANE
LRRTM4	31532	LRRTM4-205	longest_CDS
LRSAM1	31539	LRSAM1-201	MANE
LRTM2	31552	LRTM2-201	MANE
LRWD1	31554	LRWD1-201	MANE
LSAMP	31557	LSAMP-205	MANE
LSG1	31560	LSG1-201	MANE
LSM1	31563	LSM1-201	MANE
LSM10	31564	LSM10-201	MANE
LSM11	31565	LSM11-201	MANE
LSM12	31566	LSM12-204	longest_CDS
LSM14A	31567	LSM14A-203	MANE
LSM14B	31573	LSM14B-201	MANE
LSM2	31576	LSM2-208	MANE
LSM3	31577	LSM3-201	MANE
LSM4	31579	LSM4-203	MANE
LSM5	31580	LSM5-208	MANE
LSM6	31584	LSM6-201	MANE
LSM7	31586	LSM7-201	MANE
LSM8	31591	LSM8-201	MANE
LSMEM1	31593	LSMEM1-201	MANE
LSMEM2	31594	LSMEM2-201	MANE
LSP1	31595	LSP1-201	MANE
LSP1P5	31606	transcript127601.chr2.nnic	longest_CDS
LSR	31608	LSR-213	MANE
LSS	31611	LSS-202	MANE
LTA4H	31618	LTA4H-201	MANE
LTB4R	31619	LTB4R-203	longest_CDS
LTB4R2	31620	LTB4R2-202	longest_CDS
LTBP1	31623	LTBP1-203	MANE
LTBP2	31625	LTBP2-201	MANE
LTBP3	31628	LTBP3-202	longest_CDS
LTBP4	31635	LTBP4-205	MANE
LTBR	31641	LTBR-201	MANE
LTF	31642	LTF-201	MANE
LTN1	31644	LTN1-207	longest_CDS
LTO1	31650	LTO1-201	MANE
LTV1	31652	LTV1-201	MANE
LUC7L	31653	LUC7L-201	MANE
LUC7L2	31665	LUC7L2-202	MANE
LUC7L3	31673	LUC7L3-208	MANE
LUCAT1			no_CDS
LUM	31682	LUM-201	MANE
LUNAR1			no_CDS
LURAP1	31684	LURAP1-201	MANE
LURAP1L	31686	LURAP1L-201	MANE
LURAP1L-AS1			no_CDS
LUZP1	31688	LUZP1-201	Ensembl
LUZP2	31692	LUZP2-201	MANE
LXN	31696	LXN-201	MANE
LY6E	31698	LY6E-201	MANE
LY6E-DT	31701	LY6E-DT-202	Ensembl
LY6G5B	31704	LY6G5B-207	MANE
LY6G5C			no_CDS
LY6H	31708	LY6H-201	MANE
LY75	31711	LY75-201	MANE
LY86	31712	LY86-201	MANE
LY86-AS1	31714	LY86-AS1-201	Ensembl
LY96	31718	transcript120821.chr8.nic	longest_CDS
LYAR	31719	LYAR-201	MANE
LYN	31720	LYN-202	MANE
LYNX1	31723	LYNX1-204	APPRIS
LYPD1	31724	LYPD1-202	MANE
LYPD3	31725	LYPD3-201	MANE
LYPD5	31726	LYPD5-201	MANE
LYPD6	31733	LYPD6-201	MANE
LYPD6B	31735	LYPD6B-203	MANE
LYPLA1	31738	LYPLA1-201	MANE
LYPLA2	31742	LYPLA2-205	MANE
LYPLAL1	31748	LYPLAL1-202	MANE
LYPLAL1-DT	31751	LYPLAL1-DT-208	longest_CDS
LYRM1	31752	LYRM1-208	MANE
LYRM2	31758	LYRM2-208	MANE
LYRM4	31762	LYRM4-201	MANE
LYRM4-AS1			no_CDS
LYRM7	31764	LYRM7-201	MANE
LYRM9	31766	LYRM9-201	MANE
LYSET	31769	LYSET-202	MANE
LYSMD1	31771	LYSMD1-201	MANE
LYSMD2	31773	LYSMD2-201	MANE
LYSMD3	31777	LYSMD3-201	MANE
LYSMD4	31781	LYSMD4-212	MANE
LYST	31795	LYST-201	MANE
LYVE1	31798	LYVE1-201	MANE
LYZ	31799	LYZ-201	MANE
LZIC	31801	LZIC-202	MANE
LZTFL1	31805	LZTFL1-201	MANE
LZTR1	31810	LZTR1-221	MANE
LZTS1	31814	LZTS1-202	MANE
LZTS2	31816	LZTS2-205	MANE
LZTS3	31818	LZTS3-202	MANE
M6PR	31820	M6PR-201	MANE
MAB21L1	31824	MAB21L1-201	MANE
MAB21L2	31825	MAB21L2-201	MANE
MACC1	31827	MACC1-202	MANE
MACF1	31834	MACF1-204	APPRIS
MACIR	31873	MACIR-201	MANE
MACO1	31875	MACO1-201	MANE
MACROD1	31880	MACROD1-201	MANE
MACROD2	31883	MACROD2-201	longest_CDS
MACROH2A1	31888	MACROH2A1-217	MANE
MACROH2A2	31895	MACROH2A2-201	MANE
MAD1L1	31904	MAD1L1-201	MANE
MAD2L1	31906	MAD2L1-201	MANE
MAD2L1-DT			no_CDS
MAD2L1BP	31909	MAD2L1BP-201	MANE
MAD2L2	31914	MAD2L2-207	MANE
MADCAM1	31915	MADCAM1-201	MANE
MADD	31924	MADD-225	Ensembl
MAEA	31936	MAEA-202	MANE
MAF	31939	MAF-201	MANE
MAF1	31942	MAF1-201	MANE
MAFB	31943	MAFB-201	MANE
MAFF	31944	MAFF-201	MANE
MAFG	31946	MAFG-201	MANE
MAFIP	31948	MAFIP-201	Ensembl
MAG	31950	MAG-202	MANE
MAGED1	31954	MAGED1-201	MANE
MAGED2	31963	MAGED2-206	MANE
MAGED4	31964	MAGED4-203	MANE
MAGED4B	31972	MAGED4B-201	MANE
MAGEE1	31976	MAGEE1-201	MANE
MAGEE2	31977	MAGEE2-201	MANE
MAGEF1	31978	MAGEF1-201	MANE
MAGEH1	31979	MAGEH1-201	MANE
MAGEL2	31980	MAGEL2-201	MANE
MAGI1	31987	MAGI1-216	longest_CDS
MAGI1-IT1	31988	MAGI1-IT1-201	Ensembl
MAGI2	32001	MAGI2-210	longest_CDS
MAGI2-AS3	32021	MAGI2-AS3-248	longest_CDS
MAGI3	32024	MAGI3-201	MANE
MAGIX	32027	MAGIX-202	MANE
MAGOH	32032	MAGOH-202	MANE
MAGOH-DT			no_CDS
MAGOHB	32038	MAGOHB-201	MANE
MAGT1	32039	MAGT1-212	longest_CDS
MAIP1	32045	MAIP1-202	MANE
MAK16	32048	MAK16-201	MANE
MAL	32049	MAL-201	MANE
MAL2	32050	MAL2-204	MANE
MALAT1	32059	MALAT1-202	Ensembl
MALINC1	32109	MALINC1-209	longest_CDS
MALL	32112	MALL-201	MANE
MALRD1	32113	MALRD1-201	longest_CDS
MALSU1	32114	MALSU1-202	MANE
MALT1	32116	MALT1-208	MANE
MAMDC2	32124	MAMDC2-201	MANE
MAMDC2-AS1	32125	transcript139993.chr9.nnic	longest_CDS
MAMDC4	32128	MAMDC4-201	MANE
MAML1	32129	MAML1-201	MANE
MAML2	32130	MAML2-201	MANE
MAML3	32131	MAML3-202	MANE
MAMLD1	32134	transcript160612.chrX.nic	longest_CDS
MAMSTR	32135	MAMSTR-201	MANE
MAN1A1	32136	MAN1A1-201	MANE
MAN1A2	32138	MAN1A2-201	MANE
MAN1B1	32152	MAN1B1-202	MANE
MAN1B1-DT	32161	MAN1B1-DT-201	Ensembl
MAN1C1	32163	MAN1C1-203	MANE
MAN2A1	32166	MAN2A1-201	MANE
MAN2A2	32170	MAN2A2-216	MANE
MAN2B1	32175	MAN2B1-203	MANE
MAN2B2	32178	MAN2B2-201	MANE
MAN2C1	32181	MAN2C1-201	MANE
MANBA	32194	MANBA-216	MANE
MANBAL	32195	MANBAL-202	MANE
MANEA	32199	MANEA-201	MANE
MANEA-DT	32204	MANEA-DT-201	Ensembl
MANEAL	32205	MANEAL-202	MANE
MANF	32207	MANF-204	MANE
MANSC1	32209	MANSC1-202	MANE
MAOA	32211	MAOA-201	MANE
MAOB	32215	MAOB-201	MANE
MAP10	32217	MAP10-201	MANE
MAP1A	32218	MAP1A-201	MANE
MAP1B	32220	MAP1B-201	MANE
MAP1LC3A	32226	MAP1LC3A-201	MANE
MAP1LC3B	32230	MAP1LC3B-201	MANE
MAP1LC3B2			no_CDS
MAP1S	32232	MAP1S-201	MANE
MAP2	32236	MAP2-219	APPRIS
MAP2K1	32246	MAP2K1-201	MANE
MAP2K2	32251	MAP2K2-201	MANE
MAP2K3	32254	MAP2K3-202	MANE
MAP2K4	32256	MAP2K4-201	MANE
MAP2K5	32261	MAP2K5-201	MANE
MAP2K5-DT	32263	MAP2K5-DT-201	Ensembl
MAP2K6	32265	MAP2K6-206	MANE
MAP2K7	32266	MAP2K7-201	MANE
MAP3K1	32267	MAP3K1-201	MANE
MAP3K10	32273	MAP3K10-201	MANE
MAP3K11	32275	MAP3K11-201	MANE
MAP3K12	32280	MAP3K12-205	MANE
MAP3K13	32284	MAP3K13-201	MANE
MAP3K14	32288	MAP3K14-201	MANE
MAP3K14-AS1			no_CDS
MAP3K19	32291	MAP3K19-221	longest_CDS
MAP3K2	32293	MAP3K2-203	MANE
MAP3K2-DT			no_CDS
MAP3K20	32299	MAP3K20-202	MANE
MAP3K21	32301	MAP3K21-203	MANE
MAP3K3	32303	MAP3K3-202	MANE
MAP3K4	32311	MAP3K4-204	MANE
MAP3K4-AS1	32312	MAP3K4-AS1-201	Ensembl
MAP3K5	32313	MAP3K5-201	MANE
MAP3K5-AS2	32314	MAP3K5-AS2-201	Ensembl
MAP3K6	32316	MAP3K6-201	MANE
MAP3K7	32323	MAP3K7-204	MANE
MAP3K7CL	32328	MAP3K7CL-205	MANE
MAP3K8	32333	MAP3K8-201	MANE
MAP3K9	32335	MAP3K9-205	MANE
MAP3K9-DT			no_CDS
MAP4	32345	MAP4-217	MANE
MAP4K1	32352	MAP4K1-201	MANE
MAP4K2	32357	MAP4K2-201	MANE
MAP4K3	32360	MAP4K3-201	MANE
MAP4K3-DT	32364	MAP4K3-DT-219	Ensembl
MAP4K4	32382	MAP4K4-201	MANE
MAP4K5	32387	MAP4K5-210	MANE
MAP6	32389	MAP6-201	MANE
MAP6D1	32392	MAP6D1-201	MANE
MAP7	32396	MAP7-201	MANE
MAP7-AS1	32402	MAP7-AS1-201	Ensembl
MAP7D1	32405	MAP7D1-207	MANE
MAP7D2	32409	MAP7D2-202	longest_CDS
MAP7D3	32413	MAP7D3-201	MANE
MAP9	32415	MAP9-201	MANE
MAPK1	32421	MAPK1-201	MANE
MAPK10	32452	MAPK10-319	MANE
MAPK11	32481	MAPK11-201	MANE
MAPK12	32482	MAPK12-201	MANE
MAPK13	32488	MAPK13-201	MANE
MAPK14	32495	MAPK14-201	MANE
MAPK1IP1L	32497	MAPK1IP1L-201	MANE
MAPK3	32499	MAPK3-201	MANE
MAPK4	32500	MAPK4-201	MANE
MAPK6	32506	MAPK6-201	MANE
MAPK7	32510	MAPK7-202	APPRIS
MAPK8	32516	MAPK8-206	MANE
MAPK8IP1	32520	MAPK8IP1-201	MANE
MAPK8IP3	32524	MAPK8IP3-216	MANE
MAPK9	32534	MAPK9-207	MANE
MAPKAP1	32544	MAPKAP1-201	MANE
MAPKAPK2	32546	MAPKAPK2-202	MANE
MAPKAPK3	32548	MAPKAPK3-208	MANE
MAPKAPK5	32551	MAPKAPK5-206	MANE
MAPKAPK5-AS1	32555	MAPKAPK5-AS1-201	Ensembl
MAPKBP1	32561	MAPKBP1-202	MANE
MAPRE1	32564	MAPRE1-201	MANE
MAPRE2	32568	MAPRE2-201	MANE
MAPRE3	32575	MAPRE3-201	MANE
MAPT	32581	MAPT-203	longest_CDS
MAPT-AS1			no_CDS
MAPT-IT1	32592	MAPT-IT1-201	Ensembl
MARCHF1	32594	MARCHF1-214	MANE
MARCHF10	32599	MARCHF10-201	MANE
MARCHF11	32600	MARCHF11-201	MANE
MARCHF2	32601	MARCHF2-201	MANE
MARCHF3	32604	MARCHF3-201	MANE
MARCHF4	32605	MARCHF4-201	MANE
MARCHF5	32606	MARCHF5-201	MANE
MARCHF6	32610	MARCHF6-201	MANE
MARCHF6-DT			no_CDS
MARCHF7	32614	MARCHF7-202	MANE
MARCHF8	32617	MARCHF8-204	MANE
MARCHF9	32620	MARCHF9-201	MANE
MARCKS	32621	MARCKS-201	MANE
MARCKSL1	32622	MARCKSL1-201	MANE
MARF1	32623	MARF1-201	MANE
MARK1	32633	MARK1-201	MANE
MARK2	32652	MARK2-204	MANE
MARK3	32674	MARK3-205	MANE
MARK4	32690	MARK4-201	MANE
MARS1	32695	MARS1-201	MANE
MARS2	32697	MARS2-201	MANE
MARVELD1	32698	MARVELD1-201	MANE
MARVELD2	32699	MARVELD2-201	MANE
MAS1	32700	MAS1-202	MANE
MASP1	32705	MASP1-202	MANE
MAST1	32709	MAST1-201	MANE
MAST2	32711	MAST2-201	MANE
MAST3	32713	MAST3-206	MANE
MAST4	32721	MAST4-202	MANE
MAST4-IT1	32726	MAST4-IT1-201	Ensembl
MASTL	32727	MASTL-202	MANE
MAT2A	32729	MAT2A-201	MANE
MAT2B	32743	MAT2B-202	MANE
MATCAP1	32748	MATCAP1-206	MANE
MATCAP2	32753	MATCAP2-208	MANE
MATK	32758	MATK-201	MANE
MATN1	32760	MATN1-201	MANE
MATN1-AS1	32762	MATN1-AS1-201	Ensembl
MATN2	32765	MATN2-201	MANE
MATN3	32769	MATN3-201	MANE
MATR3	32780	MATR3-201	MANE
MAU2	32782	MAU2-201	MANE
MAVS	32786	MAVS-202	MANE
MAX	32790	MAX-205	MANE
MAZ	32799	MAZ-202	MANE
MB21D2	32800	MB21D2-201	MANE
MBD1	32811	MBD1-201	MANE
MBD2	32812	MBD2-201	MANE
MBD3	32813	MBD3-202	MANE
MBD4	32818	MBD4-203	MANE
MBD5	32828	MBD5-233	MANE
MBD6	32830	MBD6-201	MANE
MBIP	32835	MBIP-203	MANE
MBLAC1	32838	MBLAC1-201	MANE
MBLAC2	32840	MBLAC2-201	MANE
MBNL1	32844	MBNL1-204	MANE
MBNL1-AS1			no_CDS
MBNL2	32858	MBNL2-207	MANE
MBNL3	32860	MBNL3-204	MANE
MBOAT2	32863	MBOAT2-201	MANE
MBOAT7	32874	MBOAT7-201	MANE
MBP	32881	MBP-202	MANE
MBTD1	32887	MBTD1-204	MANE
MBTPS1	32891	MBTPS1-201	MANE
MBTPS1-DT	32893	MBTPS1-DT-201	Ensembl
MBTPS2	32895	MBTPS2-202	MANE
MC1R	32899	MC1R-202	MANE
MC4R	32901	MC4R-201	MANE
MCAM	32903	MCAM-201	MANE
MCAT	32906	MCAT-201	MANE
MCC	32910	MCC-202	MANE
MCCC1	32914	MCCC1-201	MANE
MCCC2	32920	MCCC2-201	MANE
MCEE			no_CDS
MCF2	32934	MCF2-208	MANE
MCF2L	32943	MCF2L-232	MANE
MCF2L2	32949	MCF2L2-201	MANE
MCFD2	32954	MCFD2-201	MANE
MCHR1	32956	MCHR1-201	MANE
MCHR2	32962	MCHR2-201	MANE
MCL1	32964	MCL1-202	MANE
MCM2	32968	MCM2-201	MANE
MCM3	32969	MCM3-205	MANE
MCM3AP	32976	MCM3AP-201	MANE
MCM3AP-AS1			no_CDS
MCM4	32993	MCM4-222	MANE
MCM5	32998	MCM5-201	MANE
MCM6	33001	MCM6-201	MANE
MCM7	33007	MCM7-201	MANE
MCM8	33010	MCM8-205	MANE
MCM9	33016	MCM9-209	MANE
MCMBP	33019	MCMBP-202	MANE
MCOLN1	33024	MCOLN1-201	MANE
MCOLN2	33025	transcript147445.chr1.nic	longest_CDS
MCOLN3	33026	MCOLN3-203	MANE
MCPH1	33038	MCPH1-201	MANE
MCPH1-AS1	33044	MCPH1-AS1-208	Ensembl
MCPH1-DT	33049	MCPH1-DT-201	Ensembl
MCRIP1	33054	MCRIP1-201	MANE
MCRIP2	33060	MCRIP2-201	MANE
MCRS1	33063	MCRS1-201	MANE
MCTP1	33066	MCTP1-218	MANE
MCTP2	33072	MCTP2-206	longest_CDS
MCTS1	33074	MCTS1-202	MANE
MCTS2	33075	MCTS2-201	MANE
MCU	33076	MCU-202	MANE
MCUB	33078	MCUB-201	MANE
MCUR1	33080	MCUR1-201	MANE
MDC1	33082	MDC1-201	MANE
MDFI	33083	MDFI-201	MANE
MDFIC	33085	MDFIC-201	MANE
MDGA1	33086	MDGA1-203	MANE
MDGA2	33091	MDGA2-202	MANE
MDH1	33094	MDH1-216	APPRIS
MDH1B	33098	MDH1B-201	MANE
MDH2	33100	MDH2-201	MANE
MDK	33104	MDK-203	MANE
MDM1	33109	MDM1-216	MANE
MDM2	33113	MDM2-202	MANE
MDM4	33115	MDM4-203	MANE
MDN1	33129	MDN1-201	MANE
MDP1	33140	MDP1-201	MANE
ME1	33143	ME1-201	MANE
ME2	33147	ME2-201	MANE
ME3	33158	ME3-202	APPRIS
MEA1	33161	MEA1-201	MANE
MEAF6	33166	MEAF6-201	MANE
MEAK7	33169	MEAK7-201	MANE
MECOM	33170	MECOM-208	longest_CDS
MECP2	33173	MECP2-205	MANE
MECR	33177	MECR-201	MANE
MED1	33180	MED1-201	MANE
MED10	33182	MED10-201	MANE
MED11	33184	MED11-201	MANE
MED12	33192	MED12-247	longest_CDS
MED12L	33200	MED12L-212	MANE
MED13	33205	MED13-201	MANE
MED13L	33223	MED13L-201	MANE
MED14	33226	MED14-201	MANE
MED15	33227	MED15-201	MANE
MED16	33234	MED16-202	MANE
MED17	33239	MED17-201	MANE
MED18	33246	MED18-201	MANE
MED19	33249	MED19-202	MANE
MED20	33251	MED20-201	MANE
MED21	33254	MED21-201	MANE
MED22	33256	MED22-201	MANE
MED23	33257	MED23-205	MANE
MED24	33265	MED24-204	MANE
MED25	33267	MED25-201	MANE
MED26	33270	MED26-201	MANE
MED27	33272	MED27-201	MANE
MED28	33274	MED28-201	MANE
MED29	33277	MED29-201	MANE
MED30	33279	MED30-201	MANE
MED31	33281	MED31-201	MANE
MED4	33282	MED4-201	MANE
MED6	33285	MED6-201	MANE
MED7	33289	MED7-201	MANE
MED8	33293	MED8-203	MANE
MED9	33296	MED9-201	MANE
MEDAG	33298	MEDAG-201	MANE
MEF2A	33300	MEF2A-205	MANE
MEF2B	33311	MEF2B-205	longest_CDS
MEF2C	33325	MEF2C-209	MANE
MEF2C-AS1			no_CDS
MEF2C-AS2			no_CDS
MEF2D	33340	MEF2D-201	MANE
MEFV	33341	MEFV-205	longest_CDS
MEG3			no_CDS
MEG8	33372	MEG8-222	Ensembl
MEG9			no_CDS
MEGF10	33376	MEGF10-203	MANE
MEGF11	33380	MEGF11-202	MANE
MEGF6	33381	MEGF6-202	MANE
MEGF8	33384	MEGF8-203	longest_CDS
MEGF9	33385	MEGF9-201	MANE
MEIOC	33386	MEIOC-201	MANE
MEIS1	33387	MEIS1-201	MANE
MEIS2	33394	MEIS2-221	MANE
MEIS3	33404	MEIS3-204	MANE
MELTF	33411	MELTF-201	MANE
MELTF-AS1			no_CDS
MEMO1	33415	MEMO1-201	APPRIS
MEN1	33417	MEN1-213	MANE
MEOX2	33424	MEOX2-201	MANE
MEPCE	33426	MEPCE-201	MANE
MEPE	33429	MEPE-201	MANE
MERTK	33431	MERTK-201	MANE
MESD	33433	MESD-201	MANE
MESP1	33435	MESP1-201	MANE
MESP2	33438	MESP2-201	MANE
MEST	33442	MEST-201	MANE
MESTIT1	33448	MESTIT1-201	Ensembl
MET	33450	MET-202	MANE
METAP1	33452	METAP1-201	MANE
METAP1D	33454	METAP1D-201	MANE
METAP2	33457	METAP2-202	MANE
METRN	33461	METRN-204	MANE
METRNL	33462	METRNL-201	MANE
METTL1	33464	METTL1-202	MANE
METTL13	33465	METTL13-201	MANE
METTL14	33469	METTL14-201	MANE
METTL14-DT	33472	METTL14-DT-208	longest_CDS
METTL15	33474	METTL15-204	MANE
METTL16	33477	METTL16-201	MANE
METTL17	33484	METTL17-201	MANE
METTL18	33486	METTL18-202	MANE
METTL21A	33492	METTL21A-203	MANE
METTL21C	33493	METTL21C-201	MANE
METTL21EP	33494	METTL21EP-202	longest_CDS
METTL22	33496	METTL22-202	MANE
METTL23	33498	METTL23-201	MANE
METTL24	33499	METTL24-201	MANE
METTL25	33501	METTL25-201	MANE
METTL25B	33504	METTL25B-201	MANE
METTL26	33509	METTL26-201	MANE
METTL2A	33515	METTL2A-201	MANE
METTL2B	33517	METTL2B-201	MANE
METTL3	33520	METTL3-201	MANE
METTL4	33526	METTL4-203	MANE
METTL5	33531	METTL5-201	MANE
METTL6	33532	METTL6-202	MANE
METTL7A	33537	METTL7A-201	MANE
METTL7B	33539	METTL7B-201	MANE
METTL8	33541	METTL8-201	MANE
METTL9	33545	METTL9-201	MANE
MEX3B	33546	MEX3B-202	longest_CDS
MEX3C	33548	MEX3C-201	MANE
MFAP1	33549	MFAP1-201	MANE
MFAP3	33550	MFAP3-212	MANE
MFAP3L	33554	MFAP3L-201	MANE
MFAP4	33556	MFAP4-201	MANE
MFF	33564	MFF-201	MANE
MFF-DT	33571	MFF-DT-216	longest_CDS
MFGE8	33578	MFGE8-201	MANE
MFHAS1	33579	MFHAS1-201	MANE
MFN1	33582	MFN1-205	MANE
MFN2	33592	MFN2-201	MANE
MFNG	33595	MFNG-201	MANE
MFRP	33597	MFRP-205	MANE
MFSD1	33601	MFSD1-219	longest_CDS
MFSD10	33604	MFSD10-202	MANE
MFSD11	33611	MFSD11-220	MANE
MFSD12	33616	MFSD12-201	MANE
MFSD13A	33619	MFSD13A-201	MANE
MFSD14A	33621	MFSD14A-201	MANE
MFSD14B	33622	MFSD14B-201	MANE
MFSD14CP	33624	MFSD14CP-209	Ensembl
MFSD2A	33627	MFSD2A-202	MANE
MFSD3	33629	MFSD3-201	MANE
MFSD4A	33631	MFSD4A-201	MANE
MFSD4B	33636	MFSD4B-208	MANE
MFSD5	33638	MFSD5-201	MANE
MFSD6	33641	MFSD6-202	MANE
MFSD8	33654	MFSD8-201	APPRIS
MFSD9	33656	MFSD9-201	MANE
MGA	33667	MGA-214	Ensembl
MGAM	33672	MGAM-202	MANE
MGARP	33673	MGARP-201	MANE
MGAT1	33675	MGAT1-201	MANE
MGAT2	33678	MGAT2-201	MANE
MGAT3	33679	MGAT3-201	MANE
MGAT4A	33681	MGAT4A-202	MANE
MGAT4B	33684	MGAT4B-201	MANE
MGAT4C	33688	MGAT4C-207	longest_CDS
MGAT5	33691	MGAT5-202	APPRIS
MGAT5B	33696	MGAT5B-209	MANE
MGC16275			no_CDS
MGLL	33701	MGLL-201	MANE
MGME1	33706	MGME1-203	MANE
MGMT	33708	MGMT-205	MANE
MGP	33711	MGP-203	MANE
MGRN1	33713	MGRN1-201	MANE
MGST1	33720	MGST1-205	MANE
MGST2	33721	MGST2-201	MANE
MGST3	33725	MGST3-205	MANE
MHENCR	33726	MHENCR-202	Ensembl
MIA2	33735	MIA2-206	longest_CDS
MIA2-AS1	33737	MIA2-AS1-202	Ensembl
MIA3	33740	MIA3-202	MANE
MIAT	33754	MIAT-223	Ensembl
MIB1	33758	MIB1-201	MANE
MIB2	33760	MIB2-201	MANE
MICA	33775	MICA-209	MANE
MICAL1	33776	MICAL1-202	MANE
MICAL2	33785	MICAL2-237	MANE
MICAL3	33792	MICAL3-206	MANE
MICALL1	33795	MICALL1-201	MANE
MICALL2	33799	MICALL2-201	MANE
MICB	33802	MICB-204	longest_CDS
MICOS10	33804	MICOS10-201	MANE
MICOS13	33807	MICOS13-201	MANE
MICU1	33808	MICU1-201	MANE
MICU2	33810	MICU2-201	MANE
MICU3	33813	MICU3-201	MANE
MID1	33818	MID1-201	MANE
MID2	33821	MID2-201	MANE
MIDEAS	33825	MIDEAS-204	MANE
MIDN	33827	MIDN-201	longest_CDS
MIEF1	33830	MIEF1-201	MANE
MIEF2	33831	MIEF2-201	MANE
MIEN1	33836	MIEN1-201	MANE
MIER1	33842	MIER1-208	MANE
MIER2	33845	MIER2-201	MANE
MIER3	33850	MIER3-202	MANE
MIF	33851	MIF-201	MANE
MIF4GD	33855	MIF4GD-202	MANE
MIF4GD-DT	33859	MIF4GD-DT-202	Ensembl
MIGA1	33866	MIGA1-202	longest_CDS
MIGA2	33872	MIGA2-214	MANE
MIIP	33875	MIIP-201	MANE
MILIP	33876	MILIP-201	Ensembl
MILR1	33878	MILR1-203	APPRIS
MIMT1			no_CDS
MINAR1	33881	MINAR1-201	MANE
MINCR	33883	MINCR-201	Ensembl
MINDY1	33886	MINDY1-207	MANE
MINDY2	33891	MINDY2-203	MANE
MINDY3	33894	MINDY3-201	MANE
MINDY4	33897	MINDY4-201	MANE
MINK1	33901	MINK1-202	MANE
MINPP1	33909	MINPP1-202	MANE
MIOS	33911	MIOS-201	MANE
MIOS-DT	33916	MIOS-DT-203	Ensembl
MIPEP	33919	MIPEP-201	MANE
MIPOL1	33932	MIPOL1-216	MANE
MIR100HG	33941	MIR100HG-251	longest_CDS
MIR124-1HG	33967	MIR124-1HG-210	longest_CDS
MIR124-2HG	33973	MIR124-2HG-216	longest_CDS
MIR1302-9HG	33981	MIR1302-9HG-201	Ensembl
MIR130AHG	33982	MIR130AHG-205	Ensembl
MIR133A1HG	33984	MIR133A1HG-202	Ensembl
MIR137HG	33987	MIR137HG-203	Ensembl
MIR142HG	33993	MIR142HG-201	Ensembl
MIR17HG			no_CDS
MIR181A1HG	33996	transcript291909.chr1.nnic	longest_CDS
MIR181A2HG			no_CDS
MIR1915HG			no_CDS
MIR210HG	34001	MIR210HG-205	Ensembl
MIR219A2HG	34002	MIR219A2HG-201	Ensembl
MIR222HG	34003	MIR222HG-203	longest_CDS
MIR223HG			no_CDS
MIR22HG	34010	MIR22HG-212	Ensembl
MIR23AHG	34011	MIR23AHG-201	Ensembl
MIR29B2CHG			no_CDS
MIR302CHG			no_CDS
MIR3147HG			no_CDS
MIR31HG	34026	MIR31HG-215	longest_CDS
MIR34AHG			no_CDS
MIR3659HG	34030	transcript66462.chr1.nnic	longest_CDS
MIR3667HG			no_CDS
MIR3681HG			no_CDS
MIR378D2HG	34033	MIR378D2HG-201	Ensembl
MIR3936HG	34035	MIR3936HG-204	Ensembl
MIR3976HG	34037	MIR3976HG-216	longest_CDS
MIR4300HG			no_CDS
MIR4435-2HG	34047	MIR4435-2HG-202	longest_CDS
MIR4453HG	34049	MIR4453HG-201	Ensembl
MIR4458HG			no_CDS
MIR4500HG	34055	MIR4500HG-201	Ensembl
MIR493HG			no_CDS
MIR497HG	34061	MIR497HG-202	Ensembl
MIR600HG	34062	MIR600HG-201	Ensembl
MIR646HG			no_CDS
MIR7-3HG			no_CDS
MIR762HG			no_CDS
MIR9-1HG	34080	MIR9-1HG-203	longest_CDS
MIR9-3HG			no_CDS
MIR99AHG	34130	MIR99AHG-317	longest_CDS
MIRLET7BHG	34147	transcript59860.chr22.nnic	longest_CDS
MIS12	34150	MIS12-206	MANE
MIS18A	34151	MIS18A-201	MANE
MIS18BP1	34152	MIS18BP1-201	MANE
MISP3	34158	MISP3-204	longest_CDS
MITD1	34160	MITD1-201	MANE
MITF	34163	MITF-203	MANE
MIX23	34168	MIX23-201	MANE
MKI67	34171	MKI67-202	MANE
MKKS	34173	MKKS-201	MANE
MKLN1	34178	MKLN1-201	MANE
MKLN1-AS			no_CDS
MKNK1	34189	MKNK1-203	MANE
MKNK2	34194	MKNK2-201	MANE
MKRN1	34197	MKRN1-201	MANE
MKRN2	34207	MKRN2-201	MANE
MKRN3	34211	MKRN3-201	MANE
MKS1	34222	MKS1-202	MANE
MKX	34223	MKX-202	MANE
MLC1	34226	MLC1-201	MANE
MLEC	34227	MLEC-201	MANE
MLF1	34228	MLF1-201	APPRIS
MLF2	34233	MLF2-201	MANE
MLH1	34238	MLH1-201	MANE
MLH3	34249	MLH3-201	MANE
MLIP	34255	MLIP-208	MANE
MLKL	34256	transcript114517.chr16.nic	longest_CDS
MLLT1	34259	MLLT1-201	MANE
MLLT10	34262	MLLT10-217	APPRIS
MLLT11	34269	MLLT11-201	MANE
MLLT3	34270	MLLT3-202	MANE
MLLT6	34275	MLLT6-211	MANE
MLPH	34278	MLPH-202	longest_CDS
MLST8	34285	MLST8-232	MANE
MLX	34288	MLX-203	MANE
MLXIP	34293	MLXIP-201	MANE
MLXIPL	34299	MLXIPL-201	MANE
MLYCD	34300	MLYCD-201	MANE
MMAA	34302	MMAA-209	MANE
MMAB	34308	MMAB-210	MANE
MMACHC	34310	MMACHC-201	MANE
MMADHC	34311	MMADHC-201	MANE
MMADHC-DT			no_CDS
MMD	34316	MMD-201	MANE
MMD2	34318	MMD2-201	MANE
MME	34320	MME-214	longest_CDS
MMEL1	34325	MMEL1-201	MANE
MMGT1	34327	MMGT1-201	MANE
MMP11	34329	MMP11-201	MANE
MMP14	34331	MMP14-201	MANE
MMP15	34332	MMP15-201	MANE
MMP16	34333	MMP16-201	MANE
MMP17	34335	MMP17-201	MANE
MMP2	34336	MMP2-201	MANE
MMP21	34338	MMP21-203	longest_CDS
MMP24	34339	MMP24-201	MANE
MMP24OS	34343	MMP24OS-209	MANE
MMP25-AS1	34345	transcript10872.chr16.nnic	longest_CDS
MMP28	34350	MMP28-201	MANE
MMRN2	34351	MMRN2-201	MANE
MMS19	34355	MMS19-209	MANE
MMS22L	34363	MMS22L-213	MANE
MMUT	34364	MMUT-201	MANE
MN1	34366	MN1-201	MANE
MNAT1	34367	MNAT1-201	MANE
MNDA	34372	MNDA-201	MANE
MNS1	34377	MNS1-201	MANE
MNT	34379	MNT-201	MANE
MOAP1	34381	MOAP1-201	MANE
MOB1A	34383	MOB1A-201	MANE
MOB1B	34385	MOB1B-201	MANE
MOB2	34387	MOB2-201	MANE
MOB3A	34389	MOB3A-201	MANE
MOB3B	34390	MOB3B-201	MANE
MOB3C	34393	MOB3C-202	MANE
MOB4	34394	MOB4-202	MANE
MOBP	34401	MOBP-215	MANE
MOCOS	34404	MOCOS-201	MANE
MOCS1	34411	MOCS1-201	MANE
MOCS2	34415	MOCS2-202	MANE
MOCS2-DT			no_CDS
MOCS3	34424	MOCS3-201	MANE
MOG	34426	MOG-221	MANE
MOGS	34433	MOGS-203	MANE
MOK	34436	MOK-229	longest_CDS
MON1A	34446	MON1A-201	MANE
MON1B	34451	MON1B-201	MANE
MON2	34456	MON2-202	MANE
MORC2	34461	MORC2-202	MANE
MORC3	34465	MORC3-201	MANE
MORC4	34469	MORC4-202	MANE
MORF4L1	34472	MORF4L1-203	MANE
MORF4L2	34477	MORF4L2-206	MANE
MORF4L2-AS1	34479	MORF4L2-AS1-201	Ensembl
MORN1	34482	MORN1-203	MANE
MORN2	34486	MORN2-206	MANE
MORN4	34487	transcript175038.chr10.nnic	longest_CDS
MOSMO	34491	MOSMO-202	MANE
MOSPD1	34494	MOSPD1-203	MANE
MOSPD2	34498	MOSPD2-201	MANE
MOSPD3	34500	MOSPD3-203	MANE
MOV10	34507	MOV10-203	MANE
MOV10L1	34513	MOV10L1-201	MANE
MOXD1	34514	MOXD1-202	MANE
MPC1	34518	MPC1-205	longest_CDS
MPC1-DT	34520	MPC1-DT-201	Ensembl
MPC2	34522	MPC2-201	MANE
MPDU1	34524	MPDU1-201	MANE
MPDZ	34536	MPDZ-202	MANE
MPEG1	34538	MPEG1-201	MANE
MPG	34540	MPG-202	MANE
MPHOSPH10	34541	MPHOSPH10-201	MANE
MPHOSPH6	34547	MPHOSPH6-201	MANE
MPHOSPH8	34550	MPHOSPH8-201	MANE
MPHOSPH9	34556	MPHOSPH9-220	MANE
MPI	34564	MPI-202	MANE
MPLKIP	34565	MPLKIP-201	MANE
MPND	34566	MPND-207	MANE
MPO	34569	MPO-201	MANE
MPP1	34573	MPP1-202	MANE
MPP2	34575	MPP2-201	MANE
MPP3	34581	MPP3-201	MANE
MPP7	34582	MPP7-209	MANE
MPPE1	34585	MPPE1-211	MANE
MPPED1	34593	MPPED1-203	MANE
MPPED2	34595	MPPED2-201	MANE
MPRIP	34600	MPRIP-221	MANE
MPST	34605	MPST-206	MANE
MPV17	34611	MPV17-203	MANE
MPV17L	34619	MPV17L-202	MANE
MPV17L2	34620	MPV17L2-204	MANE
MPZL1	34624	MPZL1-201	MANE
MPZL2	34627	MPZL2-201	MANE
MR1	34628	transcript277833.chr1.nic	longest_CDS
MRAP2	34631	MRAP2-201	MANE
MRAS	34633	MRAS-202	MANE
MRC1	34636	MRC1-201	MANE
MRC2	34637	MRC2-201	MANE
MRE11	34639	MRE11-201	MANE
MREG	34644	MREG-201	MANE
MRFAP1	34647	MRFAP1-202	MANE
MRFAP1L1	34648	MRFAP1L1-201	MANE
MRGBP	34650	MRGBP-201	MANE
MRGPRE	34651	MRGPRE-201	MANE
MRGPRF	34652	MRGPRF-201	MANE
MRI1	34653	MRI1-201	MANE
MRM1	34654	MRM1-204	MANE
MRM2	34656	MRM2-201	MANE
MRM3	34658	MRM3-201	MANE
MRNIP	34661	MRNIP-201	MANE
MRNIP-DT	34668	MRNIP-DT-201	Ensembl
MRO	34669	MRO-206	longest_CDS
MROCKI	34670	MROCKI-201	Ensembl
MROH1	34674	MROH1-201	MANE
MROH7	34680	MROH7-206	MANE
MROH8	34682	MROH8-203	longest_CDS
MRPL1	34683	MRPL1-201	MANE
MRPL10	34684	MRPL10-202	MANE
MRPL11	34689	MRPL11-201	MANE
MRPL12	34692	MRPL12-201	MANE
MRPL13	34693	MRPL13-201	MANE
MRPL14	34702	MRPL14-201	MANE
MRPL15	34703	MRPL15-201	MANE
MRPL16	34708	MRPL16-201	MANE
MRPL17	34711	MRPL17-201	MANE
MRPL18	34712	MRPL18-201	MANE
MRPL19	34713	MRPL19-202	MANE
MRPL2	34714	MRPL2-202	MANE
MRPL20	34718	MRPL20-201	MANE
MRPL20-AS1	34722	MRPL20-AS1-204	Ensembl
MRPL20-DT	34727	MRPL20-DT-201	Ensembl
MRPL21	34730	MRPL21-201	MANE
MRPL22	34731	MRPL22-207	MANE
MRPL23	34737	MRPL23-205	MANE
MRPL24	34739	MRPL24-201	MANE
MRPL27	34741	MRPL27-201	MANE
MRPL28	34743	MRPL28-201	MANE
MRPL3	34747	MRPL3-201	MANE
MRPL30	34748	MRPL30-201	MANE
MRPL32	34751	MRPL32-201	MANE
MRPL33	34754	MRPL33-201	MANE
MRPL34	34756	MRPL34-201	MANE
MRPL35	34759	MRPL35-202	MANE
MRPL36	34761	MRPL36-202	MANE
MRPL37	34765	MRPL37-202	MANE
MRPL38	34766	MRPL38-201	MANE
MRPL39	34769	MRPL39-202	MANE
MRPL4	34773	MRPL4-201	MANE
MRPL40	34774	MRPL40-201	MANE
MRPL41	34776	MRPL41-201	MANE
MRPL42	34779	MRPL42-206	MANE
MRPL43	34786	MRPL43-203	MANE
MRPL44	34793	MRPL44-201	MANE
MRPL45	34795	MRPL45-203	MANE
MRPL45P2	34796	MRPL45P2-201	Ensembl
MRPL46	34801	MRPL46-201	MANE
MRPL47	34804	MRPL47-203	MANE
MRPL48	34808	MRPL48-201	MANE
MRPL49	34809	MRPL49-201	MANE
MRPL50	34812	MRPL50-201	MANE
MRPL51	34814	MRPL51-201	MANE
MRPL52	34815	MRPL52-203	MANE
MRPL53	34819	MRPL53-201	MANE
MRPL54	34820	MRPL54-201	MANE
MRPL55	34826	MRPL55-203	MANE
MRPL57	34830	MRPL57-201	MANE
MRPL58	34831	MRPL58-201	MANE
MRPL9	34833	MRPL9-202	MANE
MRPS10	34834	MRPS10-201	MANE
MRPS11	34835	MRPS11-201	MANE
MRPS12	34840	MRPS12-201	MANE
MRPS14	34841	MRPS14-202	MANE
MRPS15	34843	MRPS15-201	MANE
MRPS16	34848	MRPS16-202	MANE
MRPS17	34850	MRPS17-201	MANE
MRPS18A	34852	MRPS18A-202	MANE
MRPS18B	34853	MRPS18B-206	MANE
MRPS18C	34855	MRPS18C-201	MANE
MRPS2	34857	MRPS2-201	MANE
MRPS21	34864	MRPS21-202	MANE
MRPS22	34874	MRPS22-214	MANE
MRPS23	34877	MRPS23-201	MANE
MRPS24	34880	MRPS24-201	MANE
MRPS25	34883	MRPS25-201	MANE
MRPS26	34895	MRPS26-201	MANE
MRPS27	34901	MRPS27-201	MANE
MRPS28	34905	MRPS28-201	MANE
MRPS30	34907	MRPS30-202	MANE
MRPS30-DT	34909	MRPS30-DT-202	Ensembl
MRPS31	34914	MRPS31-201	MANE
MRPS31P5	34919	MRPS31P5-202	Ensembl
MRPS33	34923	MRPS33-201	MANE
MRPS34	34927	MRPS34-202	MANE
MRPS35	34928	MRPS35-201	MANE
MRPS36	34932	MRPS36-201	MANE
MRPS5	34938	MRPS5-201	MANE
MRPS6	34945	MRPS6-201	MANE
MRPS7	34948	MRPS7-201	MANE
MRPS9	34949	MRPS9-201	MANE
MRRF	34953	MRRF-202	MANE
MRS2	34956	MRS2-203	MANE
MRTFA	34959	MRTFA-201	MANE
MRTFB	34963	MRTFB-202	MANE
MRTO4	34972	MRTO4-201	MANE
MS4A1	34973	MS4A1-201	MANE
MS4A14	34976	MS4A14-201	MANE
MS4A4A	34977	MS4A4A-201	MANE
MS4A6A	34981	MS4A6A-208	MANE
MS4A7	34991	transcript65371.chr11.nic	longest_CDS
MSANTD1	34992	MSANTD1-201	MANE
MSANTD2	34993	MSANTD2-202	MANE
MSANTD2-AS1			no_CDS
MSANTD3	35002	MSANTD3-203	MANE
MSANTD4	35004	MSANTD4-201	MANE
MSANTD7	35007	MSANTD7-202	MANE
MSC	35009	MSC-201	MANE
MSC-AS1	35010	transcript118055.chr8.nnic	longest_CDS
MSH2	35015	MSH2-201	MANE
MSH3	35018	MSH3-201	MANE
MSH6	35032	MSH6-201	MANE
MSI2	35035	MSI2-201	MANE
MSL1	35041	MSL1-202	MANE
MSL2	35047	MSL2-201	MANE
MSL3	35060	MSL3-201	MANE
MSLN	35068	MSLN-207	longest_CDS
MSMO1	35071	MSMO1-201	MANE
MSN	35072	MSN-201	MANE
MSR1	35076	MSR1-201	MANE
MSRA	35079	MSRA-201	MANE
MSRA-DT	35083	MSRA-DT-201	Ensembl
MSRB1	35084	MSRB1-201	MANE
MSRB2	35087	MSRB2-201	MANE
MSRB3	35089	MSRB3-201	MANE
MSS51	35092	MSS51-201	MANE
MST1	35094	MST1-202	MANE
MSTN	35095	MSTN-201	MANE
MSTO1	35096	MSTO1-201	MANE
MSX1	35100	MSX1-201	MANE
MT-ATP6	35101	MT-ATP6-201	Ensembl
MT-ATP8	35102	MT-ATP8-201	Ensembl
MT-CO1	35103	MT-CO1-201	Ensembl
MT-CO2	35104	MT-CO2-201	Ensembl
MT-CO3	35105	MT-CO3-201	Ensembl
MT-CYB	35106	MT-CYB-201	Ensembl
MT-ND1	35107	MT-ND1-201	Ensembl
MT-ND2	35108	MT-ND2-201	Ensembl
MT-ND3	35109	MT-ND3-201	Ensembl
MT-ND4	35110	MT-ND4-201	Ensembl
MT-ND4L	35111	MT-ND4L-201	Ensembl
MT-ND5	35119	MT-ND5-201	Ensembl
MT-ND6	35122	MT-ND6-201	Ensembl
MT1E	35123	MT1E-202	MANE
MT1F	35125	MT1F-201	MANE
MT1G	35127	MT1G-201	MANE
MT1M	35129	MT1M-201	MANE
MT1X	35131	MT1X-201	MANE
MT2A	35132	MT2A-201	MANE
MT3	35137	MT3-201	MANE
MTA1	35138	transcript125479.chr14.nnic	longest_CDS
MTA1-DT	35140	MTA1-DT-202	Ensembl
MTA2	35143	MTA2-201	MANE
MTA3	35145	MTA3-201	MANE
MTAP	35157	MTAP-213	MANE
MTARC1	35159	MTARC1-201	MANE
MTARC2	35160	MTARC2-202	MANE
MTBP	35162	MTBP-201	MANE
MTCH1	35185	MTCH1-202	MANE
MTCH2	35189	MTCH2-201	MANE
MTCL1	35193	MTCL1-217	MANE
MTDH	35194	MTDH-201	MANE
MTERF1	35196	MTERF1-201	MANE
MTERF2	35201	MTERF2-201	MANE
MTERF3	35202	MTERF3-201	MANE
MTERF4	35208	MTERF4-202	MANE
MTF1	35211	MTF1-201	MANE
MTF2	35216	MTF2-201	MANE
MTFMT	35220	MTFMT-201	MANE
MTFP1	35222	MTFP1-201	MANE
MTFR1	35223	MTFR1-201	MANE
MTFR1L	35231	MTFR1L-203	MANE
MTG1	35232	MTG1-201	MANE
MTG2	35237	MTG2-201	MANE
MTHFD1	35243	MTHFD1-220	MANE
MTHFD1L	35252	MTHFD1L-203	MANE
MTHFD2	35256	MTHFD2-201	MANE
MTHFD2L	35260	MTHFD2L-203	APPRIS
MTHFR	35267	MTHFR-204	MANE
MTHFS	35272	MTHFS-201	MANE
MTHFSD	35274	MTHFSD-201	MANE
MTIF2	35280	MTIF2-201	MANE
MTIF3	35289	MTIF3-202	MANE
MTLN	35292	MTLN-203	MANE
MTM1	35293	MTM1-203	MANE
MTMR1	35298	MTMR1-208	MANE
MTMR10	35300	MTMR10-201	MANE
MTMR11	35305	MTMR11-202	MANE
MTMR12	35311	MTMR12-203	MANE
MTMR14	35312	MTMR14-201	MANE
MTMR2	35319	MTMR2-201	MANE
MTMR3	35345	MTMR3-204	MANE
MTMR4	35346	MTMR4-210	MANE
MTMR6	35351	MTMR6-201	MANE
MTMR7	35353	MTMR7-201	MANE
MTMR8	35356	MTMR8-201	MANE
MTMR9	35357	MTMR9-201	MANE
MTNR1A	35360	MTNR1A-202	APPRIS
MTO1	35369	MTO1-212	MANE
MTOR	35384	MTOR-201	MANE
MTPAP	35387	MTPAP-201	MANE
MTPN	35388	MTPN-201	MANE
MTR	35397	MTR-202	MANE
MTRES1	35400	MTRES1-201	MANE
MTREX	35402	MTREX-201	MANE
MTRF1	35404	MTRF1-203	MANE
MTRF1L	35407	MTRF1L-203	MANE
MTRFR	35413	MTRFR-201	MANE
MTRR	35425	MTRR-202	MANE
MTSS1	35429	MTSS1-205	MANE
MTSS2	35431	MTSS2-201	MANE
MTTP	35433	MTTP-201	MANE
MTURN	35435	MTURN-201	MANE
MTUS1	35439	MTUS1-230	MANE
MTUS1-DT			no_CDS
MTUS2	35447	MTUS2-206	MANE
MTX1	35452	MTX1-202	MANE
MTX2	35455	MTX2-201	MANE
MTX3	35456	MTX3-202	MANE
MUC1	35459	transcript239544.chr1.nic	longest_CDS
MUC12-AS1			no_CDS
MUC19	35461	MUC19-205	Ensembl
MUC20	35463	MUC20-202	longest_CDS
MUC6	35465	MUC6-201	MANE
MUL1	35466	MUL1-201	MANE
MUS81	35469	MUS81-201	MANE
MUSK	35474	transcript185990.chr9.nnic	longest_CDS
MUTYH	35481	MUTYH-211	MANE
MVB12A	35486	MVB12A-201	MANE
MVB12B	35487	MVB12B-201	MANE
MVD	35489	MVD-201	MANE
MVK	35501	MVK-201	MANE
MVP	35503	MVP-201	MANE
MVP-DT	35504	MVP-DT-205	longest_CDS
MX1	35515	MX1-202	MANE
MX2	35533	MX2-201	MANE
MXD1	35534	MXD1-201	MANE
MXD3	35537	MXD3-203	MANE
MXD4	35539	MXD4-201	MANE
MXI1	35548	MXI1-202	MANE
MXRA5	35553	MXRA5-201	MANE
MXRA7	35557	MXRA7-203	MANE
MXRA8	35558	MXRA8-201	MANE
MYADM	35559	MYADM-204	MANE
MYBBP1A	35562	MYBBP1A-201	MANE
MYBL1	35568	MYBL1-204	MANE
MYBPC1	35575	MYBPC1-201	MANE
MYBPC2	35577	MYBPC2-201	MANE
MYBPH	35578	MYBPH-201	MANE
MYC	35579	MYC-202	longest_CDS
MYCBP	35582	MYCBP-201	MANE
MYCBP2	35597	MYCBP2-207	MANE
MYCBPAP	35608	MYCBPAP-201	MANE
MYCL	35610	MYCL-202	MANE
MYCN	35612	MYCN-201	MANE
MYCT1	35613	MYCT1-201	MANE
MYD88	35614	MYD88-209	MANE
MYDGF	35619	MYDGF-201	MANE
MYEF2	35620	MYEF2-202	MANE
MYG1	35630	MYG1-201	MANE
MYH10	35642	MYH10-223	longest_CDS
MYH11	35653	MYH11-201	MANE
MYH14	35662	MYH14-208	MANE
MYH15	35665	MYH15-204	longest_CDS
MYH3	35666	MYH3-205	MANE
MYH7	35667	MYH7-201	MANE
MYH7B	35669	MYH7B-201	MANE
MYH9	35679	MYH9-201	MANE
MYL12A	35681	MYL12A-201	MANE
MYL12B	35683	MYL12B-201	MANE
MYL5	35685	transcript219.chr4.nnic	longest_CDS
MYL6	35690	MYL6-218	MANE
MYL6B	35695	MYL6B-212	MANE
MYL9	35698	MYL9-201	MANE
MYLIP	35699	MYLIP-202	MANE
MYLK	35707	MYLK-237	longest_CDS
MYLK-AS1			no_CDS
MYLK3	35724	MYLK3-201	MANE
MYNN	35727	MYNN-201	MANE
MYO10	35728	MYO10-210	MANE
MYO15A	35733	MYO15A-221	MANE
MYO15B	35735	MYO15B-235	MANE
MYO16	35738	MYO16-204	MANE
MYO18A	35743	MYO18A-203	MANE
MYO19	35749	MYO19-213	MANE
MYO1B	35756	MYO1B-204	MANE
MYO1C	35762	MYO1C-219	longest_CDS
MYO1D	35767	MYO1D-201	MANE
MYO1E	35774	MYO1E-201	MANE
MYO1F	35775	MYO1F-222	MANE
MYO3A	35776	MYO3A-207	MANE
MYO5A	35782	MYO5A-205	MANE
MYO5B	35809	MYO5B-201	MANE
MYO5C	35812	MYO5C-201	MANE
MYO6	35821	MYO6-202	MANE
MYO7A	35826	MYO7A-202	MANE
MYO9A	35830	MYO9A-201	MANE
MYO9B	35838	MYO9B-220	MANE
MYOF	35840	MYOF-202	MANE
MYOM1	35841	MYOM1-202	MANE
MYOM2	35843	MYOM2-201	MANE
MYORG	35844	MYORG-201	MANE
MYOT	35846	MYOT-201	MANE
MYOZ2	35847	MYOZ2-201	MANE
MYRF	35852	MYRF-202	MANE
MYRFL	35853	MYRFL-205	MANE
MYRIP	35855	MYRIP-201	MANE
MYSM1	35868	MYSM1-202	MANE
MYT1	35877	MYT1-201	MANE
MYT1L	35905	MYT1L-220	MANE
MYZAP	35914	MYZAP-201	MANE
MZB1	35915	MZB1-203	longest_CDS
MZF1	35918	MZF1-201	MANE
MZF1-AS1			no_CDS
MZT1	35921	MZT1-201	MANE
MZT2A	35924	MZT2A-201	MANE
MZT2B	35931	MZT2B-201	MANE
N4BP1	35933	N4BP1-201	MANE
N4BP2	35937	N4BP2-201	MANE
N4BP2L1	35939	N4BP2L1-202	MANE
N4BP2L2	35947	N4BP2L2-201	MANE
N4BP2L2-IT2	35974	N4BP2L2-IT2-201	Ensembl
N4BP3	35975	N4BP3-201	MANE
N6AMT1	35977	N6AMT1-201	MANE
NAA10	35983	NAA10-208	MANE
NAA15	35986	NAA15-201	MANE
NAA16	35989	NAA16-201	MANE
NAA20	35998	NAA20-202	MANE
NAA25	36003	NAA25-201	MANE
NAA30	36005	NAA30-204	MANE
NAA35	36008	NAA35-201	MANE
NAA38	36011	NAA38-205	MANE
NAA40	36013	NAA40-202	MANE
NAA50	36015	NAA50-201	MANE
NAA60	36023	NAA60-202	MANE
NAA80	36028	NAA80-204	MANE
NAAA	36031	NAAA-201	MANE
NAALAD2	36038	NAALAD2-210	MANE
NAALADL2	36039	NAALADL2-203	MANE
NAB1	36042	NAB1-201	MANE
NAB2	36045	NAB2-201	MANE
NABP1	36048	NABP1-205	MANE
NABP2	36051	NABP2-201	MANE
NACA	36059	NACA-203	MANE
NACAD	36065	NACAD-202	MANE
NACC2	36066	NACC2-201	MANE
NADK	36070	NADK-201	MANE
NADK2	36073	NADK2-202	MANE
NADSYN1	36079	NADSYN1-201	MANE
NAE1	36085	NAE1-201	MANE
NAF1	36091	NAF1-201	MANE
NAGA	36093	NAGA-201	MANE
NAGK	36095	NAGK-229	longest_CDS
NAGLU	36102	NAGLU-201	MANE
NAGPA	36106	NAGPA-201	MANE
NAGS	36113	NAGS-201	MANE
NAIF1	36114	NAIF1-201	MANE
NAIP	36115	NAIP-208	MANE
NALCN	36119	NALCN-201	MANE
NALF1	36127	NALF1-201	MANE
NALF1-IT1	36129	transcript99592.chr13.nnic	longest_CDS
NALT1			no_CDS
NAMPT	36144	NAMPT-201	MANE
NANOGP8	36150	NANOGP8-201	MANE
NANOS1	36151	NANOS1-202	MANE
NANOS3	36153	NANOS3-201	MANE
NANP	36154	NANP-201	MANE
NANS	36155	NANS-201	MANE
NAP1L1	36163	NAP1L1-226	MANE
NAP1L2	36169	NAP1L2-201	MANE
NAP1L3	36170	NAP1L3-201	MANE
NAP1L4	36178	NAP1L4-201	MANE
NAP1L5	36181	NAP1L5-201	MANE
NAPA	36187	NAPA-201	MANE
NAPA-AS1			no_CDS
NAPB	36191	NAPB-201	MANE
NAPEPLD	36199	NAPEPLD-209	MANE
NAPG	36203	NAPG-201	MANE
NAPRT	36206	NAPRT-204	MANE
NAPSB	36211	NAPSB-203	Ensembl
NARF	36214	NARF-201	MANE
NARS1	36222	NARS1-201	MANE
NARS2	36229	NARS2-201	MANE
NASP	36230	NASP-201	MANE
NAT10	36239	NAT10-201	MANE
NAT14	36241	NAT14-201	MANE
NAT16	36242	NAT16-201	MANE
NAT8L	36244	NAT8L-201	MANE
NAT9	36246	NAT9-201	MANE
NATD1	36248	NATD1-201	MANE
NAV1	36250	NAV1-210	MANE
NAV2	36259	NAV2-204	longest_CDS
NAV2-AS6	36262	NAV2-AS6-201	Ensembl
NAV3	36264	NAV3-201	MANE
NAXD	36269	NAXD-206	MANE
NAXD-AS1	36277	NAXD-AS1-201	Ensembl
NAXE	36284	NAXE-203	MANE
NBAS	36295	NBAS-201	MANE
NBAT1	36296	NBAT1-201	Ensembl
NBDY	36297	NBDY-201	MANE
NBEA	36319	NBEA-203	APPRIS
NBEAL1	36322	NBEAL1-222	MANE
NBEAL2	36331	NBEAL2-215	longest_CDS
NBL1	36333	NBL1-202	MANE
NBN	36350	NBN-201	MANE
NBPF1	36358	NBPF1-203	Ensembl
NBPF10	36361	NBPF10-201	MANE
NBPF11	36364	NBPF11-202	APPRIS
NBPF12	36367	NBPF12-202	MANE
NBPF14	36369	NBPF14-205	MANE
NBPF15	36372	NBPF15-205	MANE
NBPF19	36377	NBPF19-204	MANE
NBPF20	36379	NBPF20-202	MANE
NBPF25P	36380	NBPF25P-202	Ensembl
NBPF26	36382	NBPF26-208	longest_CDS
NBPF3	36385	NBPF3-201	longest_CDS
NBPF4	36388	NBPF4-201	MANE
NBPF8	36390	NBPF8-202	MANE
NBPF9	36392	NBPF9-210	MANE
NBR1	36401	NBR1-206	MANE
NBR2	36402	NBR2-204	Ensembl
NCALD	36413	NCALD-201	MANE
NCAM1	36422	NCAM1-201	MANE
NCAM2	36429	NCAM2-202	MANE
NCAN	36432	NCAN-201	MANE
NCAPD2	36434	NCAPD2-201	MANE
NCAPD3	36441	NCAPD3-212	MANE
NCAPG	36447	NCAPG-201	MANE
NCAPG2	36451	NCAPG2-201	MANE
NCAPH	36452	NCAPH-201	MANE
NCAPH2	36455	NCAPH2-205	MANE
NCBP1	36457	NCBP1-202	MANE
NCBP2	36458	NCBP2-201	MANE
NCBP2AS2	36463	NCBP2AS2-201	MANE
NCBP3	36466	NCBP3-201	MANE
NCDN	36469	NCDN-202	MANE
NCEH1	36473	NCEH1-204	MANE
NCF1	36474	NCF1-201	MANE
NCF2	36475	NCF2-201	MANE
NCF4	36477	NCF4-201	MANE
NCK1	36481	NCK1-207	MANE
NCK1-DT			no_CDS
NCK2	36484	NCK2-201	MANE
NCKAP1	36485	NCKAP1-202	MANE
NCKAP1L	36491	NCKAP1L-201	MANE
NCKAP5	36492	NCKAP5-203	MANE
NCKAP5L	36495	NCKAP5L-201	MANE
NCKIPSD	36498	NCKIPSD-201	MANE
NCL	36502	NCL-201	MANE
NCLN	36516	NCLN-201	MANE
NCOA1	36521	NCOA1-202	MANE
NCOA2	36524	NCOA2-201	MANE
NCOA3	36529	NCOA3-202	MANE
NCOA4	36532	NCOA4-204	MANE
NCOA5	36533	NCOA5-201	MANE
NCOA6	36534	NCOA6-201	MANE
NCOA7	36543	NCOA7-203	MANE
NCOR1	36549	NCOR1-201	MANE
NCOR2	36563	NCOR2-202	MANE
NCR3LG1	36568	NCR3LG1-201	MANE
NCS1	36570	NCS1-201	MANE
NCSTN	36578	NCSTN-201	MANE
NDC1	36580	NDC1-201	MANE
NDC80	36581	NDC80-201	MANE
NDE1	36582	NDE1-201	MANE
NDEL1	36595	NDEL1-201	MANE
NDFIP1	36597	NDFIP1-201	MANE
NDFIP2	36599	NDFIP2-201	MANE
NDN	36613	NDN-201	MANE
NDNF	36614	NDNF-201	MANE
NDOR1	36615	NDOR1-206	MANE
NDP	36618	NDP-202	MANE
NDRG1	36623	NDRG1-201	MANE
NDRG2	36631	NDRG2-250	MANE
NDRG3	36641	NDRG3-201	MANE
NDRG4	36650	NDRG4-255	MANE
NDST1	36656	NDST1-201	MANE
NDST2	36658	NDST2-202	MANE
NDST3	36659	NDST3-201	MANE
NDST4	36662	NDST4-201	MANE
NDUFA1	36664	NDUFA1-201	MANE
NDUFA10	36680	NDUFA10-201	MANE
NDUFA11	36686	NDUFA11-201	MANE
NDUFA12	36689	NDUFA12-201	MANE
NDUFA13	36691	NDUFA13-204	MANE
NDUFA2	36693	NDUFA2-201	MANE
NDUFA3	36696	NDUFA3-206	longest_CDS
NDUFA4	36698	NDUFA4-201	MANE
NDUFA4L2			no_CDS
NDUFA5	36706	NDUFA5-201	MANE
NDUFA6	36712	NDUFA6-202	MANE
NDUFA6-DT	36715	NDUFA6-DT-203	Ensembl
NDUFA7	36718	NDUFA7-201	MANE
NDUFA8	36721	NDUFA8-201	MANE
NDUFA9	36722	NDUFA9-201	MANE
NDUFAB1	36723	NDUFAB1-201	MANE
NDUFAF1	36726	NDUFAF1-201	MANE
NDUFAF2	36729	NDUFAF2-201	MANE
NDUFAF3	36734	NDUFAF3-202	MANE
NDUFAF4	36735	NDUFAF4-201	MANE
NDUFAF5	36738	NDUFAF5-202	MANE
NDUFAF6	36741	NDUFAF6-203	MANE
NDUFAF7	36745	NDUFAF7-201	MANE
NDUFAF8	36746	NDUFAF8-201	MANE
NDUFB1			no_CDS
NDUFB10	36749	NDUFB10-201	MANE
NDUFB11	36751	NDUFB11-202	MANE
NDUFB2	36755	NDUFB2-201	MANE
NDUFB3	36758	NDUFB3-201	MANE
NDUFB4	36759	NDUFB4-201	MANE
NDUFB5	36762	NDUFB5-201	MANE
NDUFB6	36765	NDUFB6-203	MANE
NDUFB7	36771	NDUFB7-201	MANE
NDUFB8	36773	NDUFB8-201	MANE
NDUFB9	36783	NDUFB9-201	MANE
NDUFC1	36784	NDUFC1-209	APPRIS
NDUFC2	36786	NDUFC2-201	MANE
NDUFS1	36787	NDUFS1-201	MANE
NDUFS2	36807	NDUFS2-240	longest_CDS
NDUFS3	36834	NDUFS3-201	MANE
NDUFS4	36847	NDUFS4-201	MANE
NDUFS5	36851	NDUFS5-202	MANE
NDUFS6	36852	NDUFS6-201	MANE
NDUFS7	36857	NDUFS7-201	MANE
NDUFS8	36867	NDUFS8-201	MANE
NDUFV1	36872	NDUFV1-201	MANE
NDUFV2	36879	NDUFV2-201	MANE
NDUFV2-AS1			no_CDS
NDUFV3	36882	NDUFV3-202	MANE
NEAT1	36887	NEAT1-202	Ensembl
NEB	36888	NEB-220	longest_CDS
NEBL	36893	NEBL-203	APPRIS
NECAB1	36896	NECAB1-201	MANE
NECAB2	36897	transcript129635.chr16.nic	longest_CDS
NECAB3	36899	NECAB3-201	MANE
NECAP1	36914	NECAP1-201	MANE
NECAP2	36915	NECAP2-201	MANE
NECTIN1	36919	NECTIN1-201	MANE
NECTIN2	36923	NECTIN2-201	MANE
NECTIN3	36925	NECTIN3-206	MANE
NECTIN3-AS1	36926	NECTIN3-AS1-204	longest_CDS
NEDD1	36927	NEDD1-201	MANE
NEDD4	36934	NEDD4-202	MANE
NEDD4L	36938	NEDD4L-204	longest_CDS
NEDD8	36952	NEDD8-201	MANE
NEDD9	36954	NEDD9-202	MANE
NEFH	36955	NEFH-201	MANE
NEFL	36957	NEFL-201	MANE
NEFM	36961	NEFM-201	MANE
NEGR1	36963	NEGR1-202	MANE
NEIL1	36970	NEIL1-201	MANE
NEIL2	36974	NEIL2-201	MANE
NEK1	36990	NEK1-203	MANE
NEK10	36999	NEK10-213	MANE
NEK11	37004	NEK11-202	MANE
NEK2	37006	NEK2-202	MANE
NEK3	37010	NEK3-205	MANE
NEK4	37012	NEK4-201	MANE
NEK6	37013	NEK6-201	MANE
NEK7	37016	NEK7-202	MANE
NEK8	37019	NEK8-201	MANE
NEK9	37021	NEK9-201	MANE
NELFA	37033	NELFA-215	longest_CDS
NELFB	37034	NELFB-201	MANE
NELFCD	37035	NELFCD-214	MANE
NELFE	37044	NELFE-202	MANE
NELL1	37049	NELL1-203	MANE
NELL2	37054	NELL2-203	MANE
NEMF	37065	NEMF-201	MANE
NEMP1	37070	NEMP1-201	MANE
NEMP2	37071	NEMP2-202	MANE
NENF	37073	NENF-201	MANE
NEO1	37076	NEO1-201	MANE
NEPRO	37082	NEPRO-201	MANE
NEPRO-AS1			no_CDS
NES	37088	NES-201	MANE
NET1	37090	NET1-201	MANE
NETO1	37094	NETO1-201	MANE
NETO2	37097	NETO2-202	MANE
NEU1	37099	NEU1-206	MANE
NEU3	37106	NEU3-201	MANE
NEU4	37112	NEU4-201	longest_CDS
NEURL1	37113	NEURL1-201	MANE
NEURL1B	37116	NEURL1B-201	MANE
NEURL2	37117	NEURL2-201	MANE
NEURL3	37118	NEURL3-202	longest_CDS
NEURL4	37119	NEURL4-202	MANE
NEUROD1	37122	NEUROD1-201	MANE
NEUROD2	37123	NEUROD2-202	longest_CDS
NEUROD6	37124	NEUROD6-201	MANE
NEXMIF	37126	NEXMIF-201	MANE
NEXN	37127	transcript142161.chr1.nic	longest_CDS
NF1	37141	NF1-202	MANE
NF2	37150	NF2-202	MANE
NFAM1	37152	NFAM1-201	MANE
NFASC	37167	NFASC-201	MANE
NFAT5	37171	NFAT5-201	MANE
NFATC1	37177	NFATC1-202	longest_CDS
NFATC2	37182	NFATC2-201	MANE
NFATC2IP	37183	NFATC2IP-201	MANE
NFATC3	37185	NFATC3-202	MANE
NFATC4	37190	NFATC4-201	MANE
NFE2L1	37193	NFE2L1-203	MANE
NFE2L1-DT			no_CDS
NFE2L2	37197	NFE2L2-201	MANE
NFE2L3	37220	NFE2L3-201	MANE
NFIA	37227	NFIA-207	MANE
NFIB	37237	NFIB-204	MANE
NFIB-AS1	37241	NFIB-AS1-203	Ensembl
NFIC	37247	NFIC-203	MANE
NFIL3	37248	NFIL3-201	MANE
NFIX	37249	NFIX-214	MANE
NFKB1	37261	NFKB1-201	MANE
NFKB2	37262	NFKB2-205	longest_CDS
NFKBIA	37274	NFKBIA-201	MANE
NFKBIB	37276	NFKBIB-201	MANE
NFKBID	37278	NFKBID-211	longest_CDS
NFKBIE	37280	NFKBIE-201	longest_CDS
NFKBIL1	37282	NFKBIL1-203	MANE
NFKBIZ	37285	NFKBIZ-202	MANE
NFRKB	37288	NFRKB-212	MANE
NFS1	37294	NFS1-203	MANE
NFU1	37298	NFU1-203	MANE
NFX1	37303	NFX1-203	MANE
NFXL1	37306	NFXL1-206	MANE
NFYA	37312	NFYA-201	MANE
NFYB	37313	NFYB-201	MANE
NFYC	37319	NFYC-213	MANE
NFYC-AS1	37320	NFYC-AS1-201	Ensembl
NGB	37321	NGB-201	MANE
NGDN	37326	NGDN-202	MANE
NGEF	37340	NGEF-201	MANE
NGF	37341	NGF-201	MANE
NGFR	37342	NGFR-201	MANE
NGLY1	37343	NGLY1-202	MANE
NGRN	37350	NGRN-202	MANE
NHEJ1	37352	NHEJ1-201	MANE
NHERF1	37353	NHERF1-201	MANE
NHERF2	37355	NHERF2-201	MANE
NHIP			no_CDS
NHLH2	37358	NHLH2-201	MANE
NHLRC1	37359	NHLRC1-201	MANE
NHLRC2	37360	NHLRC2-201	MANE
NHLRC3	37363	NHLRC3-202	MANE
NHLRC4	37365	NHLRC4-201	MANE
NHP2	37367	NHP2-201	MANE
NHS	37373	NHS-207	MANE
NHSL1	37374	NHSL1-204	longest_CDS
NHSL1-AS1	37375	NHSL1-AS1-205	longest_CDS
NHSL2	37379	NHSL2-206	longest_CDS
NIBAN1	37380	NIBAN1-201	MANE
NIBAN2	37381	transcript206936.chr9.nic	longest_CDS
NICN1	37383	NICN1-201	MANE
NID1	37386	NID1-201	MANE
NID2	37388	NID2-201	MANE
NIF3L1	37395	NIF3L1-202	MANE
NIFK	37399	NIFK-201	MANE
NIFK-AS1			no_CDS
NIM1K	37407	NIM1K-201	MANE
NIN	37420	NIN-215	MANE
NINJ1	37425	NINJ1-201	MANE
NINJ2	37429	NINJ2-201	MANE
NINJ2-AS1	37430	NINJ2-AS1-203	Ensembl
NINL	37432	NINL-201	MANE
NIP7	37441	NIP7-201	MANE
NIPA1	37442	NIPA1-201	MANE
NIPA2	37443	NIPA2-201	MANE
NIPAL1	37450	NIPAL1-201	MANE
NIPAL2	37452	NIPAL2-202	MANE
NIPAL3	37453	NIPAL3-204	MANE
NIPAL4	37456	NIPAL4-201	MANE
NIPBL	37459	NIPBL-201	MANE
NIPBL-DT	37463	NIPBL-DT-201	Ensembl
NIPSNAP1	37464	NIPSNAP1-201	MANE
NIPSNAP2	37465	NIPSNAP2-201	MANE
NIPSNAP3A	37469	NIPSNAP3A-201	MANE
NIPSNAP3B	37470	NIPSNAP3B-201	MANE
NISCH	37474	NISCH-201	MANE
NIT1	37478	NIT1-203	MANE
NIT2	37481	NIT2-201	MANE
NKAIN1	37482	NKAIN1-201	MANE
NKAIN2	37485	NKAIN2-202	MANE
NKAIN3	37487	NKAIN3-205	MANE
NKAIN4	37488	NKAIN4-203	MANE
NKAP	37490	NKAP-201	MANE
NKAPD1	37494	NKAPD1-202	MANE
NKAPL	37497	NKAPL-201	MANE
NKD1	37498	NKD1-201	MANE
NKD2	37499	NKD2-202	MANE
NKG7	37500	NKG7-201	MANE
NKILA	37502	NKILA-202	Ensembl
NKIRAS1	37503	NKIRAS1-206	MANE
NKIRAS2	37513	NKIRAS2-206	MANE
NKPD1	37517	NKPD1-202	longest_CDS
NKRF	37519	NKRF-205	Ensembl
NKTR	37526	NKTR-201	MANE
NKX2-2	37532	NKX2-2-201	MANE
NKX3-1	37533	NKX3-1-201	MANE
NKX6-2	37534	NKX6-2-201	MANE
NLE1	37536	NLE1-202	MANE
NLGN1	37538	NLGN1-211	MANE
NLGN3	37549	NLGN3-201	MANE
NLGN4X	37556	NLGN4X-204	MANE
NLGN4Y	37563	NLGN4Y-211	MANE
NLK	37567	NLK-201	MANE
NLN	37573	NLN-201	MANE
NLRC4	37574	NLRC4-203	MANE
NLRC5	37583	NLRC5-229	MANE
NLRP1	37585	NLRP1-244	longest_CDS
NLRP14	37588	NLRP14-201	MANE
NLRP2	37590	NLRP2-208	MANE
NLRP2B	37592	NLRP2B-201	MANE
NLRP3	37593	NLRP3-205	APPRIS
NLRX1	37600	NLRX1-202	MANE
NMB			no_CDS
NMBR	37603	NMBR-201	MANE
NMD3	37605	NMD3-201	MANE
NME1	37613	NME1-203	MANE
NME2	37616	NME2-205	MANE
NME3	37621	NME3-201	MANE
NME4	37626	NME4-201	MANE
NME5	37632	NME5-201	MANE
NME6	37636	NME6-209	MANE
NME7	37641	NME7-201	MANE
NME9	37646	NME9-202	MANE
NMI	37648	NMI-201	MANE
NMNAT1	37650	NMNAT1-201	MANE
NMNAT2	37654	NMNAT2-201	MANE
NMNAT3	37657	NMNAT3-222	MANE
NMRAL1	37672	NMRAL1-201	MANE
NMRK1	37676	NMRK1-201	MANE
NMT1	37680	NMT1-210	longest_CDS
NMT2	37686	NMT2-202	MANE
NMU	37687	NMU-201	MANE
NNAT	37691	NNAT-204	MANE
NNMT	37692	NNMT-201	MANE
NNT	37693	NNT-202	MANE
NNT-AS1	37701	NNT-AS1-204	Ensembl
NOA1	37704	NOA1-201	MANE
NOB1	37706	NOB1-201	MANE
NOC2L	37708	NOC2L-201	MANE
NOC3L	37713	NOC3L-201	MANE
NOC4L	37717	NOC4L-201	MANE
NOCT	37718	NOCT-201	MANE
NOD1	37720	NOD1-201	MANE
NOD2	37721	transcript89332.chr16.nic	longest_CDS
NOG	37722	NOG-201	MANE
NOL10	37729	NOL10-202	MANE
NOL11	37733	NOL11-201	MANE
NOL12	37736	NOL12-201	MANE
NOL3	37740	NOL3-210	Ensembl
NOL4	37742	NOL4-201	MANE
NOL4L	37746	NOL4L-210	MANE
NOL6	37750	NOL6-201	MANE
NOL7	37752	NOL7-202	MANE
NOL8	37758	NOL8-208	MANE
NOL9	37765	NOL9-201	MANE
NOLC1	37768	NOLC1-209	MANE
NOM1	37770	NOM1-201	MANE
NOMO1	37773	NOMO1-201	MANE
NOMO2	37776	NOMO2-212	MANE
NOMO3	37786	NOMO3-202	MANE
NONO	37795	NONO-223	APPRIS
NOP10	37805	NOP10-201	MANE
NOP14	37808	NOP14-203	MANE
NOP14-AS1			no_CDS
NOP16	37815	NOP16-207	MANE
NOP2	37816	NOP2-201	MANE
NOP53	37820	NOP53-201	MANE
NOP56	37827	NOP56-201	MANE
NOP58	37831	NOP58-201	MANE
NOP9	37833	NOP9-201	MANE
NOPCHAP1	37834	NOPCHAP1-204	MANE
NORAD	37835	NORAD-201	Ensembl
NOS1	37839	NOS1-201	MANE
NOS1AP	37841	NOS1AP-201	MANE
NOS2	37845	NOS2-201	MANE
NOS3	37849	NOS3-201	MANE
NOSIP	37853	NOSIP-204	MANE
NOSTRIN	37855	NOSTRIN-201	MANE
NOTCH1	37856	NOTCH1-202	longest_CDS
NOTCH2	37859	NOTCH2-201	MANE
NOTCH2NLA	37863	NOTCH2NLA-201	MANE
NOTCH2NLB	37866	NOTCH2NLB-201	MANE
NOTCH2NLC	37868	NOTCH2NLC-202	MANE
NOTCH2NLR	37871	NOTCH2NLR-201	MANE
NOTCH3	37872	NOTCH3-201	MANE
NOTCH4	37874	NOTCH4-201	MANE
NOVA1	37882	NOVA1-206	MANE
NOVA1-DT			no_CDS
NOVA2	37884	transcript121589.chr19.nnic	longest_CDS
NOX5	37888	NOX5-204	longest_CDS
NOXA1	37889	NOXA1-203	MANE
NPAP1	37890	NPAP1-201	MANE
NPAS1	37891	NPAS1-208	MANE
NPAS2	37898	NPAS2-201	MANE
NPAS3	37900	NPAS3-202	MANE
NPAS4	37901	transcript96406.chr11.nic	longest_CDS
NPAT	37904	NPAT-201	MANE
NPB	37905	NPB-201	MANE
NPBWR1	37907	NPBWR1-201	MANE
NPC1	37910	NPC1-201	MANE
NPC2	37913	NPC2-207	MANE
NPDC1	37915	NPDC1-202	MANE
NPEPL1	37918	NPEPL1-201	MANE
NPEPPS	37925	NPEPPS-201	MANE
NPEPPSP1	37938	NPEPPSP1-204	Ensembl
NPFFR1	37942	NPFFR1-201	MANE
NPFFR2	37944	NPFFR2-201	MANE
NPHP1	37948	NPHP1-207	MANE
NPHP3	37960	NPHP3-201	MANE
NPHP4	37963	NPHP4-201	MANE
NPHS1	37973	NPHS1-202	MANE
NPIPA1	37977	NPIPA1-201	MANE
NPIPA5	37979	NPIPA5-201	MANE
NPIPA7	37980	NPIPA7-202	MANE
NPIPA8	37981	NPIPA8-201	MANE
NPIPA9	37991	NPIPA9-215	Ensembl
NPIPB11	37995	NPIPB11-203	MANE
NPIPB12	37996	NPIPB12-204	Ensembl
NPIPB13	37999	NPIPB13-206	MANE
NPIPB3	38003	NPIPB3-209	Ensembl
NPIPB4	38006	NPIPB4-221	MANE
NPIPB5	38011	NPIPB5-204	MANE
NPIPB6	38018	NPIPB6-203	MANE
NPIPB9	38019	NPIPB9-201	Ensembl
NPL	38025	NPL-203	MANE
NPLOC4	38028	NPLOC4-202	longest_CDS
NPM1	38032	NPM1-201	MANE
NPM2	38043	NPM2-204	MANE
NPM3	38047	NPM3-201	MANE
NPNT	38052	NPNT-202	MANE
NPR1	38053	NPR1-202	MANE
NPR2	38054	NPR2-201	MANE
NPR3	38062	NPR3-201	MANE
NPRL2	38067	NPRL2-201	MANE
NPRL3	38078	NPRL3-211	MANE
NPTN	38082	NPTN-201	MANE
NPTN-IT1	38083	NPTN-IT1-201	Ensembl
NPTX1	38086	NPTX1-201	MANE
NPTX2	38088	NPTX2-201	MANE
NPTXR	38089	NPTXR-201	MANE
NPW	38091	NPW-201	MANE
NPY	38092	NPY-201	MANE
NPY1R	38093	NPY1R-201	MANE
NPY5R	38094	NPY5R-201	MANE
NQO1	38096	NQO1-201	MANE
NQO2	38101	NQO2-205	MANE
NR0B1	38103	NR0B1-202	MANE
NR1D1	38104	NR1D1-201	MANE
NR1D2	38106	NR1D2-201	MANE
NR1H2	38108	NR1H2-201	MANE
NR1H3	38112	NR1H3-211	MANE
NR2C1	38115	NR2C1-202	MANE
NR2C2	38121	NR2C2-206	MANE
NR2C2AP	38123	NR2C2AP-201	MANE
NR2E1	38124	NR2E1-202	MANE
NR2F1	38127	NR2F1-201	MANE
NR2F1-AS1	38149	NR2F1-AS1-213	longest_CDS
NR2F2	38152	NR2F2-201	MANE
NR2F2-AS1	38159	NR2F2-AS1-216	longest_CDS
NR2F6	38160	NR2F6-201	MANE
NR3C1	38164	NR3C1-203	MANE
NR3C2	38171	NR3C2-203	MANE
NR4A1	38175	NR4A1-204	MANE
NR4A2	38179	NR4A2-201	MANE
NR4A3	38180	NR4A3-202	longest_CDS
NR6A1	38181	NR6A1-205	MANE
NRARP	38182	NRARP-201	MANE
NRAS	38183	NRAS-201	MANE
NRAV	38185	NRAV-203	Ensembl
NRBF2	38188	NRBF2-201	MANE
NRBP1	38192	NRBP1-203	MANE
NRBP2	38194	NRBP2-202	MANE
NRCAM	38199	NRCAM-203	MANE
NRDC	38205	NRDC-201	MANE
NRDE2	38211	NRDE2-201	MANE
NREP	38217	NREP-201	MANE
NRF1	38220	NRF1-205	MANE
NRG1	38227	NRG1-234	longest_CDS
NRG3	38228	NRG3-202	longest_CDS
NRGN	38233	NRGN-201	MANE
NRIP1	38235	NRIP1-201	MANE
NRIP2	38241	NRIP2-201	MANE
NRIP3	38243	NRIP3-201	MANE
NRIP3-DT	38245	NRIP3-DT-204	Ensembl
NRIR	38246	NRIR-203	Ensembl
NRK	38247	transcript124470.chrX.nic	longest_CDS
NRM	38249	NRM-201	longest_CDS
NRN1	38251	NRN1-201	MANE
NRN1L	38253	NRN1L-201	MANE
NRP1	38254	NRP1-207	longest_CDS
NRP2	38260	NRP2-203	MANE
NRROS	38262	NRROS-201	MANE
NRSN1	38264	NRSN1-204	MANE
NRSN2	38268	NRSN2-201	MANE
NRSN2-AS1			no_CDS
NRXN1	38285	NRXN1-204	MANE
NRXN2	38297	NRXN2-219	longest_CDS
NRXN3	38305	NRXN3-202	MANE
NSA2	38314	NSA2-205	MANE
NSD1	38318	NSD1-204	MANE
NSD2	38334	NSD2-218	MANE
NSD3	38351	NSD3-202	MANE
NSDHL	38353	NSDHL-201	MANE
NSF	38357	NSF-201	MANE
NSFL1C	38369	NSFL1C-201	MANE
NSG1	38377	NSG1-211	MANE
NSG2	38382	NSG2-201	MANE
NSL1	38383	NSL1-202	MANE
NSMAF	38386	NSMAF-201	MANE
NSMCE1	38394	NSMCE1-201	MANE
NSMCE1-DT			no_CDS
NSMCE2	38398	NSMCE2-201	MANE
NSMCE3	38406	NSMCE3-201	MANE
NSMCE4A	38410	NSMCE4A-202	MANE
NSMF	38412	NSMF-206	MANE
NSRP1	38416	NSRP1-201	MANE
NSUN2	38426	NSUN2-201	MANE
NSUN3	38432	NSUN3-201	MANE
NSUN4	38435	NSUN4-204	MANE
NSUN5	38442	NSUN5-204	MANE
NSUN5P1	38447	NSUN5P1-215	Ensembl
NSUN5P2	38451	NSUN5P2-205	Ensembl
NSUN6	38452	NSUN6-201	MANE
NSUN7	38453	NSUN7-202	MANE
NT5C	38458	NT5C-201	MANE
NT5C1A	38459	NT5C1A-201	MANE
NT5C2	38470	NT5C2-203	MANE
NT5C3A	38472	NT5C3A-209	MANE
NT5C3B	38473	NT5C3B-203	MANE
NT5DC1	38481	NT5DC1-201	MANE
NT5DC2	38482	NT5DC2-202	MANE
NT5DC3	38484	NT5DC3-201	MANE
NT5E	38486	NT5E-201	MANE
NT5M	38490	NT5M-201	MANE
NTAN1	38492	NTAN1-201	MANE
NTAQ1	38501	NTAQ1-201	MANE
NTF3	38504	NTF3-202	MANE
NTHL1	38505	NTHL1-201	APPRIS
NTM	38509	NTM-205	longest_CDS
NTM-AS1			no_CDS
NTMT1	38514	NTMT1-203	MANE
NTN1	38516	NTN1-201	MANE
NTN4	38517	NTN4-201	MANE
NTNG1	38519	NTNG1-205	MANE
NTNG2	38524	NTNG2-201	MANE
NTPCR	38528	NTPCR-202	MANE
NTRK1	38531	NTRK1-206	MANE
NTRK2	38557	NTRK2-201	MANE
NTRK3	38574	NTRK3-217	MANE
NTSR2	38582	NTSR2-201	MANE
NUAK1	38583	NUAK1-201	MANE
NUAK2	38584	NUAK2-201	MANE
NUB1	38589	NUB1-212	MANE
NUBP1	38591	NUBP1-201	MANE
NUBP2	38596	NUBP2-201	MANE
NUBPL	38600	NUBPL-201	MANE
NUCB1	38601	NUCB1-201	MANE
NUCB2	38618	NUCB2-207	MANE
NUCKS1	38619	NUCKS1-201	MANE
NUDC	38620	NUDC-201	MANE
NUDCD1	38625	NUDCD1-201	MANE
NUDCD2	38628	NUDCD2-201	MANE
NUDCD3	38630	NUDCD3-202	MANE
NUDT1	38633	NUDT1-203	MANE
NUDT10	38634	NUDT10-201	MANE
NUDT11	38635	NUDT11-201	MANE
NUDT12	38636	NUDT12-201	MANE
NUDT14	38639	NUDT14-202	MANE
NUDT15	38641	NUDT15-201	MANE
NUDT16	38643	NUDT16-202	MANE
NUDT16-DT			no_CDS
NUDT16L1	38647	NUDT16L1-201	MANE
NUDT17	38648	NUDT17-201	MANE
NUDT18	38649	NUDT18-201	MANE
NUDT19	38651	NUDT19-201	MANE
NUDT2	38652	NUDT2-203	MANE
NUDT21	38656	NUDT21-201	MANE
NUDT22	38661	NUDT22-201	MANE
NUDT3	38663	NUDT3-201	MANE
NUDT4	38667	NUDT4-202	MANE
NUDT4B	38669	NUDT4B-201	MANE
NUDT5	38672	NUDT5-207	MANE
NUDT6	38673	NUDT6-201	MANE
NUDT7	38677	NUDT7-201	MANE
NUDT8	38678	NUDT8-201	longest_CDS
NUDT9	38679	NUDT9-201	MANE
NUF2	38682	NUF2-201	MANE
NUFIP1	38683	NUFIP1-201	MANE
NUFIP2	38685	NUFIP2-201	MANE
NUMA1	38687	NUMA1-205	MANE
NUMB	38701	NUMB-215	longest_CDS
NUMBL	38707	NUMBL-201	MANE
NUP107	38709	NUP107-201	MANE
NUP133	38710	NUP133-201	MANE
NUP153	38712	NUP153-201	MANE
NUP153-AS1	38713	NUP153-AS1-201	Ensembl
NUP155	38717	NUP155-201	MANE
NUP160	38720	NUP160-212	longest_CDS
NUP188	38722	NUP188-201	MANE
NUP205	38723	NUP205-201	MANE
NUP210	38731	NUP210-201	MANE
NUP214	38740	NUP214-201	MANE
NUP35	38750	NUP35-201	MANE
NUP37	38752	NUP37-209	MANE
NUP42	38755	NUP42-201	MANE
NUP43	38759	NUP43-201	MANE
NUP50	38763	NUP50-201	MANE
NUP50-DT	38765	NUP50-DT-201	Ensembl
NUP54	38776	NUP54-201	MANE
NUP58	38779	NUP58-202	MANE
NUP62	38789	NUP62-201	MANE
NUP62CL	38794	NUP62CL-201	MANE
NUP85	38798	NUP85-201	MANE
NUP88	38803	NUP88-207	MANE
NUP93	38812	NUP93-201	MANE
NUP93-DT			no_CDS
NUP98	38819	NUP98-203	longest_CDS
NUPR1	38828	NUPR1-201	MANE
NUPR2	38829	NUPR2-201	MANE
NUS1	38830	NUS1-201	MANE
NUSAP1	38831	NUSAP1-202	longest_CDS
NUTF2	38832	NUTF2-201	MANE
NUTM2A-AS1	38843	NUTM2A-AS1-222	longest_CDS
NUTM2B-AS1	38848	NUTM2B-AS1-211	longest_CDS
NUTM2E	38849	NUTM2E-201	MANE
NVL	38851	NVL-201	MANE
NWD1	38855	NWD1-209	longest_CDS
NWD2	38856	NWD2-201	MANE
NXF1	38857	NXF1-201	MANE
NXN	38860	NXN-201	MANE
NXPE3	38861	NXPE3-201	MANE
NXPH1	38883	NXPH1-201	MANE
NXPH2	38886	NXPH2-201	MANE
NXPH3	38887	NXPH3-201	MANE
NXT1	38888	NXT1-201	MANE
NXT2	38889	NXT2-203	MANE
NYAP1	38890	NYAP1-201	MANE
NYAP2	38892	NYAP2-201	MANE
NYNRIN	38894	NYNRIN-201	MANE
OAF	38895	OAF-201	MANE
OARD1	38898	OARD1-202	MANE
OAS1	38900	OAS1-201	MANE
OAS2	38904	OAS2-202	MANE
OAS3	38909	OAS3-201	MANE
OASL	38914	OASL-201	MANE
OAT	38915	OAT-201	MANE
OAZ1	38918	OAZ1-211	Ensembl
OAZ2	38926	OAZ2-201	Ensembl
OBI1	38928	OBI1-201	MANE
OBI1-AS1			no_CDS
OBSCN	38930	OBSCN-201	longest_CDS
OBSL1	38936	OBSL1-204	MANE
OCA2	38943	OCA2-202	MANE
OCEL1	38946	OCEL1-201	MANE
OCIAD1	38955	OCIAD1-201	MANE
OCIAD2	38957	OCIAD2-205	MANE
OCLN	38961	OCLN-202	MANE
OCRL	38964	OCRL-202	MANE
ODAD1	38966	ODAD1-202	longest_CDS
ODAD3	38969	ODAD3-201	MANE
ODAD4	38970	ODAD4-201	MANE
ODC1	38971	ODC1-201	MANE
ODC1-DT	38972	ODC1-DT-203	Ensembl
ODF2	38977	ODF2-201	MANE
ODF2L	38979	ODF2L-206	MANE
ODR4	38992	ODR4-201	MANE
OFD1	38998	OFD1-201	MANE
OGA	39013	OGA-202	MANE
OGDH	39016	OGDH-201	MANE
OGDHL	39019	OGDHL-201	MANE
OGFOD1	39022	OGFOD1-207	MANE
OGFOD2	39024	OGFOD2-201	MANE
OGFOD3	39026	OGFOD3-201	MANE
OGFR	39030	OGFR-201	MANE
OGFRL1	39031	OGFRL1-201	MANE
OGG1	39038	OGG1-205	MANE
OGN	39039	OGN-201	longest_CDS
OGT	39042	OGT-202	MANE
OIP5	39053	OIP5-201	MANE
OIP5-AS1			no_CDS
OLA1	39069	OLA1-201	MANE
OLFM1	39073	OLFM1-204	MANE
OLFM2	39076	OLFM2-201	MANE
OLFM3	39078	OLFM3-202	MANE
OLFM4	39080	OLFM4-201	MANE
OLFML1	39081	OLFML1-201	MANE
OLFML2B	39085	OLFML2B-201	MANE
OLFML3	39088	OLFML3-201	MANE
OLIG1	39091	OLIG1-201	MANE
OLIG2	39092	OLIG2-202	MANE
OLMALINC	39095	OLMALINC-213	longest_CDS
OLR1	39105	OLR1-201	MANE
OMA1	39107	OMA1-201	MANE
OMD	39108	OMD-201	MANE
OMG	39109	OMG-201	MANE
ONECUT1	39113	ONECUT1-201	MANE
ONECUT2	39114	ONECUT2-202	MANE
OPA1	39117	OPA1-202	MANE
OPA3	39129	OPA3-201	MANE
OPALIN	39132	OPALIN-201	MANE
OPCML	39138	OPCML-207	longest_CDS
OPHN1	39145	OPHN1-201	MANE
OPLAH	39152	OPLAH-204	MANE
OPN3	39156	OPN3-201	MANE
OPN4	39157	OPN4-202	longest_CDS
OPRD1	39158	OPRD1-201	MANE
OPRK1	39159	OPRK1-202	longest_CDS
OPRL1	39160	OPRL1-202	longest_CDS
OPRM1	39163	OPRM1-202	MANE
OPTN	39165	OPTN-202	MANE
OR14I1	39171	OR14I1-201	Ensembl
OR1L8	39172	OR1L8-201	MANE
OR2AK2	39173	OR2AK2-201	MANE
OR2C1	39174	OR2C1-201	MANE
OR2D3	39175	OR2D3-201	MANE
OR2H2	39176	OR2H2-201	longest_CDS
OR2L13			no_CDS
OR2L2	39179	OR2L2-201	longest_CDS
OR2L8	39182	OR2L8-201	MANE
OR3A2	39183	OR3A2-204	longest_CDS
OR6V1	39184	OR6V1-201	MANE
OR7A5	39186	OR7A5-201	MANE
ORAI1	39187	ORAI1-203	longest_CDS
ORAI2	39188	ORAI2-207	MANE
ORAI3	39192	ORAI3-201	MANE
ORC1	39193	transcript100281.chr1.nic	longest_CDS
ORC2	39195	ORC2-201	MANE
ORC3	39196	ORC3-202	MANE
ORC4	39202	ORC4-202	MANE
ORC5	39205	ORC5-201	MANE
ORC6	39207	ORC6-201	MANE
ORMDL1	39211	ORMDL1-202	MANE
ORMDL2	39216	ORMDL2-201	MANE
ORMDL3	39218	ORMDL3-201	MANE
OS9	39228	OS9-202	MANE
OSBP	39240	OSBP-201	MANE
OSBP2	39242	OSBP2-201	MANE
OSBPL10	39250	OSBPL10-201	MANE
OSBPL11	39253	OSBPL11-201	MANE
OSBPL1A	39254	OSBPL1A-201	MANE
OSBPL2	39266	OSBPL2-201	MANE
OSBPL3	39270	OSBPL3-201	MANE
OSBPL5	39275	OSBPL5-201	MANE
OSBPL6	39280	OSBPL6-201	MANE
OSBPL7	39283	OSBPL7-201	MANE
OSBPL8	39289	OSBPL8-201	MANE
OSBPL9	39297	OSBPL9-203	MANE
OSCP1	39300	OSCP1-201	MANE
OSER1	39302	OSER1-201	MANE
OSER1-DT	39307	OSER1-DT-212	Ensembl
OSGEP	39314	OSGEP-201	MANE
OSGEPL1	39319	OSGEPL1-201	MANE
OSGIN1	39322	OSGIN1-203	MANE
OSGIN2	39323	OSGIN2-202	MANE
OSM	39325	OSM-201	MANE
OSMR	39331	OSMR-201	MANE
OSR1	39334	OSR1-201	MANE
OST4	39337	OST4-203	MANE
OSTC	39338	OSTC-201	MANE
OSTF1	39341	OSTF1-201	MANE
OSTM1	39352	OSTM1-201	MANE
OSTN	39354	OSTN-202	MANE
OTOAP1	39355	OTOAP1-202	Ensembl
OTOF	39356	OTOF-201	MANE
OTOGL	39358	OTOGL-203	MANE
OTUB1	39360	OTUB1-208	MANE
OTUB2	39364	OTUB2-201	MANE
OTUD1	39365	OTUD1-201	MANE
OTUD3	39366	OTUD3-201	MANE
OTUD4	39368	OTUD4-201	MANE
OTUD5	39369	OTUD5-202	MANE
OTUD6B	39373	OTUD6B-201	longest_CDS
OTUD6B-AS1	39379	OTUD6B-AS1-201	Ensembl
OTUD7A	39380	OTUD7A-201	MANE
OTUD7B	39385	OTUD7B-202	MANE
OTULIN	39389	OTULIN-201	MANE
OTULIN-DT	39391	OTULIN-DT-201	Ensembl
OTULINL	39392	OTULINL-201	MANE
OTX1	39393	OTX1-201	MANE
OVCA2	39394	OVCA2-201	MANE
OVCH1-AS1	39395	OVCH1-AS1-204	longest_CDS
OVGP1	39396	OVGP1-201	MANE
OVOL1	39397	OVOL1-201	MANE
OVOL2	39398	OVOL2-201	MANE
OXA1L	39402	OXA1L-212	MANE
OXA1L-DT			no_CDS
OXCT1	39404	OXCT1-201	MANE
OXCT1-AS1	39405	OXCT1-AS1-203	Ensembl
OXCT2	39406	OXCT2-201	MANE
OXGR1	39407	OXGR1-202	MANE
OXLD1	39409	OXLD1-201	MANE
OXNAD1	39416	OXNAD1-201	MANE
OXR1	39426	OXR1-209	MANE
OXSM	39428	OXSM-201	MANE
OXSR1	39431	OXSR1-201	MANE
OXTR	39433	OXTR-201	MANE
P2RX1	39434	P2RX1-201	MANE
P2RX4	39436	P2RX4-202	MANE
P2RX5	39438	P2RX5-201	MANE
P2RX6	39444	P2RX6-202	MANE
P2RX7	39449	P2RX7-202	MANE
P2RY1	39451	P2RY1-201	MANE
P2RY12	39452	P2RY12-201	MANE
P2RY13	39454	P2RY13-201	MANE
P2RY14	39456	P2RY14-201	MANE
P2RY2	39457	P2RY2-203	MANE
P2RY6	39458	P2RY6-213	longest_CDS
P3H1	39467	P3H1-202	MANE
P3H2	39470	P3H2-201	MANE
P3H2-AS1			no_CDS
P3H3	39472	P3H3-201	MANE
P3H4	39474	P3H4-201	APPRIS
P4HA1	39477	P4HA1-204	MANE
P4HA2	39487	P4HA2-202	MANE
P4HB	39520	P4HB-201	MANE
P4HTM	39523	P4HTM-202	MANE
PA2G4	39527	PA2G4-201	MANE
PAAF1	39534	PAAF1-201	MANE
PABIR1	39536	PABIR1-201	MANE
PABIR2	39540	PABIR2-202	MANE
PABIR3			no_CDS
PABPC1	39547	PABPC1-201	MANE
PABPC1L	39556	PABPC1L-216	longest_CDS
PABPC1L2A	39557	PABPC1L2A-201	MANE
PABPC1L2B	39558	PABPC1L2B-201	MANE
PABPC3	39559	PABPC3-201	MANE
PABPC4	39562	PABPC4-203	MANE
PABPC5	39572	PABPC5-201	MANE
PABPN1	39573	PABPN1-201	MANE
PACC1	39578	PACC1-201	MANE
PACERR	39579	PACERR-201	Ensembl
PACRG	39580	PACRG-202	MANE
PACRG-AS1	39582	PACRG-AS1-203	Ensembl
PACRG-AS3	39587	PACRG-AS3-224	Ensembl
PACRGL	39594	PACRGL-208	MANE
PACS1	39599	PACS1-201	MANE
PACS2	39600	PACS2-203	MANE
PACSIN1	39614	PACSIN1-207	APPRIS
PACSIN2	39619	PACSIN2-201	MANE
PACSIN3	39620	PACSIN3-201	MANE
PADI2	39624	PADI2-202	MANE
PADI4	39626	PADI4-201	MANE
PAF1	39627	PAF1-201	MANE
PAFAH1B1	39631	PAFAH1B1-202	MANE
PAFAH1B2	39640	PAFAH1B2-204	MANE
PAFAH1B3	39641	PAFAH1B3-201	MANE
PAFAH2	39643	PAFAH2-201	MANE
PAG1	39645	PAG1-201	MANE
PAGR1	39646	PAGR1-201	MANE
PAH	39647	transcript147362.chr12.nic	longest_CDS
PAICS	39649	PAICS-207	MANE
PAIP1	39654	PAIP1-201	MANE
PAIP2	39655	PAIP2-201	MANE
PAIP2B	39658	PAIP2B-201	MANE
PAK1	39659	PAK1-202	MANE
PAK1IP1	39661	PAK1IP1-201	MANE
PAK2	39662	PAK2-201	MANE
PAK3	39665	PAK3-203	MANE
PAK4	39670	PAK4-203	MANE
PAK5	39672	PAK5-201	MANE
PAK6	39676	PAK6-216	MANE
PALB2	39682	PALB2-201	MANE
PALD1	39690	PALD1-201	MANE
PALLD	39696	PALLD-215	longest_CDS
PALM	39698	PALM-201	longest_CDS
PALM2AKAP2	39705	PALM2AKAP2-205	MANE
PALM3	39708	PALM3-203	longest_CDS
PALMD	39715	PALMD-201	MANE
PALS1	39716	PALS1-201	MANE
PALS2	39726	PALS2-201	MANE
PAM	39737	PAM-206	MANE
PAM16	39745	PAM16-201	MANE
PAMR1	39746	PAMR1-206	MANE
PAN2	39751	PAN2-203	MANE
PAN3	39757	PAN3-201	MANE
PAN3-AS1	39758	PAN3-AS1-201	Ensembl
PANK1	39760	PANK1-201	MANE
PANK2	39762	PANK2-201	longest_CDS
PANK2-AS1	39765	PANK2-AS1-202	Ensembl
PANK3	39766	PANK3-201	MANE
PANK4	39769	PANK4-201	MANE
PANO1	39770	PANO1-201	Ensembl
PANTR1	39778	PANTR1-207	longest_CDS
PANX1	39780	PANX1-201	MANE
PANX2	39781	PANX2-202	MANE
PAOX	39782	PAOX-201	MANE
PAPLN	39786	PAPLN-212	MANE
PAPLN-AS1	39787	PAPLN-AS1-201	Ensembl
PAPOLA	39792	PAPOLA-201	MANE
PAPOLA-DT	39798	PAPOLA-DT-201	Ensembl
PAPOLB	39799	PAPOLB-201	MANE
PAPOLG	39801	PAPOLG-201	MANE
PAPPA	39804	PAPPA-201	MANE
PAPPA-AS1	39805	PAPPA-AS1-201	Ensembl
PAPPA2	39806	PAPPA2-202	MANE
PAPSS1	39809	PAPSS1-201	MANE
PAPSS2	39810	PAPSS2-201	longest_CDS
PAQR3	39812	PAQR3-209	MANE
PAQR4	39816	PAQR4-202	MANE
PAQR5	39817	transcript104543.chr15.nnic	longest_CDS
PAQR6	39824	PAQR6-201	MANE
PAQR7	39825	PAQR7-202	MANE
PAQR8	39828	PAQR8-202	MANE
PAQR9	39830	PAQR9-201	MANE
PARD3	39831	PARD3-214	longest_CDS
PARD3B	39836	PARD3B-204	MANE
PARD6A	39842	PARD6A-202	MANE
PARD6B	39843	PARD6B-201	MANE
PARD6G	39844	PARD6G-201	MANE
PARD6G-AS1			no_CDS
PARG	39848	PARG-207	MANE
PARK7	39849	PARK7-201	MANE
PARL	39852	PARL-202	MANE
PARM1	39858	PARM1-201	MANE
PARN	39872	PARN-203	MANE
PARP1	39877	PARP1-203	MANE
PARP10	39887	PARP10-201	MANE
PARP11	39890	PARP11-201	MANE
PARP12	39895	PARP12-201	MANE
PARP14	39898	PARP14-202	MANE
PARP16	39901	PARP16-206	MANE
PARP2	39902	PARP2-202	MANE
PARP3	39908	PARP3-201	MANE
PARP4	39909	PARP4-201	MANE
PARP6	39913	PARP6-220	MANE
PARP8	39921	PARP8-201	MANE
PARP9	39929	PARP9-208	MANE
PARPBP	39934	PARPBP-201	MANE
PARS2	39936	PARS2-201	MANE
PART1	39938	PART1-202	Ensembl
PARTICL	39941	PARTICL-201	Ensembl
PARVA	39945	PARVA-201	MANE
PARVB	39946	PARVB-201	MANE
PARVG	39948	PARVG-212	longest_CDS
PASK	39951	PASK-201	MANE
PATJ	39954	PATJ-202	longest_CDS
PATL1	39959	PATL1-201	MANE
PATZ1	39962	PATZ1-203	longest_CDS
PAWR	39963	PAWR-201	MANE
PAX6	39973	PAX6-268	MANE
PAX7	39981	PAX7-203	MANE
PAX8-AS1	39986	PAX8-AS1-202	Ensembl
PAXBP1	39991	PAXBP1-202	MANE
PAXBP1-AS1	39998	PAXBP1-AS1-213	longest_CDS
PAXIP1	40005	PAXIP1-201	MANE
PAXIP1-AS2	40011	PAXIP1-AS2-204	Ensembl
PAXIP1-DT	40013	PAXIP1-DT-201	Ensembl
PAXX	40016	PAXX-201	MANE
PBDC1	40018	PBDC1-202	MANE
PBLD	40020	PBLD-204	MANE
PBOV1	40022	PBOV1-201	MANE
PBRM1	40023	PBRM1-221	Ensembl
PBX1	40035	PBX1-203	MANE
PBX2	40039	PBX2-201	MANE
PBX3	40042	PBX3-204	MANE
PBX4	40043	PBX4-201	MANE
PBXIP1	40044	PBXIP1-202	MANE
PC	40048	PC-203	MANE
PCAT14	40049	transcript15969.chr22.nnic	longest_CDS
PCAT6	40050	PCAT6-205	Ensembl
PCBD1	40052	PCBD1-201	MANE
PCBD2	40053	PCBD2-201	MANE
PCBP1	40054	PCBP1-201	MANE
PCBP1-AS1	40080	PCBP1-AS1-424	longest_CDS
PCBP2	40085	PCBP2-207	MANE
PCBP3	40096	PCBP3-222	MANE
PCBP4	40103	PCBP4-205	MANE
PCCA	40105	PCCA-202	MANE
PCCA-DT			no_CDS
PCCB	40117	PCCB-201	MANE
PCDH1	40119	PCDH1-201	MANE
PCDH10	40121	PCDH10-201	MANE
PCDH10-DT	40126	PCDH10-DT-211	Ensembl
PCDH11X	40131	PCDH11X-209	MANE
PCDH11Y	40137	PCDH11Y-208	MANE
PCDH12	40140	PCDH12-201	MANE
PCDH15	40144	PCDH15-229	MANE
PCDH17	40147	PCDH17-201	MANE
PCDH18	40152	PCDH18-201	MANE
PCDH19	40153	PCDH19-202	MANE
PCDH20	40156	PCDH20-201	MANE
PCDH7	40157	PCDH7-209	MANE
PCDH8	40166	PCDH8-202	MANE
PCDH9	40170	PCDH9-204	APPRIS
PCDHA1	40175	PCDHA1-203	MANE
PCDHA10	40177	PCDHA10-201	MANE
PCDHA11	40179	PCDHA11-201	MANE
PCDHA12	40181	PCDHA12-201	MANE
PCDHA13	40183	PCDHA13-201	MANE
PCDHA2	40186	PCDHA2-203	MANE
PCDHA3	40188	PCDHA3-201	MANE
PCDHA4	40190	PCDHA4-202	MANE
PCDHA5	40195	PCDHA5-202	MANE
PCDHA6	40198	PCDHA6-203	MANE
PCDHA7	40200	PCDHA7-202	MANE
PCDHA8	40201	PCDHA8-202	MANE
PCDHA9	40203	PCDHA9-202	MANE
PCDHAC1	40206	PCDHAC1-201	MANE
PCDHAC2	40208	PCDHAC2-201	MANE
PCDHB1	40209	PCDHB1-201	MANE
PCDHB1-AS1			no_CDS
PCDHB10	40211	PCDHB10-201	MANE
PCDHB11	40212	PCDHB11-201	MANE
PCDHB12	40213	PCDHB12-201	MANE
PCDHB13	40216	PCDHB13-201	MANE
PCDHB14	40217	PCDHB14-201	MANE
PCDHB15	40218	PCDHB15-201	MANE
PCDHB16	40220	PCDHB16-201	MANE
PCDHB18P	40221	PCDHB18P-202	Ensembl
PCDHB2	40223	PCDHB2-201	MANE
PCDHB3	40225	PCDHB3-201	MANE
PCDHB4	40227	PCDHB4-201	MANE
PCDHB5	40228	PCDHB5-201	MANE
PCDHB6	40229	PCDHB6-201	MANE
PCDHB7	40230	PCDHB7-201	MANE
PCDHB8	40231	PCDHB8-201	MANE
PCDHB9	40233	PCDHB9-201	MANE
PCDHGA1	40234	PCDHGA1-201	longest_CDS
PCDHGA10	40235	PCDHGA10-201	MANE
PCDHGA11	40237	PCDHGA11-201	MANE
PCDHGA12	40239	PCDHGA12-201	MANE
PCDHGA2	40241	PCDHGA2-201	MANE
PCDHGA3	40244	PCDHGA3-201	MANE
PCDHGA4	40247	PCDHGA4-201	MANE
PCDHGA5	40250	PCDHGA5-201	MANE
PCDHGA6	40251	PCDHGA6-201	MANE
PCDHGA7	40253	PCDHGA7-201	MANE
PCDHGA8	40255	PCDHGA8-202	longest_CDS
PCDHGA9	40257	PCDHGA9-201	MANE
PCDHGB1	40259	PCDHGB1-201	MANE
PCDHGB2	40260	PCDHGB2-201	MANE
PCDHGB3	40261	PCDHGB3-202	longest_CDS
PCDHGB4	40262	PCDHGB4-201	MANE
PCDHGB5	40265	PCDHGB5-201	MANE
PCDHGB6	40267	PCDHGB6-201	MANE
PCDHGB7	40269	PCDHGB7-201	MANE
PCDHGC3	40272	PCDHGC3-201	MANE
PCDHGC4	40275	PCDHGC4-201	MANE
PCDHGC5	40277	PCDHGC5-201	MANE
PCED1A	40281	PCED1A-202	MANE
PCED1B	40282	PCED1B-202	MANE
PCED1B-AS1	40284	transcript64889.chr12.nnic	longest_CDS
PCF11	40291	PCF11-208	MANE
PCF11-AS1	40292	PCF11-AS1-201	Ensembl
PCGF1	40294	PCGF1-201	MANE
PCGF3	40295	PCGF3-201	MANE
PCGF3-AS1	40306	PCGF3-AS1-206	Ensembl
PCGF5	40309	PCGF5-201	MANE
PCGF6	40316	PCGF6-202	MANE
PCID2	40328	PCID2-202	MANE
PCIF1	40329	PCIF1-201	MANE
PCK1	40332	PCK1-201	MANE
PCK2	40334	PCK2-201	MANE
PCLAF	40337	PCLAF-201	MANE
PCLO	40339	PCLO-201	MANE
PCM1	40346	PCM1-201	MANE
PCMT1	40356	PCMT1-205	MANE
PCMTD1	40363	PCMTD1-207	MANE
PCMTD1-DT	40364	PCMTD1-DT-205	Ensembl
PCMTD2	40371	PCMTD2-203	MANE
PCNA	40373	PCNA-201	MANE
PCNP	40377	PCNP-201	MANE
PCNT	40378	PCNT-201	MANE
PCNX1	40395	PCNX1-201	MANE
PCNX2	40402	PCNX2-201	MANE
PCNX3	40406	PCNX3-201	MANE
PCNX4	40408	PCNX4-203	MANE
PCOLCE	40414	PCOLCE-201	MANE
PCOLCE2	40417	PCOLCE2-201	MANE
PCP4	40418	PCP4-201	MANE
PCP4L1	40419	PCP4L1-201	MANE
PCSK1	40420	PCSK1-201	MANE
PCSK1N	40421	PCSK1N-201	MANE
PCSK2	40424	PCSK2-201	MANE
PCSK4	40426	PCSK4-201	MANE
PCSK5	40429	PCSK5-205	longest_CDS
PCSK6	40430	PCSK6-214	MANE
PCSK7	40442	PCSK7-201	MANE
PCTP	40443	PCTP-201	MANE
PCYOX1	40447	PCYOX1-204	MANE
PCYOX1L	40449	PCYOX1L-201	MANE
PCYT1A	40454	PCYT1A-206	MANE
PCYT1B	40458	PCYT1B-202	MANE
PCYT2	40459	PCYT2-203	MANE
PDAP1	40464	PDAP1-201	MANE
PDC-AS1	40466	PDC-AS1-203	Ensembl
PDCD10	40472	PDCD10-201	MANE
PDCD11	40474	PDCD11-201	MANE
PDCD1LG2	40478	PDCD1LG2-201	MANE
PDCD2	40481	PDCD2-208	MANE
PDCD2L	40485	PDCD2L-201	MANE
PDCD4	40487	PDCD4-201	MANE
PDCD5	40491	PDCD5-207	MANE
PDCD6	40496	PDCD6-201	MANE
PDCD6IP	40502	PDCD6IP-201	MANE
PDCD7	40504	PDCD7-201	MANE
PDCL	40505	PDCL-201	MANE
PDCL3	40506	PDCL3-201	MANE
PDE10A	40508	PDE10A-213	longest_CDS
PDE11A	40514	PDE11A-201	MANE
PDE12	40516	PDE12-201	MANE
PDE1A	40519	PDE1A-205	longest_CDS
PDE1B	40523	PDE1B-201	MANE
PDE1C	40527	PDE1C-205	MANE
PDE2A	40531	PDE2A-201	MANE
PDE3A	40536	PDE3A-201	MANE
PDE3B	40537	PDE3B-201	MANE
PDE4A	40540	PDE4A-203	MANE
PDE4B	40546	PDE4B-202	MANE
PDE4C	40548	PDE4C-206	longest_CDS
PDE4D	40549	PDE4D-227	longest_CDS
PDE4DIP	40561	PDE4DIP-261	longest_CDS
PDE5A	40582	PDE5A-201	APPRIS
PDE6B	40585	PDE6B-212	MANE
PDE6B-AS1	40590	PDE6B-AS1-201	Ensembl
PDE6D	40593	PDE6D-201	MANE
PDE7A	40596	PDE7A-203	MANE
PDE7A-DT	40598	PDE7A-DT-201	Ensembl
PDE7B	40601	PDE7B-201	MANE
PDE8A	40607	PDE8A-203	MANE
PDE8B	40610	PDE8B-201	MANE
PDE9A	40614	PDE9A-204	APPRIS
PDF	40616	PDF-201	MANE
PDGFA	40617	PDGFA-203	MANE
PDGFA-DT	40619	PDGFA-DT-201	longest_CDS
PDGFB	40620	PDGFB-201	MANE
PDGFC	40623	PDGFC-203	MANE
PDGFD	40624	PDGFD-202	MANE
PDGFRA	40627	PDGFRA-201	MANE
PDGFRB	40633	PDGFRB-201	MANE
PDGFRL	40636	PDGFRL-203	APPRIS
PDHA1	40650	PDHA1-205	MANE
PDHB	40652	PDHB-201	MANE
PDHX	40657	PDHX-201	MANE
PDIA2	40660	PDIA2-201	MANE
PDIA3	40674	PDIA3-201	MANE
PDIA4	40677	PDIA4-204	MANE
PDIA5	40681	PDIA5-201	MANE
PDIA6	40686	PDIA6-201	MANE
PDIK1L	40689	PDIK1L-201	MANE
PDK1	40691	PDK1-201	MANE
PDK2	40696	PDK2-203	MANE
PDK3	40703	PDK3-201	MANE
PDK4	40704	PDK4-201	MANE
PDK4-AS1	40707	PDK4-AS1-209	Ensembl
PDLIM1	40711	PDLIM1-201	MANE
PDLIM2	40716	PDLIM2-202	longest_CDS
PDLIM3	40717	PDLIM3-203	longest_CDS
PDLIM4	40721	PDLIM4-201	MANE
PDLIM5	40727	PDLIM5-201	MANE
PDLIM7	40732	PDLIM7-201	longest_CDS
PDP1	40737	PDP1-201	MANE
PDP2	40738	PDP2-201	MANE
PDPK1	40744	PDPK1-202	MANE
PDPN	40747	PDPN-201	longest_CDS
PDPR	40749	PDPR-201	MANE
PDRG1	40750	PDRG1-201	MANE
PDS5A	40752	PDS5A-201	MANE
PDS5B	40758	PDS5B-201	MANE
PDSS1	40762	PDSS1-201	MANE
PDSS2	40764	PDSS2-202	MANE
PDXDC1	40770	PDXDC1-201	MANE
PDXK	40773	PDXK-201	MANE
PDXP	40774	PDXP-201	MANE
PDYN	40776	PDYN-201	MANE
PDZD11	40779	PDZD11-201	MANE
PDZD2	40784	PDZD2-202	MANE
PDZD4	40787	PDZD4-209	longest_CDS
PDZD7	40792	PDZD7-204	MANE
PDZD8	40793	PDZD8-201	MANE
PDZRN3	40798	PDZRN3-201	MANE
PDZRN4	40805	PDZRN4-202	MANE
PEA15	40808	PEA15-201	MANE
PEAK1	40816	PEAK1-213	MANE
PEBP1	40822	PEBP1-201	MANE
PECAM1	40823	PECAM1-203	MANE
PECR	40825	PECR-201	MANE
PEDS1	40827	PEDS1-202	MANE
PEF1	40829	PEF1-201	MANE
PEG10	40832	transcript134440.chr7.nnic	longest_CDS
PEG13	40835	PEG13-202	Ensembl
PEG3	40849	PEG3-201	MANE
PELATON			no_CDS
PELI1	40851	PELI1-201	MANE
PELI3	40855	PELI3-201	MANE
PELO	40856	PELO-201	MANE
PELP1	40857	PELP1-208	MANE
PEMT	40860	PEMT-201	MANE
PENK	40861	PENK-202	MANE
PENK-AS1			no_CDS
PEPD	40868	PEPD-201	MANE
PER1	40875	PER1-201	MANE
PER2	40881	PER2-206	longest_CDS
PER3	40887	PER3-202	MANE
PERP	40890	PERP-201	MANE
PES1	40891	PES1-202	MANE
PET100	40893	PET100-202	MANE
PET117	40895	PET117-201	MANE
PEX1	40897	PEX1-201	MANE
PEX10	40899	PEX10-202	MANE
PEX11A	40902	PEX11A-201	MANE
PEX11B	40903	PEX11B-201	MANE
PEX11G	40905	PEX11G-201	MANE
PEX12	40908	PEX12-201	MANE
PEX13	40911	PEX13-201	MANE
PEX14	40913	PEX14-201	MANE
PEX16	40915	PEX16-202	MANE
PEX19	40917	PEX19-201	MANE
PEX2	40921	PEX2-201	MANE
PEX26	40926	PEX26-202	MANE
PEX3	40928	PEX3-201	MANE
PEX5	40930	PEX5-221	MANE
PEX5L	40936	PEX5L-208	MANE
PEX6	40945	PEX6-202	MANE
PEX7	40946	PEX7-201	MANE
PFAS	40948	PFAS-201	MANE
PFDN1	40950	PFDN1-201	MANE
PFDN2	40952	PFDN2-201	MANE
PFDN4	40955	PFDN4-201	MANE
PFDN5	40963	PFDN5-214	APPRIS
PFDN6	40966	PFDN6-201	MANE
PFKFB2	40968	PFKFB2-202	MANE
PFKFB3	40975	PFKFB3-203	MANE
PFKFB4	40977	PFKFB4-201	MANE
PFKL	40985	PFKL-201	MANE
PFKM	40990	PFKM-203	MANE
PFKP	40996	PFKP-203	MANE
PFN1	40997	PFN1-201	MANE
PFN2	41000	PFN2-201	MANE
PGA4	41001	PGA4-208	longest_CDS
PGAM1	41002	PGAM1-201	MANE
PGAM2	41003	PGAM2-201	MANE
PGAM5	41004	PGAM5-203	MANE
PGAP1	41005	PGAP1-201	MANE
PGAP2	41014	PGAP2-201	MANE
PGAP3	41017	PGAP3-201	MANE
PGAP4	41018	PGAP4-202	MANE
PGAP6	41020	PGAP6-204	MANE
PGBD1	41021	PGBD1-202	MANE
PGBD2	41023	PGBD2-201	MANE
PGBD4	41025	PGBD4-201	MANE
PGBD5	41027	PGBD5-201	MANE
PGD	41028	PGD-201	MANE
PGF	41029	PGF-206	MANE
PGGHG	41033	PGGHG-203	MANE
PGGT1B	41035	PGGT1B-203	MANE
PGK1	41037	PGK1-201	MANE
PGLS	41039	PGLS-201	MANE
PGLS-DT			no_CDS
PGM1	41043	PGM1-202	MANE
PGM2	41044	PGM2-201	MANE
PGM2L1	41045	PGM2L1-201	MANE
PGM3	41061	PGM3-212	MANE
PGM5	41070	PGM5-202	MANE
PGM5P2	41071	PGM5P2-202	Ensembl
PGP	41074	PGP-201	MANE
PGPEP1	41075	PGPEP1-202	MANE
PGR	41076	PGR-202	MANE
PGRMC1	41078	PGRMC1-201	MANE
PGRMC2			no_CDS
PGS1	41083	PGS1-201	MANE
PHACTR1	41097	PHACTR1-214	longest_CDS
PHACTR2	41102	PHACTR2-208	MANE
PHACTR3	41108	PHACTR3-204	MANE
PHACTR3-AS1	41115	PHACTR3-AS1-204	Ensembl
PHACTR4	41118	PHACTR4-202	MANE
PHAF1	41124	PHAF1-201	MANE
PHAX	41125	PHAX-201	MANE
PHB1	41136	PHB1-201	MANE
PHB2	41138	PHB2-203	MANE
PHC1	41144	PHC1-214	MANE
PHC2	41148	PHC2-212	MANE
PHC3	41154	PHC3-215	MANE
PHETA1	41160	PHETA1-206	MANE
PHETA2	41161	PHETA2-201	MANE
PHEX	41162	PHEX-201	MANE
PHF1	41165	PHF1-202	MANE
PHF10	41166	PHF10-202	longest_CDS
PHF11	41168	PHF11-202	MANE
PHF12	41172	PHF12-202	MANE
PHF13	41174	PHF13-201	MANE
PHF14	41178	PHF14-215	MANE
PHF19	41182	transcript195660.chr9.nnic	longest_CDS
PHF2	41183	PHF2-201	MANE
PHF20	41189	PHF20-203	MANE
PHF20L1	41201	PHF20L1-209	MANE
PHF21A	41218	PHF21A-222	MANE
PHF21B	41219	PHF21B-202	longest_CDS
PHF23	41220	PHF23-201	MANE
PHF24	41222	PHF24-201	MANE
PHF3	41225	PHF3-201	MANE
PHF5A	41231	PHF5A-201	MANE
PHF6	41235	PHF6-204	MANE
PHF7			no_CDS
PHF8	41244	PHF8-202	MANE
PHGDH	41257	PHGDH-208	MANE
PHIP	41259	PHIP-201	MANE
PHKA1	41267	PHKA1-201	longest_CDS
PHKA2	41269	PHKA2-201	MANE
PHKB	41275	PHKB-208	APPRIS
PHKG1	41280	PHKG1-201	MANE
PHKG2	41284	PHKG2-204	MANE
PHLDA1	41285	PHLDA1-201	Ensembl
PHLDA2	41286	PHLDA2-201	MANE
PHLDA3	41287	PHLDA3-202	MANE
PHLDB1	41300	PHLDB1-222	MANE
PHLDB2	41308	PHLDB2-204	MANE
PHLDB3	41309	PHLDB3-201	MANE
PHLPP1	41312	PHLPP1-201	MANE
PHLPP2	41315	PHLPP2-206	MANE
PHOSPHO1	41317	transcript89430.chr17.nnic	longest_CDS
PHOSPHO2	41319	PHOSPHO2-201	MANE
PHPT1	41320	PHPT1-201	MANE
PHRF1	41324	PHRF1-201	MANE
PHTF1	41332	PHTF1-204	MANE
PHTF2	41338	PHTF2-205	Ensembl
PHYH	41339	PHYH-201	MANE
PHYHD1	41340	PHYHD1-203	MANE
PHYHIP	41342	PHYHIP-202	MANE
PHYHIPL	41345	PHYHIPL-202	MANE
PHYKPL	41350	PHYKPL-201	MANE
PI16	41356	transcript50205.chr6.nic	longest_CDS
PI4K2A	41357	PI4K2A-201	MANE
PI4K2B	41359	PI4K2B-201	MANE
PI4KA	41361	PI4KA-201	MANE
PI4KAP1	41367	PI4KAP1-203	Ensembl
PI4KB	41380	PI4KB-202	MANE
PIANP	41381	PIANP-202	MANE
PIAS1	41385	PIAS1-201	MANE
PIAS2	41392	PIAS2-204	MANE
PIAS3	41396	PIAS3-203	MANE
PIAS4	41398	PIAS4-201	MANE
PIBF1	41399	PIBF1-201	MANE
PICALM	41402	PICALM-202	MANE
PICART1	41406	PICART1-202	longest_CDS
PICK1	41408	PICK1-201	MANE
PID1	41412	PID1-203	MANE
PIDD1	41419	PIDD1-201	MANE
PIERCE1	41422	PIERCE1-205	MANE
PIERCE2	41423	PIERCE2-201	MANE
PIEZO1	41424	PIEZO1-201	MANE
PIEZO2	41432	PIEZO2-216	MANE
PIF1	41434	PIF1-208	longest_CDS
PIFO	41435	PIFO-202	MANE
PIGA	41439	PIGA-201	MANE
PIGB	41442	PIGB-201	MANE
PIGBOS1	41444	PIGBOS1-201	MANE
PIGC	41445	PIGC-201	MANE
PIGF	41447	PIGF-201	MANE
PIGG	41455	PIGG-203	MANE
PIGH	41458	PIGH-201	MANE
PIGK	41461	PIGK-202	MANE
PIGL	41469	PIGL-201	MANE
PIGM	41470	PIGM-201	MANE
PIGN	41471	PIGN-245	MANE
PIGO	41488	PIGO-203	MANE
PIGP	41495	PIGP-202	MANE
PIGQ	41498	PIGQ-203	MANE
PIGS	41510	PIGS-202	MANE
PIGT	41519	PIGT-202	MANE
PIGU	41533	PIGU-201	MANE
PIGV	41540	PIGV-206	MANE
PIGW	41545	PIGW-204	MANE
PIGX	41546	PIGX-202	MANE
PIGZ	41549	PIGZ-202	MANE
PIH1D1	41551	PIH1D1-201	MANE
PIH1D2	41552	PIH1D2-209	longest_CDS
PIK3AP1	41555	PIK3AP1-201	MANE
PIK3C2A	41556	PIK3C2A-206	MANE
PIK3C2B	41560	PIK3C2B-210	MANE
PIK3C2G	41563	PIK3C2G-205	MANE
PIK3C3	41566	PIK3C3-201	MANE
PIK3CA	41575	PIK3CA-201	MANE
PIK3CB	41579	PIK3CB-214	MANE
PIK3CD	41581	PIK3CD-202	MANE
PIK3CG	41588	PIK3CG-205	MANE
PIK3IP1	41589	PIK3IP1-201	MANE
PIK3R1	41613	PIK3R1-211	MANE
PIK3R2	41615	PIK3R2-201	MANE
PIK3R3	41618	PIK3R3-201	MANE
PIK3R4	41619	PIK3R4-201	MANE
PIK3R5			no_CDS
PIK3R6	41621	PIK3R6-203	MANE
PIKFYVE	41629	PIKFYVE-201	MANE
PILRA	41632	PILRA-201	MANE
PILRB	41634	PILRB-213	MANE
PIM1	41639	PIM1-201	MANE
PIM2	41641	transcript52356.chrX.nnic	longest_CDS
PIM3	41643	PIM3-201	MANE
PIN1	41645	PIN1-201	MANE
PIN4	41650	PIN4-209	longest_CDS
PINK1	41655	PINK1-201	MANE
PINLYP	41658	PINLYP-206	MANE
PINX1	41660	PINX1-201	MANE
PIP4K2A	41663	PIP4K2A-202	MANE
PIP4K2B	41667	PIP4K2B-204	MANE
PIP4K2C	41669	PIP4K2C-201	MANE
PIP4P1	41672	PIP4P1-201	MANE
PIP4P2	41674	PIP4P2-201	MANE
PIP5K1A	41679	PIP5K1A-202	MANE
PIP5K1B	41681	PIP5K1B-201	MANE
PIP5K1C	41685	PIP5K1C-201	MANE
PIP5KL1	41687	PIP5KL1-202	MANE
PIPOX	41688	PIPOX-201	MANE
PIR	41692	PIR-201	MANE
PIRT	41693	PIRT-201	MANE
PISD	41698	PISD-209	MANE
PITHD1	41701	PITHD1-201	MANE
PITPNA	41703	PITPNA-201	MANE
PITPNA-AS1	41704	PITPNA-AS1-201	Ensembl
PITPNB	41707	PITPNB-202	MANE
PITPNC1	41709	PITPNC1-203	MANE
PITPNM1	41712	PITPNM1-201	MANE
PITPNM2	41716	PITPNM2-202	MANE
PITPNM3	41718	PITPNM3-201	MANE
PITRM1	41721	PITRM1-201	MANE
PIWIL2	41733	PIWIL2-201	MANE
PIWIL4	41735	PIWIL4-201	MANE
PJA1	41739	PJA1-202	MANE
PJA2	41741	PJA2-201	MANE
PJVK	41744	PJVK-211	MANE
PKD1	41749	PKD1-201	MANE
PKD1L1	41754	PKD1L1-206	longest_CDS
PKD1L2	41757	PKD1L2-202	Ensembl
PKD2	41763	PKD2-201	MANE
PKD2L1	41765	PKD2L1-201	MANE
PKD2L2-DT	41768	PKD2L2-DT-202	Ensembl
PKDCC	41770	PKDCC-201	MANE
PKDREJ	41771	PKDREJ-201	MANE
PKHD1	41772	PKHD1-202	MANE
PKHD1L1	41773	PKHD1L1-201	MANE
PKIA	41776	PKIA-202	MANE
PKIB	41778	PKIB-205	MANE
PKIG	41784	PKIG-205	APPRIS
PKLR	41785	PKLR-201	MANE
PKM	41791	PKM-202	MANE
PKMYT1	41796	PKMYT1-201	MANE
PKN1	41799	PKN1-201	MANE
PKN2	41802	PKN2-203	MANE
PKNOX1	41807	PKNOX1-201	MANE
PKNOX2	41811	PKNOX2-201	MANE
PKP1	41812	PKP1-203	MANE
PKP2	41818	PKP2-202	MANE
PKP3	41820	PKP3-201	MANE
PKP4	41821	PKP4-202	MANE
PLA2G12A	41829	PLA2G12A-201	MANE
PLA2G15	41830	PLA2G15-201	MANE
PLA2G4A	41833	PLA2G4A-201	MANE
PLA2G4B	41834	PLA2G4B-201	APPRIS
PLA2G4C	41840	PLA2G4C-222	MANE
PLA2G4D	41841	PLA2G4D-201	MANE
PLA2G5	41842	PLA2G5-201	MANE
PLA2G6	41848	PLA2G6-201	MANE
PLA2G7	41850	PLA2G7-201	MANE
PLA2R1	41853	PLA2R1-201	MANE
PLAA	41856	PLAA-201	MANE
PLAAT1	41858	PLAAT1-203	longest_CDS
PLAAT3	41865	PLAAT3-203	MANE
PLAAT4	41867	PLAAT4-201	MANE
PLAAT5	41868	PLAAT5-206	MANE
PLAC4			no_CDS
PLAC8	41872	PLAC8-201	MANE
PLAC8L1	41873	PLAC8L1-201	MANE
PLAC9P1	41874	PLAC9P1-203	longest_CDS
PLAG1	41877	PLAG1-201	MANE
PLAGL1	41881	PLAGL1-202	APPRIS
PLAGL2	41883	PLAGL2-201	MANE
PLAT	41888	PLAT-201	MANE
PLAU	41890	PLAU-201	MANE
PLAUR	41892	PLAUR-203	MANE
PLB1	41893	PLB1-201	MANE
PLBD1	41895	PLBD1-201	MANE
PLBD1-AS1			no_CDS
PLBD2	41897	PLBD2-201	MANE
PLCB1	41898	PLCB1-201	MANE
PLCB2	41913	PLCB2-201	MANE
PLCB3	41916	PLCB3-201	MANE
PLCB4	41926	PLCB4-217	longest_CDS
PLCD1	41928	PLCD1-201	MANE
PLCD3	41931	PLCD3-212	MANE
PLCD4	41932	PLCD4-206	MANE
PLCE1	41945	PLCE1-202	MANE
PLCG1	41955	PLCG1-223	MANE
PLCG1-AS1			no_CDS
PLCG2	41961	PLCG2-206	MANE
PLCH1	41962	PLCH1-204	MANE
PLCH2	41965	PLCH2-203	MANE
PLCL1	41969	PLCL1-201	MANE
PLCL2	41972	PLCL2-204	MANE
PLCXD1	41974	PLCXD1-201	MANE
PLCXD2	41976	PLCXD2-205	MANE
PLCXD3	41977	PLCXD3-201	MANE
PLD1	41978	PLD1-201	MANE
PLD2	41982	PLD2-201	MANE
PLD3	41989	PLD3-207	MANE
PLD4	42002	PLD4-201	MANE
PLD5	42004	PLD5-208	MANE
PLD6	42010	PLD6-201	MANE
PLEC	42016	PLEC-202	MANE
PLEK	42019	PLEK-201	MANE
PLEKHA1	42024	PLEKHA1-203	MANE
PLEKHA2	42027	PLEKHA2-209	MANE
PLEKHA3	42028	PLEKHA3-201	MANE
PLEKHA5	42036	PLEKHA5-203	MANE
PLEKHA6	42064	PLEKHA6-201	MANE
PLEKHA7	42068	PLEKHA7-211	MANE
PLEKHA8	42070	PLEKHA8-205	MANE
PLEKHB1	42075	PLEKHB1-201	APPRIS
PLEKHB2	42078	PLEKHB2-212	MANE
PLEKHD1	42083	PLEKHD1-201	MANE
PLEKHF1	42084	PLEKHF1-201	MANE
PLEKHF2	42086	PLEKHF2-201	MANE
PLEKHG1	42088	PLEKHG1-209	MANE
PLEKHG2	42092	PLEKHG2-203	MANE
PLEKHG3	42093	PLEKHG3-201	MANE
PLEKHG4	42099	PLEKHG4-205	longest_CDS
PLEKHG5	42104	PLEKHG5-212	longest_CDS
PLEKHH1	42112	PLEKHH1-201	MANE
PLEKHH2	42116	PLEKHH2-201	MANE
PLEKHH3	42117	PLEKHH3-204	MANE
PLEKHJ1	42122	PLEKHJ1-201	MANE
PLEKHM1	42126	PLEKHM1-201	MANE
PLEKHM2	42130	PLEKHM2-202	MANE
PLEKHM3	42132	PLEKHM3-202	MANE
PLEKHO1	42134	PLEKHO1-201	MANE
PLEKHO2	42135	PLEKHO2-201	MANE
PLGLB1	42137	PLGLB1-201	MANE
PLGLB2	42140	PLGLB2-201	MANE
PLGRKT	42141	PLGRKT-201	MANE
PLIN2	42142	PLIN2-201	MANE
PLIN3	42144	PLIN3-201	MANE
PLIN4	42146	PLIN4-201	MANE
PLIN5	42147	PLIN5-201	MANE
PLK1	42150	PLK1-201	MANE
PLK2	42153	PLK2-201	MANE
PLK3	42157	PLK3-201	MANE
PLK4	42158	PLK4-201	MANE
PLK5	42160	PLK5-202	MANE
PLLP	42163	PLLP-201	MANE
PLN	42165	PLN-201	MANE
PLOD1	42166	PLOD1-201	MANE
PLOD2	42174	PLOD2-217	longest_CDS
PLOD3	42179	PLOD3-201	MANE
PLP1	42181	PLP1-223	MANE
PLP2	42186	PLP2-202	MANE
PLPBP	42189	PLPBP-201	MANE
PLPP1	42192	PLPP1-202	MANE
PLPP2	42195	PLPP2-203	MANE
PLPP3	42199	PLPP3-201	MANE
PLPP4	42201	PLPP4-202	MANE
PLPP5	42205	PLPP5-203	MANE
PLPP6	42207	PLPP6-201	MANE
PLPP7	42208	PLPP7-202	MANE
PLPPR1	42216	PLPPR1-201	MANE
PLPPR2	42217	PLPPR2-209	MANE
PLPPR3	42219	PLPPR3-204	MANE
PLPPR4	42221	PLPPR4-202	MANE
PLPPR5	42224	PLPPR5-201	MANE
PLPPR5-AS1	42225	PLPPR5-AS1-203	Ensembl
PLRG1	42229	PLRG1-202	MANE
PLS1	42233	PLS1-202	MANE
PLS3	42235	PLS3-202	MANE
PLSCR1	42244	PLSCR1-201	MANE
PLSCR3	42246	PLSCR3-213	MANE
PLSCR4	42252	PLSCR4-201	MANE
PLTP	42253	PLTP-203	MANE
PLVAP	42258	PLVAP-201	MANE
PLXDC1	42261	PLXDC1-201	MANE
PLXDC2	42263	PLXDC2-203	MANE
PLXNA1	42266	PLXNA1-201	MANE
PLXNA2	42267	PLXNA2-201	MANE
PLXNA3	42270	PLXNA3-201	MANE
PLXNA4	42272	PLXNA4-201	MANE
PLXNB1	42275	PLXNB1-201	MANE
PLXNB2	42281	PLXNB2-201	MANE
PLXNB3	42282	PLXNB3-201	MANE
PLXNC1	42286	PLXNC1-201	MANE
PLXND1	42293	PLXND1-201	MANE
PM20D2	42295	PM20D2-201	MANE
PMAIP1	42297	PMAIP1-202	MANE
PMEPA1	42300	PMEPA1-202	MANE
PMF1	42301	PMF1-202	MANE
PML	42303	PML-201	MANE
PMM1	42313	PMM1-201	MANE
PMM2	42318	PMM2-201	MANE
PMP2	42322	PMP2-201	MANE
PMP22	42332	PMP22-201	MANE
PMPCA	42342	PMPCA-201	MANE
PMPCB	42356	PMPCB-201	MANE
PMS1	42371	PMS1-213	MANE
PMS2	42392	PMS2-201	MANE
PMS2P3	42398	PMS2P3-206	longest_CDS
PMS2P4	42407	PMS2P4-220	longest_CDS
PMVK	42410	PMVK-201	MANE
PNCK	42411	PNCK-201	MANE
PNISR	42426	PNISR-201	MANE
PNISR-AS1	42428	PNISR-AS1-201	Ensembl
PNKD	42437	PNKD-203	MANE
PNKP	42443	PNKP-201	MANE
PNLDC1	42449	PNLDC1-202	MANE
PNMA1	42450	PNMA1-201	MANE
PNMA2	42452	PNMA2-204	MANE
PNMA3	42454	PNMA3-202	MANE
PNMA5	42457	PNMA5-204	MANE
PNMA6A	42461	PNMA6A-201	MANE
PNMA6F	42462	PNMA6F-201	MANE
PNMA8A	42464	PNMA8A-201	MANE
PNMA8B	42465	PNMA8B-202	MANE
PNMA8C	42466	PNMA8C-201	MANE
PNMT	42467	PNMT-201	MANE
PNN	42468	PNN-201	MANE
PNO1	42469	PNO1-201	MANE
PNOC	42471	PNOC-201	MANE
PNP	42472	PNP-208	longest_CDS
PNPLA1	42475	PNPLA1-202	longest_CDS
PNPLA2	42476	PNPLA2-201	MANE
PNPLA3	42477	PNPLA3-201	MANE
PNPLA4	42480	PNPLA4-201	MANE
PNPLA5	42481	PNPLA5-201	MANE
PNPLA6	42483	PNPLA6-220	MANE
PNPLA7	42487	PNPLA7-202	MANE
PNPLA8	42492	PNPLA8-201	MANE
PNPO	42498	PNPO-217	MANE
PNPT1	42500	PNPT1-205	MANE
PNRC1	42503	PNRC1-201	MANE
PNRC2	42504	PNRC2-201	MANE
POC1A	42505	POC1A-201	MANE
POC1B	42508	POC1B-201	MANE
POC1B-AS1	42512	POC1B-AS1-201	Ensembl
POC5	42518	POC5-202	MANE
PODN	42520	PODN-203	longest_CDS
PODXL	42522	PODXL-202	MANE
PODXL2	42524	PODXL2-201	MANE
POFUT1	42526	POFUT1-202	MANE
POFUT2	42529	POFUT2-203	MANE
POGK	42532	POGK-202	MANE
POGLUT1	42533	POGLUT1-201	MANE
POGLUT2	42536	POGLUT2-201	MANE
POGLUT3	42545	POGLUT3-201	MANE
POGZ	42549	POGZ-222	longest_CDS
POLA1	42557	POLA1-202	MANE
POLA2	42561	POLA2-201	MANE
POLB	42569	POLB-201	MANE
POLD1	42575	POLD1-201	MANE
POLD2	42582	POLD2-218	MANE
POLD3	42607	POLD3-201	MANE
POLD4	42610	POLD4-201	MANE
POLDIP2	42612	POLDIP2-201	MANE
POLDIP3	42613	POLDIP3-201	MANE
POLE	42625	POLE-201	MANE
POLE3	42626	POLE3-202	MANE
POLE4	42629	POLE4-205	MANE
POLG	42639	POLG-201	MANE
POLG2	42642	POLG2-201	MANE
POLH	42643	POLH-202	MANE
POLI	42645	POLI-208	MANE
POLK	42653	POLK-201	Ensembl
POLL	42661	POLL-205	APPRIS
POLM	42663	POLM-201	MANE
POLN	42669	POLN-210	MANE
POLQ	42670	POLQ-201	MANE
POLR1A	42675	POLR1A-201	MANE
POLR1B	42677	POLR1B-201	MANE
POLR1C	42682	POLR1C-210	MANE
POLR1D	42689	POLR1D-201	MANE
POLR1E	42690	POLR1E-202	MANE
POLR1F	42694	POLR1F-201	MANE
POLR1G	42696	POLR1G-201	MANE
POLR1H	42697	POLR1H-201	MANE
POLR2A	42700	POLR2A-209	longest_CDS
POLR2B	42706	POLR2B-202	APPRIS
POLR2C	42707	POLR2C-201	MANE
POLR2D	42708	POLR2D-201	MANE
POLR2E	42713	POLR2E-213	MANE
POLR2F	42717	POLR2F-205	MANE
POLR2G	42721	POLR2G-201	MANE
POLR2H	42724	POLR2H-208	MANE
POLR2I	42729	POLR2I-201	MANE
POLR2J	42736	POLR2J-201	MANE
POLR2J2	42737	POLR2J2-202	longest_CDS
POLR2J3	42738	POLR2J3-220	MANE
POLR2K	42742	POLR2K-201	MANE
POLR2L	42743	POLR2L-201	MANE
POLR2M	42744	POLR2M-201	MANE
POLR3A	42757	POLR3A-201	MANE
POLR3B	42758	POLR3B-201	MANE
POLR3C	42765	POLR3C-201	MANE
POLR3D	42769	POLR3D-201	MANE
POLR3E	42774	POLR3E-201	MANE
POLR3F	42778	POLR3F-201	MANE
POLR3G	42787	POLR3G-207	MANE
POLR3GL	42789	POLR3GL-202	MANE
POLR3H	42793	POLR3H-202	MANE
POLR3K	42798	POLR3K-201	MANE
POLRMT	42799	POLRMT-202	MANE
POM121	42802	POM121-202	MANE
POM121C	42806	POM121C-208	MANE
POM121L2	42808	POM121L2-202	MANE
POM121L9P	42809	POM121L9P-202	Ensembl
POMGNT1	42836	POMGNT1-201	MANE
POMGNT2	42842	POMGNT2-201	MANE
POMK	42843	POMK-201	MANE
POMP	42846	POMP-201	MANE
POMT1	42860	POMT1-204	MANE
POMT2	42874	POMT2-201	MANE
POMZP3	42875	POMZP3-202	MANE
PON2	42881	PON2-201	MANE
PON3	42884	transcript136662.chr7.nnic	longest_CDS
POP1	42887	POP1-202	MANE
POP4	42888	POP4-202	MANE
POP5	42892	POP5-202	MANE
POP7	42893	POP7-201	MANE
POPDC2	42894	POPDC2-208	MANE
POPDC3	42896	POPDC3-201	MANE
POR	42899	POR-218	MANE
PORCN	42907	PORCN-201	MANE
POSTN	42909	POSTN-203	MANE
POT1	42913	POT1-201	MANE
POT1-AS1	42917	POT1-AS1-221	longest_CDS
POU2AF3	42920	POU2AF3-202	longest_CDS
POU2F1	42924	POU2F1-204	MANE
POU2F1-DT	42926	POU2F1-DT-201	Ensembl
POU2F3			no_CDS
POU3F1	42928	POU3F1-201	MANE
POU3F2	42929	POU3F2-201	MANE
POU3F3	42930	POU3F3-201	MANE
POU3F4	42931	POU3F4-201	MANE
POU5F2	42932	POU5F2-201	MANE
POU6F1	42933	POU6F1-201	MANE
POU6F2	42938	POU6F2-207	MANE
PP12613	42941	PP12613-201	Ensembl
PP7080	42942	PP7080-201	longest_CDS
PPA1	42943	PPA1-202	MANE
PPA2	42946	PPA2-201	MANE
PPAN	42952	PPAN-201	MANE
PPARA	42954	PPARA-202	MANE
PPARD	42958	PPARD-203	MANE
PPARG	42963	PPARG-201	longest_CDS
PPARGC1A	42966	PPARGC1A-201	MANE
PPARGC1B	42974	PPARGC1B-201	MANE
PPAT	42976	PPAT-201	MANE
PPCDC	42979	PPCDC-201	MANE
PPCS	42982	PPCS-203	MANE
PPDPF	42986	PPDPF-202	MANE
PPEF1	42988	PPEF1-204	MANE
PPFIA1	42993	PPFIA1-201	MANE
PPFIA2	43000	PPFIA2-216	MANE
PPFIA3	43014	PPFIA3-201	MANE
PPFIA4	43020	PPFIA4-204	longest_CDS
PPFIBP1	43030	PPFIBP1-201	MANE
PPFIBP2	43037	PPFIBP2-201	MANE
PPHLN1	43044	PPHLN1-204	MANE
PPIA	43050	PPIA-204	MANE
PPIB	43056	PPIB-201	MANE
PPIC	43059	transcript153599.chr5.nnic	longest_CDS
PPID	43062	PPID-201	MANE
PPIE	43069	PPIE-201	MANE
PPIEL	43074	PPIEL-202	longest_CDS
PPIF	43077	PPIF-201	MANE
PPIG	43080	PPIG-201	MANE
PPIH	43101	PPIH-201	MANE
PPIL1	43103	PPIL1-201	MANE
PPIL2	43116	PPIL2-202	MANE
PPIL3	43124	PPIL3-202	MANE
PPIL4	43127	PPIL4-201	MANE
PPIL6	43130	PPIL6-207	MANE
PPIP5K1	43137	PPIP5K1-208	MANE
PPIP5K2	43144	PPIP5K2-202	MANE
PPL	43146	PPL-201	MANE
PPM1A	43149	PPM1A-203	MANE
PPM1B	43150	PPM1B-201	MANE
PPM1D	43157	PPM1D-201	MANE
PPM1E	43160	PPM1E-201	MANE
PPM1F	43161	PPM1F-201	MANE
PPM1F-AS1	43162	PPM1F-AS1-201	Ensembl
PPM1G	43164	PPM1G-201	MANE
PPM1H	43165	PPM1H-201	MANE
PPM1J	43166	PPM1J-201	MANE
PPM1K	43167	PPM1K-210	MANE
PPM1L	43173	PPM1L-205	MANE
PPM1L-DT	43179	PPM1L-DT-201	Ensembl
PPM1M	43181	PPM1M-202	MANE
PPM1N	43185	PPM1N-207	MANE
PPME1	43189	PPME1-201	MANE
PPOX	43192	PPOX-202	MANE
PPP1CA	43195	PPP1CA-203	MANE
PPP1CB	43204	PPP1CB-202	MANE
PPP1CC	43212	PPP1CC-201	MANE
PPP1R10	43215	PPP1R10-201	MANE
PPP1R11	43218	PPP1R11-205	MANE
PPP1R12A	43223	PPP1R12A-203	MANE
PPP1R12A-AS1	43229	transcript117626.chr12.nnic	longest_CDS
PPP1R12B	43234	PPP1R12B-216	MANE
PPP1R12C	43240	PPP1R12C-201	MANE
PPP1R13B	43242	PPP1R13B-201	MANE
PPP1R14A	43246	PPP1R14A-201	MANE
PPP1R14B	43248	PPP1R14B-201	MANE
PPP1R14C	43251	PPP1R14C-201	MANE
PPP1R15A	43252	PPP1R15A-201	MANE
PPP1R15B	43256	PPP1R15B-201	MANE
PPP1R16A	43261	PPP1R16A-202	MANE
PPP1R16B	43264	PPP1R16B-201	MANE
PPP1R17	43265	PPP1R17-201	MANE
PPP1R1A	43266	PPP1R1A-201	MANE
PPP1R1B	43269	PPP1R1B-201	MANE
PPP1R1C	43270	PPP1R1C-213	MANE
PPP1R2	43273	PPP1R2-206	MANE
PPP1R21	43277	PPP1R21-202	MANE
PPP1R21-DT	43279	PPP1R21-DT-201	Ensembl
PPP1R26	43281	PPP1R26-205	APPRIS
PPP1R26-AS1	43283	PPP1R26-AS1-206	Ensembl
PPP1R32	43284	transcript65612.chr11.nnic	longest_CDS
PPP1R35	43286	PPP1R35-201	MANE
PPP1R37	43288	PPP1R37-201	MANE
PPP1R3B	43290	PPP1R3B-201	MANE
PPP1R3C	43291	PPP1R3C-201	MANE
PPP1R3D	43292	PPP1R3D-201	MANE
PPP1R3E	43295	PPP1R3E-201	MANE
PPP1R3F	43297	PPP1R3F-201	MANE
PPP1R3G	43301	PPP1R3G-201	MANE
PPP1R7	43302	PPP1R7-201	MANE
PPP1R8	43309	PPP1R8-202	MANE
PPP1R9A	43317	PPP1R9A-206	MANE
PPP1R9A-AS1			no_CDS
PPP1R9B	43321	PPP1R9B-202	MANE
PPP2CA	43325	PPP2CA-203	MANE
PPP2CA-DT	43327	PPP2CA-DT-201	Ensembl
PPP2CB	43328	PPP2CB-201	MANE
PPP2R1A	43332	PPP2R1A-201	MANE
PPP2R1B	43334	PPP2R1B-206	MANE
PPP2R2A	43341	PPP2R2A-202	MANE
PPP2R2B	43347	PPP2R2B-203	MANE
PPP2R2C	43352	PPP2R2C-203	MANE
PPP2R2D	43354	PPP2R2D-201	MANE
PPP2R3A	43357	PPP2R3A-201	MANE
PPP2R3B	43359	PPP2R3B-202	MANE
PPP2R3C	43363	PPP2R3C-201	MANE
PPP2R5A	43366	PPP2R5A-201	MANE
PPP2R5B	43368	PPP2R5B-201	MANE
PPP2R5C	43375	PPP2R5C-233	MANE
PPP2R5D	43377	PPP2R5D-208	MANE
PPP2R5E	43382	PPP2R5E-201	MANE
PPP3CA	43386	PPP3CA-203	MANE
PPP3CB	43387	PPP3CB-202	MANE
PPP3CB-AS1			no_CDS
PPP3CC	43395	PPP3CC-201	MANE
PPP3R1	43396	PPP3R1-201	MANE
PPP3R2	43397	PPP3R2-201	MANE
PPP4C	43399	PPP4C-201	MANE
PPP4R1	43402	PPP4R1-203	MANE
PPP4R2	43409	transcript121708.chr3.nic	longest_CDS
PPP4R3A	43413	PPP4R3A-206	MANE
PPP4R3B	43418	PPP4R3B-206	MANE
PPP4R3B-DT	43420	PPP4R3B-DT-201	Ensembl
PPP4R4	43421	PPP4R4-201	MANE
PPP5C	43423	PPP5C-201	MANE
PPP5D1P	43425	PPP5D1P-208	Ensembl
PPP6C	43429	PPP6C-201	MANE
PPP6R1	43431	PPP6R1-201	MANE
PPP6R2	43439	PPP6R2-209	MANE
PPP6R3	43444	PPP6R3-203	MANE
PPRC1	43455	PPRC1-201	MANE
PPT1	43456	PPT1-219	MANE
PPT2	43463	PPT2-248	APPRIS
PPTC7	43466	PPTC7-201	MANE
PPWD1	43467	PPWD1-201	MANE
PQBP1	43477	PQBP1-207	MANE
PRADC1	43479	PRADC1-201	MANE
PRAF2	43480	PRAF2-202	MANE
PRAG1	43481	PRAG1-201	MANE
PRAM1	43484	PRAM1-201	MANE
PRANCR			no_CDS
PRB2	43490	PRB2-201	MANE
PRC1	43491	PRC1-202	MANE
PRCC	43493	PRCC-201	MANE
PRCP	43511	PRCP-201	MANE
PRDM1	43512	PRDM1-203	MANE
PRDM10	43514	PRDM10-203	MANE
PRDM10-DT	43516	PRDM10-DT-201	Ensembl
PRDM11	43517	PRDM11-204	longest_CDS
PRDM15	43522	PRDM15-202	MANE
PRDM16	43527	PRDM16-201	MANE
PRDM16-DT	43532	transcript9243.chr1.nnic	longest_CDS
PRDM2	43538	PRDM2-202	MANE
PRDM4	43542	PRDM4-201	MANE
PRDM5	43551	PRDM5-201	MANE
PRDM6	43552	PRDM6-201	MANE
PRDM8	43554	PRDM8-202	MANE
PRDX1	43555	PRDX1-202	MANE
PRDX2	43560	PRDX2-201	MANE
PRDX3	43563	PRDX3-201	MANE
PRDX4	43565	PRDX4-202	MANE
PRDX5	43566	PRDX5-201	MANE
PRDX6	43570	PRDX6-201	MANE
PRDX6-AS1			no_CDS
PREB	43574	PREB-201	MANE
PRECSIT	43578	PRECSIT-201	Ensembl
PRELID1	43579	PRELID1-201	MANE
PRELID2	43583	PRELID2-210	MANE
PRELID3A	43587	PRELID3A-201	APPRIS
PRELID3B	43590	PRELID3B-201	MANE
PRELP	43591	PRELP-201	MANE
PREP	43593	PREP-203	MANE
PREPL	43600	PREPL-205	MANE
PREX1	43601	PREX1-201	MANE
PREX2	43603	PREX2-201	MANE
PRF1	43604	PRF1-201	longest_CDS
PRH1	43605	transcript18944.chr12.nnic	longest_CDS
PRICKLE1	43611	PRICKLE1-201	MANE
PRICKLE2	43612	PRICKLE2-205	MANE
PRICKLE3	43620	PRICKLE3-206	MANE
PRICKLE4	43621	PRICKLE4-201	longest_CDS
PRIM1	43622	PRIM1-209	longest_CDS
PRIM2	43628	PRIM2-207	MANE
PRIMA1	43630	transcript108811.chr14.nnic	longest_CDS
PRIMPOL	43634	PRIMPOL-201	MANE
PRKAA1	43636	PRKAA1-204	MANE
PRKAA2	43639	PRKAA2-201	MANE
PRKAB1	43644	PRKAB1-201	MANE
PRKAB2	43645	PRKAB2-201	MANE
PRKACA			no_CDS
PRKACB	43660	PRKACB-203	MANE
PRKACB-DT	43662	PRKACB-DT-201	Ensembl
PRKAG1	43666	PRKAG1-206	MANE
PRKAG2	43673	PRKAG2-201	MANE
PRKAG2-AS1	43684	PRKAG2-AS1-203	longest_CDS
PRKAR1A	43691	PRKAR1A-216	MANE
PRKAR1B	43698	PRKAR1B-211	MANE
PRKAR2A	43703	PRKAR2A-201	MANE
PRKAR2A-AS1	43707	PRKAR2A-AS1-205	Ensembl
PRKAR2B	43717	PRKAR2B-201	MANE
PRKCA	43720	PRKCA-202	MANE
PRKCB	43722	PRKCB-210	MANE
PRKCD	43726	PRKCD-201	MANE
PRKCE	43727	PRKCE-201	MANE
PRKCG	43731	PRKCG-201	MANE
PRKCH	43732	PRKCH-201	MANE
PRKCH-AS1			no_CDS
PRKCI	43734	PRKCI-201	MANE
PRKCQ	43736	PRKCQ-201	MANE
PRKCQ-AS1			no_CDS
PRKCSH	43745	PRKCSH-222	MANE
PRKCZ	43750	PRKCZ-201	MANE
PRKD1	43755	PRKD1-201	MANE
PRKD2	43756	PRKD2-201	MANE
PRKD3	43763	PRKD3-201	MANE
PRKDC	43773	PRKDC-201	MANE
PRKG1	43775	PRKG1-204	APPRIS
PRKG1-AS1	43778	PRKG1-AS1-206	longest_CDS
PRKG2	43783	PRKG2-201	MANE
PRKN	43787	PRKN-206	MANE
PRKRA	43796	PRKRA-201	MANE
PRKRIP1	43805	PRKRIP1-201	MANE
PRKX	43808	PRKX-201	MANE
PRLHR	43809	PRLHR-201	MANE
PRLR	43810	PRLR-217	MANE
PRMT1	43813	PRMT1-202	MANE
PRMT2	43819	PRMT2-203	MANE
PRMT3	43824	PRMT3-202	MANE
PRMT5	43827	PRMT5-202	MANE
PRMT5-DT	43828	PRMT5-DT-204	Ensembl
PRMT6	43830	PRMT6-201	MANE
PRMT7	43848	PRMT7-202	MANE
PRMT8	43852	PRMT8-202	MANE
PRMT9	43854	PRMT9-201	MANE
PRNCR1	43855	PRNCR1-201	Ensembl
PRNP	43859	PRNP-201	MANE
PROB1	43860	PROB1-201	MANE
PROC	43861	PROC-201	MANE
PROCA1	43862	PROCA1-205	longest_CDS
PROCR	43863	PROCR-201	MANE
PROKR2	43866	PROKR2-203	MANE
PROM1	43868	PROM1-201	MANE
PROM2	43870	PROM2-201	MANE
PRORP	43876	PRORP-203	MANE
PROS1	43880	PROS1-202	MANE
PROSER1	43881	PROSER1-201	MANE
PROSER3	43887	PROSER3-207	longest_CDS
PROX1	43891	PROX1-201	MANE
PRPF18	43892	PRPF18-202	MANE
PRPF19	43894	PRPF19-201	MANE
PRPF3	43896	PRPF3-201	MANE
PRPF31	43899	PRPF31-201	MANE
PRPF38A	43902	PRPF38A-201	MANE
PRPF38B	43907	PRPF38B-203	MANE
PRPF39	43914	PRPF39-201	MANE
PRPF4	43915	PRPF4-201	MANE
PRPF40A	43922	PRPF40A-212	MANE
PRPF40B	43928	PRPF40B-209	MANE
PRPF4B	43934	PRPF4B-201	MANE
PRPF6	43936	PRPF6-201	MANE
PRPF8	43939	PRPF8-201	MANE
PRPH2	43943	PRPH2-201	MANE
PRPS1	43945	PRPS1-204	MANE
PRPS2	43946	PRPS2-202	MANE
PRPSAP1	43949	PRPSAP1-206	MANE
PRPSAP2	43952	PRPSAP2-201	MANE
PRR11	43953	PRR11-201	MANE
PRR12	43954	PRR12-201	MANE
PRR13	43956	PRR13-202	MANE
PRR14	43957	PRR14-210	longest_CDS
PRR14L	43958	PRR14L-201	MANE
PRR15	43962	PRR15-201	MANE
PRR18	43963	PRR18-201	MANE
PRR19	43965	PRR19-201	MANE
PRR3	43968	PRR3-202	MANE
PRR34	43971	PRR34-201	Ensembl
PRR34-AS1			no_CDS
PRR36	43974	PRR36-202	MANE
PRR4			no_CDS
PRR5	43977	PRR5-216	longest_CDS
PRR5L	43982	PRR5L-216	MANE
PRR7	43984	PRR7-201	MANE
PRRC1	43986	PRRC1-201	MANE
PRRC2A	43988	PRRC2A-202	MANE
PRRC2B	43996	PRRC2B-206	MANE
PRRC2C	44002	PRRC2C-213	MANE
PRRG1	44007	PRRG1-201	MANE
PRRG3	44014	PRRG3-209	MANE
PRRT1	44017	PRRT1-201	MANE
PRRT2	44025	PRRT2-202	MANE
PRRT3	44028	PRRT3-203	MANE
PRRX1	44034	PRRX1-201	MANE
PRSS12	44036	PRSS12-201	MANE
PRSS16	44037	PRSS16-202	longest_CDS
PRSS23	44038	PRSS23-201	MANE
PRSS3	44040	PRSS3-202	longest_CDS
PRSS35	44042	PRSS35-201	MANE
PRSS50	44044	PRSS50-201	MANE
PRSS53	44045	PRSS53-201	MANE
PRSS8	44047	PRSS8-201	MANE
PRTFDC1	44048	PRTFDC1-201	MANE
PRTG	44050	PRTG-201	MANE
PRUNE1	44056	PRUNE1-201	MANE
PRUNE2	44059	PRUNE2-203	MANE
PRXL2A	44066	PRXL2A-205	MANE
PRXL2B	44073	PRXL2B-204	MANE
PRXL2C	44080	PRXL2C-201	MANE
PSAP	44081	PSAP-201	MANE
PSAPL1	44082	PSAPL1-201	MANE
PSAT1	44084	PSAT1-202	MANE
PSD	44087	PSD-201	MANE
PSD2	44089	PSD2-201	MANE
PSD3	44096	PSD3-202	MANE
PSD4	44099	PSD4-201	MANE
PSEN1	44106	PSEN1-201	MANE
PSEN2	44130	PSEN2-202	MANE
PSENEN	44139	PSENEN-202	MANE
PSG8-AS1	44141	PSG8-AS1-202	longest_CDS
PSIP1	44149	PSIP1-203	MANE
PSKH1	44150	PSKH1-201	MANE
PSMA1	44154	PSMA1-201	MANE
PSMA2	44158	PSMA2-201	MANE
PSMA3	44162	PSMA3-201	MANE
PSMA3-AS1			no_CDS
PSMA4	44173	PSMA4-201	MANE
PSMA5	44179	PSMA5-201	MANE
PSMA6	44182	PSMA6-201	MANE
PSMA7	44186	PSMA7-203	MANE
PSMB1	44190	PSMB1-201	MANE
PSMB10	44191	PSMB10-201	MANE
PSMB2	44193	PSMB2-201	MANE
PSMB3	44199	PSMB3-211	MANE
PSMB4	44206	PSMB4-201	MANE
PSMB5	44210	PSMB5-202	MANE
PSMB6	44211	PSMB6-201	MANE
PSMB7	44212	PSMB7-201	MANE
PSMB8	44214	PSMB8-202	MANE
PSMB8-AS1	44218	PSMB8-AS1-205	Ensembl
PSMB9	44219	PSMB9-207	MANE
PSMC1	44224	PSMC1-201	MANE
PSMC2	44226	PSMC2-216	longest_CDS
PSMC3	44232	PSMC3-201	MANE
PSMC3IP	44234	PSMC3IP-207	longest_CDS
PSMC4	44236	PSMC4-201	MANE
PSMC5	44241	PSMC5-201	MANE
PSMC6	44250	PSMC6-201	MANE
PSMD1	44262	PSMD1-201	MANE
PSMD10	44270	PSMD10-201	MANE
PSMD11	44275	PSMD11-201	MANE
PSMD12	44277	PSMD12-201	MANE
PSMD13	44281	PSMD13-212	MANE
PSMD14	44289	PSMD14-201	MANE
PSMD2	44295	PSMD2-201	MANE
PSMD3	44296	PSMD3-201	MANE
PSMD4	44299	PSMD4-202	MANE
PSMD5	44301	PSMD5-201	MANE
PSMD6	44305	PSMD6-201	MANE
PSMD7	44310	PSMD7-201	MANE
PSMD8	44320	PSMD8-201	MANE
PSMD9	44322	PSMD9-207	MANE
PSME1	44327	PSME1-201	MANE
PSME2	44333	PSME2-201	MANE
PSME3	44340	PSME3-210	MANE
PSME3IP1	44341	PSME3IP1-201	MANE
PSME4	44345	PSME4-202	MANE
PSMF1	44347	PSMF1-203	MANE
PSMG1	44349	PSMG1-201	MANE
PSMG2	44356	PSMG2-201	MANE
PSMG3	44359	PSMG3-202	MANE
PSMG3-AS1	44361	PSMG3-AS1-201	Ensembl
PSMG4	44368	PSMG4-206	MANE
PSORS1C1			no_CDS
PSPC1	44377	PSPC1-201	MANE
PSPH	44379	PSPH-202	longest_CDS
PSPN			no_CDS
PSRC1	44386	PSRC1-204	MANE
PSTK	44390	PSTK-203	MANE
PSTPIP1	44396	PSTPIP1-203	MANE
PSTPIP2	44399	PSTPIP2-201	MANE
PTAFR	44401	PTAFR-202	MANE
PTAR1	44404	PTAR1-201	MANE
PTBP1	44409	PTBP1-203	MANE
PTBP2	44424	PTBP2-213	MANE
PTBP3	44430	PTBP3-205	MANE
PTCD1	44432	PTCD1-201	MANE
PTCD2	44436	PTCD2-202	MANE
PTCD3	44440	PTCD3-201	MANE
PTCH1	44443	PTCH1-204	longest_CDS
PTCH2	44444	PTCH2-201	MANE
PTCHD1	44445	PTCHD1-201	MANE
PTCHD4	44447	PTCHD4-201	MANE
PTCRA	44448	transcript58881.chr6.nnic	longest_CDS
PTCSC1	44449	PTCSC1-201	Ensembl
PTDSS1	44451	PTDSS1-202	MANE
PTDSS2	44452	PTDSS2-201	MANE
PTEN	44462	PTEN-201	MANE
PTENP1-AS	44467	PTENP1-AS-202	Ensembl
PTER	44469	PTER-202	APPRIS
PTGDR	44470	PTGDR-201	MANE
PTGDS	44474	PTGDS-202	MANE
PTGER2	44476	PTGER2-201	MANE
PTGER3	44477	transcript128690.chr1.nic	longest_CDS
PTGER4	44480	PTGER4-201	MANE
PTGES	44481	PTGES-201	MANE
PTGES2	44487	PTGES2-202	MANE
PTGES2-AS1	44492	PTGES2-AS1-201	Ensembl
PTGES3	44493	PTGES3-201	MANE
PTGFR	44497	PTGFR-202	MANE
PTGFRN	44499	PTGFRN-201	MANE
PTGIS	44502	PTGIS-201	MANE
PTGR1	44507	PTGR1-205	MANE
PTGR2	44509	PTGR2-205	MANE
PTGR3	44512	PTGR3-201	MANE
PTGS1	44514	PTGS1-202	MANE
PTGS2	44516	PTGS2-201	MANE
PTH1R	44517	PTH1R-201	longest_CDS
PTH2R	44520	PTH2R-201	MANE
PTHLH	44522	PTHLH-209	MANE
PTK2	44537	PTK2-258	MANE
PTK2B	44543	PTK2B-201	MANE
PTK7	44549	PTK7-202	MANE
PTMA	44556	PTMA-202	MANE
PTMS	44563	PTMS-205	longest_CDS
PTN	44566	PTN-201	MANE
PTOV1	44571	PTOV1-201	Ensembl
PTP4A1	44577	PTP4A1-207	longest_CDS
PTP4A2	44580	PTP4A2-219	MANE
PTP4A3	44583	PTP4A3-204	MANE
PTPA	44587	PTPA-207	MANE
PTPDC1	44592	PTPDC1-204	MANE
PTPMT1	44598	PTPMT1-202	MANE
PTPN1	44599	PTPN1-201	MANE
PTPN11	44607	PTPN11-201	MANE
PTPN12	44613	PTPN12-201	MANE
PTPN13	44616	PTPN13-202	MANE
PTPN14	44620	PTPN14-201	MANE
PTPN18	44621	PTPN18-201	MANE
PTPN2	44627	PTPN2-201	MANE
PTPN20	44630	PTPN20-205	longest_CDS
PTPN21	44634	PTPN21-208	MANE
PTPN22			no_CDS
PTPN23	44641	PTPN23-201	MANE
PTPN23-DT	44642	PTPN23-DT-201	Ensembl
PTPN3	44644	PTPN3-203	longest_CDS
PTPN4	44646	PTPN4-201	MANE
PTPN5	44649	PTPN5-201	MANE
PTPN6	44655	PTPN6-201	MANE
PTPN7	44656	PTPN7-201	APPRIS
PTPN9	44657	PTPN9-205	MANE
PTPRA	44659	PTPRA-204	MANE
PTPRB	44663	PTPRB-202	MANE
PTPRC	44670	PTPRC-209	MANE
PTPRCAP	44676	PTPRCAP-201	MANE
PTPRD	44678	PTPRD-203	MANE
PTPRD-AS1	44692	PTPRD-AS1-203	Ensembl
PTPRE	44697	PTPRE-201	MANE
PTPRF	44710	PTPRF-201	MANE
PTPRG	44716	PTPRG-203	MANE
PTPRG-AS1			no_CDS
PTPRJ	44724	transcript60897.chr11.nic	longest_CDS
PTPRK	44730	PTPRK-207	MANE
PTPRM	44739	PTPRM-203	longest_CDS
PTPRN	44740	PTPRN-201	MANE
PTPRN2	44744	PTPRN2-203	MANE
PTPRO	44753	PTPRO-201	MANE
PTPRQ	44762	PTPRQ-208	longest_CDS
PTPRR	44763	PTPRR-201	MANE
PTPRS	44771	PTPRS-201	MANE
PTPRT	44778	PTPRT-203	MANE
PTPRT-DT	44782	PTPRT-DT-203	Ensembl
PTPRU	44784	PTPRU-202	MANE
PTPRZ1	44791	PTPRZ1-201	MANE
PTRH1	44796	PTRH1-208	MANE
PTRH2	44802	PTRH2-201	MANE
PTRHD1	44804	PTRHD1-201	MANE
PTS	44807	PTS-201	MANE
PTTG1	44808	PTTG1-201	MANE
PTTG1IP	44810	PTTG1IP-201	MANE
PTX3	44812	PTX3-201	MANE
PUDP	44816	PUDP-201	MANE
PUF60	44827	PUF60-208	MANE
PUM1	44839	PUM1-206	MANE
PUM2	44841	PUM2-202	MANE
PUM3	44845	PUM3-202	MANE
PURA	44846	PURA-201	MANE
PURB	44848	PURB-201	MANE
PURG	44849	PURG-203	MANE
PUS1	44854	PUS1-202	MANE
PUS10	44865	PUS10-201	MANE
PUS3	44867	PUS3-201	MANE
PUS7	44869	PUS7-202	MANE
PUS7L	44871	PUS7L-201	MANE
PUSL1	44876	PUSL1-201	MANE
PVALB	44878	PVALB-204	MANE
PVR	44879	PVR-205	MANE
PVRIG	44886	PVRIG-201	longest_CDS
PVT1	44887	PVT1-255	longest_CDS
PWP1	44894	PWP1-201	MANE
PWP2	44895	PWP2-201	MANE
PWRN1			no_CDS
PWWP2A	44900	PWWP2A-201	MANE
PWWP2B	44902	PWWP2B-201	MANE
PWWP3A	44906	PWWP3A-210	MANE
PWWP3B	44913	PWWP3B-202	MANE
PXDC1	44915	PXDC1-202	MANE
PXDN	44917	PXDN-201	MANE
PXDNL	44919	PXDNL-201	MANE
PXK	44927	PXK-202	MANE
PXMP2	44930	PXMP2-201	MANE
PXMP4	44931	PXMP4-203	MANE
PXN	44936	PXN-221	MANE
PXN-AS1	44938	PXN-AS1-204	Ensembl
PXYLP1	44945	PXYLP1-201	MANE
PYCARD	44947	PYCARD-201	MANE
PYCR1	44948	PYCR1-201	MANE
PYCR2	44956	PYCR2-201	MANE
PYCR3	44960	PYCR3-207	MANE
PYDC2-AS1			no_CDS
PYDC5	44967	PYDC5-201	MANE
PYGB	44968	PYGB-201	MANE
PYGL	44970	PYGL-201	MANE
PYGM	44973	PYGM-201	MANE
PYGO1	44974	PYGO1-202	MANE
PYGO2	44976	PYGO2-202	MANE
PYM1	44977	PYM1-203	MANE
PYROXD1	44982	PYROXD1-201	MANE
PYROXD2	44984	PYROXD2-201	MANE
QARS1	44991	QARS1-201	MANE
QDPR	44995	QDPR-201	MANE
QKI	45000	QKI-203	MANE
QPCT	45003	QPCT-201	MANE
QPCTL	45004	QPCTL-201	MANE
QPRT	45006	QPRT-202	MANE
QRFPR	45008	QRFPR-202	MANE
QRICH1	45010	QRICH1-202	MANE
QRICH2	45018	QRICH2-205	longest_CDS
QRSL1	45019	QRSL1-202	MANE
QSER1	45022	QSER1-206	MANE
QSOX1	45024	QSOX1-202	MANE
QSOX2	45028	QSOX2-201	MANE
QTRT1	45031	QTRT1-201	MANE
QTRT2	45037	QTRT2-201	MANE
R3HCC1	45040	R3HCC1-201	MANE
R3HCC1L	45042	R3HCC1L-201	MANE
R3HDM1	45046	R3HDM1-220	MANE
R3HDM2	45057	R3HDM2-204	MANE
R3HDM4	45059	R3HDM4-201	MANE
RAB10	45061	RAB10-201	MANE
RAB11A	45062	RAB11A-201	MANE
RAB11B	45063	RAB11B-201	MANE
RAB11B-AS1	45066	RAB11B-AS1-201	Ensembl
RAB11FIP1	45069	RAB11FIP1-202	MANE
RAB11FIP2	45070	RAB11FIP2-201	MANE
RAB11FIP3	45073	RAB11FIP3-203	APPRIS
RAB11FIP4	45074	RAB11FIP4-211	MANE
RAB11FIP5	45078	RAB11FIP5-205	MANE
RAB12	45079	RAB12-202	MANE
RAB13	45081	RAB13-201	MANE
RAB14	45082	RAB14-201	MANE
RAB15	45088	RAB15-203	MANE
RAB17			no_CDS
RAB18	45101	RAB18-201	MANE
RAB1A	45103	RAB1A-203	MANE
RAB1B	45107	RAB1B-201	MANE
RAB20	45110	RAB20-201	MANE
RAB21	45111	RAB21-201	MANE
RAB22A	45112	RAB22A-201	MANE
RAB23	45114	RAB23-202	MANE
RAB24	45119	RAB24-201	MANE
RAB26	45123	RAB26-201	MANE
RAB27A	45125	RAB27A-201	MANE
RAB27B	45128	RAB27B-201	MANE
RAB28	45129	RAB28-202	MANE
RAB29	45133	RAB29-202	MANE
RAB2A	45134	RAB2A-201	MANE
RAB2B	45137	RAB2B-201	MANE
RAB30	45139	RAB30-205	MANE
RAB30-DT			no_CDS
RAB31	45148	RAB31-207	MANE
RAB32	45150	RAB32-201	MANE
RAB33A	45151	RAB33A-201	MANE
RAB33B	45152	RAB33B-201	MANE
RAB33B-AS1			no_CDS
RAB34	45157	RAB34-204	MANE
RAB35	45162	RAB35-201	MANE
RAB35-AS1	45163	RAB35-AS1-201	Ensembl
RAB36	45164	RAB36-201	MANE
RAB37	45166	RAB37-208	longest_CDS
RAB38	45169	transcript143844.chr11.nnic	longest_CDS
RAB39A	45170	RAB39A-201	MANE
RAB39B	45171	RAB39B-201	MANE
RAB3A	45172	RAB3A-201	MANE
RAB3B	45174	RAB3B-201	MANE
RAB3C	45175	RAB3C-201	MANE
RAB3D	45176	RAB3D-201	MANE
RAB3GAP1	45177	RAB3GAP1-201	MANE
RAB3GAP2	45203	RAB3GAP2-202	MANE
RAB3IL1	45206	RAB3IL1-202	MANE
RAB3IP	45211	RAB3IP-201	MANE
RAB40A	45215	RAB40A-202	longest_CDS
RAB40AL	45216	RAB40AL-201	MANE
RAB40B	45221	RAB40B-206	MANE
RAB40C	45225	RAB40C-201	MANE
RAB4A	45232	RAB4A-201	MANE
RAB4A-AS1	45236	RAB4A-AS1-204	Ensembl
RAB4B	45239	RAB4B-201	MANE
RAB5A	45240	RAB5A-201	MANE
RAB5B	45243	RAB5B-201	MANE
RAB5C	45246	RAB5C-201	MANE
RAB5IF	45248	RAB5IF-202	MANE
RAB6A	45252	RAB6A-202	MANE
RAB6B	45257	RAB6B-201	MANE
RAB6C	45259	RAB6C-201	MANE
RAB6C-AS1	45260	RAB6C-AS1-202	Ensembl
RAB6D	45262	RAB6D-201	MANE
RAB7A	45268	RAB7A-201	MANE
RAB7B	45270	RAB7B-201	MANE
RAB8A	45272	RAB8A-201	MANE
RAB8B	45276	RAB8B-201	MANE
RAB9A	45277	RAB9A-202	MANE
RAB9B	45279	RAB9B-201	MANE
RABAC1	45281	RABAC1-201	MANE
RABEP1	45285	RABEP1-202	MANE
RABEP2	45286	RABEP2-202	MANE
RABEPK	45290	RABEPK-202	MANE
RABGAP1	45294	RABGAP1-202	MANE
RABGAP1L	45299	RABGAP1L-223	MANE
RABGAP1L-DT			no_CDS
RABGEF1	45303	RABGEF1-201	MANE
RABGGTA	45307	RABGGTA-201	MANE
RABGGTB	45312	RABGGTB-201	MANE
RABIF	45316	RABIF-201	MANE
RABL2A	45324	RABL2A-219	MANE
RABL2B	45329	RABL2B-218	MANE
RABL3	45336	RABL3-201	MANE
RABL6	45338	RABL6-201	MANE
RAC1	45343	RAC1-201	MANE
RAC2	45346	RAC2-201	MANE
RAC3	45347	RAC3-201	MANE
RACGAP1	45349	RACGAP1-201	MANE
RACK1	45358	RACK1-227	MANE
RAD1	45364	RAD1-203	MANE
RAD17	45370	RAD17-205	MANE
RAD18	45372	RAD18-201	MANE
RAD21	45373	RAD21-201	MANE
RAD23A	45384	RAD23A-203	MANE
RAD23B	45389	RAD23B-201	MANE
RAD50	45395	RAD50-201	MANE
RAD51-AS1	45399	RAD51-AS1-201	longest_CDS
RAD51AP1	45400	RAD51AP1-202	MANE
RAD51B	45402	RAD51B-201	longest_CDS
RAD51C	45408	RAD51C-201	MANE
RAD51D	45420	RAD51D-202	MANE
RAD52	45425	RAD52-202	MANE
RAD54B	45430	RAD54B-202	MANE
RAD54L2	45431	RAD54L2-207	MANE
RAD9A	45437	RAD9A-201	MANE
RAD9B	45438	RAD9B-204	MANE
RADIL	45440	RADIL-201	MANE
RADX	45444	RADX-202	MANE
RAE1	45446	RAE1-203	MANE
RAET1E	45450	RAET1E-201	MANE
RAET1E-AS1			no_CDS
RAF1	45452	RAF1-201	MANE
RAG1	45479	RAG1-205	longest_CDS
RAI1	45482	RAI1-201	MANE
RAI14	45487	RAI14-201	MANE
RAI2	45490	RAI2-204	MANE
RALA	45491	RALA-201	MANE
RALB	45494	RALB-201	MANE
RALBP1	45497	RALBP1-202	MANE
RALGAPA1	45499	RALGAPA1-220	MANE
RALGAPA2	45508	RALGAPA2-201	MANE
RALGAPB	45514	RALGAPB-201	MANE
RALGDS	45520	RALGDS-202	MANE
RALGPS1	45527	RALGPS1-201	MANE
RALGPS2	45534	RALGPS2-204	MANE
RALY	45538	RALY-201	MANE
RALY-AS1			no_CDS
RALYL	45541	RALYL-205	MANE
RAMAC	45548	RAMAC-201	MANE
RAMACL	45549	RAMACL-201	MANE
RAMP1	45550	RAMP1-201	MANE
RAMP2	45551	RAMP2-201	MANE
RAMP2-AS1	45553	RAMP2-AS1-202	Ensembl
RAMP3	45554	RAMP3-201	MANE
RAN	45557	RAN-212	MANE
RANBP1	45564	RANBP1-208	MANE
RANBP10	45566	RANBP10-201	MANE
RANBP17	45571	RANBP17-217	longest_CDS
RANBP2	45589	RANBP2-201	MANE
RANBP3	45590	RANBP3-202	MANE
RANBP3L	45597	RANBP3L-201	MANE
RANBP6	45601	RANBP6-201	MANE
RANBP9	45603	RANBP9-201	MANE
RANGAP1	45607	RANGAP1-201	MANE
RANGRF	45608	RANGRF-201	MANE
RAP1A	45611	RAP1A-202	MANE
RAP1B	45613	RAP1B-201	MANE
RAP1GAP	45618	RAP1GAP-205	MANE
RAP1GAP2	45623	RAP1GAP2-201	MANE
RAP1GDS1	45627	RAP1GDS1-205	MANE
RAP2A	45630	RAP2A-201	MANE
RAP2B	45631	RAP2B-201	MANE
RAP2C	45632	RAP2C-201	APPRIS
RAP2C-AS1	45633	RAP2C-AS1-202	Ensembl
RAPGEF1	45636	RAPGEF1-208	MANE
RAPGEF2	45643	RAPGEF2-216	MANE
RAPGEF3	45647	RAPGEF3-205	MANE
RAPGEF4	45653	RAPGEF4-201	MANE
RAPGEF4-AS1	45657	RAPGEF4-AS1-202	longest_CDS
RAPGEF5	45658	RAPGEF5-212	MANE
RAPGEF6	45666	RAPGEF6-208	MANE
RAPGEFL1	45674	RAPGEFL1-211	MANE
RAPH1	45675	RAPH1-202	MANE
RARA	45679	RARA-201	MANE
RARA-AS1	45684	RARA-AS1-201	Ensembl
RARB	45688	RARB-201	MANE
RARG	45689	RARG-203	MANE
RARRES1	45690	RARRES1-201	MANE
RARRES2	45691	RARRES2-201	MANE
RARS1	45695	RARS1-201	MANE
RARS2	45714	RARS2-201	MANE
RASA1	45726	RASA1-201	MANE
RASA2	45727	RASA2-201	MANE
RASA3	45729	RASA3-201	MANE
RASA4	45737	RASA4-201	MANE
RASA4B	45740	RASA4B-202	MANE
RASAL1	45745	RASAL1-207	MANE
RASAL2	45748	RASAL2-201	MANE
RASAL3	45752	RASAL3-201	MANE
RASD1	45753	RASD1-201	MANE
RASD2	45754	RASD2-201	MANE
RASGEF1A	45756	RASGEF1A-204	MANE
RASGEF1B	45760	RASGEF1B-201	MANE
RASGEF1C	45762	RASGEF1C-201	MANE
RASGRF1	45764	RASGRF1-203	MANE
RASGRF2	45769	RASGRF2-201	MANE
RASGRF2-AS1	45771	RASGRF2-AS1-204	longest_CDS
RASGRP1	45778	RASGRP1-201	MANE
RASGRP2	45781	RASGRP2-211	MANE
RASGRP3	45787	RASGRP3-202	MANE
RASIP1	45793	RASIP1-201	MANE
RASL10A	45796	RASL10A-201	MANE
RASL10B	45799	RASL10B-201	MANE
RASL11A	45800	RASL11A-201	MANE
RASL11B	45801	RASL11B-201	MANE
RASL12	45802	RASL12-201	MANE
RASSF1	45804	RASSF1-203	MANE
RASSF1-AS1	45808	RASSF1-AS1-201	Ensembl
RASSF2	45809	RASSF2-202	MANE
RASSF3	45811	RASSF3-203	MANE
RASSF4	45815	RASSF4-201	MANE
RASSF5	45821	RASSF5-202	MANE
RASSF7	45825	RASSF7-202	MANE
RASSF8	45826	RASSF8-218	MANE
RASSF8-AS1			no_CDS
RASSF9	45834	RASSF9-201	MANE
RAVER1	45836	RAVER1-205	MANE
RAVER2	45837	RAVER2-201	MANE
RB1	45841	RB1-201	MANE
RB1CC1	45844	RB1CC1-201	MANE
RBAK	45846	RBAK-202	MANE
RBBP4	45848	RBBP4-202	MANE
RBBP5	45852	RBBP5-201	MANE
RBBP6	45857	RBBP6-201	MANE
RBBP7	45866	RBBP7-203	MANE
RBBP8	45870	RBBP8-201	MANE
RBBP9	45874	RBBP9-201	MANE
RBCK1	45886	RBCK1-202	MANE
RBFA	45889	RBFA-202	MANE
RBFADN			no_CDS
RBFOX1	45899	RBFOX1-203	longest_CDS
RBFOX2	45918	RBFOX2-220	MANE
RBFOX3	45939	RBFOX3-214	MANE
RBIS	45942	RBIS-213	MANE
RBKS	45946	RBKS-201	MANE
RBL1	45948	RBL1-202	MANE
RBL2	45949	RBL2-201	MANE
RBM10	45956	RBM10-203	MANE
RBM11	45959	RBM11-201	MANE
RBM12	45964	RBM12-203	MANE
RBM12B	45965	RBM12B-205	MANE
RBM14	45971	RBM14-201	MANE
RBM15	45972	RBM15-206	longest_CDS
RBM15B	45973	RBM15B-201	MANE
RBM17	45975	RBM17-201	MANE
RBM18	45978	RBM18-201	MANE
RBM19	45979	RBM19-201	MANE
RBM20	45982	RBM20-201	MANE
RBM22	45983	RBM22-201	MANE
RBM23	45990	RBM23-203	MANE
RBM24	45996	RBM24-202	MANE
RBM25	46001	RBM25-201	MANE
RBM26	46011	RBM26-203	MANE
RBM26-AS1	46014	RBM26-AS1-205	longest_CDS
RBM27	46015	RBM27-201	MANE
RBM28	46016	RBM28-201	MANE
RBM3	46020	RBM3-203	MANE
RBM33	46022	RBM33-207	MANE
RBM33-DT			no_CDS
RBM34	46028	RBM34-201	MANE
RBM38	46030	RBM38-203	MANE
RBM39	46042	RBM39-201	MANE
RBM4	46050	RBM4-201	MANE
RBM41	46057	RBM41-209	MANE
RBM42	46060	RBM42-201	MANE
RBM43	46062	RBM43-201	MANE
RBM44	46063	RBM44-204	longest_CDS
RBM45	46064	RBM45-201	MANE
RBM47	46068	RBM47-201	MANE
RBM48	46070	RBM48-201	MANE
RBM4B	46074	RBM4B-201	MANE
RBM5	46080	RBM5-201	MANE
RBM5-AS1	46082	RBM5-AS1-201	Ensembl
RBM6	46088	RBM6-201	MANE
RBM7	46093	RBM7-201	MANE
RBM8A	46099	RBM8A-204	MANE
RBMS1	46106	RBMS1-201	MANE
RBMS2	46107	RBMS2-201	MANE
RBMS3	46109	RBMS3-203	MANE
RBMX	46114	RBMX-201	MANE
RBMX2	46122	RBMX2-201	MANE
RBMXL1	46125	RBMXL1-202	longest_CDS
RBMXL3	46129	RBMXL3-201	MANE
RBP1	46131	RBP1-201	longest_CDS
RBP4	46132	RBP4-201	MANE
RBP7	46135	RBP7-201	MANE
RBPJ	46153	RBPJ-205	MANE
RBPMS	46158	RBPMS-204	MANE
RBSN	46160	RBSN-201	MANE
RBX1	46163	RBX1-201	MANE
RC3H1	46165	RC3H1-203	MANE
RC3H2	46166	RC3H2-202	MANE
RCAN1	46172	RCAN1-201	MANE
RCAN2	46177	RCAN2-203	MANE
RCAN3	46179	RCAN3-202	MANE
RCBTB1	46180	RCBTB1-202	MANE
RCBTB2	46186	RCBTB2-201	MANE
RCC1	46188	RCC1-214	MANE
RCC1L	46192	RCC1L-201	MANE
RCC2	46194	RCC2-202	MANE
RCCD1	46200	RCCD1-201	MANE
RCE1	46202	RCE1-201	MANE
RCHY1	46208	RCHY1-201	MANE
RCL1	46209	RCL1-204	MANE
RCN1	46211	RCN1-201	MANE
RCN2	46215	RCN2-203	MANE
RCN3	46218	RCN3-201	MANE
RCOR1	46219	RCOR1-201	MANE
RCOR2	46220	RCOR2-201	MANE
RCOR3	46226	RCOR3-203	MANE
RCSD1	46227	RCSD1-202	MANE
RCVRN			no_CDS
RDH10	46231	RDH10-201	MANE
RDH11	46233	RDH11-201	MANE
RDH13	46236	RDH13-203	MANE
RDH14	46240	RDH14-201	MANE
RDX	46245	RDX-219	MANE
REC8	46251	REC8-209	MANE
RECK	46253	RECK-201	MANE
RECQL	46255	RECQL-204	MANE
RECQL4	46257	RECQL4-209	MANE
RECQL5	46258	RECQL5-201	MANE
REEP1	46264	REEP1-208	MANE
REEP2	46265	REEP2-202	MANE
REEP3	46267	REEP3-201	MANE
REEP4	46272	REEP4-201	MANE
REEP5	46274	REEP5-202	MANE
REEP6	46276	REEP6-201	MANE
REL	46282	REL-202	MANE
RELA	46283	RELA-202	MANE
RELA-DT	46287	RELA-DT-202	longest_CDS
RELB	46288	RELB-201	MANE
RELCH	46290	RELCH-213	MANE
RELL1	46293	RELL1-202	MANE
RELL2	46294	RELL2-201	MANE
RELN	46310	RELN-203	MANE
RELT	46317	RELT-201	MANE
REM2	46318	REM2-201	MANE
RENO1	46319	RENO1-201	Ensembl
REP15	46320	REP15-201	MANE
REPIN1	46322	REPIN1-214	MANE
REPS1	46327	REPS1-208	MANE
REPS2	46335	REPS2-202	MANE
RER1	46338	RER1-209	MANE
RERE	46348	RERE-204	MANE
RERG	46351	RERG-201	MANE
RERGL	46352	RERGL-203	MANE
RESF1	46355	RESF1-201	MANE
RESP18	46356	RESP18-201	MANE
REST	46358	REST-201	MANE
RET	46363	RET-202	MANE
RETREG1	46370	RETREG1-201	MANE
RETREG2	46380	RETREG2-203	MANE
RETREG3	46384	RETREG3-201	MANE
RETSAT	46386	RETSAT-201	MANE
REV1	46392	REV1-201	MANE
REV3L	46396	REV3L-201	longest_CDS
REX1BD	46398	REX1BD-201	MANE
REXO1	46404	REXO1-201	MANE
REXO2	46405	REXO2-201	MANE
REXO4	46410	REXO4-202	MANE
REXO5	46413	REXO5-201	MANE
RFC1	46418	RFC1-201	MANE
RFC2	46422	RFC2-201	MANE
RFC3	46424	RFC3-201	MANE
RFC4	46426	RFC4-201	MANE
RFC5	46432	RFC5-204	MANE
RFESD	46434	RFESD-202	MANE
RFFL	46436	RFFL-202	MANE
RFK	46439	RFK-201	MANE
RFLNA	46441	RFLNA-205	MANE
RFLNB	46442	RFLNB-201	Ensembl
RFNG	46447	RFNG-201	MANE
RFPL1S	46450	RFPL1S-203	Ensembl
RFPL2	46452	RFPL2-206	MANE
RFT1	46454	RFT1-201	MANE
RFTN1	46456	RFTN1-201	MANE
RFTN2	46457	RFTN2-201	MANE
RFWD3	46460	RFWD3-201	MANE
RFX1	46462	RFX1-201	MANE
RFX2	46464	RFX2-201	MANE
RFX3	46471	RFX3-212	MANE
RFX3-DT			no_CDS
RFX4	46478	RFX4-203	MANE
RFX5	46482	RFX5-215	MANE
RFX6	46483	RFX6-201	MANE
RFXANK	46485	RFXANK-201	MANE
RFXAP	46486	RFXAP-201	MANE
RGCC	46488	RGCC-201	MANE
RGL1	46490	RGL1-202	MANE
RGL2	46493	RGL2-247	MANE
RGL3	46497	RGL3-201	MANE
RGMA	46498	RGMA-201	MANE
RGMB	46500	RGMB-207	MANE
RGN	46505	RGN-203	MANE
RGP1	46508	RGP1-201	MANE
RGPD1	46509	RGPD1-204	MANE
RGPD2	46510	RGPD2-201	MANE
RGPD4	46511	RGPD4-201	MANE
RGPD5	46513	RGPD5-201	MANE
RGPD6	46520	RGPD6-201	MANE
RGPD8	46524	RGPD8-201	MANE
RGR	46527	RGR-216	MANE
RGS1	46531	RGS1-201	MANE
RGS10	46533	RGS10-202	MANE
RGS11	46536	RGS11-204	MANE
RGS12	46541	RGS12-201	MANE
RGS14	46550	RGS14-201	MANE
RGS16	46554	RGS16-201	MANE
RGS17	46555	RGS17-201	MANE
RGS18	46556	RGS18-201	MANE
RGS19	46558	RGS19-202	MANE
RGS2	46560	RGS2-201	MANE
RGS20	46562	RGS20-202	MANE
RGS22	46564	RGS22-201	MANE
RGS3	46567	RGS3-231	MANE
RGS4	46573	RGS4-203	MANE
RGS5	46577	RGS5-201	MANE
RGS6	46583	RGS6-209	MANE
RGS7	46584	RGS7-205	MANE
RGS7BP	46604	RGS7BP-201	MANE
RGS8	46606	RGS8-207	MANE
RGS9	46609	RGS9-201	MANE
RGS9BP	46610	RGS9BP-201	MANE
RHBDD1	46616	RHBDD1-202	MANE
RHBDD2	46618	RHBDD2-201	MANE
RHBDD3	46620	RHBDD3-201	MANE
RHBDF1	46621	RHBDF1-201	MANE
RHBDF2	46624	RHBDF2-220	MANE
RHBDL1	46627	RHBDL1-202	MANE
RHBDL2	46629	RHBDL2-202	MANE
RHBDL3	46630	RHBDL3-201	MANE
RHCE	46631	transcript47091.chr1.nnic	longest_CDS
RHCG	46635	RHCG-201	MANE
RHEB	46637	RHEB-201	MANE
RHEBL1	46639	RHEBL1-201	MANE
RHNO1	46640	RHNO1-204	MANE
RHO	46645	RHO-201	MANE
RHOA	46648	RHOA-202	MANE
RHOB	46653	RHOB-201	MANE
RHOBTB1	46657	RHOBTB1-201	MANE
RHOBTB2	46663	RHOBTB2-201	MANE
RHOBTB3	46667	RHOBTB3-201	MANE
RHOC	46672	RHOC-202	MANE
RHOD	46673	RHOD-201	MANE
RHOF	46675	RHOF-201	MANE
RHOG	46677	RHOG-201	MANE
RHOJ	46679	RHOJ-201	MANE
RHOQ	46680	RHOQ-201	MANE
RHOT1	46689	RHOT1-205	MANE
RHOT2	46696	RHOT2-201	MANE
RHOU	46697	RHOU-201	MANE
RHOV	46699	RHOV-201	MANE
RHOXF1	46700	transcript137682.chrX.nnic	longest_CDS
RHOXF1-AS1	46701	RHOXF1-AS1-201	Ensembl
RHOXF1P3	46702	RHOXF1P3-202	Ensembl
RHPN1	46704	RHPN1-201	MANE
RHPN2	46705	RHPN2-201	MANE
RIBC2	46706	RIBC2-202	MANE
RIC1	46707	RIC1-203	MANE
RIC3	46718	RIC3-201	MANE
RIC8A	46722	RIC8A-203	MANE
RIC8B	46728	RIC8B-202	MANE
RICTOR	46735	RICTOR-202	MANE
RIDA	46739	RIDA-201	MANE
RIF1	46743	RIF1-201	longest_CDS
RIGI	46747	RIGI-202	MANE
RILP	46750	RILP-201	MANE
RILPL1	46752	RILPL1-202	MANE
RILPL2	46753	RILPL2-201	MANE
RIMBP2	46762	RIMBP2-213	MANE
RIMBP3	46764	RIMBP3-201	MANE
RIMBP3B	46765	RIMBP3B-201	MANE
RIMBP3C	46766	RIMBP3C-201	MANE
RIMKLA	46768	RIMKLA-202	MANE
RIMKLB	46769	RIMKLB-205	MANE
RIMOC1	46775	RIMOC1-201	MANE
RIMS1	46784	RIMS1-216	MANE
RIMS2	46794	RIMS2-216	MANE
RIMS3	46815	RIMS3-202	MANE
RIMS4	46816	RIMS4-201	MANE
RIN1	46817	RIN1-201	MANE
RIN2	46821	RIN2-201	MANE
RIN3	46822	RIN3-201	MANE
RING1	46823	RING1-201	MANE
RINL	46825	RINL-202	MANE
RINT1	46826	RINT1-201	MANE
RIOK1	46830	RIOK1-202	MANE
RIOK2	46831	RIOK2-201	MANE
RIOK3	46838	RIOK3-201	MANE
RIOX1	46839	RIOX1-201	MANE
RIOX2	46843	RIOX2-203	MANE
RIPK1	46844	RIPK1-201	MANE
RIPK2	46855	RIPK2-201	MANE
RIPK2-DT	46860	RIPK2-DT-228	Ensembl
RIPK3	46865	transcript4892.chr14.nic	longest_CDS
RIPOR1	46867	RIPOR1-201	MANE
RIPOR2	46872	RIPOR2-211	MANE
RIPPLY2	46879	RIPPLY2-203	longest_CDS
RIT1	46880	RIT1-202	MANE
RIT2	46883	RIT2-201	MANE
RITA1	46885	RITA1-201	MANE
RLBP1	46889	RLBP1-201	MANE
RLF	46890	RLF-201	MANE
RLIM	46892	RLIM-201	MANE
RMC1	46895	RMC1-201	MANE
RMDN1	46898	RMDN1-201	MANE
RMDN2	46900	RMDN2-202	MANE
RMDN3	46903	RMDN3-202	MANE
RMI1	46906	RMI1-202	MANE
RMI2	46908	RMI2-201	MANE
RMND1	46912	RMND1-202	MANE
RMND5A	46917	RMND5A-201	MANE
RMND5B	46918	RMND5B-201	MANE
RMST	46925	RMST-216	longest_CDS
RN7SL832P	46928	RN7SL832P-201	Ensembl
RNASE1	46931	RNASE1-202	MANE
RNASE2	46932	RNASE2-201	MANE
RNASE4	46933	RNASE4-203	MANE
RNASEH1	46935	RNASEH1-201	MANE
RNASEH1-DT	46939	RNASEH1-DT-203	Ensembl
RNASEH2A	46940	RNASEH2A-201	MANE
RNASEH2B	46942	RNASEH2B-201	MANE
RNASEH2C	46953	RNASEH2C-201	MANE
RNASEK	46961	RNASEK-202	longest_CDS
RNASEL	46964	RNASEL-201	MANE
RNASET2	46974	RNASET2-210	MANE
RND1	46976	RND1-201	MANE
RND2	46977	RND2-202	MANE
RND3	46980	RND3-201	MANE
RNF10	46985	RNF10-201	MANE
RNF103	46986	RNF103-201	MANE
RNF11	46988	RNF11-201	MANE
RNF111	46989	RNF111-201	MANE
RNF112	46996	RNF112-201	MANE
RNF113A	46998	RNF113A-201	MANE
RNF114	47000	RNF114-201	MANE
RNF115	47002	RNF115-202	MANE
RNF121	47006	RNF121-201	MANE
RNF122	47007	RNF122-201	MANE
RNF123	47010	RNF123-201	MANE
RNF125	47013	RNF125-201	MANE
RNF126	47015	RNF126-201	MANE
RNF128	47020	RNF128-201	MANE
RNF13	47025	RNF13-203	MANE
RNF130	47027	RNF130-205	MANE
RNF133	47030	RNF133-201	MANE
RNF135	47032	RNF135-202	MANE
RNF138	47034	RNF138-202	MANE
RNF139	47037	RNF139-201	MANE
RNF139-DT			no_CDS
RNF14	47041	RNF14-205	MANE
RNF141	47043	RNF141-201	MANE
RNF144A	47046	RNF144A-201	MANE
RNF144B	47050	RNF144B-201	MANE
RNF145	47055	RNF145-202	MANE
RNF146	47063	RNF146-202	MANE
RNF148	47070	RNF148-201	MANE
RNF149	47072	RNF149-201	MANE
RNF150	47073	RNF150-206	MANE
RNF152	47077	RNF152-201	MANE
RNF157	47079	RNF157-201	MANE
RNF157-AS1			no_CDS
RNF165	47085	RNF165-201	MANE
RNF166	47091	RNF166-201	MANE
RNF167	47098	RNF167-201	MANE
RNF168	47100	RNF168-201	MANE
RNF169	47102	RNF169-201	MANE
RNF17	47103	RNF17-201	MANE
RNF170	47105	RNF170-206	MANE
RNF175	47109	RNF175-201	MANE
RNF180	47112	RNF180-202	MANE
RNF181	47115	RNF181-201	MANE
RNF182	47116	RNF182-204	MANE
RNF185	47119	RNF185-202	MANE
RNF187	47120	RNF187-201	MANE
RNF19A	47122	RNF19A-201	MANE
RNF19B	47125	RNF19B-201	MANE
RNF2	47127	RNF2-202	MANE
RNF20	47129	RNF20-202	MANE
RNF207	47132	RNF207-201	MANE
RNF212	47133	RNF212-216	longest_CDS
RNF213	47138	RNF213-220	MANE
RNF213-AS1			no_CDS
RNF214	47148	RNF214-201	MANE
RNF215	47155	RNF215-203	MANE
RNF216	47159	RNF216-202	MANE
RNF216P1	47162	RNF216P1-209	longest_CDS
RNF217	47163	RNF217-210	MANE
RNF217-AS1	47168	transcript171822.chr6.nic	longest_CDS
RNF220	47172	RNF220-203	MANE
RNF227	47176	RNF227-201	MANE
RNF24	47181	RNF24-202	MANE
RNF25	47182	RNF25-201	MANE
RNF26	47183	RNF26-201	MANE
RNF31	47186	RNF31-201	MANE
RNF32-DT	47196	RNF32-DT-201	longest_CDS
RNF34	47202	RNF34-201	MANE
RNF38	47206	RNF38-202	APPRIS
RNF4	47212	RNF4-201	MANE
RNF40	47216	RNF40-201	MANE
RNF41	47219	RNF41-201	MANE
RNF43	47222	transcript100292.chr17.nnic	longest_CDS
RNF44	47223	RNF44-201	MANE
RNF5	47224	RNF5-203	MANE
RNF6	47226	RNF6-203	MANE
RNF7	47233	RNF7-201	MANE
RNF8	47236	RNF8-202	MANE
RNFT1	47238	RNFT1-201	MANE
RNFT2	47245	RNFT2-201	MANE
RNGTT	47247	RNGTT-202	MANE
RNH1	47253	RNH1-201	MANE
RNLS	47259	RNLS-201	MANE
RNMT	47262	RNMT-202	MANE
RNPC3	47269	RNPC3-201	MANE
RNPEP	47270	RNPEP-201	MANE
RNPEPL1	47273	RNPEPL1-201	MANE
RNPS1	47282	RNPS1-202	MANE
RO60	47288	RO60-206	MANE
ROBO1	47295	ROBO1-202	MANE
ROBO2	47299	ROBO2-213	MANE
ROBO3	47316	ROBO3-201	MANE
ROBO4	47317	ROBO4-201	MANE
ROCK1	47319	ROCK1-201	MANE
ROCK1P1	47322	ROCK1P1-204	longest_CDS
ROCK2	47323	ROCK2-202	MANE
ROGDI	47330	ROGDI-201	MANE
ROM1	47332	ROM1-201	MANE
ROMO1	47334	ROMO1-204	APPRIS
ROPN1B	47335	ROPN1B-205	longest_CDS
ROPN1L	47336	ROPN1L-201	MANE
ROR1	47337	ROR1-201	MANE
ROR2	47339	ROR2-201	MANE
RORA	47344	RORA-203	MANE
RORA-AS1			no_CDS
RORB	47349	RORB-201	MANE
ROS1	47351	ROS1-201	MANE
RP2	47354	RP2-201	MANE
RP9	47355	RP9-201	MANE
RP9P	47360	RP9P-202	Ensembl
RPA1	47362	RPA1-201	MANE
RPA2	47363	RPA2-203	MANE
RPA3	47364	RPA3-201	MANE
RPA4	47365	RPA4-201	MANE
RPAIN	47375	RPAIN-203	MANE
RPAP1	47377	RPAP1-201	MANE
RPAP2	47381	RPAP2-203	MANE
RPAP3	47383	RPAP3-201	MANE
RPE	47388	RPE-202	MANE
RPE65	47391	RPE65-201	MANE
RPEL1	47392	RPEL1-201	MANE
RPF1	47393	RPF1-201	MANE
RPF2	47394	RPF2-203	MANE
RPGR	47399	RPGR-216	MANE
RPGRIP1L	47408	RPGRIP1L-211	APPRIS
RPH3A	47416	RPH3A-201	MANE
RPH3AL	47420	transcript21.chr17.nic	longest_CDS
RPH3AL-AS1			no_CDS
RPIA	47422	RPIA-201	MANE
RPL10	47423	RPL10-202	MANE
RPL10A	47434	RPL10A-201	MANE
RPL11	47441	RPL11-206	MANE
RPL12	47443	RPL12-201	MANE
RPL13	47450	RPL13-201	MANE
RPL13A	47455	RPL13A-201	MANE
RPL14	47460	RPL14-202	MANE
RPL15	47465	RPL15-201	MANE
RPL17	47476	RPL17-208	MANE
RPL18	47481	RPL18-208	MANE
RPL18A	47483	RPL18A-201	MANE
RPL19	47493	RPL19-201	MANE
RPL21	47500	RPL21-202	MANE
RPL22	47502	RPL22-201	MANE
RPL22L1	47505	RPL22L1-201	MANE
RPL23	47511	RPL23-206	MANE
RPL23A	47516	RPL23A-204	MANE
RPL23AP7	47517	RPL23AP7-205	longest_CDS
RPL24	47524	RPL24-201	MANE
RPL26	47532	RPL26-213	MANE
RPL26L1	47534	RPL26L1-201	MANE
RPL26L1-AS1	47535	RPL26L1-AS1-201	Ensembl
RPL27	47536	RPL27-201	MANE
RPL27A	47540	RPL27A-201	MANE
RPL28	47542	RPL28-201	MANE
RPL29	47549	RPL29-201	MANE
RPL3	47552	RPL3-201	MANE
RPL30	47563	RPL30-201	MANE
RPL31	47569	RPL31-201	MANE
RPL32	47571	RPL32-204	MANE
RPL34	47581	RPL34-202	MANE
RPL34-DT	47582	RPL34-DT-205	longest_CDS
RPL35	47585	RPL35-201	MANE
RPL35A	47586	RPL35A-211	MANE
RPL36	47590	RPL36-201	MANE
RPL36A	47592	RPL36A-202	longest_CDS
RPL36AL	47595	RPL36AL-201	MANE
RPL37	47596	RPL37-201	MANE
RPL37A	47602	RPL37A-210	MANE
RPL38	47606	RPL38-201	MANE
RPL39	47610	RPL39-201	MANE
RPL39L	47611	RPL39L-201	MANE
RPL4	47615	RPL4-201	MANE
RPL41	47618	RPL41-204	MANE
RPL5	47622	RPL5-202	MANE
RPL6	47623	RPL6-201	MANE
RPL7	47630	RPL7-201	MANE
RPL7A	47635	RPL7A-202	MANE
RPL7L1	47638	RPL7L1-208	MANE
RPL8	47645	RPL8-207	MANE
RPL9	47651	RPL9-201	MANE
RPLP0	47655	RPLP0-203	MANE
RPLP1	47665	RPLP1-201	MANE
RPLP2	47669	RPLP2-201	MANE
RPN1	47672	RPN1-201	MANE
RPN2	47673	RPN2-201	MANE
RPP14	47677	RPP14-201	MANE
RPP21	47679	RPP21-224	MANE
RPP25	47682	RPP25-201	MANE
RPP25L	47684	RPP25L-202	MANE
RPP30	47688	RPP30-202	MANE
RPP38	47690	RPP38-201	MANE
RPP38-DT	47697	RPP38-DT-201	Ensembl
RPP40	47699	RPP40-202	MANE
RPRD1A	47703	RPRD1A-202	MANE
RPRD1B	47706	RPRD1B-201	MANE
RPRD2	47711	RPRD2-202	MANE
RPRM	47712	RPRM-201	MANE
RPRML	47713	RPRML-201	MANE
RPS10	47714	RPS10-209	MANE
RPS11	47721	RPS11-201	MANE
RPS12	47724	RPS12-201	MANE
RPS13	47727	RPS13-202	MANE
RPS14	47729	RPS14-203	MANE
RPS15	47732	RPS15-209	MANE
RPS15A	47738	RPS15A-201	MANE
RPS16	47741	RPS16-201	MANE
RPS17	47743	RPS17-209	MANE
RPS18	47746	RPS18-230	MANE
RPS19	47748	RPS19-206	MANE
RPS19BP1	47756	RPS19BP1-201	MANE
RPS2	47757	RPS2-201	MANE
RPS20	47762	RPS20-201	MANE
RPS21	47766	RPS21-201	MANE
RPS23	47771	RPS23-201	MANE
RPS24	47772	RPS24-202	MANE
RPS25	47781	RPS25-202	MANE
RPS26			no_CDS
RPS27	47786	RPS27-205	MANE
RPS27A	47789	RPS27A-201	MANE
RPS27L	47796	RPS27L-201	MANE
RPS28	47800	RPS28-203	MANE
RPS29	47806	RPS29-201	MANE
RPS3	47811	RPS3-217	MANE
RPS3A	47815	RPS3A-201	MANE
RPS4X	47820	RPS4X-201	MANE
RPS4Y1	47823	RPS4Y1-201	MANE
RPS5	47827	RPS5-201	MANE
RPS6	47828	RPS6-204	MANE
RPS6KA1	47833	RPS6KA1-204	MANE
RPS6KA2	47835	RPS6KA2-201	MANE
RPS6KA3	47842	RPS6KA3-201	MANE
RPS6KA4	47846	RPS6KA4-201	MANE
RPS6KA5	47847	RPS6KA5-207	MANE
RPS6KA6	47851	RPS6KA6-201	MANE
RPS6KB1	47853	RPS6KB1-201	MANE
RPS6KB2	47860	RPS6KB2-201	MANE
RPS6KC1	47868	RPS6KC1-202	MANE
RPS6KL1	47871	RPS6KL1-216	MANE
RPS7	47876	RPS7-210	MANE
RPS8	47883	RPS8-202	MANE
RPS9	47891	RPS9-201	MANE
RPSA	47895	RPSA-201	MANE
RPSA2	47907	RPSA2-204	MANE
RPTOR	47909	RPTOR-209	longest_CDS
RPUSD1	47913	RPUSD1-201	MANE
RPUSD2	47918	RPUSD2-201	MANE
RPUSD3	47920	RPUSD3-201	MANE
RPUSD4	47924	RPUSD4-201	MANE
RRAD	47927	RRAD-201	MANE
RRAGA	47928	RRAGA-201	MANE
RRAGB	47929	RRAGB-202	MANE
RRAGC	47932	RRAGC-201	MANE
RRAGD	47935	RRAGD-202	MANE
RRAS	47936	RRAS-201	MANE
RRAS2	47937	RRAS2-201	MANE
RRBP1	47939	RRBP1-204	MANE
RREB1	47946	RREB1-204	MANE
RRM1	47948	RRM1-201	MANE
RRM2			no_CDS
RRM2B	47951	RRM2B-201	MANE
RRN3	47954	RRN3-201	MANE
RRN3P3	47956	RRN3P3-202	Ensembl
RRP1	47957	RRP1-207	MANE
RRP12	47960	RRP12-211	longest_CDS
RRP15	47963	RRP15-201	MANE
RRP1B	47965	RRP1B-201	MANE
RRP36	47966	RRP36-201	MANE
RRP7A	47968	RRP7A-201	MANE
RRP7BP	47972	RRP7BP-202	Ensembl
RRP8	47977	RRP8-201	MANE
RRP9	47980	RRP9-201	MANE
RRS1	47982	RRS1-201	MANE
RSAD1	47983	RSAD1-201	MANE
RSAD2	47985	RSAD2-201	MANE
RSBN1	47988	RSBN1-201	MANE
RSBN1L	47991	RSBN1L-201	MANE
RSC1A1	47993	RSC1A1-201	MANE
RSF1	47997	RSF1-201	MANE
RSKR	48002	RSKR-201	MANE
RSL1D1	48006	RSL1D1-204	MANE
RSL24D1	48008	RSL24D1-201	MANE
RSPH1	48013	RSPH1-201	MANE
RSPH3	48015	RSPH3-201	MANE
RSPH4A	48018	RSPH4A-201	MANE
RSPH9	48019	RSPH9-201	MANE
RSPO2	48020	RSPO2-201	MANE
RSPO3	48025	RSPO3-201	MANE
RSPRY1	48028	RSPRY1-201	MANE
RSRC1	48034	RSRC1-215	MANE
RSRC2	48047	RSRC2-201	MANE
RSRP1	48056	RSRP1-201	MANE
RSU1	48059	RSU1-201	MANE
RTCA	48063	RTCA-203	MANE
RTCA-AS1	48066	RTCA-AS1-203	longest_CDS
RTCB	48068	RTCB-201	MANE
RTEL1	48069	RTEL1-203	MANE
RTF1	48075	RTF1-201	MANE
RTF2	48077	RTF2-202	MANE
RTKN	48081	RTKN-202	MANE
RTKN2	48088	RTKN2-202	MANE
RTL10	48091	RTL10-201	MANE
RTL5	48093	RTL5-202	Ensembl
RTL6	48094	RTL6-201	MANE
RTL8A	48095	RTL8A-201	MANE
RTL8B	48096	RTL8B-201	MANE
RTL8C	48097	RTL8C-201	MANE
RTN1	48100	RTN1-201	MANE
RTN2	48105	RTN2-202	longest_CDS
RTN3	48114	RTN3-206	MANE
RTN4	48122	RTN4-202	MANE
RTN4IP1	48126	RTN4IP1-201	MANE
RTN4R	48129	RTN4R-201	MANE
RTN4RL1	48130	RTN4RL1-201	MANE
RTN4RL2	48131	RTN4RL2-201	MANE
RTP1	48132	RTP1-201	MANE
RTP4	48133	RTP4-201	MANE
RTP5	48134	RTP5-201	MANE
RTRAF	48135	RTRAF-201	MANE
RTTN	48150	RTTN-222	MANE
RUBCN	48157	RUBCN-202	MANE
RUBCNL	48161	RUBCNL-208	MANE
RUFY1	48166	RUFY1-201	MANE
RUFY2	48174	RUFY2-213	MANE
RUFY3	48176	RUFY3-202	MANE
RUNDC1	48180	RUNDC1-201	MANE
RUNDC3A	48183	RUNDC3A-202	MANE
RUNDC3A-AS1	48188	RUNDC3A-AS1-201	longest_CDS
RUNDC3B	48189	RUNDC3B-203	MANE
RUNX1	48198	transcript28680.chr21.nic	longest_CDS
RUNX1T1	48203	RUNX1T1-204	Ensembl
RUNX2	48213	RUNX2-211	longest_CDS
RUSC1	48217	RUSC1-204	MANE
RUSC2	48225	RUSC2-201	MANE
RUSF1	48228	RUSF1-201	MANE
RUSF1-DT	48231	RUSF1-DT-202	Ensembl
RUVBL1	48235	RUVBL1-201	MANE
RUVBL2	48237	RUVBL2-206	MANE
RWDD1	48243	RWDD1-202	MANE
RWDD2A	48244	RWDD2A-201	MANE
RWDD2B	48245	RWDD2B-207	MANE
RWDD3	48252	RWDD3-202	MANE
RWDD3-DT	48255	RWDD3-DT-203	Ensembl
RWDD4	48259	transcript215508.chr4.nic	longest_CDS
RXFP1	48263	RXFP1-201	MANE
RXFP2	48265	RXFP2-201	MANE
RXFP3	48266	RXFP3-201	MANE
RXRA	48267	transcript223537.chr9.nnic	longest_CDS
RXRB	48269	RXRB-201	MANE
RXRG	48272	RXRG-201	MANE
RXYLT1	48280	RXYLT1-201	MANE
RYBP	48283	RYBP-201	Ensembl
RYK	48285	RYK-208	MANE
RYR1	48287	RYR1-202	MANE
RYR2	48292	RYR2-201	MANE
RYR3	48296	RYR3-208	longest_CDS
RYR3-DT	48303	RYR3-DT-203	Ensembl
S100A10	48304	S100A10-202	MANE
S100A11	48305	S100A11-201	MANE
S100A13	48307	S100A13-204	APPRIS
S100A16	48309	S100A16-204	MANE
S100A4	48311	S100A4-204	MANE
S100A6	48313	S100A6-201	MANE
S100A8	48314	S100A8-202	MANE
S100A9	48315	S100A9-201	MANE
S100B	48318	S100B-201	MANE
S100PBP	48321	S100PBP-202	MANE
S100Z	48324	transcript104577.chr5.nnic	longest_CDS
S1PR1	48325	S1PR1-201	MANE
S1PR1-DT	48326	S1PR1-DT-202	Ensembl
S1PR2	48327	S1PR2-201	MANE
S1PR3	48328	S1PR3-202	MANE
S1PR4	48331	S1PR4-201	MANE
S1PR5	48333	S1PR5-201	MANE
SAAL1	48336	SAAL1-202	MANE
SAC3D1	48339	SAC3D1-204	MANE
SACM1L	48348	SACM1L-201	MANE
SACS	48358	SACS-201	MANE
SAE1	48372	SAE1-201	MANE
SAFB	48380	SAFB-205	MANE
SAFB2	48388	SAFB2-201	MANE
SALL1	48393	SALL1-201	MANE
SALL2	48394	SALL2-202	MANE
SALL3	48397	SALL3-202	MANE
SALL4	48398	SALL4-201	MANE
SAMD1	48399	SAMD1-202	Ensembl
SAMD10	48400	SAMD10-201	MANE
SAMD12	48402	SAMD12-201	MANE
SAMD12-AS1			no_CDS
SAMD13	48406	SAMD13-206	MANE
SAMD14	48408	SAMD14-202	MANE
SAMD15	48409	SAMD15-201	MANE
SAMD4A	48411	SAMD4A-204	MANE
SAMD4B	48418	SAMD4B-212	MANE
SAMD5	48420	SAMD5-201	MANE
SAMD8	48421	SAMD8-205	longest_CDS
SAMD9	48425	SAMD9-201	MANE
SAMD9L	48427	SAMD9L-201	MANE
SAMHD1	48440	SAMHD1-221	MANE
SAMM50	48443	SAMM50-201	MANE
SAMMSON			no_CDS
SAMSN1	48446	SAMSN1-204	MANE
SANBR	48452	SANBR-203	MANE
SAP130	48454	SAP130-206	MANE
SAP18	48457	SAP18-201	MANE
SAP30	48461	SAP30-201	MANE
SAP30-DT	48462	SAP30-DT-206	longest_CDS
SAP30BP	48470	SAP30BP-225	MANE
SAP30L	48471	SAP30L-201	MANE
SAPCD1	48473	SAPCD1-208	MANE
SAPCD2	48475	SAPCD2-201	MANE
SAR1A	48477	SAR1A-204	MANE
SAR1B	48481	SAR1B-201	MANE
SARAF	48484	SARAF-201	MANE
SARM1	48489	SARM1-208	MANE
SARNP	48493	SARNP-201	MANE
SARS1	48495	SARS1-201	MANE
SARS2	48502	SARS2-201	MANE
SART1	48503	SART1-201	MANE
SART3	48511	SART3-206	MANE
SASH1	48516	SASH1-201	MANE
SASH3	48518	SASH3-201	MANE
SASS6	48520	SASS6-201	MANE
SAT1	48525	SAT1-204	MANE
SAT2	48527	SAT2-201	MANE
SATB1	48535	SATB1-201	MANE
SATB1-AS1	48539	SATB1-AS1-273	Ensembl
SATB2	48541	SATB2-202	MANE
SATB2-AS1			no_CDS
SATL1	48549	SATL1-203	MANE
SAV1	48551	SAV1-201	MANE
SAXO2			no_CDS
SAYSD1	48555	SAYSD1-201	MANE
SBDS	48562	SBDS-201	MANE
SBDSP1	48565	SBDSP1-208	longest_CDS
SBF1	48578	SBF1-255	longest_CDS
SBF2	48588	SBF2-227	longest_CDS
SBF2-AS1	48603	SBF2-AS1-209	Ensembl
SBK1	48604	SBK1-201	MANE
SBNO1	48607	SBNO1-203	MANE
SBNO1-AS1	48608	SBNO1-AS1-202	Ensembl
SBNO2	48610	SBNO2-201	MANE
SBSPON	48611	SBSPON-201	MANE
SC5D	48612	SC5D-201	MANE
SCAF1	48617	SCAF1-201	MANE
SCAF11	48624	SCAF11-202	MANE
SCAF4	48628	SCAF4-201	MANE
SCAF8	48630	SCAF8-201	MANE
SCAI	48634	SCAI-201	MANE
SCAMP1	48635	SCAMP1-207	MANE
SCAMP1-AS1			no_CDS
SCAMP2	48640	SCAMP2-201	MANE
SCAMP3	48642	SCAMP3-201	MANE
SCAMP4	48645	SCAMP4-201	MANE
SCAMP5	48648	SCAMP5-202	MANE
SCAND1	48653	SCAND1-201	MANE
SCAND3	48656	SCAND3-201	MANE
SCAP	48659	SCAP-201	MANE
SCAPER	48663	SCAPER-207	MANE
SCARA3	48670	SCARA3-201	MANE
SCARA5	48672	transcript70164.chr8.nic	longest_CDS
SCARB1	48677	SCARB1-201	MANE
SCARB2	48687	SCARB2-201	MANE
SCARF1	48701	SCARF1-201	MANE
SCARF2	48702	SCARF2-202	MANE
SCART1	48704	SCART1-201	longest_CDS
SCCPDH	48705	SCCPDH-201	MANE
SCD	48708	SCD-201	MANE
SCD5	48711	SCD5-202	MANE
SCEL	48713	transcript67869.chr13.nnic	longest_CDS
SCFD1	48735	SCFD1-203	MANE
SCFD2	48738	SCFD2-202	MANE
SCG2	48740	SCG2-201	MANE
SCG3	48741	SCG3-201	MANE
SCG5	48744	SCG5-201	MANE
SCGB2B2	48749	SCGB2B2-203	MANE
SCGN	48751	SCGN-201	MANE
SCHIP1	48753	SCHIP1-201	Ensembl
SCIMP	48758	SCIMP-203	MANE
SCIN	48759	SCIN-201	MANE
SCLT1	48765	SCLT1-201	MANE
SCLY	48769	SCLY-201	MANE
SCMH1	48771	SCMH1-213	MANE
SCML1	48778	SCML1-207	longest_CDS
SCML2	48783	SCML2-201	MANE
SCML4	48787	SCML4-201	MANE
SCN11A			no_CDS
SCN1A	48801	SCN1A-201	longest_CDS
SCN1A-AS1			no_CDS
SCN1B	48813	SCN1B-201	MANE
SCN2A	48822	SCN2A-202	MANE
SCN2B	48829	SCN2B-201	MANE
SCN3A	48837	SCN3A-201	MANE
SCN3B	48844	SCN3B-201	MANE
SCN4B	48845	transcript182294.chr11.nnic	longest_CDS
SCN5A	48847	SCN5A-203	longest_CDS
SCN7A	48848	SCN7A-205	MANE
SCN8A	48861	SCN8A-209	MANE
SCN9A	48867	SCN9A-206	MANE
SCNM1	48870	SCNM1-202	MANE
SCNN1D	48873	SCNN1D-206	longest_CDS
SCNN1G	48874	SCNN1G-201	MANE
SCO1	48876	SCO1-201	MANE
SCO2	48877	SCO2-202	MANE
SCOC	48879	SCOC-209	MANE
SCOC-AS1	48881	SCOC-AS1-205	longest_CDS
SCP2	48886	SCP2-203	MANE
SCPEP1	48889	SCPEP1-201	MANE
SCRG1	48892	SCRG1-201	MANE
SCRIB	48895	SCRIB-202	MANE
SCRN1	48901	SCRN1-201	MANE
SCRN2	48906	SCRN2-201	MANE
SCRN3	48911	SCRN3-201	MANE
SCTR	48912	SCTR-201	MANE
SCTR-AS1	48913	SCTR-AS1-202	Ensembl
SCUBE1	48914	SCUBE1-202	MANE
SCUBE2	48919	SCUBE2-214	MANE
SCUBE3	48920	SCUBE3-201	MANE
SCUBE3-AS1	48921	SCUBE3-AS1-201	Ensembl
SCX	48922	SCX-201	MANE
SCYL1	48925	SCYL1-201	MANE
SCYL2	48928	SCYL2-201	MANE
SCYL3	48931	SCYL3-202	MANE
SDAD1	48936	SDAD1-201	MANE
SDC2	48938	SDC2-201	MANE
SDC3	48940	SDC3-202	MANE
SDC4	48942	SDC4-201	MANE
SDCBP	48945	SDCBP-201	MANE
SDCBP2	48948	SDCBP2-203	longest_CDS
SDCBP2-AS1	48950	SDCBP2-AS1-204	Ensembl
SDCCAG8	48955	SDCCAG8-201	MANE
SDE2	48958	SDE2-201	MANE
SDF2	48961	SDF2-201	MANE
SDF2L1	48963	SDF2L1-201	MANE
SDF4	48966	SDF4-202	MANE
SDHA	48979	SDHA-201	MANE
SDHAF1	48980	SDHAF1-201	MANE
SDHAF2	48982	SDHAF2-201	MANE
SDHAF3	48984	SDHAF3-202	MANE
SDHAF4	48985	SDHAF4-201	MANE
SDHAP1	48989	SDHAP1-206	Ensembl
SDHAP4	48991	SDHAP4-203	longest_CDS
SDHB	48997	SDHB-201	MANE
SDHC	49001	SDHC-202	MANE
SDHD	49003	SDHD-201	MANE
SDK1	49005	SDK1-202	MANE
SDK2	49007	SDK2-201	MANE
SDR16C5	49009	SDR16C5-201	MANE
SDR39U1	49015	SDR39U1-201	MANE
SDS	49016	SDS-201	MANE
SDSL	49017	SDSL-202	MANE
SEC11A	49022	SEC11A-201	MANE
SEC11C	49027	SEC11C-204	MANE
SEC13	49031	SEC13-202	MANE
SEC14L1	49036	SEC14L1-204	MANE
SEC14L2	49044	SEC14L2-214	MANE
SEC14L5	49046	SEC14L5-201	MANE
SEC14L6	49048	SEC14L6-203	longest_CDS
SEC16A	49053	SEC16A-210	MANE
SEC16B	49059	SEC16B-201	MANE
SEC22A	49061	SEC22A-210	MANE
SEC22B	49062	SEC22B-201	MANE
SEC22C	49064	SEC22C-201	MANE
SEC23A	49066	SEC23A-201	MANE
SEC23B	49070	SEC23B-211	MANE
SEC23IP	49074	SEC23IP-201	MANE
SEC24A	49076	SEC24A-202	MANE
SEC24B	49077	SEC24B-201	MANE
SEC24B-AS1			no_CDS
SEC24C	49084	SEC24C-202	MANE
SEC24D	49087	SEC24D-201	MANE
SEC31A	49097	SEC31A-205	MANE
SEC31B	49108	SEC31B-201	MANE
SEC61A1	49117	SEC61A1-201	MANE
SEC61A2	49121	SEC61A2-201	MANE
SEC61B	49123	SEC61B-201	MANE
SEC61G	49125	SEC61G-201	MANE
SEC62	49127	SEC62-201	MANE
SEC63	49131	SEC63-201	MANE
SECISBP2	49138	SECISBP2-202	MANE
SECISBP2L	49140	SECISBP2L-209	MANE
SECTM1	49143	SECTM1-201	MANE
SEH1L	49145	SEH1L-202	MANE
SEL1L	49146	SEL1L-201	MANE
SEL1L3	49150	transcript68635.chr4.nic	longest_CDS
SELE	49152	SELE-201	MANE
SELENBP1	49156	SELENBP1-201	MANE
SELENOF	49161	SELENOF-201	MANE
SELENOH	49162	SELENOH-204	MANE
SELENOI	49166	SELENOI-201	MANE
SELENOK	49167	SELENOK-204	MANE
SELENOM	49168	SELENOM-201	MANE
SELENON	49171	SELENON-202	MANE
SELENOO	49172	SELENOO-201	MANE
SELENOP	49177	SELENOP-214	MANE
SELENOS	49178	SELENOS-203	MANE
SELENOT	49182	SELENOT-202	MANE
SELENOW	49184	SELENOW-211	MANE
SELL	49190	SELL-207	longest_CDS
SELPLG	49192	SELPLG-203	MANE
SEM1	49193	SEM1-201	MANE
SEMA3A	49209	SEMA3A-201	MANE
SEMA3B	49218	SEMA3B-212	MANE
SEMA3B-AS1	49219	SEMA3B-AS1-201	Ensembl
SEMA3C	49220	SEMA3C-201	MANE
SEMA3D	49222	SEMA3D-201	MANE
SEMA3E	49223	SEMA3E-204	MANE
SEMA4A	49224	SEMA4A-201	APPRIS
SEMA4B	49227	SEMA4B-202	MANE
SEMA4C	49231	SEMA4C-201	MANE
SEMA4D	49240	SEMA4D-208	MANE
SEMA4F	49249	SEMA4F-202	MANE
SEMA4G	49250	SEMA4G-201	MANE
SEMA5A	49254	SEMA5A-201	MANE
SEMA5B	49257	SEMA5B-202	MANE
SEMA6A	49264	SEMA6A-202	MANE
SEMA6B	49266	transcript10795.chr19.nic	longest_CDS
SEMA6C	49267	SEMA6C-204	MANE
SEMA6D	49275	SEMA6D-207	MANE
SEMA7A	49279	SEMA7A-201	MANE
SENP1	49281	SENP1-204	MANE
SENP2	49287	SENP2-201	MANE
SENP3	49289	SENP3-201	MANE
SENP5	49291	SENP5-201	MANE
SENP6	49299	SENP6-205	MANE
SENP7	49308	SENP7-207	MANE
SENP8	49310	SENP8-201	MANE
SEPHS1	49312	SEPHS1-201	MANE
SEPHS2	49313	SEPHS2-201	MANE
SEPSECS	49316	SEPSECS-202	MANE
SEPSECS-AS1	49321	SEPSECS-AS1-201	Ensembl
SEPTIN10	49324	SEPTIN10-202	MANE
SEPTIN11	49330	SEPTIN11-201	MANE
SEPTIN2	49336	SEPTIN2-203	MANE
SEPTIN3	49341	SEPTIN3-207	MANE
SEPTIN4	49347	SEPTIN4-227	longest_CDS
SEPTIN5	49358	SEPTIN5-209	MANE
SEPTIN6	49364	SEPTIN6-205	MANE
SEPTIN7	49372	SEPTIN7-201	MANE
SEPTIN7-DT	49379	SEPTIN7-DT-205	Ensembl
SEPTIN7P9			no_CDS
SEPTIN8	49389	SEPTIN8-207	MANE
SEPTIN9	49394	transcript130052.chr17.nic	longest_CDS
SERAC1	49401	SERAC1-217	MANE
SERBP1	49405	SERBP1-201	MANE
SERF1A	49408	SERF1A-201	MANE
SERF1B	49410	SERF1B-201	MANE
SERF2	49414	SERF2-201	MANE
SERGEF	49417	SERGEF-201	MANE
SERHL2	49424	SERHL2-201	MANE
SERINC1	49425	SERINC1-201	MANE
SERINC3	49426	SERINC3-202	MANE
SERINC5	49429	SERINC5-202	MANE
SERP1	49432	SERP1-201	MANE
SERP2	49435	SERP2-201	MANE
SERPINA1	49436	SERPINA1-207	longest_CDS
SERPINA3	49438	SERPINA3-201	MANE
SERPINA5	49443	SERPINA5-207	longest_CDS
SERPINB1	49444	SERPINB1-201	MANE
SERPINB6	49454	SERPINB6-204	MANE
SERPINB8	49456	SERPINB8-203	MANE
SERPINB9	49458	SERPINB9-201	MANE
SERPINB9P1	49459	SERPINB9P1-208	longest_CDS
SERPIND1	49461	SERPIND1-201	MANE
SERPINE1	49464	SERPINE1-201	MANE
SERPINE2	49465	SERPINE2-202	MANE
SERPINF1	49471	SERPINF1-201	MANE
SERPING1	49473	SERPING1-201	MANE
SERPINH1	49477	SERPINH1-201	MANE
SERPINI1	49481	SERPINI1-202	MANE
SERTAD1	49482	SERTAD1-201	MANE
SERTAD2	49483	SERTAD2-201	MANE
SERTAD3	49484	SERTAD3-201	MANE
SERTAD4	49486	SERTAD4-201	MANE
SERTAD4-AS1			no_CDS
SERTM1	49489	SERTM1-201	MANE
SESN1	49491	SESN1-204	MANE
SESN2	49493	SESN2-201	MANE
SESN3	49496	SESN3-203	MANE
SESTD1	49498	SESTD1-203	MANE
SET	49500	SET-201	MANE
SETBP1	49504	SETBP1-206	longest_CDS
SETD1A	49512	SETD1A-206	APPRIS
SETD1B	49516	SETD1B-202	MANE
SETD2	49517	SETD2-202	MANE
SETD3	49530	SETD3-202	MANE
SETD4	49538	SETD4-201	MANE
SETD5	49543	SETD5-202	MANE
SETD6	49566	SETD6-201	MANE
SETD7	49573	SETD7-201	MANE
SETD9	49577	SETD9-201	MANE
SETDB1	49578	SETDB1-220	MANE
SETDB2	49588	SETDB2-204	MANE
SETMAR	49593	SETMAR-201	MANE
SETX	49594	SETX-201	MANE
SEZ6	49597	SEZ6-201	MANE
SEZ6L	49599	SEZ6L-201	MANE
SEZ6L2	49603	SEZ6L2-201	longest_CDS
SF1	49606	SF1-201	longest_CDS
SF3A1	49609	SF3A1-201	MANE
SF3A2	49610	SF3A2-201	MANE
SF3A3	49613	SF3A3-201	MANE
SF3B1	49618	SF3B1-201	MANE
SF3B2	49626	SF3B2-201	MANE
SF3B3	49631	SF3B3-201	MANE
SF3B4	49632	SF3B4-201	MANE
SF3B5	49633	SF3B5-201	MANE
SF3B6	49636	SF3B6-201	MANE
SFI1	49640	SFI1-203	MANE
SFMBT1	49649	SFMBT1-201	MANE
SFMBT2	49651	SFMBT2-204	MANE
SFN	49654	SFN-201	MANE
SFPQ	49655	SFPQ-211	longest_CDS
SFR1	49661	SFR1-201	MANE
SFRP1	49665	SFRP1-201	MANE
SFRP2	49666	SFRP2-201	MANE
SFRP4	49667	SFRP4-201	MANE
SFRP5	49668	SFRP5-201	MANE
SFSWAP	49676	SFSWAP-201	MANE
SFT2D1	49678	SFT2D1-201	MANE
SFT2D2	49682	SFT2D2-201	MANE
SFT2D3	49683	SFT2D3-201	MANE
SFTPD	49684	SFTPD-201	MANE
SFTPD-AS1	49687	SFTPD-AS1-201	Ensembl
SFXN1	49688	SFXN1-201	MANE
SFXN2	49692	SFXN2-201	MANE
SFXN3	49695	SFXN3-201	MANE
SFXN4	49697	SFXN4-201	MANE
SFXN5	49699	SFXN5-201	MANE
SGCA	49703	SGCA-201	MANE
SGCB	49704	SGCB-201	MANE
SGCD	49705	SGCD-203	longest_CDS
SGCE	49725	SGCE-298	MANE
SGCG	49728	SGCG-201	MANE
SGCZ	49729	SGCZ-201	MANE
SGF29	49731	SGF29-201	MANE
SGIP1	49733	SGIP1-203	MANE
SGK1	49762	SGK1-204	MANE
SGK2	49766	SGK2-201	longest_CDS
SGK3	49770	SGK3-208	MANE
SGMS1	49773	SGMS1-202	MANE
SGMS1-AS1	49778	SGMS1-AS1-201	Ensembl
SGMS2	49780	SGMS2-210	MANE
SGO1	49781	SGO1-203	MANE
SGO2	49784	SGO2-201	MANE
SGPL1	49785	SGPL1-202	MANE
SGPP1	49790	SGPP1-201	MANE
SGPP2	49791	SGPP2-201	MANE
SGSH	49794	SGSH-201	MANE
SGSM1	49796	SGSM1-201	MANE
SGSM2	49805	SGSM2-201	MANE
SGSM3	49806	SGSM3-201	MANE
SGTA	49819	SGTA-201	MANE
SGTB	49826	SGTB-201	MANE
SH2B1	49829	SH2B1-203	longest_CDS
SH2B2	49830	SH2B2-201	MANE
SH2B3	49832	SH2B3-201	MANE
SH2D3C	49835	SH2D3C-203	longest_CDS
SH2D4A	49837	SH2D4A-201	MANE
SH2D5	49838	SH2D5-202	MANE
SH2D6	49839	SH2D6-203	MANE
SH3BGR	49843	SH3BGR-201	MANE
SH3BGRL	49845	SH3BGRL-201	MANE
SH3BGRL2	49847	SH3BGRL2-201	MANE
SH3BGRL3	49848	SH3BGRL3-201	MANE
SH3BP1	49850	transcript42260.chr22.nic	longest_CDS
SH3BP2	49851	SH3BP2-206	MANE
SH3BP4	49855	SH3BP4-202	MANE
SH3BP5	49858	SH3BP5-202	MANE
SH3BP5-AS1	49863	SH3BP5-AS1-202	Ensembl
SH3BP5L	49865	SH3BP5L-201	MANE
SH3D19	49872	SH3D19-210	MANE
SH3D21	49874	SH3D21-206	longest_CDS
SH3GL1	49876	SH3GL1-201	MANE
SH3GL2	49879	SH3GL2-201	MANE
SH3GL3	49882	SH3GL3-202	MANE
SH3GLB1	49890	SH3GLB1-201	MANE
SH3GLB2	49895	SH3GLB2-203	MANE
SH3KBP1	49921	SH3KBP1-205	MANE
SH3PXD2A	49924	SH3PXD2A-202	longest_CDS
SH3PXD2B	49925	SH3PXD2B-201	MANE
SH3RF1	49935	SH3RF1-201	MANE
SH3RF2	49937	SH3RF2-201	MANE
SH3RF3	49940	SH3RF3-201	MANE
SH3RF3-AS1	49941	SH3RF3-AS1-201	Ensembl
SH3TC1	49942	SH3TC1-201	MANE
SH3TC2	49952	SH3TC2-215	MANE
SH3TC2-DT			no_CDS
SH3YL1	49962	SH3YL1-201	MANE
SHANK1	49968	SHANK1-201	MANE
SHANK2	49970	SHANK2-219	longest_CDS
SHANK3	49975	SHANK3-201	Ensembl
SHARPIN	49977	SHARPIN-202	MANE
SHB	49978	SHB-201	MANE
SHBG	49979	transcript16587.chr17.nic	longest_CDS
SHC1	49983	SHC1-210	MANE
SHC2	49987	SHC2-201	MANE
SHC3	49988	SHC3-202	MANE
SHC4	49990	SHC4-201	MANE
SHCBP1	49992	SHCBP1-201	MANE
SHD	49994	SHD-201	MANE
SHF	49997	SHF-212	MANE
SHFL	49999	SHFL-201	MANE
SHISA2	50003	SHISA2-201	MANE
SHISA4	50004	SHISA4-201	MANE
SHISA5	50012	SHISA5-201	MANE
SHISA6	50013	SHISA6-203	longest_CDS
SHISA7	50015	SHISA7-201	MANE
SHISA8	50017	SHISA8-202	MANE
SHISA9	50020	SHISA9-203	MANE
SHKBP1	50021	SHKBP1-201	MANE
SHLD1	50024	SHLD1-201	MANE
SHLD2	50028	SHLD2-202	MANE
SHLD3	50030	SHLD3-201	MANE
SHMT1	50034	SHMT1-201	MANE
SHMT2	50037	SHMT2-201	MANE
SHOC2	50050	SHOC2-202	MANE
SHOX2	50052	SHOX2-204	longest_CDS
SHPK	50053	SHPK-201	MANE
SHPRH	50056	SHPRH-201	MANE
SHQ1	50061	SHQ1-201	MANE
SHROOM1	50063	SHROOM1-203	MANE
SHROOM2	50067	SHROOM2-201	MANE
SHROOM3	50069	SHROOM3-201	MANE
SHROOM4	50070	SHROOM4-201	longest_CDS
SHTN1	50073	SHTN1-202	MANE
SIAE	50081	SIAE-201	MANE
SIAH1	50084	SIAH1-203	MANE
SIAH2	50085	SIAH2-201	MANE
SIAH3	50086	SIAH3-201	MANE
SIDT1	50088	SIDT1-201	MANE
SIDT2	50092	SIDT2-202	MANE
SIGIRR	50093	SIGIRR-206	longest_CDS
SIGLEC1	50095	SIGLEC1-201	MANE
SIGLEC10	50096	SIGLEC10-201	MANE
SIGLEC11	50101	SIGLEC11-203	MANE
SIGLEC5	50102	SIGLEC5-202	MANE
SIGLEC7	50103	transcript134996.chr19.nic	longest_CDS
SIGLEC8	50104	SIGLEC8-201	MANE
SIGLEC9	50107	SIGLEC9-201	MANE
SIGMAR1	50109	SIGMAR1-201	MANE
SIK1	50113	SIK1-201	MANE
SIK2	50114	SIK2-201	MANE
SIK3	50120	SIK3-204	MANE
SIKE1	50127	SIKE1-201	MANE
SIL1	50128	SIL1-202	MANE
SILC1	50131	SILC1-207	longest_CDS
SIM2	50140	SIM2-201	MANE
SIMC1	50142	SIMC1-203	MANE
SIN3A	50145	SIN3A-202	MANE
SIN3B	50152	SIN3B-201	MANE
SINHCAF	50157	SINHCAF-201	MANE
SIPA1	50158	SIPA1-209	MANE
SIPA1L1	50162	SIPA1L1-202	MANE
SIPA1L2	50168	SIPA1L2-206	MANE
SIPA1L3	50174	SIPA1L3-201	MANE
SIRPA	50179	SIRPA-202	MANE
SIRT1	50180	SIRT1-201	MANE
SIRT2	50183	SIRT2-201	MANE
SIRT3	50185	SIRT3-201	MANE
SIRT4	50188	SIRT4-201	MANE
SIRT5	50192	SIRT5-205	MANE
SIRT6	50199	SIRT6-202	MANE
SIRT7	50205	SIRT7-201	MANE
SIVA1	50210	SIVA1-201	MANE
SIX1	50211	SIX1-205	MANE
SIX3	50212	SIX3-201	MANE
SIX4	50214	SIX4-201	MANE
SKA2	50216	SKA2-201	MANE
SKA3	50219	SKA3-201	longest_CDS
SKAP1	50220	transcript89375.chr17.nic	longest_CDS
SKAP2	50221	SKAP2-201	MANE
SKI	50222	SKI-201	MANE
SKIC2	50227	SKIC2-201	MANE
SKIC3	50259	SKIC3-201	MANE
SKIC8	50274	SKIC8-201	MANE
SKIDA1	50275	SKIDA1-202	MANE
SKIL	50278	SKIL-205	APPRIS
SKP1	50281	SKP1-202	MANE
SKP2	50294	SKP2-202	MANE
SLA	50297	SLA-201	MANE
SLAIN1	50305	SLAIN1-206	MANE
SLAIN2	50310	SLAIN2-201	MANE
SLAMF8	50312	SLAMF8-201	MANE
SLBP	50315	SLBP-206	MANE
SLC10A3	50316	SLC10A3-201	APPRIS
SLC10A4	50318	SLC10A4-201	MANE
SLC10A5	50320	SLC10A5-201	MANE
SLC10A7	50321	SLC10A7-201	MANE
SLC11A1	50325	SLC11A1-201	MANE
SLC11A2	50331	SLC11A2-201	MANE
SLC12A1	50338	SLC12A1-211	longest_CDS
SLC12A2	50341	SLC12A2-201	MANE
SLC12A2-DT	50348	SLC12A2-DT-201	Ensembl
SLC12A4	50351	SLC12A4-201	MANE
SLC12A5	50358	SLC12A5-201	MANE
SLC12A6	50361	SLC12A6-207	longest_CDS
SLC12A7	50362	SLC12A7-201	MANE
SLC12A8	50363	SLC12A8-202	longest_CDS
SLC12A9	50365	SLC12A9-209	longest_CDS
SLC13A3	50369	SLC13A3-201	MANE
SLC13A4	50372	SLC13A4-208	MANE
SLC13A5	50376	SLC13A5-203	MANE
SLC14A1	50379	SLC14A1-201	MANE
SLC15A2	50380	SLC15A2-205	MANE
SLC15A4	50382	SLC15A4-201	MANE
SLC16A1	50386	SLC16A1-201	MANE
SLC16A1-AS1			no_CDS
SLC16A10	50393	SLC16A10-202	MANE
SLC16A11	50395	SLC16A11-203	longest_CDS
SLC16A13	50396	SLC16A13-201	MANE
SLC16A14	50397	SLC16A14-201	MANE
SLC16A2	50399	SLC16A2-201	MANE
SLC16A3	50401	SLC16A3-213	MANE
SLC16A4	50402	SLC16A4-201	MANE
SLC16A4-AS1	50405	SLC16A4-AS1-201	Ensembl
SLC16A6	50406	SLC16A6-202	MANE
SLC16A7	50409	SLC16A7-203	MANE
SLC16A9	50411	SLC16A9-202	MANE
SLC17A5	50412	SLC17A5-201	MANE
SLC17A6	50414	SLC17A6-201	MANE
SLC17A7	50416	SLC17A7-201	MANE
SLC17A8	50420	SLC17A8-201	MANE
SLC17A9			no_CDS
SLC18A2	50422	SLC18A2-202	MANE
SLC18B1	50426	SLC18B1-201	MANE
SLC19A1	50428	SLC19A1-201	MANE
SLC19A2	50434	SLC19A2-201	MANE
SLC19A3	50436	SLC19A3-210	MANE
SLC1A1	50438	SLC1A1-201	MANE
SLC1A2	50443	SLC1A2-201	MANE
SLC1A3	50476	SLC1A3-201	MANE
SLC1A3-AS1			no_CDS
SLC1A4	50486	SLC1A4-201	MANE
SLC1A5	50489	SLC1A5-203	MANE
SLC1A6	50491	SLC1A6-204	MANE
SLC20A1	50494	SLC20A1-201	MANE
SLC20A1-DT	50495	SLC20A1-DT-201	longest_CDS
SLC20A2	50499	SLC20A2-208	MANE
SLC22A10	50502	SLC22A10-202	longest_CDS
SLC22A14	50503	SLC22A14-204	longest_CDS
SLC22A15	50505	SLC22A15-202	MANE
SLC22A17	50510	SLC22A17-202	MANE
SLC22A18	50512	SLC22A18-213	MANE
SLC22A23	50514	SLC22A23-203	MANE
SLC22A3	50516	SLC22A3-201	MANE
SLC22A4	50517	SLC22A4-201	MANE
SLC22A5	50519	SLC22A5-201	MANE
SLC22A6	50524	SLC22A6-201	MANE
SLC22A8	50526	SLC22A8-202	MANE
SLC22A9	50528	SLC22A9-201	MANE
SLC23A2	50531	SLC23A2-201	MANE
SLC24A1	50533	SLC24A1-201	MANE
SLC24A2	50535	SLC24A2-202	MANE
SLC24A3	50537	SLC24A3-201	MANE
SLC24A4	50540	SLC24A4-205	MANE
SLC25A1	50546	SLC25A1-201	MANE
SLC25A10	50550	SLC25A10-202	MANE
SLC25A11	50551	SLC25A11-201	MANE
SLC25A12	50554	SLC25A12-202	MANE
SLC25A13	50559	SLC25A13-201	MANE
SLC25A14	50561	SLC25A14-214	MANE
SLC25A15	50564	SLC25A15-205	APPRIS
SLC25A16	50566	SLC25A16-207	MANE
SLC25A17	50569	SLC25A17-210	MANE
SLC25A18	50571	SLC25A18-201	MANE
SLC25A19	50576	SLC25A19-204	MANE
SLC25A2	50578	SLC25A2-201	MANE
SLC25A20	50579	SLC25A20-201	MANE
SLC25A21	50581	SLC25A21-201	MANE
SLC25A21-AS1	50583	SLC25A21-AS1-201	Ensembl
SLC25A22	50584	SLC25A22-228	MANE
SLC25A23	50587	SLC25A23-202	MANE
SLC25A24	50590	SLC25A24-203	MANE
SLC25A25	50596	SLC25A25-204	MANE
SLC25A25-AS1	50597	SLC25A25-AS1-201	Ensembl
SLC25A26	50608	SLC25A26-202	MANE
SLC25A27	50611	SLC25A27-201	MANE
SLC25A28	50613	SLC25A28-201	MANE
SLC25A28-DT	50615	SLC25A28-DT-201	Ensembl
SLC25A29	50620	SLC25A29-201	MANE
SLC25A3	50628	SLC25A3-216	MANE
SLC25A30	50631	SLC25A30-204	MANE
SLC25A32	50634	transcript151410.chr8.nnic	longest_CDS
SLC25A33	50637	SLC25A33-201	MANE
SLC25A34	50638	SLC25A34-201	MANE
SLC25A35	50639	SLC25A35-202	MANE
SLC25A36	50640	SLC25A36-201	MANE
SLC25A37	50649	SLC25A37-206	MANE
SLC25A38	50652	SLC25A38-209	MANE
SLC25A39	50657	SLC25A39-202	MANE
SLC25A4	50658	SLC25A4-201	MANE
SLC25A40	50660	SLC25A40-201	MANE
SLC25A42	50666	SLC25A42-201	MANE
SLC25A43	50668	SLC25A43-201	MANE
SLC25A44	50671	SLC25A44-201	MANE
SLC25A45	50675	SLC25A45-202	MANE
SLC25A46	50679	SLC25A46-201	MANE
SLC25A48	50688	SLC25A48-211	MANE
SLC25A5	50690	SLC25A5-201	MANE
SLC25A5-AS1	50692	SLC25A5-AS1-207	Ensembl
SLC25A51	50694	SLC25A51-201	MANE
SLC25A53	50698	transcript123499.chrX.nnic	longest_CDS
SLC25A6	50700	SLC25A6-201	MANE
SLC26A11	50703	SLC26A11-201	MANE
SLC26A2	50706	SLC26A2-201	MANE
SLC26A4	50708	SLC26A4-207	MANE
SLC26A4-AS1	50710	SLC26A4-AS1-211	Ensembl
SLC26A6	50716	SLC26A6-207	longest_CDS
SLC26A8	50718	SLC26A8-208	MANE
SLC26A9	50722	SLC26A9-203	MANE
SLC27A1	50726	SLC27A1-201	MANE
SLC27A2	50728	SLC27A2-201	MANE
SLC27A3	50735	SLC27A3-201	longest_CDS
SLC27A4	50739	SLC27A4-201	MANE
SLC27A5	50742	SLC27A5-202	longest_CDS
SLC27A6	50745	SLC27A6-201	MANE
SLC28A2-AS1			no_CDS
SLC29A1	50750	SLC29A1-206	MANE
SLC29A2	50754	SLC29A2-202	MANE
SLC29A3	50761	SLC29A3-201	MANE
SLC29A4	50763	SLC29A4-202	MANE
SLC2A1	50767	SLC2A1-203	MANE
SLC2A1-DT	50770	SLC2A1-DT-201	longest_CDS
SLC2A10	50771	SLC2A10-201	MANE
SLC2A11	50772	SLC2A11-202	MANE
SLC2A12	50780	SLC2A12-201	MANE
SLC2A13	50783	SLC2A13-201	MANE
SLC2A3	50786	SLC2A3-201	MANE
SLC2A4	50789	SLC2A4-201	MANE
SLC2A4RG	50790	SLC2A4RG-201	MANE
SLC2A5	50793	SLC2A5-202	MANE
SLC2A6	50795	SLC2A6-202	MANE
SLC2A8	50798	SLC2A8-203	MANE
SLC30A1	50800	SLC30A1-201	MANE
SLC30A10	50801	SLC30A10-202	MANE
SLC30A3	50806	SLC30A3-201	MANE
SLC30A4	50808	SLC30A4-201	MANE
SLC30A5	50810	SLC30A5-202	MANE
SLC30A6	50812	SLC30A6-201	MANE
SLC30A6-DT	50814	SLC30A6-DT-201	Ensembl
SLC30A7	50816	SLC30A7-201	MANE
SLC30A9	50820	SLC30A9-201	MANE
SLC31A1	50821	SLC31A1-201	MANE
SLC31A2	50823	SLC31A2-201	MANE
SLC32A1	50824	SLC32A1-201	MANE
SLC33A1	50829	SLC33A1-207	MANE
SLC34A2	50831	SLC34A2-201	MANE
SLC35A1	50834	SLC35A1-201	MANE
SLC35A2	50837	SLC35A2-201	MANE
SLC35A3	50844	SLC35A3-207	MANE
SLC35A4	50849	SLC35A4-201	MANE
SLC35A5	50852	SLC35A5-206	MANE
SLC35B1	50854	SLC35B1-201	MANE
SLC35B2	50860	SLC35B2-202	MANE
SLC35B3	50864	SLC35B3-202	MANE
SLC35B4	50865	SLC35B4-201	MANE
SLC35C1	50867	SLC35C1-201	MANE
SLC35C2	50868	SLC35C2-204	MANE
SLC35D1	50873	SLC35D1-201	MANE
SLC35D2	50877	SLC35D2-201	MANE
SLC35D3	50878	SLC35D3-201	MANE
SLC35E1	50880	SLC35E1-208	MANE
SLC35E2B	50883	SLC35E2B-205	MANE
SLC35E3	50889	SLC35E3-202	MANE
SLC35E4	50892	SLC35E4-201	MANE
SLC35F1	50894	SLC35F1-201	MANE
SLC35F2	50896	SLC35F2-204	MANE
SLC35F3	50899	SLC35F3-201	APPRIS
SLC35F4	50900	SLC35F4-206	MANE
SLC35F5	50905	SLC35F5-201	MANE
SLC35F6	50907	SLC35F6-201	MANE
SLC35G1	50910	SLC35G1-202	MANE
SLC35G2	50912	SLC35G2-202	MANE
SLC35G5	50914	SLC35G5-201	MANE
SLC36A1	50915	SLC36A1-201	MANE
SLC36A4	50920	SLC36A4-201	MANE
SLC37A1	50927	SLC37A1-201	MANE
SLC37A2	50928	SLC37A2-205	longest_CDS
SLC37A3	50930	SLC37A3-201	MANE
SLC37A4	50940	SLC37A4-201	Ensembl
SLC38A1	50950	SLC38A1-201	MANE
SLC38A10	50956	SLC38A10-202	MANE
SLC38A11	50957	SLC38A11-211	MANE
SLC38A2	50959	SLC38A2-201	MANE
SLC38A3	50962	SLC38A3-206	MANE
SLC38A4	50965	SLC38A4-201	MANE
SLC38A4-AS1			no_CDS
SLC38A5	50967	SLC38A5-213	MANE
SLC38A6	50970	SLC38A6-202	longest_CDS
SLC38A7	50973	SLC38A7-201	MANE
SLC38A9	50979	SLC38A9-202	MANE
SLC39A1	50983	SLC39A1-202	MANE
SLC39A10	50988	SLC39A10-201	MANE
SLC39A11	50991	SLC39A11-201	MANE
SLC39A12	50996	SLC39A12-201	MANE
SLC39A13	50999	SLC39A13-202	MANE
SLC39A13-AS1			no_CDS
SLC39A14	51005	SLC39A14-204	MANE
SLC39A3	51006	SLC39A3-201	MANE
SLC39A6	51009	SLC39A6-201	MANE
SLC39A7	51012	SLC39A7-202	MANE
SLC39A8	51021	SLC39A8-201	MANE
SLC39A9	51023	SLC39A9-202	MANE
SLC3A1	51028	SLC3A1-201	MANE
SLC3A2	51037	SLC3A2-201	MANE
SLC40A1	51050	SLC40A1-201	MANE
SLC41A1	51051	SLC41A1-201	MANE
SLC41A2	51053	SLC41A2-201	MANE
SLC41A3	51056	SLC41A3-203	MANE
SLC43A1	51060	SLC43A1-201	MANE
SLC43A2	51064	SLC43A2-201	MANE
SLC43A3	51065	SLC43A3-203	MANE
SLC44A1	51068	SLC44A1-201	MANE
SLC44A2	51075	SLC44A2-201	MANE
SLC44A3	51079	SLC44A3-201	MANE
SLC44A5	51082	SLC44A5-201	longest_CDS
SLC45A1	51083	SLC45A1-202	MANE
SLC45A3	51088	SLC45A3-201	MANE
SLC45A4	51089	SLC45A4-202	MANE
SLC46A1	51094	SLC46A1-207	MANE
SLC46A2	51095	SLC46A2-201	MANE
SLC46A3	51096	SLC46A3-201	MANE
SLC47A1	51101	SLC47A1-201	MANE
SLC47A2			no_CDS
SLC48A1	51104	SLC48A1-201	MANE
SLC49A3	51106	SLC49A3-209	longest_CDS
SLC49A4	51111	SLC49A4-201	MANE
SLC4A10	51118	SLC4A10-206	MANE
SLC4A11	51122	SLC4A11-207	MANE
SLC4A1AP	51125	SLC4A1AP-201	MANE
SLC4A2	51134	SLC4A2-202	MANE
SLC4A3	51139	SLC4A3-203	MANE
SLC4A4	51144	SLC4A4-201	MANE
SLC4A5	51146	SLC4A5-213	longest_CDS
SLC4A7	51149	SLC4A7-213	MANE
SLC4A8	51154	SLC4A8-203	MANE
SLC50A1	51161	SLC50A1-203	MANE
SLC52A2	51169	SLC52A2-213	MANE
SLC52A3	51175	SLC52A3-205	MANE
SLC5A11	51182	SLC5A11-202	MANE
SLC5A12	51183	SLC5A12-202	MANE
SLC5A3	51184	SLC5A3-201	MANE
SLC5A4	51185	SLC5A4-201	MANE
SLC5A4-AS1	51187	SLC5A4-AS1-202	Ensembl
SLC5A6	51189	SLC5A6-201	MANE
SLC5A8	51195	transcript144235.chr12.nnic	longest_CDS
SLC66A1	51199	SLC66A1-201	MANE
SLC66A2	51204	SLC66A2-203	MANE
SLC66A3	51206	SLC66A3-201	MANE
SLC6A1	51226	SLC6A1-201	MANE
SLC6A11	51233	SLC6A11-201	MANE
SLC6A12	51235	SLC6A12-217	MANE
SLC6A13	51237	SLC6A13-201	MANE
SLC6A15	51247	SLC6A15-201	MANE
SLC6A17	51252	SLC6A17-201	MANE
SLC6A20	51254	SLC6A20-202	MANE
SLC6A6	51257	SLC6A6-204	longest_CDS
SLC6A7	51263	SLC6A7-201	MANE
SLC6A8	51264	SLC6A8-201	MANE
SLC6A9	51265	SLC6A9-205	MANE
SLC7A1	51267	SLC7A1-201	MANE
SLC7A10	51268	SLC7A10-201	MANE
SLC7A11	51269	SLC7A11-201	MANE
SLC7A14	51271	SLC7A14-201	MANE
SLC7A14-AS1	51274	SLC7A14-AS1-203	Ensembl
SLC7A2	51276	SLC7A2-204	MANE
SLC7A3	51277	SLC7A3-202	MANE
SLC7A4	51279	SLC7A4-201	MANE
SLC7A5	51281	SLC7A5-201	MANE
SLC7A6	51282	SLC7A6-201	MANE
SLC7A6OS	51286	SLC7A6OS-201	MANE
SLC7A7	51288	SLC7A7-215	longest_CDS
SLC7A8	51292	SLC7A8-201	MANE
SLC8A1	51298	SLC8A1-201	MANE
SLC8A1-AS1			no_CDS
SLC8A2	51300	SLC8A2-201	MANE
SLC8A3	51305	SLC8A3-202	MANE
SLC8B1	51307	SLC8B1-217	MANE
SLC9A1	51311	SLC9A1-201	MANE
SLC9A2	51315	SLC9A2-201	MANE
SLC9A3-AS1	51316	SLC9A3-AS1-201	longest_CDS
SLC9A5	51318	SLC9A5-201	MANE
SLC9A6	51328	SLC9A6-206	MANE
SLC9A7	51329	SLC9A7-205	MANE
SLC9A8	51333	SLC9A8-201	MANE
SLC9A9	51336	SLC9A9-201	MANE
SLC9B2	51339	SLC9B2-202	MANE
SLCO1A2	51343	SLCO1A2-217	MANE
SLCO1C1	51345	SLCO1C1-201	MANE
SLCO2A1	51347	SLCO2A1-201	MANE
SLCO2B1	51348	SLCO2B1-201	MANE
SLCO3A1	51351	SLCO3A1-201	MANE
SLCO4A1	51357	SLCO4A1-201	MANE
SLCO4A1-AS2	51361	SLCO4A1-AS2-201	Ensembl
SLCO4C1	51362	SLCO4C1-201	MANE
SLCO5A1	51363	SLCO5A1-201	MANE
SLF1	51366	SLF1-201	MANE
SLF2	51368	SLF2-201	MANE
SLFN11	51372	SLFN11-214	MANE
SLFN12	51373	SLFN12-206	longest_CDS
SLFN5	51376	SLFN5-201	MANE
SLFNL1	51377	SLFNL1-202	longest_CDS
SLFNL1-AS1	51378	SLFNL1-AS1-201	Ensembl
SLIRP	51382	SLIRP-209	MANE
SLIT1	51384	SLIT1-201	MANE
SLIT2	51385	SLIT2-204	MANE
SLIT3	51391	SLIT3-205	MANE
SLITRK1	51394	SLITRK1-202	MANE
SLITRK2	51395	SLITRK2-201	MANE
SLITRK3	51401	SLITRK3-202	MANE
SLITRK4	51403	SLITRK4-202	MANE
SLITRK5	51406	SLITRK5-202	MANE
SLK	51407	SLK-202	MANE
SLMAP	51426	SLMAP-230	MANE
SLPI	51427	SLPI-201	MANE
SLTM	51435	SLTM-202	MANE
SLU7	51441	SLU7-201	MANE
SLX1A	51444	SLX1A-201	MANE
SLX1B	51446	SLX1B-201	Ensembl
SLX4	51449	SLX4-201	MANE
SLX4IP	51451	SLX4IP-201	MANE
SMAD1	51454	SMAD1-201	MANE
SMAD2	51465	SMAD2-201	MANE
SMAD3	51466	SMAD3-201	MANE
SMAD4	51468	SMAD4-201	MANE
SMAD5	51477	SMAD5-211	MANE
SMAD6	51479	SMAD6-205	longest_CDS
SMAD7	51480	SMAD7-201	MANE
SMAD9	51487	SMAD9-202	MANE
SMAP1	51491	SMAP1-203	MANE
SMAP2	51493	SMAP2-202	MANE
SMARCA1	51494	SMARCA1-201	MANE
SMARCA2	51501	SMARCA2-209	longest_CDS
SMARCA4	51509	SMARCA4-201	MANE
SMARCA5	51523	SMARCA5-201	MANE
SMARCAD1	51526	SMARCAD1-201	MANE
SMARCAL1	51539	SMARCAL1-201	MANE
SMARCB1	51546	SMARCB1-213	MANE
SMARCC1	51553	SMARCC1-201	MANE
SMARCC2	51559	SMARCC2-209	MANE
SMARCD1	51563	SMARCD1-202	MANE
SMARCD2	51567	SMARCD2-203	MANE
SMARCD3	51576	SMARCD3-201	MANE
SMARCE1	51592	SMARCE1-202	MANE
SMC1A	51605	SMC1A-201	MANE
SMC2	51610	SMC2-203	MANE
SMC2-DT			no_CDS
SMC3	51613	SMC3-201	MANE
SMC4	51624	SMC4-202	MANE
SMC5	51626	SMC5-201	MANE
SMC5-DT	51627	transcript140202.chr9.nnic	longest_CDS
SMC6	51634	SMC6-207	MANE
SMCHD1	51643	SMCHD1-201	MANE
SMCO4	51652	SMCO4-201	MANE
SMCR5	51653	SMCR5-201	Ensembl
SMCR8	51656	SMCR8-201	MANE
SMDT1	51657	SMDT1-201	MANE
SMG1	51663	SMG1-201	MANE
SMG1P5	51669	SMG1P5-202	Ensembl
SMG1P7	51671	SMG1P7-203	Ensembl
SMG5	51673	SMG5-201	MANE
SMG6	51674	SMG6-201	MANE
SMG7	51677	SMG7-216	MANE
SMG7-AS1			no_CDS
SMG8	51688	SMG8-201	MANE
SMG9	51692	SMG9-201	MANE
SMIM10	51694	SMIM10-201	MANE
SMIM10L1	51695	SMIM10L1-201	MANE
SMIM10L2A	51696	SMIM10L2A-201	MANE
SMIM10L2B	51697	SMIM10L2B-201	MANE
SMIM11	51699	SMIM11-201	MANE
SMIM12	51705	SMIM12-206	MANE
SMIM13	51706	SMIM13-202	MANE
SMIM14	51708	SMIM14-201	MANE
SMIM15	51710	SMIM15-201	MANE
SMIM15-AS1			no_CDS
SMIM17	51712	SMIM17-201	MANE
SMIM18	51713	SMIM18-201	MANE
SMIM19	51715	SMIM19-203	MANE
SMIM2-AS1	51717	transcript36712.chr13.nnic	longest_CDS
SMIM20	51720	SMIM20-201	MANE
SMIM24	51721	SMIM24-201	MANE
SMIM26	51722	SMIM26-201	MANE
SMIM27	51726	SMIM27-207	MANE
SMIM29	51727	SMIM29-205	MANE
SMIM3	51732	SMIM3-201	MANE
SMIM30	51733	SMIM30-201	MANE
SMIM32	51734	SMIM32-201	MANE
SMIM38	51735	SMIM38-203	MANE
SMIM39	51736	SMIM39-201	Ensembl
SMIM43	51737	SMIM43-209	MANE
SMIM45	51741	SMIM45-201	Ensembl
SMIM5	51742	SMIM5-201	MANE
SMIM6	51744	SMIM6-202	MANE
SMIM7	51748	SMIM7-208	MANE
SMIM8	51755	SMIM8-204	MANE
SMKR1	51757	SMKR1-201	MANE
SMN1	51760	SMN1-202	MANE
SMN2	51763	SMN2-203	MANE
SMNDC1	51766	SMNDC1-202	MANE
SMO	51767	SMO-201	MANE
SMOC1	51773	SMOC1-201	MANE
SMOC2	51775	SMOC2-202	MANE
SMOX	51778	SMOX-202	MANE
SMPD1	51784	SMPD1-201	MANE
SMPD2	51788	SMPD2-201	MANE
SMPD3	51791	SMPD3-201	MANE
SMPD4	51800	SMPD4-222	MANE
SMPDL3A	51802	SMPDL3A-201	MANE
SMPDL3B	51805	SMPDL3B-205	longest_CDS
SMS	51806	SMS-202	MANE
SMTN	51811	SMTN-201	MANE
SMU1	51814	SMU1-201	MANE
SMUG1	51817	SMUG1-226	MANE
SMURF1	51820	SMURF1-202	MANE
SMURF2	51826	SMURF2-201	MANE
SMYD1	51827	SMYD1-201	MANE
SMYD2	51829	SMYD2-201	MANE
SMYD3	51835	SMYD3-201	longest_CDS
SMYD4	51837	SMYD4-201	MANE
SMYD5	51839	SMYD5-202	MANE
SNAI1	51840	SNAI1-201	MANE
SNAI2	51841	SNAI2-201	MANE
SNAI3	51843	SNAI3-201	MANE
SNAI3-AS1	51844	SNAI3-AS1-205	longest_CDS
SNAP23	51855	SNAP23-201	MANE
SNAP25	51859	SNAP25-201	MANE
SNAP25-AS1	51873	SNAP25-AS1-212	longest_CDS
SNAP29	51881	SNAP29-201	MANE
SNAP47	51885	SNAP47-222	longest_CDS
SNAP91	51899	SNAP91-204	MANE
SNAPC1	51901	SNAPC1-201	MANE
SNAPC2	51905	SNAPC2-201	MANE
SNAPC3	51908	SNAPC3-202	MANE
SNAPC4	51911	SNAPC4-206	MANE
SNAPC5	51916	SNAPC5-202	MANE
SNAPIN	51919	SNAPIN-201	MANE
SNCA	51920	SNCA-205	MANE
SNCAIP	51928	SNCAIP-202	MANE
SNCB	51930	SNCB-202	MANE
SNCG	51933	SNCG-202	MANE
SND1	51935	SND1-201	MANE
SND1-IT1	51936	SND1-IT1-201	Ensembl
SNED1	51937	SNED1-201	MANE
SNF8	51940	SNF8-202	MANE
SNHG1	51947	SNHG1-266	Ensembl
SNHG10			no_CDS
SNHG11			no_CDS
SNHG12	51974	SNHG12-213	Ensembl
SNHG14	51982	SNHG14-244	Ensembl
SNHG15	52044	SNHG15-206	Ensembl
SNHG16			no_CDS
SNHG17			no_CDS
SNHG18	52064	SNHG18-201	Ensembl
SNHG19	52067	SNHG19-201	Ensembl
SNHG20			no_CDS
SNHG21	52074	SNHG21-205	Ensembl
SNHG22			no_CDS
SNHG26			no_CDS
SNHG28	52080	SNHG28-207	longest_CDS
SNHG29			no_CDS
SNHG3	52107	SNHG3-201	Ensembl
SNHG30			no_CDS
SNHG32	52110	SNHG32-204	Ensembl
SNHG4	52112	SNHG4-202	Ensembl
SNHG5	52122	SNHG5-287	longest_CDS
SNHG6	52132	SNHG6-206	Ensembl
SNHG7			no_CDS
SNHG8	52138	SNHG8-207	Ensembl
SNHG9			no_CDS
SNIP1	52142	SNIP1-201	MANE
SNN	52144	SNN-201	MANE
SNORC			no_CDS
SNPH	52146	SNPH-201	MANE
SNRK	52149	SNRK-201	MANE
SNRNP200	52153	SNRNP200-201	MANE
SNRNP25	52160	SNRNP25-204	longest_CDS
SNRNP27	52161	SNRNP27-201	MANE
SNRNP35	52163	SNRNP35-203	MANE
SNRNP40	52167	SNRNP40-201	MANE
SNRNP48	52170	SNRNP48-201	MANE
SNRNP70	52172	SNRNP70-206	MANE
SNRPA	52179	SNRPA-201	MANE
SNRPA1	52187	SNRPA1-201	MANE
SNRPB	52193	SNRPB-201	MANE
SNRPB2	52200	SNRPB2-201	MANE
SNRPC	52203	SNRPC-201	MANE
SNRPD1	52204	SNRPD1-201	MANE
SNRPD2	52207	SNRPD2-201	MANE
SNRPD3	52208	SNRPD3-201	MANE
SNRPE	52211	SNRPE-202	MANE
SNRPF	52213	SNRPF-201	MANE
SNRPG	52216	SNRPG-201	MANE
SNRPN	52217	SNRPN-202	MANE
SNTA1	52225	SNTA1-201	MANE
SNTB1	52226	transcript172181.chr8.nic	longest_CDS
SNTB2	52228	SNTB2-201	MANE
SNTG1	52231	SNTG1-213	MANE
SNTG2	52238	transcript540.chr2.nnic	longest_CDS
SNU13	52239	SNU13-202	MANE
SNUPN	52243	SNUPN-201	MANE
SNURF	52247	SNURF-202	MANE
SNW1	52251	SNW1-201	MANE
SNX1	52254	SNX1-208	MANE
SNX10	52265	SNX10-201	MANE
SNX10-AS1	52268	SNX10-AS1-203	Ensembl
SNX11	52269	SNX11-201	MANE
SNX13	52275	SNX13-203	MANE
SNX14	52294	SNX14-201	MANE
SNX15	52310	SNX15-202	MANE
SNX16	52313	SNX16-201	MANE
SNX17	52318	SNX17-201	MANE
SNX18	52322	SNX18-203	MANE
SNX19	52328	SNX19-201	MANE
SNX2	52331	SNX2-201	MANE
SNX20	52334	SNX20-202	MANE
SNX21	52337	SNX21-212	MANE
SNX22	52341	SNX22-201	MANE
SNX24	52344	SNX24-201	MANE
SNX25	52345	SNX25-208	MANE
SNX27	52353	SNX27-204	MANE
SNX29	52355	SNX29-205	MANE
SNX3	52357	SNX3-201	MANE
SNX30	52358	SNX30-201	MANE
SNX30-DT	52359	SNX30-DT-202	Ensembl
SNX32	52361	SNX32-201	MANE
SNX33	52363	SNX33-201	MANE
SNX4	52364	SNX4-201	MANE
SNX5	52367	SNX5-201	MANE
SNX6	52372	SNX6-201	MANE
SNX7	52380	SNX7-201	MANE
SNX8	52383	SNX8-201	MANE
SNX9	52391	SNX9-201	MANE
SOAT1	52397	SOAT1-201	MANE
SOBP	52399	SOBP-201	MANE
SOCS1	52403	SOCS1-201	MANE
SOCS2	52406	SOCS2-210	MANE
SOCS3	52412	SOCS3-201	MANE
SOCS4	52415	SOCS4-204	MANE
SOCS5	52416	SOCS5-202	MANE
SOCS6	52421	SOCS6-201	MANE
SOCS7	52424	transcript65824.chr17.nic	longest_CDS
SOD1	52425	SOD1-201	MANE
SOD1-DT	52426	SOD1-DT-201	Ensembl
SOD2	52431	SOD2-210	MANE
SOD2-OT1	52432	SOD2-OT1-201	Ensembl
SOD3	52433	SOD3-201	MANE
SOGA1	52434	SOGA1-201	MANE
SOGA3	52436	SOGA3-203	Ensembl
SOHLH1	52439	SOHLH1-202	MANE
SOHLH2	52440	SOHLH2-202	MANE
SON	52441	SON-202	MANE
SORBS1	52449	SORBS1-211	MANE
SORBS2	52470	SORBS2-264	MANE
SORBS3	52475	SORBS3-201	MANE
SORCS1	52478	SORCS1-201	MANE
SORCS2	52481	SORCS2-203	MANE
SORCS3	52482	SORCS3-201	MANE
SORD	52484	SORD-201	MANE
SORL1	52487	SORL1-201	MANE
SORL1-AS1	52492	SORL1-AS1-201	Ensembl
SORT1	52493	SORT1-201	MANE
SOS1	52497	SOS1-202	MANE
SOS2	52509	SOS2-201	MANE
SOSTDC1	52511	SOSTDC1-201	MANE
SOWAHA	52512	SOWAHA-201	MANE
SOWAHB	52513	SOWAHB-201	MANE
SOWAHC	52514	SOWAHC-201	MANE
SOWAHD	52515	SOWAHD-201	MANE
SOX1	52516	SOX1-201	MANE
SOX1-OT	52520	transcript109185.chr13.nic	longest_CDS
SOX10	52525	SOX10-202	MANE
SOX11	52526	SOX11-201	MANE
SOX12	52527	SOX12-201	MANE
SOX13	52529	transcript298351.chr1.nnic	longest_CDS
SOX17	52530	SOX17-201	MANE
SOX2	52531	SOX2-201	MANE
SOX2-OT			no_CDS
SOX21	52556	SOX21-201	MANE
SOX21-AS1	52559	SOX21-AS1-202	Ensembl
SOX4	52560	SOX4-201	MANE
SOX5	52562	SOX5-206	MANE
SOX6	52567	SOX6-219	MANE
SOX7	52571	SOX7-201	MANE
SOX8	52572	SOX8-201	MANE
SOX9	52574	SOX9-201	MANE
SOX9-AS1			no_CDS
SP1	52576	SP1-201	MANE
SP100	52578	SP100-202	MANE
SP110	52585	SP110-201	MANE
SP140	52590	SP140-203	MANE
SP140L	52591	transcript393985.chr2.nic	longest_CDS
SP2	52596	SP2-201	MANE
SP2-AS1	52599	transcript88886.chr17.nnic	longest_CDS
SP2-DT	52601	SP2-DT-204	Ensembl
SP3	52605	SP3-201	MANE
SP4	52607	SP4-201	MANE
SP7	52609	SP7-202	MANE
SP8	52610	SP8-202	MANE
SP9	52611	SP9-201	MANE
SPA17	52612	SPA17-201	MANE
SPAAR	52613	SPAAR-202	MANE
SPACA6	52614	transcript136323.chr19.nic	longest_CDS
SPACA9	52617	SPACA9-202	MANE
SPAG1	52620	SPAG1-206	longest_CDS
SPAG16	52621	SPAG16-201	MANE
SPAG17	52627	SPAG17-201	MANE
SPAG4	52628	SPAG4-201	MANE
SPAG5	52630	SPAG5-201	MANE
SPAG6	52632	SPAG6-203	MANE
SPAG7	52636	SPAG7-201	MANE
SPAG8	52639	SPAG8-202	MANE
SPAG9	52643	SPAG9-201	MANE
SPANXA2-OT1	52646	SPANXA2-OT1-201	longest_CDS
SPARC	52648	SPARC-201	MANE
SPARCL1	52653	SPARCL1-201	MANE
SPART	52655	SPART-202	MANE
SPART-AS1			no_CDS
SPAST	52663	SPAST-201	MANE
SPATA13	52671	SPATA13-203	MANE
SPATA17	52677	SPATA17-201	MANE
SPATA18	52679	SPATA18-201	MANE
SPATA2	52682	SPATA2-201	MANE
SPATA20	52685	SPATA20-201	MANE
SPATA24	52688	transcript180195.chr5.nic	longest_CDS
SPATA25			no_CDS
SPATA2L	52690	SPATA2L-201	MANE
SPATA3-AS1	52692	SPATA3-AS1-201	Ensembl
SPATA31C1	52693	SPATA31C1-201	Ensembl
SPATA33	52696	SPATA33-201	longest_CDS
SPATA41	52699	SPATA41-204	Ensembl
SPATA5	52703	SPATA5-201	MANE
SPATA5L1	52705	SPATA5L1-201	MANE
SPATA6	52707	SPATA6-203	MANE
SPATA7	52713	SPATA7-203	MANE
SPATC1L	52715	transcript48560.chr21.nic	longest_CDS
SPATS2	52718	SPATS2-222	MANE
SPATS2L	52726	SPATS2L-204	MANE
SPCS1	52731	SPCS1-205	MANE
SPCS2	52733	SPCS2-201	MANE
SPCS3	52735	SPCS3-201	MANE
SPDEF	52737	SPDEF-201	MANE
SPDL1	52740	SPDL1-201	MANE
SPECC1	52755	SPECC1-204	MANE
SPECC1-DT	52780	SPECC1-DT-201	Ensembl
SPECC1L	52783	SPECC1L-201	MANE
SPEF1	52786	SPEF1-201	MANE
SPEF2	52788	SPEF2-216	longest_CDS
SPEG	52797	SPEG-201	MANE
SPEN	52801	SPEN-201	MANE
SPEN-AS1	52805	SPEN-AS1-201	Ensembl
SPESP1	52806	SPESP1-201	MANE
SPG11	52807	SPG11-201	MANE
SPG21	52820	SPG21-201	MANE
SPG7	52827	SPG7-268	MANE
SPHK1	52867	SPHK1-210	MANE
SPHK2	52873	SPHK2-201	MANE
SPHKAP	52876	SPHKAP-202	MANE
SPI1	52877	transcript59163.chr11.nnic	longest_CDS
SPICE1	52881	SPICE1-201	MANE
SPIDR	52883	SPIDR-201	MANE
SPIN1	52895	SPIN1-201	MANE
SPIN2A	52896	SPIN2A-202	APPRIS
SPIN2B	52897	SPIN2B-204	MANE
SPIN3	52913	SPIN3-201	MANE
SPIN4	52920	SPIN4-201	MANE
SPINT1	52921	SPINT1-202	MANE
SPINT2	52923	SPINT2-201	MANE
SPIRE1	52927	SPIRE1-202	MANE
SPIRE2	52930	SPIRE2-201	MANE
SPNS1	52935	SPNS1-201	MANE
SPNS2	52937	SPNS2-201	MANE
SPOCD1	52938	SPOCD1-205	longest_CDS
SPOCK1	52939	SPOCK1-201	MANE
SPOCK2	52941	transcript128892.chr10.nnic	longest_CDS
SPOCK3	52945	SPOCK3-202	MANE
SPON1	52954	SPON1-201	MANE
SPON1-AS1			no_CDS
SPON2	52957	SPON2-201	MANE
SPOP	52961	SPOP-206	MANE
SPOPL	52965	SPOPL-201	MANE
SPOUT1	52968	SPOUT1-201	MANE
SPP1	52983	SPP1-203	MANE
SPPL2A	52984	SPPL2A-201	MANE
SPPL2B	52995	SPPL2B-209	MANE
SPPL3	52997	SPPL3-201	MANE
SPR	52998	SPR-201	MANE
SPRED1	53000	SPRED1-201	MANE
SPRED2	53002	SPRED2-201	MANE
SPRING1	53005	SPRING1-201	MANE
SPRTN	53009	SPRTN-202	MANE
SPRY1	53011	SPRY1-202	longest_CDS
SPRY2	53014	SPRY2-202	MANE
SPRY3	53017	SPRY3-204	MANE
SPRY4	53020	SPRY4-202	MANE
SPRYD3	53022	SPRYD3-201	MANE
SPRYD4	53024	SPRYD4-201	MANE
SPRYD7	53025	SPRYD7-201	MANE
SPSB1	53027	SPSB1-201	MANE
SPSB2	53028	SPSB2-205	MANE
SPSB3	53030	SPSB3-208	MANE
SPSB4	53035	SPSB4-201	MANE
SPTAN1	53042	SPTAN1-203	MANE
SPTB	53054	SPTB-202	longest_CDS
SPTBN1	53057	SPTBN1-202	MANE
SPTBN2	53063	SPTBN2-208	MANE
SPTBN4	53069	SPTBN4-210	MANE
SPTBN5	53074	SPTBN5-201	MANE
SPTLC1	53075	SPTLC1-201	MANE
SPTLC2	53084	SPTLC2-201	MANE
SPTLC3	53087	SPTLC3-201	MANE
SPTSSA	53088	SPTSSA-201	MANE
SPTSSB	53090	SPTSSB-204	MANE
SPTY2D1	53093	SPTY2D1-201	MANE
SPX	53096	SPX-201	MANE
SQLE	53097	SQLE-201	MANE
SQOR	53098	SQOR-201	MANE
SQSTM1	53103	SQSTM1-202	MANE
SRA1	53105	SRA1-201	MANE
SRARP	53107	SRARP-201	MANE
SRBD1	53109	SRBD1-201	MANE
SRC	53111	SRC-201	longest_CDS
SRCAP	53114	SRCAP-201	MANE
SRCIN1	53118	SRCIN1-213	MANE
SRD5A1	53119	SRD5A1-201	MANE
SRD5A3	53123	SRD5A3-201	MANE
SREBF1	53126	SREBF1-201	MANE
SREBF2	53134	SREBF2-201	MANE
SREK1	53140	SREK1-202	MANE
SREK1IP1	53146	SREK1IP1-204	MANE
SRF	53148	SRF-201	MANE
SRFBP1	53149	SRFBP1-201	MANE
SRGAP1	53153	SRGAP1-201	MANE
SRGAP2	53160	SRGAP2-203	MANE
SRGAP2B	53164	SRGAP2B-207	MANE
SRGAP2C	53165	SRGAP2C-202	MANE
SRGAP3	53169	SRGAP3-202	MANE
SRGN	53173	SRGN-201	MANE
SRI	53175	SRI-201	MANE
SRL	53177	SRL-201	MANE
SRM	53179	SRM-201	MANE
SRP14	53182	SRP14-201	MANE
SRP14-DT			no_CDS
SRP19	53184	SRP19-206	MANE
SRP54	53195	SRP54-201	MANE
SRP68	53201	SRP68-201	MANE
SRP72	53204	SRP72-205	MANE
SRP9	53208	SRP9-201	MANE
SRPK1	53212	SRPK1-204	MANE
SRPK2	53215	SRPK2-202	MANE
SRPK3	53225	SRPK3-202	MANE
SRPRA	53227	SRPRA-201	MANE
SRPRB	53230	SRPRB-201	APPRIS
SRPX	53231	SRPX-201	MANE
SRPX2	53232	SRPX2-201	MANE
SRR	53234	SRR-201	MANE
SRRD	53235	SRRD-201	MANE
SRRM1	53240	SRRM1-201	MANE
SRRM2	53253	SRRM2-201	MANE
SRRM2-AS1			no_CDS
SRRM3	53267	SRRM3-204	MANE
SRRM4	53268	SRRM4-201	MANE
SRRT	53270	SRRT-213	MANE
SRSF1	53277	SRSF1-201	MANE
SRSF10	53282	SRSF10-214	MANE
SRSF11	53293	SRSF11-201	MANE
SRSF12	53301	SRSF12-201	MANE
SRSF2	53306	SRSF2-202	MANE
SRSF3	53310	SRSF3-202	MANE
SRSF4	53317	SRSF4-201	MANE
SRSF5	53328	SRSF5-217	MANE
SRSF6	53330	SRSF6-201	MANE
SRSF7	53334	SRSF7-201	MANE
SRSF8	53340	SRSF8-201	MANE
SRSF9	53345	SRSF9-201	MANE
SRXN1	53347	SRXN1-201	MANE
SS18	53350	SS18-203	MANE
SS18L1	53351	SS18L1-201	MANE
SS18L2	53352	SS18L2-201	MANE
SSB	53355	SSB-201	MANE
SSBP1	53358	SSBP1-201	MANE
SSBP2	53362	SSBP2-220	MANE
SSBP3	53370	SSBP3-203	longest_CDS
SSBP3-AS1	53371	SSBP3-AS1-201	Ensembl
SSBP4	53373	SSBP4-202	longest_CDS
SSC4D	53376	SSC4D-201	MANE
SSC5D			no_CDS
SSH1	53380	SSH1-202	MANE
SSH2	53383	SSH2-204	MANE
SSH3	53388	SSH3-201	MANE
SSNA1	53392	SSNA1-201	MANE
SSPN	53393	SSPN-201	MANE
SSR1	53396	SSR1-201	MANE
SSR2	53403	SSR2-201	MANE
SSR3	53407	SSR3-201	MANE
SSR4	53410	SSR4-203	MANE
SSRP1	53416	SSRP1-201	MANE
SST	53418	SST-201	MANE
SSTR1	53419	SSTR1-201	MANE
SSTR2	53420	SSTR2-201	MANE
SSTR3	53422	SSTR3-201	MANE
SSTR4	53423	SSTR4-201	MANE
SSU72	53425	SSU72-201	MANE
SSX2IP	53430	SSX2IP-201	MANE
ST13	53433	ST13-201	MANE
ST14	53434	ST14-201	MANE
ST18	53436	ST18-225	MANE
ST20-AS1	53446	ST20-AS1-201	Ensembl
ST3GAL1	53448	ST3GAL1-210	MANE
ST3GAL1-DT	53450	ST3GAL1-DT-201	Ensembl
ST3GAL2	53452	ST3GAL2-201	MANE
ST3GAL3	53457	ST3GAL3-205	MANE
ST3GAL4	53471	ST3GAL4-204	MANE
ST3GAL5	53483	ST3GAL5-222	MANE
ST3GAL5-AS1			no_CDS
ST3GAL6	53504	ST3GAL6-214	MANE
ST3GAL6-AS1	53506	ST3GAL6-AS1-216	Ensembl
ST6GAL1	53511	ST6GAL1-201	MANE
ST6GAL2	53513	ST6GAL2-204	MANE
ST6GALNAC1	53517	ST6GALNAC1-201	MANE
ST6GALNAC3	53518	ST6GALNAC3-201	MANE
ST6GALNAC4	53519	ST6GALNAC4-201	MANE
ST6GALNAC5	53522	ST6GALNAC5-202	MANE
ST6GALNAC6	53529	ST6GALNAC6-205	MANE
ST7	53532	ST7-202	MANE
ST7L	53544	ST7L-202	MANE
ST8SIA1	53547	ST8SIA1-203	MANE
ST8SIA2	53548	ST8SIA2-201	MANE
ST8SIA3	53549	ST8SIA3-201	MANE
ST8SIA4	53551	ST8SIA4-201	MANE
ST8SIA5	53555	ST8SIA5-201	MANE
ST8SIA5-DT	53560	ST8SIA5-DT-207	Ensembl
ST8SIA6	53562	transcript42125.chr10.nic	longest_CDS
STAB1	53563	STAB1-201	MANE
STAB2	53564	STAB2-201	MANE
STAC2	53565	STAC2-201	MANE
STAG1	53568	STAG1-202	MANE
STAG1-DT	53572	STAG1-DT-201	Ensembl
STAG2	53580	STAG2-201	APPRIS
STAG3L4	53587	STAG3L4-202	longest_CDS
STAG3L5P			no_CDS
STAM	53592	STAM-202	MANE
STAM-DT	53593	STAM-DT-201	Ensembl
STAM2	53597	STAM2-201	MANE
STAMBP	53599	STAMBP-202	MANE
STAMBPL1	53622	STAMBPL1-203	MANE
STAR	53626	STAR-201	MANE
STARD10	53628	STARD10-201	MANE
STARD13	53632	STARD13-202	MANE
STARD13-AS			no_CDS
STARD3	53638	STARD3-201	MANE
STARD3NL	53642	STARD3NL-201	MANE
STARD4	53649	STARD4-201	MANE
STARD4-AS1			no_CDS
STARD5	53654	STARD5-201	MANE
STARD7	53657	STARD7-201	MANE
STARD7-AS1	53659	STARD7-AS1-204	longest_CDS
STARD8	53661	transcript79688.chrX.nnic	longest_CDS
STARD9	53663	STARD9-201	MANE
STAT1	53684	STAT1-201	MANE
STAT2	53702	STAT2-201	MANE
STAT3	53709	STAT3-201	MANE
STAT4	53734	STAT4-202	MANE
STAT5A	53736	STAT5A-201	longest_CDS
STAT5B	53747	STAT5B-201	MANE
STAT6	53752	STAT6-201	MANE
STAU1	53754	STAU1-207	MANE
STAU2	53765	STAU2-229	MANE
STBD1	53771	STBD1-201	MANE
STC1	53772	STC1-201	MANE
STC2	53773	STC2-201	MANE
STEAP1	53774	STEAP1-201	MANE
STEAP1B	53777	STEAP1B-210	MANE
STEAP1B-AS1			no_CDS
STEAP2	53786	STEAP2-202	MANE
STEAP2-AS1			no_CDS
STEAP3	53791	STEAP3-203	MANE
STEAP3-AS1	53794	STEAP3-AS1-201	longest_CDS
STEAP4	53795	STEAP4-202	MANE
STEEP1	53797	STEEP1-204	MANE
STIL	53801	STIL-203	MANE
STIM1	53803	STIM1-206	MANE
STIM2	53809	STIM2-202	longest_CDS
STIMATE	53812	STIMATE-201	MANE
STING1	53814	STING1-201	MANE
STIP1	53818	STIP1-201	MANE
STK10	53820	STK10-201	MANE
STK11	53822	STK11-201	MANE
STK11IP	53827	STK11IP-204	MANE
STK16	53829	STK16-201	MANE
STK17A	53831	STK17A-201	MANE
STK17B	53833	STK17B-201	MANE
STK19	53840	STK19-202	longest_CDS
STK24	53844	STK24-208	MANE
STK25	53851	STK25-201	MANE
STK26	53857	STK26-202	MANE
STK3	53858	STK3-201	MANE
STK31	53860	STK31-209	longest_CDS
STK32A	53862	STK32A-202	MANE
STK32B	53865	STK32B-201	MANE
STK32C	53866	STK32C-201	MANE
STK33	53869	STK33-208	longest_CDS
STK35	53876	STK35-201	MANE
STK36	53880	STK36-201	MANE
STK38	53882	STK38-201	MANE
STK38L	53883	STK38L-201	MANE
STK39	53886	STK39-201	MANE
STK4	53888	STK4-202	MANE
STK40	53895	STK40-204	MANE
STMN1	53896	STMN1-206	MANE
STMN2	53902	STMN2-201	MANE
STMN3	53903	STMN3-201	MANE
STMN4	53904	STMN4-202	MANE
STMP1	53910	STMP1-202	MANE
STN1	53913	STN1-201	MANE
STOM	53920	STOM-201	MANE
STOML1	53925	STOML1-204	MANE
STOML2	53927	STOML2-201	MANE
STON1	53929	STON1-201	MANE
STON2	53934	STON2-201	longest_CDS
STOX1	53937	STOX1-201	MANE
STOX2	53938	STOX2-201	MANE
STPG1	53942	STPG1-202	MANE
STPG2	53943	STPG2-201	MANE
STRADA	53948	STRADA-202	MANE
STRADB	53950	STRADB-201	MANE
STRAP	53954	STRAP-202	MANE
STRBP	53955	STRBP-201	MANE
STRC	53960	STRC-202	longest_CDS
STRIP1	53962	STRIP1-201	MANE
STRIP2	53964	STRIP2-201	MANE
STRN	53966	STRN-201	MANE
STRN3	53968	STRN3-202	MANE
STRN4	53970	STRN4-201	MANE
STS	53976	STS-206	MANE
STT3A	53986	STT3A-201	MANE
STT3B	53987	STT3B-201	MANE
STUB1	53991	STUB1-201	MANE
STUM	53997	STUM-201	MANE
STX10	53998	STX10-204	MANE
STX11	54000	STX11-201	MANE
STX12	54002	STX12-201	MANE
STX16	54003	STX16-206	MANE
STX17	54009	STX17-201	MANE
STX17-DT	54011	STX17-DT-201	longest_CDS
STX18	54013	STX18-201	MANE
STX18-AS1	54018	transcript14521.chr4.nic	longest_CDS
STX19	54025	transcript155991.chr3.nnic	longest_CDS
STX1A	54026	STX1A-201	MANE
STX1B	54029	STX1B-201	MANE
STX2	54030	STX2-203	MANE
STX3	54035	STX3-201	MANE
STX4	54038	STX4-201	MANE
STX5	54043	STX5-201	MANE
STX6	54044	STX6-201	MANE
STX7	54048	STX7-202	MANE
STX8	54051	STX8-201	MANE
STXBP1	54061	STXBP1-201	MANE
STXBP2	54065	STXBP2-201	MANE
STXBP3	54069	STXBP3-201	MANE
STXBP4	54070	STXBP4-201	MANE
STXBP5	54078	STXBP5-202	longest_CDS
STXBP5-AS1			no_CDS
STXBP5L	54097	STXBP5L-204	MANE
STXBP6	54103	STXBP6-201	MANE
STYK1	54106	STYK1-201	MANE
STYX	54107	STYX-201	MANE
STYXL1	54109	STYXL1-208	longest_CDS
STYXL2	54110	STYXL2-202	MANE
SUB1	54111	SUB1-201	MANE
SUCLA2	54116	SUCLA2-218	MANE
SUCLG1	54121	SUCLG1-201	MANE
SUCLG2	54124	SUCLG2-201	MANE
SUCLG2-DT	54128	SUCLG2-DT-207	longest_CDS
SUCNR1	54131	SUCNR1-201	MANE
SUCO	54135	SUCO-201	MANE
SUDS3	54138	SUDS3-204	MANE
SUFU	54139	SUFU-202	MANE
SUGCT	54142	transcript53399.chr7.nnic	longest_CDS
SUGP1	54145	SUGP1-201	MANE
SUGP2	54153	SUGP2-203	MANE
SUGT1	54156	SUGT1-201	MANE
SUGT1-DT	54159	SUGT1-DT-201	Ensembl
SUGT1P3	54161	transcript30011.chr13.nnic	longest_CDS
SULF1	54167	SULF1-223	longest_CDS
SULF2	54171	SULF2-213	MANE
SULT1A1	54179	SULT1A1-201	MANE
SULT1A3	54181	SULT1A3-202	longest_CDS
SULT1A4	54182	SULT1A4-201	MANE
SULT1C4	54183	SULT1C4-203	longest_CDS
SULT4A1	54184	SULT4A1-201	MANE
SUMF1	54190	SUMF1-201	MANE
SUMF2	54191	SUMF2-208	MANE
SUMO1	54199	SUMO1-203	MANE
SUMO2	54201	SUMO2-202	MANE
SUMO3	54202	SUMO3-201	MANE
SUMO4	54203	SUMO4-201	MANE
SUN1	54204	SUN1-203	MANE
SUN2	54217	SUN2-218	MANE
SUOX	54222	SUOX-201	MANE
SUPT16H	54223	SUPT16H-201	MANE
SUPT20H	54231	SUPT20H-201	MANE
SUPT20HL1	54237	SUPT20HL1-202	MANE
SUPT3H	54238	SUPT3H-202	MANE
SUPT4H1	54240	SUPT4H1-201	MANE
SUPT5H	54243	SUPT5H-203	longest_CDS
SUPT6H	54251	SUPT6H-201	MANE
SUPT7L	54256	SUPT7L-201	MANE
SUPV3L1	54262	SUPV3L1-201	MANE
SURF1	54263	SURF1-201	MANE
SURF2	54265	SURF2-201	MANE
SURF4	54268	SURF4-202	MANE
SURF6	54270	SURF6-201	MANE
SUSD1	54272	SUSD1-204	MANE
SUSD2	54273	SUSD2-201	MANE
SUSD3	54274	SUSD3-202	MANE
SUSD4	54276	SUSD4-204	MANE
SUSD5	54285	SUSD5-201	MANE
SUSD6	54286	SUSD6-201	MANE
SUV39H1	54288	SUV39H1-202	MANE
SUV39H2	54290	SUV39H2-202	MANE
SUV39H2-DT	54292	SUV39H2-DT-201	Ensembl
SUZ12	54294	SUZ12-201	MANE
SV2A	54299	SV2A-202	MANE
SV2B	54301	SV2B-202	MANE
SV2C	54307	SV2C-202	MANE
SVBP	54308	SVBP-201	MANE
SVEP1	54310	SVEP1-202	MANE
SVIL	54316	SVIL-215	longest_CDS
SVIL-AS1	54321	SVIL-AS1-214	Ensembl
SVIP	54326	SVIP-201	MANE
SVOP	54327	SVOP-205	MANE
SVOPL	54328	SVOPL-205	longest_CDS
SWAP70	54331	SWAP70-201	MANE
SWI5	54332	SWI5-202	MANE
SWINGN	54334	SWINGN-201	Ensembl
SWSAP1	54335	SWSAP1-202	MANE
SWT1	54339	SWT1-201	MANE
SYAP1	54342	SYAP1-201	MANE
SYBU	54358	SYBU-201	MANE
SYCE1	54359	SYCE1-202	MANE
SYCE1L	54363	SYCE1L-201	MANE
SYCP2	54364	SYCP2-201	MANE
SYCP2L	54366	SYCP2L-201	MANE
SYCP3	54367	SYCP3-204	longest_CDS
SYDE2	54368	SYDE2-203	longest_CDS
SYF2	54371	SYF2-201	MANE
SYK	54372	SYK-204	MANE
SYMPK	54374	SYMPK-201	MANE
SYN1	54379	SYN1-201	MANE
SYN2	54380	SYN2-206	MANE
SYN3	54386	SYN3-201	MANE
SYNC	54387	SYNC-202	MANE
SYNCRIP	54392	SYNCRIP-222	longest_CDS
SYNDIG1	54400	SYNDIG1-201	MANE
SYNDIG1L	54406	SYNDIG1L-201	MANE
SYNE1	54433	SYNE1-206	MANE
SYNE2	54436	SYNE2-215	MANE
SYNE3	54441	SYNE3-206	MANE
SYNGAP1	54448	SYNGAP1-206	longest_CDS
SYNGR1	54451	SYNGR1-203	MANE
SYNGR2	54454	SYNGR2-201	MANE
SYNGR3	54456	SYNGR3-201	MANE
SYNJ1	54460	SYNJ1-211	longest_CDS
SYNJ2	54466	SYNJ2-201	MANE
SYNJ2BP	54469	SYNJ2BP-201	MANE
SYNM	54471	SYNM-202	MANE
SYNPO	54473	SYNPO-201	MANE
SYNPO2	54474	SYNPO2-201	MANE
SYNPO2L-AS1	54478	transcript131618.chr10.nnic	longest_CDS
SYNPR	54479	SYNPR-209	MANE
SYNRG	54484	SYNRG-217	MANE
SYP	54491	SYP-201	MANE
SYPL1	54496	SYPL1-202	MANE
SYPL2	54497	SYPL2-201	MANE
SYS1	54498	SYS1-201	MANE
SYT1	54501	SYT1-201	MANE
SYT10	54518	SYT10-201	MANE
SYT11	54520	SYT11-201	MANE
SYT12	54522	SYT12-205	MANE
SYT13	54524	SYT13-201	MANE
SYT14	54530	SYT14-202	MANE
SYT15-AS1	54534	SYT15-AS1-203	Ensembl
SYT15B	54535	SYT15B-201	MANE
SYT16	54536	SYT16-206	MANE
SYT17	54540	SYT17-201	MANE
SYT2	54545	SYT2-202	MANE
SYT3	54548	SYT3-206	MANE
SYT4	54549	SYT4-201	MANE
SYT5	54550	SYT5-201	MANE
SYT6	54554	SYT6-209	MANE
SYT7	54563	SYT7-203	MANE
SYT9	54564	SYT9-201	MANE
SYT9-AS1	54565	transcript10108.chr11.nnic	longest_CDS
SYTL1	54567	SYTL1-210	MANE
SYTL2	54570	SYTL2-202	MANE
SYTL3	54581	SYTL3-202	longest_CDS
SYTL4	54584	SYTL4-204	MANE
SYTL5	54587	SYTL5-201	MANE
SYVN1	54595	SYVN1-201	longest_CDS
SZRD1	54598	SZRD1-201	MANE
SZT2	54609	SZT2-210	MANE
TAB1	54610	TAB1-201	MANE
TAB2	54611	TAB2-208	MANE
TAB3	54616	TAB3-201	MANE
TAC1	54623	TAC1-201	MANE
TAC3	54625	TAC3-209	MANE
TACC1	54638	TACC1-202	MANE
TACC2	54644	TACC2-229	longest_CDS
TACC3	54649	TACC3-201	MANE
TACO1	54651	TACO1-201	MANE
TACR1	54652	TACR1-201	MANE
TACR3	54653	TACR3-201	MANE
TADA1	54655	TADA1-201	MANE
TADA2A	54656	TADA2A-205	MANE
TADA2B	54659	TADA2B-201	MANE
TADA3	54661	TADA3-201	MANE
TAF1	54668	TAF1-226	longest_CDS
TAF10	54671	TAF10-201	MANE
TAF11	54673	TAF11-201	MANE
TAF11L9	54680	TAF11L9-201	Ensembl
TAF12	54682	TAF12-202	MANE
TAF13	54686	TAF13-201	MANE
TAF15	54694	TAF15-214	MANE
TAF1A	54695	TAF1A-202	MANE
TAF1A-AS1	54699	TAF1A-AS1-204	Ensembl
TAF1B	54700	TAF1B-201	MANE
TAF1C	54703	TAF1C-216	MANE
TAF1D	54712	TAF1D-203	MANE
TAF1L	54715	TAF1L-201	MANE
TAF2	54728	TAF2-201	MANE
TAF3	54735	TAF3-205	longest_CDS
TAF4	54738	TAF4-201	MANE
TAF4B	54739	TAF4B-201	MANE
TAF5	54740	TAF5-201	MANE
TAF5L	54747	TAF5L-201	MANE
TAF6	54748	TAF6-211	MANE
TAF6L	54777	TAF6L-201	MANE
TAF7	54779	TAF7-201	MANE
TAF7L	54780	TAF7L-202	MANE
TAF8	54785	TAF8-201	MANE
TAF9	54789	TAF9-201	MANE
TAF9B	54799	TAF9B-201	MANE
TAFA1	54802	transcript115532.chr3.nnic	longest_CDS
TAFA2	54803	TAFA2-201	MANE
TAFA3	54805	TAFA3-201	MANE
TAFA4	54807	TAFA4-201	MANE
TAFA5	54809	TAFA5-203	MANE
TAFAZZIN	54821	TAFAZZIN-213	MANE
TAGAP	54830	TAGAP-203	MANE
TAGAP-AS1	54837	TAGAP-AS1-211	longest_CDS
TAGLN	54841	TAGLN-202	MANE
TAGLN2	54842	TAGLN2-203	MANE
TAGLN3	54845	TAGLN3-205	MANE
TALAM1	54847	TALAM1-201	Ensembl
TALDO1	54850	TALDO1-201	MANE
TAMALIN	54851	transcript74783.chr12.nic	longest_CDS
TAMM41	54852	TAMM41-206	MANE
TANC1	54858	TANC1-201	MANE
TANC2	54863	TANC2-211	MANE
TANGO2	54871	TANGO2-201	MANE
TANGO6	54876	TANGO6-201	MANE
TANK	54879	TANK-202	MANE
TAOK1	54880	TAOK1-201	MANE
TAOK2	54883	TAOK2-202	MANE
TAOK3	54888	TAOK3-201	MANE
TAP1	54896	TAP1-201	MANE
TAP2	54898	TAP2-201	MANE
TAPBP	54910	TAPBP-234	MANE
TAPBPL	54914	TAPBPL-201	MANE
TAPT1	54916	TAPT1-201	MANE
TAPT1-AS1	54919	transcript28814.chr4.nnic	longest_CDS
TARBP1	54920	TARBP1-201	MANE
TARBP2	54927	TARBP2-202	longest_CDS
TARDBP	54934	TARDBP-201	MANE
TARS1	54939	TARS1-201	MANE
TARS1-DT	54942	TARS1-DT-202	longest_CDS
TARS2	54944	TARS2-204	MANE
TARS3	54946	TARS3-201	MANE
TAS1R1	54948	TAS1R1-201	MANE
TAS1R3	54949	TAS1R3-201	MANE
TAS2R1	54950	TAS2R1-201	MANE
TAS2R10	54951	TAS2R10-201	MANE
TAS2R13	54952	TAS2R13-201	MANE
TAS2R14	54954	TAS2R14-202	MANE
TAS2R19	54955	TAS2R19-201	MANE
TAS2R20	54956	TAS2R20-201	MANE
TAS2R30	54957	TAS2R30-201	MANE
TAS2R31	54958	TAS2R31-201	MANE
TAS2R39	54959	TAS2R39-201	MANE
TAS2R4	54960	TAS2R4-201	MANE
TAS2R5	54961	TAS2R5-201	MANE
TAS2R7	54962	TAS2R7-201	MANE
TAS2R8	54963	TAS2R8-201	MANE
TASL	54964	TASL-201	MANE
TASOR	54965	TASOR-211	MANE
TASOR2	54970	TASOR2-214	MANE
TASP1	54976	TASP1-201	MANE
TATDN1	54977	TATDN1-201	MANE
TATDN2	54981	TATDN2-203	MANE
TATDN3	54983	TATDN3-202	MANE
TAX1BP1	54990	TAX1BP1-202	MANE
TAX1BP3	54992	TAX1BP3-201	MANE
TBC1D1	54996	TBC1D1-219	MANE
TBC1D10A	54998	TBC1D10A-201	MANE
TBC1D10B	54999	TBC1D10B-201	MANE
TBC1D10C	55001	TBC1D10C-209	MANE
TBC1D12	55002	TBC1D12-201	MANE
TBC1D13	55005	TBC1D13-202	MANE
TBC1D14	55012	TBC1D14-201	MANE
TBC1D15	55017	TBC1D15-210	MANE
TBC1D16	55020	TBC1D16-201	MANE
TBC1D17	55022	TBC1D17-201	MANE
TBC1D19	55028	TBC1D19-201	MANE
TBC1D2	55036	TBC1D2-205	MANE
TBC1D20	55050	TBC1D20-201	MANE
TBC1D22A	55054	TBC1D22A-201	MANE
TBC1D22A-AS1	55056	TBC1D22A-AS1-202	Ensembl
TBC1D22A-DT	55057	TBC1D22A-DT-201	Ensembl
TBC1D22B	55058	TBC1D22B-201	MANE
TBC1D23	55061	TBC1D23-202	MANE
TBC1D24	55064	TBC1D24-210	MANE
TBC1D25	55070	TBC1D25-201	MANE
TBC1D26	55071	TBC1D26-201	MANE
TBC1D2B	55075	TBC1D2B-201	MANE
TBC1D30	55078	TBC1D30-204	MANE
TBC1D31	55080	TBC1D31-201	MANE
TBC1D32	55084	TBC1D32-201	APPRIS
TBC1D3C	55087	TBC1D3C-201	MANE
TBC1D3D	55088	TBC1D3D-201	MANE
TBC1D3E	55089	TBC1D3E-201	MANE
TBC1D3G	55090	TBC1D3G-201	MANE
TBC1D3H	55091	TBC1D3H-201	MANE
TBC1D3I	55092	TBC1D3I-203	MANE
TBC1D3L	55094	TBC1D3L-201	MANE
TBC1D4	55095	TBC1D4-202	MANE
TBC1D5	55100	TBC1D5-231	MANE
TBC1D7	55111	TBC1D7-204	MANE
TBC1D8	55112	TBC1D8-202	MANE
TBC1D8-AS1	55114	TBC1D8-AS1-201	Ensembl
TBC1D8B	55118	TBC1D8B-203	MANE
TBC1D9	55119	TBC1D9-201	MANE
TBC1D9B	55122	TBC1D9B-201	MANE
TBCA	55130	TBCA-202	MANE
TBCB	55132	TBCB-201	MANE
TBCC	55134	TBCC-201	MANE
TBCCD1	55137	TBCCD1-201	MANE
TBCD	55152	TBCD-201	MANE
TBCE	55164	TBCE-211	MANE
TBCEL	55171	TBCEL-210	MANE
TBCK	55177	TBCK-204	MANE
TBILA	55180	TBILA-201	Ensembl
TBK1	55192	TBK1-201	MANE
TBKBP1	55197	TBKBP1-203	MANE
TBL1X	55202	TBL1X-208	MANE
TBL1XR1	55209	TBL1XR1-214	MANE
TBL2	55221	TBL2-201	MANE
TBL3	55226	TBL3-205	MANE
TBP	55228	TBP-202	MANE
TBPL1	55231	TBPL1-201	MANE
TBR1	55233	TBR1-201	MANE
TBRG1	55235	TBRG1-201	longest_CDS
TBRG4	55239	TBRG4-201	MANE
TBX15	55241	TBX15-202	MANE
TBX19	55243	TBX19-201	MANE
TBX21	55244	TBX21-201	MANE
TBX3	55245	TBX3-202	MANE
TBX6	55246	TBX6-203	longest_CDS
TBXA2R	55247	TBXA2R-201	MANE
TBXAS1	55248	TBXAS1-207	MANE
TC2N	55249	TC2N-201	longest_CDS
TCAF1	55251	TCAF1-205	MANE
TCAF2	55254	transcript214022.chr7.nnic	longest_CDS
TCAIM	55257	TCAIM-201	MANE
TCEA1	55262	TCEA1-208	MANE
TCEA2	55266	TCEA2-202	MANE
TCEA3	55270	TCEA3-203	MANE
TCEAL1	55272	TCEAL1-202	MANE
TCEAL2	55275	TCEAL2-202	MANE
TCEAL3	55277	TCEAL3-202	MANE
TCEAL4	55284	TCEAL4-208	MANE
TCEAL5	55285	TCEAL5-201	MANE
TCEAL6	55288	TCEAL6-202	Ensembl
TCEAL7	55291	TCEAL7-201	MANE
TCEAL8	55293	TCEAL8-202	MANE
TCEAL9	55295	TCEAL9-202	MANE
TCEANC	55299	TCEANC-208	MANE
TCEANC2	55302	TCEANC2-201	MANE
TCERG1	55310	TCERG1-217	MANE
TCERG1L	55316	TCERG1L-201	MANE
TCF12	55321	TCF12-202	MANE
TCF12-DT	55327	TCF12-DT-203	longest_CDS
TCF19	55329	TCF19-201	longest_CDS
TCF20	55333	TCF20-206	MANE
TCF25	55338	TCF25-201	MANE
TCF3	55346	TCF3-201	MANE
TCF4	55362	TCF4-201	MANE
TCF7L1	55383	TCF7L1-201	MANE
TCF7L2	55384	TCF7L2-210	longest_CDS
TCFL5	55391	TCFL5-202	MANE
TCHH	55392	TCHH-201	MANE
TCHP	55395	TCHP-202	MANE
TCIM	55398	TCIM-201	MANE
TCIRG1	55400	TCIRG1-201	MANE
TCN2	55402	TCN2-201	MANE
TCOF1	55405	TCOF1-216	MANE
TCP1	55416	TCP1-201	MANE
TCP10L	55421	TCP10L-201	MANE
TCP11			no_CDS
TCP11L1	55426	TCP11L1-201	MANE
TCP11L2	55430	TCP11L2-201	MANE
TCTA	55433	TCTA-201	MANE
TCTE1	55435	TCTE1-202	MANE
TCTN1	55443	TCTN1-225	longest_CDS
TCTN2	55449	TCTN2-201	MANE
TCTN3	55453	TCTN3-201	longest_CDS
TDG	55460	TDG-202	MANE
TDO2	55461	TDO2-208	MANE
TDP1	55465	TDP1-201	MANE
TDP2	55467	TDP2-202	MANE
TDRD1	55469	TDRD1-204	MANE
TDRD3	55474	TDRD3-202	MANE
TDRD6	55476	TDRD6-201	MANE
TDRD7	55477	TDRD7-201	MANE
TDRD9	55479	TDRD9-201	MANE
TDRG1	55481	TDRG1-212	longest_CDS
TDRKH	55482	TDRKH-203	MANE
TDRKH-AS1	55489	TDRKH-AS1-203	Ensembl
TDRP	55491	TDRP-201	MANE
TEAD1	55492	TEAD1-206	MANE
TEC	55493	TEC-201	MANE
TECPR1	55495	TECPR1-204	MANE
TECPR2	55499	TECPR2-201	MANE
TECR	55502	TECR-201	MANE
TECTA	55510	TECTA-202	MANE
TEDC1	55516	TEDC1-204	MANE
TEDC2	55520	TEDC2-201	MANE
TEDC2-AS1	55525	TEDC2-AS1-201	Ensembl
TEDDM1	55526	TEDDM1-201	MANE
TEF	55528	TEF-201	MANE
TEFM	55532	TEFM-205	MANE
TEK	55534	TEK-201	MANE
TEKT1	55538	TEKT1-201	MANE
TEKT2	55539	TEKT2-201	MANE
TEKT4P2	55541	TEKT4P2-225	longest_CDS
TELO2	55542	TELO2-201	MANE
TEN1	55544	TEN1-201	MANE
TENM1	55545	TENM1-201	Ensembl
TENM2	55551	TENM2-203	MANE
TENM3	55559	TENM3-204	MANE
TENM3-AS1			no_CDS
TENM4	55561	TENM4-201	MANE
TENT2	55563	TENT2-203	MANE
TENT4A	55565	TENT4A-201	MANE
TENT4B	55569	TENT4B-203	MANE
TENT5A	55571	TENT5A-201	MANE
TENT5B	55573	TENT5B-201	MANE
TENT5C	55574	TENT5C-201	MANE
TEP1	55578	TEP1-201	MANE
TEPP	55579	TEPP-203	longest_CDS
TEPSIN	55580	TEPSIN-201	longest_CDS
TERF1	55581	TERF1-202	MANE
TERF2	55592	TERF2-201	MANE
TERF2IP	55594	TERF2IP-201	MANE
TES	55595	TES-201	MANE
TESC	55597	TESC-201	MANE
TESK1	55600	TESK1-201	MANE
TESK2	55601	TESK2-202	MANE
TESPA1	55606	TESPA1-202	MANE
TET1	55608	TET1-201	MANE
TET2	55609	TET2-201	longest_CDS
TET3	55613	TET3-202	MANE
TEX10	55618	TEX10-201	MANE
TEX13D	55621	TEX13D-201	MANE
TEX15	55623	TEX15-204	MANE
TEX2	55624	TEX2-208	MANE
TEX26	55629	TEX26-201	MANE
TEX261	55631	TEX261-201	MANE
TEX264	55635	TEX264-201	MANE
TEX30	55643	TEX30-206	MANE
TEX9	55645	TEX9-210	MANE
TF	55652	TF-201	MANE
TFAM	55655	TFAM-204	MANE
TFAP2A-AS2	55656	TFAP2A-AS2-201	Ensembl
TFAP2C	55657	TFAP2C-201	MANE
TFAP2E	55659	TFAP2E-201	MANE
TFAP4	55661	TFAP4-201	MANE
TFB1M	55663	TFB1M-201	MANE
TFB2M	55664	TFB2M-201	MANE
TFCP2	55667	TFCP2-201	MANE
TFCP2L1	55668	TFCP2L1-201	MANE
TFDP1	55669	TFDP1-201	MANE
TFDP2	55670	TFDP2-215	MANE
TFE3	55673	TFE3-201	MANE
TFEB	55682	TFEB-204	MANE
TFEC	55688	TFEC-201	MANE
TFG	55690	TFG-201	MANE
TFIP11	55709	TFIP11-204	MANE
TFIP11-DT	55711	TFIP11-DT-202	Ensembl
TFPI	55713	TFPI-201	MANE
TFPT	55715	TFPT-203	MANE
TFR2	55716	TFR2-206	longest_CDS
TFRC	55724	TFRC-201	MANE
TGDS	55730	TGDS-201	MANE
TGFA	55732	TGFA-201	MANE
TGFB1	55733	TGFB1-201	MANE
TGFB1I1	55734	TGFB1I1-203	MANE
TGFB2	55735	TGFB2-202	MANE
TGFB2-AS1			no_CDS
TGFB2-OT1	55739	TGFB2-OT1-201	Ensembl
TGFB3	55741	TGFB3-201	MANE
TGFBI	55744	TGFBI-201	MANE
TGFBR1	55747	TGFBR1-202	MANE
TGFBR2	55752	TGFBR2-201	MANE
TGFBR3	55754	TGFBR3-201	MANE
TGFBR3L	55755	TGFBR3L-202	MANE
TGFBRAP1	55762	TGFBRAP1-201	MANE
TGIF1	55765	TGIF1-202	MANE
TGM1	55767	TGM1-201	MANE
TGM2	55770	TGM2-201	MANE
TGM3	55772	TGM3-201	MANE
TGOLN2	55776	TGOLN2-201	MANE
TGS1	55778	TGS1-201	MANE
THADA	55785	THADA-207	MANE
THAP1	55788	THAP1-201	MANE
THAP10	55789	THAP10-201	MANE
THAP11	55790	THAP11-201	MANE
THAP12	55795	THAP12-201	MANE
THAP2	55798	THAP2-201	MANE
THAP3	55800	THAP3-201	MANE
THAP4	55802	THAP4-204	MANE
THAP5	55803	THAP5-203	MANE
THAP6	55811	THAP6-201	MANE
THAP7	55814	THAP7-201	MANE
THAP7-AS1			no_CDS
THAP8	55821	THAP8-201	MANE
THAP9	55823	THAP9-201	MANE
THAP9-AS1	55825	THAP9-AS1-202	Ensembl
THBD	55829	THBD-201	MANE
THBS1	55831	THBS1-201	MANE
THBS1-IT1	55833	THBS1-IT1-201	Ensembl
THBS2	55834	THBS2-210	longest_CDS
THBS2-AS1	55839	THBS2-AS1-202	Ensembl
THBS3	55843	THBS3-201	MANE
THBS3-AS1	55847	transcript240442.chr1.nnic	longest_CDS
THBS4	55848	THBS4-201	MANE
THEM4	55854	THEM4-201	MANE
THEM6	55855	THEM6-201	MANE
THEMIS2	55857	THEMIS2-202	MANE
THG1L	55859	THG1L-201	MANE
THNSL1	55860	THNSL1-201	MANE
THNSL2	55864	THNSL2-211	longest_CDS
THOC1	55873	THOC1-201	MANE
THOC1-DT	55875	THOC1-DT-201	Ensembl
THOC2	55877	THOC2-201	MANE
THOC3	55885	THOC3-201	MANE
THOC5	55887	THOC5-216	MANE
THOC6	55894	THOC6-202	MANE
THOC7	55895	THOC7-201	MANE
THOP1	55901	THOP1-201	MANE
THPO	55906	THPO-207	longest_CDS
THRA	55907	THRA-203	MANE
THRAP3	55911	THRAP3-201	MANE
THRB	55915	THRB-216	MANE
THRIL	55921	THRIL-201	Ensembl
THSD1	55924	THSD1-201	MANE
THSD4	55926	transcript105210.chr15.nnic	longest_CDS
THSD4-AS1	55928	transcript105392.chr15.nnic	longest_CDS
THSD7A	55931	THSD7A-202	MANE
THSD7B	55933	THSD7B-201	MANE
THTPA	55936	THTPA-201	MANE
THUMPD1	55942	THUMPD1-202	MANE
THUMPD2	55944	THUMPD2-204	MANE
THUMPD3	55949	THUMPD3-206	MANE
THUMPD3-AS1			no_CDS
THY1	55958	THY1-201	MANE
THYN1	55961	THYN1-201	MANE
TIA1	55970	TIA1-205	MANE
TIAL1	55975	TIAL1-205	MANE
TIAM1	55978	TIAM1-206	MANE
TIAM2	55983	TIAM2-220	MANE
TICAM1	55989	TICAM1-201	MANE
TICAM2	55990	TICAM2-201	MANE
TICAM2-AS1			no_CDS
TICRR	55993	TICRR-201	MANE
TIE1	55994	TIE1-201	MANE
TIFA	55995	TIFA-203	APPRIS
TIGAR	55996	TIGAR-201	MANE
TIGD1	55997	TIGD1-201	MANE
TIGD2	55998	TIGD2-201	MANE
TIGD3	55999	TIGD3-201	MANE
TIGD4	56000	TIGD4-201	MANE
TIGD5	56001	TIGD5-201	MANE
TIGD6	56002	TIGD6-201	MANE
TIGD7	56005	TIGD7-201	MANE
TIMELESS	56006	TIMELESS-203	MANE
TIMM10	56009	TIMM10-201	MANE
TIMM10B	56011	TIMM10B-201	MANE
TIMM13	56012	TIMM13-201	MANE
TIMM17A	56013	TIMM17A-201	MANE
TIMM17B	56016	TIMM17B-201	APPRIS
TIMM21	56021	TIMM21-201	MANE
TIMM22	56022	TIMM22-201	MANE
TIMM23	56023	TIMM23-201	MANE
TIMM23B	56026	TIMM23B-203	MANE
TIMM29	56028	TIMM29-201	MANE
TIMM44	56029	TIMM44-201	MANE
TIMM50	56032	TIMM50-219	MANE
TIMM8A	56035	TIMM8A-201	MANE
TIMM8B	56037	TIMM8B-204	longest_CDS
TIMM9	56040	TIMM9-202	MANE
TIMMDC1	56041	TIMMDC1-208	MANE
TIMP1	56043	TIMP1-201	MANE
TIMP2	56045	TIMP2-203	longest_CDS
TIMP3	56047	TIMP3-201	MANE
TIMP4	56051	TIMP4-201	MANE
TINAGL1	56052	TINAGL1-201	MANE
TINCR	56055	TINCR-201	longest_CDS
TINF2	56065	TINF2-201	MANE
TIPARP	56072	TIPARP-201	MANE
TIPIN	56074	TIPIN-201	MANE
TIPRL	56075	TIPRL-202	MANE
TIRAP	56081	TIRAP-202	MANE
TIRAP-AS1			no_CDS
TJAP1	56089	TJAP1-204	MANE
TJP1	56095	TJP1-211	MANE
TJP2	56101	TJP2-202	MANE
TJP3	56119	TJP3-207	longest_CDS
TK1	56120	TK1-201	MANE
TK2	56121	TK2-207	MANE
TKFC	56130	TKFC-201	MANE
TKT	56136	TKT-207	MANE
TKTL2	56138	TKTL2-201	MANE
TLCD1	56139	TLCD1-201	MANE
TLCD3A	56142	TLCD3A-202	MANE
TLCD3B	56143	TLCD3B-202	MANE
TLCD4	56145	TLCD4-201	MANE
TLCD5	56147	TLCD5-202	MANE
TLE1	56149	TLE1-203	MANE
TLE1-DT			no_CDS
TLE2	56155	TLE2-201	MANE
TLE3	56161	TLE3-203	MANE
TLE4	56164	TLE4-206	MANE
TLE5	56171	TLE5-202	MANE
TLE6	56172	TLE6-209	longest_CDS
TLK1	56176	TLK1-205	MANE
TLK2	56184	TLK2-203	MANE
TLL1	56189	TLL1-201	MANE
TLL2	56191	TLL2-201	MANE
TLN1	56192	TLN1-201	MANE
TLN2	56202	TLN2-211	MANE
TLNRD1	56204	TLNRD1-201	MANE
TLR1	56205	TLR1-201	MANE
TLR10	56207	TLR10-201	MANE
TLR2	56213	TLR2-203	MANE
TLR3	56214	TLR3-201	MANE
TLR4	56217	TLR4-201	MANE
TLR6	56219	TLR6-202	MANE
TLR7	56221	TLR7-201	MANE
TLR8	56222	TLR8-201	MANE
TLR9	56223	TLR9-201	MANE
TLX2	56224	TLX2-201	MANE
TM2D1	56228	TM2D1-211	MANE
TM2D2	56231	TM2D2-202	MANE
TM2D3	56236	TM2D3-201	MANE
TM4SF1	56241	TM4SF1-201	MANE
TM4SF18	56243	TM4SF18-201	MANE
TM6SF1	56245	TM6SF1-202	MANE
TM6SF2	56249	TM6SF2-201	MANE
TM7SF2	56251	TM7SF2-201	MANE
TM7SF3	56258	TM7SF3-201	MANE
TM9SF1	56260	TM9SF1-201	MANE
TM9SF2	56265	TM9SF2-201	MANE
TM9SF3	56266	TM9SF3-201	MANE
TM9SF4	56270	TM9SF4-202	MANE
TMA16	56276	TMA16-201	MANE
TMA7	56278	TMA7-201	MANE
TMBIM1	56281	TMBIM1-201	MANE
TMBIM4	56283	TMBIM4-202	MANE
TMBIM6	56287	TMBIM6-201	MANE
TMC2	56292	TMC2-202	longest_CDS
TMC3-AS1	56296	TMC3-AS1-211	longest_CDS
TMC5	56299	TMC5-204	longest_CDS
TMC6	56314	TMC6-217	MANE
TMC7	56317	TMC7-201	MANE
TMC8	56323	TMC8-201	MANE
TMCC1	56328	TMCC1-201	MANE
TMCC1-DT	56331	TMCC1-DT-205	longest_CDS
TMCC2	56334	TMCC2-203	MANE
TMCC3	56335	TMCC3-201	MANE
TMCO1	56339	TMCO1-201	MANE
TMCO1-AS1	56341	TMCO1-AS1-201	Ensembl
TMCO3	56342	TMCO3-202	MANE
TMCO4	56345	TMCO4-201	MANE
TMCO6	56346	TMCO6-203	MANE
TMED1	56347	TMED1-201	MANE
TMED10	56349	TMED10-201	MANE
TMED2	56352	TMED2-201	MANE
TMED2-DT	56355	TMED2-DT-201	Ensembl
TMED3	56357	TMED3-201	MANE
TMED4	56362	TMED4-203	MANE
TMED5	56363	TMED5-202	MANE
TMED7	56365	TMED7-201	MANE
TMED8	56367	TMED8-201	MANE
TMED9	56368	TMED9-201	MANE
TMEFF1	56369	TMEFF1-201	MANE
TMEFF2	56376	TMEFF2-201	MANE
TMEM100	56377	TMEM100-201	MANE
TMEM101	56379	TMEM101-205	longest_CDS
TMEM104	56383	TMEM104-201	MANE
TMEM106A	56384	TMEM106A-208	MANE
TMEM106B	56388	TMEM106B-202	MANE
TMEM106C	56391	TMEM106C-202	MANE
TMEM107	56399	TMEM107-204	MANE
TMEM108	56405	TMEM108-201	MANE
TMEM109	56411	TMEM109-201	MANE
TMEM11	56412	TMEM11-201	MANE
TMEM11-DT			no_CDS
TMEM115	56417	TMEM115-201	MANE
TMEM116	56419	TMEM116-215	MANE
TMEM117	56424	TMEM117-201	MANE
TMEM119	56425	TMEM119-201	MANE
TMEM120A	56426	TMEM120A-214	MANE
TMEM120B	56433	TMEM120B-204	MANE
TMEM121	56434	TMEM121-201	MANE
TMEM121B	56435	TMEM121B-201	MANE
TMEM123	56437	TMEM123-202	MANE
TMEM123-DT	56438	TMEM123-DT-201	Ensembl
TMEM125	56439	TMEM125-201	longest_CDS
TMEM126A	56440	TMEM126A-201	MANE
TMEM126B	56448	TMEM126B-201	MANE
TMEM127	56449	TMEM127-201	MANE
TMEM128	56452	TMEM128-202	MANE
TMEM129	56454	TMEM129-202	MANE
TMEM130	56458	TMEM130-201	MANE
TMEM131	56461	TMEM131-201	MANE
TMEM131L	56466	TMEM131L-203	MANE
TMEM132A	56471	TMEM132A-202	MANE
TMEM132B	56472	TMEM132B-206	MANE
TMEM132C	56475	TMEM132C-201	MANE
TMEM132D	56476	TMEM132D-202	MANE
TMEM132E-DT	56477	TMEM132E-DT-201	Ensembl
TMEM134	56481	TMEM134-201	MANE
TMEM135	56485	TMEM135-201	MANE
TMEM138	56490	TMEM138-201	MANE
TMEM139	56492	TMEM139-201	MANE
TMEM140	56493	TMEM140-201	MANE
TMEM141	56495	TMEM141-201	MANE
TMEM143	56500	TMEM143-201	MANE
TMEM144	56506	TMEM144-201	MANE
TMEM145	56509	TMEM145-206	APPRIS
TMEM147	56511	TMEM147-201	MANE
TMEM147-AS1	56520	TMEM147-AS1-203	Ensembl
TMEM14A	56522	TMEM14A-201	MANE
TMEM14B	56524	TMEM14B-202	MANE
TMEM14B-DT	56529	TMEM14B-DT-203	Ensembl
TMEM14C	56530	TMEM14C-201	MANE
TMEM150A	56532	TMEM150A-202	MANE
TMEM150C	56538	TMEM150C-201	MANE
TMEM151A	56540	TMEM151A-201	MANE
TMEM151B	56541	TMEM151B-202	MANE
TMEM154	56542	TMEM154-201	MANE
TMEM156	56543	TMEM156-203	MANE
TMEM158	56544	TMEM158-201	MANE
TMEM160	56545	TMEM160-201	MANE
TMEM161A	56549	TMEM161A-201	MANE
TMEM161B	56551	TMEM161B-201	MANE
TMEM161B-DT	56564	TMEM161B-DT-226	Ensembl
TMEM163	56584	TMEM163-201	MANE
TMEM164	56585	TMEM164-202	MANE
TMEM165	56589	TMEM165-201	MANE
TMEM167A	56594	TMEM167A-201	MANE
TMEM167B	56595	TMEM167B-201	MANE
TMEM167B-DT	56597	TMEM167B-DT-201	Ensembl
TMEM168	56600	TMEM168-201	MANE
TMEM169	56602	TMEM169-204	MANE
TMEM17	56605	TMEM17-201	MANE
TMEM170A	56609	TMEM170A-202	MANE
TMEM170B	56610	TMEM170B-201	MANE
TMEM171	56613	TMEM171-202	MANE
TMEM175	56615	TMEM175-201	MANE
TMEM176A	56621	TMEM176A-201	MANE
TMEM176B	56625	TMEM176B-201	MANE
TMEM177	56626	TMEM177-201	MANE
TMEM178A	56630	TMEM178A-201	MANE
TMEM178B	56631	TMEM178B-202	MANE
TMEM179	56633	TMEM179-204	MANE
TMEM179B	56635	TMEM179B-201	MANE
TMEM18	56638	TMEM18-201	MANE
TMEM181	56642	TMEM181-202	MANE
TMEM182	56645	TMEM182-202	longest_CDS
TMEM183A	56646	TMEM183A-201	MANE
TMEM184B	56648	TMEM184B-202	MANE
TMEM184C	56653	TMEM184C-201	MANE
TMEM185A	56654	TMEM185A-207	MANE
TMEM185B	56659	TMEM185B-201	MANE
TMEM186	56660	TMEM186-201	MANE
TMEM187	56661	TMEM187-201	MANE
TMEM19	56662	TMEM19-201	MANE
TMEM191A			no_CDS
TMEM191B	56666	TMEM191B-204	longest_CDS
TMEM191C	56668	TMEM191C-208	longest_CDS
TMEM192	56670	TMEM192-201	MANE
TMEM196	56672	TMEM196-202	MANE
TMEM198	56673	TMEM198-202	MANE
TMEM199	56678	TMEM199-201	MANE
TMEM200A	56680	TMEM200A-201	MANE
TMEM201	56682	TMEM201-202	MANE
TMEM202-AS1			no_CDS
TMEM203	56687	TMEM203-201	MANE
TMEM204	56689	TMEM204-202	MANE
TMEM205	56696	TMEM205-201	MANE
TMEM208	56703	TMEM208-201	MANE
TMEM209	56705	TMEM209-201	MANE
TMEM214	56711	TMEM214-201	MANE
TMEM215	56713	TMEM215-201	MANE
TMEM216	56714	TMEM216-201	longest_CDS
TMEM217	56715	TMEM217-203	longest_CDS
TMEM218	56717	TMEM218-218	MANE
TMEM219	56723	TMEM219-201	MANE
TMEM220	56725	TMEM220-201	MANE
TMEM221	56727	TMEM221-201	MANE
TMEM222	56731	TMEM222-201	MANE
TMEM223	56735	TMEM223-201	MANE
TMEM229A	56736	TMEM229A-201	MANE
TMEM229B	56737	TMEM229B-201	longest_CDS
TMEM230	56743	TMEM230-202	MANE
TMEM231	56749	TMEM231-201	MANE
TMEM232	56753	TMEM232-201	MANE
TMEM233	56756	TMEM233-201	MANE
TMEM234	56760	TMEM234-201	MANE
TMEM235	56763	TMEM235-201	MANE
TMEM237	56767	TMEM237-203	MANE
TMEM238L	56771	TMEM238L-202	MANE
TMEM240			no_CDS
TMEM241	56774	TMEM241-201	MANE
TMEM242	56779	TMEM242-202	MANE
TMEM243	56781	TMEM243-201	MANE
TMEM244	56785	transcript182930.chr6.nnic	longest_CDS
TMEM245	56786	TMEM245-201	MANE
TMEM248	56790	TMEM248-201	MANE
TMEM25	56793	TMEM25-201	MANE
TMEM250	56800	TMEM250-201	MANE
TMEM254	56805	TMEM254-205	MANE
TMEM254-AS1	56810	TMEM254-AS1-201	Ensembl
TMEM255A	56811	TMEM255A-203	MANE
TMEM256	56814	TMEM256-201	MANE
TMEM258	56815	TMEM258-204	MANE
TMEM259	56820	TMEM259-202	MANE
TMEM26	56822	TMEM26-202	MANE
TMEM260	56826	TMEM260-201	MANE
TMEM262	56830	TMEM262-205	longest_CDS
TMEM263	56832	TMEM263-201	MANE
TMEM263-DT	56834	TMEM263-DT-201	Ensembl
TMEM265	56835	TMEM265-201	MANE
TMEM266	56837	TMEM266-201	MANE
TMEM267	56840	TMEM267-201	MANE
TMEM268	56843	TMEM268-201	MANE
TMEM271	56845	TMEM271-201	MANE
TMEM272	56847	TMEM272-203	MANE
TMEM273	56849	TMEM273-207	APPRIS
TMEM276	56850	TMEM276-202	Ensembl
TMEM30A	56854	TMEM30A-201	MANE
TMEM30A-DT	56856	TMEM30A-DT-207	Ensembl
TMEM30B	56858	TMEM30B-202	MANE
TMEM33	56859	TMEM33-202	MANE
TMEM35A	56861	TMEM35A-201	MANE
TMEM35B	56862	TMEM35B-201	MANE
TMEM37	56863	TMEM37-201	MANE
TMEM38A	56864	TMEM38A-201	MANE
TMEM38B	56865	TMEM38B-202	MANE
TMEM39A	56866	TMEM39A-201	MANE
TMEM39B	56868	TMEM39B-201	MANE
TMEM41A	56872	TMEM41A-203	MANE
TMEM41B	56873	TMEM41B-204	MANE
TMEM42	56878	TMEM42-201	MANE
TMEM43	56880	TMEM43-201	MANE
TMEM44	56884	TMEM44-202	MANE
TMEM44-AS1	56887	TMEM44-AS1-202	Ensembl
TMEM44-AS2	56889	TMEM44-AS2-201	Ensembl
TMEM45A	56890	TMEM45A-201	MANE
TMEM47	56891	TMEM47-201	MANE
TMEM50A	56892	TMEM50A-201	MANE
TMEM50B	56896	TMEM50B-210	MANE
TMEM51	56900	TMEM51-201	MANE
TMEM51-AS1			no_CDS
TMEM53	56911	TMEM53-202	MANE
TMEM54	56912	TMEM54-202	MANE
TMEM59	56913	TMEM59-201	MANE
TMEM59L	56920	TMEM59L-205	APPRIS
TMEM60	56921	TMEM60-201	MANE
TMEM61	56922	TMEM61-201	MANE
TMEM62	56923	TMEM62-201	MANE
TMEM63A	56924	TMEM63A-201	MANE
TMEM63B	56929	TMEM63B-202	MANE
TMEM63C	56933	TMEM63C-201	MANE
TMEM64	56934	TMEM64-203	MANE
TMEM65	56937	TMEM65-201	MANE
TMEM67	56941	TMEM67-205	MANE
TMEM68	56955	TMEM68-202	MANE
TMEM69	56957	TMEM69-201	MANE
TMEM70	56959	TMEM70-201	MANE
TMEM71	56961	TMEM71-212	MANE
TMEM72-AS1	56963	TMEM72-AS1-221	Ensembl
TMEM74	56966	TMEM74-201	MANE
TMEM74B	56967	TMEM74B-202	MANE
TMEM78	56969	TMEM78-201	Ensembl
TMEM79	56970	TMEM79-201	APPRIS
TMEM80	56972	TMEM80-201	MANE
TMEM81	56977	TMEM81-201	MANE
TMEM86A	56978	TMEM86A-201	MANE
TMEM86B	56981	TMEM86B-201	MANE
TMEM87A	56988	TMEM87A-202	MANE
TMEM87B	56990	TMEM87B-201	MANE
TMEM8B	56995	TMEM8B-208	MANE
TMEM9	57000	TMEM9-201	MANE
TMEM91	57005	TMEM91-203	MANE
TMEM94	57013	TMEM94-201	MANE
TMEM97	57019	TMEM97-201	MANE
TMEM98	57022	TMEM98-206	MANE
TMEM9B	57024	TMEM9B-205	MANE
TMEM9B-AS1			no_CDS
TMF1	57032	TMF1-201	MANE
TMIE	57033	TMIE-201	MANE
TMLHE	57035	TMLHE-201	MANE
TMOD1	57037	TMOD1-201	MANE
TMOD2	57040	TMOD2-201	MANE
TMOD3	57041	TMOD3-201	MANE
TMPO	57042	TMPO-212	MANE
TMPPE	57047	TMPPE-201	MANE
TMPRSS3	57049	TMPRSS3-208	MANE
TMPRSS5	57057	TMPRSS5-201	MANE
TMSB10	57059	TMSB10-201	MANE
TMSB15B	57060	TMSB15B-201	APPRIS
TMSB15B-AS1	57062	transcript124313.chrX.nnic	longest_CDS
TMSB15C	57063	TMSB15C-202	longest_CDS
TMSB4X	57066	TMSB4X-204	MANE
TMSB4Y	57067	TMSB4Y-201	MANE
TMTC1	57070	TMTC1-203	MANE
TMTC2	57072	TMTC2-201	MANE
TMTC3	57075	TMTC3-201	MANE
TMTC4	57079	TMTC4-202	MANE
TMUB1	57084	TMUB1-201	MANE
TMUB2	57090	TMUB2-204	MANE
TMX1	57095	TMX1-201	MANE
TMX2	57100	TMX2-201	MANE
TMX3	57102	TMX3-201	MANE
TMX4	57105	TMX4-201	MANE
TNC	57106	TNC-202	MANE
TNFAIP1	57108	TNFAIP1-201	MANE
TNFAIP2	57109	TNFAIP2-201	APPRIS
TNFAIP3	57111	TNFAIP3-207	longest_CDS
TNFAIP6	57112	TNFAIP6-201	MANE
TNFAIP8	57115	TNFAIP8-206	MANE
TNFAIP8L1	57117	TNFAIP8L1-201	MANE
TNFAIP8L2	57118	TNFAIP8L2-201	MANE
TNFAIP8L3	57119	TNFAIP8L3-202	MANE
TNFRSF10A	57120	TNFRSF10A-201	MANE
TNFRSF10B	57123	TNFRSF10B-201	MANE
TNFRSF10D	57125	TNFRSF10D-201	MANE
TNFRSF11A	57126	TNFRSF11A-202	MANE
TNFRSF11B	57127	TNFRSF11B-201	MANE
TNFRSF12A	57128	TNFRSF12A-201	MANE
TNFRSF14	57131	TNFRSF14-201	MANE
TNFRSF14-AS1			no_CDS
TNFRSF19	57135	TNFRSF19-201	MANE
TNFRSF1A	57138	TNFRSF1A-201	MANE
TNFRSF1B	57142	TNFRSF1B-201	MANE
TNFRSF21	57143	TNFRSF21-201	MANE
TNFRSF25	57149	TNFRSF25-204	MANE
TNFRSF4	57151	TNFRSF4-201	MANE
TNFRSF6B	57154	TNFRSF6B-201	MANE
TNFSF10	57155	TNFSF10-201	MANE
TNFSF12	57161	TNFSF12-201	MANE
TNFSF13	57163	TNFSF13-201	MANE
TNFSF13B	57168	TNFSF13B-201	MANE
TNFSF15	57169	TNFSF15-201	longest_CDS
TNFSF18	57170	TNFSF18-201	MANE
TNFSF4	57171	TNFSF4-201	MANE
TNFSF8	57172	TNFSF8-201	MANE
TNIK	57180	TNIK-204	MANE
TNIP1	57183	TNIP1-208	longest_CDS
TNIP2	57185	TNIP2-201	MANE
TNK1	57188	TNK1-201	longest_CDS
TNK2	57192	TNK2-203	longest_CDS
TNKS	57194	TNKS-201	MANE
TNKS1BP1	57202	TNKS1BP1-201	MANE
TNNI3K	57205	TNNI3K-201	MANE
TNNT2	57206	TNNT2-208	longest_CDS
TNPO1	57212	TNPO1-201	MANE
TNPO2	57216	TNPO2-202	MANE
TNPO3	57222	TNPO3-201	MANE
TNR	57229	TNR-201	MANE
TNRC18	57230	TNRC18-205	MANE
TNRC6A	57238	TNRC6A-202	MANE
TNRC6B	57244	TNRC6B-206	MANE
TNRC6B-DT	57245	TNRC6B-DT-201	Ensembl
TNRC6C	57246	TNRC6C-210	MANE
TNS1	57251	TNS1-220	longest_CDS
TNS2	57259	TNS2-201	MANE
TNS2-AS1	57263	TNS2-AS1-207	Ensembl
TNS3	57274	TNS3-201	MANE
TNXB	57275	TNXB-208	MANE
TOB1	57279	TOB1-202	MANE
TOB1-AS1	57281	TOB1-AS1-205	Ensembl
TOB2	57282	TOB2-201	MANE
TOE1	57284	TOE1-201	MANE
TOGARAM1	57289	TOGARAM1-201	MANE
TOGARAM2	57292	TOGARAM2-201	MANE
TOLLIP	57293	TOLLIP-202	MANE
TOLLIP-DT	57296	TOLLIP-DT-201	Ensembl
TOM1	57301	TOM1-209	MANE
TOM1L1	57306	TOM1L1-221	MANE
TOM1L2	57307	TOM1L2-202	MANE
TOMM20	57311	TOMM20-201	MANE
TOMM22	57312	TOMM22-201	MANE
TOMM34	57316	TOMM34-201	MANE
TOMM40	57320	TOMM40-203	MANE
TOMM40L	57322	TOMM40L-202	MANE
TOMM5	57326	TOMM5-201	MANE
TOMM6	57329	TOMM6-201	MANE
TOMM7	57332	TOMM7-201	MANE
TOMM70	57336	TOMM70-201	MANE
TONSL	57337	TONSL-201	MANE
TOP1	57339	TOP1-201	MANE
TOP1MT	57341	TOP1MT-201	MANE
TOP2A	57342	TOP2A-201	MANE
TOP2B	57355	TOP2B-201	MANE
TOP3A	57367	TOP3A-201	MANE
TOP3B	57368	TOP3B-201	MANE
TOPBP1	57374	TOPBP1-201	MANE
TOPORS	57375	TOPORS-201	MANE
TOR1A	57377	TOR1A-201	MANE
TOR1AIP1	57380	TOR1AIP1-212	MANE
TOR1AIP2	57382	TOR1AIP2-206	MANE
TOR1B	57389	TOR1B-201	MANE
TOR2A	57393	TOR2A-203	MANE
TOR3A	57395	TOR3A-203	MANE
TOX	57397	TOX-201	MANE
TOX-DT	57400	TOX-DT-205	Ensembl
TOX2	57402	TOX2-201	MANE
TOX3	57407	TOX3-201	MANE
TOX4	57410	TOX4-212	APPRIS
TP53	57412	TP53-225	longest_CDS
TP53BP1	57414	TP53BP1-203	MANE
TP53BP2	57425	TP53BP2-201	MANE
TP53I11	57427	TP53I11-208	MANE
TP53I13	57429	TP53I13-201	MANE
TP53I3	57432	TP53I3-201	MANE
TP53INP1	57433	TP53INP1-201	MANE
TP53INP2			no_CDS
TP53RK	57438	TP53RK-202	MANE
TP53TG1	57441	TP53TG1-210	Ensembl
TP53TG3	57443	TP53TG3-201	MANE
TP53TG3B	57444	TP53TG3B-204	longest_CDS
TP53TG3D	57445	TP53TG3D-202	MANE
TP53TG5	57449	transcript58765.chr20.nic	longest_CDS
TPBG	57455	TPBG-202	APPRIS
TPBGL	57457	TPBGL-201	MANE
TPBGL-AS1			no_CDS
TPCN1	57463	TPCN1-201	MANE
TPCN2	57467	TPCN2-201	MANE
TPD52	57475	TPD52-209	MANE
TPD52L1	57477	TPD52L1-213	MANE
TPD52L2	57484	TPD52L2-202	MANE
TPGS1	57492	TPGS1-201	MANE
TPGS2	57495	TPGS2-201	MANE
TPH2	57500	TPH2-201	MANE
TPI1	57503	TPI1-202	MANE
TPK1	57504	TPK1-201	MANE
TPM1	57515	TPM1-207	MANE
TPM1-AS	57522	TPM1-AS-202	Ensembl
TPM2	57524	TPM2-209	MANE
TPM3	57532	TPM3-224	MANE
TPM4	57542	TPM4-218	MANE
TPMT	57547	TPMT-201	MANE
TPP1	57559	TPP1-201	MANE
TPP2	57564	TPP2-201	MANE
TPPP	57577	TPPP-201	MANE
TPPP3	57580	TPPP3-202	MANE
TPR	57582	TPR-201	MANE
TPRA1	57593	TPRA1-202	MANE
TPRG1L	57594	TPRG1L-202	MANE
TPRKB	57597	TPRKB-201	MANE
TPRN	57600	TPRN-202	MANE
TPST1	57602	TPST1-201	MANE
TPST2	57605	TPST2-201	MANE
TPT1	57608	TPT1-212	MANE
TPT1-AS1			no_CDS
TPX2	57619	TPX2-201	MANE
TRA2A	57620	TRA2A-201	MANE
TRA2B	57628	TRA2B-204	MANE
TRABD	57632	TRABD-202	MANE
TRABD-AS1	57635	TRABD-AS1-201	Ensembl
TRABD2A	57641	TRABD2A-203	MANE
TRAC	57642	TRAC-201	Ensembl
TRADD	57644	TRADD-201	MANE
TRAF1	57646	TRAF1-201	MANE
TRAF2	57649	TRAF2-201	MANE
TRAF3	57655	TRAF3-202	MANE
TRAF3IP1	57657	TRAF3IP1-201	MANE
TRAF3IP2	57665	TRAF3IP2-207	MANE
TRAF3IP2-AS1	57667	TRAF3IP2-AS1-214	Ensembl
TRAF3IP3	57674	TRAF3IP3-211	longest_CDS
TRAF4	57675	TRAF4-201	MANE
TRAF5	57678	TRAF5-201	MANE
TRAF6	57679	TRAF6-202	MANE
TRAF7	57680	TRAF7-201	MANE
TRAFD1	57683	TRAFD1-202	MANE
TRAIP	57685	TRAIP-201	MANE
TRAK1	57689	TRAK1-201	MANE
TRAK2	57691	TRAK2-201	MANE
TRAM1	57693	TRAM1-201	MANE
TRAM1L1	57694	TRAM1L1-201	MANE
TRAM2	57695	TRAM2-201	MANE
TRAM2-AS1	57698	TRAM2-AS1-210	longest_CDS
TRANK1	57702	TRANK1-205	MANE
TRAP1	57705	TRAP1-201	MANE
TRAPPC1	57709	TRAPPC1-201	MANE
TRAPPC10	57719	TRAPPC10-201	MANE
TRAPPC11	57722	TRAPPC11-201	MANE
TRAPPC12	57725	TRAPPC12-201	MANE
TRAPPC13	57732	TRAPPC13-202	MANE
TRAPPC14	57738	TRAPPC14-201	MANE
TRAPPC2	57745	TRAPPC2-203	MANE
TRAPPC2B	57748	TRAPPC2B-201	MANE
TRAPPC2L	57752	TRAPPC2L-216	MANE
TRAPPC3	57755	TRAPPC3-204	MANE
TRAPPC4	57762	TRAPPC4-214	MANE
TRAPPC5	57764	TRAPPC5-204	MANE
TRAPPC6A	57768	TRAPPC6A-202	MANE
TRAPPC6B	57773	TRAPPC6B-201	MANE
TRAPPC8	57776	TRAPPC8-201	MANE
TRAPPC9	57778	TRAPPC9-201	MANE
TRBC2	57781	TRBC2-201	Ensembl
TRDMT1	57782	TRDMT1-203	MANE
TRDN	57785	TRDN-201	MANE
TREH	57786	TREH-201	MANE
TREM2	57788	TREM2-202	MANE
TRERF1	57789	TRERF1-207	MANE
TREX1	57792	TREX1-205	MANE
TRG-AS1			no_CDS
TRH	57795	TRH-201	MANE
TRHDE	57796	TRHDE-201	MANE
TRHDE-AS1	57797	TRHDE-AS1-203	longest_CDS
TRHR	57812	TRHR-202	MANE
TRIAP1	57813	TRIAP1-202	MANE
TRIB1	57814	TRIB1-201	MANE
TRIB2	57815	TRIB2-201	MANE
TRIB3	57817	TRIB3-201	MANE
TRIL	57818	TRIL-201	MANE
TRIM11	57820	TRIM11-201	MANE
TRIM13	57823	TRIM13-202	MANE
TRIM14	57827	TRIM14-201	MANE
TRIM16	57830	TRIM16-212	APPRIS
TRIM16L	57831	TRIM16L-215	longest_CDS
TRIM17	57834	TRIM17-203	longest_CDS
TRIM2	57885	TRIM2-219	longest_CDS
TRIM21	57900	TRIM21-201	MANE
TRIM22	57906	TRIM22-201	MANE
TRIM23	57907	TRIM23-201	MANE
TRIM24	57908	TRIM24-201	MANE
TRIM25	57912	TRIM25-201	MANE
TRIM26	57914	TRIM26-268	MANE
TRIM27	57918	TRIM27-202	MANE
TRIM28	57922	TRIM28-201	MANE
TRIM3	57930	TRIM3-201	MANE
TRIM32	57931	TRIM32-203	MANE
TRIM33	57933	TRIM33-201	MANE
TRIM34	57937	TRIM34-201	MANE
TRIM35	57938	TRIM35-201	MANE
TRIM36	57940	TRIM36-207	MANE
TRIM36-IT1	57944	TRIM36-IT1-201	Ensembl
TRIM37	57946	TRIM37-201	MANE
TRIM38	57951	TRIM38-201	MANE
TRIM39	57955	TRIM39-205	MANE
TRIM4	57958	TRIM4-201	MANE
TRIM41	57961	TRIM41-202	longest_CDS
TRIM44	57962	TRIM44-201	MANE
TRIM45	57964	TRIM45-201	MANE
TRIM46	57968	TRIM46-201	MANE
TRIM47	57973	TRIM47-201	MANE
TRIM5	57978	TRIM5-202	MANE
TRIM52	57982	TRIM52-209	MANE
TRIM52-AS1	57990	TRIM52-AS1-202	Ensembl
TRIM54	57992	TRIM54-202	MANE
TRIM56	57995	TRIM56-201	MANE
TRIM58	57996	TRIM58-201	MANE
TRIM59	57997	TRIM59-201	MANE
TRIM6	57999	transcript9060.chr11.nic	longest_CDS
TRIM61	58000	TRIM61-203	MANE
TRIM62	58003	TRIM62-201	MANE
TRIM63	58004	TRIM63-201	MANE
TRIM65	58005	TRIM65-201	MANE
TRIM66	58007	TRIM66-208	MANE
TRIM68	58013	TRIM68-201	MANE
TRIM69	58015	TRIM69-203	longest_CDS
TRIM7	58016	TRIM7-201	MANE
TRIM71	58019	TRIM71-201	MANE
TRIM73			no_CDS
TRIM74	58021	TRIM74-201	MANE
TRIM8	58025	TRIM8-209	MANE
TRIM8-DT	58028	TRIM8-DT-201	Ensembl
TRIM9	58031	TRIM9-207	MANE
TRIO	58039	TRIO-202	MANE
TRIOBP	58049	TRIOBP-211	MANE
TRIP10	58050	TRIP10-202	longest_CDS
TRIP11	58052	TRIP11-201	MANE
TRIP12	58059	TRIP12-220	MANE
TRIP13	58072	TRIP13-201	MANE
TRIP4	58074	TRIP4-201	MANE
TRIP6	58075	TRIP6-201	MANE
TRIQK	58080	TRIQK-214	MANE
TRIR	58086	TRIR-201	MANE
TRIT1	58088	TRIT1-201	MANE
TRMO	58091	TRMO-203	MANE
TRMT1	58097	TRMT1-203	APPRIS
TRMT10A	58098	TRMT10A-203	APPRIS
TRMT10B	58105	TRMT10B-201	MANE
TRMT10C	58106	TRMT10C-201	MANE
TRMT11	58112	TRMT11-201	MANE
TRMT112	58114	TRMT112-206	MANE
TRMT12	58116	TRMT12-201	MANE
TRMT13	58118	TRMT13-202	MANE
TRMT1L	58119	TRMT1L-201	MANE
TRMT2A	58123	TRMT2A-201	MANE
TRMT2B	58125	TRMT2B-202	MANE
TRMT2B-AS1			no_CDS
TRMT44	58131	TRMT44-201	MANE
TRMT5	58133	TRMT5-201	MANE
TRMT6	58136	TRMT6-201	MANE
TRMT61A	58140	TRMT61A-202	MANE
TRMT61A-DT	58141	TRMT61A-DT-201	Ensembl
TRMT61B	58143	TRMT61B-201	MANE
TRMT9B	58146	TRMT9B-203	MANE
TRMU	58159	TRMU-223	MANE
TRNAU1AP	58161	TRNAU1AP-201	MANE
TRNP1	58165	TRNP1-201	MANE
TRNT1	58168	TRNT1-201	MANE
TRO	58183	TRO-201	MANE
TRPA1	58189	TRPA1-201	MANE
TRPC1	58192	TRPC1-201	longest_CDS
TRPC3	58194	TRPC3-202	MANE
TRPC4	58195	TRPC4-206	MANE
TRPC4AP	58196	TRPC4AP-201	MANE
TRPC5	58198	TRPC5-201	MANE
TRPC6	58199	TRPC6-201	MANE
TRPM2	58203	TRPM2-203	MANE
TRPM3	58205	TRPM3-202	longest_CDS
TRPM4	58212	transcript128784.chr19.nic	longest_CDS
TRPM7	58213	TRPM7-210	MANE
TRPS1	58218	TRPS1-203	MANE
TRPT1	58226	TRPT1-201	MANE
TRPV1	58230	TRPV1-207	MANE
TRPV2	58232	TRPV2-201	MANE
TRPV3	58235	TRPV3-209	MANE
TRPV6	58237	TRPV6-201	MANE
TRRAP	58245	TRRAP-206	MANE
TRUB1	58246	TRUB1-201	MANE
TRUB2	58247	TRUB2-201	MANE
TSBP1-AS1	58250	TSBP1-AS1-216	longest_CDS
TSC1	58257	TSC1-201	MANE
TSC2	58300	TSC2-201	MANE
TSC22D1	58305	TSC22D1-203	MANE
TSC22D1-AS1	58309	TSC22D1-AS1-201	Ensembl
TSC22D2	58311	TSC22D2-207	MANE
TSC22D3	58318	TSC22D3-203	MANE
TSC22D4	58323	TSC22D4-201	MANE
TSEN15	58331	TSEN15-216	MANE
TSEN2	58345	TSEN2-201	MANE
TSEN34	58369	TSEN34-203	MANE
TSEN54	58376	TSEN54-201	MANE
TSFM	58382	TSFM-212	MANE
TSG101	58385	TSG101-201	MANE
TSGA10	58388	TSGA10-203	MANE
TSHZ1	58396	TSHZ1-205	longest_CDS
TSHZ2	58397	TSHZ2-201	MANE
TSHZ3	58400	TSHZ3-201	MANE
TSIX	58402	TSIX-201	Ensembl
TSKU	58403	TSKU-201	MANE
TSN	58405	TSN-201	MANE
TSNARE1	58415	TSNARE1-208	MANE
TSNAX	58416	TSNAX-201	MANE
TSNAXIP1	58419	TSNAXIP1-202	longest_CDS
TSPAN1	58423	TSPAN1-201	MANE
TSPAN11			no_CDS
TSPAN12	58426	TSPAN12-201	MANE
TSPAN13	58428	TSPAN13-201	MANE
TSPAN14	58429	TSPAN14-207	MANE
TSPAN15	58435	TSPAN15-201	MANE
TSPAN17	58438	TSPAN17-207	MANE
TSPAN2	58442	TSPAN2-202	MANE
TSPAN3	58444	TSPAN3-201	MANE
TSPAN31	58448	TSPAN31-201	MANE
TSPAN33	58452	TSPAN33-201	MANE
TSPAN4	58453	TSPAN4-203	MANE
TSPAN5	58462	TSPAN5-201	MANE
TSPAN5-DT	58464	TSPAN5-DT-201	Ensembl
TSPAN6	58465	TSPAN6-201	MANE
TSPAN7	58467	TSPAN7-202	MANE
TSPAN9	58472	TSPAN9-201	MANE
TSPO	58474	TSPO-202	MANE
TSPOAP1	58476	TSPOAP1-202	MANE
TSPOAP1-AS1	58482	TSPOAP1-AS1-214	longest_CDS
TSPYL1	58483	TSPYL1-201	MANE
TSPYL2	58487	TSPYL2-201	MANE
TSPYL4	58491	TSPYL4-201	MANE
TSPYL5	58492	TSPYL5-201	MANE
TSPYL6	58493	TSPYL6-201	MANE
TSR1	58494	TSR1-201	MANE
TSR2	58495	TSR2-201	MANE
TSR3	58496	TSR3-201	MANE
TSSC4	58499	TSSC4-201	MANE
TST	58501	TST-201	MANE
TSTD1	58503	TSTD1-204	MANE
TSTD2	58504	TSTD2-201	MANE
TSTD3	58513	TSTD3-201	MANE
TTBK1	58518	TTBK1-201	MANE
TTBK2	58520	TTBK2-201	MANE
TTC1	58527	TTC1-201	MANE
TTC12	58534	TTC12-219	MANE
TTC13	58538	TTC13-201	MANE
TTC14	58541	TTC14-201	MANE
TTC16	58545	transcript211658.chr9.nnic	longest_CDS
TTC17	58554	TTC17-201	MANE
TTC19	58560	TTC19-201	MANE
TTC21A	58562	TTC21A-219	MANE
TTC21B	58585	TTC21B-214	longest_CDS
TTC23	58593	TTC23-203	MANE
TTC23L	58599	TTC23L-203	MANE
TTC23L-AS1	58600	TTC23L-AS1-201	Ensembl
TTC24	58601	transcript242701.chr1.nic	longest_CDS
TTC26	58605	TTC26-203	MANE
TTC27	58608	TTC27-201	MANE
TTC28	58611	TTC28-201	MANE
TTC28-AS1	58618	TTC28-AS1-217	Ensembl
TTC29	58625	TTC29-201	MANE
TTC3	58627	TTC3-206	MANE
TTC30A	58646	TTC30A-201	MANE
TTC30B	58647	TTC30B-201	MANE
TTC31	58655	TTC31-201	MANE
TTC32	58658	TTC32-201	MANE
TTC32-DT	58659	TTC32-DT-201	Ensembl
TTC33	58660	TTC33-201	MANE
TTC34	58663	TTC34-201	MANE
TTC38	58665	TTC38-201	MANE
TTC39A	58667	TTC39A-221	MANE
TTC39B	58670	TTC39B-208	MANE
TTC39C	58674	TTC39C-202	MANE
TTC4	58679	TTC4-201	MANE
TTC5	58680	TTC5-201	MANE
TTC6	58685	TTC6-206	MANE
TTC7A	58692	TTC7A-201	MANE
TTC7B	58697	TTC7B-201	MANE
TTC8	58701	TTC8-204	MANE
TTC9	58705	TTC9-201	MANE
TTC9B	58707	TTC9B-201	MANE
TTC9C	58710	TTC9C-202	MANE
TTF1	58713	TTF1-201	MANE
TTF2	58716	TTF2-201	MANE
TTI1	58720	TTI1-201	MANE
TTI2	58725	TTI2-202	MANE
TTL	58726	TTL-201	MANE
TTLL1	58727	TTLL1-201	MANE
TTLL11	58732	TTLL11-201	MANE
TTLL12	58735	TTLL12-201	MANE
TTLL3	58743	TTLL3-213	longest_CDS
TTLL4	58748	TTLL4-202	MANE
TTLL5	58749	TTLL5-202	MANE
TTLL6	58754	TTLL6-202	MANE
TTLL7	58756	TTLL7-201	MANE
TTLL7-IT1	58763	TTLL7-IT1-201	Ensembl
TTLL9			no_CDS
TTN	58766	TTN-214	MANE
TTN-AS1	58769	TTN-AS1-276	Ensembl
TTPAL	58779	TTPAL-201	MANE
TTTY10			no_CDS
TTTY14	58786	TTTY14-214	Ensembl
TTYH1	58791	TTYH1-202	MANE
TTYH2	58798	TTYH2-201	MANE
TTYH3	58801	TTYH3-201	MANE
TUB	58804	TUB-201	MANE
TUBA1A	58806	TUBA1A-202	MANE
TUBA1B	58812	TUBA1B-202	MANE
TUBA1B-AS1			no_CDS
TUBA1C	58817	TUBA1C-201	MANE
TUBA3FP	58818	TUBA3FP-202	Ensembl
TUBA4A	58823	TUBA4A-201	MANE
TUBA8	58828	TUBA8-202	MANE
TUBB	58834	TUBB-205	MANE
TUBB2A	58839	TUBB2A-201	MANE
TUBB2B	58841	TUBB2B-201	MANE
TUBB3	58846	TUBB3-201	MANE
TUBB4A	58849	TUBB4A-201	MANE
TUBB4B	58851	TUBB4B-201	MANE
TUBB6	58852	TUBB6-201	MANE
TUBD1	58854	TUBD1-201	MANE
TUBE1	58860	TUBE1-202	MANE
TUBG1	58866	TUBG1-201	MANE
TUBG2	58869	TUBG2-201	MANE
TUBGCP2	58878	TUBGCP2-201	MANE
TUBGCP3	58890	TUBGCP3-201	MANE
TUBGCP4	58896	TUBGCP4-208	MANE
TUBGCP5	58899	TUBGCP5-205	MANE
TUBGCP6	58904	TUBGCP6-201	MANE
TUFM	58906	TUFM-201	MANE
TUFT1	58908	TUFT1-201	longest_CDS
TUG1	58910	TUG1-217	Ensembl
TULP3	58920	TULP3-202	MANE
TULP4	58922	TULP4-202	MANE
TUNAR	58929	TUNAR-204	Ensembl
TUSC1	58931	TUSC1-201	MANE
TUSC2	58934	TUSC2-201	MANE
TUSC3	58937	TUSC3-203	MANE
TUSC8			no_CDS
TUT1	58942	TUT1-202	longest_CDS
TUT4	58943	TUT4-201	MANE
TUT7	58954	TUT7-206	MANE
TVP23A	58960	TVP23A-201	MANE
TVP23B	58962	TVP23B-201	MANE
TVP23C	58964	TVP23C-205	MANE
TWF1	58967	TWF1-201	MANE
TWF2	58975	TWF2-201	MANE
TWIST2	58978	TWIST2-202	MANE
TWNK	58979	TWNK-201	MANE
TWSG1	58984	TWSG1-201	MANE
TWSG1-DT	58985	TWSG1-DT-201	Ensembl
TXK	58986	transcript90880.chr4.nic	longest_CDS
TXLNA	58987	TXLNA-202	MANE
TXLNB	58990	TXLNB-201	MANE
TXLNG	58991	TXLNG-201	MANE
TXLNGY	58995	TXLNGY-202	longest_CDS
TXN	59001	TXN-202	MANE
TXN2	59004	TXN2-201	MANE
TXNDC11	59005	TXNDC11-201	MANE
TXNDC11-AS1	59007	TXNDC11-AS1-201	Ensembl
TXNDC12	59010	TXNDC12-201	MANE
TXNDC15	59011	TXNDC15-201	MANE
TXNDC16	59015	TXNDC16-201	MANE
TXNDC17	59018	TXNDC17-201	MANE
TXNDC5	59019	TXNDC5-201	MANE
TXNDC9	59021	TXNDC9-201	MANE
TXNIP	59026	TXNIP-204	MANE
TXNL1	59029	TXNL1-201	MANE
TXNL4A	59033	TXNL4A-201	MANE
TXNL4B	59036	TXNL4B-201	MANE
TXNRD1	59040	TXNRD1-204	MANE
TXNRD2	59047	TXNRD2-204	MANE
TXNRD3	59049	TXNRD3-204	MANE
TYK2	59061	TYK2-204	MANE
TYMP	59065	TYMP-201	MANE
TYMS	59068	TYMS-203	MANE
TYMSOS	59072	TYMSOS-201	longest_CDS
TYRO3	59077	TYRO3-201	MANE
TYROBP	59080	TYROBP-201	MANE
TYRP1	59081	TYRP1-203	MANE
TYSND1	59085	TYSND1-201	MANE
TYW1	59089	TYW1-201	MANE
TYW1B	59090	TYW1B-203	MANE
TYW3	59092	TYW3-201	MANE
TYW5	59098	TYW5-201	MANE
U2AF1	59105	U2AF1-201	MANE
U2AF1L4	59109	U2AF1L4-208	longest_CDS
U2AF2	59113	U2AF2-202	longest_CDS
U2SURP	59120	U2SURP-208	MANE
UACA	59122	UACA-201	MANE
UAP1	59124	UAP1-201	MANE
UAP1-DT	59126	UAP1-DT-201	Ensembl
UAP1L1	59130	UAP1L1-202	MANE
UBA1	59132	UBA1-201	MANE
UBA2	59135	UBA2-201	MANE
UBA3	59137	UBA3-202	MANE
UBA5	59140	UBA5-202	MANE
UBA52	59144	UBA52-202	MANE
UBA6	59149	UBA6-201	MANE
UBA6-DT	59152	UBA6-DT-203	Ensembl
UBA7	59160	UBA7-201	MANE
UBAC1	59162	UBAC1-201	MANE
UBAC2	59164	UBAC2-203	MANE
UBAC2-AS1			no_CDS
UBALD1	59167	UBALD1-201	MANE
UBAP1	59171	UBAP1-201	MANE
UBAP1L	59174	UBAP1L-202	MANE
UBAP2	59178	UBAP2-204	MANE
UBAP2L	59192	UBAP2L-207	MANE
UBASH3B	59197	UBASH3B-201	MANE
UBB	59201	UBB-201	MANE
UBC	59204	UBC-201	MANE
UBE2A	59210	UBE2A-204	longest_CDS
UBE2B	59212	UBE2B-201	MANE
UBE2D1	59215	UBE2D1-201	MANE
UBE2D2	59216	UBE2D2-201	MANE
UBE2D3	59218	UBE2D3-210	MANE
UBE2D3-AS1	59229	UBE2D3-AS1-201	Ensembl
UBE2D4	59230	UBE2D4-201	MANE
UBE2E1	59232	UBE2E1-201	MANE
UBE2E2	59236	UBE2E2-202	MANE
UBE2E3	59240	UBE2E3-202	MANE
UBE2F	59244	UBE2F-201	MANE
UBE2G1	59249	UBE2G1-201	MANE
UBE2G2	59253	UBE2G2-202	MANE
UBE2H	59255	UBE2H-201	MANE
UBE2I	59264	UBE2I-203	MANE
UBE2J1	59265	UBE2J1-201	MANE
UBE2J2	59267	UBE2J2-202	MANE
UBE2K	59272	UBE2K-201	MANE
UBE2L3	59275	UBE2L3-201	MANE
UBE2L6	59276	UBE2L6-201	MANE
UBE2M	59278	UBE2M-201	MANE
UBE2N	59279	UBE2N-201	MANE
UBE2O	59282	UBE2O-201	MANE
UBE2Q1	59285	UBE2Q1-201	MANE
UBE2Q2	59287	UBE2Q2-201	MANE
UBE2Q2P1	59289	UBE2Q2P1-207	Ensembl
UBE2Q2P2	59292	UBE2Q2P2-205	Ensembl
UBE2QL1	59294	UBE2QL1-201	MANE
UBE2R2	59295	UBE2R2-201	MANE
UBE2S	59296	UBE2S-201	MANE
UBE2T	59297	UBE2T-205	MANE
UBE2V1	59302	UBE2V1-203	MANE
UBE2V2	59306	UBE2V2-207	MANE
UBE2W	59309	UBE2W-208	longest_CDS
UBE2Z	59311	UBE2Z-201	MANE
UBE3A	59314	UBE3A-226	MANE
UBE3B	59332	UBE3B-202	MANE
UBE3C	59336	UBE3C-201	MANE
UBE3D	59341	UBE3D-203	MANE
UBE4A	59344	UBE4A-201	MANE
UBE4B	59348	UBE4B-202	MANE
UBFD1	59350	UBFD1-201	MANE
UBIAD1	59352	UBIAD1-202	MANE
UBL3	59354	UBL3-201	MANE
UBL4A	59355	UBL4A-202	MANE
UBL5	59358	UBL5-202	MANE
UBL7	59360	UBL7-202	MANE
UBL7-DT			no_CDS
UBLCP1	59365	UBLCP1-201	MANE
UBN1	59366	UBN1-201	MANE
UBN2	59371	UBN2-201	MANE
UBOX5	59373	UBOX5-201	MANE
UBP1	59378	UBP1-202	MANE
UBQLN1	59381	UBQLN1-202	MANE
UBQLN1-AS1	59384	UBQLN1-AS1-202	longest_CDS
UBQLN2	59388	UBQLN2-201	MANE
UBQLN4	59389	UBQLN4-201	MANE
UBQLNL	59390	UBQLNL-201	MANE
UBR1	59391	UBR1-201	MANE
UBR2	59394	UBR2-202	MANE
UBR3	59397	UBR3-201	MANE
UBR4	59409	UBR4-204	MANE
UBR5	59410	UBR5-207	MANE
UBR5-DT	59415	UBR5-DT-202	Ensembl
UBR7	59417	UBR7-201	MANE
UBTD1	59418	UBTD1-201	MANE
UBTD2	59419	UBTD2-201	MANE
UBTF	59423	UBTF-204	MANE
UBXN1	59432	UBXN1-202	MANE
UBXN10	59434	UBXN10-201	MANE
UBXN11	59437	UBXN11-206	MANE
UBXN2A	59440	UBXN2A-201	MANE
UBXN2B	59443	UBXN2B-201	MANE
UBXN4	59450	UBXN4-201	MANE
UBXN6	59451	UBXN6-201	MANE
UBXN7	59455	UBXN7-201	MANE
UBXN8	59458	UBXN8-201	MANE
UCHL1	59459	UCHL1-202	longest_CDS
UCHL3	59463	UCHL3-201	MANE
UCHL5	59469	UCHL5-205	MANE
UCK1	59471	UCK1-204	MANE
UCK2	59473	transcript252553.chr1.nnic	longest_CDS
UCKL1	59478	UCKL1-201	MANE
UCKL1-AS1	59480	UCKL1-AS1-201	Ensembl
UCN	59481	UCN-201	MANE
UCP2	59482	UCP2-211	MANE
UCP3	59483	UCP3-201	MANE
UEVLD	59486	UEVLD-205	MANE
UFC1	59490	UFC1-201	MANE
UFD1	59491	UFD1-201	MANE
UFD1-AS1	59493	UFD1-AS1-201	Ensembl
UFL1	59494	UFL1-201	MANE
UFL1-AS1	59496	UFL1-AS1-203	Ensembl
UFM1	59498	UFM1-201	MANE
UFSP2	59500	UFSP2-201	MANE
UGCG	59503	UGCG-201	MANE
UGDH	59504	UGDH-201	MANE
UGDH-AS1	59505	UGDH-AS1-201	Ensembl
UGGT1	59507	UGGT1-201	MANE
UGGT2	59512	UGGT2-203	MANE
UGP2	59516	UGP2-201	MANE
UGT8	59524	UGT8-201	MANE
UHMK1	59526	UHMK1-202	MANE
UHRF1	59528	transcript10676.chr19.nnic	longest_CDS
UHRF2	59530	UHRF2-201	MANE
UIMC1	59537	UIMC1-212	MANE
ULBP2	59539	ULBP2-201	MANE
ULBP3	59540	ULBP3-201	MANE
ULK1	59541	ULK1-201	MANE
ULK2	59544	ULK2-202	MANE
ULK3	59552	ULK3-201	MANE
ULK4	59555	ULK4-201	MANE
UMAD1	59558	UMAD1-210	MANE
UMODL1-AS1	59560	UMODL1-AS1-201	Ensembl
UMPS	59561	UMPS-201	MANE
UNC119	59567	UNC119-202	MANE
UNC119B	59570	UNC119B-201	MANE
UNC13A	59571	UNC13A-202	MANE
UNC13B	59574	UNC13B-208	MANE
UNC13C	59582	UNC13C-201	MANE
UNC13D	59583	UNC13D-201	MANE
UNC45A	59591	UNC45A-202	MANE
UNC50	59593	UNC50-201	MANE
UNC5A	59596	UNC5A-201	MANE
UNC5B	59597	UNC5B-201	MANE
UNC5C	59601	UNC5C-201	MANE
UNC5C-AS1	59603	UNC5C-AS1-201	Ensembl
UNC5D	59605	UNC5D-204	longest_CDS
UNC79	59609	UNC79-207	MANE
UNC80	59619	UNC80-209	MANE
UNC93B1	59621	UNC93B1-201	MANE
UNG	59624	UNG-201	MANE
UNK	59626	UNK-205	MANE
UNKL	59631	UNKL-204	MANE
UPF1	59635	UPF1-201	MANE
UPF2	59638	UPF2-202	MANE
UPF3A	59645	UPF3A-202	MANE
UPF3B	59651	UPF3B-201	MANE
UPK3BL1	59655	UPK3BL1-201	MANE
UPK3BL2	59656	UPK3BL2-201	MANE
UPP1	59658	UPP1-203	MANE
UPRT	59662	UPRT-203	MANE
UQCC1	59668	UQCC1-205	MANE
UQCC2	59671	UQCC2-204	MANE
UQCC3	59672	UQCC3-201	MANE
UQCC4	59674	UQCC4-201	MANE
UQCC5			no_CDS
UQCC6	59679	UQCC6-201	MANE
UQCR10	59682	UQCR10-201	MANE
UQCR11	59683	UQCR11-203	MANE
UQCRB	59685	UQCRB-201	MANE
UQCRC1	59687	UQCRC1-201	MANE
UQCRC2	59689	UQCRC2-201	MANE
UQCRFS1	59692	UQCRFS1-201	MANE
UQCRFS1-DT			no_CDS
UQCRH	59694	UQCRH-201	MANE
UQCRHL	59697	UQCRHL-201	APPRIS
UQCRQ	59701	UQCRQ-203	MANE
URAHP			no_CDS
URB1	59704	URB1-201	MANE
URB1-AS1	59705	URB1-AS1-201	Ensembl
URB2	59706	URB2-201	MANE
URGCP	59709	URGCP-207	MANE
URI1	59715	URI1-202	MANE
URM1	59716	URM1-203	MANE
UROD	59720	UROD-201	MANE
UROS	59730	UROS-204	MANE
USB1	59733	USB1-201	MANE
USE1	59741	USE1-201	MANE
USF1	59744	USF1-203	MANE
USF2	59746	USF2-201	MANE
USF3	59751	USF3-201	MANE
USH1C	59752	USH1C-202	APPRIS
USHBP1	59753	USHBP1-201	MANE
USO1	59754	USO1-204	MANE
USP1	59757	USP1-201	MANE
USP10	59760	USP10-201	MANE
USP11	59761	USP11-204	MANE
USP12	59767	USP12-201	MANE
USP13	59769	USP13-201	MANE
USP14	59774	USP14-201	MANE
USP15	59782	USP15-201	MANE
USP16	59786	USP16-204	MANE
USP17L1	59789	USP17L1-201	MANE
USP17L11	59790	USP17L11-201	MANE
USP17L12	59791	USP17L12-201	MANE
USP17L15	59792	USP17L15-201	MANE
USP17L17	59793	USP17L17-201	MANE
USP17L18	59794	USP17L18-201	MANE
USP17L19	59795	USP17L19-201	MANE
USP17L2	59796	USP17L2-201	MANE
USP17L20	59797	USP17L20-201	MANE
USP17L21	59798	USP17L21-201	MANE
USP17L22	59799	USP17L22-201	MANE
USP17L23	59800	USP17L23-201	Ensembl
USP17L24	59801	USP17L24-201	MANE
USP17L25	59802	USP17L25-201	MANE
USP17L26	59803	USP17L26-201	MANE
USP17L27	59804	USP17L27-201	MANE
USP17L28	59805	USP17L28-201	MANE
USP17L29	59806	USP17L29-201	MANE
USP17L30	59807	USP17L30-201	MANE
USP17L4	59808	USP17L4-201	MANE
USP17L5	59809	USP17L5-201	MANE
USP17L7	59810	USP17L7-201	MANE
USP18	59812	USP18-201	MANE
USP19	59816	USP19-212	longest_CDS
USP2	59820	USP2-201	MANE
USP2-AS1			no_CDS
USP20	59825	USP20-203	MANE
USP21	59827	USP21-203	MANE
USP22	59833	USP22-201	MANE
USP24	59835	USP24-201	MANE
USP25	59841	USP25-204	MANE
USP27X	59842	USP27X-201	MANE
USP27X-DT	59843	USP27X-DT-201	Ensembl
USP28	59848	USP28-217	MANE
USP3	59851	USP3-202	MANE
USP3-AS1	59857	transcript87076.chr15.nnic	longest_CDS
USP30	59860	USP30-201	MANE
USP31	59863	USP31-201	MANE
USP32	59867	USP32-201	MANE
USP33	59869	USP33-204	MANE
USP34	59882	USP34-201	MANE
USP34-DT			no_CDS
USP35	59888	USP35-203	MANE
USP36	59893	USP36-202	MANE
USP37	59900	USP37-201	MANE
USP38	59908	USP38-201	MANE
USP38-DT			no_CDS
USP39	59910	USP39-201	MANE
USP4	59917	USP4-201	MANE
USP40	59921	USP40-217	MANE
USP42	59926	USP42-201	MANE
USP43	59930	USP43-201	MANE
USP44	59932	USP44-201	MANE
USP45	59934	USP45-208	MANE
USP46	59936	USP46-201	MANE
USP47	59941	USP47-207	MANE
USP48	59950	USP48-201	MANE
USP49	59955	USP49-206	MANE
USP5	59959	USP5-201	MANE
USP53	59964	USP53-211	MANE
USP54	59973	USP54-222	MANE
USP6NL	59979	USP6NL-205	MANE
USP7	59982	USP7-201	MANE
USP8	59989	USP8-201	MANE
USP9X	59991	USP9X-201	longest_CDS
USP9Y	59996	USP9Y-201	MANE
USPL1	59999	USPL1-201	MANE
UST	60002	UST-201	MANE
UTP11	60003	UTP11-201	MANE
UTP14A	60005	UTP14A-201	MANE
UTP15	60007	UTP15-201	MANE
UTP18	60008	UTP18-201	MANE
UTP20	60009	UTP20-201	MANE
UTP23	60012	UTP23-201	MANE
UTP25	60014	UTP25-202	MANE
UTP3	60016	UTP3-201	MANE
UTP4	60017	UTP4-201	MANE
UTP6	60020	UTP6-201	MANE
UTRN	60024	UTRN-204	MANE
UTY	60028	UTY-212	MANE
UVRAG	60038	UVRAG-201	MANE
UVSSA	60041	UVSSA-210	longest_CDS
UXS1	60045	UXS1-201	MANE
UXT	60047	UXT-201	MANE
UXT-AS1	60048	UXT-AS1-201	longest_CDS
VAC14	60050	VAC14-201	MANE
VAC14-AS1	60052	transcript111023.chr16.nnic	longest_CDS
VAMP1	60055	VAMP1-202	MANE
VAMP2	60057	VAMP2-201	MANE
VAMP3	60061	VAMP3-201	MANE
VAMP4	60062	VAMP4-201	MANE
VAMP5	60068	VAMP5-201	MANE
VAMP7	60070	VAMP7-202	MANE
VAMP8	60071	VAMP8-201	MANE
VANGL1	60073	VANGL1-202	MANE
VAPA	60077	VAPA-202	MANE
VAPB	60079	VAPB-204	MANE
VARS1	60080	VARS1-215	MANE
VARS2	60082	VARS2-213	MANE
VASH1	60088	VASH1-201	MANE
VASH1-AS1	60090	VASH1-AS1-202	Ensembl
VASH2	60091	VASH2-211	MANE
VASN	60092	VASN-201	MANE
VASP	60093	VASP-201	MANE
VAT1	60095	VAT1-201	MANE
VAT1L	60096	VAT1L-201	MANE
VAV1	60100	VAV1-210	MANE
VAV2	60105	VAV2-201	MANE
VAV3	60106	VAV3-202	MANE
VAX1	60109	VAX1-201	longest_CDS
VAX2	60110	VAX2-201	MANE
VBP1	60112	VBP1-201	MANE
VCAM1	60113	VCAM1-201	MANE
VCAN	60120	VCAN-201	MANE
VCL	60127	VCL-202	APPRIS
VCP	60136	VCP-201	MANE
VCPIP1	60145	VCPIP1-201	MANE
VCPKMT	60147	VCPKMT-202	MANE
VDAC1	60150	VDAC1-201	MANE
VDAC2	60153	VDAC2-203	MANE
VDAC3	60157	VDAC3-201	MANE
VEGFA	60160	VEGFA-209	longest_CDS
VEGFB	60163	VEGFB-201	MANE
VEGFC	60165	VEGFC-202	MANE
VEGFD	60166	VEGFD-201	MANE
VEPH1	60167	VEPH1-201	MANE
VEZF1	60170	VEZF1-202	MANE
VEZT	60178	VEZT-203	MANE
VGF	60183	VGF-201	MANE
VGLL3	60184	VGLL3-202	MANE
VGLL4	60192	VGLL4-211	MANE
VHL	60196	VHL-201	MANE
VILL	60198	VILL-207	longest_CDS
VIM	60200	VIM-209	MANE
VIP	60206	VIP-202	MANE
VIPAS39	60207	VIPAS39-211	MANE
VIPR1	60213	VIPR1-201	MANE
VIPR2	60216	VIPR2-201	MANE
VIRMA	60218	VIRMA-201	MANE
VIRMA-DT			no_CDS
VKORC1	60225	VKORC1-205	MANE
VKORC1L1	60227	VKORC1L1-202	longest_CDS
VLDLR	60240	VLDLR-203	MANE
VLDLR-AS1			no_CDS
VMA21	60249	VMA21-201	MANE
VMAC	60251	VMAC-201	MANE
VMO1	60252	transcript12832.chr17.nnic	longest_CDS
VMP1	60253	VMP1-201	MANE
VN1R1	60263	VN1R1-201	MANE
VOPP1	60266	VOPP1-201	MANE
VPS11	60268	VPS11-207	MANE
VPS13A	60270	VPS13A-202	MANE
VPS13B	60288	VPS13B-202	MANE
VPS13B-DT			no_CDS
VPS13C	60296	VPS13C-201	longest_CDS
VPS13C-DT	60301	VPS13C-DT-201	Ensembl
VPS13D	60305	VPS13D-214	MANE
VPS16	60309	VPS16-202	MANE
VPS18	60312	VPS18-201	MANE
VPS25	60314	VPS25-201	MANE
VPS26A	60318	VPS26A-201	MANE
VPS26B	60321	VPS26B-201	MANE
VPS26C	60324	VPS26C-201	MANE
VPS28	60331	VPS28-201	MANE
VPS29	60334	VPS29-206	MANE
VPS33A	60337	VPS33A-201	MANE
VPS33B	60339	VPS33B-201	MANE
VPS35	60341	VPS35-201	MANE
VPS35L	60347	VPS35L-201	longest_CDS
VPS36	60349	VPS36-201	MANE
VPS37A	60352	VPS37A-201	MANE
VPS37B	60357	VPS37B-201	MANE
VPS37C			no_CDS
VPS37D	60360	VPS37D-201	MANE
VPS39	60365	VPS39-201	MANE
VPS41	60367	VPS41-202	MANE
VPS45	60377	VPS45-214	MANE
VPS4A	60386	VPS4A-201	MANE
VPS4B	60389	VPS4B-201	MANE
VPS50	60394	VPS50-202	MANE
VPS51	60398	VPS51-201	MANE
VPS52	60404	VPS52-212	MANE
VPS53	60415	VPS53-235	longest_CDS
VPS54	60425	VPS54-201	MANE
VPS72	60427	VPS72-202	MANE
VPS8	60432	VPS8-201	longest_CDS
VPS9D1	60433	VPS9D1-201	MANE
VRK1	60441	VRK1-201	MANE
VRK2	60450	VRK2-201	MANE
VRK3	60458	VRK3-201	MANE
VSIG1	60467	VSIG1-202	longest_CDS
VSIG10	60471	VSIG10-202	MANE
VSIG10L	60472	VSIG10L-201	MANE
VSIG4	60473	VSIG4-201	MANE
VSIR	60477	VSIR-201	MANE
VSNL1	60481	VSNL1-201	MANE
VSTM2A	60482	VSTM2A-202	MANE
VSTM2B	60487	VSTM2B-201	MANE
VSTM2B-DT			no_CDS
VSTM2L	60489	VSTM2L-202	MANE
VSTM4	60490	VSTM4-202	MANE
VSTM5	60494	VSTM5-202	MANE
VSX1	60495	VSX1-202	MANE
VTA1	60500	VTA1-202	MANE
VTI1A	60506	VTI1A-201	MANE
VTI1B	60507	VTI1B-204	MANE
VTN	60508	VTN-201	MANE
VWA1	60510	VWA1-203	MANE
VWA2	60511	VWA2-202	MANE
VWA3A	60515	VWA3A-202	MANE
VWA5A	60518	VWA5A-205	MANE
VWA5B2	60520	VWA5B2-207	MANE
VWA7	60523	transcript39723.chr6.nic	longest_CDS
VWA8	60528	VWA8-203	MANE
VWA8-AS1			no_CDS
VWC2	60531	VWC2-201	MANE
VWC2L	60534	VWC2L-201	MANE
VWCE	60538	VWCE-202	MANE
VWDE	60539	VWDE-205	longest_CDS
VWF	60541	VWF-201	MANE
VXN	60542	VXN-201	MANE
WAC	60561	WAC-203	MANE
WAC-AS1	60568	WAC-AS1-201	Ensembl
WAPL	60570	WAPL-201	MANE
WARS1	60577	WARS1-204	MANE
WARS2	60581	WARS2-201	MANE
WARS2-AS1	60583	WARS2-AS1-211	longest_CDS
WASF1	60587	WASF1-207	MANE
WASF2	60590	WASF2-202	MANE
WASF3	60594	WASF3-201	MANE
WASH2P	60599	WASH2P-202	longest_CDS
WASH6P	60601	WASH6P-203	longest_CDS
WASHC1	60602	WASHC1-201	APPRIS
WASHC2A	60604	WASHC2A-201	MANE
WASHC2C	60611	WASHC2C-209	MANE
WASHC3	60616	WASHC3-201	MANE
WASHC4	60621	WASHC4-202	MANE
WASHC5	60630	WASHC5-201	MANE
WASIR2	60631	WASIR2-201	Ensembl
WASL	60633	WASL-201	MANE
WASL-DT	60634	WASL-DT-201	Ensembl
WBP1	60635	WBP1-201	MANE
WBP11	60638	WBP11-201	MANE
WBP1L	60639	WBP1L-203	MANE
WBP2	60644	WBP2-201	MANE
WBP2NL	60646	WBP2NL-201	MANE
WBP4	60647	WBP4-201	MANE
WDCP	60649	WDCP-201	MANE
WDFY1	60651	WDFY1-201	MANE
WDFY2	60653	WDFY2-201	MANE
WDFY3	60655	WDFY3-201	MANE
WDFY3-AS2	60661	WDFY3-AS2-223	longest_CDS
WDFY4	60666	WDFY4-201	MANE
WDHD1	60668	WDHD1-201	MANE
WDPCP	60671	WDPCP-201	MANE
WDR1	60676	WDR1-202	MANE
WDR11	60689	WDR11-201	MANE
WDR11-DT	60694	WDR11-DT-206	longest_CDS
WDR12	60695	WDR12-209	longest_CDS
WDR13	60698	WDR13-202	MANE
WDR17	60702	WDR17-205	MANE
WDR18	60705	WDR18-202	MANE
WDR19	60707	WDR19-201	MANE
WDR20	60714	WDR20-204	MANE
WDR24	60720	WDR24-202	MANE
WDR25	60725	WDR25-202	MANE
WDR26	60728	WDR26-212	longest_CDS
WDR27	60733	WDR27-212	longest_CDS
WDR3	60735	WDR3-201	MANE
WDR31	60738	WDR31-202	MANE
WDR33	60742	WDR33-201	MANE
WDR35	60743	WDR35-201	MANE
WDR35-DT	60747	WDR35-DT-201	Ensembl
WDR36	60748	WDR36-203	MANE
WDR37	60751	WDR37-201	MANE
WDR38	60755	transcript202774.chr9.nic	longest_CDS
WDR4	60756	WDR4-202	MANE
WDR41	60761	WDR41-201	MANE
WDR43	60767	WDR43-202	MANE
WDR44	60768	WDR44-201	MANE
WDR45	60779	WDR45-206	MANE
WDR45B	60782	WDR45B-201	MANE
WDR46	60783	WDR46-231	MANE
WDR47	60790	WDR47-202	MANE
WDR48	60791	WDR48-201	MANE
WDR49	60796	WDR49-211	MANE
WDR5	60799	WDR5-201	MANE
WDR53	60802	WDR53-201	MANE
WDR54	60804	WDR54-201	MANE
WDR55	60807	WDR55-201	MANE
WDR59	60811	WDR59-201	MANE
WDR5B	60814	WDR5B-201	MANE
WDR5B-DT	60816	transcript212211.chr3.nnic	longest_CDS
WDR6	60820	WDR6-220	MANE
WDR7	60825	WDR7-201	MANE
WDR70	60829	WDR70-201	MANE
WDR73	60834	WDR73-202	MANE
WDR74	60841	WDR74-201	MANE
WDR75	60842	WDR75-201	MANE
WDR76	60845	WDR76-201	MANE
WDR77	60846	WDR77-201	MANE
WDR81	60847	WDR81-202	MANE
WDR82	60851	WDR82-201	MANE
WDR83	60854	WDR83-201	MANE
WDR83OS	60856	WDR83OS-202	MANE
WDR86	60858	WDR86-201	MANE
WDR89	60859	WDR89-204	MANE
WDR90	60867	WDR90-201	MANE
WDR91	60879	WDR91-201	MANE
WDR93	60880	WDR93-204	longest_CDS
WDR97	60881	WDR97-203	longest_CDS
WDSUB1	60885	WDSUB1-202	MANE
WDTC1	60888	WDTC1-201	MANE
WEE1	60890	WEE1-202	MANE
WFDC1	60892	WFDC1-201	MANE
WFDC2	60896	WFDC2-204	MANE
WFDC3	60897	transcript58235.chr20.nnic	longest_CDS
WFIKKN1	60899	WFIKKN1-201	MANE
WFS1	60903	WFS1-201	MANE
WHAMM	60906	WHAMM-201	MANE
WHRN	60912	WHRN-202	MANE
WIF1	60913	WIF1-201	MANE
WIPF1	60914	WIPF1-205	longest_CDS
WIPF2	60915	WIPF2-201	MANE
WIPF3	60919	WIPF3-201	MANE
WIPI1	60921	WIPI1-201	MANE
WIPI2	60923	WIPI2-201	MANE
WIZ	60930	transcript34062.chr19.nic	longest_CDS
WLS	60935	WLS-201	MANE
WNK1	60938	WNK1-201	MANE
WNK2	60951	WNK2-204	MANE
WNK3	60956	WNK3-201	Ensembl
WNT10B	60958	WNT10B-201	MANE
WNT16	60959	WNT16-201	MANE
WNT2	60960	WNT2-201	MANE
WNT2B	60963	WNT2B-202	MANE
WNT3	60967	WNT3-201	MANE
WNT4	60969	WNT4-201	MANE
WNT5A	60970	transcript95737.chr3.nic	longest_CDS
WNT7A	60972	WNT7A-201	MANE
WNT7B	60974	WNT7B-201	MANE
WRAP53	60978	WRAP53-202	MANE
WRAP73	60982	WRAP73-201	MANE
WRN	60985	WRN-201	MANE
WRNIP1	60989	WRNIP1-204	MANE
WSB1	60991	WSB1-201	MANE
WSB2	61004	WSB2-201	MANE
WSCD1	61010	WSCD1-201	MANE
WSCD2	61012	WSCD2-206	MANE
WTAP	61019	WTAP-206	MANE
WTIP	61024	WTIP-202	MANE
WWC1	61030	WWC1-201	MANE
WWC2	61034	WWC2-201	MANE
WWC2-AS2	61035	WWC2-AS2-201	Ensembl
WWC3	61036	WWC3-201	Ensembl
WWOX	61039	WWOX-222	longest_CDS
WWP1	61044	WWP1-202	MANE
WWP1-AS1			no_CDS
WWP2	61049	WWP2-202	MANE
WWTR1	61051	WWTR1-201	MANE
XAB2	61052	XAB2-201	MANE
XACT	61054	XACT-203	longest_CDS
XAF1	61057	XAF1-202	MANE
XBP1	61059	XBP1-201	longest_CDS
XIAP	61060	XIAP-202	MANE
XIST	61068	XIST-204	Ensembl
XK	61077	XK-201	MANE
XKR4	61079	XKR4-201	MANE
XKR6	61080	XKR6-202	longest_CDS
XKR8	61083	XKR8-201	MANE
XKR9	61085	XKR9-201	MANE
XNDC1N	61089	XNDC1N-210	MANE
XPA	61090	XPA-201	MANE
XPC	61093	XPC-201	MANE
XPNPEP1	61096	XPNPEP1-218	MANE
XPNPEP3	61101	XPNPEP3-201	MANE
XPO1	61119	XPO1-201	MANE
XPO4	61127	XPO4-201	MANE
XPO5	61129	XPO5-201	MANE
XPO6	61132	XPO6-201	MANE
XPO7	61133	XPO7-201	MANE
XPOT	61135	XPOT-201	MANE
XPR1	61141	XPR1-202	MANE
XRCC1	61142	XRCC1-201	MANE
XRCC2	61145	XRCC2-201	MANE
XRCC3	61150	XRCC3-211	MANE
XRCC4	61155	XRCC4-203	MANE
XRCC5	61160	XRCC5-201	MANE
XRCC6	61164	XRCC6-202	MANE
XRN1	61167	XRN1-202	MANE
XRN2	61171	XRN2-201	MANE
XRRA1	61173	XRRA1-221	MANE
XXYLT1	61178	XXYLT1-201	MANE
XYLB	61179	XYLB-201	MANE
XYLT1	61182	XYLT1-201	MANE
XYLT2	61185	XYLT2-201	MANE
YAE1	61188	YAE1-201	MANE
YAF2	61191	YAF2-203	MANE
YAP1	61197	YAP1-201	MANE
YARS1	61200	YARS1-201	MANE
YARS2	61207	YARS2-201	MANE
YBEY	61209	YBEY-206	MANE
YBX1	61212	YBX1-201	MANE
YBX3	61216	YBX3-201	MANE
YDJC	61219	YDJC-201	MANE
YEATS2	61223	YEATS2-201	MANE
YEATS2-AS1	61224	YEATS2-AS1-201	Ensembl
YEATS4	61225	YEATS4-201	MANE
YES1	61228	YES1-201	MANE
YIF1A	61230	YIF1A-203	MANE
YIF1B	61234	YIF1B-203	MANE
YIPF1	61237	YIPF1-201	MANE
YIPF2	61239	YIPF2-204	MANE
YIPF3	61241	YIPF3-202	MANE
YIPF4	61243	YIPF4-201	MANE
YIPF5	61246	YIPF5-201	MANE
YIPF6	61247	YIPF6-204	MANE
YJEFN3	61250	YJEFN3-203	MANE
YJU2	61252	YJU2-201	MANE
YJU2B	61257	YJU2B-201	MANE
YKT6	61263	YKT6-201	MANE
YLPM1	61267	YLPM1-201	MANE
YME1L1	61274	YME1L1-202	MANE
YOD1	61276	YOD1-201	MANE
YPEL1	61277	YPEL1-201	MANE
YPEL2	61282	YPEL2-201	MANE
YPEL3	61285	YPEL3-202	MANE
YPEL3-DT	61287	YPEL3-DT-201	Ensembl
YPEL4	61291	YPEL4-201	MANE
YPEL5	61294	YPEL5-201	MANE
YRDC	61297	YRDC-201	MANE
YTHDC1	61299	YTHDC1-201	MANE
YTHDC2	61304	YTHDC2-201	MANE
YTHDF1	61306	YTHDF1-202	MANE
YTHDF2	61308	YTHDF2-201	MANE
YTHDF3	61311	YTHDF3-205	MANE
YTHDF3-DT	61317	YTHDF3-DT-201	Ensembl
YWHAB	61319	YWHAB-201	MANE
YWHAE	61323	YWHAE-201	MANE
YWHAG	61324	YWHAG-201	MANE
YWHAH	61325	YWHAH-201	MANE
YWHAH-AS1	61328	YWHAH-AS1-206	longest_CDS
YWHAQ	61331	YWHAQ-201	MANE
YWHAZ	61333	YWHAZ-207	MANE
YY1	61338	YY1-201	MANE
YY1AP1	61344	YY1AP1-205	MANE
YY2	61352	YY2-201	MANE
ZACN	61353	ZACN-205	longest_CDS
ZAP70	61354	ZAP70-201	MANE
ZBBX	61356	ZBBX-215	MANE
ZBED1	61362	ZBED1-206	MANE
ZBED3	61363	ZBED3-201	MANE
ZBED3-AS1	61367	transcript104804.chr5.nnic	longest_CDS
ZBED4	61371	ZBED4-201	MANE
ZBED5	61374	ZBED5-201	MANE
ZBED5-AS1	61377	ZBED5-AS1-209	Ensembl
ZBED6	61381	ZBED6-201	MANE
ZBTB1	61382	ZBTB1-207	MANE
ZBTB10	61386	ZBTB10-204	MANE
ZBTB11	61394	ZBTB11-201	MANE
ZBTB11-AS1	61400	ZBTB11-AS1-201	Ensembl
ZBTB14	61403	ZBTB14-209	MANE
ZBTB16	61413	ZBTB16-201	MANE
ZBTB17	61417	ZBTB17-202	MANE
ZBTB18	61419	ZBTB18-201	MANE
ZBTB2	61423	ZBTB2-201	MANE
ZBTB20	61426	ZBTB20-220	MANE
ZBTB20-AS1			no_CDS
ZBTB21	61440	ZBTB21-201	MANE
ZBTB22	61441	ZBTB22-208	MANE
ZBTB24	61445	ZBTB24-201	MANE
ZBTB25	61451	ZBTB25-204	MANE
ZBTB26	61455	ZBTB26-202	MANE
ZBTB3	61456	ZBTB3-201	MANE
ZBTB33	61458	ZBTB33-202	MANE
ZBTB34	61460	ZBTB34-201	MANE
ZBTB37	61461	ZBTB37-201	MANE
ZBTB38	61470	ZBTB38-201	MANE
ZBTB39	61474	ZBTB39-201	MANE
ZBTB4	61477	ZBTB4-202	MANE
ZBTB40	61479	ZBTB40-202	MANE
ZBTB41	61481	ZBTB41-201	MANE
ZBTB42	61483	ZBTB42-201	MANE
ZBTB43	61487	ZBTB43-202	MANE
ZBTB44	61491	ZBTB44-201	MANE
ZBTB45	61493	ZBTB45-202	MANE
ZBTB46	61494	ZBTB46-203	APPRIS
ZBTB47	61497	ZBTB47-201	MANE
ZBTB47-AS1			no_CDS
ZBTB48	61501	ZBTB48-202	MANE
ZBTB49	61505	ZBTB49-201	MANE
ZBTB5	61508	ZBTB5-201	MANE
ZBTB6	61509	ZBTB6-201	MANE
ZBTB7A	61510	ZBTB7A-201	MANE
ZBTB7B	61512	ZBTB7B-205	MANE
ZBTB7C	61514	ZBTB7C-221	MANE
ZBTB8A	61515	ZBTB8A-202	MANE
ZBTB8B	61517	ZBTB8B-201	MANE
ZBTB8OS	61518	ZBTB8OS-208	MANE
ZBTB9	61523	ZBTB9-201	MANE
ZC2HC1A	61529	ZC2HC1A-201	MANE
ZC2HC1C	61534	ZC2HC1C-203	MANE
ZC3H10	61535	ZC3H10-201	MANE
ZC3H11A	61543	ZC3H11A-202	MANE
ZC3H12A	61548	ZC3H12A-201	MANE
ZC3H12A-DT	61549	ZC3H12A-DT-201	longest_CDS
ZC3H12B	61550	ZC3H12B-201	MANE
ZC3H12C	61556	ZC3H12C-201	MANE
ZC3H12D	61557	ZC3H12D-201	MANE
ZC3H13	61559	ZC3H13-206	MANE
ZC3H14	61569	ZC3H14-201	MANE
ZC3H15	61572	ZC3H15-201	MANE
ZC3H18	61576	ZC3H18-201	MANE
ZC3H3	61580	ZC3H3-201	MANE
ZC3H4	61583	ZC3H4-201	MANE
ZC3H6	61585	ZC3H6-201	MANE
ZC3H7A	61587	ZC3H7A-201	MANE
ZC3H7B	61593	ZC3H7B-201	MANE
ZC3H8	61597	ZC3H8-201	MANE
ZC3HAV1	61602	ZC3HAV1-201	MANE
ZC3HAV1L	61605	transcript205716.chr7.nic	longest_CDS
ZC3HC1	61607	ZC3HC1-202	MANE
ZC4H2	61611	ZC4H2-202	MANE
ZCCHC10	61618	ZCCHC10-207	MANE
ZCCHC12	61619	ZCCHC12-201	MANE
ZCCHC14	61620	ZCCHC14-205	MANE
ZCCHC14-DT	61622	ZCCHC14-DT-204	Ensembl
ZCCHC17	61629	ZCCHC17-201	MANE
ZCCHC18	61630	ZCCHC18-206	MANE
ZCCHC2	61634	ZCCHC2-201	MANE
ZCCHC24	61637	ZCCHC24-202	MANE
ZCCHC3	61641	ZCCHC3-201	MANE
ZCCHC4	61644	ZCCHC4-201	MANE
ZCCHC7	61648	ZCCHC7-202	MANE
ZCCHC8	61650	ZCCHC8-210	MANE
ZCCHC9	61655	ZCCHC9-203	MANE
ZCRB1	61659	ZCRB1-201	MANE
ZCWPW1	61668	ZCWPW1-209	MANE
ZCWPW2	61671	ZCWPW2-201	MANE
ZDBF2	61678	ZDBF2-201	MANE
ZDHHC1	61681	ZDHHC1-203	MANE
ZDHHC11	61683	ZDHHC11-201	MANE
ZDHHC11B	61686	ZDHHC11B-201	MANE
ZDHHC12	61688	ZDHHC12-201	MANE
ZDHHC13	61691	ZDHHC13-202	MANE
ZDHHC14	61697	ZDHHC14-203	MANE
ZDHHC15	61703	ZDHHC15-201	MANE
ZDHHC16	61706	ZDHHC16-207	MANE
ZDHHC17	61710	ZDHHC17-201	MANE
ZDHHC18	61713	ZDHHC18-202	MANE
ZDHHC2	61716	ZDHHC2-201	MANE
ZDHHC20	61720	ZDHHC20-203	MANE
ZDHHC21	61725	ZDHHC21-201	MANE
ZDHHC22	61726	ZDHHC22-201	MANE
ZDHHC23	61728	ZDHHC23-207	MANE
ZDHHC24	61732	ZDHHC24-201	MANE
ZDHHC3	61736	ZDHHC3-205	MANE
ZDHHC4	61745	ZDHHC4-201	MANE
ZDHHC5	61747	ZDHHC5-201	MANE
ZDHHC6	61750	ZDHHC6-202	MANE
ZDHHC7	61764	ZDHHC7-201	MANE
ZDHHC8	61765	ZDHHC8-202	MANE
ZDHHC9	61769	ZDHHC9-201	MANE
ZEB1	61777	ZEB1-202	MANE
ZEB1-AS1			no_CDS
ZEB2	61793	ZEB2-226	MANE
ZER1	61804	ZER1-201	MANE
ZFAND1	61809	ZFAND1-201	MANE
ZFAND2A	61812	ZFAND2A-201	MANE
ZFAND2A-DT	61813	ZFAND2A-DT-207	longest_CDS
ZFAND2B	61819	ZFAND2B-201	MANE
ZFAND3	61822	ZFAND3-201	MANE
ZFAND4	61826	ZFAND4-202	MANE
ZFAND5	61832	ZFAND5-205	MANE
ZFAND6	61833	ZFAND6-201	MANE
ZFAS1	61844	ZFAS1-202	longest_CDS
ZFAT	61849	ZFAT-201	MANE
ZFC3H1	61859	ZFC3H1-201	MANE
ZFHX2	61860	ZFHX2-202	MANE
ZFHX2-AS1	61861	ZFHX2-AS1-201	Ensembl
ZFHX3	61862	ZFHX3-208	longest_CDS
ZFHX3-AS1	61864	transcript113748.chr16.nic	longest_CDS
ZFHX4	61868	ZFHX4-214	MANE
ZFHX4-AS1			no_CDS
ZFP1	61872	ZFP1-209	MANE
ZFP14	61875	ZFP14-201	MANE
ZFP2	61876	ZFP2-201	MANE
ZFP28	61878	ZFP28-201	MANE
ZFP3	61880	ZFP3-201	MANE
ZFP30	61881	ZFP30-212	MANE
ZFP36L1	61884	ZFP36L1-202	MANE
ZFP36L2	61886	ZFP36L2-201	MANE
ZFP37	61887	ZFP37-201	MANE
ZFP41	61889	ZFP41-201	MANE
ZFP62	61892	ZFP62-201	MANE
ZFP64	61898	ZFP64-201	MANE
ZFP69	61901	ZFP69-202	MANE
ZFP69B	61902	ZFP69B-201	MANE
ZFP82	61907	ZFP82-201	MANE
ZFP90	61912	ZFP90-203	MANE
ZFP91	61913	ZFP91-201	MANE
ZFPL1	61916	ZFPL1-201	MANE
ZFPM2	61920	ZFPM2-201	MANE
ZFPM2-AS1	61921	ZFPM2-AS1-204	Ensembl
ZFR	61926	ZFR-201	MANE
ZFR2	61932	ZFR2-201	MANE
ZFTA	61933	ZFTA-202	MANE
ZFTRAF1	61934	ZFTRAF1-203	MANE
ZFX	61938	ZFX-201	MANE
ZFY	61942	ZFY-201	MANE
ZFYVE1	61946	ZFYVE1-208	MANE
ZFYVE16	61951	ZFYVE16-202	MANE
ZFYVE19	61958	ZFYVE19-203	MANE
ZFYVE21	61968	ZFYVE21-202	MANE
ZFYVE26	61973	ZFYVE26-201	MANE
ZFYVE27	61982	ZFYVE27-212	MANE
ZFYVE28	61983	ZFYVE28-201	MANE
ZFYVE9	61990	ZFYVE9-201	MANE
ZGLP1	61991	ZGLP1-204	Ensembl
ZGPAT	61993	ZGPAT-202	MANE
ZGRF1	62005	ZGRF1-203	APPRIS
ZHX1	62010	ZHX1-202	MANE
ZHX2	62011	ZHX2-201	MANE
ZHX3	62015	ZHX3-221	MANE
ZIC1	62018	ZIC1-201	MANE
ZIC4	62021	ZIC4-201	MANE
ZIK1	62024	ZIK1-204	MANE
ZIM2	62028	ZIM2-210	longest_CDS
ZKSCAN1	62030	ZKSCAN1-201	MANE
ZKSCAN2	62034	ZKSCAN2-201	MANE
ZKSCAN2-DT	62036	ZKSCAN2-DT-201	Ensembl
ZKSCAN3	62037	ZKSCAN3-201	MANE
ZKSCAN4	62038	ZKSCAN4-201	MANE
ZKSCAN5	62042	ZKSCAN5-201	MANE
ZKSCAN7	62045	ZKSCAN7-205	MANE
ZKSCAN8	62049	ZKSCAN8-201	MANE
ZKSCAN8P1	62051	ZKSCAN8P1-201	longest_CDS
ZMAT1	62052	ZMAT1-207	MANE
ZMAT2	62056	ZMAT2-201	MANE
ZMAT3	62059	ZMAT3-201	MANE
ZMAT4	62065	ZMAT4-201	MANE
ZMAT5	62066	ZMAT5-201	MANE
ZMIZ1	62071	ZMIZ1-201	MANE
ZMIZ2	62073	ZMIZ2-201	longest_CDS
ZMPSTE24	62077	ZMPSTE24-201	MANE
ZMPSTE24-DT	62080	ZMPSTE24-DT-201	Ensembl
ZMYM1	62082	ZMYM1-201	MANE
ZMYM2	62089	ZMYM2-210	MANE
ZMYM3	62094	ZMYM3-201	MANE
ZMYM4	62098	ZMYM4-201	MANE
ZMYM5	62103	ZMYM5-201	MANE
ZMYM6	62108	ZMYM6-202	MANE
ZMYND10	62110	ZMYND10-201	MANE
ZMYND11	62121	ZMYND11-203	MANE
ZMYND12	62126	ZMYND12-201	MANE
ZMYND19	62127	ZMYND19-201	MANE
ZMYND8	62129	ZMYND8-217	longest_CDS
ZNF10	62143	ZNF10-201	MANE
ZNF100	62144	ZNF100-202	MANE
ZNF101	62148	ZNF101-208	MANE
ZNF106	62151	ZNF106-202	MANE
ZNF107	62159	ZNF107-206	MANE
ZNF112	62162	ZNF112-202	MANE
ZNF114	62163	ZNF114-204	MANE
ZNF117	62164	ZNF117-201	Ensembl
ZNF12	62168	ZNF12-204	MANE
ZNF121	62170	ZNF121-201	MANE
ZNF124	62173	ZNF124-206	MANE
ZNF131	62175	ZNF131-221	MANE
ZNF132	62183	ZNF132-201	MANE
ZNF132-DT	62186	ZNF132-DT-201	Ensembl
ZNF133	62193	ZNF133-207	MANE
ZNF134	62200	ZNF134-201	MANE
ZNF135	62201	ZNF135-201	MANE
ZNF136	62209	ZNF136-201	MANE
ZNF138	62216	ZNF138-201	MANE
ZNF14	62218	ZNF14-201	MANE
ZNF140	62220	ZNF140-202	MANE
ZNF141	62222	ZNF141-201	MANE
ZNF142	62227	ZNF142-201	MANE
ZNF143	62229	ZNF143-203	MANE
ZNF146	62232	ZNF146-201	MANE
ZNF148	62237	ZNF148-201	MANE
ZNF154	62245	ZNF154-203	MANE
ZNF155	62246	ZNF155-201	MANE
ZNF157	62249	ZNF157-201	MANE
ZNF16	62250	ZNF16-209	longest_CDS
ZNF160	62253	ZNF160-216	MANE
ZNF165	62258	ZNF165-202	MANE
ZNF169	62261	ZNF169-202	MANE
ZNF17	62264	ZNF17-201	MANE
ZNF174	62266	ZNF174-201	MANE
ZNF175	62268	ZNF175-201	MANE
ZNF177	62269	ZNF177-205	MANE
ZNF18	62274	ZNF18-204	MANE
ZNF180	62278	ZNF180-211	MANE
ZNF181	62282	ZNF181-204	MANE
ZNF182	62283	ZNF182-201	MANE
ZNF184	62286	ZNF184-203	MANE
ZNF185	62289	ZNF185-208	longest_CDS
ZNF189	62291	ZNF189-202	MANE
ZNF19	62297	ZNF19-201	MANE
ZNF195	62302	ZNF195-205	MANE
ZNF197	62307	ZNF197-202	MANE
ZNF2	62310	ZNF2-203	MANE
ZNF20	62311	ZNF20-201	MANE
ZNF200	62315	ZNF200-204	MANE
ZNF202	62321	ZNF202-207	MANE
ZNF205	62324	ZNF205-201	MANE
ZNF207	62330	ZNF207-203	MANE
ZNF208	62334	ZNF208-201	MANE
ZNF211	62336	ZNF211-201	MANE
ZNF212	62343	ZNF212-201	MANE
ZNF213	62345	ZNF213-201	MANE
ZNF213-AS1	62347	ZNF213-AS1-204	longest_CDS
ZNF214	62354	ZNF214-201	MANE
ZNF215	62355	ZNF215-203	longest_CDS
ZNF217	62358	ZNF217-202	MANE
ZNF219	62359	ZNF219-201	MANE
ZNF22	62363	ZNF22-201	MANE
ZNF22-AS1	62364	ZNF22-AS1-201	Ensembl
ZNF221	62366	ZNF221-202	MANE
ZNF222	62368	ZNF222-202	MANE
ZNF223	62369	ZNF223-201	MANE
ZNF224	62374	ZNF224-209	MANE
ZNF225	62376	ZNF225-201	MANE
ZNF225-AS1	62378	ZNF225-AS1-203	Ensembl
ZNF226	62380	ZNF226-202	MANE
ZNF227	62387	ZNF227-201	MANE
ZNF229	62392	ZNF229-204	MANE
ZNF23	62401	ZNF23-212	MANE
ZNF230	62403	ZNF230-201	MANE
ZNF230-DT	62404	ZNF230-DT-201	Ensembl
ZNF232	62405	ZNF232-201	MANE
ZNF232-AS1			no_CDS
ZNF233	62414	ZNF233-206	MANE
ZNF234	62416	ZNF234-201	MANE
ZNF235	62419	ZNF235-201	MANE
ZNF236	62422	ZNF236-202	MANE
ZNF239	62427	ZNF239-202	MANE
ZNF24	62429	ZNF24-201	MANE
ZNF248	62431	ZNF248-203	MANE
ZNF25	62436	ZNF25-201	MANE
ZNF250	62439	ZNF250-202	MANE
ZNF251	62440	ZNF251-201	MANE
ZNF252P	62447	ZNF252P-202	Ensembl
ZNF252P-AS1	62448	ZNF252P-AS1-201	Ensembl
ZNF253	62450	ZNF253-203	MANE
ZNF254	62452	ZNF254-202	MANE
ZNF256	62459	ZNF256-201	MANE
ZNF257	62460	ZNF257-203	MANE
ZNF26	62462	ZNF26-201	MANE
ZNF260	62463	ZNF260-202	MANE
ZNF263	62466	ZNF263-201	MANE
ZNF264	62470	ZNF264-201	MANE
ZNF266	62475	ZNF266-206	MANE
ZNF267	62477	ZNF267-201	MANE
ZNF268	62482	ZNF268-205	MANE
ZNF273	62483	ZNF273-204	MANE
ZNF274	62494	ZNF274-212	MANE
ZNF275	62495	ZNF275-205	MANE
ZNF276	62502	ZNF276-202	MANE
ZNF277	62507	ZNF277-201	MANE
ZNF28	62512	ZNF28-204	MANE
ZNF280B	62513	ZNF280B-203	MANE
ZNF280C	62516	ZNF280C-201	MANE
ZNF280D	62521	ZNF280D-201	MANE
ZNF281	62526	ZNF281-203	MANE
ZNF282	62529	ZNF282-204	MANE
ZNF283	62532	ZNF283-209	MANE
ZNF284	62533	ZNF284-201	MANE
ZNF285	62535	ZNF285-205	MANE
ZNF286A	62541	ZNF286A-218	MANE
ZNF287	62544	ZNF287-202	MANE
ZNF292	62552	ZNF292-202	MANE
ZNF295-AS1			no_CDS
ZNF296	62558	ZNF296-201	MANE
ZNF3	62560	ZNF3-202	MANE
ZNF30	62566	ZNF30-204	MANE
ZNF30-AS1			no_CDS
ZNF300	62568	ZNF300-201	MANE
ZNF300P1	62573	ZNF300P1-203	Ensembl
ZNF302	62581	ZNF302-206	MANE
ZNF304	62583	ZNF304-201	MANE
ZNF311	62588	ZNF311-203	MANE
ZNF316	62589	ZNF316-201	MANE
ZNF317	62593	ZNF317-201	MANE
ZNF318	62597	ZNF318-201	MANE
ZNF319	62598	ZNF319-201	MANE
ZNF32	62600	ZNF32-201	MANE
ZNF320	62604	ZNF320-216	MANE
ZNF322	62607	ZNF322-201	MANE
ZNF324	62608	ZNF324-201	MANE
ZNF324B	62609	ZNF324B-201	MANE
ZNF326	62612	ZNF326-201	MANE
ZNF329	62614	ZNF329-204	MANE
ZNF330	62618	ZNF330-201	MANE
ZNF331	62621	ZNF331-202	MANE
ZNF333	62634	ZNF333-201	MANE
ZNF334	62644	ZNF334-207	MANE
ZNF335	62649	ZNF335-201	MANE
ZNF337	62651	ZNF337-201	MANE
ZNF337-AS1	62653	transcript31103.chr20.nnic	longest_CDS
ZNF33A	62656	ZNF33A-203	MANE
ZNF33B	62661	ZNF33B-201	MANE
ZNF34	62665	ZNF34-202	MANE
ZNF341	62672	ZNF341-202	MANE
ZNF343	62675	ZNF343-201	MANE
ZNF345	62677	ZNF345-202	MANE
ZNF346	62683	ZNF346-201	MANE
ZNF347	62685	ZNF347-201	MANE
ZNF35	62688	ZNF35-202	MANE
ZNF350	62691	ZNF350-201	MANE
ZNF350-AS1	62692	ZNF350-AS1-203	longest_CDS
ZNF354A	62693	ZNF354A-201	MANE
ZNF354B	62696	ZNF354B-201	MANE
ZNF354C	62697	ZNF354C-201	MANE
ZNF358	62698	ZNF358-202	MANE
ZNF362	62699	ZNF362-205	MANE
ZNF365	62703	ZNF365-201	MANE
ZNF366	62704	ZNF366-201	MANE
ZNF367	62705	ZNF367-201	MANE
ZNF37A	62706	ZNF37A-207	MANE
ZNF382	62711	ZNF382-201	MANE
ZNF383	62716	ZNF383-209	MANE
ZNF384	62723	ZNF384-203	longest_CDS
ZNF385A	62725	ZNF385A-201	longest_CDS
ZNF385B	62728	ZNF385B-204	MANE
ZNF385C	62732	ZNF385C-206	MANE
ZNF385D	62735	ZNF385D-201	MANE
ZNF391	62738	ZNF391-201	MANE
ZNF394	62742	ZNF394-201	MANE
ZNF395	62744	ZNF395-201	MANE
ZNF396	62745	ZNF396-206	MANE
ZNF397	62750	ZNF397-202	MANE
ZNF398	62755	ZNF398-202	MANE
ZNF404	62756	ZNF404-201	MANE
ZNF407	62759	ZNF407-201	MANE
ZNF407-AS1	62762	ZNF407-AS1-206	Ensembl
ZNF408	62765	ZNF408-201	MANE
ZNF41	62766	ZNF41-205	MANE
ZNF410	62772	ZNF410-211	MANE
ZNF414	62774	ZNF414-202	MANE
ZNF415	62778	ZNF415-201	MANE
ZNF416	62789	ZNF416-201	MANE
ZNF417	62791	ZNF417-201	MANE
ZNF418	62792	ZNF418-201	MANE
ZNF419	62802	ZNF419-201	MANE
ZNF420	62804	ZNF420-202	MANE
ZNF423	62806	ZNF423-205	MANE
ZNF425	62807	ZNF425-201	MANE
ZNF426	62810	ZNF426-201	MANE
ZNF426-DT	62811	ZNF426-DT-203	Ensembl
ZNF428	62814	ZNF428-201	MANE
ZNF429	62815	ZNF429-201	MANE
ZNF43	62820	ZNF43-201	MANE
ZNF430	62821	ZNF430-201	MANE
ZNF431	62824	ZNF431-201	MANE
ZNF432	62826	ZNF432-201	MANE
ZNF433	62827	ZNF433-208	MANE
ZNF433-AS1	62833	ZNF433-AS1-209	longest_CDS
ZNF436	62835	ZNF436-201	MANE
ZNF436-AS1	62839	ZNF436-AS1-203	Ensembl
ZNF438	62845	ZNF438-205	MANE
ZNF439	62846	ZNF439-206	MANE
ZNF44	62854	ZNF44-202	MANE
ZNF440	62858	ZNF440-201	MANE
ZNF441	62860	ZNF441-201	MANE
ZNF442	62862	ZNF442-201	MANE
ZNF443	62864	ZNF443-201	MANE
ZNF444	62867	ZNF444-201	MANE
ZNF445	62870	ZNF445-201	MANE
ZNF446	62873	ZNF446-203	MANE
ZNF449	62875	ZNF449-201	MANE
ZNF45	62877	ZNF45-201	MANE
ZNF451	62880	ZNF451-203	MANE
ZNF454	62884	ZNF454-202	MANE
ZNF454-DT	62886	ZNF454-DT-201	Ensembl
ZNF460	62887	ZNF460-201	MANE
ZNF461	62889	ZNF461-204	MANE
ZNF462	62895	ZNF462-201	MANE
ZNF467	62898	ZNF467-201	MANE
ZNF468	62901	ZNF468-202	MANE
ZNF470	62903	ZNF470-201	MANE
ZNF470-DT	62905	ZNF470-DT-201	Ensembl
ZNF471	62909	ZNF471-201	MANE
ZNF473	62912	ZNF473-205	APPRIS
ZNF473CR	62914	ZNF473CR-201	Ensembl
ZNF48	62917	ZNF48-204	MANE
ZNF480	62918	ZNF480-205	MANE
ZNF483	62923	ZNF483-201	MANE
ZNF484	62929	ZNF484-202	MANE
ZNF485	62931	ZNF485-201	MANE
ZNF486	62932	ZNF486-201	MANE
ZNF487	62933	ZNF487-202	MANE
ZNF488	62937	ZNF488-201	MANE
ZNF490	62939	ZNF490-201	MANE
ZNF491	62940	ZNF491-201	MANE
ZNF492	62942	ZNF492-201	MANE
ZNF493	62943	ZNF493-203	MANE
ZNF496	62955	ZNF496-206	MANE
ZNF496-DT	62960	ZNF496-DT-206	longest_CDS
ZNF497	62962	ZNF497-201	MANE
ZNF497-AS1	62963	ZNF497-AS1-201	Ensembl
ZNF500	62964	ZNF500-201	MANE
ZNF501	62967	ZNF501-204	MANE
ZNF502	62969	ZNF502-203	MANE
ZNF506	62975	ZNF506-203	MANE
ZNF507	62980	ZNF507-202	MANE
ZNF510	62981	ZNF510-201	MANE
ZNF511	62984	ZNF511-202	MANE
ZNF512	62986	ZNF512-201	MANE
ZNF512B	62991	ZNF512B-201	MANE
ZNF513	62993	ZNF513-201	MANE
ZNF514	62999	ZNF514-201	MANE
ZNF516	63003	ZNF516-201	MANE
ZNF517	63008	ZNF517-201	MANE
ZNF518A	63009	ZNF518A-201	MANE
ZNF518B	63013	ZNF518B-201	MANE
ZNF519	63021	ZNF519-207	MANE
ZNF521	63022	ZNF521-201	MANE
ZNF524	63024	ZNF524-201	MANE
ZNF525	63026	ZNF525-202	MANE
ZNF526	63028	ZNF526-203	APPRIS
ZNF527	63029	ZNF527-202	MANE
ZNF528	63033	ZNF528-201	MANE
ZNF528-AS1			no_CDS
ZNF529	63041	ZNF529-209	MANE
ZNF529-AS1			no_CDS
ZNF530	63047	ZNF530-201	APPRIS
ZNF532	63049	ZNF532-224	MANE
ZNF534	63058	ZNF534-204	MANE
ZNF536	63067	ZNF536-201	MANE
ZNF540	63068	ZNF540-201	MANE
ZNF541	63073	ZNF541-202	MANE
ZNF542P	63076	ZNF542P-207	Ensembl
ZNF543	63079	ZNF543-201	MANE
ZNF544	63086	ZNF544-223	MANE
ZNF546	63088	ZNF546-201	MANE
ZNF547	63089	ZNF547-201	MANE
ZNF548	63090	ZNF548-201	MANE
ZNF549	63092	ZNF549-202	MANE
ZNF550	63096	ZNF550-208	MANE
ZNF551	63099	ZNF551-201	MANE
ZNF552	63100	ZNF552-201	MANE
ZNF554	63103	ZNF554-201	MANE
ZNF555	63104	ZNF555-201	MANE
ZNF556	63106	ZNF556-201	MANE
ZNF557	63108	ZNF557-201	MANE
ZNF558	63109	ZNF558-207	MANE
ZNF559	63115	ZNF559-213	MANE
ZNF561	63120	transcript18812.chr19.nnic	longest_CDS
ZNF561-AS1	63127	transcript18920.chr19.nnic	longest_CDS
ZNF562	63133	ZNF562-202	MANE
ZNF563	63134	ZNF563-201	MANE
ZNF564	63135	ZNF564-201	MANE
ZNF565	63138	ZNF565-201	MANE
ZNF566	63141	ZNF566-205	MANE
ZNF566-AS1	63147	ZNF566-AS1-201	Ensembl
ZNF567	63149	ZNF567-208	MANE
ZNF567-DT	63154	ZNF567-DT-204	Ensembl
ZNF568	63159	ZNF568-201	MANE
ZNF569	63172	ZNF569-201	MANE
ZNF57	63174	ZNF57-201	MANE
ZNF570	63176	ZNF570-201	MANE
ZNF571	63181	ZNF571-202	MANE
ZNF572	63184	ZNF572-201	MANE
ZNF573	63186	ZNF573-207	MANE
ZNF574	63188	ZNF574-202	MANE
ZNF575	63189	ZNF575-201	MANE
ZNF576	63193	ZNF576-201	MANE
ZNF577	63194	ZNF577-204	MANE
ZNF578	63198	ZNF578-201	MANE
ZNF580	63201	ZNF580-201	MANE
ZNF581	63202	ZNF581-201	MANE
ZNF582	63203	ZNF582-202	MANE
ZNF582-DT	63209	ZNF582-DT-203	Ensembl
ZNF583	63212	ZNF583-202	MANE
ZNF584	63217	ZNF584-201	MANE
ZNF584-DT	63219	ZNF584-DT-202	Ensembl
ZNF585A	63223	ZNF585A-201	MANE
ZNF585B	63224	ZNF585B-205	MANE
ZNF586	63227	ZNF586-203	MANE
ZNF587	63230	ZNF587-201	MANE
ZNF587B	63233	ZNF587B-203	MANE
ZNF589	63238	ZNF589-201	MANE
ZNF592	63240	ZNF592-203	MANE
ZNF593	63242	ZNF593-202	MANE
ZNF594	63243	ZNF594-202	MANE
ZNF594-DT	63245	ZNF594-DT-202	Ensembl
ZNF595	63251	ZNF595-205	MANE
ZNF596	63253	ZNF596-203	MANE
ZNF597	63255	ZNF597-201	MANE
ZNF598	63257	ZNF598-209	longest_CDS
ZNF599	63261	ZNF599-201	MANE
ZNF600	63264	ZNF600-209	MANE
ZNF605	63266	ZNF605-202	MANE
ZNF606	63272	ZNF606-207	MANE
ZNF607	63274	ZNF607-201	MANE
ZNF608	63276	ZNF608-209	MANE
ZNF609	63280	ZNF609-201	MANE
ZNF610	63283	ZNF610-203	MANE
ZNF611	63286	ZNF611-204	longest_CDS
ZNF613	63291	ZNF613-201	MANE
ZNF614	63293	ZNF614-201	MANE
ZNF615	63299	ZNF615-208	MANE
ZNF616	63300	ZNF616-204	MANE
ZNF618	63304	ZNF618-203	MANE
ZNF619	63306	ZNF619-203	MANE
ZNF620	63308	ZNF620-201	MANE
ZNF621	63311	ZNF621-202	MANE
ZNF622	63313	ZNF622-201	MANE
ZNF623	63314	ZNF623-203	MANE
ZNF624	63319	ZNF624-201	MANE
ZNF625	63320	ZNF625-202	MANE
ZNF626	63322	ZNF626-203	MANE
ZNF627	63323	ZNF627-201	MANE
ZNF629	63325	ZNF629-201	MANE
ZNF630	63326	ZNF630-201	MANE
ZNF638	63332	ZNF638-201	MANE
ZNF639	63345	ZNF639-209	MANE
ZNF641	63349	ZNF641-205	MANE
ZNF644	63352	ZNF644-201	MANE
ZNF646	63359	ZNF646-201	MANE
ZNF649	63360	ZNF649-201	MANE
ZNF652	63363	ZNF652-202	MANE
ZNF652-AS1			no_CDS
ZNF653	63368	ZNF653-201	MANE
ZNF654	63370	ZNF654-203	MANE
ZNF655	63379	ZNF655-201	MANE
ZNF658	63382	ZNF658-206	MANE
ZNF66	63384	ZNF66-201	MANE
ZNF660	63385	ZNF660-201	MANE
ZNF662	63386	ZNF662-204	MANE
ZNF664	63390	ZNF664-201	MANE
ZNF665	63400	ZNF665-201	MANE
ZNF667	63405	ZNF667-202	MANE
ZNF667-AS1			no_CDS
ZNF668	63419	ZNF668-201	MANE
ZNF669	63421	ZNF669-204	MANE
ZNF670	63422	ZNF670-201	MANE
ZNF671	63424	ZNF671-201	MANE
ZNF672	63425	ZNF672-201	MANE
ZNF674	63427	ZNF674-208	MANE
ZNF674-AS1	63428	ZNF674-AS1-203	Ensembl
ZNF675	63431	ZNF675-201	MANE
ZNF676	63434	ZNF676-201	MANE
ZNF677	63438	ZNF677-206	MANE
ZNF678	63440	ZNF678-201	MANE
ZNF680	63443	ZNF680-201	MANE
ZNF681	63446	ZNF681-201	MANE
ZNF682	63449	ZNF682-203	MANE
ZNF684	63450	ZNF684-203	MANE
ZNF687	63453	ZNF687-202	MANE
ZNF688	63456	ZNF688-201	MANE
ZNF689	63458	ZNF689-201	MANE
ZNF69	63459	ZNF69-202	MANE
ZNF691	63461	ZNF691-206	APPRIS
ZNF692	63463	ZNF692-201	MANE
ZNF695	63468	ZNF695-201	MANE
ZNF696	63470	ZNF696-201	MANE
ZNF697	63473	ZNF697-201	MANE
ZNF699	63478	ZNF699-203	MANE
ZNF7	63482	ZNF7-216	MANE
ZNF70	63488	ZNF70-201	MANE
ZNF700	63491	ZNF700-201	MANE
ZNF701	63493	ZNF701-202	MANE
ZNF704	63494	ZNF704-201	MANE
ZNF706	63498	ZNF706-201	MANE
ZNF707	63501	ZNF707-223	longest_CDS
ZNF708	63503	ZNF708-201	MANE
ZNF709	63506	ZNF709-201	MANE
ZNF71	63507	ZNF71-203	MANE
ZNF710	63509	ZNF710-201	MANE
ZNF710-AS1			no_CDS
ZNF711	63516	ZNF711-204	MANE
ZNF713	63517	ZNF713-202	MANE
ZNF714	63525	ZNF714-202	MANE
ZNF717	63528	ZNF717-207	MANE
ZNF718	63529	ZNF718-201	MANE
ZNF721	63531	ZNF721-205	MANE
ZNF724	63534	ZNF724-201	MANE
ZNF726	63536	ZNF726-205	MANE
ZNF727	63538	ZNF727-201	MANE
ZNF728	63539	ZNF728-201	MANE
ZNF730	63540	ZNF730-202	MANE
ZNF732	63541	ZNF732-201	MANE
ZNF736	63544	ZNF736-202	MANE
ZNF737	63547	ZNF737-201	MANE
ZNF738	63549	ZNF738-206	MANE
ZNF74	63552	ZNF74-202	MANE
ZNF740	63559	ZNF740-201	MANE
ZNF746	63561	ZNF746-202	MANE
ZNF747	63565	ZNF747-204	MANE
ZNF749	63568	ZNF749-201	MANE
ZNF75A	63571	ZNF75A-211	MANE
ZNF75D	63577	ZNF75D-202	MANE
ZNF76	63588	ZNF76-203	MANE
ZNF761	63593	ZNF761-206	MANE
ZNF763	63595	ZNF763-202	MANE
ZNF764	63599	ZNF764-202	MANE
ZNF765	63600	ZNF765-201	MANE
ZNF766	63603	ZNF766-201	MANE
ZNF767P	63606	ZNF767P-203	Ensembl
ZNF768	63609	ZNF768-201	MANE
ZNF77	63610	ZNF77-201	MANE
ZNF770	63611	ZNF770-201	MANE
ZNF771	63614	ZNF771-201	MANE
ZNF772	63619	ZNF772-202	MANE
ZNF773	63620	ZNF773-201	MANE
ZNF774	63623	ZNF774-201	MANE
ZNF775	63624	ZNF775-201	MANE
ZNF776	63626	ZNF776-201	MANE
ZNF777	63627	ZNF777-201	MANE
ZNF778	63628	ZNF778-202	MANE
ZNF778-DT	63630	ZNF778-DT-201	Ensembl
ZNF780A	63634	ZNF780A-212	MANE
ZNF780B	63641	ZNF780B-202	MANE
ZNF781	63644	ZNF781-202	Ensembl
ZNF782	63646	ZNF782-204	MANE
ZNF783	63649	ZNF783-202	MANE
ZNF784	63650	ZNF784-201	MANE
ZNF785	63652	ZNF785-201	MANE
ZNF786	63654	ZNF786-202	MANE
ZNF787			no_CDS
ZNF789	63658	ZNF789-201	MANE
ZNF79	63662	ZNF79-201	MANE
ZNF790	63665	ZNF790-201	MANE
ZNF790-AS1			no_CDS
ZNF791	63671	ZNF791-201	MANE
ZNF792	63673	ZNF792-201	MANE
ZNF793	63674	ZNF793-206	longest_CDS
ZNF793-AS1	63675	ZNF793-AS1-205	Ensembl
ZNF799	63676	ZNF799-202	MANE
ZNF8	63678	ZNF8-201	MANE
ZNF8-DT	63680	ZNF8-DT-201	Ensembl
ZNF800	63683	ZNF800-201	MANE
ZNF804A	63684	ZNF804A-201	MANE
ZNF804B	63685	ZNF804B-202	longest_CDS
ZNF805	63686	ZNF805-202	MANE
ZNF808	63688	ZNF808-201	MANE
ZNF81	63691	ZNF81-202	MANE
ZNF813	63693	ZNF813-201	MANE
ZNF814	63695	ZNF814-201	MANE
ZNF816	63697	ZNF816-206	MANE
ZNF821	63698	ZNF821-202	MANE
ZNF823	63701	ZNF823-201	MANE
ZNF827	63708	ZNF827-203	MANE
ZNF829	63715	ZNF829-201	MANE
ZNF83	63717	ZNF83-210	longest_CDS
ZNF830	63724	ZNF830-201	MANE
ZNF835	63725	ZNF835-201	MANE
ZNF836	63727	ZNF836-206	MANE
ZNF837	63729	ZNF837-202	MANE
ZNF839	63734	ZNF839-202	MANE
ZNF84	63737	ZNF84-208	MANE
ZNF841	63740	ZNF841-204	MANE
ZNF843	63743	ZNF843-201	MANE
ZNF844	63745	ZNF844-201	MANE
ZNF845	63746	ZNF845-201	MANE
ZNF846	63750	ZNF846-201	MANE
ZNF85	63752	ZNF85-202	MANE
ZNF850	63753	ZNF850-202	MANE
ZNF852	63757	ZNF852-201	Ensembl
ZNF853	63759	ZNF853-201	MANE
ZNF860	63760	ZNF860-201	MANE
ZNF862	63762	ZNF862-201	MANE
ZNF875	63763	ZNF875-202	MANE
ZNF876P	63772	ZNF876P-202	Ensembl
ZNF879	63773	ZNF879-201	MANE
ZNF880	63774	ZNF880-202	MANE
ZNF883	63775	ZNF883-201	Ensembl
ZNF888	63776	ZNF888-202	MANE
ZNF891	63777	ZNF891-201	MANE
ZNF892	63778	ZNF892-201	MANE
ZNF90	63779	ZNF90-201	MANE
ZNF91	63780	ZNF91-201	MANE
ZNF92	63790	ZNF92-201	MANE
ZNF93	63791	ZNF93-201	MANE
ZNF98	63792	ZNF98-201	MANE
ZNF99	63795	ZNF99-201	MANE
ZNFX1	63798	ZNFX1-202	APPRIS
ZNG1A	63806	ZNG1A-202	MANE
ZNG1B	63815	ZNG1B-201	MANE
ZNG1C	63818	ZNG1C-215	longest_CDS
ZNG1E	63819	ZNG1E-207	MANE
ZNG1F	63830	transcript104553.chr9.nnic	longest_CDS
ZNHIT1	63835	ZNHIT1-201	MANE
ZNHIT2	63838	ZNHIT2-201	MANE
ZNHIT3	63841	ZNHIT3-204	MANE
ZNHIT6	63844	ZNHIT6-201	MANE
ZNNT1	63846	ZNNT1-201	Ensembl
ZNRD2	63847	ZNRD2-201	MANE
ZNRD2-DT	63848	ZNRD2-DT-202	longest_CDS
ZNRF1	63852	ZNRF1-202	MANE
ZNRF2	63853	ZNRF2-201	MANE
ZNRF3	63854	ZNRF3-203	MANE
ZP3	63857	ZP3-201	longest_CDS
ZPR1	63858	ZPR1-201	MANE
ZRANB1	63859	ZRANB1-201	MANE
ZRANB2	63862	ZRANB2-202	MANE
ZRANB2-DT	63867	ZRANB2-DT-241	Ensembl
ZRANB3	63868	ZRANB3-201	MANE
ZRSR2	63872	ZRSR2-201	MANE
ZSCAN1	63873	ZSCAN1-201	MANE
ZSCAN12	63876	ZSCAN12-203	MANE
ZSCAN16	63877	ZSCAN16-201	MANE
ZSCAN16-AS1	63879	ZSCAN16-AS1-202	longest_CDS
ZSCAN18	63888	ZSCAN18-217	MANE
ZSCAN2	63890	ZSCAN2-214	MANE
ZSCAN2-AS1	63893	ZSCAN2-AS1-201	Ensembl
ZSCAN20	63895	ZSCAN20-204	MANE
ZSCAN21	63900	ZSCAN21-201	MANE
ZSCAN22	63902	ZSCAN22-201	MANE
ZSCAN23	63904	ZSCAN23-201	MANE
ZSCAN25	63907	ZSCAN25-204	MANE
ZSCAN26	63910	ZSCAN26-202	MANE
ZSCAN29	63916	ZSCAN29-204	longest_CDS
ZSCAN30	63918	ZSCAN30-201	MANE
ZSCAN31	63922	ZSCAN31-201	MANE
ZSCAN32	63923	ZSCAN32-202	MANE
ZSCAN5A	63929	ZSCAN5A-218	MANE
ZSCAN5A-AS1			no_CDS
ZSCAN9	63936	ZSCAN9-201	MANE
ZSWIM1	63937	ZSWIM1-201	MANE
ZSWIM2	63938	ZSWIM2-201	MANE
ZSWIM3	63939	ZSWIM3-201	MANE
ZSWIM4	63940	ZSWIM4-202	MANE
ZSWIM5	63941	ZSWIM5-201	MANE
ZSWIM6	63943	ZSWIM6-201	MANE
ZSWIM7	63950	ZSWIM7-201	MANE
ZSWIM8	63958	ZSWIM8-221	MANE
ZSWIM9	63960	ZSWIM9-203	MANE
ZUP1	63962	ZUP1-202	MANE
ZW10	63965	ZW10-201	MANE
ZWILCH	63966	ZWILCH-201	MANE
ZWINT	63972	ZWINT-203	MANE
ZXDA	63973	ZXDA-201	MANE
ZXDB	63974	ZXDB-201	MANE
ZXDC	63975	ZXDC-202	MANE
ZYG11B	63979	ZYG11B-201	MANE
ZYX	63981	ZYX-201	MANE
ZZEF1	63983	ZZEF1-201	MANE
ZZZ3	63993	ZZZ3-202	MANE
