{
  "results": [
    {
      "go": "GO:0006096",
      "n_pos_train": 65,
      "n_pos_test": 76,
      "v10A_auprc": 0.809366208715629,
      "v10A_auroc": 0.9697784987255442,
      "v10B_auprc": 0.8156564049468266,
      "v10B_auroc": 0.9950464143014605,
      "v10C_auprc": 0.702365873706529,
      "v10C_auroc": 0.9719095882704142,
      "v10D_cv_emb": 0.5623384494623475,
      "v10D_cv_splice": 0.6607729818656322
    }
  ],
  "macros": {
    "v10A": 0.809366208715629,
    "v10B": 0.8156564049468266,
    "v10C": 0.702365873706529,
    "D_emb": 0.5623384494623475,
    "D_spli": 0.6607729818656322
  },
  "baselines": {
    "LR": {
      "GO:0006096": 0.6949,
      "GO:0003774": 0.8253,
      "GO:0007204": 0.4138,
      "GO:0030017": 0.5609,
      "GO:0006941": 0.3124,
      "Macro": 0.5615
    },
    "D1_MLP": {
      "GO:0006096": 0.4792,
      "GO:0003774": 0.7897,
      "GO:0007204": 0.7664,
      "GO:0030017": 0.7612,
      "GO:0006941": 0.6525,
      "Macro": 0.6898
    },
    "v8b": {
      "GO:0006096": 0.7945,
      "GO:0003774": 0.5686,
      "GO:0007204": 0.1462,
      "GO:0030017": 0.157,
      "GO:0006941": 0.1177,
      "Macro": 0.3568
    }
  },
  "timestamp": "20260514_2153"
}