{
  "results": [
    {
      "go": "GO:0006096",
      "n_pos_train": 65,
      "n_pos_test": 76,
      "v10A_auprc": 0.7959500902747763,
      "v10A_auroc": 0.9800835787521814,
      "v10B_auprc": 0.7947991012484815,
      "v10B_auroc": 0.9751581588132635,
      "v10C_auprc": 0.7618955950965808,
      "v10C_auroc": 0.968264723695692,
      "v10D_cv_emb": 0.5842870414377566,
      "v10D_cv_splice": 0.6276918565975698
    }
  ],
  "macros": {
    "v10A": 0.7959500902747763,
    "v10B": 0.7947991012484815,
    "v10C": 0.7618955950965808,
    "D_emb": 0.5842870414377566,
    "D_spli": 0.6276918565975698
  },
  "baselines": {
    "LR": {
      "GO:0006096": 0.6949,
      "GO:0003774": 0.8253,
      "GO:0007204": 0.4138,
      "GO:0030017": 0.5609,
      "GO:0006941": 0.3124,
      "Macro": 0.5615
    },
    "D1_MLP": {
      "GO:0006096": 0.4792,
      "GO:0003774": 0.7897,
      "GO:0007204": 0.7664,
      "GO:0030017": 0.7612,
      "GO:0006941": 0.6525,
      "Macro": 0.6898
    },
    "v8b": {
      "GO:0006096": 0.7945,
      "GO:0003774": 0.5686,
      "GO:0007204": 0.1462,
      "GO:0030017": 0.157,
      "GO:0006941": 0.1177,
      "Macro": 0.3568
    }
  },
  "timestamp": "20260514_2157"
}