{
  "results": [
    {
      "go": "GO:0006096",
      "n_pos": 76,
      "b_auprc": 0.7869617360024306,
      "b_bias": 0.10868967802351219,
      "b_pos_bias": 0.7499303285528327,
      "b_within_std": 0.008040426298975945,
      "b_global_std": 0.07397598773241043,
      "b_n_multi": 8569,
      "e0_auprc": 0.8071831315356156,
      "e0_bias": 0.06984633458542017,
      "e0_pos_bias": 0.6273843152934053,
      "e0_within_std": 0.00465672230347991,
      "e0_global_std": 0.0666709616780281,
      "e0_n_multi": 8569,
      "e_auprc": 0.8282265057766977,
      "e_bias": 0.0451182379717095,
      "e_pos_bias": 0.8178075574445438,
      "e_within_std": 0.0025344148743897676,
      "e_global_std": 0.05617273598909378,
      "e_n_multi": 8569
    },
    {
      "go": "GO:0003774",
      "n_pos": 164,
      "b_auprc": 0.8100614744454435,
      "b_bias": 0.0871293612410227,
      "b_pos_bias": 1.6679627291106365,
      "b_within_std": 0.0061173331923782825,
      "b_global_std": 0.07020977884531021,
      "b_n_multi": 8569,
      "e0_auprc": 0.8106280555084006,
      "e0_bias": 0.10013599552697894,
      "e0_pos_bias": 1.4766233847464345,
      "e0_within_std": 0.007960725575685501,
      "e0_global_std": 0.07949914038181305,
      "e0_n_multi": 8569,
      "e_auprc": 0.7957762184934162,
      "e_bias": 0.08399371194970717,
      "e_pos_bias": 1.3867009652716566,
      "e_within_std": 0.0067374310456216335,
      "e_global_std": 0.0802135169506073,
      "e_n_multi": 8569
    },
    {
      "go": "GO:0007204",
      "n_pos": 310,
      "b_auprc": 0.7687515016519559,
      "b_bias": 0.07864110926553783,
      "b_pos_bias": 0.5619494324810757,
      "b_within_std": 0.0076197171583771706,
      "b_global_std": 0.09689228981733322,
      "b_n_multi": 8569,
      "e0_auprc": 0.7323896365351671,
      "e0_bias": 0.09594708438174845,
      "e0_pos_bias": 0.44699456422691086,
      "e0_within_std": 0.00997441727668047,
      "e0_global_std": 0.10395748168230057,
      "e0_n_multi": 8569,
      "e_auprc": 0.7639107995351178,
      "e_bias": 0.05581348749839302,
      "e_pos_bias": 0.5114814321511556,
      "e_within_std": 0.005318665876984596,
      "e_global_std": 0.0952935591340065,
      "e_n_multi": 8569
    },
    {
      "go": "GO:0030017",
      "n_pos": 452,
      "b_auprc": 0.7652876233451358,
      "b_bias": 0.08362314958362049,
      "b_pos_bias": 1.1551623589895084,
      "b_within_std": 0.009397131390869617,
      "b_global_std": 0.11237476021051407,
      "b_n_multi": 8569,
      "e0_auprc": 0.7587942998588681,
      "e0_bias": 0.055575370411704274,
      "e0_pos_bias": 1.2352375024482682,
      "e0_within_std": 0.0058511123061180115,
      "e0_global_std": 0.10528247058391571,
      "e0_n_multi": 8569,
      "e_auprc": 0.7082575455468885,
      "e_bias": 0.08080607084913395,
      "e_pos_bias": 1.0342039608894582,
      "e_within_std": 0.009244672022759914,
      "e_global_std": 0.11440566182136536,
      "e_n_multi": 8569
    },
    {
      "go": "GO:0006941",
      "n_pos": 253,
      "b_auprc": 0.649003655827537,
      "b_bias": 0.0804993778184282,
      "b_pos_bias": 1.8429993351952685,
      "b_within_std": 0.00666499650105834,
      "b_global_std": 0.0827956274151802,
      "b_n_multi": 8569,
      "e0_auprc": 0.660784973024173,
      "e0_bias": 0.05795096398519619,
      "e0_pos_bias": 1.9041094431470706,
      "e0_within_std": 0.004697264637798071,
      "e0_global_std": 0.08105584979057312,
      "e0_n_multi": 8569,
      "e_auprc": 0.6296341702888946,
      "e_bias": 0.05793846002670326,
      "e_pos_bias": 1.8277871531493768,
      "e_within_std": 0.004722680430859327,
      "e_global_std": 0.08151201158761978,
      "e_n_multi": 8569
    }
  ],
  "timestamp": "20260515_0000"
}