{
  "method": "Gene-block bootstrap, N=1000, seed=42",
  "n_genes": 12709,
  "n_isoforms": 36748,
  "results": {
    "GO:0007204": {
      "v8b": {
        "point": 0.14621061981848557,
        "ci_lo": 0.10073799859230506,
        "ci_hi": 0.2033069143698635,
        "boot_mean": 0.1495863157558407,
        "boot_std": 0.026667196693928356
      },
      "P3-512": {
        "point": 0.40545291035827513,
        "ci_lo": 0.30826310035070625,
        "ci_hi": 0.5065197249177722,
        "boot_mean": 0.4071155437825402,
        "boot_std": 0.05165871694555199
      },
      "D256": {
        "point": 0.19466310149941535,
        "ci_lo": 0.13967479642360775,
        "ci_hi": 0.26893152164422984,
        "boot_mean": 0.19941968702385235,
        "boot_std": 0.03273502678561154
      },
      "LR": {
        "point": 0.4137910243574311,
        "ci_lo": 0.3091963946987325,
        "ci_hi": 0.5356198348208785,
        "boot_mean": 0.4202106501118986,
        "boot_std": 0.05823889547652898
      },
      "Selective": {
        "point": 0.40545291035827513,
        "ci_lo": 0.3108638730341111,
        "ci_hi": 0.5022401814373124,
        "boot_mean": 0.4054498091546598,
        "boot_std": 0.0493407461511145
      }
    },
    "GO:0030017": {
      "v8b": {
        "point": 0.15697356488000075,
        "ci_lo": 0.10544519351546659,
        "ci_hi": 0.2279693616400776,
        "boot_mean": 0.16024409635457418,
        "boot_std": 0.032766342505676754
      },
      "P3-512": {
        "point": 0.3553177716667641,
        "ci_lo": 0.25951678325801686,
        "ci_hi": 0.4618242391740887,
        "boot_mean": 0.3616022793819566,
        "boot_std": 0.052604684108391225
      },
      "D256": {
        "point": 0.13662446335721254,
        "ci_lo": 0.10129592098586428,
        "ci_hi": 0.17961841050923397,
        "boot_mean": 0.13832030039258023,
        "boot_std": 0.020349591703338873
      },
      "LR": {
        "point": 0.5609465983877626,
        "ci_lo": 0.44803309930841706,
        "ci_hi": 0.6653378120333489,
        "boot_mean": 0.5616612950679984,
        "boot_std": 0.054698334651317446
      },
      "Selective": {
        "point": 0.3553177716667641,
        "ci_lo": 0.258722762327345,
        "ci_hi": 0.4618584283105226,
        "boot_mean": 0.3560467652148032,
        "boot_std": 0.05332438969398217
      }
    },
    "GO:0006941": {
      "v8b": {
        "point": 0.11768834045297086,
        "ci_lo": 0.06906729263974132,
        "ci_hi": 0.20410999649572412,
        "boot_mean": 0.12453798741875795,
        "boot_std": 0.03428620345196789
      },
      "P3-512": {
        "point": 0.19539211653759403,
        "ci_lo": 0.10958348471472107,
        "ci_hi": 0.31526801784316566,
        "boot_mean": 0.20299187236932323,
        "boot_std": 0.053599758764921984
      },
      "D256": {
        "point": 0.15674827459843482,
        "ci_lo": 0.09825959120301442,
        "ci_hi": 0.24211674396514984,
        "boot_mean": 0.16368057962929447,
        "boot_std": 0.03690065454554537
      },
      "LR": {
        "point": 0.31242853496628814,
        "ci_lo": 0.19543278170617634,
        "ci_hi": 0.4391065612318254,
        "boot_mean": 0.31727423232195556,
        "boot_std": 0.06297488283527691
      },
      "Selective": {
        "point": 0.19539211653759403,
        "ci_lo": 0.10844676728723815,
        "ci_hi": 0.3093194680516071,
        "boot_mean": 0.1995245659757604,
        "boot_std": 0.052401243623442825
      }
    },
    "GO:0003774": {
      "v8b": {
        "point": 0.5685629075534137,
        "ci_lo": 0.44400941659211113,
        "ci_hi": 0.7071385702797502,
        "boot_mean": 0.5756098327554598,
        "boot_std": 0.06875823154086007
      },
      "P3-512": {
        "point": 0.6191817263170547,
        "ci_lo": 0.4573537450477513,
        "ci_hi": 0.7671799910371119,
        "boot_mean": 0.6243519565686566,
        "boot_std": 0.08109685139250568
      },
      "D256": {
        "point": 0.5981744994363608,
        "ci_lo": 0.45514053650773695,
        "ci_hi": 0.7350320305146701,
        "boot_mean": 0.6036359569924022,
        "boot_std": 0.0699808807470702
      },
      "LR": {
        "point": 0.8252796979196425,
        "ci_lo": 0.729403856528397,
        "ci_hi": 0.9090168178319679,
        "boot_mean": 0.8242939362285001,
        "boot_std": 0.04601294294724037
      },
      "Selective": {
        "point": 0.6191817263170547,
        "ci_lo": 0.45742762417922833,
        "ci_hi": 0.7763976709489926,
        "boot_mean": 0.6240390468080247,
        "boot_std": 0.08443360654135235
      }
    },
    "GO:0006096": {
      "v8b": {
        "point": 0.7944651917316626,
        "ci_lo": 0.6091602550256333,
        "ci_hi": 0.9081897712857211,
        "boot_mean": 0.7891545714535529,
        "boot_std": 0.07800357855465846
      },
      "P3-512": {
        "point": 0.4939452732245472,
        "ci_lo": 0.28510203559470004,
        "ci_hi": 0.7115754862711536,
        "boot_mean": 0.4984028627584902,
        "boot_std": 0.10602427447030174
      },
      "D256": {
        "point": 0.8331001704670161,
        "ci_lo": 0.666463404336007,
        "ci_hi": 0.940579405869046,
        "boot_mean": 0.8275313036897739,
        "boot_std": 0.07300870720294875
      },
      "LR": {
        "point": 0.6948613512001522,
        "ci_lo": 0.4662442856142919,
        "ci_hi": 0.8822625326105816,
        "boot_mean": 0.6945981138007599,
        "boot_std": 0.10516325062168687
      },
      "Selective": {
        "point": 0.8331001704670161,
        "ci_lo": 0.6548297227266743,
        "ci_hi": 0.9406965094334166,
        "boot_mean": 0.8238133943118972,
        "boot_std": 0.0739984533810747
      }
    }
  },
  "significance_tests": {
    "D256 vs LR (GO:0006096)": {
      "go": "GO:0006096",
      "model_A": "D256",
      "model_B": "LR",
      "delta": 0.13823881926686388,
      "p_value": 0.055,
      "significant_p05": false,
      "significant_p01": false,
      "diff_ci": [
        -0.038693400181353,
        0.3546392229469034
      ]
    },
    "P3-512 vs LR (GO:0007204)": {
      "go": "GO:0007204",
      "model_A": "P3-512",
      "model_B": "LR",
      "delta": -0.00833811399915596,
      "p_value": 0.607,
      "significant_p05": false,
      "significant_p01": false,
      "diff_ci": [
        -0.11706663705541055,
        0.08418189963039646
      ]
    },
    "P3-512 vs v8b (GO:0007204)": {
      "go": "GO:0007204",
      "model_A": "P3-512",
      "model_B": "v8b",
      "delta": 0.25924229053978953,
      "p_value": 0.0,
      "significant_p05": true,
      "significant_p01": true,
      "diff_ci": [
        0.1980300743399189,
        0.32171396883401904
      ]
    },
    "P3-512 vs v8b (GO:0030017)": {
      "go": "GO:0030017",
      "model_A": "P3-512",
      "model_B": "v8b",
      "delta": 0.19834420678676334,
      "p_value": 0.0,
      "significant_p05": true,
      "significant_p01": true,
      "diff_ci": [
        0.13026186738102763,
        0.27935101213374425
      ]
    },
    "D256 vs v8b (GO:0006096)": {
      "go": "GO:0006096",
      "model_A": "D256",
      "model_B": "v8b",
      "delta": 0.03863497873535349,
      "p_value": 0.114,
      "significant_p05": false,
      "significant_p01": false,
      "diff_ci": [
        -0.02402136216724795,
        0.1099211491763891
      ]
    },
    "P3-512 vs v8b (GO:0003774)": {
      "go": "GO:0003774",
      "model_A": "P3-512",
      "model_B": "v8b",
      "delta": 0.05061881876364105,
      "p_value": 0.097,
      "significant_p05": false,
      "significant_p01": false,
      "diff_ci": [
        -0.022738627268518625,
        0.1290703603076707
      ]
    }
  }
}