{
  "per_go": {
    "GO:0007204": {
      "tbs": 0.6666666666666666,
      "tcs": 0.8694128164620493,
      "smsi": 1.6309792232151026,
      "fti_256": 0.626,
      "n_genes": 214
    },
    "GO:0030017": {
      "tbs": 0.3333333333333333,
      "tcs": 0.9191600239465273,
      "smsi": 13.712115289694598,
      "fti_256": 0.482,
      "n_genes": 128
    },
    "GO:0006941": {
      "tbs": 0.3333333333333333,
      "tcs": 0.9082181761376094,
      "smsi": 9.663491932771437,
      "fti_256": 1.018,
      "n_genes": 79
    },
    "GO:0003774": {
      "tbs": 0.8333333333333334,
      "tcs": 0.8527204537901475,
      "smsi": 2.223341539809209,
      "fti_256": 1.026,
      "n_genes": 97
    },
    "GO:0006096": {
      "tbs": 0.6666666666666666,
      "tcs": 0.8490220309790375,
      "smsi": 5.629137756466556,
      "fti_256": 1.874,
      "n_genes": 32
    }
  },
  "per_gene": {
    "GO:0007204": {
      "PROK2": 0.9673563218390807,
      "CCR4": 0.9100826446280992,
      "CCR9": 0.9974668874172187,
      "ATP2B4": 0.8540376442015786,
      "HTR2B": 0.8739603960396042,
      "CXCL10": 0.8785333333333333,
      "EDNRA": 0.9069589552238807,
      "GSTO1": 0.8126526624328286,
      "DRD1": 0.976846153846154,
      "HAP1": 0.922158273381295,
      "CCL3": 0.9312242090784043,
      "NPSR1": 0.965,
      "FKBP1B": 0.8520217096336499,
      "FIS1": 0.6637374445223078,
      "ADRA1A": 0.9616370106761566,
      "TRPC1": 0.741237113402062,
      "ACKR2": 0.9112000000000002,
      "PDPK1": 0.4715294117647059,
      "DRD2": 0.9530967741935485,
      "BDKRB1": 0.8917431192660551,
      "CCR2": 0.9059740259740261,
      "GRIN2D": 0.8814634146341462,
      "P2RX7": 0.7805952380952382,
      "P2RX2": 0.9110679611650486,
      "TAC4": 0.9431372549019607,
      "HTT": 0.5740298507462688,
      "PTGIR": 0.9291632373113853,
      "SPPL3": 0.5937335834896811,
      "XCL1": 0.8241860465116279,
      "FASLG": 0.8909433962264149,
      "TRPA1": 0.9562162162162161,
      "CAV3": 0.9869509345794393,
      "GPR65": 0.8658823529411765,
      "CHERP": 0.5103378378378378,
      "CD36": 0.9488425732944282,
      "AVPR1B": 0.997391304347826,
      "ABL1": 0.669795918367347,
      "GPR32": 0.9994139194139194,
      "PTGER4": 0.9055308641975308,
      "RASA3": 0.6499342105263157,
      "SLC8A1": 0.951763888888889,
      "ITPR3": 0.7616845878136199,
      "THY1": 0.8255051038366773,
      "CALM3": 0.8332557495151011,
      "LPAR3": 0.9351461988304095,
      "CXCL13": 0.9583148734177215,
      "CAPN3": 0.9497136797454931,
      "DLG4": 0.859242424242424,
      "JPH1": 0.9813225371120109,
      "LETM1": 0.5614225941422595,
      "GHRH": 0.9916951788491446,
      "FGF2": 0.7482456140350877,
      "ADRA1B": 0.9019767441860463,
      "PKD2": 0.831340206185567,
      "JPH4": 0.8841703377386196,
      "OPRL1": 0.8877685950413223,
      "HTR2C": 0.9899616858237548,
      "SAA1": 0.9965920266801399,
      "GPR20": 0.86,
      "F2RL3": 0.9133939393939395,
      "OPRM1": 0.9127272727272728,
      "EDN1": 0.7976076555023924,
      "CXCR2": 0.9087254901960784,
      "CHRNA9": 0.9566666666666666,
      "CEMIP": 0.8774666666666665,
      "CCR3": 0.88,
      "CCR8": 0.9802777777777778,
      "F2RL1": 0.8338489208633093,
      "TRDN": 0.9825178591053964,
      "HTR2A": 0.9539560439560439,
      "GNG3": 0.923083207912277,
      "CCR5": 0.8371034482758621,
      "NPTN": 0.6180610412926392,
      "RYR3": 0.8761557177615573,
      "ESR1": 0.9299903567984569,
      "CCL19": 0.8962292864389585,
      "PLCE1": 0.6268354430379748,
      "CXCR4": 0.9354553191489362,
      "ITPR1": 0.7638277511961721,
      "CXCR6": 0.8266249999999998,
      "ERO1A": 0.8924142011834322,
      "GPR55": 0.8595454545454547,
      "GPR17": 0.9459490084985834,
      "TRPV1": 0.7821100917431194,
      "TRPV6": 0.9619295558958652,
      "PLA2G1B": 0.9999566870068233,
      "LACRT": 0.997258064516129,
      "EDN2": 0.9041009463722398,
      "P2RY10": 0.9090272373540855,
      "TRPM1": 0.9883950617283951,
      "APLNR": 0.8705418719211822,
      "CALCA": 0.9713807531380751,
      "CACNB3": 0.8024664879356568,
      "S1PR4": 0.9573378839590445,
      "CACNA1C": 0.87248,
      "CCL1": 0.9742857142857142,
      "LCK": 0.9760073710073711,
      "CMKLR1": 0.8379566563467493,
      "CXCL9": 0.973351724137931,
      "JPH3": 0.9251025869759144,
      "GRM1": 0.971875,
      "IBTK": 0.640673076923077,
      "CAV1": 0.8109814687714483,
      "ACKR3": 0.7891268033409264,
      "P2RY1": 0.8394979079497906,
      "GHRL": 0.995110861633455,
      "HMGB1": 0.6802571143285072,
      "P2RY8": 0.8922459893048127,
      "CACNA2D1": 0.9012965517241379,
      "BDKRB2": 0.8820833333333333,
      "ABL2": 0.6519266055045871,
      "GLP1R": 0.9690697674418604,
      "TRPC3": 0.9088571428571428,
      "MCOLN1": 0.7478632478632479,
      "LPAR6": 0.6812558139534884,
      "NMUR2": 0.9186666666666667,
      "GPR4": 0.851780104712042,
      "TRPV5": 0.9765,
      "PLCZ1": 0.9983458646616541,
      "GRIN2B": 0.9591176470588235,
      "KISS1": 0.9972454545454545,
      "GRIN1": 0.9435315985130112,
      "CXCR3": 0.9200000000000002,
      "MCOLN3": 0.9360290556900727,
      "SELENOT": 0.46597457627118644,
      "CCRL2": 0.7099145299145297,
      "GRIN2C": 0.9702022867194373,
      "LPAR1": 0.861070780399274,
      "ADCYAP1": 0.8779130434782607,
      "CASQ1": 0.9902645426367765,
      "CALM1": 0.7032695984703633,
      "C5AR1": 0.8811317567567568,
      "CHRNA10": 0.9845535714285714,
      "P2RX5": 0.9306233062330622,
      "GPR18": 0.9451790633608816,
      "RYR1": 0.9902599230552689,
      "BCAP31": 0.5883854563946097,
      "CX3CL1": 0.7730945273631841,
      "FPR1": 0.8935415504740657,
      "GPR157": 0.9109318996415771,
      "ITPR2": 0.8510361445783134,
      "CD24": 0.8388715800497445,
      "PTGER2": 0.8848066298342541,
      "CACNA1A": 0.9867481662591687,
      "F2": 0.9999191848208011,
      "LPAR4": 0.8774193548387097,
      "TBXA2R": 0.9414450867052022,
      "AKAP6": 0.8675538160469668,
      "NOL3": 0.7646875,
      "RYR2": 0.9834082668600435,
      "PLCG2": 0.8576359338061467,
      "CCKBR": 0.9569491525423729,
      "CCL21": 0.9621136809094472,
      "PTGFR": 0.8361702127659575,
      "TAC1": 0.9632286995515694,
      "IAPP": 0.9988535031847134,
      "CIB2": 0.815042735042735,
      "TRPM4": 0.7766738660907128,
      "CCR1": 0.8489276807980051,
      "AGTR1": 0.9324024024024026,
      "CXCL11": 0.7987387387387388,
      "CX3CR1": 0.8917824773413896,
      "CCR6": 0.9541955835962146,
      "TPCN1": 0.7423364485981306,
      "CALCR": 0.9655,
      "GPER1": 0.8606356968215159,
      "BBC3": 0.659009900990099,
      "SNCA": 0.8697681489927782,
      "JPH2": 0.925709219858156,
      "GPR35": 0.8766139954853271,
      "P2RX3": 0.9615384615384616,
      "TRPM2": 0.9021052631578947,
      "P2RX4": 0.6365070422535211,
      "CCR7": 0.9155273189326558,
      "PTGER1": 0.9774809160305344,
      "MCOLN2": 0.8565957446808511,
      "PTGER3": 0.9004176904176906,
      "FPR2": 0.9530434782608694,
      "GSTM2": 0.682866982350409,
      "C5AR2": 0.9031818181818181,
      "CXCR1": 0.9487628865979383,
      "CYSLTR1": 0.7746788990825688,
      "TACR1": 0.8212903225806452,
      "CD55": 0.7642369668246447,
      "S1PR3": 0.8252276559865092,
      "RAMP3": 0.7995658465991318,
      "ADCY5": 0.8674521651560926,
      "SLC8B1": 0.8205099150141644,
      "TRPV4": 0.9710028653295129,
      "CALM2": 0.5902787990196079,
      "F2R": 0.8185626911314984,
      "KNG1": 0.997071096078497,
      "XCR1": 0.9165853658536584,
      "PLCG1": 0.6927173913043476,
      "ACKR4": 0.8333783783783784,
      "C3AR1": 0.831851851851852,
      "CCR10": 0.8585714285714287,
      "CXCR5": 0.8993174061433448,
      "ASPH": 0.8119005524861879,
      "GNA15": 0.9196177062374246,
      "GRIN2A": 0.9438410596026491,
      "TPCN2": 0.5901818181818181,
      "GPR174": 0.915796178343949,
      "GPR33": 0.94,
      "PTPRC": 0.8937764791818844,
      "PDGFRA": 0.8693467870419544,