{
  "results": {
    "GO:0006096": {
      "name": "Glycolysis",
      "type": "A",
      "ablations": {
        "full_v10b": {
          "mean": 0.7653491316792799,
          "std": 0.009021215031960147,
          "seeds": [
            0.7707063690020793,
            0.7726978998748684,
            0.752643126160892
          ]
        },
        "no_focal": {
          "mean": 0.7695861030406076,
          "std": 0.06079480247934492,
          "seeds": [
            0.8167915324956934,
            0.8082147918423483,
            0.6837519847837811
          ]
        },
        "no_BN": {
          "mean": 0.7534493849370901,
          "std": 0.03119971830114392,
          "seeds": [
            0.7975677874333386,
            0.7308347073255018,
            0.73194566005243
          ]
        },
        "no_dropout": {
          "mean": 0.7931418890094553,
          "std": 0.03892535330191101,
          "seeds": [
            0.8371180580706206,
            0.7998303996489019,
            0.7424772093088433
          ]
        },
        "no_L2norm": {
          "mean": 0.779506363441303,
          "std": 0.03288224120832687,
          "seeds": [
            0.8143449927650416,
            0.7887622265755843,
            0.7354118709832832
          ]
        }
      }
    },
    "GO:0003774": {
      "name": "Motor activity",
      "type": "A",
      "ablations": {
        "full_v10b": {
          "mean": 0.710843841748371,
          "std": 0.024371030696691356,
          "seeds": [
            0.6914630168369162,
            0.7452164021078417,
            0.6958521063003551
          ]
        },
        "no_focal": {
          "mean": 0.7356982353979148,
          "std": 0.02999664882831793,
          "seeds": [
            0.7636628947657467,
            0.6940901608149922,
            0.7493416506130054
          ]
        },
        "no_BN": {
          "mean": 0.7320591285576775,
          "std": 0.025681618865432517,
          "seeds": [
            0.7473623143465105,
            0.752932572032359,
            0.6958824992941632
          ]
        },
        "no_dropout": {
          "mean": 0.8036822715523492,
          "std": 0.006527335357234233,
          "seeds": [
            0.7961549668771325,
            0.8120734419659401,
            0.8028184058139745
          ]
        },
        "no_L2norm": {
          "mean": 0.7927870141315596,
          "std": 0.027303204090263027,
          "seeds": [
            0.8002108945879964,
            0.821890648401104,
            0.756259499405578
          ]
        }
      }
    },
    "GO:0007204": {
      "name": "Ca2+ signaling",
      "type": "B",
      "ablations": {
        "full_v10b": {
          "mean": 0.6499156767050772,
          "std": 0.04403656010657276,
          "seeds": [
            0.6815897545127662,
            0.6805156115969488,
            0.5876416640055163
          ]
        },
        "no_focal": {
          "mean": 0.5874448069800909,
          "std": 0.0015951764646585402,
          "seeds": [
            0.5856811611334419,
            0.5871084152565659,
            0.5895448445502651
          ]
        },
        "no_BN": {
          "mean": 0.7469100470326926,
          "std": 0.006206426469915846,
          "seeds": [
            0.7555029461428977,
            0.7441631644981105,
            0.7410640304570695
          ]
        },
        "no_dropout": {
          "mean": 0.76154145431692,
          "std": 0.024837799332215103,
          "seeds": [
            0.7869986232997789,
            0.7697729228796865,
            0.7278528167712948
          ]
        },
        "no_L2norm": {
          "mean": 0.7524716111447579,
          "std": 0.05631148026127942,
          "seeds": [
            0.6740521993244201,
            0.7796700264856797,
            0.8036926076241739
          ]
        }
      }
    },
    "GO:0030017": {
      "name": "Sarcomere org",
      "type": "B",
      "ablations": {
        "full_v10b": {
          "mean": 0.7313446218493947,
          "std": 0.013380521221658384,
          "seeds": [
            0.7247391185228573,
            0.7500042291998542,
            0.7192905178254727
          ]
        },
        "no_focal": {
          "mean": 0.6533943250719637,
          "std": 0.01840687371860175,
          "seeds": [
            0.6636700271236271,
            0.6275435080429758,
            0.6689694400492884
          ]
        },
        "no_BN": {
          "mean": 0.694584607151785,
          "std": 0.007578236837708447,
          "seeds": [
            0.7049967689783824,
            0.6915773156611379,
            0.6871797368158349
          ]
        },
        "no_dropout": {
          "mean": 0.761767862040969,
          "std": 0.005751368373589522,
          "seeds": [
            0.7697726159850944,
            0.7590146019463825,
            0.7565163681914302
          ]
        },
        "no_L2norm": {
          "mean": 0.7536076381141005,
          "std": 0.00840034648625134,
          "seeds": [
            0.7439789433969423,
            0.7523958000982957,
            0.7644481708470636
          ]
        }
      }
    },
    "GO:0006941": {
      "name": "Muscle contract",
      "type": "B",
      "ablations": {
        "full_v10b": {
          "mean": 0.5793575955631934,
          "std": 0.0403934857690066,
          "seeds": [
            0.5223542721619852,
            0.6046318155882053,
            0.6110866989393899
          ]
        },
        "no_focal": {
          "mean": 0.5093982937805697,
          "std": 0.050870767181826676,
          "seeds": [
            0.5391502221806574,
            0.43779606143376276,
            0.5512485977272887
          ]
        },
        "no_BN": {
          "mean": 0.5697227264344247,
          "std": 0.02707557145714007,
          "seeds": [
            0.600903563869668,
            0.5348853238693597,
            0.5733792915642462
          ]
        },
        "no_dropout": {
          "mean": 0.6735586252562115,
          "std": 0.014722136978281354,
          "seeds": [
            0.6942044367766206,
            0.6655648450419416,
            0.6609065939500722
          ]
        },
        "no_L2norm": {
          "mean": 0.6428408281816486,
          "std": 0.022593500775044087,
          "seeds": [
            0.6577486321184858,
            0.6598617592513425,
            0.6109120931751172
          ]
        }
      }
    }
  },
  "go_terms": [
    [
      "GO:0006096",
      "Glycolysis",
      "A"
    ],
    [
      "GO:0003774",
      "Motor activity",
      "A"
    ],
    [
      "GO:0007204",
      "Ca2+ signaling",
      "B"
    ],
    [
      "GO:0030017",
      "Sarcomere org",
      "B"
    ],
    [
      "GO:0006941",
      "Muscle contract",
      "B"
    ]
  ],
  "seeds": [
    42,
    123,
    456
  ],
  "ablations": [
    "full_v10b",
    "no_focal",
    "no_BN",
    "no_dropout",
    "no_L2norm"
  ],
  "timestamp": "20260517_1537"
}