{
  "experiment_A": {
    "GO:0006096": {
      "auprc_iso": 0.8371723933715324,
      "auprc_cons": 0.8832136943202075,
      "pb_iso": 0.5503994718722787,
      "pb_cons": 1.9807266777133775e-07,
      "delta_pb": 0.5503992737996108,
      "drop_pct": 99.99996401292553
    },
    "GO:0003774": {
      "auprc_iso": 0.7527202547830212,
      "auprc_cons": 0.8582975775568965,
      "pb_iso": 1.1974727236881437,
      "pb_cons": 5.789488272197423e-08,
      "delta_pb": 1.197472665793261,
      "drop_pct": 99.99999516524414
    },
    "GO:0007204": {
      "auprc_iso": 0.7812775458065095,
      "auprc_cons": 0.7857621069571287,
      "pb_iso": 0.4029469621328895,
      "pb_cons": 7.960469087542532e-08,
      "delta_pb": 0.4029468825281986,
      "drop_pct": 99.99998024437498
    },
    "GO:0030017": {
      "auprc_iso": 0.7177247542630852,
      "auprc_cons": 0.7771395816220972,
      "pb_iso": 0.8978913623439346,
      "pb_cons": 1.4399509917761585e-07,
      "delta_pb": 0.8978912183488355,
      "drop_pct": 99.99998396297089
    },
    "GO:0006941": {
      "auprc_iso": 0.6457364467707413,
      "auprc_cons": 0.7628552636744009,
      "pb_iso": 1.7315990041877334,
      "pb_cons": 1.225218159614063e-07,
      "delta_pb": 1.7315988816659174,
      "drop_pct": 99.99999292435398
    }
  },
  "experiment_B": {
    "GO:0006096": {
      "r_all_esm_dd": 0.23267546725872537,
      "r_all_esm_len": -0.1667716080214297,
      "r_pos_esm_dd": 0.2223148112864241,
      "r_pos_esm_len": -0.21914433230618058,
      "r_nc_esm_dd": 0.018868061565221854,
      "n_pos": 76,
      "n_nc": 15493
    },
    "GO:0003774": {
      "r_all_esm_dd": 0.23267546725872537,
      "r_all_esm_len": -0.1667716080214297,
      "r_pos_esm_dd": 0.13448738605967017,
      "r_pos_esm_len": -0.2627639173385249,
      "r_nc_esm_dd": 0.018868061565221854,
      "n_pos": 164,
      "n_nc": 15493
    },
    "GO:0007204": {
      "r_all_esm_dd": 0.23267546725872537,
      "r_all_esm_len": -0.1667716080214297,
      "r_pos_esm_dd": 0.13731987385171543,
      "r_pos_esm_len": -0.13514001887386748,
      "r_nc_esm_dd": 0.018868061565221854,
      "n_pos": 310,
      "n_nc": 15493
    },
    "GO:0030017": {
      "r_all_esm_dd": 0.23267546725872537,
      "r_all_esm_len": -0.1667716080214297,
      "r_pos_esm_dd": 0.1754095490023482,
      "r_pos_esm_len": -0.238207609072337,
      "r_nc_esm_dd": 0.018868061565221854,
      "n_pos": 452,
      "n_nc": 15493
    },
    "GO:0006941": {
      "r_all_esm_dd": 0.23267546725872537,
      "r_all_esm_len": -0.1667716080214297,
      "r_pos_esm_dd": 0.2921856391550352,
      "r_pos_esm_len": -0.17240106233870167,
      "r_nc_esm_dd": 0.018868061565221854,
      "n_pos": 253,
      "n_nc": 15493
    }
  },
  "global_r_esm_dd": 0.23267546725872537,
  "global_r_esm_len": -0.1667716080214297,
  "global_r_dd_len": -0.05146058161704495
}