{
  "results": {
    "GO:0006096": {
      "n_pos": 76,
      "D1_tt": 0.479178588651589,
      "D1_cv": 0.5782821239926511,
      "D2_cv": 0.004665769756019667,
      "D3_cv": 0.0051370910274880065
    },
    "GO:0003774": {
      "n_pos": 164,
      "D1_tt": 0.789663997322605,
      "D1_cv": 0.5217533416284426,
      "D2_cv": 0.006028059122211178,
      "D3_cv": 0.006893375662616582
    },
    "GO:0007204": {
      "n_pos": 310,
      "D1_tt": 0.7664269066233049,
      "D1_cv": 0.1458857517514039,
      "D2_cv": 0.00964059737885729,
      "D3_cv": 0.008882249978376697
    },
    "GO:0030017": {
      "n_pos": 452,
      "D1_tt": 0.7611759559320985,
      "D1_cv": 0.19840945125267956,
      "D2_cv": 0.019991261147836704,
      "D3_cv": 0.05654281358125139
    },
    "GO:0006941": {
      "n_pos": 253,
      "D1_tt": 0.652529670837936,
      "D1_cv": 0.0693113970508682,
      "D2_cv": 0.00869331589475657,
      "D3_cv": 0.006825150757960594
    },
    "Macro": {
      "D1_tt": 0.6897950238735067,
      "D1_cv": 0.3027284131352091,
      "D2_cv": 0.009803800659936282,
      "D3_cv": 0.016856136201538655
    }
  },
  "gates": {
    "gate1_PFN_bottleneck": true,
    "gate2_delta_valid": false,
    "gate3_DS_contributes": false
  },
  "meta": {
    "D1_method": "ESM-2 640d \u2192 2-layer MLP, train\u2192test (human-only)",
    "D2_method": "ESM-2 delta \u2192 LR, 5-fold gene-stratified CV",
    "D3_method": "ESM-2 delta + domain_delta_sign + splicing_delta_v2 \u2192 LR, 5-fold CV"
  }
}