{
  "experiment_A": {
    "GO:0006096": {
      "auprc_iso": 0.835343801572511,
      "auprc_cons": 0.8586712027878353,
      "pb_iso": 0.5249542351219036,
      "pb_cons": 5.360994995310134e-08,
      "delta_pb": 0.5249541815119537,
      "drop_pct": 99.99998978769075
    },
    "GO:0003774": {
      "auprc_iso": 0.7824319069835912,
      "auprc_cons": 0.8959984767351179,
      "pb_iso": 1.1723310213381755,
      "pb_cons": 7.518092789546393e-08,
      "delta_pb": 1.1723309461572475,
      "drop_pct": 99.99999358705634
    },
    "GO:0007204": {
      "auprc_iso": 0.764565339212034,
      "auprc_cons": 0.7796962594608722,
      "pb_iso": 0.44157289009491807,
      "pb_cons": 8.804677583588354e-08,
      "delta_pb": 0.44157280204814225,
      "drop_pct": 99.99998006064735
    },
    "GO:0030017": {
      "auprc_iso": 0.7397267444451227,
      "auprc_cons": 0.8086621324107931,
      "pb_iso": 1.0435490097745532,
      "pb_cons": 1.1837958462336347e-07,
      "delta_pb": 1.0435488913949686,
      "drop_pct": 99.99998865605895
    },
    "GO:0006941": {
      "auprc_iso": 0.6544871234415793,
      "auprc_cons": 0.7747033680138062,
      "pb_iso": 1.5468351201554424,
      "pb_cons": 1.8757778003240585e-07,
      "delta_pb": 1.5468349325776625,
      "drop_pct": 99.99998787344705
    }
  },
  "experiment_B": {
    "GO:0006096": {
      "r_all_esm_dd": 0.19578141281157346,
      "r_all_esm_len": -0.17556489194898586,
      "r_pos_esm_dd": 0.14671286442053058,
      "r_pos_esm_len": -0.19400563438070856,
      "r_nc_esm_dd": 0.05252259712018221,
      "n_pos": 76,
      "n_nc": 15934
    },
    "GO:0003774": {
      "r_all_esm_dd": 0.19578141281157346,
      "r_all_esm_len": -0.17556489194898586,
      "r_pos_esm_dd": 0.11219512689119038,
      "r_pos_esm_len": -0.2600678535685918,
      "r_nc_esm_dd": 0.05252259712018221,
      "n_pos": 164,
      "n_nc": 15934
    },
    "GO:0007204": {
      "r_all_esm_dd": 0.19578141281157346,
      "r_all_esm_len": -0.17556489194898586,
      "r_pos_esm_dd": 0.09716267745195603,
      "r_pos_esm_len": -0.14164392658663894,
      "r_nc_esm_dd": 0.05252259712018221,
      "n_pos": 310,
      "n_nc": 15934
    },
    "GO:0030017": {
      "r_all_esm_dd": 0.19578141281157346,
      "r_all_esm_len": -0.17556489194898586,
      "r_pos_esm_dd": 0.1219645116648625,
      "r_pos_esm_len": -0.2467467686453138,
      "r_nc_esm_dd": 0.05252259712018221,
      "n_pos": 452,
      "n_nc": 15934
    },
    "GO:0006941": {
      "r_all_esm_dd": 0.19578141281157346,
      "r_all_esm_len": -0.17556489194898586,
      "r_pos_esm_dd": 0.2685753317803019,
      "r_pos_esm_len": -0.17854507076018392,
      "r_nc_esm_dd": 0.05252259712018221,
      "n_pos": 253,
      "n_nc": 15934
    }
  },
  "global_r_esm_dd": 0.19578141281157346,
  "global_r_esm_len": -0.17556489194898586,
  "global_r_dd_len": -0.05146058161704495
}