{
  "n_bootstrap": 1000,
  "per_go": {
    "GO:0006096": {
      "v10b_auprc": 0.7969544208535391,
      "v10b_ci_lo": 0.6050145671706235,
      "v10b_ci_hi": 0.9332565622083291,
      "lr_auprc": 0.694861351200152,
      "lr_ci_lo": 0.46385597797683464,
      "lr_ci_hi": 0.875806243256576,
      "delta_auprc": 0.10209306965338705,
      "p_value": 0.058,
      "n_bootstrap": 1000
    },
    "GO:0003774": {
      "v10b_auprc": 0.8154628210284401,
      "v10b_ci_lo": 0.7110326922541614,
      "v10b_ci_hi": 0.905216147900618,
      "lr_auprc": 0.8252796979196425,
      "lr_ci_lo": 0.7232328932338421,
      "lr_ci_hi": 0.9111510237730547,
      "delta_auprc": -0.009816876891202364,
      "p_value": 0.646,
      "n_bootstrap": 1000
    },
    "GO:0007204": {
      "v10b_auprc": 0.7180241640038807,
      "v10b_ci_lo": 0.5934459809337298,
      "v10b_ci_hi": 0.8257637717198044,
      "lr_auprc": 0.4146820408470173,
      "lr_ci_lo": 0.31462266182404813,
      "lr_ci_hi": 0.5299075437601141,
      "delta_auprc": 0.3033421231568634,
      "p_value": 0.0,
      "n_bootstrap": 1000
    },
    "GO:0030017": {
      "v10b_auprc": 0.7700904452458475,
      "v10b_ci_lo": 0.6895664604523897,
      "v10b_ci_hi": 0.8416218563543265,
      "lr_auprc": 0.5635442236186632,
      "lr_ci_lo": 0.45662027361638147,
      "lr_ci_hi": 0.660102366989586,
      "delta_auprc": 0.20654622162718428,
      "p_value": 0.0,
      "n_bootstrap": 1000
    },
    "GO:0006941": {
      "v10b_auprc": 0.6237383552609292,
      "v10b_ci_lo": 0.44216265849943254,
      "v10b_ci_hi": 0.7596520431101107,
      "lr_auprc": 0.3101748031095968,
      "lr_ci_lo": 0.19559998174270937,
      "lr_ci_hi": 0.4467826038158094,
      "delta_auprc": 0.31356355215133247,
      "p_value": 0.0,
      "n_bootstrap": 1000
    }
  },
  "v10b_macro": 0.7448540412785272,
  "lr_macro": 0.5617084233390143
}