{
  "seeds": [
    42,
    123,
    456,
    789,
    1234
  ],
  "lr_baseline": {
    "GO:0006096": 0.694861351200152,
    "GO:0003774": 0.8252796979196425,
    "GO:0007204": 0.4146820408470173,
    "GO:0030017": 0.5635442236186632,
    "GO:0006941": 0.3101748031095968
  },
  "lr_macro": 0.5617084233390143,
  "seed_stats": {
    "GO:0006096": {
      "mean": 0.6712169386116378,
      "std": 0.12122662433579073,
      "min": 0.5368134787388932,
      "max": 0.8296835415519079,
      "all": [
        0.7969544208535391,
        0.6367733303084953,
        0.5368134787388932,
        0.8296835415519079,
        0.5558599216053534
      ],
      "lr": 0.694861351200152
    },
    "GO:0003774": {
      "mean": 0.8128253125825241,
      "std": 0.012636687757989186,
      "min": 0.7943962436417022,
      "max": 0.8335500873766982,
      "all": [
        0.8154628210284401,
        0.808105068072284,
        0.8335500873766982,
        0.8126123427934959,
        0.7943962436417022
      ],
      "lr": 0.8252796979196425
    },
    "GO:0007204": {
      "mean": 0.7652711667106696,
      "std": 0.02812751451362114,
      "min": 0.7180241640038807,
      "max": 0.8011988158618736,
      "all": [
        0.7180241640038807,
        0.7818995491222909,
        0.7710461875586407,
        0.7541871170066626,
        0.8011988158618736
      ],
      "lr": 0.4146820408470173
    },
    "GO:0030017": {
      "mean": 0.7425984397744776,
      "std": 0.02431241505977546,
      "min": 0.7008594586044211,
      "max": 0.7700904452458475,
      "all": [
        0.7700904452458475,
        0.7329031926815702,
        0.7607704335247516,
        0.7483686688157979,
        0.7008594586044211
      ],
      "lr": 0.5635442236186632
    },
    "GO:0006941": {
      "mean": 0.5967888434073623,
      "std": 0.018366246625933797,
      "min": 0.5660959303472081,
      "max": 0.6237383552609292,
      "all": [
        0.6237383552609292,
        0.598373014549301,
        0.6004591377826773,
        0.5660959303472081,
        0.5952777790966955
      ],
      "lr": 0.3101748031095968
    }
  }
}