"estimates","se","df","t","pval","regular_FDR","empirical_pval","empirical_FDR","isoform_id","gene_id","cell_type"
-0.673373775512847,0.816304488738194,18.5690046859382,-0.824905148511087,0.419896662634637,0.722899152439342,0.577863430941566,0.991555671194646,"AAR2-206","AAR2","OPC"
0.673373775512847,0.816304488738194,18.5690046859382,0.824905148511087,0.419896662634637,0.722899152439342,0.587565023029726,0.991555671194646,"AAR2-201","AAR2","OPC"
3.71008166176411,1.30406446101834,14.5690046859382,2.84501401017165,0.0125725587603111,0.285707325853169,0.0904721415159221,0.991555671194646,"AARS1-225","AARS1","OPC"
-3.71008166176411,1.30406446101834,14.5690046859382,-2.84501401017165,0.0125725587603111,0.285707325853169,0.0878122579152205,0.991555671194646,"AARS1-201","AARS1","OPC"
1.6685995781172,0.611745282859088,24.5690046859382,2.72760514035963,0.0115989342828497,0.285707325853169,0.0868411175254219,0.991555671194646,"ABCC8-269","ABCC8","OPC"
-1.63168352092926,0.755551779089284,24.5690046859382,-2.15959192485263,0.0407706259675263,0.339665200610961,0.161315579847377,0.991555671194646,"ABCC8-256","ABCC8","OPC"
-0.381001225502926,0.390129176196334,24.5690046859382,-0.976602747883653,0.338284451674649,0.657807762612344,0.509678245131951,0.991555671194646,"ABCC8-280","ABCC8","OPC"
-0.106248233406758,0.491131355334885,24.5690046859382,-0.216333639163216,0.830513841322993,0.9377465643361,0.878499890772593,0.996363625621488,"ABCC8-210","ABCC8","OPC"
-0.745553400438933,0.65350047312702,24.5690046859382,-1.14086130170868,0.264926624849739,0.603495440872744,0.443401488745824,0.991555671194646,"ABCC8-257","ABCC8","OPC"
0.727548607277277,0.610603646840307,18.5690046859382,1.19152352109609,0.24845535416789,0.590733387627976,0.435930731923369,0.991555671194646,"ACAA1-202","ACAA1","OPC"
-0.727548607277278,0.610603646840307,18.5690046859382,-1.19152352109609,0.24845535416789,0.590733387627976,0.427647648714561,0.991555671194646,"ACAA1-203","ACAA1","OPC"
-1.04800228778161,0.731027871106835,21.5690046859382,-1.43360100100541,0.166024394583415,0.525611730958445,0.341825990327215,0.991555671194646,"ACAD11-208","ACAD11","OPC"
1.04800228778161,0.731027871106835,21.5690046859382,1.43360100100541,0.166024394583415,0.525611730958445,0.349055318864655,0.991555671194646,"ACAD11-202","ACAD11","OPC"
0.880572649222537,0.673125419617561,20.5690046859382,1.30818510720162,0.205241734682911,0.55827266668668,0.392098958674931,0.991555671194646,"ACAD8-215","ACAD8","OPC"
-0.880572649222537,0.673125419617561,20.5690046859382,-1.30818510720162,0.205241734682911,0.55827266668668,0.384323692950919,0.991555671194646,"ACAD8-201","ACAD8","OPC"
-0.740894739633011,0.742943263789717,21.5690046859382,-0.997242690987927,0.329703768635544,0.649930424405619,0.502207045373191,0.991555671194646,"ACSF3-218","ACSF3","OPC"
0.740894739633011,0.742943263789717,21.5690046859382,0.997242690987927,0.329703768635544,0.649930424405619,0.511257516538167,0.991555671194646,"ACSF3-203","ACSF3","OPC"
-0.186214212275401,0.578384845163513,19.5690046859382,-0.321955552315271,0.750900280217331,0.916816075081703,0.823292965848653,0.996363625621488,"ACSL3-201","ACSL3","OPC"
0.638258915219287,0.613410478240218,19.5690046859382,1.04050866077534,0.310789303483459,0.637077714448301,0.49438631017945,0.991555671194646,"ACSL3-231","ACSL3","OPC"
-0.205599240393387,0.506900379048356,19.5690046859382,-0.405600881142316,0.689436266749827,0.886806965029639,0.780028077982602,0.996363625621488,"ACSL3-202","ACSL3","OPC"
-0.223915454092657,0.819345873235633,18.5690046859382,-0.273285631144275,0.787650026869966,0.926604699135702,0.848874677584426,0.996363625621488,"ACSL4-216","ACSL4","OPC"
0.223915454092658,0.819345873235633,18.5690046859382,0.273285631144276,0.787650026869966,0.926604699135702,0.859968580386093,0.996363625621488,"ACSL4-213","ACSL4","OPC"
-2.28238238479968,1.29098668843648,14.5690046859382,-1.76793642044743,0.0980001663122702,0.447165610779853,0.256725388753199,0.991555671194646,"ACSL6-224","ACSL6","OPC"
2.28238238479968,1.29098668843648,14.5690046859382,1.76793642044743,0.0980001663122702,0.447165610779853,0.26270328033956,0.991555671194646,"ACSL6-231","ACSL6","OPC"
0.521520909454654,0.935357289421232,16.5690046859382,0.557563313348799,0.584597538379785,0.817405275397239,0.714874774804935,0.995538879570187,"ACSS1-204","ACSS1","OPC"
-0.521520909454653,0.935357289421232,16.5690046859382,-0.557563313348798,0.584597538379786,0.817405275397239,0.704348298042293,0.991982095627542,"ACSS1-201","ACSS1","OPC"
-0.464548307259322,0.470130012792536,24.5690046859382,-0.988127315037686,0.332722391290356,0.652917584113454,0.50484287066968,0.991555671194646,"ACTB-213","ACTB","OPC"
-0.418371226845851,0.417834991011796,24.5690046859382,-1.00128336746704,0.326449985071983,0.649643103495116,0.499356566128806,0.991555671194646,"ACTB-206","ACTB","OPC"
0.432370936416449,0.399467472756369,24.5690046859382,1.08236831758301,0.289598008247292,0.622964149456122,0.475042014690156,0.991555671194646,"ACTB-217","ACTB","OPC"
0.413492898385729,0.332215665267251,24.5690046859382,1.24465201860091,0.225002114763325,0.575987731899043,0.41254355533846,0.991555671194646,"ACTG1-205","ACTG1","OPC"
-0.475195477757416,0.343143237454109,24.5690046859382,-1.38483124797401,0.178551790407804,0.537925972026285,0.355794192791266,0.991555671194646,"ACTG1-206","ACTG1","OPC"
0.0717250503612932,0.443380447408029,24.5690046859382,0.161768636349647,0.872811045367832,0.955843630110324,0.918773494036583,0.996363625621488,"ACTG1-213","ACTG1","OPC"
0.372226245592803,0.536514205649511,24.5690046859382,0.693786374476666,0.494324072773341,0.772770566075181,0.646608375676291,0.991555671194646,"transcript238794.chr1.nic","ADAR","OPC"
-0.372226245592803,0.536514205649511,24.5690046859382,-0.693786374476667,0.494324072773341,0.772770566075181,0.636484845383512,0.991555671194646,"ADAR-227","ADAR","OPC"
-0.685063062049903,0.677709047125239,20.5690046859382,-1.01085128633867,0.32383176296338,0.646711918721964,0.497055747350569,0.991555671194646,"ADD3-201","ADD3","OPC"
0.685063062049904,0.67770904712524,20.5690046859382,1.01085128633867,0.32383176296338,0.646711918721964,0.506057330177645,0.991555671194646,"ADD3-203","ADD3","OPC"
0.693053261741471,0.459654291535032,23.5690046859382,1.50777067571151,0.14490156055756,0.494258464414926,0.324164576444426,0.991555671194646,"ADGRB3-DT-203","ADGRB3-DT","OPC"
-0.69305326174147,0.459654291535032,23.5690046859382,-1.50777067571151,0.144901560557561,0.494258464414926,0.317273644391713,0.991555671194646,"ADGRB3-DT-208","ADGRB3-DT","OPC"
-3.20455893634215,1.34562868877346,17.5690046859382,-2.3814585428192,0.0287852135618177,0.310684912817003,0.134547558593458,0.991555671194646,"ADGRL3-201","ADGRL3","OPC"
3.20455893634215,1.34562868877346,17.5690046859382,2.38145854281919,0.0287852135618178,0.310684912817003,0.138269273594175,0.991555671194646,"ADGRL3-217","ADGRL3","OPC"
-0.601032646811342,0.680043701163918,22.5690046859382,-0.883814739821358,0.386114617139284,0.697267950760696,0.550216003463277,0.991555671194646,"AFAP1L2-202","AFAP1L2","OPC"
0.143209268231469,0.505694183023334,22.5690046859382,0.2831934260649,0.779609944392738,0.925631085330721,0.854372790998784,0.996363625621488,"transcript195228.chr10.nic","AFAP1L2","OPC"
1.26449985807464,0.425338253493077,22.5690046859382,2.97292765861046,0.00689777712546253,0.248585873189572,0.0667588532752771,0.991555671194646,"AFAP1L2-201","AFAP1L2","OPC"
-0.422869317392849,0.553338291191336,22.5690046859382,-0.764214810586147,0.452655729237868,0.741899893329487,0.604018106947648,0.991555671194646,"AFAP1L2-206","AFAP1L2","OPC"
0.975950999505361,0.52795614222784,22.5690046859382,1.84854559203933,0.0776683834085839,0.409020421580456,0.232171293834855,0.991555671194646,"AFF4-203","AFF4","OPC"
-0.975950999505361,0.52795614222784,22.5690046859382,-1.84854559203933,0.0776683834085839,0.409020421580456,0.226691795585388,0.991555671194646,"AFF4-201","AFF4","OPC"
0.488884365893372,0.686781132687188,20.5690046859382,0.711848859301799,0.484554619462507,0.766231394611222,0.639019525703336,0.991555671194646,"AHCYL1-201","AHCYL1","OPC"
-0.488884365893372,0.686781132687188,20.5690046859382,-0.7118488593018,0.484554619462507,0.766231394611222,0.628946352778935,0.991555671194646,"AHCYL1-202","AHCYL1","OPC"
-0.505594574800169,0.765211800636967,24.5690046859382,-0.660725010225025,0.514936761060368,0.784722774393254,0.652254444397941,0.991555671194646,"AHI1-223","AHI1","OPC"
-0.176395891393779,0.579736555043302,24.5690046859382,-0.304269050932287,0.763485143524267,0.920837208303163,0.832074685555754,0.996363625621488,"AHI1-264","AHI1","OPC"
-0.21507899147748,0.46043665658149,24.5690046859382,-0.46711961005523,0.644530543331985,0.856509938882813,0.747947059554985,0.996363625621488,"AHI1-204","AHI1","OPC"
0.721033602965743,0.497720677221944,24.5690046859382,1.44867118438847,0.160072973222615,0.518964547197405,0.34218042623041,0.991555671194646,"AHI1-252","AHI1","OPC"
1.03056073007086,0.799387542611647,24.5690046859382,1.28918787838994,0.209338701799435,0.559524776296747,0.396398713690773,0.991555671194646,"AHI1-243","AHI1","OPC"
-0.178974503001341,0.277966768924287,24.5690046859382,-0.64387014208195,0.525625163443526,0.786795769528906,0.660362750830148,0.991555671194646,"AHI1-201","AHI1","OPC"
0.637491396604457,0.61476705804465,20.5690046859382,1.03696414481297,0.311790217209085,0.637077714448301,0.495288061514062,0.991555671194646,"AIMP1-206","AIMP1","OPC"
-0.637491396604458,0.61476705804465,20.5690046859382,-1.03696414481297,0.311790217209085,0.637077714448301,0.48638961012354,0.991555671194646,"AIMP1-216","AIMP1","OPC"
-1.36244314022951,0.606731349760983,21.5690046859382,-2.24554597478148,0.0353255158867593,0.33049749245704,0.149674765788104,0.991555671194646,"AK2-214","AK2","OPC"
0.517470155359992,0.742800097926277,21.5690046859382,0.696647936375677,0.493463389757173,0.772770566075181,0.645941571893504,0.991555671194646,"AK2-221","AK2","OPC"
1.63733304171936,0.725598784281651,21.5690046859382,2.25652671584936,0.0345249151725208,0.329567505273221,0.151897233689859,0.991555671194646,"AK2-220","AK2","OPC"
0.297112682787389,0.456114683922793,23.5690046859382,0.651399074092695,0.521090386150914,0.786520943983521,0.667182572914386,0.991555671194646,"AKAP6-201","AKAP6","OPC"
-0.29711268278739,0.456114683922793,23.5690046859382,-0.651399074092695,0.521090386150914,0.786520943983521,0.65692816956514,0.991555671194646,"AKAP6-213","AKAP6","OPC"
-2.24374459296962,1.01071695533972,16.5690046859382,-2.21995345097923,0.0406864476552865,0.339665200610961,0.161141187306382,0.991555671194646,"AKAP8L-239","AKAP8L","OPC"
2.24374459296962,1.01071695533972,16.5690046859382,2.21995345097922,0.0406864476552866,0.339665200610961,0.165410209305118,0.991555671194646,"AKAP8L-201","AKAP8L","OPC"
-0.168810772814791,0.4158019921677,23.5690046859382,-0.405988369451357,0.68841359050649,0.886806965029639,0.779302302846632,0.996363625621488,"AKAP9-212","AKAP9","OPC"
0.726470682337413,0.612441187309822,23.5690046859382,1.18618848207853,0.247368396875944,0.590733387627976,0.434865942617826,0.991555671194646,"AKAP9-213","AKAP9","OPC"
-0.581355774571458,0.455083475578782,23.5690046859382,-1.2774706307059,0.213876943794614,0.564704473686692,0.393239677159547,0.991555671194646,"AKAP9-220","AKAP9","OPC"
0.263368352624719,0.377372198931232,23.5690046859382,0.697900781696727,0.492067708306176,0.771840876937534,0.644859565034917,0.991555671194646,"AKAP9-217","AKAP9","OPC"
0.772898817011739,0.671199589476021,22.5690046859382,1.15151860807172,0.261572291365648,0.597421026554671,0.44864495220539,0.991555671194646,"ALCAM-201","ALCAM","OPC"
-0.772898817011739,0.671199589476021,22.5690046859382,-1.15151860807172,0.261572291365648,0.597421026554671,0.440223223296269,0.991555671194646,"ALCAM-205","ALCAM","OPC"
-0.664533187849444,0.746676340446154,19.5690046859382,-0.889988274507763,0.384283209682783,0.696162541402265,0.548695519548938,0.991555671194646,"ALDH1A3-201","ALDH1A3","OPC"
0.664533187849444,0.746676340446154,19.5690046859382,0.889988274507764,0.384283209682783,0.696162541402265,0.558160672971011,0.991555671194646,"transcript148232.chr15.nic","ALDH1A3","OPC"
-0.563033532445804,0.917144795681267,16.5690046859382,-0.613898192626798,0.54761948425421,0.79510510024416,0.676910028849575,0.991555671194646,"ALDH3A2-201","ALDH3A2","OPC"
0.563033532445804,0.917144795681267,16.5690046859382,0.613898192626798,0.54761948425421,0.79510510024416,0.687284400821165,0.991555671194646,"ALDH3A2-210","ALDH3A2","OPC"
0.960985360262802,0.613533514785089,23.5690046859382,1.56631273940988,0.130604519438212,0.481668999660832,0.306458657884726,0.991555671194646,"ALDOC-203","ALDOC","OPC"
-0.960985360262801,0.613533514785088,23.5690046859382,-1.56631273940988,0.130604519438212,0.481668999660832,0.299819111395194,0.991555671194646,"ALDOC-201","ALDOC","OPC"
-1.1169614273352,0.938183929322103,14.5690046859382,-1.19055698187271,0.252865385360245,0.592678846054001,0.431902483138999,0.991555671194646,"ALOX12P2-213","ALOX12P2","OPC"
1.1169614273352,0.938183929322103,14.5690046859382,1.19055698187271,0.252865385360245,0.592678846054001,0.440232907071678,0.991555671194646,"ALOX12P2-210","ALOX12P2","OPC"
-0.0921590037992892,0.704430370671996,22.5690046859382,-0.130827698004238,0.897070789200122,0.961820971043736,0.924164710029697,0.996363625621488,"AMER2-201","AMER2","OPC"
0.0921590037992895,0.704430370671997,22.5690046859382,0.130827698004238,0.897070789200122,0.961820971043736,0.935403219474576,0.996363625621488,"AMER2-202","AMER2","OPC"
2.32855447328856,0.44161313975374,24.5690046859382,5.27283783853681,1.94230558940859e-05,0.0247021020676316,0.00370166020200104,0.991555671194646,"AMZ1-207","AMZ1","OPC"
-2.32855447328856,0.44161313975374,24.5690046859382,-5.27283783853681,1.94230558940859e-05,0.0247021020676316,0.00353793677997716,0.991555671194646,"AMZ1-202","AMZ1","OPC"
-1.64251622731064,0.437663585788047,22.5690046859382,-3.75291954973399,0.00106304856860864,0.184686971319607,0.0253021006289898,0.991555671194646,"ANAPC5-201","ANAPC5","OPC"
1.99598318703763,0.813771216355806,22.5690046859382,2.45275717169742,0.0223454560624398,0.297108940820524,0.121371709716558,0.991555671194646,"ANAPC5-218","ANAPC5","OPC"
0.872246448821781,0.497437557527472,22.5690046859382,1.75347927719271,0.0930929632328855,0.438734203333322,0.255607925895019,0.991555671194646,"ANAPC5-209","ANAPC5","OPC"
-0.958109331068232,0.668617444498572,21.5690046859382,-1.43297088484845,0.16620241510345,0.525611730958445,0.342027372806539,0.991555671194646,"ANK2-299","ANK2","OPC"
-2.42876332017853,1.31822792736376,21.5690046859382,-1.84244565735734,0.0792001188728591,0.412834737731065,0.229064390798933,0.991555671194646,"ANK2-294","ANK2","OPC"
1.65976772278909,0.828794639781558,21.5690046859382,2.00262844753261,0.0579459112795425,0.386128407951329,0.198961744649512,0.991555671194646,"ANK2-296","ANK2","OPC"
-0.914751246234335,1.20498019829622,21.5690046859382,-0.759142139868974,0.455984433010356,0.743341826608808,0.606643059426273,0.991555671194646,"ANK2-300","ANK2","OPC"
1.99668303132151,0.493338166082192,24.5690046859382,4.04729082117854,0.000450715489178196,0.0978803803998667,0.0171810002604772,0.991555671194646,"ANKRD12-201","ANKRD12","OPC"
-1.99668303132151,0.493338166082192,24.5690046859382,-4.04729082117853,0.000450715489178204,0.0978803803998667,0.0165321091615282,0.991555671194646,"ANKRD12-203","ANKRD12","OPC"
0.667973683129576,0.727438239497263,19.5690046859382,0.918254838501776,0.369665382268325,0.689090118877864,0.545834057469513,0.991555671194646,"ANKRD17-201","ANKRD17","OPC"
0.306374205463923,0.793952000734826,19.5690046859382,0.385885047434058,0.70374495463481,0.897679565236572,0.80107100290177,0.996363625621488,"ANKRD17-203","ANKRD17","OPC"
-0.620122045545055,0.712454910205094,19.5690046859382,-0.870401813030584,0.394632952863341,0.705359036462185,0.557257787460857,0.991555671194646,"ANKRD17-202","ANKRD17","OPC"
1.25861093837372,0.648328525306171,20.5690046859382,1.94131661533688,0.0660452962853368,0.390882138383234,0.213126897628105,0.991555671194646,"ANKRD18A-210","ANKRD18A","OPC"
-1.25861093837372,0.648328525306171,20.5690046859382,-1.94131661533688,0.0660452962853369,0.390882138383234,0.207974895862746,0.991555671194646,"ANKRD18A-201","ANKRD18A","OPC"
1.43943608574068,0.810747908014819,19.5690046859382,1.77544224476047,0.091380227009073,0.434556335010301,0.253093606549542,0.991555671194646,"ANKRD20A1-201","ANKRD20A1","OPC"
-1.43943608574068,0.810747908014819,19.5690046859382,-1.77544224476047,0.0913802270090732,0.434556335010301,0.247269175371667,0.991555671194646,"ANKRD20A1-205","ANKRD20A1","OPC"
-0.0574490861687301,0.470267046217653,23.5690046859382,-0.122162687415144,0.903805835959617,0.964898815448899,0.928768874560202,0.996363625621488,"ANKRD26-202","ANKRD26","OPC"
0.05744908616873,0.470267046217653,23.5690046859382,0.122162687415143,0.903805835959617,0.964898815448899,0.940012935601039,0.996363625621488,"ANKRD26-201","ANKRD26","OPC"
-0.52161918111979,0.486560929100461,22.5690046859382,-1.07205315906508,0.295026544692567,0.62940947967553,0.471296683639007,0.991555671194646,"ANKRD36C-201","ANKRD36C","OPC"
0.52161918111979,0.486560929100461,22.5690046859382,1.07205315906508,0.295026544692567,0.62940947967553,0.480044760652215,0.991555671194646,"ANKRD36C-202","ANKRD36C","OPC"
0.356929623684323,0.731363737100266,24.5690046859382,0.488032979457648,0.62985361197887,0.84914563518724,0.748049962752789,0.996363625621488,"ANKRD44-204","ANKRD44","OPC"
0.0712890845147627,0.658436027859944,24.5690046859382,0.108270327713487,0.914660634590885,0.969330071788069,0.947436701762534,0.996363625621488,"ANKRD44-201","ANKRD44","OPC"
-0.346585574500061,0.640205289056088,24.5690046859382,-0.541366309252246,0.593130727652845,0.827461818128113,0.710617794015021,0.995538879570187,"ANKRD44-209","ANKRD44","OPC"
-0.148217059909567,0.785146479072868,24.5690046859382,-0.188776316088927,0.851818836436059,0.945787460282522,0.893155155920618,0.996363625621488,"transcript350027.chr2.nic","ANKRD44","OPC"
-0.58088744330039,0.795078584064358,18.5690046859382,-0.730603810671084,0.474139388822855,0.75664865111596,0.620861365054465,0.991555671194646,"ANKRD46-201","ANKRD46","OPC"
0.580887443300389,0.795078584064358,18.5690046859382,0.730603810671083,0.474139388822856,0.75664865111596,0.630879263422887,0.991555671194646,"ANKRD46-204","ANKRD46","OPC"
-0.614834577124192,0.800856104482004,19.5690046859382,-0.767721658963777,0.451817398609249,0.741506551730568,0.603356107236151,0.991555671194646,"ANKZF1-211","ANKZF1","OPC"
0.614834577124191,0.800856104482005,19.5690046859382,0.767721658963775,0.451817398609251,0.741506551730568,0.613249800069675,0.991555671194646,"ANKZF1-218","ANKZF1","OPC"
0.683359174188167,0.59115435681372,22.5690046859382,1.15597418222784,0.25978274666106,0.595772240987476,0.446924681041405,0.991555671194646,"ANXA7-202","ANXA7","OPC"
-0.683359174188168,0.59115435681372,22.5690046859382,-1.15597418222785,0.259782746661059,0.595772240987476,0.438521489057722,0.991555671194646,"ANXA7-201","ANXA7","OPC"
0.0784427650607583,0.554524518633775,24.5690046859382,0.14145950706386,0.888660474798517,0.960367092233764,0.929642779785224,0.996363625621488,"AP2M1-202","AP2M1","OPC"
0.872083121851084,1.10194731346909,24.5690046859382,0.791401831277795,0.436283649143768,0.733519477205587,0.600824128964409,0.991555671194646,"AP2M1-225","AP2M1","OPC"
-0.210160969776154,0.535773638512182,24.5690046859382,-0.392257018019328,0.698250497003793,0.894611993702992,0.78627473399647,0.996363625621488,"AP2M1-208","AP2M1","OPC"
0.532920157471998,0.723207718863977,21.5690046859382,0.736883945748138,0.469133154225724,0.751750475091715,0.626947622857837,0.991555671194646,"AP3M1-202","AP3M1","OPC"
-0.532920157471998,0.723207718863976,21.5690046859382,-0.736883945748139,0.469133154225724,0.751750475091715,0.616956889741586,0.991555671194646,"AP3M1-201","AP3M1","OPC"
0.394154155775954,0.970887841694014,19.5690046859382,0.405972903201908,0.689167400148274,0.886806965029639,0.790708430696679,0.996363625621488,"APC-201","APC","OPC"
-0.394154155775953,0.970887841694014,19.5690046859382,-0.405972903201908,0.689167400148275,0.886806965029639,0.779837288614733,0.996363625621488,"APC-205","APC","OPC"
0.78999700654923,0.610894806459336,22.5690046859382,1.29318009941506,0.209029704124801,0.559524776296747,0.396075577055643,0.991555671194646,"APH1A-203","APH1A","OPC"
-0.789997006549229,0.610894806459336,22.5690046859382,-1.29318009941506,0.209029704124802,0.559524776296747,0.388252284768768,0.991555671194646,"APH1A-202","APH1A","OPC"
0.636538367869441,0.466914452028042,22.5690046859382,1.36328692569835,0.186238622280399,0.545398341528028,0.371695266805059,0.991555671194646,"APLP1-212","APLP1","OPC"
-0.636538367869442,0.466914452028042,22.5690046859382,-1.36328692569835,0.186238622280399,0.545398341528028,0.364172755433052,0.991555671194646,"APLP1-201","APLP1","OPC"
-0.570014495156028,0.488093734431113,22.5690046859382,-1.16783817317466,0.255061833145959,0.592678846054001,0.434011362194335,0.991555671194646,"APLP2-203","APLP2","OPC"
0.754042841814266,0.612052751083203,22.5690046859382,1.23198995589803,0.230634828927006,0.577772513616122,0.418242282661445,0.991555671194646,"APLP2-226","APLP2","OPC"
0.137858643990826,0.58795407230338,22.5690046859382,0.234471790374286,0.816732827694171,0.932284603141047,0.880139651708634,0.996363625621488,"APLP2-210","APLP2","OPC"
0.237045042585006,0.292538727460114,24.5690046859382,0.810303116592744,0.425545438746232,0.726923098776275,0.592153736819418,0.991555671194646,"APP-204","APP","OPC"
-0.369940652209276,0.267128390426338,24.5690046859382,-1.38487957651693,0.178537188523214,0.537925972026285,0.355778142757198,0.991555671194646,"APP-202","APP","OPC"
0.137501926078294,0.289579185159873,24.5690046859382,0.474833596905045,0.639099324862039,0.852252565308737,0.754756451910176,0.996363625621488,"APP-201","APP","OPC"
0.621124583106937,0.690627466335836,19.5690046859382,0.899362700418431,0.379393535056664,0.693337694500467,0.554055111023554,0.991555671194646,"APPL2-201","APPL2","OPC"
-0.621124583106938,0.690627466335836,19.5690046859382,-0.899362700418433,0.379393535056663,0.693337694500467,0.544624395231831,0.991555671194646,"transcript148299.chr12.nic","APPL2","OPC"
-0.0939787340494149,0.442407222892121,23.5690046859382,-0.21242585831907,0.833601283162082,0.939609706721835,0.880626261663308,0.996363625621488,"ARAP2-201","ARAP2","OPC"
0.093978734049414,0.442407222892122,23.5690046859382,0.212425858319068,0.833601283162084,0.939609706721835,0.891793554728921,0.996363625621488,"ARAP2-206","ARAP2","OPC"
-0.938513868383271,0.56181089441914,22.5690046859382,-1.67051560891073,0.108629279886892,0.459873215521497,0.271357867147635,0.991555671194646,"ARF5-201","ARF5","OPC"
0.93851386838327,0.56181089441914,22.5690046859382,1.67051560891073,0.108629279886892,0.459873215521497,0.277567211547953,0.991555671194646,"ARF5-204","ARF5","OPC"
-0.761355430586479,0.727456812480155,20.5690046859382,-1.04659880493902,0.307428373442847,0.637077714448301,0.482490629382657,0.991555671194646,"transcript77813.chr20.nnic","ARFGAP1","OPC"
0.761355430586478,0.727456812480154,20.5690046859382,1.04659880493902,0.307428373442848,0.637077714448301,0.491350735527365,0.991555671194646,"ARFGAP1-204","ARFGAP1","OPC"
0.461635379575205,0.797511549430457,23.5690046859382,0.578844757677656,0.568185131217922,0.807948394969143,0.702686996006716,0.991982095627542,"ARFGAP2-209","ARFGAP2","OPC"
-0.461635379575205,0.797511549430458,23.5690046859382,-0.578844757677655,0.568185131217923,0.807948394969143,0.692225929712409,0.991688576991863,"ARFGAP2-205","ARFGAP2","OPC"
-0.440407515102812,0.488622627790883,24.5690046859382,-0.901324437416956,0.376166915863123,0.691319451861282,0.541928551747459,0.991555671194646,"ARGLU1-203","ARGLU1","OPC"
0.440407515102821,0.488622627790882,24.5690046859382,0.901324437416975,0.376166915863113,0.691319451861282,0.551336267624746,0.991555671194646,"ARGLU1-204","ARGLU1","OPC"
1.4856379272598,1.04167549723167,17.5690046859382,1.42620031978096,0.171338565715296,0.529206140938552,0.355109994613781,0.991555671194646,"ARHGAP21-206","ARHGAP21","OPC"
-0.623026766562275,0.765977685439857,17.5690046859382,-0.813374564827573,0.426889491763551,0.726923098776275,0.583497507157237,0.991555671194646,"ARHGAP21-214","ARHGAP21","OPC"
0.703891719842942,0.819321741830228,17.5690046859382,0.859115148428217,0.40184723607087,0.710496396951469,0.572768320848566,0.991555671194646,"transcript54999.chr10.nnic","ARHGAP21","OPC"
-1.18690489581379,0.666203962081103,17.5690046859382,-1.7815938712014,0.0921090973490195,0.435637582017322,0.248324359837633,0.991555671194646,"ARHGAP21-201","ARHGAP21","OPC"
1.59025503324134,0.749679517243761,23.5690046859382,2.1212464748777,0.0446215767751287,0.351310661860983,0.173553668140769,0.991555671194646,"ARHGAP5-209","ARHGAP5","OPC"
-1.59025503324134,0.749679517243762,23.5690046859382,-2.1212464748777,0.0446215767751286,0.351310661860983,0.169127167714366,0.991555671194646,"ARHGAP5-202","ARHGAP5","OPC"
0.0540764759450434,0.478726125225392,24.5690046859382,0.112959107714423,0.910980893912496,0.969330071788069,0.944920815938105,0.996363625621488,"ARHGEF4-208","ARHGEF4","OPC"
-0.0540764759450444,0.478726125225392,24.5690046859382,-0.112959107714425,0.910980893912494,0.969330071788069,0.933671258817054,0.996363625621488,"ARHGEF4-205","ARHGEF4","OPC"
1.35040143804657,0.691480713830735,18.5690046859382,1.9529126569062,0.0660693033504786,0.390882138383234,0.213167695978765,0.991555671194646,"transcript66686.chrX.nic","ARHGEF9","OPC"
-1.35040143804657,0.691480713830735,18.5690046859382,-1.95291265690619,0.0660693033504787,0.390882138383234,0.208014978274008,0.991555671194646,"transcript66496.chrX.nic","ARHGEF9","OPC"
1.78459097969996,2.94395462545368,13.5690046859382,0.606188344164763,0.554395955022517,0.798648899275115,0.692376304343551,0.991688576991863,"ARID1B-214","ARID1B","OPC"
-1.78459097969996,2.94395462545368,13.5690046859382,-0.606188344164762,0.554395955022518,0.798648899275115,0.68197277253252,0.991555671194646,"ARID1B-228","ARID1B","OPC"
-1.90044777497748,0.671022198540321,21.5690046859382,-2.83216826374975,0.00981737474109579,0.271562278761509,0.0773951574348216,0.991555671194646,"ARID4A-201","ARID4A","OPC"
1.90044777497748,0.671022198540321,21.5690046859382,2.83216826374975,0.00981737474109578,0.271562278761509,0.0797972254405454,0.991555671194646,"ARID4A-204","ARID4A","OPC"
-1.26382220471635,0.466820640786611,23.5690046859382,-2.70729718074754,0.0124123245679507,0.285707325853169,0.0872381260811892,0.991555671194646,"ARID4B-212","ARID4B","OPC"
0.224881171396335,0.391076067434328,23.5690046859382,0.575031790801411,0.570718969606052,0.808469842358132,0.704574475728955,0.991982095627542,"ARID4B-201","ARID4B","OPC"
0.298044859487322,0.946761074948707,23.5690046859382,0.314804724627562,0.75567999954888,0.916816075081703,0.837662646071013,0.996363625621488,"ARID4B-208","ARID4B","OPC"
0.299057521773865,0.399987056224495,23.5690046859382,0.747667998551477,0.462055656123712,0.747433287211721,0.621367736193834,0.991555671194646,"ARID4B-202","ARID4B","OPC"
-0.0389699862461407,0.542949224981427,21.5690046859382,-0.0717746419980133,0.943442642454452,0.976215505944963,0.955823515699709,0.996363625621488,"ARID5A-201","ARID5A","OPC"
0.324630339823304,0.666155592735357,21.5690046859382,0.48731909386261,0.630948364580987,0.849303428769656,0.748845239393442,0.996363625621488,"ARID5A-202","ARID5A","OPC"
-1.01912858778033,0.651766585946178,21.5690046859382,-1.56364043471306,0.132456287172781,0.482517763098922,0.302122652941598,0.991555671194646,"ARID5A-206","ARID5A","OPC"
-2.74611708018694,1.06249453270346,19.5690046859382,-2.58459408087454,0.0179010673706291,0.293981606025316,0.105261148153001,0.991555671194646,"ARIH2-205","ARIH2","OPC"
2.74611708018693,1.06249453270346,19.5690046859382,2.58459408087454,0.0179010673706291,0.293981606025316,0.108334275389899,0.991555671194646,"ARIH2-201","ARIH2","OPC"
-1.71359469590305,0.999471422120994,15.5690046859382,-1.71450094317515,0.106269246365766,0.458111787634755,0.268163289939632,0.991555671194646,"ARMC8-210","ARMC8","OPC"
1.71359469590305,0.999471422120993,15.5690046859382,1.71450094317515,0.106269246365766,0.458111787634755,0.274322714851245,0.991555671194646,"ARMC8-219","ARMC8","OPC"
-0.635414713604911,0.573097425534281,23.5690046859382,-1.10873768628874,0.278729339975798,0.612320125688499,0.456328089737415,0.991555671194646,"ARMCX3-201","ARMCX3","OPC"
0.63541471360491,0.573097425534281,23.5690046859382,1.10873768628874,0.278729339975798,0.612320125688499,0.464921809944328,0.991555671194646,"ARMCX3-203","ARMCX3","OPC"
-0.923895330093078,0.542684207507193,23.5690046859382,-1.702454792884,0.101825054726802,0.452054672262431,0.262064948726853,0.991555671194646,"ARMCX4-201","ARMCX4","OPC"
0.923895330093078,0.542684207507193,23.5690046859382,1.702454792884,0.101825054726802,0.452054672262431,0.268128135015949,0.991555671194646,"ARMCX4-208","ARMCX4","OPC"
0.566635962714307,0.852410569620354,21.5690046859382,0.664745350314784,0.513258604663781,0.784722774393254,0.661194381807367,0.991555671194646,"ASAH1-225","ASAH1","OPC"
-0.566635962714307,0.852410569620354,21.5690046859382,-0.664745350314784,0.513258604663781,0.784722774393254,0.650977221431921,0.991555671194646,"ASAH1-257","ASAH1","OPC"
-0.284837120319538,0.540764255717778,16.5690046859382,-0.526730672946315,0.605361330989156,0.831175779008293,0.719566121493451,0.996363625621488,"ASB8-205","ASB8","OPC"
0.284837120319538,0.540764255717778,16.5690046859382,0.526730672946314,0.605361330989156,0.831175779008293,0.730170730492194,0.996363625621488,"ASB8-201","ASB8","OPC"
-0.484245985959749,0.788725994563051,21.5690046859382,-0.613959713890269,0.545663687060838,0.79510510024416,0.675445812943771,0.991555671194646,"ASCC3-207","ASCC3","OPC"
0.484245985959748,0.788725994563051,21.5690046859382,0.613959713890268,0.545663687060838,0.79510510024416,0.685811658648004,0.991555671194646,"ASCC3-204","ASCC3","OPC"
1.62627934136383,0.665714320947822,21.5690046859382,2.44290875258382,0.0232413515697366,0.3026696453698,0.12384729134676,0.991555671194646,"ASH1L-210","ASH1L","OPC"
-0.920180864383872,0.656165923772123,21.5690046859382,-1.40236002975284,0.175037079705526,0.534755720647831,0.351915754200216,0.991555671194646,"ASH1L-213","ASH1L","OPC"
-0.3502666649978,0.543923234298188,21.5690046859382,-0.64396341783366,0.526388284831599,0.786795769528906,0.66093993888937,0.991555671194646,"ASH1L-215","ASH1L","OPC"
-1.37947456557272,0.623506942738414,18.5690046859382,-2.21244459526647,0.0396804657884934,0.335737967028616,0.159044309714777,0.991555671194646,"ASPH-203","ASPH","OPC"
0.911671785144487,1.48866494084118,18.5690046859382,0.612408984811142,0.547694161485774,0.79510510024416,0.687340605703682,0.991555671194646,"ASPH-214","ASPH","OPC"
0.62710376824291,0.774118435639061,18.5690046859382,0.810087629194898,0.428149881718242,0.726923098776275,0.594262917394278,0.991555671194646,"ASPH-201","ASPH","OPC"
-0.886095829928122,0.72798314488957,17.5690046859382,-1.21719278275672,0.239628549407324,0.5885692740391,0.419045974511716,0.991555671194646,"ASTN1-202","ASTN1","OPC"
0.886095829928123,0.72798314488957,17.5690046859382,1.21719278275672,0.239628549407323,0.5885692740391,0.427231992596432,0.991555671194646,"transcript272522.chr1.nnic","ASTN1","OPC"
-0.240284799651137,0.725847775015833,20.5690046859382,-0.331040209699473,0.743962849898583,0.914251734768239,0.818441808373739,0.996363625621488,"ATAD1-204","ATAD1","OPC"
0.240284799651137,0.725847775015833,20.5690046859382,0.331040209699473,0.743962849898583,0.914251734768239,0.829448247686231,0.996363625621488,"ATAD1-201","ATAD1","OPC"
-1.04454506737229,0.726256245903372,18.5690046859382,-1.43825966835301,0.167001731862468,0.525611730958445,0.34293052296587,0.991555671194646,"ATG4B-205","ATG4B","OPC"
1.04454506737229,0.726256245903371,18.5690046859382,1.43825966835301,0.167001731862468,0.525611730958445,0.350174668909174,0.991555671194646,"ATG4B-220","ATG4B","OPC"
0.0472528847465605,0.668600664307681,19.5690046859382,0.070674301222075,0.944374248076457,0.976215505944963,0.967728207163627,0.996363625621488,"ATL1-221","ATL1","OPC"
-0.0472528847465592,0.668600664307681,19.5690046859382,-0.070674301222073,0.944374248076459,0.976215505944963,0.956458715806252,0.996363625621488,"ATL1-222","ATL1","OPC"
0.107630664174845,0.79012457173156,17.5690046859382,0.13621986712674,0.893196192327328,0.96154963810239,0.932749994415608,0.996363625621488,"ATOSA-201","ATOSA","OPC"
-0.712084381579696,0.767865971569217,17.5690046859382,-0.927355043647103,0.36630763065403,0.686644532089553,0.533643633871042,0.991555671194646,"ATOSA-203","ATOSA","OPC"
0.64869541798489,0.855712114768385,17.5690046859382,0.758076702186778,0.458453923466036,0.744844716055168,0.618518222508523,0.991555671194646,"ATOSA-204","ATOSA","OPC"
-1.60488209530513,1.29025605798775,19.5690046859382,-1.24384775050625,0.228249970974002,0.576934456215567,0.407779983004504,0.991555671194646,"ATP10D-201","ATP10D","OPC"
1.60488209530513,1.29025605798775,19.5690046859382,1.24384775050625,0.228249970974002,0.576934456215567,0.415836086451703,0.991555671194646,"ATP10D-203","ATP10D","OPC"
-0.555732735825007,0.639901104618053,19.5690046859382,-0.868466598689052,0.395665331850671,0.705752125121732,0.558107877266974,0.991555671194646,"ATP13A4-202","ATP13A4","OPC"
0.555732735825007,0.639901104618053,19.5690046859382,0.868466598689052,0.395665331850672,0.705752125121732,0.567651294534769,0.991555671194646,"ATP13A4-211","ATP13A4","OPC"
0.73403186937482,0.785219584121157,22.5690046859382,0.934810955073633,0.359780808716823,0.679904849540276,0.537405891719799,0.991555671194646,"transcript246771.chr1.nic","ATP1A2","OPC"
-0.73403186937482,0.785219584121156,22.5690046859382,-0.934810955073635,0.359780808716822,0.679904849540276,0.528118460584115,0.991555671194646,"ATP1A2-201","ATP1A2","OPC"
-0.143100843640674,0.518173702441648,23.5690046859382,-0.276163848081017,0.784829373930388,0.926297712166029,0.846917671170556,0.996363625621488,"ATP2B1-207","ATP2B1","OPC"
0.143100843640673,0.518173702441648,23.5690046859382,0.276163848081017,0.784829373930388,0.926297712166029,0.858006455229711,0.996363625621488,"ATP2B1-202","ATP2B1","OPC"
-0.0900930435270384,1.13816065926802,12.5690046859382,-0.079156701466891,0.938154334154368,0.976215505944963,0.952217287093276,0.996363625621488,"transcript227017.chr3.nnic","ATP2C1","OPC"
0.0900930435270384,1.13816065926802,12.5690046859382,0.079156701466891,0.938154334154368,0.976215505944963,0.963483767232494,0.996363625621488,"ATP2C1-222","ATP2C1","OPC"
-0.156004248476581,0.530681147020981,20.5690046859382,-0.293969833585239,0.771726893965183,0.923745068324259,0.837813416525907,0.996363625621488,"ATP5F1A-201","ATP5F1A","OPC"
0.156004248476581,0.530681147020981,20.5690046859382,0.293969833585238,0.771726893965184,0.923745068324259,0.848877475395862,0.996363625621488,"ATP5F1A-202","ATP5F1A","OPC"
-1.52462192600711,0.733981249703656,20.5690046859382,-2.07719465125666,0.0505108232565719,0.358668134622961,0.180509035088341,0.991555671194646,"ATP6V0B-203","ATP6V0B","OPC"
1.52462192600711,0.733981249703656,20.5690046859382,2.07719465125665,0.050510823256572,0.358668134622961,0.185154877003682,0.991555671194646,"ATP6V0B-205","ATP6V0B","OPC"
1.22682010476868,0.665319123223862,24.5690046859382,1.8439573761596,0.0772827353132728,0.409020421580456,0.231560448250612,0.991555671194646,"ATP6V0E2-202","ATP6V0E2","OPC"
-1.22682010476868,0.665319123223862,24.5690046859382,-1.8439573761596,0.0772827353132732,0.409020421580456,0.226091249988869,0.991555671194646,"ATP6V0E2-203","ATP6V0E2","OPC"
2.70907531651736,0.741646793644375,22.5690046859382,3.65278369667756,0.00135768896691818,0.195702559375834,0.0296240661359523,0.991555671194646,"ATP6V1B2-206","ATP6V1B2","OPC"
-2.70907531651736,0.741646793644376,22.5690046859382,-3.65278369667756,0.00135768896691819,0.195702559375834,0.0285807783689353,0.991555671194646,"ATP6V1B2-201","ATP6V1B2","OPC"
1.05729413932305,0.682453240745132,21.5690046859382,1.54925506422778,0.135869593795185,0.486093367766689,0.313068637188974,0.991555671194646,"ATP6V1H-209","ATP6V1H","OPC"
-1.05729413932306,0.682453240745132,21.5690046859382,-1.54925506422778,0.135869593795184,0.486093367766689,0.306334180938507,0.991555671194646,"ATP6V1H-201","ATP6V1H","OPC"
0.406241807176337,0.645653028903129,22.5690046859382,0.629195231789561,0.535538799855701,0.790716211005075,0.678164454115164,0.991555671194646,"ATRNL1-201","ATRNL1","OPC"
-0.406241807176336,0.645653028903129,22.5690046859382,-0.629195231789561,0.535538799855701,0.790716211005075,0.667843548532761,0.991555671194646,"transcript195202.chr10.nnic","ATRNL1","OPC"
-0.379554049420906,0.23305117318427,24.5690046859382,-1.62862964487545,0.116148405072132,0.472203968202772,0.281346067746917,0.991555671194646,"ATRX-202","ATRX","OPC"
0.536721037583857,0.409189174586696,24.5690046859382,1.31166968951702,0.201756917892458,0.557781190603116,0.388415083300502,0.991555671194646,"ATRX-213","ATRX","OPC"
1.014234734573,0.469707104364141,24.5690046859382,2.15929187604264,0.0407963191831277,0.339665200610961,0.165642328094974,0.991555671194646,"ATRX-214","ATRX","OPC"
0.168816186935512,0.183533454840658,24.5690046859382,0.919811524727612,0.366614570650197,0.686644532089553,0.543240975283593,0.991555671194646,"ATRX-201","ATRX","OPC"
1.17364747461102,0.726727569994334,17.5690046859382,1.61497584936838,0.124131006195845,0.480096284106807,0.298176683652232,0.991555671194646,"AUP1-201","AUP1","OPC"
-1.17364747461102,0.726727569994334,17.5690046859382,-1.61497584936838,0.124131006195846,0.480096284106807,0.291657873654504,0.991555671194646,"AUP1-204","AUP1","OPC"
-0.3776515452714,0.610282243088164,18.5690046859382,-0.618814572353276,0.54355605437802,0.794929338322286,0.6738663849369,0.991555671194646,"BAALC-205","BAALC","OPC"
0.377651545271402,0.610282243088164,18.5690046859382,0.618814572353278,0.543556054378018,0.794929338322286,0.684222986710912,0.991555671194646,"BAALC-203","BAALC","OPC"
1.67819953899132,0.743324816535561,19.5690046859382,2.25769340893657,0.0355626032618144,0.33049749245704,0.154246125411246,0.991555671194646,"BAIAP2-202","BAIAP2","OPC"
-1.67819953899132,0.743324816535561,19.5690046859382,-2.25769340893657,0.0355626032618142,0.33049749245704,0.150197920090799,0.991555671194646,"BAIAP2-220","BAIAP2","OPC"
0.382803626394941,0.381525191862243,21.5690046859382,1.00335085221098,0.326815851374557,0.649643103495116,0.508704110329543,0.991555671194646,"BAZ2B-203","BAZ2B","OPC"
-0.382803626394941,0.381525191862243,21.5690046859382,-1.00335085221098,0.326815851374557,0.649643103495116,0.499677570613829,0.991555671194646,"BAZ2B-202","BAZ2B","OPC"
-0.321931995494695,0.64774328829987,23.5690046859382,-0.497005528748385,0.623789654660718,0.844465371452379,0.732969177923239,0.996363625621488,"BBS2-220","BBS2","OPC"
-1.09709137414387,0.498957799728007,23.5690046859382,-2.19876585703625,0.0379618157952072,0.334756847706186,0.155405390751133,0.991555671194646,"BBS2-201","BBS2","OPC"
1.010906708249,0.626724550957287,23.5690046859382,1.61300001205457,0.120055489458883,0.477428789041985,0.292869281432237,0.991555671194646,"BBS2-278","BBS2","OPC"
0.38025140673873,0.743370471975207,23.5690046859382,0.511523420789589,0.613743860053581,0.837529202166799,0.736309091009327,0.996363625621488,"BBS2-295","BBS2","OPC"
-1.1057379365623,0.716007353467113,20.5690046859382,-1.54431086665242,0.137759904616939,0.486093367766689,0.30864781226538,0.991555671194646,"BBX-201","BBX","OPC"
1.1057379365623,0.716007353467113,20.5690046859382,1.54431086665242,0.137759904616939,0.486093367766689,0.31541566205933,0.991555671194646,"BBX-206","BBX","OPC"
-0.793653440612147,0.434300138355415,24.5690046859382,-1.82743078005343,0.0798067232234164,0.412834737731065,0.22999848555841,0.991555671194646,"BCAN-201","BCAN","OPC"
0.793653440612147,0.434300138355415,24.5690046859382,1.82743078005343,0.0798067232234161,0.412834737731065,0.235534455883095,0.991555671194646,"BCAN-202","BCAN","OPC"
0.194156014440956,0.913776209725499,16.5690046859382,0.212476547730741,0.834327268363134,0.939609706721835,0.89229443036489,0.996363625621488,"BCLAF1-216","BCLAF1","OPC"
-0.194156014440957,0.913776209725499,16.5690046859382,-0.212476547730742,0.834327268363133,0.939609706721835,0.881126127016503,0.996363625621488,"BCLAF1-214","BCLAF1","OPC"
0.794799266889914,0.650894154180774,22.5690046859382,1.22108834713727,0.234656079470458,0.58406279188158,0.422278007752696,0.991555671194646,"BDP1-201","BDP1","OPC"
-0.794799266889914,0.650894154180774,22.5690046859382,-1.22108834713727,0.234656079470458,0.58406279188158,0.414148079630536,0.991555671194646,"BDP1-203","BDP1","OPC"
-1.2519862694272,0.735672325062489,19.5690046859382,-1.70182597166592,0.10462269608248,0.457460983206278,0.265916714397036,0.991555671194646,"BICD1-210","BICD1","OPC"
1.2519862694272,0.735672325062489,19.5690046859382,1.70182597166592,0.10462269608248,0.457460983206278,0.272040830664479,0.991555671194646,"BICD1-206","BICD1","OPC"
-0.0784047056692975,0.621250519471722,19.5690046859382,-0.126204652087806,0.900857596753214,0.963725327232707,0.926753719903564,0.996363625621488,"BLTP1-217","BLTP1","OPC"
-0.405733671649103,0.627804653433519,19.5690046859382,-0.646273756382833,0.525609599402682,0.786795769528906,0.660350976588868,0.991555671194646,"BLTP1-219","BLTP1","OPC"
0.670884740279378,0.85130063529787,19.5690046859382,0.788070292047458,0.440098033899936,0.737079354976371,0.603887845624604,0.991555671194646,"BLTP1-223","BLTP1","OPC"
0.850226120480517,0.617608428729356,24.5690046859382,1.37664267670333,0.181039516740982,0.538571895692921,0.365970767747538,0.991555671194646,"transcript93504.chr10.nnic","BMS1","OPC"
-0.472909456148434,0.464169283540196,24.5690046859382,-1.01882970915606,0.31821213371653,0.64148306632118,0.492095499380634,0.991555671194646,"transcript93519.chr10.nnic","BMS1","OPC"
-0.487010692022661,0.531848966462016,24.5690046859382,-0.915693594860906,0.368728304136645,0.687835333271366,0.535684501552785,0.991555671194646,"BMS1-201","BMS1","OPC"
0.357263006290277,0.764660250866905,18.5690046859382,0.467217964952727,0.645779821362205,0.856509938882813,0.759588376795156,0.996363625621488,"BNIP3-201","BNIP3","OPC"
-0.357263006290278,0.764660250866905,18.5690046859382,-0.467217964952727,0.645779821362205,0.856509938882813,0.748845785942447,0.996363625621488,"BNIP3-202","BNIP3","OPC"
-1.97922852352716,0.784126266803609,16.5690046859382,-2.52411965689561,0.0221358754920604,0.297108940820524,0.117436780319513,0.991555671194646,"BOK-201","BOK","OPC"
1.97922852352716,0.784126266803609,16.5690046859382,2.52411965689561,0.0221358754920604,0.297108940820524,0.120785923518526,0.991555671194646,"transcript411367.chr2.nic","BOK","OPC"
0.134357497362875,0.580228844805779,22.5690046859382,0.231559493406174,0.818966752170991,0.93308167951557,0.881684811719825,0.996363625621488,"BRWD1-203","BRWD1","OPC"
0.173296127411228,0.741161875781548,22.5690046859382,0.233816839578384,0.817235080492498,0.932449483258953,0.880487099440216,0.996363625621488,"BRWD1-202","BRWD1","OPC"
-0.464264244366829,0.661621457968923,22.5690046859382,-0.701706752063407,0.490035594386919,0.770224824470633,0.633180961090556,0.991555671194646,"BRWD1-201","BRWD1","OPC"
-1.70566971084072,0.380359471511898,22.5690046859382,-4.48436239555393,0.000175105628531008,0.0760542113253011,0.0103723169346835,0.991555671194646,"BSCL2-236","BSCL2","OPC"
1.70566971084072,0.380359471511898,22.5690046859382,4.48436239555393,0.000175105628531008,0.0760542113253011,0.0108025088979508,0.991555671194646,"BSCL2-203","BSCL2","OPC"
0.826821583322212,0.874520456342781,13.5690046859382,0.945457110037147,0.360958329939138,0.681142221449235,0.538413992821416,0.991555671194646,"BTBD3-204","BTBD3","OPC"
-0.826821583322212,0.874520456342781,13.5690046859382,-0.945457110037147,0.360958329939138,0.681142221449235,0.529117719258685,0.991555671194646,"BTBD3-201","BTBD3","OPC"
0.93826963858459,1.18389181248365,12.5690046859382,0.792529882115009,0.442754335860346,0.738679769047415,0.606016509006422,0.991555671194646,"BTN3A1-202","BTN3A1","OPC"
-0.93826963858459,1.18389181248365,12.5690046859382,-0.792529882115009,0.442754335860346,0.738679769047415,0.596175570534426,0.991555671194646,"transcript32769.chr6.nic","BTN3A1","OPC"
-0.484224941968413,0.456988019652383,23.5690046859382,-1.05960095482754,0.300064950712094,0.631129347502597,0.475864084333959,0.991555671194646,"transcript213055.chr10.nnic","C10orf90","OPC"
0.484224941968413,0.456988019652383,23.5690046859382,1.05960095482754,0.300064950712094,0.631129347502597,0.484658220936983,0.991555671194646,"C10orf90-208","C10orf90","OPC"
-0.609099127074448,0.670314488109052,20.5690046859382,-0.908676655330408,0.374045260881152,0.689852759983216,0.540151781475859,0.991555671194646,"C18orf25-205","C18orf25","OPC"
0.609099127074447,0.670314488109052,20.5690046859382,0.908676655330407,0.374045260881153,0.689852759983216,0.54954425310987,0.991555671194646,"C18orf25-206","C18orf25","OPC"
-1.19179238576862,0.728139783014348,20.5690046859382,-1.6367631786782,0.116889760286952,0.473004216316454,0.282315953677756,0.991555671194646,"C6orf62-202","C6orf62","OPC"
1.19179238576862,0.728139783014348,20.5690046859382,1.6367631786782,0.116889760286952,0.473004216316454,0.288693993603923,0.991555671194646,"C6orf62-203","C6orf62","OPC"
0.261364764134408,0.701899220545881,16.5690046859382,0.372367936142085,0.71433893098577,0.898703702885745,0.808575074881946,0.996363625621488,"C9orf72-203","C9orf72","OPC"
-0.261364764134408,0.701899220545882,16.5690046859382,-0.372367936142084,0.71433893098577,0.898703702885745,0.797638144031785,0.996363625621488,"C9orf72-204","C9orf72","OPC"
-0.570151668512483,0.448555635658708,23.5690046859382,-1.27108350266341,0.216101222859278,0.567701397954917,0.395513713914637,0.991555671194646,"CA10-201","CA10","OPC"
0.570151668512483,0.448555635658708,23.5690046859382,1.27108350266341,0.216101222859278,0.567701397954917,0.403424720736468,0.991555671194646,"CA10-203","CA10","OPC"
1.20836315256249,1.0271092291991,19.5690046859382,1.17646995880343,0.253520480357568,0.592678846054001,0.440869560128267,0.991555671194646,"CACFD1-201","CACFD1","OPC"
-1.20836315256248,1.0271092291991,19.5690046859382,-1.17646995880343,0.253520480357568,0.592678846054001,0.432532167702273,0.991555671194646,"CACFD1-202","CACFD1","OPC"
1.24410490537515,0.76448777121125,20.5690046859382,1.62737057703879,0.118880934042483,0.476137546941863,0.291325651266649,0.991555671194646,"CACNB4-272","CACNB4","OPC"
-0.218156009803168,0.709948054979095,20.5690046859382,-0.307284467184845,0.761716394011382,0.919848435029501,0.830841853179585,0.996363625621488,"CACNB4-235","CACNB4","OPC"
-1.56141794338413,0.668502055285375,20.5690046859382,-2.33569654878261,0.0297263823737939,0.313746924434723,0.136814889635068,0.991555671194646,"CACNB4-267","CACNB4","OPC"
0.115905108669791,0.813297014498973,15.5690046859382,0.142512644954431,0.888503074293722,0.960367092233764,0.929534926577268,0.996363625621488,"CALCRL-201","CALCRL","OPC"
-0.11590510866979,0.813297014498972,15.5690046859382,-0.142512644954431,0.888503074293722,0.960367092233764,0.918304030449227,0.996363625621488,"CALCRL-202","CALCRL","OPC"
0.702716631576091,0.611854525011267,22.5690046859382,1.14850279412929,0.262788719834042,0.599149084765977,0.449811783596598,0.991555671194646,"CALM2-209","CALM2","OPC"
-1.02912326237068,0.508376183513819,22.5690046859382,-2.02433413630344,0.0549287981572241,0.373745295033227,0.188661581916958,0.991555671194646,"CALM2-201","CALM2","OPC"
-0.0841428209950087,0.616669127672308,22.5690046859382,-0.136447273293242,0.892677542965785,0.96154963810239,0.92116007878145,0.996363625621488,"CALM2-205","CALM2","OPC"
-0.71673053069796,1.11209558461417,19.5690046859382,-0.644486445782109,0.526743368910555,0.786795769528906,0.661208430264302,0.991555671194646,"CALU-201","CALU","OPC"
0.71673053069796,1.11209558461417,19.5690046859382,0.644486445782108,0.526743368910555,0.786795769528906,0.671489189794755,0.991555671194646,"CALU-202","CALU","OPC"
0.417052723280552,0.815370244857593,16.5690046859382,0.511488769563074,0.615757640186301,0.838820914963671,0.737780717751784,0.996363625621488,"CAMSAP2-203","CAMSAP2","OPC"
-0.417052723280552,0.815370244857593,16.5690046859382,-0.511488769563073,0.615757640186301,0.838820914963671,0.727138869716879,0.996363625621488,"CAMSAP2-202","CAMSAP2","OPC"
-1.86054227874513,0.707903484323608,18.5690046859382,-2.62824286070982,0.0167631058294139,0.293615070696374,0.101765667627791,0.991555671194646,"CAMTA1-210","CAMTA1","OPC"
1.86054227874513,0.707903484323608,18.5690046859382,2.62824286070982,0.0167631058294139,0.293615070696374,0.104757748076538,0.991555671194646,"CAMTA1-215","CAMTA1","OPC"
0.433996800521676,0.525651250057619,21.5690046859382,0.82563639004778,0.418049387249956,0.722899152439342,0.586060159323639,0.991555671194646,"CANX-201","CANX","OPC"
-0.433996800521676,0.525651250057619,21.5690046859382,-0.82563639004778,0.418049387249956,0.722899152439342,0.576370236621906,0.991555671194646,"CANX-202","CANX","OPC"
-0.0554207952225608,0.614805711244373,24.5690046859382,-0.0901435920469714,0.928903977347664,0.974134311858355,0.945907067572211,0.996363625621488,"CAPN2-201","CAPN2","OPC"
0.0554207952225616,0.614805711244373,24.5690046859382,0.0901435920469726,0.928903977347663,0.974134311858355,0.95716847620356,0.996363625621488,"CAPN2-206","CAPN2","OPC"
-1.88780251813397,0.825009169409784,16.5690046859382,-2.28822004425056,0.0355644427912662,0.33049749245704,0.150201972955918,0.991555671194646,"CAPRIN1-202","CAPRIN1","OPC"
1.88780251813397,0.825009169409784,16.5690046859382,2.28822004425056,0.0355644427912662,0.33049749245704,0.154250261164625,0.991555671194646,"CAPRIN1-201","CAPRIN1","OPC"
-1.6047446420021,0.776632097767256,20.5690046859382,-2.06628678703287,0.0516245167303849,0.361649168277911,0.182593180842548,0.991555671194646,"CBR4-201","CBR4","OPC"
1.6047446420021,0.776632097767256,20.5690046859382,2.06628678703287,0.0516245167303848,0.361649168277911,0.187278557082911,0.991555671194646,"CBR4-202","CBR4","OPC"
-0.0133781259155411,0.713329371700618,20.5690046859382,-0.0187544862812069,0.985217696822133,0.993221399581616,0.984289906435948,0.998122894849346,"CCAR1-201","CCAR1","OPC"
0.0133781259155414,0.713329371700618,20.5690046859382,0.0187544862812072,0.985217696822132,0.993221399581616,0.995571234599345,0.999021423706543,"CCAR1-218","CCAR1","OPC"
-0.584331639543373,1.02433143305082,24.5690046859382,-0.570451731431327,0.573551960087369,0.809683861315105,0.696199408192237,0.991982095627542,"CCDC144BP-210","CCDC144BP","OPC"
0.578769910745911,0.473748521219027,24.5690046859382,1.22168172526776,0.233420988147653,0.582100569485918,0.421041309646853,0.991555671194646,"CCDC144BP-212","CCDC144BP","OPC"
-0.288634050992999,0.446240787746688,24.5690046859382,-0.646812346425052,0.523750736427156,0.786795769528906,0.658944062170735,0.991555671194646,"CCDC144BP-208","CCDC144BP","OPC"
1.10698053743815,0.864462162184691,17.5690046859382,1.28054249898059,0.217002565132323,0.568299288723534,0.404354673370928,0.991555671194646,"CCDC18-AS1-205","CCDC18-AS1","OPC"
-1.10698053743815,0.864462162184691,17.5690046859382,-1.28054249898059,0.217002565132323,0.568299288723534,0.396432663124348,0.991555671194646,"CCDC18-AS1-226","CCDC18-AS1","OPC"
0.45624765820386,0.446240852576199,24.5690046859382,1.02242467396226,0.316542328107537,0.640955172531656,0.49955539190796,0.991555671194646,"CCDC186-207","CCDC186","OPC"
-0.45624765820386,0.446240852576199,24.5690046859382,-1.02242467396226,0.316542328107537,0.640955172531656,0.490615769007664,0.991555671194646,"CCDC186-203","CCDC186","OPC"
0.907687294810717,0.568203686327177,23.5690046859382,1.597468155615,0.12348332904555,0.480096284106807,0.297338197423632,0.991555671194646,"CCDC50-202","CCDC50","OPC"
-0.907687294810717,0.568203686327177,23.5690046859382,-1.597468155615,0.12348332904555,0.480096284106807,0.290831725155278,0.991555671194646,"CCDC50-201","CCDC50","OPC"
1.38139901652486,0.460272535110736,22.5690046859382,3.00126318897675,0.00645671716184599,0.248585873189572,0.0645718242909888,0.991555671194646,"CCDC88A-255","CCDC88A","OPC"
0.835862916609512,0.699235675004372,22.5690046859382,1.19539512426091,0.244342746771262,0.590733387627976,0.431892633613246,0.991555671194646,"CCDC88A-244","CCDC88A","OPC"
-0.425260448925473,0.45281140664951,22.5690046859382,-0.939155778058033,0.35759411056314,0.679465123999208,0.52625990397987,0.991555671194646,"CCDC88A-247","CCDC88A","OPC"
-1.07915511664295,0.447865303170562,22.5690046859382,-2.40955284770512,0.0245448605751458,0.309004379994347,0.12387949826531,0.991555671194646,"CCDC88A-242","CCDC88A","OPC"
-1.62569843322304,0.959199134015389,20.5690046859382,-1.69484977161891,0.105191528299204,0.457644612266656,0.266694516284905,0.991555671194646,"transcript245809.chr2.nic","CCDC93","OPC"
1.62569843322304,0.95919913401539,20.5690046859382,1.69484977161891,0.105191528299205,0.457644612266656,0.272830876035525,0.991555671194646,"CCDC93-202","CCDC93","OPC"
-0.485041506610276,0.825461869469409,21.5690046859382,-0.587600135814936,0.562902498866612,0.802474787771549,0.688305529236805,0.991555671194646,"CCNL1-215","CCNL1","OPC"
0.485041506610276,0.825461869469409,21.5690046859382,0.587600135814936,0.562902498866612,0.802474787771549,0.698744836497607,0.991982095627542,"CCNL1-202","CCNL1","OPC"
-0.903470043412669,0.445374794467546,24.5690046859382,-2.0285612356954,0.0534743435313184,0.368661744028084,0.186011068354782,0.991555671194646,"CCNL2-217","CCNL2","OPC"
1.3317513798084,1.13502992850747,24.5690046859382,1.17331829439918,0.251917972677408,0.592678846054001,0.439311066230334,0.991555671194646,"CCNL2-201","CCNL2","OPC"
0.653208880170206,0.405226127100882,24.5690046859382,1.61196141236863,0.11974369586682,0.477143840105402,0.292460138686621,0.991555671194646,"CCNL2-203","CCNL2","OPC"
0.33106681805156,0.499576967159913,23.5690046859382,0.662694319022891,0.51395543076167,0.784722774393254,0.661728214576516,0.991555671194646,"CCP110-201","CCP110","OPC"
-0.33106681805156,0.499576967159913,23.5690046859382,-0.662694319022891,0.51395543076167,0.784722774393254,0.651507705892083,0.991555671194646,"CCP110-203","CCP110","OPC"
-0.383929020474493,0.487356641633646,24.5690046859382,-0.787778369424784,0.438361012449381,0.735588408527422,0.592678834251005,0.991555671194646,"CCPG1-203","CCPG1","OPC"
0.125232589809828,0.527699683200007,24.5690046859382,0.237317917362407,0.814377926068341,0.932284603141047,0.878510193177819,0.996363625621488,"CCPG1-201","CCPG1","OPC"
0.398816821746669,0.532027908728193,24.5690046859382,0.74961635508941,0.460603872846699,0.746913715360764,0.620219970535314,0.991555671194646,"CCPG1-208","CCPG1","OPC"
0.392042087776023,0.731746333564587,18.5690046859382,0.535762285088948,0.598482253716784,0.831175779008293,0.725117807741345,0.996363625621488,"CCSER1-201","CCSER1","OPC"
-0.392042087776023,0.731746333564588,18.5690046859382,-0.535762285088948,0.598482253716784,0.831175779008293,0.714538523444385,0.995538879570187,"CCSER1-209","CCSER1","OPC"
-0.19334095202048,0.402090838909076,22.5690046859382,-0.480838987889002,0.635259515920183,0.851380880335915,0.74126552238863,0.996363625621488,"CD46-226","CD46","OPC"
-0.517121551979087,0.476967081063011,22.5690046859382,-1.08418709070358,0.289728529984966,0.622964149456122,0.466463882731759,0.991555671194646,"CD46-212","CD46","OPC"
0.616374800871378,0.459359911353803,22.5690046859382,1.34181234721774,0.193002114915601,0.547845931703649,0.379047771985584,0.991555671194646,"CD46-219","CD46","OPC"
-0.854518108161251,0.702657602467215,20.5690046859382,-1.21612305219614,0.237710715614046,0.586623224327845,0.417161471172612,0.991555671194646,"transcript288464.chr1.nic","CDC73","OPC"
0.854518108161251,0.702657602467214,20.5690046859382,1.21612305219614,0.237710715614046,0.586623224327845,0.425325978978271,0.991555671194646,"CDC73-201","CDC73","OPC"
-0.214409871345439,0.506755706169012,20.5690046859382,-0.423103023281853,0.676610970184662,0.881183502399414,0.770910622705459,0.996363625621488,"transcript29650.chr7.nic","CDCA7L","OPC"
0.21440987134544,0.506755706169012,20.5690046859382,0.423103023281853,0.676610970184661,0.881183502399414,0.781746568973444,0.996363625621488,"CDCA7L-203","CDCA7L","OPC"
0.955590751810663,0.707390525201797,23.5690046859382,1.35086733249369,0.189565296948287,0.545398341528028,0.375324687464195,0.991555671194646,"CDH11-219","CDH11","OPC"
-0.955590751810663,0.707390525201798,23.5690046859382,-1.35086733249369,0.189565296948287,0.545398341528028,0.367756432336036,0.991555671194646,"CDH11-201","CDH11","OPC"
2.33133450628003,0.683802180142047,17.5690046859382,3.40936980603913,0.00321403183289218,0.199423022774215,0.0454989348237204,0.991555671194646,"transcript53833.chr7.nnic","CDK13","OPC"
-2.33133450628003,0.683802180142047,17.5690046859382,-3.40936980603913,0.00321403183289218,0.199423022774215,0.0439935144212214,0.991555671194646,"CDK13-202","CDK13","OPC"
-1.18199389759938,0.643138883911276,21.5690046859382,-1.83785171005528,0.0798990688496418,0.412834737731065,0.230140415940771,0.991555671194646,"CDKN1B-205","CDKN1B","OPC"
1.18199389759938,0.643138883911276,21.5690046859382,1.83785171005528,0.0798990688496418,0.412834737731065,0.235678801074537,0.991555671194646,"CDKN1B-201","CDKN1B","OPC"
0.679448336158274,0.527507269872342,22.5690046859382,1.28803596644782,0.210783626582626,0.560962694294926,0.397907287326617,0.991555671194646,"CDKN2AIP-203","CDKN2AIP","OPC"
-0.679448336158275,0.527507269872342,22.5690046859382,-1.28803596644782,0.210783626582625,0.560962694294926,0.390062006700487,0.991555671194646,"CDKN2AIP-201","CDKN2AIP","OPC"
-0.90897851622795,0.936322083233272,16.5690046859382,-0.970796836371839,0.345608978398978,0.668639196516507,0.516004700377718,0.991555671194646,"CELF1-201","CELF1","OPC"
0.90897851622795,0.936322083233272,16.5690046859382,0.970796836371839,0.345608978398977,0.668639196516507,0.525183197872325,0.991555671194646,"CELF1-222","CELF1","OPC"
-0.568584457918184,0.759719110261764,16.5690046859382,-0.748414052296613,0.464702383709982,0.749270439951339,0.613491047215579,0.991555671194646,"CELF2-209","CELF2","OPC"
0.568584457918183,0.759719110261764,16.5690046859382,0.748414052296612,0.464702383709983,0.749270439951339,0.623457408572648,0.991555671194646,"CELF2-204","CELF2","OPC"
0.39567646299475,0.545902647410767,17.5690046859382,0.724811401577653,0.478110687000654,0.758678395614708,0.633989313322374,0.991555671194646,"CENPC-201","CENPC","OPC"
-0.395676462994749,0.545902647410767,17.5690046859382,-0.724811401577652,0.478110687000655,0.758678395614708,0.623950142741972,0.991555671194646,"CENPC-205","CENPC","OPC"
-0.815788595348289,0.50224577294061,22.5690046859382,-1.62428165511859,0.118201281532856,0.476137546941863,0.284025483707492,0.991555671194646,"CEP126-201","CEP126","OPC"
-0.610443985699008,0.594374741749493,22.5690046859382,-1.02703554310235,0.31528607432291,0.64027360709232,0.489500721759358,0.991555671194646,"CEP126-204","CEP126","OPC"
1.94883513233524,0.687695673154178,22.5690046859382,2.83386272214966,0.00951390291345892,0.271562278761509,0.07853805509153,0.991555671194646,"CEP126-203","CEP126","OPC"
-1.16365068408207,0.985999035500653,24.5690046859382,-1.18017426202776,0.249231623004714,0.590733387627976,0.42839862090887,0.991555671194646,"CEP170-202","CEP170","OPC"
1.16365068408207,0.985999035500654,24.5690046859382,1.18017426202776,0.249231623004715,0.590733387627976,0.436690091907111,0.991555671194646,"transcript357863.chr1.nnic","CEP170","OPC"
0.843720039039319,0.745704835351426,14.5690046859382,1.13143967833024,0.276150913593284,0.612270349542155,0.462499837350574,0.991555671194646,"CEP192-202","CEP192","OPC"
-0.843720039039318,0.745704835351425,14.5690046859382,-1.13143967833024,0.276150913593284,0.612270349542155,0.453931322014051,0.991555671194646,"CEP192-210","CEP192","OPC"
-0.736340785600199,0.608767722872606,19.5690046859382,-1.20955950510256,0.240858256385333,0.590733387627976,0.420251333833911,0.991555671194646,"CEP68-220","CEP68","OPC"
-0.522684848908099,0.843051573762026,19.5690046859382,-0.619991546395762,0.542416222399464,0.794929338322286,0.673011542055107,0.991555671194646,"CEP68-218","CEP68","OPC"
1.10203867516103,0.728440468084575,19.5690046859382,1.51287404179895,0.146294716042047,0.497058709264113,0.32585028349469,0.991555671194646,"CEP68-217","CEP68","OPC"
1.17256852964397,0.739505457800212,19.5690046859382,1.58561173183492,0.128854834219445,0.481668999660832,0.304237486684998,0.991555671194646,"CEP97-201","CEP97","OPC"
-1.17256852964397,0.739505457800212,19.5690046859382,-1.58561173183492,0.128854834219445,0.481668999660832,0.297630121100569,0.991555671194646,"CEP97-213","CEP97","OPC"
0.900105407452992,0.519650706005406,23.5690046859382,1.73213544608102,0.0963188177303021,0.445838079938131,0.260289846813987,0.991555671194646,"CEROX1-201","CEROX1","OPC"
-0.900105407452991,0.519650706005406,23.5690046859382,-1.73213544608102,0.0963188177303023,0.445838079938131,0.254350209626062,0.991555671194646,"transcript3776.chr16.nnic","CEROX1","OPC"
-1.95973357758213,0.800495242452929,20.5690046859382,-2.44815143632457,0.0234316253127265,0.3026696453698,0.120940448572206,0.991555671194646,"CGGBP1-202","CGGBP1","OPC"
1.95973357758213,0.800495242452929,20.5690046859382,2.44815143632457,0.0234316253127265,0.3026696453698,0.124367288323223,0.991555671194646,"CGGBP1-201","CGGBP1","OPC"
2.66921036778594,1.21346423970402,15.5690046859382,2.19966133360221,0.0433097338475069,0.346212166891421,0.170876636047056,0.991555671194646,"CHD2-220","CHD2","OPC"
-2.66921036778594,1.21346423970402,15.5690046859382,-2.19966133360221,0.043309733847507,0.346212166891421,0.166501578016128,0.991555671194646,"CHD2-208","CHD2","OPC"
-0.383154866181677,0.438142491539166,22.5690046859382,-0.874498304959374,0.391058198062205,0.702825975275936,0.554308698968151,0.991555671194646,"CHD7-214","CHD7","OPC"
-0.145217806595435,0.51716013396277,22.5690046859382,-0.280798532328265,0.781423019081959,0.925631085330721,0.844552940410316,0.996363625621488,"CHD7-201","CHD7","OPC"
0.547542342173101,0.814501448103267,22.5690046859382,0.672242318841993,0.508253776105824,0.783461188982715,0.65735416242878,0.991555671194646,"CHD7-219","CHD7","OPC"
0.404807037720553,0.254536124075207,24.5690046859382,1.59037165821283,0.124537639315503,0.480096284106807,0.298702172704922,0.991555671194646,"CHD9-213","CHD9","OPC"
-1.01868294770359,0.429337227053556,24.5690046859382,-2.3726872106912,0.0258122172167384,0.310684912817003,0.127151363428844,0.991555671194646,"CHD9-216","CHD9","OPC"
0.154994305084173,0.397948468440165,24.5690046859382,0.389483356203639,0.70027424527177,0.895443907349476,0.79860776389124,0.996363625621488,"CHD9-217","CHD9","OPC"
-0.326148949147187,0.207590001511456,24.5690046859382,-1.57112070317697,0.128945284433345,0.481668999660832,0.297743581533081,0.991555671194646,"CHD9-203","CHD9","OPC"
-0.103731282202604,0.329804414282335,23.5690046859382,-0.314523631917804,0.755890774300255,0.916816075081703,0.826778136663206,0.996363625621488,"CHL1-216","CHL1","OPC"
0.355088695383129,0.268938321111006,23.5690046859382,1.32033506387721,0.199402464354109,0.554739104336141,0.385911957179098,0.991555671194646,"CHL1-201","CHL1","OPC"
-0.323839449467395,0.394964115608717,23.5690046859382,-0.819921194532558,0.420475973084653,0.723153794422439,0.57833127869266,0.991555671194646,"transcript146.chr3.nnic","CHL1","OPC"
1.35889538693138,0.530850696780838,24.5690046859382,2.55984478342391,0.0170227942356511,0.293784117735807,0.105583776731072,0.991555671194646,"CHORDC1-209","CHORDC1","OPC"
-1.35889538693138,0.530850696780838,24.5690046859382,-2.55984478342391,0.0170227942356511,0.293784117735807,0.102572905311556,0.991555671194646,"CHORDC1-201","CHORDC1","OPC"
0.132171773207863,0.549939098692112,20.5690046859382,0.240338927568889,0.812446667388412,0.932284603141047,0.877173389785673,0.996363625621488,"CHST11-205","CHST11","OPC"
-0.132171773207864,0.549939098692112,20.5690046859382,-0.240338927568889,0.812446667388412,0.932284603141047,0.86603756072405,0.996363625621488,"CHST11-201","CHST11","OPC"
-1.00201442337557,0.646268217540247,19.5690046859382,-1.55046217062836,0.137052856792185,0.486093367766689,0.307783963430134,0.991555671194646,"transcript91437.chr19.nic","CHST8","OPC"
1.00201442337557,0.646268217540247,19.5690046859382,1.55046217062836,0.137052856792185,0.486093367766689,0.314539363902204,0.991555671194646,"CHST8-203","CHST8","OPC"
1.90954250488422,0.734811924285006,19.5690046859382,2.59868197803439,0.0173673580581359,0.293891786360403,0.106670652617142,0.991555671194646,"CHTOP-203","CHTOP","OPC"
-1.90954250488422,0.734811924285006,19.5690046859382,-2.59868197803439,0.0173673580581359,0.293891786360403,0.103635122980677,0.991555671194646,"CHTOP-206","CHTOP","OPC"
0.56669558518095,0.368542856406778,24.5690046859382,1.53766536327993,0.136910757499632,0.486093367766689,0.314363022732498,0.991555671194646,"CIRBP-214","CIRBP","OPC"
-1.55891652082512,0.435466311676165,24.5690046859382,-3.5798785784936,0.00147228930276344,0.195702559375834,0.029759518443858,0.991555671194646,"transcript3047.chr19.nic","CIRBP","OPC"
0.651865521587294,0.453655289198547,24.5690046859382,1.43691815593932,0.163354837796813,0.522036301294559,0.345984145579372,0.991555671194646,"CIRBP-201","CIRBP","OPC"
-0.94527826874738,0.733177655945333,21.5690046859382,-1.28928952087141,0.210952970226027,0.560962694294926,0.390236430283303,0.991555671194646,"CIT-220","CIT","OPC"
1.58412010444967,0.798093432373502,21.5690046859382,1.98488051673167,0.0600213608909869,0.386991083653722,0.202671482985466,0.991555671194646,"CIT-227","CIT","OPC"
-0.626746461484999,0.667825500782806,21.5690046859382,-0.938488363727269,0.358384830998508,0.679520442753886,0.526932403532357,0.991555671194646,"CIT-205","CIT","OPC"
-0.247634571077001,0.914533542712232,14.5690046859382,-0.270776914690948,0.790361158813254,0.926604699135702,0.850754753274436,0.996363625621488,"CKAP5-210","CKAP5","OPC"
0.247634571077,0.914533542712232,14.5690046859382,0.270776914690948,0.790361158813255,0.926604699135702,0.861853508333875,0.996363625621488,"CKAP5-201","CKAP5","OPC"
0.993677395489574,0.882663899321555,13.5690046859382,1.125770971548,0.27978068302913,0.612561659335977,0.465906992337486,0.991555671194646,"CLASP1-217","CLASP1","OPC"
-0.993677395489574,0.882663899321555,13.5690046859382,-1.125770971548,0.279780683029129,0.612561659335977,0.45730305804632,0.991555671194646,"CLASP1-207","CLASP1","OPC"
0.443005647656519,0.687392285376059,20.5690046859382,0.644472824442828,0.526391582471862,0.786795769528906,0.671221564683423,0.991555671194646,"CLASP2-226","CLASP2","OPC"
1.10418333368066,0.993333587863555,20.5690046859382,1.11159367524813,0.279137505734092,0.612320125688499,0.465304451877159,0.991555671194646,"CLASP2-207","CLASP2","OPC"
-1.18483719241752,0.723034233554286,20.5690046859382,-1.6387013746128,0.116482393641683,0.472824171075117,0.281783331698968,0.991555671194646,"CLASP2-205","CLASP2","OPC"
0.864802486402931,0.721738629143465,19.5690046859382,1.19822114472278,0.24514194058008,0.590733387627976,0.432679350948223,0.991555671194646,"CLCN3-208","CLCN3","OPC"
-0.864802486402931,0.721738629143465,19.5690046859382,-1.19822114472278,0.24514194058008,0.590733387627976,0.42443233702343,0.991555671194646,"CLCN3-205","CLCN3","OPC"
-1.67854571983586,1.15949995154563,15.5690046859382,-1.44764621818081,0.167552923429767,0.526075805371052,0.343552308239631,0.991555671194646,"CLCN7-204","CLCN7","OPC"
1.67854571983586,1.15949995154563,15.5690046859382,1.44764621818081,0.167552923429767,0.526075805371052,0.350804780371647,0.991555671194646,"CLCN7-202","CLCN7","OPC"
-0.801260870089959,0.715240228982659,19.5690046859382,-1.12026818070574,0.276160650397846,0.612270349542155,0.453940388036905,0.991555671194646,"CLIC4-201","CLIC4","OPC"
0.80126087008996,0.715240228982659,19.5690046859382,1.12026818070574,0.276160650397845,0.612270349542155,0.462508998969785,0.991555671194646,"CLIC4-202","CLIC4","OPC"
-3.17235580090678,1.13925053232294,13.5690046859382,-2.78459891911425,0.014970528830053,0.286471318160594,0.0960251021211075,0.991555671194646,"CLINT1-206","CLINT1","OPC"
3.17235580090678,1.13925053232294,13.5690046859382,2.78459891911425,0.014970528830053,0.286471318160594,0.0988822355486948,0.991555671194646,"CLINT1-201","CLINT1","OPC"
-0.0853523587673091,0.812945163647976,23.5690046859382,-0.104991532742876,0.917270937672398,0.969400218829754,0.937966935967253,0.996363625621488,"CLIP1-218","CLIP1","OPC"
-0.384133843214268,0.804514576297252,23.5690046859382,-0.477472819674976,0.637423628629082,0.851380880335915,0.742827089223714,0.996363625621488,"CLIP1-210","CLIP1","OPC"
0.258941201719846,0.697392278520565,23.5690046859382,0.371299209491048,0.713731541491009,0.898703702885745,0.808145427636121,0.996363625621488,"CLIP1-219","CLIP1","OPC"
-1.32745386109679,0.872331969354551,14.5690046859382,-1.52173015289006,0.149482405954397,0.500065660997635,0.322715204765041,0.991555671194646,"CLIP2-201","CLIP2","OPC"
1.32745386109679,0.872331969354551,14.5690046859382,1.52173015289006,0.149482405954397,0.500065660997635,0.329682645775734,0.991555671194646,"CLIP2-202","CLIP2","OPC"
0.113136654582674,0.721830034610154,20.5690046859382,0.156735864619123,0.876981260562321,0.955843630110324,0.921635184068036,0.996363625621488,"CLIP4-235","CLIP4","OPC"
-0.0572480878748926,0.66301120032249,20.5690046859382,-0.086345581865053,0.93202672141303,0.976060171410367,0.94803760757851,0.996363625621488,"CLIP4-224","CLIP4","OPC"
-0.0972023279496897,0.857258889165646,20.5690046859382,-0.11338736661488,0.910822865012364,0.969330071788069,0.933563312126838,0.996363625621488,"transcript34177.chr2.nic","CLIP4","OPC"
0.926837676422928,0.707221012370201,22.5690046859382,1.31053469878772,0.203195770820786,0.55827266668668,0.389939133009964,0.991555671194646,"CLK4-201","CLK4","OPC"
-0.926837676422927,0.707221012370201,22.5690046859382,-1.31053469878772,0.203195770820786,0.55827266668668,0.382190119187551,0.991555671194646,"CLK4-208","CLK4","OPC"
0.281464435850878,0.576081178196369,24.5690046859382,0.48858467609045,0.62946849111024,0.849065676932342,0.74777011732407,0.996363625621488,"CLU-202","CLU","OPC"
-0.348203472208898,0.425951663174115,24.5690046859382,-0.817471798593644,0.421515968429656,0.723153794422439,0.579170669922266,0.991555671194646,"CLU-201","CLU","OPC"
0.275550671914954,0.495160098631676,24.5690046859382,0.556488038265624,0.58291096615113,0.817405275397239,0.713626410450409,0.995538879570187,"CLU-215","CLU","OPC"
-0.224390174747817,0.735701535593495,17.5690046859382,-0.305001639784264,0.763948597218511,0.920837208303163,0.832397642312024,0.996363625621488,"CMTR2-205","CMTR2","OPC"
0.224390174747818,0.735701535593495,17.5690046859382,0.305001639784266,0.76394859721851,0.920837208303163,0.843446279791944,0.996363625621488,"CMTR2-202","CMTR2","OPC"
0.101920304570393,0.414401102187571,24.5690046859382,0.245946026765781,0.807767069317193,0.931434063115312,0.873932373957576,0.996363625621488,"CMYA5-201","CMYA5","OPC"
-0.101920304570395,0.414401102187571,24.5690046859382,-0.245946026765784,0.80776706931719,0.931434063115312,0.862804037470785,0.996363625621488,"CMYA5-203","CMYA5","OPC"
-0.812206540532969,0.581881416535516,19.5690046859382,-1.39582828640377,0.178402903739122,0.537925972026285,0.355630515821547,0.991555671194646,"CNBP-201","CNBP","OPC"
0.812206540532969,0.581881416535516,19.5690046859382,1.39582828640377,0.178402903739122,0.537925972026285,0.363042582695979,0.991555671194646,"CNBP-207","CNBP","OPC"
1.89958786738978,0.640311153586197,22.5690046859382,2.9666637177109,0.00699910399174083,0.248585873189572,0.0672516541362918,0.991555671194646,"CNDP2-209","CNDP2","OPC"
-1.89958786738978,0.640311153586197,22.5690046859382,-2.9666637177109,0.00699910399174081,0.248585873189572,0.065164368563281,0.991555671194646,"CNDP2-201","CNDP2","OPC"
3.35396600195663,1.08858465519853,13.5690046859382,3.0810336944764,0.00838969975588898,0.263823911859848,0.0736963862591143,0.991555671194646,"CNKSR2-225","CNKSR2","OPC"
-3.35396600195663,1.08858465519853,13.5690046859382,-3.0810336944764,0.00838969975588897,0.263823911859848,0.0714457101416587,0.991555671194646,"CNKSR2-226","CNKSR2","OPC"
-0.371063681390394,1.38599925282639,9.56900468593816,-0.267722858171608,0.794594483215691,0.926908336284733,0.853688599955056,0.996363625621488,"CNOT6L-201","CNOT6L","OPC"
0.371063681390394,1.38599925282639,9.56900468593816,0.267722858171608,0.794594483215692,0.926908336284733,0.864794799234833,0.996363625621488,"CNOT6L-208","CNOT6L","OPC"
-0.479055872083516,0.447831750964914,24.5690046859382,-1.06972288376455,0.295141360001342,0.62940947967553,0.471401072861308,0.991555671194646,"transcript70618.chr17.nic","CNP","OPC"
1.08597882579637,0.508973469083577,24.5690046859382,2.13366489957071,0.0430452244627223,0.346212166891421,0.170332415498616,0.991555671194646,"CNP-201","CNP","OPC"
-0.238188465109006,0.385608444514097,24.5690046859382,-0.617695147753172,0.542459860683925,0.794929338322286,0.673044278273341,0.991555671194646,"CNP-202","CNP","OPC"
0.896355205380488,0.720510241595681,23.5690046859382,1.24405616136055,0.225709833242655,0.576666495519963,0.413262560663826,0.991555671194646,"transcript54335.chr12.nnic","CNTN1","OPC"
-0.896355205380486,0.720510241595681,23.5690046859382,-1.24405616136055,0.225709833242656,0.576666495519963,0.405236232382045,0.991555671194646,"CNTN1-201","CNTN1","OPC"
-0.341233757992715,1.08560491721235,23.5690046859382,-0.314325914135454,0.756039042728541,0.916816075081703,0.826881624628218,0.996363625621488,"COG1-202","COG1","OPC"
0.341233757992716,1.08560491721235,23.5690046859382,0.314325914135454,0.756039042728541,0.916816075081703,0.837914007259783,0.996363625621488,"COG1-201","COG1","OPC"
-2.09482646013869,0.704386587951487,22.5690046859382,-2.97397266780861,0.00688101018876774,0.248585873189572,0.0646044370165293,0.991555671194646,"COG4-201","COG4","OPC"
2.09482646013869,0.704386587951487,22.5690046859382,2.97397266780861,0.00688101018876775,0.248585873189572,0.0666769712884989,0.991555671194646,"COG4-222","COG4","OPC"
0.403261655137401,0.882112749719887,13.5690046859382,0.45715432099293,0.654793425096166,0.862249452147857,0.766089986625513,0.996363625621488,"COL11A1-212","COL11A1","OPC"
-0.403261655137402,0.882112749719887,13.5690046859382,-0.457154320992931,0.654793425096166,0.862249452147857,0.755319065900646,0.996363625621488,"COL11A1-203","COL11A1","OPC"
0.321452234114791,0.610663370078152,21.5690046859382,0.526398421561868,0.603982959320675,0.831175779008293,0.729159402582626,0.996363625621488,"transcript54670.chr1.nnic","COL16A1","OPC"
-0.321452234114791,0.610663370078152,21.5690046859382,-0.526398421561869,0.603982959320674,0.831175779008293,0.718559823968204,0.996363625621488,"COL16A1-203","COL16A1","OPC"
-1.76737090397664,0.641787453945757,22.5690046859382,-2.75382588598564,0.0114226459885665,0.285707325853169,0.0836113479604297,0.991555671194646,"COL20A1-203","COL20A1","OPC"
1.42201244372164,0.647798960442382,22.5690046859382,2.19514468308277,0.0387147370132573,0.334756847706186,0.161194891909042,0.991555671194646,"COL20A1-206","COL20A1","OPC"
0.871222446472443,0.827515359423639,22.5690046859382,1.05281725172962,0.303566801391399,0.636440132281566,0.487848275471506,0.991555671194646,"COL20A1-201","COL20A1","OPC"
0.087719182444841,0.294942786249011,23.5690046859382,0.297410842151543,0.768758497960861,0.923745068324259,0.846805855303254,0.996363625621488,"COL9A1-201","COL9A1","OPC"
-0.283078029444401,0.312062645564568,23.5690046859382,-0.907119238613998,0.373525363415968,0.689852759983216,0.539715891880253,0.991555671194646,"COL9A1-211","COL9A1","OPC"
-0.260937649719674,0.740012500721494,23.5690046859382,-0.35261248893129,0.727512787520756,0.905689356624197,0.806907958578268,0.996363625621488,"COL9A1-210","COL9A1","OPC"
0.176511099936714,0.42023730023345,23.5690046859382,0.420027208052827,0.678270027780159,0.882462152968095,0.782932662626447,0.996363625621488,"COL9A1-215","COL9A1","OPC"
2.18792218467391,0.869937748623367,18.5690046859382,2.51503304476232,0.0212947896101204,0.297108940820524,0.118408501204453,0.991555671194646,"COPB1-201","COPB1","OPC"
-2.18792218467391,0.869937748623367,18.5690046859382,-2.51503304476232,0.0212947896101204,0.297108940820524,0.115111343538125,0.991555671194646,"COPB1-202","COPB1","OPC"
1.44710570686543,0.779719517603209,20.5690046859382,1.85593110624408,0.0778488599784751,0.409020421580456,0.232456701642198,0.991555671194646,"COPS2-202","COPS2","OPC"
-1.44710570686543,0.779719517603209,20.5690046859382,-1.85593110624408,0.0778488599784751,0.409020421580456,0.226972395439784,0.991555671194646,"COPS2-201","COPS2","OPC"
-0.410742165205594,0.652059986986522,17.5690046859382,-0.62991469098392,0.536857419567976,0.791139883051028,0.668835772949515,0.991555671194646,"COQ9-209","COQ9","OPC"
0.410742165205593,0.652059986986522,17.5690046859382,0.629914690983919,0.536857419567976,0.791139883051028,0.679162607971946,0.991555671194646,"COQ9-201","COQ9","OPC"
0.500775287912486,0.750894809488327,19.5690046859382,0.666904713662521,0.51262047971887,0.784722774393254,0.660705339598207,0.991555671194646,"CPEB4-201","CPEB4","OPC"
-0.500775287912486,0.750894809488326,19.5690046859382,-0.666904713662522,0.51262047971887,0.784722774393254,0.650491251444861,0.991555671194646,"CPEB4-202","CPEB4","OPC"
0.172151652389929,0.821627637386806,20.5690046859382,0.209525148079803,0.836099613735384,0.940792570550264,0.893516988197654,0.996363625621488,"CPLANE1-218","CPLANE1","OPC"
-0.234118315243427,0.518185439279433,20.5690046859382,-0.451804117786448,0.656138198151362,0.863583911304267,0.756283196912828,0.996363625621488,"CPLANE1-219","CPLANE1","OPC"
-0.239778611818698,0.71454557629138,20.5690046859382,-0.335567974632482,0.740595260028452,0.913389137545738,0.816084226517451,0.996363625621488,"CPLANE1-207","CPLANE1","OPC"
0.32750356667436,0.862922204665636,20.5690046859382,0.379528496200026,0.70818552082406,0.898703702885745,0.804219072886352,0.996363625621488,"CPLANE1-215","CPLANE1","OPC"
0.137790819762241,0.520763287776127,20.5690046859382,0.264593958515518,0.79395551942594,0.926908336284733,0.864351001219879,0.996363625621488,"CPLANE1-213","CPLANE1","OPC"
0.142617167694122,0.404824836099814,23.5690046859382,0.35229352296695,0.727748853711078,0.905689356624197,0.818043231495784,0.996363625621488,"transcript290195.chr1.nnic","CRB1","OPC"
0.847087444815683,0.639123102046494,23.5690046859382,1.32539011984277,0.197746868815108,0.553409695806109,0.384144835574717,0.991555671194646,"CRB1-201","CRB1","OPC"
-1.84562680363549,0.631971647649484,23.5690046859382,-2.92042658954718,0.00757758293673695,0.249964318140968,0.0678439973208568,0.991555671194646,"CRB1-203","CRB1","OPC"
0.682412478165889,0.600314148083395,23.5690046859382,1.1367589458696,0.267065151591063,0.606247199517693,0.453897973641653,0.991555671194646,"CRB1-205","CRB1","OPC"
0.696913663355422,0.718579533239127,17.5690046859382,0.969849030091294,0.345285094974297,0.668639196516507,0.524901870580263,0.991555671194646,"CRBN-210","CRBN","OPC"
1.11004098445725,0.738310554487857,17.5690046859382,1.5034878991094,0.150476375232534,0.501459634086937,0.330870732845602,0.991555671194646,"transcript4138.chr3.nic","CRBN","OPC"
-1.49367304010512,0.824296911363377,17.5690046859382,-1.81205706283019,0.0871048873324626,0.425084899603741,0.241005547018161,0.991555671194646,"CRBN-201","CRBN","OPC"
-0.207906423132074,0.718568477119262,21.5690046859382,-0.289334182826347,0.775088520926154,0.923745068324259,0.840151421884924,0.996363625621488,"CREB5-202","CREB5","OPC"
0.207906423132075,0.718568477119262,21.5690046859382,0.289334182826348,0.775088520926154,0.923745068324259,0.851221973668265,0.996363625621488,"CREB5-201","CREB5","OPC"
0.596793599447154,0.392897587221095,20.5690046859382,1.5189546051127,0.143996102277731,0.492459110939326,0.323065387823638,0.991555671194646,"CREBRF-201","CREBRF","OPC"
-0.596793599447154,0.392897587221095,20.5690046859382,-1.51895460511271,0.143996102277731,0.492459110939326,0.316189799236108,0.991555671194646,"CREBRF-204","CREBRF","OPC"
1.31148352529129,0.596659121647468,23.5690046859382,2.19804487639454,0.0380193758405445,0.334756847706186,0.159684965916006,0.991555671194646,"CREBZF-203","CREBZF","OPC"
0.154845818231233,0.499655768177749,23.5690046859382,0.309904994784625,0.759356775310016,0.918029341228961,0.840235748403054,0.996363625621488,"CREBZF-202","CREBZF","OPC"
-0.767201506319006,0.570503861682577,23.5690046859382,-1.3447788136899,0.191495984464537,0.547191376660726,0.36982495653602,0.991555671194646,"CREBZF-204","CREBZF","OPC"
-1.2743373154837,0.666087363059395,24.5690046859382,-1.91316843128589,0.067449191380103,0.390882138383234,0.210308204167918,0.991555671194646,"CRELD1-256","CRELD1","OPC"
0.452374750741341,0.771258120535654,24.5690046859382,0.586541313078374,0.562862730463886,0.802474787771549,0.698715122716385,0.991982095627542,"CRELD1-206","CRELD1","OPC"
-0.158810137155189,0.572768111073553,24.5690046859382,-0.27726777047264,0.783894094765317,0.926035739991351,0.846268538427033,0.996363625621488,"CRELD1-207","CRELD1","OPC"
0.397529326595977,0.610850243279162,24.5690046859382,0.650780336047609,0.521228576461835,0.786520943983521,0.667288005519397,0.991555671194646,"CRELD1-208","CRELD1","OPC"
1.13583670855897,0.674727052060632,24.5690046859382,1.68340176237205,0.104963216420579,0.457644612266656,0.272513996085297,0.991555671194646,"CRELD1-231","CRELD1","OPC"
1.92265328414461,1.16828566021067,24.5690046859382,1.64570477035378,0.112559190373711,0.465061301206958,0.282904000082527,0.991555671194646,"CRELD1-240","CRELD1","OPC"
-2.38511274661955,0.605602775954954,24.5690046859382,-3.93841118521716,0.000594952168662614,0.119265027041136,0.0189674982226119,0.991555671194646,"CRELD1-234","CRELD1","OPC"
1.6296190658597,0.799019379807562,22.5690046859382,2.03952383013812,0.0532735281947151,0.368251497282301,0.190385482692808,0.991555671194646,"CRISPLD2-204","CRISPLD2","OPC"
0.96758402422108,0.656896114556766,22.5690046859382,1.47296353682035,0.154571407447549,0.507712064840319,0.335731872305893,0.991555671194646,"CRISPLD2-211","CRISPLD2","OPC"
-1.6679560897514,0.761816241417399,22.5690046859382,-2.18944674459563,0.0391768908594281,0.334756847706186,0.157985615833586,0.991555671194646,"CRISPLD2-201","CRISPLD2","OPC"
0.0637373849379913,0.59218259774178,17.5690046859382,0.107631303555772,0.91550776392389,0.969330071788069,0.948015790998931,0.996363625621488,"CRK-202","CRK","OPC"
-0.0637373849379908,0.59218259774178,17.5690046859382,-0.107631303555771,0.91550776392389,0.969330071788069,0.936762987751144,0.996363625621488,"CRK-201","CRK","OPC"
-0.0779082351448907,0.492117832634617,21.5690046859382,-0.158312156110659,0.87568369030554,0.955843630110324,0.909526560829646,0.996363625621488,"CRTAC1-203","CRTAC1","OPC"
0.0779082351448911,0.492117832634617,21.5690046859382,0.15831215611066,0.875683690305539,0.955843630110324,0.92074490833133,0.996363625621488,"CRTAC1-202","CRTAC1","OPC"
-0.384007259957955,0.735767090474821,19.5690046859382,-0.521914155891559,0.607587783547944,0.832478319624575,0.721190430729079,0.996363625621488,"CSDE1-202","CSDE1","OPC"
-0.445947493693736,0.87908663813876,19.5690046859382,-0.507285032380785,0.617624073084641,0.83941021105553,0.728495233298674,0.996363625621488,"CSDE1-242","CSDE1","OPC"
-0.0688849908027273,0.817372827089482,19.5690046859382,-0.0842760959500139,0.933693119435125,0.976215505944963,0.949174391982433,0.996363625621488,"CSDE1-203","CSDE1","OPC"
0.865193074721191,1.07009142595543,19.5690046859382,0.808522574553576,0.42851032764632,0.727016870993692,0.594554501152404,0.991555671194646,"CSDE1-224","CSDE1","OPC"
-0.332049383662299,0.539015742489321,22.5690046859382,-0.616029101726798,0.544038970377694,0.794929338322286,0.674228416600918,0.991555671194646,"CSGALNACT1-217","CSGALNACT1","OPC"
0.964685704737163,0.577573754366382,22.5690046859382,1.6702381253377,0.108684717814658,0.459873215521497,0.277643062213268,0.991555671194646,"CSGALNACT1-207","CSGALNACT1","OPC"
2.21613299981389,0.787238975249482,22.5690046859382,2.81507022579971,0.00993275662624825,0.271562278761509,0.0802710638215207,0.991555671194646,"CSGALNACT1-225","CSGALNACT1","OPC"
-1.82888404953999,0.575269293286353,22.5690046859382,-3.17917898779558,0.00424754798865827,0.227145796821837,0.050621969507755,0.991555671194646,"CSGALNACT1-220","CSGALNACT1","OPC"
0.493417515379487,0.481056766905552,19.5690046859382,1.02569498929086,0.31754802037299,0.64148306632118,0.500455563683848,0.991555671194646,"CSMD3-202","CSMD3","OPC"
-0.00258732364324218,0.475882915310934,19.5690046859382,-0.00543689121840331,0.995717053799938,0.998628570633969,0.99144154319375,0.99818923677535,"CSMD3-204","CSMD3","OPC"
-0.377622662276308,0.555479838109793,19.5690046859382,-0.679813444825101,0.504585802663937,0.78084952597519,0.644357962763443,0.991555671194646,"CSMD3-201","CSMD3","OPC"
0.125618373895048,0.608114892097734,22.5690046859382,0.206570132597343,0.83819784494195,0.942280912086585,0.894963926331939,0.996363625621488,"CSNK1A1-212","CSNK1A1","OPC"
0.260322554064163,0.412130201359639,22.5690046859382,0.631651243236592,0.5339611156229,0.790596552474877,0.676969311144339,0.991555671194646,"CSNK1A1-202","CSNK1A1","OPC"
-0.405234400941085,0.418726156067115,22.5690046859382,-0.967779048596458,0.343412081900084,0.666367747901428,0.514111983232103,0.991555671194646,"CSNK1A1-201","CSNK1A1","OPC"
0.291020973717296,0.780896202910246,20.5690046859382,0.372675616340197,0.713202437135723,0.898703702885745,0.807771099277785,0.996363625621488,"CSNK1D-203","CSNK1D","OPC"
-0.291020973717296,0.780896202910246,20.5690046859382,-0.372675616340198,0.713202437135723,0.898703702885745,0.79683700386507,0.996363625621488,"CSNK1D-202","CSNK1D","OPC"
0.525863500634638,0.85935389525526,19.5690046859382,0.611928919550004,0.547629389036017,0.79510510024416,0.68729185564966,0.991555671194646,"CTPS1-218","CTPS1","OPC"
-0.525863500634637,0.85935389525526,19.5690046859382,-0.611928919550002,0.547629389036018,0.79510510024416,0.676917440624665,0.991555671194646,"CTPS1-217","CTPS1","OPC"
-0.153250184493656,0.620472662773649,18.5690046859382,-0.246989422239158,0.807626507657587,0.931434063115312,0.862706874112316,0.996363625621488,"CTSF-224","CTSF","OPC"
0.153250184493655,0.620472662773648,18.5690046859382,0.246989422239157,0.807626507657588,0.931434063115312,0.87383498253965,0.996363625621488,"CTSF-201","CTSF","OPC"
-0.795221760452765,0.77555867764521,15.5690046859382,-1.02535344310408,0.320864784122647,0.645001369143307,0.494440655590541,0.991555671194646,"CTSO-201","CTSO","OPC"
0.795221760452765,0.77555867764521,15.5690046859382,1.02535344310408,0.320864784122647,0.645001369143307,0.503417191318263,0.991555671194646,"CTSO-209","CTSO","OPC"
-1.28311011795676,0.439491928735604,24.5690046859382,-2.91953056259351,0.0073983884853418,0.248585873189572,0.0670247537041311,0.991555671194646,"CTTNBP2-201","CTTNBP2","OPC"
1.28311011795676,0.439491928735604,24.5690046859382,2.91953056259351,0.00739838848534177,0.248585873189572,0.0691608277828984,0.991555671194646,"CTTNBP2-206","CTTNBP2","OPC"
-1.23581341018159,0.841886753221691,12.5690046859382,-1.46790931850685,0.166703967146009,0.525611730958445,0.34259428048579,0.991555671194646,"CUL4A-202","CUL4A","OPC"
1.23581341018159,0.841886753221691,12.5690046859382,1.46790931850685,0.166703967146009,0.525611730958445,0.349833919346064,0.991555671194646,"transcript110671.chr13.nnic","CUL4A","OPC"
0.223143551314209,0.647696405906765,20.5690046859382,0.344518742545455,0.733953747193719,0.909502361001821,0.822413183567257,0.996363625621488,"CWC22-201","CWC22","OPC"
-0.22314355131421,0.647696405906765,20.5690046859382,-0.344518742545456,0.733953747193718,0.909502361001821,0.811429288968008,0.996363625621488,"CWC22-202","CWC22","OPC"
1.76633613705225,1.16606591017581,13.5690046859382,1.51478241636095,0.152770450959437,0.504928412593197,0.333600583295957,0.991555671194646,"CWC27-212","CWC27","OPC"
-1.76633613705225,1.16606591017581,13.5690046859382,-1.51478241636095,0.152770450959437,0.504928412593197,0.326579339520459,0.991555671194646,"CWC27-207","CWC27","OPC"
1.63616097807717,0.616601141957573,22.5690046859382,2.65351597125286,0.0143284857456707,0.285707325853169,0.0966974274338158,0.991555671194646,"CYB5R3-201","CYB5R3","OPC"
-1.63616097807717,0.616601141957573,22.5690046859382,-2.65351597125286,0.0143284857456707,0.285707325853169,0.093891063302668,0.991555671194646,"CYB5R3-204","CYB5R3","OPC"
0.661271972029496,0.85404623803561,15.5690046859382,0.77428123042903,0.450363477636644,0.741506551730568,0.612092447090982,0.991555671194646,"CYBC1-203","CYBC1","OPC"
-0.661271972029496,0.85404623803561,15.5690046859382,-0.774281230429029,0.450363477636644,0.741506551730568,0.602207124719075,0.991555671194646,"CYBC1-241","CYBC1","OPC"
2.36523605795562,1.12007119230635,17.5690046859382,2.11168368064653,0.0493155528090213,0.357234058070059,0.182851996503554,0.991555671194646,"transcript89292.chr16.nic","CYLD","OPC"
-2.36523605795562,1.12007119230635,17.5690046859382,-2.11168368064653,0.0493155528090214,0.357234058070059,0.178249238210249,0.991555671194646,"CYLD-214","CYLD","OPC"
-1.31651826721607,0.723880711785854,20.5690046859382,-1.81869504986277,0.083549711813101,0.422806315767651,0.235695563999959,0.991555671194646,"CYP4V2-201","CYP4V2","OPC"
1.43402576097588,0.680221230438934,20.5690046859382,2.10817554172857,0.0474646252563946,0.353386667238787,0.179235507575967,0.991555671194646,"CYP4V2-203","CYP4V2","OPC"
-0.760997847449801,0.823286567629597,20.5690046859382,-0.924341386548869,0.366026273489376,0.686644532089553,0.533406132954321,0.991555671194646,"transcript219930.chr4.nnic","CYP4V2","OPC"
0.369747025465862,0.617451113819316,18.5690046859382,0.598828016000731,0.556523125773469,0.799062956344716,0.693971248728932,0.991982095627542,"CYTH1-214","CYTH1","OPC"
-0.369747025465862,0.617451113819315,18.5690046859382,-0.598828016000731,0.556523125773469,0.799062956344716,0.683558684818555,0.991555671194646,"CYTH1-205","CYTH1","OPC"
1.14260705043456,0.627686793669662,24.5690046859382,1.82034585076182,0.0809103527722638,0.413436037891215,0.237254784852308,0.991555671194646,"DARS1-201","DARS1","OPC"
-1.14260705043456,0.627686793669662,24.5690046859382,-1.82034585076182,0.0809103527722636,0.413436037891215,0.231690082100174,0.991555671194646,"transcript277155.chr2.nic","DARS1","OPC"
-0.116243981871003,0.598527763299363,22.5690046859382,-0.194216524276522,0.847743892670383,0.943767234536682,0.890355205902266,0.996363625621488,"DDIT4-201","DDIT4","OPC"
0.116243981871003,0.598527763299364,22.5690046859382,0.194216524276522,0.847743892670383,0.943767234536682,0.901541356509133,0.996363625621488,"DDIT4-202","DDIT4","OPC"
0.427338183090109,0.499854968792894,24.5690046859382,0.85492434760045,0.40085317705996,0.709662621887402,0.571947236084962,0.991555671194646,"DDX17-202","DDX17","OPC"
0.548445885143324,0.422937034317973,24.5690046859382,1.29675540480333,0.206762508872798,0.55827266668668,0.393698896662125,0.991555671194646,"DDX17-204","DDX17","OPC"
-0.481737916924097,0.381894462961996,24.5690046859382,-1.26144252835642,0.218995356560972,0.571273172370264,0.398459213433376,0.991555671194646,"DDX17-201","DDX17","OPC"
-0.301852588019153,0.831526049028159,24.5690046859382,-0.363010381180411,0.719701649053187,0.902409617049616,0.801415314737245,0.996363625621488,"DDX17-203","DDX17","OPC"
-0.0350913198115259,0.748743275490904,20.5690046859382,-0.0468669582221205,0.963071326400528,0.985777603054869,0.969202521786185,0.996363625621488,"DDX19A-209","DDX19A","OPC"
0.035091319811526,0.748743275490904,20.5690046859382,0.0468669582221207,0.963071326400528,0.985777603054869,0.980479138895797,0.998122894849346,"DDX19A-201","DDX19A","OPC"
-0.58235907654971,0.437080448228566,24.5690046859382,-1.33238418444463,0.194960952713807,0.548077931793075,0.373516940733957,0.991555671194646,"DDX24-208","DDX24","OPC"
0.58235907654971,0.437080448228566,24.5690046859382,1.33238418444463,0.194960952713806,0.548077931793075,0.381158001959633,0.991555671194646,"DDX24-206","DDX24","OPC"
-2.14315735606267,0.804417584474513,22.5690046859382,-2.66423484198532,0.0139875722863545,0.285707325853169,0.0927396125810509,0.991555671194646,"DDX27-205","DDX27","OPC"
2.14315735606267,0.804417584474513,22.5690046859382,2.66423484198532,0.0139875722863545,0.285707325853169,0.0955184441820621,0.991555671194646,"DDX27-203","DDX27","OPC"
-0.885459949837866,0.38057290793175,24.5690046859382,-2.3266499831792,0.0285367650264391,0.310684912817003,0.133943372223828,0.991555671194646,"DDX39B-219","DDX39B","OPC"
0.885459949837866,0.38057290793175,24.5690046859382,2.3266499831792,0.0285367650264391,0.310684912817003,0.137652218204605,0.991555671194646,"DDX39B-215","DDX39B","OPC"
-1.49695992900741,3.35612480428778,10.5690046859382,-0.446038218571281,0.664568878929884,0.869945158639734,0.762318082074031,0.996363625621488,"DDX3X-258","DDX3X","OPC"
1.49695992900742,3.3561248042878,10.5690046859382,0.44603821857128,0.664568878929885,0.869945158639734,0.773118752681232,0.996363625621488,"DDX3X-239","DDX3X","OPC"
0.495738591588357,0.786370273453514,24.5690046859382,0.630413697368308,0.534244255145149,0.790596552474877,0.677183869056771,0.991555671194646,"DDX5-230","DDX5","OPC"
0.0692331309682973,0.537627647419932,24.5690046859382,0.128775243052596,0.898583868870235,0.962675769277571,0.936439074348347,0.996363625621488,"DDX5-201","DDX5","OPC"
-0.397912409149725,0.428789319591941,24.5690046859382,-0.927990486163228,0.362440153533433,0.683443589079686,0.530373672002017,0.991555671194646,"DDX5-215","DDX5","OPC"
0.271156767933301,0.50819468787378,24.5690046859382,0.53356867831064,0.598434490767087,0.831175779008293,0.725082674335332,0.996363625621488,"DDX5-212","DDX5","OPC"
1.48466569989898,0.709869001575387,24.5690046859382,2.09146433581987,0.0469916519141992,0.353386667238787,0.178301190217047,0.991555671194646,"DDX5-241","DDX5","OPC"
0.537416043818899,0.937630212065827,24.5690046859382,0.573164171656587,0.571742785912391,0.808469842358132,0.705336508705743,0.991982095627542,"DDX5-240","DDX5","OPC"
-0.166243495216807,0.767150734092108,24.5690046859382,-0.216702517287623,0.830229512475514,0.9377465643361,0.878304022668069,0.996363625621488,"DDX5-239","DDX5","OPC"
0.635601694907655,0.865445425719645,13.5690046859382,0.734421462080214,0.475193007770901,0.756860867581084,0.631705138938251,0.991555671194646,"DENND4A-202","DENND4A","OPC"
-0.635601694907656,0.865445425719645,13.5690046859382,-0.734421462080215,0.475193007770901,0.756860867581084,0.621681573105358,0.991555671194646,"DENND4A-209","DENND4A","OPC"
0.364161301966927,0.502393156937066,22.5690046859382,0.724853228867814,0.475990653597072,0.756860867581084,0.63233000808595,0.991555671194646,"DHCR7-201","DHCR7","OPC"
-0.125947149266215,0.678298891988674,22.5690046859382,-0.185680900785428,0.854353709497096,0.94742373061678,0.894896199904137,0.996363625621488,"DHCR7-202","DHCR7","OPC"
-0.185482365430932,0.588263772796858,22.5690046859382,-0.315304756145477,0.755427244994124,0.916816075081703,0.826454582753995,0.996363625621488,"DHCR7-205","DHCR7","OPC"
0.797968466966839,0.712087125926102,21.5690046859382,1.12060510282228,0.274778685008379,0.612270349542155,0.461207476993198,0.991555671194646,"DIAPH1-205","DIAPH1","OPC"
-0.797968466966837,0.712087125926102,21.5690046859382,-1.12060510282227,0.274778685008379,0.612270349542155,0.452652466041441,0.991555671194646,"DIAPH1-201","DIAPH1","OPC"
0.708850114925231,1.18167009527775,19.5690046859382,0.599871417376112,0.55547514075228,0.798743161638961,0.693185676478503,0.991688576991863,"DIAPH2-202","DIAPH2","OPC"
-0.708850114925229,1.18167009527775,19.5690046859382,-0.599871417376112,0.55547514075228,0.798743161638961,0.682777555173328,0.991555671194646,"DIAPH2-201","DIAPH2","OPC"
-0.60732562628678,0.76160559597346,19.5690046859382,-0.79742799881941,0.434772315051132,0.732396026517938,0.589814592738363,0.991555671194646,"DICER1-226","DICER1","OPC"
-1.38847064054039,0.781581062196361,19.5690046859382,-1.77648961534275,0.0912027875258988,0.434556335010301,0.24701175130042,0.991555671194646,"DICER1-227","DICER1","OPC"
2.78696655934688,0.764045182427717,19.5690046859382,3.64764626941489,0.00164695586849912,0.195702559375834,0.0326054054838849,0.991555671194646,"DICER1-225","DICER1","OPC"
1.29844476110491,0.677466799299596,21.5690046859382,1.91661755594121,0.0686311164625527,0.391362559084053,0.217484225351273,0.991555671194646,"DIDO1-202","DIDO1","OPC"
-0.454802697320256,0.493283843729115,21.5690046859382,-0.921989850472397,0.366732692440432,0.686644532089553,0.534002325124593,0.991555671194646,"DIDO1-201","DIDO1","OPC"
0.782190844999697,0.770613390806167,21.5690046859382,1.0150236867561,0.321346031524198,0.645167764369846,0.503846008552749,0.991555671194646,"DIDO1-205","DIDO1","OPC"
0.925769475828689,0.725314469977702,21.5690046859382,1.27636978737947,0.215397494564119,0.566995829125348,0.402697606256578,0.991555671194646,"DIDO1-206","DIDO1","OPC"
-0.889966448815806,0.568183012082463,21.5690046859382,-1.56633765862511,0.131824278368257,0.481814964134192,0.301337957489956,0.991555671194646,"DIDO1-204","DIDO1","OPC"
-0.0606246216427535,1.03884664938198,14.5690046859382,-0.058357623503738,0.954256671374322,0.982145689416068,0.963195486087728,0.996363625621488,"DIP2A-209","DIP2A","OPC"
0.060624621642753,1.03884664938198,14.5690046859382,0.0583576235037375,0.954256671374323,0.982145689416068,0.974469103518939,0.998122894849346,"DIP2A-211","DIP2A","OPC"
-0.666546498762767,0.792004066906195,18.5690046859382,-0.84159479302486,0.410722754382794,0.720284991871845,0.570427492820067,0.991555671194646,"DIP2B-201","DIP2B","OPC"
0.666546498762767,0.792004066906195,18.5690046859382,0.841594793024861,0.410722754382794,0.720284991871845,0.580070510815939,0.991555671194646,"DIP2B-204","DIP2B","OPC"
0.0819049914582508,0.83115119775725,22.5690046859382,0.0985440334794204,0.922370324322326,0.970906742322893,0.952705595018276,0.996363625621488,"DISC1-209","DISC1","OPC"
-0.220440308890005,0.588209114465528,22.5690046859382,-0.374765204191551,0.711333614406925,0.898703702885745,0.795519117746867,0.996363625621488,"DISC1-211","DISC1","OPC"
1.11230845250457,0.423954707263637,22.5690046859382,2.62364925650626,0.0153200836500458,0.286471318160594,0.100053068127394,0.991555671194646,"DISC1-215","DISC1","OPC"
-1.1395055493226,0.541530105505701,22.5690046859382,-2.10423305692023,0.0467098361391899,0.353386667238787,0.17323609872691,0.991555671194646,"DISC1-207","DISC1","OPC"
-0.609353038718235,0.450538815572721,22.5690046859382,-1.35249842556547,0.189612777215807,0.545398341528028,0.367807401123169,0.991555671194646,"DISC1-219","DISC1","OPC"
1.32062525761203,1.05710946679898,17.5690046859382,1.24927956762227,0.227951321664611,0.576934456215567,0.415534085623358,0.991555671194646,"DKC1-212","DKC1","OPC"
-1.32062525761203,1.05710946679898,17.5690046859382,-1.24927956762227,0.227951321664612,0.576934456215567,0.407481467886199,0.991555671194646,"DKC1-201","DKC1","OPC"
-0.940661091329963,0.521559641413398,21.5690046859382,-1.80355421823058,0.0852887822798807,0.423920692811424,0.238304945981612,0.991555671194646,"DKK3-217","DKK3","OPC"
0.940661091329962,0.521559641413398,21.5690046859382,1.80355421823058,0.0852887822798809,0.423920692811424,0.243980997469115,0.991555671194646,"DKK3-201","DKK3","OPC"
0.125362523933685,0.837056093807795,18.5690046859382,0.149765977287623,0.882563970272084,0.957740554128349,0.925464085892116,0.996363625621488,"DLC1-203","DLC1","OPC"
-0.125362523933685,0.837056093807795,18.5690046859382,-0.149765977287623,0.882563970272085,0.957740554128349,0.914238830555874,0.996363625621488,"DLC1-210","DLC1","OPC"
-0.53540634824108,0.55562371465517,21.5690046859382,-0.963613204618819,0.345919943138574,0.668744341112109,0.516272279794682,0.991555671194646,"DLG2-246","DLG2","OPC"
0.687644742691646,0.568325553431087,21.5690046859382,1.20994866153775,0.239392792936245,0.5885692740391,0.426998003341636,0.991555671194646,"DLG2-205","DLG2","OPC"
-0.125943869236202,0.467717212420857,21.5690046859382,-0.26927353941996,0.790278347725802,0.926604699135702,0.850697340223201,0.996363625621488,"DLG2-222","DLG2","OPC"
1.50407739677627,0.618949411687804,21.5690046859382,2.43004899653241,0.0238939392366087,0.305233361032365,0.12562258581995,0.991555671194646,"DMD-252","DMD","OPC"
-1.50407739677627,0.618949411687804,21.5690046859382,-2.43004899653241,0.0238939392366087,0.305233361032365,0.122168685062601,0.991555671194646,"DMD-280","DMD","OPC"
0.460471737620376,0.7947020179143,19.5690046859382,0.579426913786989,0.568912242812117,0.807948394969143,0.703228851623421,0.991982095627542,"DMTF1-229","DMTF1","OPC"
0.468334258431338,0.841720237098105,19.5690046859382,0.556401328838138,0.584243720726204,0.817405275397239,0.714612962429538,0.995538879570187,"DMTF1-201","DMTF1","OPC"
-0.819341782992763,0.779581139009527,19.5690046859382,-1.05100257304038,0.306063792234115,0.637077714448301,0.48126686835232,0.991555671194646,"DMTF1-227","DMTF1","OPC"
1.20397280315114,0.774713685950894,20.5690046859382,1.55408743253757,0.135415895275044,0.486093367766689,0.312503303274408,0.991555671194646,"DMXL1-201","DMXL1","OPC"
-1.20397280315114,0.774713685950894,20.5690046859382,-1.55408743253757,0.135415895275044,0.486093367766689,0.305776914504709,0.991555671194646,"DMXL1-215","DMXL1","OPC"
1.89106507532518,0.617483399780127,23.5690046859382,3.06253589327025,0.00541713330062448,0.248585873189572,0.0591108778368223,0.991555671194646,"DNAJB6-204","DNAJB6","OPC"
-1.82726615768484,0.651491406534893,23.5690046859382,-2.80474330030473,0.00992076068285974,0.271562278761509,0.0778094298941882,0.991555671194646,"DNAJB6-201","DNAJB6","OPC"
-0.214179610465631,0.809006604493145,23.5690046859382,-0.264743957930749,0.793508238645004,0.926908336284733,0.852936002170213,0.996363625621488,"DNAJB6-216","DNAJB6","OPC"
0.538389105679614,0.93883387814146,23.5690046859382,0.573465783686272,0.571761289127411,0.808469842358132,0.7053502775126,0.991982095627542,"DNAJC7-224","DNAJC7","OPC"
-0.538389105679613,0.93883387814146,23.5690046859382,-0.57346578368627,0.571761289127412,0.808469842358132,0.694874677826048,0.991982095627542,"DNAJC7-233","DNAJC7","OPC"
0.324049716628307,0.473573934974717,23.5690046859382,0.684264256742945,0.500481834353456,0.77634265495542,0.651369261842795,0.991555671194646,"DNM3-206","DNM3","OPC"
-0.210721031315652,0.40396069710761,23.5690046859382,-0.521637458357783,0.606790544623994,0.832311706030077,0.720608966094524,0.996363625621488,"DNM3-204","DNM3","OPC"
-0.0681777244511312,0.438834750751837,23.5690046859382,-0.155360814826823,0.877859781397555,0.955843630110324,0.911017297073301,0.996363625621488,"DNM3-202","DNM3","OPC"
-0.245195234529125,0.539841893160124,21.5690046859382,-0.454198234030713,0.654223770805452,0.862249452147857,0.754910526913819,0.996363625621488,"DOCK1-201","DOCK1","OPC"
0.245195234529126,0.539841893160125,21.5690046859382,0.454198234030715,0.654223770805451,0.862249452147857,0.765679682865261,0.996363625621488,"DOCK1-206","DOCK1","OPC"
-0.574117521014711,0.428989237015898,24.5690046859382,-1.33830285582068,0.193052266972265,0.547845931703649,0.371486406642566,0.991555671194646,"DOCK10-213","DOCK10","OPC"
0.797336980201305,0.885874451985779,24.5690046859382,0.900056411395533,0.376828039607786,0.692046420872367,0.551893981751425,0.991555671194646,"DOCK10-201","DOCK10","OPC"
0.0711747250300202,0.470199219122608,24.5690046859382,0.15137142329337,0.880918789396049,0.956929706196792,0.924335979604739,0.996363625621488,"DOCK10-214","DOCK10","OPC"
-0.893817876022096,1.07469403365483,12.5690046859382,-0.831695206292706,0.421101369889294,0.723153794422439,0.578836120365518,0.991555671194646,"DOCK9-208","DOCK9","OPC"
0.893817876022096,1.07469403365483,12.5690046859382,0.831695206292707,0.421101369889293,0.723153794422439,0.588545289058413,0.991555671194646,"DOCK9-221","DOCK9","OPC"
0.27173019462453,0.559408480387624,22.5690046859382,0.485745576177615,0.631830135310578,0.849612658730324,0.749485563011747,0.996363625621488,"DPP7-202","DPP7","OPC"
-0.27173019462453,0.559408480387624,22.5690046859382,-0.485745576177615,0.631830135310578,0.849612658730324,0.738788545358755,0.996363625621488,"DPP7-201","DPP7","OPC"
1.05812092731337,0.613833950965663,20.5690046859382,1.72379016450421,0.099745246896541,0.448947962992111,0.26518941699334,0.991555671194646,"DPY19L3-209","DPY19L3","OPC"
-0.565550524642554,0.832638942405126,20.5690046859382,-0.679226608124919,0.504566452060366,0.78084952597519,0.644343158845575,0.991555671194646,"DPY19L3-202","DPY19L3","OPC"
0.174561050003497,0.798013743153331,20.5690046859382,0.21874441574618,0.829004994940029,0.9377465643361,0.888621178749156,0.996363625621488,"transcript90266.chr19.nic","DPY19L3","OPC"
0.00284495213223056,0.681762373057264,19.5690046859382,0.00417293802747251,0.996712734101229,0.998628570633969,0.996598067890852,0.999282248912489,"DRG2-201","DRG2","OPC"
-0.00284495213223087,0.681762373057264,19.5690046859382,-0.00417293802747298,0.996712734101229,0.998628570633969,0.992119749882099,0.99818923677535,"DRG2-203","DRG2","OPC"
-0.169849589370361,0.359100163839504,23.5690046859382,-0.472986666322642,0.640573769835306,0.853007278584981,0.745098055705143,0.996363625621488,"DST-222","DST","OPC"
0.351592544699932,0.405267120908132,23.5690046859382,0.867557535662096,0.394384138240982,0.705359036462185,0.566587538015046,0.991555671194646,"DST-209","DST","OPC"
0.4187245749318,0.648070942110458,23.5690046859382,0.646109164481612,0.524450487720609,0.786795769528906,0.669743962083708,0.991555671194646,"DST-240","DST","OPC"
-0.61051781857296,0.431667446042672,23.5690046859382,-1.41432443926431,0.170341758947664,0.529206140938552,0.346685874392918,0.991555671194646,"DST-231","DST","OPC"
-0.692087297856641,0.688321028921974,23.5690046859382,-1.00547167495459,0.324881648324537,0.647279491998276,0.497979125852936,0.991555671194646,"DST-202","DST","OPC"
0.046028892672385,0.427169084686455,23.5690046859382,0.107753333100335,0.915103401883039,0.969330071788069,0.947739377885232,0.996363625621488,"DST-203","DST","OPC"
-0.204428625894064,0.565648978042133,23.5690046859382,-0.361405454318414,0.721016042923563,0.902671782687345,0.802340314414126,0.996363625621488,"DST-241","DST","OPC"
-2.4203681286369,1.41938950953041,12.5690046859382,-1.70521770971637,0.112725999110683,0.465061301206958,0.276834611556421,0.991555671194646,"DTD1-202","DTD1","OPC"
2.4203681286369,1.41938950953041,12.5690046859382,1.70521770971637,0.112725999110683,0.465061301206958,0.283128756240296,0.991555671194646,"transcript25314.chr20.nnic","DTD1","OPC"
0.544780721530293,0.708597064432191,21.5690046859382,0.768815944738401,0.450339610335528,0.741506551730568,0.612073438633002,0.991555671194646,"DYNC1I2-201","DYNC1I2","OPC"
0.312816040009042,0.749941922908993,21.5690046859382,0.4171203535277,0.680712809498184,0.88383502907121,0.7846779465426,0.996363625621488,"DYNC1I2-203","DYNC1I2","OPC"
-1.1555462098853,0.549807202396082,21.5690046859382,-2.10172985157231,0.0474901504083584,0.353386667238787,0.174750212749716,0.991555671194646,"DYNC1I2-202","DYNC1I2","OPC"
-0.168459947509879,0.577508344272633,22.5690046859382,-0.291701322033803,0.773179380599963,0.923745068324259,0.838823806720642,0.996363625621488,"DYNC1LI2-201","DYNC1LI2","OPC"
0.16845994750988,0.577508344272632,22.5690046859382,0.291701322033803,0.773179380599962,0.923745068324259,0.849890683730128,0.996363625621488,"DYNC1LI2-211","DYNC1LI2","OPC"
-1.32614474121684,0.631314588734861,24.5690046859382,-2.10060842071526,0.0461100801865134,0.353386667238787,0.17206460418022,0.991555671194646,"transcript251381.chr7.nnic","DYNC2I1","OPC"
1.32614474121684,0.631314588734861,24.5690046859382,2.10060842071526,0.0461100801865134,0.353386667238787,0.176548277142284,0.991555671194646,"DYNC2I1-202","DYNC2I1","OPC"
1.13901136078824,0.630395131215313,24.5690046859382,1.80682131632646,0.0830536411438934,0.421906021093541,0.24056667544754,0.991555671194646,"DZIP3-201","DZIP3","OPC"
-1.13901136078824,0.630395131215313,24.5690046859382,-1.80682131632646,0.0830536411438935,0.421906021093541,0.234946949995279,0.991555671194646,"DZIP3-205","DZIP3","OPC"
1.09293768089285,0.735215392110864,19.5690046859382,1.4865544065324,0.153067323848283,0.504928412593197,0.333952615264118,0.991555671194646,"E2F4-201","E2F4","OPC"
-1.09293768089285,0.735215392110864,19.5690046859382,-1.4865544065324,0.153067323848283,0.504928412593197,0.326926558251582,0.991555671194646,"E2F4-208","E2F4","OPC"
-0.169797570389117,0.83647714662623,18.5690046859382,-0.202991284428944,0.84134958088349,0.943435931908262,0.885958688830685,0.996363625621488,"ECPAS-205","ECPAS","OPC"
0.169797570389117,0.83647714662623,18.5690046859382,0.202991284428944,0.84134958088349,0.943435931908262,0.89713652800809,0.996363625621488,"ECPAS-202","ECPAS","OPC"
0.89283170403375,0.402677138268087,24.5690046859382,2.21723961751049,0.0360963322624685,0.332392374120116,0.155442000596063,0.991555671194646,"EEF1A1-222","EEF1A1","OPC"
-0.89283170403375,0.402677138268087,24.5690046859382,-2.21723961751049,0.0360963322624685,0.332392374120116,0.151369861770073,0.991555671194646,"EEF1A1-201","EEF1A1","OPC"
0.727068224445781,0.821484901534669,17.5690046859382,0.885065840026393,0.388074079729862,0.698908812561176,0.561331729834948,0.991555671194646,"EFCAB14-210","EFCAB14","OPC"
-0.727068224445781,0.821484901534669,17.5690046859382,-0.885065840026393,0.388074079729862,0.698908812561176,0.551840218197297,0.991555671194646,"EFCAB14-203","EFCAB14","OPC"
1.27194213413919,0.616538600895125,24.5690046859382,2.06303730584348,0.0498291436311165,0.357234058070059,0.18384456500907,0.991555671194646,"EHD4-202","EHD4","OPC"
-1.27194213413919,0.616538600895125,24.5690046859382,-2.06303730584348,0.0498291436311165,0.357234058070059,0.179223209830663,0.991555671194646,"EHD4-201","EHD4","OPC"
0.452020731281637,0.527195086790799,23.5690046859382,0.85740694973701,0.399854853792233,0.708376443903847,0.571121961971173,0.991555671194646,"EIF1-203","EIF1","OPC"
-0.452020731281638,0.527195086790799,23.5690046859382,-0.857406949737011,0.399854853792232,0.708376443903847,0.561550390332231,0.991555671194646,"EIF1-202","EIF1","OPC"
0.021131089794776,0.584922463692746,21.5690046859382,0.0361263092228852,0.971513910178395,0.988408457829846,0.986233635869757,0.998122894849346,"EIF2AK2-213","EIF2AK2","OPC"
-0.0211310897947765,0.584922463692746,21.5690046859382,-0.036126309222886,0.971513910178395,0.988408457829846,0.974954746427612,0.998122894849346,"EIF2AK2-201","EIF2AK2","OPC"
0.487530061162463,0.630675305543949,20.5690046859382,0.773028620078876,0.448298356002386,0.741506551730568,0.6104465890904,0.991555671194646,"EIF2B1-201","EIF2B1","OPC"
-0.487530061162463,0.630675305543949,20.5690046859382,-0.773028620078876,0.448298356002386,0.741506551730568,0.600573216413106,0.991555671194646,"EIF2B1-204","EIF2B1","OPC"
0.167360351653807,0.454206143192404,22.5690046859382,0.368467829337377,0.715958156480692,0.899596329014144,0.80972011847941,0.996363625621488,"EIF4A2-201","EIF4A2","OPC"
-0.348995795019032,0.430968037358403,22.5690046859382,-0.809795077050687,0.426514072414763,0.726923098776275,0.583195764211115,0.991555671194646,"EIF4A2-205","EIF4A2","OPC"
0.594908740970566,0.590935052296117,22.5690046859382,1.00672440847604,0.324739519087041,0.647279491998276,0.50686338249729,0.991555671194646,"EIF4A2-219","EIF4A2","OPC"
-1.33727689839283,0.654569211398908,16.5690046859382,-2.04298777746493,0.0572953728894139,0.384824076674777,0.192908485884846,0.991555671194646,"EIF4E2-207","EIF4E2","OPC"
1.33727689839283,0.654569211398908,16.5690046859382,2.04298777746493,0.0572953728894142,0.384824076674777,0.197786757632202,0.991555671194646,"EIF4E2-206","EIF4E2","OPC"
1.62570591119131,0.934626947584486,21.5690046859382,1.73941690360298,0.0962147104071013,0.445838079938131,0.260139815023154,0.991555671194646,"EIF4G2-225","EIF4G2","OPC"
-1.62570591119132,0.934626947584487,21.5690046859382,-1.73941690360298,0.0962147104071017,0.445838079938131,0.254202562238441,0.991555671194646,"EIF4G2-201","EIF4G2","OPC"
-1.03652084011778,0.654094962465428,22.5690046859382,-1.58466415367412,0.126956033212913,0.481668999660832,0.295240604205332,0.991555671194646,"EIF5B-205","EIF5B","OPC"
1.03652084011778,0.654094962465428,22.5690046859382,1.58466415367412,0.126956033212913,0.481668999660832,0.301812671652527,0.991555671194646,"EIF5B-201","EIF5B","OPC"
-0.260393279875936,0.261746551443448,22.5690046859382,-0.994829839934665,0.330366218603136,0.650252542054209,0.502786196387846,0.991555671194646,"ELOVL5-201","ELOVL5","OPC"
0.260393279875936,0.261746551443448,22.5690046859382,0.994829839934665,0.330366218603136,0.650252542054209,0.511842126736946,0.991555671194646,"ELOVL5-207","ELOVL5","OPC"
1.44598483994085,0.709235840285604,15.5690046859382,2.03879268052579,0.0588251400056287,0.386991083653722,0.200540446560857,0.991555671194646,"ELP4-218","ELP4","OPC"
-1.44598483994085,0.709235840285604,15.5690046859382,-2.03879268052579,0.0588251400056288,0.386991083653722,0.195612361511291,0.991555671194646,"ELP4-229","ELP4","OPC"
0.994803674085787,0.804341753622439,24.5690046859382,1.23679228338649,0.22785650997149,0.576934456215567,0.415438178101907,0.991555671194646,"ENO1-203","ENO1","OPC"
-0.994803674085789,0.80434175362244,24.5690046859382,-1.23679228338649,0.22785650997149,0.576934456215567,0.407386667800167,0.991555671194646,"ENO1-201","ENO1","OPC"
0.191667419212205,0.536294328751038,20.5690046859382,0.357392217177785,0.724439069403821,0.903903918493626,0.815709416166007,0.996363625621488,"ENO2-211","ENO2","OPC"
-0.191667419212206,0.536294328751038,20.5690046859382,-0.357392217177786,0.724439069403821,0.903903918493626,0.804747838787927,0.996363625621488,"ENO2-201","ENO2","OPC"
0.623559656355619,0.726001446189731,22.5690046859382,0.858895887368053,0.399428765249584,0.708376443903847,0.570769527247343,0.991555671194646,"ENST00000590154","ENSG00000240240","OPC"
-0.623559656355616,0.726001446189731,22.5690046859382,-0.858895887368049,0.399428765249586,0.708376443903847,0.561200803239184,0.991555671194646,"ENST00000659103","ENSG00000240240","OPC"
0.798003632188309,0.736726227380958,20.5690046859382,1.08317527261815,0.29126528381627,0.625236680086655,0.476582112879404,0.991555671194646,"transcript98125.chr10.nnic","ENSG00000290453","OPC"
-0.79800363218831,0.736726227380959,20.5690046859382,-1.08317527261815,0.29126528381627,0.625236680086655,0.467868920702081,0.991555671194646,"transcript98291.chr10.nnic","ENSG00000290453","OPC"
0.164845968943896,0.437470946485976,23.5690046859382,0.37681580975385,0.70968179954292,0.898703702885745,0.805278963594221,0.996363625621488,"ENST00000431681","ENSG00000291060","OPC"
-0.164845968943897,0.437470946485976,23.5690046859382,-0.376815809753851,0.709681799542919,0.898703702885745,0.794353732094593,0.996363625621488,"ENST00000381231","ENSG00000291060","OPC"
0.568840753650019,0.461401707023001,23.5690046859382,1.23285359588334,0.229786431842092,0.577772513616122,0.417387394997293,0.991555671194646,"ENST00000522841","ENSG00000291073","OPC"
-0.599194774215982,0.447292576879888,23.5690046859382,-1.33960366254163,0.193149118431276,0.547845931703649,0.371589629416088,0.991555671194646,"transcript53453.chr16.nnic","ENSG00000291073","OPC"
0.324496045574702,0.505711469939371,23.5690046859382,0.641662419904387,0.527284136985708,0.786795769528906,0.671900487900947,0.991555671194646,"ENST00000435197","ENSG00000291073","OPC"
-1.17932366896596,0.690340660515378,22.5690046859382,-1.70832132078897,0.101296363582112,0.452017677217438,0.261332033707858,0.991555671194646,"ENTPD6-201","ENTPD6","OPC"
1.17932366896596,0.690340660515378,22.5690046859382,1.70832132078897,0.101296363582112,0.452017677217438,0.26738356964865,0.991555671194646,"ENTPD6-217","ENTPD6","OPC"
-0.29108202556378,0.20148917512756,24.5690046859382,-1.4446534181278,0.16118887348066,0.51987401521114,0.336322319355647,0.991555671194646,"EPN2-201","EPN2","OPC"
-0.108892265600699,0.528665323823548,24.5690046859382,-0.205975804906478,0.838507074109283,0.942280912086585,0.884003101967453,0.996363625621488,"EPN2-203","EPN2","OPC"
0.737776872696477,0.967427505825636,24.5690046859382,0.762617217573148,0.452951877752441,0.741918663370748,0.614152077033271,0.991555671194646,"EPN2-206","EPN2","OPC"
0.207187419970692,0.267944018844774,24.5690046859382,0.773248907977007,0.4467513371745,0.741364152275642,0.609212118043302,0.991555671194646,"EPN2-202","EPN2","OPC"
0.0662174048152888,0.58514177060231,24.5690046859382,0.113164720315777,0.910819575531133,0.969330071788069,0.944810503413021,0.996363625621488,"ERBB3-201","ERBB3","OPC"
0.736095763827021,0.850881053233128,24.5690046859382,0.865098313130898,0.395353525094739,0.705752125121732,0.567392509873288,0.991555671194646,"ERBB3-213","ERBB3","OPC"
-0.93677900968117,0.560500358168434,24.5690046859382,-1.67132633553048,0.107348021715174,0.458111787634755,0.269627213755436,0.991555671194646,"ERBB3-232","ERBB3","OPC"
0.252526879043332,0.67161250823007,24.5690046859382,0.376000857561196,0.710143469835882,0.898703702885745,0.805605900269288,0.996363625621488,"ERBB3-212","ERBB3","OPC"
1.35232214555836,0.798112727296151,24.5690046859382,1.69439992535861,0.102830167192064,0.454145607061297,0.269539094988578,0.991555671194646,"ERBB3-224","ERBB3","OPC"
-0.825665256885088,0.51275683003184,21.5690046859382,-1.61024721374032,0.121882923363059,0.47907784168719,0.288782548496243,0.991555671194646,"ERC1-204","ERC1","OPC"
0.0310270538922512,0.532704725056203,21.5690046859382,0.0582443752286554,0.954090220241802,0.982145689416068,0.974355591784043,0.998122894849346,"ERC1-213","ERC1","OPC"
1.64809462351456,0.670824101619823,21.5690046859382,2.45682082610769,0.0225540306051868,0.298354333792471,0.121952137472934,0.991555671194646,"ERC1-203","ERC1","OPC"
-1.34396355347475,0.61167998910181,21.5690046859382,-2.19716776324206,0.0390583598892204,0.334756847706186,0.157735526651257,0.991555671194646,"ERC1-230","ERC1","OPC"
-0.455591850584432,0.713307240395315,16.5690046859382,-0.638703527433624,0.531746259572798,0.78907746107194,0.664986130761953,0.991555671194646,"ERCC3-218","ERCC3","OPC"
0.455591850584432,0.713307240395315,16.5690046859382,0.638703527433624,0.531746259572798,0.78907746107194,0.675289853130558,0.991555671194646,"ERCC3-201","ERCC3","OPC"
-2.41775032610835,1.6668358435412,17.5690046859382,-1.45050296073057,0.164537907633325,0.523830621696574,0.340141038181682,0.991555671194646,"ERCC5-216","ERCC5","OPC"
1.79175946922806,1.49463562708854,17.5690046859382,1.19879349639102,0.246528465861665,0.590733387627976,0.434041929202485,0.991555671194646,"ERCC5-215","ERCC5","OPC"
-0.578124753989541,1.41397149005682,17.5690046859382,-0.408865919896525,0.687578873946487,0.886806965029639,0.778709762362094,0.996363625621488,"ERCC5-212","ERCC5","OPC"
2.22441246408611,0.630824436300974,24.5690046859382,3.52619894867994,0.00168386506876084,0.195702559375834,0.0329664839795767,0.991555671194646,"ERCC6L2-201","ERCC6L2","OPC"
-0.770980533053754,0.461382212273236,24.5690046859382,-1.67102353004708,0.107408404545217,0.458111787634755,0.269708970643062,0.991555671194646,"ERCC6L2-210","ERCC6L2","OPC"
-1.04004342184389,0.625480622368978,24.5690046859382,-1.66279079582797,0.109061079548859,0.459891866188233,0.271939176322751,0.991555671194646,"ERCC6L2-216","ERCC6L2","OPC"
-1.13980827679351,0.87850326548489,24.5690046859382,-1.29744341492503,0.206529508382725,0.55827266668668,0.385662390959958,0.991555671194646,"ERCC6L2-220","ERCC6L2","OPC"
0.0586479516445597,0.731926865252953,24.5690046859382,0.0801281581928148,0.936784450894222,0.976215505944963,0.962548763286334,0.996363625621488,"ERCC6L2-225","ERCC6L2","OPC"
0.78680393602213,0.673662299574544,24.5690046859382,1.16795007902185,0.254036303183769,0.592678846054001,0.441370426369338,0.991555671194646,"ERCC6L2-214","ERCC6L2","OPC"
-0.414137598130904,0.343554911533811,24.5690046859382,-1.2054480498677,0.239512391063341,0.5885692740391,0.418931996317683,0.991555671194646,"ERCC6L2-204","ERCC6L2","OPC"
-0.92522616255052,0.480131206216439,24.5690046859382,-1.9270277594359,0.0656168744253939,0.390882138383234,0.207258518647632,0.991555671194646,"ERCC6L2-211","ERCC6L2","OPC"
-0.381937465982943,0.49073299686432,24.5690046859382,-0.778299948084687,0.443823560918149,0.739982161522376,0.597024993493885,0.991555671194646,"ERCC6L2-215","ERCC6L2","OPC"
-0.361382264159481,0.679527378376734,21.5690046859382,-0.531814133851025,0.600290098061464,0.831175779008293,0.715861117687999,0.995538879570187,"transcript232532.chr5.nnic","ERGIC1","OPC"
0.36138226415948,0.679527378376734,21.5690046859382,0.531814133851025,0.600290098061465,0.831175779008293,0.726447110685192,0.996363625621488,"ERGIC1-202","ERGIC1","OPC"
0.177256600291668,0.974304763586567,21.5690046859382,0.181931369851009,0.85733556043418,0.947549614909744,0.908141528893267,0.996363625621488,"ERVK13-1-223","ERVK13-1","OPC"
-0.177256600291668,0.974304763586566,21.5690046859382,-0.181931369851009,0.85733556043418,0.947549614909744,0.896943571792811,0.996363625621488,"ERVK13-1-208","ERVK13-1","OPC"
-1.38069837550261,0.649522582090042,19.5690046859382,-2.12571265968887,0.0464612704674399,0.353386667238787,0.172751403737942,0.991555671194646,"ETNK1-201","ETNK1","OPC"
1.38069837550261,0.649522582090041,19.5690046859382,2.12571265968887,0.0464612704674397,0.353386667238787,0.177248386847544,0.991555671194646,"ETNK1-207","ETNK1","OPC"
-1.58665788410226,1.11574071376131,13.5690046859382,-1.4220668516733,0.177585043010834,0.537925972026285,0.35473044220656,0.991555671194646,"EXD2-203","EXD2","OPC"
1.58665788410226,1.11574071376131,13.5690046859382,1.4220668516733,0.177585043010834,0.537925972026285,0.362130755475964,0.991555671194646,"EXD2-214","EXD2","OPC"
1.13887632278104,0.57859580512903,23.5690046859382,1.96834528125737,0.060899274864674,0.386991083653722,0.204223416502392,0.991555671194646,"EXOC4-205","EXOC4","OPC"
-1.13887632278104,0.57859580512903,23.5690046859382,-1.96834528125737,0.0608992748646739,0.386991083653722,0.19922917524079,0.991555671194646,"EXOC4-201","EXOC4","OPC"
1.29858256375245,0.555561080887555,24.5690046859382,2.33742536766228,0.0278764597038449,0.310684912817003,0.136000042602524,0.991555671194646,"EXOC7-216","EXOC7","OPC"
-1.29858256375245,0.555561080887558,24.5690046859382,-2.33742536766227,0.0278764597038453,0.310684912817003,0.132325751732573,0.991555671194646,"EXOC7-204","EXOC7","OPC"
-0.757883593593602,0.484412831839369,23.5690046859382,-1.56454070532326,0.131019549464708,0.481668999660832,0.30033656274055,0.991555671194646,"EZH1-208","EZH1","OPC"
0.757883593593602,0.484412831839369,23.5690046859382,1.56454070532326,0.131019549464708,0.481668999660832,0.306983694833945,0.991555671194646,"EZH1-202","EZH1","OPC"
-0.118840677214519,0.499278308326846,23.5690046859382,-0.238024915628263,0.813918929825045,0.932284603141047,0.86705437258528,0.996363625621488,"FADS2-202","FADS2","OPC"
0.11884067721452,0.499278308326846,23.5690046859382,0.238024915628263,0.813918929825045,0.932284603141047,0.878192518817379,0.996363625621488,"transcript67394.chr11.nic","FADS2","OPC"
1.53789076113863,0.713708802146234,19.5690046859382,2.15478743783732,0.0438277258393786,0.347158217438968,0.171938029037299,0.991555671194646,"FAM107A-201","FAM107A","OPC"
-1.53789076113863,0.713708802146233,19.5690046859382,-2.15478743783732,0.0438277258393786,0.347158217438968,0.167542537206869,0.991555671194646,"FAM107A-204","FAM107A","OPC"
4.68234164269574,1.79265863695535,13.5690046859382,2.61195385790138,0.0209129555505568,0.297108940820524,0.117314701045929,0.991555671194646,"FAM13A-202","FAM13A","OPC"
-4.68234164269574,1.79265863695535,13.5690046859382,-2.61195385790137,0.0209129555505568,0.297108940820524,0.114041571842226,0.991555671194646,"FAM13A-201","FAM13A","OPC"
-0.453667209926041,0.727952336324307,17.5690046859382,-0.623210047263217,0.541153088123988,0.794929338322286,0.672063673120791,0.991555671194646,"FAM13B-201","FAM13B","OPC"
0.649621988591848,0.619246917086433,17.5690046859382,1.04905163137239,0.308371795816154,0.637077714448301,0.49220402218246,0.991555671194646,"FAM13B-202","FAM13B","OPC"
-0.155590824090603,0.780517005865506,17.5690046859382,-0.199343285183223,0.844283127258375,0.943767234536682,0.887976145659022,0.996363625621488,"FAM13B-212","FAM13B","OPC"
0.303674347297992,0.882268007031005,22.5690046859382,0.344197392263959,0.733884272697644,0.909502361001821,0.822364291999612,0.996363625621488,"FAM156A-221","FAM156A","OPC"
-0.303674347297993,0.882268007031006,22.5690046859382,-0.34419739226396,0.733884272697642,0.909502361001821,0.811380557214354,0.996363625621488,"FAM156A-201","FAM156A","OPC"
0.0221309169201837,0.727325855239207,24.5690046859382,0.0304277879863148,0.975971713958205,0.990299793344194,0.989271480993415,0.99818923677535,"FAM156B-201","FAM156B","OPC"
-0.0221309169201831,0.727325855239207,24.5690046859382,-0.030427787986314,0.975971713958205,0.990299793344194,0.977991628602478,0.998122894849346,"FAM156B-203","FAM156B","OPC"
1.29401908501072,1.04404390639711,13.5690046859382,1.23942975681573,0.236195995771294,0.586215966647613,0.423816446104122,0.991555671194646,"FAM193A-211","FAM193A","OPC"
-1.29401908501072,1.04404390639711,13.5690046859382,-1.23942975681573,0.236195995771294,0.586215966647613,0.415669036157898,0.991555671194646,"FAM193A-208","FAM193A","OPC"
0.852195561816606,0.615663918247634,21.5690046859382,1.38418954978264,0.18045634105934,0.538571895692921,0.365324581865251,0.991555671194646,"FAM219B-217","FAM219B","OPC"
-0.457100224409765,0.553127291059598,21.5690046859382,-0.826392462997298,0.41762977836004,0.722899152439342,0.576030770620275,0.991555671194646,"FAM219B-201","FAM219B","OPC"
-0.0629064254308734,0.67052498838949,21.5690046859382,-0.0938166757691851,0.926120832008818,0.973102367079037,0.944007921075027,0.996363625621488,"FAM219B-215","FAM219B","OPC"
-1.3954101945279,0.862550398835479,14.5690046859382,-1.61777236021435,0.12715182734403,0.481668999660832,0.295487680034265,0.991555671194646,"FAM222B-208","FAM222B","OPC"
1.3954101945279,0.862550398835478,14.5690046859382,1.61777236021435,0.12715182734403,0.481668999660832,0.302063405521178,0.991555671194646,"FAM222B-202","FAM222B","OPC"
0.417884040282649,0.64508997058328,21.5690046859382,0.647791872976733,0.523955789658963,0.786795769528906,0.669367144205086,0.991555671194646,"FAM53C-207","FAM53C","OPC"
-0.417884040282648,0.64508997058328,21.5690046859382,-0.647791872976732,0.523955789658963,0.786795769528906,0.659099326714485,0.991555671194646,"FAM53C-201","FAM53C","OPC"
-0.788729487307816,1.03864773194657,18.5690046859382,-0.759381128989349,0.457157285790824,0.744129848076757,0.607566586407302,0.991555671194646,"FAM98A-201","FAM98A","OPC"
0.788729487307817,1.03864773194657,18.5690046859382,0.75938112898935,0.457157285790823,0.744129848076757,0.617490722694274,0.991555671194646,"FAM98A-204","FAM98A","OPC"
-0.85884785611786,0.732423583544486,14.5690046859382,-1.17261087083182,0.259769174199711,0.595772240987476,0.43850856612865,0.991555671194646,"FAN1-204","FAN1","OPC"
0.217757165488364,1.16081609825837,14.5690046859382,0.187589718832359,0.853785867381333,0.947197092548213,0.905699911122922,0.996363625621488,"FAN1-203","FAN1","OPC"
0.320994348918848,0.972059179311413,14.5690046859382,0.330220994514175,0.745933643406066,0.915639696050969,0.830831457488629,0.996363625621488,"FAN1-214","FAN1","OPC"
-0.272102762901844,0.832274033626216,14.5690046859382,-0.326938907028365,0.748364069477969,0.916816075081703,0.821520325354021,0.996363625621488,"FAN1-212","FAN1","OPC"
0.609534039019521,0.58227252407589,21.5690046859382,1.04681916768595,0.306772875616774,0.637077714448301,0.490757312844847,0.991555671194646,"FAR1-204","FAR1","OPC"
-0.609534039019521,0.58227252407589,21.5690046859382,-1.04681916768595,0.306772875616774,0.637077714448301,0.481903015846264,0.991555671194646,"FAR1-201","FAR1","OPC"
-0.925683864382453,0.532273976730875,21.5690046859382,-1.73911163207307,0.0962694598083008,0.445838079938131,0.254280217582984,0.991555671194646,"FARP1-219","FARP1","OPC"
1.13497993283714,0.655999845499204,21.5690046859382,1.7301527441267,0.0978881263410832,0.447165610779853,0.262543013945121,0.991555671194646,"FARP1-222","FARP1","OPC"
0.182577671534758,0.572508952808531,21.5690046859382,0.318907976266739,0.752864109330392,0.916816075081703,0.83569057088398,0.996363625621488,"FARP1-201","FARP1","OPC"
-0.100923151377554,0.626403769523805,21.5690046859382,-0.161115172493735,0.873502261225067,0.955843630110324,0.908031841245454,0.996363625621488,"FASTKD2-201","FASTKD2","OPC"
0.100923151377554,0.626403769523806,21.5690046859382,0.161115172493735,0.873502261225067,0.955843630110324,0.919247914746159,0.996363625621488,"FASTKD2-202","FASTKD2","OPC"
3.80495157493467,1.37876541399726,17.5690046859382,2.75968017206315,0.0131065940692835,0.285707325853169,0.0924069049206858,0.991555671194646,"FASTKD5-202","FASTKD5","OPC"
-3.80495157493467,1.37876541399726,17.5690046859382,-2.75968017206315,0.0131065940692835,0.285707325853169,0.0897012024854129,0.991555671194646,"FASTKD5-201","FASTKD5","OPC"
-1.56195958335739,0.80840263137477,20.5690046859382,-1.93215549125703,0.0672312005364725,0.390882138383234,0.209947306488677,0.991555671194646,"FBXL5-201","FBXL5","OPC"
1.56195958335739,0.808402631374769,20.5690046859382,1.93215549125703,0.0672312005364725,0.390882138383234,0.215134463058533,0.991555671194646,"FBXL5-205","FBXL5","OPC"
-0.37288893770938,0.489687126834609,21.5690046859382,-0.761484052316783,0.454613991258084,0.742177536864838,0.605563050081057,0.991555671194646,"FBXO21-207","FBXO21","OPC"
0.37288893770938,0.489687126834609,21.5690046859382,0.761484052316783,0.454613991258084,0.742177536864838,0.615472745092638,0.991555671194646,"FBXO21-201","FBXO21","OPC"
-1.61654273805785,0.83475942706256,16.5690046859382,-1.93653726528888,0.0700478911629171,0.394450099904668,0.214571802116374,0.991555671194646,"FBXO3-201","FBXO3","OPC"
1.61654273805785,0.83475942706256,16.5690046859382,1.93653726528888,0.0700478911629171,0.394450099904668,0.219840780397942,0.991555671194646,"FBXO3-208","FBXO3","OPC"
1.3082551527634,0.654379627456042,23.5690046859382,1.99922964877339,0.0572407740173244,0.384824076674777,0.197687871388276,0.991555671194646,"FBXO7-209","FBXO7","OPC"
-1.3082551527634,0.654379627456042,23.5690046859382,-1.99922964877339,0.0572407740173244,0.384824076674777,0.192811394065998,0.991555671194646,"FBXO7-201","FBXO7","OPC"
0.344840486316338,0.849284728065465,21.5690046859382,0.406036367923193,0.688715998532438,0.886806965029639,0.790386843008905,0.996363625621488,"FBXW5-206","FBXW5","OPC"
-0.344840486316338,0.849284728065465,21.5690046859382,-0.406036367923192,0.688715998532439,0.886806965029639,0.779516938462519,0.996363625621488,"FBXW5-201","FBXW5","OPC"
0.532139713269474,0.66829479030147,22.5690046859382,0.79626494324372,0.434174424777374,0.731861934650606,0.599126408161751,0.991555671194646,"FEM1C-201","FEM1C","OPC"
-0.532139713269473,0.66829479030147,22.5690046859382,-0.796264943243719,0.434174424777374,0.731861934650606,0.58933669870671,0.991555671194646,"transcript148712.chr5.nic","FEM1C","OPC"
1.38399286413159,0.82620349063766,18.5690046859382,1.67512347722404,0.110668337795563,0.463668309156331,0.280346310508087,0.991555671194646,"FGFR1OP2-201","FGFR1OP2","OPC"
-1.38399286413159,0.82620349063766,18.5690046859382,-1.67512347722404,0.110668337795563,0.463668309156331,0.274094470639887,0.991555671194646,"FGFR1OP2-202","FGFR1OP2","OPC"
0.109896427113568,0.388953339225702,23.5690046859382,0.282543986721753,0.779992903321855,0.925631085330721,0.854639528394024,0.996363625621488,"FHL1-205","FHL1","OPC"
-0.109896427113568,0.388953339225701,23.5690046859382,-0.282543986721753,0.779992903321855,0.925631085330721,0.843559689036093,0.996363625621488,"FHL1-234","FHL1","OPC"
-1.339405613834,0.529034690652179,22.5690046859382,-2.53179165279845,0.0187883299486867,0.293981606025316,0.107914954311467,0.991555671194646,"FLNB-222","FLNB","OPC"
0.410744777194618,0.6244173257569,22.5690046859382,0.657804901067929,0.517317329724984,0.784722774393254,0.664300873592521,0.991555671194646,"FLNB-220","FLNB","OPC"
0.865575639295106,0.417386597255133,22.5690046859382,2.07379835621797,0.0497008886667511,0.357234058070059,0.183597133275974,0.991555671194646,"FLNB-218","FLNB","OPC"
-2.95716923881968,0.842825561100967,18.5690046859382,-3.50863734478673,0.00241469343774981,0.195702559375834,0.0381120291746287,0.991555671194646,"FLYWCH1-201","FLYWCH1","OPC"
2.95716923881968,0.842825561100967,18.5690046859382,3.50863734478673,0.00241469343774982,0.195702559375834,0.0394456431503813,0.991555671194646,"FLYWCH1-212","FLYWCH1","OPC"
1.03970171876449,0.473304078157392,24.5690046859382,2.19668869706791,0.0377040460529779,0.334756847706186,0.158996087055537,0.991555671194646,"FNBP4-201","FNBP4","OPC"
-1.03970171876449,0.473304078157392,24.5690046859382,-2.19668869706791,0.0377040460529779,0.334756847706186,0.154853219545561,0.991555671194646,"FNBP4-213","FNBP4","OPC"
0.425915718578423,0.664575650736604,22.5690046859382,0.640883724985026,0.528052878321587,0.786795769528906,0.672484976949544,0.991555671194646,"FNDC3A-202","FNDC3A","OPC"
-0.425915718578423,0.664575650736604,22.5690046859382,-0.640883724985027,0.528052878321586,0.786795769528906,0.662198174184876,0.991555671194646,"FNDC3A-204","FNDC3A","OPC"
0.844697078383569,0.989065518535868,12.5690046859382,0.854035513879798,0.409067780420988,0.719318917528405,0.578712805312753,0.991555671194646,"FOXN3-214","FOXN3","OPC"
-0.844697078383568,0.989065518535867,12.5690046859382,-0.854035513879798,0.409067780420988,0.719318917528405,0.569080521534197,0.991555671194646,"transcript102324.chr14.nnic","FOXN3","OPC"
0.669338741997837,0.419499152256962,22.5690046859382,1.59556637575238,0.124494664802656,0.480096284106807,0.298646671186525,0.991555671194646,"FTH1-208","FTH1","OPC"
-0.669338741997837,0.419499152256962,22.5690046859382,-1.59556637575238,0.124494664802656,0.480096284106807,0.292120954882799,0.991555671194646,"FTH1-201","FTH1","OPC"
-0.549911256546133,0.400550863724499,24.5690046859382,-1.37288745662115,0.182189472059581,0.54075827356181,0.359776612684773,0.991555671194646,"FTX-260","FTX","OPC"
0.549911256546132,0.400550863724499,24.5690046859382,1.37288745662115,0.182189472059582,0.54075827356181,0.367242534151683,0.991555671194646,"FTX-267","FTX","OPC"
-0.608955089339533,0.669816265588983,21.5690046859382,-0.909137506244442,0.373324943523965,0.689852759983216,0.539547803730964,0.991555671194646,"FXR1-203","FXR1","OPC"
1.01967398539496,0.618326813258775,21.5690046859382,1.64908582893399,0.113620018014346,0.465991381452094,0.284330947305963,0.991555671194646,"FXR1-202","FXR1","OPC"
-0.389499288922747,0.508607353568638,21.5690046859382,-0.765815291874623,0.452085991748533,0.741506551730568,0.603568245626372,0.991555671194646,"FXR1-223","FXR1","OPC"
-0.994200989976544,0.662346762083107,20.5690046859382,-1.50102793112439,0.148543887058408,0.499490799579627,0.321605935270861,0.991555671194646,"G2E3-207","G2E3","OPC"
0.994200989976543,0.662346762083107,20.5690046859382,1.50102793112439,0.148543887058408,0.499490799579627,0.328557850552307,0.991555671194646,"G2E3-201","G2E3","OPC"
0.194092050598047,0.587843306286997,21.5690046859382,0.330176508811495,0.744452103291713,0.914251734768239,0.8297916925337,0.996363625621488,"G3BP1-202","G3BP1","OPC"
-0.194092050598047,0.587843306286997,21.5690046859382,-0.330176508811495,0.744452103291713,0.914251734768239,0.818784175533959,0.996363625621488,"G3BP1-201","G3BP1","OPC"
-2.76009107922214,1.38029622919321,12.5690046859382,-1.99963675973774,0.0676302261958918,0.390882138383234,0.210607529880328,0.991555671194646,"GAB1-202","GAB1","OPC"
2.76009107922213,1.38029622919321,12.5690046859382,1.99963675973774,0.0676302261958918,0.390882138383234,0.215806419338174,0.991555671194646,"GAB1-201","GAB1","OPC"
-0.82451229522048,0.495516710423123,24.5690046859382,-1.6639444803313,0.108828204967564,0.459873215521497,0.271625790311966,0.991555671194646,"GABPB1-AS1-202","GABPB1-AS1","OPC"
0.428114214546712,0.36717279198928,24.5690046859382,1.16597477778041,0.254819073606837,0.592678846054001,0.442129770186427,0.991555671194646,"GABPB1-AS1-208","GABPB1-AS1","OPC"
0.0489063871392795,0.400015091144042,24.5690046859382,0.122261355188894,0.903686596856554,0.964898815448899,0.939931348183751,0.996363625621488,"GABPB1-AS1-206","GABPB1-AS1","OPC"
-0.636576829071551,0.858620698045596,11.5690046859382,-0.741394693280206,0.473236006860863,0.75613306798247,0.620157689446968,0.991555671194646,"GABRG2-214","GABRG2","OPC"
0.636576829071551,0.858620698045596,11.5690046859382,0.741394693280206,0.473236006860863,0.75613306798247,0.630170714753111,0.991555671194646,"GABRG2-215","GABRG2","OPC"
-1.14788333767441,1.05915999121843,14.5690046859382,-1.08376765284905,0.29607812169281,0.629574286722084,0.472252230353362,0.991555671194646,"GAL3ST1-205","GAL3ST1","OPC"
1.14788333767441,1.05915999121843,14.5690046859382,1.08376765284905,0.29607812169281,0.629574286722084,0.481009983457941,0.991555671194646,"GAL3ST1-204","GAL3ST1","OPC"
-0.692169185371972,0.733328000851694,16.5690046859382,-0.943873934403269,0.358795137847025,0.679520442753886,0.527281170016171,0.991555671194646,"GAN-203","GAN","OPC"
0.692169185371972,0.733328000851694,16.5690046859382,0.943873934403269,0.358795137847025,0.679520442753886,0.536561175205825,0.991555671194646,"GAN-202","GAN","OPC"
0.547276876481743,0.656366698569256,24.5690046859382,0.83379744535287,0.412428529321654,0.720490962816574,0.581468051095162,0.991555671194646,"GATM-207","GATM","OPC"
-0.659921740647426,0.667071738439706,24.5690046859382,-0.989281515944592,0.33216881688323,0.652814431974131,0.504360112847547,0.991555671194646,"GATM-201","GATM","OPC"
0.585651495349812,0.831584269608163,24.5690046859382,0.704259949055755,0.487893112806612,0.768226837037538,0.641617837318162,0.991555671194646,"GATM-216","GATM","OPC"
-1.12367983189684,0.372779446225205,24.5690046859382,-3.01432882975526,0.00590254311316808,0.248585873189572,0.059774702030129,0.991555671194646,"GCC2-223","GCC2","OPC"
-1.31873100273809,0.681813802687284,24.5690046859382,-1.93415122653791,0.0646921525334803,0.390882138383234,0.205705215422313,0.991555671194646,"GCC2-211","GCC2","OPC"
1.29333917978345,0.374171920256204,24.5690046859382,3.45653724870074,0.00200307963880006,0.195702559375834,0.035939143764732,0.991555671194646,"GCC2-218","GCC2","OPC"
-0.998709167943057,0.667596873093881,22.5690046859382,-1.49597640161897,0.148513671599628,0.499490799579627,0.321570175242544,0.991555671194646,"GDAP1-236","GDAP1","OPC"
0.768134083642079,0.64334250135354,22.5690046859382,1.19397378849678,0.244887236114661,0.590733387627976,0.432428728454527,0.991555671194646,"GDAP1-201","GDAP1","OPC"
1.35768837219991,0.843277637122816,22.5690046859382,1.6100134907315,0.121294300990083,0.478896883552621,0.294490466543754,0.991555671194646,"GDAP1-217","GDAP1","OPC"
0.155909336565181,0.619271158100197,22.5690046859382,0.251762631806526,0.803502948018676,0.930897138001968,0.870976806070851,0.996363625621488,"GDAP1-215","GDAP1","OPC"
-1.53692053727967,0.547415887687038,22.5690046859382,-2.8075921284885,0.0101042563804582,0.271562278761509,0.0785396798936803,0.991555671194646,"GDAP1-233","GDAP1","OPC"
-0.491924113979409,0.65071714668195,22.5690046859382,-0.755972263045109,0.457484391944302,0.744197456558584,0.607824030353883,0.991555671194646,"GDAP1-211","GDAP1","OPC"
-0.947235535722019,0.751835791310599,17.5690046859382,-1.25989683740754,0.224185917255805,0.574462635564039,0.403704931852329,0.991555671194646,"GDAP2-202","GDAP2","OPC"
0.947235535722018,0.7518357913106,17.5690046859382,1.25989683740754,0.224185917255805,0.574462635564039,0.411713256861772,0.991555671194646,"GDAP2-201","GDAP2","OPC"
0.38270015352533,0.621469024216449,22.5690046859382,0.615799241173508,0.544188004438587,0.794929338322286,0.684699506710062,0.991555671194646,"GFAP-203","GFAP","OPC"
-1.13740136121228,0.861966748588275,22.5690046859382,-1.31954203926672,0.20021814582095,0.555072859584465,0.379070048392793,0.991555671194646,"GFAP-214","GFAP","OPC"
0.591279596409506,0.692051821342708,22.5690046859382,0.85438630197131,0.401869412550447,0.710496396951469,0.572786630906472,0.991555671194646,"GFAP-237","GFAP","OPC"
-0.216913001563571,0.891781487164606,19.5690046859382,-0.243235596035122,0.810354399569916,0.932284603141047,0.864592137962577,0.996363625621488,"GGA1-203","GGA1","OPC"
0.216913001563571,0.891781487164606,19.5690046859382,0.243235596035123,0.810354399569915,0.932284603141047,0.875724641047443,0.996363625621488,"GGA1-222","GGA1","OPC"
0.381448691773487,0.546796416131122,23.5690046859382,0.6976064226471,0.49224847945901,0.771840876937534,0.644999758809193,0.991555671194646,"GGNBP2-212","GGNBP2","OPC"
-0.381448691773487,0.546796416131122,23.5690046859382,-0.697606422647099,0.49224847945901,0.771840876937534,0.634886808574477,0.991555671194646,"GGNBP2-215","GGNBP2","OPC"
-0.324119468654097,0.836449110445332,18.5690046859382,-0.387494546418411,0.702795865948372,0.89690794645517,0.789490111620257,0.996363625621488,"GIGYF2-201","GIGYF2","OPC"
0.324119468654097,0.836449110445332,18.5690046859382,0.387494546418411,0.702795865948372,0.89690794645517,0.800397653830678,0.996363625621488,"GIGYF2-205","GIGYF2","OPC"
0.33605565665192,0.595152071312197,19.5690046859382,0.564655107241719,0.57872417310866,0.814778603523051,0.710523454956443,0.995538879570187,"GNG2-213","GNG2","OPC"
-0.33605565665192,0.595152071312197,19.5690046859382,-0.564655107241719,0.578724173108659,0.814778603523051,0.700020009093649,0.991982095627542,"transcript44488.chr14.nic","GNG2","OPC"
1.46918202092566,0.945651411227097,13.5690046859382,1.55361902227716,0.143282709015549,0.491308868019106,0.322197344003565,0.991555671194646,"GNL3L-208","GNL3L","OPC"
-1.46918202092566,0.945651411227097,13.5690046859382,-1.55361902227716,0.143282709015549,0.491308868019106,0.315333896661924,0.991555671194646,"GNL3L-201","GNL3L","OPC"
1.12261728167069,0.833186042920684,18.5690046859382,1.34737888519522,0.194070460065334,0.547938915417399,0.380199732408627,0.991555671194646,"transcript334694.chr1.nic","GNPAT","OPC"
-1.12261728167069,0.833186042920684,18.5690046859382,-1.34737888519522,0.194070460065333,0.547938915417399,0.372570571220546,0.991555671194646,"GNPAT-201","GNPAT","OPC"
-1.28093384546206,0.788149263115774,15.5690046859382,-1.62524271151149,0.12417870082944,0.480096284106807,0.291718639887869,0.991555671194646,"GOLGA3-220","GOLGA3","OPC"
1.28093384546206,0.788149263115774,15.5690046859382,1.62524271151149,0.124178700829441,0.480096284106807,0.298238356524931,0.991555671194646,"GOLGA3-202","GOLGA3","OPC"
-0.447429307207196,0.654975713702062,20.5690046859382,-0.68312350801258,0.502151535350394,0.778469304653853,0.642494412985626,0.991555671194646,"GOLGA4-205","GOLGA4","OPC"
0.504353109258806,0.688134518759119,20.5690046859382,0.732928076574741,0.471873118668617,0.754881121700686,0.629100997095938,0.991555671194646,"GOLGA4-215","GOLGA4","OPC"
-0.116599640413367,0.617804197497342,20.5690046859382,-0.188732353852077,0.852152324153247,0.945787460282522,0.893384237970937,0.996363625621488,"GOLGA4-202","GOLGA4","OPC"
0.900415864768106,0.41342418640959,24.5690046859382,2.1779467538845,0.0392263229331645,0.334756847706186,0.162297856066043,0.991555671194646,"GOLGA8A-202","GOLGA8A","OPC"
-0.900415864768105,0.413424186409589,24.5690046859382,-2.1779467538845,0.0392263229331647,0.334756847706186,0.158089811510504,0.991555671194646,"GOLGA8A-205","GOLGA8A","OPC"
1.29287231808725,0.616100128755815,23.5690046859382,2.09847759762386,0.0467679587074009,0.353386667238787,0.177857820763057,0.991555671194646,"GOLGA8B-203","GOLGA8B","OPC"
-1.29287231808725,0.616100128755816,23.5690046859382,-2.09847759762386,0.0467679587074009,0.353386667238787,0.173349268632212,0.991555671194646,"GOLGA8B-211","GOLGA8B","OPC"
1.21196546933648,0.741684245209883,23.5690046859382,1.63407201536756,0.115532094162542,0.470432245918101,0.286888727694282,0.991555671194646,"GOLGB1-205","GOLGB1","OPC"
-0.983127709831144,0.418435855309096,23.5690046859382,-2.34953027413225,0.0275250424483263,0.310684912817003,0.131457657740681,0.991555671194646,"GOLGB1-248","GOLGB1","OPC"
1.75922809038023,1.00165494437061,23.5690046859382,1.75632147604048,0.0920213438135121,0.435637582017322,0.254037143612918,0.991555671194646,"GOLGB1-211","GOLGB1","OPC"
1.40718729782638,0.610212718637185,23.5690046859382,2.30606025546159,0.0302265882369904,0.315036915281045,0.141801504228213,0.991555671194646,"GOLGB1-243","GOLGB1","OPC"
0.247127798074862,0.389340053881141,23.5690046859382,0.634735100104307,0.531715027575156,0.78907746107194,0.67526615710632,0.991555671194646,"GOLGB1-208","GOLGB1","OPC"
-0.677752549173517,0.453236903073413,23.5690046859382,-1.495360471704,0.148090905352949,0.499490799579627,0.321069520093036,0.991555671194646,"GOLGB1-240","GOLGB1","OPC"
-1.86733075342201,0.361949390596854,23.5690046859382,-5.15909351399316,2.9295277076785e-05,0.0247021020676316,0.00432232792028352,0.991555671194646,"GOLGB1-232","GOLGB1","OPC"
-0.170133971603669,0.69656963237779,23.5690046859382,-0.24424546189719,0.809154434899897,0.932181432786002,0.863762936531849,0.996363625621488,"GOLGB1-212","GOLGB1","OPC"
0.900542372638299,0.622297439669864,23.5690046859382,1.44712530573169,0.161032517855935,0.51987401521114,0.34329580894972,0.991555671194646,"GOLIM4-201","GOLIM4","OPC"
-0.900542372638299,0.622297439669864,23.5690046859382,-1.44712530573169,0.161032517855935,0.51987401521114,0.336143260520312,0.991555671194646,"GOLIM4-202","GOLIM4","OPC"
-0.491546901019451,0.598534114565397,23.5690046859382,-0.821251268820941,0.419733082355242,0.722899152439342,0.5777312880721,0.991555671194646,"GPATCH2L-201","GPATCH2L","OPC"
0.491546901019451,0.598534114565397,23.5690046859382,0.821251268820941,0.419733082355241,0.722899152439342,0.58743184933327,0.991555671194646,"GPATCH2L-204","GPATCH2L","OPC"
0.402612039125758,0.689042412878008,17.5690046859382,0.584306613934139,0.566442006183764,0.806638179297754,0.70138725391049,0.991982095627542,"GPBP1-204","GPBP1","OPC"
-0.402612039125758,0.689042412878008,17.5690046859382,-0.58430661393414,0.566442006183764,0.806638179297754,0.690933329054649,0.991688576991863,"GPBP1-203","GPBP1","OPC"
-0.767322631414549,0.906171758882862,15.5690046859382,-0.846773940914372,0.409948873203164,0.719896740948413,0.569797849900443,0.991555671194646,"GPD2-207","GPD2","OPC"
0.0970617129297153,0.673286886707611,15.5690046859382,0.144161003052279,0.887222874265807,0.960367092233764,0.928657650118602,0.996363625621488,"transcript302137.chr2.nic","GPD2","OPC"
0.765984504065279,0.872895546526339,15.5690046859382,0.87752137940615,0.393543751382344,0.704862554022261,0.565889161982306,0.991555671194646,"GPD2-201","GPD2","OPC"
0.629104813679875,0.82075776213162,17.5690046859382,0.766492676287341,0.4535599227639,0.741981894992294,0.614635384017185,0.991555671194646,"GPHN-201","GPHN","OPC"
-0.629104813679874,0.82075776213162,17.5690046859382,-0.766492676287341,0.453559922763901,0.741981894992294,0.604731705277761,0.991555671194646,"GPHN-203","GPHN","OPC"
0.579156734292261,0.613358340506753,23.5690046859382,0.944238785134583,0.354627429179173,0.677535982727952,0.532980686380867,0.991555671194646,"GPI-201","GPI","OPC"
-0.57915673429226,0.613358340506753,23.5690046859382,-0.944238785134581,0.354627429179174,0.677535982727952,0.523732326040327,0.991555671194646,"transcript91629.chr19.nic","GPI","OPC"
-1.32818293837601,0.620442306091706,24.5690046859382,-2.1407033745692,0.0424167296601446,0.34422213330925,0.164693718191114,0.991555671194646,"GPM6B-201","GPM6B","OPC"
0.277200737914716,0.420300358374456,24.5690046859382,0.659530101251428,0.515690537834849,0.784722774393254,0.663056578268235,0.991555671194646,"transcript16090.chrX.nic","GPM6B","OPC"
-0.356106643437384,0.323205136532317,24.5690046859382,-1.10179759906686,0.281226618003683,0.614313970257836,0.458641794356068,0.991555671194646,"GPM6B-205","GPM6B","OPC"
0.876541781068416,0.838043566572874,24.5690046859382,1.04593820182044,0.305771333533301,0.637077714448301,0.489849738024955,0.991555671194646,"transcript16025.chrX.nic","GPM6B","OPC"
-0.129979913923768,0.457038934781668,24.5690046859382,-0.28439571343273,0.778490393127153,0.925522794018869,0.842515868885522,0.996363625621488,"GPM6B-202","GPM6B","OPC"
0.744675869211381,0.531894995664472,24.5690046859382,1.40004300713732,0.174002155353671,0.533470137472549,0.358116152059186,0.991555671194646,"GPM6B-203","GPM6B","OPC"
-0.135004882562094,0.259809864562903,24.5690046859382,-0.519629548282251,0.607972089710259,0.832567139140796,0.721470659610872,0.996363625621488,"GPNMB-201","GPNMB","OPC"
1.14630117458093,0.611056094414401,24.5690046859382,1.87593444375916,0.0725947119837381,0.402514509424726,0.224024637374348,0.991555671194646,"GPNMB-203","GPNMB","OPC"
-0.256370176430495,0.226048752894829,24.5690046859382,-1.13413665480284,0.26768229933563,0.60659136701622,0.44600149947952,0.991555671194646,"GPNMB-202","GPNMB","OPC"
0.985816794522804,0.819823895665711,18.5690046859382,1.20247384802355,0.24428979158712,0.590733387627976,0.431840470692478,0.991555671194646,"GPR155-201","GPR155","OPC"
-0.985816794522805,0.819823895665711,18.5690046859382,-1.20247384802355,0.24428979158712,0.590733387627976,0.423602803769038,0.991555671194646,"GPR155-203","GPR155","OPC"
-1.08557787937613,1.41990466772173,23.5690046859382,-0.764542792241092,0.452131201343006,0.741506551730568,0.603603949047475,0.991555671194646,"GPR37L1-201","GPR37L1","OPC"
1.08557787937613,1.41990466772173,23.5690046859382,0.764542792241093,0.452131201343005,0.741506551730568,0.61349944389802,0.991555671194646,"transcript295321.chr1.nnic","GPR37L1","OPC"
-0.191144460556321,0.506662424341064,16.5690046859382,-0.377261962548165,0.710767468129795,0.898703702885745,0.795119747670128,0.996363625621488,"GPRIN3-202","GPRIN3","OPC"
0.19114446055632,0.506662424341064,16.5690046859382,0.377261962548164,0.710767468129795,0.898703702885745,0.806047725521407,0.996363625621488,"GPRIN3-201","GPRIN3","OPC"
1.46923465015617,0.841875070984603,24.5690046859382,1.74519320121672,0.0934483877345535,0.438786483668913,0.256127178620677,0.991555671194646,"GRIA2-231","GRIA2","OPC"
0.729783773716491,1.2392621395099,24.5690046859382,0.588885717113173,0.561313767148263,0.802474787771549,0.697557353027155,0.991982095627542,"GRIA2-202","GRIA2","OPC"
-0.860264119619307,0.293441157829218,24.5690046859382,-2.93164096673848,0.00718890125505807,0.248585873189572,0.0660548649959426,0.991555671194646,"GRIA2-227","GRIA2","OPC"
0.650573796683125,0.555490750764577,24.5690046859382,1.17116944933408,0.252764345132396,0.592678846054001,0.440134656063609,0.991555671194646,"GRIA2-225","GRIA2","OPC"
0.78224048660445,0.414885952897047,24.5690046859382,1.88543497590665,0.0712503504404774,0.398230017809417,0.221824376329528,0.991555671194646,"GRIA2-220","GRIA2","OPC"
-0.54509523612806,0.384379058895756,24.5690046859382,-1.41811897269848,0.16871596734358,0.528738267057398,0.344861630901836,0.991555671194646,"GRIA2-205","GRIA2","OPC"
2.64085563590618,0.959633121377948,21.5690046859382,2.75194298432941,0.0117657000711325,0.285707325853169,0.0874730866086056,0.991555671194646,"GRIA3-206","GRIA3","OPC"
-2.64085563590618,0.959633121377948,21.5690046859382,-2.75194298432941,0.0117657000711325,0.285707325853169,0.0848847644775089,0.991555671194646,"GRIA3-208","GRIA3","OPC"
1.27417706299908,0.609670524281885,19.5690046859382,2.08994368638683,0.0498976197764779,0.357234058070059,0.183976552642919,0.991555671194646,"GRIA4-209","GRIA4","OPC"
-1.27417706299908,0.609670524281885,19.5690046859382,-2.08994368638683,0.0498976197764779,0.357234058070059,0.179352727652934,0.991555671194646,"transcript158967.chr11.nnic","GRIA4","OPC"
1.1311024559989,0.806508563251686,16.5690046859382,1.40246800534704,0.17923412533962,0.538571895692921,0.363967587822115,0.991555671194646,"transcript65415.chr1.nic","GRIK3","OPC"
-1.1311024559989,0.806508563251686,16.5690046859382,-1.40246800534704,0.179234125339619,0.538571895692921,0.356543619953534,0.991555671194646,"GRIK3-201","GRIK3","OPC"
0.347676243475032,0.436026947427496,21.5690046859382,0.797373294302743,0.433925074613605,0.731861934650606,0.598925535035643,0.991555671194646,"GRM5-202","GRM5","OPC"
-0.347676243475031,0.436026947427496,21.5690046859382,-0.797373294302741,0.433925074613606,0.731861934650606,0.589137333464307,0.991555671194646,"GRM5-205","GRM5","OPC"
-1.19954572602418,0.574236151509104,22.5690046859382,-2.08894149710315,0.0481918550830952,0.35678401802996,0.176102289155313,0.991555671194646,"GRM7-215","GRM7","OPC"
0.701924414145209,0.761050035918275,22.5690046859382,0.922310467140672,0.366122052852661,0.686644532089553,0.542821671441792,0.991555671194646,"GRM7-201","GRM7","OPC"
0.738545265687075,0.524146163838686,22.5690046859382,1.40904449300591,0.17245184090826,0.529964029960997,0.356368726908001,0.991555671194646,"GRM7-211","GRM7","OPC"
-0.326406784602779,0.620146394467033,17.5690046859382,-0.526338276760119,0.605234846953876,0.831175779008293,0.719473802805274,0.996363625621488,"GRSF1-201","GRSF1","OPC"
0.326406784602779,0.620146394467033,17.5690046859382,0.526338276760118,0.605234846953877,0.831175779008293,0.730077951113376,0.996363625621488,"GRSF1-204","GRSF1","OPC"
-2.90053702967195,1.09996215652591,21.5690046859382,-2.63694256430869,0.015207080400542,0.286471318160594,0.0968004643514859,0.991555671194646,"GTF3C1-201","GTF3C1","OPC"
2.90053702967195,1.09996215652591,21.5690046859382,2.63694256430869,0.0152070804005421,0.286471318160594,0.0996759617561907,0.991555671194646,"GTF3C1-202","GTF3C1","OPC"
0.153782417444245,0.880858865439908,20.5690046859382,0.174582357603275,0.863114789208232,0.950264951701164,0.912114332283215,0.996363625621488,"transcript221553.chr9.nic","GTF3C5","OPC"
-0.153782417444246,0.880858865439908,20.5690046859382,-0.174582357603276,0.863114789208232,0.950264951701164,0.900909642655277,0.996363625621488,"GTF3C5-202","GTF3C5","OPC"
-0.494885295622717,0.981945946566648,13.5690046859382,-0.503984254279039,0.622355977763588,0.843400768617737,0.731929761797191,0.996363625621488,"GUCD1-204","GUCD1","OPC"
0.494885295622717,0.981945946566648,13.5690046859382,0.503984254279039,0.622355977763588,0.843400768617737,0.742594608299972,0.996363625621488,"GUCD1-206","GUCD1","OPC"
-0.0420727764225144,0.515128678593088,24.5690046859382,-0.0816743042484511,0.935567442030234,0.976215505944963,0.950452905390677,0.996363625621488,"HARS1-207","HARS1","OPC"
0.0420727764225137,0.515128678593088,24.5690046859382,0.0816743042484496,0.935567442030235,0.976215505944963,0.96171803877135,0.996363625621488,"HARS1-218","HARS1","OPC"
-0.490622916448471,0.712668294369481,20.5690046859382,-0.688430957746674,0.498873089466023,0.775995817452038,0.63998060224674,0.991555671194646,"HAUS3-202","HAUS3","OPC"
0.490622916448471,0.712668294369481,20.5690046859382,0.688430957746675,0.498873089466023,0.775995817452038,0.650127099236446,0.991555671194646,"HAUS3-204","HAUS3","OPC"
-0.0996436837910447,0.742980793154773,16.5690046859382,-0.134113404692398,0.894928453722826,0.961676822786409,0.922699660431518,0.996363625621488,"HAUS5-206","HAUS5","OPC"
0.0996436837910445,0.742980793154773,16.5690046859382,0.134113404692397,0.894928453722826,0.961676822786409,0.933936324117627,0.996363625621488,"HAUS5-205","HAUS5","OPC"
0.552458883324653,0.502850833956938,18.5690046859382,1.09865360862057,0.285960702556724,0.618495302663219,0.471670902692249,0.991555671194646,"HBP1-208","HBP1","OPC"
-0.552458883324654,0.502850833956938,18.5690046859382,-1.09865360862057,0.285960702556724,0.618495302663219,0.463007654053656,0.991555671194646,"HBP1-201","HBP1","OPC"
-1.43722382411058,0.635768116708555,22.5690046859382,-2.26061009720219,0.0337488274616984,0.3282590496856,0.146154124323736,0.991555671194646,"HBS1L-205","HBS1L","OPC"
1.43722382411058,0.635768116708554,22.5690046859382,2.26061009720219,0.0337488274616984,0.3282590496856,0.150119207236577,0.991555671194646,"HBS1L-203","HBS1L","OPC"
-0.476561029791893,1.01840812610847,12.5690046859382,-0.467947002360364,0.64783268143713,0.856980694327492,0.750321787193639,0.996363625621488,"HCCS-202","HCCS","OPC"
0.476561029791893,1.01840812610847,12.5690046859382,0.467947002360364,0.64783268143713,0.856980694327492,0.7610709066878,0.996363625621488,"transcript11931.chrX.nic","HCCS","OPC"
-0.932826810752634,0.553793442036495,21.5690046859382,-1.68443094472607,0.106515747811568,0.458111787634755,0.268498349532497,0.991555671194646,"HCG18-246","HCG18","OPC"
1.19621167205858,0.511657095334547,21.5690046859382,2.33791670821342,0.0290894546152528,0.310684912817003,0.139021545508161,0.991555671194646,"HCG18-242","HCG18","OPC"
-0.549868845381349,0.531012016136539,21.5690046859382,-1.03551111589151,0.311901246292069,0.637077714448301,0.486488606618553,0.991555671194646,"HCG18-244","HCG18","OPC"
2.61411838126801,1.57138057123802,11.5690046859382,1.66358069401893,0.123023963817117,0.480096284106807,0.29674237844128,0.991555671194646,"HDAC8-223","HDAC8","OPC"
-2.61411838126801,1.57138057123802,11.5690046859382,-1.66358069401893,0.123023963817117,0.480096284106807,0.29024468606613,0.991555671194646,"HDAC8-234","HDAC8","OPC"
-0.752170519635988,0.633820722331134,20.5690046859382,-1.18672440508031,0.248862549293175,0.590733387627976,0.428041683009556,0.991555671194646,"HDHD2-201","HDHD2","OPC"
0.752170519635988,0.633820722331134,20.5690046859382,1.18672440508031,0.248862549293175,0.590733387627976,0.436329169007587,0.991555671194646,"HDHD2-205","HDHD2","OPC"
0.157003748809599,0.60637028365222,20.5690046859382,0.258923883710053,0.79826749215763,0.929095308320309,0.867344896595257,0.996363625621488,"HECTD1-201","HECTD1","OPC"
0.0564348752870827,0.542343170569923,20.5690046859382,0.104057501503666,0.918131672868758,0.969400218829754,0.949809228805735,0.996363625621488,"HECTD1-228","HECTD1","OPC"
-0.105360515657826,0.581275254114551,20.5690046859382,-0.181257528016259,0.857939643046612,0.947549614909744,0.897358254377162,0.996363625621488,"HECTD1-203","HECTD1","OPC"
0.384845820905429,0.586210526740707,23.5690046859382,0.656497629009064,0.517863031546942,0.784722774393254,0.6647180214254,0.991555671194646,"HELZ-202","HELZ","OPC"
-0.384845820905428,0.586210526740708,23.5690046859382,-0.656497629009063,0.517863031546942,0.784722774393254,0.654478862093364,0.991555671194646,"HELZ-201","HELZ","OPC"
0.0785310762159309,0.591569624756303,21.5690046859382,0.132750352502094,0.895621507637227,0.961676822786409,0.934410903095732,0.996363625621488,"HERC1-201","HERC1","OPC"
-0.0785310762159325,0.591569624756303,21.5690046859382,-0.132750352502097,0.895621507637225,0.961676822786409,0.923173638076637,0.996363625621488,"HERC1-205","HERC1","OPC"
-1.09542757179446,0.830382836373583,15.5690046859382,-1.31918378344424,0.206181144635132,0.55827266668668,0.385300570542433,0.991555671194646,"HEXA-201","HEXA","OPC"
1.09542757179446,0.830382836373583,15.5690046859382,1.31918378344424,0.206181144635132,0.55827266668668,0.393087816139346,0.991555671194646,"HEXA-247","HEXA","OPC"
-0.548565951749335,0.57100189504778,22.5690046859382,-0.960707760354163,0.346879570257551,0.669606044511984,0.517097508871751,0.991555671194646,"HEY1-202","HEY1","OPC"
0.548565951749335,0.57100189504778,22.5690046859382,0.960707760354162,0.346879570257551,0.669606044511984,0.526285965897929,0.991555671194646,"HEY1-201","HEY1","OPC"
-0.229393571659375,0.527449391557865,19.5690046859382,-0.434911055602589,0.668385435920236,0.872214544821299,0.765044796530514,0.996363625621488,"HGS-261","HGS","OPC"
0.229393571659375,0.527449391557865,19.5690046859382,0.43491105560259,0.668385435920235,0.872214544821299,0.775856810092893,0.996363625621488,"HGS-201","HGS","OPC"
0.744318200498747,0.625651257275807,20.5690046859382,1.18966947135955,0.247727967828933,0.590733387627976,0.435218375711536,0.991555671194646,"transcript205143.chr7.nic","HIPK2","OPC"
-0.744318200498746,0.625651257275807,20.5690046859382,-1.18966947135955,0.247727967828934,0.590733387627976,0.426943173539178,0.991555671194646,"transcript205516.chr7.nic","HIPK2","OPC"
0.0106745312469192,0.731611393998293,22.5690046859382,0.0145904387691153,0.988487141878647,0.9957470010575,0.997798591029372,0.999673851846522,"HM13-223","HM13","OPC"
-0.0106745312469206,0.731611393998293,22.5690046859382,-0.0145904387691172,0.988487141878645,0.9957470010575,0.986516909357366,0.998122894849346,"HM13-201","HM13","OPC"
0.770873731980004,0.613974454328327,24.5690046859382,1.25554691493365,0.221090419460722,0.574462635564039,0.408553610898199,0.991555671194646,"HMGN1-204","HMGN1","OPC"
-0.637252490385595,0.418542594823707,24.5690046859382,-1.52255110535168,0.140639340713921,0.488348561723862,0.31214717816146,0.991555671194646,"HMGN1-216","HMGN1","OPC"
0.564608231021604,0.457837620535002,24.5690046859382,1.23320628471255,0.229167893168654,0.577772513616122,0.416763359937509,0.991555671194646,"HMGN1-220","HMGN1","OPC"
-0.307790242853203,0.473446288178118,23.5690046859382,-0.650105937122496,0.521910683764189,0.786639237645736,0.65755005129877,0.991555671194646,"HNRNPA1-209","HNRNPA1","OPC"
0.307790242853202,0.473446288178118,23.5690046859382,0.650105937122495,0.521910683764189,0.786639237645736,0.667808306318433,0.991555671194646,"HNRNPA1-203","HNRNPA1","OPC"
1.01296933397188,0.504994079573644,16.5690046859382,2.00590338569337,0.0614777849971091,0.386991083653722,0.205240626203957,0.991555671194646,"HNRNPA2B1-227","HNRNPA2B1","OPC"
0.747487220761469,0.663410166540369,16.5690046859382,1.12673464842958,0.275909112371421,0.612270349542155,0.462272281923069,0.991555671194646,"HNRNPA2B1-226","HNRNPA2B1","OPC"
-1.58406169495679,0.885051805069813,16.5690046859382,-1.78979545138811,0.0917786097060379,0.435637582017322,0.247846358334297,0.991555671194646,"HNRNPA2B1-205","HNRNPA2B1","OPC"
-1.44699537421203,0.806947160299059,16.5690046859382,-1.79317239765211,0.091218297548616,0.434556335010301,0.247034261349584,0.991555671194646,"HNRNPA2B1-245","HNRNPA2B1","OPC"
0.453044431299315,0.948861088644744,23.5690046859382,0.47746128144679,0.637431721776105,0.851380880335915,0.753548499481505,0.996363625621488,"HNRNPA3-211","HNRNPA3","OPC"
-0.206851863716022,0.495439898599929,23.5690046859382,-0.417511517139753,0.680083214860026,0.88383502907121,0.773382408743153,0.996363625621488,"HNRNPA3-210","HNRNPA3","OPC"
-0.715928655539547,0.534647567388406,23.5690046859382,-1.33906651635328,0.193321340141394,0.547845931703649,0.371773130647894,0.991555671194646,"HNRNPA3-205","HNRNPA3","OPC"
-0.171781455109801,0.556700992730686,23.5690046859382,-0.308570412758188,0.760359259329971,0.918635247943396,0.829895613764056,0.996363625621488,"HNRNPA3-207","HNRNPA3","OPC"
0.219578327009193,0.480749358643616,23.5690046859382,0.456741799154366,0.652038237771786,0.861232462054371,0.76410477587479,0.996363625621488,"HNRNPA3-216","HNRNPA3","OPC"
0.0180908408494125,0.633300020817215,23.5690046859382,0.0285659880858175,0.977451248681787,0.990299793344194,0.990279653566459,0.99818923677535,"HNRNPA3-218","HNRNPA3","OPC"
-0.508200010609473,0.492329306812819,24.5690046859382,-1.03223595178478,0.312016252879871,0.637077714448301,0.486591136552984,0.991555671194646,"HNRNPDL-204","HNRNPDL","OPC"
0.508200010609469,0.492329306812818,24.5690046859382,1.03223595178478,0.312016252879874,0.637077714448301,0.495491560458139,0.991555671194646,"HNRNPDL-206","HNRNPDL","OPC"
-0.549995544556977,0.506387150255247,22.5690046859382,-1.0861167078978,0.288892344531937,0.622192933760519,0.465698247204051,0.991555671194646,"HNRNPF-207","HNRNPF","OPC"
0.900159926609697,0.547619579544882,22.5690046859382,1.64376870410259,0.114083845497481,0.465991381452094,0.284953075448382,0.991555671194646,"HNRNPF-208","HNRNPF","OPC"
-0.352136020610571,0.555220999527978,22.5690046859382,-0.634226768998184,0.53230935401553,0.78907746107194,0.665410726890719,0.991555671194646,"HNRNPF-204","HNRNPF","OPC"
-0.273660172861422,0.703717307695882,22.5690046859382,-0.388877991018073,0.701011069755305,0.895946467769654,0.788228026389685,0.996363625621488,"HNRNPF-203","HNRNPF","OPC"
0.663387740908021,0.669104296279543,21.5690046859382,0.991456406118884,0.332455782350361,0.652886035271319,0.51368347896132,0.991555671194646,"HNRNPK-205","HNRNPK","OPC"
0.890630985103833,0.656348524720855,21.5690046859382,1.35694825471363,0.188829844199412,0.545398341528028,0.374524502173199,0.991555671194646,"HNRNPK-214","HNRNPK","OPC"
-0.402137318000262,0.51797646645367,21.5690046859382,-0.7763621400669,0.44596584646572,0.741190686154124,0.598725027216837,0.991555671194646,"HNRNPK-218","HNRNPK","OPC"
-0.485745939368837,0.540477306944147,21.5690046859382,-0.898735123802404,0.378717734140569,0.693074729754441,0.544060385141576,0.991555671194646,"HNRNPK-204","HNRNPK","OPC"
0.0636014529620441,0.48614570391001,22.5690046859382,0.130827964642093,0.897070580668071,0.961820971043736,0.935403076703385,0.996363625621488,"HNRNPR-202","HNRNPR","OPC"
1.35254448163035,0.446056404064684,22.5690046859382,3.03222747012554,0.00600570046859053,0.248585873189572,0.0622592947207406,0.991555671194646,"HNRNPR-210","HNRNPR","OPC"
-2.02783945674969,0.488911065520767,22.5690046859382,-4.14766529080238,0.000402496277715418,0.0978803803998667,0.0156328177922111,0.991555671194646,"HNRNPR-201","HNRNPR","OPC"
0.175861340538142,0.450451828153551,23.5690046859382,0.390410981922341,0.699738989189751,0.895360140892999,0.798227664782736,0.996363625621488,"HNRNPU-226","HNRNPU","OPC"
-0.536878060384756,0.523352288660713,23.5690046859382,-1.02584448757959,0.315378937019753,0.64027360709232,0.489583199404685,0.991555671194646,"HNRNPU-203","HNRNPU","OPC"
0.719131433087395,0.528492747205623,23.5690046859382,1.3607214798874,0.186472915890225,0.545398341528028,0.371951723469773,0.991555671194646,"HNRNPU-205","HNRNPU","OPC"
0.0017950395352462,0.487949353760658,23.5690046859382,0.00367874149522221,0.997095756250801,0.998628570633969,0.996337162411432,0.999282248912489,"HNRNPU-217","HNRNPU","OPC"
0.153211271601518,0.447809732363509,23.5690046859382,0.342134751723414,0.735281618129157,0.91028213626821,0.823347489747164,0.996363625621488,"HNRNPU-209","HNRNPU","OPC"
-0.581075230313887,0.613813292855114,23.5690046859382,-0.946664461453828,0.353415237116355,0.676211532984743,0.52269751590476,0.991555671194646,"HOOK3-201","HOOK3","OPC"
0.581075230313888,0.613813292855114,23.5690046859382,0.946664461453829,0.353415237116354,0.676211532984743,0.531936596977834,0.991555671194646,"HOOK3-204","HOOK3","OPC"
1.1245359736779,0.789286644067622,20.5690046859382,1.42474978150214,0.169226569989609,0.528782303828443,0.352712934038266,0.991555671194646,"HP1BP3-203","HP1BP3","OPC"
-1.1245359736779,0.789286644067623,20.5690046859382,-1.42474978150214,0.169226569989609,0.528782303828443,0.345435313278432,0.991555671194646,"transcript40904.chr1.nic","HP1BP3","OPC"
1.73460105538811,0.625383039552118,22.5690046859382,2.77366181313516,0.0109183282863163,0.284531635141404,0.0842157569353521,0.991555671194646,"HSD17B12-201","HSD17B12","OPC"
-1.73460105538811,0.625383039552118,22.5690046859382,-2.77366181313516,0.0109183282863163,0.284531635141404,0.081705918817179,0.991555671194646,"HSD17B12-203","HSD17B12","OPC"
0.34784486449046,0.529915949326288,24.5690046859382,0.656415163447513,0.517658369606421,0.784722774393254,0.664561587321328,0.991555671194646,"HSP90AA1-202","HSP90AA1","OPC"
-0.347844864490459,0.529915949326289,24.5690046859382,-0.656415163447511,0.517658369606422,0.784722774393254,0.654323399547254,0.991555671194646,"HSP90AA1-201","HSP90AA1","OPC"
0.287180248401926,0.554829986273815,24.5690046859382,0.51760044609449,0.609366449648809,0.833683415076461,0.733106153691577,0.996363625621488,"HSP90B1-234","HSP90B1","OPC"
0.262373484498966,0.737137125080984,24.5690046859382,0.355935789382662,0.724926780372862,0.903903918493626,0.816053438659653,0.996363625621488,"HSP90B1-211","HSP90B1","OPC"
-0.656552289484331,0.444990841454594,24.5690046859382,-1.47542876913642,0.152798705120301,0.504928412593197,0.326612396990892,0.991555671194646,"HSP90B1-201","HSP90B1","OPC"
1.57602340654762,0.906988868418279,24.5690046859382,1.73764360448667,0.0947950076207712,0.444308974567859,0.258086807002533,0.991555671194646,"HSP90B1-217","HSP90B1","OPC"
0.252840681635066,0.488569413547111,24.5690046859382,0.517512301475019,0.609427055149907,0.833683415076461,0.733150536454913,0.996363625621488,"HSP90B1-213","HSP90B1","OPC"
-1.2784053990944,0.664315868281306,20.5690046859382,-1.92439389172179,0.0682506212450096,0.390882138383234,0.211630643801338,0.991555671194646,"HSPA12A-224","HSPA12A","OPC"
0.260465593182366,0.719850693063047,20.5690046859382,0.361832801846803,0.721167556237549,0.902671782687345,0.813400624359537,0.996363625621488,"HSPA12A-225","HSPA12A","OPC"
1.35309628911919,0.674218707799443,20.5690046859382,2.00691003300028,0.0580822470901462,0.386128407951329,0.199207241387581,0.991555671194646,"HSPA12A-206","HSPA12A","OPC"
0.630834116130764,0.796063560992775,23.5690046859382,0.792441894142282,0.436007359533204,0.733519477205587,0.600601889009344,0.991555671194646,"HSPA5-201","HSPA5","OPC"
-0.630834116130764,0.796063560992776,23.5690046859382,-0.79244189414228,0.436007359533205,0.733519477205587,0.590801128607894,0.991555671194646,"HSPA5-206","HSPA5","OPC"
-0.155796299631247,0.495171762960806,24.5690046859382,-0.314630823655385,0.755698392821576,0.916816075081703,0.826643853931557,0.996363625621488,"HSPA9-220","HSPA9","OPC"
-0.0986333214106051,0.505599625417079,24.5690046859382,-0.195081872003447,0.84693314009827,0.943767234536682,0.889797957533991,0.996363625621488,"HSPA9-201","HSPA9","OPC"
0.816735209957485,0.667687012275312,24.5690046859382,1.22323063792158,0.232845933884012,0.581392425474969,0.420464652819397,0.991555671194646,"HSPA9-207","HSPA9","OPC"
-0.272429874553033,0.590116841213977,24.5690046859382,-0.461654125973758,0.648390905599767,0.857283967525618,0.750722973715977,0.996363625621488,"HSPA9-211","HSPA9","OPC"
-0.222044240932043,0.593421248121448,24.5690046859382,-0.374176424647672,0.711482981333812,0.898703702885745,0.795624474148471,0.996363625621488,"HSPA9-209","HSPA9","OPC"
-0.610484426123686,0.466421997079114,22.5690046859382,-1.30886714165871,0.203750785745603,0.55827266668668,0.382769719374856,0.991555671194646,"HSPD1-202","HSPD1","OPC"
1.8045375627662,0.752600479687615,22.5690046859382,2.39773639729172,0.0251803548113875,0.310684912817003,0.129057123918639,0.991555671194646,"HSPD1-201","HSPD1","OPC"
-0.502766021365494,0.470129259356254,22.5690046859382,-1.0694208270592,0.296184986769484,0.629574286722084,0.472349268845362,0.991555671194646,"HSPD1-211","HSPD1","OPC"
-0.853351592632527,0.624207651636884,22.5690046859382,-1.36709569386846,0.185058785432236,0.545398341528028,0.362895735021083,0.991555671194646,"HSPD1-210","HSPD1","OPC"
0.160720324147401,0.808007891175493,19.5690046859382,0.198909349652,0.844385731057921,0.943767234536682,0.899228524126184,0.996363625621488,"HSPH1-202","HSPH1","OPC"
-0.160720324147401,0.808007891175493,19.5690046859382,-0.198909349651999,0.844385731057921,0.943767234536682,0.888046694443946,0.996363625621488,"HSPH1-201","HSPH1","OPC"
-1.52614360537834,0.569982226235418,23.5690046859382,-2.67752841252282,0.01328419995853,0.285707325853169,0.0903213267437837,0.991555671194646,"HTRA1-201","HTRA1","OPC"
1.52614360537834,0.569982226235417,23.5690046859382,2.67752841252282,0.0132841999585299,0.285707325853169,0.0930420112864335,0.991555671194646,"HTRA1-202","HTRA1","OPC"
-1.53853696471866,0.646019590670869,20.5690046859382,-2.38156394471093,0.0269903671523308,0.310684912817003,0.130127016157316,0.991555671194646,"IDH1-201","IDH1","OPC"
1.53853696471866,0.64601959067087,20.5690046859382,2.38156394471093,0.0269903671523308,0.310684912817003,0.133754102344593,0.991555671194646,"IDH1-207","IDH1","OPC"
0.808259987651188,0.644129822572525,24.5690046859382,1.25480913835531,0.22135366606041,0.574462635564039,0.408822975395411,0.991555671194646,"IDS-203","IDS","OPC"
-0.808259987651188,0.644129822572525,24.5690046859382,-1.25480913835531,0.221353666060409,0.574462635564039,0.400848393634575,0.991555671194646,"IDS-201","IDS","OPC"
-1.21174394904936,0.770022754859582,19.5690046859382,-1.5736469362783,0.131598137874971,0.481668999660832,0.30105680672497,0.991555671194646,"transcript12509.chr12.nnic","IFFO1","OPC"
1.21174394904936,0.770022754859582,19.5690046859382,1.5736469362783,0.131598137874971,0.481668999660832,0.307714483569611,0.991555671194646,"IFFO1-204","IFFO1","OPC"
1.28722458725681,0.574311227878289,21.5690046859382,2.2413362733866,0.0356369130393047,0.33049749245704,0.154413115542442,0.991555671194646,"IFIT3-202","IFIT3","OPC"
-1.28722458725681,0.574311227878289,21.5690046859382,-2.2413362733866,0.0356369130393048,0.33049749245704,0.150361564077679,0.991555671194646,"IFIT3-201","IFIT3","OPC"
0.801272037991918,0.684838037653293,20.5690046859382,1.17001684184717,0.255373040793581,0.592678846054001,0.442666628819827,0.991555671194646,"IFT81-201","IFT81","OPC"
-0.801272037991917,0.684838037653293,20.5690046859382,-1.17001684184717,0.255373040793581,0.592678846054001,0.434309618119097,0.991555671194646,"IFT81-209","IFT81","OPC"
0.774364279317119,0.661105097989374,21.5690046859382,1.17131796694989,0.254248580565469,0.592678846054001,0.441576437556938,0.991555671194646,"transcript304463.chr3.nic","IL1RAP","OPC"
-0.0260506771999442,0.573586229247898,21.5690046859382,-0.0454171942623213,0.964192649965947,0.985777603054869,0.969966581005007,0.996363625621488,"IL1RAP-208","IL1RAP","OPC"
-0.689873855214974,0.514679776010464,21.5690046859382,-1.34039433327364,0.194066253414662,0.547938915417399,0.37256609658945,0.991555671194646,"IL1RAP-201","IL1RAP","OPC"
-1.14909369699984,0.705404039617116,19.5690046859382,-1.62898655588016,0.119308449022654,0.476137546941863,0.285462481332635,0.991555671194646,"ILDR2-201","ILDR2","OPC"
1.14909369699984,0.705404039617116,19.5690046859382,1.62898655588016,0.119308449022654,0.476137546941863,0.291888244625409,0.991555671194646,"transcript253745.chr1.nic","ILDR2","OPC"
0.895237322570037,0.678792097141285,23.5690046859382,1.31886821655748,0.199884888323728,0.554739104336141,0.386425788542019,0.991555671194646,"ILF3-216","ILF3","OPC"
-0.895237322570036,0.678792097141285,23.5690046859382,-1.31886821655748,0.199884888323729,0.554739104336141,0.378719730801568,0.991555671194646,"ILF3-207","ILF3","OPC"
-0.468675358184114,0.524907604256303,20.5690046859382,-0.892872106221704,0.382253279086214,0.695254670628038,0.547007465459474,0.991555671194646,"ILVBL-201","ILVBL","OPC"
0.468675358184115,0.524907604256303,20.5690046859382,0.892872106221705,0.382253279086213,0.695254670628038,0.556458382740581,0.991555671194646,"transcript33673.chr19.nic","ILVBL","OPC"
1.3609765531356,0.878688650802715,16.5690046859382,1.54887234732382,0.140300289820965,0.488348561723862,0.31854884790253,0.991555671194646,"IPO5-222","IPO5","OPC"
-1.3609765531356,0.878688650802715,16.5690046859382,-1.54887234732382,0.140300289820965,0.488348561723862,0.311736667176804,0.991555671194646,"transcript83090.chr13.nic","IPO5","OPC"
0.117109408146437,0.764469987069954,23.5690046859382,0.153190328106002,0.879552196855163,0.955843630110324,0.923398750192689,0.996363625621488,"IRF9-208","IRF9","OPC"
-0.117109408146437,0.764469987069955,23.5690046859382,-0.153190328106001,0.879552196855164,0.955843630110324,0.912176469328829,0.996363625621488,"IRF9-202","IRF9","OPC"
-0.535674772524363,0.713471309958344,21.5690046859382,-0.750800719030508,0.460885842156055,0.746913715360764,0.610497861097739,0.991555671194646,"ITPRID2-213","ITPRID2","OPC"
-0.503355934287545,0.537727839290128,21.5690046859382,-0.936079364892175,0.359595691519841,0.679904849540276,0.527961268842718,0.991555671194646,"ITPRID2-212","ITPRID2","OPC"
0.897941593170876,0.569253683708237,21.5690046859382,1.57740146242269,0.129257953644881,0.481668999660832,0.304750348166834,0.991555671194646,"ITPRID2-205","ITPRID2","OPC"
1.1306850085561,0.718494328676318,17.5690046859382,1.57368675496599,0.133394826153056,0.483486671703566,0.309975287686459,0.991555671194646,"JMJD1C-201","JMJD1C","OPC"
-1.1306850085561,0.718494328676318,17.5690046859382,-1.57368675496599,0.133394826153056,0.483486671703566,0.303285088347144,0.991555671194646,"JMJD1C-202","JMJD1C","OPC"
0.157211193906496,0.418647345456437,23.5690046859382,0.375521774144043,0.71063097413366,0.898703702885745,0.80595108667922,0.996363625621488,"KANK1-224","KANK1","OPC"
-0.40234447768684,0.427081422917703,23.5690046859382,-0.942079088662139,0.355709051684275,0.678703424264442,0.524654672535939,0.991555671194646,"KANK1-233","KANK1","OPC"
-0.840460919560193,1.27532945770719,23.5690046859382,-0.659014746723714,0.516273778868834,0.784722774393254,0.653271213115998,0.991555671194646,"transcript571.chr9.nic","KANK1","OPC"
0.661682739131888,0.809906212723389,23.5690046859382,0.816986866796484,0.422117797782724,0.723709855935382,0.589371659206228,0.991555671194646,"KANK1-217","KANK1","OPC"
0.297920196116914,0.515494467972296,23.5690046859382,0.577930927733884,0.568791878200385,0.807948394969143,0.703139166371355,0.991982095627542,"KANK1-201","KANK1","OPC"
1.63558716764626,1.13707049162436,23.5690046859382,1.43842196213337,0.163461865639432,0.522036301294559,0.346107665671987,0.991555671194646,"KANK1-229","KANK1","OPC"
-0.68496343444421,0.562608198264123,23.5690046859382,-1.21747858733236,0.23547181026932,0.585533909887259,0.414954233451569,0.991555671194646,"KANK1-211","KANK1","OPC"
0.153437921424796,0.847015152960062,23.5690046859382,0.181151329924355,0.857797595368276,0.947549614909744,0.908459251868957,0.996363625621488,"KANK1-241","KANK1","OPC"
-0.958830338089572,0.530378413039274,21.5690046859382,-1.80782308351334,0.0846012270779319,0.423240413641411,0.237276075414159,0.991555671194646,"KANSL1-221","KANSL1","OPC"
0.958830338089571,0.530378413039274,21.5690046859382,1.80782308351334,0.0846012270779322,0.423240413641411,0.242934912392672,0.991555671194646,"KANSL1-226","KANSL1","OPC"
1.26377099039562,0.739563703197207,24.5690046859382,1.7088061311449,0.10009162183362,0.448947962992111,0.265680650215989,0.991555671194646,"KAT2A-201","KAT2A","OPC"
-1.26377099039561,0.739563703197207,24.5690046859382,-1.7088061311449,0.100091621833621,0.448947962992111,0.259655827462608,0.991555671194646,"KAT2A-202","KAT2A","OPC"
-0.651350051855161,0.659335596135659,19.5690046859382,-0.987888498168003,0.335265482010777,0.655289768712672,0.507057107818062,0.991555671194646,"KAT6A-211","KAT6A","OPC"
0.651350051855161,0.659335596135658,19.5690046859382,0.987888498168003,0.335265482010776,0.655289768712672,0.51615306494982,0.991555671194646,"KAT6A-207","KAT6A","OPC"
0.913209063291635,0.736324806349267,19.5690046859382,1.24022585605851,0.229557400517022,0.577772513616122,0.417156403812971,0.991555671194646,"KCNH8-201","KCNH8","OPC"
-0.913209063291635,0.736324806349267,19.5690046859382,-1.24022585605851,0.229557400517022,0.577772513616122,0.40908508730154,0.991555671194646,"KCNH8-202","KCNH8","OPC"
0.871554837689836,0.992566621592097,17.5690046859382,0.878081953120531,0.391749665840049,0.703098918167472,0.564396606031876,0.991555671194646,"KCNMA1-201","KCNMA1","OPC"
-0.871554837689837,0.992566621592098,17.5690046859382,-0.878081953120532,0.391749665840049,0.703098918167472,0.554879817591196,0.991555671194646,"KCNMA1-255","KCNMA1","OPC"
-0.875515500196655,0.83823997016898,22.5690046859382,-1.04446880529947,0.307327380657939,0.637077714448301,0.482400124299795,0.991555671194646,"transcript55074.chr10.nic","KIAA1217","OPC"
-0.166148697549056,0.633183862307965,22.5690046859382,-0.262401977434234,0.795391875295292,0.927031523987905,0.854240977159103,0.996363625621488,"transcript56074.chr10.nic","KIAA1217","OPC"
0.731855561856299,0.704600417032429,22.5690046859382,1.03868170407656,0.309953445696561,0.637077714448301,0.493632468131393,0.991555671194646,"transcript55214.chr10.nic","KIAA1217","OPC"
0.636612510340322,0.98361949814896,21.5690046859382,0.647214203803748,0.524322429099122,0.786795769528906,0.669646427685386,0.991555671194646,"KIDINS220-217","KIDINS220","OPC"
-0.985740990795218,0.642109469384461,21.5690046859382,-1.53516033915552,0.139284134718712,0.487352787614777,0.310503899901047,0.991555671194646,"KIDINS220-224","KIDINS220","OPC"
0.763599678877702,0.674018575276052,21.5690046859382,1.13290598640395,0.269690661451522,0.609621602176166,0.456394633913089,0.991555671194646,"KIDINS220-232","KIDINS220","OPC"
0.803325618603327,1.39666568974521,21.5690046859382,0.575173876255151,0.571125705661065,0.808469842358132,0.704877254332797,0.991982095627542,"KIDINS220-230","KIDINS220","OPC"
-0.377646797778919,0.497597520976936,21.5690046859382,-0.758940271722984,0.456102678721214,0.743341826608808,0.606736200414416,0.991555671194646,"KIDINS220-218","KIDINS220","OPC"
-0.250188204917178,0.569580146906631,24.5690046859382,-0.439250220141873,0.66431933168295,0.869945158639734,0.762139681562392,0.996363625621488,"KIF19-203","KIF19","OPC"
1.74564000887132,0.572543383490967,24.5690046859382,3.04892180960618,0.00543242680075532,0.248585873189572,0.0591947298041297,0.991555671194646,"KIF19-205","KIF19","OPC"
-0.729170769922368,0.390469674537749,24.5690046859382,-1.86741971904882,0.0738182545261786,0.407564345964452,0.220636568770443,0.991555671194646,"KIF19-202","KIF19","OPC"
0.672573767231657,0.763669393756694,24.5690046859382,0.880713267717967,0.387007390986026,0.697952429695213,0.560440485665443,0.991555671194646,"KIF19-201","KIF19","OPC"
0.78493561867219,0.534838002826487,24.5690046859382,1.46761377187859,0.154895153562239,0.507712064840319,0.336113918427398,0.991555671194646,"KIF21A-201","KIF21A","OPC"
-0.784935618672189,0.534838002826487,24.5690046859382,-1.46761377187858,0.15489515356224,0.507712064840319,0.329058386135714,0.991555671194646,"KIF21A-202","KIF21A","OPC"
-0.806055318292468,0.519780051879337,20.5690046859382,-1.55076231836536,0.136209378556336,0.486093367766689,0.306751028750316,0.991555671194646,"KLHL24-205","KLHL24","OPC"
0.806055318292467,0.519780051879337,20.5690046859382,1.55076231836536,0.136209378556336,0.486093367766689,0.313491513497576,0.991555671194646,"KLHL24-201","KLHL24","OPC"
3.18267277619454,1.14497976143604,10.5690046859382,2.77967601121858,0.0185397411563299,0.293981606025316,0.110294650862934,0.991555671194646,"KLHL4-202","KLHL4","OPC"
-3.18267277619454,1.14497976143604,10.5690046859382,-2.77967601121858,0.0185397411563299,0.293981606025316,0.107177442665347,0.991555671194646,"KLHL4-203","KLHL4","OPC"
-1.83649536306628,0.776360626434292,16.5690046859382,-2.36551842086715,0.0304924184525684,0.315036915281045,0.138636093629302,0.991555671194646,"KLHL42-201","KLHL42","OPC"
1.83649536306628,0.776360626434292,16.5690046859382,2.36551842086715,0.0304924184525684,0.315036915281045,0.142444364994864,0.991555671194646,"transcript44618.chr12.nnic","KLHL42","OPC"
1.22681184809932,0.54984336997698,21.5690046859382,2.23120240251452,0.0363968293319459,0.33280749908439,0.156111725407832,0.991555671194646,"KMT2C-215","KMT2C","OPC"
-0.869257265565356,0.596720147988022,21.5690046859382,-1.45672518096842,0.159596936629046,0.518964547197405,0.334495946127182,0.991555671194646,"KMT2C-240","KMT2C","OPC"
-0.257791183825524,0.64313683430039,21.5690046859382,-0.400834115038601,0.692485261857883,0.889850390730593,0.782190647291265,0.996363625621488,"KMT2C-266","KMT2C","OPC"
0.0305400407456918,0.590245983772455,21.5690046859382,0.0517412088948077,0.959211105540579,0.984523096116089,0.977847416880152,0.998122894849346,"KMT2C-250","KMT2C","OPC"
0.0838637457787229,0.615545131296592,21.5690046859382,0.136243049477252,0.89289277921734,0.96154963810239,0.932542183164581,0.996363625621488,"KMT2C-222","KMT2C","OPC"
0.152997941735462,0.657854050804953,22.5690046859382,0.232571254289995,0.818190485702729,0.93272283715718,0.881147948586849,0.996363625621488,"KMT2E-206","KMT2E","OPC"
-0.152997941735463,0.657854050804953,22.5690046859382,-0.232571254289996,0.818190485702729,0.93272283715718,0.870003187727996,0.996363625621488,"KMT2E-201","KMT2E","OPC"
-0.169559305218774,0.987442692546281,21.5690046859382,-0.17171559068561,0.865262008097572,0.950881573184675,0.902382542588228,0.996363625621488,"KRIT1-263","KRIT1","OPC"
-2.37954612790954,0.913026028682061,21.5690046859382,-2.6062193772771,0.0162758567693437,0.293615070696374,0.100235073679956,0.991555671194646,"KRIT1-253","KRIT1","OPC"
2.19934884778319,0.827045200343182,21.5690046859382,2.65928494219007,0.014471744824489,0.285707325853169,0.097188883856665,0.991555671194646,"KRIT1-207","KRIT1","OPC"
0.175672431029347,0.783579432738915,20.5690046859382,0.22419224355507,0.824819649804471,0.935784939614567,0.885730476131754,0.996363625621488,"KTN1-205","KTN1","OPC"
-0.175672431029347,0.783579432738914,20.5690046859382,-0.224192243555072,0.82481964980447,0.935784939614567,0.874575767811242,0.996363625621488,"KTN1-207","KTN1","OPC"
0.755667537451875,0.84662577712509,18.5690046859382,0.892563819658215,0.38351220597369,0.6959838501166,0.557514464965741,0.991555671194646,"transcript160124.chr6.nic","LAMA4","OPC"
-0.755667537451874,0.846625777125091,18.5690046859382,-0.892563819658214,0.383512205973691,0.6959838501166,0.54805470861553,0.991555671194646,"transcript160100.chr6.nic","LAMA4","OPC"
-0.610292796895631,0.575928715314609,23.5690046859382,-1.05966724816326,0.300035403937481,0.631129347502597,0.475837379381426,0.991555671194646,"LAMP2-201","LAMP2","OPC"
0.610292796895632,0.575928715314609,23.5690046859382,1.05966724816326,0.300035403937481,0.631129347502597,0.484631248082333,0.991555671194646,"LAMP2-202","LAMP2","OPC"
-0.664754395023829,0.632508506191948,16.5690046859382,-1.05098095680328,0.308355090410888,0.637077714448301,0.483320622974182,0.991555671194646,"LANCL1-207","LANCL1","OPC"
0.66475439502383,0.632508506191948,16.5690046859382,1.05098095680328,0.308355090410887,0.637077714448301,0.492188920961101,0.991555671194646,"LANCL1-204","LANCL1","OPC"
-0.693147180506059,0.833098838010048,14.5690046859382,-0.832010739760148,0.418832169092507,0.722899152439342,0.577003227524575,0.991555671194646,"LARS1-230","LARS1","OPC"
0.693147180506059,0.833098838010048,14.5690046859382,0.832010739760148,0.418832169092507,0.722899152439342,0.586698102761715,0.991555671194646,"LARS1-226","LARS1","OPC"
0.0281913292570236,0.362587537904238,24.5690046859382,0.0777504086874302,0.9386563399876,0.976215505944963,0.963826388909916,0.996363625621488,"LATS1-207","LATS1","OPC"
-0.0281913292570242,0.362587537904238,24.5690046859382,-0.0777504086874317,0.938656339987599,0.976215505944963,0.952559653848897,0.996363625621488,"LATS1-202","LATS1","OPC"
0.105360515657826,0.673542512444085,18.5690046859382,0.156427417291752,0.877384291771146,0.955843630110324,0.921911681508362,0.996363625621488,"LCOR-204","LCOR","OPC"
1.24268731650663,0.858927830259104,18.5690046859382,1.44678897659162,0.16462673797755,0.523830621696574,0.347449917211789,0.991555671194646,"LCOR-223","LCOR","OPC"
-1.09215207214836,0.670838589632761,18.5690046859382,-1.62804002188699,0.120364817498306,0.477428789041985,0.286828364385563,0.991555671194646,"LCOR-203","LCOR","OPC"
-0.0289875368732527,0.735171243702889,17.5690046859382,-0.0394296391780086,0.968992451789682,0.988408457829846,0.973236896583481,0.998122894849346,"LCORL-203","LCORL","OPC"
0.0289875368732526,0.735171243702889,17.5690046859382,0.0394296391780084,0.968992451789682,0.988408457829846,0.984515168886101,0.998122894849346,"LCORL-207","LCORL","OPC"
-0.553265602355736,0.613280374930976,20.5690046859382,-0.902141377698585,0.377425031549341,0.692167228865295,0.54298060435787,0.991555671194646,"transcript45367.chr11.nic","LDLRAD3","OPC"
0.553265602355735,0.613280374930976,20.5690046859382,0.902141377698584,0.377425031549341,0.692167228865295,0.552397314541658,0.991555671194646,"LDLRAD3-201","LDLRAD3","OPC"
-0.946927701336019,0.743356170606334,19.5690046859382,-1.27385463224666,0.2176372563876,0.568299288723534,0.397078875970984,0.991555671194646,"LEMD3-201","LEMD3","OPC"
0.946927701336019,0.743356170606335,19.5690046859382,1.27385463224666,0.217637256387601,0.568299288723534,0.405008610922972,0.991555671194646,"transcript90801.chr12.nic","LEMD3","OPC"
0.0625902577223106,0.585721098348224,24.5690046859382,0.106860172697927,0.915767704045366,0.969330071788069,0.948193475832703,0.996363625621488,"LENG8-202","LENG8","OPC"
-0.0625902577223097,0.585721098348225,24.5690046859382,-0.106860172697925,0.915767704045367,0.969330071788069,0.936940491381125,0.996363625621488,"LENG8-201","LENG8","OPC"
0.280713403609492,0.774134180081661,22.5690046859382,0.362615953192869,0.720265542388028,0.902409617049616,0.812763702840451,0.996363625621488,"LIMA1-203","LIMA1","OPC"
-0.280713403609493,0.774134180081661,22.5690046859382,-0.36261595319287,0.720265542388028,0.902409617049616,0.801812189750004,0.996363625621488,"LIMA1-214","LIMA1","OPC"
0.675650834840168,0.452159399456801,22.5690046859382,1.49427577011969,0.148954615033243,0.499582659944185,0.329050458398907,0.991555671194646,"LINC00461-218","LINC00461","OPC"
-0.675650834840169,0.452159399456801,22.5690046859382,-1.49427577011969,0.148954615033243,0.499582659944185,0.322091739190707,0.991555671194646,"LINC00461-237","LINC00461","OPC"
2.47387896911094,0.830009537666486,21.5690046859382,2.98054282131031,0.00699594395658338,0.248585873189572,0.0672363376423361,0.991555671194646,"LINC00632-201","LINC00632","OPC"
-2.47387896911094,0.830009537666487,21.5690046859382,-2.98054282131031,0.00699594395658345,0.248585873189572,0.0651494448265616,0.991555671194646,"LINC00632-212","LINC00632","OPC"
-1.39947412165324,0.541993572835407,19.5690046859382,-2.58208619399668,0.0179976849689599,0.293981606025316,0.10555307084032,0.991555671194646,"LINC00667-204","LINC00667","OPC"
2.43741149999286,0.800359044819276,19.5690046859382,3.04539758221041,0.00649943654560054,0.248585873189572,0.0647867483780148,0.991555671194646,"LINC00667-229","LINC00667","OPC"
-0.619350492455427,0.609451767805639,19.5690046859382,-1.01624201482823,0.321914858589684,0.645812256724186,0.495367144367646,0.991555671194646,"LINC00667-217","LINC00667","OPC"
-0.651989108021974,0.917341448175109,14.5690046859382,-0.710737653159565,0.488469635061857,0.768226837037538,0.631972485155384,0.991555671194646,"LINC02470-202","LINC02470","OPC"
0.651989108021973,0.917341448175109,14.5690046859382,0.710737653159565,0.488469635061857,0.768226837037538,0.642066009305627,0.991555671194646,"LINC02470-204","LINC02470","OPC"
0.232389330794788,0.736776229852093,22.5690046859382,0.315413719090041,0.755345604281253,0.916816075081703,0.837428522223856,0.996363625621488,"LMAN2-209","LMAN2","OPC"
-0.232389330794788,0.736776229852093,22.5690046859382,-0.315413719090042,0.755345604281253,0.916816075081703,0.826397592383551,0.996363625621488,"LMAN2-201","LMAN2","OPC"
-0.629978436906606,0.562194611454132,20.5690046859382,-1.12057003761945,0.275384459169998,0.612270349542155,0.453217305553228,0.991555671194646,"LMBRD1-223","LMBRD1","OPC"
0.629978436906605,0.562194611454132,20.5690046859382,1.12057003761944,0.275384459169999,0.612270349542155,0.461778285846922,0.991555671194646,"LMBRD1-229","LMBRD1","OPC"
-1.46035429106428,0.288828445204681,23.5690046859382,-5.05613043074546,3.79157360976693e-05,0.0247021020676316,0.00490201044222183,0.991555671194646,"LMNA-238","LMNA","OPC"
1.71810511380133,0.525446529711095,23.5690046859382,3.26980009696893,0.00329383676958721,0.199621828408006,0.0460603737914454,0.991555671194646,"LMNA-242","LMNA","OPC"
0.0802755483941085,0.445279212555717,23.5690046859382,0.180281374316489,0.85847281403032,0.947549614909744,0.908923538886665,0.996363625621488,"LMNA-205","LMNA","OPC"
-0.809036821947805,0.823423458827841,20.5690046859382,-0.982528264496477,0.337256249644744,0.657359601027826,0.508786437289746,0.991555671194646,"transcript303258.chr3.nnic","LPP","OPC"
0.809036821947804,0.823423458827841,20.5690046859382,0.982528264496477,0.337256249644744,0.657359601027826,0.517898485863913,0.991555671194646,"LPP-220","LPP","OPC"
-0.878580398222977,0.826038458896915,20.5690046859382,-1.06360713446227,0.299834589490781,0.631129347502597,0.475655854665566,0.991555671194646,"LRBA-201","LRBA","OPC"
0.878580398222977,0.826038458896915,20.5690046859382,1.06360713446227,0.299834589490781,0.631129347502597,0.484447901887661,0.991555671194646,"LRBA-209","LRBA","OPC"
0.820195929936405,0.851882030860487,16.5690046859382,0.962804590569805,0.34948774250504,0.671160690470254,0.528545295445001,0.991555671194646,"LRP12-201","LRP12","OPC"
-0.820195929936405,0.851882030860487,16.5690046859382,-0.962804590569806,0.34948774250504,0.671160690470254,0.51933651503006,0.991555671194646,"LRP12-202","LRP12","OPC"
1.77542304990832,1.02951842391346,15.5690046859382,1.7245179966372,0.104406658181342,0.457460983206278,0.271740296381346,0.991555671194646,"LRPPRC-260","LRPPRC","OPC"
-1.77542304990832,1.02951842391346,15.5690046859382,-1.7245179966372,0.104406658181342,0.457460983206278,0.26562084277531,0.991555671194646,"LRPPRC-266","LRPPRC","OPC"
-0.324049716622656,0.597003822598432,21.5690046859382,-0.542793369751376,0.592837324287101,0.827461818128113,0.710402590072369,0.995538879570187,"LRRC4C-201","LRRC4C","OPC"
-0.760010125789014,0.836474953386343,21.5690046859382,-0.908586829422957,0.373609142989174,0.689852759983216,0.539786147350634,0.991555671194646,"LRRC4C-202","LRRC4C","OPC"
1.09771703304574,0.635335449111437,21.5690046859382,1.72777551540841,0.0983215253172891,0.447165610779853,0.263162527898016,0.991555671194646,"LRRC4C-203","LRRC4C","OPC"
-0.282388490650496,0.336464855825832,24.5690046859382,-0.839280791919236,0.409404166333333,0.719424988175769,0.569354442481222,0.991555671194646,"LRRC7-205","LRRC7","OPC"
0.732496519224773,0.572341048533031,24.5690046859382,1.27982523899384,0.212560078987018,0.563511257212787,0.399756469743423,0.991555671194646,"LRRC7-202","LRRC7","OPC"
1.02022165472238,0.479429742170402,24.5690046859382,2.12798991173095,0.04355803804981,0.347132254305214,0.171386140681187,0.991555671194646,"LRRC7-214","LRRC7","OPC"
-0.954201708129786,0.439607190322269,24.5690046859382,-2.17057802769394,0.0398398534713537,0.335995657431546,0.159378129726616,0.991555671194646,"LRRC7-201","LRRC7","OPC"
-1.36405362217946,0.797217518160792,24.5690046859382,-1.71101812379434,0.0996766488002396,0.448947962992111,0.259076475773874,0.991555671194646,"LRRK2-201","LRRK2","OPC"
0.955760712436689,0.80374581689122,24.5690046859382,1.18913304722809,0.245753458823282,0.590733387627976,0.433280666329067,0.991555671194646,"LRRK2-211","LRRK2","OPC"
0.759115444166012,0.562429592264131,24.5690046859382,1.34970750936148,0.189415577329437,0.545398341528028,0.375161890184685,0.991555671194646,"LRRK2-213","LRRK2","OPC"
0.77332667124492,0.769379786163033,24.5690046859382,1.0051299568209,0.324631558798911,0.647279491998276,0.506767559551164,0.991555671194646,"LRRK2-219","LRRK2","OPC"
-0.41549409458065,0.350140545251816,24.5690046859382,-1.18664947608919,0.24671404221932,0.590733387627976,0.425959898215922,0.991555671194646,"LRRK2-206","LRRK2","OPC"
0.4418298073738,0.421864262565089,24.5690046859382,1.04732694039384,0.305143348701372,0.637077714448301,0.489280128741273,0.991555671194646,"LRRK2-217","LRRK2","OPC"
-1.31635603454498,0.52242480004069,17.5690046859382,-2.51970433724137,0.0216729718346355,0.297108940820524,0.11616212697739,0.991555671194646,"LRRN3-203","LRRN3","OPC"
1.31635603454498,0.52242480004069,17.5690046859382,2.51970433724137,0.0216729718346355,0.297108940820524,0.11948281675027,0.991555671194646,"LRRN3-201","LRRN3","OPC"
2.10413415426802,0.790572009297415,21.5690046859382,2.66153383818632,0.0143996156675814,0.285707325853169,0.0969417316500528,0.991555671194646,"LSM8-201","LSM8","OPC"
-2.10413415426802,0.790572009297415,21.5690046859382,-2.66153383818632,0.0143996156675814,0.285707325853169,0.0941296743252135,0.991555671194646,"LSM8-204","LSM8","OPC"
0.38428726662774,0.735318890133881,20.5690046859382,0.522613075475013,0.606827414219933,0.832311706030077,0.731245796251377,0.996363625621488,"LUC7L2-202","LUC7L2","OPC"
-0.406414325075497,0.625191936195248,20.5690046859382,-0.650063287042419,0.522846130773482,0.786795769528906,0.658258905711997,0.991555671194646,"LUC7L2-207","LUC7L2","OPC"
0.0700777644601323,0.627364424381653,20.5690046859382,0.111701846226303,0.912142683798577,0.969330071788069,0.945715226822134,0.996363625621488,"transcript205062.chr7.nnic","LUC7L2","OPC"
-0.124170949864963,0.351002121113963,24.5690046859382,-0.353761252128294,0.726535595245728,0.905043862911265,0.806221391697364,0.996363625621488,"LUC7L3-208","LUC7L3","OPC"
0.124170949864963,0.351002121113963,24.5690046859382,0.353761252128294,0.726535595245728,0.905043862911265,0.817187961287462,0.996363625621488,"LUC7L3-202","LUC7L3","OPC"
-0.375205669733098,0.557694486447275,24.5690046859382,-0.672779951839403,0.507366338438763,0.782828110107411,0.646483534742015,0.991555671194646,"MACF1-226","MACF1","OPC"
0.793530294491731,0.614675367179075,24.5690046859382,1.29097461336945,0.208728232528521,0.559524776296747,0.395760130776675,0.991555671194646,"MACF1-239","MACF1","OPC"
-0.796029318550042,0.349151230998718,24.5690046859382,-2.27989835886606,0.0315703621684348,0.316432168503619,0.141163687498587,0.991555671194646,"MACF1-203","MACF1","OPC"
0.178892119332064,0.628841913433935,24.5690046859382,0.28447868297325,0.778427560152174,0.925522794018869,0.853549110071481,0.996363625621488,"MACF1-216","MACF1","OPC"
-0.795506495106305,0.573408994638315,24.5690046859382,-1.38732824658267,0.1777985865967,0.537925972026285,0.354965609792065,0.991555671194646,"MACF1-247","MACF1","OPC"
1.00632624181011,0.867093931332777,24.5690046859382,1.16057350356878,0.256968576578636,0.593670310783623,0.44421045110473,0.991555671194646,"MACF1-256","MACF1","OPC"
0.944876941968209,0.412738683386835,24.5690046859382,2.28928612703509,0.030938606012039,0.316172134475477,0.143517590909958,0.991555671194646,"MACF1-223","MACF1","OPC"
0.267077435923762,0.651912308440944,24.5690046859382,0.409683070047382,0.685588517925298,0.886806965029639,0.788157569078377,0.996363625621488,"MACF1-214","MACF1","OPC"
-0.299234089206676,0.627589798555016,24.5690046859382,-0.476798842007379,0.637718909599273,0.851380880335915,0.743040065082834,0.996363625621488,"MACF1-225","MACF1","OPC"
-0.313053758294978,0.419259974344675,24.5690046859382,-0.746681718865,0.462341695696583,0.747433287211721,0.611640498728342,0.991555671194646,"MACF1-205","MACF1","OPC"
-0.141463033260781,0.558489816069934,20.5690046859382,-0.253295636178739,0.802554205102752,0.930363104313955,0.859199143349702,0.996363625621488,"MACROH2A1-217","MACROH2A1","OPC"
0.141463033260781,0.558489816069934,20.5690046859382,0.25329563617874,0.802554205102751,0.930363104313955,0.870318904482442,0.996363625621488,"MACROH2A1-202","MACROH2A1","OPC"
0.572929834257754,0.598972109131765,22.5690046859382,0.956521723671308,0.348943416164535,0.671104459427881,0.52807425279134,0.991555671194646,"MACROH2A2-201","MACROH2A2","OPC"
-0.572929834257753,0.598972109131765,22.5690046859382,-0.956521723671306,0.348943416164535,0.671104459427881,0.518869700524958,0.991555671194646,"MACROH2A2-209","MACROH2A2","OPC"
1.81975445018852,0.973336741222176,21.5690046859382,1.8696041905328,0.0751758801687344,0.408994454529691,0.22819938646756,0.991555671194646,"MAEA-220","MAEA","OPC"
-1.81975445018852,0.973336741222176,21.5690046859382,-1.8696041905328,0.0751758801687342,0.408994454529691,0.222787100481598,0.991555671194646,"MAEA-202","MAEA","OPC"
-0.790785650122332,0.667969978811625,21.5690046859382,-1.18386405857522,0.24935024036484,0.590733387627976,0.428513296180442,0.991555671194646,"MAGED1-204","MAGED1","OPC"
0.790785650122332,0.667969978811625,21.5690046859382,1.18386405857522,0.24935024036484,0.590733387627976,0.436806046797031,0.991555671194646,"MAGED1-201","MAGED1","OPC"
0.869909012589257,0.486885757944216,23.5690046859382,1.78667993137093,0.0868601168981125,0.424685674740115,0.246358018117363,0.991555671194646,"MAGED2-204","MAGED2","OPC"
-0.869909012589256,0.486885757944216,23.5690046859382,-1.78667993137093,0.0868601168981125,0.424685674740115,0.240642989701061,0.991555671194646,"MAGED2-206","MAGED2","OPC"
-1.03420071025919,0.441235782777234,24.5690046859382,-2.34387316402516,0.0274880605128759,0.310684912817003,0.131366006563664,0.991555671194646,"MAGED4-203","MAGED4","OPC"
1.88933543837748,0.633090439193023,24.5690046859382,2.98430575066928,0.00634186558447882,0.248585873189572,0.0639905623918332,0.991555671194646,"MAGED4-205","MAGED4","OPC"
-0.489653714314593,0.355591800998467,24.5690046859382,-1.3770106986148,0.180927126461029,0.538571895692921,0.358398229437411,0.991555671194646,"MAGED4-209","MAGED4","OPC"
-0.922453849565423,0.394773203214636,23.5690046859382,-2.33666784385031,0.028300397878999,0.310684912817003,0.133366316794729,0.991555671194646,"MAGED4B-201","MAGED4B","OPC"
-0.735517776926865,0.42851007725514,23.5690046859382,-1.71645386180482,0.0991955958030062,0.448947962992111,0.258403583464765,0.991555671194646,"MAGED4B-202","MAGED4B","OPC"
2.01945405237767,0.613628888307092,23.5690046859382,3.29100225047917,0.00312890947100454,0.199423022774215,0.0448925060324139,0.991555671194646,"MAGED4B-203","MAGED4B","OPC"
-0.303276752630625,0.329932913008877,23.5690046859382,-0.919207331771916,0.367299492606614,0.686644532089553,0.534480409356218,0.991555671194646,"MAGED4B-211","MAGED4B","OPC"
-1.18194627738582,0.603149064088979,20.5690046859382,-1.95962548523736,0.0637305560862325,0.389290660002948,0.204079571012245,0.991555671194646,"MAGI2-AS3-206","MAGI2-AS3","OPC"
1.33370887383965,0.583115317140962,20.5690046859382,2.28721289706276,0.0328950323813899,0.327951072225871,0.148141266979643,0.991555671194646,"MAGI2-AS3-245","MAGI2-AS3","OPC"
0.0223057575351246,0.588439945629593,20.5690046859382,0.037906599816671,0.970127648639503,0.988408457829846,0.985288864151758,0.998122894849346,"transcript111283.chr7.nic","MAGI2-AS3","OPC"
-1.10361981001916,1.36284644371656,24.5690046859382,-0.80979028496382,0.425834610836439,0.726923098776275,0.582649438798814,0.991555671194646,"MALAT1-233","MALAT1","OPC"
0.24956267416536,0.491623034885697,24.5690046859382,0.507630148419275,0.616239682618785,0.839038982708754,0.738132812501295,0.996363625621488,"MALAT1-202","MALAT1","OPC"
0.773068241131544,1.27661104775342,24.5690046859382,0.605562863091298,0.550358664990937,0.797239956068028,0.689344666472685,0.991688576991863,"transcript82370.chr11.nnic","MALAT1","OPC"
-0.438932782758206,0.527458271525196,24.5690046859382,-0.832165891510223,0.413331128454702,0.720710126798615,0.572546967099999,0.991555671194646,"MALAT1-201","MALAT1","OPC"
-0.0807154877424606,1.29952551078186,24.5690046859382,-0.062111506909855,0.950976569151772,0.981094591927758,0.960959733915789,0.996363625621488,"MALAT1-211","MALAT1","OPC"
0.310091663200165,1.70829634506767,24.5690046859382,0.181521001373963,0.857447898845577,0.947549614909744,0.908218781271518,0.996363625621488,"MALAT1-239","MALAT1","OPC"
0.996548625099335,2.43986828031083,24.5690046859382,0.408443616871145,0.68648608239242,0.886806965029639,0.788797568834561,0.996363625621488,"transcript82749.chr11.nnic","MALAT1","OPC"
-0.448037903020031,0.431321387602079,24.5690046859382,-1.03875651868526,0.309033393910892,0.637077714448301,0.483927574988612,0.991555671194646,"transcript88344.chr11.nnic","MALAT1","OPC"
-0.0275819847120614,0.497545987555236,24.5690046859382,-0.0554360509419229,0.956239427360352,0.983021675621727,0.964546836357913,0.996363625621488,"MALAT1-223","MALAT1","OPC"
0.107164637788874,1.51000731472325,24.5690046859382,0.0709696150104511,0.943996476914557,0.976215505944963,0.967470459249357,0.996363625621488,"transcript87313.chr11.nnic","MALAT1","OPC"
-0.873017985993997,0.496022430820445,24.5690046859382,-1.76003731232473,0.0908481262890297,0.434556335010301,0.246496574764275,0.991555671194646,"transcript88241.chr11.nnic","MALAT1","OPC"
-1.33186331738474,0.804176098632297,20.5690046859382,-1.65618366381432,0.112861852201006,0.465061301206958,0.277014780992319,0.991555671194646,"MAN1B1-202","MAN1B1","OPC"
1.33186331738475,0.804176098632298,20.5690046859382,1.65618366381432,0.112861852201006,0.465061301206958,0.283311698728233,0.991555671194646,"MAN1B1-239","MAN1B1","OPC"
1.59212091520287,0.545781288900172,24.5690046859382,2.91714089065095,0.00744040602793039,0.248585873189572,0.0693588102709241,0.991555671194646,"MAP1A-201","MAP1A","OPC"
-1.59212091520287,0.545781288900172,24.5690046859382,-2.91714089065095,0.00744040602793036,0.248585873189572,0.0672176957067222,0.991555671194646,"MAP1A-202","MAP1A","OPC"
-0.465621274141603,0.523406595554419,24.5690046859382,-0.889597643775187,0.382310031853407,0.695254670628038,0.547054699578384,0.991555671194646,"MAP1B-201","MAP1B","OPC"
1.16027513723811,0.995984052072618,24.5690046859382,1.16495352995222,0.255224470580709,0.592678846054001,0.442522689966363,0.991555671194646,"MAP1B-203","MAP1B","OPC"
0.201758654743162,0.492104064606924,24.5690046859382,0.409991847769679,0.685364986173746,0.886806965029639,0.787998154963756,0.996363625621488,"transcript99327.chr5.nnic","MAP1B","OPC"
0.823917411648141,0.770432254142466,18.5690046859382,1.06942227200133,0.298584650567333,0.631071856754639,0.483305693982418,0.991555671194646,"MAP2-202","MAP2","OPC"
-0.82391741164814,0.770432254142466,18.5690046859382,-1.06942227200133,0.298584650567333,0.631071856754639,0.474525011153606,0.991555671194646,"transcript368355.chr2.nic","MAP2","OPC"
-0.466490203743547,0.814949779886728,23.5690046859382,-0.572415890226249,0.572460627498192,0.808581244043517,0.695392168701321,0.991982095627542,"MAP3K1-201","MAP3K1","OPC"
0.466490203743547,0.814949779886728,23.5690046859382,0.572415890226249,0.572460627498192,0.808581244043517,0.705870592032146,0.992178404981539,"transcript76766.chr5.nic","MAP3K1","OPC"
1.44342224946015,0.927303506466855,14.5690046859382,1.55658016970062,0.14102245566848,0.488348561723862,0.319435223466989,0.991555671194646,"MAP3K7-205","MAP3K7","OPC"
-0.985884019944298,0.859254151289753,14.5690046859382,-1.14737184390028,0.269721299811634,0.609621602176166,0.447919026591781,0.991555671194646,"MAP3K7-204","MAP3K7","OPC"
-0.656779536381553,0.810319598297396,14.5690046859382,-0.81051913067578,0.430683356717909,0.72996972106795,0.586542246011792,0.991555671194646,"MAP3K7-201","MAP3K7","OPC"
0.935985683700515,0.59615173625215,24.5690046859382,1.5700460583824,0.129195078875016,0.481668999660832,0.304670401006162,0.991555671194646,"MAP4-202","MAP4","OPC"
-0.935985683700516,0.59615173625215,24.5690046859382,-1.57004605838241,0.129195078875016,0.481668999660832,0.298056751808702,0.991555671194646,"MAP4-215","MAP4","OPC"
-0.407483272264209,0.776339942856693,21.5690046859382,-0.524877376223612,0.605022090891748,0.831175779008293,0.719318505262255,0.996363625621488,"MAP4K5-201","MAP4K5","OPC"
0.407483272264209,0.776339942856692,21.5690046859382,0.524877376223612,0.605022090891748,0.831175779008293,0.729921878236053,0.996363625621488,"MAP4K5-208","MAP4K5","OPC"
0.468585651667501,0.647291532763876,24.5690046859382,0.723917474505935,0.475953444207063,0.756860867581084,0.632300865491129,0.991555671194646,"MAPK10-255","MAPK10","OPC"
0.212252223044391,0.640393569067629,24.5690046859382,0.331440278754542,0.74312249468088,0.914251734768239,0.828858243963672,0.996363625621488,"MAPK10-270","MAPK10","OPC"
-0.809424048068278,0.78442194739589,24.5690046859382,-1.03187328038869,0.312182748023976,0.637077714448301,0.486739545794237,0.991555671194646,"MAPK10-234","MAPK10","OPC"
-0.381682376057006,0.649248138321786,21.5690046859382,-0.587883666549435,0.562715585261919,0.802474787771549,0.688166644372094,0.991555671194646,"MAPRE2-202","MAPRE2","OPC"
0.381682376057007,0.649248138321785,21.5690046859382,0.587883666549437,0.562715585261918,0.802474787771549,0.69860517535253,0.991982095627542,"MAPRE2-201","MAPRE2","OPC"
-1.05221057422819,0.536445197965847,23.5690046859382,-1.96145026224129,0.0617436720305399,0.386991083653722,0.200685974490929,0.991555671194646,"MAPT-213","MAPT","OPC"
1.05221057422819,0.536445197965847,23.5690046859382,1.96145026224129,0.0617436720305398,0.386991083653722,0.205706710066621,0.991555671194646,"MAPT-223","MAPT","OPC"
-1.19141405076002,0.642425613586315,23.5690046859382,-1.85455564903304,0.0762137972726656,0.409020421580456,0.224419815194985,0.991555671194646,"transcript197227.chr4.nnic","MARCHF1","OPC"
1.19141405076002,0.642425613586315,23.5690046859382,1.85455564903304,0.0762137972726658,0.409020421580456,0.229860275300718,0.991555671194646,"transcript200081.chr4.nic","MARCHF1","OPC"
0.164937369580079,0.461993077060667,24.5690046859382,0.357012643196859,0.724130554953102,0.903903918493626,0.815491773269259,0.996363625621488,"MARCHF6-210","MARCHF6","OPC"
-0.16493736958008,0.461993077060667,24.5690046859382,-0.357012643196861,0.724130554953101,0.903903918493626,0.80453093409782,0.996363625621488,"MARCHF6-201","MARCHF6","OPC"
0.555946059046459,0.894321782542998,15.5690046859382,0.62163985032952,0.543174854335365,0.794929338322286,0.683935471488694,0.991555671194646,"MARF1-201","MARF1","OPC"
-0.555946059046459,0.894321782542998,15.5690046859382,-0.62163985032952,0.543174854335364,0.794929338322286,0.673580547826523,0.991555671194646,"MARF1-215","MARF1","OPC"
0.22463275516131,0.755543153289357,16.5690046859382,0.297312938623481,0.769922831918391,0.923745068324259,0.847618589533647,0.996363625621488,"transcript318549.chr1.nnic","MARK1","OPC"
-0.22463275516131,0.755543153289357,16.5690046859382,-0.297312938623481,0.769922831918391,0.923745068324259,0.836558057869465,0.996363625621488,"transcript318595.chr1.nic","MARK1","OPC"
-1.77777322715897,0.876393620012666,17.5690046859382,-2.0285100057361,0.0579452451424625,0.386128407951329,0.194061002561559,0.991555671194646,"MARK3-227","MARK3","OPC"
1.77777322715897,0.876393620012666,17.5690046859382,2.0285100057361,0.0579452451424625,0.386128407951329,0.198960544517666,0.991555671194646,"MARK3-205","MARK3","OPC"
0.526601975862833,0.766887439634486,20.5690046859382,0.686674404413015,0.499956769137873,0.77634265495542,0.650963969162116,0.991555671194646,"MATN2-201","MATN2","OPC"
1.43129424910674,0.835647825957738,20.5690046859382,1.71279599449245,0.101785137543213,0.452054672262431,0.268071976906483,0.991555671194646,"MATN2-216","MATN2","OPC"
-1.73680450835454,0.775334316741782,20.5690046859382,-2.24007176111227,0.0362708131054226,0.33280749908439,0.151751267253208,0.991555671194646,"MATN2-211","MATN2","OPC"
0.114268093552978,0.840829535431408,19.5690046859382,0.135899238475668,0.893289207154984,0.96154963810239,0.932813700151462,0.996363625621488,"MATR3-215","MATR3","OPC"
-0.57297157755384,0.726905261944095,19.5690046859382,-0.788234186146125,0.440004411453901,0.737079354976371,0.593988090156556,0.991555671194646,"MATR3-203","MATR3","OPC"
-1.6055991361031,0.622901334807663,19.5690046859382,-2.57761389546367,0.0181712043787359,0.293981606025316,0.106075512435214,0.991555671194646,"MATR3-227","MATR3","OPC"
1.1641479397712,0.64368814282459,19.5690046859382,1.80855893144584,0.0859125306376972,0.423920692811424,0.244926829566951,0.991555671194646,"MATR3-201","MATR3","OPC"
-1.19994295625402,0.959244527425037,18.5690046859382,-1.25092499560576,0.226494330609991,0.576707410824861,0.40602299950389,0.991555671194646,"MBOAT2-201","MBOAT2","OPC"
1.19994295625402,0.959244527425037,18.5690046859382,1.25092499560576,0.226494330609991,0.576707410824861,0.414058554562778,0.991555671194646,"transcript12621.chr2.nic","MBOAT2","OPC"
-0.443652756382217,0.684525723944569,24.5690046859382,-0.648116996722454,0.522920732984839,0.786795769528906,0.658315422256401,0.991555671194646,"MBP-205","MBP","OPC"
0.600247312611126,0.37406294826792,24.5690046859382,1.60466925524311,0.121345453689234,0.478896883552621,0.29455725758439,0.991555671194646,"MBP-207","MBP","OPC"
-0.551913765473827,0.385904548118483,24.5690046859382,-1.43018207006043,0.165259943535106,0.524564449272213,0.34096023383786,0.991555671194646,"MBP-220","MBP","OPC"
0.0044030115160471,0.419173065884145,24.5690046859382,0.0105040420637715,0.991703970449012,0.996741601122402,0.999989989812433,0.999989989812433,"MBP-202","MBP","OPC"
0.105044010406255,0.916429130866778,23.5690046859382,0.114623168195125,0.909714720246112,0.969330071788069,0.944054943461527,0.996363625621488,"MBTPS1-205","MBTPS1","OPC"
-0.105044010406255,0.916429130866779,23.5690046859382,-0.114623168195125,0.909714720246112,0.969330071788069,0.932806324928505,0.996363625621488,"MBTPS1-201","MBTPS1","OPC"
-1.01561851313608,0.575714492433729,23.5690046859382,-1.76410100229149,0.090674346651951,0.434556335010301,0.246243829864336,0.991555671194646,"MCAM-201","MCAM","OPC"
1.01561851313608,0.575714492433729,23.5690046859382,1.76410100229149,0.0906743466519509,0.434556335010301,0.252051433659114,0.991555671194646,"MCAM-208","MCAM","OPC"
-0.651182981460913,1.48289429902359,16.5690046859382,-0.439129735605352,0.666240496929488,0.870287085212153,0.763512757313875,0.996363625621488,"MCF2L-232","MCF2L","OPC"
0.651182981460914,1.48289429902359,16.5690046859382,0.439129735605352,0.666240496929487,0.870287085212153,0.77431841473174,0.996363625621488,"MCF2L-203","MCF2L","OPC"
1.55814461804615,0.719251951719206,20.5690046859382,2.16634047960769,0.0421900394322629,0.343930956059766,0.168562396006835,0.991555671194646,"MDM4-203","MDM4","OPC"
-1.55814461804615,0.719251951719206,20.5690046859382,-2.16634047960769,0.0421900394322631,0.343930956059766,0.164232065121333,0.991555671194646,"MDM4-205","MDM4","OPC"
-0.407385339125852,0.642582794447712,23.5690046859382,-0.633981087956132,0.532198522879471,0.78907746107194,0.66532716520638,0.991555671194646,"MDN1-220","MDN1","OPC"
0.0435014107157039,0.610344962187945,23.5690046859382,0.0712734820645712,0.943781448287947,0.976215505944963,0.967323745944081,0.996363625621488,"MDN1-201","MDN1","OPC"
1.06044814318392,1.02255418067229,23.5690046859382,1.03705814638274,0.310232146447872,0.637077714448301,0.493883902861092,0.991555671194646,"MDN1-208","MDN1","OPC"
-0.26837932059246,1.04368728668265,17.5690046859382,-0.257145338471546,0.800053996812633,0.92943357069768,0.857469045442647,0.996363625621488,"ME2-201","ME2","OPC"
0.268379320592461,1.04368728668265,17.5690046859382,0.257145338471546,0.800053996812633,0.92943357069768,0.868584607729736,0.996363625621488,"ME2-209","ME2","OPC"
-0.655615860809402,0.591245786678418,14.5690046859382,-1.10887193715597,0.285455136102072,0.618495302663219,0.462542658140582,0.991555671194646,"MED24-202","MED24","OPC"
0.655615860809402,0.591245786678418,14.5690046859382,1.10887193715597,0.285455136102072,0.618495302663219,0.471201100544048,0.991555671194646,"MED24-204","MED24","OPC"
0.0525180349767148,0.611353816453432,24.5690046859382,0.0859044853623077,0.932238590422258,0.976060171410367,0.959445464546139,0.996363625621488,"MEG3-213","MEG3","OPC"
-0.982721139484409,0.74516499879471,24.5690046859382,-1.31879669747498,0.199398287781161,0.554739104336141,0.378207812189115,0.991555671194646,"MEG3-210","MEG3","OPC"
-0.777164836945662,0.401760574735652,24.5690046859382,-1.93439796191305,0.0646603285140576,0.390882138383234,0.205651585676749,0.991555671194646,"MEG3-220","MEG3","OPC"
0.904444013714789,0.440762629153431,24.5690046859382,2.0519979551169,0.0509715445706887,0.360956100954388,0.186035952368635,0.991555671194646,"MEG3-209","MEG3","OPC"
1.34853796451731,0.532602131054042,24.5690046859382,2.53198003892417,0.0181260077177226,0.293981606025316,0.109028420636032,0.991555671194646,"MEG3-224","MEG3","OPC"
0.489108525190943,0.66892236881638,24.5690046859382,0.731188771660295,0.471580415536932,0.754876267130986,0.628871136835208,0.991555671194646,"MEG3-202","MEG3","OPC"
1.17875647284353,0.617220480385227,24.5690046859382,1.90978185316831,0.0679036641469699,0.390882138383234,0.216265872767383,0.991555671194646,"MEG3-231","MEG3","OPC"
0.381974095032571,0.434748249572359,19.5690046859382,0.878609851582612,0.390273760140195,0.70190022010031,0.563167069167324,0.991555671194646,"MEST-201","MEST","OPC"
0.316218379716715,0.437763190489563,19.5690046859382,0.722350317675361,0.478623386745664,0.758678395614708,0.634390264245791,0.991555671194646,"transcript188245.chr7.nnic","MEST","OPC"
-0.635081983923006,0.53241063259797,19.5690046859382,-1.19284241342822,0.247194094873052,0.590733387627976,0.426425626423833,0.991555671194646,"transcript188359.chr7.nic","MEST","OPC"
-0.60192751712381,0.875700372097884,18.5690046859382,-0.687366976539925,0.500347437584363,0.77634265495542,0.641111658175464,0.991555671194646,"MFF-216","MFF","OPC"
0.60192751712381,0.875700372097884,18.5690046859382,0.687366976539925,0.500347437584363,0.77634265495542,0.651265533967076,0.991555671194646,"transcript391309.chr2.nic","MFF","OPC"
-0.453551294775787,0.852341960238675,16.5690046859382,-0.53212362635389,0.601703538854281,0.831175779008293,0.716894510587295,0.995856660229472,"MFSD4B-208","MFSD4B","OPC"
0.453551294775788,0.852341960238675,16.5690046859382,0.532123626353891,0.601703538854281,0.831175779008293,0.727485722176517,0.996363625621488,"MFSD4B-214","MFSD4B","OPC"
0.0341478930558552,0.676585139728744,20.5690046859382,0.0504709474842231,0.960234011447761,0.985184973949947,0.978544825991358,0.998122894849346,"MGA-208","MGA","OPC"
-0.839548505227856,0.656197106163463,20.5690046859382,-1.27941512899437,0.214995498109744,0.566587061898013,0.394384381579724,0.991555671194646,"MGA-210","MGA","OPC"
1.30845187435595,1.05531338857286,20.5690046859382,1.2398704389844,0.228982678300526,0.577772513616122,0.416576373358259,0.991555671194646,"MGA-202","MGA","OPC"
1.60927284778503,0.485572344098344,18.5690046859382,3.31417731537672,0.00373462333649702,0.211574530758941,0.049048111918324,0.991555671194646,"MGRN1-202","MGRN1","OPC"
-1.60927284778503,0.485572344098344,18.5690046859382,-3.31417731537672,0.00373462333649704,0.211574530758941,0.0474441640990442,0.991555671194646,"MGRN1-203","MGRN1","OPC"
-0.959323047766371,0.632915756655871,17.5690046859382,-1.51571996379919,0.147375466363697,0.498779825121812,0.320220944151559,0.991555671194646,"MIAT-221","MIAT","OPC"
1.50906493828815,0.932865300101152,17.5690046859382,1.61766649282005,0.123546707718963,0.480096284106807,0.297420329340413,0.991555671194646,"MIAT-226","MIAT","OPC"
-1.81691390792965,0.794353449573375,17.5690046859382,-2.28728648299503,0.0348229201932947,0.33049749245704,0.148560427284449,0.991555671194646,"MIAT-219","MIAT","OPC"
0.600541580562874,0.622900252398947,17.5690046859382,0.964105534152597,0.348076715240785,0.670923017690448,0.527323715824377,0.991555671194646,"MIAT-218","MIAT","OPC"
-0.422929750400893,1.04118850840301,9.56900468593816,-0.406199018705643,0.693530949499559,0.890316085909286,0.782931897721934,0.996363625621488,"MIR100HG-201","MIR100HG","OPC"
0.422929750400894,1.04118850840301,9.56900468593816,0.406199018705643,0.693530949499558,0.890316085909286,0.793814896783973,0.996363625621488,"MIR100HG-209","MIR100HG","OPC"
1.39416907719206,0.631491977844529,20.5690046859382,2.20773838165099,0.03876642845742,0.334756847706186,0.161306638629249,0.991555671194646,"MIR124-1HG-214","MIR124-1HG","OPC"
0.581608311304535,0.709097603575489,20.5690046859382,0.820209105730842,0.42150070255125,0.723153794422439,0.588870027657926,0.991555671194646,"MIR124-1HG-213","MIR124-1HG","OPC"
-1.45868382451591,0.560443920448647,20.5690046859382,-2.60272932097864,0.0167876613713583,0.293615070696374,0.101842247930689,0.991555671194646,"MIR124-1HG-201","MIR124-1HG","OPC"
0.566952577999277,0.835229938126094,13.5690046859382,0.678798199297407,0.508678561687933,0.783461188982715,0.657680517727648,0.991555671194646,"MIR99AHG-301","MIR99AHG","OPC"
-0.566952577999277,0.835229938126094,13.5690046859382,-0.678798199297407,0.508678561687933,0.783461188982715,0.647485534976665,0.991555671194646,"MIR99AHG-336","MIR99AHG","OPC"
0.320471895274772,0.532938773313198,24.5690046859382,0.601329667350807,0.553128807759365,0.798164321104096,0.691425428439515,0.991688576991863,"MOAP1-202","MOAP1","OPC"
-0.320471895274773,0.532938773313198,24.5690046859382,-0.601329667350808,0.553128807759364,0.798164321104096,0.681027304459147,0.991555671194646,"MOAP1-201","MOAP1","OPC"
-0.0136321487901835,1.12529089151887,12.5690046859382,-0.0121143331852473,0.990524569518502,0.996741601122402,0.987904701176454,0.99818923677535,"MOB3C-201","MOB3C","OPC"
0.013632148790183,1.12529089151887,12.5690046859382,0.0121143331852468,0.990524569518502,0.996741601122402,0.999186558677353,0.999989989812433,"MOB3C-202","MOB3C","OPC"
0.0232162950358078,0.575756941236864,21.5690046859382,0.0403230831849524,0.968206474951065,0.988408457829846,0.983979468583857,0.998122894849346,"MON2-214","MON2","OPC"
-0.163795961579904,0.566461472683878,21.5690046859382,-0.289156402471369,0.775222741529223,0.923745068324259,0.840244740299568,0.996363625621488,"transcript87508.chr12.nnic","MON2","OPC"
0.227043086018115,0.656711044671136,21.5690046859382,0.34572752789899,0.732896812587571,0.909502361001821,0.821669291375955,0.996363625621488,"MON2-203","MON2","OPC"
-0.446869053844079,0.721444374150066,22.5690046859382,-0.619408882868531,0.54185013541457,0.794929338322286,0.672586816578463,0.991555671194646,"MPDZ-212","MPDZ","OPC"
0.446869053844079,0.721444374150066,22.5690046859382,0.61940888286853,0.54185013541457,0.794929338322286,0.68293589378928,0.991555671194646,"MPDZ-202","MPDZ","OPC"
-0.534778864788484,0.718132283988081,20.5690046859382,-0.744680160901052,0.464889028185264,0.749270439951339,0.613637239863733,0.991555671194646,"MPHOSPH10-201","MPHOSPH10","OPC"
0.534778864788483,0.718132283988081,20.5690046859382,0.744680160901051,0.464889028185264,0.749270439951339,0.623604634161206,0.991555671194646,"MPHOSPH10-205","MPHOSPH10","OPC"
0.235730666819679,0.712603516138902,23.5690046859382,0.330801997858413,0.743716966532929,0.914251734768239,0.829275628027255,0.996363625621488,"MRFAP1-204","MRFAP1","OPC"
1.38168817908338,0.568867158722665,23.5690046859382,2.4288415281097,0.0231597849495905,0.3026696453698,0.123623770036077,0.991555671194646,"MRFAP1-201","MRFAP1","OPC"
-1.19286482660159,0.575176994120621,23.5690046859382,-2.07390914239423,0.0491872605397372,0.357234058070059,0.178005237573593,0.991555671194646,"MRFAP1-202","MRFAP1","OPC"
1.44152138658973,0.614639864412963,24.5690046859382,2.34531059576898,0.0274021513398014,0.310684912817003,0.134802025638842,0.991555671194646,"MRFAP1L1-201","MRFAP1L1","OPC"
-1.44152138658973,0.614639864412964,24.5690046859382,-2.34531059576898,0.0274021513398017,0.310684912817003,0.131152881120632,0.991555671194646,"MRFAP1L1-202","MRFAP1L1","OPC"
0.23211222129697,0.731166389902013,16.5690046859382,0.317454719613242,0.754864093465196,0.916816075081703,0.83709136564461,0.996363625621488,"MRPL42-206","MRPL42","OPC"
-0.232112221296969,0.731166389902013,16.5690046859382,-0.317454719613241,0.754864093465196,0.916816075081703,0.82606144723204,0.996363625621488,"MRPL42-208","MRPL42","OPC"
-1.12059119538689,0.796648844543894,17.5690046859382,-1.40663129440482,0.176979365806052,0.537538726445889,0.354062821694488,0.991555671194646,"MRPS5-203","MRPS5","OPC"
1.12059119538689,0.796648844543894,17.5690046859382,1.40663129440482,0.176979365806052,0.537538726445889,0.361454402430341,0.991555671194646,"MRPS5-207","MRPS5","OPC"
-0.0891955773467004,0.697202081641563,19.5690046859382,-0.127933607336182,0.899507098308091,0.962675769277571,0.925830484666524,0.996363625621488,"MTCH1-234","MTCH1","OPC"
0.0891955773467004,0.697202081641563,19.5690046859382,0.127933607336182,0.899507098308091,0.962675769277571,0.937071046275598,0.996363625621488,"MTCH1-202","MTCH1","OPC"
0.272454683355151,0.643526518082043,17.5690046859382,0.4233775543037,0.677157368709042,0.881454596831051,0.782137267940668,0.996363625621488,"MTRF1L-203","MTRF1L","OPC"
-0.517017594013912,0.553451607756635,17.5690046859382,-0.934169468058093,0.362879059006267,0.68377644813473,0.530745348199094,0.991555671194646,"MTRF1L-211","MTRF1L","OPC"
0.352220593589351,0.56736310571893,17.5690046859382,0.620802780510441,0.542699969036313,0.794929338322286,0.683577218903207,0.991555671194646,"MTRF1L-208","MTRF1L","OPC"
0.356545903354882,0.690710470976819,23.5690046859382,0.51620167687721,0.610522944755419,0.834744383018165,0.733952896496902,0.996363625621488,"MYCBP2-208","MYCBP2","OPC"
1.21042105340862,0.699298748105767,23.5690046859382,1.73090693596602,0.096541594363996,0.44607694133435,0.260610661351786,0.991555671194646,"MYCBP2-206","MYCBP2","OPC"
0.997079430588369,0.977931378736929,23.5690046859382,1.01958015896388,0.318279971125589,0.64148306632118,0.501110080363882,0.991555671194646,"MYCBP2-216","MYCBP2","OPC"
-0.135743598450246,0.494746532132136,23.5690046859382,-0.274369984697522,0.78619081822244,0.926604699135702,0.847862385229056,0.996363625621488,"MYCBP2-217","MYCBP2","OPC"
-0.790492114202017,0.429546890624516,23.5690046859382,-1.84029294928133,0.0783519749403234,0.410835506427531,0.227753136759515,0.991555671194646,"MYCBP2-207","MYCBP2","OPC"
0.409186494177297,0.612548929253675,23.5690046859382,0.668006218990287,0.51061881533445,0.784722774393254,0.659170195719301,0.991555671194646,"MYCBP2-210","MYCBP2","OPC"
0.572373848460786,0.568023725245903,23.5690046859382,1.00765834774419,0.323852284701521,0.646711918721964,0.506075561473768,0.991555671194646,"MYCBP2-201","MYCBP2","OPC"
2.36033217122272,0.981000640940019,16.5690046859382,2.40604549346776,0.0281120722965702,0.310684912817003,0.136591639887533,0.991555671194646,"MYD88-209","MYD88","OPC"
-2.36033217122272,0.981000640940019,16.5690046859382,-2.40604549346776,0.0281120722965703,0.310684912817003,0.132904959341679,0.991555671194646,"MYD88-212","MYD88","OPC"
-0.144656249959679,0.743581875388286,21.5690046859382,-0.194539773961196,0.8475739582749,0.943767234536682,0.890238410890726,0.996363625621488,"MYH10-201","MYH10","OPC"
0.144656249959679,0.743581875388287,21.5690046859382,0.194539773961196,0.8475739582749,0.943767234536682,0.901424345182669,0.996363625621488,"MYH10-214","MYH10","OPC"
0.103554127121602,0.745860270365656,20.5690046859382,0.138838508010133,0.890928104412034,0.960595217251867,0.931196404673151,0.996363625621488,"MYO10-212","MYO10","OPC"
-0.103554127121602,0.745860270365657,20.5690046859382,-0.138838508010132,0.890928104412035,0.960595217251867,0.919963290922281,0.996363625621488,"MYO10-203","MYO10","OPC"
-3.87532472414971,1.39567575753898,9.56900468593816,-2.77666549928698,0.0203472773841742,0.297108940820524,0.112439876996042,0.991555671194646,"transcript104500.chr13.nnic","MYO16","OPC"
3.87532472414971,1.39567575753898,9.56900468593816,2.77666549928698,0.0203472773841742,0.297108940820524,0.115676894749439,0.991555671194646,"transcript104514.chr13.nnic","MYO16","OPC"
0.498027184504872,0.568479385902374,22.5690046859382,0.876069030567099,0.390221858819207,0.70190022010031,0.563123803772275,0.991555671194646,"MYO18A-203","MYO18A","OPC"
-0.137201121513485,0.514476032670081,22.5690046859382,-0.266681269487762,0.792136078697451,0.926908336284733,0.851985104217357,0.996363625621488,"MYO18A-201","MYO18A","OPC"
-0.487177409422079,0.537029014729077,22.5690046859382,-0.907171486195869,0.373900826035916,0.689852759983216,0.540030705166368,0.991555671194646,"transcript45293.chr17.nic","MYO18A","OPC"
1.08867294676554,0.857824758925112,15.5690046859382,1.26910879575182,0.223047528544483,0.574462635564039,0.410553249388872,0.991555671194646,"MYO5A-247","MYO5A","OPC"
-1.8105890929254,0.640178749409877,15.5690046859382,-2.82825553737049,0.0123612281521342,0.285707325853169,0.0870543073206545,0.991555671194646,"MYO5A-250","MYO5A","OPC"
0.316258711351119,0.705669347483639,15.5690046859382,0.448168412697636,0.66020552153479,0.867622586545468,0.769984224523331,0.996363625621488,"MYO5A-226","MYO5A","OPC"
1.12719460361634,0.530872272143031,15.5690046859382,2.12328777139944,0.0501332485134643,0.357937659249556,0.184430102957657,0.991555671194646,"MYO5A-233","MYO5A","OPC"
-0.248051439227171,0.68942390486545,22.5690046859382,-0.359795239875794,0.722345184030987,0.90371173767871,0.803275384297497,0.996363625621488,"MYO6-216","MYO6","OPC"
-1.51093680629043,0.772974935519874,22.5690046859382,-1.95470349277785,0.0631158586182067,0.388841436309803,0.203034717229097,0.991555671194646,"MYO6-212","MYO6","OPC"
0.671355910557287,0.753434858033732,22.5690046859382,0.891060326448594,0.382298172446316,0.695254670628038,0.55649606248423,0.991555671194646,"MYO6-201","MYO6","OPC"
0.839600241991265,0.607431307936361,23.5690046859382,1.38221430311792,0.179865901213072,0.538571895692921,0.364669493704141,0.991555671194646,"MYO9A-201","MYO9A","OPC"
0.513872296393912,0.582218410269821,23.5690046859382,0.882610867897093,0.38636029197945,0.697267950760696,0.559899423444186,0.991555671194646,"MYO9A-204","MYO9A","OPC"
0.105793791227863,0.586806879257999,23.5690046859382,0.180287237534837,0.858468262906168,0.947549614909744,0.908920409623138,0.996363625621488,"transcript105899.chr15.nnic","MYO9A","OPC"
-1.54056435953635,0.635823294088624,23.5690046859382,-2.42294419512352,0.0234609625344204,0.3026696453698,0.121018720942685,0.991555671194646,"MYO9A-202","MYO9A","OPC"
-3.52226719101693,1.493268216194,13.5690046859382,-2.35876391984983,0.0339172399072474,0.3282590496856,0.146533706017526,0.991555671194646,"MYSM1-202","MYSM1","OPC"
3.52226719101693,1.493268216194,13.5690046859382,2.35876391984983,0.0339172399072474,0.3282590496856,0.150506627321389,0.991555671194646,"MYSM1-220","MYSM1","OPC"
-1.2685113254265,0.816089521507272,18.5690046859382,-1.55437766568015,0.136972733119667,0.486093367766689,0.307685955457159,0.991555671194646,"MYT1-201","MYT1","OPC"
1.2685113254265,0.816089521507272,18.5690046859382,1.55437766568015,0.136972733119668,0.486093367766689,0.314439942066721,0.991555671194646,"MYT1-203","MYT1","OPC"
-0.0217946598274205,0.772078794602174,19.5690046859382,-0.0282285434851899,0.97776577104926,0.990299793344194,0.979213774217449,0.998122894849346,"MYT1L-254","MYT1L","OPC"
0.0217946598274202,0.772078794602174,19.5690046859382,0.0282285434851896,0.977765771049261,0.990299793344194,0.990493967976139,0.99818923677535,"MYT1L-224","MYT1L","OPC"
0.445106149097624,0.73617559890916,24.5690046859382,0.604619536095964,0.550975336070349,0.797675502835313,0.689808113973625,0.991688576991863,"N4BP2L2-201","N4BP2L2","OPC"
0.739399177630799,0.493368236735536,24.5690046859382,1.49867608527694,0.146697663331397,0.497778789897942,0.326336609532134,0.991555671194646,"N4BP2L2-222","N4BP2L2","OPC"
-0.349967082776275,0.405240988205698,24.5690046859382,-0.863602382191985,0.396159118075421,0.706149563409404,0.558514223341197,0.991555671194646,"N4BP2L2-245","N4BP2L2","OPC"
1.70414000567898,0.923197142797753,24.5690046859382,1.84591126497053,0.0769889441698757,0.409020421580456,0.231094200726541,0.991555671194646,"N4BP2L2-235","N4BP2L2","OPC"
0.575429314860165,0.555162894287477,24.5690046859382,1.0365053586636,0.310060926092708,0.637077714448301,0.493729442999069,0.991555671194646,"N4BP2L2-208","N4BP2L2","OPC"
-0.139680144648983,0.363962204595158,24.5690046859382,-0.383776509993262,0.704445236117779,0.898129419295002,0.790655893823722,0.996363625621488,"N4BP2L2-229","N4BP2L2","OPC"
-0.301722070802797,0.350961105963945,24.5690046859382,-0.859702302265348,0.398264345359764,0.708376443903847,0.560244839833512,0.991555671194646,"N4BP2L2-237","N4BP2L2","OPC"
-1.69027002503742,0.725169094958799,24.5690046859382,-2.33086329352392,0.028276892937735,0.310684912817003,0.133308812001632,0.991555671194646,"N4BP2L2-213","N4BP2L2","OPC"
0.23505060160761,0.798327700811133,17.5690046859382,0.294428718142673,0.77188078088249,0.923745068324259,0.848984836569707,0.996363625621488,"N6AMT1-201","N6AMT1","OPC"
-0.23505060160761,0.798327700811133,17.5690046859382,-0.294428718142674,0.77188078088249,0.923745068324259,0.837920478210151,0.996363625621488,"N6AMT1-202","N6AMT1","OPC"
2.41759583150084,1.54822354973283,15.5690046859382,1.56152890964488,0.138493737189094,0.486524812830823,0.316323181628459,0.991555671194646,"NAA15-201","NAA15","OPC"
-2.41759583150083,1.54822354973283,15.5690046859382,-1.56152890964488,0.138493737189095,0.486524812830823,0.309542462365036,0.991555671194646,"NAA15-209","NAA15","OPC"
-0.678024018963447,0.917942029790456,21.5690046859382,-0.738634899546134,0.468090724299546,0.751750475091715,0.616142346399213,0.991555671194646,"NAA16-201","NAA16","OPC"
0.678024018963447,0.917942029790455,21.5690046859382,0.738634899546133,0.468090724299546,0.751750475091715,0.626127373518202,0.991555671194646,"NAA16-204","NAA16","OPC"
-1.09754334147666,0.907830678419222,15.5690046859382,-1.20897361982499,0.24471364929035,0.590733387627976,0.424015547219613,0.991555671194646,"NAA25-208","NAA25","OPC"
1.09754334147667,0.907830678419223,15.5690046859382,1.20897361982499,0.244713649290349,0.590733387627976,0.432257866968998,0.991555671194646,"NAA25-201","NAA25","OPC"
0.00619197024791763,0.878867353642472,19.5690046859382,0.00704539794572521,0.994449961749584,0.998280662680823,0.998139433040925,0.999673851846522,"NAA60-229","NAA60","OPC"
-0.0061919702479184,0.878867353642472,19.5690046859382,-0.00704539794572609,0.994449961749584,0.998280662680823,0.990578466949643,0.99818923677535,"NAA60-203","NAA60","OPC"
0.212391809235358,0.554598077883435,22.5690046859382,0.382965281895546,0.705328783992268,0.898129419295002,0.802194281233292,0.996363625621488,"NAP1L4-201","NAP1L4","OPC"
-0.212391809235358,0.554598077883435,22.5690046859382,-0.382965281895546,0.705328783992268,0.898129419295002,0.791280177774644,0.996363625621488,"NAP1L4-222","NAP1L4","OPC"
-0.943606542520755,0.625576473017663,14.5690046859382,-1.50837920417463,0.152834958216779,0.504928412593197,0.326654809616789,0.991555671194646,"NAPB-201","NAPB","OPC"
0.943606542520756,0.625576473017662,14.5690046859382,1.50837920417463,0.152834958216779,0.504928412593197,0.333677099876579,0.991555671194646,"NAPB-202","NAPB","OPC"
-0.219438545323612,0.707335232040771,20.5690046859382,-0.310232737439782,0.759505471868626,0.918029341228961,0.829300187764747,0.996363625621488,"NAPEPLD-209","NAPEPLD","OPC"
0.219438545323611,0.707335232040771,20.5690046859382,0.310232737439781,0.759505471868626,0.918029341228961,0.840339765665774,0.996363625621488,"NAPEPLD-201","NAPEPLD","OPC"
-2.18832407349374,0.920076231017096,17.5690046859382,-2.37841604828184,0.0289639551364178,0.310684912817003,0.134980747694214,0.991555671194646,"NAXD-206","NAXD","OPC"
2.82081566471672,1.04325450779983,17.5690046859382,2.70386146776944,0.0147485021109533,0.286471318160594,0.0981318204694604,0.991555671194646,"transcript106850.chr13.nnic","NAXD","OPC"
-1.50614564983764,0.976691128739794,17.5690046859382,-1.5420900277665,0.140870923072491,0.488348561723862,0.312427336997094,0.991555671194646,"NAXD-208","NAXD","OPC"
0.431898365176307,0.528888811299027,20.5690046859382,0.81661467580587,0.423506136337821,0.725135999537688,0.590499377446676,0.991555671194646,"NBAS-215","NBAS","OPC"
-0.431898365176307,0.528888811299027,20.5690046859382,-0.816614675805871,0.42350613633782,0.725135999537688,0.580775163694704,0.991555671194646,"NBAS-201","NBAS","OPC"
-1.81156209652423,1.2611451019371,14.5690046859382,-1.43644224105672,0.172002149414794,0.529206140938552,0.348541783766634,0.991555671194646,"NBN-205","NBN","OPC"
1.81156209652423,1.26114510193709,14.5690046859382,1.43644224105672,0.172002149414794,0.529206140938552,0.355860676213718,0.991555671194646,"NBN-231","NBN","OPC"
-0.622136144912869,0.691315051203281,20.5690046859382,-0.8999314333313,0.378572483718006,0.693074729754441,0.543939119121165,0.991555671194646,"NBPF1-204","NBPF1","OPC"
0.622136144912869,0.691315051203281,20.5690046859382,0.899931433331299,0.378572483718007,0.693074729754441,0.553364003205361,0.991555671194646,"NBPF1-206","NBPF1","OPC"
-0.155120360897021,0.46460950747371,23.5690046859382,-0.333872549747164,0.741428163512911,0.913983819354138,0.816667493309182,0.996363625621488,"NCAM1-213","NCAM1","OPC"
0.267064666360897,0.44047092987836,23.5690046859382,0.606316213500512,0.550100594360617,0.797239956068028,0.689150677089549,0.991688576991863,"NCAM1-202","NCAM1","OPC"
0.820953330525195,0.432648998678996,23.5690046859382,1.89750428876943,0.0700784541932645,0.394450099904668,0.219891383155137,0.991555671194646,"NCAM1-201","NCAM1","OPC"
-0.982561455073121,0.383500563310466,23.5690046859382,-2.56208608037345,0.0172392690371341,0.293891786360403,0.10324141431398,0.991555671194646,"NCAM1-225","NCAM1","OPC"
0.327604786335889,0.703593897287642,23.5690046859382,0.46561629883205,0.645764161986475,0.856509938882813,0.759577063859511,0.996363625621488,"NCL-201","NCL","OPC"
-1.33467054284898,0.854423074902936,23.5690046859382,-1.56207221229436,0.13159951180296,0.481668999660832,0.301058515472747,0.991555671194646,"NCL-216","NCL","OPC"
2.00797572912369,1.04039000240455,23.5690046859382,1.93002213062683,0.0657244255369034,0.390882138383234,0.212580966542323,0.991555671194646,"NCL-221","NCL","OPC"
-0.262228588461576,0.778060896013337,23.5690046859382,-0.337028360897193,0.739078343492678,0.912814295327924,0.815021672542148,0.996363625621488,"NCOR1-220","NCOR1","OPC"
-0.34829709664837,0.260156191961124,23.5690046859382,-1.33879994945658,0.193406852328226,0.547845931703649,0.371864219638959,0.991555671194646,"NCOR1-208","NCOR1","OPC"
0.395350810850779,0.337813320686599,23.5690046859382,1.17032333138088,0.253569014729179,0.592678846054001,0.440916703541229,0.991555671194646,"NCOR1-205","NCOR1","OPC"
-1.63860828973385,0.781308824291294,19.5690046859382,-2.09726069742037,0.0491765191996015,0.357234058070059,0.177984795568193,0.991555671194646,"transcript184301.chr8.nic","NDRG1","OPC"
1.63860828973385,0.781308824291295,19.5690046859382,2.09726069742037,0.0491765191996016,0.357234058070059,0.182582497317624,0.991555671194646,"NDRG1-201","NDRG1","OPC"
0.0246926125903715,0.44196056103333,20.5690046859382,0.0558706245929246,0.955984028749606,0.983021675621727,0.975647029573524,0.998122894849346,"NDRG2-226","NDRG2","OPC"
-0.0246926125903713,0.44196056103333,20.5690046859382,-0.055870624592924,0.955984028749607,0.983021675621727,0.964372773793914,0.996363625621488,"NDRG2-210","NDRG2","OPC"
-0.149163137772849,0.610399134289265,19.5690046859382,-0.24436983834607,0.809488327856762,0.932181432786002,0.863993679777405,0.996363625621488,"NDUFS2-229","NDUFS2","OPC"
0.149163137772849,0.610399134289265,19.5690046859382,0.244369838346071,0.809488327856761,0.932181432786002,0.87512479476338,0.996363625621488,"NDUFS2-202","NDUFS2","OPC"
0.204794412646013,0.656645840440135,17.5690046859382,0.311879555208549,0.758802900309818,0.918029341228961,0.839848267632086,0.996363625621488,"transcript100761.chr11.nic","NDUFS8","OPC"
-0.204794412646013,0.656645840440135,17.5690046859382,-0.311879555208549,0.758802900309818,0.918029341228961,0.828810139035943,0.996363625621488,"NDUFS8-215","NDUFS8","OPC"
-2.53369681380258,1.26794133065273,16.5690046859382,-1.9982760657374,0.06237150603859,0.386991083653722,0.201763452644242,0.991555671194646,"NEDD4-208","NEDD4","OPC"
2.53369681380258,1.26794133065273,16.5690046859382,1.9982760657374,0.06237150603859,0.386991083653722,0.206803728061497,0.991555671194646,"NEDD4-202","NEDD4","OPC"
0.87568975485729,0.45697147771246,24.5690046859382,1.91628974140986,0.0670326723704478,0.390882138383234,0.214799484571897,0.991555671194646,"NEU4-203","NEU4","OPC"
-1.01880550339864,0.473569156019008,24.5690046859382,-2.15133416196926,0.0414830760807193,0.343190146877316,0.16278509656613,0.991555671194646,"NEU4-202","NEU4","OPC"
-0.299242894852856,0.526539229418877,24.5690046859382,-0.568320227883344,0.574975674028884,0.811254253665009,0.697251927429293,0.991982095627542,"NEU4-201","NEU4","OPC"
-0.434234189121862,0.505553246846768,24.5690046859382,-0.858928692141261,0.398682782207238,0.708376443903847,0.560588469970077,0.991555671194646,"NFE2L2-201","NFE2L2","OPC"
0.374759705008086,0.539171478247789,24.5690046859382,0.695065892999362,0.493535851902796,0.772770566075181,0.645997724090698,0.991555671194646,"NFE2L2-202","NFE2L2","OPC"
-0.531546946576463,0.653514859049366,24.5690046859382,-0.813366275021928,0.423820742058521,0.725198196851284,0.581028587645951,0.991555671194646,"NFE2L2-243","NFE2L2","OPC"
0.720837524610837,0.780705874900345,24.5690046859382,0.923315102121974,0.364822513951069,0.685950556534262,0.541714396324523,0.991555671194646,"NFE2L2-229","NFE2L2","OPC"
0.271031788400162,0.353430702156614,24.5690046859382,0.766859774055682,0.450471395485619,0.741506551730568,0.612178391441621,0.991555671194646,"NFIA-215","NFIA","OPC"
1.31760343983971,0.650433538464381,24.5690046859382,2.02573108845288,0.0537838321167913,0.369817061995668,0.191338154722902,0.991555671194646,"NFIA-204","NFIA","OPC"
-0.66831726338421,0.425660680828571,24.5690046859382,-1.57007046571296,0.129189401118203,0.481668999660832,0.298049636322136,0.991555671194646,"NFIA-207","NFIA","OPC"
-1.02205116755125,0.687922351447258,17.5690046859382,-1.4857071665153,0.155080124179929,0.507712064840319,0.329273551685309,0.991555671194646,"NIN-215","NIN","OPC"
1.02205116755125,0.687922351447258,17.5690046859382,1.4857071665153,0.155080124179928,0.507712064840319,0.336332051605508,0.991555671194646,"NIN-205","NIN","OPC"
0.633723760086838,0.571378796514171,23.5690046859382,1.10911319067669,0.278570628108539,0.612320125688499,0.464772967186802,0.991555671194646,"NKTR-209","NKTR","OPC"
-0.146126564556075,0.587233542934001,23.5690046859382,-0.248838926717267,0.805640985792102,0.931434063115312,0.861334142917209,0.996363625621488,"NKTR-205","NKTR","OPC"
0.177033337618404,0.841268298701826,23.5690046859382,0.210436240009979,0.83513588276778,0.940114086605976,0.892852249886484,0.996363625621488,"NKTR-215","NKTR","OPC"
-0.545396129409634,0.506529078739603,23.5690046859382,-1.07673212121749,0.292498242072126,0.626335594774002,0.468994287148743,0.991555671194646,"NKTR-211","NKTR","OPC"
1.58283473801186,1.00094009550035,23.5690046859382,1.58134811975999,0.127126587058495,0.481668999660832,0.30203109192377,0.991555671194646,"NKTR-201","NKTR","OPC"
-0.326870626609459,0.616063767584702,23.5690046859382,-0.530579209179863,0.600674550296426,0.831175779008293,0.7161422551538,0.995538879570187,"NKTR-217","NKTR","OPC"
-1.00554028706307,0.626633102280136,23.5690046859382,-1.6046715109754,0.121883579830624,0.47907784168719,0.288783391333453,0.991555671194646,"NKTR-202","NKTR","OPC"
-0.131741387501701,0.903402805948327,19.5690046859382,-0.145827959171998,0.885548884867946,0.959372248741569,0.916282222362172,0.996363625621488,"NLGN3-202","NLGN3","OPC"
0.794572839306223,0.735255050646861,19.5690046859382,1.08067647900844,0.292980062292845,0.626852251506695,0.478162751921536,0.991555671194646,"NLGN3-203","NLGN3","OPC"
-1.25092978741127,0.881272073401492,19.5690046859382,-1.41945923984972,0.17149908449003,0.529206140938552,0.347980237726478,0.991555671194646,"NLGN3-205","NLGN3","OPC"
-0.184806029404864,0.748127380591141,19.5690046859382,-0.247024817162604,0.80746205494261,0.931434063115312,0.862593193229457,0.996363625621488,"NLGN3-220","NLGN3","OPC"
1.29744410722894,0.89321625747495,22.5690046859382,1.45255317105033,0.16011032077771,0.518964547197405,0.342223890241157,0.991555671194646,"NOC2L-201","NOC2L","OPC"
-1.29744410722894,0.89321625747495,22.5690046859382,-1.45255317105033,0.16011032077771,0.518964547197405,0.335085731593653,0.991555671194646,"NOC2L-203","NOC2L","OPC"
-1.13059533369465,0.493857109932024,23.5690046859382,-2.28931670913935,0.0313303200917043,0.316172134475477,0.140604294765166,0.991555671194646,"NOL8-205","NOL8","OPC"
1.13059533369465,0.493857109932024,23.5690046859382,2.28931670913935,0.0313303200917043,0.316172134475477,0.144453909749998,0.991555671194646,"NOL8-208","NOL8","OPC"
0.995255504150572,0.89043993720973,10.5690046859382,1.11771211348549,0.288452709769545,0.621759935202179,0.473982207754422,0.991555671194646,"NONO-230","NONO","OPC"
-0.995255504150571,0.89043993720973,10.5690046859382,-1.11771211348549,0.288452709769545,0.621759935202179,0.465295386676555,0.991555671194646,"NONO-220","NONO","OPC"
-0.470497578379025,0.564123447971618,23.5690046859382,-0.834033011871361,0.412636003942046,0.720490962816574,0.571982544978443,0.991555671194646,"NOTCH2NLA-201","NOTCH2NLA","OPC"
0.470497578379025,0.564123447971618,23.5690046859382,0.834033011871361,0.412636003942046,0.720490962816574,0.581637908075561,0.991555671194646,"NOTCH2NLA-207","NOTCH2NLA","OPC"
1.65835973350561,1.05328935492617,22.5690046859382,1.57445788828071,0.129296780331774,0.481668999660832,0.30479970933337,0.991555671194646,"NPAT-206","NPAT","OPC"
-1.65835973350561,1.05328935492617,22.5690046859382,-1.57445788828071,0.129296780331774,0.481668999660832,0.298184184342252,0.991555671194646,"NPAT-201","NPAT","OPC"
-0.671663340441835,0.739608330798517,23.5690046859382,-0.908133822284931,0.37300015110678,0.689852759983216,0.53927534387533,0.991555671194646,"NPEPL1-201","NPEPL1","OPC"
0.920953220964447,0.409166270500824,23.5690046859382,2.25080434865071,0.0340099552628979,0.3282590496856,0.150719534145631,0.991555671194646,"transcript70474.chr20.nic","NPEPL1","OPC"
0.616088446407871,0.934481308520979,23.5690046859382,0.659283862384541,0.516104024610446,0.784722774393254,0.663372949380803,0.991555671194646,"NPEPL1-205","NPEPL1","OPC"
-2.08529652792924,0.765633957145887,23.5690046859382,-2.72362074391628,0.011957410032003,0.285707325853169,0.0855887336053967,0.991555671194646,"transcript70613.chr20.nic","NPEPL1","OPC"
0.608589791365612,0.485389222954352,23.5690046859382,1.25381809604546,0.222202495810948,0.574462635564039,0.409690689221864,0.991555671194646,"transcript70611.chr20.nic","NPEPL1","OPC"
0.535657599492175,0.571467216338839,24.5690046859382,0.937337408301246,0.357708484756185,0.679465123999208,0.535629001544112,0.991555671194646,"NRCAM-203","NRCAM","OPC"
-0.535657599492175,0.571467216338839,24.5690046859382,-0.937337408301247,0.357708484756184,0.679465123999208,0.526357208750695,0.991555671194646,"NRCAM-201","NRCAM","OPC"
-1.15124375951197,0.610801420456794,22.5690046859382,-1.88480858255209,0.0723980025450334,0.402279732691593,0.21836829409055,0.991555671194646,"transcript100238.chr1.nic","NRDC","OPC"
1.15124375951197,0.610801420456794,22.5690046859382,1.88480858255209,0.0723980025450335,0.402279732691593,0.223703820800828,0.991555671194646,"NRDC-211","NRDC","OPC"
-1.82624564529922,0.967281462534982,15.5690046859382,-1.88801886114216,0.0778047467837245,0.409020421580456,0.226903835605511,0.991555671194646,"NRIP1-201","NRIP1","OPC"
1.82624564529922,0.967281462534982,15.5690046859382,1.88801886114216,0.0778047467837246,0.409020421580456,0.232386967337793,0.991555671194646,"NRIP1-202","NRIP1","OPC"
-0.40290428724649,0.429361401360986,22.5690046859382,-0.938380315439085,0.357983735706413,0.679465123999208,0.526591338133043,0.991555671194646,"NRXN1-209","NRXN1","OPC"
0.402904287246489,0.429361401360986,22.5690046859382,0.938380315439084,0.357983735706413,0.679465123999208,0.535865213690465,0.991555671194646,"NRXN1-201","NRXN1","OPC"
-1.11461263001455,0.657939339668059,18.5690046859382,-1.69409634416585,0.106953878939088,0.458111787634755,0.269093076204413,0.991555671194646,"NSD1-223","NSD1","OPC"
0.720138116386792,0.900473883008841,18.5690046859382,0.799732374225584,0.433977917272828,0.731861934650606,0.598968107388022,0.991555671194646,"NSD1-214","NSD1","OPC"
0.887446866969194,0.656203246674652,18.5690046859382,1.35239633675448,0.192489945626131,0.547845931703649,0.378494620901925,0.991555671194646,"NSD1-202","NSD1","OPC"
1.27450295513153,0.765330046177331,24.5690046859382,1.66529847024484,0.108555430951078,0.459873215521497,0.277466145132418,0.991555671194646,"NSD3-206","NSD3","OPC"
-0.899017503049258,0.503249685567493,24.5690046859382,-1.78642437110611,0.0863783146135326,0.423920692811424,0.239928050247417,0.991555671194646,"NSD3-201","NSD3","OPC"
0.588603324453879,0.4857472853697,24.5690046859382,1.21174804714739,0.237134433186889,0.586623224327845,0.424752103883686,0.991555671194646,"NSD3-202","NSD3","OPC"
0.502091943797236,0.690922780232824,19.5690046859382,0.726697625497373,0.4760149508693,0.756860867581084,0.632349037474716,0.991555671194646,"transcript9084.chr5.nic","NSUN2","OPC"
-0.461175715122169,0.6695859412459,19.5690046859382,-0.688747607609649,0.499067148906223,0.775995817452038,0.64012952983066,0.991555671194646,"transcript10409.chr5.nic","NSUN2","OPC"
0.826678573183852,0.866994118021982,19.5690046859382,0.953499632811687,0.351967466987816,0.674431778654594,0.530687991440905,0.991555671194646,"NSUN2-201","NSUN2","OPC"
0.0786431273024107,0.723116121497837,19.5690046859382,0.108755876081855,0.914503568756642,0.969330071788069,0.947329328891317,0.996363625621488,"transcript9067.chr5.nic","NSUN2","OPC"
-1.08462604669335,0.959851350257231,17.5690046859382,-1.12999377080907,0.273670612483871,0.612270349542155,0.451618099321881,0.991555671194646,"NTNG1-207","NTNG1","OPC"
1.08462604669335,0.95985135025723,17.5690046859382,1.12999377080907,0.273670612483871,0.612270349542155,0.460162159227739,0.991555671194646,"NTNG1-201","NTNG1","OPC"
-1.17312812830037,0.523527517168797,18.5690046859382,-2.24081464646706,0.037475565428228,0.334756847706186,0.154362354227039,0.991555671194646,"NTRK2-204","NTRK2","OPC"
0.799246059923696,0.459100515198158,18.5690046859382,1.74089558487802,0.0982460538767683,0.447165610779853,0.263054731335728,0.991555671194646,"NTRK2-223","NTRK2","OPC"
1.12723109397376,0.647204197597925,18.5690046859382,1.74169311348326,0.098103123986795,0.447165610779853,0.262850485520322,0.991555671194646,"NTRK2-236","NTRK2","OPC"
-0.115128191648275,0.627709011065984,18.5690046859382,-0.183410130520132,0.856464083774469,0.947549614909744,0.896345280605822,0.996363625621488,"NTRK2-211","NTRK2","OPC"
1.34416218781403,0.823104865538115,24.5690046859382,1.63303880719411,0.11521256356873,0.469865321846809,0.286462548820382,0.991555671194646,"NTRK3-201","NTRK3","OPC"
-1.11373544957797,0.623039599196451,24.5690046859382,-1.78758372824839,0.0861863260427239,0.423920692811424,0.239642682921217,0.991555671194646,"NTRK3-217","NTRK3","OPC"
-1.76644165859886,0.863448671354668,24.5690046859382,-2.04579810844746,0.051623291935354,0.361649168277911,0.18259089987668,0.991555671194646,"NTRK3-202","NTRK3","OPC"
-0.128769742522487,0.746178413100111,24.5690046859382,-0.172572323537871,0.864401350686179,0.950877973781419,0.901792210500266,0.996363625621488,"NTRK3-209","NTRK3","OPC"
0.228636633398369,0.913052037689023,24.5690046859382,0.250409203375811,0.804353062664755,0.930897138001968,0.871566219598953,0.996363625621488,"NTRK3-203","NTRK3","OPC"
0.836802911839929,1.21144117494041,20.5690046859382,0.690749934169184,0.497444487339899,0.774951110956321,0.649023061032897,0.991555671194646,"NUMA1-217","NUMA1","OPC"
-0.836802911839928,1.21144117494041,20.5690046859382,-0.690749934169184,0.497444487339899,0.774951110956321,0.638883744059919,0.991555671194646,"NUMA1-223","NUMA1","OPC"
-0.554561017273421,0.533133331406268,23.5690046859382,-1.04019198313981,0.308804403988459,0.637077714448301,0.483722725138876,0.991555671194646,"NUP210-202","NUP210","OPC"
0.554561017273421,0.533133331406268,23.5690046859382,1.04019198313981,0.308804403988459,0.637077714448301,0.49259498611101,0.991555671194646,"NUP210-201","NUP210","OPC"
0.603290851438084,1.13428397150057,14.5690046859382,0.531869326020693,0.602833127080108,0.831175779008293,0.728315324354792,0.996363625621488,"NUP214-237","NUP214","OPC"
-0.603290851438084,1.13428397150057,14.5690046859382,-0.531869326020693,0.602833127080109,0.831175779008293,0.717719958879232,0.995941540383003,"NUP214-233","NUP214","OPC"
0.113328685284956,0.807767917987447,16.5690046859382,0.140298571856276,0.890115521217872,0.960595217251867,0.930639718679311,0.996363625621488,"NUP58-202","NUP58","OPC"
-0.113328685284956,0.807767917987448,16.5690046859382,-0.140298571856276,0.890115521217871,0.960595217251867,0.919407342490041,0.996363625621488,"NUP58-209","NUP58","OPC"
-0.303808300387835,1.29170085043393,24.5690046859382,-0.23520020156817,0.816002688681938,0.932284603141047,0.86849311234752,0.996363625621488,"NXPH1-201","NXPH1","OPC"
0.303808300387833,1.29170085043393,24.5690046859382,0.235200201568167,0.81600268868194,0.932284603141047,0.879634505445949,0.996363625621488,"NXPH1-205","NXPH1","OPC"
0.0491411029342187,0.658505104364014,22.5690046859382,0.0746252422472553,0.941170401145262,0.976215505944963,0.965542100803665,0.996363625621488,"OBSL1-214","OBSL1","OPC"
-0.0491411029342192,0.658505104364014,22.5690046859382,-0.074625242247256,0.941170401145261,0.976215505944963,0.954274120498074,0.996363625621488,"OBSL1-202","OBSL1","OPC"
-0.177743896910966,0.459110965698009,21.5690046859382,-0.387148010374209,0.702440256476668,0.89690794645517,0.789238697546028,0.996363625621488,"OGT-210","OGT","OPC"
-0.502386755119946,0.594614926974692,21.5690046859382,-0.844894287595521,0.40744453520118,0.7178270864627,0.56775770290719,0.991555671194646,"OGT-202","OGT","OPC"
0.407119368204188,0.479024248391023,21.5690046859382,0.849893026442078,0.404720152932144,0.71505133460418,0.575137627579448,0.991555671194646,"OGT-215","OGT","OPC"
0.153390159417528,0.5780617762901,24.5690046859382,0.265352537927624,0.792951681120605,0.926908336284733,0.863653668725969,0.996363625621488,"OMG-201","OMG","OPC"
-0.153390159417529,0.5780617762901,24.5690046859382,-0.265352537927625,0.792951681120604,0.926908336284733,0.85255033914777,0.996363625621488,"OMG-203","OMG","OPC"
-0.758806817306802,0.423748082429345,24.5690046859382,-1.79070265747651,0.0856716496400916,0.423920692811424,0.238876325906422,0.991555671194646,"OPHN1-212","OPHN1","OPC"
1.0265536211173,0.819344894991444,24.5690046859382,1.25289560890963,0.222037545415794,0.574462635564039,0.409522169643828,0.991555671194646,"OPHN1-201","OPHN1","OPC"
0.563516008392695,0.392902241728367,24.5690046859382,1.43423973839855,0.16411023472432,0.5234654488269,0.346855242140011,0.991555671194646,"OPHN1-209","OPHN1","OPC"
0.134526240904074,0.69098693268794,24.5690046859382,0.194687098322925,0.847238839116193,0.943767234536682,0.901193584946961,0.996363625621488,"OPHN1-206","OPHN1","OPC"
-0.157208509428184,0.559444625535436,23.5690046859382,-0.281008168194881,0.781156312173978,0.925631085330721,0.844367726008436,0.996363625621488,"OSBPL1A-201","OSBPL1A","OPC"
0.157208509428184,0.559444625535436,23.5690046859382,0.281008168194882,0.781156312173978,0.925631085330721,0.855449736405162,0.996363625621488,"OSBPL1A-204","OSBPL1A","OPC"
0.414123170851279,0.855805101258419,13.5690046859382,0.483898927737555,0.636173838988945,0.851380880335915,0.752636853472724,0.996363625621488,"transcript7075.chr11.nnic","OSBPL5","OPC"
-0.414123170851279,0.855805101258419,13.5690046859382,-0.483898927737555,0.636173838988945,0.851380880335915,0.741925417563758,0.996363625621488,"OSBPL5-201","OSBPL5","OPC"
-0.718406847319136,0.656631799185457,21.5690046859382,-1.09407867272086,0.285988810325855,0.618495302663219,0.46303349757042,0.991555671194646,"OTUB1-208","OTUB1","OPC"
0.718406847319137,0.656631799185457,21.5690046859382,1.09407867272086,0.285988810325855,0.618495302663219,0.47169701318099,0.991555671194646,"OTUB1-201","OTUB1","OPC"
-1.19157827936972,0.600465222791025,19.5690046859382,-1.98442513261824,0.0614102403012222,0.386991083653722,0.200111778108172,0.991555671194646,"OTUD6B-AS1-204","OTUD6B-AS1","OPC"
0.854349454170196,0.609799593074064,19.5690046859382,1.40103316544265,0.176863437124563,0.537538726445889,0.361324840138373,0.991555671194646,"OTUD6B-AS1-202","OTUD6B-AS1","OPC"
0.358809418121388,0.734334306858083,19.5690046859382,0.488618623385018,0.630542553982008,0.849195811719438,0.748550478185109,0.996363625621488,"OTUD6B-AS1-201","OTUD6B-AS1","OPC"
0.589962944039283,0.646565547886532,23.5690046859382,0.912456511126723,0.370767915637711,0.689665373413188,0.546769397624524,0.991555671194646,"P2RX7-206","P2RX7","OPC"
-0.589962944039283,0.646565547886532,23.5690046859382,-0.912456511126723,0.370767915637712,0.689665373413188,0.537400664234778,0.991555671194646,"P2RX7-202","P2RX7","OPC"
-1.37902160178487,0.516419110059869,23.5690046859382,-2.67035354602775,0.013502790868368,0.285707325853169,0.0910792048994997,0.991555671194646,"P4HB-220","P4HB","OPC"
1.37902160178487,0.516419110059869,23.5690046859382,2.67035354602775,0.0135027908683679,0.285707325853169,0.0938181599035822,0.991555671194646,"P4HB-201","P4HB","OPC"
-0.170754366402557,0.614916049603069,21.5690046859382,-0.277687281886332,0.783896716201428,0.926035739991351,0.846270357997771,0.996363625621488,"P4HTM-205","P4HTM","OPC"
0.170754366402557,0.614916049603069,21.5690046859382,0.277687281886332,0.783896716201428,0.926035739991351,0.857357433688281,0.996363625621488,"P4HTM-202","P4HTM","OPC"
1.12756333518393,0.508981231974882,20.5690046859382,2.21533381655137,0.0381664897571271,0.334756847706186,0.160005460245304,0.991555671194646,"PAPOLA-223","PAPOLA","OPC"
-1.12756333518394,0.508981231974882,20.5690046859382,-2.21533381655137,0.0381664897571269,0.334756847706186,0.155842613845451,0.991555671194646,"PAPOLA-201","PAPOLA","OPC"
-7.60219304646135e-14,0.745307279639321,19.5690046859382,-1.02000788857722e-13,0.99999999999992,0.99999999999992,0.994358886671778,0.99818923677535,"PAXBP1-207","PAXBP1","OPC"
7.61089120784175e-14,0.745307279639321,19.5690046859382,1.02117494565797e-13,0.99999999999992,0.99999999999992,0.994358886671887,0.99818923677535,"PAXBP1-206","PAXBP1","OPC"
-0.102230622639525,0.974024551093933,19.5690046859382,-0.104956925905727,0.917478330298031,0.969400218829754,0.938108540903317,0.996363625621488,"transcript205323.chr9.nic","PBX3","OPC"
0.102230622639525,0.974024551093933,19.5690046859382,0.104956925905727,0.917478330298031,0.969400218829754,0.949362703768932,0.996363625621488,"PBX3-204","PBX3","OPC"
-0.418475229822272,0.594750016431655,24.5690046859382,-0.703615331249613,0.488287530666421,0.768226837037538,0.631831880651936,0.991555671194646,"PCDH11X-209","PCDH11X","OPC"
0.418475229822273,0.594750016431656,24.5690046859382,0.703615331249613,0.488287530666421,0.768226837037538,0.641924463276349,0.991555671194646,"PCDH11X-201","PCDH11X","OPC"
-1.93605785259228,1.17315924072524,15.5690046859382,-1.65029416756366,0.118907370926581,0.476137546941863,0.284942566424343,0.991555671194646,"PCDH11Y-208","PCDH11Y","OPC"
1.93605785259228,1.17315924072524,15.5690046859382,1.65029416756366,0.118907370926581,0.476137546941863,0.291360465965612,0.991555671194646,"PCDH11Y-202","PCDH11Y","OPC"
0.531858903936709,1.02860773187001,15.5690046859382,0.517066795686816,0.612377006062189,0.836401717923513,0.735309562288176,0.996363625621488,"PCDH15-207","PCDH15","OPC"
-0.531858903936711,1.02860773187001,15.5690046859382,-0.517066795686818,0.612377006062187,0.836401717923513,0.724679688101424,0.996363625621488,"PCDH15-203","PCDH15","OPC"
-2.18631089745639,0.775742660581348,16.5690046859382,-2.81834557843956,0.0120564985644212,0.285707325853169,0.0859504967351182,0.991555671194646,"transcript71512.chr4.nnic","PCDH7","OPC"
2.18631089745638,0.775742660581348,16.5690046859382,2.81834557843956,0.0120564985644212,0.285707325853169,0.0885649487709087,0.991555671194646,"PCDH7-206","PCDH7","OPC"
0.903026077165239,0.846129598834407,21.5690046859382,1.06724321948932,0.297662465178555,0.630144910036811,0.482461884229352,0.991555671194646,"PCDH9-204","PCDH9","OPC"
-0.903026077165239,0.846129598834407,21.5690046859382,-1.06724321948932,0.297662465178555,0.630144910036811,0.473689615676791,0.991555671194646,"PCDH9-201","PCDH9","OPC"
0.28462863583938,0.768991675553405,21.5690046859382,0.37013227176295,0.714893620906427,0.898703702885745,0.808967382777233,0.996363625621488,"PCDHA4-202","PCDHA4","OPC"
-0.28462863583938,0.768991675553405,21.5690046859382,-0.370132271762951,0.714893620906427,0.898703702885745,0.798029072614729,0.996363625621488,"PCDHA4-203","PCDHA4","OPC"
-0.818548447100669,0.895388855028616,17.5690046859382,-0.914182081342199,0.3729974831358,0.689852759983216,0.539273105461606,0.991555671194646,"PCDHGB7-201","PCDHGB7","OPC"
0.818548447100668,0.895388855028616,17.5690046859382,0.914182081342198,0.3729974831358,0.689852759983216,0.548658013125884,0.991555671194646,"PCDHGB7-202","PCDHGB7","OPC"
-0.207937111414741,0.344438525371382,24.5690046859382,-0.603698762182711,0.551577611707303,0.797675502835313,0.679869132959819,0.991555671194646,"PCDHGC3-201","PCDHGC3","OPC"
0.207937111414741,0.344438525371382,24.5690046859382,0.603698762182709,0.551577611707304,0.797675502835313,0.690260608873637,0.991688576991863,"PCDHGC3-202","PCDHGC3","OPC"
-0.888119854906104,0.764448434356232,20.5690046859382,-1.16177863017539,0.25862970419157,0.595772240987476,0.437422738819051,0.991555671194646,"PCLO-203","PCLO","OPC"
0.888119854906104,0.764448434356233,20.5690046859382,1.16177863017539,0.25862970419157,0.595772240987476,0.445813924959091,0.991555671194646,"PCLO-206","PCLO","OPC"
-0.115331212722991,0.414332929284804,22.5690046859382,-0.278353962650443,0.783275010355802,0.926035739991351,0.845838799653882,0.996363625621488,"PCM1-221","PCM1","OPC"
-0.660306074360784,0.421436425489321,22.5690046859382,-1.56679877301568,0.131076756669893,0.481668999660832,0.300407834418328,0.991555671194646,"PCM1-201","PCM1","OPC"
-0.102647707562773,0.591667085761141,22.5690046859382,-0.17348896031748,0.863813745344075,0.950632863330515,0.901389134937192,0.996363625621488,"PCM1-214","PCM1","OPC"
-0.0448375898536331,0.405850341615974,22.5690046859382,-0.11047813752011,0.913006747950519,0.969330071788069,0.935054978950546,0.996363625621488,"PCM1-211","PCM1","OPC"
1.29691274948516,0.507711836032771,22.5690046859382,2.55442685681539,0.0178713357101295,0.293981606025316,0.108242219353998,0.991555671194646,"PCM1-203","PCM1","OPC"
0.977984300299519,0.587847962226376,18.5690046859382,1.66366877686463,0.112963854053724,0.465061301206958,0.283448994978733,0.991555671194646,"PCMT1-203","PCMT1","OPC"
-0.97798430029952,0.587847962226376,18.5690046859382,-1.66366877686463,0.112963854053724,0.465061301206958,0.277149996781184,0.991555671194646,"PCMT1-205","PCMT1","OPC"
-0.0191429091001442,0.852268546661168,23.5690046859382,-0.0224611235216155,0.98226920434416,0.991399514531713,0.982281482895573,0.998122894849346,"PCMTD2-204","PCMTD2","OPC"
0.0191429091001439,0.852268546661168,23.5690046859382,0.0224611235216152,0.98226920434416,0.991399514531713,0.993562416841865,0.99818923677535,"PCMTD2-203","PCMTD2","OPC"
0.340325805937006,0.576611181331047,21.5690046859382,0.590217146242984,0.561178491401047,0.802474787771549,0.697456201542439,0.991982095627542,"PCNP-202","PCNP","OPC"
-0.340325805937006,0.576611181331047,21.5690046859382,-0.590217146242984,0.561178491401047,0.802474787771549,0.68702407098303,0.991555671194646,"PCNP-201","PCNP","OPC"
-1.37046111810957,0.443612414098374,24.5690046859382,-3.08932093547241,0.004928769159252,0.248585873189572,0.0545674289650112,0.991555671194646,"PCNT-205","PCNT","OPC"
0.508096536315902,0.958888331043189,24.5690046859382,0.529880821224653,0.60095082159246,0.831175779008293,0.726932692309515,0.996363625621488,"PCNT-204","PCNT","OPC"
1.03904411897508,0.470430602085596,24.5690046859382,2.20870860519832,0.0367560390036263,0.333749956945819,0.156908984940423,0.991555671194646,"PCNT-209","PCNT","OPC"
-0.0585434556147729,0.985654580358788,15.5690046859382,-0.0593955091178723,0.953392793698278,0.982145689416068,0.962606681967083,0.996363625621488,"PCNX4-203","PCNX4","OPC"
-0.357886330822572,0.95118266352111,15.5690046859382,-0.376254051453945,0.711805980149471,0.898703702885745,0.795852288349462,0.996363625621488,"PCNX4-201","PCNX4","OPC"
0.850150928525467,1.0082719261816,15.5690046859382,0.843176236935454,0.411897238516619,0.720490962816574,0.581032964489131,0.991555671194646,"transcript56120.chr14.nic","PCNX4","OPC"
0.144136078040833,0.48309222143863,23.5690046859382,0.298361413503206,0.768041907736821,0.923745068324259,0.846305557485083,0.996363625621488,"PDE12-202","PDE12","OPC"
-0.144136078040834,0.48309222143863,23.5690046859382,-0.298361413503207,0.768041907736821,0.923745068324259,0.835248735132068,0.996363625621488,"PDE12-201","PDE12","OPC"
0.362653000313159,0.578752623242457,21.5690046859382,0.626611415221582,0.537490262679057,0.791355720080013,0.679641412200885,0.991555671194646,"PDE4DIP-262","PDE4DIP","OPC"
0.175801878858362,0.878970374677249,21.5690046859382,0.200008878482299,0.843347377468546,0.943767234536682,0.898513169534587,0.996363625621488,"PDE4DIP-245","PDE4DIP","OPC"
1.54867848796042,0.79488720347083,21.5690046859382,1.9482996847832,0.0645082586707477,0.390882138383234,0.210500945655118,0.991555671194646,"PDE4DIP-254","PDE4DIP","OPC"
-2.35216131013255,0.700917439790273,21.5690046859382,-3.35583219449692,0.0029132914174733,0.199423022774215,0.0418750511606068,0.991555671194646,"PDE4DIP-226","PDE4DIP","OPC"
-0.162603815416481,0.634900702654231,18.5690046859382,-0.256109049394193,0.80068241220886,0.92943357069768,0.857903965840688,0.996363625621488,"transcript188547.chr6.nic","PDE7B","OPC"
0.16260381541648,0.634900702654231,18.5690046859382,0.256109049394192,0.800682412208861,0.92943357069768,0.869020588738048,0.996363625621488,"transcript188580.chr6.nnic","PDE7B","OPC"
-0.0413619791847515,0.506181063736228,22.5690046859382,-0.0817138019337392,0.935594661679653,0.976215505944963,0.950471471600722,0.996363625621488,"PDGFRA-206","PDGFRA","OPC"
0.0413619791847517,0.506181063736227,22.5690046859382,0.0817138019337395,0.935594661679653,0.976215505944963,0.961736619441025,0.996363625621488,"PDGFRA-201","PDGFRA","OPC"
0.734753181389552,0.703637670056256,16.5690046859382,1.04422092883516,0.311379645179422,0.637077714448301,0.494918290695216,0.991555671194646,"PDLIM5-221","PDLIM5","OPC"
-0.734753181389551,0.703637670056256,16.5690046859382,-1.04422092883516,0.311379645179423,0.637077714448301,0.4860234258393,0.991555671194646,"PDLIM5-201","PDLIM5","OPC"
-0.681074597091898,0.869266326471181,16.5690046859382,-0.783505096598813,0.44438683145914,0.739982161522376,0.59747222268432,0.991555671194646,"transcript141239.chr8.nnic","PDP1","OPC"
0.681074597091898,0.869266326471181,16.5690046859382,0.783505096598813,0.44438683145914,0.739982161522376,0.607322765671377,0.991555671194646,"PDP1-201","PDP1","OPC"
-0.131429949497565,0.604066406758214,17.5690046859382,-0.217575332822923,0.830266871971898,0.9377465643361,0.878329759280139,0.996363625621488,"PEAK1-213","PEAK1","OPC"
0.131429949497566,0.604066406758214,17.5690046859382,0.217575332822923,0.830266871971898,0.9377465643361,0.889492353188242,0.996363625621488,"PEAK1-202","PEAK1","OPC"
-0.0486484307697226,0.634898366048632,24.5690046859382,-0.0766239659309443,0.939543261165656,0.976215505944963,0.953164512740157,0.996363625621488,"PEX1-201","PEX1","OPC"
0.0486484307697232,0.634898366048632,24.5690046859382,0.0766239659309452,0.939543261165655,0.976215505944963,0.96443169308159,0.996363625621488,"PEX1-210","PEX1","OPC"
2.10827709131968,1.09431565551058,16.5690046859382,1.92657126004105,0.0713635526926314,0.398230017809417,0.222010352249196,0.991555671194646,"PFKM-206","PFKM","OPC"
-2.10827709131968,1.09431565551058,16.5690046859382,-1.92657126004105,0.0713635526926315,0.398230017809417,0.21670393137049,0.991555671194646,"PFKM-203","PFKM","OPC"
-0.53881849136245,0.595478700219839,21.5690046859382,-0.9048493105858,0.375541831088677,0.691145488571392,0.541405419492417,0.991555671194646,"PGAP3-202","PGAP3","OPC"
0.53881849136245,0.59547870021984,21.5690046859382,0.9048493105858,0.375541831088676,0.691145488571392,0.550808654090359,0.991555671194646,"PGAP3-201","PGAP3","OPC"
-1.41939430602464,1.03477764728185,14.5690046859382,-1.37169014981441,0.190915673842386,0.546131993450338,0.369204078723133,0.991555671194646,"PHB1-209","PHB1","OPC"
1.41939430602464,1.03477764728185,14.5690046859382,1.37169014981441,0.190915673842386,0.546131993450338,0.376790714120602,0.991555671194646,"PHB1-201","PHB1","OPC"
-1.03393907832567,0.819083794138324,17.5690046859382,-1.26231172649848,0.223336260917267,0.574462635564039,0.402849439802144,0.991555671194646,"PHF20L1-201","PHF20L1","OPC"
1.03393907832567,0.819083794138324,17.5690046859382,1.26231172649848,0.223336260917267,0.574462635564039,0.410847680985187,0.991555671194646,"PHF20L1-203","PHF20L1","OPC"
-0.339707403399951,0.357417209454136,24.5690046859382,-0.950450606222259,0.351140128930382,0.673341557021764,0.520752104618467,0.991555671194646,"PHF3-209","PHF3","OPC"
-0.559094796033577,0.161114209609473,24.5690046859382,-3.47017682294301,0.00193625839535599,0.195702559375834,0.0341233760677014,0.991555671194646,"PHF3-201","PHF3","OPC"
0.244415267159161,0.46649802499338,24.5690046859382,0.523936338557123,0.605017563840378,0.831175779008293,0.729918557151171,0.996363625621488,"PHF3-208","PHF3","OPC"
0.77331531032317,0.205290302979956,24.5690046859382,3.76693540365944,0.000919322708701756,0.171125355634056,0.0244214488769782,0.991555671194646,"PHF3-204","PHF3","OPC"
-0.0625628383855229,0.264348395461985,24.5690046859382,-0.23666812229439,0.81487637469832,0.932284603141047,0.867715502139998,0.996363625621488,"PHF3-202","PHF3","OPC"
0.548001882917486,0.427849533455516,22.5690046859382,1.2808285157905,0.213260134550296,0.56364696819277,0.400483529485245,0.991555671194646,"PHIP-201","PHIP","OPC"
0.312086466622715,0.680862498022731,22.5690046859382,0.458369300011433,0.651070347095368,0.860390124001282,0.763406932930154,0.996363625621488,"PHIP-203","PHIP","OPC"
-1.4122150781213,0.431653402977595,22.5690046859382,-3.27164124823222,0.00340863441843214,0.201884120328049,0.0453131465460843,0.991555671194646,"PHIP-202","PHIP","OPC"
-0.17129348125602,0.537157404045751,22.5690046859382,-0.318888802361981,0.752743425868382,0.916816075081703,0.824580585256625,0.996363625621488,"PHIP-206","PHIP","OPC"
0.120239506799872,0.778116572117642,20.5690046859382,0.154526341050211,0.878700950650439,0.955843630110324,0.922814882411106,0.996363625621488,"PIEZO1-201","PIEZO1","OPC"
-0.120239506799872,0.778116572117641,20.5690046859382,-0.154526341050211,0.878700950650439,0.955843630110324,0.911593456175776,0.996363625621488,"PIEZO1-208","PIEZO1","OPC"
1.39487810476663,0.394635290963083,22.5690046859382,3.53460052029943,0.00180979591477318,0.195702559375834,0.0341698949321445,0.991555671194646,"PIK3IP1-201","PIK3IP1","OPC"
-1.39487810476663,0.394635290963083,22.5690046859382,-3.53460052029944,0.00180979591477317,0.195702559375834,0.0329902955420934,0.991555671194646,"PIK3IP1-203","PIK3IP1","OPC"
0.345874897133907,0.922919963144784,20.5690046859382,0.37476152965135,0.711673939205,0.898703702885745,0.806689422932937,0.996363625621488,"PIK3R1-207","PIK3R1","OPC"
0.372798767286323,0.699088451339391,20.5690046859382,0.533264090648435,0.599566124087361,0.831175779008293,0.725914893456793,0.996363625621488,"PIK3R1-203","PIK3R1","OPC"
-0.348691525119092,1.07631023743166,20.5690046859382,-0.32396934730562,0.749232420500821,0.916816075081703,0.822127355265328,0.996363625621488,"PIK3R1-201","PIK3R1","OPC"
-0.365499094742545,0.747823042393341,20.5690046859382,-0.488750779292381,0.630188687872702,0.849158076833641,0.737601895778221,0.996363625621488,"PIK3R1-202","PIK3R1","OPC"
-0.237045897993507,0.540074714326933,20.5690046859382,-0.438913157208119,0.665300382152219,0.869945158639734,0.762840951008723,0.996363625621488,"PIK3R1-211","PIK3R1","OPC"
0.977848624859916,0.727860417579417,19.5690046859382,1.34345624688847,0.194497185388574,0.547956394727162,0.380659153312002,0.991555671194646,"transcript368692.chr2.nic","PIKFYVE","OPC"
-0.977848624859916,0.727860417579417,19.5690046859382,-1.34345624688847,0.194497185388574,0.547956394727162,0.373024283971785,0.991555671194646,"PIKFYVE-201","PIKFYVE","OPC"
2.58625193814933,0.755055680092514,13.5690046859382,3.42524664913777,0.00427096855113968,0.227145796821837,0.0524597313911558,0.991555671194646,"PISD-211","PISD","OPC"
-2.58625193814933,0.755055680092514,13.5690046859382,-3.42524664913777,0.00427096855113968,0.227145796821837,0.050762496414972,0.991555671194646,"PISD-209","PISD","OPC"
0.323893454414352,0.870697672534988,16.5690046859382,0.371993017359692,0.714612815038896,0.898703702885745,0.808768788399632,0.996363625621488,"PKD1-207","PKD1","OPC"
-0.323893454414352,0.870697672534988,16.5690046859382,-0.371993017359693,0.714612815038895,0.898703702885745,0.797831176123801,0.996363625621488,"PKD1-201","PKD1","OPC"
-0.103540678827933,0.532713003738993,20.5690046859382,-0.194364842046663,0.847797043764533,0.943767234536682,0.89039173585784,0.996363625621488,"PKM-202","PKM","OPC"
0.103540678827933,0.532713003738993,20.5690046859382,0.194364842046663,0.847797043764533,0.943767234536682,0.901577954071291,0.996363625621488,"transcript106038.chr15.nnic","PKM","OPC"
0.488251301658231,1.04581269141364,23.5690046859382,0.466863048868011,0.644884869027681,0.856509938882813,0.758941729215265,0.996363625621488,"PLAT-213","PLAT","OPC"
1.21381506936536,0.847481288057141,23.5690046859382,1.43226179323445,0.165199050677693,0.524564449272213,0.348107963874623,0.991555671194646,"PLAT-202","PLAT","OPC"
-0.0680790345724007,0.285100908281854,23.5690046859382,-0.238789258801999,0.813333098191693,0.932284603141047,0.866649798584338,0.996363625621488,"PLAT-201","PLAT","OPC"
-0.288035678859401,0.350917225746624,23.5690046859382,-0.820808035987876,0.419980551340431,0.722899152439342,0.577931191412411,0.991555671194646,"PLAT-216","PLAT","OPC"
0.825543374309891,0.536330830303474,22.5690046859382,1.53924280997005,0.137649162939574,0.486093367766689,0.315278535203971,0.991555671194646,"PLCE1-219","PLCE1","OPC"
1.40390159785263,0.669391370497897,22.5690046859382,2.09728069366715,0.0473784947597035,0.353386667238787,0.179065679376274,0.991555671194646,"PLCE1-218","PLCE1","OPC"
-0.156831036452575,0.755672951595635,22.5690046859382,-0.207538242729768,0.837450806481586,0.94190625882219,0.883276222778804,0.996363625621488,"PLCE1-202","PLCE1","OPC"
-2.06178660643175,0.753979224825317,22.5690046859382,-2.73454034082892,0.0119340549163822,0.285707325853169,0.0855032597554777,0.991555671194646,"PLCE1-201","PLCE1","OPC"
-1.85877507857799,0.678009354868585,19.5690046859382,-2.74151833633367,0.0127424258429046,0.285707325853169,0.0884171396872074,0.991555671194646,"PLEKHB2-212","PLEKHB2","OPC"
1.85877507857799,0.678009354868586,19.5690046859382,2.74151833633367,0.0127424258429046,0.285707325853169,0.0910917255264616,0.991555671194646,"PLEKHB2-201","PLEKHB2","OPC"
-0.646277919247174,0.498251940199445,24.5690046859382,-1.29709062244389,0.206648959262994,0.55827266668668,0.385786401706529,0.991555671194646,"PLEKHH2-202","PLEKHH2","OPC"
0.646277919247173,0.498251940199445,24.5690046859382,1.29709062244389,0.206648959262994,0.55827266668668,0.393579595967371,0.991555671194646,"PLEKHH2-201","PLEKHH2","OPC"
-0.113701228240652,0.351472264423852,24.5690046859382,-0.323499859731568,0.749054251476693,0.916816075081703,0.82200281379144,0.996363625621488,"PLP1-221","PLP1","OPC"
0.113701228240654,0.351472264423852,24.5690046859382,0.323499859731572,0.74905425147669,0.916816075081703,0.833020357709439,0.996363625621488,"PLP1-223","PLP1","OPC"
-0.683844790979726,0.693108684588399,22.5690046859382,-0.986634284327034,0.33428209379947,0.654499726853057,0.506201568361633,0.991555671194646,"transcript176614.chr9.nic","PLPPR1","OPC"
0.425686568180422,0.695953933803026,22.5690046859382,0.611659116364593,0.546876031111417,0.79510510024416,0.686724737588802,0.991555671194646,"transcript176138.chr9.nic","PLPPR1","OPC"
-0.183165557406744,0.569370964606435,22.5690046859382,-0.321698099820305,0.750641983548556,0.916816075081703,0.823112478876158,0.996363625621488,"transcript176166.chr9.nic","PLPPR1","OPC"
0.754982363758878,0.531068896459124,22.5690046859382,1.42162790702428,0.168806691554779,0.528738267057398,0.352234944061348,0.991555671194646,"PLPPR1-201","PLPPR1","OPC"
-0.546559905553249,0.467263838596286,22.5690046859382,-1.16970298235613,0.25432561509245,0.592678846054001,0.433305247514616,0.991555671194646,"PMP22-215","PMP22","OPC"
-0.0814153914868807,0.708594873845557,22.5690046859382,-0.114896952394022,0.909542910316709,0.969330071788069,0.932688954189037,0.996363625621488,"PMP22-204","PMP22","OPC"
0.696020229733063,0.389985145913573,22.5690046859382,1.78473523165242,0.0877539898263021,0.427452144836156,0.247701868438079,0.991555671194646,"PMP22-223","PMP22","OPC"
-1.01473080466965,0.712214866092991,18.5690046859382,-1.42475375477091,0.170819379334476,0.529206140938552,0.347220473059526,0.991555671194646,"PMPCA-207","PMPCA","OPC"
1.01473080466965,0.712214866092991,18.5690046859382,1.42475375477091,0.170819379334477,0.529206140938552,0.354521843899665,0.991555671194646,"PMPCA-201","PMPCA","OPC"
1.84677410770392,0.752940656244559,22.5690046859382,2.45274855646004,0.0223458758253349,0.297108940820524,0.121372880385048,0.991555671194646,"PMPCB-217","PMPCB","OPC"
-1.63252766695105,1.03950960119318,22.5690046859382,-1.57047868059822,0.130219031134508,0.481668999660832,0.299337882933603,0.991555671194646,"PMPCB-223","PMPCB","OPC"
-0.12892078006684,0.580562575478854,22.5690046859382,-0.222061816438142,0.826262910995057,0.935784939614567,0.875570688319395,0.996363625621488,"transcript155243.chr7.nnic","PMPCB","OPC"
-1.01606188443229,0.986298935510097,22.5690046859382,-1.03017639769306,0.313841617162239,0.639461496735572,0.488216707402594,0.991555671194646,"PMPCB-201","PMPCB","OPC"
0.361582795014119,0.338254084933717,24.5690046859382,1.06896800694949,0.295474646090161,0.629574286722084,0.480456216549081,0.991555671194646,"PNISR-202","PNISR","OPC"
-0.347993920588634,0.458228337027294,24.5690046859382,-0.759433436278094,0.454818697764062,0.742177536864838,0.605724435541869,0.991555671194646,"PNISR-203","PNISR","OPC"
0.0226980016207651,1.03334963679997,24.5690046859382,0.021965461458965,0.9826529297288,0.991402839672184,0.99382385694279,0.99818923677535,"PNISR-205","PNISR","OPC"
0.176670296348713,0.591070506004291,24.5690046859382,0.298898853104726,0.767530863939471,0.923745068324259,0.845948718185248,0.996363625621488,"PNISR-212","PNISR","OPC"
-0.376785394971441,0.300716509233257,24.5690046859382,-1.2529587947537,0.222014937699185,0.574462635564039,0.401516575594758,0.991555671194646,"PNISR-201","PNISR","OPC"
0.122587676647902,0.294408836698797,24.5690046859382,0.416385859957454,0.680742804213342,0.88383502907121,0.784699368570481,0.996363625621488,"PNISR-207","PNISR","OPC"
1.34362868717776e-12,0.932043948460814,16.5690046859382,1.44159370316888e-12,0.999999999998867,0.99999999999992,0.994358886672605,0.99818923677535,"PNMA3-202","PNMA3","OPC"
-1.34188030892509e-12,0.932043948460813,16.5690046859382,-1.43971784929358e-12,0.999999999998868,0.99999999999992,0.994358886671062,0.99818923677535,"PNMA3-201","PNMA3","OPC"
1.29842700290957,0.665836548748176,24.5690046859382,1.95006868480067,0.0626670135463817,0.386991083653722,0.207318366585862,0.991555671194646,"PNPLA8-201","PNPLA8","OPC"
-1.29842700290957,0.665836548748176,24.5690046859382,-1.95006868480067,0.0626670135463817,0.386991083653722,0.202268940567003,0.991555671194646,"PNPLA8-206","PNPLA8","OPC"
-0.0657632609328655,0.912465338157306,19.5690046859382,-0.0720720647489714,0.94327608878866,0.976215505944963,0.955709951209441,0.996363625621488,"POGK-201","POGK","OPC"
0.0657632609328652,0.912465338157306,19.5690046859382,0.0720720647489711,0.943276088788661,0.976215505944963,0.966978934205599,0.996363625621488,"POGK-202","POGK","OPC"
-0.682131577312464,0.736165209044961,23.5690046859382,-0.926601215231842,0.363525453734609,0.684005294175012,0.531292459710267,0.991555671194646,"POGZ-212","POGZ","OPC"
0.682131577312464,0.736165209044961,23.5690046859382,0.926601215231843,0.363525453734609,0.684005294175012,0.540607902331987,0.991555671194646,"POGZ-206","POGZ","OPC"
1.30773203757445,0.913612620646735,17.5690046859382,1.43138569676141,0.169868632202162,0.529206140938552,0.353442931285612,0.991555671194646,"POLDIP3-201","POLDIP3","OPC"
-1.30773203757445,0.913612620646735,17.5690046859382,-1.43138569676141,0.169868632202163,0.529206140938552,0.346155715436503,0.991555671194646,"POLDIP3-203","POLDIP3","OPC"
0.827583960298957,1.01890445355446,16.5690046859382,0.812229210905814,0.428176115357476,0.726923098776275,0.594284141783293,0.991555671194646,"POLI-208","POLI","OPC"
-0.827583960298958,1.01890445355446,16.5690046859382,-0.812229210905814,0.428176115357476,0.726923098776275,0.584531008738329,0.991555671194646,"POLI-206","POLI","OPC"
0.637967218291742,0.387870852074196,22.5690046859382,1.64479288629223,0.113870818820205,0.465991381452094,0.28466747802022,0.991555671194646,"POMGNT1-214","POMGNT1","OPC"
0.315673593306447,0.848975785340351,22.5690046859382,0.371828736175196,0.713488641941944,0.898703702885745,0.807973588808604,0.996363625621488,"POMGNT1-250","POMGNT1","OPC"
-0.60536688887763,0.381559605620809,22.5690046859382,-1.58655916391537,0.126525320737541,0.481668999660832,0.29469652420036,0.991555671194646,"POMGNT1-201","POMGNT1","OPC"
1.96141433537438,0.801312670391115,15.5690046859382,2.44775155547837,0.0266511778879712,0.310684912817003,0.132885329729687,0.991555671194646,"POMT2-202","POMT2","OPC"
-1.96141433537438,0.801312670391114,15.5690046859382,-2.44775155547838,0.0266511778879712,0.310684912817003,0.129276575269865,0.991555671194646,"POMT2-201","POMT2","OPC"
1.48068844343277,0.450058764360313,24.5690046859382,3.28998913183555,0.00302335016558695,0.199423022774215,0.044129134114201,0.991555671194646,"POR-201","POR","OPC"
-1.48068844343277,0.450058764360313,24.5690046859382,-3.28998913183555,0.00302335016558694,0.199423022774215,0.042662163613945,0.991555671194646,"POR-218","POR","OPC"
-2.13555345417193,1.08575772502679,16.5690046859382,-1.96687843424668,0.0661752283313592,0.390882138383234,0.208191755195192,0.991555671194646,"PPHLN1-226","PPHLN1","OPC"
2.13555345417193,1.08575772502679,16.5690046859382,1.96687843424668,0.066175228331359,0.390882138383234,0.213347629669894,0.991555671194646,"transcript57820.chr12.nic","PPHLN1","OPC"
0.385272599721137,0.588760665542316,23.5690046859382,0.6543789731032,0.519202789978541,0.784827419190301,0.665741642071794,0.991555671194646,"PPIB-201","PPIB","OPC"
-0.385272599721137,0.588760665542316,23.5690046859382,-0.6543789731032,0.519202789978541,0.784827419190301,0.655496137069617,0.991555671194646,"PPIB-203","PPIB","OPC"
0.670652408100577,0.567299735538579,23.5690046859382,1.1821835373568,0.248922899032267,0.590733387627976,0.436388199770168,0.991555671194646,"PPIG-205","PPIG","OPC"
-0.0505686041608931,0.568403146630668,23.5690046859382,-0.0889660876450973,0.929860529562042,0.974745189074289,0.946559727415237,0.996363625621488,"PPIG-217","PPIG","OPC"
-0.700988308198476,0.649823989560447,23.5690046859382,-1.07873565682399,0.29162228044795,0.625487788351734,0.468194939371674,0.991555671194646,"PPIG-214","PPIG","OPC"
0.47487455948033,0.722263869513661,19.5690046859382,0.657480706878068,0.518531319073363,0.784722774393254,0.66522870849331,0.991555671194646,"PPIP5K2-201","PPIP5K2","OPC"
-0.474874559480331,0.722263869513661,19.5690046859382,-0.657480706878068,0.518531319073363,0.784722774393254,0.654986380756384,0.991555671194646,"transcript136247.chr5.nic","PPIP5K2","OPC"
-1.91555368657472,0.671839753176459,23.5690046859382,-2.85120622517197,0.0089070749431354,0.271562278761509,0.0736537583730871,0.991555671194646,"PPM1B-201","PPM1B","OPC"
1.91555368657472,0.671839753176459,23.5690046859382,2.85120622517197,0.00890707494313538,0.271562278761509,0.0759609910535449,0.991555671194646,"PPM1B-207","PPM1B","OPC"
-0.305341926694977,0.388304554907972,24.5690046859382,-0.78634649744797,0.439183579686214,0.736494471468644,0.593334339832123,0.991555671194646,"PPM1K-210","PPM1K","OPC"
0.178248231403137,0.40708686246516,24.5690046859382,0.437862893250189,0.665311090241362,0.869945158639734,0.773651492514695,0.996363625621488,"PPM1K-208","PPM1K","OPC"
0.138463422141487,0.313463439960113,24.5690046859382,0.441721121158838,0.662554504400627,0.869394279188336,0.77167223530176,0.996363625621488,"PPM1K-209","PPM1K","OPC"
0.246400413478477,0.602385041782192,21.5690046859382,0.40904138779656,0.686542485704592,0.886806965029639,0.788837780902232,0.996363625621488,"PPP1R10-201","PPP1R10","OPC"
-0.246400413478476,0.602385041782192,21.5690046859382,-0.40904138779656,0.686542485704592,0.886806965029639,0.777973863967153,0.996363625621488,"transcript39631.chr6.nic","PPP1R10","OPC"
-0.421154165418031,0.793708621624926,22.5690046859382,-0.530615586051995,0.600868037054405,0.831175779008293,0.716283729544935,0.995538879570187,"PPP1R12A-203","PPP1R12A","OPC"
0.421154165418031,0.793708621624926,22.5690046859382,0.530615586051995,0.600868037054405,0.831175779008293,0.726871859170461,0.996363625621488,"PPP1R12A-213","PPP1R12A","OPC"
1.35385908535562,0.765204162985229,18.5690046859382,1.76927825388968,0.0932688981760016,0.438734203333322,0.255865062662413,0.991555671194646,"PPP1R2-205","PPP1R2","OPC"
-1.35385908535562,0.765204162985229,18.5690046859382,-1.76927825388968,0.0932688981760014,0.438734203333322,0.249996059107515,0.991555671194646,"PPP1R2-206","PPP1R2","OPC"
0.791245405148213,0.780544705226472,23.5690046859382,1.01370927231982,0.321015646883679,0.645001369143307,0.503551642562849,0.991555671194646,"PPP1R9A-207","PPP1R9A","OPC"
-1.03466356406784,0.641801288014309,23.5690046859382,-1.61212447433538,0.120246587346856,0.477428789041985,0.286675742272669,0.991555671194646,"PPP1R9A-202","PPP1R9A","OPC"
-0.76369921565477,0.47038967820667,23.5690046859382,-1.62354586215906,0.117773542068048,0.475841628882687,0.283468813474845,0.991555671194646,"transcript133981.chr7.nic","PPP1R9A","OPC"
1.20452618977903,0.860962072702117,23.5690046859382,1.39904675010671,0.174821934101072,0.534725305478163,0.359037622325135,0.991555671194646,"PPP1R9A-206","PPP1R9A","OPC"
1.22900648103965,0.67035863106747,16.5690046859382,1.8333566901087,0.0847780107140508,0.423240413641411,0.243204233665363,0.991555671194646,"PPP4R3B-206","PPP4R3B","OPC"
-1.22900648103965,0.67035863106747,16.5690046859382,-1.83335669010869,0.0847780107140509,0.423240413641411,0.237540961101221,0.991555671194646,"PPP4R3B-205","PPP4R3B","OPC"
0.186877372919294,0.556470196880372,20.5690046859382,0.335826382018205,0.740403226082923,0.913389137545738,0.826948263382017,0.996363625621488,"PRCP-218","PRCP","OPC"
-0.186877372919294,0.556470196880372,20.5690046859382,-0.335826382018206,0.740403226082923,0.913389137545738,0.815949732987029,0.996363625621488,"PRCP-201","PRCP","OPC"
-2.23137648605431,1.62077939141172,14.5690046859382,-1.37673053956514,0.189384932377383,0.545398341528028,0.367562770168423,0.991555671194646,"PRKACB-216","PRKACB","OPC"
2.23137648605431,1.62077939141172,14.5690046859382,1.37673053956514,0.189384932377382,0.545398341528028,0.375128562158329,0.991555671194646,"PRKACB-205","PRKACB","OPC"
-0.667638650249735,0.592460333997581,22.5690046859382,-1.12689172918108,0.271627641522677,0.612270349542155,0.449707021157907,0.991555671194646,"PRKDC-202","PRKDC","OPC"
-0.0158070356835004,0.551596054766446,22.5690046859382,-0.0286569048979027,0.977390128051306,0.990299793344194,0.978957881517963,0.998122894849346,"PRKDC-212","PRKDC","OPC"
1.29603509999356,0.678432361015886,22.5690046859382,1.91033797098487,0.0688775528375442,0.391910267892228,0.217895664307039,0.991555671194646,"PRKDC-201","PRKDC","OPC"
1.20488771747301,0.75601817625402,15.5690046859382,1.59372850457523,0.131093083815651,0.481668999660832,0.307076647462823,0.991555671194646,"PRMT2-203","PRMT2","OPC"
-1.20488771747301,0.756018176254021,15.5690046859382,-1.59372850457523,0.131093083815651,0.481668999660832,0.300428173258455,0.991555671194646,"PRMT2-205","PRMT2","OPC"
-0.0912757756209236,0.401320671818593,24.5690046859382,-0.227438509975839,0.821964777456108,0.934572517474091,0.872607124639225,0.996363625621488,"PRNP-203","PRNP","OPC"
-0.11104367251184,0.365029696021551,24.5690046859382,-0.304204489996573,0.763533741037575,0.920837208303163,0.832108552073398,0.996363625621488,"PRNP-202","PRNP","OPC"
0.155677397681058,0.381744483141771,24.5690046859382,0.40780523244194,0.686948559299251,0.886806965029639,0.789127266104508,0.996363625621488,"PRNP-201","PRNP","OPC"
1.33352432505593,0.730736624188908,23.5690046859382,1.82490418697173,0.0807170538790728,0.413436037891215,0.236954217342413,0.991555671194646,"PROX1-202","PROX1","OPC"
-1.33352432505592,0.730736624188908,23.5690046859382,-1.82490418697173,0.0807170538790729,0.413436037891215,0.231394527089496,0.991555671194646,"PROX1-201","PROX1","OPC"
-0.250711837120762,0.899444485384814,20.5690046859382,-0.278740757428179,0.78322691755201,0.926035739991351,0.845805413865572,0.996363625621488,"PRPF31-201","PRPF31","OPC"
0.250711837120762,0.899444485384814,20.5690046859382,0.278740757428179,0.78322691755201,0.926035739991351,0.856891257808467,0.996363625621488,"PRPF31-203","PRPF31","OPC"
-0.896637161791378,0.581700282009984,23.5690046859382,-1.54140747309452,0.136538103420217,0.486093367766689,0.307153901463549,0.991555671194646,"PRPF38B-204","PRPF38B","OPC"
0.896637161791379,0.581700282009984,23.5690046859382,1.54140747309452,0.136538103420217,0.486093367766689,0.31390020759337,0.991555671194646,"PRPF38B-203","PRPF38B","OPC"
-0.373624502252662,0.780364771868662,20.5690046859382,-0.478781866790297,0.637144075334364,0.851380880335915,0.742625437074732,0.996363625621488,"transcript295901.chr2.nic","PRPF40A","OPC"
0.515520468070203,0.643387989672269,20.5690046859382,0.801259079040006,0.432140799440202,0.731272028143615,0.597487089227324,0.991555671194646,"PRPF40A-212","PRPF40A","OPC"
-0.257461050653638,0.744168720140877,20.5690046859382,-0.345971341828098,0.732877909531644,0.909502361001821,0.810674570582172,0.996363625621488,"PRPF40A-215","PRPF40A","OPC"
0.178105106418324,0.691195411031986,20.5690046859382,0.257676922583159,0.799216672816363,0.929388063078733,0.868003612968484,0.996363625621488,"PRPF40A-202","PRPF40A","OPC"
-0.207288179524415,0.60606978120992,24.5690046859382,-0.342020318370928,0.735244010399473,0.91028213626821,0.812334178453867,0.996363625621488,"PRRC2C-213","PRRC2C","OPC"
-0.763924173839823,0.68632561136179,24.5690046859382,-1.11306377205429,0.276453025749192,0.612270349542155,0.4542125673023,0.991555671194646,"PRRC2C-201","PRRC2C","OPC"
1.16738291324208,0.792959884664787,24.5690046859382,1.47218407364399,0.153666327199462,0.506263525514282,0.334662062014762,0.991555671194646,"PRRC2C-207","PRRC2C","OPC"
0.827632064422474,0.6420272415192,18.5690046859382,1.28909181869618,0.213194199701265,0.56364696819277,0.400415090964591,0.991555671194646,"transcript260346.chr1.nic","PRRX1","OPC"
-0.827632064422474,0.6420272415192,18.5690046859382,-1.28909181869618,0.213194199701265,0.56364696819277,0.39253984214653,0.991555671194646,"PRRX1-207","PRRX1","OPC"
0.324339563295918,1.44115429929878,12.5690046859382,0.225055404167154,0.825553753138761,0.935784939614567,0.886237638503724,0.996363625621488,"PRXL2B-203","PRXL2B","OPC"
-0.324339563295917,1.44115429929878,12.5690046859382,-0.225055404167153,0.825553753138762,0.935784939614567,0.875081852333717,0.996363625621488,"transcript9046.chr1.nic","PRXL2B","OPC"
0.171850256926659,0.627102757305555,22.5690046859382,0.274038432975547,0.786547625577271,0.926604699135702,0.859201847763044,0.996363625621488,"PSD3-203","PSD3","OPC"
-0.171850256926659,0.627102757305555,22.5690046859382,-0.274038432975547,0.786547625577271,0.926604699135702,0.848109936964894,0.996363625621488,"PSD3-202","PSD3","OPC"
-0.803091767882708,0.964520592916941,17.5690046859382,-0.832633096462945,0.416227123275557,0.721202050037303,0.574895240166288,0.991555671194646,"PSMA2-201","PSMA2","OPC"
0.803091767882707,0.964520592916941,17.5690046859382,0.832633096462944,0.416227123275558,0.721202050037303,0.584573589996604,0.991555671194646,"PSMA2-206","PSMA2","OPC"
1.13433037127012,0.829047408091095,20.5690046859382,1.36823342091129,0.186000619168206,0.545398341528028,0.371434617958272,0.991555671194646,"PSMD8-211","PSMD8","OPC"
-1.13433037127012,0.829047408091095,20.5690046859382,-1.36823342091129,0.186000619168206,0.545398341528028,0.363915404895757,0.991555671194646,"PSMD8-213","PSMD8","OPC"
0.121077931553236,0.760203820398491,16.5690046859382,0.15927035395556,0.875381194231943,0.955843630110324,0.920537344163512,0.996363625621488,"PTGES2-212","PTGES2","OPC"
-0.121077931553236,0.760203820398491,16.5690046859382,-0.159270353955559,0.875381194231943,0.955843630110324,0.90931930958128,0.996363625621488,"PTGES2-202","PTGES2","OPC"
-1.22233005983167,0.936461483783539,19.5690046859382,-1.30526463821357,0.206942208756459,0.55827266668668,0.386090728188321,0.991555671194646,"PTK2-206","PTK2","OPC"
-0.161268147596122,0.915204721820893,19.5690046859382,-0.176209916482143,0.86193979839933,0.949773832823955,0.900103500616573,0.996363625621488,"PTK2-218","PTK2","OPC"
0.93771805488058,0.950892772662329,19.5690046859382,0.986144896500935,0.336098863158117,0.656085121640489,0.516884176157181,0.991555671194646,"PTK2-240","PTK2","OPC"
0.526896708986251,0.428220621360589,24.5690046859382,1.23043282528557,0.230186040156135,0.577772513616122,0.417790211190336,0.991555671194646,"PTN-203","PTN","OPC"
-0.526896708986251,0.428220621360589,24.5690046859382,-1.23043282528557,0.230186040156135,0.577772513616122,0.409711606855908,0.991555671194646,"PTN-201","PTN","OPC"
2.00602014696466,1.00762593923852,17.5690046859382,1.99083813630348,0.062285423996568,0.386991083653722,0.206653608456293,0.991555671194646,"PTPDC1-201","PTPDC1","OPC"
-2.00602014696466,1.00762593923852,17.5690046859382,-1.99083813630348,0.062285423996568,0.386991083653722,0.201616004187543,0.991555671194646,"PTPDC1-202","PTPDC1","OPC"
0.422272226158829,0.637870208316894,22.5690046859382,0.662003367852921,0.514672423246858,0.784722774393254,0.662277283129801,0.991555671194646,"PTPRE-201","PTPRE","OPC"
-0.422272226158829,0.637870208316895,22.5690046859382,-0.662003367852922,0.514672423246857,0.784722774393254,0.652053336335979,0.991555671194646,"PTPRE-205","PTPRE","OPC"
0.0348598651373098,0.972402404990117,19.5690046859382,0.035849217318281,0.97176575777163,0.988408457829846,0.986405272000022,0.998122894849346,"PTPRF-205","PTPRF","OPC"
1.32460079211398,0.845328584981328,19.5690046859382,1.5669655748637,0.133151167572472,0.483486671703566,0.309669436351787,0.991555671194646,"PTPRF-207","PTPRF","OPC"
-1.80223076909259,0.868297161470094,19.5690046859382,-2.07559214640444,0.0513397802519659,0.361649168277911,0.182062257192586,0.991555671194646,"transcript77440.chr1.nnic","PTPRF","OPC"
-1.42281565448196,0.591146817532672,23.5690046859382,-2.40687357570579,0.0243001399968725,0.308908121130974,0.123238792591084,0.991555671194646,"PTPRG-201","PTPRG","OPC"
0.295464212893834,0.686391363950535,23.5690046859382,0.430460271518111,0.670771638330507,0.874452671080191,0.777566996851271,0.996363625621488,"PTPRG-205","PTPRG","OPC"
1.25905208699931,0.532486216150792,23.5690046859382,2.36447826969247,0.0266484878975666,0.310684912817003,0.132878419328192,0.991555671194646,"PTPRG-203","PTPRG","OPC"
0.0647600708437072,0.3296408020283,24.5690046859382,0.196456477612099,0.84586888447848,0.943767234536682,0.900250134467542,0.996363625621488,"PTPRZ1-213","PTPRZ1","OPC"
0.0234073594007672,0.319370083641442,24.5690046859382,0.07329227313303,0.942166979969036,0.976215505944963,0.966222145314369,0.996363625621488,"PTPRZ1-201","PTPRZ1","OPC"
-0.161291182259862,0.756382335162625,24.5690046859382,-0.213240281748759,0.832899104857845,0.939609706721835,0.880142740483242,0.996363625621488,"PTPRZ1-214","PTPRZ1","OPC"
1.56603859689954,1.47057550281783,24.5690046859382,1.06491546601912,0.297268460524258,0.630144910036811,0.482101077800035,0.991555671194646,"PTPRZ1-221","PTPRZ1","OPC"
-0.482454154110513,0.323105024940647,24.5690046859382,-1.49318059723503,0.148121760531719,0.499490799579627,0.321106079573052,0.991555671194646,"PTPRZ1-220","PTPRZ1","OPC"
-0.480879096282965,0.626295073999393,20.5690046859382,-0.767815549325925,0.45132190138425,0.741506551730568,0.602964657882923,0.991555671194646,"PUF60-208","PUF60","OPC"
0.480879096282965,0.626295073999393,20.5690046859382,0.767815549325925,0.45132190138425,0.741506551730568,0.612855501996109,0.991555671194646,"PUF60-202","PUF60","OPC"
0.90770698790663,0.696736913107227,21.5690046859382,1.30279732683969,0.206382422143974,0.55827266668668,0.393299458241468,0.991555671194646,"PUS7L-201","PUS7L","OPC"
-0.907706987906629,0.696736913107228,21.5690046859382,-1.30279732683968,0.206382422143974,0.55827266668668,0.385509651833612,0.991555671194646,"PUS7L-202","PUS7L","OPC"
-1.25363473212829,0.586612596299741,19.5690046859382,-2.13707434861785,0.0454155070364569,0.353291974140318,0.170699313970027,0.991555671194646,"PWWP2A-201","PWWP2A","OPC"
1.2536347321283,0.586612596299742,19.5690046859382,2.13707434861785,0.0454155070364569,0.353291974140318,0.175156463300293,0.991555671194646,"PWWP2A-205","PWWP2A","OPC"
-0.599576045034968,0.53745827762682,23.5690046859382,-1.11557691079284,0.27584890917485,0.612270349542155,0.4536500655193,0.991555671194646,"PWWP3A-208","PWWP3A","OPC"
0.599576045034967,0.53745827762682,23.5690046859382,1.11557691079284,0.275848909174851,0.612270349542155,0.462215614188649,0.991555671194646,"transcript3957.chr19.nic","PWWP3A","OPC"
-0.412441193112483,0.626915869058185,23.5690046859382,-0.657889221614525,0.516984077699465,0.784722774393254,0.653811084004088,0.991555671194646,"PXDN-201","PXDN","OPC"
0.412441193112484,0.626915869058186,23.5690046859382,0.657889221614525,0.516984077699465,0.784722774393254,0.664046066707016,0.991555671194646,"PXDN-213","PXDN","OPC"
-1.35969367932202,0.803759888687387,16.5690046859382,-1.69166650197302,0.10942906654172,0.45995507646407,0.272433812590045,0.991555671194646,"QKI-207","QKI","OPC"
1.35969367932202,0.803759888687387,16.5690046859382,1.69166650197302,0.10942906654172,0.45995507646407,0.278659894204952,0.991555671194646,"QKI-203","QKI","OPC"
0.187094835575004,0.787112966740221,18.5690046859382,0.237697565001178,0.814718660991471,0.932284603141047,0.878746002213606,0.996363625621488,"QRSL1-202","QRSL1","OPC"
-0.187094835575004,0.787112966740221,18.5690046859382,-0.237697565001179,0.814718660991471,0.932284603141047,0.867606605325413,0.996363625621488,"QRSL1-201","QRSL1","OPC"
-1.4430279878961,0.570849881990769,24.5690046859382,-2.52785895805692,0.018294700428699,0.293981606025316,0.106445921349964,0.991555671194646,"RAB3IP-201","RAB3IP","OPC"
1.4430279878961,0.570849881990769,24.5690046859382,2.52785895805692,0.0182947004286991,0.293981606025316,0.109546331145628,0.991555671194646,"RAB3IP-204","RAB3IP","OPC"
-0.686535160420755,0.468552509550156,22.5690046859382,-1.46522566079067,0.156652740911577,0.511557453050313,0.331098712881866,0.991555671194646,"RAB6A-201","RAB6A","OPC"
0.686535160420756,0.468552509550156,22.5690046859382,1.46522566079067,0.156652740911577,0.511557453050313,0.338182332196046,0.991555671194646,"RAB6A-202","RAB6A","OPC"
1.03023499122332,0.674305528285203,24.5690046859382,1.5278459808023,0.139323801524562,0.487352787614777,0.317347305177301,0.991555671194646,"RAD50-213","RAD50","OPC"
-1.03023499122332,0.674305528285202,24.5690046859382,-1.52784598080231,0.139323801524562,0.487352787614777,0.310552091439515,0.991555671194646,"RAD50-201","RAD50","OPC"
-0.983377025089709,0.874113266590492,18.5690046859382,-1.12499954259407,0.274921250513944,0.612270349542155,0.452785438436882,0.991555671194646,"RAF1-201","RAF1","OPC"
0.983377025089708,0.874113266590492,18.5690046859382,1.12499954259407,0.274921250513944,0.612270349542155,0.461341855350261,0.991555671194646,"RAF1-232","RAF1","OPC"
0.897169688048837,0.681551820508453,19.5690046859382,1.31636313050933,0.203262990717198,0.55827266668668,0.39001022916476,0.991555671194646,"RANBP2-206","RANBP2","OPC"
-0.897169688048838,0.681551820508453,19.5690046859382,-1.31636313050933,0.203262990717198,0.55827266668668,0.382260349315355,0.991555671194646,"RANBP2-201","RANBP2","OPC"
0.24872198878365,0.441705630331561,24.5690046859382,0.563094449570293,0.578473665936902,0.814778603523051,0.71033761531912,0.995538879570187,"RASSF4-211","RASSF4","OPC"
-0.248721988783651,0.441705630331561,24.5690046859382,-0.563094449570295,0.578473665936901,0.814778603523051,0.699835161034701,0.991982095627542,"RASSF4-201","RASSF4","OPC"
-0.887447616231186,0.655709787387011,23.5690046859382,-1.35341523537058,0.188761894766692,0.545398341528028,0.366893240861014,0.991555671194646,"RBL2-201","RBL2","OPC"
0.887447616231186,0.655709787387011,23.5690046859382,1.35341523537058,0.188761894766692,0.545398341528028,0.374450509498226,0.991555671194646,"RBL2-209","RBL2","OPC"
-0.525019938783244,0.311399463694279,24.5690046859382,-1.68600142259297,0.104455685053641,0.457460983206278,0.265688009542925,0.991555671194646,"RBM25-201","RBM25","OPC"
-0.598500423115378,0.43392088376085,24.5690046859382,-1.37928467034842,0.180233897408189,0.538571895692921,0.357639660545986,0.991555671194646,"RBM25-206","RBM25","OPC"
-0.16758537170261,0.306369421813437,24.5690046859382,-0.547004236619479,0.589310242370913,0.823454419098445,0.707813542466118,0.994373095238116,"RBM25-203","RBM25","OPC"
0.653511117412199,0.252193662022311,24.5690046859382,2.59130666556713,0.0158524690021596,0.290926297321323,0.10181225118053,0.991555671194646,"RBM25-212","RBM25","OPC"
0.268860467540701,0.282566546660995,24.5690046859382,0.951494331929048,0.350620838523663,0.67284087274865,0.529525033216528,0.991555671194646,"RBM39-223","RBM39","OPC"
-0.568107106951354,0.473857312271186,24.5690046859382,-1.19889910367412,0.242003196796359,0.590733387627976,0.421371534034419,0.991555671194646,"RBM39-203","RBM39","OPC"
-0.0472398212748357,0.338791286862563,24.5690046859382,-0.139436352428979,0.890242069628174,0.960595217251867,0.919493926237323,0.996363625621488,"RBM39-201","RBM39","OPC"
1.16726322135823,0.497901187686125,21.5690046859382,2.34436721628,0.0286942449760192,0.310684912817003,0.13804362838261,0.991555671194646,"RBM4-206","RBM4","OPC"
-1.16726322135823,0.497901187686125,21.5690046859382,-2.34436721628001,0.0286942449760192,0.310684912817003,0.134326617031022,0.991555671194646,"RBM4-201","RBM4","OPC"
-0.164275376906714,0.618290691565161,22.5690046859382,-0.26569278681984,0.792887800738814,0.926908336284733,0.85250607122228,0.996363625621488,"RBM5-212","RBM5","OPC"
0.710855462702415,0.524559689260084,22.5690046859382,1.35514694944461,0.188780016324876,0.545398341528028,0.37447024377604,0.991555671194646,"RBM5-214","RBM5","OPC"
-0.717620030674857,0.584275081836253,22.5690046859382,-1.22822289189457,0.232018426111199,0.580268731713805,0.411534132311398,0.991555671194646,"RBM5-201","RBM5","OPC"
-0.409868870005434,0.557326002422907,23.5690046859382,-0.735420325309746,0.469339226006992,0.751750475091715,0.617117849192218,0.991555671194646,"RBM6-201","RBM6","OPC"
0.791208393584055,0.86646962965941,23.5690046859382,0.913140364648512,0.370415584287363,0.689665373413188,0.546470597226498,0.991555671194646,"RBM6-205","RBM6","OPC"
-0.1300708664494,0.491553633864914,23.5690046859382,-0.26461174831869,0.793608877068079,0.926908336284733,0.853005734900021,0.996363625621488,"RBM6-213","RBM6","OPC"
0.776193324353502,0.395120908582534,23.5690046859382,1.96444507869259,0.0613756533944555,0.386991083653722,0.205061356834562,0.991555671194646,"RBMX-201","RBMX","OPC"
-1.28597414562345,0.385621235643261,23.5690046859382,-3.33481153722849,0.00281310608639492,0.199423022774215,0.0411458426522017,0.991555671194646,"RBMX-212","RBMX","OPC"
0.818982813236899,0.29004774221779,23.5690046859382,2.82361381948612,0.00949652507192393,0.271562278761509,0.078465371744,0.991555671194646,"RBMX-207","RBMX","OPC"
0.328597520549041,0.794254508573648,20.5690046859382,0.413718168423303,0.683362387472369,0.885110527710235,0.7865694985094,0.996363625621488,"RCN2-205","RCN2","OPC"
-0.32859752054904,0.794254508573648,20.5690046859382,-0.413718168423303,0.683362387472369,0.885110527710235,0.775714428423987,0.996363625621488,"RCN2-203","RCN2","OPC"
1.40922857111924,0.681961745583172,13.5690046859382,2.06643346235522,0.0584266763144859,0.386446493592767,0.199826301134545,0.991555671194646,"REPIN1-203","REPIN1","OPC"
-1.40922857111925,0.681961745583172,13.5690046859382,-2.06643346235522,0.0584266763144859,0.386446493592767,0.194911105860812,0.991555671194646,"REPIN1-214","REPIN1","OPC"
-1.21020335406897,0.595179260966673,21.5690046859382,-2.03334261362432,0.0545046484031556,0.371830140677025,0.187891897489581,0.991555671194646,"RGS12-201","RGS12","OPC"
1.21020335406897,0.595179260966673,21.5690046859382,2.03334261362432,0.0545046484031556,0.371830140677025,0.192676930668129,0.991555671194646,"RGS12-220","RGS12","OPC"
0.436007738972473,0.442269814391883,23.5690046859382,0.985841051738923,0.33422412437362,0.654499726853057,0.515238608774061,0.991555671194646,"RGS7-251","RGS7","OPC"
-0.436007738972473,0.442269814391883,23.5690046859382,-0.985841051738923,0.33422412437362,0.654499726853057,0.506151108584731,0.991555671194646,"RGS7-223","RGS7","OPC"
-0.864657821221023,0.773203536003117,18.5690046859382,-1.11827970380303,0.277706658925106,0.612270349542155,0.455378424485166,0.991555671194646,"RHOT1-201","RHOT1","OPC"
0.864657821221024,0.773203536003117,18.5690046859382,1.11827970380303,0.277706658925106,0.612270349542155,0.463962174092256,0.991555671194646,"RHOT1-205","RHOT1","OPC"
0.194630285254988,0.716433761337516,17.5690046859382,0.271665429183057,0.789045800923242,0.926604699135702,0.860939122127323,0.996363625621488,"RIC3-203","RIC3","OPC"
-0.194630285254988,0.716433761337516,17.5690046859382,-0.271665429183057,0.789045800923242,0.926604699135702,0.84984271295298,0.996363625621488,"RIC3-213","RIC3","OPC"
-0.0896674210591188,0.878363556240271,13.5690046859382,-0.102084632749256,0.920182720638072,0.970063175559392,0.939954892907894,0.996363625621488,"RIGI-210","RIGI","OPC"
0.0896674210591186,0.878363556240271,13.5690046859382,0.102084632749256,0.920182720638073,0.970063175559392,0.951210868994008,0.996363625621488,"RIGI-202","RIGI","OPC"
-0.765349785350478,0.564820779910751,24.5690046859382,-1.35503121091156,0.187736422637493,0.545398341528028,0.365789354638673,0.991555671194646,"RIMKLB-205","RIMKLB","OPC"
0.765349785350478,0.564820779910752,24.5690046859382,1.35503121091156,0.187736422637494,0.545398341528028,0.373332543999863,0.991555671194646,"RIMKLB-202","RIMKLB","OPC"
0.79850769621551,0.706283641383067,17.5690046859382,1.13057651264844,0.273431718819122,0.612270349542155,0.459936590443128,0.991555671194646,"RIMS2-201","RIMS2","OPC"
-0.79850769621551,0.706283641383067,17.5690046859382,-1.13057651264844,0.273431718819122,0.612270349542155,0.451394896960657,0.991555671194646,"RIMS2-226","RIMS2","OPC"
1.11756730117608,0.823672063678451,20.5690046859382,1.35681098152718,0.189546307532194,0.545398341528028,0.375304042199082,0.991555671194646,"RLIM-202","RLIM","OPC"
-1.11756730117608,0.823672063678449,20.5690046859382,-1.35681098152718,0.189546307532194,0.545398341528028,0.3677360463079,0.991555671194646,"RLIM-201","RLIM","OPC"
-0.401166785532044,0.843634649646499,19.5690046859382,-0.475521940332989,0.639679976110471,0.852252565308737,0.744453961978789,0.996363625621488,"transcript9298.chr2.nic","RNF144A","OPC"
0.401166785532043,0.843634649646498,19.5690046859382,0.475521940332988,0.639679976110472,0.852252565308737,0.755176885403146,0.996363625621488,"transcript10099.chr2.nnic","RNF144A","OPC"
-0.842524581634543,0.652522937478093,24.5690046859382,-1.29118002332727,0.208658138504349,0.559524776296747,0.387868148001292,0.991555671194646,"RNF157-201","RNF157","OPC"
0.842524581634543,0.652522937478093,24.5690046859382,1.29118002332727,0.20865813850435,0.559524776296747,0.395686762021599,0.991555671194646,"RNF157-206","RNF157","OPC"
0.16988540532216,0.873214811112935,20.5690046859382,0.194551676357432,0.847652660201351,0.943767234536682,0.901478537122968,0.996363625621488,"RNF180-202","RNF180","OPC"
-0.16988540532216,0.873214811112935,20.5690046859382,-0.194551676357432,0.847652660201351,0.943767234536682,0.890292502617857,0.996363625621488,"RNF180-201","RNF180","OPC"
-0.191187030329232,0.700346315541048,24.5690046859382,-0.272989271288637,0.787142973148725,0.926604699135702,0.848522951236102,0.996363625621488,"RNF213-202","RNF213","OPC"
0.752010574093581,0.724648795652047,24.5690046859382,1.03775867510677,0.3094885599922,0.637077714448301,0.4932128836655,0.991555671194646,"RNF213-220","RNF213","OPC"
1.1046088349276,1.09003528306498,24.5690046859382,1.01336979828913,0.320759880763063,0.645001369143307,0.503323686640941,0.991555671194646,"RNF213-210","RNF213","OPC"
-0.787085771179371,0.593052891572002,24.5690046859382,-1.32717634862726,0.1966525311783,0.551643160657319,0.37531002921465,0.991555671194646,"RNF213-207","RNF213","OPC"
0.747041256570236,0.674365495475524,23.5690046859382,1.10776909788877,0.279139028901741,0.612320125688499,0.465305879411244,0.991555671194646,"RNF216-202","RNF216","OPC"
-0.747041256570236,0.674365495475524,23.5690046859382,-1.10776909788877,0.279139028901741,0.612320125688499,0.456708174641182,0.991555671194646,"RNF216-205","RNF216","OPC"
0.184991784594618,0.913074123764713,15.5690046859382,0.202603249593663,0.842069062785349,0.943435931908262,0.89763235370754,0.996363625621488,"RNF4-201","RNF4","OPC"
-0.184991784594618,0.913074123764714,15.5690046859382,-0.202603249593664,0.842069062785348,0.943435931908262,0.886453561680112,0.996363625621488,"transcript8538.chr4.nic","RNF4","OPC"
-0.0887301714453739,0.902321048505057,16.5690046859382,-0.0983354778128914,0.922845740880201,0.970906742322893,0.941772700025592,0.996363625621488,"RNF6-203","RNF6","OPC"
0.0887301714453732,0.902321048505057,16.5690046859382,0.0983354778128906,0.922845740880201,0.970906742322893,0.953030402053078,0.996363625621488,"RNF6-201","RNF6","OPC"
-2.00603187922109,0.813872237823001,15.5690046859382,-2.46479949308378,0.0257634490663916,0.310684912817003,0.127026853303308,0.991555671194646,"RNH1-202","RNH1","OPC"
2.00603187922109,0.813872237823001,15.5690046859382,2.46479949308378,0.0257634490663916,0.310684912817003,0.130586913670884,0.991555671194646,"RNH1-203","RNH1","OPC"
-0.0642966188165098,0.500499567107711,24.5690046859382,-0.128464883971963,0.898826892977804,0.962675769277571,0.925365441514389,0.996363625621488,"RNPC3-208","RNPC3","OPC"
0.731126428849903,0.518869275104774,24.5690046859382,1.40907635878472,0.171344210375871,0.529206140938552,0.355116385103806,0.991555671194646,"RNPC3-202","RNPC3","OPC"
-0.517956934369581,0.390119185175867,24.5690046859382,-1.32768895776321,0.196485523656569,0.551643160657319,0.375133268105696,0.991555671194646,"RNPC3-201","RNPC3","OPC"
-1.91260570232526,0.708736307380893,22.5690046859382,-2.69861397307726,0.0129449721749524,0.285707325853169,0.0891334294160069,0.991555671194646,"RNPS1-221","RNPS1","OPC"
-0.357558129698923,1.04645582051051,22.5690046859382,-0.341684878320511,0.735749099752764,0.91042837319834,0.812688334005217,0.996363625621488,"RNPS1-220","RNPS1","OPC"
1.10809103262265,0.880130071588262,22.5690046859382,1.25900826297529,0.220894333822582,0.574462635564039,0.408352887521366,0.991555671194646,"RNPS1-202","RNPS1","OPC"
-0.238891908281673,0.731275475911241,21.5690046859382,-0.326678408002114,0.747060014765766,0.916590583088318,0.820608493657106,0.996363625621488,"ROBO1-206","ROBO1","OPC"
0.0311341933057298,0.678696134375162,21.5690046859382,0.0458735385820244,0.963833126413392,0.985777603054869,0.980998453628779,0.998122894849346,"ROBO1-202","ROBO1","OPC"
0.357215703842066,0.889043952233817,21.5690046859382,0.401797574736911,0.691786573317994,0.8893911248479,0.792573532923768,0.996363625621488,"ROBO1-201","ROBO1","OPC"
-0.878739386112819,0.664102567026017,23.5690046859382,-1.32319829758826,0.198463399538108,0.554336140617695,0.377222915715862,0.991555671194646,"RORA-207","RORA","OPC"
-0.219849005782992,0.662852296524047,23.5690046859382,-0.331671183664695,0.743068825813375,0.914251734768239,0.817816095459707,0.996363625621488,"RORA-203","RORA","OPC"
1.81486446456476,0.696856117036801,23.5690046859382,2.60436038400869,0.0156779319558034,0.289763763665417,0.101238646138247,0.991555671194646,"RORA-204","RORA","OPC"
0.439286388998125,0.479130417812159,23.5690046859382,0.916840953250322,0.368512828641197,0.687835333271366,0.544855278263882,0.991555671194646,"RPL13-201","RPL13","OPC"
0.0920363552336344,0.512799265901908,23.5690046859382,0.1794783287604,0.859096198122163,0.947549614909744,0.909352148358359,0.996363625621488,"RPL13-202","RPL13","OPC"
-0.519248261679478,0.581855642370973,23.5690046859382,-0.892400492265779,0.381199473374841,0.695254670628038,0.546129990356581,0.991555671194646,"RPL13-212","RPL13","OPC"
0.0386377927050988,0.850807954224546,20.5690046859382,0.0454130600369323,0.964216082189893,0.985777603054869,0.981259506926991,0.998122894849346,"RPL18-203","RPL18","OPC"
-0.0386377927050989,0.850807954224546,20.5690046859382,-0.0454130600369323,0.964216082189893,0.985777603054869,0.969982547276176,0.996363625621488,"RPL18-208","RPL18","OPC"
0.185403223331363,0.829194054693025,18.5690046859382,0.223594491882845,0.825514332216991,0.935784939614567,0.886210405675344,0.996363625621488,"RPL28-201","RPL28","OPC"
-0.185403223331363,0.829194054693025,18.5690046859382,-0.223594491882845,0.825514332216992,0.935784939614567,0.875054677265289,0.996363625621488,"RPL28-202","RPL28","OPC"
-0.703958096664161,0.357864876665478,22.5690046859382,-1.96710586192062,0.0615830961247139,0.386991083653722,0.200409621192908,0.991555671194646,"RPN2-201","RPN2","OPC"
0.703958096664161,0.357864876665478,22.5690046859382,1.96710586192062,0.0615830961247139,0.386991083653722,0.20542533751276,0.991555671194646,"RPN2-209","RPN2","OPC"
-1.23963367109138,1.07139165018141,19.5690046859382,-1.15703129745456,0.261188525887249,0.597421026554671,0.439858650217346,0.991555671194646,"RPS3A-201","RPS3A","OPC"
1.23963367109138,1.07139165018141,19.5690046859382,1.15703129745456,0.261188525887249,0.597421026554671,0.448276413733129,0.991555671194646,"transcript187330.chr4.nic","RPS3A","OPC"
0.436566034565676,0.235702646132144,24.5690046859382,1.85218978967644,0.0760514239620444,0.409020421580456,0.229601102419775,0.991555671194646,"RRP7BP-202","RRP7BP","OPC"
-0.436566034565676,0.235702646132144,24.5690046859382,-1.85218978967644,0.0760514239620445,0.409020421580456,0.22416503221591,0.991555671194646,"RRP7BP-205","RRP7BP","OPC"
0.838972020436995,0.550627948173177,23.5690046859382,1.52366406975973,0.140899098551193,0.488348561723862,0.319283950308318,0.991555671194646,"RSRC2-201","RSRC2","OPC"
-0.838972020436996,0.550627948173177,23.5690046859382,-1.52366406975974,0.140899098551192,0.488348561723862,0.312461409659043,0.991555671194646,"RSRC2-214","RSRC2","OPC"
-0.823242799619524,0.49818364421888,23.5690046859382,-1.65248861373262,0.111696349009373,0.465061301206958,0.275466103148756,0.991555671194646,"RSRP1-207","RSRP1","OPC"
0.823242799619523,0.498183644218881,23.5690046859382,1.65248861373262,0.111696349009374,0.465061301206958,0.281739150152902,0.991555671194646,"RSRP1-202","RSRP1","OPC"
-0.348874964633682,0.667929135221563,19.5690046859382,-0.522323321796638,0.607308206185517,0.832478319624575,0.720986541967146,0.996363625621488,"RTCA-AS1-205","RTCA-AS1","OPC"
0.447238603095919,0.465735922584469,19.5690046859382,0.960283674521166,0.348628322034038,0.671104459427881,0.527801464978005,0.991555671194646,"RTCA-AS1-204","RTCA-AS1","OPC"
-0.327024394870461,0.533238205530689,19.5690046859382,-0.613280127865183,0.546753858678571,0.79510510024416,0.676262143535273,0.991555671194646,"RTCA-AS1-206","RTCA-AS1","OPC"
-0.0846096416561039,0.54895966888223,20.5690046859382,-0.154127245501264,0.879011635782133,0.955843630110324,0.911806248056206,0.996363625621488,"RTN1-201","RTN1","OPC"
0.0846096416561043,0.54895966888223,20.5690046859382,0.154127245501265,0.879011635782132,0.955843630110324,0.923027986922738,0.996363625621488,"RTN1-202","RTN1","OPC"
-0.360103841154663,0.52046675627689,24.5690046859382,-0.69188634396293,0.495495865329568,0.774138024609625,0.637386190819129,0.991555671194646,"RTN3-203","RTN3","OPC"
0.321700720556002,0.318741958058304,24.5690046859382,1.00928262634679,0.322676310567924,0.646711918721964,0.505030180389653,0.991555671194646,"RTN3-208","RTN3","OPC"
-0.120644655983224,0.423213437010819,24.5690046859382,-0.285068113232283,0.777981227915968,0.925522794018869,0.842162075295376,0.996363625621488,"RTN3-205","RTN3","OPC"
-0.0245411082270911,0.823268540438015,18.5690046859382,-0.0298093599131508,0.97653715259049,0.990299793344194,0.978376819294977,0.998122894849346,"transcript237147.chr1.nnic","S100A16","OPC"
0.0245411082270908,0.823268540438015,18.5690046859382,0.0298093599131504,0.97653715259049,0.990299793344194,0.989656782135308,0.99818923677535,"S100A16-204","S100A16","OPC"
1.83931200947714,1.38712793562865,11.5690046859382,1.32598584617471,0.210429005032289,0.560962694294926,0.39753741982822,0.991555671194646,"SACS-201","SACS","OPC"
-1.83931200947714,1.38712793562865,11.5690046859382,-1.32598584617471,0.21042900503229,0.560962694294926,0.389696572416112,0.991555671194646,"SACS-213","SACS","OPC"
-0.656602309982481,0.656260671953029,19.5690046859382,-1.00052058281724,0.329270656807216,0.649930424405619,0.501828178282186,0.991555671194646,"SAFB-205","SAFB","OPC"
0.656602309982481,0.656260671953029,19.5690046859382,1.00052058281724,0.329270656807216,0.649930424405619,0.510875074110165,0.991555671194646,"SAFB-211","SAFB","OPC"
-1.26256696859199,0.868142371568785,19.5690046859382,-1.45433169712757,0.161706614085891,0.520184092042975,0.336914739097646,0.991555671194646,"transcript107115.chr19.nic","SAMD4B","OPC"
1.26256696859199,0.868142371568785,19.5690046859382,1.45433169712757,0.161706614085891,0.520184092042975,0.344077764895345,0.991555671194646,"SAMD4B-211","SAMD4B","OPC"
-0.376836460476574,0.692728851386442,18.5690046859382,-0.543988401410401,0.592921821194986,0.827461818128113,0.710464569052268,0.995538879570187,"SAMHD1-203","SAMHD1","OPC"
1.69574302135356,0.463229548647019,18.5690046859382,3.66069700498686,0.00171428711536601,0.195702559375834,0.0332611671005317,0.991555671194646,"SAMHD1-225","SAMHD1","OPC"
-1.86122706168941,0.737636070861436,18.5690046859382,-2.52323216720653,0.0209311659232407,0.297108940820524,0.114092796533145,0.991555671194646,"SAMHD1-221","SAMHD1","OPC"
-0.639074591473273,0.404112282475829,24.5690046859382,-1.581428279185,0.12656953620958,0.481668999660832,0.294752412944282,0.991555671194646,"SARAF-201","SARAF","OPC"
0.397080168939894,0.406774719463994,24.5690046859382,0.976167273775334,0.338495859425615,0.657807762612344,0.518983512800695,0.991555671194646,"SARAF-203","SARAF","OPC"
1.11520760230959,0.983914338440082,24.5690046859382,1.13343973020829,0.267969082457121,0.606713665406826,0.454758567294667,0.991555671194646,"SARAF-214","SARAF","OPC"
-0.655471167439257,0.632316730855861,19.5690046859382,-1.03661841519211,0.312554242273383,0.637336741286727,0.487070585820868,0.991555671194646,"SATB1-219","SATB1","OPC"
-0.10449955994362,0.699466238616236,19.5690046859382,-0.14939900480451,0.882767770919529,0.957740554128349,0.914378365066439,0.996363625621488,"SATB1-201","SATB1","OPC"
1.50414128841607,0.644984814685616,19.5690046859382,2.33205690144695,0.0305091696714217,0.315036915281045,0.142484787731494,0.991555671194646,"SATB1-204","SATB1","OPC"
-0.709531620240281,0.511288176663088,19.5690046859382,-1.38773328354867,0.180818527062907,0.538571895692921,0.358279470087549,0.991555671194646,"SATB1-218","SATB1","OPC"
-4.70887610620341,2.45264815286859,14.5690046859382,-1.91991505210234,0.0746665356335067,0.408994454529691,0.221982278216495,0.991555671194646,"SBF2-213","SBF2","OPC"
4.70887610620341,2.4526481528686,14.5690046859382,1.91991505210234,0.0746665356335071,0.408994454529691,0.227380639043063,0.991555671194646,"SBF2-242","SBF2","OPC"
0.851516355229087,0.728460032284174,19.5690046859382,1.16892666377187,0.25647582720749,0.593607908516671,0.443734057278623,0.991555671194646,"SBNO1-201","SBNO1","OPC"
-0.851516355229087,0.728460032284174,19.5690046859382,-1.16892666377187,0.25647582720749,0.593607908516671,0.435365429647952,0.991555671194646,"SBNO1-203","SBNO1","OPC"
0.85227317977453,0.866261422717217,18.5690046859382,0.983852169130643,0.337834718805045,0.657503567741559,0.518404990464431,0.991555671194646,"SCAP-206","SCAP","OPC"
-0.85227317977453,0.866261422717216,18.5690046859382,-0.983852169130643,0.337834718805045,0.657503567741559,0.509288284653523,0.991555671194646,"SCAP-201","SCAP","OPC"
-0.337924556318437,0.469930254673471,24.5690046859382,-0.719095127325315,0.478866627680859,0.758678395614708,0.624537251230396,0.991555671194646,"SCAPER-201","SCAPER","OPC"
0.123660971724527,0.414722604420497,24.5690046859382,0.298177553879229,0.768074781497585,0.923745068324259,0.846328510447317,0.996363625621488,"SCAPER-207","SCAPER","OPC"
0.044102566996386,0.499427221588543,24.5690046859382,0.0883062938702213,0.930349094084507,0.974865194686058,0.958155312026737,0.996363625621488,"SCAPER-212","SCAPER","OPC"
0.445487422457422,0.515507470678833,21.5690046859382,0.864172582932296,0.397002053991525,0.706685350206226,0.568759954732989,0.991555671194646,"SCARB2-215","SCARB2","OPC"
-0.445487422457422,0.515507470678833,21.5690046859382,-0.864172582932295,0.397002053991525,0.706685350206226,0.559207516848067,0.991555671194646,"SCARB2-201","SCARB2","OPC"
1.26950514963844,1.25469534202981,13.5690046859382,1.01180350887784,0.32933510855924,0.649930424405619,0.51093199686439,0.991555671194646,"SCFD1-268","SCFD1","OPC"
-1.26950514963844,1.25469534202981,13.5690046859382,-1.01180350887784,0.32933510855924,0.649930424405619,0.501884568681164,0.991555671194646,"SCFD1-265","SCFD1","OPC"
-0.825871796214511,0.537522767364765,18.5690046859382,-1.53644058699763,0.141295017474978,0.488348561723862,0.312939900493592,0.991555671194646,"SCG5-201","SCG5","OPC"
0.825871796214511,0.537522767364765,18.5690046859382,1.53644058699763,0.141295017474978,0.488348561723862,0.319769272371263,0.991555671194646,"SCG5-202","SCG5","OPC"
0.0297122249289764,0.782844581923938,24.5690046859382,0.037954180963934,0.97003092946118,0.988408457829846,0.985222946118195,0.998122894849346,"SCN1A-225","SCN1A","OPC"
-0.0618049031487372,0.639452023847498,24.5690046859382,-0.0966529166283113,0.923786141961184,0.971503908777581,0.942414559067316,0.996363625621488,"SCN1A-223","SCN1A","OPC"
0.013563066547622,0.412798952801161,24.5690046859382,0.0328563492120948,0.974054613642972,0.990010266440556,0.987965087435791,0.99818923677535,"SCN1A-209","SCN1A","OPC"
1.4961056306897,0.663141628927348,24.5690046859382,2.25608763713069,0.0332257166264342,0.3282590496856,0.148910118595191,0.991555671194646,"SCN1A-211","SCN1A","OPC"
0.227837606354759,0.60446552284502,24.5690046859382,0.376924072166106,0.709466001102675,0.898703702885745,0.805126129452697,0.996363625621488,"SCN1A-218","SCN1A","OPC"
-1.92021040764602,0.629494343172948,24.5690046859382,-3.050401371309,0.00541314115264324,0.248585873189572,0.0572141701844546,0.991555671194646,"SCN1A-213","SCN1A","OPC"
0.819112141012317,0.629199357174024,24.5690046859382,1.30183245051499,0.205047886630361,0.55827266668668,0.391894686264107,0.991555671194646,"SCN1A-215","SCN1A","OPC"
-0.316787092428945,0.647901859903205,24.5690046859382,-0.488943020593075,0.629218400167294,0.849065676932342,0.73690012061349,0.996363625621488,"SCN2A-204","SCN2A","OPC"
-1.04811107939339,0.659579636873551,24.5690046859382,-1.58905918375755,0.124834126205358,0.480528408997286,0.292552716412669,0.991555671194646,"SCN2A-203","SCN2A","OPC"
0.615185639090959,0.738367529692343,24.5690046859382,0.833169951754636,0.412775520907577,0.720490962816574,0.581752113516803,0.991555671194646,"SCN2A-215","SCN2A","OPC"
0.818998104472975,0.669637283286725,24.5690046859382,1.223047349534,0.232913926399028,0.581392425474969,0.420532863228182,0.991555671194646,"SCN2A-202","SCN2A","OPC"
-0.136888279339915,0.714714728877141,21.5690046859382,-0.191528555113136,0.849903073747779,0.945304058978537,0.891838984274462,0.996363625621488,"SCYL1-202","SCYL1","OPC"
0.136888279339915,0.714714728877141,21.5690046859382,0.191528555113135,0.849903073747779,0.945304058978537,0.903027861690464,0.996363625621488,"SCYL1-201","SCYL1","OPC"
-1.00185661983656,0.851050192971396,20.5690046859382,-1.17720039089425,0.252558371455589,0.592678846054001,0.431607170024672,0.991555671194646,"SEC31A-206","SEC31A","OPC"
1.00185661983655,0.851050192971396,20.5690046859382,1.17720039089425,0.252558371455589,0.592678846054001,0.439934322500556,0.991555671194646,"SEC31A-202","SEC31A","OPC"
0.128617377828341,0.950954469978118,16.5690046859382,0.135250826289613,0.894043056167151,0.961566737256127,0.933329989202665,0.996363625621488,"SEC61A1-221","SEC61A1","OPC"
-0.128617377828342,0.950954469978118,16.5690046859382,-0.135250826289613,0.89404305616715,0.961566737256127,0.92209409961595,0.996363625621488,"SEC61A1-201","SEC61A1","OPC"
-0.0802808313248275,0.746932384400154,19.5690046859382,-0.107480721148942,0.915501934970466,0.969330071788069,0.936759007336748,0.996363625621488,"SECISBP2-205","SECISBP2","OPC"
0.0802808313248279,0.746932384400154,19.5690046859382,0.107480721148943,0.915501934970466,0.969330071788069,0.948011806514719,0.996363625621488,"SECISBP2-202","SECISBP2","OPC"
-0.160815349267294,1.47019575028777,16.5690046859382,-0.1093836308776,0.914212065924481,0.969330071788069,0.935878157482075,0.996363625621488,"transcript138624.chr7.nic","SEM1","OPC"
0.160815349267295,1.47019575028777,16.5690046859382,0.109383630877601,0.91421206592448,0.969330071788069,0.947130049090467,0.996363625621488,"transcript137953.chr7.nic","SEM1","OPC"
-0.711939679909294,0.716693300016012,21.5690046859382,-0.993367288201784,0.331545196114854,0.6520805894908,0.503815938652538,0.991555671194646,"transcript148874.chr5.nic","SEMA6A","OPC"
0.79731109442281,0.700224480656912,21.5690046859382,1.13865069909412,0.26733831269539,0.60633911478171,0.454158152493608,0.991555671194646,"SEMA6A-212","SEMA6A","OPC"
-0.306936904609633,0.659215026310358,21.5690046859382,-0.465609690858483,0.646162141152575,0.856509938882813,0.749120749938886,0.996363625621488,"SEMA6A-201","SEMA6A","OPC"
0.370158294275247,0.64107733228979,21.5690046859382,0.577400378442833,0.569647800376318,0.808112230691718,0.703776818070958,0.991982095627542,"SENP5-204","SENP5","OPC"
-0.370158294275246,0.64107733228979,21.5690046859382,-0.577400378442833,0.569647800376319,0.808112230691718,0.693309788429337,0.991688576991863,"SENP5-201","SENP5","OPC"
-1.76864074368098,0.71235784142051,21.5690046859382,-2.48279816805854,0.0213209724831675,0.297108940820524,0.115184371043749,0.991555671194646,"SENP6-202","SENP6","OPC"
1.76864074368098,0.71235784142051,21.5690046859382,2.48279816805854,0.0213209724831675,0.297108940820524,0.11848316638056,0.991555671194646,"SENP6-205","SENP6","OPC"
-0.909768128128112,0.845687897976555,24.5690046859382,-1.07577290665372,0.292479870996084,0.626335594774002,0.468977531634856,0.991555671194646,"SEPTIN7-204","SEPTIN7","OPC"
0.2290240812433,0.64299926192816,24.5690046859382,0.356180939549644,0.724745488591625,0.903903918493626,0.815925563774815,0.996363625621488,"SEPTIN7-219","SEPTIN7","OPC"
0.0869488984666964,0.410898089691497,24.5690046859382,0.211606966905049,0.834159202038767,0.939609706721835,0.892178481991176,0.996363625621488,"SEPTIN7-202","SEPTIN7","OPC"
0.407414493220633,0.387993450852685,24.5690046859382,1.05005507779904,0.303912337800327,0.636652373237663,0.488162326901731,0.991555671194646,"SEPTIN7-218","SEPTIN7","OPC"
1.82701907810611,0.773390000755885,20.5690046859382,2.36235156430837,0.0281067302160505,0.310684912817003,0.136578252053105,0.991555671194646,"transcript164634.chr5.nnic","SEPTIN8","OPC"
-1.82701907810611,0.773390000755885,20.5690046859382,-2.36235156430836,0.0281067302160505,0.310684912817003,0.132891851681764,0.991555671194646,"SEPTIN8-207","SEPTIN8","OPC"
0.320633172591468,0.765045351326469,13.5690046859382,0.419103484565379,0.681699312522306,0.88383502907121,0.78538239705759,0.996363625621488,"SERPINA3-201","SERPINA3","OPC"
-0.320633172591467,0.765045351326469,13.5690046859382,-0.419103484565378,0.681699312522307,0.88383502907121,0.774531994506932,0.996363625621488,"SERPINA3-202","SERPINA3","OPC"
-0.184124983920658,0.59269626881395,24.5690046859382,-0.310656559875283,0.758681942007446,0.918029341228961,0.828725762462352,0.996363625621488,"SERPINE2-202","SERPINE2","OPC"
0.0417170513484547,0.862147366931711,24.5690046859382,0.0483873789430236,0.961798720311987,0.985777603054869,0.979611577632004,0.998122894849346,"SERPINE2-208","SERPINE2","OPC"
0.492171289085827,0.393949659696862,24.5690046859382,1.24932533122264,0.22331782682632,0.574462635564039,0.410828887424023,0.991555671194646,"SERPINE2-201","SERPINE2","OPC"
1.48268620332363,1.35348306851981,18.5690046859382,1.09545973481967,0.287320747168758,0.6203462030835,0.472933233485699,0.991555671194646,"SETD5-236","SETD5","OPC"
-1.48268620332363,1.35348306851981,18.5690046859382,-1.09545973481967,0.287320747168758,0.6203462030835,0.464257095614965,0.991555671194646,"SETD5-244","SETD5","OPC"
0.213933642048739,0.787514374541513,23.5690046859382,0.271656809024331,0.788251292258726,0.926604699135702,0.860386698171525,0.996363625621488,"SF3B1-213","SF3B1","OPC"
-0.020779408183363,0.401776627688931,23.5690046859382,-0.0517188077934963,0.959188595862397,0.984523096116089,0.966556694838128,0.996363625621488,"SF3B1-211","SF3B1","OPC"
-0.0492234476910014,0.940873186791927,23.5690046859382,-0.0523167716776343,0.958717187482547,0.984523096116089,0.966235441682064,0.996363625621488,"SF3B1-201","SF3B1","OPC"
0.0238320115126535,0.566053220254053,23.5690046859382,0.0421020686040039,0.966771975673765,0.988003046512091,0.983001717292464,0.998122894849346,"SF3B1-208","SF3B1","OPC"
-0.460865183616747,0.614610663213269,21.5690046859382,-0.749848987662012,0.461447076642682,0.746913715360764,0.610938476461645,0.991555671194646,"transcript107753.chr16.nic","SF3B3","OPC"
0.460865183616747,0.614610663213269,21.5690046859382,0.749848987662012,0.461447076642682,0.746913715360764,0.620886732467345,0.991555671194646,"SF3B3-201","SF3B3","OPC"
-0.0436657023450122,0.470704590352948,23.5690046859382,-0.0927666805039448,0.926872965489291,0.973102367079037,0.944521186457383,0.996363625621488,"transcript61327.chr1.nnic","SFPQ","OPC"
0.0436657023450121,0.470704590352948,23.5690046859382,0.0927666805039446,0.926872965489291,0.973102367079037,0.955781386464301,0.996363625621488,"SFPQ-205","SFPQ","OPC"
-0.224768247039633,0.773196314458809,18.5690046859382,-0.290700101431494,0.774502554085469,0.923745068324259,0.839743993282002,0.996363625621488,"transcript134384.chr7.nic","SGCE","OPC"
0.224768247039633,0.773196314458809,18.5690046859382,0.290700101431494,0.774502554085469,0.923745068324259,0.850813420723173,0.996363625621488,"SGCE-286","SGCE","OPC"
-0.333983017624192,0.377994810349471,24.5690046859382,-0.883565087349775,0.38549551342688,0.696672196942059,0.549702268960062,0.991555671194646,"SGK1-204","SGK1","OPC"
-0.769990987228368,0.420800082979571,24.5690046859382,-1.82982612972952,0.0794365456562562,0.412834737731065,0.22942882606494,0.991555671194646,"SGK1-201","SGK1","OPC"
1.64535520531139,0.691433031355745,24.5690046859382,2.37963060874488,0.0254226556594324,0.310684912817003,0.129694799695722,0.991555671194646,"SGK1-205","SGK1","OPC"
-2.3217933556459,0.683980188772113,22.5690046859382,-3.39453304899665,0.00253876035689568,0.195702559375834,0.0390813729369602,0.991555671194646,"SGMS1-202","SGMS1","OPC"
2.3217933556459,0.683980188772113,22.5690046859382,3.39453304899665,0.00253876035689568,0.195702559375834,0.0404436579515544,0.991555671194646,"transcript102277.chr10.nic","SGMS1","OPC"
0.931372377620368,0.555656999741809,23.5690046859382,1.67616421291037,0.106922931947059,0.458111787634755,0.275224434102639,0.991555671194646,"SGTA-214","SGTA","OPC"
-0.931372377620368,0.55565699974181,23.5690046859382,-1.67616421291037,0.106922931947059,0.458111787634755,0.269051102047001,0.991555671194646,"SGTA-201","SGTA","OPC"
0.9644928330675,1.14180830182153,11.5690046859382,0.844706446370063,0.415401839920195,0.721202050037303,0.583899654719366,0.991555671194646,"transcript401398.chr2.nic","SH3BP4","OPC"
-0.9644928330675,1.14180830182153,11.5690046859382,-0.844706446370063,0.415401839920195,0.721202050037303,0.57422656630501,0.991555671194646,"transcript400383.chr2.nic","SH3BP4","OPC"
0.451985123743007,0.560479528151775,23.5690046859382,0.806425749810102,0.428060023801064,0.726923098776275,0.594190214520198,0.991555671194646,"SHISA5-206","SHISA5","OPC"
-0.451985123743007,0.560479528151775,23.5690046859382,-0.806425749810102,0.428060023801064,0.726923098776275,0.584437795654628,0.991555671194646,"SHISA5-201","SHISA5","OPC"
0.914009485976905,0.470992365287552,23.5690046859382,1.94060361343412,0.0643596831871552,0.390882138383234,0.210245645705416,0.991555671194646,"SHPRH-201","SHPRH","OPC"
-1.59629638401089,0.457942750408464,23.5690046859382,-3.48579900563348,0.00194482994513975,0.195702559375834,0.0341988416802275,0.991555671194646,"SHPRH-204","SHPRH","OPC"
1.1678137175031,0.418509024310924,23.5690046859382,2.79041466172901,0.0102548189201068,0.272694470467329,0.0815799015765269,0.991555671194646,"SHPRH-202","SHPRH","OPC"
1.86818606662809,0.717334573079568,24.5690046859382,2.60434410488238,0.0153898636003389,0.286471318160594,0.100285275091094,0.991555671194646,"SILC1-214","SILC1","OPC"
-1.86818606662809,0.717334573079569,24.5690046859382,-2.60434410488238,0.0153898636003388,0.286471318160594,0.0973957090750107,0.991555671194646,"SILC1-213","SILC1","OPC"
0.420929333824507,0.41302071848268,24.5690046859382,1.01914822910308,0.31806393914022,0.64148306632118,0.500916958233761,0.991555671194646,"SIPA1L1-202","SIPA1L1","OPC"
-0.420929333824507,0.41302071848268,24.5690046859382,-1.01914822910309,0.318063939140219,0.64148306632118,0.491964283409489,0.991555671194646,"SIPA1L1-201","SIPA1L1","OPC"
0.700694386089968,0.811953567201014,18.5690046859382,0.862973468428026,0.399161197569551,0.708376443903847,0.570548148786407,0.991555671194646,"SKIC3-247","SKIC3","OPC"
-0.342348047853682,0.79046996604431,18.5690046859382,-0.433094314217741,0.6699351612542,0.873799314428651,0.766151068049506,0.996363625621488,"SKIC3-213","SKIC3","OPC"
-0.5990746246617,0.657116577602357,18.5690046859382,-0.911671756703451,0.37362577021698,0.689852759983216,0.53980008991581,0.991555671194646,"SKIC3-206","SKIC3","OPC"
0.37469344944141,1.50262311583305,15.5690046859382,0.249359566942162,0.806342611656784,0.931434063115312,0.872945294378289,0.996363625621488,"SLC11A2-229","SLC11A2","OPC"
-0.37469344944141,1.50262311583305,15.5690046859382,-0.249359566942161,0.806342611656784,0.931434063115312,0.861819277177616,0.996363625621488,"SLC11A2-201","SLC11A2","OPC"
-0.342725414694749,0.445333248519715,24.5690046859382,-0.769593143637863,0.448877621210993,0.741506551730568,0.601031754361051,0.991555671194646,"SLC1A2-201","SLC1A2","OPC"
1.39810387386156,0.640485487760274,24.5690046859382,2.18288142444978,0.0388202297896764,0.334756847706186,0.161422874154221,0.991555671194646,"SLC1A2-220","SLC1A2","OPC"
-0.265330962435153,0.727260014122899,24.5690046859382,-0.364836450901473,0.71835519897998,0.901316152403384,0.800467439558505,0.996363625621488,"SLC1A2-202","SLC1A2","OPC"
0.293416818400146,0.447181765275957,24.5690046859382,0.656146652623632,0.517828191721894,0.784722774393254,0.664691392705272,0.991555671194646,"SLC1A2-221","SLC1A2","OPC"
0.124234185471949,0.514894408214113,23.5690046859382,0.241280898549374,0.811424151970413,0.932284603141047,0.876465434372979,0.996363625621488,"SLC1A3-253","SLC1A3","OPC"
-0.279034880527882,0.522998333663263,23.5690046859382,-0.533529196113158,0.598663337384627,0.831175779008293,0.714671044726588,0.995538879570187,"SLC1A3-201","SLC1A3","OPC"
0.744653823302317,1.11613521019552,23.5690046859382,0.667171697927054,0.511142211883243,0.784722774393254,0.659571770746801,0.991555671194646,"SLC1A3-217","SLC1A3","OPC"
0.310731299298414,0.504828936689866,24.5690046859382,0.615518003654587,0.543872875721522,0.794929338322286,0.684461903596147,0.991555671194646,"SLC22A17-204","SLC22A17","OPC"
0.0131982354959961,0.512789638504448,24.5690046859382,0.0257381087778778,0.979674142207651,0.990963632116935,0.991794290069555,0.99818923677535,"SLC22A17-203","SLC22A17","OPC"
-0.295217136833121,0.428697448292781,24.5690046859382,-0.688637494831788,0.497503149896364,0.774951110956321,0.63892880168603,0.991555671194646,"SLC22A17-202","SLC22A17","OPC"
0.389504395046856,0.702506684912332,23.5690046859382,0.55444937879198,0.584494759094011,0.817405275397239,0.714798725959046,0.995538879570187,"SLC24A2-202","SLC24A2","OPC"
-0.389504395046855,0.702506684912332,23.5690046859382,-0.554449378791979,0.584494759094012,0.817405275397239,0.704272648646052,0.991982095627542,"SLC24A2-201","SLC24A2","OPC"
1.31639507182484,0.680753023388971,22.5690046859382,1.93373371339795,0.065784052462745,0.390882138383234,0.21268250544349,0.991555671194646,"SLC25A3-203","SLC25A3","OPC"
0.694135322924095,0.553871842108717,22.5690046859382,1.25324176127344,0.222946394594027,0.574462635564039,0.410450084360131,0.991555671194646,"SLC25A3-216","SLC25A3","OPC"
0.643281778225795,0.628524871559763,22.5690046859382,1.02347863598366,0.316927493427954,0.641236838410907,0.499900264125116,0.991555671194646,"SLC25A3-211","SLC25A3","OPC"
-1.96316359601167,0.626917359724518,22.5690046859382,-3.13145515203842,0.00475548170433996,0.247855706430199,0.0535902224628909,0.991555671194646,"SLC25A3-204","SLC25A3","OPC"
2.48952559562494,1.39467792828805,18.5690046859382,1.78501827922436,0.0906042070857344,0.434556335010301,0.25194768678586,0.991555671194646,"SLC25A36-208","SLC25A36","OPC"
-2.48952559562494,1.39467792828805,18.5690046859382,-1.78501827922436,0.0906042070857342,0.434556335010301,0.246141760129317,0.991555671194646,"SLC25A36-209","SLC25A36","OPC"
0.16050508002771,0.939533410208119,16.5690046859382,0.170834882808644,0.866422407671743,0.950881573184675,0.914386796658432,0.996363625621488,"SLC25A46-207","SLC25A46","OPC"
-0.160505080027711,0.939533410208119,16.5690046859382,-0.170834882808645,0.866422407671743,0.950881573184675,0.903178382314985,0.996363625621488,"SLC25A46-201","SLC25A46","OPC"
0.0709517359711055,0.668591687259465,17.5690046859382,0.106121175783585,0.916688509970249,0.969400218829754,0.94882287377824,0.996363625621488,"SLC2A13-202","SLC2A13","OPC"
1.9736376653406,1.01491443267799,17.5690046859382,1.94463454434568,0.0680060299188832,0.390882138383234,0.216437665405096,0.991555671194646,"transcript52696.chr12.nnic","SLC2A13","OPC"
-1.44781866810709,0.791956387393218,17.5690046859382,-1.82815454380346,0.0845580434498052,0.423240413641411,0.23721133448049,0.991555671194646,"SLC2A13-201","SLC2A13","OPC"
0.317658291595559,1.07858109548576,18.5690046859382,0.29451498169685,0.771631586201844,0.923745068324259,0.848810980981096,0.996363625621488,"SLC35E2B-202","SLC35E2B","OPC"
-0.317658291595558,1.07858109548576,18.5690046859382,-0.29451498169685,0.771631586201845,0.923745068324259,0.837747107704808,0.996363625621488,"SLC35E2B-203","SLC35E2B","OPC"
-0.466294668955956,0.619118630259789,19.5690046859382,-0.753158839300787,0.460320248025169,0.746913715360764,0.610053662360869,0.991555671194646,"SLC39A7-202","SLC39A7","OPC"
0.466294668955955,0.619118630259789,19.5690046859382,0.753158839300787,0.46032024802517,0.746913715360764,0.619995611512125,0.991555671194646,"SLC39A7-201","SLC39A7","OPC"
0.258373559809442,0.657050271292293,20.5690046859382,0.393232559361509,0.698193832793272,0.894611993702992,0.797130083036873,0.996363625621488,"SLC44A1-201","SLC44A1","OPC"
-0.258373559809442,0.657050271292293,20.5690046859382,-0.393232559361509,0.698193832793271,0.894611993702992,0.786234624791642,0.996363625621488,"SLC44A1-203","SLC44A1","OPC"
-2.74370054443412,0.663518241310446,23.5690046859382,-4.13507929942562,0.000385833395869085,0.0978803803998667,0.0153096459557842,0.991555671194646,"SLC44A2-203","SLC44A2","OPC"
3.14275438662691,0.925639170199299,23.5690046859382,3.39522622616569,0.00242790550401414,0.195702559375834,0.0395531049683504,0.991555671194646,"SLC44A2-201","SLC44A2","OPC"
-0.108946453854681,0.703225258618973,23.5690046859382,-0.154923977088985,0.878200353783347,0.955843630110324,0.911250577941879,0.996363625621488,"SLC44A2-210","SLC44A2","OPC"
-0.115182253984239,0.811742361286956,16.5690046859382,-0.141895088241578,0.888873916526415,0.960367092233764,0.918557792082197,0.996363625621488,"SLC49A4-201","SLC49A4","OPC"
0.115182253984239,0.811742361286956,16.5690046859382,0.141895088241578,0.888873916526415,0.960367092233764,0.929789030546989,0.996363625621488,"transcript212658.chr3.nic","SLC49A4","OPC"
1.15122223893606,0.868795652198263,14.5690046859382,1.32507826900743,0.205552420326387,0.55827266668668,0.392426193908022,0.991555671194646,"SLC52A2-213","SLC52A2","OPC"
-1.15122223893606,0.868795652198263,14.5690046859382,-1.32507826900743,0.205552420326387,0.55827266668668,0.384646961042351,0.991555671194646,"SLC52A2-211","SLC52A2","OPC"
0.266920081337491,0.763039122031148,19.5690046859382,0.349811790287988,0.73021659644312,0.908326706601799,0.819782019065885,0.996363625621488,"SLC6A1-237","SLC6A1","OPC"
0.115910726552979,0.74743608862582,19.5690046859382,0.155077776303367,0.878348391845114,0.955843630110324,0.922573047185641,0.996363625621488,"SLC6A1-211","SLC6A1","OPC"
0.024097551579059,0.640746782705786,19.5690046859382,0.0376085408923918,0.970380814467159,0.988408457829846,0.985461405966241,0.998122894849346,"SLC6A1-201","SLC6A1","OPC"
1.12937670644116,0.524502064980772,22.5690046859382,2.1532359581512,0.0422325041976688,0.343930956059766,0.168650670750651,0.991555671194646,"transcript50057.chr2.nnic","SLC8A1","OPC"
-1.12937670644116,0.524502064980772,22.5690046859382,-2.1532359581512,0.0422325041976688,0.343930956059766,0.164318629395762,0.991555671194646,"SLC8A1-201","SLC8A1","OPC"
0.209345742251208,0.449594453928624,22.5690046859382,0.46563239475468,0.645940827436561,0.856509938882813,0.759704690185093,0.996363625621488,"SLF2-201","SLF2","OPC"
-0.209345742251209,0.449594453928624,22.5690046859382,-0.465632394754683,0.645940827436559,0.856509938882813,0.748961585652383,0.996363625621488,"SLF2-203","SLF2","OPC"
-0.15509657859084,0.706525545497256,22.5690046859382,-0.219520128577492,0.828218196780933,0.937591929109953,0.876918244566955,0.996363625621488,"SLITRK2-201","SLITRK2","OPC"
-1.06638201068945,0.683389424121921,22.5690046859382,-1.56043095349278,0.132572033146135,0.482517763098922,0.302266194359746,0.991555671194646,"SLITRK2-202","SLITRK2","OPC"
1.45924890168715,0.609272066621316,22.5690046859382,2.39506943060648,0.0253258717723306,0.310684912817003,0.129440429469756,0.991555671194646,"transcript158396.chrX.nnic","SLITRK2","OPC"
0.374845794282715,0.778379608594781,15.5690046859382,0.481571960703633,0.636809026536758,0.851380880335915,0.753097255145776,0.996363625621488,"SLITRK3-201","SLITRK3","OPC"
-0.374845794282716,0.778379608594781,15.5690046859382,-0.481571960703634,0.636809026536758,0.851380880335915,0.742383728158021,0.996363625621488,"SLITRK3-202","SLITRK3","OPC"
-0.431576252111546,0.676402233132837,22.5690046859382,-0.638046758232375,0.529864576258254,0.788593424174193,0.663566390103146,0.991555671194646,"SLITRK4-201","SLITRK4","OPC"
0.431576252111545,0.676402233132837,22.5690046859382,0.638046758232374,0.529864576258255,0.788593424174193,0.673861515358112,0.991555671194646,"SLITRK4-202","SLITRK4","OPC"
1.36998890106673,0.727743442980109,16.5690046859382,1.8825163102214,0.0774478897431444,0.409020421580456,0.231822207270798,0.991555671194646,"transcript181924.chr4.nic","SMAD1","OPC"
-1.36998890106673,0.727743442980109,16.5690046859382,-1.8825163102214,0.0774478897431444,0.409020421580456,0.226348593640414,0.991555671194646,"SMAD1-201","SMAD1","OPC"
-0.574541438152097,0.611391227972378,21.5690046859382,-0.93972797100395,0.357762825297671,0.679465123999208,0.526403435763983,0.991555671194646,"SMAD5-212","SMAD5","OPC"
0.574541438152097,0.611391227972378,21.5690046859382,0.93972797100395,0.357762825297671,0.679465123999208,0.535675639877748,0.991555671194646,"SMAD5-211","SMAD5","OPC"
-0.507760625423167,0.855224397666737,20.5690046859382,-0.593716253662153,0.559175263819579,0.801987197310855,0.68553380426119,0.991555671194646,"SMARCA1-203","SMARCA1","OPC"
0.507760625423167,0.855224397666738,20.5690046859382,0.593716253662154,0.559175263819579,0.801987197310855,0.695957548783786,0.991982095627542,"SMARCA1-202","SMARCA1","OPC"
-0.36318962495991,0.869960014871175,16.5690046859382,-0.417478526313295,0.681688056589735,0.88383502907121,0.774523989662793,0.996363625621488,"SMARCA2-252","SMARCA2","OPC"
0.36318962495991,0.869960014871175,16.5690046859382,0.417478526313294,0.681688056589735,0.88383502907121,0.785374360526853,0.996363625621488,"SMARCA2-263","SMARCA2","OPC"
1.06852439070262,0.855907861282852,19.5690046859382,1.24841053463523,0.226611047077766,0.576707410824861,0.414176890627304,0.991555671194646,"transcript139224.chr4.nic","SMARCAD1","OPC"
-1.06852439070262,0.855907861282852,19.5690046859382,-1.24841053463522,0.226611047077766,0.576707410824861,0.406139965197142,0.991555671194646,"SMARCAD1-202","SMARCAD1","OPC"
0.188110284970199,0.812632318875531,20.5690046859382,0.231482652856453,0.819227106209121,0.93308167951557,0.881864856325412,0.996363625621488,"SMARCE1-211","SMARCE1","OPC"
1.73868205304689,1.08928571626052,20.5690046859382,1.59616712777224,0.125701855132915,0.481668999660832,0.300202705532339,0.991555671194646,"SMARCE1-202","SMARCE1","OPC"
-1.60730679166791,0.890139053415144,20.5690046859382,-1.8056805681104,0.0856261874152256,0.423920692811424,0.238808537089587,0.991555671194646,"SMARCE1-241","SMARCE1","OPC"
-1.05967704510083,0.601764873799652,23.5690046859382,-1.76094865492868,0.0912181170462953,0.434556335010301,0.247033999391891,0.991555671194646,"SMC1A-201","SMC1A","OPC"
1.05967704510083,0.601764873799653,23.5690046859382,1.76094865492868,0.0912181170462953,0.434556335010301,0.252854574268772,0.991555671194646,"SMC1A-202","SMC1A","OPC"
0.0609087583165856,0.904008424339487,15.5690046859382,0.0673763171632926,0.947139793992099,0.977523288373628,0.969614944712498,0.996363625621488,"SMCHD1-201","SMCHD1","OPC"
-0.0609087583165855,0.904008424339487,15.5690046859382,-0.0673763171632924,0.947139793992099,0.977523288373628,0.958344217331583,0.996363625621488,"SMCHD1-216","SMCHD1","OPC"
-0.403468317444848,0.505638215377423,23.5690046859382,-0.797938734009033,0.432872629665278,0.731861934650606,0.588295475406331,0.991555671194646,"transcript72496.chr14.nic","SMOC1","OPC"
0.0166510198848287,0.445748394578899,23.5690046859382,0.0373551987788066,0.9705163947042,0.988408457829846,0.985553808322486,0.998122894849346,"SMOC1-202","SMOC1","OPC"
0.521472962881086,0.55359312482352,23.5690046859382,0.941978755692325,0.355759354391875,0.678703424264442,0.533954539389732,0.991555671194646,"SMOC1-201","SMOC1","OPC"
0.335084311407422,0.722612043387426,24.5690046859382,0.463712602735806,0.646935783093203,0.856663948547199,0.760423317126223,0.996363625621488,"SNAP25-213","SNAP25","OPC"
0.500933771900251,0.40739357003609,24.5690046859382,1.22960647576219,0.230490055540993,0.577772513616122,0.418096487247763,0.991555671194646,"SNAP25-201","SNAP25","OPC"
-0.61907041403539,0.370378348059237,24.5690046859382,-1.67145411517516,0.107322549578424,0.458111787634755,0.269592719277611,0.991555671194646,"SNAP25-202","SNAP25","OPC"
0.875386061966381,0.72736392691164,18.5690046859382,1.20350491628481,0.243900316712252,0.590733387627976,0.431456690901319,0.991555671194646,"SNAPC3-206","SNAPC3","OPC"
-0.87538606196638,0.727363926911641,18.5690046859382,-1.2035049162848,0.243900316712253,0.590733387627976,0.423223305741389,0.991555671194646,"SNAPC3-202","SNAPC3","OPC"
0.644091023570752,0.872051100451505,19.5690046859382,0.738593212298309,0.468920562279026,0.751750475091715,0.626780386628779,0.991555671194646,"SNHG14-246","SNHG14","OPC"
0.587571170880945,0.765250931723846,19.5690046859382,0.767815034942004,0.451763189340965,0.741506551730568,0.613206668835564,0.991555671194646,"SNHG14-220","SNHG14","OPC"
-1.58228692336815,0.74635134594067,19.5690046859382,-2.12002957048855,0.0469925112457946,0.353386667238787,0.173785900707236,0.991555671194646,"SNHG14-270","SNHG14","OPC"
0.743566421226524,0.740246371204489,19.5690046859382,1.00448506085431,0.327404755112331,0.649930424405619,0.509225441278734,0.991555671194646,"SNHG14-213","SNHG14","OPC"
-0.0972633054252079,0.62860124382572,20.5690046859382,-0.15472973746163,0.87854261974112,0.955843630110324,0.911485011002793,0.996363625621488,"SNHG5-235","SNHG5","OPC"
1.03747346266533,0.791519217524647,20.5690046859382,1.31073692172613,0.204393543470363,0.55827266668668,0.39120459475602,0.991555671194646,"SNHG5-284","SNHG5","OPC"
-0.693147180551547,0.620662938705465,20.5690046859382,-1.11678519422678,0.276962382082756,0.612270349542155,0.454686490370041,0.991555671194646,"SNHG5-279","SNHG5","OPC"
-0.157241872397435,0.584683649580682,22.5690046859382,-0.268934957408514,0.790422964765412,0.926604699135702,0.850797602879962,0.996363625621488,"SNRNP70-206","SNRNP70","OPC"
0.157241872397435,0.584683649580682,22.5690046859382,0.268934957408513,0.790422964765413,0.926604699135702,0.861896467784086,0.996363625621488,"SNRNP70-203","SNRNP70","OPC"
-1.9361933097362,0.772014936958166,19.5690046859382,-2.5079738966775,0.0210848852454667,0.297108940820524,0.114524376322013,0.991555671194646,"SNRPN-202","SNRPN","OPC"
1.9361933097362,0.772014936958166,19.5690046859382,2.5079738966775,0.0210848852454666,0.297108940820524,0.117808358859582,0.991555671194646,"SNRPN-208","SNRPN","OPC"
0.798507696217597,0.653126772166971,17.5690046859382,1.22259219840013,0.237632050460967,0.586623224327845,0.425247673745126,0.991555671194646,"SNW1-201","SNW1","OPC"
-0.798507696217596,0.65312677216697,17.5690046859382,-1.22259219840013,0.237632050460968,0.586623224327845,0.417084051520606,0.991555671194646,"transcript86069.chr14.nnic","SNW1","OPC"
-0.192371892647455,0.681096377827606,19.5690046859382,-0.282444451196519,0.780568471228241,0.925631085330721,0.84395946756886,0.996363625621488,"SNX5-201","SNX5","OPC"
0.192371892647456,0.681096377827606,19.5690046859382,0.28244445119652,0.78056847122824,0.925631085330721,0.855040382532753,0.996363625621488,"SNX5-218","SNX5","OPC"
-1.22965132699464,1.02556417466999,19.5690046859382,-1.19899988451754,0.24484589765854,0.590733387627976,0.424144273176665,0.991555671194646,"SOGA3-204","SOGA3","OPC"
1.22965132699464,1.02556417466999,19.5690046859382,1.19899988451754,0.244845897658541,0.590733387627976,0.432388043184214,0.991555671194646,"SOGA3-201","SOGA3","OPC"
1.20468990008442,0.84765534615144,18.5690046859382,1.42120250353401,0.17183485671316,0.529206140938552,0.355671536116363,0.991555671194646,"transcript108837.chr13.nnic","SOX1-OT","OPC"
-1.20468990008442,0.847655346151439,18.5690046859382,-1.42120250353401,0.17183485671316,0.529206140938552,0.348355116074342,0.991555671194646,"SOX1-OT-206","SOX1-OT","OPC"
0.0286875155536977,0.372161968299483,24.5690046859382,0.0770834152795873,0.93918149731724,0.976215505944963,0.964184800950048,0.996363625621488,"SOX2-OT-225","SOX2-OT","OPC"
-0.0286875155536977,0.372161968299483,24.5690046859382,-0.0770834152795873,0.93918149731724,0.976215505944963,0.952917801445753,0.996363625621488,"SOX2-OT-234","SOX2-OT","OPC"
0.526894699146082,0.935074056104189,17.5690046859382,0.563479112383131,0.580230176381284,0.815137379865029,0.711640255663674,0.995538879570187,"SOX21-AS1-201","SOX21-AS1","OPC"
-0.526894699146081,0.935074056104189,17.5690046859382,-0.56347911238313,0.580230176381285,0.815137379865029,0.701130864659026,0.991982095627542,"SOX21-AS1-203","SOX21-AS1","OPC"
-0.0797507071257587,0.431107130446966,24.5690046859382,-0.184990461751524,0.854755125184375,0.947465698098886,0.895171858417455,0.996363625621488,"SPAG9-202","SPAG9","OPC"
1.1743576111291,0.456600971814567,24.5690046859382,2.5719560045221,0.0165630589664617,0.293615070696374,0.104117300690582,0.991555671194646,"SPAG9-209","SPAG9","OPC"
-2.44400673326602,0.568318642948499,24.5690046859382,-4.3004162604736,0.000235689216944987,0.0877437284798052,0.0120054617294033,0.991555671194646,"SPAG9-201","SPAG9","OPC"
0.819105524689994,0.510630684543715,24.5690046859382,1.60410556882598,0.121470007685447,0.478896883552621,0.294719840447899,0.991555671194646,"SPARCL1-202","SPARCL1","OPC"
-0.819105524689991,0.510630684543716,24.5690046859382,-1.60410556882597,0.12147000768545,0.478896883552621,0.288252031640631,0.991555671194646,"SPARCL1-201","SPARCL1","OPC"
-0.321108365010907,0.723188558439343,20.5690046859382,-0.444017485154724,0.661665979133465,0.868665764041214,0.760241941972645,0.996363625621488,"SPART-202","SPART","OPC"
0.321108365010907,0.723188558439343,20.5690046859382,0.444017485154724,0.661665979133464,0.868665764041214,0.7710338831004,0.996363625621488,"SPART-201","SPART","OPC"
-1.08737249806271,0.654125800791095,19.5690046859382,-1.66232932067143,0.112382242448027,0.465061301206958,0.276378310859289,0.991555671194646,"SPATA20-201","SPATA20","OPC"
1.08737249806271,0.654125800791095,19.5690046859382,1.66232932067143,0.112382242448027,0.465061301206958,0.282665427735314,0.991555671194646,"SPATA20-205","SPATA20","OPC"
0.487045095100558,0.559027748149107,22.5690046859382,0.871235992691102,0.392798939464957,0.70401240457062,0.565269801399066,0.991555671194646,"SPECC1-206","SPECC1","OPC"
-0.487045095100557,0.559027748149106,22.5690046859382,-0.871235992691101,0.392798939464958,0.70401240457062,0.55574584719894,0.991555671194646,"SPECC1-231","SPECC1","OPC"
-0.778804285356541,0.564533189587149,23.5690046859382,-1.37955447035114,0.180673374447975,0.538571895692921,0.358120693765482,0.991555671194646,"SPECC1L-204","SPECC1L","OPC"
1.08798098953098,0.44166833277364,23.5690046859382,2.46334389132804,0.021468192333552,0.297108940820524,0.118902192728544,0.991555671194646,"SPECC1L-201","SPECC1L","OPC"
-1.02654213533248,0.426991477445133,23.5690046859382,-2.40412792656824,0.0244462519802541,0.309004379994347,0.123621687122529,0.991555671194646,"SPECC1L-203","SPECC1L","OPC"
-1.13936705402845,0.637473067621228,17.5690046859382,-1.78731794627823,0.0911500689326132,0.434556335010301,0.246935227335267,0.991555671194646,"SPEN-201","SPEN","OPC"
1.13936705402845,0.637473067621228,17.5690046859382,1.78731794627823,0.0911500689326132,0.434556335010301,0.252754182015666,0.991555671194646,"SPEN-202","SPEN","OPC"
1.11881499598563,1.01652204309448,17.5690046859382,1.10063033417332,0.285909473853714,0.618495302663219,0.471623311784493,0.991555671194646,"SPG11-201","SPG11","OPC"
-1.11881499598563,1.01652204309448,17.5690046859382,-1.10063033417332,0.285909473853714,0.618495302663219,0.462960549788627,0.991555671194646,"SPG11-228","SPG11","OPC"
-1.16987532831817,0.531504406892589,24.5690046859382,-2.20106421159851,0.0373564231444125,0.334756847706186,0.154105851081927,0.991555671194646,"SPG7-268","SPG7","OPC"
0.959718025306086,0.711077404093405,24.5690046859382,1.34966744798998,0.189428257548153,0.545398341528028,0.375175679974241,0.991555671194646,"SPG7-265","SPG7","OPC"
0.632857586027038,1.05024246039834,24.5690046859382,0.602582365396851,0.552308304297742,0.798164321104096,0.690809407237453,0.991688576991863,"SPG7-203","SPG7","OPC"
1.15038049637381,0.527946570356516,24.5690046859382,2.17897143568329,0.0391416842300431,0.334756847706186,0.16211583359886,0.991555671194646,"SPG7-223","SPG7","OPC"
0.741721850708298,0.664241221415974,20.5690046859382,1.11664531919166,0.277020823353798,0.612270349542155,0.463317889640882,0.991555671194646,"SPIDR-201","SPIDR","OPC"
-0.741721850708298,0.664241221415974,20.5690046859382,-1.11664531919166,0.277020823353798,0.612270349542155,0.454740845985214,0.991555671194646,"SPIDR-225","SPIDR","OPC"
0.391797469374532,0.841371120102664,18.5690046859382,0.465665459644877,0.646870331748611,0.856663948547199,0.760376051226918,0.996363625621488,"SPIN3-230","SPIN3","OPC"
-0.161202273613086,0.547333799271223,18.5690046859382,-0.294522782674351,0.771625718864244,0.923745068324259,0.837743025559727,0.996363625621488,"SPIN3-201","SPIN3","OPC"
-0.0429207594649428,0.631098742333465,18.5690046859382,-0.0680095785110343,0.946504993191927,0.977523288373628,0.957911439325855,0.996363625621488,"SPIN3-205","SPIN3","OPC"
-0.521915544129352,0.660105565856023,14.5690046859382,-0.790654663625709,0.441826711970314,0.738077186791434,0.595438136137788,0.991555671194646,"SPOCK3-202","SPOCK3","OPC"
0.521915544129351,0.660105565856023,14.5690046859382,0.790654663625708,0.441826711970314,0.738077186791434,0.605273596905802,0.991555671194646,"SPOCK3-201","SPOCK3","OPC"
1.04762673393509,0.796600658191744,18.5690046859382,1.3151216022256,0.204478874015773,0.55827266668668,0.391294636240237,0.991555671194646,"transcript21666.chr11.nic","SPON1","OPC"
-1.04762673393509,0.796600658191744,18.5690046859382,-1.3151216022256,0.204478874015773,0.55827266668668,0.383529132979827,0.991555671194646,"SPON1-201","SPON1","OPC"
-0.848176595065891,0.812242813643579,16.5690046859382,-1.04424019618114,0.311370994355299,0.637077714448301,0.486015708453909,0.991555671194646,"SPPL2A-201","SPPL2A","OPC"
0.848176595065892,0.812242813643579,16.5690046859382,1.04424019618114,0.311370994355299,0.637077714448301,0.494910497690197,0.991555671194646,"SPPL2A-211","SPPL2A","OPC"
0.997636371328106,0.477354096942503,23.5690046859382,2.08992942077602,0.0475973600156614,0.353386667238787,0.17949695501465,0.991555671194646,"SPPL2B-212","SPPL2B","OPC"
-0.997636371328104,0.477354096942503,23.5690046859382,-2.08992942077602,0.0475973600156617,0.353386667238787,0.174957366132839,0.991555671194646,"SPPL2B-209","SPPL2B","OPC"
1.48094794207207,0.660533308727486,19.5690046859382,2.24204884523554,0.0367193176491414,0.333749956945819,0.156827647006429,0.991555671194646,"SPSB3-208","SPSB3","OPC"
-2.47857223948082,0.714404550441442,19.5690046859382,-3.46942392507057,0.00248134831959963,0.195702559375834,0.0386357575157061,0.991555671194646,"SPSB3-209","SPSB3","OPC"
1.58415470096417,0.933491572733983,19.5690046859382,1.69702089149508,0.105541553829327,0.458111787634755,0.273316114859034,0.991555671194646,"SPSB3-204","SPSB3","OPC"
1.85833395985072,1.05249332410782,15.5690046859382,1.76564916592321,0.0970541868271646,0.446860796592917,0.261347622184858,0.991555671194646,"SPTAN1-206","SPTAN1","OPC"
-1.85833395985073,1.05249332410782,15.5690046859382,-1.76564916592321,0.0970541868271643,0.446860796592917,0.255391195117217,0.991555671194646,"SPTAN1-210","SPTAN1","OPC"
-0.0179347186898886,0.75833417371493,24.5690046859382,-0.0236501522831682,0.981322705815184,0.991212004400918,0.981636746375938,0.998122894849346,"SPTBN1-207","SPTBN1","OPC"
-0.518966787649875,0.73674231758213,24.5690046859382,-0.704407464136227,0.487802879443599,0.768226837037538,0.631457603998655,0.991555671194646,"SPTBN1-202","SPTBN1","OPC"
0.405465108108253,0.456822048009945,24.5690046859382,0.887577799439808,0.383374694023665,0.6959838501166,0.557399165647565,0.991555671194646,"SPTBN1-201","SPTBN1","OPC"
-0.251016571306042,0.506239274317599,24.5690046859382,-0.495845707831357,0.624409811929429,0.844866027979279,0.733418623530576,0.996363625621488,"SPTBN1-204","SPTBN1","OPC"
0.29757614609696,0.66686905702834,22.5690046859382,0.446228750548122,0.659683953492081,0.867374562462342,0.769609240488797,0.996363625621488,"SRCAP-202","SRCAP","OPC"
-0.297576146096961,0.66686905702834,22.5690046859382,-0.446228750548122,0.65968395349208,0.867374562462342,0.758823310451015,0.996363625621488,"SRCAP-205","SRCAP","OPC"
0.711819305368393,0.518100446966856,21.5690046859382,1.3739021256122,0.183583184247011,0.543656566076946,0.368779580027171,0.991555671194646,"SREK1-202","SREK1","OPC"
-0.711819305368392,0.518100446966856,21.5690046859382,-1.3739021256122,0.183583184247012,0.543656566076946,0.361294065528999,0.991555671194646,"SREK1-206","SREK1","OPC"
1.04574879911104,0.82287762664492,21.5690046859382,1.27084364096132,0.217320463776806,0.568299288723534,0.404682304633434,0.991555671194646,"SRGAP2-203","SRGAP2","OPC"
-1.04574879911104,0.82287762664492,21.5690046859382,-1.27084364096132,0.217320463776806,0.568299288723534,0.396756422883754,0.991555671194646,"SRGAP2-215","SRGAP2","OPC"
1.99655388187109,1.04466520986181,24.5690046859382,1.91119017176345,0.0677143465215,0.390882138383234,0.215947852892196,0.991555671194646,"SRRM1-224","SRRM1","OPC"
0.224547970080143,0.717545467957235,24.5690046859382,0.312939012379806,0.756967995209518,0.917515625821397,0.838564259808081,0.996363625621488,"SRRM1-223","SRRM1","OPC"
-1.57400243231803,0.823283194512788,24.5690046859382,-1.91186027215035,0.0676244281347698,0.390882138383234,0.210597948732225,0.991555671194646,"SRRM1-204","SRRM1","OPC"
0.812791626634084,0.685974978198065,24.5690046859382,1.18487066214739,0.247403758022946,0.590733387627976,0.434900610394458,0.991555671194646,"SRRM2-208","SRRM2","OPC"
0.306141538645248,0.484383780751165,24.5690046859382,0.632022686991077,0.533209692450196,0.789962739354867,0.676399744919654,0.991555671194646,"SRRM2-201","SRRM2","OPC"
-0.352685929227468,1.09687813837299,24.5690046859382,-0.321536109517701,0.750523690011556,0.916816075081703,0.823029816875675,0.996363625621488,"SRRM2-210","SRRM2","OPC"
1.22786101950057,0.547512929831927,24.5690046859382,2.24261556686432,0.0341968704696854,0.328762818181897,0.151147946399763,0.991555671194646,"transcript8917.chr16.nic","SRRM2","OPC"
-0.724444187282508,0.538198781389207,24.5690046859382,-1.34605319137394,0.190574977006037,0.546131993450338,0.368839220662477,0.991555671194646,"SRRM2-225","SRRM2","OPC"
0.623812487044641,0.843965027495797,18.5690046859382,0.739144948808614,0.469060245105585,0.751750475091715,0.626890271196611,0.991555671194646,"SRSF10-214","SRSF10","OPC"
-0.623812487044641,0.843965027495797,18.5690046859382,-0.739144948808614,0.469060245105585,0.751750475091715,0.616899936609125,0.991555671194646,"SRSF10-202","SRSF10","OPC"
-1.06114373674347,0.473511811808125,24.5690046859382,-2.24100795435586,0.0343144614526002,0.328762818181897,0.147425604984541,0.991555671194646,"SRSF11-201","SRSF11","OPC"
-1.34706113615714,0.834296975733747,24.5690046859382,-1.61460627970325,0.119167099738538,0.476137546941863,0.285279334599198,0.991555671194646,"SRSF11-202","SRSF11","OPC"
0.775935851562907,0.536198762284759,24.5690046859382,1.44710489120979,0.160507258083141,0.519604862813248,0.342685579276811,0.991555671194646,"SRSF11-203","SRSF11","OPC"
0.842655281968011,0.391653161129689,24.5690046859382,2.15153448407628,0.0414656613876616,0.343190146877316,0.167050290218084,0.991555671194646,"SRSF11-214","SRSF11","OPC"
-0.246647685604914,0.40010184037651,24.5690046859382,-0.616462262140084,0.543259792201666,0.794929338322286,0.673644241771226,0.991555671194646,"SRSF11-218","SRSF11","OPC"
-0.673634366336433,0.605018346914183,22.5690046859382,-1.11341146887895,0.277250053057829,0.612270349542155,0.454954010053885,0.991555671194646,"SRSF2-203","SRSF2","OPC"
0.673634366336433,0.605018346914183,22.5690046859382,1.11341146887895,0.277250053057829,0.612270349542155,0.463533296806896,0.991555671194646,"SRSF2-202","SRSF2","OPC"
-0.190437573627384,0.434036545414372,22.5690046859382,-0.438759306421018,0.665007589135321,0.869945158639734,0.762631680754727,0.996363625621488,"SRSF5-207","SRSF5","OPC"
0.190437573627384,0.434036545414372,22.5690046859382,0.438759306421017,0.665007589135322,0.869945158639734,0.773433662957957,0.996363625621488,"SRSF5-212","SRSF5","OPC"
-0.325106155052087,0.544174877419437,24.5690046859382,-0.597429555355058,0.555687395261487,0.798743161638961,0.682935792544797,0.991555671194646,"SRSF7-208","SRSF7","OPC"
0.325106155052088,0.544174877419437,24.5690046859382,0.597429555355059,0.555687395261487,0.798743161638961,0.693344814765608,0.991688576991863,"SRSF7-201","SRSF7","OPC"
0.127364877708859,0.486538871505362,23.5690046859382,0.261777393684474,0.795767275196064,0.927031523987905,0.865609234421058,0.996363625621488,"transcript151089.chr11.nnic","SRSF8","OPC"
-0.127364877708859,0.486538871505362,23.5690046859382,-0.261777393684474,0.795767275196064,0.927031523987905,0.854501001292715,0.996363625621488,"SRSF8-201","SRSF8","OPC"
1.25218442994317,0.937961904305351,11.5690046859382,1.33500563743101,0.207550512244114,0.558756854243968,0.394526104969295,0.991555671194646,"SSPN-201","SSPN","OPC"
-1.25218442994317,0.937961904305351,11.5690046859382,-1.33500563743101,0.207550512244114,0.558756854243968,0.386721478697128,0.991555671194646,"SSPN-202","SSPN","OPC"
-0.724695538291409,0.855396466099746,18.5690046859382,-0.847204269612804,0.407668491160704,0.7178270864627,0.567940308453583,0.991555671194646,"ST3GAL5-246","ST3GAL5","OPC"
1.53160609227994,0.956965409734387,18.5690046859382,1.60048218744401,0.126367374013629,0.481668999660832,0.301057855843273,0.991555671194646,"ST3GAL5-244","ST3GAL5","OPC"
-0.679520928225205,0.838415031717353,18.5690046859382,-0.810482759157264,0.427928479219941,0.726923098776275,0.58433216549123,0.991555671194646,"ST3GAL5-222","ST3GAL5","OPC"
-1.63710589775936,0.793011514258429,19.5690046859382,-2.06441630206376,0.0524887411657164,0.363791647547492,0.184196673939763,0.991555671194646,"STAT1-238","STAT1","OPC"
1.63710589775936,0.793011514258428,19.5690046859382,2.06441630206376,0.0524887411657163,0.363791647547492,0.188912337107291,0.991555671194646,"STAT1-202","STAT1","OPC"
0.171922849573056,0.953202568934827,15.5690046859382,0.180363393024816,0.859194067548628,0.947549614909744,0.909419435663113,0.996363625621488,"STAT3-201","STAT3","OPC"
1.36597435856059,1.18305658770809,15.5690046859382,1.15461455753935,0.265663477830588,0.604182795826944,0.452561356357472,0.991555671194646,"STAT3-218","STAT3","OPC"
-1.28183923254936,0.991721552637552,15.5690046859382,-1.29253945236969,0.215024790566821,0.566587061898013,0.394414328110827,0.991555671194646,"STAT3-231","STAT3","OPC"
-0.538996500709872,1.00488837331795,13.5690046859382,-0.536374501906326,0.600383459301629,0.831175779008293,0.71592939368006,0.995538879570187,"STK10-201","STK10","OPC"
0.538996500709872,1.00488837331795,13.5690046859382,0.536374501906325,0.600383459301629,0.831175779008293,0.726515732095159,0.996363625621488,"transcript231234.chr5.nic","STK10","OPC"
2.09266730389909,0.84101387187688,19.5690046859382,2.48826728532896,0.021985840223125,0.297108940820524,0.120364973192973,0.991555671194646,"STK25-228","STK25","OPC"
-2.09266730389909,0.84101387187688,19.5690046859382,-2.48826728532896,0.021985840223125,0.297108940820524,0.117025010708767,0.991555671194646,"STK25-201","STK25","OPC"
0.472604410674029,0.95610596503953,16.5690046859382,0.494301288722206,0.627582818577557,0.847399391302132,0.746399328158517,0.996363625621488,"STK32A-201","STK32A","OPC"
-0.472604410674029,0.95610596503953,16.5690046859382,-0.494301288722207,0.627582818577557,0.847399391302132,0.735716609784161,0.996363625621488,"STK32A-202","STK32A","OPC"
-0.188379756255343,0.557822608567811,22.5690046859382,-0.337705488020647,0.738706065926601,0.912814295327924,0.814760846817058,0.996363625621488,"STMN1-206","STMN1","OPC"
0.188379756255343,0.557822608567811,22.5690046859382,0.337705488020646,0.738706065926602,0.912814295327924,0.825755564165858,0.996363625621488,"STMN1-207","STMN1","OPC"
1.75129106426344,0.694755853554178,18.5690046859382,2.52072876436279,0.0210415645854534,0.297108940820524,0.117684151652803,0.991555671194646,"STT3B-201","STT3B","OPC"
-1.75129106426344,0.694755853554178,18.5690046859382,-2.52072876436279,0.0210415645854535,0.297108940820524,0.11440289852473,0.991555671194646,"transcript47762.chr3.nic","STT3B","OPC"
-0.262016135656318,0.545119993967652,22.5690046859382,-0.480657724089765,0.635386368105069,0.851380880335915,0.741357088120259,0.996363625621488,"STX16-206","STX16","OPC"
0.262016135656318,0.545119993967652,22.5690046859382,0.480657724089765,0.635386368105069,0.851380880335915,0.752065925497343,0.996363625621488,"STX16-202","STX16","OPC"
-0.033813364365778,0.733761018992702,17.5690046859382,-0.04608225769774,0.963764449258032,0.985777603054869,0.969674811598582,0.996363625621488,"STXBP1-212","STXBP1","OPC"
0.033813364365778,0.733761018992702,17.5690046859382,0.0460822576977401,0.963764449258032,0.985777603054869,0.98095163739941,0.998122894849346,"STXBP1-201","STXBP1","OPC"
-0.133531392624521,0.600367629128913,21.5690046859382,-0.222416043347081,0.826082629623201,0.935784939614567,0.875446421713597,0.996363625621488,"SUGP2-202","SUGP2","OPC"
0.133531392624521,0.600367629128913,21.5690046859382,0.222416043347082,0.8260826296232,0.935784939614567,0.886602981483064,0.996363625621488,"SUGP2-214","SUGP2","OPC"
1.23126494661389,0.978740804888546,21.5690046859382,1.25800920985828,0.221837509256617,0.574462635564039,0.409317740148103,0.991555671194646,"transcript61194.chr20.nic","SULF2","OPC"
-0.399363807911337,1.20299607015111,21.5690046859382,-0.331974324622002,0.743113009287318,0.914251734768239,0.817847021719665,0.996363625621488,"transcript61197.chr20.nic","SULF2","OPC"
0.255609284432687,1.24801001136065,21.5690046859382,0.204813488758802,0.839638302557201,0.943145438131063,0.895957007130428,0.996363625621488,"SULF2-213","SULF2","OPC"
-2.84006835257997,0.957322644882103,21.5690046859382,-2.96667833751048,0.00722246805700024,0.248585873189572,0.0662111761493701,0.991555671194646,"SULF2-201","SULF2","OPC"
0.433425923039433,0.746566731611618,18.5690046859382,0.580558849848283,0.568517285734636,0.807948394969143,0.702934545436678,0.991982095627542,"transcript41476.chr17.nic","SUPT6H","OPC"
0.853815807754418,0.775117804937508,18.5690046859382,1.10153037682221,0.284739726226703,0.618495302663219,0.470535779615206,0.991555671194646,"SUPT6H-201","SUPT6H","OPC"
-1.09682816687451,0.634632421018951,18.5690046859382,-1.72828889692314,0.10052938138386,0.450136714581339,0.260265886367401,0.991555671194646,"transcript41441.chr17.nic","SUPT6H","OPC"
-0.976563184226824,0.74180829357686,21.5690046859382,-1.31646301703911,0.201837169124612,0.557781190603116,0.380768740161561,0.991555671194646,"SUPT7L-204","SUPT7L","OPC"
0.976563184226824,0.74180829357686,21.5690046859382,1.31646301703911,0.201837169124612,0.557781190603116,0.388500198687215,0.991555671194646,"SUPT7L-201","SUPT7L","OPC"
0.159859414718758,0.581143624936397,24.5690046859382,0.275077292186168,0.785556938803168,0.926604699135702,0.858512673275962,0.996363625621488,"SYNE1-211","SYNE1","OPC"
-0.734840706004497,0.974455087526928,24.5690046859382,-0.75410423262241,0.457953772847797,0.744496277006463,0.608193353915594,0.991555671194646,"SYNE1-208","SYNE1","OPC"
0.0540313551497068,0.585105859621072,24.5690046859382,0.0923445804912957,0.92717313025988,0.973102367079037,0.955986397442386,0.996363625621488,"SYNE1-206","SYNE1","OPC"
-0.519937304108765,0.73587384698235,22.5690046859382,-0.706557660991634,0.487072547162199,0.768226837037538,0.630893397129537,0.991555671194646,"SYP-208","SYP","OPC"
0.519937304108765,0.73587384698235,22.5690046859382,0.706557660991634,0.487072547162199,0.768226837037538,0.640979685279589,0.991555671194646,"SYP-207","SYP","OPC"
0.910655046478928,0.729946419075315,24.5690046859382,1.24756423578669,0.223951407568066,0.574462635564039,0.411474480042792,0.991555671194646,"TACC2-204","TACC2","OPC"
-0.910655046478928,0.729946419075315,24.5690046859382,-1.24756423578669,0.223951407568066,0.574462635564039,0.403468934909864,0.991555671194646,"TACC2-227","TACC2","OPC"
0.360843423446203,0.650714679968622,22.5690046859382,0.554534013991513,0.584667472502092,0.817405275397239,0.714926518793747,0.995538879570187,"TAF3-206","TAF3","OPC"
-0.360843423446202,0.650714679968622,22.5690046859382,-0.554534013991512,0.584667472502093,0.817405275397239,0.704399770306015,0.991982095627542,"TAF3-202","TAF3","OPC"
-1.15374845711684,0.766177415246581,22.5690046859382,-1.50585025629543,0.14597453984555,0.496618343129901,0.318554442686624,0.991555671194646,"TAFA5-203","TAFA5","OPC"
1.15374845711684,0.766177415246581,22.5690046859382,1.50585025629543,0.14597453984555,0.496618343129901,0.325463461503888,0.991555671194646,"transcript64281.chr22.nic","TAFA5","OPC"
0.184922338493362,0.585113127415161,19.5690046859382,0.316045444596822,0.755314183734699,0.916816075081703,0.837406522500764,0.996363625621488,"TALDO1-203","TALDO1","OPC"
-0.184922338493361,0.585113127415161,19.5690046859382,-0.316045444596822,0.755314183734699,0.916816075081703,0.826375658594329,0.996363625621488,"TALDO1-201","TALDO1","OPC"
-0.408317184748335,0.622723353147726,24.5690046859382,-0.655695956614417,0.518113307309165,0.784722774393254,0.654668950367079,0.991555671194646,"TANC1-201","TANC1","OPC"
0.408317184748335,0.622723353147726,24.5690046859382,0.655695956614416,0.518113307309166,0.784722774393254,0.66490929700203,0.991555671194646,"TANC1-205","TANC1","OPC"
0.985186932523944,0.70182041940991,24.5690046859382,1.40375928838361,0.172904754249645,0.530730023056035,0.356879877477598,0.991555671194646,"TAOK3-209","TAOK3","OPC"
-0.111837111363403,0.620074781167606,24.5690046859382,-0.180360683517579,0.858348858521322,0.947549614909744,0.897639150639648,0.996363625621488,"TAOK3-201","TAOK3","OPC"
-0.635105951963139,0.545386595436397,24.5690046859382,-1.16450598030366,0.25540228093578,0.592678846054001,0.434337634448824,0.991555671194646,"TAOK3-206","TAOK3","OPC"
0.430157720698538,0.71197024972888,17.5690046859382,0.604179347188093,0.553447017741789,0.798164321104096,0.691664269908978,0.991688576991863,"TAPBP-255","TAPBP","OPC"
-0.430157720698538,0.71197024972888,17.5690046859382,-0.604179347188094,0.553447017741788,0.798164321104096,0.681264785966251,0.991555671194646,"TAPBP-234","TAPBP","OPC"
-0.49055929095556,0.533817873798696,24.5690046859382,-0.918963779658962,0.367049061147301,0.686644532089553,0.534269205704498,0.991555671194646,"TAX1BP1-201","TAX1BP1","OPC"
0.49055929095556,0.533817873798696,24.5690046859382,0.918963779658962,0.367049061147301,0.686644532089553,0.543610719885049,0.991555671194646,"TAX1BP1-202","TAX1BP1","OPC"
3.188520746083,1.08160401381701,18.5690046859382,2.94795572626495,0.00840268023191382,0.263823911859848,0.0737540113292021,0.991555671194646,"transcript17802.chr4.nic","TBC1D14","OPC"
-3.188520746083,1.08160401381701,18.5690046859382,-2.94795572626495,0.00840268023191381,0.263823911859848,0.0715018906824165,0.991555671194646,"TBC1D14-201","TBC1D14","OPC"
0.908568685780245,0.883184280389467,22.5690046859382,1.02874191259335,0.314500749343847,0.639804022474679,0.497724893455123,0.991555671194646,"TBC1D9B-201","TBC1D9B","OPC"
-0.908568685780245,0.883184280389467,22.5690046859382,-1.02874191259335,0.314500749343847,0.639804022474679,0.48880288206218,0.991555671194646,"TBC1D9B-202","TBC1D9B","OPC"
-1.71115047805787,0.855908536427235,17.5690046859382,-1.99922118454458,0.0612950674875727,0.386991083653722,0.199913121435077,0.991555671194646,"TBK1-248","TBK1","OPC"
1.71115047805787,0.855908536427235,17.5690046859382,1.99922118454458,0.0612950674875727,0.386991083653722,0.204919812237596,0.991555671194646,"TBK1-201","TBK1","OPC"
1.22779395716599,0.678288706819594,24.5690046859382,1.81013474766955,0.0825240792800387,0.42085665480192,0.239751884036588,0.991555671194646,"TCERG1-201","TCERG1","OPC"
-0.911635295660312,0.572317023004811,24.5690046859382,-1.59288516506812,0.123971467918897,0.480096284106807,0.291454540370663,0.991555671194646,"TCERG1-206","TCERG1","OPC"
-0.709496318565155,0.618840147758486,24.5690046859382,-1.14649368037131,0.262634568656358,0.599149084765977,0.44123135183899,0.991555671194646,"TCERG1-202","TCERG1","OPC"
-0.735638111301388,0.510093788951174,24.5690046859382,-1.44216245568088,0.161883844453896,0.520184092042975,0.337117357964902,0.991555671194646,"TCERG1-218","TCERG1","OPC"
0.654671530839224,0.575672213828749,24.5690046859382,1.13722968577041,0.266412226431528,0.605292294752015,0.453275678334004,0.991555671194646,"TCERG1-207","TCERG1","OPC"
1.95166697076627,0.631817392927019,22.5690046859382,3.08897316315523,0.00525654603240726,0.248585873189572,0.0582233628477306,0.991555671194646,"TCF12-201","TCF12","OPC"
1.12700224768191,0.577564229529512,22.5690046859382,1.95130201986361,0.0635420718234174,0.389290660002948,0.208836013598181,0.991555671194646,"TCF12-202","TCF12","OPC"
-2.2706440080569,0.685647964535675,22.5690046859382,-3.31167614505294,0.00309747786051841,0.199423022774215,0.0431844563693898,0.991555671194646,"TCF12-203","TCF12","OPC"
-0.869146271614413,0.579267407413588,22.5690046859382,-1.5004232250786,0.147365716532242,0.498779825121812,0.320209368392815,0.991555671194646,"transcript56649.chr18.nnic","TCF4","OPC"
0.745311826219401,0.391824982545981,22.5690046859382,1.9021549401382,0.0699892846314278,0.394450099904668,0.219743719120346,0.991555671194646,"TCF4-204","TCF4","OPC"
-0.0446367593337606,0.431047601243053,22.5690046859382,-0.103554129996403,0.918437889597338,0.969400218829754,0.938763690927061,0.996363625621488,"TCF4-246","TCF4","OPC"
-0.437424411619916,0.553125003332457,23.5690046859382,-0.790823790254517,0.436932778026236,0.733664187845601,0.591539780241991,0.991555671194646,"TET2-201","TET2","OPC"
0.437424411619916,0.553125003332456,23.5690046859382,0.790823790254517,0.436932778026236,0.733664187845601,0.601346097898406,0.991555671194646,"TET2-204","TET2","OPC"
-0.796331416793826,0.674054918709001,19.5690046859382,-1.18140435547747,0.251601133577223,0.592678846054001,0.430685558558616,0.991555671194646,"TGOLN2-205","TGOLN2","OPC"
0.796331416793825,0.674054918709001,19.5690046859382,1.18140435547747,0.251601133577223,0.592678846054001,0.439002487797479,0.991555671194646,"TGOLN2-201","TGOLN2","OPC"
1.17272026082181,0.844126659435401,19.5690046859382,1.38927049360838,0.180357806055428,0.538571895692921,0.365215317886504,0.991555671194646,"THUMPD1-201","THUMPD1","OPC"
-1.17272026082181,0.844126659435401,19.5690046859382,-1.38927049360838,0.180357806055427,0.538571895692921,0.357775332687138,0.991555671194646,"THUMPD1-202","THUMPD1","OPC"
3.2923585912028,1.07141196310885,18.5690046859382,3.07291565202387,0.00638391404254671,0.248585873189572,0.0642039553921814,0.991555671194646,"TIAM1-208","TIAM1","OPC"
-3.2923585912028,1.07141196310885,18.5690046859382,-3.07291565202387,0.00638391404254672,0.248585873189572,0.0621952523859855,0.991555671194646,"TIAM1-207","TIAM1","OPC"
-1.04796855584935,0.71214906470292,19.5690046859382,-1.47155786308098,0.157039893492037,0.511557453050313,0.331546900553708,0.991555671194646,"TINF2-221","TINF2","OPC"
1.04796855584935,0.712149064702921,19.5690046859382,1.47155786308098,0.157039893492038,0.511557453050313,0.338636673510239,0.991555671194646,"TINF2-202","TINF2","OPC"
1.1154946178313,0.771673509020528,21.5690046859382,1.44555256179155,0.162676829307324,0.521014625668132,0.345200894532518,0.991555671194646,"TK2-207","TK2","OPC"
-1.1154946178313,0.771673509020527,21.5690046859382,-1.44555256179155,0.162676829307324,0.521014625668132,0.338022849266188,0.991555671194646,"TK2-206","TK2","OPC"
1.62667971886861,0.834495637975913,17.5690046859382,1.94929685050739,0.0674081724844596,0.390882138383234,0.215432700042975,0.991555671194646,"transcript7667.chr19.nnic","TLE2","OPC"
-1.62667971886861,0.834495637975913,17.5690046859382,-1.94929685050739,0.0674081724844596,0.390882138383234,0.210240333929623,0.991555671194646,"transcript7666.chr19.nic","TLE2","OPC"
3.52182536945077,2.53550593126483,12.5690046859382,1.38900300962574,0.188951677388753,0.545398341528028,0.374657144358699,0.991555671194646,"transcript37701.chr20.nic","TM9SF4","OPC"
-3.52182536945077,2.53550593126483,12.5690046859382,-1.38900300962574,0.188951677388753,0.545398341528028,0.367097276987142,0.991555671194646,"TM9SF4-207","TM9SF4","OPC"
-1.4540457675182,0.79318292724141,22.5690046859382,-1.83317834711242,0.0800005919240933,0.412834737731065,0.230296369565088,0.991555671194646,"TMEM106B-205","TMEM106B","OPC"
1.4540457675182,0.79318292724141,22.5690046859382,1.83317834711242,0.0800005919240935,0.412834737731065,0.235837407239837,0.991555671194646,"TMEM106B-202","TMEM106B","OPC"
0.393979447116277,0.645431921384728,20.5690046859382,0.61041208849885,0.548274698825309,0.79510510024416,0.687777469603775,0.991555671194646,"TMEM161A-205","TMEM161A","OPC"
-0.393979447116278,0.645431921384728,20.5690046859382,-0.61041208849885,0.548274698825309,0.79510510024416,0.677400252330093,0.991555671194646,"TMEM161A-201","TMEM161A","OPC"
-0.687254411592806,0.640111049600489,24.5690046859382,-1.0736487239546,0.2934123723991,0.627262216958208,0.469827554866186,0.991555671194646,"TMEM161B-DT-257","TMEM161B-DT","OPC"
-0.111439561043111,0.512574756574019,24.5690046859382,-0.217411332910653,0.829683228322882,0.9377465643361,0.877927677034917,0.996363625621488,"TMEM161B-DT-239","TMEM161B-DT","OPC"
-0.280608630395317,0.458193075568333,24.5690046859382,-0.612424424020933,0.545884017139085,0.79510510024416,0.675610832536907,0.991555671194646,"TMEM161B-DT-218","TMEM161B-DT","OPC"
1.04827864539019,0.531537582779855,24.5690046859382,1.97216279591721,0.0599483593979879,0.386991083653722,0.202541979554395,0.991555671194646,"TMEM161B-DT-221","TMEM161B-DT","OPC"
0.44468582119772,0.661422365300597,18.5690046859382,0.672317485054536,0.509661590718404,0.784048468366092,0.658435464285723,0.991555671194646,"TMEM184B-202","TMEM184B","OPC"
-0.44468582119772,0.661422365300597,18.5690046859382,-0.672317485054537,0.509661590718403,0.784048468366092,0.648235696503243,0.991555671194646,"TMEM184B-212","TMEM184B","OPC"
-0.404071842167682,0.720009167454825,23.5690046859382,-0.561203746330125,0.579955936968374,0.815137379865029,0.700928633815129,0.991982095627542,"TMF1-207","TMF1","OPC"
0.404071842167682,0.720009167454825,23.5690046859382,0.561203746330125,0.579955936968374,0.815137379865029,0.711436944271375,0.995538879570187,"TMF1-201","TMF1","OPC"
1.18581654819394,0.747119889889072,16.5690046859382,1.5871837495452,0.131369420044955,0.481668999660832,0.307425761316029,0.991555671194646,"TMTC4-202","TMTC4","OPC"
-1.18581654819394,0.747119889889072,16.5690046859382,-1.5871837495452,0.131369420044955,0.481668999660832,0.300772248647329,0.991555671194646,"TMTC4-203","TMTC4","OPC"
-0.350397187616973,0.57429844999104,24.5690046859382,-0.610130825918892,0.547377613610672,0.79510510024416,0.676729025524401,0.991555671194646,"TNKS-201","TNKS","OPC"
0.567637491678308,0.628469188346031,24.5690046859382,0.903206556827684,0.375187018574468,0.691145488571392,0.550509037853448,0.991555671194646,"TNKS-212","TNKS","OPC"
-0.0549935761304047,0.491081144340019,24.5690046859382,-0.111984703066359,0.911745439724667,0.969330071788069,0.934193489564762,0.996363625621488,"TNKS-210","TNKS","OPC"
-0.0891955788014113,0.681201641788394,18.5690046859382,-0.130938584597714,0.89723207237426,0.961820971043736,0.924274994111268,0.996363625621488,"TNPO1-204","TNPO1","OPC"
-0.408509250489392,0.524160898397764,18.5690046859382,-0.779358498007213,0.44558849778344,0.741190686154124,0.59842575737552,0.991555671194646,"TNPO1-201","TNPO1","OPC"
1.2150226405125,0.761031476624271,18.5690046859382,1.59654715715835,0.127244744716923,0.481668999660832,0.302182338782595,0.991555671194646,"TNPO1-215","TNPO1","OPC"
-0.526093095896772,1.38841240748624,12.5690046859382,-0.378917022824132,0.711072993339569,0.898703702885745,0.795335278119322,0.996363625621488,"TNPO3-201","TNPO3","OPC"
0.526093095896772,1.38841240748624,12.5690046859382,0.378917022824132,0.711072993339569,0.898703702885745,0.806264026753605,0.996363625621488,"transcript184829.chr7.nic","TNPO3","OPC"
0.389464766761723,0.727729102406568,16.5690046859382,0.535178221502726,0.59963659006797,0.831175779008293,0.725966702294528,0.996363625621488,"TNRC6A-201","TNRC6A","OPC"
-0.389464766761722,0.727729102406568,16.5690046859382,-0.535178221502726,0.599636590067971,0.831175779008293,0.715383129989593,0.995538879570187,"TNRC6A-202","TNRC6A","OPC"
0.499072193546817,0.636495254454791,23.5690046859382,0.784094131187691,0.440794473917243,0.737298073830768,0.604446332343019,0.991555671194646,"TNRC6B-202","TNRC6B","OPC"
-0.499072193546818,0.63649525445479,23.5690046859382,-0.784094131187692,0.440794473917242,0.737298073830768,0.594616984291866,0.991555671194646,"TNRC6B-206","TNRC6B","OPC"
-1.74120719006521,0.737374609142085,16.5690046859382,-2.36136038382316,0.0307470538459342,0.315459930403561,0.139236815829393,0.991555671194646,"TOGARAM1-204","TOGARAM1","OPC"
0.0535705735845227,0.987211341453144,16.5690046859382,0.0542645443129417,0.957373328410951,0.983799248359203,0.976594362149941,0.998122894849346,"TOGARAM1-206","TOGARAM1","OPC"
1.44961077460204,0.661314622894445,16.5690046859382,2.19201379255365,0.0429733175187309,0.346212166891421,0.170184206154678,0.991555671194646,"TOGARAM1-201","TOGARAM1","OPC"
-1.29668220242996,0.781796675585554,18.5690046859382,-1.65859262762759,0.113994024027345,0.465991381452094,0.278512749843813,0.991555671194646,"TOM1-203","TOM1","OPC"
1.29668220242996,0.781796675585555,18.5690046859382,1.65859262762759,0.113994024027345,0.465991381452094,0.284832682560559,0.991555671194646,"TOM1-209","TOM1","OPC"
0.120249128151577,0.811917575141476,15.5690046859382,0.148105093217897,0.884161009123063,0.958454072285649,0.92655899208224,0.996363625621488,"TOR1AIP1-212","TOR1AIP1","OPC"
-0.120249128151577,0.811917575141476,15.5690046859382,-0.148105093217897,0.884161009123063,0.958454072285649,0.915332190627513,0.996363625621488,"TOR1AIP1-208","TOR1AIP1","OPC"
2.15510110432958,0.751778779458514,21.5690046859382,2.86666924262194,0.00907765481472232,0.271562278761509,0.076693702919159,0.991555671194646,"transcript103408.chr11.nic","TPCN2","OPC"
-2.15510110432958,0.751778779458515,21.5690046859382,-2.86666924262194,0.00907765481472233,0.271562278761509,0.0743682635312499,0.991555671194646,"TPCN2-201","TPCN2","OPC"
0.173744373296689,0.502481435212777,20.5690046859382,0.345772721380476,0.733024980451375,0.909502361001821,0.821759508970221,0.996363625621488,"TPD52L2-208","TPD52L2","OPC"
-0.17374437329669,0.502481435212777,20.5690046859382,-0.345772721380477,0.733024980451375,0.909502361001821,0.810777754646424,0.996363625621488,"TPD52L2-203","TPD52L2","OPC"
-0.316902138285305,0.652302446661622,18.5690046859382,-0.485820864090206,0.632777418034554,0.850447628364129,0.739473049071343,0.996363625621488,"TPP2-217","TPP2","OPC"
0.187598613894185,1.06183291138696,18.5690046859382,0.176674325953171,0.861676907257131,0.949773832823955,0.911126162016149,0.996363625621488,"TPP2-218","TPP2","OPC"
0.189505863472832,0.655114525253296,18.5690046859382,0.289271350531513,0.775578652787548,0.923746786638186,0.851563669785012,0.996363625621488,"TPP2-202","TPP2","OPC"
0.284552179442853,0.87825175116413,17.5690046859382,0.323998419662332,0.749764538053907,0.916816075081703,0.833518354124375,0.996363625621488,"TRAPPC13-211","TRAPPC13","OPC"
-0.284552179442853,0.87825175116413,17.5690046859382,-0.323998419662331,0.749764538053907,0.916816075081703,0.822499280399195,0.996363625621488,"transcript90372.chr5.nnic","TRAPPC13","OPC"
-0.778748545871373,0.873367837505374,23.5690046859382,-0.89166157995437,0.381587429011515,0.695254670628038,0.546453122087905,0.991555671194646,"TRAPPC9-201","TRAPPC9","OPC"
0.778748545871373,0.873367837505374,23.5690046859382,0.89166157995437,0.381587429011515,0.695254670628038,0.555899351022933,0.991555671194646,"TRAPPC9-216","TRAPPC9","OPC"
1.03759818290999,0.991298148637208,18.5690046859382,1.04670646700636,0.308669369322984,0.637077714448301,0.492472971350039,0.991555671194646,"TRIM2-263","TRIM2","OPC"
0.117197269763962,0.709793269553463,18.5690046859382,0.165114653507059,0.870637997882815,0.9549169286543,0.917281761405311,0.996363625621488,"TRIM2-265","TRIM2","OPC"
-0.980171141767176,0.810223836001594,18.5690046859382,-1.20975352515456,0.241550066010449,0.590733387627976,0.420928432395019,0.991555671194646,"TRIM2-243","TRIM2","OPC"
0.0272567165593092,0.992389778836274,12.5690046859382,0.027465736891478,0.978519557889984,0.990299793344194,0.991007588856283,0.99818923677535,"TRIM32-203","TRIM32","OPC"
-0.0272567165593094,0.992389778836274,12.5690046859382,-0.0274657368914782,0.978519557889984,0.990299793344194,0.979727259573796,0.998122894849346,"TRIM32-201","TRIM32","OPC"
-0.674154318277039,0.674988290163396,22.5690046859382,-0.998764464660336,0.328497539590972,0.649930424405619,0.501151462897925,0.991555671194646,"TRIM44-201","TRIM44","OPC"
0.674154318277039,0.674988290163396,22.5690046859382,0.998764464660335,0.328497539590972,0.649930424405619,0.510191964612655,0.991555671194646,"transcript44047.chr11.nnic","TRIM44","OPC"
0.0154774516075039,0.438039300879524,24.5690046859382,0.0353334771022309,0.972099338993819,0.988408457829846,0.986632608262439,0.998122894849346,"TRIM9-201","TRIM9","OPC"
-0.0154774516075035,0.438039300879524,24.5690046859382,-0.0353334771022299,0.97209933899382,0.988408457829846,0.975353583024902,0.998122894849346,"TRIM9-203","TRIM9","OPC"
0.543334902331182,0.641378076887334,19.5690046859382,0.847136691930656,0.40716049319229,0.7178270864627,0.577145908398226,0.991555671194646,"TRIO-226","TRIO","OPC"
-0.543334902331183,0.641378076887334,19.5690046859382,-0.847136691930657,0.407160493192289,0.7178270864627,0.567526059736841,0.991555671194646,"TRIO-202","TRIO","OPC"
-0.695042915093485,0.856504738730007,13.5690046859382,-0.811487530266404,0.43109109774504,0.72996972106795,0.586868983169038,0.991555671194646,"TRPM3-201","TRPM3","OPC"
0.695042915093485,0.856504738730007,13.5690046859382,0.811487530266404,0.43109109774504,0.72996972106795,0.59663997039105,0.991555671194646,"transcript139860.chr9.nic","TRPM3","OPC"
1.13497993121029,0.838835472594753,20.5690046859382,1.3530423644335,0.190727809943688,0.546131993450338,0.376587008422476,0.991555671194646,"TRPS1-209","TRPS1","OPC"
-1.13497993121029,0.838835472594754,20.5690046859382,-1.3530423644335,0.190727809943688,0.546131993450338,0.369002923651494,0.991555671194646,"transcript166032.chr8.nic","TRPS1","OPC"
-0.07040364058997,0.916551147018656,15.5690046859382,-0.0768136517192499,0.939750246923799,0.976215505944963,0.953305668551592,0.996363625621488,"TSC1-235","TSC1","OPC"
0.0704036405899697,0.916551147018656,15.5690046859382,0.0768136517192495,0.939750246923799,0.976215505944963,0.964572951872616,0.996363625621488,"TSC1-243","TSC1","OPC"
0.219135529896254,0.596537993693972,23.5690046859382,0.367345470385365,0.716639285891543,0.899596329014144,0.810201634201831,0.996363625621488,"TSC2-245","TSC2","OPC"
-0.219135529896253,0.596537993693972,23.5690046859382,-0.367345470385364,0.716639285891544,0.899596329014144,0.799259002795266,0.996363625621488,"TSC2-207","TSC2","OPC"
0.818338494610553,0.487717113778143,24.5690046859382,1.67789579551807,0.106045009925175,0.458111787634755,0.274012848804385,0.991555671194646,"TSC22D1-203","TSC22D1","OPC"
-0.818338494610554,0.487717113778143,24.5690046859382,-1.67789579551807,0.106045009925175,0.458111787634755,0.267858208882405,0.991555671194646,"TSC22D1-201","TSC22D1","OPC"
-0.535965937418911,0.588927635187209,22.5690046859382,-0.91007095846086,0.372402610506647,0.689852759983216,0.538773878940191,0.991555671194646,"TSC22D3-203","TSC22D3","OPC"
0.53596593741891,0.588927635187209,22.5690046859382,0.91007095846086,0.372402610506648,0.689852759983216,0.548154481655039,0.991555671194646,"TSC22D3-205","TSC22D3","OPC"
1.17570237038768,0.601449104151281,21.5690046859382,1.95478281083608,0.0636920641802153,0.389290660002948,0.20909521489805,0.991555671194646,"TSEN54-207","TSEN54","OPC"
0.385999773320061,0.539631954056269,21.5690046859382,0.715301920908508,0.482094412434598,0.763267338277377,0.637101403915102,0.991555671194646,"TSEN54-218","TSEN54","OPC"
-1.76815776812155,0.654222119235297,21.5690046859382,-2.7026872313463,0.0131381481357721,0.285707325853169,0.089811664408523,0.991555671194646,"TSEN54-220","TSEN54","OPC"
0.378301179167331,1.29514884648532,23.5690046859382,0.292090889934339,0.772772822290415,0.923745068324259,0.849607112582597,0.996363625621488,"TSPOAP1-202","TSPOAP1","OPC"
-0.37830117916733,1.29514884648532,23.5690046859382,-0.292090889934338,0.772772822290416,0.923745068324259,0.838541022436888,0.996363625621488,"transcript99670.chr17.nnic","TSPOAP1","OPC"
-0.857577424082884,0.505483833277238,24.5690046859382,-1.6965476789295,0.102417918644038,0.453142777565986,0.26288490726006,0.991555671194646,"TSPYL2-201","TSPYL2","OPC"
0.857577424082883,0.505483833277239,24.5690046859382,1.69654767892949,0.102417918644039,0.453142777565986,0.268961106036959,0.991555671194646,"TSPYL2-203","TSPYL2","OPC"
2.68479333886343,1.16832451940688,12.5690046859382,2.29798595704078,0.0394360522815806,0.334756847706186,0.162748124196301,0.991555671194646,"TSTD2-201","TSTD2","OPC"
-2.68479333886343,1.16832451940688,12.5690046859382,-2.29798595704078,0.0394360522815806,0.334756847706186,0.158531230463176,0.991555671194646,"TSTD2-205","TSTD2","OPC"
0.117844412335748,0.456883421727941,24.5690046859382,0.257931031706202,0.798608400091133,0.929095308320309,0.867581494496037,0.996363625621488,"TTC14-205","TTC14","OPC"
0.0854835457405685,0.501768476952643,24.5690046859382,0.170364520026706,0.866118634823415,0.950881573184675,0.914178130904781,0.996363625621488,"TTC14-201","TTC14","OPC"
-0.0902541314695767,0.383376170706977,24.5690046859382,-0.23541925233157,0.815834588559192,0.932284603141047,0.868377064177662,0.996363625621488,"TTC14-203","TTC14","OPC"
-1.00829319368908,0.859168538208749,23.5690046859382,-1.17356857106435,0.252291380465412,0.592678846054001,0.431350246314615,0.991555671194646,"TTC3-222","TTC3","OPC"
-0.0133266964636995,0.539778740762553,23.5690046859382,-0.0246891836549041,0.980510730873459,0.991160187996988,0.981083640030515,0.998122894849346,"TTC3-203","TTC3","OPC"
0.816463020247145,0.403354790604623,23.5690046859382,2.02418079384474,0.0544285634921793,0.371830140677025,0.192535994854104,0.991555671194646,"TTC3-204","TTC3","OPC"
-0.0862236502986031,0.50189211133926,23.5690046859382,-0.171797181805711,0.865063547574879,0.950881573184675,0.902246421812588,0.996363625621488,"TTC3-213","TTC3","OPC"
0.327328687349696,1.02831392550375,23.5690046859382,0.318315914266495,0.753048802962365,0.916816075081703,0.835819957602008,0.996363625621488,"TTC3-211","TTC3","OPC"
-1.55334844567056,0.680873208783632,19.5690046859382,-2.28140632592313,0.0338730686071047,0.3282590496856,0.146434232515033,0.991555671194646,"TTLL7-201","TTLL7","OPC"
1.55334844567056,0.680873208783632,19.5690046859382,2.28140632592313,0.0338730686071047,0.3282590496856,0.15040510040706,0.991555671194646,"TTLL7-212","TTLL7","OPC"
-0.309482187444251,0.356714889119796,24.5690046859382,-0.867589766740343,0.39401415614276,0.705220392107165,0.556747911013664,0.991555671194646,"TTYH1-202","TTYH1","OPC"
-0.87341676737077,0.367611200621894,24.5690046859382,-2.3759253414836,0.0256298639812443,0.310684912817003,0.126685238360365,0.991555671194646,"TTYH1-201","TTYH1","OPC"
0.942380442633621,0.482550743107285,24.5690046859382,1.95291470605839,0.0623108439547844,0.386991083653722,0.206697948268161,0.991555671194646,"TTYH1-203","TTYH1","OPC"
-0.770082323921969,0.569070333699147,24.5690046859382,-1.35322872818932,0.188303634849434,0.545398341528028,0.366400231319641,0.991555671194646,"TUBB2B-201","TUBB2B","OPC"
-0.66693632818007,0.56000640369045,24.5690046859382,-1.19094411025472,0.2450547425288,0.590733387627976,0.424347502665747,0.991555671194646,"TUBB2B-204","TUBB2B","OPC"
1.00350699540146,0.637834811344044,24.5690046859382,1.57330233087603,0.128439404068604,0.481668999660832,0.303708259352412,0.991555671194646,"TUBB2B-203","TUBB2B","OPC"
0.754566947791078,1.17600947740979,21.5690046859382,0.641633390109276,0.527871739220379,0.786795769528906,0.672347274603015,0.991555671194646,"TUBB3-201","TUBB3","OPC"
-0.754566947791077,1.17600947740978,21.5690046859382,-0.641633390109277,0.527871739220379,0.786795769528906,0.662061306388304,0.991555671194646,"TUBB3-216","TUBB3","OPC"
-0.320578001699446,0.638555706655756,22.5690046859382,-0.502036076661779,0.620505004436726,0.842206271646931,0.730586996792664,0.996363625621488,"TUBB4B-202","TUBB4B","OPC"
0.320578001699446,0.638555706655756,22.5690046859382,0.50203607666178,0.620505004436725,0.842206271646931,0.741245441166681,0.996363625621488,"TUBB4B-201","TUBB4B","OPC"
0.596020469896622,0.942992552373003,17.5690046859382,0.632052149719274,0.535491876777093,0.790716211005075,0.6781289224223,0.991555671194646,"TUBGCP2-207","TUBGCP2","OPC"
-0.596020469896622,0.942992552373003,17.5690046859382,-0.632052149719275,0.535491876777093,0.790716211005075,0.667808228265157,0.991555671194646,"TUBGCP2-201","TUBGCP2","OPC"
-0.611903271540779,0.754309554512991,21.5690046859382,-0.811209758486814,0.426106791690094,0.726923098776275,0.582868319880144,0.991555671194646,"TUBGCP6-207","TUBGCP6","OPC"
0.611903271540779,0.754309554512991,21.5690046859382,0.811209758486814,0.426106791690093,0.726923098776275,0.592608686676056,0.991555671194646,"TUBGCP6-201","TUBGCP6","OPC"
-0.467796839218846,0.528112397860958,23.5690046859382,-0.885790299780102,0.384679224719594,0.696162541402265,0.549024500686676,0.991555671194646,"TUT4-220","TUT4","OPC"
0.467796839218847,0.528112397860958,23.5690046859382,0.885790299780103,0.384679224719593,0.696162541402265,0.558492421458294,0.991555671194646,"TUT4-204","TUT4","OPC"
-2.02994690407033,1.1037279942857,16.5690046859382,-1.83917316094174,0.0838798408487627,0.422806315767651,0.236192694180909,0.991555671194646,"TUT7-206","TUT7","OPC"
2.02994690407033,1.1037279942857,16.5690046859382,1.83917316094174,0.0838798408487626,0.422806315767651,0.241833363155347,0.991555671194646,"TUT7-201","TUT7","OPC"
-0.898712171113286,0.569641781173585,23.5690046859382,-1.57767951862966,0.127968044137924,0.481668999660832,0.296515982630129,0.991555671194646,"TYRO3-209","TYRO3","OPC"
-0.195642400573328,0.664691626782773,23.5690046859382,-0.294335587647271,0.771078223537451,0.923745068324259,0.837362090033725,0.996363625621488,"transcript48201.chr15.nnic","TYRO3","OPC"
1.08526095510455,0.807961513354869,23.5690046859382,1.3432087261165,0.191996353480424,0.547845931703649,0.377960980693508,0.991555671194646,"TYRO3-207","TYRO3","OPC"
0.628011466212577,0.650540236753019,23.5690046859382,0.965369135884834,0.344161669136752,0.667325379293434,0.523925348868067,0.991555671194646,"TYRO3-201","TYRO3","OPC"
0.704219261362469,0.535606157198387,19.5690046859382,1.31480800192076,0.203775412214279,0.55827266668668,0.390551896259353,0.991555671194646,"U2SURP-201","U2SURP","OPC"
0.377042245261203,0.69863504867004,19.5690046859382,0.539684125465738,0.595503295067163,0.83032722682987,0.722925216921896,0.996363625621488,"U2SURP-209","U2SURP","OPC"
-0.672001660644256,0.72953770595518,19.5690046859382,-0.921133555070203,0.368197835803705,0.687830509035451,0.535237643961185,0.991555671194646,"U2SURP-208","U2SURP","OPC"
0.628865960337103,0.351389983402132,23.5690046859382,1.78965249449762,0.0863683778973925,0.423920692811424,0.245616172094426,0.991555671194646,"UBA6-203","UBA6","OPC"
-0.628865960337104,0.351389983402132,23.5690046859382,-1.78965249449762,0.0863683778973923,0.423920692811424,0.239913287251965,0.991555671194646,"UBA6-201","UBA6","OPC"
1.95190902297119,0.787130956382794,24.5690046859382,2.47977672221285,0.0203736021674176,0.297108940820524,0.115753583205645,0.991555671194646,"UBC-201","UBC","OPC"
-1.95190902297119,0.787130956382793,24.5690046859382,-2.47977672221286,0.0203736021674176,0.297108940820524,0.112514871011719,0.991555671194646,"UBC-205","UBC","OPC"
-1.04811612465358,0.900700036413009,22.5690046859382,-1.16366834937372,0.256713780851223,0.593607908516671,0.435593027183355,0.991555671194646,"UBE2G2-206","UBE2G2","OPC"
1.04811612465358,0.900700036413009,22.5690046859382,1.16366834937372,0.256713780851223,0.593607908516671,0.44396415548569,0.991555671194646,"UBE2G2-202","UBE2G2","OPC"
1.28141084816872,0.858281089423914,21.5690046859382,1.49299671629583,0.149922516697666,0.500253621657002,0.330209107853296,0.991555671194646,"UBE3A-232","UBE3A","OPC"
-1.28141084816871,0.858281089423914,21.5690046859382,-1.49299671629583,0.149922516697666,0.500253621657002,0.323234412223587,0.991555671194646,"UBE3A-221","UBE3A","OPC"
-0.762956711953451,0.694119943730674,21.5690046859382,-1.09917128710177,0.2838113551293,0.618405009587757,0.461028736536106,0.991555671194646,"transcript180958.chr11.nic","UBE4A","OPC"
0.762956711953451,0.694119943730674,21.5690046859382,1.09917128710177,0.2838113551293,0.618405009587757,0.469671495778148,0.991555671194646,"UBE4A-201","UBE4A","OPC"
-0.372704891918754,0.549314886458657,18.5690046859382,-0.678490427087316,0.505829298076899,0.78091892819218,0.645308950785465,0.991555671194646,"UBR2-202","UBR2","OPC"
0.372704891918754,0.549314886458656,18.5690046859382,0.678490427087316,0.505829298076899,0.78091892819218,0.655489986739336,0.991555671194646,"UBR2-201","UBR2","OPC"
-0.00858374369138763,0.764919592958709,20.5690046859382,-0.011221759476948,0.991154649906802,0.996741601122402,0.988333878471107,0.99818923677535,"UBR3-201","UBR3","OPC"
0.00858374369138856,0.764919592958709,20.5690046859382,0.0112217594769493,0.991154649906801,0.996741601122402,0.999615783435849,0.999989989812433,"UBR3-207","UBR3","OPC"
0.0845138536141025,1.11108845179075,21.5690046859382,0.0760640194557785,0.940069298387976,0.976215505944963,0.964790687380265,0.996363625621488,"transcript38237.chr1.nic","UBR4","OPC"
-0.0845138536141029,1.11108845179075,21.5690046859382,-0.0760640194557789,0.940069298387976,0.976215505944963,0.953523246019892,0.996363625621488,"UBR4-204","UBR4","OPC"
-2.70574720394463,1.1761235363973,23.5690046859382,-2.30056377600679,0.0305849345994261,0.315036915281045,0.138854617789982,0.991555671194646,"UFL1-201","UFL1","OPC"
2.70574720394463,1.1761235363973,23.5690046859382,2.30056377600679,0.0305849345994261,0.315036915281045,0.14266748974243,0.991555671194646,"transcript140774.chr6.nic","UFL1","OPC"
0.876828356869346,0.822126894100542,23.5690046859382,1.06653652028821,0.296984975518299,0.630144910036811,0.481841371886311,0.991555671194646,"ULK3-202","ULK3","OPC"
-0.876828356869344,0.822126894100542,23.5690046859382,-1.06653652028821,0.2969849755183,0.630144910036811,0.473075301139737,0.991555671194646,"ULK3-222","ULK3","OPC"
2.21603980783278,1.41663882916144,15.5690046859382,1.56429413214978,0.137844588940746,0.486093367766689,0.315520492250361,0.991555671194646,"UNC5C-202","UNC5C","OPC"
-2.21603980783278,1.41663882916144,15.5690046859382,-1.56429413214978,0.137844588940746,0.486093367766689,0.308751154651227,0.991555671194646,"UNC5C-201","UNC5C","OPC"
-0.0179377016928603,0.756256329914796,22.5690046859382,-0.0237190764338875,0.981285158992616,0.991212004400918,0.981611170086722,0.998122894849346,"transcript367890.chr2.nnic","UNC80","OPC"
-1.00017221585486,0.578027498755171,22.5690046859382,-1.73031943637424,0.0972263328763362,0.446863886200586,0.255634398068707,0.991555671194646,"UNC80-201","UNC80","OPC"
0.744994645091908,0.591499523829939,22.5690046859382,1.25950168187473,0.220719419747429,0.574462635564039,0.408173778236614,0.991555671194646,"UNC80-208","UNC80","OPC"
-0.252091127348868,0.746887209720607,22.5690046859382,-0.337522351525031,0.738842248967567,0.912814295327924,0.814856262199246,0.996363625621488,"UNC80-210","UNC80","OPC"
-1.31840965223335,0.681417574535489,18.5690046859382,-1.93480429842463,0.0683968745597676,0.390882138383234,0.211871240043666,0.991555671194646,"USP11-204","USP11","OPC"
1.31840965223335,0.681417574535489,18.5690046859382,1.93480429842463,0.0683968745597677,0.390882138383234,0.21709253903366,0.991555671194646,"USP11-206","USP11","OPC"
0.631876354826357,0.528723114005858,16.5690046859382,1.19509879195362,0.248874754304245,0.590733387627976,0.436341107707602,0.991555671194646,"USP15-201","USP15","OPC"
-0.631876354826358,0.528723114005858,16.5690046859382,-1.19509879195362,0.248874754304245,0.590733387627976,0.428053489843291,0.991555671194646,"USP15-203","USP15","OPC"
2.09191082296657,0.745729809212411,24.5690046859382,2.80518600319317,0.00968380198782946,0.271562278761509,0.079245336539285,0.991555671194646,"USP33-204","USP33","OPC"
-2.09191082296657,0.745729809212411,24.5690046859382,-2.80518600319318,0.00968380198782944,0.271562278761509,0.0768568379666253,0.991555671194646,"USP33-203","USP33","OPC"
1.74531802922845,0.681561203280016,19.5690046859382,2.56076493325779,0.0188391896416837,0.293981606025316,0.111202830239238,0.991555671194646,"USP47-202","USP47","OPC"
-1.74531802922845,0.681561203280016,19.5690046859382,-2.56076493325779,0.0188391896416837,0.293981606025316,0.108065281703416,0.991555671194646,"USP47-207","USP47","OPC"
-1.0965900432863,0.578251505183721,23.5690046859382,-1.8963894316849,0.0702320976039009,0.394450099904668,0.214871370917824,0.991555671194646,"USP48-201","USP48","OPC"
1.0965900432863,0.578251505183721,23.5690046859382,1.8963894316849,0.0702320976039009,0.394450099904668,0.220145620629377,0.991555671194646,"USP48-205","USP48","OPC"
-1.36609165379438,0.724505839854772,17.5690046859382,-1.88554954100606,0.0760028877704558,0.409020421580456,0.224088827247081,0.991555671194646,"USP5-202","USP5","OPC"
1.36609165379438,0.724505839854772,17.5690046859382,1.88554954100606,0.0760028877704556,0.409020421580456,0.229523583966147,0.991555671194646,"USP5-201","USP5","OPC"
0.346154683254225,0.676684308511828,21.5690046859382,0.511545308351382,0.614166655925078,0.837529202166799,0.736618157119087,0.996363625621488,"USP8-204","USP8","OPC"
-0.346154683254225,0.676684308511828,21.5690046859382,-0.511545308351382,0.614166655925078,0.837529202166799,0.725981928011671,0.996363625621488,"USP8-201","USP8","OPC"
-0.245691169766449,0.542527508941973,24.5690046859382,-0.452863985174855,0.654620595444193,0.862249452147857,0.755195125659841,0.996363625621488,"VAPA-203","VAPA","OPC"
0.245691169766448,0.542527508941973,24.5690046859382,0.452863985174854,0.654620595444194,0.862249452147857,0.765965511327309,0.996363625621488,"VAPA-202","VAPA","OPC"
1.36455796233198,0.694157716962124,24.5690046859382,1.96577510987526,0.060723487800571,0.386991083653722,0.203913472390925,0.991555671194646,"VCAN-211","VCAN","OPC"
-0.578706078584777,0.467777339140559,24.5690046859382,-1.23714004540713,0.227729637597365,0.576934456215567,0.407259787561954,0.991555671194646,"VCAN-202","VCAN","OPC"
0.510630482775474,0.381542846518914,24.5690046859382,1.33833064211351,0.193043340792292,0.547845931703649,0.379092271266669,0.991555671194646,"transcript114145.chr5.nnic","VCAN","OPC"
-0.329511536099322,0.662519555446698,24.5690046859382,-0.497361222608972,0.623356326028726,0.844317352198991,0.732655072003237,0.996363625621488,"VCAN-201","VCAN","OPC"
0.760403762975378,0.667613303771407,24.5690046859382,1.13898833153832,0.265692050659124,0.604182795826944,0.452588629172125,0.991555671194646,"VCAN-209","VCAN","OPC"
-0.214535629159588,1.1308908528067,21.5690046859382,-0.189704982251066,0.851314253358914,0.945787460282522,0.892808526014474,0.996363625621488,"VCP-201","VCP","OPC"
0.214535629159589,1.1308908528067,21.5690046859382,0.189704982251066,0.851314253358914,0.945787460282522,0.903999163890542,0.996363625621488,"VCP-216","VCP","OPC"
-0.401299224408132,0.638041711258435,18.5690046859382,-0.62895452966019,0.537040081779459,0.791139883051028,0.66897317004761,0.991555671194646,"VEZT-203","VEZT","OPC"
0.401299224408132,0.638041711258435,18.5690046859382,0.62895452966019,0.537040081779458,0.791139883051028,0.679300824625898,0.991555671194646,"VEZT-220","VEZT","OPC"
-0.620397960365318,0.370173236714571,20.5690046859382,-1.67596654439847,0.108880189553632,0.459873215521497,0.271695771952843,0.991555671194646,"VPS13C-211","VPS13C","OPC"
0.185226190109324,0.329901765647745,20.5690046859382,0.561458620100568,0.580551422639165,0.815149249675466,0.711878385073457,0.995538879570187,"VPS13C-201","VPS13C","OPC"
0.956642027397707,0.555270673073023,20.5690046859382,1.72283910134022,0.0999203161576332,0.448947962992111,0.265437793859054,0.991555671194646,"VPS13C-210","VPS13C","OPC"
0.135801541158788,0.839780174091691,16.5690046859382,0.161710820698609,0.873489121094665,0.955843630110324,0.919238896278727,0.996363625621488,"VPS45-245","VPS45","OPC"
-0.135801541158787,0.839780174091691,16.5690046859382,-0.161710820698608,0.873489121094665,0.955843630110324,0.908022836598261,0.996363625621488,"VPS45-214","VPS45","OPC"
0.626077813401838,0.756853259244115,24.5690046859382,0.827211623594137,0.416079505512295,0.721202050037303,0.584453075161281,0.991555671194646,"transcript156502.chr10.nnic","WAPL","OPC"
-0.626077813401841,0.756853259244114,24.5690046859382,-0.827211623594141,0.416079505512293,0.721202050037303,0.574775665509817,0.991555671194646,"WAPL-201","WAPL","OPC"
-3.06344089828909,1.06028939246479,11.5690046859382,-2.88924978412517,0.0140540648368166,0.285707325853169,0.092965223643917,0.991555671194646,"WARS1-202","WARS1","OPC"
3.06344089828909,1.06028939246479,11.5690046859382,2.88924978412517,0.0140540648368166,0.285707325853169,0.0957494576244396,0.991555671194646,"WARS1-204","WARS1","OPC"
-0.0637158143862622,0.517336516955111,19.5690046859382,-0.123161254421541,0.903235564298774,0.964898815448899,0.92837912302031,0.996363625621488,"transcript10960.chr13.nic","WASF3","OPC"
0.0637158143862616,0.517336516955111,19.5690046859382,0.12316125442154,0.903235564298775,0.964898815448899,0.939622728741231,0.996363625621488,"transcript10929.chr13.nic","WASF3","OPC"
-2.33370859591351,0.823933347099021,20.5690046859382,-2.83239973734556,0.0101080357021743,0.271562278761509,0.0785546537004565,0.991555671194646,"WDFY3-212","WDFY3","OPC"
-1.80921548477544,0.958601590571087,20.5690046859382,-1.88734871981341,0.0733063260788066,0.405597209684438,0.219821184557573,0.991555671194646,"WDFY3-201","WDFY3","OPC"
3.16317998031439,1.38365779277,20.5690046859382,2.2860999279178,0.0329712896865611,0.327951072225871,0.148318882438875,0.991555671194646,"WDFY3-203","WDFY3","OPC"
-0.189435407932831,0.713444068936491,20.5690046859382,-0.265522437120007,0.793250071083379,0.926908336284733,0.852757111285539,0.996363625621488,"WDR1-202","WDR1","OPC"
0.18943540793283,0.713444068936491,20.5690046859382,0.265522437120005,0.79325007108338,0.926908336284733,0.863860963903469,0.996363625621488,"WDR1-211","WDR1","OPC"
0.86508551993175,0.546059184532725,24.5690046859382,1.5842339886143,0.125929160808583,0.481668999660832,0.30049499249346,0.991555671194646,"transcript206384.chr10.nic","WDR11","OPC"
0.143633616807889,0.553004473053681,24.5690046859382,0.259733191695081,0.79723373674291,0.928324896314577,0.866627356028907,0.996363625621488,"WDR11-201","WDR11","OPC"
-0.0802924267408876,0.793073014179657,24.5690046859382,-0.101242162203616,0.92017993241454,0.970063175559392,0.939952989481312,0.996363625621488,"WDR11-205","WDR11","OPC"
-1.29053487403532,0.565015897775404,24.5690046859382,-2.28406825209069,0.0312883103382855,0.316172134475477,0.140506193947898,0.991555671194646,"transcript206367.chr10.nnic","WDR11","OPC"
-0.846606883675936,0.732505815164022,23.5690046859382,-1.15576814019745,0.259358317909251,0.595772240987476,0.438117254289749,0.991555671194646,"WDR33-204","WDR33","OPC"
0.846606883675936,0.732505815164021,23.5690046859382,1.15576814019745,0.259358317909251,0.595772240987476,0.446516032671045,0.991555671194646,"WDR33-201","WDR33","OPC"
0.887303195000889,0.793082180623514,15.5690046859382,1.11880359523814,0.280189369888137,0.612561659335977,0.4662895934186,0.991555671194646,"WDR45-206","WDR45","OPC"
-0.887303195000889,0.793082180623514,15.5690046859382,-1.11880359523814,0.280189369888137,0.612561659335977,0.457681698418819,0.991555671194646,"WDR45-214","WDR45","OPC"
-1.34048633890264,0.678745775540737,20.5690046859382,-1.97494612446717,0.0618491974099341,0.386991083653722,0.200867412322013,0.991555671194646,"WDR7-201","WDR7","OPC"
1.34048633890264,0.678745775540737,20.5690046859382,1.97494612446717,0.0618491974099339,0.386991083653722,0.205891441555714,0.991555671194646,"WDR7-202","WDR7","OPC"
-0.276157586599827,0.744403615536099,23.5690046859382,-0.370978298380437,0.713967388584901,0.898703702885745,0.797376261153782,0.996363625621488,"WDR91-212","WDR91","OPC"
-0.531554605919664,0.721450032720766,23.5690046859382,-0.736786446477853,0.468523471203709,0.751750475091715,0.616480554553821,0.991555671194646,"WDR91-208","WDR91","OPC"
0.753481989303758,0.72010958516554,23.5690046859382,1.04634350774618,0.306015300528534,0.637077714448301,0.49007091343551,0.991555671194646,"WDR91-201","WDR91","OPC"
0.546427412580113,1.08123605663623,24.5690046859382,0.505372910222834,0.617800761628744,0.83941021105553,0.739272608133545,0.996363625621488,"WSB1-209","WSB1","OPC"
-0.546427412580115,1.08123605663623,24.5690046859382,-0.505372910222836,0.617800761628742,0.83941021105553,0.728623586376876,0.996363625621488,"WSB1-204","WSB1","OPC"
-1.53308069512299,0.800464184416807,22.5690046859382,-1.91523958843949,0.0682190682011332,0.390882138383234,0.211578707347784,0.991555671194646,"WWP2-201","WWP2","OPC"
0.982364958345455,0.700777126249753,22.5690046859382,1.4018222364115,0.174572198523783,0.53458889465685,0.35875709239469,0.991555671194646,"WWP2-202","WWP2","OPC"
0.235288282723435,0.502366638955136,22.5690046859382,0.468359688877444,0.644019305919362,0.856509938882813,0.758316123550663,0.996363625621488,"WWP2-216","WWP2","OPC"
0.013072081523224,1.29082349475188,8.56900468593816,0.0101269318201686,0.992151847011324,0.996741601122402,0.99970491113857,0.999989989812433,"XIST-221","XIST","OPC"
-0.0130720815232255,1.29082349475188,8.56900468593816,-0.0101269318201698,0.992151847011323,0.996741601122402,0.989013115450812,0.99818923677535,"XIST-230","XIST","OPC"
-0.0941872150597108,0.64653792677941,18.5690046859382,-0.145679334743569,0.885744294118271,0.959372248741569,0.916415974592259,0.996363625621488,"XPNPEP1-218","XPNPEP1","OPC"
0.414681762791984,1.01976299848059,18.5690046859382,0.406645233657079,0.688917232919718,0.886806965029639,0.790530211819145,0.996363625621488,"XPNPEP1-213","XPNPEP1","OPC"
-0.120730012991776,0.591962736908929,18.5690046859382,-0.203948670185215,0.840612153439298,0.943435931908262,0.885451424290245,0.996363625621488,"XPNPEP1-201","XPNPEP1","OPC"
2.02640684499236,0.679743284939124,22.5690046859382,2.9811355108478,0.00676713070814433,0.248585873189572,0.0661182658525005,0.991555671194646,"YTHDC2-202","YTHDC2","OPC"
-2.02640684499236,0.679743284939124,22.5690046859382,-2.9811355108478,0.00676713070814432,0.248585873189572,0.0640601021392877,0.991555671194646,"YTHDC2-201","YTHDC2","OPC"
-0.462487499720131,0.464979400553284,24.5690046859382,-0.994640836066741,0.329606678707215,0.649930424405619,0.50212213028971,0.991555671194646,"YTHDF2-201","YTHDF2","OPC"
0.462487499720131,0.464979400553284,24.5690046859382,0.994640836066741,0.329606678707215,0.649930424405619,0.511171800397844,0.991555671194646,"YTHDF2-206","YTHDF2","OPC"
1.44205319460452,0.820121818818733,17.5690046859382,1.75834023862649,0.0960961572783961,0.445838079938131,0.259968879726387,0.991555671194646,"ZBED1-202","ZBED1","OPC"
-1.44205319460452,0.820121818818733,17.5690046859382,-1.75834023862648,0.0960961572783964,0.445838079938131,0.25403434445899,0.991555671194646,"ZBED1-206","ZBED1","OPC"
-0.295572575164095,0.770366787516242,17.5690046859382,-0.383677723331061,0.705820817619403,0.898129419295002,0.791627767764291,0.996363625621488,"ZBTB1-207","ZBTB1","OPC"
0.295572575164095,0.770366787516242,17.5690046859382,0.383677723331061,0.705820817619403,0.898129419295002,0.802543138422802,0.996363625621488,"ZBTB1-201","ZBTB1","OPC"
-0.416689512367338,0.831936358348957,24.5690046859382,-0.500867053333612,0.620922441013121,0.842334139135967,0.730889900752234,0.996363625621488,"ZBTB16-207","ZBTB16","OPC"
0.821125517654121,0.455578256583511,24.5690046859382,1.8023808331239,0.0837679131719971,0.422806315767651,0.24166208110579,0.991555671194646,"ZBTB16-202","ZBTB16","OPC"
-0.409743541453695,0.428118839808705,24.5690046859382,-0.957078977502554,0.347851070489442,0.670923017690448,0.517932162765712,0.991555671194646,"ZBTB16-201","ZBTB16","OPC"
1.25446068210886,1.03626465958371,24.5690046859382,1.2105601310507,0.237581456389758,0.586623224327845,0.42519730593381,0.991555671194646,"ZBTB20-210","ZBTB20","OPC"
0.33942719924436,0.591443525603439,24.5690046859382,0.573896212487994,0.571255015228639,0.808469842358132,0.704973502026737,0.991982095627542,"ZBTB20-220","ZBTB20","OPC"
-1.49236730807498,0.695857518966954,24.5690046859382,-2.14464494152553,0.0420683806622056,0.343930956059766,0.163983846108135,0.991555671194646,"ZBTB20-223","ZBTB20","OPC"
-1.46243904857968,0.62837286502051,24.5690046859382,-2.327342776859,0.0284938848665437,0.310684912817003,0.133838850320369,0.991555671194646,"ZBTB20-208","ZBTB20","OPC"
0.895208763092309,0.749557779784735,24.5690046859382,1.19431588496007,0.243757841645249,0.590733387627976,0.431316241102975,0.991555671194646,"ZBTB20-214","ZBTB20","OPC"
-0.90057736991923,0.74726461122191,24.5690046859382,-1.2051652873627,0.239619538110021,0.5885692740391,0.419037133086956,0.991555671194646,"ZBTB20-201","ZBTB20","OPC"
-2.19203102757101,0.838582087474523,20.5690046859382,-2.61397311045904,0.0163810163888845,0.293615070696374,0.100567210648713,0.991555671194646,"ZBTB37-201","ZBTB37","OPC"
2.19203102757101,0.838582087474524,20.5690046859382,2.61397311045904,0.0163810163888846,0.293615070696374,0.103531310049632,0.991555671194646,"ZBTB37-204","ZBTB37","OPC"
-0.0189824504322268,0.746095366996398,21.5690046859382,-0.0254423915117522,0.979936024545411,0.990963632116935,0.980692155056107,0.998122894849346,"ZBTB43-203","ZBTB43","OPC"
0.391423631246908,0.665153246392296,21.5690046859382,0.588471353586469,0.562328263119249,0.802474787771549,0.69831573089289,0.991982095627542,"ZBTB43-201","ZBTB43","OPC"
-0.320782020873434,0.631852069280665,21.5690046859382,-0.507685321405419,0.616826380732084,0.839399241873531,0.727915654737128,0.996363625621488,"ZBTB43-202","ZBTB43","OPC"
0.880024554656354,0.839724725339275,15.5690046859382,1.04799171454764,0.310639916691269,0.637077714448301,0.494251634625339,0.991555671194646,"ZC3H11A-213","ZC3H11A","OPC"
-0.880024554656355,0.839724725339275,15.5690046859382,-1.04799171454764,0.310639916691269,0.637077714448301,0.485363243550425,0.991555671194646,"ZC3H11A-202","ZC3H11A","OPC"
0.602740214569083,0.568261906169415,21.5690046859382,1.06067327059116,0.30057173353294,0.631685433537776,0.485120707280181,0.991555671194646,"ZC3H13-201","ZC3H13","OPC"
-1.2972683345599,0.520220524674031,21.5690046859382,-2.49368925874803,0.0208229349157634,0.297108940820524,0.113788043688932,0.991555671194646,"ZC3H13-206","ZC3H13","OPC"
1.42091456176225,0.727171125514345,21.5690046859382,1.95403050520908,0.0637863053803756,0.389290660002948,0.209257933899434,0.991555671194646,"ZC3H13-202","ZC3H13","OPC"
-0.840921769894593,0.752757737943626,19.5690046859382,-1.11712138913618,0.27747098529864,0.612270349542155,0.455159397797181,0.991555671194646,"transcript205075.chr7.nic","ZC3HAV1","OPC"
-0.40001125742034,0.755483914756423,19.5690046859382,-0.529476868543666,0.602430323723327,0.831175779008293,0.717425651866487,0.995941540383003,"ZC3HAV1-201","ZC3HAV1","OPC"
1.73613631174844,0.749043455489813,19.5690046859382,2.31780452659204,0.0314230939482535,0.316172134475477,0.144674874908002,0.991555671194646,"transcript205194.chr7.nic","ZC3HAV1","OPC"
-0.792882932490755,0.673470725476232,23.5690046859382,-1.17730868246735,0.250824850400794,0.592678846054001,0.42993721166382,0.991555671194646,"ZCCHC24-202","ZCCHC24","OPC"
0.792882932490755,0.673470725476232,23.5690046859382,1.17730868246735,0.250824850400794,0.592678846054001,0.438245824379951,0.991555671194646,"transcript143497.chr10.nic","ZCCHC24","OPC"
-1.0696635589345,0.619623918160492,20.5690046859382,-1.72631095666878,0.0992824964804755,0.448947962992111,0.258525241840677,0.991555671194646,"ZDHHC14-205","ZDHHC14","OPC"
1.0696635589345,0.619623918160492,20.5690046859382,1.72631095666878,0.0992824964804756,0.448947962992111,0.264531992897802,0.991555671194646,"ZDHHC14-203","ZDHHC14","OPC"
-2.24482625469624,0.790653425914996,17.5690046859382,-2.83920385483485,0.0110674424047487,0.285561929770051,0.082273575827253,0.991555671194646,"ZEB1-204","ZEB1","OPC"
-0.824412157371526,0.732634865807531,17.5690046859382,-1.1252701664189,0.27561276799145,0.612270349542155,0.453430069614768,0.991555671194646,"ZEB1-203","ZEB1","OPC"
2.20981374364268,1.28475662636223,17.5690046859382,1.72002517698603,0.102993113497017,0.454145607061297,0.269767278232899,0.991555671194646,"ZEB1-201","ZEB1","OPC"
1.16394163619802,1.49266081257451,17.5690046859382,0.779776374105032,0.44590080487735,0.741190686154124,0.60853285899126,0.991555671194646,"ZEB1-202","ZEB1","OPC"
0.721318057526642,0.644631520429759,24.5690046859382,1.11896181720335,0.273977480812559,0.612270349542155,0.460451804534329,0.991555671194646,"ZEB2-231","ZEB2","OPC"
-0.17726494966275,0.553086709406066,24.5690046859382,-0.320501192033897,0.751298487282696,0.916816075081703,0.823571196489292,0.996363625621488,"ZEB2-218","ZEB2","OPC"
-0.366512992952637,0.474987117823393,24.5690046859382,-0.77162722777023,0.447693795028173,0.741506551730568,0.600094464593342,0.991555671194646,"ZEB2-227","ZEB2","OPC"
0.805172367961859,0.792512367801071,17.5690046859382,1.01597451431063,0.323429449456481,0.646711918721964,0.505699836816428,0.991555671194646,"ZFAND5-204","ZFAND5","OPC"
-0.805172367961859,0.792512367801071,17.5690046859382,-1.01597451431063,0.323429449456481,0.646711918721964,0.496701636598612,0.991555671194646,"ZFAND5-205","ZFAND5","OPC"
2.78899747690604,0.806777923696166,19.5690046859382,3.45695809836807,0.00255329509546368,0.195702559375834,0.0405589929427138,0.991555671194646,"ZFHX4-204","ZFHX4","OPC"
-1.14707976408207,0.62317281053287,19.5690046859382,-1.84070894091353,0.0808791824312592,0.413436037891215,0.23164244317843,0.991555671194646,"ZFHX4-201","ZFHX4","OPC"
-0.76305976147687,0.634726538031515,19.5690046859382,-1.20218663590679,0.243637251416784,0.590733387627976,0.422966851068115,0.991555671194646,"ZFHX4-214","ZFHX4","OPC"
1.68776975546713,0.803480356938367,23.5690046859382,2.10057376125325,0.0465665607944631,0.353386667238787,0.177457818888711,0.991555671194646,"ZFP69B-202","ZFP69B","OPC"
-1.68776975546713,0.803480356938367,23.5690046859382,-2.10057376125325,0.046566560794463,0.353386667238787,0.172956858275931,0.991555671194646,"ZFP69B-203","ZFP69B","OPC"
1.37447262213022,0.978668884409307,18.5690046859382,1.404430695638,0.176696956524509,0.537538726445889,0.361138721112216,0.991555671194646,"ZFP82-203","ZFP82","OPC"
-1.37447262213023,0.978668884409307,18.5690046859382,-1.404430695638,0.176696956524509,0.537538726445889,0.353751220356035,0.991555671194646,"ZFP82-201","ZFP82","OPC"
0.0732123561339802,0.76152575367617,24.5690046859382,0.0961390416286734,0.924190047800586,0.971536613379721,0.953948779965899,0.996363625621488,"ZFYVE16-207","ZFYVE16","OPC"
0.0270063257695217,0.260751016544425,24.5690046859382,0.103571315377482,0.918350355537422,0.969400218829754,0.949958681898245,0.996363625621488,"ZFYVE16-206","ZFYVE16","OPC"
0.0693932163226464,0.408787799664589,24.5690046859382,0.169753638390343,0.866593912629932,0.950881573184675,0.914504602395568,0.996363625621488,"ZFYVE16-202","ZFYVE16","OPC"
-0.101907777843195,0.35447551758858,24.5690046859382,-0.287488903426818,0.776148958662247,0.924003739732213,0.840888637408233,0.996363625621488,"ZFYVE16-201","ZFYVE16","OPC"
-0.488846717047638,0.703608360568545,23.5690046859382,-0.694771046570041,0.493991675114418,0.772770566075181,0.636229054404832,0.991555671194646,"ZHX1-206","ZHX1","OPC"
-1.61013696396947,0.467117880839076,23.5690046859382,-3.44696067099211,0.00213925982811576,0.195702559375834,0.0358688264527695,0.991555671194646,"ZHX1-201","ZHX1","OPC"
1.8898689528336,0.462878645188904,23.5690046859382,4.08286053477868,0.000439964955796745,0.0978803803998667,0.0169780834182672,0.991555671194646,"ZHX1-202","ZHX1","OPC"
-0.486226464752623,0.628616714801898,23.5690046859382,-0.77348637620279,0.446923669694947,0.741364152275642,0.599484320379718,0.991555671194646,"ZKSCAN1-201","ZKSCAN1","OPC"
0.486226464752622,0.628616714801898,23.5690046859382,0.77348637620279,0.446923669694948,0.741364152275642,0.609349698997135,0.991555671194646,"ZKSCAN1-204","ZKSCAN1","OPC"
-0.122077959939265,0.482727543685791,24.5690046859382,-0.252892053780808,0.802455571382916,0.930363104313955,0.859130904399209,0.996363625621488,"ZMYM2-205","ZMYM2","OPC"
0.357301534912827,0.517818102584653,24.5690046859382,0.690013603482346,0.496652367323943,0.774951110956321,0.648410507641582,0.991555671194646,"transcript1872.chr13.nnic","ZMYM2","OPC"
-0.516172071005157,0.678526048767419,24.5690046859382,-0.760725504853959,0.45406053491613,0.742177536864838,0.605126610397152,0.991555671194646,"ZMYM2-210","ZMYM2","OPC"
0.00383877630716562,0.754642743481407,14.5690046859382,0.00508687897727091,0.99601027544224,0.998628570633969,0.997076568150014,0.999377514076514,"ZNF112-201","ZNF112","OPC"
-0.00383877630716528,0.754642743481407,14.5690046859382,-0.00508687897727046,0.99601027544224,0.998628570633969,0.991641270640125,0.99818923677535,"ZNF112-202","ZNF112","OPC"
0.724940888151936,0.625760350477919,20.5690046859382,1.15849604021455,0.259935931697145,0.595772240987476,0.447072109266945,0.991555671194646,"ZNF117-201","ZNF117","OPC"
-0.724940888151935,0.625760350477919,20.5690046859382,-1.15849604021455,0.259935931697145,0.595772240987476,0.438667325945995,0.991555671194646,"ZNF117-203","ZNF117","OPC"
1.83842838301688,0.725762900717274,17.5690046859382,2.5330977667775,0.0210799484107264,0.297108940820524,0.117794210215128,0.991555671194646,"ZNF160-213","ZNF160","OPC"
-1.83842838301688,0.725762900717274,17.5690046859382,-2.5330977667775,0.0210799484107264,0.297108940820524,0.114510538543156,0.991555671194646,"ZNF160-202","ZNF160","OPC"
0.655475214155795,0.633545279384795,16.5690046859382,1.03461462895327,0.315714345784202,0.64027360709232,0.498813522245737,0.991555671194646,"ZNF181-202","ZNF181","OPC"
-0.655475214155795,0.633545279384795,16.5690046859382,-1.03461462895327,0.315714345784202,0.64027360709232,0.489881028077444,0.991555671194646,"ZNF181-204","ZNF181","OPC"
1.02545353344632,0.517481198928179,21.5690046859382,1.9816247151979,0.0604091791804718,0.386991083653722,0.203358290126508,0.991555671194646,"ZNF207-203","ZNF207","OPC"
-1.02545353344632,0.51748119892818,21.5690046859382,-1.9816247151979,0.0604091791804715,0.386991083653722,0.198379541147486,0.991555671194646,"ZNF207-201","ZNF207","OPC"
-0.328254035716827,0.470029916828934,22.5690046859382,-0.698368388828096,0.492080744055959,0.771840876937534,0.634757582728533,0.991555671194646,"ZNF226-202","ZNF226","OPC"
-0.842653414409783,0.548729372850436,22.5690046859382,-1.53564481163552,0.138527018848991,0.486524812830823,0.30958299142434,0.991555671194646,"ZNF226-204","ZNF226","OPC"
1.08754408074,0.582881483199084,22.5690046859382,1.86580653544032,0.0751194566971401,0.408994454529691,0.228108808837935,0.991555671194646,"ZNF226-213","ZNF226","OPC"
0.681312722911823,0.812708306866545,15.5690046859382,0.8383238083768,0.414534651694117,0.721146396738897,0.583191037460516,0.991555671194646,"ZNF23-211","ZNF23","OPC"
-0.681312722911823,0.812708306866545,15.5690046859382,-0.8383238083768,0.414534651694117,0.721146396738897,0.573523491231819,0.991555671194646,"ZNF23-207","ZNF23","OPC"
1.69637591470446,1.11356759844978,21.5690046859382,1.52337039715058,0.14219436784958,0.489461701700157,0.320869617414325,0.991555671194646,"ZNF253-201","ZNF253","OPC"
-1.69637591470446,1.11356759844978,21.5690046859382,-1.52337039715059,0.14219436784958,0.489461701700157,0.314024782448574,0.991555671194646,"ZNF253-203","ZNF253","OPC"
-0.0608734237668459,0.385000602456277,24.5690046859382,-0.15811254158689,0.875660497876518,0.955843630110324,0.909510671061446,0.996363625621488,"ZNF254-202","ZNF254","OPC"
-0.241465910259036,0.615353866528273,24.5690046859382,-0.392401711264688,0.69814498674246,0.894611993702992,0.786200049094013,0.996363625621488,"ZNF254-208","ZNF254","OPC"
0.806655915509693,0.571019815036209,24.5690046859382,1.41265836012808,0.17029923065085,0.529206140938552,0.3539318782104,0.991555671194646,"ZNF254-207","ZNF254","OPC"
-0.727789504762798,0.45036153904133,24.5690046859382,-1.61601167433618,0.118861656788826,0.476137546941863,0.284883261017729,0.991555671194646,"ZNF254-206","ZNF254","OPC"
1.70523060930149,0.847054698160777,24.5690046859382,2.01312927371052,0.0551812428228684,0.374485205198946,0.193926355011454,0.991555671194646,"ZNF280D-204","ZNF280D","OPC"
0.736597292835257,0.670791260771648,24.5690046859382,1.09810210107375,0.282805307320216,0.617245084486166,0.468733728422075,0.991555671194646,"transcript72383.chr15.nic","ZNF280D","OPC"
0.256267162403139,0.289722956263373,24.5690046859382,0.884524877518434,0.384987548627511,0.696237024096665,0.558750631298715,0.991555671194646,"ZNF280D-201","ZNF280D","OPC"
-0.229394578023868,0.272120330451811,24.5690046859382,-0.842989487933502,0.407366582179027,0.7178270864627,0.567694135404814,0.991555671194646,"ZNF280D-202","ZNF280D","OPC"
-0.866824321178331,0.405171581294525,24.5690046859382,-2.1394005927287,0.0425324355048268,0.34422213330925,0.164928923029367,0.991555671194646,"ZNF280D-206","ZNF280D","OPC"
-0.406488649650952,0.563628604577138,20.5690046859382,-0.721199467787693,0.478904819948655,0.758678395614708,0.624566906503673,0.991555671194646,"ZNF281-203","ZNF281","OPC"
0.406488649650951,0.563628604577138,20.5690046859382,0.721199467787693,0.478904819948655,0.758678395614708,0.634610301688414,0.991555671194646,"ZNF281-201","ZNF281","OPC"
-0.585894964172475,0.827647491996729,18.5690046859382,-0.707903992748147,0.487796150605922,0.768226837037538,0.631452406841062,0.991555671194646,"ZNF3-203","ZNF3","OPC"
0.213609192327826,0.737077299423081,18.5690046859382,0.289805685909769,0.775176150278703,0.923745068324259,0.85128306712785,0.996363625621488,"ZNF3-202","ZNF3","OPC"
0.164783936128626,0.813795575684467,18.5690046859382,0.202488119931139,0.84173720435902,0.943435931908262,0.897403662234847,0.996363625621488,"ZNF3-206","ZNF3","OPC"
1.54372911516335,0.97752824762358,14.5690046859382,1.57921688597362,0.135747931779297,0.486093367766689,0.312917116706831,0.991555671194646,"ZNF302-210","ZNF302","OPC"
-1.54372911516335,0.97752824762358,14.5690046859382,-1.57921688597361,0.135747931779297,0.486093367766689,0.306184821786643,0.991555671194646,"ZNF302-201","ZNF302","OPC"
-0.875765781764172,1.04977873456927,20.5690046859382,-0.834238447517706,0.413730755829136,0.720710126798615,0.572871318696091,0.991555671194646,"ZNF331-202","ZNF331","OPC"
0.875765781764172,1.04977873456927,20.5690046859382,0.834238447517706,0.413730755829136,0.720710126798615,0.58253371474405,0.991555671194646,"ZNF331-201","ZNF331","OPC"
0.986950808313938,1.17123450232644,16.5690046859382,0.842658584897851,0.411418787115912,0.720490962816574,0.580640994941353,0.991555671194646,"ZNF334-207","ZNF334","OPC"
-0.986950808313938,1.17123450232644,16.5690046859382,-0.842658584897851,0.411418787115912,0.720490962816574,0.570993477887023,0.991555671194646,"ZNF334-202","ZNF334","OPC"
1.05050371031041,0.859799353206751,13.5690046859382,1.22180100088748,0.242585025988353,0.590733387627976,0.430158910592991,0.991555671194646,"ZNF337-201","ZNF337","OPC"
-1.05050371031041,0.859799353206751,13.5690046859382,-1.22180100088748,0.242585025988352,0.590733387627976,0.421940030606494,0.991555671194646,"ZNF337-202","ZNF337","OPC"
1.13803470283394,0.850471977898058,17.5690046859382,1.33812134016055,0.197919353987449,0.553409695806109,0.384329211669627,0.991555671194646,"ZNF37A-207","ZNF37A","OPC"
-1.13803470283394,0.850471977898058,17.5690046859382,-1.33812134016055,0.197919353987449,0.553409695806109,0.376648937514273,0.991555671194646,"ZNF37A-202","ZNF37A","OPC"
-0.189688278793544,0.75578122039436,19.5690046859382,-0.250983053924741,0.804443727851278,0.930897138001968,0.860506178196762,0.996363625621488,"ZNF426-204","ZNF426","OPC"
0.189688278793544,0.75578122039436,19.5690046859382,0.25098305392474,0.804443727851279,0.930897138001968,0.871629075605378,0.996363625621488,"ZNF426-201","ZNF426","OPC"
-0.710922088390834,0.670479574172858,19.5690046859382,-1.06031878639684,0.301911827612845,0.633480050530657,0.477531484929107,0.991555671194646,"ZNF43-202","ZNF43","OPC"
0.710922088390834,0.670479574172858,19.5690046859382,1.06031878639684,0.301911827612846,0.633480050530657,0.486342316195368,0.991555671194646,"ZNF43-201","ZNF43","OPC"
0.393728694482888,0.795346087442411,22.5690046859382,0.495040713344047,0.625356631019049,0.84526938819276,0.74477975836958,0.996363625621488,"ZNF439-206","ZNF439","OPC"
-0.393728694482888,0.795346087442411,22.5690046859382,-0.495040713344048,0.625356631019048,0.84526938819276,0.734104614670456,0.996363625621488,"ZNF439-204","ZNF439","OPC"
-0.0816551777938298,0.814853393531826,16.5690046859382,-0.10020842821788,0.921381377130325,0.970541579952153,0.940773145341924,0.996363625621488,"ZNF44-202","ZNF44","OPC"
0.0816551777938297,0.814853393531826,16.5690046859382,0.10020842821788,0.921381377130325,0.970541579952153,0.95202990560309,0.996363625621488,"ZNF44-209","ZNF44","OPC"
0.29782819649286,0.626430998826999,24.5690046859382,0.475436555742847,0.638675656740013,0.852221588051446,0.754449630350128,0.996363625621488,"ZNF451-207","ZNF451","OPC"
-0.738390464453869,0.474626074290697,24.5690046859382,-1.55573093104367,0.132560754114674,0.482517763098922,0.302252209036195,0.991555671194646,"ZNF451-204","ZNF451","OPC"
-0.0289936675351838,0.960039519757788,24.5690046859382,-0.030200493769776,0.976151147185699,0.990299793344194,0.978113863256941,0.998122894849346,"ZNF451-203","ZNF451","OPC"
0.476127352412628,1.33402680038429,24.5690046859382,0.35690988537522,0.724206520396159,0.903903918493626,0.815545365041766,0.996363625621488,"ZNF451-201","ZNF451","OPC"
-0.126571541689462,0.538464715007684,21.5690046859382,-0.235060047876408,0.816379403513386,0.932284603141047,0.868753167058351,0.996363625621488,"ZNF454-202","ZNF454","OPC"
0.126571541689463,0.538464715007683,21.5690046859382,0.235060047876409,0.816379403513386,0.932284603141047,0.879895143055556,0.996363625621488,"ZNF454-201","ZNF454","OPC"
0.533719443633477,1.36835778633927,24.5690046859382,0.390043780188017,0.699865160014981,0.895360140892999,0.79831726715971,0.996363625621488,"ZNF462-201","ZNF462","OPC"
-0.533719443633478,1.36835778633927,24.5690046859382,-0.390043780188019,0.699865160014979,0.895360140892999,0.787417396004572,0.996363625621488,"ZNF462-204","ZNF462","OPC"
0.0759859075224216,0.981350462169995,15.5690046859382,0.077429940119862,0.939267876267783,0.976215505944963,0.964243752256721,0.996363625621488,"transcript148106.chr19.nic","ZNF471","OPC"
-0.0759859075224202,0.981350462169995,15.5690046859382,-0.0774299401198605,0.939267876267784,0.976215505944963,0.952976709475102,0.996363625621488,"ZNF471-201","ZNF471","OPC"
0.592138979640985,1.22964186443126,18.5690046859382,0.481554017286866,0.635749076327844,0.851380880335915,0.752328914550431,0.996363625621488,"ZNF480-205","ZNF480","OPC"
-0.592138979640985,1.22964186443126,18.5690046859382,-0.481554017286866,0.635749076327844,0.851380880335915,0.741618879449418,0.996363625621488,"ZNF480-203","ZNF480","OPC"
-1.06086264792072,0.458521079858245,23.5690046859382,-2.31366167123373,0.0297373332062074,0.313746924434723,0.136841075263952,0.991555671194646,"ZNF484-201","ZNF484","OPC"
1.06086264792072,0.458521079858244,23.5690046859382,2.31366167123373,0.0297373332062073,0.313746924434723,0.140611457936736,0.991555671194646,"ZNF484-202","ZNF484","OPC"
-0.53289271637993,0.832355152223858,16.5690046859382,-0.640222764232511,0.530782416580781,0.789058173194248,0.664259074369789,0.991555671194646,"ZNF502-203","ZNF502","OPC"
0.53289271637993,0.832355152223857,16.5690046859382,0.64022276423251,0.530782416580782,0.789058173194248,0.67455839904599,0.991555671194646,"ZNF502-204","ZNF502","OPC"
-0.123167259518522,0.53374350846521,22.5690046859382,-0.230761138196681,0.819579418423307,0.93308167951557,0.870961604226984,0.996363625621488,"ZNF507-205","ZNF507","OPC"
-0.119426035673675,0.631026403754667,22.5690046859382,-0.189256796487562,0.851583248675564,0.945787460282522,0.892993318495781,0.996363625621488,"ZNF507-201","ZNF507","OPC"
0.476203956193129,0.655024422806198,22.5690046859382,0.72700183323397,0.474698956737831,0.756860867581084,0.631317946797257,0.991555671194646,"ZNF507-202","ZNF507","OPC"
-1.51412773262973,0.712106871519157,16.5690046859382,-2.12626474085217,0.048829998935709,0.357234058070059,0.177324251379684,0.991555671194646,"ZNF512-201","ZNF512","OPC"
1.51412773262973,0.712106871519158,16.5690046859382,2.12626474085217,0.048829998935709,0.357234058070059,0.181909308846943,0.991555671194646,"ZNF512-208","ZNF512","OPC"
-0.675695729226134,0.902499467295973,15.5690046859382,-0.74869377070174,0.465203212525429,0.749270439951339,0.613883291388661,0.991555671194646,"ZNF514-206","ZNF514","OPC"
0.675695729226134,0.902499467295973,15.5690046859382,0.74869377070174,0.465203212525429,0.749270439951339,0.623852423212235,0.991555671194646,"ZNF514-201","ZNF514","OPC"
-0.64062914627542,0.483275226147425,20.5690046859382,-1.32559897883115,0.199507914237794,0.554739104336141,0.378323184913356,0.991555671194646,"ZNF518A-205","ZNF518A","OPC"
0.640629146275419,0.483275226147425,20.5690046859382,1.32559897883115,0.199507914237794,0.554739104336141,0.386024314020975,0.991555671194646,"transcript172656.chr10.nnic","ZNF518A","OPC"
0.894602691624976,0.588508900335725,22.5690046859382,1.52011752263158,0.142368369105418,0.489461701700157,0.321082172808934,0.991555671194646,"ZNF528-AS1-205","ZNF528-AS1","OPC"
-0.894602691624977,0.588508900335725,22.5690046859382,-1.52011752263158,0.142368369105418,0.489461701700157,0.314234354806865,0.991555671194646,"ZNF528-AS1-201","ZNF528-AS1","OPC"
2.8017210362771,2.07840881024876,8.56900468593816,1.34801249035399,0.212204716322454,0.56314204759299,0.399387042014713,0.991555671194646,"ZNF532-224","ZNF532","OPC"
-2.8017210362771,2.07840881024876,8.56900468593816,-1.34801249035399,0.212204716322454,0.56314204759299,0.391524059355121,0.991555671194646,"ZNF532-201","ZNF532","OPC"
-0.0401016075171002,0.665063527034547,23.5690046859382,-0.0602974090248331,0.952427145160883,0.981813742203031,0.961948492526324,0.996363625621488,"ZNF555-201","ZNF555","OPC"
0.0401016075170996,0.665063527034547,23.5690046859382,0.0602974090248323,0.952427145160884,0.981813742203031,0.973221406982144,0.998122894849346,"ZNF555-203","ZNF555","OPC"
0.0602688361909492,0.884998073867024,14.5690046859382,0.0681005280922283,0.946631448599765,0.977523288373628,0.969268156591467,0.996363625621488,"ZNF566-205","ZNF566","OPC"
1.36652185384759,0.929408690021201,14.5690046859382,1.47031318785756,0.162742097196416,0.521014625668132,0.345276351199786,0.991555671194646,"ZNF566-201","ZNF566","OPC"
-1.95445091662423,1.29208455769974,14.5690046859382,-1.51263391004663,0.151759759018346,0.504928412593197,0.325395191298839,0.991555671194646,"ZNF566-209","ZNF566","OPC"
1.94277239938314,1.00794197104049,13.5690046859382,1.92746453188931,0.0751200998158323,0.408994454529691,0.228109841416688,0.991555671194646,"ZNF577-204","ZNF577","OPC"
-1.94277239938314,1.00794197104049,13.5690046859382,-1.92746453188931,0.0751200998158324,0.408994454529691,0.222699077225709,0.991555671194646,"ZNF577-214","ZNF577","OPC"
0.0115979492704995,0.324553154087309,24.5690046859382,0.0357351303613568,0.971782317943768,0.988408457829846,0.986416557843263,0.998122894849346,"ZNF638-204","ZNF638","OPC"
-0.653351899316915,0.53171271524002,24.5690046859382,-1.22876861995295,0.230798613459088,0.577772513616122,0.410321491921847,0.991555671194646,"ZNF638-219","ZNF638","OPC"
0.374275086521573,0.290201160440194,24.5690046859382,1.28970913125864,0.20916046493009,0.559524776296747,0.396212343930666,0.991555671194646,"ZNF638-201","ZNF638","OPC"
-0.394359662755867,0.571261180433713,24.5690046859382,-0.690331631595307,0.496455862899181,0.774951110956321,0.63812417447162,0.991555671194646,"ZNF638-203","ZNF638","OPC"
-0.29448454091374,0.458987016455771,21.5690046859382,-0.641596669090349,0.527895136575157,0.786795769528906,0.66207898602348,0.991555671194646,"ZNF644-201","ZNF644","OPC"
0.29448454091374,0.458987016455772,21.5690046859382,0.641596669090349,0.527895136575157,0.786795769528906,0.67236506206025,0.991555671194646,"ZNF644-204","ZNF644","OPC"
0.140597713048097,0.772022476527694,17.5690046859382,0.182116087708301,0.857576415652842,0.947549614909744,0.908307157766581,0.996363625621488,"ZNF664-201","ZNF664","OPC"
-0.732939485606037,0.751639042633928,17.5690046859382,-0.975121626249798,0.34273605083346,0.665551526432189,0.513528729466763,0.991555671194646,"ZNF664-202","ZNF664","OPC"
0.90229143651761,0.911068898673533,17.5690046859382,0.990365753711161,0.335439966025597,0.655289768712672,0.516306189175642,0.991555671194646,"ZNF664-204","ZNF664","OPC"
0.772953173828148,0.997710633057019,13.5690046859382,0.774726807771701,0.451790830108997,0.741506551730568,0.613228661222218,0.991555671194646,"ZNF667-201","ZNF667","OPC"
-0.772953173828148,0.997710633057019,13.5690046859382,-0.774726807771702,0.451790830108996,0.741506551730568,0.603335121033549,0.991555671194646,"ZNF667-202","ZNF667","OPC"
2.08823429277454,0.963861129394955,16.5690046859382,2.166530249109,0.045161976360602,0.353291974140318,0.174646025218498,0.991555671194646,"ZNF682-212","ZNF682","OPC"
-2.08823429277454,0.963861129394955,16.5690046859382,-2.166530249109,0.045161976360602,0.353291974140318,0.170198624379556,0.991555671194646,"ZNF682-203","ZNF682","OPC"
0.0511803156644424,0.708574021337841,23.5690046859382,0.0722300199036512,0.943028315243211,0.976215505944963,0.96680987245629,0.996363625621488,"ZNF71-203","ZNF71","OPC"
-0.0511803156644426,0.708574021337841,23.5690046859382,-0.0722300199036515,0.943028315243211,0.976215505944963,0.955541005539869,0.996363625621488,"ZNF71-201","ZNF71","OPC"
-0.38578818001396,0.651047499998585,15.5690046859382,-0.592565335117328,0.561980650677044,0.802474787771549,0.687620442289834,0.991555671194646,"ZNF711-202","ZNF711","OPC"
0.38578818001396,0.651047499998585,15.5690046859382,0.592565335117328,0.561980650677044,0.802474787771549,0.698055916724705,0.991982095627542,"ZNF711-203","ZNF711","OPC"
-0.717691962563237,1.05636032248228,18.5690046859382,-0.679400718948599,0.505265561443064,0.78091892819218,0.644877902686373,0.991555671194646,"transcript45115.chr6.nic","ZNF76","OPC"
0.717691962563237,1.05636032248228,18.5690046859382,0.679400718948599,0.505265561443063,0.78091892819218,0.655056165493477,0.991555671194646,"ZNF76-203","ZNF76","OPC"
0.321583616727211,1.32890764402606,14.5690046859382,0.241990945099045,0.812160359968148,0.932284603141047,0.876975172567173,0.996363625621488,"ZNF772-204","ZNF772","OPC"
-0.321583616727209,1.32890764402606,14.5690046859382,-0.241990945099044,0.812160359968149,0.932284603141047,0.865839796346352,0.996363625621488,"ZNF772-202","ZNF772","OPC"
-1.54201613317919,0.614416426751083,19.5690046859382,-2.5097247828042,0.0210065354917333,0.297108940820524,0.114304586454979,0.991555671194646,"ZNF786-201","ZNF786","OPC"
1.54201613317919,0.614416426751083,19.5690046859382,2.5097247828042,0.0210065354917334,0.297108940820524,0.117583629989298,0.991555671194646,"ZNF786-202","ZNF786","OPC"
-1.74296930505859,0.790488216392725,20.5690046859382,-2.20492762436406,0.0389906128892202,0.334756847706186,0.15759243236136,0.991555671194646,"ZNF790-201","ZNF790","OPC"
1.74296930505859,0.790488216392725,20.5690046859382,2.20492762436406,0.0389906128892202,0.334756847706186,0.161790494468386,0.991555671194646,"ZNF790-207","ZNF790","OPC"
-1.76890013398753,1.29210169210166,21.5690046859382,-1.36900999727841,0.185085138653945,0.545398341528028,0.362924293903817,0.991555671194646,"ZNF800-203","ZNF800","OPC"
1.76890013398753,1.29210169210166,21.5690046859382,1.36900999727841,0.185085138653945,0.545398341528028,0.370430787706783,0.991555671194646,"ZNF800-201","ZNF800","OPC"
0.198789227361576,0.864993899263023,18.5690046859382,0.229815756539954,0.820747512509403,0.93359581737211,0.882916121495671,0.996363625621488,"ZNF808-201","ZNF808","OPC"
-0.198789227361576,0.864993899263023,18.5690046859382,-0.229815756539954,0.820747512509402,0.93359581737211,0.871767477922329,0.996363625621488,"ZNF808-206","ZNF808","OPC"
-1.21446190665452,0.523933761386405,24.5690046859382,-2.31796840776375,0.0290791309667263,0.310684912817003,0.135259231484622,0.991555671194646,"ZNF91-201","ZNF91","OPC"
1.21446190665452,0.523933761386406,24.5690046859382,2.31796840776375,0.0290791309667263,0.310684912817003,0.138996078983089,0.991555671194646,"ZNF91-202","ZNF91","OPC"
0.563241627338254,0.839436109274395,16.5690046859382,0.670976172117635,0.51148175414367,0.784722774393254,0.65983222149793,0.991555671194646,"ZNF92-203","ZNF92","OPC"
-0.563241627338254,0.839436109274395,16.5690046859382,-0.670976172117635,0.51148175414367,0.784722774393254,0.649623629910146,0.991555671194646,"ZNF92-201","ZNF92","OPC"
-0.494696233865797,0.729472570443142,22.5690046859382,-0.678156045765063,0.504567060268785,0.78084952597519,0.644343624149619,0.991555671194646,"ZRANB2-204","ZRANB2","OPC"
1.9584288645214,0.634324070556831,22.5690046859382,3.08742637308753,0.00527571800391428,0.248585873189572,0.0583300059593891,0.991555671194646,"ZRANB2-201","ZRANB2","OPC"
-1.21001511878188,0.613422715161891,22.5690046859382,-1.97256327304825,0.0609191163394401,0.386991083653722,0.19926350881529,0.991555671194646,"ZRANB2-202","ZRANB2","OPC"
1.32702982311865,0.566298947916753,23.5690046859382,2.34333796310306,0.0278958530393634,0.310684912817003,0.136048824528512,0.991555671194646,"ZSCAN18-209","ZSCAN18","OPC"
-1.32702982311865,0.566298947916753,23.5690046859382,-2.34333796310306,0.0278958530393635,0.310684912817003,0.132373511333584,0.991555671194646,"ZSCAN18-217","ZSCAN18","OPC"
1.77723136866224,0.853528492619578,17.5690046859382,2.08221680240306,0.052229416621704,0.363791647547492,0.188423375717606,0.991555671194646,"transcript85509.chr5.nnic","ZSWIM6","OPC"
-1.77723136866224,0.853528492619578,17.5690046859382,-2.08221680240306,0.0522294166217042,0.363791647547492,0.183716765318754,0.991555671194646,"ZSWIM6-201","ZSWIM6","OPC"
